"ANHO","MES","UBIGEO","DEPARTAMENTO","PROVINCIA","DISTRITO","SECTOR","CATEGORIA","CO_IPRESS","RAZON_SOC","CA_CONSULTORIOS","CA_CONSULTORIOS_FN","CA_CAMAS","CA_MEDICOS_TOTAL","CA_MEDICOS_SERUM","CA_MEDICOS_RESIDENTES","CA_ENFERMERAS","CA_ODONTOLOGOS","CA_PSICOLOGOS","CA_NUTRICIONISTAS","CA_TECNOLOGOS_MEDICOS","CA_OBSTETRICES","CA_FARMACEUTICOS","CA_AUXILIARES","CA_OTROS_PROF","CA_AMBULANCIAS"
"2016","12","070102","CALLAO","CALLAO","BELLAVISTA","GOBIERNO REGIONAL","I-4","00006249","C.S. BELLAVISTA PERU COREA","22","33","10","14","1","0","9","3","3","3","1","10","1","2","0","1"
"2016","09","070101","CALLAO","CALLAO","CALLAO","GOBIERNO REGIONAL","I-2","00020823","CENTRO REGIONAL DE APOYO EMOCIONAL","8","7","0","1","0","0","0","0","6","0","1","1","0","2","1","0"
"2016","11","070101","CALLAO","CALLAO","CALLAO","GOBIERNO REGIONAL","I-2","00020823","CENTRO REGIONAL DE APOYO EMOCIONAL","8","7","0","1","0","0","1","0","6","0","1","1","0","2","1","0"
"2016","10","070101","CALLAO","CALLAO","CALLAO","GOBIERNO REGIONAL","I-2","00020823","CENTRO REGIONAL DE APOYO EMOCIONAL","8","7","0","1","0","0","0","0","6","0","1","1","0","2","1","0"
"2016","10","200101","PIURA","PIURA","PIURA","PRIVADO","II-1","00018310","SANNA - CLINICA BELEN","9","37","45","21","0","13","44","0","1","1","5","6","2","67","3","1"
"2016","01","200101","PIURA","PIURA","PIURA","PRIVADO","II-1","00018310","SANNA - CLINICA BELEN","9","37","45","19","0","13","34","0","1","1","0","6","2","60","1","1"
"2016","07","200101","PIURA","PIURA","PIURA","PRIVADO","II-1","00018310","SANNA - CLINICA BELEN","9","37","45","21","0","13","40","0","1","1","4","6","2","64","3","1"
"2016","03","200101","PIURA","PIURA","PIURA","PRIVADO","II-1","00018310","SANNA - CLINICA BELEN","9","37","45","20","0","13","37","0","1","1","0","6","2","60","1","1"
"2016","05","200101","PIURA","PIURA","PIURA","PRIVADO","II-1","00018310","SANNA - CLINICA BELEN","9","37","45","20","0","13","40","0","1","1","0","6","2","61","6","1"
"2016","12","200101","PIURA","PIURA","PIURA","PRIVADO","II-1","00018310","SANNA - CLINICA BELEN","9","37","44","21","0","13","44","0","1","1","5","6","2","67","3","1"
"2016","04","200101","PIURA","PIURA","PIURA","PRIVADO","II-1","00018310","SANNA - CLINICA BELEN","9","37","45","20","0","13","40","0","1","1","0","6","2","60","1","1"
"2016","02","200101","PIURA","PIURA","PIURA","PRIVADO","II-1","00018310","SANNA - CLINICA BELEN","9","37","45","20","0","13","36","0","1","1","0","6","2","60","1","1"
"2016","08","200101","PIURA","PIURA","PIURA","PRIVADO","II-1","00018310","SANNA - CLINICA BELEN","9","37","45","21","0","13","41","0","1","1","4","6","2","65","3","1"
"2016","09","200101","PIURA","PIURA","PIURA","PRIVADO","II-1","00018310","SANNA - CLINICA BELEN","9","37","45","21","0","13","41","0","1","1","5","6","2","67","3","1"
"2016","06","200101","PIURA","PIURA","PIURA","PRIVADO","II-1","00018310","SANNA - CLINICA BELEN","9","37","45","21","0","13","41","0","1","1","2","6","2","60","6","1"
"2016","11","200101","PIURA","PIURA","PIURA","PRIVADO","II-1","00018310","SANNA - CLINICA BELEN","9","37","45","68","0","0","35","0","1","1","0","5","2","42","1","1"
"2016","12","150117","LIMA","LIMA","LOS OLIVOS","PRIVADO","II-E","00018307","CLINICA MARIA SRL","2","5","15","6","0","0","4","0","1","1","2","0","1","8","0","0"
"2016","10","150117","LIMA","LIMA","LOS OLIVOS","PRIVADO","II-E","00018307","CLINICA MARIA SRL","2","5","15","6","0","0","4","0","1","1","2","0","1","8","0","0"
"2016","11","150117","LIMA","LIMA","LOS OLIVOS","PRIVADO","II-E","00018307","CLINICA MARIA SRL","2","5","15","6","0","0","4","0","1","1","2","0","1","8","0","0"
"2016","09","150117","LIMA","LIMA","LOS OLIVOS","PRIVADO","II-E","00018307","CLINICA MARIA SRL","2","5","15","6","0","0","4","0","1","1","2","0","1","8","0","0"
"2016","08","150117","LIMA","LIMA","LOS OLIVOS","PRIVADO","II-E","00018307","CLINICA MARIA SRL","2","5","15","6","0","0","4","0","1","1","2","0","1","8","0","0"
"2016","07","150117","LIMA","LIMA","LOS OLIVOS","PRIVADO","II-E","00018307","CLINICA MARIA SRL","2","5","15","6","0","0","4","0","1","1","2","0","1","8","0","0"
"2016","12","220101","SAN MARTIN","MOYOBAMBA","MOYOBAMBA","SANIDAD DE LA POLICIA NACIONAL DEL PERU","0","00018077","POLICLINICO PNP MOYOBAMBA","4","4","0","3","3","0","2","1","1","0","0","0","1","13","0","1"
"2016","11","220101","SAN MARTIN","MOYOBAMBA","MOYOBAMBA","SANIDAD DE LA POLICIA NACIONAL DEL PERU","0","00018077","POLICLINICO PNP MOYOBAMBA","4","4","0","4","3","0","2","1","1","0","0","0","1","12","0","1"
"2016","09","220101","SAN MARTIN","MOYOBAMBA","MOYOBAMBA","SANIDAD DE LA POLICIA NACIONAL DEL PERU","0","00018077","POLICLINICO PNP MOYOBAMBA","4","4","0","5","4","0","2","1","1","0","0","0","1","12","0","1"
"2016","10","220101","SAN MARTIN","MOYOBAMBA","MOYOBAMBA","SANIDAD DE LA POLICIA NACIONAL DEL PERU","0","00018077","POLICLINICO PNP MOYOBAMBA","4","4","0","3","2","0","1","1","1","0","0","0","1","13","0","1"
"2016","08","220101","SAN MARTIN","MOYOBAMBA","MOYOBAMBA","SANIDAD DE LA POLICIA NACIONAL DEL PERU","0","00018077","POLICLINICO PNP MOYOBAMBA","4","4","0","6","4","0","2","1","1","0","0","0","1","13","0","1"
"2016","12","010701","AMAZONAS","UTCUBAMBA","BAGUA GRANDE","SANIDAD DE LA POLICIA NACIONAL DEL PERU","I-3","00018106","POLICLINICO PNP BAGUA GRANDE","3","3","2","3","3","0","1","1","2","0","0","0","0","9","1","1"
"2016","11","010701","AMAZONAS","UTCUBAMBA","BAGUA GRANDE","SANIDAD DE LA POLICIA NACIONAL DEL PERU","I-3","00018106","POLICLINICO PNP BAGUA GRANDE","3","3","2","3","3","0","2","1","2","0","0","0","0","9","1","1"
"2016","09","010701","AMAZONAS","UTCUBAMBA","BAGUA GRANDE","SANIDAD DE LA POLICIA NACIONAL DEL PERU","I-3","00018106","POLICLINICO PNP BAGUA GRANDE","4","6","2","4","4","0","2","1","2","0","0","0","0","10","1","1"
"2016","10","010701","AMAZONAS","UTCUBAMBA","BAGUA GRANDE","SANIDAD DE LA POLICIA NACIONAL DEL PERU","I-3","00018106","POLICLINICO PNP BAGUA GRANDE","3","6","2","4","4","0","2","1","2","0","0","0","0","11","1","1"
"2016","08","010701","AMAZONAS","UTCUBAMBA","BAGUA GRANDE","SANIDAD DE LA POLICIA NACIONAL DEL PERU","I-3","00018106","POLICLINICO PNP BAGUA GRANDE","4","6","2","4","4","0","1","1","2","0","0","0","0","11","1","1"
"2016","07","070102","CALLAO","CALLAO","BELLAVISTA","GOBIERNO REGIONAL","II-E","00017883","HOSPITAL DE REHABILITACION DEL CALLAO","9","5","0","11","0","0","0","0","2","0","46","0","1","21","2","0"
"2016","06","070102","CALLAO","CALLAO","BELLAVISTA","GOBIERNO REGIONAL","II-E","00017883","HOSPITAL DE REHABILITACION DEL CALLAO","9","5","0","11","0","0","0","0","2","0","45","0","1","21","2","0"
"2016","12","070102","CALLAO","CALLAO","BELLAVISTA","GOBIERNO REGIONAL","II-E","00017883","HOSPITAL DE REHABILITACION DEL CALLAO","9","6","0","6","0","0","0","0","2","0","45","0","1","30","4","0"
"2016","11","070102","CALLAO","CALLAO","BELLAVISTA","GOBIERNO REGIONAL","II-E","00017883","HOSPITAL DE REHABILITACION DEL CALLAO","9","5","0","5","0","0","0","0","2","0","42","0","1","29","3","0"
"2016","10","070102","CALLAO","CALLAO","BELLAVISTA","GOBIERNO REGIONAL","II-E","00017883","HOSPITAL DE REHABILITACION DEL CALLAO","9","5","0","5","0","0","0","0","2","0","42","0","1","29","3","0"
"2016","09","070102","CALLAO","CALLAO","BELLAVISTA","GOBIERNO REGIONAL","II-E","00017883","HOSPITAL DE REHABILITACION DEL CALLAO","9","7","0","7","0","0","0","0","2","0","46","0","1","30","5","0"
"2016","08","070102","CALLAO","CALLAO","BELLAVISTA","GOBIERNO REGIONAL","II-E","00017883","HOSPITAL DE REHABILITACION DEL CALLAO","9","7","0","8","0","0","0","0","2","0","47","0","1","21","2","0"
"2016","12","110101","ICA","ICA","ICA","PRIVADO","II-1","00015963","LA CLINICA DE ICA DR. JULIO TATAJE BARRIGA SRL","6","6","4","15","0","0","5","1","1","1","2","3","2","2","0","0"
"2016","11","110101","ICA","ICA","ICA","PRIVADO","II-1","00015963","LA CLINICA DE ICA DR. JULIO TATAJE BARRIGA SRL","6","6","4","15","0","0","5","1","1","1","2","3","2","2","0","0"
"2016","10","110101","ICA","ICA","ICA","PRIVADO","II-1","00015963","LA CLINICA DE ICA DR. JULIO TATAJE BARRIGA SRL","6","6","4","15","0","0","5","1","1","1","2","3","2","2","0","0"
"2016","09","110101","ICA","ICA","ICA","PRIVADO","II-1","00015963","LA CLINICA DE ICA DR. JULIO TATAJE BARRIGA SRL","6","6","4","15","0","0","5","1","1","1","2","3","2","2","0","0"
"2016","08","110101","ICA","ICA","ICA","PRIVADO","II-1","00015963","LA CLINICA DE ICA DR. JULIO TATAJE BARRIGA SRL","6","6","4","15","0","0","5","1","1","1","2","3","2","2","0","0"
"2016","07","110101","ICA","ICA","ICA","PRIVADO","II-1","00015963","LA CLINICA DE ICA DR. JULIO TATAJE BARRIGA SRL","6","6","4","15","0","0","5","1","1","1","2","3","2","2","0","0"
"2016","01","110101","ICA","ICA","ICA","PRIVADO","II-1","00015963","LA CLINICA DE ICA DR. JULIO TATAJE BARRIGA SRL","10","10","5","15","0","0","5","1","1","1","2","3","2","2","0","0"
"2016","04","110101","ICA","ICA","ICA","PRIVADO","II-1","00015963","LA CLINICA DE ICA DR. JULIO TATAJE BARRIGA SRL","6","6","4","15","0","0","5","1","1","1","2","3","2","2","0","0"
"2016","03","110101","ICA","ICA","ICA","PRIVADO","II-1","00015963","LA CLINICA DE ICA DR. JULIO TATAJE BARRIGA SRL","6","6","4","15","0","0","5","1","1","1","2","3","2","2","0","0"
"2016","02","110101","ICA","ICA","ICA","PRIVADO","II-1","00015963","LA CLINICA DE ICA DR. JULIO TATAJE BARRIGA SRL","6","6","4","15","0","0","5","1","1","1","2","3","2","2","0","0"
"2016","06","110101","ICA","ICA","ICA","PRIVADO","II-1","00015963","LA CLINICA DE ICA DR. JULIO TATAJE BARRIGA SRL","6","6","4","15","0","0","5","1","1","1","2","3","2","2","0","0"
"2016","12","100601","HUANUCO","LEONCIO PRADO","RUPA-RUPA","SANIDAD DE LA POLICIA NACIONAL DEL PERU","0","00015771","POSTA MEDICA PNP TINGO MARIA","4","5","0","3","3","0","2","1","1","0","0","0","1","7","0","1"
"2016","11","100601","HUANUCO","LEONCIO PRADO","RUPA-RUPA","SANIDAD DE LA POLICIA NACIONAL DEL PERU","0","00015771","POSTA MEDICA PNP TINGO MARIA","4","5","0","3","3","0","2","1","1","0","0","0","1","7","0","1"
"2016","08","100601","HUANUCO","LEONCIO PRADO","RUPA-RUPA","SANIDAD DE LA POLICIA NACIONAL DEL PERU","0","00015771","POSTA MEDICA PNP TINGO MARIA","4","5","0","3","3","0","2","1","1","0","0","0","1","7","0","1"
"2016","09","100601","HUANUCO","LEONCIO PRADO","RUPA-RUPA","SANIDAD DE LA POLICIA NACIONAL DEL PERU","0","00015771","POSTA MEDICA PNP TINGO MARIA","4","5","0","3","3","0","2","1","1","0","0","0","1","6","0","1"
"2016","10","100601","HUANUCO","LEONCIO PRADO","RUPA-RUPA","SANIDAD DE LA POLICIA NACIONAL DEL PERU","0","00015771","POSTA MEDICA PNP TINGO MARIA","4","5","0","3","3","0","2","1","1","0","0","0","1","7","0","1"
"2016","12","150130","LIMA","LIMA","SAN BORJA","PRIVADO","II-E","00015934","CENTRO DE CIRUGIA ESTETICA LAS CONDES E.I.R.L.","4","8","6","1","0","0","2","0","0","0","0","0","0","4","2","0"
"2016","06","150130","LIMA","LIMA","SAN BORJA","PRIVADO","II-E","00015934","CENTRO DE CIRUGIA ESTETICA LAS CONDES E.I.R.L.","4","8","6","1","0","0","2","0","0","0","0","0","0","3","2","0"
"2016","05","150130","LIMA","LIMA","SAN BORJA","PRIVADO","II-E","00015934","CENTRO DE CIRUGIA ESTETICA LAS CONDES E.I.R.L.","4","8","6","1","0","0","2","0","0","0","0","0","0","3","2","0"
"2016","10","150130","LIMA","LIMA","SAN BORJA","PRIVADO","II-E","00015934","CENTRO DE CIRUGIA ESTETICA LAS CONDES E.I.R.L.","4","8","6","1","0","0","2","0","0","0","0","0","0","4","2","0"
"2016","11","150130","LIMA","LIMA","SAN BORJA","PRIVADO","II-E","00015934","CENTRO DE CIRUGIA ESTETICA LAS CONDES E.I.R.L.","4","8","6","1","0","0","2","0","0","0","0","0","0","3","2","0"
"2016","09","150130","LIMA","LIMA","SAN BORJA","PRIVADO","II-E","00015934","CENTRO DE CIRUGIA ESTETICA LAS CONDES E.I.R.L.","4","8","6","1","0","0","2","0","0","0","0","0","0","4","2","0"
"2016","08","150130","LIMA","LIMA","SAN BORJA","PRIVADO","II-E","00015934","CENTRO DE CIRUGIA ESTETICA LAS CONDES E.I.R.L.","4","8","6","1","0","0","2","0","0","0","0","0","0","4","2","0"
"2016","07","150130","LIMA","LIMA","SAN BORJA","PRIVADO","II-E","00015934","CENTRO DE CIRUGIA ESTETICA LAS CONDES E.I.R.L.","4","8","6","1","0","0","3","0","0","0","0","0","0","3","2","0"
"2016","10","150131","LIMA","LIMA","SAN ISIDRO","PRIVADO","II-E","00016397","CLINICA ESPECIALIZADA EN CIRUGIA PLASTICA - DR. LUIS VIZCARRA / CIRUESTHETIC","2","2","2","1","0","0","1","1","0","0","0","0","0","1","1","0"
"2016","11","150131","LIMA","LIMA","SAN ISIDRO","PRIVADO","II-E","00016397","CLINICA ESPECIALIZADA EN CIRUGIA PLASTICA - DR. LUIS VIZCARRA / CIRUESTHETIC","2","2","2","1","0","0","1","1","0","0","0","0","0","1","1","0"
"2016","09","150131","LIMA","LIMA","SAN ISIDRO","PRIVADO","II-E","00016397","CLINICA ESPECIALIZADA EN CIRUGIA PLASTICA - DR. LUIS VIZCARRA / CIRUESTHETIC","2","2","2","1","0","0","1","1","0","0","0","0","0","1","1","0"
"2016","08","150131","LIMA","LIMA","SAN ISIDRO","PRIVADO","II-E","00016397","CLINICA ESPECIALIZADA EN CIRUGIA PLASTICA - DR. LUIS VIZCARRA / CIRUESTHETIC","2","2","2","1","0","0","1","1","0","0","0","0","0","1","0","0"
"2016","12","150116","LIMA","LIMA","LINCE","PRIVADO","II-E","00015927","CLINICA DE OJOS D´OPELUCE","12","24","0","36","0","0","2","0","0","0","0","0","1","0","0","0"
"2016","11","150116","LIMA","LIMA","LINCE","PRIVADO","II-E","00015927","CLINICA DE OJOS D´OPELUCE","12","24","0","36","0","0","2","0","0","0","0","0","1","0","0","0"
"2016","10","150116","LIMA","LIMA","LINCE","PRIVADO","II-E","00015927","CLINICA DE OJOS D´OPELUCE","12","24","0","35","0","0","2","0","0","0","0","0","1","0","0","0"
"2016","09","150116","LIMA","LIMA","LINCE","PRIVADO","II-E","00015927","CLINICA DE OJOS D´OPELUCE","12","24","0","37","0","0","2","0","0","0","0","0","1","0","0","0"
"2016","08","150116","LIMA","LIMA","LINCE","PRIVADO","II-E","00015927","CLINICA DE OJOS D´OPELUCE","12","24","0","37","0","0","2","0","0","0","0","0","1","0","0","0"
"2016","07","150116","LIMA","LIMA","LINCE","PRIVADO","II-E","00015927","CLINICA DE OJOS D´OPELUCE","12","24","0","35","0","0","2","0","0","0","0","0","1","0","0","0"
"2016","03","150116","LIMA","LIMA","LINCE","PRIVADO","II-E","00015927","CLINICA DE OJOS D´OPELUCE","12","24","0","34","0","0","2","0","0","0","0","0","1","0","0","0"
"2016","02","150116","LIMA","LIMA","LINCE","PRIVADO","II-E","00015927","CLINICA DE OJOS D´OPELUCE","12","24","0","32","0","0","2","0","0","0","0","0","1","0","0","0"
"2016","05","150116","LIMA","LIMA","LINCE","PRIVADO","II-E","00015927","CLINICA DE OJOS D´OPELUCE","12","24","0","36","0","0","2","0","0","0","0","0","1","0","0","0"
"2016","06","150116","LIMA","LIMA","LINCE","PRIVADO","II-E","00015927","CLINICA DE OJOS D´OPELUCE","12","24","0","36","0","0","2","0","0","0","0","0","1","0","0","0"
"2016","01","150116","LIMA","LIMA","LINCE","PRIVADO","II-E","00015927","CLINICA DE OJOS D´OPELUCE","12","24","0","33","0","0","2","0","0","0","0","0","1","0","0","0"
"2016","11","160202","LORETO","ALTO AMAZONAS","BALSAPUERTO","GOBIERNO REGIONAL","I-3","00000187","C.S. I-3 BALSAPUERTO","10","10","10","2","1","0","3","1","1","0","0","3","0","22","0","1"
"2016","10","160202","LORETO","ALTO AMAZONAS","BALSAPUERTO","GOBIERNO REGIONAL","I-3","00000187","C.S. I-3 BALSAPUERTO","10","10","10","2","1","0","3","1","1","0","0","3","0","22","0","1"
"2016","09","160202","LORETO","ALTO AMAZONAS","BALSAPUERTO","GOBIERNO REGIONAL","I-3","00000187","C.S. I-3 BALSAPUERTO","10","10","10","2","1","0","3","1","1","0","0","3","0","22","0","1"
"2016","07","160202","LORETO","ALTO AMAZONAS","BALSAPUERTO","GOBIERNO REGIONAL","I-3","00000187","C.S. I-3 BALSAPUERTO","10","10","10","2","1","0","3","1","1","0","0","3","0","22","0","1"
"2016","08","160202","LORETO","ALTO AMAZONAS","BALSAPUERTO","GOBIERNO REGIONAL","I-3","00000187","C.S. I-3 BALSAPUERTO","10","10","10","2","1","0","3","1","1","0","0","3","0","22","0","1"
"2016","11","160206","LORETO","ALTO AMAZONAS","LAGUNAS","GOBIERNO REGIONAL","I-4","00000193","C.S. LAGUNAS","10","10","10","2","1","0","3","1","1","0","0","3","0","22","0","1"
"2016","10","160206","LORETO","ALTO AMAZONAS","LAGUNAS","GOBIERNO REGIONAL","I-4","00000193","C.S. LAGUNAS","10","10","10","2","1","0","3","1","1","0","0","3","0","22","0","1"
"2016","09","160206","LORETO","ALTO AMAZONAS","LAGUNAS","GOBIERNO REGIONAL","I-4","00000193","C.S. LAGUNAS","10","10","10","2","1","0","3","1","1","0","0","3","0","22","0","1"
"2016","08","160206","LORETO","ALTO AMAZONAS","LAGUNAS","GOBIERNO REGIONAL","I-4","00000193","C.S. LAGUNAS","10","10","10","2","1","0","3","1","1","0","0","3","0","22","0","1"
"2016","12","160201","LORETO","ALTO AMAZONAS","YURIMAGUAS","GOBIERNO REGIONAL","II-1","00000210","HOSPITAL SANTA GEMA DE  YURIMAGUAS","12","8","62","28","3","5","15","2","1","1","1","18","3","18","10","2"
"2016","10","160201","LORETO","ALTO AMAZONAS","YURIMAGUAS","GOBIERNO REGIONAL","II-1","00000210","HOSPITAL SANTA GEMA DE  YURIMAGUAS","11","8","62","28","3","5","15","2","1","1","1","18","3","18","10","2"
"2016","09","160201","LORETO","ALTO AMAZONAS","YURIMAGUAS","GOBIERNO REGIONAL","II-1","00000210","HOSPITAL SANTA GEMA DE  YURIMAGUAS","11","8","62","28","3","5","15","2","1","1","1","18","3","18","10","2"
"2016","06","160201","LORETO","ALTO AMAZONAS","YURIMAGUAS","GOBIERNO REGIONAL","II-1","00000210","HOSPITAL SANTA GEMA DE  YURIMAGUAS","8","11","62","28","3","5","12","2","1","1","0","18","3","10","12","2"
"2016","07","160201","LORETO","ALTO AMAZONAS","YURIMAGUAS","GOBIERNO REGIONAL","II-1","00000210","HOSPITAL SANTA GEMA DE  YURIMAGUAS","8","11","62","28","3","5","12","2","1","1","0","18","3","10","12","2"
"2016","08","160201","LORETO","ALTO AMAZONAS","YURIMAGUAS","GOBIERNO REGIONAL","II-1","00000210","HOSPITAL SANTA GEMA DE  YURIMAGUAS","11","8","62","28","3","5","15","2","1","1","1","18","3","18","10","2"
"2016","11","160201","LORETO","ALTO AMAZONAS","YURIMAGUAS","GOBIERNO REGIONAL","I-4","00000212","C.S. PAMPA HERMOZA DE YURIMAGUAS","9","9","12","4","2","0","2","1","0","0","0","3","0","20","0","1"
"2016","10","160201","LORETO","ALTO AMAZONAS","YURIMAGUAS","GOBIERNO REGIONAL","I-4","00000212","C.S. PAMPA HERMOZA DE YURIMAGUAS","9","9","12","4","2","0","2","1","0","0","0","3","0","20","0","1"
"2016","09","160201","LORETO","ALTO AMAZONAS","YURIMAGUAS","GOBIERNO REGIONAL","I-4","00000212","C.S. PAMPA HERMOZA DE YURIMAGUAS","9","9","12","4","2","0","2","1","0","0","0","3","0","20","0","1"
"2016","08","160201","LORETO","ALTO AMAZONAS","YURIMAGUAS","GOBIERNO REGIONAL","I-4","00000212","C.S. PAMPA HERMOZA DE YURIMAGUAS","9","9","12","4","2","0","2","1","0","0","0","3","0","20","0","1"
"2016","07","160201","LORETO","ALTO AMAZONAS","YURIMAGUAS","GOBIERNO REGIONAL","I-4","00000212","C.S. PAMPA HERMOZA DE YURIMAGUAS","9","9","12","4","2","0","2","1","0","0","0","3","0","20","0","1"
"2016","10","160301","LORETO","LORETO","NAUTA","GOBIERNO REGIONAL","I-4","00000091","NAUTA - NUCLEO BASE","21","18","20","4","0","0","10","2","2","0","2","7","1","40","16","2"
"2016","09","160301","LORETO","LORETO","NAUTA","GOBIERNO REGIONAL","I-4","00000091","NAUTA - NUCLEO BASE","21","18","20","4","0","0","10","2","2","0","2","7","1","40","16","2"
"2016","08","160301","LORETO","LORETO","NAUTA","GOBIERNO REGIONAL","I-4","00000091","NAUTA - NUCLEO BASE","21","18","20","4","0","0","10","2","2","0","2","7","1","40","16","2"
"2016","07","160301","LORETO","LORETO","NAUTA","GOBIERNO REGIONAL","I-4","00000091","NAUTA - NUCLEO BASE","21","18","20","3","0","0","7","2","2","0","1","6","2","40","16","2"
"2016","08","160304","LORETO","LORETO","TROMPETEROS","GOBIERNO REGIONAL","I-4","00000105","VILLA TROMPETEROS","12","12","17","3","0","0","3","1","0","0","0","2","1","12","6","0"
"2016","07","160304","LORETO","LORETO","TROMPETEROS","GOBIERNO REGIONAL","I-4","00000105","VILLA TROMPETEROS","12","12","17","3","0","0","3","1","0","0","0","2","1","12","6","0"
"2016","10","160401","LORETO","MARISCAL RAMON CASTILLA","RAMON CASTILLA","GOBIERNO REGIONAL","I-4","00000118","CABALLOCOCHA","8","8","22","5","1","0","4","2","1","0","0","2","2","0","1","1"
"2016","07","160401","LORETO","MARISCAL RAMON CASTILLA","RAMON CASTILLA","GOBIERNO REGIONAL","I-4","00000118","CABALLOCOCHA","3","3","23","3","0","0","3","1","1","0","0","2","3","0","2","1"
"2016","08","160401","LORETO","MARISCAL RAMON CASTILLA","RAMON CASTILLA","GOBIERNO REGIONAL","I-4","00000118","CABALLOCOCHA","6","5","22","3","0","0","3","1","1","0","0","2","1","2","1","1"
"2016","10","160501","LORETO","REQUENA","REQUENA","GOBIERNO REGIONAL","I-4","00000150","C.S. I-4 REQUENA","11","11","31","2","0","0","4","2","1","0","0","6","1","2","0","1"
"2016","09","160501","LORETO","REQUENA","REQUENA","GOBIERNO REGIONAL","I-4","00000150","C.S. I-4 REQUENA","11","11","31","2","0","0","4","2","1","0","0","6","1","2","0","1"
"2016","08","160501","LORETO","REQUENA","REQUENA","GOBIERNO REGIONAL","I-4","00000150","C.S. I-4 REQUENA","11","11","31","2","0","0","4","2","1","0","0","6","1","2","0","1"
"2016","07","160501","LORETO","REQUENA","REQUENA","GOBIERNO REGIONAL","I-4","00000150","C.S. I-4 REQUENA","11","11","31","2","0","0","4","2","1","0","0","6","1","10","0","1"
"2016","10","160601","LORETO","UCAYALI","CONTAMANA","GOBIERNO REGIONAL","II-1","00000162","CENRO DE SALUD I-4 CONTAMANA","13","12","17","9","1","0","9","2","1","0","0","6","2","60","2","3"
"2016","09","160601","LORETO","UCAYALI","CONTAMANA","GOBIERNO REGIONAL","II-1","00000162","CENRO DE SALUD I-4 CONTAMANA","13","12","17","9","2","0","8","1","1","0","0","5","2","60","2","3"
"2016","08","160601","LORETO","UCAYALI","CONTAMANA","GOBIERNO REGIONAL","II-1","00000162","CENRO DE SALUD I-4 CONTAMANA","13","12","17","9","2","0","8","2","1","0","0","5","2","60","2","3"
"2016","07","160601","LORETO","UCAYALI","CONTAMANA","GOBIERNO REGIONAL","II-1","00000162","CENRO DE SALUD I-4 CONTAMANA","13","12","17","10","2","0","8","2","1","0","0","5","2","60","2","3"
"2016","12","160101","LORETO","MAYNAS","IQUITOS","GOBIERNO REGIONAL","II-2","00000001","HOSPITAL IQUITOS ""CESAR GARAYAR GARCIA""","31","42","120","59","0","17","92","4","2","3","1","38","7","252","3","1"
"2016","11","160101","LORETO","MAYNAS","IQUITOS","GOBIERNO REGIONAL","II-2","00000001","HOSPITAL IQUITOS ""CESAR GARAYAR GARCIA""","31","42","120","48","0","7","82","4","3","3","1","39","8","211","6","1"
"2016","10","160101","LORETO","MAYNAS","IQUITOS","GOBIERNO REGIONAL","II-2","00000001","HOSPITAL IQUITOS ""CESAR GARAYAR GARCIA""","31","42","120","48","0","7","82","4","3","3","1","39","8","211","6","1"
"2016","09","160101","LORETO","MAYNAS","IQUITOS","GOBIERNO REGIONAL","II-2","00000001","HOSPITAL IQUITOS ""CESAR GARAYAR GARCIA""","31","42","120","39","0","5","90","4","1","3","1","39","8","211","6","1"
"2016","06","160101","LORETO","MAYNAS","IQUITOS","GOBIERNO REGIONAL","II-2","00000001","HOSPITAL IQUITOS ""CESAR GARAYAR GARCIA""","31","42","120","51","0","14","101","5","6","2","2","38","10","181","6","1"
"2016","08","160101","LORETO","MAYNAS","IQUITOS","GOBIERNO REGIONAL","II-2","00000001","HOSPITAL IQUITOS ""CESAR GARAYAR GARCIA""","31","42","120","43","0","19","94","5","6","2","2","38","10","187","6","1"
"2016","07","160101","LORETO","MAYNAS","IQUITOS","GOBIERNO REGIONAL","II-2","00000001","HOSPITAL IQUITOS ""CESAR GARAYAR GARCIA""","31","42","120","43","0","19","94","5","6","2","2","38","10","187","6","1"
"2016","05","160101","LORETO","MAYNAS","IQUITOS","GOBIERNO REGIONAL","II-2","00000001","HOSPITAL IQUITOS ""CESAR GARAYAR GARCIA""","31","42","120","51","0","14","101","5","6","2","2","38","10","181","6","1"
"2016","06","160108","LORETO","MAYNAS","PUNCHANA","GOBIERNO REGIONAL","III-1","00000003","HOSPITAL REGIONAL DE LORETO ""FELIPE SANTIAGO ARRIOLA IGLESIAS""","53","53","249","116","0","41","162","7","4","1","5","38","6","376","11","1"
"2016","07","160108","LORETO","MAYNAS","PUNCHANA","GOBIERNO REGIONAL","III-1","00000003","HOSPITAL REGIONAL DE LORETO ""FELIPE SANTIAGO ARRIOLA IGLESIAS""","53","53","249","116","0","41","162","7","4","1","5","38","6","376","11","1"
"2016","09","160108","LORETO","MAYNAS","PUNCHANA","GOBIERNO REGIONAL","III-1","00000003","HOSPITAL REGIONAL DE LORETO ""FELIPE SANTIAGO ARRIOLA IGLESIAS""","53","53","249","123","0","41","162","7","4","1","5","38","6","376","11","1"
"2016","12","160108","LORETO","MAYNAS","PUNCHANA","GOBIERNO REGIONAL","III-1","00000003","HOSPITAL REGIONAL DE LORETO ""FELIPE SANTIAGO ARRIOLA IGLESIAS""","53","53","249","121","0","41","162","9","5","2","6","38","6","376","15","1"
"2016","11","160108","LORETO","MAYNAS","PUNCHANA","GOBIERNO REGIONAL","III-1","00000003","HOSPITAL REGIONAL DE LORETO ""FELIPE SANTIAGO ARRIOLA IGLESIAS""","53","53","249","121","0","41","162","7","4","1","5","38","6","376","11","1"
"2016","08","160108","LORETO","MAYNAS","PUNCHANA","GOBIERNO REGIONAL","III-1","00000003","HOSPITAL REGIONAL DE LORETO ""FELIPE SANTIAGO ARRIOLA IGLESIAS""","53","53","249","119","0","41","162","7","4","1","5","38","6","376","11","1"
"2016","04","160108","LORETO","MAYNAS","PUNCHANA","GOBIERNO REGIONAL","III-1","00000003","HOSPITAL REGIONAL DE LORETO ""FELIPE SANTIAGO ARRIOLA IGLESIAS""","53","53","249","74","0","40","156","7","4","1","5","36","6","372","11","1"
"2016","05","160108","LORETO","MAYNAS","PUNCHANA","GOBIERNO REGIONAL","III-1","00000003","HOSPITAL REGIONAL DE LORETO ""FELIPE SANTIAGO ARRIOLA IGLESIAS""","53","53","249","112","0","41","158","7","4","1","5","36","6","372","11","1"
"2016","10","160108","LORETO","MAYNAS","PUNCHANA","GOBIERNO REGIONAL","III-1","00000003","HOSPITAL REGIONAL DE LORETO ""FELIPE SANTIAGO ARRIOLA IGLESIAS""","53","53","249","121","0","41","162","7","4","1","5","38","6","376","11","1"
"2016","03","160108","LORETO","MAYNAS","PUNCHANA","GOBIERNO REGIONAL","III-1","00000003","HOSPITAL REGIONAL DE LORETO ""FELIPE SANTIAGO ARRIOLA IGLESIAS""","53","53","371","74","0","40","156","7","4","1","5","36","6","372","11","1"
"2016","12","160101","LORETO","MAYNAS","IQUITOS","GOBIERNO REGIONAL","I-4","00000007","MORONACOCHA","12","12","6","8","0","0","14","2","3","0","1","11","1","72","5","1"
"2016","10","160101","LORETO","MAYNAS","IQUITOS","GOBIERNO REGIONAL","I-4","00000007","MORONACOCHA","12","12","6","8","0","0","12","2","2","0","1","11","1","68","5","1"
"2016","09","160101","LORETO","MAYNAS","IQUITOS","GOBIERNO REGIONAL","I-4","00000007","MORONACOCHA","12","12","6","8","0","0","12","2","2","0","1","11","1","68","5","1"
"2016","08","160101","LORETO","MAYNAS","IQUITOS","GOBIERNO REGIONAL","I-4","00000007","MORONACOCHA","12","12","6","8","0","0","12","2","2","0","1","11","1","68","5","1"
"2016","07","160101","LORETO","MAYNAS","IQUITOS","GOBIERNO REGIONAL","I-4","00000007","MORONACOCHA","12","12","6","8","0","0","12","2","2","0","1","11","1","68","5","1"
"2016","12","160108","LORETO","MAYNAS","PUNCHANA","GOBIERNO REGIONAL","I-4","00000016","BELLAVISTA NANAY","12","11","12","7","1","0","12","3","2","0","0","13","1","31","5","1"
"2016","10","160108","LORETO","MAYNAS","PUNCHANA","GOBIERNO REGIONAL","I-4","00000016","BELLAVISTA NANAY","12","11","12","7","1","0","12","3","2","0","0","13","1","31","5","1"
"2016","09","160108","LORETO","MAYNAS","PUNCHANA","GOBIERNO REGIONAL","I-4","00000016","BELLAVISTA NANAY","12","11","7","7","1","0","12","3","2","0","0","13","1","31","5","1"
"2016","07","160108","LORETO","MAYNAS","PUNCHANA","GOBIERNO REGIONAL","I-4","00000016","BELLAVISTA NANAY","12","11","7","7","1","0","12","3","2","0","0","13","1","31","5","1"
"2016","08","160108","LORETO","MAYNAS","PUNCHANA","GOBIERNO REGIONAL","I-4","00000016","BELLAVISTA NANAY","12","11","7","7","1","0","12","3","2","0","0","13","1","31","5","1"
"2016","12","160113","LORETO","MAYNAS","SAN JUAN BAUTISTA","GOBIERNO REGIONAL","I-4","00000025","SAN JUAN DE MIRAFLORES","16","16","10","14","4","0","16","5","4","0","0","18","2","0","78","1"
"2016","11","160113","LORETO","MAYNAS","SAN JUAN BAUTISTA","GOBIERNO REGIONAL","I-4","00000025","SAN JUAN DE MIRAFLORES","16","16","10","14","0","0","17","4","2","0","0","12","1","45","67","1"
"2016","10","160113","LORETO","MAYNAS","SAN JUAN BAUTISTA","GOBIERNO REGIONAL","I-4","00000025","SAN JUAN DE MIRAFLORES","16","16","10","12","5","0","13","4","4","0","0","15","1","58","4","1"
"2016","09","160113","LORETO","MAYNAS","SAN JUAN BAUTISTA","GOBIERNO REGIONAL","I-4","00000025","SAN JUAN DE MIRAFLORES","18","18","22","10","0","0","15","3","2","0","0","16","1","0","80","0"
"2016","08","160113","LORETO","MAYNAS","SAN JUAN BAUTISTA","GOBIERNO REGIONAL","I-4","00000025","SAN JUAN DE MIRAFLORES","18","18","8","10","0","0","15","3","2","0","0","16","1","0","80","0"
"2016","07","160113","LORETO","MAYNAS","SAN JUAN BAUTISTA","GOBIERNO REGIONAL","I-4","00000025","SAN JUAN DE MIRAFLORES","18","18","8","10","0","0","15","3","2","0","0","16","0","70","10","0"
"2016","12","120101","JUNIN","HUANCAYO","HUANCAYO","GOBIERNO REGIONAL","III-E","00000753","HOSPITAL REGIONAL DOCENTE CLINICO QUIRURGICO DANIEL ALCIDES CARRION DE HUANCAYO","63","82","177","121","0","41","149","4","4","3","13","5","12","144","12","4"
"2016","11","120101","JUNIN","HUANCAYO","HUANCAYO","GOBIERNO REGIONAL","III-E","00000753","HOSPITAL REGIONAL DOCENTE CLINICO QUIRURGICO DANIEL ALCIDES CARRION DE HUANCAYO","63","82","177","125","0","41","150","8","7","4","20","10","9","134","64","4"
"2016","10","120101","JUNIN","HUANCAYO","HUANCAYO","GOBIERNO REGIONAL","III-E","00000753","HOSPITAL REGIONAL DOCENTE CLINICO QUIRURGICO DANIEL ALCIDES CARRION DE HUANCAYO","63","82","177","125","0","41","150","8","7","4","20","10","9","134","64","4"
"2016","09","120101","JUNIN","HUANCAYO","HUANCAYO","GOBIERNO REGIONAL","III-E","00000753","HOSPITAL REGIONAL DOCENTE CLINICO QUIRURGICO DANIEL ALCIDES CARRION DE HUANCAYO","63","82","177","125","0","41","150","8","7","4","20","10","9","134","64","4"
"2016","07","120101","JUNIN","HUANCAYO","HUANCAYO","GOBIERNO REGIONAL","III-E","00000753","HOSPITAL REGIONAL DOCENTE CLINICO QUIRURGICO DANIEL ALCIDES CARRION DE HUANCAYO","63","82","177","125","0","41","150","8","7","4","20","10","9","134","64","4"
"2016","08","120101","JUNIN","HUANCAYO","HUANCAYO","GOBIERNO REGIONAL","III-E","00000753","HOSPITAL REGIONAL DOCENTE CLINICO QUIRURGICO DANIEL ALCIDES CARRION DE HUANCAYO","63","82","177","125","0","41","150","8","7","4","20","10","9","134","64","4"
"2016","06","120101","JUNIN","HUANCAYO","HUANCAYO","GOBIERNO REGIONAL","III-E","00000753","HOSPITAL REGIONAL DOCENTE CLINICO QUIRURGICO DANIEL ALCIDES CARRION DE HUANCAYO","63","82","177","125","0","41","150","8","7","4","20","10","9","134","64","4"
"2016","05","120101","JUNIN","HUANCAYO","HUANCAYO","GOBIERNO REGIONAL","III-E","00000753","HOSPITAL REGIONAL DOCENTE CLINICO QUIRURGICO DANIEL ALCIDES CARRION DE HUANCAYO","63","82","209","125","0","41","150","5","7","4","10","6","9","134","64","4"
"2016","02","120101","JUNIN","HUANCAYO","HUANCAYO","GOBIERNO REGIONAL","III-E","00000753","HOSPITAL REGIONAL DOCENTE CLINICO QUIRURGICO DANIEL ALCIDES CARRION DE HUANCAYO","63","82","209","125","0","41","150","5","7","4","10","6","9","134","64","4"
"2016","04","120101","JUNIN","HUANCAYO","HUANCAYO","GOBIERNO REGIONAL","III-E","00000753","HOSPITAL REGIONAL DOCENTE CLINICO QUIRURGICO DANIEL ALCIDES CARRION DE HUANCAYO","63","82","209","125","0","41","150","5","7","4","10","6","9","134","64","4"
"2016","12","100101","HUANUCO","HUANUCO","HUANUCO","GOBIERNO REGIONAL","II-2","00000754","HOSPITAL REGIONAL HERMILIO VALDIZAN","24","29","171","89","0","8","171","3","10","4","3","70","4","299","20","2"
"2016","11","100101","HUANUCO","HUANUCO","HUANUCO","GOBIERNO REGIONAL","II-2","00000754","HOSPITAL REGIONAL HERMILIO VALDIZAN","24","29","171","89","0","8","171","3","10","4","3","70","4","299","20","2"
"2016","10","100101","HUANUCO","HUANUCO","HUANUCO","GOBIERNO REGIONAL","II-2","00000754","HOSPITAL REGIONAL HERMILIO VALDIZAN","24","28","171","63","0","4","147","3","7","3","4","62","5","5","337","2"
"2016","09","100101","HUANUCO","HUANUCO","HUANUCO","GOBIERNO REGIONAL","II-2","00000754","HOSPITAL REGIONAL HERMILIO VALDIZAN","24","28","171","63","0","4","147","3","7","3","4","62","5","5","337","2"
"2016","07","100101","HUANUCO","HUANUCO","HUANUCO","GOBIERNO REGIONAL","II-2","00000754","HOSPITAL REGIONAL HERMILIO VALDIZAN","24","28","171","63","0","4","147","3","7","3","4","62","5","5","337","2"
"2016","08","100101","HUANUCO","HUANUCO","HUANUCO","GOBIERNO REGIONAL","II-2","00000754","HOSPITAL REGIONAL HERMILIO VALDIZAN","24","28","171","63","0","4","147","3","7","3","4","62","5","5","337","2"
"2016","03","100101","HUANUCO","HUANUCO","HUANUCO","GOBIERNO REGIONAL","II-2","00000754","HOSPITAL REGIONAL HERMILIO VALDIZAN","24","28","171","63","0","4","147","3","7","3","4","62","5","5","337","2"
"2016","06","100101","HUANUCO","HUANUCO","HUANUCO","GOBIERNO REGIONAL","II-2","00000754","HOSPITAL REGIONAL HERMILIO VALDIZAN","24","28","171","63","0","4","147","3","7","3","4","62","5","5","337","2"
"2016","02","100101","HUANUCO","HUANUCO","HUANUCO","GOBIERNO REGIONAL","II-2","00000754","HOSPITAL REGIONAL HERMILIO VALDIZAN","24","28","171","63","0","4","147","3","7","3","4","62","5","5","337","2"
"2016","01","100101","HUANUCO","HUANUCO","HUANUCO","GOBIERNO REGIONAL","II-2","00000754","HOSPITAL REGIONAL HERMILIO VALDIZAN","24","28","171","63","0","4","147","3","7","3","4","62","5","5","337","2"
"2016","05","100101","HUANUCO","HUANUCO","HUANUCO","GOBIERNO REGIONAL","II-2","00000754","HOSPITAL REGIONAL HERMILIO VALDIZAN","24","28","171","63","0","4","147","3","7","3","4","62","5","5","337","2"
"2016","12","120401","JUNIN","JAUJA","JAUJA","GOBIERNO REGIONAL","II-1","00000365","HOSPITAL DOMINGO OLAVEGOYA","13","13","115","41","0","0","78","4","7","2","2","25","5","34","11","3"
"2016","11","120401","JUNIN","JAUJA","JAUJA","GOBIERNO REGIONAL","II-1","00000365","HOSPITAL DOMINGO OLAVEGOYA","13","13","115","39","0","0","75","4","7","2","2","23","5","34","11","3"
"2016","10","120401","JUNIN","JAUJA","JAUJA","GOBIERNO REGIONAL","II-1","00000365","HOSPITAL DOMINGO OLAVEGOYA","13","13","115","40","0","0","75","4","4","7","2","2","23","5","34","11"
"2016","09","120401","JUNIN","JAUJA","JAUJA","GOBIERNO REGIONAL","II-1","00000365","HOSPITAL DOMINGO OLAVEGOYA","13","13","115","40","0","0","75","4","4","7","2","2","23","5","34","11"
"2016","08","120401","JUNIN","JAUJA","JAUJA","GOBIERNO REGIONAL","II-1","00000365","HOSPITAL DOMINGO OLAVEGOYA","13","13","115","41","0","0","69","4","7","2","2","21","5","27","11","3"
"2016","07","120401","JUNIN","JAUJA","JAUJA","GOBIERNO REGIONAL","II-1","00000365","HOSPITAL DOMINGO OLAVEGOYA","13","13","115","38","0","0","75","4","7","0","2","23","5","34","11","3"
"2016","06","120401","JUNIN","JAUJA","JAUJA","GOBIERNO REGIONAL","II-1","00000365","HOSPITAL DOMINGO OLAVEGOYA","13","13","115","41","0","0","80","4","7","1","1","25","5","39","12","3"
"2016","12","120601","JUNIN","SATIPO","SATIPO","GOBIERNO REGIONAL","II-1","00000432","DE APOYO MANUEL HIGA ARAKAKI","5","5","40","30","0","0","33","3","3","2","2","24","6","98","8","2"
"2016","10","120601","JUNIN","SATIPO","SATIPO","GOBIERNO REGIONAL","II-1","00000432","DE APOYO MANUEL HIGA ARAKAKI","5","5","40","29","0","0","33","4","2","2","1","24","6","98","6","2"
"2016","11","120601","JUNIN","SATIPO","SATIPO","GOBIERNO REGIONAL","II-1","00000432","DE APOYO MANUEL HIGA ARAKAKI","5","5","40","30","0","0","33","3","3","2","2","24","6","98","8","2"
"2016","09","120601","JUNIN","SATIPO","SATIPO","GOBIERNO REGIONAL","II-1","00000432","DE APOYO MANUEL HIGA ARAKAKI","5","5","40","29","0","0","33","4","1","2","1","24","6","98","6","2"
"2016","08","120601","JUNIN","SATIPO","SATIPO","GOBIERNO REGIONAL","II-1","00000432","DE APOYO MANUEL HIGA ARAKAKI","5","5","40","29","0","0","33","4","1","2","1","24","6","98","6","2"
"2016","07","120601","JUNIN","SATIPO","SATIPO","GOBIERNO REGIONAL","II-1","00000432","DE APOYO MANUEL HIGA ARAKAKI","5","5","40","29","0","0","33","4","1","2","1","24","6","98","7","2"
"2016","12","120606","JUNIN","SATIPO","PANGOA","GOBIERNO REGIONAL","II-1","00000442","SAN MARTIN DE PANGOA","4","6","43","16","0","0","19","2","3","1","1","14","3","63","3","1"
"2016","11","120606","JUNIN","SATIPO","PANGOA","GOBIERNO REGIONAL","II-1","00000442","SAN MARTIN DE PANGOA","4","6","43","17","0","0","19","2","3","1","1","14","3","63","3","1"
"2016","09","120606","JUNIN","SATIPO","PANGOA","GOBIERNO REGIONAL","II-1","00000442","SAN MARTIN DE PANGOA","4","6","43","16","0","0","21","2","2","1","1","14","3","63","3","1"
"2016","06","120606","JUNIN","SATIPO","PANGOA","GOBIERNO REGIONAL","II-1","00000442","SAN MARTIN DE PANGOA","4","4","26","18","0","0","26","2","2","1","1","15","3","106","3","3"
"2016","07","120606","JUNIN","SATIPO","PANGOA","GOBIERNO REGIONAL","II-1","00000442","SAN MARTIN DE PANGOA","5","5","43","17","0","0","15","2","2","1","1","15","3","74","3","2"
"2016","08","120606","JUNIN","SATIPO","PANGOA","GOBIERNO REGIONAL","II-1","00000442","SAN MARTIN DE PANGOA","4","6","43","16","0","0","21","2","2","1","1","15","3","63","1","1"
"2016","12","120701","JUNIN","TARMA","TARMA","GOBIERNO REGIONAL","II-2","00000520","DE APOYO FELIX MAYORCA SOTO","29","36","84","25","0","0","77","3","3","2","2","20","7","96","15","3"
"2016","11","120701","JUNIN","TARMA","TARMA","GOBIERNO REGIONAL","II-2","00000520","DE APOYO FELIX MAYORCA SOTO","29","36","84","24","0","0","81","3","4","2","2","19","7","85","15","3"
"2016","10","120701","JUNIN","TARMA","TARMA","GOBIERNO REGIONAL","II-2","00000520","DE APOYO FELIX MAYORCA SOTO","29","36","84","29","0","0","68","3","4","2","2","20","7","60","15","3"
"2016","09","120701","JUNIN","TARMA","TARMA","GOBIERNO REGIONAL","II-2","00000520","DE APOYO FELIX MAYORCA SOTO","29","36","84","29","0","0","68","3","4","2","2","20","7","60","15","3"
"2016","08","120701","JUNIN","TARMA","TARMA","GOBIERNO REGIONAL","II-2","00000520","DE APOYO FELIX MAYORCA SOTO","29","36","84","24","0","0","81","3","4","2","2","19","7","85","15","3"
"2016","07","120701","JUNIN","TARMA","TARMA","GOBIERNO REGIONAL","II-2","00000520","DE APOYO FELIX MAYORCA SOTO","29","36","84","27","0","0","78","3","3","2","2","20","7","96","15","3"
"2016","06","120701","JUNIN","TARMA","TARMA","GOBIERNO REGIONAL","II-2","00000520","DE APOYO FELIX MAYORCA SOTO","29","36","84","24","0","0","77","3","3","2","2","21","6","94","7","3"
"2016","07","100605","HUANUCO","LEONCIO PRADO","LUYANDO","GOBIERNO REGIONAL","II-1","00000932","HOSPITAL DE TINGO MARIA","37","50","88","44","0","0","101","5","4","3","1","40","2","168","166","2"
"2016","03","100605","HUANUCO","LEONCIO PRADO","LUYANDO","GOBIERNO REGIONAL","II-1","00000932","HOSPITAL DE TINGO MARIA","37","50","88","42","0","0","108","3","3","2","1","42","3","145","166","2"
"2016","10","100605","HUANUCO","LEONCIO PRADO","LUYANDO","GOBIERNO REGIONAL","II-1","00000932","HOSPITAL DE TINGO MARIA","37","50","88","42","0","0","108","3","3","2","1","42","3","145","166","2"
"2016","06","100605","HUANUCO","LEONCIO PRADO","LUYANDO","GOBIERNO REGIONAL","II-1","00000932","HOSPITAL DE TINGO MARIA","37","50","88","36","0","0","101","5","4","3","1","40","2","168","166","2"
"2016","04","100605","HUANUCO","LEONCIO PRADO","LUYANDO","GOBIERNO REGIONAL","II-1","00000932","HOSPITAL DE TINGO MARIA","37","50","88","42","0","0","108","3","3","2","1","42","3","145","166","2"
"2016","02","100605","HUANUCO","LEONCIO PRADO","LUYANDO","GOBIERNO REGIONAL","II-1","00000932","HOSPITAL DE TINGO MARIA","37","50","88","42","0","0","108","3","3","2","1","42","3","145","166","2"
"2016","01","100605","HUANUCO","LEONCIO PRADO","LUYANDO","GOBIERNO REGIONAL","II-1","00000932","HOSPITAL DE TINGO MARIA","37","50","88","42","0","0","108","3","3","2","1","42","3","145","166","2"
"2016","12","100605","HUANUCO","LEONCIO PRADO","LUYANDO","GOBIERNO REGIONAL","II-1","00000932","HOSPITAL DE TINGO MARIA","37","50","88","42","0","0","108","3","3","2","0","42","3","145","166","2"
"2016","05","100605","HUANUCO","LEONCIO PRADO","LUYANDO","GOBIERNO REGIONAL","II-1","00000932","HOSPITAL DE TINGO MARIA","37","50","88","42","0","0","108","3","3","2","1","42","3","145","166","2"
"2016","08","100605","HUANUCO","LEONCIO PRADO","LUYANDO","GOBIERNO REGIONAL","II-1","00000932","HOSPITAL DE TINGO MARIA","37","50","88","44","0","0","101","5","4","3","1","40","2","168","166","2"
"2016","09","100605","HUANUCO","LEONCIO PRADO","LUYANDO","GOBIERNO REGIONAL","II-1","00000932","HOSPITAL DE TINGO MARIA","37","50","88","42","0","0","108","3","3","2","1","42","3","145","166","2"
"2016","11","100605","HUANUCO","LEONCIO PRADO","LUYANDO","GOBIERNO REGIONAL","II-1","00000932","HOSPITAL DE TINGO MARIA","37","50","88","42","0","0","108","3","3","2","0","42","3","145","166","2"
"2016","12","120303","JUNIN","CHANCHAMAYO","PICHANAQUI","GOBIERNO REGIONAL","II-1","00000340","HOSPITAL DE APOYO PICHANAKI","17","17","43","14","0","0","16","2","1","0","0","20","2","88","5","2"
"2016","10","120303","JUNIN","CHANCHAMAYO","PICHANAQUI","GOBIERNO REGIONAL","II-1","00000340","HOSPITAL DE APOYO PICHANAKI","17","17","43","14","0","0","16","2","1","0","0","20","2","88","5","2"
"2016","11","120303","JUNIN","CHANCHAMAYO","PICHANAQUI","GOBIERNO REGIONAL","II-1","00000340","HOSPITAL DE APOYO PICHANAKI","17","17","43","14","0","0","16","2","1","0","0","20","2","88","5","2"
"2016","09","120303","JUNIN","CHANCHAMAYO","PICHANAQUI","GOBIERNO REGIONAL","II-1","00000340","HOSPITAL DE APOYO PICHANAKI","4","4","43","145","25","34","84","9","6","3","16","15","22","324","133","2"
"2016","06","120303","JUNIN","CHANCHAMAYO","PICHANAQUI","GOBIERNO REGIONAL","II-1","00000340","HOSPITAL DE APOYO PICHANAKI","17","17","43","14","0","0","26","2","2","0","0","21","2","72","3","2"
"2016","08","120303","JUNIN","CHANCHAMAYO","PICHANAQUI","GOBIERNO REGIONAL","II-1","00000340","HOSPITAL DE APOYO PICHANAKI","17","17","43","14","0","0","27","2","2","0","0","21","2","74","3","2"
"2016","07","120303","JUNIN","CHANCHAMAYO","PICHANAQUI","GOBIERNO REGIONAL","II-1","00000340","HOSPITAL DE APOYO PICHANAKI","17","17","43","14","0","0","27","2","2","0","0","21","2","74","3","2"
"2016","12","040101","AREQUIPA","AREQUIPA","AREQUIPA","GOBIERNO REGIONAL","III-1","00001231","HOSPITAL REGIONAL HONORIO DELGADO ESPINOZA","115","117","665","275","0","72","269","4","3","7","0","25","11","401","27","2"
"2016","11","040101","AREQUIPA","AREQUIPA","AREQUIPA","GOBIERNO REGIONAL","III-1","00001231","HOSPITAL REGIONAL HONORIO DELGADO ESPINOZA","115","117","665","275","0","72","269","4","3","7","0","25","11","401","27","2"
"2016","10","040101","AREQUIPA","AREQUIPA","AREQUIPA","GOBIERNO REGIONAL","III-1","00001231","HOSPITAL REGIONAL HONORIO DELGADO ESPINOZA","115","117","665","275","0","72","269","4","3","7","0","25","11","401","27","2"
"2016","09","040101","AREQUIPA","AREQUIPA","AREQUIPA","GOBIERNO REGIONAL","III-1","00001231","HOSPITAL REGIONAL HONORIO DELGADO ESPINOZA","115","117","665","275","0","72","269","4","3","7","0","25","11","401","27","2"
"2016","08","040101","AREQUIPA","AREQUIPA","AREQUIPA","GOBIERNO REGIONAL","III-1","00001231","HOSPITAL REGIONAL HONORIO DELGADO ESPINOZA","115","117","665","275","0","72","269","4","3","7","0","25","11","401","27","2"
"2016","07","040101","AREQUIPA","AREQUIPA","AREQUIPA","GOBIERNO REGIONAL","III-1","00001231","HOSPITAL REGIONAL HONORIO DELGADO ESPINOZA","115","117","665","276","0","72","269","4","3","7","0","25","11","401","27","2"
"2016","05","040101","AREQUIPA","AREQUIPA","AREQUIPA","GOBIERNO REGIONAL","III-1","00001231","HOSPITAL REGIONAL HONORIO DELGADO ESPINOZA","115","117","665","276","0","72","269","4","3","7","0","25","11","401","27","2"
"2016","06","040101","AREQUIPA","AREQUIPA","AREQUIPA","GOBIERNO REGIONAL","III-1","00001231","HOSPITAL REGIONAL HONORIO DELGADO ESPINOZA","115","117","665","276","0","72","269","4","3","7","0","25","11","401","27","2"
"2016","01","040101","AREQUIPA","AREQUIPA","AREQUIPA","GOBIERNO REGIONAL","III-1","00001231","HOSPITAL REGIONAL HONORIO DELGADO ESPINOZA","115","117","685","276","0","72","269","4","3","7","0","25","11","401","27","2"
"2016","04","040101","AREQUIPA","AREQUIPA","AREQUIPA","GOBIERNO REGIONAL","III-1","00001231","HOSPITAL REGIONAL HONORIO DELGADO ESPINOZA","115","117","685","276","0","72","269","4","3","7","0","25","11","401","27","2"
"2016","12","040101","AREQUIPA","AREQUIPA","AREQUIPA","GOBIERNO REGIONAL","III-1","00001232","HOSPITAL GOYENECHE","44","44","248","125","0","22","136","3","5","3","5","21","8","223","12","1"
"2016","11","040101","AREQUIPA","AREQUIPA","AREQUIPA","GOBIERNO REGIONAL","III-1","00001232","HOSPITAL GOYENECHE","44","44","251","147","0","22","130","3","5","4","5","18","8","223","12","1"
"2016","10","040101","AREQUIPA","AREQUIPA","AREQUIPA","GOBIERNO REGIONAL","III-1","00001232","HOSPITAL GOYENECHE","44","44","247","148","0","22","125","2","5","3","5","21","8","223","11","1"
"2016","08","040101","AREQUIPA","AREQUIPA","AREQUIPA","GOBIERNO REGIONAL","III-1","00001232","HOSPITAL GOYENECHE","44","44","252","144","0","22","128","3","6","4","5","21","8","223","10","1"
"2016","09","040101","AREQUIPA","AREQUIPA","AREQUIPA","GOBIERNO REGIONAL","III-1","00001232","HOSPITAL GOYENECHE","44","44","252","145","0","22","121","3","5","4","5","21","8","223","12","1"
"2016","07","040101","AREQUIPA","AREQUIPA","AREQUIPA","GOBIERNO REGIONAL","III-1","00001232","HOSPITAL GOYENECHE","44","44","272","144","0","22","121","3","5","4","5","21","6","223","9","1"
"2016","06","040101","AREQUIPA","AREQUIPA","AREQUIPA","GOBIERNO REGIONAL","III-1","00001232","HOSPITAL GOYENECHE","44","44","259","133","0","22","131","3","5","4","3","21","7","223","6","1"
"2016","05","040101","AREQUIPA","AREQUIPA","AREQUIPA","GOBIERNO REGIONAL","III-1","00001232","HOSPITAL GOYENECHE","44","44","259","134","0","22","154","3","5","4","3","21","8","223","6","1"
"2016","02","040101","AREQUIPA","AREQUIPA","AREQUIPA","GOBIERNO REGIONAL","III-1","00001232","HOSPITAL GOYENECHE","44","44","257","121","0","22","129","2","5","4","2","21","6","223","5","1"
"2016","01","040101","AREQUIPA","AREQUIPA","AREQUIPA","GOBIERNO REGIONAL","III-1","00001232","HOSPITAL GOYENECHE","44","44","261","134","0","22","123","2","5","4","3","21","7","223","5","1"
"2016","03","040101","AREQUIPA","AREQUIPA","AREQUIPA","GOBIERNO REGIONAL","III-1","00001232","HOSPITAL GOYENECHE","44","44","272","133","0","22","136","3","5","4","3","21","7","223","6","1"
"2016","04","040101","AREQUIPA","AREQUIPA","AREQUIPA","GOBIERNO REGIONAL","III-1","00001232","HOSPITAL GOYENECHE","44","44","272","123","0","39","128","3","5","4","2","21","8","224","6","1"
"2016","12","021011","ANCASH","HUARI","PONTO","GOBIERNO REGIONAL","I-1","00001833","PUESTO DE SALUD PONTO","4","4","0","1","0","0","1","1","0","0","0","1","0","4","0","1"
"2016","11","021011","ANCASH","HUARI","PONTO","GOBIERNO REGIONAL","I-1","00001833","PUESTO DE SALUD PONTO","4","4","0","1","0","0","1","1","0","0","0","1","0","2","0","1"
"2016","10","021011","ANCASH","HUARI","PONTO","GOBIERNO REGIONAL","I-1","00001833","PUESTO DE SALUD PONTO","4","4","0","1","0","0","1","1","0","0","0","1","0","2","0","1"
"2016","12","021011","ANCASH","HUARI","PONTO","GOBIERNO REGIONAL","I-1","00001834","PUESTO DE SALUD  SAN MIGUEL DE PONTO","2","2","0","0","0","0","1","0","0","0","0","0","0","2","0","0"
"2016","11","021011","ANCASH","HUARI","PONTO","GOBIERNO REGIONAL","I-1","00001834","PUESTO DE SALUD  SAN MIGUEL DE PONTO","2","2","0","0","0","0","1","0","0","0","0","0","0","2","0","0"
"2016","10","021011","ANCASH","HUARI","PONTO","GOBIERNO REGIONAL","I-1","00001834","PUESTO DE SALUD  SAN MIGUEL DE PONTO","2","2","0","0","0","0","1","0","0","0","0","0","0","2","0","0"
"2016","12","021012","ANCASH","HUARI","RAHUAPAMPA","GOBIERNO REGIONAL","I-1","00001835","PUESTO DE SALUD YUNGUILLA","2","2","0","0","0","0","1","0","0","0","0","0","0","3","0","0"
"2016","10","021012","ANCASH","HUARI","RAHUAPAMPA","GOBIERNO REGIONAL","I-1","00001835","PUESTO DE SALUD YUNGUILLA","2","2","0","0","0","0","0","0","0","0","0","0","0","2","0","0"
"2016","11","021012","ANCASH","HUARI","RAHUAPAMPA","GOBIERNO REGIONAL","I-1","00001835","PUESTO DE SALUD YUNGUILLA","2","2","0","0","0","0","0","0","0","0","0","0","0","2","0","0"
"2016","12","021015","ANCASH","HUARI","SAN PEDRO DE CHANA","GOBIERNO REGIONAL","I-1","00001837","PUESTO DE SALUD SAN PEDRO DE CHANA","4","4","0","1","0","0","2","1","0","0","0","1","0","4","0","1"
"2016","11","021015","ANCASH","HUARI","SAN PEDRO DE CHANA","GOBIERNO REGIONAL","I-1","00001837","PUESTO DE SALUD SAN PEDRO DE CHANA","4","3","0","1","0","0","2","0","0","0","0","1","0","2","0","1"
"2016","10","021015","ANCASH","HUARI","SAN PEDRO DE CHANA","GOBIERNO REGIONAL","I-1","00001837","PUESTO DE SALUD SAN PEDRO DE CHANA","4","3","0","1","0","0","2","0","0","0","0","1","0","2","0","1"
"2016","12","021015","ANCASH","HUARI","SAN PEDRO DE CHANA","GOBIERNO REGIONAL","I-1","00001838","PUESTO DE SALUD VICHON","3","3","0","0","0","0","1","0","0","0","0","0","0","3","0","0"
"2016","11","021015","ANCASH","HUARI","SAN PEDRO DE CHANA","GOBIERNO REGIONAL","I-1","00001838","PUESTO DE SALUD VICHON","3","3","0","0","0","0","1","0","0","0","0","0","0","3","0","0"
"2016","10","021015","ANCASH","HUARI","SAN PEDRO DE CHANA","GOBIERNO REGIONAL","I-1","00001838","PUESTO DE SALUD VICHON","3","3","0","0","0","0","1","0","0","0","0","0","0","3","0","0"
"2016","12","021009","ANCASH","HUARI","MASIN","GOBIERNO REGIONAL","I-2","00001840","PUESTO DE SALUD MASIN","7","7","0","2","0","0","3","1","0","1","0","2","0","8","0","1"
"2016","11","021009","ANCASH","HUARI","MASIN","GOBIERNO REGIONAL","I-2","00001840","PUESTO DE SALUD MASIN","7","6","2","1","0","0","3","1","0","1","0","2","0","7","0","1"
"2016","10","021009","ANCASH","HUARI","MASIN","GOBIERNO REGIONAL","I-2","00001840","PUESTO DE SALUD MASIN","7","6","0","1","0","0","3","1","0","1","0","1","0","7","0","1"
"2016","11","021010","ANCASH","HUARI","PAUCAS","GOBIERNO REGIONAL","I-2","00001843","PUESTO DE SALUD PAUCAS","4","3","3","1","1","0","2","1","0","0","0","0","0","1","0","1"
"2016","11","021010","ANCASH","HUARI","PAUCAS","GOBIERNO REGIONAL","I-2","00001844","PUESTO DE SALUD VISCAS","2","2","2","0","0","0","1","0","0","0","0","0","0","2","0","0"
"2016","11","020301","ANCASH","ANTONIO RAIMONDI","LLAMELLIN","GOBIERNO REGIONAL","I-3","00001847","CENTRO DE SALUD LLAMELLIN","6","3","7","2","1","0","4","1","0","1","1","2","0","13","4","1"
"2016","12","020301","ANCASH","ANTONIO RAIMONDI","LLAMELLIN","GOBIERNO REGIONAL","I-3","00001847","CENTRO DE SALUD LLAMELLIN","6","3","7","1","1","0","4","1","0","1","1","2","0","13","0","1"
"2016","12","020302","ANCASH","ANTONIO RAIMONDI","ACZO","GOBIERNO REGIONAL","I-1","00001849","PUESTO DE SALUD CHACAS","2","2","0","0","0","0","1","0","0","0","0","0","0","2","0","0"
"2016","11","020302","ANCASH","ANTONIO RAIMONDI","ACZO","GOBIERNO REGIONAL","I-1","00001849","PUESTO DE SALUD CHACAS","2","2","0","0","0","0","0","0","0","0","0","0","0","2","0","0"
"2016","12","020303","ANCASH","ANTONIO RAIMONDI","CHACCHO","GOBIERNO REGIONAL","I-1","00001850","PUESTO DE SALUD CHACCHO","3","3","0","1","0","0","1","0","0","0","0","1","0","4","0","0"
"2016","11","020303","ANCASH","ANTONIO RAIMONDI","CHACCHO","GOBIERNO REGIONAL","I-1","00001850","PUESTO DE SALUD CHACCHO","3","3","0","1","0","0","0","0","0","0","0","1","0","2","0","0"
"2016","12","020304","ANCASH","ANTONIO RAIMONDI","CHINGAS","GOBIERNO REGIONAL","I-2","00001851","PUESTO DE SALUD CHINGAS","1","1","3","0","1","0","1","1","0","0","0","1","0","4","0","0"
"2016","11","020304","ANCASH","ANTONIO RAIMONDI","CHINGAS","GOBIERNO REGIONAL","I-2","00001851","PUESTO DE SALUD CHINGAS","1","1","3","1","1","0","1","0","0","0","0","1","0","4","0","0"
"2016","12","020305","ANCASH","ANTONIO RAIMONDI","MIRGAS","GOBIERNO REGIONAL","I-2","00001852","PUESTO DE SALUD MIRGAS","3","3","0","1","0","0","1","1","0","0","0","1","0","4","0","1"
"2016","11","020305","ANCASH","ANTONIO RAIMONDI","MIRGAS","GOBIERNO REGIONAL","I-2","00001852","PUESTO DE SALUD MIRGAS","3","3","0","1","1","0","1","0","0","0","0","1","0","2","0","1"
"2016","12","020305","ANCASH","ANTONIO RAIMONDI","MIRGAS","GOBIERNO REGIONAL","I-1","00001854","PUESTO DE SALUD SAN JOSE DE ILLAURO","3","3","1","1","0","0","1","0","0","0","0","1","0","2","0","0"
"2016","11","020305","ANCASH","ANTONIO RAIMONDI","MIRGAS","GOBIERNO REGIONAL","I-1","00001854","PUESTO DE SALUD SAN JOSE DE ILLAURO","3","3","1","1","1","0","1","0","0","0","0","1","0","2","0","0"
"2016","12","020306","ANCASH","ANTONIO RAIMONDI","SAN JUAN DE RONTOY","GOBIERNO REGIONAL","I-1","00001855","PUESTO DE SALUD SAN JUAN DE RONTOY","3","3","0","1","0","0","1","0","0","0","0","1","0","3","0","0"
"2016","11","020306","ANCASH","ANTONIO RAIMONDI","SAN JUAN DE RONTOY","GOBIERNO REGIONAL","I-1","00001855","PUESTO DE SALUD SAN JUAN DE RONTOY","3","3","0","1","0","0","1","0","0","0","0","1","0","2","0","0"
"2016","12","020701","ANCASH","CARLOS FERMIN FITZCARRALD","SAN LUIS","GOBIERNO REGIONAL","I-3","00001856","CENTRO DE SALUD SAN LUIS","17","15","10","2","0","0","4","1","0","1","0","3","0","17","1","2"
"2016","11","020701","ANCASH","CARLOS FERMIN FITZCARRALD","SAN LUIS","GOBIERNO REGIONAL","I-3","00001856","CENTRO DE SALUD SAN LUIS","17","15","10","1","0","0","6","1","1","1","0","4","0","13","2","2"
"2016","10","020701","ANCASH","CARLOS FERMIN FITZCARRALD","SAN LUIS","GOBIERNO REGIONAL","I-3","00001856","CENTRO DE SALUD SAN LUIS","17","15","10","2","0","0","5","1","1","1","0","4","0","14","2","2"
"2016","12","020701","ANCASH","CARLOS FERMIN FITZCARRALD","SAN LUIS","GOBIERNO REGIONAL","I-1","00001857","PUESTO DE SALUD POMALLUCAY","3","3","0","0","0","0","1","0","0","0","0","1","0","2","0","0"
"2016","11","020701","ANCASH","CARLOS FERMIN FITZCARRALD","SAN LUIS","GOBIERNO REGIONAL","I-1","00001857","PUESTO DE SALUD POMALLUCAY","3","2","0","0","0","0","1","0","0","0","0","0","0","2","0","0"
"2016","10","020701","ANCASH","CARLOS FERMIN FITZCARRALD","SAN LUIS","GOBIERNO REGIONAL","I-1","00001857","PUESTO DE SALUD POMALLUCAY","3","3","0","0","0","0","1","0","0","0","0","0","0","2","0","0"
"2016","12","020101","ANCASH","HUARAZ","HUARAZ","GOBIERNO REGIONAL","II-2","00001543","HOSPITAL ""VICTOR RAMOS GUARDIA"" - HUARAZ","39","39","134","65","0","0","125","3","4","6","7","33","4","198","13","4"
"2016","11","020101","ANCASH","HUARAZ","HUARAZ","GOBIERNO REGIONAL","II-2","00001543","HOSPITAL ""VICTOR RAMOS GUARDIA"" - HUARAZ","39","39","134","65","0","0","125","3","4","6","7","33","4","198","13","4"
"2016","10","020101","ANCASH","HUARAZ","HUARAZ","GOBIERNO REGIONAL","II-2","00001543","HOSPITAL ""VICTOR RAMOS GUARDIA"" - HUARAZ","39","47","134","60","0","0","122","3","3","6","7","30","4","198","13","2"
"2016","09","020101","ANCASH","HUARAZ","HUARAZ","GOBIERNO REGIONAL","II-2","00001543","HOSPITAL ""VICTOR RAMOS GUARDIA"" - HUARAZ","39","47","134","60","0","0","122","3","3","6","7","30","4","198","13","2"
"2016","12","021801","ANCASH","SANTA","CHIMBOTE","GOBIERNO REGIONAL","II-2","00001652","LA CALETA","36","42","107","49","0","4","105","3","4","6","22","30","8","254","27","1"
"2016","11","021801","ANCASH","SANTA","CHIMBOTE","GOBIERNO REGIONAL","II-2","00001652","LA CALETA","36","44","105","53","0","4","99","3","7","6","13","24","7","254","27","1"
"2016","10","021801","ANCASH","SANTA","CHIMBOTE","GOBIERNO REGIONAL","II-2","00001652","LA CALETA","36","44","105","60","4","0","85","3","4","6","20","27","6","254","27","1"
"2016","09","021801","ANCASH","SANTA","CHIMBOTE","GOBIERNO REGIONAL","II-2","00001652","LA CALETA","36","44","105","60","4","0","85","3","4","6","20","27","6","254","27","1"
"2016","07","021801","ANCASH","SANTA","CHIMBOTE","GOBIERNO REGIONAL","II-2","00001652","LA CALETA","36","40","105","53","8","0","85","3","4","6","20","27","6","254","27","1"
"2016","08","021801","ANCASH","SANTA","CHIMBOTE","GOBIERNO REGIONAL","II-2","00001652","LA CALETA","36","44","105","53","4","0","85","3","4","6","20","27","6","254","27","1"
"2016","06","021801","ANCASH","SANTA","CHIMBOTE","GOBIERNO REGIONAL","II-2","00001652","LA CALETA","27","24","130","75","4","10","61","3","2","11","8","36","2","190","19","2"
"2016","12","020701","ANCASH","CARLOS FERMIN FITZCARRALD","SAN LUIS","GOBIERNO REGIONAL","I-1","00001859","PUESTO DE SALUD UCHUSQUILLO","3","2","0","0","1","0","1","0","0","0","0","0","0","3","0","0"
"2016","10","020701","ANCASH","CARLOS FERMIN FITZCARRALD","SAN LUIS","GOBIERNO REGIONAL","I-1","00001859","PUESTO DE SALUD UCHUSQUILLO","3","3","0","0","1","0","1","0","0","0","0","0","0","2","0","0"
"2016","11","020701","ANCASH","CARLOS FERMIN FITZCARRALD","SAN LUIS","GOBIERNO REGIONAL","I-1","00001859","PUESTO DE SALUD UCHUSQUILLO","3","2","0","0","1","0","1","0","0","0","0","0","0","2","0","0"
"2016","12","020701","ANCASH","CARLOS FERMIN FITZCARRALD","SAN LUIS","GOBIERNO REGIONAL","I-1","00001860","PUESTO DE SALUD CANCHABAMBA","3","3","0","0","1","0","1","0","0","0","0","1","0","3","0","0"
"2016","10","020701","ANCASH","CARLOS FERMIN FITZCARRALD","SAN LUIS","GOBIERNO REGIONAL","I-1","00001860","PUESTO DE SALUD CANCHABAMBA","4","3","0","0","1","0","1","0","0","0","0","0","0","2","0","0"
"2016","11","020701","ANCASH","CARLOS FERMIN FITZCARRALD","SAN LUIS","GOBIERNO REGIONAL","I-1","00001860","PUESTO DE SALUD CANCHABAMBA","3","2","0","0","1","0","1","0","0","0","0","0","0","2","0","0"
"2016","12","020702","ANCASH","CARLOS FERMIN FITZCARRALD","SAN NICOLAS","GOBIERNO REGIONAL","I-4","00001863","CENTRO DE SALUD SAN NICOLAS","5","4","3","1","0","0","1","1","0","0","1","1","0","8","0","1"
"2016","10","020702","ANCASH","CARLOS FERMIN FITZCARRALD","SAN NICOLAS","GOBIERNO REGIONAL","I-4","00001863","CENTRO DE SALUD SAN NICOLAS","7","6","2","1","0","0","1","1","0","0","1","1","0","4","0","1"
"2016","11","020702","ANCASH","CARLOS FERMIN FITZCARRALD","SAN NICOLAS","GOBIERNO REGIONAL","I-4","00001863","CENTRO DE SALUD SAN NICOLAS","4","4","3","1","0","0","1","1","0","0","1","1","0","5","0","1"
"2016","12","020702","ANCASH","CARLOS FERMIN FITZCARRALD","SAN NICOLAS","GOBIERNO REGIONAL","I-1","00001864","PUESTO DE SALUD RURISH","3","2","1","0","0","0","1","0","0","0","0","1","0","3","0","0"
"2016","10","020702","ANCASH","CARLOS FERMIN FITZCARRALD","SAN NICOLAS","GOBIERNO REGIONAL","I-1","00001864","PUESTO DE SALUD RURISH","3","2","2","0","0","0","1","0","0","0","0","1","0","0","2","0"
"2016","11","020702","ANCASH","CARLOS FERMIN FITZCARRALD","SAN NICOLAS","GOBIERNO REGIONAL","I-1","00001864","PUESTO DE SALUD RURISH","2","2","1","0","0","0","1","0","0","0","0","1","0","2","0","0"
"2016","12","020702","ANCASH","CARLOS FERMIN FITZCARRALD","SAN NICOLAS","GOBIERNO REGIONAL","I-1","00001865","PUESTO DE SALUD LLAMACA","1","1","0","0","1","0","1","0","0","0","0","0","0","2","0","0"
"2016","11","020702","ANCASH","CARLOS FERMIN FITZCARRALD","SAN NICOLAS","GOBIERNO REGIONAL","I-1","00001865","PUESTO DE SALUD LLAMACA","1","1","0","1","0","0","1","0","0","0","0","0","0","2","0","0"
"2016","10","020702","ANCASH","CARLOS FERMIN FITZCARRALD","SAN NICOLAS","GOBIERNO REGIONAL","I-1","00001865","PUESTO DE SALUD LLAMACA","1","1","0","0","1","0","1","0","0","0","0","0","0","2","0","0"
"2016","09","240102","TUMBES","TUMBES","CORRALES","GOBIERNO REGIONAL","I-4","00001866","CLAS CORRALES","12","17","12","6","0","0","6","2","0","1","0","6","0","9","0","1"
"2016","12","240102","TUMBES","TUMBES","CORRALES","GOBIERNO REGIONAL","I-4","00001866","CLAS CORRALES","12","17","12","7","0","0","11","2","1","1","0","7","0","29","0","1"
"2016","10","240102","TUMBES","TUMBES","CORRALES","GOBIERNO REGIONAL","I-4","00001866","CLAS CORRALES","12","17","12","5","0","0","6","2","1","1","0","6","0","9","0","1"
"2016","11","240102","TUMBES","TUMBES","CORRALES","GOBIERNO REGIONAL","I-4","00001866","CLAS CORRALES","12","17","12","6","0","0","8","2","1","1","0","6","0","14","0","1"
"2016","08","240102","TUMBES","TUMBES","CORRALES","GOBIERNO REGIONAL","I-4","00001866","CLAS CORRALES","12","20","12","6","0","0","6","2","0","1","0","5","0","10","0","0"
"2016","07","240102","TUMBES","TUMBES","CORRALES","GOBIERNO REGIONAL","I-4","00001866","CLAS CORRALES","NE_0002","NE_0002","NE_0002","NE_0002","NE_0002","NE_0002","NE_0002","NE_0002","NE_0002","NE_0002","NE_0002","NE_0002","NE_0002","NE_0002","NE_0002","NE_0002"
"2016","06","240102","TUMBES","TUMBES","CORRALES","GOBIERNO REGIONAL","I-4","00001866","CLAS CORRALES","12","12","12","11","5","0","7","4","1","1","0","5","0","13","0","1"
"2016","11","040201","AREQUIPA","CAMANA","CAMANA","GOBIERNO REGIONAL","II-1","00001344","HOSPITAL DE CAMANA","13","13","87","41","0","0","55","1","3","2","1","22","2","115","1","4"
"2016","12","040201","AREQUIPA","CAMANA","CAMANA","GOBIERNO REGIONAL","II-1","00001344","HOSPITAL DE CAMANA","13","13","87","42","0","0","56","1","2","2","1","19","1","110","1","4"
"2016","10","040201","AREQUIPA","CAMANA","CAMANA","GOBIERNO REGIONAL","II-1","00001344","HOSPITAL DE CAMANA","13","13","87","38","0","0","42","1","2","2","1","15","1","112","1","4"
"2016","09","040201","AREQUIPA","CAMANA","CAMANA","GOBIERNO REGIONAL","II-1","00001344","HOSPITAL DE CAMANA","13","13","87","35","0","0","42","1","2","2","1","15","1","110","1","4"
"2016","08","040201","AREQUIPA","CAMANA","CAMANA","GOBIERNO REGIONAL","II-1","00001344","HOSPITAL DE CAMANA","13","13","87","35","0","0","42","1","2","2","1","15","1","110","1","4"
"2016","07","040201","AREQUIPA","CAMANA","CAMANA","GOBIERNO REGIONAL","II-1","00001344","HOSPITAL DE CAMANA","13","13","87","35","0","0","41","1","2","2","1","15","1","108","5","4"
"2016","05","040201","AREQUIPA","CAMANA","CAMANA","GOBIERNO REGIONAL","II-1","00001344","HOSPITAL DE CAMANA","13","13","87","27","0","0","4","1","2","2","0","13","0","2","5","4"
"2016","06","040201","AREQUIPA","CAMANA","CAMANA","GOBIERNO REGIONAL","II-1","00001344","HOSPITAL DE CAMANA","13","13","87","39","0","0","40","1","3","2","1","18","2","2","8","4"
"2016","02","040201","AREQUIPA","CAMANA","CAMANA","GOBIERNO REGIONAL","II-1","00001344","HOSPITAL DE CAMANA","13","13","87","21","0","0","4","1","2","1","0","12","0","1","2","4"
"2016","01","040201","AREQUIPA","CAMANA","CAMANA","GOBIERNO REGIONAL","II-1","00001344","HOSPITAL DE CAMANA","13","13","87","22","0","0","5","1","2","1","0","15","0","1","3","4"
"2016","03","040201","AREQUIPA","CAMANA","CAMANA","GOBIERNO REGIONAL","II-1","00001344","HOSPITAL DE CAMANA","13","13","87","25","0","0","3","1","2","1","0","14","0","1","1","4"
"2016","04","040201","AREQUIPA","CAMANA","CAMANA","GOBIERNO REGIONAL","II-1","00001344","HOSPITAL DE CAMANA","13","13","87","26","0","0","4","1","2","2","0","17","0","0","4","4"
"2016","12","240101","TUMBES","TUMBES","TUMBES","GOBIERNO REGIONAL","I-4","00001882","PAMPA GRANDE","12","21","12","7","0","0","8","2","2","1","1","10","0","20","0","1"
"2016","10","240101","TUMBES","TUMBES","TUMBES","GOBIERNO REGIONAL","I-4","00001882","PAMPA GRANDE","12","21","12","7","0","0","8","2","2","1","1","8","0","12","0","1"
"2016","11","240101","TUMBES","TUMBES","TUMBES","GOBIERNO REGIONAL","I-4","00001882","PAMPA GRANDE","12","21","12","7","0","0","8","2","2","1","1","10","0","20","0","1"
"2016","09","240101","TUMBES","TUMBES","TUMBES","GOBIERNO REGIONAL","I-4","00001882","PAMPA GRANDE","12","21","10","7","0","0","8","2","2","1","1","8","1","12","0","1"
"2016","07","240101","TUMBES","TUMBES","TUMBES","GOBIERNO REGIONAL","I-4","00001882","PAMPA GRANDE","13","24","9","7","0","0","8","3","2","0","1","8","1","13","0","1"
"2016","08","240101","TUMBES","TUMBES","TUMBES","GOBIERNO REGIONAL","I-4","00001882","PAMPA GRANDE","13","24","8","7","0","0","8","2","2","1","1","8","1","12","0","1"
"2016","06","240101","TUMBES","TUMBES","TUMBES","GOBIERNO REGIONAL","I-4","00001882","PAMPA GRANDE","13","24","8","7","0","0","8","3","2","1","1","8","1","15","0","1"
"2016","11","240201","TUMBES","CONTRALMIRANTE VILLAR","ZORRITOS","GOBIERNO REGIONAL","I-4","00001900","ZORRITOS","8","14","20","6","1","0","10","2","1","0","0","5","0","15","1","1"
"2016","10","240201","TUMBES","CONTRALMIRANTE VILLAR","ZORRITOS","GOBIERNO REGIONAL","I-4","00001900","ZORRITOS","8","14","21","8","0","0","5","2","2","1","0","5","0","11","2","1"
"2016","12","240201","TUMBES","CONTRALMIRANTE VILLAR","ZORRITOS","GOBIERNO REGIONAL","I-4","00001900","ZORRITOS","8","12","18","8","0","0","7","2","2","1","0","7","0","19","0","1"
"2016","09","240201","TUMBES","CONTRALMIRANTE VILLAR","ZORRITOS","GOBIERNO REGIONAL","I-4","00001900","ZORRITOS","8","14","20","8","0","0","7","2","2","1","0","6","0","14","5","1"
"2016","07","240201","TUMBES","CONTRALMIRANTE VILLAR","ZORRITOS","GOBIERNO REGIONAL","I-4","00001900","ZORRITOS","8","14","20","8","0","0","6","2","2","1","0","5","0","13","0","1"
"2016","08","240201","TUMBES","CONTRALMIRANTE VILLAR","ZORRITOS","GOBIERNO REGIONAL","I-4","00001900","ZORRITOS","8","14","20","9","0","0","6","3","2","1","0","5","0","13","0","1"
"2016","06","240201","TUMBES","CONTRALMIRANTE VILLAR","ZORRITOS","GOBIERNO REGIONAL","I-4","00001900","ZORRITOS","8","14","20","9","0","0","6","3","2","1","0","5","0","13","0","1"
"2016","12","021201","ANCASH","HUAYLAS","CARAZ","GOBIERNO REGIONAL","II-1","00001587","HOSPITAL DE APOYO CARAZ","14","14","49","14","1","0","27","3","1","2","0","17","3","62","5","3"
"2016","11","021201","ANCASH","HUAYLAS","CARAZ","GOBIERNO REGIONAL","II-1","00001587","HOSPITAL DE APOYO CARAZ","14","14","49","14","1","0","27","3","1","2","0","17","3","62","5","3"
"2016","12","021809","ANCASH","SANTA","NUEVO CHIMBOTE","GOBIERNO REGIONAL","II-2","00001703","ELEAZAR GUZMAN BARRON","30","27","154","76","0","21","155","4","5","13","12","35","9","174","10","4"
"2016","11","021809","ANCASH","SANTA","NUEVO CHIMBOTE","GOBIERNO REGIONAL","II-2","00001703","ELEAZAR GUZMAN BARRON","30","28","154","76","0","21","145","4","5","14","12","31","9","148","8","4"
"2016","10","021809","ANCASH","SANTA","NUEVO CHIMBOTE","GOBIERNO REGIONAL","II-2","00001703","ELEAZAR GUZMAN BARRON","30","27","154","76","0","21","147","4","5","14","11","32","9","155","9","4"
"2016","09","021809","ANCASH","SANTA","NUEVO CHIMBOTE","GOBIERNO REGIONAL","II-2","00001703","ELEAZAR GUZMAN BARRON","30","29","154","72","0","21","140","4","5","14","11","31","9","349","89","4"
"2016","07","021809","ANCASH","SANTA","NUEVO CHIMBOTE","GOBIERNO REGIONAL","II-2","00001703","ELEAZAR GUZMAN BARRON","30","25","103","77","0","21","148","4","4","14","18","33","10","349","89","4"
"2016","08","021809","ANCASH","SANTA","NUEVO CHIMBOTE","GOBIERNO REGIONAL","II-2","00001703","ELEAZAR GUZMAN BARRON","30","28","154","65","0","21","136","4","6","13","18","29","8","349","89","4"
"2016","05","021809","ANCASH","SANTA","NUEVO CHIMBOTE","GOBIERNO REGIONAL","II-2","00001703","ELEAZAR GUZMAN BARRON","30","27","146","99","3","24","99","3","7","13","10","32","9","234","24","4"
"2016","06","021809","ANCASH","SANTA","NUEVO CHIMBOTE","GOBIERNO REGIONAL","II-2","00001703","ELEAZAR GUZMAN BARRON","30","27","150","83","0","8","146","4","4","14","18","33","10","349","89","4"
"2016","12","020801","ANCASH","CASMA","CASMA","GOBIERNO REGIONAL","II-1","00001719","CASMA","17","17","30","18","0","1","17","2","1","1","2","13","3","53","4","1"
"2016","10","020801","ANCASH","CASMA","CASMA","GOBIERNO REGIONAL","II-1","00001719","CASMA","17","17","32","17","0","2","15","1","2","1","2","9","2","52","4","1"
"2016","09","020801","ANCASH","CASMA","CASMA","GOBIERNO REGIONAL","II-1","00001719","CASMA","17","17","32","15","0","2","15","1","2","1","2","9","2","52","4","1"
"2016","08","020801","ANCASH","CASMA","CASMA","GOBIERNO REGIONAL","II-1","00001719","CASMA","17","17","37","15","0","2","20","1","2","1","1","9","2","57","5","1"
"2016","07","020801","ANCASH","CASMA","CASMA","GOBIERNO REGIONAL","II-1","00001719","CASMA","17","17","37","15","0","2","20","1","2","1","1","9","2","57","5","1"
"2016","06","020801","ANCASH","CASMA","CASMA","GOBIERNO REGIONAL","II-1","00001719","CASMA","17","17","37","15","0","2","20","1","2","1","2","9","2","57","5","1"
"2016","12","021101","ANCASH","HUARMEY","HUARMEY","GOBIERNO REGIONAL","II-1","00001741","HUARMEY","10","11","13","12","0","0","13","3","2","1","1","10","1","38","2","4"
"2016","11","021101","ANCASH","HUARMEY","HUARMEY","GOBIERNO REGIONAL","II-1","00001741","HUARMEY","10","11","13","12","0","0","13","3","2","1","1","10","1","38","2","4"
"2016","10","021101","ANCASH","HUARMEY","HUARMEY","GOBIERNO REGIONAL","II-1","00001741","HUARMEY","10","11","13","12","0","0","13","3","2","1","1","10","1","38","2","4"
"2016","09","021101","ANCASH","HUARMEY","HUARMEY","GOBIERNO REGIONAL","II-1","00001741","HUARMEY","10","11","13","12","0","0","13","3","2","1","0","10","1","38","2","4"
"2016","12","200601","PIURA","SULLANA","SULLANA","GOBIERNO REGIONAL","II-2","00001910","HOSPITAL DE APOYO II - 2, SULLANA","20","30","187","129","0","18","125","2","3","3","11","33","6","193","4","3"
"2016","06","200601","PIURA","SULLANA","SULLANA","GOBIERNO REGIONAL","II-2","00001910","HOSPITAL DE APOYO II - 2, SULLANA","20","29","197","122","0","19","117","2","3","3","11","27","5","155","3","1"
"2016","07","200601","PIURA","SULLANA","SULLANA","GOBIERNO REGIONAL","II-2","00001910","HOSPITAL DE APOYO II - 2, SULLANA","20","29","197","129","0","19","113","2","3","3","11","27","5","163","3","1"
"2016","10","200601","PIURA","SULLANA","SULLANA","GOBIERNO REGIONAL","II-2","00001910","HOSPITAL DE APOYO II - 2, SULLANA","20","29","181","123","0","19","117","2","4","3","14","29","5","169","3","3"
"2016","08","200601","PIURA","SULLANA","SULLANA","GOBIERNO REGIONAL","II-2","00001910","HOSPITAL DE APOYO II - 2, SULLANA","20","28","182","121","0","19","113","2","3","3","12","27","5","163","3","1"
"2016","11","200601","PIURA","SULLANA","SULLANA","GOBIERNO REGIONAL","II-2","00001910","HOSPITAL DE APOYO II - 2, SULLANA","20","29","179","129","0","18","125","2","3","3","11","33","6","193","4","4"
"2016","09","200601","PIURA","SULLANA","SULLANA","GOBIERNO REGIONAL","II-2","00001910","HOSPITAL DE APOYO II - 2, SULLANA","20","28","181","121","0","19","113","2","3","3","9","27","5","163","3","2"
"2016","12","022001","ANCASH","YUNGAY","YUNGAY","GOBIERNO REGIONAL","II-1","00001633","HOSPITAL DE APOYO YUNGAY","2","4","28","8","0","0","16","1","1","1","0","9","1","24","9","2"
"2016","10","022001","ANCASH","YUNGAY","YUNGAY","GOBIERNO REGIONAL","II-1","00001633","HOSPITAL DE APOYO YUNGAY","2","2","28","7","0","0","15","2","1","1","0","9","1","36","9","2"
"2016","11","022001","ANCASH","YUNGAY","YUNGAY","GOBIERNO REGIONAL","II-1","00001633","HOSPITAL DE APOYO YUNGAY","2","2","28","7","0","0","15","2","1","1","0","9","1","36","9","2"
"2016","09","022001","ANCASH","YUNGAY","YUNGAY","GOBIERNO REGIONAL","II-1","00001633","HOSPITAL DE APOYO YUNGAY","2","2","28","7","0","0","16","1","1","1","0","10","1","36","33","2"
"2016","07","022001","ANCASH","YUNGAY","YUNGAY","GOBIERNO REGIONAL","II-1","00001633","HOSPITAL DE APOYO YUNGAY","2","5","30","6","0","0","16","1","1","1","0","10","1","36","33","2"
"2016","08","022001","ANCASH","YUNGAY","YUNGAY","GOBIERNO REGIONAL","II-1","00001633","HOSPITAL DE APOYO YUNGAY","2","5","30","7","0","0","15","1","1","1","0","10","1","36","33","2"
"2016","06","022001","ANCASH","YUNGAY","YUNGAY","GOBIERNO REGIONAL","II-1","00001633","HOSPITAL DE APOYO YUNGAY","02","07","30","08","0","0","16","01","01","01","0","10","01","36","33","02"
"2016","12","021601","ANCASH","POMABAMBA","POMABAMBA","GOBIERNO REGIONAL","II-1","00001765","HOSPITAL DE APOYO DE POMABAMBA "" ANTONIO CALDAS DOMINGUEZ""","12","12","30","9","0","0","14","3","2","2","1","11","2","33","1","4"
"2016","11","021601","ANCASH","POMABAMBA","POMABAMBA","GOBIERNO REGIONAL","II-1","00001765","HOSPITAL DE APOYO DE POMABAMBA "" ANTONIO CALDAS DOMINGUEZ""","12","12","41","8","0","0","13","1","2","2","1","9","2","32","1","4"
"2016","10","021601","ANCASH","POMABAMBA","POMABAMBA","GOBIERNO REGIONAL","II-1","00001765","HOSPITAL DE APOYO DE POMABAMBA "" ANTONIO CALDAS DOMINGUEZ""","12","12","41","8","0","0","13","1","2","2","1","9","2","32","1","4"
"2016","09","021601","ANCASH","POMABAMBA","POMABAMBA","GOBIERNO REGIONAL","II-1","00001765","HOSPITAL DE APOYO DE POMABAMBA "" ANTONIO CALDAS DOMINGUEZ""","12","12","41","8","0","0","11","1","2","2","1","8","1","25","1","4"
"2016","07","021601","ANCASH","POMABAMBA","POMABAMBA","GOBIERNO REGIONAL","II-1","00001765","HOSPITAL DE APOYO DE POMABAMBA "" ANTONIO CALDAS DOMINGUEZ""","12","12","41","8","0","0","11","1","2","2","1","8","1","25","1","4"
"2016","01","021901","ANCASH","SIHUAS","SIHUAS","GOBIERNO REGIONAL","II-1","00001795","HOSPITAL DE APOYO SIHUAS","9","9","24","6","0","0","9","2","2","2","2","7","2","25","1","2"
"2016","08","021901","ANCASH","SIHUAS","SIHUAS","GOBIERNO REGIONAL","II-1","00001795","HOSPITAL DE APOYO SIHUAS","9","9","24","6","0","0","8","3","2","2","2","7","2","25","1","1"
"2016","09","021901","ANCASH","SIHUAS","SIHUAS","GOBIERNO REGIONAL","II-1","00001795","HOSPITAL DE APOYO SIHUAS","9","9","24","6","0","0","8","3","2","2","2","7","2","25","1","1"
"2016","07","021901","ANCASH","SIHUAS","SIHUAS","GOBIERNO REGIONAL","II-1","00001795","HOSPITAL DE APOYO SIHUAS","9","9","24","6","0","0","8","3","2","2","2","7","2","25","1","1"
"2016","02","021901","ANCASH","SIHUAS","SIHUAS","GOBIERNO REGIONAL","II-1","00001795","HOSPITAL DE APOYO SIHUAS","9","9","24","6","0","0","9","2","2","2","2","7","2","25","1","2"
"2016","05","021901","ANCASH","SIHUAS","SIHUAS","GOBIERNO REGIONAL","II-1","00001795","HOSPITAL DE APOYO SIHUAS","9","9","24","6","0","0","8","2","2","2","2","7","2","25","1","1"
"2016","06","021901","ANCASH","SIHUAS","SIHUAS","GOBIERNO REGIONAL","II-1","00001795","HOSPITAL DE APOYO SIHUAS","9","9","24","6","0","0","8","3","2","2","2","7","2","25","1","1"
"2016","10","021901","ANCASH","SIHUAS","SIHUAS","GOBIERNO REGIONAL","II-1","00001795","HOSPITAL DE APOYO SIHUAS","9","9","24","6","0","0","9","3","2","1","2","7","2","25","1","1"
"2016","03","021901","ANCASH","SIHUAS","SIHUAS","GOBIERNO REGIONAL","II-1","00001795","HOSPITAL DE APOYO SIHUAS","9","9","24","6","0","0","9","2","2","2","2","7","2","25","1","2"
"2016","04","021901","ANCASH","SIHUAS","SIHUAS","GOBIERNO REGIONAL","II-1","00001795","HOSPITAL DE APOYO SIHUAS","9","9","24","6","0","0","8","2","2","2","2","7","2","25","1","2"
"2016","11","021901","ANCASH","SIHUAS","SIHUAS","GOBIERNO REGIONAL","II-1","00001795","HOSPITAL DE APOYO SIHUAS","9","9","23","7","0","0","9","3","3","2","2","7","1","25","1","1"
"2016","12","021901","ANCASH","SIHUAS","SIHUAS","GOBIERNO REGIONAL","II-1","00001795","HOSPITAL DE APOYO SIHUAS","9","9","24","9","0","0","8","2","3","2","2","7","1","27","1","1"
"2016","12","021001","ANCASH","HUARI","HUARI","GOBIERNO REGIONAL","II-1","00001813","HOSPITAL DE APOYO HUARI","5","9","27","11","0","0","11","3","1","1","2","10","2","47","3","2"
"2016","11","021001","ANCASH","HUARI","HUARI","GOBIERNO REGIONAL","II-1","00001813","HOSPITAL DE APOYO HUARI","5","9","27","12","0","0","11","3","1","1","2","7","2","41","3","2"
"2016","10","021001","ANCASH","HUARI","HUARI","GOBIERNO REGIONAL","II-1","00001813","HOSPITAL DE APOYO HUARI","5","9","27","11","0","0","12","3","1","1","2","8","3","41","3","2"
"2016","09","021001","ANCASH","HUARI","HUARI","GOBIERNO REGIONAL","II-1","00001813","HOSPITAL DE APOYO HUARI","5","9","27","10","0","0","13","3","1","1","2","7","2","41","3","2"
"2016","07","021001","ANCASH","HUARI","HUARI","GOBIERNO REGIONAL","II-1","00001813","HOSPITAL DE APOYO HUARI","5","7","27","11","0","0","11","3","1","1","2","8","2","24","3","2"
"2016","08","021001","ANCASH","HUARI","HUARI","GOBIERNO REGIONAL","II-1","00001813","HOSPITAL DE APOYO HUARI","5","9","27","9","0","0","11","3","1","1","1","8","2","41","2","2"
"2016","12","021001","ANCASH","HUARI","HUARI","GOBIERNO REGIONAL","I-1","00001815","PUESTO DE SALUD COLCAS","10","5","0","0","0","0","2","0","0","0","0","1","0","2","0","0"
"2016","10","021001","ANCASH","HUARI","HUARI","GOBIERNO REGIONAL","I-1","00001815","PUESTO DE SALUD COLCAS","4","2","0","0","0","0","2","0","0","0","0","1","0","1","0","0"
"2016","11","021001","ANCASH","HUARI","HUARI","GOBIERNO REGIONAL","I-1","00001815","PUESTO DE SALUD COLCAS","4","2","0","0","0","0","2","0","0","0","0","1","0","2","0","0"
"2016","12","021001","ANCASH","HUARI","HUARI","GOBIERNO REGIONAL","I-1","00001816","PUESTO DE SALUD YACYA","2","2","0","0","0","0","1","0","0","0","0","0","0","1","0","0"
"2016","10","021001","ANCASH","HUARI","HUARI","GOBIERNO REGIONAL","I-1","00001816","PUESTO DE SALUD YACYA","2","2","0","0","0","0","1","0","0","0","0","0","0","1","0","0"
"2016","11","021001","ANCASH","HUARI","HUARI","GOBIERNO REGIONAL","I-1","00001816","PUESTO DE SALUD YACYA","2","2","0","0","0","0","1","0","0","0","0","0","0","1","0","0"
"2016","12","021003","ANCASH","HUARI","CAJAY","GOBIERNO REGIONAL","I-1","00001818","P.S. QUERORACRA","4","4","0","0","0","0","1","0","0","0","0","1","0","3","0","0"
"2016","10","021003","ANCASH","HUARI","CAJAY","GOBIERNO REGIONAL","I-1","00001818","P.S. QUERORACRA","4","4","0","0","0","0","1","0","0","0","0","1","0","1","0","0"
"2016","11","021003","ANCASH","HUARI","CAJAY","GOBIERNO REGIONAL","I-1","00001818","P.S. QUERORACRA","4","4","0","0","0","0","1","0","0","0","0","1","0","1","0","0"
"2016","12","021014","ANCASH","HUARI","SAN MARCOS","GOBIERNO REGIONAL","I-3","00001819","CENTRO DE SALUD SAN MARCOS","9","9","0","3","0","0","3","1","1","1","0","3","0","16","1","2"
"2016","12","021014","ANCASH","HUARI","SAN MARCOS","GOBIERNO REGIONAL","I-1","00001821","PUESTO DE SALUD SAN PEDRO DE PICHIU","4","4","0","0","1","0","1","1","0","0","0","1","0","2","0","1"
"2016","11","021014","ANCASH","HUARI","SAN MARCOS","GOBIERNO REGIONAL","I-1","00001821","PUESTO DE SALUD SAN PEDRO DE PICHIU","4","4","0","0","1","0","1","1","0","0","0","1","0","1","0","1"
"2016","10","021014","ANCASH","HUARI","SAN MARCOS","GOBIERNO REGIONAL","I-1","00001821","PUESTO DE SALUD SAN PEDRO DE PICHIU","4","4","0","0","1","0","1","1","0","0","0","1","0","1","0","1"
"2016","12","021008","ANCASH","HUARI","HUANTAR","GOBIERNO REGIONAL","I-2","00001823","PUESTO DE SALUD HUANTAR","9","9","0","0","1","0","1","1","0","0","0","1","0","3","0","0"
"2016","11","021008","ANCASH","HUARI","HUANTAR","GOBIERNO REGIONAL","I-2","00001823","PUESTO DE SALUD HUANTAR","9","9","0","0","1","0","1","0","0","0","0","1","0","2","0","0"
"2016","12","021004","ANCASH","HUARI","CHAVIN DE HUANTAR","GOBIERNO REGIONAL","I-3","00001824","CENTRO DE SALUD CHAVIN","9","9","8","3","0","0","3","1","0","1","0","5","0","12","7","1"
"2016","11","021004","ANCASH","HUARI","CHAVIN DE HUANTAR","GOBIERNO REGIONAL","I-3","00001824","CENTRO DE SALUD CHAVIN","9","9","8","3","0","0","4","1","0","1","0","4","0","10","0","1"
"2016","10","021004","ANCASH","HUARI","CHAVIN DE HUANTAR","GOBIERNO REGIONAL","I-3","00001824","CENTRO DE SALUD CHAVIN","9","9","8","3","0","0","4","1","0","1","1","5","0","9","0","1"
"2016","12","021004","ANCASH","HUARI","CHAVIN DE HUANTAR","GOBIERNO REGIONAL","I-1","00001825","PUESTO DE  SALUD MACHAC","4","4","0","1","1","0","1","0","0","0","0","1","0","3","0","0"
"2016","11","021004","ANCASH","HUARI","CHAVIN DE HUANTAR","GOBIERNO REGIONAL","I-1","00001825","PUESTO DE  SALUD MACHAC","7","4","0","1","1","0","1","0","0","0","0","1","0","3","0","0"
"2016","10","021004","ANCASH","HUARI","CHAVIN DE HUANTAR","GOBIERNO REGIONAL","I-1","00001825","PUESTO DE  SALUD MACHAC","4","4","0","1","1","0","1","0","0","0","0","1","0","2","0","0"
"2016","12","021004","ANCASH","HUARI","CHAVIN DE HUANTAR","GOBIERNO REGIONAL","I-1","00001826","PUESTO DE SALUD CHICHUCANCHA","3","3","0","1","0","0","1","0","0","0","0","1","0","3","0","0"
"2016","10","021004","ANCASH","HUARI","CHAVIN DE HUANTAR","GOBIERNO REGIONAL","I-1","00001826","PUESTO DE SALUD CHICHUCANCHA","3","3","0","1","1","0","1","0","0","0","0","1","0","2","0","0"
"2016","11","021004","ANCASH","HUARI","CHAVIN DE HUANTAR","GOBIERNO REGIONAL","I-1","00001826","PUESTO DE SALUD CHICHUCANCHA","3","3","0","1","1","0","1","0","0","0","0","1","0","2","0","0"
"2016","12","021015","ANCASH","HUARI","SAN PEDRO DE CHANA","GOBIERNO REGIONAL","I-1","00001827","PUESTO DE SALUD SANTA CRUZ DE PICHIU","5","5","0","0","1","0","1","1","0","0","0","1","0","2","1","1"
"2016","11","021015","ANCASH","HUARI","SAN PEDRO DE CHANA","GOBIERNO REGIONAL","I-1","00001827","PUESTO DE SALUD SANTA CRUZ DE PICHIU","5","5","0","0","1","0","1","1","0","0","0","1","0","2","1","1"
"2016","12","021005","ANCASH","HUARI","HUACACHI","GOBIERNO REGIONAL","I-1","00001830","PUESTO DE SALUD HUACACHI","5","5","0","0","1","0","3","1","0","0","0","1","0","5","0","0"
"2016","10","021005","ANCASH","HUARI","HUACACHI","GOBIERNO REGIONAL","I-1","00001830","PUESTO DE SALUD HUACACHI","5","5","0","0","1","0","3","1","0","0","0","1","0","5","0","0"
"2016","11","021005","ANCASH","HUARI","HUACACHI","GOBIERNO REGIONAL","I-1","00001830","PUESTO DE SALUD HUACACHI","5","5","0","0","1","0","3","1","0","0","0","1","0","5","0","0"
"2016","12","021007","ANCASH","HUARI","HUACHIS","GOBIERNO REGIONAL","I-2","00001831","PUESTO DE SALUD  HUACHIS","4","4","0","1","0","0","2","2","0","0","0","1","0","6","0","1"
"2016","11","021007","ANCASH","HUARI","HUACHIS","GOBIERNO REGIONAL","I-2","00001831","PUESTO DE SALUD  HUACHIS","4","4","0","1","1","0","2","2","0","0","0","0","0","5","0","1"
"2016","10","021007","ANCASH","HUARI","HUACHIS","GOBIERNO REGIONAL","I-2","00001831","PUESTO DE SALUD  HUACHIS","4","4","0","1","1","0","2","2","0","0","0","1","0","4","0","1"
"2016","12","021007","ANCASH","HUARI","HUACHIS","GOBIERNO REGIONAL","I-1","00001832","PUESTO DE SALUD CHUPAN","2","2","0","0","0","0","1","0","0","0","0","1","0","2","0","0"
"2016","11","021007","ANCASH","HUARI","HUACHIS","GOBIERNO REGIONAL","I-1","00001832","PUESTO DE SALUD CHUPAN","2","2","0","0","0","0","1","0","0","0","0","1","0","1","0","0"
"2016","10","021007","ANCASH","HUARI","HUACHIS","GOBIERNO REGIONAL","I-1","00001832","PUESTO DE SALUD CHUPAN","2","2","0","0","0","0","1","0","0","0","0","1","0","1","0","0"
"2016","12","200115","PIURA","PIURA","VEINTISEIS DE OCTUBRE","GOBIERNO REGIONAL","II-2","00002084","HOSPITAL DE LA AMISTAD PERU - COREA SANTA ROSA II-2","22","32","102","100","0","36","67","2","1","5","8","30","2","163","9","1"
"2016","11","200115","PIURA","PIURA","VEINTISEIS DE OCTUBRE","GOBIERNO REGIONAL","II-2","00002084","HOSPITAL DE LA AMISTAD PERU - COREA SANTA ROSA II-2","22","32","102","100","0","36","67","2","1","5","8","30","2","163","9","1"
"2016","10","200115","PIURA","PIURA","VEINTISEIS DE OCTUBRE","GOBIERNO REGIONAL","II-2","00002084","HOSPITAL DE LA AMISTAD PERU - COREA SANTA ROSA II-2","22","32","102","100","0","36","67","2","1","5","8","30","2","163","9","1"
"2016","09","200115","PIURA","PIURA","VEINTISEIS DE OCTUBRE","GOBIERNO REGIONAL","II-2","00002084","HOSPITAL DE LA AMISTAD PERU - COREA SANTA ROSA II-2","22","32","102","100","0","36","67","2","1","5","8","30","2","163","9","1"
"2016","08","200115","PIURA","PIURA","VEINTISEIS DE OCTUBRE","GOBIERNO REGIONAL","II-2","00002084","HOSPITAL DE LA AMISTAD PERU - COREA SANTA ROSA II-2","22","32","102","100","0","36","67","2","1","5","8","30","2","163","9","1"
"2016","07","200115","PIURA","PIURA","VEINTISEIS DE OCTUBRE","GOBIERNO REGIONAL","II-2","00002084","HOSPITAL DE LA AMISTAD PERU - COREA SANTA ROSA II-2","22","32","102","100","0","36","67","2","1","5","8","30","2","163","9","1"
"2016","06","200115","PIURA","PIURA","VEINTISEIS DE OCTUBRE","GOBIERNO REGIONAL","II-2","00002084","HOSPITAL DE LA AMISTAD PERU - COREA SANTA ROSA II-2","20","32","100","112","1","37","70","3","1","5","8","31","2","277","55","2"
"2016","05","200115","PIURA","PIURA","VEINTISEIS DE OCTUBRE","GOBIERNO REGIONAL","II-2","00002084","HOSPITAL DE LA AMISTAD PERU - COREA SANTA ROSA II-2","20","32","99","98","0","36","67","3","1","5","7","30","2","163","9","1"
"2016","01","200115","PIURA","PIURA","VEINTISEIS DE OCTUBRE","GOBIERNO REGIONAL","II-2","00002084","HOSPITAL DE LA AMISTAD PERU - COREA SANTA ROSA II-2","20","32","100","112","1","37","70","3","1","5","8","31","2","277","55","2"
"2016","04","200115","PIURA","PIURA","VEINTISEIS DE OCTUBRE","GOBIERNO REGIONAL","II-2","00002084","HOSPITAL DE LA AMISTAD PERU - COREA SANTA ROSA II-2","20","32","100","112","1","37","70","3","1","5","8","31","2","277","55","2"
"2016","04","080101","CUSCO","CUSCO","CUSCO","GOBIERNO REGIONAL","III-1","00002289","HOSPITAL DE APOYO DEPARTAMENTAL CUSCO","43","50","311","126","0","36","159","3","3","3","8","37","7","220","13","2"
"2016","03","080101","CUSCO","CUSCO","CUSCO","GOBIERNO REGIONAL","III-1","00002289","HOSPITAL DE APOYO DEPARTAMENTAL CUSCO","43","50","311","123","0","33","157","3","2","2","5","34","7","5","10","2"
"2016","08","080101","CUSCO","CUSCO","CUSCO","GOBIERNO REGIONAL","III-1","00002289","HOSPITAL DE APOYO DEPARTAMENTAL CUSCO","43","50","311","104","0","21","129","3","3","3","10","34","7","189","42","2"
"2016","07","080101","CUSCO","CUSCO","CUSCO","GOBIERNO REGIONAL","III-1","00002289","HOSPITAL DE APOYO DEPARTAMENTAL CUSCO","43","50","311","102","0","35","126","3","3","3","10","33","5","207","28","2"
"2016","11","080101","CUSCO","CUSCO","CUSCO","GOBIERNO REGIONAL","III-1","00002289","HOSPITAL DE APOYO DEPARTAMENTAL CUSCO","43","50","311","123","0","42","174","3","3","3","3","38","7","223","10","2"
"2016","10","080101","CUSCO","CUSCO","CUSCO","GOBIERNO REGIONAL","III-1","00002289","HOSPITAL DE APOYO DEPARTAMENTAL CUSCO","43","50","311","108","0","36","159","3","3","2","4","36","6","240","4","2"
"2016","02","080101","CUSCO","CUSCO","CUSCO","GOBIERNO REGIONAL","III-1","00002289","HOSPITAL DE APOYO DEPARTAMENTAL CUSCO","43","50","311","137","0","32","142","2","3","2","4","34","7","218","14","2"
"2016","01","080101","CUSCO","CUSCO","CUSCO","GOBIERNO REGIONAL","III-1","00002289","HOSPITAL DE APOYO DEPARTAMENTAL CUSCO","43","50","311","126","0","36","159","3","3","2","5","37","7","5","3","2"
"2016","05","080101","CUSCO","CUSCO","CUSCO","GOBIERNO REGIONAL","III-1","00002289","HOSPITAL DE APOYO DEPARTAMENTAL CUSCO","43","50","311","120","0","37","137","2","3","3","13","29","6","219","12","2"
"2016","12","080101","CUSCO","CUSCO","CUSCO","GOBIERNO REGIONAL","III-1","00002289","HOSPITAL DE APOYO DEPARTAMENTAL CUSCO","43","50","311","104","0","21","204","3","3","3","23","40","7","239","6","2"
"2016","09","080101","CUSCO","CUSCO","CUSCO","GOBIERNO REGIONAL","III-1","00002289","HOSPITAL DE APOYO DEPARTAMENTAL CUSCO","43","50","311","119","0","21","159","3","3","3","10","36","7","207","28","2"
"2016","06","080101","CUSCO","CUSCO","CUSCO","GOBIERNO REGIONAL","III-1","00002289","HOSPITAL DE APOYO DEPARTAMENTAL CUSCO","43","50","311","119","0","21","159","3","3","3","10","36","7","207","28","2"
"2016","12","080106","CUSCO","CUSCO","SANTIAGO","GOBIERNO REGIONAL","III-1","00002305","ANTONIO LORENA DEL CUSCO","37","45","192","142","0","10","157","3","4","2","1","33","9","344","68","3"
"2016","10","080106","CUSCO","CUSCO","SANTIAGO","GOBIERNO REGIONAL","III-1","00002305","ANTONIO LORENA DEL CUSCO","37","45","192","142","0","10","155","3","4","3","0","33","8","342","69","3"
"2016","11","080106","CUSCO","CUSCO","SANTIAGO","GOBIERNO REGIONAL","III-1","00002305","ANTONIO LORENA DEL CUSCO","37","45","192","141","0","10","157","3","4","2","1","33","9","345","68","3"
"2016","09","080106","CUSCO","CUSCO","SANTIAGO","GOBIERNO REGIONAL","III-1","00002305","ANTONIO LORENA DEL CUSCO","37","45","182","143","0","10","163","3","5","3","0","35","10","339","70","3"
"2016","08","080106","CUSCO","CUSCO","SANTIAGO","GOBIERNO REGIONAL","III-1","00002305","ANTONIO LORENA DEL CUSCO","36","43","182","143","0","10","161","3","5","2","0","35","10","345","68","3"
"2016","07","080106","CUSCO","CUSCO","SANTIAGO","GOBIERNO REGIONAL","III-1","00002305","ANTONIO LORENA DEL CUSCO","36","42","182","152","0","10","171","3","5","2","0","35","8","369","71","3"
"2016","06","080106","CUSCO","CUSCO","SANTIAGO","GOBIERNO REGIONAL","III-1","00002305","ANTONIO LORENA DEL CUSCO","36","42","182","157","0","8","166","3","5","2","1","36","9","375","23","3"
"2016","05","080106","CUSCO","CUSCO","SANTIAGO","GOBIERNO REGIONAL","III-1","00002305","ANTONIO LORENA DEL CUSCO","36","42","182","157","0","8","166","3","5","2","1","36","9","376","23","3"
"2016","04","080106","CUSCO","CUSCO","SANTIAGO","GOBIERNO REGIONAL","III-1","00002305","ANTONIO LORENA DEL CUSCO","36","42","182","159","0","8","166","3","5","2","1","36","9","377","23","3"
"2016","01","080106","CUSCO","CUSCO","SANTIAGO","GOBIERNO REGIONAL","III-1","00002305","ANTONIO LORENA DEL CUSCO","36","30","181","161","0","8","166","3","5","2","0","38","10","441","26","3"
"2016","02","080106","CUSCO","CUSCO","SANTIAGO","GOBIERNO REGIONAL","III-1","00002305","ANTONIO LORENA DEL CUSCO","36","30","182","161","0","8","166","3","5","2","0","38","10","441","26","3"
"2016","03","080106","CUSCO","CUSCO","SANTIAGO","GOBIERNO REGIONAL","III-1","00002305","ANTONIO LORENA DEL CUSCO","36","42","182","159","0","8","166","3","5","2","0","36","9","420","24","3"
"2016","12","080601","CUSCO","CANCHIS","SICUANI","GOBIERNO REGIONAL","II-1","00002378","SICUANI","14","21","80","31","0","0","48","4","5","3","1","20","3","86","14","1"
"2016","10","080601","CUSCO","CANCHIS","SICUANI","GOBIERNO REGIONAL","II-1","00002378","SICUANI","14","21","80","31","0","0","42","3","4","2","1","19","3","77","10","1"
"2016","11","080601","CUSCO","CANCHIS","SICUANI","GOBIERNO REGIONAL","II-1","00002378","SICUANI","14","21","80","31","0","0","48","4","5","3","1","21","3","84","14","1"
"2016","09","080601","CUSCO","CANCHIS","SICUANI","GOBIERNO REGIONAL","II-1","00002378","SICUANI","14","21","80","31","0","0","42","3","4","2","1","19","3","79","10","1"
"2016","06","080601","CUSCO","CANCHIS","SICUANI","GOBIERNO REGIONAL","II-1","00002378","SICUANI","14","21","80","32","0","0","42","3","2","2","1","20","3","83","14","1"
"2016","08","080601","CUSCO","CANCHIS","SICUANI","GOBIERNO REGIONAL","II-1","00002378","SICUANI","14","21","80","31","0","0","42","3","4","2","1","19","3","79","14","1"
"2016","07","080601","CUSCO","CANCHIS","SICUANI","GOBIERNO REGIONAL","II-1","00002378","SICUANI","14","21","80","32","0","0","42","3","2","2","1","20","3","83","14","1"
"2016","12","080701","CUSCO","CHUMBIVILCAS","SANTO TOMAS","GOBIERNO REGIONAL","II-1","00002398","SANTO TOMAS","8","16","35","10","0","0","12","3","3","1","0","10","2","20","3","1"
"2016","11","080701","CUSCO","CHUMBIVILCAS","SANTO TOMAS","GOBIERNO REGIONAL","II-1","00002398","SANTO TOMAS","8","16","35","13","0","0","12","3","3","1","0","10","2","20","3","1"
"2016","10","080701","CUSCO","CHUMBIVILCAS","SANTO TOMAS","GOBIERNO REGIONAL","II-1","00002398","SANTO TOMAS","8","16","35","10","0","0","12","3","3","1","0","10","2","20","3","1"
"2016","09","080701","CUSCO","CHUMBIVILCAS","SANTO TOMAS","GOBIERNO REGIONAL","II-1","00002398","SANTO TOMAS","8","16","35","10","0","0","13","3","2","1","0","10","2","20","3","1"
"2016","07","080701","CUSCO","CHUMBIVILCAS","SANTO TOMAS","GOBIERNO REGIONAL","II-1","00002398","SANTO TOMAS","8","16","35","8","0","0","14","3","3","1","0","10","1","20","8","1"
"2016","08","080701","CUSCO","CHUMBIVILCAS","SANTO TOMAS","GOBIERNO REGIONAL","II-1","00002398","SANTO TOMAS","8","16","35","10","0","0","12","3","3","1","0","10","2","20","3","1"
"2016","06","080701","CUSCO","CHUMBIVILCAS","SANTO TOMAS","GOBIERNO REGIONAL","II-1","00002398","SANTO TOMAS","8","16","35","8","0","0","14","3","3","1","0","10","1","20","8","1"
"2016","12","080901","CUSCO","LA CONVENCION","SANTA ANA","GOBIERNO REGIONAL","II-1","00002421","QUILLABAMBA","6","11","116","31","0","0","50","3","3","14","1","19","9","67","39","2"
"2016","11","080901","CUSCO","LA CONVENCION","SANTA ANA","GOBIERNO REGIONAL","II-1","00002421","QUILLABAMBA","6","11","116","31","0","0","50","3","3","14","1","19","9","67","39","2"
"2016","10","080901","CUSCO","LA CONVENCION","SANTA ANA","GOBIERNO REGIONAL","II-1","00002421","QUILLABAMBA","6","11","116","29","0","0","47","2","2","13","1","19","9","67","35","2"
"2016","09","080901","CUSCO","LA CONVENCION","SANTA ANA","GOBIERNO REGIONAL","II-1","00002421","QUILLABAMBA","6","11","116","29","0","0","47","2","2","13","1","19","9","67","35","2"
"2016","07","080901","CUSCO","LA CONVENCION","SANTA ANA","GOBIERNO REGIONAL","II-1","00002421","QUILLABAMBA","6","11","116","29","0","0","47","2","2","13","1","19","9","67","34","2"
"2016","08","080901","CUSCO","LA CONVENCION","SANTA ANA","GOBIERNO REGIONAL","II-1","00002421","QUILLABAMBA","6","11","116","29","0","0","47","2","2","13","1","19","9","67","35","2"
"2016","08","200501","PIURA","PAITA","PAITA","GOBIERNO REGIONAL","II-1","00002021","HOSPITAL NUESTRA SEÑORA DE LAS MERCEDES - PAITA","20","19","81","75","0","0","84","3","2","5","18","40","4","166","3","3"
"2016","07","200501","PIURA","PAITA","PAITA","GOBIERNO REGIONAL","II-1","00002021","HOSPITAL NUESTRA SEÑORA DE LAS MERCEDES - PAITA","20","19","81","75","0","0","84","3","2","5","18","40","4","166","3","3"
"2016","06","200501","PIURA","PAITA","PAITA","GOBIERNO REGIONAL","II-1","00002021","HOSPITAL NUESTRA SEÑORA DE LAS MERCEDES - PAITA","14","1","70","27","0","0","74","3","1","5","18","38","4","248","5","3"
"2016","09","200501","PIURA","PAITA","PAITA","GOBIERNO REGIONAL","II-1","00002021","HOSPITAL NUESTRA SEÑORA DE LAS MERCEDES - PAITA","20","19","79","80","0","0","74","3","2","5","17","38","3","173","5","3"
"2016","11","200501","PIURA","PAITA","PAITA","GOBIERNO REGIONAL","II-1","00002021","HOSPITAL NUESTRA SEÑORA DE LAS MERCEDES - PAITA","20","19","79","79","0","0","74","3","2","5","18","38","3","173","5","3"
"2016","12","200501","PIURA","PAITA","PAITA","GOBIERNO REGIONAL","II-1","00002021","HOSPITAL NUESTRA SEÑORA DE LAS MERCEDES - PAITA","20","19","79","79","0","0","74","3","2","5","18","38","3","173","5","3"
"2016","10","200501","PIURA","PAITA","PAITA","GOBIERNO REGIONAL","II-1","00002021","HOSPITAL NUESTRA SEÑORA DE LAS MERCEDES - PAITA","20","19","79","79","0","0","74","3","2","5","18","38","3","173","5","3"
"2016","12","180301","MOQUEGUA","ILO","ILO","GOBIERNO REGIONAL","II-1","00002818","HOSPITAL ILO","9","11","45","22","0","0","38","3","3","2","1","17","3","109","18","1"
"2016","11","180301","MOQUEGUA","ILO","ILO","GOBIERNO REGIONAL","II-1","00002818","HOSPITAL ILO","9","11","45","22","0","0","38","3","3","2","1","17","3","109","18","1"
"2016","10","180301","MOQUEGUA","ILO","ILO","GOBIERNO REGIONAL","II-1","00002818","HOSPITAL ILO","9","11","45","22","0","0","38","3","3","2","1","17","3","109","18","1"
"2016","09","180301","MOQUEGUA","ILO","ILO","GOBIERNO REGIONAL","II-1","00002818","HOSPITAL ILO","9","11","45","21","0","0","38","3","3","2","1","17","3","109","18","1"
"2016","08","180301","MOQUEGUA","ILO","ILO","GOBIERNO REGIONAL","II-1","00002818","HOSPITAL ILO","9","11","45","21","0","0","38","3","3","2","1","17","3","109","18","1"
"2016","07","180301","MOQUEGUA","ILO","ILO","GOBIERNO REGIONAL","II-1","00002818","HOSPITAL ILO","9","11","45","21","0","0","38","3","3","2","1","17","3","109","18","1"
"2016","05","180301","MOQUEGUA","ILO","ILO","GOBIERNO REGIONAL","II-1","00002818","HOSPITAL ILO","9","11","45","56","0","0","43","6","3","2","1","17","4","119","21","1"
"2016","06","180301","MOQUEGUA","ILO","ILO","GOBIERNO REGIONAL","II-1","00002818","HOSPITAL ILO","9","11","45","20","0","0","37","3","3","2","1","17","3","109","18","1"
"2016","03","180301","MOQUEGUA","ILO","ILO","GOBIERNO REGIONAL","II-1","00002818","HOSPITAL ILO","9","11","45","18","0","0","37","3","3","2","1","17","3","109","18","1"
"2016","04","180301","MOQUEGUA","ILO","ILO","GOBIERNO REGIONAL","II-1","00002818","HOSPITAL ILO","9","11","45","18","0","0","37","3","3","2","1","17","3","109","18","1"
"2016","12","050701","AYACUCHO","PARINACOCHAS","CORACORA","GOBIERNO REGIONAL","II-1","00003523","HOSPITAL DE APOYO DE CORACORA","15","18","50","24","0","0","25","5","1","2","0","18","3","44","10","2"
"2016","10","050701","AYACUCHO","PARINACOCHAS","CORACORA","GOBIERNO REGIONAL","II-1","00003523","HOSPITAL DE APOYO DE CORACORA","15","18","50","25","0","0","24","5","1","2","0","17","3","44","0","1"
"2016","11","050701","AYACUCHO","PARINACOCHAS","CORACORA","GOBIERNO REGIONAL","II-1","00003523","HOSPITAL DE APOYO DE CORACORA","15","18","50","24","0","0","25","5","1","2","0","18","3","44","0","2"
"2016","09","050701","AYACUCHO","PARINACOCHAS","CORACORA","GOBIERNO REGIONAL","II-1","00003523","HOSPITAL DE APOYO DE CORACORA","15","18","50","25","0","0","24","5","1","2","0","17","3","44","0","2"
"2016","08","050701","AYACUCHO","PARINACOCHAS","CORACORA","GOBIERNO REGIONAL","II-1","00003523","HOSPITAL DE APOYO DE CORACORA","15","18","50","23","0","0","24","5","2","2","0","17","3","44","0","2"
"2016","07","050701","AYACUCHO","PARINACOCHAS","CORACORA","GOBIERNO REGIONAL","II-1","00003523","HOSPITAL DE APOYO DE CORACORA","13","16","43","23","0","0","25","5","2","2","0","16","2","0","14","2"
"2016","06","050701","AYACUCHO","PARINACOCHAS","CORACORA","GOBIERNO REGIONAL","II-1","00003523","HOSPITAL DE APOYO DE CORACORA","13","16","50","23","0","0","24","5","2","2","0","16","2","0","14","2"
"2016","05","050701","AYACUCHO","PARINACOCHAS","CORACORA","GOBIERNO REGIONAL","II-1","00003523","HOSPITAL DE APOYO DE CORACORA","13","16","50","23","0","0","24","5","2","2","0","16","2","0","14","2"
"2016","04","050701","AYACUCHO","PARINACOCHAS","CORACORA","GOBIERNO REGIONAL","II-1","00003523","HOSPITAL DE APOYO DE CORACORA","17","15","50","17","0","0","21","6","2","2","0","12","3","31","50","2"
"2016","12","210303","PUNO","CARABAYA","AYAPATA","GOBIERNO REGIONAL","I-4","00002965","AYAPATA","3","3","9","2","0","0","2","1","0","1","0","2","0","1","4","1"
"2016","11","110101","ICA","ICA","ICA","GOBIERNO REGIONAL","II-2","00003358","REGIONAL DE ICA","53","58","218","187","0","39","160","07","04","03","18","20","14","238","10","3"
"2016","10","110101","ICA","ICA","ICA","GOBIERNO REGIONAL","II-2","00003358","REGIONAL DE ICA","53","58","218","187","0","39","160","07","03","03","18","20","14","238","10","3"
"2016","09","110101","ICA","ICA","ICA","GOBIERNO REGIONAL","II-2","00003358","REGIONAL DE ICA","53","58","218","173","0","30","215","07","03","04","08","24","20","532","15","3"
"2016","07","110101","ICA","ICA","ICA","GOBIERNO REGIONAL","II-2","00003358","REGIONAL DE ICA","53","58","235","173","0","30","215","07","03","04","08","24","20","532","15","3"
"2016","08","110101","ICA","ICA","ICA","GOBIERNO REGIONAL","II-2","00003358","REGIONAL DE ICA","53","58","218","173","0","30","215","07","03","04","08","24","20","532","15","3"
"2016","06","110101","ICA","ICA","ICA","GOBIERNO REGIONAL","II-2","00003358","REGIONAL DE ICA","53","58","235","173","0","30","215","07","03","04","08","24","20","532","15","3"
"2016","05","110101","ICA","ICA","ICA","GOBIERNO REGIONAL","II-2","00003358","REGIONAL DE ICA","53","58","235","165","0","30","153","07","03","04","08","20","11","301","14","3"
"2016","01","110101","ICA","ICA","ICA","GOBIERNO REGIONAL","II-2","00003358","REGIONAL DE ICA","53","58","235","165","0","30","153","07","03","04","08","20","11","304","15","3"
"2016","02","110101","ICA","ICA","ICA","GOBIERNO REGIONAL","II-2","00003358","REGIONAL DE ICA","53","58","235","165","0","30","154","07","03","04","08","20","11","298","15","3"
"2016","03","110101","ICA","ICA","ICA","GOBIERNO REGIONAL","II-2","00003358","REGIONAL DE ICA","53","58","235","165","0","30","154","07","03","04","08","20","11","298","14","3"
"2016","04","110101","ICA","ICA","ICA","GOBIERNO REGIONAL","II-2","00003358","REGIONAL DE ICA","53","58","235","165","0","30","153","07","03","04","08","20","11","301","14","3"
"2016","12","110101","ICA","ICA","ICA","GOBIERNO REGIONAL","II-1","00003359","SANTA MARIA DEL SOCORRO","35","39","109","75","0","22","87","6","6","3","16","31","7","136","10","5"
"2016","11","110101","ICA","ICA","ICA","GOBIERNO REGIONAL","II-1","00003359","SANTA MARIA DEL SOCORRO","35","39","109","75","0","22","87","6","6","3","16","31","7","136","10","5"
"2016","10","110101","ICA","ICA","ICA","GOBIERNO REGIONAL","II-1","00003359","SANTA MARIA DEL SOCORRO","35","39","127","80","0","22","79","6","4","3","16","28","9","133","11","5"
"2016","09","110101","ICA","ICA","ICA","GOBIERNO REGIONAL","II-1","00003359","SANTA MARIA DEL SOCORRO","35","39","127","82","0","22","86","5","4","3","18","34","14","136","18","5"
"2016","08","110101","ICA","ICA","ICA","GOBIERNO REGIONAL","II-1","00003359","SANTA MARIA DEL SOCORRO","35","39","127","79","0","22","78","6","2","3","18","31","14","151","18","11"
"2016","07","110101","ICA","ICA","ICA","GOBIERNO REGIONAL","II-1","00003359","SANTA MARIA DEL SOCORRO","35","39","127","78","9","27","80","6","2","2","18","31","9","132","11","5"
"2016","03","110101","ICA","ICA","ICA","GOBIERNO REGIONAL","II-1","00003359","SANTA MARIA DEL SOCORRO","35","39","127","122","3","22","103","8","4","2","16","37","15","169","14","5"
"2016","02","110101","ICA","ICA","ICA","GOBIERNO REGIONAL","II-1","00003359","SANTA MARIA DEL SOCORRO","35","39","127","122","3","22","103","8","4","2","16","37","15","169","14","5"
"2016","01","110101","ICA","ICA","ICA","GOBIERNO REGIONAL","II-1","00003359","SANTA MARIA DEL SOCORRO","35","39","127","122","3","22","103","8","4","2","16","37","15","169","14","5"
"2016","06","110101","ICA","ICA","ICA","GOBIERNO REGIONAL","II-1","00003359","SANTA MARIA DEL SOCORRO","35","39","127","82","0","22","79","6","2","2","17","29","9","133","11","5"
"2016","05","110101","ICA","ICA","ICA","GOBIERNO REGIONAL","II-1","00003359","SANTA MARIA DEL SOCORRO","35","39","127","122","3","22","103","8","4","2","16","37","15","169","14","5"
"2016","04","110101","ICA","ICA","ICA","GOBIERNO REGIONAL","II-1","00003359","SANTA MARIA DEL SOCORRO","35","39","127","122","3","22","103","8","4","2","16","37","15","169","14","5"
"2016","12","050101","AYACUCHO","HUAMANGA","AYACUCHO","GOBIERNO REGIONAL","II-2","00003543","HOSPITAL REGIONAL DE AYACUCHO ""MIGUEL ANGEL MARISCAL LLERENA""","43","43","260","134","0","10","151","3","5","2","6","76","5","4","62","2"
"2016","11","050101","AYACUCHO","HUAMANGA","AYACUCHO","GOBIERNO REGIONAL","II-2","00003543","HOSPITAL REGIONAL DE AYACUCHO ""MIGUEL ANGEL MARISCAL LLERENA""","21","24","211","127","0","14","194","3","6","2","3","57","7","202","297","3"
"2016","10","050101","AYACUCHO","HUAMANGA","AYACUCHO","GOBIERNO REGIONAL","II-2","00003543","HOSPITAL REGIONAL DE AYACUCHO ""MIGUEL ANGEL MARISCAL LLERENA""","21","24","211","127","0","14","194","3","6","2","3","57","7","202","297","3"
"2016","09","050101","AYACUCHO","HUAMANGA","AYACUCHO","GOBIERNO REGIONAL","II-2","00003543","HOSPITAL REGIONAL DE AYACUCHO ""MIGUEL ANGEL MARISCAL LLERENA""","21","24","211","127","0","14","194","3","6","2","3","57","7","202","297","3"
"2016","07","050101","AYACUCHO","HUAMANGA","AYACUCHO","GOBIERNO REGIONAL","II-2","00003543","HOSPITAL REGIONAL DE AYACUCHO ""MIGUEL ANGEL MARISCAL LLERENA""","21","24","21","114","0","14","187","3","5","2","1","54","6","175","312","3"
"2016","08","050101","AYACUCHO","HUAMANGA","AYACUCHO","GOBIERNO REGIONAL","II-2","00003543","HOSPITAL REGIONAL DE AYACUCHO ""MIGUEL ANGEL MARISCAL LLERENA""","21","24","21","114","0","14","187","3","5","2","1","54","6","175","312","3"
"2016","06","050101","AYACUCHO","HUAMANGA","AYACUCHO","GOBIERNO REGIONAL","II-2","00003543","HOSPITAL REGIONAL DE AYACUCHO ""MIGUEL ANGEL MARISCAL LLERENA""","21","24","21","120","0","14","185","3","5","2","2","54","6","4","482","3"
"2016","05","050101","AYACUCHO","HUAMANGA","AYACUCHO","GOBIERNO REGIONAL","II-2","00003543","HOSPITAL REGIONAL DE AYACUCHO ""MIGUEL ANGEL MARISCAL LLERENA""","21","24","21","120","0","14","185","3","5","2","2","54","6","4","482","3"
"2016","01","050101","AYACUCHO","HUAMANGA","AYACUCHO","GOBIERNO REGIONAL","II-2","00003543","HOSPITAL REGIONAL DE AYACUCHO ""MIGUEL ANGEL MARISCAL LLERENA""","35","35","210","129","1","15","184","3","5","3","3","51","6","200","27","4"
"2016","04","050101","AYACUCHO","HUAMANGA","AYACUCHO","GOBIERNO REGIONAL","II-2","00003543","HOSPITAL REGIONAL DE AYACUCHO ""MIGUEL ANGEL MARISCAL LLERENA""","21","24","21","120","0","14","185","3","5","2","2","54","6","4","482","3"
"2016","03","050101","AYACUCHO","HUAMANGA","AYACUCHO","GOBIERNO REGIONAL","II-2","00003543","HOSPITAL REGIONAL DE AYACUCHO ""MIGUEL ANGEL MARISCAL LLERENA""","21","24","21","94","0","14","181","3","5","2","4","53","5","195","53","4"
"2016","12","210101","PUNO","PUNO","PUNO","GOBIERNO REGIONAL","II-2","00003251","MANUEL NUÑEZ BUTRON","23","23","215","69","0","38","131","4","5","5","3","21","6","292","94","4"
"2016","11","210101","PUNO","PUNO","PUNO","GOBIERNO REGIONAL","II-2","00003251","MANUEL NUÑEZ BUTRON","23","23","215","69","0","38","131","4","5","5","3","21","6","292","94","4"
"2016","10","210101","PUNO","PUNO","PUNO","GOBIERNO REGIONAL","II-2","00003251","MANUEL NUÑEZ BUTRON","23","23","215","69","0","38","131","4","5","5","3","21","6","292","94","4"
"2016","09","210101","PUNO","PUNO","PUNO","GOBIERNO REGIONAL","II-2","00003251","MANUEL NUÑEZ BUTRON","23","23","215","63","0","38","128","4","5","5","3","23","6","284","93","4"
"2016","08","210101","PUNO","PUNO","PUNO","GOBIERNO REGIONAL","II-2","00003251","MANUEL NUÑEZ BUTRON","23","23","215","63","0","35","128","4","5","5","3","23","6","284","93","4"
"2016","07","210101","PUNO","PUNO","PUNO","GOBIERNO REGIONAL","II-2","00003251","MANUEL NUÑEZ BUTRON","23","23","215","63","0","32","119","4","5","5","2","23","6","278","94","4"
"2016","05","210101","PUNO","PUNO","PUNO","GOBIERNO REGIONAL","II-2","00003251","MANUEL NUÑEZ BUTRON","23","23","215","63","0","27","119","4","5","5","2","23","6","280","94","4"
"2016","06","210101","PUNO","PUNO","PUNO","GOBIERNO REGIONAL","II-2","00003251","MANUEL NUÑEZ BUTRON","23","23","215","63","0","27","119","4","5","5","2","23","6","278","94","4"
"2016","04","210101","PUNO","PUNO","PUNO","GOBIERNO REGIONAL","II-2","00003251","MANUEL NUÑEZ BUTRON","23","23","215","62","0","27","119","4","5","5","2","23","6","280","94","4"
"2016","12","050115","AYACUCHO","HUAMANGA","JESUS NAZARENO","GOBIERNO REGIONAL","II-E","00003575","HOSPITAL DE APOYO JESUS NAZARENO","21","21","24","30","01","01","31","06","02","0","0","21","03","30","12","01"
"2016","11","050115","AYACUCHO","HUAMANGA","JESUS NAZARENO","GOBIERNO REGIONAL","II-E","00003575","HOSPITAL DE APOYO JESUS NAZARENO","21","21","24","30","01","01","30","06","02","0","0","21","03","30","12","01"
"2016","10","050115","AYACUCHO","HUAMANGA","JESUS NAZARENO","GOBIERNO REGIONAL","II-E","00003575","HOSPITAL DE APOYO JESUS NAZARENO","21","21","24","30","01","01","30","06","02","0","0","21","03","30","12","01"
"2016","09","050115","AYACUCHO","HUAMANGA","JESUS NAZARENO","GOBIERNO REGIONAL","II-E","00003575","HOSPITAL DE APOYO JESUS NAZARENO","21","21","24","29","01","02","30","06","02","0","0","21","03","30","12","01"
"2016","08","050115","AYACUCHO","HUAMANGA","JESUS NAZARENO","GOBIERNO REGIONAL","II-E","00003575","HOSPITAL DE APOYO JESUS NAZARENO","21","21","24","30","01","04","31","06","02","0","0","20","03","30","12","01"
"2016","07","050115","AYACUCHO","HUAMANGA","JESUS NAZARENO","GOBIERNO REGIONAL","II-E","00003575","HOSPITAL DE APOYO JESUS NAZARENO","21","21","24","26","01","02","30","05","02","0","0","20","03","30","12","01"
"2016","06","050115","AYACUCHO","HUAMANGA","JESUS NAZARENO","GOBIERNO REGIONAL","II-E","00003575","HOSPITAL DE APOYO JESUS NAZARENO","21","20","24","22","01","0","30","05","02","0","0","20","03","30","12","01"
"2016","05","050115","AYACUCHO","HUAMANGA","JESUS NAZARENO","GOBIERNO REGIONAL","II-E","00003575","HOSPITAL DE APOYO JESUS NAZARENO","21","20","24","23","01","01","30","05","02","0","0","20","03","30","12","01"
"2016","04","050115","AYACUCHO","HUAMANGA","JESUS NAZARENO","GOBIERNO REGIONAL","II-E","00003575","HOSPITAL DE APOYO JESUS NAZARENO","20","15","22","32","01","09","29","05","02","0","0","19","03","08","60","01"
"2016","12","110207","ICA","CHINCHA","PUEBLO NUEVO","GOBIERNO REGIONAL","I-4","00003419","PUEBLO NUEVO","2","2","4","8","0","0","8","2","2","1","1","11","3","10","3","1"
"2016","11","110207","ICA","CHINCHA","PUEBLO NUEVO","GOBIERNO REGIONAL","I-4","00003419","PUEBLO NUEVO","2","2","4","10","0","0","11","2","3","1","0","10","3","11","0","1"
"2016","10","110207","ICA","CHINCHA","PUEBLO NUEVO","GOBIERNO REGIONAL","I-4","00003419","PUEBLO NUEVO","2","2","4","10","0","0","11","2","3","1","0","10","3","11","0","1"
"2016","09","110207","ICA","CHINCHA","PUEBLO NUEVO","GOBIERNO REGIONAL","I-4","00003419","PUEBLO NUEVO","2","2","4","9","0","0","10","2","3","1","0","10","3","11","0","1"
"2016","08","110207","ICA","CHINCHA","PUEBLO NUEVO","GOBIERNO REGIONAL","I-4","00003419","PUEBLO NUEVO","2","2","4","9","0","0","12","3","2","1","0","10","3","11","0","1"
"2016","02","110207","ICA","CHINCHA","PUEBLO NUEVO","GOBIERNO REGIONAL","I-4","00003419","PUEBLO NUEVO","10","20","4","9","0","0","11","3","1","1","0","10","3","11","2","1"
"2016","01","110207","ICA","CHINCHA","PUEBLO NUEVO","GOBIERNO REGIONAL","I-4","00003419","PUEBLO NUEVO","10","20","4","10","0","0","13","3","1","1","0","11","3","11","2","1"
"2016","07","110207","ICA","CHINCHA","PUEBLO NUEVO","GOBIERNO REGIONAL","I-4","00003419","PUEBLO NUEVO","10","20","4","7","0","0","10","3","2","1","0","10","3","11","5","1"
"2016","06","110207","ICA","CHINCHA","PUEBLO NUEVO","GOBIERNO REGIONAL","I-4","00003419","PUEBLO NUEVO","10","20","4","8","0","0","10","3","2","1","0","8","3","11","5","1"
"2016","05","110207","ICA","CHINCHA","PUEBLO NUEVO","GOBIERNO REGIONAL","I-4","00003419","PUEBLO NUEVO","10","20","4","10","0","0","13","3","1","1","0","12","3","11","5","1"
"2016","04","110207","ICA","CHINCHA","PUEBLO NUEVO","GOBIERNO REGIONAL","I-4","00003419","PUEBLO NUEVO","10","20","4","9","0","0","12","3","1","1","0","10","3","11","2","1"
"2016","03","110207","ICA","CHINCHA","PUEBLO NUEVO","GOBIERNO REGIONAL","I-4","00003419","PUEBLO NUEVO","10","20","4","8","0","0","12","3","1","1","0","12","3","11","2","1"
"2016","12","230101","TACNA","TACNA","TACNA","GOBIERNO REGIONAL","II-2","00002864","HOSPITAL HIPOLITO UNANUE DE TACNA","45","68","224","114","0","15","171","4","7","3","2","41","5","49","33","10"
"2016","11","230101","TACNA","TACNA","TACNA","GOBIERNO REGIONAL","II-2","00002864","HOSPITAL HIPOLITO UNANUE DE TACNA","45","68","224","115","0","15","171","4","6","4","2","38","6","49","13","10"
"2016","10","230101","TACNA","TACNA","TACNA","GOBIERNO REGIONAL","II-2","00002864","HOSPITAL HIPOLITO UNANUE DE TACNA","45","68","224","117","0","15","165","4","6","4","1","38","6","48","13","10"
"2016","09","230101","TACNA","TACNA","TACNA","GOBIERNO REGIONAL","II-2","00002864","HOSPITAL HIPOLITO UNANUE DE TACNA","45","68","224","125","0","11","162","4","7","3","1","35","6","55","30","10"
"2016","08","230101","TACNA","TACNA","TACNA","GOBIERNO REGIONAL","II-2","00002864","HOSPITAL HIPOLITO UNANUE DE TACNA","45","68","224","125","0","11","162","4","7","3","1","35","6","55","27","10"
"2016","07","230101","TACNA","TACNA","TACNA","GOBIERNO REGIONAL","II-2","00002864","HOSPITAL HIPOLITO UNANUE DE TACNA","45","57","224","109","0","8","164","4","6","3","1","36","7","48","44","10"
"2016","03","230101","TACNA","TACNA","TACNA","GOBIERNO REGIONAL","II-2","00002864","HOSPITAL HIPOLITO UNANUE DE TACNA","45","57","224","94","10","10","148","4","4","1","1","35","4","48","12","10"
"2016","05","230101","TACNA","TACNA","TACNA","GOBIERNO REGIONAL","II-2","00002864","HOSPITAL HIPOLITO UNANUE DE TACNA","45","57","224","108","0","7","160","4","4","3","3","42","6","48","32","10"
"2016","06","230101","TACNA","TACNA","TACNA","GOBIERNO REGIONAL","II-2","00002864","HOSPITAL HIPOLITO UNANUE DE TACNA","45","57","224","109","0","8","163","4","4","3","3","42","4","48","60","10"
"2016","04","230101","TACNA","TACNA","TACNA","GOBIERNO REGIONAL","II-2","00002864","HOSPITAL HIPOLITO UNANUE DE TACNA","45","57","224","94","10","10","148","4","4","1","1","35","4","48","12","10"
"2016","12","110301","ICA","NAZCA","NAZCA","GOBIERNO REGIONAL","II-1","00003443","RICARDO CRUZADO RIVAROLA DE NASCA","20","1495","65","35","0","0","75","5","4","5","7","29","10","253","26","4"
"2016","11","110301","ICA","NAZCA","NAZCA","GOBIERNO REGIONAL","II-1","00003443","RICARDO CRUZADO RIVAROLA DE NASCA","20","645","65","34","0","0","67","6","4","5","7","30","10","258","32","4"
"2016","10","110301","ICA","NAZCA","NAZCA","GOBIERNO REGIONAL","II-1","00003443","RICARDO CRUZADO RIVAROLA DE NASCA","19","685","63","31","0","0","62","6","4","5","7","28","10","241","31","4"
"2016","08","110301","ICA","NAZCA","NAZCA","GOBIERNO REGIONAL","II-1","00003443","RICARDO CRUZADO RIVAROLA DE NASCA","19","787","63","26","1","0","41","5","3","5","7","24","10","140","9","4"
"2016","09","110301","ICA","NAZCA","NAZCA","GOBIERNO REGIONAL","II-1","00003443","RICARDO CRUZADO RIVAROLA DE NASCA","20","725","63","34","1","0","58","5","4","5","7","29","10","154","10","4"
"2016","12","110401","ICA","PALPA","PALPA","GOBIERNO REGIONAL","I-4","00003458","DE APOYO DE PALPA","9","14","30","11","0","0","15","4","2","1","1","9","2","24","0","4"
"2016","11","110401","ICA","PALPA","PALPA","GOBIERNO REGIONAL","I-4","00003458","DE APOYO DE PALPA","9","14","30","11","0","0","10","2","2","1","0","8","2","23","0","4"
"2016","09","110401","ICA","PALPA","PALPA","GOBIERNO REGIONAL","I-4","00003458","DE APOYO DE PALPA","9","14","30","10","0","0","11","2","2","1","0","8","2","23","0","4"
"2016","10","110401","ICA","PALPA","PALPA","GOBIERNO REGIONAL","I-4","00003458","DE APOYO DE PALPA","9","14","30","11","0","0","12","2","2","1","0","9","2","23","0","4"
"2016","08","110401","ICA","PALPA","PALPA","GOBIERNO REGIONAL","I-4","00003458","DE APOYO DE PALPA","9","14","30","11","0","0","10","2","2","1","0","8","2","23","0","4"
"2016","07","110401","ICA","PALPA","PALPA","GOBIERNO REGIONAL","I-4","00003458","DE APOYO DE PALPA","9","14","30","11","0","0","10","2","2","1","0","9","2","22","0","4"
"2016","05","110401","ICA","PALPA","PALPA","GOBIERNO REGIONAL","I-4","00003458","DE APOYO DE PALPA","9","9","30","11","0","0","13","2","2","1","2","9","2","41","0","4"
"2016","06","110401","ICA","PALPA","PALPA","GOBIERNO REGIONAL","I-4","00003458","DE APOYO DE PALPA","9","14","30","11","0","0","11","2","2","1","0","9","2","22","0","4"
"2016","04","110401","ICA","PALPA","PALPA","GOBIERNO REGIONAL","I-4","00003458","DE APOYO DE PALPA","9","14","30","10","0","0","11","3","2","1","0","8","2","20","0","4"
"2016","03","110401","ICA","PALPA","PALPA","GOBIERNO REGIONAL","I-4","00003458","DE APOYO DE PALPA","9","14","30","9","0","0","12","2","2","1","0","8","2","18","0","4"
"2016","02","110401","ICA","PALPA","PALPA","GOBIERNO REGIONAL","I-4","00003458","DE APOYO DE PALPA","9","14","30","11","0","0","12","3","2","1","0","8","2","20","0","4"
"2016","01","110401","ICA","PALPA","PALPA","GOBIERNO REGIONAL","I-4","00003458","DE APOYO DE PALPA","9","14","30","11","0","0","12","3","2","1","0","8","2","22","0","4"
"2016","11","110501","ICA","PISCO","PISCO","GOBIERNO REGIONAL","II-1","00003472","SAN JUAN DE DIOS ","14","17","88","77","0","9","94","3","2","2","8","22","8","98","4","2"
"2016","10","110501","ICA","PISCO","PISCO","GOBIERNO REGIONAL","II-1","00003472","SAN JUAN DE DIOS ","14","17","88","58","0","9","75","2","3","1","9","16","9","105","3","4"
"2016","09","110501","ICA","PISCO","PISCO","GOBIERNO REGIONAL","II-1","00003472","SAN JUAN DE DIOS ","14","17","88","58","0","6","78","2","3","1","10","18","10","111","3","4"
"2016","07","140101","LAMBAYEQUE","CHICLAYO","CHICLAYO","GOBIERNO REGIONAL","II-2","00004317","HOSPITAL REGIONAL DOCENTE LAS MERCEDES","27","32","215","92","0","44","110","3","2","6","6","23","3","278","23","2"
"2016","12","140101","LAMBAYEQUE","CHICLAYO","CHICLAYO","GOBIERNO REGIONAL","II-2","00004317","HOSPITAL REGIONAL DOCENTE LAS MERCEDES","26","32","214","94","0","46","198","3","3","7","29","38","5","382","24","2"
"2016","10","140101","LAMBAYEQUE","CHICLAYO","CHICLAYO","GOBIERNO REGIONAL","II-2","00004317","HOSPITAL REGIONAL DOCENTE LAS MERCEDES","27","32","215","92","0","44","110","3","2","6","6","23","3","278","23","2"
"2016","09","140101","LAMBAYEQUE","CHICLAYO","CHICLAYO","GOBIERNO REGIONAL","II-2","00004317","HOSPITAL REGIONAL DOCENTE LAS MERCEDES","27","32","215","92","0","44","110","3","2","6","6","23","3","278","23","2"
"2016","08","140101","LAMBAYEQUE","CHICLAYO","CHICLAYO","GOBIERNO REGIONAL","II-2","00004317","HOSPITAL REGIONAL DOCENTE LAS MERCEDES","27","32","215","92","0","44","110","3","2","6","6","23","3","278","23","2"
"2016","11","140101","LAMBAYEQUE","CHICLAYO","CHICLAYO","GOBIERNO REGIONAL","II-2","00004317","HOSPITAL REGIONAL DOCENTE LAS MERCEDES","32","37","228","94","0","44","118","3","2","6","7","25","3","287","24","2"
"2016","06","140101","LAMBAYEQUE","CHICLAYO","CHICLAYO","GOBIERNO REGIONAL","II-2","00004317","HOSPITAL REGIONAL DOCENTE LAS MERCEDES","32","26","228","92","0","44","110","3","2","6","6","23","3","278","23","2"
"2016","12","140102","LAMBAYEQUE","CHICLAYO","CHONGOYAPE","GOBIERNO REGIONAL","I-3","00004325","VICTOR ENRIQUE TIRADO BONILLA-CHONGOYAPE","17","26","8","4","0","0","6","2","1","0","0","10","0","13","2","1"
"2016","10","140102","LAMBAYEQUE","CHICLAYO","CHONGOYAPE","GOBIERNO REGIONAL","I-3","00004325","VICTOR ENRIQUE TIRADO BONILLA-CHONGOYAPE","17","26","8","4","0","0","7","2","1","0","0","12","0","13","2","1"
"2016","11","140102","LAMBAYEQUE","CHICLAYO","CHONGOYAPE","GOBIERNO REGIONAL","I-3","00004325","VICTOR ENRIQUE TIRADO BONILLA-CHONGOYAPE","17","26","8","4","0","0","7","2","1","0","0","11","0","13","2","1"
"2016","09","140102","LAMBAYEQUE","CHICLAYO","CHONGOYAPE","GOBIERNO REGIONAL","I-3","00004325","VICTOR ENRIQUE TIRADO BONILLA-CHONGOYAPE","17","26","8","4","0","0","6","2","1","0","0","11","0","13","2","1"
"2016","08","140102","LAMBAYEQUE","CHICLAYO","CHONGOYAPE","GOBIERNO REGIONAL","I-3","00004325","VICTOR ENRIQUE TIRADO BONILLA-CHONGOYAPE","17","26","8","5","0","0","5","2","1","0","0","9","0","13","2","1"
"2016","07","140102","LAMBAYEQUE","CHICLAYO","CHONGOYAPE","GOBIERNO REGIONAL","I-3","00004325","VICTOR ENRIQUE TIRADO BONILLA-CHONGOYAPE","17","26","8","5","0","0","6","2","1","0","0","9","0","19","2","1"
"2016","06","140102","LAMBAYEQUE","CHICLAYO","CHONGOYAPE","GOBIERNO REGIONAL","I-3","00004325","VICTOR ENRIQUE TIRADO BONILLA-CHONGOYAPE","15","15","8","5","0","0","6","2","1","0","0","9","0","19","2","1"
"2016","05","140102","LAMBAYEQUE","CHICLAYO","CHONGOYAPE","GOBIERNO REGIONAL","I-3","00004325","VICTOR ENRIQUE TIRADO BONILLA-CHONGOYAPE","15","15","8","5","0","0","6","2","1","0","0","10","0","19","1","1"
"2016","04","140102","LAMBAYEQUE","CHICLAYO","CHONGOYAPE","GOBIERNO REGIONAL","I-3","00004325","VICTOR ENRIQUE TIRADO BONILLA-CHONGOYAPE","15","15","8","5","0","0","3","2","1","0","0","5","0","19","1","1"
"2016","03","140102","LAMBAYEQUE","CHICLAYO","CHONGOYAPE","GOBIERNO REGIONAL","I-3","00004325","VICTOR ENRIQUE TIRADO BONILLA-CHONGOYAPE","15","15","8","5","0","0","3","2","1","0","0","5","0","19","1","1"
"2016","02","140102","LAMBAYEQUE","CHICLAYO","CHONGOYAPE","GOBIERNO REGIONAL","I-3","00004325","VICTOR ENRIQUE TIRADO BONILLA-CHONGOYAPE","15","15","8","5","0","0","3","2","1","0","0","5","0","19","1","1"
"2016","01","140102","LAMBAYEQUE","CHICLAYO","CHONGOYAPE","GOBIERNO REGIONAL","I-3","00004325","VICTOR ENRIQUE TIRADO BONILLA-CHONGOYAPE","15","15","8","4","0","0","3","2","1","0","0","5","0","19","1","1"
"2016","12","140106","LAMBAYEQUE","CHICLAYO","LA VICTORIA","GOBIERNO REGIONAL","I-3","00004329","EL BOSQUE","19","19","6","6","0","0","8","1","1","0","1","11","1","22","6","1"
"2016","11","140106","LAMBAYEQUE","CHICLAYO","LA VICTORIA","GOBIERNO REGIONAL","I-3","00004329","EL BOSQUE","19","19","6","6","0","0","8","1","1","0","1","11","1","22","6","1"
"2016","08","140106","LAMBAYEQUE","CHICLAYO","LA VICTORIA","GOBIERNO REGIONAL","I-3","00004329","EL BOSQUE","19","19","6","5","0","0","8","1","1","0","1","11","1","21","6","1"
"2016","07","140106","LAMBAYEQUE","CHICLAYO","LA VICTORIA","GOBIERNO REGIONAL","I-3","00004329","EL BOSQUE","19","19","6","5","0","0","8","1","1","0","1","11","1","21","6","1"
"2016","10","140106","LAMBAYEQUE","CHICLAYO","LA VICTORIA","GOBIERNO REGIONAL","I-3","00004329","EL BOSQUE","19","19","6","6","0","0","8","1","1","0","1","11","1","22","6","1"
"2016","09","140106","LAMBAYEQUE","CHICLAYO","LA VICTORIA","GOBIERNO REGIONAL","I-3","00004329","EL BOSQUE","19","19","6","5","0","0","8","1","1","0","1","11","1","21","6","1"
"2016","12","140105","LAMBAYEQUE","CHICLAYO","JOSE LEONARDO ORTIZ","GOBIERNO REGIONAL","I-3","00004331","JOSE LEONARDO ORTIZ","4","4","4","6","0","0","11","6","4","1","2","9","2","18","6","1"
"2016","11","140105","LAMBAYEQUE","CHICLAYO","JOSE LEONARDO ORTIZ","GOBIERNO REGIONAL","I-3","00004331","JOSE LEONARDO ORTIZ","4","8","4","7","0","0","11","6","5","1","3","9","3","19","6","1"
"2016","10","140105","LAMBAYEQUE","CHICLAYO","JOSE LEONARDO ORTIZ","GOBIERNO REGIONAL","I-3","00004331","JOSE LEONARDO ORTIZ","4","8","4","7","0","0","11","6","5","1","3","9","3","19","6","1"
"2016","09","140105","LAMBAYEQUE","CHICLAYO","JOSE LEONARDO ORTIZ","GOBIERNO REGIONAL","I-3","00004331","JOSE LEONARDO ORTIZ","4","8","4","7","0","0","11","6","5","1","3","9","3","19","6","1"
"2016","07","140105","LAMBAYEQUE","CHICLAYO","JOSE LEONARDO ORTIZ","GOBIERNO REGIONAL","I-3","00004331","JOSE LEONARDO ORTIZ","19","19","4","8","0","0","13","6","4","1","3","9","3","16","9","1"
"2016","08","140105","LAMBAYEQUE","CHICLAYO","JOSE LEONARDO ORTIZ","GOBIERNO REGIONAL","I-3","00004331","JOSE LEONARDO ORTIZ","4","8","4","7","0","0","11","6","5","1","3","9","3","19","6","1"
"2016","06","140105","LAMBAYEQUE","CHICLAYO","JOSE LEONARDO ORTIZ","GOBIERNO REGIONAL","I-3","00004331","JOSE LEONARDO ORTIZ","19","19","4","8","0","0","13","6","4","1","3","9","3","3","9","1"
"2016","05","140105","LAMBAYEQUE","CHICLAYO","JOSE LEONARDO ORTIZ","GOBIERNO REGIONAL","I-3","00004331","JOSE LEONARDO ORTIZ","19","19","4","8","0","0","11","5","4","1","3","10","2","2","7","1"
"2016","04","140105","LAMBAYEQUE","CHICLAYO","JOSE LEONARDO ORTIZ","GOBIERNO REGIONAL","I-3","00004331","JOSE LEONARDO ORTIZ","19","19","4","8","0","0","11","4","4","1","3","10","1","2","5","1"
"2016","12","140105","LAMBAYEQUE","CHICLAYO","JOSE LEONARDO ORTIZ","GOBIERNO REGIONAL","I-3","00004333","PAUL HARRIS","18","15","8","5","0","0","9","1","1","1","1","10","0","2","2","1"
"2016","10","140105","LAMBAYEQUE","CHICLAYO","JOSE LEONARDO ORTIZ","GOBIERNO REGIONAL","I-3","00004333","PAUL HARRIS","18","15","8","6","0","0","9","1","1","1","1","10","1","2","2","1"
"2016","11","140105","LAMBAYEQUE","CHICLAYO","JOSE LEONARDO ORTIZ","GOBIERNO REGIONAL","I-3","00004333","PAUL HARRIS","18","15","8","6","0","0","10","1","1","1","1","10","1","2","2","1"
"2016","09","140105","LAMBAYEQUE","CHICLAYO","JOSE LEONARDO ORTIZ","GOBIERNO REGIONAL","I-3","00004333","PAUL HARRIS","18","15","8","6","0","0","9","1","1","1","1","10","1","2","2","1"
"2016","08","140105","LAMBAYEQUE","CHICLAYO","JOSE LEONARDO ORTIZ","GOBIERNO REGIONAL","I-3","00004333","PAUL HARRIS","18","15","8","5","0","0","9","1","1","1","1","10","1","2","2","1"
"2016","07","140105","LAMBAYEQUE","CHICLAYO","JOSE LEONARDO ORTIZ","GOBIERNO REGIONAL","I-3","00004333","PAUL HARRIS","18","15","8","5","0","0","9","1","1","1","1","10","1","2","2","1"
"2016","05","140105","LAMBAYEQUE","CHICLAYO","JOSE LEONARDO ORTIZ","GOBIERNO REGIONAL","I-3","00004333","PAUL HARRIS","17","17","8","4","0","0","6","3","1","1","1","10","0","2","2","1"
"2016","06","140105","LAMBAYEQUE","CHICLAYO","JOSE LEONARDO ORTIZ","GOBIERNO REGIONAL","I-3","00004333","PAUL HARRIS","18","15","8","5","0","0","9","4","1","1","1","10","1","2","2","1"
"2016","04","140105","LAMBAYEQUE","CHICLAYO","JOSE LEONARDO ORTIZ","GOBIERNO REGIONAL","I-3","00004333","PAUL HARRIS","17","17","8","4","0","0","6","3","1","1","1","10","0","2","2","1"
"2016","12","050601","AYACUCHO","LUCANAS","PUQUIO","GOBIERNO REGIONAL","II-1","00003727","HOSPITAL DE APOYO DE PUQUIO ""FELIPE HUAMÁN POMA DE AYALA""","11","11","50","15","0","0","30","6","3","2","1","16","4","51","16","3"
"2016","10","050601","AYACUCHO","LUCANAS","PUQUIO","GOBIERNO REGIONAL","II-1","00003727","HOSPITAL DE APOYO DE PUQUIO ""FELIPE HUAMÁN POMA DE AYALA""","11","11","50","15","0","0","22","4","2","2","1","16","4","42","0","3"
"2016","11","050601","AYACUCHO","LUCANAS","PUQUIO","GOBIERNO REGIONAL","II-1","00003727","HOSPITAL DE APOYO DE PUQUIO ""FELIPE HUAMÁN POMA DE AYALA""","11","11","50","0","0","0","30","6","2","2","1","16","4","43","15","3"
"2016","09","050601","AYACUCHO","LUCANAS","PUQUIO","GOBIERNO REGIONAL","II-1","00003727","HOSPITAL DE APOYO DE PUQUIO ""FELIPE HUAMÁN POMA DE AYALA""","12","12","50","14","0","0","19","5","2","2","1","15","4","43","0","3"
"2016","07","050601","AYACUCHO","LUCANAS","PUQUIO","GOBIERNO REGIONAL","II-1","00003727","HOSPITAL DE APOYO DE PUQUIO ""FELIPE HUAMÁN POMA DE AYALA""","11","11","50","14","0","0","22","4","2","2","1","16","4","42","9","3"
"2016","08","050601","AYACUCHO","LUCANAS","PUQUIO","GOBIERNO REGIONAL","II-1","00003727","HOSPITAL DE APOYO DE PUQUIO ""FELIPE HUAMÁN POMA DE AYALA""","12","12","50","14","0","0","16","3","2","2","1","16","4","30","9","3"
"2016","05","050601","AYACUCHO","LUCANAS","PUQUIO","GOBIERNO REGIONAL","II-1","00003727","HOSPITAL DE APOYO DE PUQUIO ""FELIPE HUAMÁN POMA DE AYALA""","19","19","50","18","0","0","26","4","2","2","1","15","4","88","0","3"
"2016","06","050601","AYACUCHO","LUCANAS","PUQUIO","GOBIERNO REGIONAL","II-1","00003727","HOSPITAL DE APOYO DE PUQUIO ""FELIPE HUAMÁN POMA DE AYALA""","7","7","50","24","0","0","24","4","2","2","1","16","4","12","8","3"
"2016","04","050601","AYACUCHO","LUCANAS","PUQUIO","GOBIERNO REGIONAL","II-1","00003727","HOSPITAL DE APOYO DE PUQUIO ""FELIPE HUAMÁN POMA DE AYALA""","5","5","50","20","0","0","28","5","2","2","1","15","3","0","1","4"
"2016","12","090201","HUANCAVELICA","ACOBAMBA","ACOBAMBA","GOBIERNO REGIONAL","II-1","00003917","HOSPITAL PROVINCIAL DE ACOBAMBA","14","22","26","15","0","0","16","3","2","1","1","14","2","38","2","1"
"2016","11","090201","HUANCAVELICA","ACOBAMBA","ACOBAMBA","GOBIERNO REGIONAL","II-1","00003917","HOSPITAL PROVINCIAL DE ACOBAMBA","14","22","26","15","0","0","16","3","2","1","1","14","3","38","2","1"
"2016","10","090201","HUANCAVELICA","ACOBAMBA","ACOBAMBA","GOBIERNO REGIONAL","II-1","00003917","HOSPITAL PROVINCIAL DE ACOBAMBA","14","22","26","15","0","0","16","3","2","1","1","14","3","38","2","1"
"2016","08","090201","HUANCAVELICA","ACOBAMBA","ACOBAMBA","GOBIERNO REGIONAL","II-1","00003917","HOSPITAL PROVINCIAL DE ACOBAMBA","14","22","26","14","0","0","14","4","2","0","1","12","3","37","2","1"
"2016","09","090201","HUANCAVELICA","ACOBAMBA","ACOBAMBA","GOBIERNO REGIONAL","II-1","00003917","HOSPITAL PROVINCIAL DE ACOBAMBA","14","22","26","14","0","0","15","3","2","1","1","13","3","37","2","1"
"2016","07","090201","HUANCAVELICA","ACOBAMBA","ACOBAMBA","GOBIERNO REGIONAL","II-1","00003917","HOSPITAL PROVINCIAL DE ACOBAMBA","14","22","26","14","0","0","14","4","2","0","1","12","3","37","2","1"
"2016","06","090201","HUANCAVELICA","ACOBAMBA","ACOBAMBA","GOBIERNO REGIONAL","II-1","00003917","HOSPITAL PROVINCIAL DE ACOBAMBA","14","22","26","14","0","0","8","4","2","0","1","8","3","37","2","1"
"2016","05","090201","HUANCAVELICA","ACOBAMBA","ACOBAMBA","GOBIERNO REGIONAL","II-1","00003917","HOSPITAL PROVINCIAL DE ACOBAMBA","14","22","26","15","0","0","15","4","2","0","1","12","3","35","2","2"
"2016","12","090301","HUANCAVELICA","ANGARAES","LIRCAY","GOBIERNO REGIONAL","II-1","00003943","HOSPITAL DE LIRCAY","12","24","17","25","0","0","22","3","3","3","2","18","5","41","4","1"
"2016","10","090301","HUANCAVELICA","ANGARAES","LIRCAY","GOBIERNO REGIONAL","II-1","00003943","HOSPITAL DE LIRCAY","12","24","17","25","0","0","22","3","3","3","2","18","5","41","4","1"
"2016","11","090301","HUANCAVELICA","ANGARAES","LIRCAY","GOBIERNO REGIONAL","II-1","00003943","HOSPITAL DE LIRCAY","12","24","17","25","0","0","22","3","3","3","2","18","5","41","4","1"
"2016","09","090301","HUANCAVELICA","ANGARAES","LIRCAY","GOBIERNO REGIONAL","II-1","00003943","HOSPITAL DE LIRCAY","12","24","17","25","0","0","26","3","3","3","2","18","5","41","6","1"
"2016","07","090301","HUANCAVELICA","ANGARAES","LIRCAY","GOBIERNO REGIONAL","II-1","00003943","HOSPITAL DE LIRCAY","12","24","17","25","0","0","26","3","3","3","2","18","5","41","6","1"
"2016","08","090301","HUANCAVELICA","ANGARAES","LIRCAY","GOBIERNO REGIONAL","II-1","00003943","HOSPITAL DE LIRCAY","12","24","17","25","0","0","22","3","3","3","2","18","5","41","6","2"
"2016","06","090301","HUANCAVELICA","ANGARAES","LIRCAY","GOBIERNO REGIONAL","II-1","00003943","HOSPITAL DE LIRCAY","12","24","17","26","0","0","26","3","3","3","2","18","5","41","6","2"
"2016","05","090301","HUANCAVELICA","ANGARAES","LIRCAY","GOBIERNO REGIONAL","II-1","00003943","HOSPITAL DE LIRCAY","12","24","17","26","0","0","24","3","3","3","2","18","5","41","6","2"
"2016","03","090301","HUANCAVELICA","ANGARAES","LIRCAY","GOBIERNO REGIONAL","II-1","00003943","HOSPITAL DE LIRCAY","12","24","17","25","0","0","22","3","3","3","2","18","5","41","6","2"
"2016","04","090301","HUANCAVELICA","ANGARAES","LIRCAY","GOBIERNO REGIONAL","II-1","00003943","HOSPITAL DE LIRCAY","12","24","17","25","0","0","22","3","3","3","2","18","5","41","6","2"
"2016","12","030601","APURIMAC","CHINCHEROS","CHINCHEROS","GOBIERNO REGIONAL","II-1","00004140","HOSPITAL CHINCHEROS","11","11","23","3","0","0","13","2","1","1","1","9","2","25","4","2"
"2016","10","030601","APURIMAC","CHINCHEROS","CHINCHEROS","GOBIERNO REGIONAL","II-1","00004140","HOSPITAL CHINCHEROS","11","11","23","3","0","0","13","2","1","1","1","9","2","25","4","2"
"2016","11","030601","APURIMAC","CHINCHEROS","CHINCHEROS","GOBIERNO REGIONAL","II-1","00004140","HOSPITAL CHINCHEROS","11","11","23","3","0","0","13","2","1","1","1","9","2","25","4","2"
"2016","09","030601","APURIMAC","CHINCHEROS","CHINCHEROS","GOBIERNO REGIONAL","II-1","00004140","HOSPITAL CHINCHEROS","11","11","23","3","0","0","13","2","1","1","1","9","2","25","4","2"
"2016","07","030601","APURIMAC","CHINCHEROS","CHINCHEROS","GOBIERNO REGIONAL","II-1","00004140","HOSPITAL CHINCHEROS","14","14","23","5","0","0","9","2","1","1","1","5","1","2","19","2"
"2016","08","030601","APURIMAC","CHINCHEROS","CHINCHEROS","GOBIERNO REGIONAL","II-1","00004140","HOSPITAL CHINCHEROS","14","14","23","5","0","0","9","2","1","1","1","8","3","23","2","2"
"2016","06","030601","APURIMAC","CHINCHEROS","CHINCHEROS","GOBIERNO REGIONAL","II-1","00004140","HOSPITAL CHINCHEROS","14","14","23","5","0","0","9","2","1","1","1","5","1","2","19","2"
"2016","12","050407","AYACUCHO","HUANTA","SIVIA","GOBIERNO REGIONAL","II-1","00003770","APOYO SIVIA","11","11","14","8","0","0","7","2","1","0","0","8","2","15","4","1"
"2016","11","050407","AYACUCHO","HUANTA","SIVIA","GOBIERNO REGIONAL","II-1","00003770","APOYO SIVIA","11","11","14","9","0","0","6","2","1","0","0","8","2","15","4","1"
"2016","09","050407","AYACUCHO","HUANTA","SIVIA","GOBIERNO REGIONAL","II-1","00003770","APOYO SIVIA","11","11","14","9","0","0","6","2","1","0","0","7","2","15","5","1"
"2016","10","050407","AYACUCHO","HUANTA","SIVIA","GOBIERNO REGIONAL","II-1","00003770","APOYO SIVIA","11","11","14","9","0","0","6","2","1","0","0","8","2","15","6","1"
"2016","08","050407","AYACUCHO","HUANTA","SIVIA","GOBIERNO REGIONAL","II-1","00003770","APOYO SIVIA","11","11","14","9","0","0","5","2","1","0","0","7","2","14","5","1"
"2016","07","050407","AYACUCHO","HUANTA","SIVIA","GOBIERNO REGIONAL","II-1","00003770","APOYO SIVIA","11","11","14","9","0","0","5","2","1","0","0","7","2","14","5","1"
"2016","04","050407","AYACUCHO","HUANTA","SIVIA","GOBIERNO REGIONAL","II-1","00003770","APOYO SIVIA","11","11","14","0","0","0","5","2","1","0","0","5","2","0","0","1"
"2016","05","050407","AYACUCHO","HUANTA","SIVIA","GOBIERNO REGIONAL","II-1","00003770","APOYO SIVIA","11","11","14","0","0","0","5","2","1","0","0","5","2","0","0","1"
"2016","06","050407","AYACUCHO","HUANTA","SIVIA","GOBIERNO REGIONAL","II-1","00003770","APOYO SIVIA","11","11","14","9","0","0","5","2","1","0","0","5","2","7","4","1"
"2016","03","030210","APURIMAC","ANDAHUAYLAS","PAMPACHIRI","GOBIERNO REGIONAL","I-4","00004167","PAMPACHIRI","9","9","8","3","0","0","5","2","2","1","0","4","0","5","3","1"
"2016","12","050501","AYACUCHO","LA MAR","SAN MIGUEL","GOBIERNO REGIONAL","II-E","00003792","HOSPITAL DE APOYO  SAN MIGUEL","14","16","30","13","0","0","14","3","1","1","0","11","3","0","19","2"
"2016","11","050501","AYACUCHO","LA MAR","SAN MIGUEL","GOBIERNO REGIONAL","II-E","00003792","HOSPITAL DE APOYO  SAN MIGUEL","14","16","30","13","0","0","14","3","1","1","0","11","3","0","19","2"
"2016","10","050501","AYACUCHO","LA MAR","SAN MIGUEL","GOBIERNO REGIONAL","II-E","00003792","HOSPITAL DE APOYO  SAN MIGUEL","14","16","30","13","0","0","14","3","1","1","0","11","3","0","19","2"
"2016","09","050501","AYACUCHO","LA MAR","SAN MIGUEL","GOBIERNO REGIONAL","II-E","00003792","HOSPITAL DE APOYO  SAN MIGUEL","14","16","30","13","0","0","14","3","1","1","0","11","3","0","19","2"
"2016","07","050501","AYACUCHO","LA MAR","SAN MIGUEL","GOBIERNO REGIONAL","II-E","00003792","HOSPITAL DE APOYO  SAN MIGUEL","14","16","30","13","0","0","14","3","1","1","0","11","3","0","19","2"
"2016","08","050501","AYACUCHO","LA MAR","SAN MIGUEL","GOBIERNO REGIONAL","II-E","00003792","HOSPITAL DE APOYO  SAN MIGUEL","14","16","30","13","0","0","14","3","1","1","0","11","3","0","19","2"
"2016","06","050501","AYACUCHO","LA MAR","SAN MIGUEL","GOBIERNO REGIONAL","II-E","00003792","HOSPITAL DE APOYO  SAN MIGUEL","14","16","30","10","0","0","14","3","1","1","0","11","3","0","19","2"
"2016","05","050501","AYACUCHO","LA MAR","SAN MIGUEL","GOBIERNO REGIONAL","II-E","00003792","HOSPITAL DE APOYO  SAN MIGUEL","14","16","30","10","0","0","14","3","1","1","0","11","3","0","19","2"
"2016","04","050501","AYACUCHO","LA MAR","SAN MIGUEL","GOBIERNO REGIONAL","II-E","00003792","HOSPITAL DE APOYO  SAN MIGUEL","14","16","30","10","0","0","14","3","1","1","0","11","3","0","19","2"
"2016","08","090501","HUANCAVELICA","CHURCAMPA","CHURCAMPA","GOBIERNO REGIONAL","I-4","00003976","CHURCAMPA","11","11","8","7","0","0","7","3","1","0","2","6","0","14","2","2"
"2016","12","060801","CAJAMARCA","JAEN","JAEN","GOBIERNO REGIONAL","II-1","00004210","GRAL. JAEN","7","11","66","38","0","3","62","3","1","2","5","24","3","8","5","4"
"2016","11","060801","CAJAMARCA","JAEN","JAEN","GOBIERNO REGIONAL","II-1","00004210","GRAL. JAEN","7","11","66","38","0","3","62","3","1","2","5","24","3","8","5","4"
"2016","10","060801","CAJAMARCA","JAEN","JAEN","GOBIERNO REGIONAL","II-1","00004210","GRAL. JAEN","7","11","66","38","0","3","62","3","1","2","5","24","3","8","5","4"
"2016","09","060801","CAJAMARCA","JAEN","JAEN","GOBIERNO REGIONAL","II-1","00004210","GRAL. JAEN","7","11","66","38","0","3","62","3","2","2","5","23","3","8","5","4"
"2016","07","060801","CAJAMARCA","JAEN","JAEN","GOBIERNO REGIONAL","II-1","00004210","GRAL. JAEN","7","11","66","37","0","2","62","3","2","2","5","23","3","8","5","4"
"2016","08","060801","CAJAMARCA","JAEN","JAEN","GOBIERNO REGIONAL","II-1","00004210","GRAL. JAEN","7","11","66","38","0","3","62","3","2","2","5","23","3","8","5","4"
"2016","05","060801","CAJAMARCA","JAEN","JAEN","GOBIERNO REGIONAL","II-1","00004210","GRAL. JAEN","7","11","66","35","0","1","62","3","1","2","5","23","3","8","5","4"
"2016","06","060801","CAJAMARCA","JAEN","JAEN","GOBIERNO REGIONAL","II-1","00004210","GRAL. JAEN","7","11","66","35","0","1","62","3","2","2","5","23","3","8","5","4"
"2016","12","140301","LAMBAYEQUE","LAMBAYEQUE","LAMBAYEQUE","GOBIERNO REGIONAL","I-4","00004373","TORIBIA CASTRO CHIRINOS","13","13","6","6","0","2","9","3","2","1","0","9","2","15","3","0"
"2016","11","140301","LAMBAYEQUE","LAMBAYEQUE","LAMBAYEQUE","GOBIERNO REGIONAL","I-4","00004373","TORIBIA CASTRO CHIRINOS","13","13","6","6","0","2","8","3","2","1","0","9","2","15","2","0"
"2016","10","140301","LAMBAYEQUE","LAMBAYEQUE","LAMBAYEQUE","GOBIERNO REGIONAL","I-4","00004373","TORIBIA CASTRO CHIRINOS","13","13","6","6","0","2","8","3","2","1","0","9","2","15","2","0"
"2016","09","140301","LAMBAYEQUE","LAMBAYEQUE","LAMBAYEQUE","GOBIERNO REGIONAL","I-4","00004373","TORIBIA CASTRO CHIRINOS","13","13","6","6","0","2","8","3","2","1","0","9","2","15","7","0"
"2016","08","140301","LAMBAYEQUE","LAMBAYEQUE","LAMBAYEQUE","GOBIERNO REGIONAL","I-4","00004373","TORIBIA CASTRO CHIRINOS","13","13","6","6","0","2","10","3","2","1","0","8","1","15","7","0"
"2016","07","140301","LAMBAYEQUE","LAMBAYEQUE","LAMBAYEQUE","GOBIERNO REGIONAL","I-4","00004373","TORIBIA CASTRO CHIRINOS","13","13","6","6","0","2","10","3","2","1","0","8","1","15","7","0"
"2016","06","140301","LAMBAYEQUE","LAMBAYEQUE","LAMBAYEQUE","GOBIERNO REGIONAL","I-4","00004373","TORIBIA CASTRO CHIRINOS","13","13","6","6","0","2","10","3","2","1","0","8","1","15","7","0"
"2016","05","140301","LAMBAYEQUE","LAMBAYEQUE","LAMBAYEQUE","GOBIERNO REGIONAL","I-4","00004373","TORIBIA CASTRO CHIRINOS","13","13","6","7","0","2","11","2","2","1","0","7","1","12","4","1"
"2016","03","140301","LAMBAYEQUE","LAMBAYEQUE","LAMBAYEQUE","GOBIERNO REGIONAL","I-4","00004373","TORIBIA CASTRO CHIRINOS","13","13","6","7","0","2","11","2","2","1","0","7","1","12","4","1"
"2016","04","140301","LAMBAYEQUE","LAMBAYEQUE","LAMBAYEQUE","GOBIERNO REGIONAL","I-4","00004373","TORIBIA CASTRO CHIRINOS","13","13","6","7","0","2","11","2","2","1","0","7","1","12","4","1"
"2016","03","090401","HUANCAVELICA","CASTROVIRREYNA","CASTROVIRREYNA","GOBIERNO REGIONAL","I-4","00004002","CASTROVIRREYNA","12","13","9","6","0","0","7","3","1","1","2","8","0","11","4","1"
"2016","04","090401","HUANCAVELICA","CASTROVIRREYNA","CASTROVIRREYNA","GOBIERNO REGIONAL","I-4","00004002","CASTROVIRREYNA","12","13","9","6","0","0","7","3","1","1","0","7","0","11","4","1"
"2016","12","060802","CAJAMARCA","JAEN","BELLAVISTA","GOBIERNO REGIONAL","II-1","00004223","SAN JAVIER BELLAVISTA","4","4","15","8","0","0","8","2","1","0","1","4","1","22","6","1"
"2016","11","060802","CAJAMARCA","JAEN","BELLAVISTA","GOBIERNO REGIONAL","II-1","00004223","SAN JAVIER BELLAVISTA","4","4","15","8","0","0","8","2","1","0","1","3","1","22","9","1"
"2016","10","060802","CAJAMARCA","JAEN","BELLAVISTA","GOBIERNO REGIONAL","II-1","00004223","SAN JAVIER BELLAVISTA","4","4","15","8","0","0","8","1","1","0","1","4","1","22","9","1"
"2016","09","060802","CAJAMARCA","JAEN","BELLAVISTA","GOBIERNO REGIONAL","II-1","00004223","SAN JAVIER BELLAVISTA","4","4","15","8","0","0","8","1","1","0","1","4","1","22","8","1"
"2016","08","060802","CAJAMARCA","JAEN","BELLAVISTA","GOBIERNO REGIONAL","II-1","00004223","SAN JAVIER BELLAVISTA","4","4","29","8","0","0","8","1","1","0","1","3","1","22","9","1"
"2016","07","060802","CAJAMARCA","JAEN","BELLAVISTA","GOBIERNO REGIONAL","II-1","00004223","SAN JAVIER BELLAVISTA","4","5","19","8","0","0","8","1","1","0","0","3","0","28","4","1"
"2016","06","060802","CAJAMARCA","JAEN","BELLAVISTA","GOBIERNO REGIONAL","II-1","00004223","SAN JAVIER BELLAVISTA","4","5","19","8","0","0","8","1","1","0","0","3","0","28","4","1"
"2016","05","060802","CAJAMARCA","JAEN","BELLAVISTA","GOBIERNO REGIONAL","II-1","00004223","SAN JAVIER BELLAVISTA","4","5","19","8","0","0","8","1","1","0","0","4","0","28","4","1"
"2016","03","090118","HUANCAVELICA","HUANCAVELICA","ASCENSION","GOBIERNO REGIONAL","I-4","00003854","C.S. ASCENSION","10","10","12","7","0","0","13","3","3","0","0","9","2","19","10","2"
"2016","12","090701","HUANCAVELICA","TAYACAJA","PAMPAS","GOBIERNO REGIONAL","II-1","00004074","HOSPITAL DE PAMPAS","18","36","38","33","0","0","49","4","3","4","4","29","3","77","3","2"
"2016","11","090701","HUANCAVELICA","TAYACAJA","PAMPAS","GOBIERNO REGIONAL","II-1","00004074","HOSPITAL DE PAMPAS","18","36","38","40","0","0","51","4","3","4","6","29","3","72","3","2"
"2016","10","090701","HUANCAVELICA","TAYACAJA","PAMPAS","GOBIERNO REGIONAL","II-1","00004074","HOSPITAL DE PAMPAS","18","36","38","41","0","0","49","4","4","4","6","30","3","86","3","2"
"2016","09","090701","HUANCAVELICA","TAYACAJA","PAMPAS","GOBIERNO REGIONAL","II-1","00004074","HOSPITAL DE PAMPAS","20","40","38","42","0","0","46","4","3","4","6","26","3","88","3","2"
"2016","08","090701","HUANCAVELICA","TAYACAJA","PAMPAS","GOBIERNO REGIONAL","II-1","00004074","HOSPITAL DE PAMPAS","20","40","38","40","0","0","48","5","3","4","6","27","3","78","3","1"
"2016","07","090701","HUANCAVELICA","TAYACAJA","PAMPAS","GOBIERNO REGIONAL","II-1","00004074","HOSPITAL DE PAMPAS","19","38","38","42","1","0","48","5","2","4","4","27","3","83","3","1"
"2016","06","090701","HUANCAVELICA","TAYACAJA","PAMPAS","GOBIERNO REGIONAL","II-1","00004074","HOSPITAL DE PAMPAS","19","38","38","39","1","0","51","5","2","4","5","36","3","73","3","1"
"2016","05","090701","HUANCAVELICA","TAYACAJA","PAMPAS","GOBIERNO REGIONAL","II-1","00004074","HOSPITAL DE PAMPAS","19","38","38","40","0","0","49","4","5","2","5","31","3","70","4","1"
"2016","04","090701","HUANCAVELICA","TAYACAJA","PAMPAS","GOBIERNO REGIONAL","II-1","00004074","HOSPITAL DE PAMPAS","19","37","38","35","0","0","46","4","4","3","4","28","3","95","2","1"
"2016","03","090701","HUANCAVELICA","TAYACAJA","PAMPAS","GOBIERNO REGIONAL","II-1","00004074","HOSPITAL DE PAMPAS","19","37","38","31","0","0","46","4","4","3","4","29","3","103","4","1"
"2016","02","090701","HUANCAVELICA","TAYACAJA","PAMPAS","GOBIERNO REGIONAL","II-1","00004074","HOSPITAL DE PAMPAS","21","42","33","31","0","0","46","4","4","3","2","26","3","49","88","1"
"2016","12","130101","LA LIBERTAD","TRUJILLO","TRUJILLO","GOBIERNO REGIONAL","III-1","00005195","HOSPITAL BELEN DE TRUJILLO","48","50","292","227","0","26","196","2","3","10","6","22","9","275","17","2"
"2016","11","130101","LA LIBERTAD","TRUJILLO","TRUJILLO","GOBIERNO REGIONAL","III-1","00005195","HOSPITAL BELEN DE TRUJILLO","48","51","302","227","0","26","196","2","3","10","6","22","9","275","17","2"
"2016","10","130101","LA LIBERTAD","TRUJILLO","TRUJILLO","GOBIERNO REGIONAL","III-1","00005195","HOSPITAL BELEN DE TRUJILLO","48","54","280","194","0","26","193","2","3","9","6","22","9","276","17","2"
"2016","09","130101","LA LIBERTAD","TRUJILLO","TRUJILLO","GOBIERNO REGIONAL","III-1","00005195","HOSPITAL BELEN DE TRUJILLO","48","50","280","196","0","26","195","2","4","9","6","22","10","279","16","2"
"2016","07","130101","LA LIBERTAD","TRUJILLO","TRUJILLO","GOBIERNO REGIONAL","III-1","00005195","HOSPITAL BELEN DE TRUJILLO","47","51","280","206","0","26","190","2","4","9","6","20","9","276","17","2"
"2016","08","130101","LA LIBERTAD","TRUJILLO","TRUJILLO","GOBIERNO REGIONAL","III-1","00005195","HOSPITAL BELEN DE TRUJILLO","47","50","280","198","0","26","185","1","4","9","6","20","7","282","17","2"
"2016","05","130101","LA LIBERTAD","TRUJILLO","TRUJILLO","GOBIERNO REGIONAL","III-1","00005195","HOSPITAL BELEN DE TRUJILLO","47","49","280","229","0","26","195","2","4","10","6","20","9","275","18","2"
"2016","06","130101","LA LIBERTAD","TRUJILLO","TRUJILLO","GOBIERNO REGIONAL","III-1","00005195","HOSPITAL BELEN DE TRUJILLO","47","53","280","225","0","26","193","2","4","9","5","20","10","272","17","2"
"2016","03","130101","LA LIBERTAD","TRUJILLO","TRUJILLO","GOBIERNO REGIONAL","III-1","00005195","HOSPITAL BELEN DE TRUJILLO","47","48","280","229","0","26","192","2","4","9","5","19","8","278","18","2"
"2016","01","130101","LA LIBERTAD","TRUJILLO","TRUJILLO","GOBIERNO REGIONAL","III-1","00005195","HOSPITAL BELEN DE TRUJILLO","47","49","280","222","0","26","195","2","3","8","6","16","9","289","17","2"
"2016","02","130101","LA LIBERTAD","TRUJILLO","TRUJILLO","GOBIERNO REGIONAL","III-1","00005195","HOSPITAL BELEN DE TRUJILLO","47","48","280","234","0","26","190","2","4","9","6","18","9","285","17","2"
"2016","04","130101","LA LIBERTAD","TRUJILLO","TRUJILLO","GOBIERNO REGIONAL","III-1","00005195","HOSPITAL BELEN DE TRUJILLO","47","50","280","227","0","26","196","2","4","10","5","18","9","277","17","2"
"2016","12","130101","LA LIBERTAD","TRUJILLO","TRUJILLO","GOBIERNO REGIONAL","III-2","00005197","IRO","17","20","0","27","0","17","28","0","1","0","0","0","3","44","1","1"
"2016","11","130101","LA LIBERTAD","TRUJILLO","TRUJILLO","GOBIERNO REGIONAL","III-2","00005197","IRO","17","20","0","24","0","17","28","0","1","0","0","0","3","40","1","1"
"2016","09","130101","LA LIBERTAD","TRUJILLO","TRUJILLO","GOBIERNO REGIONAL","III-2","00005197","IRO","17","20","0","25","0","17","28","0","1","0","0","0","3","39","1","0"
"2016","10","130101","LA LIBERTAD","TRUJILLO","TRUJILLO","GOBIERNO REGIONAL","III-2","00005197","IRO","17","20","0","24","0","17","28","0","1","0","0","0","3","39","1","0"
"2016","08","130101","LA LIBERTAD","TRUJILLO","TRUJILLO","GOBIERNO REGIONAL","III-2","00005197","IRO","17","20","0","25","0","16","28","0","1","0","0","0","3","38","1","1"
"2016","07","130101","LA LIBERTAD","TRUJILLO","TRUJILLO","GOBIERNO REGIONAL","III-2","00005197","IRO","17","20","0","25","0","16","28","0","1","0","0","0","3","38","2","1"
"2016","05","130101","LA LIBERTAD","TRUJILLO","TRUJILLO","GOBIERNO REGIONAL","III-2","00005197","IRO","17","20","0","24","0","19","28","0","1","0","0","0","3","37","2","1"
"2016","06","130101","LA LIBERTAD","TRUJILLO","TRUJILLO","GOBIERNO REGIONAL","III-2","00005197","IRO","17","20","0","24","0","19","28","0","1","0","0","0","3","37","2","1"
"2016","03","130101","LA LIBERTAD","TRUJILLO","TRUJILLO","GOBIERNO REGIONAL","III-2","00005197","IRO","17","20","0","22","0","19","28","0","1","0","0","0","3","38","2","1"
"2016","04","130101","LA LIBERTAD","TRUJILLO","TRUJILLO","GOBIERNO REGIONAL","III-2","00005197","IRO","17","20","0","22","0","19","28","0","1","0","0","0","3","38","2","1"
"2016","12","010101","AMAZONAS","CHACHAPOYAS","CHACHAPOYAS","GOBIERNO REGIONAL","II-2","00004838","HOSPITAL REGIONAL VIRGEN DE FATIMA","17","17","122","35","0","14","85","4","4","5","4","26","4","130","2","4"
"2016","11","010101","AMAZONAS","CHACHAPOYAS","CHACHAPOYAS","GOBIERNO REGIONAL","II-2","00004838","HOSPITAL REGIONAL VIRGEN DE FATIMA","17","17","122","35","0","14","84","4","4","5","4","25","4","130","2","4"
"2016","10","010101","AMAZONAS","CHACHAPOYAS","CHACHAPOYAS","GOBIERNO REGIONAL","II-2","00004838","HOSPITAL REGIONAL VIRGEN DE FATIMA","16","16","122","35","0","14","84","4","4","5","4","25","4","130","2","4"
"2016","09","010101","AMAZONAS","CHACHAPOYAS","CHACHAPOYAS","GOBIERNO REGIONAL","II-2","00004838","HOSPITAL REGIONAL VIRGEN DE FATIMA","16","16","122","35","0","14","84","4","4","5","4","25","4","130","2","4"
"2016","02","010101","AMAZONAS","CHACHAPOYAS","CHACHAPOYAS","GOBIERNO REGIONAL","II-2","00004838","HOSPITAL REGIONAL VIRGEN DE FATIMA","14","14","122","30","0","9","79","4","5","4","4","24","4","130","2","5"
"2016","07","010101","AMAZONAS","CHACHAPOYAS","CHACHAPOYAS","GOBIERNO REGIONAL","II-2","00004838","HOSPITAL REGIONAL VIRGEN DE FATIMA","14","14","122","34","0","12","84","4","5","5","4","23","4","130","2","4"
"2016","05","010101","AMAZONAS","CHACHAPOYAS","CHACHAPOYAS","GOBIERNO REGIONAL","II-2","00004838","HOSPITAL REGIONAL VIRGEN DE FATIMA","14","14","122","31","0","9","80","4","5","5","4","24","4","130","2","5"
"2016","04","010101","AMAZONAS","CHACHAPOYAS","CHACHAPOYAS","GOBIERNO REGIONAL","II-2","00004838","HOSPITAL REGIONAL VIRGEN DE FATIMA","14","14","122","30","0","9","80","4","5","5","4","24","4","130","2","5"
"2016","03","010101","AMAZONAS","CHACHAPOYAS","CHACHAPOYAS","GOBIERNO REGIONAL","II-2","00004838","HOSPITAL REGIONAL VIRGEN DE FATIMA","14","14","122","30","0","9","79","4","5","4","4","24","4","130","2","5"
"2016","08","010101","AMAZONAS","CHACHAPOYAS","CHACHAPOYAS","GOBIERNO REGIONAL","II-2","00004838","HOSPITAL REGIONAL VIRGEN DE FATIMA","15","15","122","34","0","13","84","4","4","5","4","24","4","130","2","4"
"2016","06","010101","AMAZONAS","CHACHAPOYAS","CHACHAPOYAS","GOBIERNO REGIONAL","II-2","00004838","HOSPITAL REGIONAL VIRGEN DE FATIMA","14","14","122","30","0","9","83","4","5","5","4","23","4","130","2","4"
"2016","01","010101","AMAZONAS","CHACHAPOYAS","CHACHAPOYAS","GOBIERNO REGIONAL","II-2","00004838","HOSPITAL REGIONAL VIRGEN DE FATIMA","26","20","137","34","0","3","79","4","5","2","4","23","4","122","5","4"
"2016","12","130102","LA LIBERTAD","TRUJILLO","EL PORVENIR","GOBIERNO REGIONAL","II-1","00005209","HOSPITAL DISTRITAL DE EL PORVENIR SANTA ISABEL","6","6","33","14","0","7","15","2","2","2","1","10","3","19","10","2"
"2016","11","130102","LA LIBERTAD","TRUJILLO","EL PORVENIR","GOBIERNO REGIONAL","II-1","00005209","HOSPITAL DISTRITAL DE EL PORVENIR SANTA ISABEL","6","6","33","14","0","7","15","2","2","2","1","9","3","19","10","2"
"2016","10","130102","LA LIBERTAD","TRUJILLO","EL PORVENIR","GOBIERNO REGIONAL","II-1","00005209","HOSPITAL DISTRITAL DE EL PORVENIR SANTA ISABEL","6","6","33","14","0","7","15","2","2","2","1","10","3","19","10","2"
"2016","09","130102","LA LIBERTAD","TRUJILLO","EL PORVENIR","GOBIERNO REGIONAL","II-1","00005209","HOSPITAL DISTRITAL DE EL PORVENIR SANTA ISABEL","6","6","33","14","0","7","15","2","2","2","1","10","3","19","10","2"
"2016","08","130102","LA LIBERTAD","TRUJILLO","EL PORVENIR","GOBIERNO REGIONAL","II-1","00005209","HOSPITAL DISTRITAL DE EL PORVENIR SANTA ISABEL","5","5","33","14","0","7","12","2","2","2","1","10","3","21","10","2"
"2016","07","130102","LA LIBERTAD","TRUJILLO","EL PORVENIR","GOBIERNO REGIONAL","II-1","00005209","HOSPITAL DISTRITAL DE EL PORVENIR SANTA ISABEL","5","5","33","14","0","7","12","2","1","2","1","10","3","21","10","2"
"2016","06","130102","LA LIBERTAD","TRUJILLO","EL PORVENIR","GOBIERNO REGIONAL","II-1","00005209","HOSPITAL DISTRITAL DE EL PORVENIR SANTA ISABEL","4","4","33","13","0","7","8","2","1","2","1","8","3","21","6","2"
"2016","05","130102","LA LIBERTAD","TRUJILLO","EL PORVENIR","GOBIERNO REGIONAL","II-1","00005209","HOSPITAL DISTRITAL DE EL PORVENIR SANTA ISABEL","4","4","33","13","0","7","8","2","1","2","1","8","3","21","6","2"
"2016","03","130102","LA LIBERTAD","TRUJILLO","EL PORVENIR","GOBIERNO REGIONAL","II-1","00005209","HOSPITAL DISTRITAL DE EL PORVENIR SANTA ISABEL","4","4","33","13","0","7","8","2","1","2","1","8","3","21","6","2"
"2016","04","130102","LA LIBERTAD","TRUJILLO","EL PORVENIR","GOBIERNO REGIONAL","II-1","00005209","HOSPITAL DISTRITAL DE EL PORVENIR SANTA ISABEL","4","4","33","13","0","7","8","2","1","2","1","8","3","21","6","2"
"2016","01","130102","LA LIBERTAD","TRUJILLO","EL PORVENIR","GOBIERNO REGIONAL","II-1","00005209","HOSPITAL DISTRITAL DE EL PORVENIR SANTA ISABEL","4","4","33","9","0","7","9","2","0","2","1","9","3","21","6","2"
"2016","12","060601","CAJAMARCA","CUTERVO","CUTERVO","GOBIERNO REGIONAL","II-1","00004981","SANTA MARIA DE CUTERVO","11","14","29","24","0","0","31","4","2","2","4","21","1","70","14","3"
"2016","10","060601","CAJAMARCA","CUTERVO","CUTERVO","GOBIERNO REGIONAL","II-1","00004981","SANTA MARIA DE CUTERVO","11","14","29","24","0","0","31","4","1","1","4","21","1","71","14","3"
"2016","09","060601","CAJAMARCA","CUTERVO","CUTERVO","GOBIERNO REGIONAL","II-1","00004981","SANTA MARIA DE CUTERVO","11","14","29","22","0","0","31","4","1","1","4","21","1","56","14","3"
"2016","07","060601","CAJAMARCA","CUTERVO","CUTERVO","GOBIERNO REGIONAL","II-1","00004981","SANTA MARIA DE CUTERVO","10","14","29","22","0","0","31","4","1","1","4","21","0","54","14","3"
"2016","08","060601","CAJAMARCA","CUTERVO","CUTERVO","GOBIERNO REGIONAL","II-1","00004981","SANTA MARIA DE CUTERVO","10","14","29","22","0","0","31","4","1","1","4","21","0","56","14","3"
"2016","05","060601","CAJAMARCA","CUTERVO","CUTERVO","GOBIERNO REGIONAL","II-1","00004981","SANTA MARIA DE CUTERVO","10","14","29","22","3","0","31","4","1","1","5","21","1","53","14","3"
"2016","06","060601","CAJAMARCA","CUTERVO","CUTERVO","GOBIERNO REGIONAL","II-1","00004981","SANTA MARIA DE CUTERVO","4","4","29","22","0","0","29","3","1","1","3","21","1","61","15","4"
"2016","11","060601","CAJAMARCA","CUTERVO","CUTERVO","GOBIERNO REGIONAL","II-1","00004981","SANTA MARIA DE CUTERVO","17","24","29","20","0","0","31","4","2","2","4","21","2","73","39","3"
"2016","08","130103","LA LIBERTAD","TRUJILLO","FLORENCIA DE MORA","GOBIERNO REGIONAL","II-1","00005217","HOSPITAL DISTRITAL EL ESFUERZO DE FLORENCIA DE MORA","11","18","10","8","0","3","9","1","2","2","1","9","2","41","6","1"
"2016","09","130103","LA LIBERTAD","TRUJILLO","FLORENCIA DE MORA","GOBIERNO REGIONAL","II-1","00005217","HOSPITAL DISTRITAL EL ESFUERZO DE FLORENCIA DE MORA","11","18","10","8","0","3","9","1","2","2","1","9","2","42","7","1"
"2016","07","130103","LA LIBERTAD","TRUJILLO","FLORENCIA DE MORA","GOBIERNO REGIONAL","II-1","00005217","HOSPITAL DISTRITAL EL ESFUERZO DE FLORENCIA DE MORA","11","18","10","8","0","3","8","1","2","2","1","8","2","20","8","1"
"2016","12","060401","CAJAMARCA","CHOTA","CHOTA","GOBIERNO REGIONAL","II-1","00004659","HOSPITAL DE APOYO CHOTA - JOSE SOTO CADENILLAS","5","8","65","30","0","0","36","2","1","1","1","25","2","78","82","2"
"2016","10","060401","CAJAMARCA","CHOTA","CHOTA","GOBIERNO REGIONAL","II-1","00004659","HOSPITAL DE APOYO CHOTA - JOSE SOTO CADENILLAS","6","9","65","29","0","0","41","2","1","1","2","30","2","80","20","2"
"2016","11","060401","CAJAMARCA","CHOTA","CHOTA","GOBIERNO REGIONAL","II-1","00004659","HOSPITAL DE APOYO CHOTA - JOSE SOTO CADENILLAS","6","10","65","30","0","0","36","2","1","1","1","25","2","78","82","3"
"2016","09","060401","CAJAMARCA","CHOTA","CHOTA","GOBIERNO REGIONAL","II-1","00004659","HOSPITAL DE APOYO CHOTA - JOSE SOTO CADENILLAS","5","8","65","28","0","0","38","2","1","1","1","21","2","43","70","2"
"2016","08","060401","CAJAMARCA","CHOTA","CHOTA","GOBIERNO REGIONAL","II-1","00004659","HOSPITAL DE APOYO CHOTA - JOSE SOTO CADENILLAS","5","8","65","25","0","0","38","2","1","1","1","21","2","43","70","2"
"2016","07","060401","CAJAMARCA","CHOTA","CHOTA","GOBIERNO REGIONAL","II-1","00004659","HOSPITAL DE APOYO CHOTA - JOSE SOTO CADENILLAS","5","5","65","21","0","0","38","2","1","1","1","21","2","43","70","2"
"2016","05","060401","CAJAMARCA","CHOTA","CHOTA","GOBIERNO REGIONAL","II-1","00004659","HOSPITAL DE APOYO CHOTA - JOSE SOTO CADENILLAS","5","7","65","19","0","0","31","2","1","3","1","19","2","43","70","3"
"2016","06","060401","CAJAMARCA","CHOTA","CHOTA","GOBIERNO REGIONAL","II-1","00004659","HOSPITAL DE APOYO CHOTA - JOSE SOTO CADENILLAS","5","10","65","21","0","0","38","2","1","1","1","21","2","43","70","2"
"2016","09","010512","AMAZONAS","LUYA","OCALLI","GOBIERNO REGIONAL","I-4","00004876","OCALLI","5","7","8","1","0","0","2","1","1","0","0","2","0","4","2","1"
"2016","07","010512","AMAZONAS","LUYA","OCALLI","GOBIERNO REGIONAL","I-4","00004876","OCALLI","5","7","8","1","0","0","2","1","1","0","0","2","0","4","2","1"
"2016","08","010512","AMAZONAS","LUYA","OCALLI","GOBIERNO REGIONAL","I-4","00004876","OCALLI","5","7","8","1","0","0","2","1","1","0","0","2","0","4","2","1"
"2016","02","010512","AMAZONAS","LUYA","OCALLI","GOBIERNO REGIONAL","I-4","00004876","OCALLI","5","7","8","1","0","0","2","1","1","0","0","2","0","4","2","1"
"2016","01","010512","AMAZONAS","LUYA","OCALLI","GOBIERNO REGIONAL","I-4","00004876","OCALLI","5","7","8","1","0","0","2","1","1","0","0","2","0","4","2","1"
"2016","06","010512","AMAZONAS","LUYA","OCALLI","GOBIERNO REGIONAL","I-4","00004876","OCALLI","5","7","8","1","0","0","2","1","1","0","0","2","0","4","2","1"
"2016","05","010512","AMAZONAS","LUYA","OCALLI","GOBIERNO REGIONAL","I-4","00004876","OCALLI","5","7","8","1","0","0","2","1","1","0","0","2","0","4","2","1"
"2016","04","010512","AMAZONAS","LUYA","OCALLI","GOBIERNO REGIONAL","I-4","00004876","OCALLI","5","7","8","1","0","0","2","1","1","0","0","2","0","4","2","1"
"2016","03","010512","AMAZONAS","LUYA","OCALLI","GOBIERNO REGIONAL","I-4","00004876","OCALLI","5","7","8","1","0","0","2","1","1","0","0","2","0","4","2","1"
"2016","12","130705","LA LIBERTAD","PACASMAYO","SAN JOSE","GOBIERNO REGIONAL","I-2","00005298","SAN MARTIN DE PORRES","4","4","2","1","0","0","3","0","0","0","0","1","0","2","0","0"
"2016","12","131201","LA LIBERTAD","VIRU","VIRU","GOBIERNO REGIONAL","II-1","00005251","HOSPITAL PROVINCIAL DE VIRU","9","17","32","8","0","0","10","5","2","2","0","9","1","2","39","2"
"2016","10","131201","LA LIBERTAD","VIRU","VIRU","GOBIERNO REGIONAL","II-1","00005251","HOSPITAL PROVINCIAL DE VIRU","9","17","32","8","0","0","10","5","2","2","0","9","1","2","38","2"
"2016","08","131201","LA LIBERTAD","VIRU","VIRU","GOBIERNO REGIONAL","II-1","00005251","HOSPITAL PROVINCIAL DE VIRU","9","17","32","8","0","0","10","5","2","2","0","9","1","2","38","2"
"2016","07","131201","LA LIBERTAD","VIRU","VIRU","GOBIERNO REGIONAL","II-1","00005251","HOSPITAL PROVINCIAL DE VIRU","9","17","32","8","0","0","10","5","2","2","0","9","1","2","38","2"
"2016","05","131201","LA LIBERTAD","VIRU","VIRU","GOBIERNO REGIONAL","II-1","00005251","HOSPITAL PROVINCIAL DE VIRU","9","17","32","8","0","0","10","5","2","2","0","9","1","2","39","2"
"2016","06","131201","LA LIBERTAD","VIRU","VIRU","GOBIERNO REGIONAL","II-1","00005251","HOSPITAL PROVINCIAL DE VIRU","9","17","32","8","0","0","10","5","2","2","0","9","1","2","39","2"
"2016","04","131201","LA LIBERTAD","VIRU","VIRU","GOBIERNO REGIONAL","II-1","00005251","HOSPITAL PROVINCIAL DE VIRU","9","17","32","9","0","0","12","5","2","2","0","9","1","2","34","2"
"2016","02","131201","LA LIBERTAD","VIRU","VIRU","GOBIERNO REGIONAL","II-1","00005251","HOSPITAL PROVINCIAL DE VIRU","9","17","32","12","0","0","12","6","2","2","0","9","1","2","21","2"
"2016","03","131201","LA LIBERTAD","VIRU","VIRU","GOBIERNO REGIONAL","II-1","00005251","HOSPITAL PROVINCIAL DE VIRU","9","17","32","10","0","0","12","6","2","2","0","9","1","2","35","2"
"2016","11","010307","AMAZONAS","BONGARA","JAZAN","GOBIERNO REGIONAL","I-4","00004922","PEDRO RUIZ GALLO","8","15","12","5","0","0","5","2","1","0","1","5","0","17","1","1"
"2016","12","010307","AMAZONAS","BONGARA","JAZAN","GOBIERNO REGIONAL","I-4","00004922","PEDRO RUIZ GALLO","8","15","12","5","0","0","5","2","1","0","1","6","0","18","1","1"
"2016","10","010307","AMAZONAS","BONGARA","JAZAN","GOBIERNO REGIONAL","I-4","00004922","PEDRO RUIZ GALLO","8","15","12","5","0","0","4","2","1","0","0","5","0","18","1","1"
"2016","09","010307","AMAZONAS","BONGARA","JAZAN","GOBIERNO REGIONAL","I-4","00004922","PEDRO RUIZ GALLO","8","15","12","5","0","0","4","2","1","0","0","5","0","18","1","1"
"2016","08","010307","AMAZONAS","BONGARA","JAZAN","GOBIERNO REGIONAL","I-4","00004922","PEDRO RUIZ GALLO","8","15","12","4","0","0","3","2","1","0","0","5","0","18","1","1"
"2016","07","010307","AMAZONAS","BONGARA","JAZAN","GOBIERNO REGIONAL","I-4","00004922","PEDRO RUIZ GALLO","8","15","12","4","0","0","4","2","1","0","0","5","0","17","1","1"
"2016","05","010307","AMAZONAS","BONGARA","JAZAN","GOBIERNO REGIONAL","I-4","00004922","PEDRO RUIZ GALLO","8","15","12","4","0","0","4","2","1","0","0","5","0","17","1","1"
"2016","04","010307","AMAZONAS","BONGARA","JAZAN","GOBIERNO REGIONAL","I-4","00004922","PEDRO RUIZ GALLO","8","15","12","4","0","0","4","2","1","0","0","5","0","17","1","1"
"2016","03","010307","AMAZONAS","BONGARA","JAZAN","GOBIERNO REGIONAL","I-4","00004922","PEDRO RUIZ GALLO","8","15","12","4","0","0","4","2","1","0","0","5","0","17","1","1"
"2016","02","010307","AMAZONAS","BONGARA","JAZAN","GOBIERNO REGIONAL","I-4","00004922","PEDRO RUIZ GALLO","8","15","12","4","0","0","4","2","1","0","0","5","0","17","1","1"
"2016","01","010307","AMAZONAS","BONGARA","JAZAN","GOBIERNO REGIONAL","I-4","00004922","PEDRO RUIZ GALLO","8","15","12","4","0","0","4","2","1","0","0","5","0","17","1","1"
"2016","06","010307","AMAZONAS","BONGARA","JAZAN","GOBIERNO REGIONAL","I-4","00004922","PEDRO RUIZ GALLO","8","15","12","4","0","0","4","2","1","0","0","5","0","18","1","1"
"2016","12","010201","AMAZONAS","BAGUA","BAGUA","GOBIERNO REGIONAL","II-1","00005044","HOSPITAL DE APOYO GUSTAVO LANATTA LUJAN","6","10","80","129","0","0","53","3","2","1","7","19","4","6","5","2"
"2016","05","010201","AMAZONAS","BAGUA","BAGUA","GOBIERNO REGIONAL","II-1","00005044","HOSPITAL DE APOYO GUSTAVO LANATTA LUJAN","10","10","80","129","0","0","53","3","2","1","7","19","4","6","5","2"
"2016","04","010201","AMAZONAS","BAGUA","BAGUA","GOBIERNO REGIONAL","II-1","00005044","HOSPITAL DE APOYO GUSTAVO LANATTA LUJAN","10","10","80","129","0","0","53","3","2","1","7","19","4","6","5","2"
"2016","06","010201","AMAZONAS","BAGUA","BAGUA","GOBIERNO REGIONAL","II-1","00005044","HOSPITAL DE APOYO GUSTAVO LANATTA LUJAN","10","10","80","129","0","0","53","3","2","1","7","19","4","6","5","2"
"2016","02","010201","AMAZONAS","BAGUA","BAGUA","GOBIERNO REGIONAL","II-1","00005044","HOSPITAL DE APOYO GUSTAVO LANATTA LUJAN","10","10","80","129","0","0","53","3","2","1","7","19","4","6","5","2"
"2016","03","010201","AMAZONAS","BAGUA","BAGUA","GOBIERNO REGIONAL","II-1","00005044","HOSPITAL DE APOYO GUSTAVO LANATTA LUJAN","10","10","80","129","0","0","53","3","2","1","7","19","4","6","5","2"
"2016","01","010201","AMAZONAS","BAGUA","BAGUA","GOBIERNO REGIONAL","II-1","00005044","HOSPITAL DE APOYO GUSTAVO LANATTA LUJAN","10","10","80","129","0","0","53","3","2","1","7","19","4","6","5","2"
"2016","11","010201","AMAZONAS","BAGUA","BAGUA","GOBIERNO REGIONAL","II-1","00005044","HOSPITAL DE APOYO GUSTAVO LANATTA LUJAN","6","10","80","129","0","0","53","3","2","1","7","19","4","6","5","2"
"2016","09","010201","AMAZONAS","BAGUA","BAGUA","GOBIERNO REGIONAL","II-1","00005044","HOSPITAL DE APOYO GUSTAVO LANATTA LUJAN","10","10","80","129","0","0","53","3","2","1","7","19","4","6","5","2"
"2016","10","010201","AMAZONAS","BAGUA","BAGUA","GOBIERNO REGIONAL","II-1","00005044","HOSPITAL DE APOYO GUSTAVO LANATTA LUJAN","10","10","80","129","0","0","53","3","2","1","7","19","4","6","5","2"
"2016","08","010201","AMAZONAS","BAGUA","BAGUA","GOBIERNO REGIONAL","II-1","00005044","HOSPITAL DE APOYO GUSTAVO LANATTA LUJAN","10","10","80","129","0","0","53","3","2","1","7","19","4","6","5","2"
"2016","07","010201","AMAZONAS","BAGUA","BAGUA","GOBIERNO REGIONAL","II-1","00005044","HOSPITAL DE APOYO GUSTAVO LANATTA LUJAN","10","10","80","129","0","0","53","3","2","1","7","19","4","6","5","2"
"2016","12","131101","LA LIBERTAD","GRAN CHIMU","CASCAS","GOBIERNO REGIONAL","II-1","00005277","HOSPITAL PROVINICIAL DE CASCAS","9","9","10","5","0","0","7","2","2","2","0","4","3","16","3","2"
"2016","10","131101","LA LIBERTAD","GRAN CHIMU","CASCAS","GOBIERNO REGIONAL","II-1","00005277","HOSPITAL PROVINICIAL DE CASCAS","9","9","10","3","0","0","6","2","2","2","0","3","3","16","3","2"
"2016","11","131101","LA LIBERTAD","GRAN CHIMU","CASCAS","GOBIERNO REGIONAL","II-1","00005277","HOSPITAL PROVINICIAL DE CASCAS","9","9","10","5","0","0","7","2","2","2","0","4","3","16","3","2"
"2016","09","131101","LA LIBERTAD","GRAN CHIMU","CASCAS","GOBIERNO REGIONAL","II-1","00005277","HOSPITAL PROVINICIAL DE CASCAS","9","9","10","3","0","0","6","2","2","2","0","3","3","16","3","2"
"2016","08","131101","LA LIBERTAD","GRAN CHIMU","CASCAS","GOBIERNO REGIONAL","II-1","00005277","HOSPITAL PROVINICIAL DE CASCAS","9","9","10","3","0","0","6","2","2","2","0","3","3","16","3","2"
"2016","07","131101","LA LIBERTAD","GRAN CHIMU","CASCAS","GOBIERNO REGIONAL","II-1","00005277","HOSPITAL PROVINICIAL DE CASCAS","9","9","10","3","0","0","7","2","2","2","0","4","3","15","3","2"
"2016","05","131101","LA LIBERTAD","GRAN CHIMU","CASCAS","GOBIERNO REGIONAL","II-1","00005277","HOSPITAL PROVINICIAL DE CASCAS","9","9","10","5","0","0","7","3","2","2","0","4","3","15","3","2"
"2016","06","131101","LA LIBERTAD","GRAN CHIMU","CASCAS","GOBIERNO REGIONAL","II-1","00005277","HOSPITAL PROVINICIAL DE CASCAS","9","9","10","4","0","0","7","3","2","2","0","4","3","15","3","2"
"2016","01","131101","LA LIBERTAD","GRAN CHIMU","CASCAS","GOBIERNO REGIONAL","II-1","00005277","HOSPITAL PROVINICIAL DE CASCAS","9","9","10","6","0","0","7","3","2","2","0","4","3","15","3","2"
"2016","04","131101","LA LIBERTAD","GRAN CHIMU","CASCAS","GOBIERNO REGIONAL","II-1","00005277","HOSPITAL PROVINICIAL DE CASCAS","9","9","10","5","0","0","7","3","2","2","0","4","3","15","3","2"
"2016","12","010306","AMAZONAS","BONGARA","FLORIDA","GOBIERNO REGIONAL","I-4","00004932","POMACOCHAS","6","6","13","4","0","0","5","2","1","0","0","5","0","0","18","1"
"2016","11","010306","AMAZONAS","BONGARA","FLORIDA","GOBIERNO REGIONAL","I-4","00004932","POMACOCHAS","6","6","12","4","0","0","5","2","1","0","0","5","0","0","18","1"
"2016","03","010306","AMAZONAS","BONGARA","FLORIDA","GOBIERNO REGIONAL","I-4","00004932","POMACOCHAS","6","6","12","3","0","0","4","2","1","0","0","4","0","0","18","1"
"2016","02","010306","AMAZONAS","BONGARA","FLORIDA","GOBIERNO REGIONAL","I-4","00004932","POMACOCHAS","6","6","12","3","0","0","4","2","1","0","0","4","0","0","18","1"
"2016","01","010306","AMAZONAS","BONGARA","FLORIDA","GOBIERNO REGIONAL","I-4","00004932","POMACOCHAS","5","5","12","3","0","0","4","2","1","0","0","4","0","0","18","1"
"2016","04","010306","AMAZONAS","BONGARA","FLORIDA","GOBIERNO REGIONAL","I-4","00004932","POMACOCHAS","6","6","12","3","0","0","4","2","1","0","0","4","0","0","18","1"
"2016","10","010306","AMAZONAS","BONGARA","FLORIDA","GOBIERNO REGIONAL","I-4","00004932","POMACOCHAS","5","5","12","3","0","0","5","2","1","0","0","5","0","0","18","1"
"2016","05","010306","AMAZONAS","BONGARA","FLORIDA","GOBIERNO REGIONAL","I-4","00004932","POMACOCHAS","1","1","12","3","0","0","4","2","1","0","0","4","0","0","18","1"
"2016","09","010306","AMAZONAS","BONGARA","FLORIDA","GOBIERNO REGIONAL","I-4","00004932","POMACOCHAS","5","5","12","3","0","0","5","2","1","0","0","5","0","0","18","1"
"2016","07","010306","AMAZONAS","BONGARA","FLORIDA","GOBIERNO REGIONAL","I-4","00004932","POMACOCHAS","1","1","12","3","0","0","4","2","1","0","0","4","0","0","18","1"
"2016","08","010306","AMAZONAS","BONGARA","FLORIDA","GOBIERNO REGIONAL","I-4","00004932","POMACOCHAS","1","5","12","3","0","0","5","2","1","0","0","5","0","0","18","1"
"2016","06","010306","AMAZONAS","BONGARA","FLORIDA","GOBIERNO REGIONAL","I-4","00004932","POMACOCHAS","1","1","12","3","0","0","4","2","1","0","0","4","0","0","18","1"
"2016","12","130701","LA LIBERTAD","PACASMAYO","SAN PEDRO DE LLOC","GOBIERNO REGIONAL","I-4","00005289","SANTA CATALINA","8","1","19","7","0","0","5","1","1","1","0","5","0","18","5","2"
"2016","12","130702","LA LIBERTAD","PACASMAYO","GUADALUPE","GOBIERNO REGIONAL","II-1","00005292","HOSPITAL DE APOYO TOMAS LAFORA","14","16","51","29","0","0","21","2","1","2","1","13","1","44","2","2"
"2016","11","130702","LA LIBERTAD","PACASMAYO","GUADALUPE","GOBIERNO REGIONAL","II-1","00005292","HOSPITAL DE APOYO TOMAS LAFORA","14","16","51","29","0","0","21","2","1","2","1","13","1","41","2","2"
"2016","10","130702","LA LIBERTAD","PACASMAYO","GUADALUPE","GOBIERNO REGIONAL","II-1","00005292","HOSPITAL DE APOYO TOMAS LAFORA","14","16","51","31","0","0","21","2","1","2","1","14","1","48","2","2"
"2016","09","130702","LA LIBERTAD","PACASMAYO","GUADALUPE","GOBIERNO REGIONAL","II-1","00005292","HOSPITAL DE APOYO TOMAS LAFORA","14","16","51","29","0","0","16","1","1","2","1","14","1","33","2","2"
"2016","08","130702","LA LIBERTAD","PACASMAYO","GUADALUPE","GOBIERNO REGIONAL","II-1","00005292","HOSPITAL DE APOYO TOMAS LAFORA","14","16","51","32","0","0","20","1","1","2","1","14","1","52","2","2"
"2016","07","130702","LA LIBERTAD","PACASMAYO","GUADALUPE","GOBIERNO REGIONAL","II-1","00005292","HOSPITAL DE APOYO TOMAS LAFORA","14","16","51","32","0","0","20","1","1","2","1","14","1","52","2","2"
"2016","06","130702","LA LIBERTAD","PACASMAYO","GUADALUPE","GOBIERNO REGIONAL","II-1","00005292","HOSPITAL DE APOYO TOMAS LAFORA","14","16","51","32","0","0","20","1","1","2","1","14","1","36","2","2"
"2016","05","130702","LA LIBERTAD","PACASMAYO","GUADALUPE","GOBIERNO REGIONAL","II-1","00005292","HOSPITAL DE APOYO TOMAS LAFORA","14","16","51","31","0","0","19","1","1","2","1","14","1","39","2","2"
"2016","01","130702","LA LIBERTAD","PACASMAYO","GUADALUPE","GOBIERNO REGIONAL","II-1","00005292","HOSPITAL DE APOYO TOMAS LAFORA","14","19","51","33","0","0","27","2","1","2","1","15","1","50","8","2"
"2016","02","130702","LA LIBERTAD","PACASMAYO","GUADALUPE","GOBIERNO REGIONAL","II-1","00005292","HOSPITAL DE APOYO TOMAS LAFORA","14","19","51","33","0","0","26","2","1","2","1","15","1","49","8","2"
"2016","03","130702","LA LIBERTAD","PACASMAYO","GUADALUPE","GOBIERNO REGIONAL","II-1","00005292","HOSPITAL DE APOYO TOMAS LAFORA","14","16","51","31","0","0","24","1","1","2","1","14","1","43","2","2"
"2016","04","130702","LA LIBERTAD","PACASMAYO","GUADALUPE","GOBIERNO REGIONAL","II-1","00005292","HOSPITAL DE APOYO TOMAS LAFORA","14","16","51","31","0","0","19","1","1","2","1","14","1","39","2","2"
"2016","12","130702","LA LIBERTAD","PACASMAYO","GUADALUPE","GOBIERNO REGIONAL","I-3","00005293","CIUDAD DE DIOS","3","4","0","2","0","0","4","2","0","1","0","3","0","6","0","0"
"2016","12","130702","LA LIBERTAD","PACASMAYO","GUADALUPE","GOBIERNO REGIONAL","I-2","00005294","VILLA SAN ISIDRO","7","7","0","1","1","0","3","0","0","0","0","0","0","0","4","0"
"2016","12","130703","LA LIBERTAD","PACASMAYO","JEQUETEPEQUE","GOBIERNO REGIONAL","I-3","00005295","JEQUETEPEQUE","4","1","4","1","0","0","3","1","0","0","0","2","0","5","3","0"
"2016","12","130705","LA LIBERTAD","PACASMAYO","SAN JOSE","GOBIERNO REGIONAL","I-3","00005297","SAN JOSE","3","8","0","2","0","0","3","0","0","1","0","2","0","6","0","1"
"2016","12","140201","LAMBAYEQUE","FERREÑAFE","FERREÑAFE","GOBIERNO REGIONAL","II-1","00004440","HOSPITAL REFERENCIAL FERREÑAFE","16","30","37","24","0","0","26","2","6","2","6","17","1","65","8","1"
"2016","11","140201","LAMBAYEQUE","FERREÑAFE","FERREÑAFE","GOBIERNO REGIONAL","II-1","00004440","HOSPITAL REFERENCIAL FERREÑAFE","16","30","37","24","0","0","26","2","6","2","6","17","1","65","8","1"
"2016","10","140201","LAMBAYEQUE","FERREÑAFE","FERREÑAFE","GOBIERNO REGIONAL","II-1","00004440","HOSPITAL REFERENCIAL FERREÑAFE","16","30","38","24","0","0","26","2","6","2","6","17","1","65","8","1"
"2016","09","140201","LAMBAYEQUE","FERREÑAFE","FERREÑAFE","GOBIERNO REGIONAL","II-1","00004440","HOSPITAL REFERENCIAL FERREÑAFE","16","30","38","24","0","0","26","2","6","2","6","17","1","65","8","1"
"2016","07","140201","LAMBAYEQUE","FERREÑAFE","FERREÑAFE","GOBIERNO REGIONAL","II-1","00004440","HOSPITAL REFERENCIAL FERREÑAFE","16","30","38","24","0","0","26","2","6","2","6","17","1","65","8","1"
"2016","08","140201","LAMBAYEQUE","FERREÑAFE","FERREÑAFE","GOBIERNO REGIONAL","II-1","00004440","HOSPITAL REFERENCIAL FERREÑAFE","16","30","38","24","0","0","26","2","6","2","6","17","1","65","8","1"
"2016","06","140201","LAMBAYEQUE","FERREÑAFE","FERREÑAFE","GOBIERNO REGIONAL","II-1","00004440","HOSPITAL REFERENCIAL FERREÑAFE","16","30","38","24","0","0","26","2","6","2","6","17","1","65","8","1"
"2016","05","140201","LAMBAYEQUE","FERREÑAFE","FERREÑAFE","GOBIERNO REGIONAL","II-1","00004440","HOSPITAL REFERENCIAL FERREÑAFE","16","30","38","24","0","0","26","2","6","2","6","17","1","65","8","1"
"2016","04","140201","LAMBAYEQUE","FERREÑAFE","FERREÑAFE","GOBIERNO REGIONAL","II-1","00004440","HOSPITAL REFERENCIAL FERREÑAFE","16","30","38","24","0","0","22","2","6","2","6","17","1","65","8","1"
"2016","12","010701","AMAZONAS","UTCUBAMBA","BAGUA GRANDE","GOBIERNO REGIONAL","II-1","00005125","HOSPITAL SANTIAGO APOSTOL DE UTCUBAMBA","4","89","44","20","0","0","34","3","2","0","3","19","2","50","2","3"
"2016","10","010701","AMAZONAS","UTCUBAMBA","BAGUA GRANDE","GOBIERNO REGIONAL","II-1","00005125","HOSPITAL SANTIAGO APOSTOL DE UTCUBAMBA","24","330","44","21","0","0","35","3","2","0","3","18","2","60","2","3"
"2016","11","010701","AMAZONAS","UTCUBAMBA","BAGUA GRANDE","GOBIERNO REGIONAL","II-1","00005125","HOSPITAL SANTIAGO APOSTOL DE UTCUBAMBA","5","122","44","20","0","0","34","3","2","0","3","19","1","0","0","3"
"2016","09","010701","AMAZONAS","UTCUBAMBA","BAGUA GRANDE","GOBIERNO REGIONAL","II-1","00005125","HOSPITAL SANTIAGO APOSTOL DE UTCUBAMBA","24","330","44","21","0","0","34","3","2","0","3","19","2","60","2","3"
"2016","07","010701","AMAZONAS","UTCUBAMBA","BAGUA GRANDE","GOBIERNO REGIONAL","II-1","00005125","HOSPITAL SANTIAGO APOSTOL DE UTCUBAMBA","11","382","46","19","0","0","33","3","1","0","4","19","1","59","2","3"
"2016","08","010701","AMAZONAS","UTCUBAMBA","BAGUA GRANDE","GOBIERNO REGIONAL","II-1","00005125","HOSPITAL SANTIAGO APOSTOL DE UTCUBAMBA","11","383","46","19","0","0","34","3","2","0","3","19","2","59","2","3"
"2016","06","010701","AMAZONAS","UTCUBAMBA","BAGUA GRANDE","GOBIERNO REGIONAL","II-1","00005125","HOSPITAL SANTIAGO APOSTOL DE UTCUBAMBA","11","380","46","18","0","0","33","3","2","0","4","19","1","59","2","3"
"2016","05","010701","AMAZONAS","UTCUBAMBA","BAGUA GRANDE","GOBIERNO REGIONAL","II-1","00005125","HOSPITAL SANTIAGO APOSTOL DE UTCUBAMBA","11","385","46","18","0","0","34","3","2","0","4","19","1","59","2","3"
"2016","03","010701","AMAZONAS","UTCUBAMBA","BAGUA GRANDE","GOBIERNO REGIONAL","II-1","00005125","HOSPITAL SANTIAGO APOSTOL DE UTCUBAMBA","192","72","33","17","0","0","35","3","2","0","4","17","1","57","2","3"
"2016","01","010701","AMAZONAS","UTCUBAMBA","BAGUA GRANDE","GOBIERNO REGIONAL","II-1","00005125","HOSPITAL SANTIAGO APOSTOL DE UTCUBAMBA","200","67","33","16","0","0","34","2","1","0","3","18","1","53","2","3"
"2016","04","010701","AMAZONAS","UTCUBAMBA","BAGUA GRANDE","GOBIERNO REGIONAL","II-1","00005125","HOSPITAL SANTIAGO APOSTOL DE UTCUBAMBA","11","379","46","18","0","0","34","3","2","0","4","18","1","59","2","3"
"2016","02","010701","AMAZONAS","UTCUBAMBA","BAGUA GRANDE","GOBIERNO REGIONAL","II-1","00005125","HOSPITAL SANTIAGO APOSTOL DE UTCUBAMBA","200","95","33","16","0","0","32","3","2","0","3","15","1","52","2","2"
"2016","10","060701","CAJAMARCA","HUALGAYOC","BAMBAMARCA","GOBIERNO REGIONAL","II-1","00004782","BAMBAMARCA - TITO VILLAR CABEZAS","4","7","21","18","0","8","25","2","2","1","1","14","3","48","15","2"
"2016","08","060701","CAJAMARCA","HUALGAYOC","BAMBAMARCA","GOBIERNO REGIONAL","II-1","00004782","BAMBAMARCA - TITO VILLAR CABEZAS","4","7","26","18","0","8","21","2","2","1","1","14","3","48","15","2"
"2016","12","060701","CAJAMARCA","HUALGAYOC","BAMBAMARCA","GOBIERNO REGIONAL","II-1","00004782","BAMBAMARCA - TITO VILLAR CABEZAS","4","5","26","14","0","0","24","2","2","1","1","14","3","59","4","2"
"2016","11","060701","CAJAMARCA","HUALGAYOC","BAMBAMARCA","GOBIERNO REGIONAL","II-1","00004782","BAMBAMARCA - TITO VILLAR CABEZAS","4","5","26","18","0","8","25","2","2","1","1","14","3","48","15","2"
"2016","09","060701","CAJAMARCA","HUALGAYOC","BAMBAMARCA","GOBIERNO REGIONAL","II-1","00004782","BAMBAMARCA - TITO VILLAR CABEZAS","4","7","26","18","0","8","26","2","2","1","1","14","3","48","15","2"
"2016","07","060701","CAJAMARCA","HUALGAYOC","BAMBAMARCA","GOBIERNO REGIONAL","II-1","00004782","BAMBAMARCA - TITO VILLAR CABEZAS","4","5","26","16","0","8","24","2","2","1","1","14","3","4","46","2"
"2016","05","060701","CAJAMARCA","HUALGAYOC","BAMBAMARCA","GOBIERNO REGIONAL","II-1","00004782","BAMBAMARCA - TITO VILLAR CABEZAS","4","6","26","10","0","0","23","2","1","1","1","14","3","44","3","2"
"2016","06","060701","CAJAMARCA","HUALGAYOC","BAMBAMARCA","GOBIERNO REGIONAL","II-1","00004782","BAMBAMARCA - TITO VILLAR CABEZAS","4","5","26","8","0","8","20","2","2","1","1","14","3","43","10","2"
"2016","12","060301","CAJAMARCA","CELENDIN","CELENDIN","GOBIERNO REGIONAL","II-1","00004466","DE APOYO CELENDIN","09","10","28","10","0","0","16","2","2","1","1","14","5","26","23","02"
"2016","11","060301","CAJAMARCA","CELENDIN","CELENDIN","GOBIERNO REGIONAL","II-1","00004466","DE APOYO CELENDIN","09","10","26","11","0","0","16","2","2","1","1","15","2","20","31","02"
"2016","10","060301","CAJAMARCA","CELENDIN","CELENDIN","GOBIERNO REGIONAL","II-1","00004466","DE APOYO CELENDIN","09","10","26","11","0","0","15","2","2","1","1","12","2","20","28","02"
"2016","09","060301","CAJAMARCA","CELENDIN","CELENDIN","GOBIERNO REGIONAL","II-1","00004466","DE APOYO CELENDIN","09","10","26","09","0","0","16","2","2","1","1","13","2","20","29","02"
"2016","08","060301","CAJAMARCA","CELENDIN","CELENDIN","GOBIERNO REGIONAL","II-1","00004466","DE APOYO CELENDIN","09","10","26","09","0","0","16","2","2","1","1","12","2","19","24","02"
"2016","07","060301","CAJAMARCA","CELENDIN","CELENDIN","GOBIERNO REGIONAL","II-1","00004466","DE APOYO CELENDIN","09","10","28","09","0","0","16","2","2","1","1","12","2","17","24","02"
"2016","06","060301","CAJAMARCA","CELENDIN","CELENDIN","GOBIERNO REGIONAL","II-1","00004466","DE APOYO CELENDIN","09","10","28","09","0","0","15","2","2","1","1","13","2","42","6","2"
"2016","05","060301","CAJAMARCA","CELENDIN","CELENDIN","GOBIERNO REGIONAL","II-1","00004466","DE APOYO CELENDIN","9","10","28","9","0","0","15","2","2","1","1","13","2","42","6","2"
"2016","12","010401","AMAZONAS","CONDORCANQUI","NIEVA","GOBIERNO REGIONAL","II-1","00005145","SANTA MARIA DE NIEVA","5","7","12","5","0","0","6","2","1","0","0","8","2","15","2","2"
"2016","10","010401","AMAZONAS","CONDORCANQUI","NIEVA","GOBIERNO REGIONAL","II-1","00005145","SANTA MARIA DE NIEVA","5","7","12","5","0","0","6","1","0","0","0","8","1","15","3","2"
"2016","11","010401","AMAZONAS","CONDORCANQUI","NIEVA","GOBIERNO REGIONAL","II-1","00005145","SANTA MARIA DE NIEVA","5","7","12","5","0","0","7","2","1","0","0","8","2","15","2","2"
"2016","09","010401","AMAZONAS","CONDORCANQUI","NIEVA","GOBIERNO REGIONAL","II-1","00005145","SANTA MARIA DE NIEVA","5","7","12","5","0","0","6","1","0","0","0","8","1","15","3","2"
"2016","07","010401","AMAZONAS","CONDORCANQUI","NIEVA","GOBIERNO REGIONAL","II-1","00005145","SANTA MARIA DE NIEVA","5","7","12","5","0","0","7","1","0","0","0","8","1","14","3","2"
"2016","08","010401","AMAZONAS","CONDORCANQUI","NIEVA","GOBIERNO REGIONAL","II-1","00005145","SANTA MARIA DE NIEVA","5","7","12","5","0","0","6","1","0","0","0","8","1","15","3","2"
"2016","04","010401","AMAZONAS","CONDORCANQUI","NIEVA","GOBIERNO REGIONAL","II-1","00005145","SANTA MARIA DE NIEVA","1","2","12","5","0","0","7","1","0","0","0","8","1","14","3","2"
"2016","03","010401","AMAZONAS","CONDORCANQUI","NIEVA","GOBIERNO REGIONAL","II-1","00005145","SANTA MARIA DE NIEVA","1","2","12","5","0","0","7","1","0","0","0","8","1","14","3","2"
"2016","02","010401","AMAZONAS","CONDORCANQUI","NIEVA","GOBIERNO REGIONAL","II-1","00005145","SANTA MARIA DE NIEVA","1","2","12","3","0","0","7","1","0","0","0","8","1","14","3","2"
"2016","05","010401","AMAZONAS","CONDORCANQUI","NIEVA","GOBIERNO REGIONAL","II-1","00005145","SANTA MARIA DE NIEVA","1","2","12","5","0","0","7","1","0","0","0","8","1","14","3","2"
"2016","01","010401","AMAZONAS","CONDORCANQUI","NIEVA","GOBIERNO REGIONAL","II-1","00005145","SANTA MARIA DE NIEVA","1","2","12","4","0","0","7","1","0","0","0","8","1","14","3","2"
"2016","06","010401","AMAZONAS","CONDORCANQUI","NIEVA","GOBIERNO REGIONAL","II-1","00005145","SANTA MARIA DE NIEVA","5","7","12","5","0","0","6","1","0","0","0","8","1","14","3","2"
"2016","09","010402","AMAZONAS","CONDORCANQUI","EL CENEPA","GOBIERNO REGIONAL","I-4","00005162","HUAMPAMI","11","9","3","1","0","0","3","1","0","1","0","2","0","2","1","0"
"2016","10","010402","AMAZONAS","CONDORCANQUI","EL CENEPA","GOBIERNO REGIONAL","I-4","00005162","HUAMPAMI","11","9","3","1","0","0","3","1","0","1","0","2","0","2","1","0"
"2016","08","010402","AMAZONAS","CONDORCANQUI","EL CENEPA","GOBIERNO REGIONAL","I-4","00005162","HUAMPAMI","11","9","3","1","0","0","3","1","0","1","0","2","0","2","1","0"
"2016","07","010402","AMAZONAS","CONDORCANQUI","EL CENEPA","GOBIERNO REGIONAL","I-4","00005162","HUAMPAMI","11","9","3","1","0","0","3","1","0","1","0","2","0","2","1","0"
"2016","02","010402","AMAZONAS","CONDORCANQUI","EL CENEPA","GOBIERNO REGIONAL","I-4","00005162","HUAMPAMI","11","9","3","1","0","0","3","1","0","1","0","2","0","2","1","0"
"2016","05","010402","AMAZONAS","CONDORCANQUI","EL CENEPA","GOBIERNO REGIONAL","I-4","00005162","HUAMPAMI","11","9","3","1","0","0","3","1","0","1","0","2","0","2","1","0"
"2016","06","010402","AMAZONAS","CONDORCANQUI","EL CENEPA","GOBIERNO REGIONAL","I-4","00005162","HUAMPAMI","11","9","3","1","0","0","3","1","0","1","0","2","0","2","1","0"
"2016","01","010402","AMAZONAS","CONDORCANQUI","EL CENEPA","GOBIERNO REGIONAL","I-4","00005162","HUAMPAMI","11","9","3","1","0","0","3","1","0","1","0","2","0","2","1","0"
"2016","03","010402","AMAZONAS","CONDORCANQUI","EL CENEPA","GOBIERNO REGIONAL","I-4","00005162","HUAMPAMI","11","9","3","1","0","0","3","1","0","1","0","2","0","2","1","0"
"2016","04","010402","AMAZONAS","CONDORCANQUI","EL CENEPA","GOBIERNO REGIONAL","I-4","00005162","HUAMPAMI","11","9","3","1","0","0","3","1","0","1","0","2","0","2","1","0"
"2016","11","250101","UCAYALI","CORONEL PORTILLO","CALLERIA","GOBIERNO REGIONAL","II-2","00005576","HOSPITAL REGIONAL DE PUCALLPA","35","43","179","80","0","8","156","4","5","2","2","42","5","348","8","2"
"2016","10","250101","UCAYALI","CORONEL PORTILLO","CALLERIA","GOBIERNO REGIONAL","II-2","00005576","HOSPITAL REGIONAL DE PUCALLPA","35","43","156","80","0","8","156","4","5","2","2","42","5","348","8","2"
"2016","08","250101","UCAYALI","CORONEL PORTILLO","CALLERIA","GOBIERNO REGIONAL","II-2","00005576","HOSPITAL REGIONAL DE PUCALLPA","35","43","156","80","0","8","156","4","5","2","2","42","5","348","8","2"
"2016","07","250101","UCAYALI","CORONEL PORTILLO","CALLERIA","GOBIERNO REGIONAL","II-2","00005576","HOSPITAL REGIONAL DE PUCALLPA","35","43","156","80","0","8","156","4","5","2","2","42","5","348","8","2"
"2016","05","250101","UCAYALI","CORONEL PORTILLO","CALLERIA","GOBIERNO REGIONAL","II-2","00005576","HOSPITAL REGIONAL DE PUCALLPA","35","43","156","80","0","8","156","4","5","2","2","42","5","348","8","2"
"2016","06","250101","UCAYALI","CORONEL PORTILLO","CALLERIA","GOBIERNO REGIONAL","II-2","00005576","HOSPITAL REGIONAL DE PUCALLPA","35","43","156","80","0","8","156","4","5","2","2","42","5","348","8","2"
"2016","01","250105","UCAYALI","CORONEL PORTILLO","YARINACOCHA","GOBIERNO REGIONAL","II-2","00005577","HOSPITAL AMAZONICO - YARINACOCHA","24","23","131","70","0","6","94","2","4","2","1","39","4","222","4","2"
"2016","10","250105","UCAYALI","CORONEL PORTILLO","YARINACOCHA","GOBIERNO REGIONAL","II-2","00005577","HOSPITAL AMAZONICO - YARINACOCHA","24","23","127","60","0","08","92","2","3","2","1","45","4","224","0","2"
"2016","12","250105","UCAYALI","CORONEL PORTILLO","YARINACOCHA","GOBIERNO REGIONAL","II-2","00005577","HOSPITAL AMAZONICO - YARINACOCHA","24","23","131","69","0","08","147","3","4","2","1","53","5","216","0","2"
"2016","11","250105","UCAYALI","CORONEL PORTILLO","YARINACOCHA","GOBIERNO REGIONAL","II-2","00005577","HOSPITAL AMAZONICO - YARINACOCHA","24","23","131","63","0","08","110","2","3","2","1","49","4","188","0","2"
"2016","08","250105","UCAYALI","CORONEL PORTILLO","YARINACOCHA","GOBIERNO REGIONAL","II-2","00005577","HOSPITAL AMAZONICO - YARINACOCHA","24","23","127","70","1","08","90","2","4","2","1","44","4","223","0","2"
"2016","09","250105","UCAYALI","CORONEL PORTILLO","YARINACOCHA","GOBIERNO REGIONAL","II-2","00005577","HOSPITAL AMAZONICO - YARINACOCHA","24","23","127","70","0","08","92","2","4","2","1","44","4","223","0","2"
"2016","07","250105","UCAYALI","CORONEL PORTILLO","YARINACOCHA","GOBIERNO REGIONAL","II-2","00005577","HOSPITAL AMAZONICO - YARINACOCHA","24","41","127","70","1","08","90","2","4","2","1","44","4","223","0","2"
"2016","05","250105","UCAYALI","CORONEL PORTILLO","YARINACOCHA","GOBIERNO REGIONAL","II-2","00005577","HOSPITAL AMAZONICO - YARINACOCHA","24","41","127","100","0","06","94","2","5","2","1","42","4","223","0","2"
"2016","06","250105","UCAYALI","CORONEL PORTILLO","YARINACOCHA","GOBIERNO REGIONAL","II-2","00005577","HOSPITAL AMAZONICO - YARINACOCHA","24","41","127","70","1","06","94","2","4","2","1","37","4","223","0","2"
"2016","02","250105","UCAYALI","CORONEL PORTILLO","YARINACOCHA","GOBIERNO REGIONAL","II-2","00005577","HOSPITAL AMAZONICO - YARINACOCHA","24","23","124","70","0","6","94","2","4","2","1","39","4","222","4","1"
"2016","04","250105","UCAYALI","CORONEL PORTILLO","YARINACOCHA","GOBIERNO REGIONAL","II-2","00005577","HOSPITAL AMAZONICO - YARINACOCHA","24","41","127","102","0","06","94","4","5","2","1","42","4","223","0","2"
"2016","03","250105","UCAYALI","CORONEL PORTILLO","YARINACOCHA","GOBIERNO REGIONAL","II-2","00005577","HOSPITAL AMAZONICO - YARINACOCHA","24","23","124","71","0","0","95","2","4","2","1","39","4","223","3","1"
"2016","12","150103","LIMA","LIMA","ATE","MINSA","II-1","00005945","HOSPITAL VITARTE","44","77","78","135","0","41","107","9","4","7","21","43","8","281","11","3"
"2016","10","150103","LIMA","LIMA","ATE","MINSA","II-1","00005945","HOSPITAL VITARTE","44","77","78","134","0","34","108","9","4","7","21","43","8","281","11","3"
"2016","11","150103","LIMA","LIMA","ATE","MINSA","II-1","00005945","HOSPITAL VITARTE","44","77","78","135","0","39","108","9","4","7","21","43","8","281","11","3"
"2016","09","150103","LIMA","LIMA","ATE","MINSA","II-1","00005945","HOSPITAL VITARTE","44","77","78","135","0","34","109","9","4","7","21","44","7","281","12","3"
"2016","08","150103","LIMA","LIMA","ATE","MINSA","II-1","00005945","HOSPITAL VITARTE","44","77","78","135","0","34","109","9","4","7","22","44","7","281","12","3"
"2016","07","150103","LIMA","LIMA","ATE","MINSA","II-1","00005945","HOSPITAL VITARTE","44","77","78","137","0","27","109","9","4","7","22","44","8","282","12","3"
"2016","04","150103","LIMA","LIMA","ATE","MINSA","II-1","00005945","HOSPITAL VITARTE","44","77","78","140","0","27","110","9","4","8","22","45","8","283","12","3"
"2016","03","150103","LIMA","LIMA","ATE","MINSA","II-1","00005945","HOSPITAL VITARTE","44","77","78","143","0","27","110","9","4","8","22","45","8","283","12","3"
"2016","02","150103","LIMA","LIMA","ATE","MINSA","II-1","00005945","HOSPITAL VITARTE","44","77","78","142","0","27","110","9","4","8","22","45","8","283","12","3"
"2016","06","150103","LIMA","LIMA","ATE","MINSA","II-1","00005945","HOSPITAL VITARTE","44","77","78","138","0","27","109","9","4","7","22","44","8","283","12","3"
"2016","05","150103","LIMA","LIMA","ATE","MINSA","II-1","00005945","HOSPITAL VITARTE","44","77","78","138","0","27","110","9","4","7","22","44","8","283","12","3"
"2016","01","150103","LIMA","LIMA","ATE","MINSA","II-1","00005945","HOSPITAL VITARTE","44","77","78","142","0","27","109","9","4","8","22","45","8","283","12","3"
"2016","12","150111","LIMA","LIMA","EL AGUSTINO","MINSA","III-1","00005946","HOSPITAL NACIONAL HIPOLITO UNANUE","94","127","648","262","0","236","380","10","8","15","69","42","23","717","23","6"
"2016","11","150111","LIMA","LIMA","EL AGUSTINO","MINSA","III-1","00005946","HOSPITAL NACIONAL HIPOLITO UNANUE","94","127","648","262","0","236","380","10","8","15","69","42","23","717","23","6"
"2016","10","150111","LIMA","LIMA","EL AGUSTINO","MINSA","III-1","00005946","HOSPITAL NACIONAL HIPOLITO UNANUE","94","127","648","296","0","235","437","11","10","17","86","43","28","720","23","6"
"2016","09","150111","LIMA","LIMA","EL AGUSTINO","MINSA","III-1","00005946","HOSPITAL NACIONAL HIPOLITO UNANUE","94","127","648","256","0","128","379","10","8","15","75","41","23","100","111","6"
"2016","08","150111","LIMA","LIMA","EL AGUSTINO","MINSA","III-1","00005946","HOSPITAL NACIONAL HIPOLITO UNANUE","94","127","652","290","0","172","380","10","9","15","70","42","23","666","23","6"
"2016","07","150111","LIMA","LIMA","EL AGUSTINO","MINSA","III-1","00005946","HOSPITAL NACIONAL HIPOLITO UNANUE","94","127","652","294","0","172","441","11","11","17","85","44","28","775","200","6"
"2016","06","150111","LIMA","LIMA","EL AGUSTINO","MINSA","III-1","00005946","HOSPITAL NACIONAL HIPOLITO UNANUE","94","127","648","286","0","238","438","10","10","15","84","44","25","681","158","6"
"2016","05","150111","LIMA","LIMA","EL AGUSTINO","MINSA","III-1","00005946","HOSPITAL NACIONAL HIPOLITO UNANUE","94","127","648","273","0","238","444","10","11","15","87","44","37","300","186","6"
"2016","01","150111","LIMA","LIMA","EL AGUSTINO","MINSA","III-1","00005946","HOSPITAL NACIONAL HIPOLITO UNANUE","94","127","648","264","0","238","458","11","9","15","80","42","28","225","134","6"
"2016","03","150111","LIMA","LIMA","EL AGUSTINO","MINSA","III-1","00005946","HOSPITAL NACIONAL HIPOLITO UNANUE","94","127","648","264","0","238","441","11","10","15","84","45","27","194","182","6"
"2016","04","150111","LIMA","LIMA","EL AGUSTINO","MINSA","III-1","00005946","HOSPITAL NACIONAL HIPOLITO UNANUE","94","127","648","264","0","238","441","11","10","15","84","45","27","194","182","6"
"2016","12","150118","LIMA","LIMA","LURIGANCHO","MINSA","II-2","00005947","HOSPITAL DE MEDIANA COMPLEJIDAD JOSE AGURTO TELLO","14","25","67","111","0","8","90","5","2","7","25","27","8","204","5","3"
"2016","11","150118","LIMA","LIMA","LURIGANCHO","MINSA","II-2","00005947","HOSPITAL DE MEDIANA COMPLEJIDAD JOSE AGURTO TELLO","14","25","67","111","0","8","90","5","2","7","25","27","8","204","5","3"
"2016","10","150118","LIMA","LIMA","LURIGANCHO","MINSA","II-2","00005947","HOSPITAL DE MEDIANA COMPLEJIDAD JOSE AGURTO TELLO","14","25","67","111","0","5","91","5","3","8","26","28","8","205","6","3"
"2016","08","150118","LIMA","LIMA","LURIGANCHO","MINSA","II-2","00005947","HOSPITAL DE MEDIANA COMPLEJIDAD JOSE AGURTO TELLO","14","25","67","111","0","5","91","5","3","8","26","28","8","205","6","3"
"2016","09","150118","LIMA","LIMA","LURIGANCHO","MINSA","II-2","00005947","HOSPITAL DE MEDIANA COMPLEJIDAD JOSE AGURTO TELLO","14","25","67","111","0","5","91","5","3","8","26","28","8","205","6","3"
"2016","07","150118","LIMA","LIMA","LURIGANCHO","MINSA","II-2","00005947","HOSPITAL DE MEDIANA COMPLEJIDAD JOSE AGURTO TELLO","14","25","67","111","0","5","91","5","3","8","26","28","8","205","6","3"
"2016","06","150118","LIMA","LIMA","LURIGANCHO","MINSA","II-2","00005947","HOSPITAL DE MEDIANA COMPLEJIDAD JOSE AGURTO TELLO","14","25","67","114","0","5","82","4","3","6","15","25","7","143","12","3"
"2016","05","150118","LIMA","LIMA","LURIGANCHO","MINSA","II-2","00005947","HOSPITAL DE MEDIANA COMPLEJIDAD JOSE AGURTO TELLO","14","25","67","114","0","5","82","4","3","6","15","25","7","143","12","3"
"2016","02","150118","LIMA","LIMA","LURIGANCHO","MINSA","II-2","00005947","HOSPITAL DE MEDIANA COMPLEJIDAD JOSE AGURTO TELLO","19","30","67","103","0","3","82","3","3","6","10","23","6","227","5","3"
"2016","01","150118","LIMA","LIMA","LURIGANCHO","MINSA","II-2","00005947","HOSPITAL DE MEDIANA COMPLEJIDAD JOSE AGURTO TELLO","19","30","67","111","0","3","83","3","3","6","9","23","6","226","5","3"
"2016","03","150118","LIMA","LIMA","LURIGANCHO","MINSA","II-2","00005947","HOSPITAL DE MEDIANA COMPLEJIDAD JOSE AGURTO TELLO","14","25","67","102","0","3","84","2","3","6","14","23","7","143","5","3"
"2016","04","150118","LIMA","LIMA","LURIGANCHO","MINSA","II-2","00005947","HOSPITAL DE MEDIANA COMPLEJIDAD JOSE AGURTO TELLO","14","25","67","102","0","3","84","2","3","6","14","23","7","143","5","3"
"2016","04","150137","LIMA","LIMA","SANTA ANITA","MINSA","III-1","00005948","HOSPITAL HERMILIO VALDIZAN","57","82","213","74","0","35","65","4","31","3","1","0","5","162","13","2"
"2016","02","150137","LIMA","LIMA","SANTA ANITA","MINSA","III-1","00005948","HOSPITAL HERMILIO VALDIZAN","57","82","213","78","0","39","65","4","30","3","1","0","5","160","13","2"
"2016","06","150137","LIMA","LIMA","SANTA ANITA","MINSA","III-1","00005948","HOSPITAL HERMILIO VALDIZAN","57","82","213","73","0","34","64","4","30","3","1","0","5","160","13","2"
"2016","05","150137","LIMA","LIMA","SANTA ANITA","MINSA","III-1","00005948","HOSPITAL HERMILIO VALDIZAN","57","82","213","74","0","37","67","4","31","3","1","0","5","170","13","2"
"2016","03","150137","LIMA","LIMA","SANTA ANITA","MINSA","III-1","00005948","HOSPITAL HERMILIO VALDIZAN","57","82","213","79","0","39","67","4","31","3","1","0","5","171","13","2"
"2016","01","150137","LIMA","LIMA","SANTA ANITA","MINSA","III-1","00005948","HOSPITAL HERMILIO VALDIZAN","57","82","213","71","0","34","67","4","30","3","1","0","5","177","13","2"
"2016","10","150137","LIMA","LIMA","SANTA ANITA","MINSA","III-1","00005948","HOSPITAL HERMILIO VALDIZAN","59","86","213","77","0","38","75","4","32","3","1","0","7","177","13","2"
"2016","08","150137","LIMA","LIMA","SANTA ANITA","MINSA","III-1","00005948","HOSPITAL HERMILIO VALDIZAN","55","84","213","78","0","40","67","4","31","3","1","0","5","168","13","2"
"2016","12","150137","LIMA","LIMA","SANTA ANITA","MINSA","III-1","00005948","HOSPITAL HERMILIO VALDIZAN","59","86","213","79","0","40","71","4","29","3","1","0","5","170","13","2"
"2016","11","150137","LIMA","LIMA","SANTA ANITA","MINSA","III-1","00005948","HOSPITAL HERMILIO VALDIZAN","59","86","213","79","0","40","67","4","28","3","1","0","5","164","13","2"
"2016","09","150137","LIMA","LIMA","SANTA ANITA","MINSA","III-1","00005948","HOSPITAL HERMILIO VALDIZAN","59","86","213","79","0","41","63","4","30","3","1","0","5","158","13","2"
"2016","07","150137","LIMA","LIMA","SANTA ANITA","MINSA","III-1","00005948","HOSPITAL HERMILIO VALDIZAN","57","82","213","95","0","57","68","4","30","3","1","0","5","169","13","2"
"2016","01","150501","LIMA","CAÑETE","SAN VICENTE DE CAÑETE","GOBIERNO REGIONAL","II-2","00005986","HOSPITAL REZOLA","22","36","95","49","0","0","66","4","2","2","5","24","5","197","18","2"
"2016","02","150501","LIMA","CAÑETE","SAN VICENTE DE CAÑETE","GOBIERNO REGIONAL","II-2","00005986","HOSPITAL REZOLA","22","36","95","49","0","0","66","4","2","2","5","24","5","197","18","2"
"2016","03","150501","LIMA","CAÑETE","SAN VICENTE DE CAÑETE","GOBIERNO REGIONAL","II-2","00005986","HOSPITAL REZOLA","22","36","95","49","0","0","66","4","2","2","5","24","5","197","18","2"
"2016","12","150501","LIMA","CAÑETE","SAN VICENTE DE CAÑETE","GOBIERNO REGIONAL","II-2","00005986","HOSPITAL REZOLA","22","36","95","56","0","2","75","4","4","2","8","29","5","222","21","2"
"2016","05","150501","LIMA","CAÑETE","SAN VICENTE DE CAÑETE","GOBIERNO REGIONAL","II-2","00005986","HOSPITAL REZOLA","22","36","95","55","0","0","66","4","2","2","5","24","5","196","18","2"
"2016","04","150501","LIMA","CAÑETE","SAN VICENTE DE CAÑETE","GOBIERNO REGIONAL","II-2","00005986","HOSPITAL REZOLA","22","36","95","52","0","0","66","4","2","2","5","24","5","197","18","2"
"2016","06","150501","LIMA","CAÑETE","SAN VICENTE DE CAÑETE","GOBIERNO REGIONAL","II-2","00005986","HOSPITAL REZOLA","22","36","95","55","0","0","66","4","2","2","5","24","5","195","18","2"
"2016","07","150501","LIMA","CAÑETE","SAN VICENTE DE CAÑETE","GOBIERNO REGIONAL","II-2","00005986","HOSPITAL REZOLA","22","36","95","55","0","0","66","4","2","2","5","24","5","195","18","2"
"2016","08","150501","LIMA","CAÑETE","SAN VICENTE DE CAÑETE","GOBIERNO REGIONAL","II-2","00005986","HOSPITAL REZOLA","22","36","95","55","0","2","75","4","2","2","5","29","5","212","20","2"
"2016","09","150501","LIMA","CAÑETE","SAN VICENTE DE CAÑETE","GOBIERNO REGIONAL","II-2","00005986","HOSPITAL REZOLA","22","36","95","55","0","2","75","4","2","2","5","29","5","212","20","2"
"2016","10","150501","LIMA","CAÑETE","SAN VICENTE DE CAÑETE","GOBIERNO REGIONAL","II-2","00005986","HOSPITAL REZOLA","22","36","95","55","0","2","82","4","4","2","5","32","6","221","20","2"
"2016","11","150501","LIMA","CAÑETE","SAN VICENTE DE CAÑETE","GOBIERNO REGIONAL","II-2","00005986","HOSPITAL REZOLA","22","36","95","55","0","2","75","4","4","2","5","29","5","212","20","2"
"2016","12","150133","LIMA","LIMA","SAN JUAN DE MIRAFLORES","MINSA","III-1","00005987","HOSPITAL MARIA AUXILIADORA","93","137","374","512","0","254","389","11","10","10","18","32","12","1007","39","3"
"2016","11","150133","LIMA","LIMA","SAN JUAN DE MIRAFLORES","MINSA","III-1","00005987","HOSPITAL MARIA AUXILIADORA","93","137","374","524","0","260","379","11","10","10","18","32","12","1007","39","2"
"2016","10","150133","LIMA","LIMA","SAN JUAN DE MIRAFLORES","MINSA","III-1","00005987","HOSPITAL MARIA AUXILIADORA","93","137","374","262","0","260","385","11","10","10","38","33","13","1007","45","2"
"2016","09","150133","LIMA","LIMA","SAN JUAN DE MIRAFLORES","MINSA","III-1","00005987","HOSPITAL MARIA AUXILIADORA","93","137","374","262","0","263","445","11","10","10","38","33","13","1009","46","2"
"2016","07","150133","LIMA","LIMA","SAN JUAN DE MIRAFLORES","MINSA","III-1","00005987","HOSPITAL MARIA AUXILIADORA","93","137","373","262","0","252","388","11","11","11","40","35","13","1018","46","2"
"2016","08","150133","LIMA","LIMA","SAN JUAN DE MIRAFLORES","MINSA","III-1","00005987","HOSPITAL MARIA AUXILIADORA","93","137","373","264","0","258","385","11","11","10","40","34","13","1014","46","3"
"2016","06","150133","LIMA","LIMA","SAN JUAN DE MIRAFLORES","MINSA","III-1","00005987","HOSPITAL MARIA AUXILIADORA","93","131","373","262","0","242","355","11","11","11","40","13","13","1012","45","3"
"2016","05","150133","LIMA","LIMA","SAN JUAN DE MIRAFLORES","MINSA","III-1","00005987","HOSPITAL MARIA AUXILIADORA","118","151","373","258","0","243","360","11","11","11","40","13","14","1017","49","2"
"2016","02","150133","LIMA","LIMA","SAN JUAN DE MIRAFLORES","MINSA","III-1","00005987","HOSPITAL MARIA AUXILIADORA","118","151","334","248","0","287","334","11","11","11","40","13","14","1013","53","3"
"2016","01","150133","LIMA","LIMA","SAN JUAN DE MIRAFLORES","MINSA","III-1","00005987","HOSPITAL MARIA AUXILIADORA","118","151","323","249","0","290","328","11","11","9","39","13","14","1018","53","3"
"2016","03","150133","LIMA","LIMA","SAN JUAN DE MIRAFLORES","MINSA","III-1","00005987","HOSPITAL MARIA AUXILIADORA","118","151","373","246","0","290","347","11","11","11","40","13","14","1016","52","3"
"2016","04","150133","LIMA","LIMA","SAN JUAN DE MIRAFLORES","MINSA","III-1","00005987","HOSPITAL MARIA AUXILIADORA","118","151","373","249","0","280","274","11","11","11","40","13","14","1009","52","3"
"2016","11","131001","LA LIBERTAD","SANTIAGO DE CHUCO","SANTIAGO DE CHUCO","GOBIERNO REGIONAL","II-1","00005332","HOSPITAL DE APOYO CESAR VALLEJO MENDOZA","10","10","23","13","0","0","18","3","3","3","0","11","2","46","13","2"
"2016","12","131001","LA LIBERTAD","SANTIAGO DE CHUCO","SANTIAGO DE CHUCO","GOBIERNO REGIONAL","II-1","00005332","HOSPITAL DE APOYO CESAR VALLEJO MENDOZA","10","10","23","13","0","0","18","3","3","3","0","11","2","45","13","2"
"2016","10","131001","LA LIBERTAD","SANTIAGO DE CHUCO","SANTIAGO DE CHUCO","GOBIERNO REGIONAL","II-1","00005332","HOSPITAL DE APOYO CESAR VALLEJO MENDOZA","10","10","23","11","0","0","15","2","1","3","0","10","2","45","13","2"
"2016","09","131001","LA LIBERTAD","SANTIAGO DE CHUCO","SANTIAGO DE CHUCO","GOBIERNO REGIONAL","II-1","00005332","HOSPITAL DE APOYO CESAR VALLEJO MENDOZA","10","10","23","11","0","0","15","2","1","3","0","10","2","45","13","2"
"2016","08","131001","LA LIBERTAD","SANTIAGO DE CHUCO","SANTIAGO DE CHUCO","GOBIERNO REGIONAL","II-1","00005332","HOSPITAL DE APOYO CESAR VALLEJO MENDOZA","10","10","23","11","0","0","15","2","1","3","0","10","2","45","13","2"
"2016","07","131001","LA LIBERTAD","SANTIAGO DE CHUCO","SANTIAGO DE CHUCO","GOBIERNO REGIONAL","II-1","00005332","HOSPITAL DE APOYO CESAR VALLEJO MENDOZA","10","10","23","9","0","0","14","2","1","3","0","10","2","45","13","2"
"2016","06","131001","LA LIBERTAD","SANTIAGO DE CHUCO","SANTIAGO DE CHUCO","GOBIERNO REGIONAL","II-1","00005332","HOSPITAL DE APOYO CESAR VALLEJO MENDOZA","10","10","23","10","0","0","12","2","1","3","0","9","2","46","13","2"
"2016","05","131001","LA LIBERTAD","SANTIAGO DE CHUCO","SANTIAGO DE CHUCO","GOBIERNO REGIONAL","II-1","00005332","HOSPITAL DE APOYO CESAR VALLEJO MENDOZA","10","10","23","10","0","0","13","2","1","3","0","10","2","46","13","2"
"2016","02","131001","LA LIBERTAD","SANTIAGO DE CHUCO","SANTIAGO DE CHUCO","GOBIERNO REGIONAL","II-1","00005332","HOSPITAL DE APOYO CESAR VALLEJO MENDOZA","10","10","23","11","0","0","14","2","1","3","0","12","2","46","2","2"
"2016","01","131001","LA LIBERTAD","SANTIAGO DE CHUCO","SANTIAGO DE CHUCO","GOBIERNO REGIONAL","II-1","00005332","HOSPITAL DE APOYO CESAR VALLEJO MENDOZA","10","10","23","11","0","0","12","2","1","1","0","11","2","46","2","2"
"2016","03","131001","LA LIBERTAD","SANTIAGO DE CHUCO","SANTIAGO DE CHUCO","GOBIERNO REGIONAL","II-1","00005332","HOSPITAL DE APOYO CESAR VALLEJO MENDOZA","10","10","23","10","0","0","14","2","1","3","0","12","2","46","13","2"
"2016","04","131001","LA LIBERTAD","SANTIAGO DE CHUCO","SANTIAGO DE CHUCO","GOBIERNO REGIONAL","II-1","00005332","HOSPITAL DE APOYO CESAR VALLEJO MENDOZA","10","10","23","11","0","0","14","2","1","3","0","10","2","46","13","2"
"2016","12","150103","LIMA","LIMA","ATE","MINSA","II-1","00005883","HOSPITAL DE HUAYCAN","23","43","51","54","0","0","46","3","9","2","2","23","8","75","3","1"
"2016","10","150103","LIMA","LIMA","ATE","MINSA","II-1","00005883","HOSPITAL DE HUAYCAN","23","43","51","53","0","0","46","3","8","3","2","21","8","75","2","1"
"2016","09","150103","LIMA","LIMA","ATE","MINSA","II-1","00005883","HOSPITAL DE HUAYCAN","23","43","51","56","0","0","46","3","7","3","2","23","8","73","4","1"
"2016","11","150103","LIMA","LIMA","ATE","MINSA","II-1","00005883","HOSPITAL DE HUAYCAN","23","43","51","55","0","0","46","5","9","3","2","21","8","74","2","1"
"2016","07","150103","LIMA","LIMA","ATE","MINSA","II-1","00005883","HOSPITAL DE HUAYCAN","21","43","46","50","0","0","46","7","4","4","2","23","8","57","2","1"
"2016","08","150103","LIMA","LIMA","ATE","MINSA","II-1","00005883","HOSPITAL DE HUAYCAN","23","43","46","56","0","0","46","3","7","3","2","23","8","73","4","1"
"2016","05","150103","LIMA","LIMA","ATE","MINSA","II-1","00005883","HOSPITAL DE HUAYCAN","21","43","46","46","0","0","48","3","5","4","2","25","8","74","4","1"
"2016","06","150103","LIMA","LIMA","ATE","MINSA","II-1","00005883","HOSPITAL DE HUAYCAN","21","43","46","52","0","0","46","5","6","4","1","24","8","65","2","1"
"2016","03","150103","LIMA","LIMA","ATE","MINSA","II-1","00005883","HOSPITAL DE HUAYCAN","21","43","45","50","0","0","47","3","4","4","2","24","8","73","2","1"
"2016","01","150103","LIMA","LIMA","ATE","MINSA","II-1","00005883","HOSPITAL DE HUAYCAN","21","43","45","42","0","0","44","3","4","3","2","22","6","74","2","1"
"2016","04","150103","LIMA","LIMA","ATE","MINSA","II-1","00005883","HOSPITAL DE HUAYCAN","21","43","46","55","0","0","48","3","4","3","2","25","8","73","2","1"
"2016","02","150103","LIMA","LIMA","ATE","MINSA","II-1","00005883","HOSPITAL DE HUAYCAN","21","43","45","48","0","0","46","5","4","4","2","22","8","75","2","1"
"2016","12","070101","CALLAO","CALLAO","CALLAO","GOBIERNO REGIONAL","I-2","00006768","PALMERAS DE OQUENDO","4","1","0","3","0","0","3","2","1","0","0","2","0","7","1","0"
"2016","03","150101","LIMA","LIMA","LIMA","MINSA","III-1","00006206","NACIONAL  DOS DE MAYO","81","94","626","315","0","165","287","8","6","15","70","40","30","438","64","5"
"2016","12","150101","LIMA","LIMA","LIMA","MINSA","III-1","00006206","NACIONAL  DOS DE MAYO","82","99","614","338","8","157","292","11","7","22","75","39","36","483","56","5"
"2016","02","150101","LIMA","LIMA","LIMA","MINSA","III-1","00006206","NACIONAL  DOS DE MAYO","77","92","602","313","0","178","289","8","5","15","68","40","31","470","42","5"
"2016","06","150101","LIMA","LIMA","LIMA","MINSA","III-1","00006206","NACIONAL  DOS DE MAYO","84","102","651","337","0","167","282","9","5","21","72","41","33","473","56","5"
"2016","10","150101","LIMA","LIMA","LIMA","MINSA","III-1","00006206","NACIONAL  DOS DE MAYO","86","102","594","332","0","160","284","10","7","24","75","39","33","464","41","5"
"2016","08","150101","LIMA","LIMA","LIMA","MINSA","III-1","00006206","NACIONAL  DOS DE MAYO","81","98","602","339","0","175","290","9","6","21","76","42","32","483","41","5"
"2016","09","150101","LIMA","LIMA","LIMA","MINSA","III-1","00006206","NACIONAL  DOS DE MAYO","89","105","648","344","0","170","298","9","8","25","76","41","32","491","42","5"
"2016","07","150101","LIMA","LIMA","LIMA","MINSA","III-1","00006206","NACIONAL  DOS DE MAYO","81","99","614","335","0","150","297","9","6","21","74","2","35","469","44","5"
"2016","04","150101","LIMA","LIMA","LIMA","MINSA","III-1","00006206","NACIONAL  DOS DE MAYO","75","87","629","310","5","147","293","7","6","3","73","46","30","445","57","5"
"2016","01","150101","LIMA","LIMA","LIMA","MINSA","III-1","00006206","NACIONAL  DOS DE MAYO","77","87","602","308","0","150","286","7","5","15","53","41","28","425","57","5"
"2016","11","150101","LIMA","LIMA","LIMA","MINSA","III-1","00006206","NACIONAL  DOS DE MAYO","88","104","612","361","0","172","292","0","6","20","75","39","34","477","56","2"
"2016","05","150101","LIMA","LIMA","LIMA","MINSA","III-1","00006206","NACIONAL  DOS DE MAYO","73","88","578","308","0","157","265","7","6","20","72","38","32","445","57","5"
"2016","12","150101","LIMA","LIMA","LIMA","MINSA","III-1","00006207","NACIONAL ARZOBISPO LOAYZA","121","191","763","407","0","206","427","16","9","6","42","27","8","22","1182","4"
"2016","11","150101","LIMA","LIMA","LIMA","MINSA","III-1","00006207","NACIONAL ARZOBISPO LOAYZA","121","191","762","420","0","215","425","16","10","8","45","26","8","21","1190","4"
"2016","10","150101","LIMA","LIMA","LIMA","MINSA","III-1","00006207","NACIONAL ARZOBISPO LOAYZA","121","191","762","416","0","225","422","16","10","6","43","27","8","20","1191","4"
"2016","09","150101","LIMA","LIMA","LIMA","MINSA","III-1","00006207","NACIONAL ARZOBISPO LOAYZA","121","191","759","408","0","222","408","16","9","8","41","25","8","20","1122","4"
"2016","08","150101","LIMA","LIMA","LIMA","MINSA","III-1","00006207","NACIONAL ARZOBISPO LOAYZA","121","191","759","396","0","215","422","15","9","7","43","25","7","15","1104","4"
"2016","07","150101","LIMA","LIMA","LIMA","MINSA","III-1","00006207","NACIONAL ARZOBISPO LOAYZA","121","191","759","394","0","229","415","16","10","8","41","26","7","23","1157","4"
"2016","05","150101","LIMA","LIMA","LIMA","MINSA","III-1","00006207","NACIONAL ARZOBISPO LOAYZA","121","191","815","393","0","180","408","15","8","7","37","25","7","19","1109","4"
"2016","06","150101","LIMA","LIMA","LIMA","MINSA","III-1","00006207","NACIONAL ARZOBISPO LOAYZA","121","191","815","401","0","199","427","14","9","8","40","27","7","13","1174","4"
"2016","04","150101","LIMA","LIMA","LIMA","MINSA","III-1","00006207","NACIONAL ARZOBISPO LOAYZA","121","191","815","422","0","244","423","16","10","8","41","27","8","19","1195","4"
"2016","03","150101","LIMA","LIMA","LIMA","MINSA","III-1","00006207","NACIONAL ARZOBISPO LOAYZA","121","191","815","378","0","218","419","16","10","8","40","27","8","21","1114","4"
"2016","01","150101","LIMA","LIMA","LIMA","MINSA","III-1","00006207","NACIONAL ARZOBISPO LOAYZA","121","191","808","430","0","244","453","16","10","8","45","29","8","24","1264","4"
"2016","02","150101","LIMA","LIMA","LIMA","MINSA","III-1","00006207","NACIONAL ARZOBISPO LOAYZA","121","191","815","244","0","227","395","10","5","6","35","23","5","21","1042","4"
"2016","12","150101","LIMA","LIMA","LIMA","MINSA","III-2","00006208","INSTITUTO NACIONAL MATERNO PERINATAL","61","78","429","262","0","68","352","4","9","6","38","216","13","730","147","5"
"2016","10","150101","LIMA","LIMA","LIMA","MINSA","III-2","00006208","INSTITUTO NACIONAL MATERNO PERINATAL","61","78","429","246","0","59","354","4","9","5","38","220","13","730","147","5"
"2016","11","150101","LIMA","LIMA","LIMA","MINSA","III-2","00006208","INSTITUTO NACIONAL MATERNO PERINATAL","61","78","429","257","0","68","352","4","9","5","38","216","13","730","147","5"
"2016","09","150101","LIMA","LIMA","LIMA","MINSA","III-2","00006208","INSTITUTO NACIONAL MATERNO PERINATAL","61","78","429","245","0","64","350","5","9","5","40","210","13","699","170","5"
"2016","08","150101","LIMA","LIMA","LIMA","MINSA","III-2","00006208","INSTITUTO NACIONAL MATERNO PERINATAL","61","78","429","245","0","64","350","5","9","5","40","210","13","699","170","5"
"2016","07","150101","LIMA","LIMA","LIMA","MINSA","III-2","00006208","INSTITUTO NACIONAL MATERNO PERINATAL","61","78","429","245","0","64","350","5","9","5","40","210","13","699","170","5"
"2016","06","150101","LIMA","LIMA","LIMA","MINSA","III-2","00006208","INSTITUTO NACIONAL MATERNO PERINATAL","61","78","398","245","0","64","350","5","9","5","40","210","13","699","170","5"
"2016","05","150101","LIMA","LIMA","LIMA","MINSA","III-2","00006208","INSTITUTO NACIONAL MATERNO PERINATAL","61","78","398","244","0","64","331","4","9","4","39","213","13","813","40","6"
"2016","02","150101","LIMA","LIMA","LIMA","MINSA","III-2","00006208","INSTITUTO NACIONAL MATERNO PERINATAL","61","78","398","255","0","64","332","5","9","4","38","217","13","716","60","4"
"2016","03","150101","LIMA","LIMA","LIMA","MINSA","III-2","00006208","INSTITUTO NACIONAL MATERNO PERINATAL","61","78","398","247","0","64","333","4","9","4","37","214","13","713","156","4"
"2016","01","150101","LIMA","LIMA","LIMA","MINSA","III-2","00006208","INSTITUTO NACIONAL MATERNO PERINATAL","61","95","398","254","0","64","332","5","9","4","38","217","13","716","58","4"
"2016","04","150101","LIMA","LIMA","LIMA","MINSA","III-2","00006208","INSTITUTO NACIONAL MATERNO PERINATAL","61","78","398","245","0","64","331","4","9","4","39","213","13","699","160","5"
"2016","10","150101","LIMA","LIMA","LIMA","MINSA","III-2","00006209","INSTITUTO NACIONAL DE CIENCIAS NEUROLOGICAS","31","47","147","71","0","39","105","2","8","3","31","0","4","433","7","3"
"2016","08","150101","LIMA","LIMA","LIMA","MINSA","III-2","00006209","INSTITUTO NACIONAL DE CIENCIAS NEUROLOGICAS","31","47","178","71","0","39","104","2","8","3","29","0","4","432","7","3"
"2016","02","150101","LIMA","LIMA","LIMA","MINSA","III-2","00006209","INSTITUTO NACIONAL DE CIENCIAS NEUROLOGICAS","32","45","176","70","0","39","96","2","7","2","29","0","3","435","7","3"
"2016","07","150101","LIMA","LIMA","LIMA","MINSA","III-2","00006209","INSTITUTO NACIONAL DE CIENCIAS NEUROLOGICAS","31","47","178","71","0","39","103","2","8","3","31","0","4","432","7","3"
"2016","06","150101","LIMA","LIMA","LIMA","MINSA","III-2","00006209","INSTITUTO NACIONAL DE CIENCIAS NEUROLOGICAS","31","44","178","69","0","39","103","2","8","3","30","0","4","432","7","3"
"2016","04","150101","LIMA","LIMA","LIMA","MINSA","III-2","00006209","INSTITUTO NACIONAL DE CIENCIAS NEUROLOGICAS","31","45","163","73","0","39","103","2","7","3","29","0","4","432","6","3"
"2016","03","150101","LIMA","LIMA","LIMA","MINSA","III-2","00006209","INSTITUTO NACIONAL DE CIENCIAS NEUROLOGICAS","32","32","48","74","0","39","105","1","8","3","30","0","4","433","7","3"
"2016","05","150101","LIMA","LIMA","LIMA","MINSA","III-2","00006209","INSTITUTO NACIONAL DE CIENCIAS NEUROLOGICAS","31","48","177","72","0","39","103","2","7","3","28","0","4","429","7","3"
"2016","12","150101","LIMA","LIMA","LIMA","MINSA","III-2","00006209","INSTITUTO NACIONAL DE CIENCIAS NEUROLOGICAS","31","35","148","79","0","34","115","2","7","3","32","0","4","423","7","2"
"2016","09","150101","LIMA","LIMA","LIMA","MINSA","III-2","00006209","INSTITUTO NACIONAL DE CIENCIAS NEUROLOGICAS","31","47","178","70","0","39","101","2","7","2","30","0","4","433","7","3"
"2016","11","150101","LIMA","LIMA","LIMA","MINSA","III-2","00006209","INSTITUTO NACIONAL DE CIENCIAS NEUROLOGICAS","31","38","148","79","0","34","115","2","7","3","32","0","4","423","7","2"
"2016","01","150101","LIMA","LIMA","LIMA","MINSA","III-2","00006209","INSTITUTO NACIONAL DE CIENCIAS NEUROLOGICAS","30","44","171","67","0","40","101","2","8","2","31","0","3","432","6","4"
"2016","12","150141","LIMA","LIMA","SURQUILLO","MINSA","III-2","00006210","INSTITUTO NACIONAL DE ENFERMEDADES NEOPLASICAS","141","140","414","219","0","187","445","4","8","17","199","0","42","11","904","1"
"2016","11","150141","LIMA","LIMA","SURQUILLO","MINSA","III-2","00006210","INSTITUTO NACIONAL DE ENFERMEDADES NEOPLASICAS","141","140","414","216","0","187","447","4","8","17","195","0","40","11","905","1"
"2016","10","150141","LIMA","LIMA","SURQUILLO","MINSA","III-2","00006210","INSTITUTO NACIONAL DE ENFERMEDADES NEOPLASICAS","141","139","414","211","0","196","444","4","8","18","196","0","42","110","628","1"
"2016","09","150141","LIMA","LIMA","SURQUILLO","MINSA","III-2","00006210","INSTITUTO NACIONAL DE ENFERMEDADES NEOPLASICAS","140","138","414","211","0","198","466","4","8","16","195","0","40","111","647","1"
"2016","08","150141","LIMA","LIMA","SURQUILLO","MINSA","III-2","00006210","INSTITUTO NACIONAL DE ENFERMEDADES NEOPLASICAS","136","135","414","183","0","195","439","4","8","13","170","0","36","97","594","1"
"2016","07","150141","LIMA","LIMA","SURQUILLO","MINSA","III-2","00006210","INSTITUTO NACIONAL DE ENFERMEDADES NEOPLASICAS","136","136","414","188","0","232","442","4","8","15","168","0","39","105","593","1"
"2016","06","150141","LIMA","LIMA","SURQUILLO","MINSA","III-2","00006210","INSTITUTO NACIONAL DE ENFERMEDADES NEOPLASICAS","136","135","414","195","0","150","403","5","6","16","167","0","32","100","582","1"
"2016","05","150141","LIMA","LIMA","SURQUILLO","MINSA","III-2","00006210","INSTITUTO NACIONAL DE ENFERMEDADES NEOPLASICAS","136","135","414","205","0","159","425","5","6","16","177","0","35","103","620","1"
"2016","01","150141","LIMA","LIMA","SURQUILLO","MINSA","III-2","00006210","INSTITUTO NACIONAL DE ENFERMEDADES NEOPLASICAS","135","133","412","205","0","178","478","6","6","16","183","0","38","111","658","1"
"2016","04","150141","LIMA","LIMA","SURQUILLO","MINSA","III-2","00006210","INSTITUTO NACIONAL DE ENFERMEDADES NEOPLASICAS","136","135","414","206","0","164","452","5","6","16","181","0","35","108","639","1"
"2016","03","150141","LIMA","LIMA","SURQUILLO","MINSA","III-2","00006210","INSTITUTO NACIONAL DE ENFERMEDADES NEOPLASICAS","137","135","414","208","0","178","479","6","6","16","184","0","38","111","659","1"
"2016","02","150141","LIMA","LIMA","SURQUILLO","MINSA","III-2","00006210","INSTITUTO NACIONAL DE ENFERMEDADES NEOPLASICAS","136","134","412","386","0","178","479","6","6","16","184","0","38","111","659","1"
"2016","12","150121","LIMA","LIMA","PUEBLO LIBRE","MINSA","III-1","00006211","HOSPITAL DE APOYO SANTA ROSA","54","87","193","217","0","37","211","7","7","8","37","44","18","47","17","3"
"2016","10","150121","LIMA","LIMA","PUEBLO LIBRE","MINSA","III-1","00006211","HOSPITAL DE APOYO SANTA ROSA","54","87","193","217","0","37","211","7","7","8","37","44","18","47","17","3"
"2016","11","150121","LIMA","LIMA","PUEBLO LIBRE","MINSA","III-1","00006211","HOSPITAL DE APOYO SANTA ROSA","54","87","193","217","0","37","211","7","7","8","37","44","18","47","17","3"
"2016","09","150121","LIMA","LIMA","PUEBLO LIBRE","MINSA","III-1","00006211","HOSPITAL DE APOYO SANTA ROSA","54","87","193","217","0","37","211","7","7","8","37","44","18","47","17","3"
"2016","07","150121","LIMA","LIMA","PUEBLO LIBRE","MINSA","III-1","00006211","HOSPITAL DE APOYO SANTA ROSA","54","87","193","217","0","37","211","7","7","8","37","44","18","47","17","3"
"2016","08","150121","LIMA","LIMA","PUEBLO LIBRE","MINSA","III-1","00006211","HOSPITAL DE APOYO SANTA ROSA","54","87","193","217","0","37","211","7","7","8","37","44","18","47","17","3"
"2016","05","150121","LIMA","LIMA","PUEBLO LIBRE","MINSA","III-1","00006211","HOSPITAL DE APOYO SANTA ROSA","54","87","193","217","0","37","211","7","7","8","37","44","18","47","17","3"
"2016","06","150121","LIMA","LIMA","PUEBLO LIBRE","MINSA","III-1","00006211","HOSPITAL DE APOYO SANTA ROSA","54","87","193","217","0","37","211","7","7","8","37","44","18","47","17","3"
"2016","04","150121","LIMA","LIMA","PUEBLO LIBRE","MINSA","III-1","00006211","HOSPITAL DE APOYO SANTA ROSA","54","87","193","217","0","37","211","7","7","8","37","44","18","47","17","3"
"2016","12","150115","LIMA","LIMA","LA VICTORIA","MINSA","III-E","00006212","HOSPITAL DE EMERGENCIAS PEDIATRICAS","3","6","45","117","0","5","113","0","0","3","27","0","7","129","13","2"
"2016","11","150115","LIMA","LIMA","LA VICTORIA","MINSA","III-E","00006212","HOSPITAL DE EMERGENCIAS PEDIATRICAS","3","6","45","118","0","5","113","0","0","3","28","0","7","127","13","2"
"2016","10","150115","LIMA","LIMA","LA VICTORIA","MINSA","III-E","00006212","HOSPITAL DE EMERGENCIAS PEDIATRICAS","3","6","45","119","0","5","113","0","0","3","28","0","7","130","13","2"
"2016","09","150115","LIMA","LIMA","LA VICTORIA","MINSA","III-E","00006212","HOSPITAL DE EMERGENCIAS PEDIATRICAS","3","6","52","119","0","5","115","0","0","3","28","0","7","130","13","2"
"2016","07","150115","LIMA","LIMA","LA VICTORIA","MINSA","III-E","00006212","HOSPITAL DE EMERGENCIAS PEDIATRICAS","3","6","52","119","0","5","115","0","0","3","27","0","8","130","13","2"
"2016","08","150115","LIMA","LIMA","LA VICTORIA","MINSA","III-E","00006212","HOSPITAL DE EMERGENCIAS PEDIATRICAS","3","6","52","119","0","5","115","0","0","3","28","0","7","130","13","2"
"2016","06","150115","LIMA","LIMA","LA VICTORIA","MINSA","III-E","00006212","HOSPITAL DE EMERGENCIAS PEDIATRICAS","3","6","52","118","0","5","114","0","0","3","28","0","8","129","13","2"
"2016","05","150115","LIMA","LIMA","LA VICTORIA","MINSA","III-E","00006212","HOSPITAL DE EMERGENCIAS PEDIATRICAS","3","6","52","118","0","5","114","0","0","3","28","0","8","129","13","2"
"2016","01","150115","LIMA","LIMA","LA VICTORIA","MINSA","III-E","00006212","HOSPITAL DE EMERGENCIAS PEDIATRICAS","3","6","51","115","0","12","115","0","0","3","19","0","7","113","13","2"
"2016","03","150115","LIMA","LIMA","LA VICTORIA","MINSA","III-E","00006212","HOSPITAL DE EMERGENCIAS PEDIATRICAS","3","6","52","116","0","5","118","0","0","3","28","0","8","128","13","2"
"2016","04","150115","LIMA","LIMA","LA VICTORIA","MINSA","III-E","00006212","HOSPITAL DE EMERGENCIAS PEDIATRICAS","3","6","52","118","0","5","119","0","0","3","29","0","8","128","13","2"
"2016","12","150122","LIMA","LIMA","MIRAFLORES","MINSA","III-E","00006213","HOSPITAL DE EMERGENCIAS JOSE CASIMIRO ULLOA","9","9","71","132","0","27","159","0","1","3","26","0","8","246","11","3"
"2016","10","150122","LIMA","LIMA","MIRAFLORES","MINSA","III-E","00006213","HOSPITAL DE EMERGENCIAS JOSE CASIMIRO ULLOA","9","9","71","133","0","27","162","0","2","3","26","0","8","252","9","3"
"2016","11","150122","LIMA","LIMA","MIRAFLORES","MINSA","III-E","00006213","HOSPITAL DE EMERGENCIAS JOSE CASIMIRO ULLOA","9","9","71","131","0","27","159","0","1","3","26","0","8","248","11","3"
"2016","09","150122","LIMA","LIMA","MIRAFLORES","MINSA","III-E","00006213","HOSPITAL DE EMERGENCIAS JOSE CASIMIRO ULLOA","9","9","71","134","0","27","162","0","2","3","26","0","8","252","9","3"
"2016","07","150122","LIMA","LIMA","MIRAFLORES","MINSA","III-E","00006213","HOSPITAL DE EMERGENCIAS JOSE CASIMIRO ULLOA","9","9","71","130","0","27","162","0","2","3","27","0","8","252","9","3"
"2016","08","150122","LIMA","LIMA","MIRAFLORES","MINSA","III-E","00006213","HOSPITAL DE EMERGENCIAS JOSE CASIMIRO ULLOA","9","9","71","130","0","27","162","0","2","3","27","0","8","252","9","3"
"2016","06","150122","LIMA","LIMA","MIRAFLORES","MINSA","III-E","00006213","HOSPITAL DE EMERGENCIAS JOSE CASIMIRO ULLOA","9","9","71","130","0","27","163","0","2","3","27","0","8","253","9","3"
"2016","05","150122","LIMA","LIMA","MIRAFLORES","MINSA","III-E","00006213","HOSPITAL DE EMERGENCIAS JOSE CASIMIRO ULLOA","9","9","71","131","0","27","163","0","2","3","27","0","8","253","9","3"
"2016","02","150122","LIMA","LIMA","MIRAFLORES","MINSA","III-E","00006213","HOSPITAL DE EMERGENCIAS JOSE CASIMIRO ULLOA","9","9","71","132","0","27","163","0","2","3","28","0","8","248","11","3"
"2016","01","150122","LIMA","LIMA","MIRAFLORES","MINSA","III-E","00006213","HOSPITAL DE EMERGENCIAS JOSE CASIMIRO ULLOA","9","9","71","134","0","27","163","0","2","3","28","0","8","248","11","3"
"2016","04","150122","LIMA","LIMA","MIRAFLORES","MINSA","III-E","00006213","HOSPITAL DE EMERGENCIAS JOSE CASIMIRO ULLOA","9","9","71","131","0","27","163","0","2","3","27","0","8","253","9","3"
"2016","03","150122","LIMA","LIMA","MIRAFLORES","MINSA","III-E","00006213","HOSPITAL DE EMERGENCIAS JOSE CASIMIRO ULLOA","9","9","71","132","0","27","163","0","2","3","28","0","8","253","11","3"
"2016","12","150120","LIMA","LIMA","MAGDALENA DEL MAR","MINSA","III-1","00006214","HOSPITAL VICTOR LARCO HERRERA","43","86","590","96","0","30","124","3","44","3","27","0","7","324","245","3"
"2016","11","150120","LIMA","LIMA","MAGDALENA DEL MAR","MINSA","III-1","00006214","HOSPITAL VICTOR LARCO HERRERA","43","86","590","102","0","42","117","3","35","3","10","0","7","346","245","3"
"2016","10","150120","LIMA","LIMA","MAGDALENA DEL MAR","MINSA","III-1","00006214","HOSPITAL VICTOR LARCO HERRERA","43","86","590","88","0","40","97","3","52","3","30","0","8","316","245","3"
"2016","09","150120","LIMA","LIMA","MAGDALENA DEL MAR","MINSA","III-1","00006214","HOSPITAL VICTOR LARCO HERRERA","43","86","590","110","0","42","108","3","38","3","25","0","8","319","245","3"
"2016","07","150120","LIMA","LIMA","MAGDALENA DEL MAR","MINSA","III-1","00006214","HOSPITAL VICTOR LARCO HERRERA","43","86","590","57","0","42","120","3","35","3","10","0","9","346","245","3"
"2016","08","150120","LIMA","LIMA","MAGDALENA DEL MAR","MINSA","III-1","00006214","HOSPITAL VICTOR LARCO HERRERA","43","86","590","57","0","42","120","3","38","3","10","0","9","346","245","3"
"2016","05","150120","LIMA","LIMA","MAGDALENA DEL MAR","MINSA","III-1","00006214","HOSPITAL VICTOR LARCO HERRERA","43","86","590","92","0","42","121","3","41","3","10","0","10","311","240","3"
"2016","06","150120","LIMA","LIMA","MAGDALENA DEL MAR","MINSA","III-1","00006214","HOSPITAL VICTOR LARCO HERRERA","43","86","590","92","0","42","121","3","41","3","10","0","10","311","240","3"
"2016","02","150120","LIMA","LIMA","MAGDALENA DEL MAR","MINSA","III-1","00006214","HOSPITAL VICTOR LARCO HERRERA","43","86","590","82","0","42","123","2","36","3","13","0","9","318","37","3"
"2016","03","150120","LIMA","LIMA","MAGDALENA DEL MAR","MINSA","III-1","00006214","HOSPITAL VICTOR LARCO HERRERA","43","86","590","57","0","42","120","3","35","3","10","0","9","346","245","3"
"2016","04","150120","LIMA","LIMA","MAGDALENA DEL MAR","MINSA","III-1","00006214","HOSPITAL VICTOR LARCO HERRERA","43","86","590","57","0","42","120","3","35","3","10","0","9","346","245","3"
"2016","02","150101","LIMA","LIMA","LIMA","MINSA","III-1","00006215","HOSPITAL NACIONAL DOCENTE MADRE NIÑO SAN BARTOLOME","33","44","177","322","0","109","279","10","8","5","51","70","23","395","20","3"
"2016","03","150101","LIMA","LIMA","LIMA","MINSA","III-1","00006215","HOSPITAL NACIONAL DOCENTE MADRE NIÑO SAN BARTOLOME","33","44","222","303","0","108","260","9","8","4","47","68","22","388","22","3"
"2016","12","150101","LIMA","LIMA","LIMA","MINSA","III-1","00006215","HOSPITAL NACIONAL DOCENTE MADRE NIÑO SAN BARTOLOME","36","44","209","298","0","110","274","10","8","5","49","69","22","368","33","3"
"2016","08","150101","LIMA","LIMA","LIMA","MINSA","III-1","00006215","HOSPITAL NACIONAL DOCENTE MADRE NIÑO SAN BARTOLOME","36","44","216","297","0","108","263","9","8","5","48","69","21","369","33","3"
"2016","07","150101","LIMA","LIMA","LIMA","MINSA","III-1","00006215","HOSPITAL NACIONAL DOCENTE MADRE NIÑO SAN BARTOLOME","36","44","203","296","0","108","262","9","8","5","48","69","21","370","33","3"
"2016","04","150101","LIMA","LIMA","LIMA","MINSA","III-1","00006215","HOSPITAL NACIONAL DOCENTE MADRE NIÑO SAN BARTOLOME","36","44","218","285","0","94","257","9","9","5","47","66","21","369","33","3"
"2016","10","150101","LIMA","LIMA","LIMA","MINSA","III-1","00006215","HOSPITAL NACIONAL DOCENTE MADRE NIÑO SAN BARTOLOME","36","44","228","302","0","110","273","9","10","5","49","69","22","370","33","3"
"2016","09","150101","LIMA","LIMA","LIMA","MINSA","III-1","00006215","HOSPITAL NACIONAL DOCENTE MADRE NIÑO SAN BARTOLOME","36","44","231","301","0","110","273","10","8","5","48","69","22","371","33","3"
"2016","11","150101","LIMA","LIMA","LIMA","MINSA","III-1","00006215","HOSPITAL NACIONAL DOCENTE MADRE NIÑO SAN BARTOLOME","36","44","211","299","0","111","275","10","5","5","49","68","22","366","34","3"
"2016","05","150101","LIMA","LIMA","LIMA","MINSA","III-1","00006215","HOSPITAL NACIONAL DOCENTE MADRE NIÑO SAN BARTOLOME","36","44","203","283","0","94","262","9","9","5","47","68","21","371","33","3"
"2016","01","150101","LIMA","LIMA","LIMA","MINSA","III-1","00006215","HOSPITAL NACIONAL DOCENTE MADRE NIÑO SAN BARTOLOME","33","44","175","321","0","108","271","10","8","5","51","69","21","398","22","3"
"2016","06","150101","LIMA","LIMA","LIMA","MINSA","III-1","00006215","HOSPITAL NACIONAL DOCENTE MADRE NIÑO SAN BARTOLOME","36","44","201","279","0","94","261","9","9","5","47","68","21","371","33","3"
"2016","12","150101","LIMA","LIMA","LIMA","MINSA","III-2","00006217","INO DR. FRANCISCO CONTRERAS C.","44","76","11","108","0","27","55","0","1","1","22","0","8","103","6","1"
"2016","11","150101","LIMA","LIMA","LIMA","MINSA","III-2","00006217","INO DR. FRANCISCO CONTRERAS C.","44","76","11","108","0","27","55","0","1","1","22","0","8","103","6","1"
"2016","10","150101","LIMA","LIMA","LIMA","MINSA","III-2","00006217","INO DR. FRANCISCO CONTRERAS C.","44","76","11","108","0","27","55","0","1","1","22","0","8","103","6","1"
"2016","09","150101","LIMA","LIMA","LIMA","MINSA","III-2","00006217","INO DR. FRANCISCO CONTRERAS C.","44","76","11","108","0","27","55","0","1","1","22","0","8","103","6","1"
"2016","08","150101","LIMA","LIMA","LIMA","MINSA","III-2","00006217","INO DR. FRANCISCO CONTRERAS C.","44","76","11","108","0","27","55","0","1","1","22","0","8","103","6","1"
"2016","07","150101","LIMA","LIMA","LIMA","MINSA","III-2","00006217","INO DR. FRANCISCO CONTRERAS C.","44","76","11","108","0","27","55","0","1","1","22","0","8","103","6","1"
"2016","05","150101","LIMA","LIMA","LIMA","MINSA","III-2","00006217","INO DR. FRANCISCO CONTRERAS C.","47","96","11","107","0","27","55","0","1","1","22","0","8","103","6","1"
"2016","06","150101","LIMA","LIMA","LIMA","MINSA","III-2","00006217","INO DR. FRANCISCO CONTRERAS C.","44","76","11","108","0","27","55","0","1","1","22","0","8","103","6","1"
"2016","02","150101","LIMA","LIMA","LIMA","MINSA","III-2","00006217","INO DR. FRANCISCO CONTRERAS C.","47","96","11","107","0","27","55","0","1","1","22","0","8","103","6","1"
"2016","04","150101","LIMA","LIMA","LIMA","MINSA","III-2","00006217","INO DR. FRANCISCO CONTRERAS C.","47","96","11","107","0","27","55","0","1","1","22","0","8","103","6","1"
"2016","01","070102","CALLAO","CALLAO","BELLAVISTA","GOBIERNO REGIONAL","III-1","00006218","NAC. DANIEL A. CARRION","99","118","486","253","0","221","252","7","9","9","42","26","10","599","30","2"
"2016","09","070102","CALLAO","CALLAO","BELLAVISTA","GOBIERNO REGIONAL","III-1","00006218","NAC. DANIEL A. CARRION","112","120","416","258","0","243","257","7","10","11","42","27","10","606","28","3"
"2016","07","070102","CALLAO","CALLAO","BELLAVISTA","GOBIERNO REGIONAL","III-1","00006218","NAC. DANIEL A. CARRION","111","117","416","248","0","201","260","7","11","10","43","26","10","627","31","3"
"2016","08","070102","CALLAO","CALLAO","BELLAVISTA","GOBIERNO REGIONAL","III-1","00006218","NAC. DANIEL A. CARRION","111","117","416","240","0","254","252","7","9","10","37","27","10","593","24","3"
"2016","06","070102","CALLAO","CALLAO","BELLAVISTA","GOBIERNO REGIONAL","III-1","00006218","NAC. DANIEL A. CARRION","91","97","416","280","0","240","282","7","11","11","46","29","10","687","32","3"
"2016","05","070102","CALLAO","CALLAO","BELLAVISTA","GOBIERNO REGIONAL","III-1","00006218","NAC. DANIEL A. CARRION","90","95","492","260","0","226","261","6","10","11","42","26","10","629","28","3"
"2016","03","070102","CALLAO","CALLAO","BELLAVISTA","GOBIERNO REGIONAL","III-1","00006218","NAC. DANIEL A. CARRION","107","131","495","255","0","223","264","7","11","9","44","28","10","623","31","2"
"2016","02","070102","CALLAO","CALLAO","BELLAVISTA","GOBIERNO REGIONAL","III-1","00006218","NAC. DANIEL A. CARRION","107","131","495","246","0","230","253","5","9","10","42","26","9","607","26","2"
"2016","10","070102","CALLAO","CALLAO","BELLAVISTA","GOBIERNO REGIONAL","III-1","00006218","NAC. DANIEL A. CARRION","105","110","416","243","0","250","263","7","10","9","42","27","9","617","27","3"
"2016","11","070102","CALLAO","CALLAO","BELLAVISTA","GOBIERNO REGIONAL","III-1","00006218","NAC. DANIEL A. CARRION","101","110","416","255","0","250","284","7","11","10","47","26","10","597","27","3"
"2016","12","070102","CALLAO","CALLAO","BELLAVISTA","GOBIERNO REGIONAL","III-1","00006218","NAC. DANIEL A. CARRION","105","110","416","257","0","243","284","7","10","9","46","27","10","651","27","3"
"2016","04","070102","CALLAO","CALLAO","BELLAVISTA","GOBIERNO REGIONAL","III-1","00006218","NAC. DANIEL A. CARRION","107","131","492","263","0","234","264","7","11","10","45","26","10","649","30","2"
"2016","12","070103","CALLAO","CALLAO","CARMEN DE LA LEGUA-REYNOSO","GOBIERNO REGIONAL","II-2","00006219","HOSPITAL SAN JOSE","43","69","72","157","0","41","103","3","12","3","39","33","9","97","8","4"
"2016","11","070103","CALLAO","CALLAO","CARMEN DE LA LEGUA-REYNOSO","GOBIERNO REGIONAL","II-2","00006219","HOSPITAL SAN JOSE","43","69","72","158","0","41","103","3","12","3","40","33","9","97","8","4"
"2016","10","070103","CALLAO","CALLAO","CARMEN DE LA LEGUA-REYNOSO","GOBIERNO REGIONAL","II-2","00006219","HOSPITAL SAN JOSE","43","63","72","154","0","41","100","3","12","3","40","33","9","95","8","4"
"2016","09","070103","CALLAO","CALLAO","CARMEN DE LA LEGUA-REYNOSO","GOBIERNO REGIONAL","II-2","00006219","HOSPITAL SAN JOSE","43","63","72","154","0","41","100","3","12","3","40","33","9","95","8","4"
"2016","07","070103","CALLAO","CALLAO","CARMEN DE LA LEGUA-REYNOSO","GOBIERNO REGIONAL","II-2","00006219","HOSPITAL SAN JOSE","43","63","72","154","0","41","100","3","12","3","40","33","9","95","8","4"
"2016","08","070103","CALLAO","CALLAO","CARMEN DE LA LEGUA-REYNOSO","GOBIERNO REGIONAL","II-2","00006219","HOSPITAL SAN JOSE","43","63","72","154","0","41","100","3","12","3","40","33","9","95","8","4"
"2016","06","070103","CALLAO","CALLAO","CARMEN DE LA LEGUA-REYNOSO","GOBIERNO REGIONAL","II-2","00006219","HOSPITAL SAN JOSE","43","64","73","236","0","41","94","3","12","3","39","33","9","95","8","4"
"2016","03","070103","CALLAO","CALLAO","CARMEN DE LA LEGUA-REYNOSO","GOBIERNO REGIONAL","II-2","00006219","HOSPITAL SAN JOSE","43","63","72","141","0","41","93","3","12","3","37","33","9","91","8","4"
"2016","02","070103","CALLAO","CALLAO","CARMEN DE LA LEGUA-REYNOSO","GOBIERNO REGIONAL","II-2","00006219","HOSPITAL SAN JOSE","43","63","72","141","0","41","93","3","12","3","37","33","9","89","8","4"
"2016","01","070103","CALLAO","CALLAO","CARMEN DE LA LEGUA-REYNOSO","GOBIERNO REGIONAL","II-2","00006219","HOSPITAL SAN JOSE","43","63","72","141","0","41","93","3","12","3","37","33","9","89","8","4"
"2016","05","070103","CALLAO","CALLAO","CARMEN DE LA LEGUA-REYNOSO","GOBIERNO REGIONAL","II-2","00006219","HOSPITAL SAN JOSE","43","63","72","236","0","41","94","3","12","3","39","33","9","95","8","4"
"2016","04","070103","CALLAO","CALLAO","CARMEN DE LA LEGUA-REYNOSO","GOBIERNO REGIONAL","II-2","00006219","HOSPITAL SAN JOSE","43","60","72","236","0","41","94","3","12","3","39","33","9","95","8","4"
"2016","12","070101","CALLAO","CALLAO","CALLAO","GOBIERNO REGIONAL","I-3","00006221","ALBERTO BARTON","12","12","0","4","0","0","3","2","2","1","2","3","0","0","0","0"
"2016","10","070101","CALLAO","CALLAO","CALLAO","GOBIERNO REGIONAL","I-3","00006221","ALBERTO BARTON","5","5","0","5","0","0","3","2","1","1","0","3","0","0","0","0"
"2016","11","070101","CALLAO","CALLAO","CALLAO","GOBIERNO REGIONAL","I-3","00006221","ALBERTO BARTON","10","10","0","5","0","0","3","2","2","1","4","3","0","0","0","0"
"2016","09","070101","CALLAO","CALLAO","CALLAO","GOBIERNO REGIONAL","I-3","00006221","ALBERTO BARTON","6","5","0","5","0","0","3","2","1","1","0","3","0","0","0","0"
"2016","08","070101","CALLAO","CALLAO","CALLAO","GOBIERNO REGIONAL","I-3","00006221","ALBERTO BARTON","12","12","0","5","0","0","3","2","1","1","2","3","0","8","0","0"
"2016","07","070101","CALLAO","CALLAO","CALLAO","GOBIERNO REGIONAL","I-3","00006221","ALBERTO BARTON","8","10","0","5","0","0","3","2","1","1","2","3","0","8","0","0"
"2016","12","070101","CALLAO","CALLAO","CALLAO","GOBIERNO REGIONAL","I-2","00006222","CALLAO","1","6","0","4","0","0","3","2","1","0","0","2","0","5","1","0"
"2016","11","070101","CALLAO","CALLAO","CALLAO","GOBIERNO REGIONAL","I-2","00006222","CALLAO","9","9","0","4","0","0","3","2","1","0","0","2","0","6","1","0"
"2016","10","070101","CALLAO","CALLAO","CALLAO","GOBIERNO REGIONAL","I-2","00006222","CALLAO","0","6","0","4","0","0","3","2","1","0","0","2","0","5","1","0"
"2016","09","070101","CALLAO","CALLAO","CALLAO","GOBIERNO REGIONAL","I-2","00006222","CALLAO","1","6","0","4","0","0","3","2","1","0","0","2","0","5","1","0"
"2016","12","070101","CALLAO","CALLAO","CALLAO","GOBIERNO REGIONAL","I-2","00006223","P.S. SANTA FE","6","6","0","4","0","0","3","2","1","1","0","3","0","7","0","0"
"2016","11","070101","CALLAO","CALLAO","CALLAO","GOBIERNO REGIONAL","I-2","00006223","P.S. SANTA FE","6","6","0","4","0","0","3","2","1","1","0","3","0","7","0","0"
"2016","10","070101","CALLAO","CALLAO","CALLAO","GOBIERNO REGIONAL","I-2","00006223","P.S. SANTA FE","6","6","0","4","0","0","3","2","1","1","0","3","0","7","0","0"
"2016","09","070101","CALLAO","CALLAO","CALLAO","GOBIERNO REGIONAL","I-2","00006223","P.S. SANTA FE","6","6","0","4","0","0","3","2","1","1","0","3","0","7","0","0"
"2016","08","070101","CALLAO","CALLAO","CALLAO","GOBIERNO REGIONAL","I-2","00006223","P.S. SANTA FE","6","6","0","4","0","0","3","2","1","1","0","3","0","7","0","0"
"2016","07","070101","CALLAO","CALLAO","CALLAO","GOBIERNO REGIONAL","I-2","00006223","P.S. SANTA FE","6","6","0","4","0","0","3","2","1","1","0","3","0","7","0","0"
"2016","12","070101","CALLAO","CALLAO","CALLAO","GOBIERNO REGIONAL","I-2","00006224","JOSE BOTERIN","0","1","0","1","0","0","1","1","1","1","0","1","0","0","0","0"
"2016","11","070101","CALLAO","CALLAO","CALLAO","GOBIERNO REGIONAL","I-2","00006224","JOSE BOTERIN","0","1","0","1","0","0","2","1","1","1","0","1","0","0","0","0"
"2016","10","070101","CALLAO","CALLAO","CALLAO","GOBIERNO REGIONAL","I-2","00006224","JOSE BOTERIN","0","2","0","2","0","0","1","1","1","1","0","1","0","0","0","0"
"2016","09","070101","CALLAO","CALLAO","CALLAO","GOBIERNO REGIONAL","I-2","00006224","JOSE BOTERIN","0","2","0","2","0","0","1","1","1","0","0","1","0","1","0","0"
"2016","08","070101","CALLAO","CALLAO","CALLAO","GOBIERNO REGIONAL","I-2","00006224","JOSE BOTERIN","6","6","0","2","0","0","2","1","1","0","0","1","0","7","8","0"
"2016","07","070101","CALLAO","CALLAO","CALLAO","GOBIERNO REGIONAL","I-2","00006224","JOSE BOTERIN","6","6","0","2","0","0","2","2","1","0","0","1","0","7","8","0"
"2016","12","070101","CALLAO","CALLAO","CALLAO","GOBIERNO REGIONAL","I-2","00006225","SAN JUAN BOSCO","10","10","0","0","0","0","1","1","2","1","0","1","0","3","0","0"
"2016","11","070101","CALLAO","CALLAO","CALLAO","GOBIERNO REGIONAL","I-2","00006225","SAN JUAN BOSCO","10","10","0","1","1","0","1","1","2","1","0","1","1","3","0","0"
"2016","10","070101","CALLAO","CALLAO","CALLAO","GOBIERNO REGIONAL","I-2","00006225","SAN JUAN BOSCO","7","7","0","1","0","0","1","1","2","0","0","2","0","2","0","0"
"2016","09","070101","CALLAO","CALLAO","CALLAO","GOBIERNO REGIONAL","I-2","00006225","SAN JUAN BOSCO","7","7","0","2","0","0","1","1","2","1","0","2","1","7","0","0"
"2016","08","070101","CALLAO","CALLAO","CALLAO","GOBIERNO REGIONAL","I-2","00006225","SAN JUAN BOSCO","7","7","0","2","0","0","1","1","2","1","0","2","1","7","0","0"
"2016","12","070101","CALLAO","CALLAO","CALLAO","GOBIERNO REGIONAL","I-2","00006226","P. S. PUERTO NUEVO","7","7","0","1","0","0","0","1","1","0","0","1","0","4","1","0"
"2016","10","070101","CALLAO","CALLAO","CALLAO","GOBIERNO REGIONAL","I-2","00006226","P. S. PUERTO NUEVO","7","7","0","1","0","0","0","1","1","0","0","1","0","4","1","0"
"2016","11","070101","CALLAO","CALLAO","CALLAO","GOBIERNO REGIONAL","I-2","00006226","P. S. PUERTO NUEVO","7","7","0","1","0","0","0","1","1","0","0","1","0","4","1","0"
"2016","09","070101","CALLAO","CALLAO","CALLAO","GOBIERNO REGIONAL","I-2","00006226","P. S. PUERTO NUEVO","7","7","0","2","0","0","1","1","1","0","0","1","0","4","1","0"
"2016","08","070101","CALLAO","CALLAO","CALLAO","GOBIERNO REGIONAL","I-2","00006226","P. S. PUERTO NUEVO","7","7","0","2","0","0","1","1","1","0","0","1","0","4","1","0"
"2016","12","070105","CALLAO","CALLAO","LA PUNTA","GOBIERNO REGIONAL","I-2","00006227","P.S. LA PUNTA  ( EX-LUIS VALLEJO SANTONI )","6","6","0","2","0","0","1","1","1","0","0","1","0","11","0","0"
"2016","11","070105","CALLAO","CALLAO","LA PUNTA","GOBIERNO REGIONAL","I-2","00006227","P.S. LA PUNTA  ( EX-LUIS VALLEJO SANTONI )","2","2","0","2","0","0","1","1","1","0","0","1","0","0","2","0"
"2016","10","070105","CALLAO","CALLAO","LA PUNTA","GOBIERNO REGIONAL","I-2","00006227","P.S. LA PUNTA  ( EX-LUIS VALLEJO SANTONI )","2","2","0","2","0","0","1","1","1","0","0","1","0","2","3","0"
"2016","09","070105","CALLAO","CALLAO","LA PUNTA","GOBIERNO REGIONAL","I-2","00006227","P.S. LA PUNTA  ( EX-LUIS VALLEJO SANTONI )","2","2","0","2","0","0","1","1","1","0","0","1","0","2","3","0"
"2016","08","070105","CALLAO","CALLAO","LA PUNTA","GOBIERNO REGIONAL","I-2","00006227","P.S. LA PUNTA  ( EX-LUIS VALLEJO SANTONI )","2","2","0","2","0","0","1","1","1","0","0","1","0","2","3","0"
"2016","10","070101","CALLAO","CALLAO","CALLAO","GOBIERNO REGIONAL","I-2","00006229","JOSE OLAYA","7","11","0","4","0","0","3","2","1","1","0","2","0","5","0","0"
"2016","12","070101","CALLAO","CALLAO","CALLAO","GOBIERNO REGIONAL","I-2","00006229","JOSE OLAYA","7","10","0","4","0","0","4","2","1","1","0","2","0","7","0","0"
"2016","11","070101","CALLAO","CALLAO","CALLAO","GOBIERNO REGIONAL","I-2","00006229","JOSE OLAYA","7","11","0","3","0","0","2","2","1","1","0","2","0","5","0","0"
"2016","09","070101","CALLAO","CALLAO","CALLAO","GOBIERNO REGIONAL","I-2","00006229","JOSE OLAYA","11","11","0","4","0","0","3","2","1","1","0","2","0","5","0","0"
"2016","07","070101","CALLAO","CALLAO","CALLAO","GOBIERNO REGIONAL","I-2","00006229","JOSE OLAYA","7","13","0","4","0","0","3","2","1","1","0","2","0","7","0","0"
"2016","08","070101","CALLAO","CALLAO","CALLAO","GOBIERNO REGIONAL","I-2","00006229","JOSE OLAYA","7","13","0","4","0","3","2","1","1","1","0","2","0","7","0","0"
"2016","12","070101","CALLAO","CALLAO","CALLAO","GOBIERNO REGIONAL","I-4","00006230","CENTRO DE SALUD ACAPULCO","11","11","4","8","0","0","3","3","1","1","1","6","1","14","1","1"
"2016","11","070101","CALLAO","CALLAO","CALLAO","GOBIERNO REGIONAL","I-4","00006230","CENTRO DE SALUD ACAPULCO","11","11","4","8","0","0","3","2","1","1","1","6","1","17","1","1"
"2016","10","070101","CALLAO","CALLAO","CALLAO","GOBIERNO REGIONAL","I-4","00006230","CENTRO DE SALUD ACAPULCO","14","14","4","8","0","0","2","2","1","1","1","6","1","17","1","1"
"2016","09","070101","CALLAO","CALLAO","CALLAO","GOBIERNO REGIONAL","I-4","00006230","CENTRO DE SALUD ACAPULCO","10","10","4","8","0","0","3","2","1","1","1","6","1","14","1","1"
"2016","07","070101","CALLAO","CALLAO","CALLAO","GOBIERNO REGIONAL","I-4","00006230","CENTRO DE SALUD ACAPULCO","12","12","4","8","0","0","3","4","1","1","1","6","1","23","1","1"
"2016","08","070101","CALLAO","CALLAO","CALLAO","GOBIERNO REGIONAL","I-4","00006230","CENTRO DE SALUD ACAPULCO","10","10","4","8","0","0","2","2","1","1","1","6","1","17","1","1"
"2016","12","070101","CALLAO","CALLAO","CALLAO","GOBIERNO REGIONAL","I-2","00006231","RAMON CASTILLA","7","7","0","1","0","0","3","2","1","0","0","1","0","6","1","0"
"2016","10","070101","CALLAO","CALLAO","CALLAO","GOBIERNO REGIONAL","I-2","00006231","RAMON CASTILLA","7","7","0","2","0","0","2","2","1","0","0","1","0","6","1","0"
"2016","11","070101","CALLAO","CALLAO","CALLAO","GOBIERNO REGIONAL","I-2","00006231","RAMON CASTILLA","7","7","0","2","0","0","3","2","1","0","0","1","0","6","1","0"
"2016","09","070101","CALLAO","CALLAO","CALLAO","GOBIERNO REGIONAL","I-2","00006231","RAMON CASTILLA","7","7","0","2","0","0","2","2","1","0","0","1","0","6","1","0"
"2016","08","070101","CALLAO","CALLAO","CALLAO","GOBIERNO REGIONAL","I-2","00006231","RAMON CASTILLA","5","5","0","2","0","0","2","2","1","0","0","1","0","6","1","0"
"2016","07","070101","CALLAO","CALLAO","CALLAO","GOBIERNO REGIONAL","I-2","00006231","RAMON CASTILLA","0","7","0","2","0","0","1","2","1","0","0","1","0","0","1","0"
"2016","12","070101","CALLAO","CALLAO","CALLAO","GOBIERNO REGIONAL","I-2","00006233","JUAN PABLO II","6","6","0","3","0","0","2","1","1","0","0","2","0","5","1","0"
"2016","10","070101","CALLAO","CALLAO","CALLAO","GOBIERNO REGIONAL","I-2","00006233","JUAN PABLO II","6","6","0","3","0","0","2","1","1","0","0","2","0","5","1","0"
"2016","11","070101","CALLAO","CALLAO","CALLAO","GOBIERNO REGIONAL","I-2","00006233","JUAN PABLO II","6","6","0","3","0","0","2","1","1","0","0","2","0","5","1","0"
"2016","09","070101","CALLAO","CALLAO","CALLAO","GOBIERNO REGIONAL","I-2","00006233","JUAN PABLO II","6","6","0","3","0","0","2","1","1","0","0","2","0","5","1","0"
"2016","07","070101","CALLAO","CALLAO","CALLAO","GOBIERNO REGIONAL","I-2","00006233","JUAN PABLO II","6","6","0","3","0","0","2","1","1","0","0","2","0","5","1","0"
"2016","08","070101","CALLAO","CALLAO","CALLAO","GOBIERNO REGIONAL","I-2","00006233","JUAN PABLO II","6","6","0","3","0","0","2","1","1","0","0","2","0","5","1","0"
"2016","12","070101","CALLAO","CALLAO","CALLAO","GOBIERNO REGIONAL","I-2","00006234","P.S. SANTA ROSA","6","6","0","3","0","0","2","2","1","0","0","2","0","9","0","0"
"2016","11","070101","CALLAO","CALLAO","CALLAO","GOBIERNO REGIONAL","I-2","00006234","P.S. SANTA ROSA","6","6","0","3","0","0","2","2","1","0","0","2","0","9","0","0"
"2016","10","070101","CALLAO","CALLAO","CALLAO","GOBIERNO REGIONAL","I-2","00006234","P.S. SANTA ROSA","6","6","0","3","0","0","2","2","1","0","0","2","0","9","0","0"
"2016","09","070101","CALLAO","CALLAO","CALLAO","GOBIERNO REGIONAL","I-2","00006234","P.S. SANTA ROSA","6","6","0","3","0","0","2","2","1","0","0","2","0","9","0","0"
"2016","08","070101","CALLAO","CALLAO","CALLAO","GOBIERNO REGIONAL","I-2","00006234","P.S. SANTA ROSA","6","6","0","3","0","0","2","2","1","0","0","2","0","9","0","0"
"2016","07","070101","CALLAO","CALLAO","CALLAO","GOBIERNO REGIONAL","I-2","00006234","P.S. SANTA ROSA","6","6","0","3","0","0","2","2","1","0","0","2","0","9","0","0"
"2016","12","070101","CALLAO","CALLAO","CALLAO","GOBIERNO REGIONAL","I-2","00006245","P.S. BOCANEGRA","9","8","0","2","0","0","3","3","2","0","0","2","0","4","0","0"
"2016","12","070104","CALLAO","CALLAO","LA PERLA","GOBIERNO REGIONAL","I-2","00006251","P.S. LA PERLA","9","9","0","4","0","0","2","2","1","0","0","2","0","1","0","0"
"2016","12","070103","CALLAO","CALLAO","CARMEN DE LA LEGUA-REYNOSO","GOBIERNO REGIONAL","I-3","00006252","P.S. CARMEN DE LA LEGUA","9","9","0","5","0","0","4","1","1","1","1","3","0","0","0","0"
"2016","12","070103","CALLAO","CALLAO","CARMEN DE LA LEGUA-REYNOSO","GOBIERNO REGIONAL","I-2","00006253","VILLA SR. DE LOS MILAGROS","6","6","0","3","2","0","2","2","1","0","1","2","0","3","0","0"
"2016","12","221001","SAN MARTIN","TOCACHE","TOCACHE","GOBIERNO REGIONAL","II-1","00006580","HOSPITAL DE TOCACHE","3","3","44","16","0","0","18","2","1","1","2","16","1","0","0","2"
"2016","11","221001","SAN MARTIN","TOCACHE","TOCACHE","GOBIERNO REGIONAL","II-1","00006580","HOSPITAL DE TOCACHE","3","3","49","16","0","0","18","2","1","1","2","16","1","0","0","2"
"2016","12","070106","CALLAO","CALLAO","VENTANILLA","GOBIERNO REGIONAL","I-2","00006255","P.S. VENTANILLA ALTA","11","20","0","5","2","0","8","3","2","1","0","4","0","0","1","0"
"2016","11","070106","CALLAO","CALLAO","VENTANILLA","GOBIERNO REGIONAL","I-2","00006255","P.S. VENTANILLA ALTA","7","12","0","7","3","0","8","3","2","1","0","4","0","0","2","0"
"2016","12","070106","CALLAO","CALLAO","VENTANILLA","GOBIERNO REGIONAL","I-2","00006262","P.S. HIJOS DEL ALMIRANTE GRAU","7","11","0","3","0","0","6","3","1","0","0","3","0","7","2","0"
"2016","11","070106","CALLAO","CALLAO","VENTANILLA","GOBIERNO REGIONAL","I-2","00006262","P.S. HIJOS DEL ALMIRANTE GRAU","7","11","0","3","0","0","6","2","1","0","0","3","0","7","2","0"
"2016","12","070106","CALLAO","CALLAO","VENTANILLA","GOBIERNO REGIONAL","I-2","00006263","P.S. SANTA ROSA DE PACHACÚTEC","2","3","0","3","0","0","5","3","1","0","0","3","0","0","0","0"
"2016","12","070106","CALLAO","CALLAO","VENTANILLA","GOBIERNO REGIONAL","I-2","00006264","P.S. BAHIA BLANCA","11","22","0","4","0","0","7","4","2","1","0","5","0","11","1","0"
"2016","11","070106","CALLAO","CALLAO","VENTANILLA","GOBIERNO REGIONAL","I-2","00006264","P.S. BAHIA BLANCA","11","22","0","4","0","0","7","4","2","1","0","5","0","11","1","0"
"2016","12","070106","CALLAO","CALLAO","VENTANILLA","GOBIERNO REGIONAL","I-2","00006266","03 DE FEBRERO","7","7","0","4","2","0","5","2","1","0","0","3","0","3","0","0"
"2016","12","070106","CALLAO","CALLAO","VENTANILLA","GOBIERNO REGIONAL","I-2","00006268","P.S. DEFENSORES DE LA PATRIA","6","12","0","3","0","0","6","2","1","1","0","2","0","9","0","0"
"2016","11","070106","CALLAO","CALLAO","VENTANILLA","GOBIERNO REGIONAL","I-2","00006268","P.S. DEFENSORES DE LA PATRIA","6","12","0","3","0","0","6","2","1","1","0","3","0","9","0","0"
"2016","01","120101","JUNIN","HUANCAYO","HUANCAYO","GOBIERNO REGIONAL","III-E","00006615","REGIONAL DOCENTE MATERNO INFANTIL ""EL CARMEN""","32","54","161","22","0","24","115","3","2","1","10","82","10","244","7","2"
"2016","12","120101","JUNIN","HUANCAYO","HUANCAYO","GOBIERNO REGIONAL","III-E","00006615","REGIONAL DOCENTE MATERNO INFANTIL ""EL CARMEN""","34","61","161","64","0","36","115","3","4","1","8","84","10","246","7","2"
"2016","11","120101","JUNIN","HUANCAYO","HUANCAYO","GOBIERNO REGIONAL","III-E","00006615","REGIONAL DOCENTE MATERNO INFANTIL ""EL CARMEN""","32","57","161","70","0","36","119","3","3","1","9","86","10","246","6","2"
"2016","10","120101","JUNIN","HUANCAYO","HUANCAYO","GOBIERNO REGIONAL","III-E","00006615","REGIONAL DOCENTE MATERNO INFANTIL ""EL CARMEN""","32","57","161","78","0","36","127","3","3","1","11","88","10","254","7","2"
"2016","09","120101","JUNIN","HUANCAYO","HUANCAYO","GOBIERNO REGIONAL","III-E","00006615","REGIONAL DOCENTE MATERNO INFANTIL ""EL CARMEN""","32","57","161","72","0","36","119","3","3","1","9","81","10","239","6","2"
"2016","08","120101","JUNIN","HUANCAYO","HUANCAYO","GOBIERNO REGIONAL","III-E","00006615","REGIONAL DOCENTE MATERNO INFANTIL ""EL CARMEN""","32","52","161","72","0","24","129","3","3","1","11","92","10","242","18","2"
"2016","07","120101","JUNIN","HUANCAYO","HUANCAYO","GOBIERNO REGIONAL","III-E","00006615","REGIONAL DOCENTE MATERNO INFANTIL ""EL CARMEN""","32","52","161","66","0","24","123","3","3","1","11","88","10","242","18","2"
"2016","06","120101","JUNIN","HUANCAYO","HUANCAYO","GOBIERNO REGIONAL","III-E","00006615","REGIONAL DOCENTE MATERNO INFANTIL ""EL CARMEN""","32","55","161","66","0","24","126","3","3","1","10","86","9","242","6","2"
"2016","05","120101","JUNIN","HUANCAYO","HUANCAYO","GOBIERNO REGIONAL","III-E","00006615","REGIONAL DOCENTE MATERNO INFANTIL ""EL CARMEN""","32","55","161","70","0","24","124","3","3","1","11","81","9","177","6","2"
"2016","02","120101","JUNIN","HUANCAYO","HUANCAYO","GOBIERNO REGIONAL","III-E","00006615","REGIONAL DOCENTE MATERNO INFANTIL ""EL CARMEN""","32","52","157","57","0","24","115","3","2","1","10","82","10","237","6","2"
"2016","04","120101","JUNIN","HUANCAYO","HUANCAYO","GOBIERNO REGIONAL","III-E","00006615","REGIONAL DOCENTE MATERNO INFANTIL ""EL CARMEN""","32","56","161","56","0","24","119","3","3","1","10","81","9","247","7","2"
"2016","03","120101","JUNIN","HUANCAYO","HUANCAYO","GOBIERNO REGIONAL","III-E","00006615","REGIONAL DOCENTE MATERNO INFANTIL ""EL CARMEN""","32","54","161","55","0","24","126","3","2","1","10","87","10","236","7","2"
"2016","10","220201","SAN MARTIN","BELLAVISTA","BELLAVISTA","GOBIERNO REGIONAL","II-E","00006502","HOSPITAL BELLAVISTA","9","9","0","9","0","0","9","2","1","0","0","8","1","0","45","2"
"2016","12","220201","SAN MARTIN","BELLAVISTA","BELLAVISTA","GOBIERNO REGIONAL","II-E","00006502","HOSPITAL BELLAVISTA","8","8","10","8","0","0","8","2","2","0","0","8","1","0","64","2"
"2016","11","220201","SAN MARTIN","BELLAVISTA","BELLAVISTA","GOBIERNO REGIONAL","II-E","00006502","HOSPITAL BELLAVISTA","8","8","0","8","0","0","10","2","2","0","0","9","1","0","63","2"
"2016","09","220201","SAN MARTIN","BELLAVISTA","BELLAVISTA","GOBIERNO REGIONAL","II-E","00006502","HOSPITAL BELLAVISTA","2","1","10","7","0","0","9","2","1","0","0","7","1","0","38","2"
"2016","08","220201","SAN MARTIN","BELLAVISTA","BELLAVISTA","GOBIERNO REGIONAL","II-E","00006502","HOSPITAL BELLAVISTA","9","8","10","7","0","0","9","2","2","0","0","7","1","0","38","2"
"2016","12","020703","ANCASH","CARLOS FERMIN FITZCARRALD","YAUYA","GOBIERNO REGIONAL","I-1","00006631","P.S. TAMBO REAL","3","2","0","0","0","0","1","0","0","0","0","1","0","3","0","0"
"2016","11","020703","ANCASH","CARLOS FERMIN FITZCARRALD","YAUYA","GOBIERNO REGIONAL","I-1","00006631","P.S. TAMBO REAL","3","2","0","0","0","0","1","0","0","0","0","0","0","3","0","0"
"2016","10","020703","ANCASH","CARLOS FERMIN FITZCARRALD","YAUYA","GOBIERNO REGIONAL","I-1","00006631","P.S. TAMBO REAL","4","4","0","0","0","0","1","0","0","0","0","0","0","3","0","0"
"2016","12","021001","ANCASH","HUARI","HUARI","GOBIERNO REGIONAL","I-1","00006638","PUESTO DE SALUD II DE HUAMPARAN","3","3","0","0","1","0","1","0","0","0","0","1","0","4","0","0"
"2016","11","021001","ANCASH","HUARI","HUARI","GOBIERNO REGIONAL","I-1","00006638","PUESTO DE SALUD II DE HUAMPARAN","3","3","0","0","1","0","1","0","0","0","0","1","0","3","0","0"
"2016","10","021001","ANCASH","HUARI","HUARI","GOBIERNO REGIONAL","I-1","00006638","PUESTO DE SALUD II DE HUAMPARAN","3","3","0","0","1","0","1","0","0","0","0","1","0","2","0","0"
"2016","12","021009","ANCASH","HUARI","MASIN","GOBIERNO REGIONAL","I-1","00006642","PUESTO DE SALUD ACCHAS","2","2","0","0","0","0","1","0","0","0","0","0","0","3","0","0"
"2016","11","021009","ANCASH","HUARI","MASIN","GOBIERNO REGIONAL","I-1","00006642","PUESTO DE SALUD ACCHAS","2","2","0","0","0","0","0","0","0","0","0","0","0","2","0","0"
"2016","10","021009","ANCASH","HUARI","MASIN","GOBIERNO REGIONAL","I-1","00006642","PUESTO DE SALUD ACCHAS","2","2","0","0","0","0","0","0","0","0","0","0","0","2","0","0"
"2016","11","220501","SAN MARTIN","LAMAS","LAMAS","GOBIERNO REGIONAL","II-E","00006352","HOSPITAL LAMAS","9","7","16","9","0","0","7","1","0","0","0","7","1","29","18","1"
"2016","10","220501","SAN MARTIN","LAMAS","LAMAS","GOBIERNO REGIONAL","II-E","00006352","HOSPITAL LAMAS","9","7","16","9","0","0","7","1","0","0","0","7","1","29","18","1"
"2016","09","220501","SAN MARTIN","LAMAS","LAMAS","GOBIERNO REGIONAL","II-E","00006352","HOSPITAL LAMAS","9","7","16","9","0","0","7","1","0","0","0","7","1","29","18","1"
"2016","06","220501","SAN MARTIN","LAMAS","LAMAS","GOBIERNO REGIONAL","II-E","00006352","HOSPITAL LAMAS","9","7","16","9","0","0","7","1","0","0","0","7","1","29","18","1"
"2016","08","220501","SAN MARTIN","LAMAS","LAMAS","GOBIERNO REGIONAL","II-E","00006352","HOSPITAL LAMAS","9","7","16","9","0","0","7","1","0","0","0","7","1","29","18","1"
"2016","07","220501","SAN MARTIN","LAMAS","LAMAS","GOBIERNO REGIONAL","II-E","00006352","HOSPITAL LAMAS","9","7","16","9","0","0","7","1","0","0","0","7","1","29","18","1"
"2016","10","220801","SAN MARTIN","RIOJA","RIOJA","GOBIERNO REGIONAL","II-1","00006732","HOSPITAL DE  RIOJA","19","20","50","26","0","0","19","02","02","01","02","25","01","74","32","01"
"2016","08","220801","SAN MARTIN","RIOJA","RIOJA","GOBIERNO REGIONAL","II-1","00006732","HOSPITAL DE  RIOJA","19","20","50","26","0","0","19","2","2","1","1","24","2","76","32","1"
"2016","09","220801","SAN MARTIN","RIOJA","RIOJA","GOBIERNO REGIONAL","II-1","00006732","HOSPITAL DE  RIOJA","19","20","50","26","0","0","19","2","2","1","1","24","2","74","32","1"
"2016","12","060101","CAJAMARCA","CAJAMARCA","CAJAMARCA","GOBIERNO REGIONAL","II-2","00007686","REGIONAL CAJAMARCA","34","40","189","131","0","55","252","5","2","5","20","30","8","305","216","3"
"2016","11","060101","CAJAMARCA","CAJAMARCA","CAJAMARCA","GOBIERNO REGIONAL","II-2","00007686","REGIONAL CAJAMARCA","34","45","189","132","0","55","252","5","2","5","21","30","8","307","216","3"
"2016","10","060101","CAJAMARCA","CAJAMARCA","CAJAMARCA","GOBIERNO REGIONAL","II-2","00007686","REGIONAL CAJAMARCA","34","45","189","131","0","56","252","5","2","5","21","30","8","308","216","3"
"2016","09","060101","CAJAMARCA","CAJAMARCA","CAJAMARCA","GOBIERNO REGIONAL","II-2","00007686","REGIONAL CAJAMARCA","34","41","189","133","0","55","255","5","2","5","21","30","8","308","216","3"
"2016","08","060101","CAJAMARCA","CAJAMARCA","CAJAMARCA","GOBIERNO REGIONAL","II-2","00007686","REGIONAL CAJAMARCA","34","41","189","132","0","55","255","5","2","5","21","30","8","308","216","3"
"2016","07","060101","CAJAMARCA","CAJAMARCA","CAJAMARCA","GOBIERNO REGIONAL","II-2","00007686","REGIONAL CAJAMARCA","34","41","189","137","0","55","257","5","2","5","21","30","8","309","217","3"
"2016","06","060101","CAJAMARCA","CAJAMARCA","CAJAMARCA","GOBIERNO REGIONAL","II-2","00007686","REGIONAL CAJAMARCA","34","41","189","137","0","43","257","5","2","5","21","30","8","309","217","3"
"2016","05","060101","CAJAMARCA","CAJAMARCA","CAJAMARCA","GOBIERNO REGIONAL","II-2","00007686","REGIONAL CAJAMARCA","34","41","189","137","0","43","257","5","2","5","21","30","8","309","217","3"
"2016","03","060101","CAJAMARCA","CAJAMARCA","CAJAMARCA","GOBIERNO REGIONAL","II-2","00007686","REGIONAL CAJAMARCA","34","41","189","137","0","43","257","5","2","5","21","30","9","309","217","3"
"2016","04","060101","CAJAMARCA","CAJAMARCA","CAJAMARCA","GOBIERNO REGIONAL","II-2","00007686","REGIONAL CAJAMARCA","34","41","189","137","0","43","257","5","2","5","21","30","8","309","217","3"
"2016","02","060101","CAJAMARCA","CAJAMARCA","CAJAMARCA","GOBIERNO REGIONAL","II-2","00007686","REGIONAL CAJAMARCA","34","42","184","110","0","43","257","5","2","5","20","33","8","309","217","3"
"2016","12","030101","APURIMAC","ABANCAY","ABANCAY","GOBIERNO REGIONAL","II-2","00007719","HOSPITAL REGIONAL GUILLERMO DIAZ DE LA VEGA","14","28","163","77","0","6","131","4","4","1","1","34","8","305","37","2"
"2016","11","030101","APURIMAC","ABANCAY","ABANCAY","GOBIERNO REGIONAL","II-2","00007719","HOSPITAL REGIONAL GUILLERMO DIAZ DE LA VEGA","14","28","163","77","0","6","131","4","4","1","1","34","8","305","37","2"
"2016","10","030101","APURIMAC","ABANCAY","ABANCAY","GOBIERNO REGIONAL","II-2","00007719","HOSPITAL REGIONAL GUILLERMO DIAZ DE LA VEGA","16","32","163","76","0","6","128","4","4","1","1","35","9","302","37","2"
"2016","09","030101","APURIMAC","ABANCAY","ABANCAY","GOBIERNO REGIONAL","II-2","00007719","HOSPITAL REGIONAL GUILLERMO DIAZ DE LA VEGA","14","28","163","64","0","6","125","4","3","2","2","32","8","286","62","2"
"2016","08","030101","APURIMAC","ABANCAY","ABANCAY","GOBIERNO REGIONAL","II-2","00007719","HOSPITAL REGIONAL GUILLERMO DIAZ DE LA VEGA","14","28","163","58","0","6","125","4","3","2","2","32","8","286","62","2"
"2016","07","030101","APURIMAC","ABANCAY","ABANCAY","GOBIERNO REGIONAL","II-2","00007719","HOSPITAL REGIONAL GUILLERMO DIAZ DE LA VEGA","16","32","163","57","0","12","82","4","4","2","6","24","6","196","272","5"
"2016","06","030101","APURIMAC","ABANCAY","ABANCAY","GOBIERNO REGIONAL","II-2","00007719","HOSPITAL REGIONAL GUILLERMO DIAZ DE LA VEGA","16","32","163","71","0","13","135","4","4","2","1","33","9","160","153","5"
"2016","05","030101","APURIMAC","ABANCAY","ABANCAY","GOBIERNO REGIONAL","II-2","00007719","HOSPITAL REGIONAL GUILLERMO DIAZ DE LA VEGA","16","32","163","71","0","13","135","4","4","2","1","33","9","160","153","5"
"2016","12","180101","MOQUEGUA","MARISCAL NIETO","MOQUEGUA","GOBIERNO REGIONAL","II-2","00007732","HOSPITAL REGIONAL MOQUEGUA","9","12","64","39","0","0","66","1","3","3","0","15","5","106","7","2"
"2016","11","180101","MOQUEGUA","MARISCAL NIETO","MOQUEGUA","GOBIERNO REGIONAL","II-2","00007732","HOSPITAL REGIONAL MOQUEGUA","9","12","64","38","0","0","67","1","3","3","0","15","5","106","7","2"
"2016","10","180101","MOQUEGUA","MARISCAL NIETO","MOQUEGUA","GOBIERNO REGIONAL","II-2","00007732","HOSPITAL REGIONAL MOQUEGUA","9","12","64","39","0","0","63","1","3","3","0","13","5","106","7","2"
"2016","09","180101","MOQUEGUA","MARISCAL NIETO","MOQUEGUA","GOBIERNO REGIONAL","II-2","00007732","HOSPITAL REGIONAL MOQUEGUA","9","12","64","37","0","0","63","1","3","3","0","13","5","106","7","2"
"2016","07","180101","MOQUEGUA","MARISCAL NIETO","MOQUEGUA","GOBIERNO REGIONAL","II-2","00007732","HOSPITAL REGIONAL MOQUEGUA","9","12","64","35","0","0","64","1","3","3","0","13","5","104","7","2"
"2016","08","180101","MOQUEGUA","MARISCAL NIETO","MOQUEGUA","GOBIERNO REGIONAL","II-2","00007732","HOSPITAL REGIONAL MOQUEGUA","9","12","64","37","0","0","63","1","3","3","0","13","5","106","7","2"
"2016","05","180101","MOQUEGUA","MARISCAL NIETO","MOQUEGUA","GOBIERNO REGIONAL","II-2","00007732","HOSPITAL REGIONAL MOQUEGUA","9","12","64","33","0","0","63","1","2","3","0","14","5","104","7","2"
"2016","06","180101","MOQUEGUA","MARISCAL NIETO","MOQUEGUA","GOBIERNO REGIONAL","II-2","00007732","HOSPITAL REGIONAL MOQUEGUA","9","12","64","33","0","0","63","1","2","3","0","13","5","104","7","2"
"2016","01","180101","MOQUEGUA","MARISCAL NIETO","MOQUEGUA","GOBIERNO REGIONAL","II-2","00007732","HOSPITAL REGIONAL MOQUEGUA","7","12","50","33","0","0","66","1","3","3","0","15","4","97","4","2"
"2016","02","180101","MOQUEGUA","MARISCAL NIETO","MOQUEGUA","GOBIERNO REGIONAL","II-2","00007732","HOSPITAL REGIONAL MOQUEGUA","7","12","64","34","0","0","64","1","3","3","0","14","4","97","4","2"
"2016","04","180101","MOQUEGUA","MARISCAL NIETO","MOQUEGUA","GOBIERNO REGIONAL","II-2","00007732","HOSPITAL REGIONAL MOQUEGUA","9","12","64","35","0","0","63","1","3","3","0","14","5","104","7","2"
"2016","03","180101","MOQUEGUA","MARISCAL NIETO","MOQUEGUA","GOBIERNO REGIONAL","II-2","00007732","HOSPITAL REGIONAL MOQUEGUA","9","12","64","35","0","0","63","1","3","3","0","14","5","104","7","2"
"2016","04","150108","LIMA","LIMA","CHORRILLOS","MINSA","III-2","00007734","INSTITUTO NACIONAL DE REHABILITACION ""DRA. ADRIANA REBAZA FLORES"" AMISTAD PERU - JAPON","57","84","36","116","0","42","21","2","26","3","119","0","2","100","18","2"
"2016","01","150108","LIMA","LIMA","CHORRILLOS","MINSA","III-2","00007734","INSTITUTO NACIONAL DE REHABILITACION ""DRA. ADRIANA REBAZA FLORES"" AMISTAD PERU - JAPON","57","98","36","116","0","44","20","2","26","2","115","0","2","98","17","2"
"2016","08","150108","LIMA","LIMA","CHORRILLOS","MINSA","III-2","00007734","INSTITUTO NACIONAL DE REHABILITACION ""DRA. ADRIANA REBAZA FLORES"" AMISTAD PERU - JAPON","57","88","36","115","0","45","21","3","27","2","116","0","2","90","19","2"
"2016","06","150108","LIMA","LIMA","CHORRILLOS","MINSA","III-2","00007734","INSTITUTO NACIONAL DE REHABILITACION ""DRA. ADRIANA REBAZA FLORES"" AMISTAD PERU - JAPON","57","88","36","110","0","40","20","2","27","3","115","0","2","87","18","2"
"2016","07","150108","LIMA","LIMA","CHORRILLOS","MINSA","III-2","00007734","INSTITUTO NACIONAL DE REHABILITACION ""DRA. ADRIANA REBAZA FLORES"" AMISTAD PERU - JAPON","57","88","36","105","0","36","20","2","27","2","117","0","2","87","19","2"
"2016","11","150108","LIMA","LIMA","CHORRILLOS","MINSA","III-2","00007734","INSTITUTO NACIONAL DE REHABILITACION ""DRA. ADRIANA REBAZA FLORES"" AMISTAD PERU - JAPON","57","88","36","99","0","33","21","2","26","3","112","0","3","89","19","2"
"2016","12","150108","LIMA","LIMA","CHORRILLOS","MINSA","III-2","00007734","INSTITUTO NACIONAL DE REHABILITACION ""DRA. ADRIANA REBAZA FLORES"" AMISTAD PERU - JAPON","57","88","36","97","0","32","21","2","26","3","115","0","3","90","19","2"
"2016","10","150108","LIMA","LIMA","CHORRILLOS","MINSA","III-2","00007734","INSTITUTO NACIONAL DE REHABILITACION ""DRA. ADRIANA REBAZA FLORES"" AMISTAD PERU - JAPON","57","92","36","112","0","42","20","2","22","2","115","0","2","87","19","2"
"2016","09","150108","LIMA","LIMA","CHORRILLOS","MINSA","III-2","00007734","INSTITUTO NACIONAL DE REHABILITACION ""DRA. ADRIANA REBAZA FLORES"" AMISTAD PERU - JAPON","57","92","36","112","0","42","20","3","24","2","115","0","2","87","19","2"
"2016","05","150108","LIMA","LIMA","CHORRILLOS","MINSA","III-2","00007734","INSTITUTO NACIONAL DE REHABILITACION ""DRA. ADRIANA REBAZA FLORES"" AMISTAD PERU - JAPON","57","88","36","117","0","44","21","2","27","3","119","0","2","100","19","2"
"2016","03","150108","LIMA","LIMA","CHORRILLOS","MINSA","III-2","00007734","INSTITUTO NACIONAL DE REHABILITACION ""DRA. ADRIANA REBAZA FLORES"" AMISTAD PERU - JAPON","57","98","36","118","0","44","21","2","26","3","119","0","2","101","18","2"
"2016","02","150108","LIMA","LIMA","CHORRILLOS","MINSA","III-2","00007734","INSTITUTO NACIONAL DE REHABILITACION ""DRA. ADRIANA REBAZA FLORES"" AMISTAD PERU - JAPON","57","98","36","103","0","31","20","1","25","2","117","0","2","97","17","2"
"2016","11","030101","APURIMAC","ABANCAY","ABANCAY","SANIDAD DE LA POLICIA NACIONAL DEL PERU","I-3","00008036","POLICLINICO DE LA SANIDAD  POLICIA NACIONAL DEL PERU","3","3","0","3","3","0","4","2","0","0","1","1","1","15","0","1"
"2016","12","030101","APURIMAC","ABANCAY","ABANCAY","SANIDAD DE LA POLICIA NACIONAL DEL PERU","I-3","00008036","POLICLINICO DE LA SANIDAD  POLICIA NACIONAL DEL PERU","3","3","0","3","3","0","5","0","0","0","1","1","1","15","0","1"
"2016","10","030101","APURIMAC","ABANCAY","ABANCAY","SANIDAD DE LA POLICIA NACIONAL DEL PERU","I-3","00008036","POLICLINICO DE LA SANIDAD  POLICIA NACIONAL DEL PERU","3","3","0","3","3","0","5","2","0","0","1","1","1","15","0","1"
"2016","09","030101","APURIMAC","ABANCAY","ABANCAY","SANIDAD DE LA POLICIA NACIONAL DEL PERU","I-3","00008036","POLICLINICO DE LA SANIDAD  POLICIA NACIONAL DEL PERU","3","3","0","3","3","0","3","2","0","0","1","1","1","15","0","1"
"2016","08","030101","APURIMAC","ABANCAY","ABANCAY","SANIDAD DE LA POLICIA NACIONAL DEL PERU","I-3","00008036","POLICLINICO DE LA SANIDAD  POLICIA NACIONAL DEL PERU","3","3","0","3","3","0","2","2","0","0","1","1","0","16","0","1"
"2016","12","130101","LA LIBERTAD","TRUJILLO","TRUJILLO","GOBIERNO REGIONAL","III-2","00007277","INSTITUTO REGIONAL DE ENFERMEDADES NEOPLASICAS - LUIS PINILLOS GANOZA - IREN","12","14","19","80","0","29","75","0","1","1","10","0","16","56","10","2"
"2016","11","130101","LA LIBERTAD","TRUJILLO","TRUJILLO","GOBIERNO REGIONAL","III-2","00007277","INSTITUTO REGIONAL DE ENFERMEDADES NEOPLASICAS - LUIS PINILLOS GANOZA - IREN","12","14","19","79","0","29","75","0","1","1","10","0","16","56","10","2"
"2016","10","130101","LA LIBERTAD","TRUJILLO","TRUJILLO","GOBIERNO REGIONAL","III-2","00007277","INSTITUTO REGIONAL DE ENFERMEDADES NEOPLASICAS - LUIS PINILLOS GANOZA - IREN","12","14","19","80","0","29","75","0","1","1","10","0","16","56","10","2"
"2016","09","130101","LA LIBERTAD","TRUJILLO","TRUJILLO","GOBIERNO REGIONAL","III-2","00007277","INSTITUTO REGIONAL DE ENFERMEDADES NEOPLASICAS - LUIS PINILLOS GANOZA - IREN","12","14","19","83","0","30","75","0","1","1","10","0","16","55","9","2"
"2016","08","130101","LA LIBERTAD","TRUJILLO","TRUJILLO","GOBIERNO REGIONAL","III-2","00007277","INSTITUTO REGIONAL DE ENFERMEDADES NEOPLASICAS - LUIS PINILLOS GANOZA - IREN","12","14","19","83","0","30","75","0","1","1","10","0","16","55","9","2"
"2016","07","130101","LA LIBERTAD","TRUJILLO","TRUJILLO","GOBIERNO REGIONAL","III-2","00007277","INSTITUTO REGIONAL DE ENFERMEDADES NEOPLASICAS - LUIS PINILLOS GANOZA - IREN","12","14","19","82","0","30","75","0","1","1","10","0","16","55","9","2"
"2016","05","130101","LA LIBERTAD","TRUJILLO","TRUJILLO","GOBIERNO REGIONAL","III-2","00007277","INSTITUTO REGIONAL DE ENFERMEDADES NEOPLASICAS - LUIS PINILLOS GANOZA - IREN","12","14","19","83","0","32","75","0","1","1","10","0","16","55","9","2"
"2016","06","130101","LA LIBERTAD","TRUJILLO","TRUJILLO","GOBIERNO REGIONAL","III-2","00007277","INSTITUTO REGIONAL DE ENFERMEDADES NEOPLASICAS - LUIS PINILLOS GANOZA - IREN","12","14","19","83","0","32","75","0","1","1","10","0","16","55","9","2"
"2016","01","130101","LA LIBERTAD","TRUJILLO","TRUJILLO","GOBIERNO REGIONAL","III-2","00007277","INSTITUTO REGIONAL DE ENFERMEDADES NEOPLASICAS - LUIS PINILLOS GANOZA - IREN","12","14","19","83","0","32","75","0","1","1","10","0","16","55","9","2"
"2016","04","130101","LA LIBERTAD","TRUJILLO","TRUJILLO","GOBIERNO REGIONAL","III-2","00007277","INSTITUTO REGIONAL DE ENFERMEDADES NEOPLASICAS - LUIS PINILLOS GANOZA - IREN","12","14","19","83","0","32","75","0","1","1","10","0","16","55","9","2"
"2016","10","120114","JUNIN","HUANCAYO","EL TAMBO","PRIVADO","II-1","00008024","CLINICA CAYETANO HEREDIA","35","66","43","71","0","0","15","3","2","2","5","8","2","40","0","1"
"2016","09","120114","JUNIN","HUANCAYO","EL TAMBO","PRIVADO","II-1","00008024","CLINICA CAYETANO HEREDIA","35","64","43","71","0","0","15","3","2","2","5","8","2","40","0","1"
"2016","07","120114","JUNIN","HUANCAYO","EL TAMBO","PRIVADO","II-1","00008024","CLINICA CAYETANO HEREDIA","35","64","43","70","0","0","15","3","2","2","5","8","2","44","0","1"
"2016","11","120114","JUNIN","HUANCAYO","EL TAMBO","PRIVADO","II-1","00008024","CLINICA CAYETANO HEREDIA","35","67","43","74","0","0","20","1","1","1","4","8","1","44","0","1"
"2016","12","120114","JUNIN","HUANCAYO","EL TAMBO","PRIVADO","II-1","00008024","CLINICA CAYETANO HEREDIA","35","68","43","74","0","0","15","1","1","1","4","8","1","20","0","1"
"2016","08","120114","JUNIN","HUANCAYO","EL TAMBO","PRIVADO","II-1","00008024","CLINICA CAYETANO HEREDIA","35","60","43","70","0","0","15","3","2","2","5","8","2","44","0","1"
"2016","12","070106","CALLAO","CALLAO","VENTANILLA","GOBIERNO REGIONAL","I-4","00007314","MATERNO INFANTIL PACHACUTEC  PERU-COREA","11","15","0","11","0","0","7","1","1","1","2","9","1","0","0","1"
"2016","11","070106","CALLAO","CALLAO","VENTANILLA","GOBIERNO REGIONAL","I-4","00007314","MATERNO INFANTIL PACHACUTEC  PERU-COREA","11","22","6","10","0","0","10","2","1","1","1","11","7","6","12","1"
"2016","10","070106","CALLAO","CALLAO","VENTANILLA","GOBIERNO REGIONAL","I-4","00007314","MATERNO INFANTIL PACHACUTEC  PERU-COREA","10","10","0","0","0","0","6","2","1","1","1","8","1","0","0","1"
"2016","09","070106","CALLAO","CALLAO","VENTANILLA","GOBIERNO REGIONAL","I-4","00007314","MATERNO INFANTIL PACHACUTEC  PERU-COREA","11","22","6","10","0","0","10","2","1","1","1","11","7","6","12","1"
"2016","06","070106","CALLAO","CALLAO","VENTANILLA","GOBIERNO REGIONAL","I-4","00007314","MATERNO INFANTIL PACHACUTEC  PERU-COREA","11","22","6","10","0","0","10","2","1","1","1","11","7","6","12","1"
"2016","12","240101","TUMBES","TUMBES","TUMBES","PRIVADO","I-4","00007795","SERMEDITUM SRL.","7","9","8","19","0","0","6","0","1","1","1","7","1","7","2","1"
"2016","11","240101","TUMBES","TUMBES","TUMBES","PRIVADO","I-4","00007795","SERMEDITUM SRL.","8","10","8","23","0","0","6","0","0","1","1","6","1","7","1","1"
"2016","10","240101","TUMBES","TUMBES","TUMBES","PRIVADO","I-4","00007795","SERMEDITUM SRL.","8","10","8","20","0","0","6","0","0","1","1","6","1","7","1","1"
"2016","09","240101","TUMBES","TUMBES","TUMBES","PRIVADO","I-4","00007795","SERMEDITUM SRL.","7","9","8","25","0","0","6","0","0","1","1","7","1","7","2","1"
"2016","08","240101","TUMBES","TUMBES","TUMBES","PRIVADO","I-4","00007795","SERMEDITUM SRL.","7","9","8","23","0","0","6","0","1","1","1","7","1","7","2","1"
"2016","06","240101","TUMBES","TUMBES","TUMBES","PRIVADO","I-4","00007795","SERMEDITUM SRL.","7","8","8","20","0","0","6","0","1","0","1","7","1","7","2","1"
"2016","12","220901","SAN MARTIN","SAN MARTIN","TARAPOTO","GOBIERNO REGIONAL","II-2","00006918","HOSPITAL TARAPOTO","21","24","143","17","0","0","81","4","9","4","11","35","3","308","18","1"
"2016","10","220901","SAN MARTIN","SAN MARTIN","TARAPOTO","GOBIERNO REGIONAL","II-2","00006918","HOSPITAL TARAPOTO","21","24","143","17","1","102","81","4","9","3","11","35","3","308","18","1"
"2016","08","220901","SAN MARTIN","SAN MARTIN","TARAPOTO","GOBIERNO REGIONAL","II-2","00006918","HOSPITAL TARAPOTO","21","24","143","111","6","17","96","3","8","3","14","31","3","55","12","1"
"2016","12","220601","SAN MARTIN","MARISCAL CACERES","JUANJUI","GOBIERNO REGIONAL","II-E","00006919","HOSPITAL JUANJUI","11","11","39","17","02","0","17","02","02","0","0","17","03","0","04","04"
"2016","10","220601","SAN MARTIN","MARISCAL CACERES","JUANJUI","GOBIERNO REGIONAL","II-E","00006919","HOSPITAL JUANJUI","11","11","39","17","02","0","14","02","02","0","02","14","02","0","02","04"
"2016","11","220601","SAN MARTIN","MARISCAL CACERES","JUANJUI","GOBIERNO REGIONAL","II-E","00006919","HOSPITAL JUANJUI","11","11","39","17","02","0","17","02","02","0","0","17","02","0","02","04"
"2016","12","070106","CALLAO","CALLAO","VENTANILLA","GOBIERNO REGIONAL","II-1","00007126","HOSPITAL DE VENTANILLA","20","37","85","72","0","26","106","12","4","2","10","45","2","164","75","2"
"2016","11","070106","CALLAO","CALLAO","VENTANILLA","GOBIERNO REGIONAL","II-1","00007126","HOSPITAL DE VENTANILLA","20","37","85","141","0","26","98","11","4","2","10","40","2","203","115","2"
"2016","10","070106","CALLAO","CALLAO","VENTANILLA","GOBIERNO REGIONAL","II-1","00007126","HOSPITAL DE VENTANILLA","20","37","85","141","0","26","98","11","4","2","10","40","2","203","115","2"
"2016","08","070106","CALLAO","CALLAO","VENTANILLA","GOBIERNO REGIONAL","II-1","00007126","HOSPITAL DE VENTANILLA","20","37","77","141","0","26","98","11","4","3","10","40","2","203","115","2"
"2016","09","070106","CALLAO","CALLAO","VENTANILLA","GOBIERNO REGIONAL","II-1","00007126","HOSPITAL DE VENTANILLA","20","37","85","141","0","26","98","11","4","2","10","40","2","203","115","2"
"2016","07","070106","CALLAO","CALLAO","VENTANILLA","GOBIERNO REGIONAL","II-1","00007126","HOSPITAL DE VENTANILLA","20","37","77","141","0","26","98","11","4","3","10","40","2","203","115","2"
"2016","06","070106","CALLAO","CALLAO","VENTANILLA","GOBIERNO REGIONAL","II-1","00007126","HOSPITAL DE VENTANILLA","20","37","77","141","0","26","98","11","4","3","10","40","2","203","115","2"
"2016","05","070106","CALLAO","CALLAO","VENTANILLA","GOBIERNO REGIONAL","II-1","00007126","HOSPITAL DE VENTANILLA","20","37","77","141","0","26","98","11","4","3","10","40","2","203","115","2"
"2016","04","070106","CALLAO","CALLAO","VENTANILLA","GOBIERNO REGIONAL","II-1","00007126","HOSPITAL DE VENTANILLA","20","37","77","141","0","26","98","11","4","3","10","40","2","203","115","2"
"2016","12","240101","TUMBES","TUMBES","TUMBES","PRIVADO","II-E","00007874","CLINICA FEIJOO EIRL","6","10","6","21","0","0","3","1","2","1","2","2","0","6","0","0"
"2016","11","240101","TUMBES","TUMBES","TUMBES","PRIVADO","II-E","00007874","CLINICA FEIJOO EIRL","6","10","6","21","0","0","3","1","2","1","2","2","0","6","0","0"
"2016","10","240101","TUMBES","TUMBES","TUMBES","PRIVADO","II-E","00007874","CLINICA FEIJOO EIRL","6","10","6","21","0","0","3","1","2","1","2","2","0","6","0","0"
"2016","09","240101","TUMBES","TUMBES","TUMBES","PRIVADO","II-E","00007874","CLINICA FEIJOO EIRL","6","10","6","21","0","0","3","1","2","1","2","2","0","6","0","0"
"2016","08","240101","TUMBES","TUMBES","TUMBES","PRIVADO","II-E","00007874","CLINICA FEIJOO EIRL","6","10","6","21","0","0","3","1","2","1","2","2","0","6","0","0"
"2016","07","240101","TUMBES","TUMBES","TUMBES","PRIVADO","II-E","00007874","CLINICA FEIJOO EIRL","6","10","6","21","0","0","3","1","2","1","2","2","0","6","0","0"
"2016","06","240101","TUMBES","TUMBES","TUMBES","PRIVADO","II-E","00007874","CLINICA FEIJOO EIRL","6","10","6","21","0","0","3","1","2","1","2","2","0","6","0","0"
"2016","05","240101","TUMBES","TUMBES","TUMBES","PRIVADO","II-E","00007874","CLINICA FEIJOO EIRL","6","21","6","10","0","0","3","1","2","1","2","2","0","6","0","0"
"2016","02","240101","TUMBES","TUMBES","TUMBES","PRIVADO","II-E","00007874","CLINICA FEIJOO EIRL","6","10","6","21","0","0","3","1","2","1","2","2","0","6","0","0"
"2016","04","240101","TUMBES","TUMBES","TUMBES","PRIVADO","II-E","00007874","CLINICA FEIJOO EIRL","6","10","6","21","0","0","3","1","2","1","2","2","0","6","0","0"
"2016","12","150125","LIMA","LIMA","PUENTE PIEDRA","MINSA","II-2","00007632","HOSPITAL CARLOS LANFRANCO LA HOZ","27","44","102","95","0","44","120","9","8","9","8","35","34","10","16","3"
"2016","11","150125","LIMA","LIMA","PUENTE PIEDRA","MINSA","II-2","00007632","HOSPITAL CARLOS LANFRANCO LA HOZ","27","44","102","96","0","44","113","9","8","9","8","37","34","10","16","3"
"2016","10","150125","LIMA","LIMA","PUENTE PIEDRA","MINSA","II-2","00007632","HOSPITAL CARLOS LANFRANCO LA HOZ","27","44","73","104","0","44","113","9","8","9","8","37","34","10","16","3"
"2016","09","150125","LIMA","LIMA","PUENTE PIEDRA","MINSA","II-2","00007632","HOSPITAL CARLOS LANFRANCO LA HOZ","27","44","108","126","0","44","113","9","8","9","8","37","34","10","16","3"
"2016","08","150125","LIMA","LIMA","PUENTE PIEDRA","MINSA","II-2","00007632","HOSPITAL CARLOS LANFRANCO LA HOZ","27","44","108","128","0","41","115","10","9","9","8","39","34","10","16","3"
"2016","07","150125","LIMA","LIMA","PUENTE PIEDRA","MINSA","II-2","00007632","HOSPITAL CARLOS LANFRANCO LA HOZ","27","44","110","125","0","39","115","11","9","9","8","42","32","10","18","3"
"2016","05","150125","LIMA","LIMA","PUENTE PIEDRA","MINSA","II-2","00007632","HOSPITAL CARLOS LANFRANCO LA HOZ","27","44","110","127","0","34","115","11","9","9","8","42","34","10","16","3"
"2016","06","150125","LIMA","LIMA","PUENTE PIEDRA","MINSA","II-2","00007632","HOSPITAL CARLOS LANFRANCO LA HOZ","27","44","110","125","0","34","113","11","9","9","8","40","33","10","16","3"
"2016","01","150125","LIMA","LIMA","PUENTE PIEDRA","MINSA","II-2","00007632","HOSPITAL CARLOS LANFRANCO LA HOZ","27","44","113","132","0","39","135","11","7","9","17","54","36","118","17","3"
"2016","03","150125","LIMA","LIMA","PUENTE PIEDRA","MINSA","II-2","00007632","HOSPITAL CARLOS LANFRANCO LA HOZ","27","44","113","125","0","39","115","11","9","9","8","42","34","10","18","3"
"2016","04","150125","LIMA","LIMA","PUENTE PIEDRA","MINSA","II-2","00007632","HOSPITAL CARLOS LANFRANCO LA HOZ","27","44","113","128","0","36","115","11","9","9","8","42","34","10","16","3"
"2016","02","150125","LIMA","LIMA","PUENTE PIEDRA","MINSA","II-2","00007632","HOSPITAL CARLOS LANFRANCO LA HOZ","27","44","113","128","0","39","120","11","9","10","8","44","34","118","18","3"
"2016","06","150135","LIMA","LIMA","SAN MARTIN DE PORRES","MINSA","III-1","00007633","HOSPITAL NACIONAL CAYETANO HEREDIA","77","117","326","781","0","393","443","13","23","14","58","56","18","1507","466","3"
"2016","03","150135","LIMA","LIMA","SAN MARTIN DE PORRES","MINSA","III-1","00007633","HOSPITAL NACIONAL CAYETANO HEREDIA","97","111","360","777","0","334","457","13","23","15","59","59","20","1137","118","3"
"2016","12","150135","LIMA","LIMA","SAN MARTIN DE PORRES","MINSA","III-1","00007633","HOSPITAL NACIONAL CAYETANO HEREDIA","97","114","329","748","0","386","432","14","21","14","55","55","17","1465","157","3"
"2016","11","150135","LIMA","LIMA","SAN MARTIN DE PORRES","MINSA","III-1","00007633","HOSPITAL NACIONAL CAYETANO HEREDIA","94","113","327","738","0","376","520","22","23","21","57","59","19","1466","158","3"
"2016","10","150135","LIMA","LIMA","SAN MARTIN DE PORRES","MINSA","III-1","00007633","HOSPITAL NACIONAL CAYETANO HEREDIA","95","117","329","739","0","374","433","13","21","14","57","56","16","1477","163","3"
"2016","09","150135","LIMA","LIMA","SAN MARTIN DE PORRES","MINSA","III-1","00007633","HOSPITAL NACIONAL CAYETANO HEREDIA","77","125","328","741","0","374","437","13","22","14","58","56","18","1479","163","3"
"2016","07","150135","LIMA","LIMA","SAN MARTIN DE PORRES","MINSA","III-1","00007633","HOSPITAL NACIONAL CAYETANO HEREDIA","77","125","327","768","0","396","443","13","21","14","58","56","18","1483","163","3"
"2016","08","150135","LIMA","LIMA","SAN MARTIN DE PORRES","MINSA","III-1","00007633","HOSPITAL NACIONAL CAYETANO HEREDIA","77","116","327","751","0","380","435","13","21","14","57","56","16","1480","164","3"
"2016","05","150135","LIMA","LIMA","SAN MARTIN DE PORRES","MINSA","III-1","00007633","HOSPITAL NACIONAL CAYETANO HEREDIA","97","115","327","783","0","396","455","13","23","14","58","58","18","1517","171","3"
"2016","02","150135","LIMA","LIMA","SAN MARTIN DE PORRES","MINSA","III-1","00007633","HOSPITAL NACIONAL CAYETANO HEREDIA","97","112","362","759","0","384","468","12","21","14","60","60","19","1137","118","3"
"2016","01","150135","LIMA","LIMA","SAN MARTIN DE PORRES","MINSA","III-1","00007633","HOSPITAL NACIONAL CAYETANO HEREDIA","97","123","362","759","0","384","468","12","21","14","60","60","19","1137","118","3"
"2016","04","150135","LIMA","LIMA","SAN MARTIN DE PORRES","MINSA","III-1","00007633","HOSPITAL NACIONAL CAYETANO HEREDIA","97","116","361","780","0","396","454","13","23","14","59","59","19","1520","154","3"
"2016","12","150110","LIMA","LIMA","COMAS","MINSA","III-1","00007634","NACIONAL SERGIO E. BERNALES","41","43","330","304","0","117","190","7","11","4","43","52","12","917","44","2"
"2016","11","150110","LIMA","LIMA","COMAS","MINSA","III-1","00007634","NACIONAL SERGIO E. BERNALES","41","43","330","304","0","117","190","7","11","4","43","52","12","919","44","2"
"2016","10","150110","LIMA","LIMA","COMAS","MINSA","III-1","00007634","NACIONAL SERGIO E. BERNALES","41","43","330","304","0","117","190","7","11","4","43","52","12","920","44","2"
"2016","08","150110","LIMA","LIMA","COMAS","MINSA","III-1","00007634","NACIONAL SERGIO E. BERNALES","41","43","330","304","0","117","190","7","11","4","43","52","12","923","44","2"
"2016","09","150110","LIMA","LIMA","COMAS","MINSA","III-1","00007634","NACIONAL SERGIO E. BERNALES","41","43","330","304","0","117","190","7","11","4","43","52","12","922","44","2"
"2016","07","150110","LIMA","LIMA","COMAS","MINSA","III-1","00007634","NACIONAL SERGIO E. BERNALES","41","43","335","304","0","117","190","7","11","4","43","53","12","924","44","2"
"2016","06","150110","LIMA","LIMA","COMAS","MINSA","III-1","00007634","NACIONAL SERGIO E. BERNALES","41","43","335","309","0","117","190","7","11","4","43","53","12","926","44","2"
"2016","05","150110","LIMA","LIMA","COMAS","MINSA","III-1","00007634","NACIONAL SERGIO E. BERNALES","41","43","340","310","0","117","190","7","11","4","43","53","12","929","44","2"
"2016","01","150110","LIMA","LIMA","COMAS","MINSA","III-1","00007634","NACIONAL SERGIO E. BERNALES","41","43","330","311","0","117","193","7","11","5","43","53","12","935","44","1"
"2016","02","150110","LIMA","LIMA","COMAS","MINSA","III-1","00007634","NACIONAL SERGIO E. BERNALES","41","43","340","309","0","117","193","7","11","5","43","53","12","931","64","2"
"2016","04","150110","LIMA","LIMA","COMAS","MINSA","III-1","00007634","NACIONAL SERGIO E. BERNALES","40","43","330","311","0","117","191","7","11","4","43","53","12","930","44","2"
"2016","03","150110","LIMA","LIMA","COMAS","MINSA","III-1","00007634","NACIONAL SERGIO E. BERNALES","41","43","340","311","0","117","192","7","11","5","43","53","12","931","44","2"
"2016","12","150201","LIMA","BARRANCA","BARRANCA","GOBIERNO REGIONAL","II-2","00007635","HOSPITAL DE BARRANCA","20","24","113","49","4","4","64","3","1","4","2","20","3","145","17","1"
"2016","11","150201","LIMA","BARRANCA","BARRANCA","GOBIERNO REGIONAL","II-2","00007635","HOSPITAL DE BARRANCA","20","24","113","49","4","4","64","3","1","4","2","20","3","145","17","1"
"2016","10","150201","LIMA","BARRANCA","BARRANCA","GOBIERNO REGIONAL","II-2","00007635","HOSPITAL DE BARRANCA","20","24","113","49","4","4","64","3","1","4","2","20","3","145","17","1"
"2016","09","150201","LIMA","BARRANCA","BARRANCA","GOBIERNO REGIONAL","II-2","00007635","HOSPITAL DE BARRANCA","20","24","113","49","4","4","64","3","1","4","2","20","3","145","17","1"
"2016","07","150201","LIMA","BARRANCA","BARRANCA","GOBIERNO REGIONAL","II-2","00007635","HOSPITAL DE BARRANCA","20","24","113","49","4","4","64","3","1","4","2","20","3","145","17","1"
"2016","08","150201","LIMA","BARRANCA","BARRANCA","GOBIERNO REGIONAL","II-2","00007635","HOSPITAL DE BARRANCA","20","24","113","49","4","4","64","3","1","4","2","20","3","145","17","1"
"2016","06","150201","LIMA","BARRANCA","BARRANCA","GOBIERNO REGIONAL","II-2","00007635","HOSPITAL DE BARRANCA","20","24","113","49","4","4","64","3","1","4","2","20","3","145","17","1"
"2016","05","150201","LIMA","BARRANCA","BARRANCA","GOBIERNO REGIONAL","II-2","00007635","HOSPITAL DE BARRANCA","20","24","113","49","4","4","64","3","1","4","2","20","3","145","17","1"
"2016","12","150204","LIMA","BARRANCA","SUPE","GOBIERNO REGIONAL","II-1","00007636","HOSPITAL DE SUPE LAURA ESTHER RODRIGUEZ DULANTO","16","11","19","24","0","0","22","3","2","3","1","10","1","40","29","1"
"2016","08","150204","LIMA","BARRANCA","SUPE","GOBIERNO REGIONAL","II-1","00007636","HOSPITAL DE SUPE LAURA ESTHER RODRIGUEZ DULANTO","10","16","17","23","0","0","20","3","1","1","1","8","1","21","0","1"
"2016","07","150204","LIMA","BARRANCA","SUPE","GOBIERNO REGIONAL","II-1","00007636","HOSPITAL DE SUPE LAURA ESTHER RODRIGUEZ DULANTO","10","16","17","23","0","0","20","3","1","1","1","8","1","21","0","1"
"2016","09","150605","LIMA","HUARAL","CHANCAY","GOBIERNO REGIONAL","II-2","00007638","HOSPITAL DE CHANCAY Y SBS ""DR. HIDALGO ATOCHE LOPEZ""","28","37","72","121","0","7","79","7","13","9","9","27","7","134","11","1"
"2016","02","150605","LIMA","HUARAL","CHANCAY","GOBIERNO REGIONAL","II-2","00007638","HOSPITAL DE CHANCAY Y SBS ""DR. HIDALGO ATOCHE LOPEZ""","28","33","72","89","0","5","87","8","5","6","13","26","7","139","12","1"
"2016","08","150605","LIMA","HUARAL","CHANCAY","GOBIERNO REGIONAL","II-2","00007638","HOSPITAL DE CHANCAY Y SBS ""DR. HIDALGO ATOCHE LOPEZ""","28","36","72","123","0","7","83","7","12","7","14","26","7","131","11","1"
"2016","01","150605","LIMA","HUARAL","CHANCAY","GOBIERNO REGIONAL","II-2","00007638","HOSPITAL DE CHANCAY Y SBS ""DR. HIDALGO ATOCHE LOPEZ""","28","35","72","100","0","6","84","6","5","5","11","27","7","139","7","1"
"2016","10","150605","LIMA","HUARAL","CHANCAY","GOBIERNO REGIONAL","II-2","00007638","HOSPITAL DE CHANCAY Y SBS ""DR. HIDALGO ATOCHE LOPEZ""","28","38","56","125","0","9","88","7","14","9","12","27","7","133","11","1"
"2016","07","150605","LIMA","HUARAL","CHANCAY","GOBIERNO REGIONAL","II-2","00007638","HOSPITAL DE CHANCAY Y SBS ""DR. HIDALGO ATOCHE LOPEZ""","28","36","72","121","0","8","80","7","10","7","14","28","7","138","11","1"
"2016","12","150605","LIMA","HUARAL","CHANCAY","GOBIERNO REGIONAL","II-2","00007638","HOSPITAL DE CHANCAY Y SBS ""DR. HIDALGO ATOCHE LOPEZ""","28","35","54","88","0","8","86","7","14","11","12","30","7","140","11","1"
"2016","11","150605","LIMA","HUARAL","CHANCAY","GOBIERNO REGIONAL","II-2","00007638","HOSPITAL DE CHANCAY Y SBS ""DR. HIDALGO ATOCHE LOPEZ""","22","32","58","108","0","7","82","7","14","9","12","25","7","158","11","1"
"2016","04","150605","LIMA","HUARAL","CHANCAY","GOBIERNO REGIONAL","II-2","00007638","HOSPITAL DE CHANCAY Y SBS ""DR. HIDALGO ATOCHE LOPEZ""","28","36","72","111","0","3","82","7","5","7","14","28","7","132","11","1"
"2016","06","150605","LIMA","HUARAL","CHANCAY","GOBIERNO REGIONAL","II-2","00007638","HOSPITAL DE CHANCAY Y SBS ""DR. HIDALGO ATOCHE LOPEZ""","28","37","72","113","0","4","81","9","10","7","14","28","7","110","11","1"
"2016","03","150605","LIMA","HUARAL","CHANCAY","GOBIERNO REGIONAL","II-2","00007638","HOSPITAL DE CHANCAY Y SBS ""DR. HIDALGO ATOCHE LOPEZ""","28","33","72","111","0","4","89","8","6","6","14","28","7","124","13","1"
"2016","05","150605","LIMA","HUARAL","CHANCAY","GOBIERNO REGIONAL","II-2","00007638","HOSPITAL DE CHANCAY Y SBS ""DR. HIDALGO ATOCHE LOPEZ""","28","36","72","109","0","2","84","7","7","7","12","29","7","125","11","1"
"2016","10","150801","LIMA","HUAURA","HUACHO","GOBIERNO REGIONAL","II-2","00007639","HOSPITAL GENERAL DE HUACHO","47","113","168","149","0","15","163","4","5","17","8","44","11","260","12","4"
"2016","09","150801","LIMA","HUAURA","HUACHO","GOBIERNO REGIONAL","II-2","00007639","HOSPITAL GENERAL DE HUACHO","47","113","168","157","0","15","158","5","5","16","7","45","11","253","13","4"
"2016","08","150801","LIMA","HUAURA","HUACHO","GOBIERNO REGIONAL","II-2","00007639","HOSPITAL GENERAL DE HUACHO","47","113","168","161","0","15","169","5","5","17","7","46","11","265","13","4"
"2016","07","150801","LIMA","HUAURA","HUACHO","GOBIERNO REGIONAL","II-2","00007639","HOSPITAL GENERAL DE HUACHO","47","113","165","160","0","15","166","5","5","17","7","45","10","265","13","3"
"2016","05","150801","LIMA","HUAURA","HUACHO","GOBIERNO REGIONAL","II-2","00007639","HOSPITAL GENERAL DE HUACHO","47","113","165","152","0","15","152","5","5","17","7","44","11","265","13","3"
"2016","06","150801","LIMA","HUAURA","HUACHO","GOBIERNO REGIONAL","II-2","00007639","HOSPITAL GENERAL DE HUACHO","47","113","165","152","0","15","156","5","5","17","7","43","11","247","13","3"
"2016","01","150801","LIMA","HUAURA","HUACHO","GOBIERNO REGIONAL","II-2","00007639","HOSPITAL GENERAL DE HUACHO","47","113","162","139","0","15","164","5","4","17","6","35","11","265","11","3"
"2016","12","150801","LIMA","HUAURA","HUACHO","GOBIERNO REGIONAL","II-2","00007639","HOSPITAL GENERAL DE HUACHO","47","111","167","144","0","11","193","5","5","18","11","44","11","275","13","5"
"2016","04","150801","LIMA","HUAURA","HUACHO","GOBIERNO REGIONAL","II-2","00007639","HOSPITAL GENERAL DE HUACHO","47","113","165","144","0","15","154","5","5","16","8","42","11","252","13","3"
"2016","03","150801","LIMA","HUAURA","HUACHO","GOBIERNO REGIONAL","II-2","00007639","HOSPITAL GENERAL DE HUACHO","47","113","162","145","0","15","167","5","4","17","7","43","11","266","13","3"
"2016","11","150801","LIMA","HUAURA","HUACHO","GOBIERNO REGIONAL","II-2","00007639","HOSPITAL GENERAL DE HUACHO","47","113","169","152","0","0","165","5","5","16","7","41","11","262","10","3"
"2016","02","150801","LIMA","HUAURA","HUACHO","GOBIERNO REGIONAL","II-2","00007639","HOSPITAL GENERAL DE HUACHO","47","113","164","140","0","15","151","5","3","16","7","36","11","245","13","3"
"2016","12","050101","AYACUCHO","HUAMANGA","AYACUCHO","PRIVADO","II-1","00008154","EMPRESA PRESTADORA DE SERVICIOS DE SALUD EL NAZARENO S.R.L.","16","21","20","19","0","0","7","1","1","1","0","1","2","6","5","1"
"2016","11","050101","AYACUCHO","HUAMANGA","AYACUCHO","PRIVADO","II-1","00008154","EMPRESA PRESTADORA DE SERVICIOS DE SALUD EL NAZARENO S.R.L.","16","21","20","19","0","0","7","1","1","1","0","1","2","6","5","1"
"2016","10","050101","AYACUCHO","HUAMANGA","AYACUCHO","PRIVADO","II-1","00008154","EMPRESA PRESTADORA DE SERVICIOS DE SALUD EL NAZARENO S.R.L.","16","21","20","19","0","0","7","1","1","1","0","1","2","6","5","1"
"2016","09","050101","AYACUCHO","HUAMANGA","AYACUCHO","PRIVADO","II-1","00008154","EMPRESA PRESTADORA DE SERVICIOS DE SALUD EL NAZARENO S.R.L.","16","21","20","19","0","0","7","1","1","1","0","1","2","6","5","1"
"2016","06","050101","AYACUCHO","HUAMANGA","AYACUCHO","PRIVADO","II-1","00008154","EMPRESA PRESTADORA DE SERVICIOS DE SALUD EL NAZARENO S.R.L.","16","21","20","19","0","0","7","1","1","1","0","1","2","6","5","1"
"2016","08","050101","AYACUCHO","HUAMANGA","AYACUCHO","PRIVADO","II-1","00008154","EMPRESA PRESTADORA DE SERVICIOS DE SALUD EL NAZARENO S.R.L.","16","21","20","19","0","0","7","1","1","1","0","1","2","6","5","1"
"2016","07","050101","AYACUCHO","HUAMANGA","AYACUCHO","PRIVADO","II-1","00008154","EMPRESA PRESTADORA DE SERVICIOS DE SALUD EL NAZARENO S.R.L.","16","21","20","19","0","0","7","1","1","1","0","1","2","6","5","1"
"2016","12","120808","JUNIN","YAULI","SANTA ROSA DE SACCO","ESSALUD","0","00008653","HOSPITAL II ALBERTO HURTADO ABADIA - LA OROYA","11","22","47","33","0","0","43","4","1","1","11","5","1","34","2","2"
"2016","03","130203","LA LIBERTAD","ASCOPE","CHOCOPE","ESSALUD","II-2","00009037","HOSPITAL II CHOCOPE","16","22","63","54","0","28","46","1","0","5","12","5","5","102","10","3"
"2016","12","130203","LA LIBERTAD","ASCOPE","CHOCOPE","ESSALUD","II-2","00009037","HOSPITAL II CHOCOPE","16","22","64","54","0","32","47","1","0","4","12","6","5","107","9","3"
"2016","10","130203","LA LIBERTAD","ASCOPE","CHOCOPE","ESSALUD","II-2","00009037","HOSPITAL II CHOCOPE","16","20","64","52","0","32","47","1","0","5","12","6","5","101","8","3"
"2016","09","130203","LA LIBERTAD","ASCOPE","CHOCOPE","ESSALUD","II-2","00009037","HOSPITAL II CHOCOPE","16","22","64","55","0","32","47","1","0","5","12","6","5","102","8","3"
"2016","11","130203","LA LIBERTAD","ASCOPE","CHOCOPE","ESSALUD","II-2","00009037","HOSPITAL II CHOCOPE","16","20","64","52","0","32","47","1","0","5","12","6","5","101","8","3"
"2016","04","130203","LA LIBERTAD","ASCOPE","CHOCOPE","ESSALUD","II-2","00009037","HOSPITAL II CHOCOPE","16","22","68","55","0","28","47","1","0","5","12","5","5","103","8","3"
"2016","08","130203","LA LIBERTAD","ASCOPE","CHOCOPE","ESSALUD","II-2","00009037","HOSPITAL II CHOCOPE","16","22","64","54","0","32","47","1","0","5","12","6","5","102","8","3"
"2016","07","130203","LA LIBERTAD","ASCOPE","CHOCOPE","ESSALUD","II-2","00009037","HOSPITAL II CHOCOPE","16","22","64","53","0","32","46","1","0","5","12","6","5","102","8","3"
"2016","06","130203","LA LIBERTAD","ASCOPE","CHOCOPE","ESSALUD","II-2","00009037","HOSPITAL II CHOCOPE","16","22","64","53","0","28","46","1","0","5","12","6","5","102","8","3"
"2016","05","130203","LA LIBERTAD","ASCOPE","CHOCOPE","ESSALUD","II-2","00009037","HOSPITAL II CHOCOPE","16","22","68","55","0","28","48","1","0","5","12","6","5","102","8","3"
"2016","02","130203","LA LIBERTAD","ASCOPE","CHOCOPE","ESSALUD","II-2","00009037","HOSPITAL II CHOCOPE","16","23","62","55","0","28","44","1","0","5","12","6","5","82","33","3"
"2016","01","130203","LA LIBERTAD","ASCOPE","CHOCOPE","ESSALUD","II-2","00009037","HOSPITAL II CHOCOPE","16","22","62","53","0","28","44","1","0","5","12","6","5","82","33","3"
"2016","12","150101","LIMA","LIMA","LIMA","PRIVADO","II-2","00008281","CLINICAS MAISON DE SANTE SOCIEDAD ANONIMA","22","20","46","143","0","0","62","17","3","2","16","12","3","119","0","0"
"2016","11","150101","LIMA","LIMA","LIMA","PRIVADO","II-2","00008281","CLINICAS MAISON DE SANTE SOCIEDAD ANONIMA","24","22","105","139","0","0","59","15","3","3","12","14","3","124","0","0"
"2016","10","150101","LIMA","LIMA","LIMA","PRIVADO","II-2","00008281","CLINICAS MAISON DE SANTE SOCIEDAD ANONIMA","24","22","105","144","0","0","64","17","2","2","17","12","3","124","0","0"
"2016","09","150101","LIMA","LIMA","LIMA","PRIVADO","II-2","00008281","CLINICAS MAISON DE SANTE SOCIEDAD ANONIMA","24","22","105","144","0","0","64","17","3","3","17","12","3","124","0","0"
"2016","07","150101","LIMA","LIMA","LIMA","PRIVADO","II-2","00008281","CLINICAS MAISON DE SANTE SOCIEDAD ANONIMA","24","22","105","144","0","0","64","17","3","3","17","12","3","124","0","0"
"2016","08","150101","LIMA","LIMA","LIMA","PRIVADO","II-2","00008281","CLINICAS MAISON DE SANTE SOCIEDAD ANONIMA","24","22","105","144","0","0","64","17","3","3","17","12","3","124","0","0"
"2016","06","150101","LIMA","LIMA","LIMA","PRIVADO","II-2","00008281","CLINICAS MAISON DE SANTE SOCIEDAD ANONIMA","24","22","105","140","0","0","64","17","3","3","17","12","3","126","0","0"
"2016","05","150101","LIMA","LIMA","LIMA","PRIVADO","II-2","00008281","CLINICAS MAISON DE SANTE SOCIEDAD ANONIMA","24","22","105","139","0","0","66","17","3","3","14","13","3","124","1","0"
"2016","04","150101","LIMA","LIMA","LIMA","PRIVADO","II-2","00008281","CLINICAS MAISON DE SANTE SOCIEDAD ANONIMA","24","22","105","139","0","0","66","17","3","3","14","13","3","124","1","0"
"2016","12","040101","AREQUIPA","AREQUIPA","AREQUIPA","GOBIERNO REGIONAL","III-2","00007397","INSTITUTO REGIONAL DE ENFERMEDADES NEOPLASICAS","5","6","23","40","0","17","44","0","1","1","2","2","8","86","9","1"
"2016","10","040101","AREQUIPA","AREQUIPA","AREQUIPA","GOBIERNO REGIONAL","III-2","00007397","INSTITUTO REGIONAL DE ENFERMEDADES NEOPLASICAS","5","6","23","39","0","17","45","0","1","1","2","2","8","86","9","1"
"2016","11","040101","AREQUIPA","AREQUIPA","AREQUIPA","GOBIERNO REGIONAL","III-2","00007397","INSTITUTO REGIONAL DE ENFERMEDADES NEOPLASICAS","5","6","23","40","0","17","44","0","1","1","2","2","8","86","9","1"
"2016","09","040101","AREQUIPA","AREQUIPA","AREQUIPA","GOBIERNO REGIONAL","III-2","00007397","INSTITUTO REGIONAL DE ENFERMEDADES NEOPLASICAS","5","6","23","39","0","17","43","0","1","1","2","2","8","84","9","1"
"2016","07","040101","AREQUIPA","AREQUIPA","AREQUIPA","GOBIERNO REGIONAL","III-2","00007397","INSTITUTO REGIONAL DE ENFERMEDADES NEOPLASICAS","5","6","23","39","0","17","42","0","1","1","2","2","8","82","7","1"
"2016","08","040101","AREQUIPA","AREQUIPA","AREQUIPA","GOBIERNO REGIONAL","III-2","00007397","INSTITUTO REGIONAL DE ENFERMEDADES NEOPLASICAS","5","6","23","39","0","17","41","0","1","1","2","2","8","82","7","1"
"2016","06","040101","AREQUIPA","AREQUIPA","AREQUIPA","GOBIERNO REGIONAL","III-2","00007397","INSTITUTO REGIONAL DE ENFERMEDADES NEOPLASICAS","5","6","23","39","0","19","42","0","1","1","2","2","8","82","7","1"
"2016","05","040101","AREQUIPA","AREQUIPA","AREQUIPA","GOBIERNO REGIONAL","III-2","00007397","INSTITUTO REGIONAL DE ENFERMEDADES NEOPLASICAS","5","6","23","39","0","19","42","0","1","1","2","2","8","82","7","1"
"2016","02","040101","AREQUIPA","AREQUIPA","AREQUIPA","GOBIERNO REGIONAL","III-2","00007397","INSTITUTO REGIONAL DE ENFERMEDADES NEOPLASICAS","4","5","23","39","0","19","42","0","1","1","2","2","8","83","7","1"
"2016","04","040101","AREQUIPA","AREQUIPA","AREQUIPA","GOBIERNO REGIONAL","III-2","00007397","INSTITUTO REGIONAL DE ENFERMEDADES NEOPLASICAS","4","5","23","39","0","19","42","0","1","1","2","2","8","82","7","1"
"2016","12","021809","ANCASH","SANTA","NUEVO CHIMBOTE","ESSALUD","I-4","00009054","HOSPITAL I CONO SUR","14","26","5","20","0","0","20","3","1","1","7","6","2","19","4","1"
"2016","10","021809","ANCASH","SANTA","NUEVO CHIMBOTE","ESSALUD","I-4","00009054","HOSPITAL I CONO SUR","14","26","5","20","0","0","20","3","1","1","6","6","2","19","2","1"
"2016","11","021809","ANCASH","SANTA","NUEVO CHIMBOTE","ESSALUD","I-4","00009054","HOSPITAL I CONO SUR","14","26","6","20","0","0","20","3","1","1","7","6","2","19","4","1"
"2016","08","021809","ANCASH","SANTA","NUEVO CHIMBOTE","ESSALUD","I-4","00009054","HOSPITAL I CONO SUR","14","26","5","20","0","0","20","3","1","1","6","5","2","19","2","1"
"2016","09","021809","ANCASH","SANTA","NUEVO CHIMBOTE","ESSALUD","I-4","00009054","HOSPITAL I CONO SUR","14","26","5","20","0","0","20","3","1","1","6","6","2","19","2","1"
"2016","07","021809","ANCASH","SANTA","NUEVO CHIMBOTE","ESSALUD","I-4","00009054","HOSPITAL I CONO SUR","14","26","5","20","0","0","21","3","1","1","6","6","2","20","2","1"
"2016","05","021809","ANCASH","SANTA","NUEVO CHIMBOTE","ESSALUD","I-4","00009054","HOSPITAL I CONO SUR","14","26","6","21","0","0","21","2","1","1","6","6","2","20","2","1"
"2016","06","021809","ANCASH","SANTA","NUEVO CHIMBOTE","ESSALUD","I-4","00009054","HOSPITAL I CONO SUR","14","26","6","20","0","0","21","3","1","1","6","6","2","20","2","1"
"2016","03","021809","ANCASH","SANTA","NUEVO CHIMBOTE","ESSALUD","I-4","00009054","HOSPITAL I CONO SUR","14","26","5","21","0","0","21","2","1","1","6","6","2","20","2","1"
"2016","01","021809","ANCASH","SANTA","NUEVO CHIMBOTE","ESSALUD","I-4","00009054","HOSPITAL I CONO SUR","14","26","5","22","0","0","21","2","1","1","4","6","2","28","4","1"
"2016","04","021809","ANCASH","SANTA","NUEVO CHIMBOTE","ESSALUD","I-4","00009054","HOSPITAL I CONO SUR","14","26","5","21","0","0","21","2","1","1","6","6","2","20","2","1"
"2016","12","020105","ANCASH","HUARAZ","INDEPENDENCIA","ESSALUD","0","00009053","HOSPITAL II HUARAZ","30","33","43","59","1","0","46","3","2","2","12","12","2","10","68","4"
"2016","11","020105","ANCASH","HUARAZ","INDEPENDENCIA","ESSALUD","0","00009053","HOSPITAL II HUARAZ","29","34","44","58","1","0","46","3","2","2","11","12","3","9","99","4"
"2016","09","020105","ANCASH","HUARAZ","INDEPENDENCIA","ESSALUD","0","00009053","HOSPITAL II HUARAZ","29","33","45","55","1","0","49","3","2","2","11","13","2","9","68","4"
"2016","08","020105","ANCASH","HUARAZ","INDEPENDENCIA","ESSALUD","0","00009053","HOSPITAL II HUARAZ","29","33","45","52","1","0","47","3","2","2","11","13","2","9","68","4"
"2016","07","020105","ANCASH","HUARAZ","INDEPENDENCIA","ESSALUD","0","00009053","HOSPITAL II HUARAZ","30","33","42","52","1","0","46","3","2","2","10","13","2","9","1","4"
"2016","06","020105","ANCASH","HUARAZ","INDEPENDENCIA","ESSALUD","0","00009053","HOSPITAL II HUARAZ","134","28","89","52","1","0","46","3","2","2","11","14","2","9","2","0"
"2016","05","020105","ANCASH","HUARAZ","INDEPENDENCIA","ESSALUD","0","00009053","HOSPITAL II HUARAZ","29","33","42","51","1","0","46","3","2","2","11","13","2","9","68","4"
"2016","03","020105","ANCASH","HUARAZ","INDEPENDENCIA","ESSALUD","0","00009053","HOSPITAL II HUARAZ","30","33","42","48","0","0","49","4","2","1","10","13","2","10","54","4"
"2016","01","020105","ANCASH","HUARAZ","INDEPENDENCIA","ESSALUD","0","00009053","HOSPITAL II HUARAZ","29","33","42","49","0","0","49","3","2","1","10","12","2","5","60","4"
"2016","02","020105","ANCASH","HUARAZ","INDEPENDENCIA","ESSALUD","0","00009053","HOSPITAL II HUARAZ","30","33","42","49","0","0","49","4","2","1","10","11","2","10","54","4"
"2016","04","020105","ANCASH","HUARAZ","INDEPENDENCIA","ESSALUD","0","00009053","HOSPITAL II HUARAZ","30","33","42","50","0","0","50","3","2","1","12","13","2","10","54","4"
"2016","02","130105","LA LIBERTAD","TRUJILLO","LA ESPERANZA","ESSALUD","II-1","00009040","HOSPITAL I - LA ESPERANZA","19","30","11","21","0","3","18","3","1","3","2","2","2","25","2","1"
"2016","12","130105","LA LIBERTAD","TRUJILLO","LA ESPERANZA","ESSALUD","II-1","00009040","HOSPITAL I - LA ESPERANZA","19","30","10","25","0","3","17","3","1","3","2","2","2","26","2","1"
"2016","08","130105","LA LIBERTAD","TRUJILLO","LA ESPERANZA","ESSALUD","II-1","00009040","HOSPITAL I - LA ESPERANZA","19","30","09","21","0","3","17","3","1","3","2","2","2","26","2","1"
"2016","07","130105","LA LIBERTAD","TRUJILLO","LA ESPERANZA","ESSALUD","II-1","00009040","HOSPITAL I - LA ESPERANZA","19","30","09","21","0","3","17","3","1","3","2","2","2","26","2","1"
"2016","10","130105","LA LIBERTAD","TRUJILLO","LA ESPERANZA","ESSALUD","II-1","00009040","HOSPITAL I - LA ESPERANZA","19","30","09","25","0","3","17","3","1","3","2","2","2","26","2","1"
"2016","09","130105","LA LIBERTAD","TRUJILLO","LA ESPERANZA","ESSALUD","II-1","00009040","HOSPITAL I - LA ESPERANZA","19","30","09","24","0","3","17","3","1","3","2","2","2","26","2","1"
"2016","03","130105","LA LIBERTAD","TRUJILLO","LA ESPERANZA","ESSALUD","II-1","00009040","HOSPITAL I - LA ESPERANZA","19","30","11","21","0","3","18","3","1","3","2","2","2","25","2","1"
"2016","04","130105","LA LIBERTAD","TRUJILLO","LA ESPERANZA","ESSALUD","II-1","00009040","HOSPITAL I - LA ESPERANZA","19","30","11","21","0","3","18","3","1","3","2","2","2","25","2","1"
"2016","11","130105","LA LIBERTAD","TRUJILLO","LA ESPERANZA","ESSALUD","II-1","00009040","HOSPITAL I - LA ESPERANZA","19","30","11","25","0","3","17","3","1","3","2","2","2","26","2","1"
"2016","05","130105","LA LIBERTAD","TRUJILLO","LA ESPERANZA","ESSALUD","II-1","00009040","HOSPITAL I - LA ESPERANZA","19","30","11","21","0","3","18","3","1","3","2","2","2","26","2","1"
"2016","06","130105","LA LIBERTAD","TRUJILLO","LA ESPERANZA","ESSALUD","II-1","00009040","HOSPITAL I - LA ESPERANZA","19","30","11","21","0","3","18","3","1","3","2","2","2","26","2","1"
"2016","12","120101","JUNIN","HUANCAYO","HUANCAYO","PRIVADO","II-1","00008516","CLINICA SANTO DOMINGO","20","12","22","30","0","0","8","2","1","1","2","1","2","8","0","1"
"2016","11","120101","JUNIN","HUANCAYO","HUANCAYO","PRIVADO","II-1","00008516","CLINICA SANTO DOMINGO","20","12","22","30","0","0","8","2","1","1","2","1","2","8","0","1"
"2016","10","120101","JUNIN","HUANCAYO","HUANCAYO","PRIVADO","II-1","00008516","CLINICA SANTO DOMINGO","20","12","22","30","0","0","8","2","1","1","2","1","2","8","0","1"
"2016","09","120101","JUNIN","HUANCAYO","HUANCAYO","PRIVADO","II-1","00008516","CLINICA SANTO DOMINGO","20","12","22","30","0","0","8","2","1","1","2","1","2","8","0","1"
"2016","08","120101","JUNIN","HUANCAYO","HUANCAYO","PRIVADO","II-1","00008516","CLINICA SANTO DOMINGO","20","12","22","30","0","0","8","2","1","1","2","1","2","8","0","1"
"2016","12","150131","LIMA","LIMA","SAN ISIDRO","PRIVADO","II-2","00008398","CLINICA EL GOLF","39","88","67","200","0","0","67","0","0","2","31","13","2","0","140","0"
"2016","06","150131","LIMA","LIMA","SAN ISIDRO","PRIVADO","II-2","00008398","CLINICA EL GOLF","38","81","67","195","0","0","72","0","0","2","33","15","2","0","143","0"
"2016","07","150131","LIMA","LIMA","SAN ISIDRO","PRIVADO","II-2","00008398","CLINICA EL GOLF","38","80","67","192","0","0","69","0","0","2","33","13","3","0","146","0"
"2016","01","150131","LIMA","LIMA","SAN ISIDRO","PRIVADO","II-2","00008398","CLINICA EL GOLF","39","84","61","175","0","0","100","0","0","1","30","15","2","0","204","0"
"2016","03","150131","LIMA","LIMA","SAN ISIDRO","PRIVADO","II-2","00008398","CLINICA EL GOLF","38","81","51","192","0","0","73","0","0","1","30","13","2","0","184","0"
"2016","04","150131","LIMA","LIMA","SAN ISIDRO","PRIVADO","II-2","00008398","CLINICA EL GOLF","38","81","59","196","0","0","73","0","0","1","30","15","2","0","144","0"
"2016","05","150131","LIMA","LIMA","SAN ISIDRO","PRIVADO","II-2","00008398","CLINICA EL GOLF","38","81","59","192","0","0","69","0","0","2","30","14","2","0","142","0"
"2016","09","150131","LIMA","LIMA","SAN ISIDRO","PRIVADO","II-2","00008398","CLINICA EL GOLF","39","78","67","193","0","0","67","0","0","2","31","15","2","0","146","0"
"2016","10","150131","LIMA","LIMA","SAN ISIDRO","PRIVADO","II-2","00008398","CLINICA EL GOLF","39","86","67","199","0","0","69","0","0","1","30","15","3","0","144","0"
"2016","02","150131","LIMA","LIMA","SAN ISIDRO","PRIVADO","II-2","00008398","CLINICA EL GOLF","39","83","61","193","0","0","73","0","0","1","30","13","2","0","186","0"
"2016","11","150131","LIMA","LIMA","SAN ISIDRO","PRIVADO","II-2","00008398","CLINICA EL GOLF","39","83","67","202","0","0","64","0","0","2","31","13","3","0","144","0"
"2016","08","150131","LIMA","LIMA","SAN ISIDRO","PRIVADO","II-2","00008398","CLINICA EL GOLF","38","1567","67","178","0","0","65","0","0","2","30","14","2","0","5","0"
"2016","12","150121","LIMA","LIMA","PUEBLO LIBRE","PRIVADO","II-2","00008325","ASOCIACION PERUANO JAPONESA","41","123","118","74","0","0","194","7","2","6","122","14","5","273","0","1"
"2016","11","150121","LIMA","LIMA","PUEBLO LIBRE","PRIVADO","II-2","00008325","ASOCIACION PERUANO JAPONESA","41","123","118","75","0","0","167","7","2","5","113","14","4","256","0","1"
"2016","10","150121","LIMA","LIMA","PUEBLO LIBRE","PRIVADO","II-2","00008325","ASOCIACION PERUANO JAPONESA","41","123","118","75","0","0","190","7","2","7","121","14","4","275","0","1"
"2016","09","150121","LIMA","LIMA","PUEBLO LIBRE","PRIVADO","II-2","00008325","ASOCIACION PERUANO JAPONESA","41","123","118","79","0","0","197","7","2","9","125","14","5","280","0","1"
"2016","08","150121","LIMA","LIMA","PUEBLO LIBRE","PRIVADO","II-2","00008325","ASOCIACION PERUANO JAPONESA","41","123","118","78","0","0","191","7","2","8","116","13","5","278","0","1"
"2016","07","150121","LIMA","LIMA","PUEBLO LIBRE","PRIVADO","II-2","00008325","ASOCIACION PERUANO JAPONESA","41","123","121","58","0","0","190","7","2","7","111","13","5","276","0","1"
"2016","06","150121","LIMA","LIMA","PUEBLO LIBRE","PRIVADO","II-2","00008325","ASOCIACION PERUANO JAPONESA","41","123","121","58","0","0","190","7","2","7","125","13","5","266","0","1"
"2016","12","150101","LIMA","LIMA","LIMA","PRIVADO","II-E","00009483","OCULASER SAC","2","6","0","2","0","0","1","0","0","0","2","0","0","3","0","0"
"2016","11","150101","LIMA","LIMA","LIMA","PRIVADO","II-E","00009483","OCULASER SAC","2","6","0","2","0","0","1","0","0","0","2","0","0","3","0","0"
"2016","10","150101","LIMA","LIMA","LIMA","PRIVADO","II-E","00009483","OCULASER SAC","4","6","0","3","0","0","0","0","0","0","0","0","0","0","0","0"
"2016","08","150101","LIMA","LIMA","LIMA","PRIVADO","II-E","00009483","OCULASER SAC","4","6","0","3","0","0","0","0","0","0","0","0","0","0","0","0"
"2016","09","150101","LIMA","LIMA","LIMA","PRIVADO","II-E","00009483","OCULASER SAC","4","7","0","4","0","0","0","0","0","0","0","0","0","0","0","0"
"2016","07","150101","LIMA","LIMA","LIMA","PRIVADO","II-E","00009483","OCULASER SAC","4","6","0","3","0","0","0","0","0","0","0","0","0","0","0","0"
"2016","06","150101","LIMA","LIMA","LIMA","PRIVADO","II-E","00009483","OCULASER SAC","4","6","0","3","0","0","0","0","0","0","0","0","0","0","0","0"
"2016","01","150101","LIMA","LIMA","LIMA","PRIVADO","II-E","00009483","OCULASER SAC","3","3","0","6","0","0","1","0","0","0","2","0","0","2","3","0"
"2016","07","150131","LIMA","LIMA","SAN ISIDRO","PRIVADO","III-1","00009409","CLINICA RICARDO PALMA","216","315","191","454","0","8","249","16","6","4","35","13","6","312","6","0"
"2016","06","150131","LIMA","LIMA","SAN ISIDRO","PRIVADO","III-1","00009409","CLINICA RICARDO PALMA","216","315","191","454","0","8","252","16","6","4","35","13","6","291","6","0"
"2016","05","150131","LIMA","LIMA","SAN ISIDRO","PRIVADO","III-1","00009409","CLINICA RICARDO PALMA","216","315","191","437","0","7","243","16","6","4","35","13","6","314","26","0"
"2016","12","150131","LIMA","LIMA","SAN ISIDRO","PRIVADO","III-1","00009409","CLINICA RICARDO PALMA","216","315","181","454","0","8","253","16","6","4","35","13","6","309","6","0"
"2016","04","150131","LIMA","LIMA","SAN ISIDRO","PRIVADO","III-1","00009409","CLINICA RICARDO PALMA","216","315","191","437","0","7","236","16","6","4","35","13","6","312","26","0"
"2016","02","150131","LIMA","LIMA","SAN ISIDRO","PRIVADO","III-1","00009409","CLINICA RICARDO PALMA","216","315","191","437","0","7","237","16","6","4","35","13","6","282","26","0"
"2016","09","150131","LIMA","LIMA","SAN ISIDRO","PRIVADO","III-1","00009409","CLINICA RICARDO PALMA","216","315","191","454","0","8","248","16","6","4","35","13","6","313","6","0"
"2016","10","150131","LIMA","LIMA","SAN ISIDRO","PRIVADO","III-1","00009409","CLINICA RICARDO PALMA","216","315","191","454","0","8","247","16","6","4","35","13","6","312","6","0"
"2016","01","150131","LIMA","LIMA","SAN ISIDRO","PRIVADO","III-1","00009409","CLINICA RICARDO PALMA","216","315","191","437","0","7","211","16","6","4","35","13","6","300","26","0"
"2016","11","150131","LIMA","LIMA","SAN ISIDRO","PRIVADO","III-1","00009409","CLINICA RICARDO PALMA","216","315","181","454","0","8","254","16","6","4","35","13","6","309","6","0"
"2016","08","150131","LIMA","LIMA","SAN ISIDRO","PRIVADO","III-1","00009409","CLINICA RICARDO PALMA","216","315","168","454","0","8","249","16","6","4","35","13","6","313","6","0"
"2016","03","150131","LIMA","LIMA","SAN ISIDRO","PRIVADO","III-1","00009409","CLINICA RICARDO PALMA","216","315","168","437","0","7","244","16","6","4","35","13","6","286","26","0"
"2016","08","150122","LIMA","LIMA","MIRAFLORES","PRIVADO","III-2","00008956","CLINICA DEL INCA","13","13","34","32","0","7","13","0","2","1","3","0","1","10","3","4"
"2016","09","150122","LIMA","LIMA","MIRAFLORES","PRIVADO","III-2","00008956","CLINICA DEL INCA","13","13","34","31","0","6","20","0","2","1","3","0","1","11","3","4"
"2016","01","150122","LIMA","LIMA","MIRAFLORES","PRIVADO","III-2","00008956","CLINICA DEL INCA","13","65","34","30","0","0","19","0","0","1","3","0","1","6","2","4"
"2016","07","150122","LIMA","LIMA","MIRAFLORES","PRIVADO","III-2","00008956","CLINICA DEL INCA","13","13","34","34","0","8","18","0","1","1","3","0","1","9","3","4"
"2016","06","150122","LIMA","LIMA","MIRAFLORES","PRIVADO","III-2","00008956","CLINICA DEL INCA","13","13","34","30","0","6","15","0","1","1","3","0","1","9","3","4"
"2016","10","150122","LIMA","LIMA","MIRAFLORES","PRIVADO","III-2","00008956","CLINICA DEL INCA","13","13","42","32","0","6","24","0","1","1","4","0","1","12","3","4"
"2016","02","150122","LIMA","LIMA","MIRAFLORES","PRIVADO","III-2","00008956","CLINICA DEL INCA","13","13","34","30","0","10","17","0","0","1","3","0","1","8","2","4"
"2016","03","150122","LIMA","LIMA","MIRAFLORES","PRIVADO","III-2","00008956","CLINICA DEL INCA","13","65","34","27","0","5","17","0","1","1","3","0","1","10","3","4"
"2016","04","150122","LIMA","LIMA","MIRAFLORES","PRIVADO","III-2","00008956","CLINICA DEL INCA","13","13","34","34","0","0","18","1","1","1","3","0","1","10","3","4"
"2016","05","150122","LIMA","LIMA","MIRAFLORES","PRIVADO","III-2","00008956","CLINICA DEL INCA","13","13","34","35","0","7","16","1","1","1","3","0","1","10","3","4"
"2016","11","150122","LIMA","LIMA","MIRAFLORES","PRIVADO","III-2","00008956","CLINICA DEL INCA","13","13","34","33","0","3","13","0","1","1","4","0","1","12","3","4"
"2016","12","150122","LIMA","LIMA","MIRAFLORES","PRIVADO","III-2","00008956","CLINICA DEL INCA","13","13","34","29","0","4","17","0","1","1","4","0","1","12","3","4"
"2016","01","021801","ANCASH","SANTA","CHIMBOTE","ESSALUD","0","00009047","HOSPITAL III CHIMBOTE","37","42","140","132","0","14","130","4","5","4","54","12","5","195","94","4"
"2016","02","021801","ANCASH","SANTA","CHIMBOTE","ESSALUD","0","00009047","HOSPITAL III CHIMBOTE","37","42","140","131","0","3","130","4","3","4","54","13","5","195","94","4"
"2016","12","021801","ANCASH","SANTA","CHIMBOTE","ESSALUD","0","00009047","HOSPITAL III CHIMBOTE","40","45","130","131","0","2","132","4","3","3","177","13","5","29","51","4"
"2016","11","021801","ANCASH","SANTA","CHIMBOTE","ESSALUD","0","00009047","HOSPITAL III CHIMBOTE","40","45","140","131","0","2","132","4","3","3","177","13","5","29","51","4"
"2016","10","021801","ANCASH","SANTA","CHIMBOTE","ESSALUD","0","00009047","HOSPITAL III CHIMBOTE","40","45","140","131","0","2","132","4","3","3","177","13","5","29","51","4"
"2016","09","021801","ANCASH","SANTA","CHIMBOTE","ESSALUD","0","00009047","HOSPITAL III CHIMBOTE","40","45","140","131","0","2","132","4","3","4","177","13","5","29","51","4"
"2016","07","021801","ANCASH","SANTA","CHIMBOTE","ESSALUD","0","00009047","HOSPITAL III CHIMBOTE","40","45","141","125","0","2","132","4","3","3","178","13","5","26","51","4"
"2016","08","021801","ANCASH","SANTA","CHIMBOTE","ESSALUD","0","00009047","HOSPITAL III CHIMBOTE","40","45","140","131","0","2","132","4","3","4","177","13","5","29","51","4"
"2016","06","021801","ANCASH","SANTA","CHIMBOTE","ESSALUD","0","00009047","HOSPITAL III CHIMBOTE","40","45","139","128","0","14","131","4","3","3","168","13","5","23","53","4"
"2016","05","021801","ANCASH","SANTA","CHIMBOTE","ESSALUD","0","00009047","HOSPITAL III CHIMBOTE","40","45","141","128","0","14","131","4","3","3","168","13","5","23","53","4"
"2016","03","021801","ANCASH","SANTA","CHIMBOTE","ESSALUD","0","00009047","HOSPITAL III CHIMBOTE","37","42","140","131","0","15","130","4","3","4","169","13","5","23","52","4"
"2016","04","021801","ANCASH","SANTA","CHIMBOTE","ESSALUD","0","00009047","HOSPITAL III CHIMBOTE","40","45","141","128","0","14","131","4","3","4","168","13","1","23","53","4"
"2016","12","120301","JUNIN","CHANCHAMAYO","CHANCHAMAYO","ESSALUD","0","00008656","HOSPITAL  SELVA CENTRAL Y ENFERMEDADES TROPICALES LA MERCED","16","19","16","24","0","0","21","2","2","1","5","3","2","22","3","1"
"2016","11","120301","JUNIN","CHANCHAMAYO","CHANCHAMAYO","ESSALUD","0","00008656","HOSPITAL  SELVA CENTRAL Y ENFERMEDADES TROPICALES LA MERCED","17","19","20","23","0","0","21","2","2","1","5","3","2","23","2","1"
"2016","10","120301","JUNIN","CHANCHAMAYO","CHANCHAMAYO","ESSALUD","0","00008656","HOSPITAL  SELVA CENTRAL Y ENFERMEDADES TROPICALES LA MERCED","17","21","19","22","0","0","21","2","2","1","5","3","2","22","3","1"
"2016","09","120301","JUNIN","CHANCHAMAYO","CHANCHAMAYO","ESSALUD","0","00008656","HOSPITAL  SELVA CENTRAL Y ENFERMEDADES TROPICALES LA MERCED","17","18","21","17","0","0","22","2","2","1","5","3","2","23","3","1"
"2016","07","120301","JUNIN","CHANCHAMAYO","CHANCHAMAYO","ESSALUD","0","00008656","HOSPITAL  SELVA CENTRAL Y ENFERMEDADES TROPICALES LA MERCED","17","18","19","17","0","0","22","2","2","1","5","3","2","23","3","1"
"2016","08","120301","JUNIN","CHANCHAMAYO","CHANCHAMAYO","ESSALUD","0","00008656","HOSPITAL  SELVA CENTRAL Y ENFERMEDADES TROPICALES LA MERCED","18","20","16","18","0","0","22","2","2","1","5","3","2","23","3","1"
"2016","12","120114","JUNIN","HUANCAYO","EL TAMBO","ESSALUD","III-1","00008652","HOSPITAL NACIONAL RAMIRO PRIALE PRIALE","38","47","250","212","0","38","187","5","4","6","38","15","5","153","85","5"
"2016","11","120114","JUNIN","HUANCAYO","EL TAMBO","ESSALUD","III-1","00008652","HOSPITAL NACIONAL RAMIRO PRIALE PRIALE","39","47","250","215","0","41","198","5","4","6","36","16","5","162","88","5"
"2016","10","120114","JUNIN","HUANCAYO","EL TAMBO","ESSALUD","III-1","00008652","HOSPITAL NACIONAL RAMIRO PRIALE PRIALE","39","47","252","207","0","41","203","5","4","7","33","17","4","164","90","5"
"2016","09","120114","JUNIN","HUANCAYO","EL TAMBO","ESSALUD","III-1","00008652","HOSPITAL NACIONAL RAMIRO PRIALE PRIALE","39","47","254","205","0","41","203","4","4","7","31","17","4","162","89","5"
"2016","08","120114","JUNIN","HUANCAYO","EL TAMBO","ESSALUD","III-1","00008652","HOSPITAL NACIONAL RAMIRO PRIALE PRIALE","39","47","251","184","0","19","185","4","4","7","33","15","5","162","89","5"
"2016","07","120114","JUNIN","HUANCAYO","EL TAMBO","ESSALUD","III-1","00008652","HOSPITAL NACIONAL RAMIRO PRIALE PRIALE","39","47","250","191","0","19","187","5","3","7","32","16","5","164","92","5"
"2016","05","120114","JUNIN","HUANCAYO","EL TAMBO","ESSALUD","III-1","00008652","HOSPITAL NACIONAL RAMIRO PRIALE PRIALE","39","45","257","206","0","38","192","4","3","7","29","15","4","157","90","5"
"2016","06","120114","JUNIN","HUANCAYO","EL TAMBO","ESSALUD","III-1","00008652","HOSPITAL NACIONAL RAMIRO PRIALE PRIALE","39","45","257","185","0","22","195","4","3","7","34","16","5","160","90","5"
"2016","01","120114","JUNIN","HUANCAYO","EL TAMBO","ESSALUD","III-1","00008652","HOSPITAL NACIONAL RAMIRO PRIALE PRIALE","39","46","244","198","0","38","207","5","3","7","32","17","4","161","60","5"
"2016","03","120114","JUNIN","HUANCAYO","EL TAMBO","ESSALUD","III-1","00008652","HOSPITAL NACIONAL RAMIRO PRIALE PRIALE","39","46","244","155","0","38","172","5","2","6","29","15","4","29","138","5"
"2016","04","120114","JUNIN","HUANCAYO","EL TAMBO","ESSALUD","III-1","00008652","HOSPITAL NACIONAL RAMIRO PRIALE PRIALE","39","46","255","191","0","38","206","5","4","7","31","15","4","154","90","5"
"2016","02","120114","JUNIN","HUANCAYO","EL TAMBO","ESSALUD","III-1","00008652","HOSPITAL NACIONAL RAMIRO PRIALE PRIALE","39","46","250","153","0","38","182","5","3","7","32","16","4","28","142","5"
"2016","12","150101","LIMA","LIMA","LIMA","ESSALUD","II-2","00008502","HOSPITAL III EMERGENCIAS GRAU","58","63","226","341","0","91","204","9","6","9","49","24","9","291","2","1"
"2016","11","150101","LIMA","LIMA","LIMA","ESSALUD","II-2","00008502","HOSPITAL III EMERGENCIAS GRAU","58","71","226","341","0","91","206","9","6","9","47","24","9","293","2","1"
"2016","10","150101","LIMA","LIMA","LIMA","ESSALUD","II-2","00008502","HOSPITAL III EMERGENCIAS GRAU","58","63","244","340","0","91","205","9","6","9","50","25","10","294","2","1"
"2016","08","150101","LIMA","LIMA","LIMA","ESSALUD","II-2","00008502","HOSPITAL III EMERGENCIAS GRAU","58","61","244","338","0","94","216","9","6","9","49","23","9","287","3","0"
"2016","09","150101","LIMA","LIMA","LIMA","ESSALUD","II-2","00008502","HOSPITAL III EMERGENCIAS GRAU","58","67","245","333","0","91","209","8","6","8","49","24","10","294","2","0"
"2016","07","150101","LIMA","LIMA","LIMA","ESSALUD","II-2","00008502","HOSPITAL III EMERGENCIAS GRAU","58","69","244","340","0","94","205","9","7","8","50","24","10","291","3","0"
"2016","06","150101","LIMA","LIMA","LIMA","ESSALUD","II-2","00008502","HOSPITAL III EMERGENCIAS GRAU","58","64","245","335","0","92","206","9","7","9","47","23","10","292","3","1"
"2016","05","150101","LIMA","LIMA","LIMA","ESSALUD","II-2","00008502","HOSPITAL III EMERGENCIAS GRAU","58","68","245","342","0","91","224","9","7","9","54","26","10","332","3","1"
"2016","01","150101","LIMA","LIMA","LIMA","ESSALUD","II-2","00008502","HOSPITAL III EMERGENCIAS GRAU","57","67","245","343","0","91","226","10","7","9","52","25","10","367","2","1"
"2016","03","150101","LIMA","LIMA","LIMA","ESSALUD","II-2","00008502","HOSPITAL III EMERGENCIAS GRAU","58","69","246","341","0","91","224","9","7","9","52","25","10","293","2","1"
"2016","02","150101","LIMA","LIMA","LIMA","ESSALUD","II-2","00008502","HOSPITAL III EMERGENCIAS GRAU","58","69","247","250","0","91","223","10","7","9","52","25","10","294","2","1"
"2016","04","150101","LIMA","LIMA","LIMA","ESSALUD","II-2","00008502","HOSPITAL III EMERGENCIAS GRAU","58","72","245","338","0","91","223","9","7","9","52","26","10","292","2","1"
"2016","12","150103","LIMA","LIMA","ATE","ESSALUD","II-1","00008353","ESSALUD - HOSPITAL II VITARTE","25","34","66","105","0","24","89","5","2","3","14","2","3","135","13","1"
"2016","11","150103","LIMA","LIMA","ATE","ESSALUD","II-1","00008353","ESSALUD - HOSPITAL II VITARTE","25","38","66","105","0","24","89","5","2","3","14","2","3","135","12","1"
"2016","10","150103","LIMA","LIMA","ATE","ESSALUD","II-1","00008353","ESSALUD - HOSPITAL II VITARTE","37","56","70","103","0","24","89","5","2","3","14","2","4","136","12","1"
"2016","09","150103","LIMA","LIMA","ATE","ESSALUD","II-1","00008353","ESSALUD - HOSPITAL II VITARTE","37","57","70","102","0","24","88","4","2","3","14","2","4","10","10","1"
"2016","08","150103","LIMA","LIMA","ATE","ESSALUD","II-1","00008353","ESSALUD - HOSPITAL II VITARTE","37","47","70","103","0","24","89","4","2","3","14","2","4","10","10","1"
"2016","07","150103","LIMA","LIMA","ATE","ESSALUD","II-1","00008353","ESSALUD - HOSPITAL II VITARTE","37","53","70","101","0","24","89","4","2","3","14","2","4","10","10","1"
"2016","06","150103","LIMA","LIMA","ATE","ESSALUD","II-1","00008353","ESSALUD - HOSPITAL II VITARTE","36","63","70","101","0","24","89","4","2","3","14","2","4","10","10","1"
"2016","05","150103","LIMA","LIMA","ATE","ESSALUD","II-1","00008353","ESSALUD - HOSPITAL II VITARTE","37","58","70","101","0","24","89","4","2","3","14","2","4","10","10","1"
"2016","02","150103","LIMA","LIMA","ATE","ESSALUD","II-1","00008353","ESSALUD - HOSPITAL II VITARTE","37","58","70","102","0","24","88","5","2","3","14","1","4","11","13","1"
"2016","01","150103","LIMA","LIMA","ATE","ESSALUD","II-1","00008353","ESSALUD - HOSPITAL II VITARTE","25","37","70","102","0","24","88","5","2","3","14","1","4","11","13","1"
"2016","04","150103","LIMA","LIMA","ATE","ESSALUD","II-1","00008353","ESSALUD - HOSPITAL II VITARTE","37","61","70","100","0","24","89","5","2","3","14","2","4","10","10","1"
"2016","03","150103","LIMA","LIMA","ATE","ESSALUD","II-1","00008353","ESSALUD - HOSPITAL II VITARTE","37","46","70","102","0","24","89","5","2","3","14","2","4","10","10","1"
"2016","12","130704","LA LIBERTAD","PACASMAYO","PACASMAYO","ESSALUD","II-1","00008514","HOSPITAL I - PACASMAYO","16","17","11","9","0","0","16","1","0","1","3","2","2","28","2","2"
"2016","10","130704","LA LIBERTAD","PACASMAYO","PACASMAYO","ESSALUD","II-1","00008514","HOSPITAL I - PACASMAYO","16","17","11","9","0","0","16","1","0","1","3","2","2","28","2","1"
"2016","11","130704","LA LIBERTAD","PACASMAYO","PACASMAYO","ESSALUD","II-1","00008514","HOSPITAL I - PACASMAYO","16","17","11","9","0","0","16","1","0","1","3","2","2","28","2","2"
"2016","09","130704","LA LIBERTAD","PACASMAYO","PACASMAYO","ESSALUD","II-1","00008514","HOSPITAL I - PACASMAYO","16","17","11","9","0","0","16","1","0","1","3","2","2","28","2","1"
"2016","07","130704","LA LIBERTAD","PACASMAYO","PACASMAYO","ESSALUD","II-1","00008514","HOSPITAL I - PACASMAYO","13","15","11","11","0","0","16","1","0","1","3","2","2","39","2","2"
"2016","08","130704","LA LIBERTAD","PACASMAYO","PACASMAYO","ESSALUD","II-1","00008514","HOSPITAL I - PACASMAYO","13","15","11","12","0","0","16","1","0","1","3","2","2","39","2","2"
"2016","06","130704","LA LIBERTAD","PACASMAYO","PACASMAYO","ESSALUD","II-1","00008514","HOSPITAL I - PACASMAYO","13","15","11","10","0","0","16","1","0","1","3","2","2","39","2","2"
"2016","05","130704","LA LIBERTAD","PACASMAYO","PACASMAYO","ESSALUD","II-1","00008514","HOSPITAL I - PACASMAYO","13","15","11","10","0","0","16","1","0","1","3","2","2","39","2","2"
"2016","04","130704","LA LIBERTAD","PACASMAYO","PACASMAYO","ESSALUD","II-1","00008514","HOSPITAL I - PACASMAYO","13","15","12","10","0","0","17","1","0","1","3","2","2","39","2","2"
"2016","01","130704","LA LIBERTAD","PACASMAYO","PACASMAYO","ESSALUD","II-1","00008514","HOSPITAL I - PACASMAYO","13","15","14","14","2","0","16","4","0","1","3","2","2","37","10","2"
"2016","02","130704","LA LIBERTAD","PACASMAYO","PACASMAYO","ESSALUD","II-1","00008514","HOSPITAL I - PACASMAYO","13","15","12","10","0","0","16","1","0","1","3","2","2","39","2","2"
"2016","03","130704","LA LIBERTAD","PACASMAYO","PACASMAYO","ESSALUD","II-1","00008514","HOSPITAL I - PACASMAYO","13","15","12","9","0","0","17","1","0","1","3","2","2","39","2","2"
"2016","09","150115","LIMA","LIMA","LA VICTORIA","ESSALUD","III-2","00009251","HOSPITAL NACIONAL GUILLERMO ALMENARA IRIGOYEN","132","133","952","1051","0","319","1046","7","19","38","217","43","27","932","45","9"
"2016","07","150115","LIMA","LIMA","LA VICTORIA","ESSALUD","III-2","00009251","HOSPITAL NACIONAL GUILLERMO ALMENARA IRIGOYEN","132","141","959","1157","0","372","1044","7","19","38","219","42","28","972","38","9"
"2016","06","150115","LIMA","LIMA","LA VICTORIA","ESSALUD","III-2","00009251","HOSPITAL NACIONAL GUILLERMO ALMENARA IRIGOYEN","132","140","963","1157","0","372","1038","7","19","38","219","44","26","945","38","9"
"2016","12","150115","LIMA","LIMA","LA VICTORIA","ESSALUD","III-2","00009251","HOSPITAL NACIONAL GUILLERMO ALMENARA IRIGOYEN","132","126","952","1154","0","319","1050","7","20","39","220","43","29","938","48","9"
"2016","11","150115","LIMA","LIMA","LA VICTORIA","ESSALUD","III-2","00009251","HOSPITAL NACIONAL GUILLERMO ALMENARA IRIGOYEN","132","138","952","749","0","319","1046","7","21","39","220","43","29","938","48","9"
"2016","10","150115","LIMA","LIMA","LA VICTORIA","ESSALUD","III-2","00009251","HOSPITAL NACIONAL GUILLERMO ALMENARA IRIGOYEN","132","132","952","849","0","319","1046","7","21","39","220","43","29","938","48","9"
"2016","08","150115","LIMA","LIMA","LA VICTORIA","ESSALUD","III-2","00009251","HOSPITAL NACIONAL GUILLERMO ALMENARA IRIGOYEN","132","129","959","1072","0","319","1046","7","19","38","170","43","28","932","45","9"
"2016","05","150115","LIMA","LIMA","LA VICTORIA","ESSALUD","III-2","00009251","HOSPITAL NACIONAL GUILLERMO ALMENARA IRIGOYEN","132","140","956","1157","0","372","1030","7","19","38","219","42","26","965","36","9"
"2016","01","150115","LIMA","LIMA","LA VICTORIA","ESSALUD","III-2","00009251","HOSPITAL NACIONAL GUILLERMO ALMENARA IRIGOYEN","132","141","960","1133","0","372","1003","7","19","38","220","42","28","906","38","9"
"2016","04","150115","LIMA","LIMA","LA VICTORIA","ESSALUD","III-2","00009251","HOSPITAL NACIONAL GUILLERMO ALMENARA IRIGOYEN","132","146","956","1157","0","372","1030","7","19","38","219","42","26","929","36","9"
"2016","02","150115","LIMA","LIMA","LA VICTORIA","ESSALUD","III-2","00009251","HOSPITAL NACIONAL GUILLERMO ALMENARA IRIGOYEN","132","140","963","1119","0","372","1036","7","19","38","220","42","28","934","39","9"
"2016","03","150115","LIMA","LIMA","LA VICTORIA","ESSALUD","III-2","00009251","HOSPITAL NACIONAL GUILLERMO ALMENARA IRIGOYEN","132","142","953","1119","0","372","1037","7","19","38","219","42","26","934","38","9"
"2016","12","140101","LAMBAYEQUE","CHICLAYO","CHICLAYO","PRIVADO","II-E","00008730","CLINICA DE ESPECIALIDADES","6","6","10","3","0","0","8","0","0","0","0","0","1","8","0","0"
"2016","07","140101","LAMBAYEQUE","CHICLAYO","CHICLAYO","PRIVADO","II-E","00008730","CLINICA DE ESPECIALIDADES","6","6","10","3","0","0","8","0","0","0","0","0","1","8","0","0"
"2016","11","140101","LAMBAYEQUE","CHICLAYO","CHICLAYO","PRIVADO","II-E","00008730","CLINICA DE ESPECIALIDADES","6","4","11","5","0","0","5","0","1","1","1","1","1","6","5","0"
"2016","10","140101","LAMBAYEQUE","CHICLAYO","CHICLAYO","PRIVADO","II-E","00008730","CLINICA DE ESPECIALIDADES","6","4","11","5","0","0","5","0","1","1","1","1","1","6","5","0"
"2016","08","140101","LAMBAYEQUE","CHICLAYO","CHICLAYO","PRIVADO","II-E","00008730","CLINICA DE ESPECIALIDADES","6","4","11","5","0","0","5","0","1","1","1","1","1","6","5","0"
"2016","09","140101","LAMBAYEQUE","CHICLAYO","CHICLAYO","PRIVADO","II-E","00008730","CLINICA DE ESPECIALIDADES","6","4","11","5","0","0","5","0","1","1","1","1","1","6","5","0"
"2016","12","150113","LIMA","LIMA","JESUS MARIA","ESSALUD","I-3","00008711","POLICLINICO PABLO BERMUDEZ","55","89","0","54","0","0","28","6","3","1","18","3","3","57","1","0"
"2016","12","150142","LIMA","LIMA","VILLA EL SALVADOR","ESSALUD","II-1","00008741","ULDARICO ROCCA FERNANDEZ","29","42","54","78","0","3","72","6","2","2","21","18","5","108","21","0"
"2016","10","150142","LIMA","LIMA","VILLA EL SALVADOR","ESSALUD","II-1","00008741","ULDARICO ROCCA FERNANDEZ","29","41","54","77","0","3","69","6","2","2","20","18","5","111","22","0"
"2016","09","150142","LIMA","LIMA","VILLA EL SALVADOR","ESSALUD","II-1","00008741","ULDARICO ROCCA FERNANDEZ","29","41","54","75","0","1","70","6","2","2","20","18","5","115","22","0"
"2016","08","150142","LIMA","LIMA","VILLA EL SALVADOR","ESSALUD","II-1","00008741","ULDARICO ROCCA FERNANDEZ","29","39","54","75","0","1","70","6","2","2","20","18","5","115","22","0"
"2016","07","150142","LIMA","LIMA","VILLA EL SALVADOR","ESSALUD","II-1","00008741","ULDARICO ROCCA FERNANDEZ","29","46","54","75","0","1","70","6","2","2","20","18","5","115","22","0"
"2016","06","150142","LIMA","LIMA","VILLA EL SALVADOR","ESSALUD","II-1","00008741","ULDARICO ROCCA FERNANDEZ","28","41","54","75","0","1","71","6","2","2","20","18","5","115","22","0"
"2016","05","150142","LIMA","LIMA","VILLA EL SALVADOR","ESSALUD","II-1","00008741","ULDARICO ROCCA FERNANDEZ","28","40","54","75","0","1","71","6","2","2","20","18","5","115","22","0"
"2016","04","150142","LIMA","LIMA","VILLA EL SALVADOR","ESSALUD","II-1","00008741","ULDARICO ROCCA FERNANDEZ","28","40","54","75","0","1","71","6","2","2","20","18","5","115","22","0"
"2016","03","150142","LIMA","LIMA","VILLA EL SALVADOR","ESSALUD","II-1","00008741","ULDARICO ROCCA FERNANDEZ","28","43","54","75","0","1","71","6","2","2","20","18","5","115","22","0"
"2016","02","150142","LIMA","LIMA","VILLA EL SALVADOR","ESSALUD","II-1","00008741","ULDARICO ROCCA FERNANDEZ","28","44","54","75","0","1","71","6","2","2","20","18","5","115","22","0"
"2016","01","150142","LIMA","LIMA","VILLA EL SALVADOR","ESSALUD","II-1","00008741","ULDARICO ROCCA FERNANDEZ","28","43","54","75","0","1","71","6","2","2","20","18","5","115","22","0"
"2016","11","150142","LIMA","LIMA","VILLA EL SALVADOR","ESSALUD","II-1","00008741","ULDARICO ROCCA FERNANDEZ","29","42","54","77","0","3","69","6","2","2","20","18","5","111","22","0"
"2016","10","150108","LIMA","LIMA","CHORRILLOS","PRIVADO","II-2","00010251","CLUB DE LA SALUD","22","20","46","145","0","0","48","12","2","2","18","7","0","87","0","2"
"2016","11","150108","LIMA","LIMA","CHORRILLOS","PRIVADO","II-2","00010251","CLUB DE LA SALUD","22","20","46","145","0","0","48","12","2","2","18","7","3","87","0","2"
"2016","09","150108","LIMA","LIMA","CHORRILLOS","PRIVADO","II-2","00010251","CLUB DE LA SALUD","18","22","46","136","0","0","53","12","2","2","14","6","3","59","0","2"
"2016","08","150108","LIMA","LIMA","CHORRILLOS","PRIVADO","II-2","00010251","CLUB DE LA SALUD","20","48","48","139","0","0","48","12","2","2","14","6","3","53","0","2"
"2016","07","150108","LIMA","LIMA","CHORRILLOS","PRIVADO","II-2","00010251","CLUB DE LA SALUD","20","48","48","144","0","0","42","12","2","2","14","6","4","49","0","2"
"2016","06","150108","LIMA","LIMA","CHORRILLOS","PRIVADO","II-2","00010251","CLUB DE LA SALUD","20","48","48","139","0","0","48","12","2","2","14","6","3","53","0","2"
"2016","05","150108","LIMA","LIMA","CHORRILLOS","PRIVADO","II-2","00010251","CLUB DE LA SALUD","20","48","48","142","0","0","47","12","2","2","14","6","3","52","0","2"
"2016","04","150108","LIMA","LIMA","CHORRILLOS","PRIVADO","II-2","00010251","CLUB DE LA SALUD","20","48","48","142","0","0","47","12","2","2","14","6","3","52","0","2"
"2016","12","130107","LA LIBERTAD","TRUJILLO","MOCHE","ESSALUD","II-1","00009038","HOSPITAL I - MOCHE","15","21","6","23","0","2","15","2","1","2","1","2","2","21","11","1"
"2016","11","130107","LA LIBERTAD","TRUJILLO","MOCHE","ESSALUD","II-1","00009038","HOSPITAL I - MOCHE","17","21","7","22","0","1","15","2","1","2","2","1","2","23","11","1"
"2016","10","130107","LA LIBERTAD","TRUJILLO","MOCHE","ESSALUD","II-1","00009038","HOSPITAL I - MOCHE","17","21","7","20","0","0","15","2","1","2","2","1","2","23","11","1"
"2016","09","130107","LA LIBERTAD","TRUJILLO","MOCHE","ESSALUD","II-1","00009038","HOSPITAL I - MOCHE","17","21","7","20","0","0","15","2","1","2","2","1","2","23","11","1"
"2016","07","130107","LA LIBERTAD","TRUJILLO","MOCHE","ESSALUD","II-1","00009038","HOSPITAL I - MOCHE","7","9","7","20","0","2","14","2","1","2","2","1","2","23","11","1"
"2016","08","130107","LA LIBERTAD","TRUJILLO","MOCHE","ESSALUD","II-1","00009038","HOSPITAL I - MOCHE","7","9","7","21","0","2","14","2","1","2","2","1","2","23","11","1"
"2016","05","130107","LA LIBERTAD","TRUJILLO","MOCHE","ESSALUD","II-1","00009038","HOSPITAL I - MOCHE","15","20","6","18","0","1","13","2","1","2","2","1","2","5","9","1"
"2016","06","130107","LA LIBERTAD","TRUJILLO","MOCHE","ESSALUD","II-1","00009038","HOSPITAL I - MOCHE","15","20","6","18","0","1","13","2","1","2","2","1","2","5","9","1"
"2016","01","130107","LA LIBERTAD","TRUJILLO","MOCHE","ESSALUD","II-1","00009038","HOSPITAL I - MOCHE","15","22","7","20","0","1","12","2","1","2","2","2","2","18","9","1"
"2016","04","130107","LA LIBERTAD","TRUJILLO","MOCHE","ESSALUD","II-1","00009038","HOSPITAL I - MOCHE","15","20","6","18","0","1","13","2","1","2","2","1","2","5","9","1"
"2016","03","130107","LA LIBERTAD","TRUJILLO","MOCHE","ESSALUD","II-1","00009038","HOSPITAL I - MOCHE","15","20","6","18","0","1","13","2","1","2","2","1","2","5","9","1"
"2016","12","150137","LIMA","LIMA","SANTA ANITA","ESSALUD","II-1","00008318","ESSALUD - HOSPITAL I JORGE VOTO BERNALES CORPANCHO","17","28","57","88","0","1","66","8","1","4","16","22","4","87","2","0"
"2016","11","150137","LIMA","LIMA","SANTA ANITA","ESSALUD","II-1","00008318","ESSALUD - HOSPITAL I JORGE VOTO BERNALES CORPANCHO","17","28","58","87","0","1","66","8","1","4","16","22","3","86","2","0"
"2016","10","150137","LIMA","LIMA","SANTA ANITA","ESSALUD","II-1","00008318","ESSALUD - HOSPITAL I JORGE VOTO BERNALES CORPANCHO","17","27","46","68","0","1","66","8","1","4","16","22","3","86","2","0"
"2016","09","150137","LIMA","LIMA","SANTA ANITA","ESSALUD","II-1","00008318","ESSALUD - HOSPITAL I JORGE VOTO BERNALES CORPANCHO","17","27","57","95","0","1","66","8","1","4","16","22","3","82","2","0"
"2016","08","150137","LIMA","LIMA","SANTA ANITA","ESSALUD","II-1","00008318","ESSALUD - HOSPITAL I JORGE VOTO BERNALES CORPANCHO","17","25","58","87","0","3","66","8","1","4","16","22","3","80","2","0"
"2016","07","150137","LIMA","LIMA","SANTA ANITA","ESSALUD","II-1","00008318","ESSALUD - HOSPITAL I JORGE VOTO BERNALES CORPANCHO","17","24","58","83","0","1","66","8","1","4","16","22","3","81","2","0"
"2016","06","150137","LIMA","LIMA","SANTA ANITA","ESSALUD","II-1","00008318","ESSALUD - HOSPITAL I JORGE VOTO BERNALES CORPANCHO","17","26","58","82","0","2","66","8","1","3","16","22","4","81","2","0"
"2016","05","150137","LIMA","LIMA","SANTA ANITA","ESSALUD","II-1","00008318","ESSALUD - HOSPITAL I JORGE VOTO BERNALES CORPANCHO","17","26","59","84","0","2","66","8","2","4","16","22","4","81","2","0"
"2016","01","150137","LIMA","LIMA","SANTA ANITA","ESSALUD","II-1","00008318","ESSALUD - HOSPITAL I JORGE VOTO BERNALES CORPANCHO","17","29","47","84","0","0","66","8","2","4","16","23","4","84","2","0"
"2016","04","150137","LIMA","LIMA","SANTA ANITA","ESSALUD","II-1","00008318","ESSALUD - HOSPITAL I JORGE VOTO BERNALES CORPANCHO","17","26","59","84","0","2","66","8","2","4","16","22","4","81","2","0"
"2016","02","150137","LIMA","LIMA","SANTA ANITA","ESSALUD","II-1","00008318","ESSALUD - HOSPITAL I JORGE VOTO BERNALES CORPANCHO","17","28","58","82","0","0","66","8","2","4","16","23","4","84","2","0"
"2016","03","150137","LIMA","LIMA","SANTA ANITA","ESSALUD","II-1","00008318","ESSALUD - HOSPITAL I JORGE VOTO BERNALES CORPANCHO","17","26","59","84","0","2","66","8","2","4","16","22","4","81","2","0"
"2016","12","010101","AMAZONAS","CHACHAPOYAS","CHACHAPOYAS","ESSALUD","II-1","00009066","HOSPITAL HIGOS URCO","17","27","18","26","0","0","21","3","1","1","7","3","2","2","1","3"
"2016","11","010101","AMAZONAS","CHACHAPOYAS","CHACHAPOYAS","ESSALUD","II-1","00009066","HOSPITAL HIGOS URCO","17","27","18","21","0","0","20","3","1","1","7","3","2","2","1","3"
"2016","10","010101","AMAZONAS","CHACHAPOYAS","CHACHAPOYAS","ESSALUD","II-1","00009066","HOSPITAL HIGOS URCO","16","26","18","25","0","0","21","3","1","1","7","3","2","2","1","3"
"2016","08","010101","AMAZONAS","CHACHAPOYAS","CHACHAPOYAS","ESSALUD","II-1","00009066","HOSPITAL HIGOS URCO","15","24","18","26","0","0","20","3","1","1","7","3","2","0","1","3"
"2016","09","010101","AMAZONAS","CHACHAPOYAS","CHACHAPOYAS","ESSALUD","II-1","00009066","HOSPITAL HIGOS URCO","16","25","18","25","0","0","20","3","1","1","7","3","2","2","1","3"
"2016","07","010101","AMAZONAS","CHACHAPOYAS","CHACHAPOYAS","ESSALUD","II-1","00009066","HOSPITAL HIGOS URCO","16","26","18","25","0","0","22","3","1","1","7","3","2","15","1","3"
"2016","05","010101","AMAZONAS","CHACHAPOYAS","CHACHAPOYAS","ESSALUD","II-1","00009066","HOSPITAL HIGOS URCO","16","26","18","22","0","0","21","3","1","1","7","3","2","2","1","3"
"2016","06","010101","AMAZONAS","CHACHAPOYAS","CHACHAPOYAS","ESSALUD","II-1","00009066","HOSPITAL HIGOS URCO","16","26","18","22","0","0","20","3","1","1","7","3","2","12","1","3"
"2016","04","010101","AMAZONAS","CHACHAPOYAS","CHACHAPOYAS","ESSALUD","II-1","00009066","HOSPITAL HIGOS URCO","7","15","18","21","0","0","19","3","1","1","7","3","2","15","1","2"
"2016","12","120101","JUNIN","HUANCAYO","HUANCAYO","PRIVADO","II-1","00008475","CLINICA OFTALMOLOGICA REGIONAL","4","4","2","5","0","0","2","0","0","0","1","0","1","2","0","0"
"2016","09","120101","JUNIN","HUANCAYO","HUANCAYO","PRIVADO","II-1","00008475","CLINICA OFTALMOLOGICA REGIONAL","4","4","2","5","0","0","2","0","0","0","1","0","1","2","0","0"
"2016","07","120101","JUNIN","HUANCAYO","HUANCAYO","PRIVADO","II-1","00008475","CLINICA OFTALMOLOGICA REGIONAL","4","4","2","5","0","0","2","0","0","0","1","0","1","2","0","0"
"2016","08","120101","JUNIN","HUANCAYO","HUANCAYO","PRIVADO","II-1","00008475","CLINICA OFTALMOLOGICA REGIONAL","4","4","2","5","0","0","2","0","0","0","1","0","1","2","0","0"
"2016","10","120101","JUNIN","HUANCAYO","HUANCAYO","PRIVADO","II-1","00008475","CLINICA OFTALMOLOGICA REGIONAL","4","4","2","5","0","0","2","0","0","0","1","0","1","2","0","0"
"2016","11","120101","JUNIN","HUANCAYO","HUANCAYO","PRIVADO","II-1","00008475","CLINICA OFTALMOLOGICA REGIONAL","4","4","2","5","0","0","2","0","0","0","1","0","1","2","0","0"
"2016","12","040601","AREQUIPA","CONDESUYOS","CHUQUIBAMBA","ESSALUD","I-2","00013310","POSTA  MEDICA  DE CHUQUIBAMBA","3","3","0","1","1","0","1","1","0","0","0","0","0","0","0","0"
"2016","12","150136","LIMA","LIMA","SAN MIGUEL","ESSALUD","II-1","00008564","HOSPITAL I OCTAVIO MONGRUT MUÑOZ","35","57","49","74","0","0","74","5","3","2","25","15","5","123","2","1"
"2016","04","150136","LIMA","LIMA","SAN MIGUEL","ESSALUD","II-1","00008564","HOSPITAL I OCTAVIO MONGRUT MUÑOZ","33","52","49","74","0","0","73","6","3","4","25","15","5","127","2","1"
"2016","11","150136","LIMA","LIMA","SAN MIGUEL","ESSALUD","II-1","00008564","HOSPITAL I OCTAVIO MONGRUT MUÑOZ","35","57","49","74","0","0","74","5","3","2","25","15","5","123","2","1"
"2016","10","150136","LIMA","LIMA","SAN MIGUEL","ESSALUD","II-1","00008564","HOSPITAL I OCTAVIO MONGRUT MUÑOZ","35","55","49","74","0","0","74","5","2","4","25","15","5","123","2","1"
"2016","08","150136","LIMA","LIMA","SAN MIGUEL","ESSALUD","II-1","00008564","HOSPITAL I OCTAVIO MONGRUT MUÑOZ","33","50","49","74","0","0","74","5","3","4","25","15","5","127","2","1"
"2016","09","150136","LIMA","LIMA","SAN MIGUEL","ESSALUD","II-1","00008564","HOSPITAL I OCTAVIO MONGRUT MUÑOZ","33","50","49","74","0","0","74","5","3","4","25","15","5","123","2","1"
"2016","07","150136","LIMA","LIMA","SAN MIGUEL","ESSALUD","II-1","00008564","HOSPITAL I OCTAVIO MONGRUT MUÑOZ","33","53","49","74","0","0","73","6","3","4","25","15","5","127","2","1"
"2016","06","150136","LIMA","LIMA","SAN MIGUEL","ESSALUD","II-1","00008564","HOSPITAL I OCTAVIO MONGRUT MUÑOZ","33","53","49","74","0","0","73","6","3","4","25","15","5","127","2","1"
"2016","05","150136","LIMA","LIMA","SAN MIGUEL","ESSALUD","II-1","00008564","HOSPITAL I OCTAVIO MONGRUT MUÑOZ","33","54","49","75","0","0","73","6","3","4","25","15","5","127","2","1"
"2016","01","150136","LIMA","LIMA","SAN MIGUEL","ESSALUD","II-1","00008564","HOSPITAL I OCTAVIO MONGRUT MUÑOZ","34","54","50","77","0","0","72","5","2","4","25","15","5","105","2","1"
"2016","02","150136","LIMA","LIMA","SAN MIGUEL","ESSALUD","II-1","00008564","HOSPITAL I OCTAVIO MONGRUT MUÑOZ","33","52","48","77","0","0","73","5","2","4","25","15","5","128","2","1"
"2016","03","150136","LIMA","LIMA","SAN MIGUEL","ESSALUD","II-1","00008564","HOSPITAL I OCTAVIO MONGRUT MUÑOZ","33","52","48","77","0","0","75","6","3","4","25","15","5","128","2","1"
"2016","10","150112","LIMA","LIMA","INDEPENDENCIA","PRIVADO","II-2","00010182","CLINICA JESUS DEL NORTE","114","197","101","232","0","0","108","4","7","7","55","7","5","187","5","2"
"2016","09","150112","LIMA","LIMA","INDEPENDENCIA","PRIVADO","II-2","00010182","CLINICA JESUS DEL NORTE","114","197","101","232","0","0","108","4","7","7","55","7","5","187","5","2"
"2016","06","150112","LIMA","LIMA","INDEPENDENCIA","PRIVADO","II-2","00010182","CLINICA JESUS DEL NORTE","114","197","101","232","0","0","108","4","7","7","55","7","5","187","5","2"
"2016","05","150112","LIMA","LIMA","INDEPENDENCIA","PRIVADO","II-2","00010182","CLINICA JESUS DEL NORTE","114","197","101","240","0","0","108","4","7","7","55","7","5","187","5","2"
"2016","08","150112","LIMA","LIMA","INDEPENDENCIA","PRIVADO","II-2","00010182","CLINICA JESUS DEL NORTE","114","197","101","232","0","0","108","4","7","7","55","7","5","187","5","2"
"2016","07","150112","LIMA","LIMA","INDEPENDENCIA","PRIVADO","II-2","00010182","CLINICA JESUS DEL NORTE","114","197","101","232","0","0","108","4","7","7","55","7","5","187","5","2"
"2016","04","150112","LIMA","LIMA","INDEPENDENCIA","PRIVADO","II-2","00010182","CLINICA JESUS DEL NORTE","114","197","101","240","0","0","108","4","7","7","55","7","5","187","5","2"
"2016","03","150112","LIMA","LIMA","INDEPENDENCIA","PRIVADO","II-2","00010182","CLINICA JESUS DEL NORTE","114","197","101","240","0","0","108","4","7","7","55","7","5","187","5","2"
"2016","02","150112","LIMA","LIMA","INDEPENDENCIA","PRIVADO","II-2","00010182","CLINICA JESUS DEL NORTE","114","197","84","240","0","0","108","4","7","7","55","7","5","187","45","2"
"2016","12","150112","LIMA","LIMA","INDEPENDENCIA","PRIVADO","II-2","00010182","CLINICA JESUS DEL NORTE","114","197","101","232","0","0","108","4","7","7","55","7","5","187","5","2"
"2016","11","150112","LIMA","LIMA","INDEPENDENCIA","PRIVADO","II-2","00010182","CLINICA JESUS DEL NORTE","114","197","101","232","0","0","108","4","7","7","55","7","5","187","5","2"
"2016","01","150112","LIMA","LIMA","INDEPENDENCIA","PRIVADO","II-2","00010182","CLINICA JESUS DEL NORTE","114","197","84","240","0","0","108","4","7","7","55","7","5","187","45","2"
"2016","12","150121","LIMA","LIMA","PUEBLO LIBRE","PRIVADO","II-E","00008351","CLINICAS SAN BERNARDO S.A.","5","5","22","112","0","0","6","0","0","1","4","0","1","14","0","0"
"2016","11","150121","LIMA","LIMA","PUEBLO LIBRE","PRIVADO","II-E","00008351","CLINICAS SAN BERNARDO S.A.","5","5","22","105","0","0","6","0","0","1","4","0","1","15","0","0"
"2016","10","150121","LIMA","LIMA","PUEBLO LIBRE","PRIVADO","II-E","00008351","CLINICAS SAN BERNARDO S.A.","5","5","22","84","0","0","6","0","0","1","4","0","1","15","0","0"
"2016","09","150121","LIMA","LIMA","PUEBLO LIBRE","PRIVADO","II-E","00008351","CLINICAS SAN BERNARDO S.A.","5","5","22","92","0","0","6","0","0","1","4","0","1","14","0","0"
"2016","08","150121","LIMA","LIMA","PUEBLO LIBRE","PRIVADO","II-E","00008351","CLINICAS SAN BERNARDO S.A.","5","5","22","86","0","0","6","0","0","1","4","0","1","15","0","0"
"2016","07","150121","LIMA","LIMA","PUEBLO LIBRE","PRIVADO","II-E","00008351","CLINICAS SAN BERNARDO S.A.","5","5","22","93","0","0","6","0","0","1","4","0","1","14","0","1"
"2016","06","150121","LIMA","LIMA","PUEBLO LIBRE","PRIVADO","II-E","00008351","CLINICAS SAN BERNARDO S.A.","5","5","22","88","0","0","5","0","0","1","4","0","1","15","0","0"
"2016","05","150121","LIMA","LIMA","PUEBLO LIBRE","PRIVADO","II-E","00008351","CLINICAS SAN BERNARDO S.A.","5","5","22","97","0","0","5","0","0","1","4","0","1","15","0","0"
"2016","02","150121","LIMA","LIMA","PUEBLO LIBRE","PRIVADO","II-E","00008351","CLINICAS SAN BERNARDO S.A.","5","5","22","93","0","0","6","0","0","1","4","0","1","14","0","0"
"2016","01","150121","LIMA","LIMA","PUEBLO LIBRE","PRIVADO","II-E","00008351","CLINICAS SAN BERNARDO S.A.","5","5","22","99","0","0","6","0","0","1","3","0","1","14","0","0"
"2016","03","150121","LIMA","LIMA","PUEBLO LIBRE","PRIVADO","II-E","00008351","CLINICAS SAN BERNARDO S.A.","5","5","22","88","0","0","6","0","0","1","4","0","1","14","0","0"
"2016","04","150121","LIMA","LIMA","PUEBLO LIBRE","PRIVADO","II-E","00008351","CLINICAS SAN BERNARDO S.A.","5","5","22","94","0","0","5","0","0","1","4","0","1","16","0","0"
"2016","10","150131","LIMA","LIMA","SAN ISIDRO","PRIVADO","II-E","00008388","TG LASER OFTALMICA S.A.","6","6","0","10","0","0","1","0","0","0","0","0","1","2","0","0"
"2016","09","150131","LIMA","LIMA","SAN ISIDRO","PRIVADO","II-E","00008388","TG LASER OFTALMICA S.A.","6","6","0","10","0","0","1","0","0","0","0","0","1","2","0","0"
"2016","07","150131","LIMA","LIMA","SAN ISIDRO","PRIVADO","II-E","00008388","TG LASER OFTALMICA S.A.","6","6","0","10","0","0","1","0","0","0","0","0","1","2","0","0"
"2016","08","150131","LIMA","LIMA","SAN ISIDRO","PRIVADO","II-E","00008388","TG LASER OFTALMICA S.A.","6","6","0","10","0","0","1","0","0","0","0","0","1","2","0","0"
"2016","12","150113","LIMA","LIMA","JESUS MARIA","ESSALUD","III-2","00008720","HOSPITAL NACIONAL EDGARDO REBAGLIATI MARTINS","193","260","1511","1817","0","511","1672","7","40","70","344","113","42","1769","51","0"
"2016","11","150113","LIMA","LIMA","JESUS MARIA","ESSALUD","III-2","00008720","HOSPITAL NACIONAL EDGARDO REBAGLIATI MARTINS","193","253","1511","1813","0","511","1675","7","40","69","344","113","41","1752","51","0"
"2016","10","150113","LIMA","LIMA","JESUS MARIA","ESSALUD","III-2","00008720","HOSPITAL NACIONAL EDGARDO REBAGLIATI MARTINS","193","255","1507","1787","0","510","1661","7","40","70","346","113","42","1758","51","0"
"2016","09","150113","LIMA","LIMA","JESUS MARIA","ESSALUD","III-2","00008720","HOSPITAL NACIONAL EDGARDO REBAGLIATI MARTINS","193","253","1507","1788","0","505","1677","7","40","68","344","114","41","1736","51","0"
"2016","07","150113","LIMA","LIMA","JESUS MARIA","ESSALUD","III-2","00008720","HOSPITAL NACIONAL EDGARDO REBAGLIATI MARTINS","193","253","1507","1614","0","341","1684","8","41","69","345","114","44","1735","51","0"
"2016","08","150113","LIMA","LIMA","JESUS MARIA","ESSALUD","III-2","00008720","HOSPITAL NACIONAL EDGARDO REBAGLIATI MARTINS","193","251","1507","1594","0","339","1676","7","40","68","342","114","42","1742","51","0"
"2016","05","150113","LIMA","LIMA","JESUS MARIA","ESSALUD","III-2","00008720","HOSPITAL NACIONAL EDGARDO REBAGLIATI MARTINS","193","249","1507","1763","0","474","1690","7","40","69","341","114","44","1733","51","0"
"2016","06","150113","LIMA","LIMA","JESUS MARIA","ESSALUD","III-2","00008720","HOSPITAL NACIONAL EDGARDO REBAGLIATI MARTINS","193","251","1507","1769","0","473","1683","7","40","68","340","114","43","1693","52","0"
"2016","01","150113","LIMA","LIMA","JESUS MARIA","ESSALUD","III-2","00008720","HOSPITAL NACIONAL EDGARDO REBAGLIATI MARTINS","193","241","1507","1684","0","475","1660","8","40","62","307","111","42","1696","49","0"
"2016","02","150113","LIMA","LIMA","JESUS MARIA","ESSALUD","III-2","00008720","HOSPITAL NACIONAL EDGARDO REBAGLIATI MARTINS","193","251","1507","1747","0","474","1696","7","40","69","340","110","43","1717","43","0"
"2016","03","150113","LIMA","LIMA","JESUS MARIA","ESSALUD","III-2","00008720","HOSPITAL NACIONAL EDGARDO REBAGLIATI MARTINS","193","250","1507","1742","0","474","1695","7","40","69","341","114","46","1690","43","0"
"2016","04","150113","LIMA","LIMA","JESUS MARIA","ESSALUD","III-2","00008720","HOSPITAL NACIONAL EDGARDO REBAGLIATI MARTINS","193","248","1507","1739","0","475","1690","7","40","70","339","114","45","1684","43","0"
"2016","12","150122","LIMA","LIMA","MIRAFLORES","ESSALUD","I-3","00009298","POLICLINICO CENTRAL DE PREVENCION LARCO","8","16","0","18","0","0","0","5","1","0","11","0","0","3","1","0"
"2016","12","060101","CAJAMARCA","CAJAMARCA","CAJAMARCA","PRIVADO","II-1","00009599","CLINICA SAN FRANCISCO DE ASIS S.A.","6","6","9","30","0","5","8","0","1","1","0","1","1","11","5","1"
"2016","11","060101","CAJAMARCA","CAJAMARCA","CAJAMARCA","PRIVADO","II-1","00009599","CLINICA SAN FRANCISCO DE ASIS S.A.","6","6","9","30","0","5","8","0","1","1","0","1","1","11","5","1"
"2016","10","060101","CAJAMARCA","CAJAMARCA","CAJAMARCA","PRIVADO","II-1","00009599","CLINICA SAN FRANCISCO DE ASIS S.A.","5","5","9","63","0","7","10","0","0","1","0","0","1","2","5","0"
"2016","09","060101","CAJAMARCA","CAJAMARCA","CAJAMARCA","PRIVADO","II-1","00009599","CLINICA SAN FRANCISCO DE ASIS S.A.","5","5","9","63","0","7","10","0","0","1","0","0","1","2","5","0"
"2016","06","060101","CAJAMARCA","CAJAMARCA","CAJAMARCA","PRIVADO","II-1","00009599","CLINICA SAN FRANCISCO DE ASIS S.A.","5","5","9","63","0","7","10","0","0","1","0","0","1","2","5","0"
"2016","08","060101","CAJAMARCA","CAJAMARCA","CAJAMARCA","PRIVADO","II-1","00009599","CLINICA SAN FRANCISCO DE ASIS S.A.","5","5","9","63","0","7","10","0","0","1","0","0","1","2","5","0"
"2016","07","060101","CAJAMARCA","CAJAMARCA","CAJAMARCA","PRIVADO","II-1","00009599","CLINICA SAN FRANCISCO DE ASIS S.A.","5","5","9","63","0","7","10","0","0","1","0","0","1","2","5","0"
"2016","12","150119","LIMA","LIMA","LURIN","ESSALUD","I-3","00009979","CENTRO DE ATENCION PRIMARIA II LURIN","13","16","0","7","2","0","8","3","1","1","0","3","1","0","15","0"
"2016","12","150108","LIMA","LIMA","CHORRILLOS","ESSALUD","I-3","00008438","POLICLINICO JUAN JOSE RODRIGUEZ LAZO","28","66","0","48","0","0","24","6","2","1","18","3","4","38","2","0"
"2016","12","130101","LA LIBERTAD","TRUJILLO","TRUJILLO","ESSALUD","III-1","00009042","HOSPITAL BASE VICTOR LAZARTE ECHEGARAY","41","67","264","173","0","8","232","3","5","11","28","14","14","234","11","4"
"2016","11","130101","LA LIBERTAD","TRUJILLO","TRUJILLO","ESSALUD","III-1","00009042","HOSPITAL BASE VICTOR LAZARTE ECHEGARAY","41","67","264","200","0","7","202","5","4","10","28","16","13","241","10","4"
"2016","10","130101","LA LIBERTAD","TRUJILLO","TRUJILLO","ESSALUD","III-1","00009042","HOSPITAL BASE VICTOR LAZARTE ECHEGARAY","41","67","264","187","0","4","234","4","5","10","29","13","13","245","11","4"
"2016","09","130101","LA LIBERTAD","TRUJILLO","TRUJILLO","ESSALUD","III-1","00009042","HOSPITAL BASE VICTOR LAZARTE ECHEGARAY","41","67","286","192","0","6","228","3","2","10","29","14","16","241","10","3"
"2016","07","130101","LA LIBERTAD","TRUJILLO","TRUJILLO","ESSALUD","III-1","00009042","HOSPITAL BASE VICTOR LAZARTE ECHEGARAY","41","67","264","177","0","5","219","4","3","10","23","14","14","235","10","4"
"2016","08","130101","LA LIBERTAD","TRUJILLO","TRUJILLO","ESSALUD","III-1","00009042","HOSPITAL BASE VICTOR LAZARTE ECHEGARAY","41","67","264","174","0","8","196","4","2","9","20","13","12","225","9","3"
"2016","06","130101","LA LIBERTAD","TRUJILLO","TRUJILLO","ESSALUD","III-1","00009042","HOSPITAL BASE VICTOR LAZARTE ECHEGARAY","41","67","264","187","0","8","213","4","5","8","24","17","15","197","11","4"
"2016","05","130101","LA LIBERTAD","TRUJILLO","TRUJILLO","ESSALUD","III-1","00009042","HOSPITAL BASE VICTOR LAZARTE ECHEGARAY","41","67","286","208","0","14","189","4","5","9","32","15","15","208","33","4"
"2016","04","130101","LA LIBERTAD","TRUJILLO","TRUJILLO","ESSALUD","III-1","00009042","HOSPITAL BASE VICTOR LAZARTE ECHEGARAY","41","67","264","203","0","9","191","3","5","9","30","16","13","205","28","4"
"2016","01","130101","LA LIBERTAD","TRUJILLO","TRUJILLO","ESSALUD","III-1","00009042","HOSPITAL BASE VICTOR LAZARTE ECHEGARAY","41","67","264","183","0","5","218","3","4","11","22","14","15","211","27","4"
"2016","02","130101","LA LIBERTAD","TRUJILLO","TRUJILLO","ESSALUD","III-1","00009042","HOSPITAL BASE VICTOR LAZARTE ECHEGARAY","41","67","264","191","0","7","216","4","5","11","29","14","13","204","21","4"
"2016","03","130101","LA LIBERTAD","TRUJILLO","TRUJILLO","ESSALUD","III-1","00009042","HOSPITAL BASE VICTOR LAZARTE ECHEGARAY","41","67","264","194","0","9","227","4","5","11","24","15","15","211","22","4"
"2016","01","150122","LIMA","LIMA","MIRAFLORES","ESSALUD","II-2","00008489","ESSALUD - HOSPITAL II SUÁREZ ANGAMOS","50","111","87","222","0","2","157","9","6","3","39","20","10","194","50","1"
"2016","12","150122","LIMA","LIMA","MIRAFLORES","ESSALUD","II-2","00008489","ESSALUD - HOSPITAL II SUÁREZ ANGAMOS","56","97","88","207","0","3","140","8","6","3","35","19","10","175","55","1"
"2016","02","150122","LIMA","LIMA","MIRAFLORES","ESSALUD","II-2","00008489","ESSALUD - HOSPITAL II SUÁREZ ANGAMOS","50","111","87","217","0","2","159","9","6","3","40","20","10","198","54","1"
"2016","10","150122","LIMA","LIMA","MIRAFLORES","ESSALUD","II-2","00008489","ESSALUD - HOSPITAL II SUÁREZ ANGAMOS","56","97","88","193","0","2","141","9","5","2","34","18","10","172","53","1"
"2016","09","150122","LIMA","LIMA","MIRAFLORES","ESSALUD","II-2","00008489","ESSALUD - HOSPITAL II SUÁREZ ANGAMOS","56","97","88","198","0","3","143","9","5","3","34","18","10","174","55","1"
"2016","08","150122","LIMA","LIMA","MIRAFLORES","ESSALUD","II-2","00008489","ESSALUD - HOSPITAL II SUÁREZ ANGAMOS","56","97","88","196","0","2","139","8","5","2","35","18","10","172","48","1"
"2016","06","150122","LIMA","LIMA","MIRAFLORES","ESSALUD","II-2","00008489","ESSALUD - HOSPITAL II SUÁREZ ANGAMOS","56","97","87","217","0","2","159","9","6","3","39","20","10","196","57","1"
"2016","04","150122","LIMA","LIMA","MIRAFLORES","ESSALUD","II-2","00008489","ESSALUD - HOSPITAL II SUÁREZ ANGAMOS","50","111","87","214","0","2","156","9","6","3","39","20","10","190","56","1"
"2016","05","150122","LIMA","LIMA","MIRAFLORES","ESSALUD","II-2","00008489","ESSALUD - HOSPITAL II SUÁREZ ANGAMOS","56","97","87","214","0","2","159","9","6","3","39","20","10","196","57","1"
"2016","03","150122","LIMA","LIMA","MIRAFLORES","ESSALUD","II-2","00008489","ESSALUD - HOSPITAL II SUÁREZ ANGAMOS","50","111","86","215","0","2","159","9","6","3","39","20","10","198","52","1"
"2016","07","150122","LIMA","LIMA","MIRAFLORES","ESSALUD","II-2","00008489","ESSALUD - HOSPITAL II SUÁREZ ANGAMOS","56","97","87","198","0","2","139","8","6","3","37","18","9","176","49","1"
"2016","11","150122","LIMA","LIMA","MIRAFLORES","ESSALUD","II-2","00008489","ESSALUD - HOSPITAL II SUÁREZ ANGAMOS","56","97","88","201","0","2","141","9","6","3","35","19","9","175","54","1"
"2016","12","150113","LIMA","LIMA","JESUS MARIA","PRIVADO","II-E","00009982","CLINICA REPROMEDIC","5","8","10","12","0","4","4","0","0","1","2","4","2","10","3","0"
"2016","10","150113","LIMA","LIMA","JESUS MARIA","PRIVADO","II-E","00009982","CLINICA REPROMEDIC","5","8","10","12","0","4","4","0","0","1","2","4","2","10","3","0"
"2016","11","150113","LIMA","LIMA","JESUS MARIA","PRIVADO","II-E","00009982","CLINICA REPROMEDIC","5","8","10","12","0","4","4","0","0","1","2","4","2","10","3","0"
"2016","09","150113","LIMA","LIMA","JESUS MARIA","PRIVADO","II-E","00009982","CLINICA REPROMEDIC","5","8","10","12","0","4","4","0","0","1","2","4","2","10","3","0"
"2016","07","150113","LIMA","LIMA","JESUS MARIA","PRIVADO","II-E","00009982","CLINICA REPROMEDIC","5","8","10","12","0","4","4","0","0","1","2","4","2","10","3","0"
"2016","08","150113","LIMA","LIMA","JESUS MARIA","PRIVADO","II-E","00009982","CLINICA REPROMEDIC","5","8","10","12","0","4","4","0","0","1","2","4","2","10","3","0"
"2016","06","150113","LIMA","LIMA","JESUS MARIA","PRIVADO","II-E","00009982","CLINICA REPROMEDIC","5","8","10","10","0","4","4","0","0","1","2","4","2","10","3","0"
"2016","01","150113","LIMA","LIMA","JESUS MARIA","PRIVADO","II-E","00009982","CLINICA REPROMEDIC","5","8","10","10","0","4","4","0","0","1","2","4","2","10","3","0"
"2016","12","140101","LAMBAYEQUE","CHICLAYO","CHICLAYO","ESSALUD","III-1","00008577","HOSPITAL NACIONAL ALMANZOR AGUINAGA ASENJO","55","60","384","306","0","64","393","5","7","20","61","27","14","448","26","3"
"2016","11","140101","LAMBAYEQUE","CHICLAYO","CHICLAYO","ESSALUD","III-1","00008577","HOSPITAL NACIONAL ALMANZOR AGUINAGA ASENJO","51","60","384","306","0","64","395","5","7","20","60","27","12","450","26","3"
"2016","10","140101","LAMBAYEQUE","CHICLAYO","CHICLAYO","ESSALUD","III-1","00008577","HOSPITAL NACIONAL ALMANZOR AGUINAGA ASENJO","51","61","386","308","0","64","393","5","7","20","61","27","12","449","26","3"
"2016","09","140101","LAMBAYEQUE","CHICLAYO","CHICLAYO","ESSALUD","III-1","00008577","HOSPITAL NACIONAL ALMANZOR AGUINAGA ASENJO","51","57","386","293","0","45","391","5","6","20","61","24","14","443","27","3"
"2016","08","140101","LAMBAYEQUE","CHICLAYO","CHICLAYO","ESSALUD","III-1","00008577","HOSPITAL NACIONAL ALMANZOR AGUINAGA ASENJO","51","55","386","293","0","45","391","5","6","20","61","24","14","443","27","3"
"2016","07","140101","LAMBAYEQUE","CHICLAYO","CHICLAYO","ESSALUD","III-1","00008577","HOSPITAL NACIONAL ALMANZOR AGUINAGA ASENJO","51","57","386","0","0","0","0","0","0","0","0","0","0","0","0","3"
"2016","01","140101","LAMBAYEQUE","CHICLAYO","CHICLAYO","ESSALUD","III-1","00008577","HOSPITAL NACIONAL ALMANZOR AGUINAGA ASENJO","51","53","386","295","0","69","421","5","5","21","58","25","14","469","20","3"
"2016","05","140101","LAMBAYEQUE","CHICLAYO","CHICLAYO","ESSALUD","III-1","00008577","HOSPITAL NACIONAL ALMANZOR AGUINAGA ASENJO","51","53","386","298","0","69","395","3","4","20","57","23","12","290","21","3"
"2016","06","140101","LAMBAYEQUE","CHICLAYO","CHICLAYO","ESSALUD","III-1","00008577","HOSPITAL NACIONAL ALMANZOR AGUINAGA ASENJO","51","58","386","298","0","69","395","5","5","20","57","24","14","425","21","3"
"2016","04","140101","LAMBAYEQUE","CHICLAYO","CHICLAYO","ESSALUD","III-1","00008577","HOSPITAL NACIONAL ALMANZOR AGUINAGA ASENJO","51","60","386","302","0","69","415","5","5","21","58","25","14","425","21","3"
"2016","02","140101","LAMBAYEQUE","CHICLAYO","CHICLAYO","ESSALUD","III-1","00008577","HOSPITAL NACIONAL ALMANZOR AGUINAGA ASENJO","51","56","386","303","0","69","415","5","5","21","58","25","14","426","20","3"
"2016","03","140101","LAMBAYEQUE","CHICLAYO","CHICLAYO","ESSALUD","III-1","00008577","HOSPITAL NACIONAL ALMANZOR AGUINAGA ASENJO","51","56","386","303","0","69","415","5","5","21","58","25","14","426","21","3"
"2016","12","140101","LAMBAYEQUE","CHICLAYO","CHICLAYO","PRIVADO","I-3","00008229","SERVIMEDICOS S.A.C.","13","18","0","54","0","0","3","0","1","1","4","0","1","21","2","0"
"2016","11","140101","LAMBAYEQUE","CHICLAYO","CHICLAYO","PRIVADO","I-3","00008229","SERVIMEDICOS S.A.C.","13","22","0","54","0","0","3","0","1","1","4","0","1","21","2","0"
"2016","12","150128","LIMA","LIMA","RIMAC","ESSALUD","I-3","00008881","POLICLINICO FRANCISCO PIZARRO","15","32","0","37","0","0","22","4","4","1","6","2","3","83","2","0"
"2016","12","130208","LA LIBERTAD","ASCOPE","CASA GRANDE","ESSALUD","II-1","00009141","CENTRO MEDICO ESPECIALIZADO CASA GRANDE","7","1","10","12","0","0","14","1","1","1","2","1","1","13","1","1"
"2016","11","130208","LA LIBERTAD","ASCOPE","CASA GRANDE","ESSALUD","II-1","00009141","CENTRO MEDICO ESPECIALIZADO CASA GRANDE","7","1","10","12","0","0","14","1","1","1","2","1","1","13","1","1"
"2016","10","130208","LA LIBERTAD","ASCOPE","CASA GRANDE","ESSALUD","II-1","00009141","CENTRO MEDICO ESPECIALIZADO CASA GRANDE","7","1","10","12","0","0","14","1","1","1","2","1","1","13","1","1"
"2016","09","130208","LA LIBERTAD","ASCOPE","CASA GRANDE","ESSALUD","II-1","00009141","CENTRO MEDICO ESPECIALIZADO CASA GRANDE","7","1","10","12","0","0","14","1","1","1","2","1","1","13","1","1"
"2016","07","130208","LA LIBERTAD","ASCOPE","CASA GRANDE","ESSALUD","II-1","00009141","CENTRO MEDICO ESPECIALIZADO CASA GRANDE","7","1","15","10","0","0","14","1","1","1","2","1","1","13","1","1"
"2016","08","130208","LA LIBERTAD","ASCOPE","CASA GRANDE","ESSALUD","II-1","00009141","CENTRO MEDICO ESPECIALIZADO CASA GRANDE","7","1","15","11","0","0","14","1","1","1","2","1","1","13","1","1"
"2016","04","130208","LA LIBERTAD","ASCOPE","CASA GRANDE","ESSALUD","II-1","00009141","CENTRO MEDICO ESPECIALIZADO CASA GRANDE","7","1","15","12","0","0","13","1","1","1","2","1","1","13","1","1"
"2016","06","130208","LA LIBERTAD","ASCOPE","CASA GRANDE","ESSALUD","II-1","00009141","CENTRO MEDICO ESPECIALIZADO CASA GRANDE","7","1","15","10","0","0","14","1","1","1","2","1","1","13","1","1"
"2016","05","130208","LA LIBERTAD","ASCOPE","CASA GRANDE","ESSALUD","II-1","00009141","CENTRO MEDICO ESPECIALIZADO CASA GRANDE","7","1","15","10","0","0","14","1","1","1","2","1","1","13","1","1"
"2016","02","130208","LA LIBERTAD","ASCOPE","CASA GRANDE","ESSALUD","II-1","00009141","CENTRO MEDICO ESPECIALIZADO CASA GRANDE","7","1","15","12","0","0","13","1","1","1","2","1","1","130","1","10"
"2016","01","130208","LA LIBERTAD","ASCOPE","CASA GRANDE","ESSALUD","II-1","00009141","CENTRO MEDICO ESPECIALIZADO CASA GRANDE","7","7","10","11","0","0","14","1","1","1","2","1","1","11","2","1"
"2016","03","130208","LA LIBERTAD","ASCOPE","CASA GRANDE","ESSALUD","II-1","00009141","CENTRO MEDICO ESPECIALIZADO CASA GRANDE","7","1","15","12","0","0","13","1","1","1","2","1","1","13","1","1"
"2016","08","030104","APURIMAC","ABANCAY","CURAHUASI","PRIVADO","II-1","00008108","HOSPITAL  DIOSPI SUYANA","22","23","42","10","0","1","22","4","1","0","1","0","1","32","1","1"
"2016","06","030104","APURIMAC","ABANCAY","CURAHUASI","PRIVADO","II-1","00008108","HOSPITAL  DIOSPI SUYANA","22","23","42","10","0","2","22","3","1","0","1","0","1","38","2","1"
"2016","10","030104","APURIMAC","ABANCAY","CURAHUASI","PRIVADO","II-1","00008108","HOSPITAL  DIOSPI SUYANA","22","23","42","13","0","0","22","4","1","0","2","0","1","40","3","1"
"2016","09","030104","APURIMAC","ABANCAY","CURAHUASI","PRIVADO","II-1","00008108","HOSPITAL  DIOSPI SUYANA","22","23","42","11","0","1","23","4","1","0","1","0","1","37","3","1"
"2016","12","030104","APURIMAC","ABANCAY","CURAHUASI","PRIVADO","II-1","00008108","HOSPITAL  DIOSPI SUYANA","22","23","42","10","0","0","21","5","1","0","2","0","1","32","1","1"
"2016","11","030104","APURIMAC","ABANCAY","CURAHUASI","PRIVADO","II-1","00008108","HOSPITAL  DIOSPI SUYANA","22","23","42","10","0","0","21","5","1","0","2","0","1","32","3","1"
"2016","07","030104","APURIMAC","ABANCAY","CURAHUASI","PRIVADO","II-1","00008108","HOSPITAL  DIOSPI SUYANA","22","23","42","10","0","2","22","3","1","0","1","0","1","37","2","1"
"2016","01","010701","AMAZONAS","UTCUBAMBA","BAGUA GRANDE","ESSALUD","II-1","00009067","HOSPITAL EL BUEN SAMARITANO","5","11","13","14","0","0","16","2","1","1","4","2","1","2","22","2"
"2016","05","010701","AMAZONAS","UTCUBAMBA","BAGUA GRANDE","ESSALUD","II-1","00009067","HOSPITAL EL BUEN SAMARITANO","5","10","13","13","0","0","17","2","1","1","4","2","1","2","22","2"
"2016","06","010701","AMAZONAS","UTCUBAMBA","BAGUA GRANDE","ESSALUD","II-1","00009067","HOSPITAL EL BUEN SAMARITANO","5","11","13","13","0","0","15","2","1","1","4","2","1","2","22","2"
"2016","10","010701","AMAZONAS","UTCUBAMBA","BAGUA GRANDE","ESSALUD","II-1","00009067","HOSPITAL EL BUEN SAMARITANO","5","11","13","14","0","0","16","2","1","1","4","2","1","2","22","2"
"2016","03","010701","AMAZONAS","UTCUBAMBA","BAGUA GRANDE","ESSALUD","II-1","00009067","HOSPITAL EL BUEN SAMARITANO","5","10","13","13","0","0","16","2","1","1","4","2","1","2","22","2"
"2016","12","010701","AMAZONAS","UTCUBAMBA","BAGUA GRANDE","ESSALUD","II-1","00009067","HOSPITAL EL BUEN SAMARITANO","5","11","13","14","0","0","15","2","1","1","4","2","1","2","22","2"
"2016","11","010701","AMAZONAS","UTCUBAMBA","BAGUA GRANDE","ESSALUD","II-1","00009067","HOSPITAL EL BUEN SAMARITANO","5","11","13","15","0","0","16","2","1","1","4","2","1","2","22","2"
"2016","07","010701","AMAZONAS","UTCUBAMBA","BAGUA GRANDE","ESSALUD","II-1","00009067","HOSPITAL EL BUEN SAMARITANO","5","11","13","13","0","0","15","2","1","1","4","2","1","2","22","2"
"2016","08","010701","AMAZONAS","UTCUBAMBA","BAGUA GRANDE","ESSALUD","II-1","00009067","HOSPITAL EL BUEN SAMARITANO","5","11","13","13","0","0","16","2","1","1","4","2","1","2","22","2"
"2016","09","010701","AMAZONAS","UTCUBAMBA","BAGUA GRANDE","ESSALUD","II-1","00009067","HOSPITAL EL BUEN SAMARITANO","5","11","13","15","0","0","15","2","1","1","4","2","1","2","22","2"
"2016","02","010701","AMAZONAS","UTCUBAMBA","BAGUA GRANDE","ESSALUD","II-1","00009067","HOSPITAL EL BUEN SAMARITANO","5","10","13","13","0","0","15","2","1","1","3","2","1","2","22","2"
"2016","12","150103","LIMA","LIMA","ATE","ESSALUD","I-3","00008251","CAP III HUAYCAN-GRDA-ESSALUD","19","22","0","14","0","14","9","4","1","1","8","3","3","12","1","0"
"2016","10","150103","LIMA","LIMA","ATE","ESSALUD","I-3","00008251","CAP III HUAYCAN-GRDA-ESSALUD","19","26","0","20","0","6","10","4","1","1","8","3","3","12","2","0"
"2016","09","150103","LIMA","LIMA","ATE","ESSALUD","I-3","00008251","CAP III HUAYCAN-GRDA-ESSALUD","19","43","0","13","0","0","10","4","1","1","7","3","3","10","1","0"
"2016","12","150110","LIMA","LIMA","COMAS","ESSALUD","II-1","00008671","HOSPITAL I MARINO MOLINA SCIPPA","21","49","105","135","0","0","114","9","4","3","27","23","3","4","2","0"
"2016","11","150110","LIMA","LIMA","COMAS","ESSALUD","II-1","00008671","HOSPITAL I MARINO MOLINA SCIPPA","21","49","105","135","0","0","114","9","4","3","23","23","3","4","2","0"
"2016","10","150110","LIMA","LIMA","COMAS","ESSALUD","II-1","00008671","HOSPITAL I MARINO MOLINA SCIPPA","21","48","105","135","0","0","114","9","4","3","23","23","3","4","0","0"
"2016","09","150110","LIMA","LIMA","COMAS","ESSALUD","II-1","00008671","HOSPITAL I MARINO MOLINA SCIPPA","21","48","107","135","0","0","114","9","3","4","23","23","3","4","0","0"
"2016","08","150110","LIMA","LIMA","COMAS","ESSALUD","II-1","00008671","HOSPITAL I MARINO MOLINA SCIPPA","21","47","104","120","0","0","111","9","3","4","23","23","3","4","3","0"
"2016","07","150110","LIMA","LIMA","COMAS","ESSALUD","II-1","00008671","HOSPITAL I MARINO MOLINA SCIPPA","21","44","106","130","0","0","111","9","4","4","26","23","3","4","3","0"
"2016","05","150110","LIMA","LIMA","COMAS","ESSALUD","II-1","00008671","HOSPITAL I MARINO MOLINA SCIPPA","21","51","105","130","0","0","11","9","3","4","23","23","3","4","3","0"
"2016","06","150110","LIMA","LIMA","COMAS","ESSALUD","II-1","00008671","HOSPITAL I MARINO MOLINA SCIPPA","21","52","105","130","0","0","111","9","3","4","23","23","3","4","3","0"
"2016","03","150110","LIMA","LIMA","COMAS","ESSALUD","II-1","00008671","HOSPITAL I MARINO MOLINA SCIPPA","21","52","106","130","0","0","111","9","3","4","21","23","3","4","3","0"
"2016","01","150110","LIMA","LIMA","COMAS","ESSALUD","II-1","00008671","HOSPITAL I MARINO MOLINA SCIPPA","21","50","108","127","0","0","106","9","3","4","22","23","3","5","7","0"
"2016","02","150110","LIMA","LIMA","COMAS","ESSALUD","II-1","00008671","HOSPITAL I MARINO MOLINA SCIPPA","21","50","105","127","0","0","106","9","3","4","17","23","3","5","9","0"
"2016","04","150110","LIMA","LIMA","COMAS","ESSALUD","II-1","00008671","HOSPITAL I MARINO MOLINA SCIPPA","21","52","106","130","0","0","11","9","3","4","23","23","4","3","3","0"
"2016","12","150130","LIMA","LIMA","SAN BORJA","PRIVADO","II-2","00009682","CLÍNICA INTERNACIONAL","0","0","103","397","0","0","220","15","5","4","44","10","11","292","0","0"
"2016","10","150130","LIMA","LIMA","SAN BORJA","PRIVADO","II-2","00009682","CLÍNICA INTERNACIONAL","0","0","185","397","0","0","220","15","5","4","44","10","11","292","0","0"
"2016","11","150130","LIMA","LIMA","SAN BORJA","PRIVADO","II-2","00009682","CLÍNICA INTERNACIONAL","0","0","185","397","0","0","220","15","5","4","44","10","11","292","0","0"
"2016","07","150130","LIMA","LIMA","SAN BORJA","PRIVADO","II-2","00009682","CLÍNICA INTERNACIONAL","0","0","185","397","0","0","220","15","5","4","44","10","11","292","0","0"
"2016","08","150130","LIMA","LIMA","SAN BORJA","PRIVADO","II-2","00009682","CLÍNICA INTERNACIONAL","0","0","185","397","0","0","220","15","5","4","44","10","11","292","0","0"
"2016","06","150130","LIMA","LIMA","SAN BORJA","PRIVADO","II-2","00009682","CLÍNICA INTERNACIONAL","0","0","185","397","0","0","220","15","5","4","44","10","11","292","0","0"
"2016","09","150130","LIMA","LIMA","SAN BORJA","PRIVADO","II-2","00009682","CLÍNICA INTERNACIONAL","0","0","185","397","0","0","220","15","5","4","44","10","11","292","0","0"
"2016","12","130103","LA LIBERTAD","TRUJILLO","FLORENCIA DE MORA","ESSALUD","II-2","00009278","HOSPITAL II FLORENCIA DE MORA","14","17","20","38","0","7","24","2","0","2","4","8","2","30","21","1"
"2016","11","130103","LA LIBERTAD","TRUJILLO","FLORENCIA DE MORA","ESSALUD","II-2","00009278","HOSPITAL II FLORENCIA DE MORA","14","17","20","35","0","7","23","2","0","2","4","8","2","39","14","1"
"2016","10","130103","LA LIBERTAD","TRUJILLO","FLORENCIA DE MORA","ESSALUD","II-2","00009278","HOSPITAL II FLORENCIA DE MORA","14","17","20","34","0","7","23","2","0","2","4","8","2","39","13","1"
"2016","09","130103","LA LIBERTAD","TRUJILLO","FLORENCIA DE MORA","ESSALUD","II-2","00009278","HOSPITAL II FLORENCIA DE MORA","14","17","20","35","0","7","23","2","0","2","4","8","2","39","13","1"
"2016","08","130103","LA LIBERTAD","TRUJILLO","FLORENCIA DE MORA","ESSALUD","II-2","00009278","HOSPITAL II FLORENCIA DE MORA","14","17","20","34","0","7","23","2","0","2","4","8","2","39","13","1"
"2016","07","130103","LA LIBERTAD","TRUJILLO","FLORENCIA DE MORA","ESSALUD","II-2","00009278","HOSPITAL II FLORENCIA DE MORA","14","17","20","34","0","8","23","2","0","2","4","8","2","39","12","1"
"2016","05","130103","LA LIBERTAD","TRUJILLO","FLORENCIA DE MORA","ESSALUD","II-2","00009278","HOSPITAL II FLORENCIA DE MORA","14","17","20","35","0","8","22","2","0","2","4","8","3","39","12","1"
"2016","06","130103","LA LIBERTAD","TRUJILLO","FLORENCIA DE MORA","ESSALUD","II-2","00009278","HOSPITAL II FLORENCIA DE MORA","14","17","20","34","0","8","23","2","0","2","4","8","2","39","12","1"
"2016","02","130103","LA LIBERTAD","TRUJILLO","FLORENCIA DE MORA","ESSALUD","II-2","00009278","HOSPITAL II FLORENCIA DE MORA","15","17","20","35","0","0","23","2","0","2","4","8","3","39","14","1"
"2016","03","130103","LA LIBERTAD","TRUJILLO","FLORENCIA DE MORA","ESSALUD","II-2","00009278","HOSPITAL II FLORENCIA DE MORA","15","17","20","35","0","8","23","2","0","2","4","8","3","39","12","1"
"2016","01","130103","LA LIBERTAD","TRUJILLO","FLORENCIA DE MORA","ESSALUD","II-2","00009278","HOSPITAL II FLORENCIA DE MORA","15","17","20","35","0","8","23","2","0","2","4","8","3","39","14","1"
"2016","04","130103","LA LIBERTAD","TRUJILLO","FLORENCIA DE MORA","ESSALUD","II-2","00009278","HOSPITAL II FLORENCIA DE MORA","15","17","20","35","0","8","22","2","0","2","4","8","3","39","12","1"
"2016","12","070102","CALLAO","CALLAO","BELLAVISTA","SANIDAD DE LA MARINA DE GUERRA DEL PERU","III-1","00008266","HOSPITAL NAVAL","75","84","428","198","0","48","318","32","10","6","41","1","13","358","13","3"
"2016","11","070102","CALLAO","CALLAO","BELLAVISTA","SANIDAD DE LA MARINA DE GUERRA DEL PERU","III-1","00008266","HOSPITAL NAVAL","75","84","427","185","0","47","317","34","9","6","41","1","13","356","13","3"
"2016","10","070102","CALLAO","CALLAO","BELLAVISTA","SANIDAD DE LA MARINA DE GUERRA DEL PERU","III-1","00008266","HOSPITAL NAVAL","75","86","430","185","0","47","314","33","10","6","39","1","10","356","13","4"
"2016","09","070102","CALLAO","CALLAO","BELLAVISTA","SANIDAD DE LA MARINA DE GUERRA DEL PERU","III-1","00008266","HOSPITAL NAVAL","75","86","430","185","0","47","314","33","10","6","39","1","10","356","13","4"
"2016","08","070102","CALLAO","CALLAO","BELLAVISTA","SANIDAD DE LA MARINA DE GUERRA DEL PERU","III-1","00008266","HOSPITAL NAVAL","75","84","440","185","0","47","305","33","10","6","39","1","10","356","13","4"
"2016","07","070102","CALLAO","CALLAO","BELLAVISTA","SANIDAD DE LA MARINA DE GUERRA DEL PERU","III-1","00008266","HOSPITAL NAVAL","75","84","440","185","0","47","305","33","10","6","39","1","10","356","13","4"
"2016","05","070102","CALLAO","CALLAO","BELLAVISTA","SANIDAD DE LA MARINA DE GUERRA DEL PERU","III-1","00008266","HOSPITAL NAVAL","75","84","436","185","0","47","306","35","9","5","39","1","11","358","13","3"
"2016","06","070102","CALLAO","CALLAO","BELLAVISTA","SANIDAD DE LA MARINA DE GUERRA DEL PERU","III-1","00008266","HOSPITAL NAVAL","75","84","437","183","0","47","305","35","10","6","39","1","11","356","13","3"
"2016","02","070102","CALLAO","CALLAO","BELLAVISTA","SANIDAD DE LA MARINA DE GUERRA DEL PERU","III-1","00008266","HOSPITAL NAVAL","75","79","445","191","0","42","307","35","10","8","33","38","11","357","13","3"
"2016","01","070102","CALLAO","CALLAO","BELLAVISTA","SANIDAD DE LA MARINA DE GUERRA DEL PERU","III-1","00008266","HOSPITAL NAVAL","74","79","436","285","0","55","314","39","10","7","42","1","12","314","254","3"
"2016","03","070102","CALLAO","CALLAO","BELLAVISTA","SANIDAD DE LA MARINA DE GUERRA DEL PERU","III-1","00008266","HOSPITAL NAVAL","75","81","445","191","0","42","307","35","10","6","33","38","11","358","13","3"
"2016","04","070102","CALLAO","CALLAO","BELLAVISTA","SANIDAD DE LA MARINA DE GUERRA DEL PERU","III-1","00008266","HOSPITAL NAVAL","75","84","437","185","0","47","305","35","10","6","39","1","11","356","13","3"
"2016","12","220901","SAN MARTIN","SAN MARTIN","TARAPOTO","PRIVADO","II-E","00008269","SERVICIOS MEDICOS LIONEL FLORES E HIJOS SAC - CLINICA SAN MARTIN","16","16","17","36","0","0","3","1","1","1","1","1","1","17","3","0"
"2016","10","220901","SAN MARTIN","SAN MARTIN","TARAPOTO","PRIVADO","II-E","00008269","SERVICIOS MEDICOS LIONEL FLORES E HIJOS SAC - CLINICA SAN MARTIN","15","12","21","35","0","0","2","1","1","1","1","1","1","17","3","1"
"2016","11","220901","SAN MARTIN","SAN MARTIN","TARAPOTO","PRIVADO","II-E","00008269","SERVICIOS MEDICOS LIONEL FLORES E HIJOS SAC - CLINICA SAN MARTIN","15","15","18","36","0","0","3","1","1","1","1","1","1","17","3","0"
"2016","08","220901","SAN MARTIN","SAN MARTIN","TARAPOTO","PRIVADO","II-E","00008269","SERVICIOS MEDICOS LIONEL FLORES E HIJOS SAC - CLINICA SAN MARTIN","15","12","21","35","0","0","2","1","1","1","1","1","2","16","3","1"
"2016","09","220901","SAN MARTIN","SAN MARTIN","TARAPOTO","PRIVADO","II-E","00008269","SERVICIOS MEDICOS LIONEL FLORES E HIJOS SAC - CLINICA SAN MARTIN","15","12","21","35","0","0","2","1","1","1","1","1","1","16","3","1"
"2016","07","220901","SAN MARTIN","SAN MARTIN","TARAPOTO","PRIVADO","II-E","00008269","SERVICIOS MEDICOS LIONEL FLORES E HIJOS SAC - CLINICA SAN MARTIN","12","10","21","33","0","0","3","1","2","1","1","1","1","15","3","1"
"2016","05","220901","SAN MARTIN","SAN MARTIN","TARAPOTO","PRIVADO","II-E","00008269","SERVICIOS MEDICOS LIONEL FLORES E HIJOS SAC - CLINICA SAN MARTIN","8","9","21","28","1","0","3","1","2","1","1","1","1","19","3","1"
"2016","06","220901","SAN MARTIN","SAN MARTIN","TARAPOTO","PRIVADO","II-E","00008269","SERVICIOS MEDICOS LIONEL FLORES E HIJOS SAC - CLINICA SAN MARTIN","13","11","21","33","0","0","3","1","2","1","1","1","1","15","3","1"
"2016","01","220901","SAN MARTIN","SAN MARTIN","TARAPOTO","PRIVADO","II-E","00008269","SERVICIOS MEDICOS LIONEL FLORES E HIJOS SAC - CLINICA SAN MARTIN","9","10","14","39","1","0","3","1","2","1","1","1","1","16","3","1"
"2016","02","220901","SAN MARTIN","SAN MARTIN","TARAPOTO","PRIVADO","II-E","00008269","SERVICIOS MEDICOS LIONEL FLORES E HIJOS SAC - CLINICA SAN MARTIN","9","10","21","37","1","0","3","1","2","1","1","1","1","16","3","1"
"2016","03","220901","SAN MARTIN","SAN MARTIN","TARAPOTO","PRIVADO","II-E","00008269","SERVICIOS MEDICOS LIONEL FLORES E HIJOS SAC - CLINICA SAN MARTIN","9","10","21","36","1","0","3","1","2","1","1","1","1","17","3","1"
"2016","04","220901","SAN MARTIN","SAN MARTIN","TARAPOTO","PRIVADO","II-E","00008269","SERVICIOS MEDICOS LIONEL FLORES E HIJOS SAC - CLINICA SAN MARTIN","9","10","21","35","1","0","3","1","2","1","1","1","1","17","3","1"
"2016","12","130101","LA LIBERTAD","TRUJILLO","TRUJILLO","ESSALUD","II-1","00008685","HOSPITAL I ALBRECHT","18","37","28","77","0","7","43","4","2","5","10","9","6","8","93","1"
"2016","11","130101","LA LIBERTAD","TRUJILLO","TRUJILLO","ESSALUD","II-1","00008685","HOSPITAL I ALBRECHT","18","36","29","78","0","7","43","4","2","5","10","9","6","8","93","1"
"2016","10","130101","LA LIBERTAD","TRUJILLO","TRUJILLO","ESSALUD","II-1","00008685","HOSPITAL I ALBRECHT","18","37","28","78","0","7","42","4","2","5","10","9","6","8","92","1"
"2016","09","130101","LA LIBERTAD","TRUJILLO","TRUJILLO","ESSALUD","II-1","00008685","HOSPITAL I ALBRECHT","18","39","28","78","0","7","43","4","2","5","10","9","6","8","94","1"
"2016","07","130101","LA LIBERTAD","TRUJILLO","TRUJILLO","ESSALUD","II-1","00008685","HOSPITAL I ALBRECHT","18","40","28","79","0","7","43","4","2","5","10","8","6","8","95","1"
"2016","08","130101","LA LIBERTAD","TRUJILLO","TRUJILLO","ESSALUD","II-1","00008685","HOSPITAL I ALBRECHT","18","35","28","76","0","7","43","4","2","5","10","9","6","8","94","1"
"2016","06","130101","LA LIBERTAD","TRUJILLO","TRUJILLO","ESSALUD","II-1","00008685","HOSPITAL I ALBRECHT","18","39","28","70","0","9","43","4","1","5","10","9","6","8","94","1"
"2016","05","150132","LIMA","LIMA","SAN JUAN DE LURIGANCHO","PRIVADO","II-2","00008271","CLINICA SAN JUAN BAUTISTA","50","99","44","125","0","0","68","10","7","4","23","9","1","92","4","0"
"2016","08","150132","LIMA","LIMA","SAN JUAN DE LURIGANCHO","PRIVADO","II-2","00008271","CLINICA SAN JUAN BAUTISTA","50","94","44","129","0","0","71","10","4","4","21","6","1","93","4","0"
"2016","07","150132","LIMA","LIMA","SAN JUAN DE LURIGANCHO","PRIVADO","II-2","00008271","CLINICA SAN JUAN BAUTISTA","50","96","44","117","0","0","71","10","4","4","23","6","1","93","4","0"
"2016","09","150132","LIMA","LIMA","SAN JUAN DE LURIGANCHO","PRIVADO","II-2","00008271","CLINICA SAN JUAN BAUTISTA","50","98","44","126","0","0","67","10","4","4","21","6","1","93","4","0"
"2016","12","150132","LIMA","LIMA","SAN JUAN DE LURIGANCHO","PRIVADO","II-2","00008271","CLINICA SAN JUAN BAUTISTA","50","95","41","120","0","0","70","9","4","4","21","6","1","94","4","0"
"2016","06","150132","LIMA","LIMA","SAN JUAN DE LURIGANCHO","PRIVADO","II-2","00008271","CLINICA SAN JUAN BAUTISTA","50","95","44","116","0","0","69","10","4","4","23","6","1","93","4","0"
"2016","04","150132","LIMA","LIMA","SAN JUAN DE LURIGANCHO","PRIVADO","II-2","00008271","CLINICA SAN JUAN BAUTISTA","50","94","44","133","0","0","68","10","4","4","28","6","1","101","4","0"
"2016","03","150132","LIMA","LIMA","SAN JUAN DE LURIGANCHO","PRIVADO","II-2","00008271","CLINICA SAN JUAN BAUTISTA","50","96","44","132","0","0","64","10","4","4","24","6","1","97","4","0"
"2016","02","150132","LIMA","LIMA","SAN JUAN DE LURIGANCHO","PRIVADO","II-2","00008271","CLINICA SAN JUAN BAUTISTA","50","89","41","134","0","0","66","9","7","4","8","6","1","86","1","0"
"2016","01","150132","LIMA","LIMA","SAN JUAN DE LURIGANCHO","PRIVADO","II-2","00008271","CLINICA SAN JUAN BAUTISTA","50","94","41","137","0","0","68","9","5","4","10","6","1","85","1","0"
"2016","10","150132","LIMA","LIMA","SAN JUAN DE LURIGANCHO","PRIVADO","II-2","00008271","CLINICA SAN JUAN BAUTISTA","50","96","43","134","0","0","72","10","4","4","21","6","1","92","4","0"
"2016","11","150132","LIMA","LIMA","SAN JUAN DE LURIGANCHO","PRIVADO","II-2","00008271","CLINICA SAN JUAN BAUTISTA","50","94","41","134","0","0","70","9","4","4","21","6","1","92","4","0"
"2016","12","150101","LIMA","LIMA","LIMA","ESSALUD","II-1","00009188","HOSPITAL II RAMON CASTILLA","27","61","49","89","0","4","56","7","4","5","25","16","3","133","5","0"
"2016","11","150101","LIMA","LIMA","LIMA","ESSALUD","II-1","00009188","HOSPITAL II RAMON CASTILLA","27","61","49","89","0","4","56","7","4","5","25","16","3","133","5","0"
"2016","10","150101","LIMA","LIMA","LIMA","ESSALUD","II-1","00009188","HOSPITAL II RAMON CASTILLA","27","61","49","89","0","4","56","7","4","5","25","16","3","133","5","0"
"2016","09","150101","LIMA","LIMA","LIMA","ESSALUD","II-1","00009188","HOSPITAL II RAMON CASTILLA","19","45","49","86","0","4","56","7","4","3","25","16","3","132","6","0"
"2016","08","150101","LIMA","LIMA","LIMA","ESSALUD","II-1","00009188","HOSPITAL II RAMON CASTILLA","19","45","49","86","0","4","56","7","4","3","25","16","3","132","6","0"
"2016","07","150101","LIMA","LIMA","LIMA","ESSALUD","II-1","00009188","HOSPITAL II RAMON CASTILLA","19","45","49","82","0","4","58","7","4","5","25","16","3","128","7","0"
"2016","05","150101","LIMA","LIMA","LIMA","ESSALUD","II-1","00009188","HOSPITAL II RAMON CASTILLA","19","45","49","86","0","4","56","7","4","3","25","16","3","132","6","0"
"2016","06","150101","LIMA","LIMA","LIMA","ESSALUD","II-1","00009188","HOSPITAL II RAMON CASTILLA","19","45","49","86","0","4","56","7","4","3","25","16","3","132","6","0"
"2016","03","150101","LIMA","LIMA","LIMA","ESSALUD","II-1","00009188","HOSPITAL II RAMON CASTILLA","19","45","49","86","0","4","56","7","4","3","25","16","3","132","6","0"
"2016","04","150101","LIMA","LIMA","LIMA","ESSALUD","II-1","00009188","HOSPITAL II RAMON CASTILLA","19","45","49","86","0","4","56","7","4","3","25","16","3","132","6","0"
"2016","08","150117","LIMA","LIMA","LOS OLIVOS","PRIVADO","II-1","00009641","CLINICA MUNDO SALUD SAC","9","13","9","51","0","0","16","2","5","1","6","2","3","18","3","0"
"2016","09","150117","LIMA","LIMA","LOS OLIVOS","PRIVADO","II-1","00009641","CLINICA MUNDO SALUD SAC","9","13","9","51","0","0","16","2","5","1","6","2","3","18","3","0"
"2016","10","150117","LIMA","LIMA","LOS OLIVOS","PRIVADO","II-1","00009641","CLINICA MUNDO SALUD SAC","11","17","13","41","0","0","17","2","5","1","6","2","3","18","3","0"
"2016","07","150117","LIMA","LIMA","LOS OLIVOS","PRIVADO","II-1","00009641","CLINICA MUNDO SALUD SAC","9","13","9","51","0","0","16","2","5","1","6","2","3","18","3","0"
"2016","05","150117","LIMA","LIMA","LOS OLIVOS","PRIVADO","II-1","00009641","CLINICA MUNDO SALUD SAC","9","13","6","45","0","0","20","2","5","1","7","1","3","18","3","0"
"2016","12","150117","LIMA","LIMA","LOS OLIVOS","PRIVADO","II-1","00009641","CLINICA MUNDO SALUD SAC","11","17","13","51","0","0","16","2","5","1","6","2","3","18","3","0"
"2016","11","150117","LIMA","LIMA","LOS OLIVOS","PRIVADO","II-1","00009641","CLINICA MUNDO SALUD SAC","11","17","13","51","0","0","16","2","5","1","6","2","3","18","3","0"
"2016","06","150117","LIMA","LIMA","LOS OLIVOS","PRIVADO","II-1","00009641","CLINICA MUNDO SALUD SAC","9","13","6","45","0","0","20","2","5","1","7","1","3","18","3","0"
"2016","12","150115","LIMA","LIMA","LA VICTORIA","PRIVADO","II-E","00009431","OTO - FACE","3","1","1","1","0","0","1","0","0","0","0","0","0","2","0","0"
"2016","10","150115","LIMA","LIMA","LA VICTORIA","PRIVADO","II-E","00009431","OTO - FACE","3","1","1","1","0","0","1","0","0","0","0","0","0","2","0","0"
"2016","11","150115","LIMA","LIMA","LA VICTORIA","PRIVADO","II-E","00009431","OTO - FACE","3","1","1","1","0","0","1","0","0","0","0","0","0","2","0","0"
"2016","09","150115","LIMA","LIMA","LA VICTORIA","PRIVADO","II-E","00009431","OTO - FACE","3","1","1","1","0","0","1","0","0","0","0","0","0","2","0","0"
"2016","08","150115","LIMA","LIMA","LA VICTORIA","PRIVADO","II-E","00009431","OTO - FACE","3","1","1","1","0","0","1","0","0","0","0","0","0","2","0","0"
"2016","07","150115","LIMA","LIMA","LA VICTORIA","PRIVADO","II-E","00009431","OTO - FACE","3","1","1","1","0","0","1","0","0","0","0","0","0","2","0","0"
"2016","10","060101","CAJAMARCA","CAJAMARCA","CAJAMARCA","SANIDAD DE LA POLICIA NACIONAL DEL PERU","I-4","00009296","POLICLINICO PNP CAJAMARCA","6","10","16","7","3","0","14","3","1","1","6","0","2","52","0","2"
"2016","08","060101","CAJAMARCA","CAJAMARCA","CAJAMARCA","SANIDAD DE LA POLICIA NACIONAL DEL PERU","I-4","00009296","POLICLINICO PNP CAJAMARCA","6","11","16","7","3","0","14","3","1","1","5","0","3","50","0","2"
"2016","11","060101","CAJAMARCA","CAJAMARCA","CAJAMARCA","SANIDAD DE LA POLICIA NACIONAL DEL PERU","I-4","00009296","POLICLINICO PNP CAJAMARCA","6","10","16","7","3","0","13","1","1","1","4","0","4","45","0","2"
"2016","12","060101","CAJAMARCA","CAJAMARCA","CAJAMARCA","SANIDAD DE LA POLICIA NACIONAL DEL PERU","I-4","00009296","POLICLINICO PNP CAJAMARCA","6","10","16","7","3","0","14","2","1","1","5","0","4","53","0","2"
"2016","09","060101","CAJAMARCA","CAJAMARCA","CAJAMARCA","SANIDAD DE LA POLICIA NACIONAL DEL PERU","I-4","00009296","POLICLINICO PNP CAJAMARCA","6","10","16","8","3","0","15","3","1","1","5","0","3","51","0","2"
"2016","12","130102","LA LIBERTAD","TRUJILLO","EL PORVENIR","ESSALUD","II-1","00009041","POLICLINICO EL PORVENIR","21","27","12","19","0","0","15","2","1","2","4","2","1","31","6","1"
"2016","11","130102","LA LIBERTAD","TRUJILLO","EL PORVENIR","ESSALUD","II-1","00009041","POLICLINICO EL PORVENIR","21","27","11","17","0","0","15","2","1","2","4","2","1","30","8","1"
"2016","10","130102","LA LIBERTAD","TRUJILLO","EL PORVENIR","ESSALUD","II-1","00009041","POLICLINICO EL PORVENIR","21","27","12","17","0","0","15","2","1","2","4","2","1","30","8","1"
"2016","09","130102","LA LIBERTAD","TRUJILLO","EL PORVENIR","ESSALUD","II-1","00009041","POLICLINICO EL PORVENIR","21","27","12","17","0","0","16","2","1","2","4","2","1","30","8","1"
"2016","08","130102","LA LIBERTAD","TRUJILLO","EL PORVENIR","ESSALUD","II-1","00009041","POLICLINICO EL PORVENIR","21","27","12","17","0","0","16","2","1","2","4","2","1","30","8","1"
"2016","07","130102","LA LIBERTAD","TRUJILLO","EL PORVENIR","ESSALUD","II-1","00009041","POLICLINICO EL PORVENIR","21","27","12","19","0","0","15","2","1","2","4","2","1","28","8","1"
"2016","05","130102","LA LIBERTAD","TRUJILLO","EL PORVENIR","ESSALUD","II-1","00009041","POLICLINICO EL PORVENIR","21","27","12","18","0","0","15","2","1","2","4","2","1","28","8","1"
"2016","06","130102","LA LIBERTAD","TRUJILLO","EL PORVENIR","ESSALUD","II-1","00009041","POLICLINICO EL PORVENIR","21","27","12","19","0","0","15","2","1","2","4","2","1","28","8","1"
"2016","01","130102","LA LIBERTAD","TRUJILLO","EL PORVENIR","ESSALUD","II-1","00009041","POLICLINICO EL PORVENIR","19","27","12","18","0","0","15","2","1","2","4","2","1","2","2","1"
"2016","02","130102","LA LIBERTAD","TRUJILLO","EL PORVENIR","ESSALUD","II-1","00009041","POLICLINICO EL PORVENIR","19","27","12","19","0","0","15","2","1","2","4","2","1","2","2","1"
"2016","03","130102","LA LIBERTAD","TRUJILLO","EL PORVENIR","ESSALUD","II-1","00009041","POLICLINICO EL PORVENIR","19","27","12","18","0","0","15","2","1","2","4","2","1","2","10","1"
"2016","04","130102","LA LIBERTAD","TRUJILLO","EL PORVENIR","ESSALUD","II-1","00009041","POLICLINICO EL PORVENIR","19","27","12","18","0","0","15","2","1","2","4","2","1","2","2","1"
"2016","12","040801","AREQUIPA","LA UNION","COTAHUASI","ESSALUD","I-2","00013301","POSTA MEDICA COTAHUASI","3","3","0","1","1","0","1","0","0","0","0","0","0","1","0","1"
"2016","12","210101","PUNO","PUNO","PUNO","ESSALUD","II-2","00009215","HOSPITAL III BASE  (PUNO) - RED ASISTENCIAL PUNO","34","64","69","114","0","16","85","8","2","6","14","14","6","135","7","3"
"2016","11","210101","PUNO","PUNO","PUNO","ESSALUD","II-2","00009215","HOSPITAL III BASE  (PUNO) - RED ASISTENCIAL PUNO","34","64","69","113","0","16","86","8","2","6","14","14","7","135","7","3"
"2016","05","210101","PUNO","PUNO","PUNO","ESSALUD","II-2","00009215","HOSPITAL III BASE  (PUNO) - RED ASISTENCIAL PUNO","34","64","69","105","0","18","86","8","2","6","15","12","7","135","8","3"
"2016","10","210101","PUNO","PUNO","PUNO","ESSALUD","II-2","00009215","HOSPITAL III BASE  (PUNO) - RED ASISTENCIAL PUNO","34","64","69","113","0","16","86","8","2","6","14","13","7","135","7","3"
"2016","08","210101","PUNO","PUNO","PUNO","ESSALUD","II-2","00009215","HOSPITAL III BASE  (PUNO) - RED ASISTENCIAL PUNO","34","64","69","114","0","17","85","8","2","6","14","13","7","135","7","3"
"2016","09","210101","PUNO","PUNO","PUNO","ESSALUD","II-2","00009215","HOSPITAL III BASE  (PUNO) - RED ASISTENCIAL PUNO","34","64","69","114","0","17","85","8","2","6","14","13","7","135","7","3"
"2016","07","210101","PUNO","PUNO","PUNO","ESSALUD","II-2","00009215","HOSPITAL III BASE  (PUNO) - RED ASISTENCIAL PUNO","34","64","69","108","0","12","86","8","2","6","14","12","7","135","7","3"
"2016","06","210101","PUNO","PUNO","PUNO","ESSALUD","II-2","00009215","HOSPITAL III BASE  (PUNO) - RED ASISTENCIAL PUNO","34","64","69","106","0","18","86","8","2","6","14","12","7","135","8","3"
"2016","02","210101","PUNO","PUNO","PUNO","ESSALUD","II-2","00009215","HOSPITAL III BASE  (PUNO) - RED ASISTENCIAL PUNO","34","64","69","107","0","18","84","8","2","5","15","12","7","135","8","3"
"2016","04","210101","PUNO","PUNO","PUNO","ESSALUD","II-2","00009215","HOSPITAL III BASE  (PUNO) - RED ASISTENCIAL PUNO","34","64","71","107","0","18","87","8","2","5","15","12","7","135","8","3"
"2016","12","070102","CALLAO","CALLAO","BELLAVISTA","PRIVADO","II-1","00009250","CLINICA BELLAVISTA","13","30","26","100","0","0","35","0","1","1","8","0","3","50","0","0"
"2016","11","070102","CALLAO","CALLAO","BELLAVISTA","PRIVADO","II-1","00009250","CLINICA BELLAVISTA","14","28","26","80","0","0","32","0","1","1","8","0","3","48","0","0"
"2016","10","070102","CALLAO","CALLAO","BELLAVISTA","PRIVADO","II-1","00009250","CLINICA BELLAVISTA","14","28","26","80","0","0","35","0","1","1","8","0","3","52","0","0"
"2016","09","070102","CALLAO","CALLAO","BELLAVISTA","PRIVADO","II-1","00009250","CLINICA BELLAVISTA","14","28","26","91","0","0","35","0","1","1","0","0","3","50","0","0"
"2016","07","070102","CALLAO","CALLAO","BELLAVISTA","PRIVADO","II-1","00009250","CLINICA BELLAVISTA","14","28","26","80","0","0","35","0","1","1","8","0","2","50","0","0"
"2016","08","070102","CALLAO","CALLAO","BELLAVISTA","PRIVADO","II-1","00009250","CLINICA BELLAVISTA","14","28","26","80","0","0","33","0","1","1","8","0","2","50","0","0"
"2016","05","070102","CALLAO","CALLAO","BELLAVISTA","PRIVADO","II-1","00009250","CLINICA BELLAVISTA","14","28","26","69","0","0","36","0","1","1","6","0","3","48","0","0"
"2016","06","070102","CALLAO","CALLAO","BELLAVISTA","PRIVADO","II-1","00009250","CLINICA BELLAVISTA","14","28","26","74","0","0","36","0","1","1","5","0","3","49","0","0"
"2016","02","070102","CALLAO","CALLAO","BELLAVISTA","PRIVADO","II-1","00009250","CLINICA BELLAVISTA","11","11","26","40","0","0","25","4","1","1","6","5","3","35","67","0"
"2016","04","070102","CALLAO","CALLAO","BELLAVISTA","PRIVADO","II-1","00009250","CLINICA BELLAVISTA","11","11","26","40","0","0","25","4","1","1","6","5","3","35","67","0"
"2016","12","040413","AREQUIPA","CASTILLA","URACA","ESSALUD","I-2","00013300","POSTA MEDICA  CORIRE","2","2","0","1","1","0","1","0","0","0","0","0","0","0","0","0"
"2016","12","150131","LIMA","LIMA","SAN ISIDRO","PRIVADO","0","00009183","MEDIPERU S.A.","4","75","0","12","0","0","4","0","0","0","8","0","0","0","0","0"
"2016","10","240101","TUMBES","TUMBES","TUMBES","ESSALUD","II-1","00012272","CARLOS ALBERTO CORTEZ JIMENEZ","17","39","34","47","0","0","44","3","1","2","5","11","3","44","1","5"
"2016","12","240101","TUMBES","TUMBES","TUMBES","ESSALUD","II-1","00012272","CARLOS ALBERTO CORTEZ JIMENEZ","17","36","34","48","0","0","44","3","1","2","5","13","3","46","1","5"
"2016","07","240101","TUMBES","TUMBES","TUMBES","ESSALUD","II-1","00012272","CARLOS ALBERTO CORTEZ JIMENEZ","17","24","33","47","0","0","44","3","1","2","5","11","3","43","1","5"
"2016","05","240101","TUMBES","TUMBES","TUMBES","ESSALUD","II-1","00012272","CARLOS ALBERTO CORTEZ JIMENEZ","17","38","34","47","0","0","45","3","1","2","5","12","3","44","1","5"
"2016","03","240101","TUMBES","TUMBES","TUMBES","ESSALUD","II-1","00012272","CARLOS ALBERTO CORTEZ JIMENEZ","17","42","34","48","0","0","42","3","1","2","5","14","3","40","1","5"
"2016","04","240101","TUMBES","TUMBES","TUMBES","ESSALUD","II-1","00012272","CARLOS ALBERTO CORTEZ JIMENEZ","17","22","34","54","0","0","45","3","1","2","5","14","3","39","1","5"
"2016","02","240101","TUMBES","TUMBES","TUMBES","ESSALUD","II-1","00012272","CARLOS ALBERTO CORTEZ JIMENEZ","17","29","34","47","0","0","41","3","1","2","5","14","3","40","1","5"
"2016","01","240101","TUMBES","TUMBES","TUMBES","ESSALUD","II-1","00012272","CARLOS ALBERTO CORTEZ JIMENEZ","17","36","34","48","0","0","40","3","1","2","5","14","3","41","1","5"
"2016","11","240101","TUMBES","TUMBES","TUMBES","ESSALUD","II-1","00012272","CARLOS ALBERTO CORTEZ JIMENEZ","17","39","34","47","0","0","45","3","1","2","5","11","3","44","1","5"
"2016","09","240101","TUMBES","TUMBES","TUMBES","ESSALUD","II-1","00012272","CARLOS ALBERTO CORTEZ JIMENEZ","17","39","34","49","0","0","44","3","1","2","5","11","3","44","1","5"
"2016","08","240101","TUMBES","TUMBES","TUMBES","ESSALUD","II-1","00012272","CARLOS ALBERTO CORTEZ JIMENEZ","17","38","33","47","0","0","44","3","1","2","5","14","3","44","1","5"
"2016","06","240101","TUMBES","TUMBES","TUMBES","ESSALUD","II-1","00012272","CARLOS ALBERTO CORTEZ JIMENEZ","17","38","34","46","0","0","44","3","1","2","5","11","3","44","1","5"
"2016","07","040101","AREQUIPA","AREQUIPA","AREQUIPA","ESSALUD","III-1","00013290","HOSPITAL NACIONAL III-1 CARLOS ALBERTO SEGUÍN ESCOBEDO","54","72","338","365","0","3","385","7","6","15","11","19","11","187","12","4"
"2016","05","040101","AREQUIPA","AREQUIPA","AREQUIPA","ESSALUD","III-1","00013290","HOSPITAL NACIONAL III-1 CARLOS ALBERTO SEGUÍN ESCOBEDO","54","72","362","336","0","4","405","7","6","15","11","18","12","399","14","4"
"2016","10","040101","AREQUIPA","AREQUIPA","AREQUIPA","ESSALUD","III-1","00013290","HOSPITAL NACIONAL III-1 CARLOS ALBERTO SEGUÍN ESCOBEDO","54","72","361","347","0","0","398","6","6","15","9","17","11","392","0","4"
"2016","02","040101","AREQUIPA","AREQUIPA","AREQUIPA","ESSALUD","III-1","00013290","HOSPITAL NACIONAL III-1 CARLOS ALBERTO SEGUÍN ESCOBEDO","53","72","376","373","0","131","452","7","7","15","43","19","12","384","153","4"
"2016","01","040101","AREQUIPA","AREQUIPA","AREQUIPA","ESSALUD","III-1","00013290","HOSPITAL NACIONAL III-1 CARLOS ALBERTO SEGUÍN ESCOBEDO","53","72","315","374","0","132","451","7","7","15","43","19","12","386","159","4"
"2016","12","040101","AREQUIPA","AREQUIPA","AREQUIPA","ESSALUD","III-1","00013290","HOSPITAL NACIONAL III-1 CARLOS ALBERTO SEGUÍN ESCOBEDO","45","68","365","352","0","0","387","6","6","15","9","17","12","362","14","4"
"2016","11","040101","AREQUIPA","AREQUIPA","AREQUIPA","ESSALUD","III-1","00013290","HOSPITAL NACIONAL III-1 CARLOS ALBERTO SEGUÍN ESCOBEDO","45","68","365","354","0","0","405","6","6","16","10","17","12","340","2","4"
"2016","09","040101","AREQUIPA","AREQUIPA","AREQUIPA","ESSALUD","III-1","00013290","HOSPITAL NACIONAL III-1 CARLOS ALBERTO SEGUÍN ESCOBEDO","52","72","365","342","0","0","450","6","6","16","9","17","11","445","0","4"
"2016","08","040101","AREQUIPA","AREQUIPA","AREQUIPA","ESSALUD","III-1","00013290","HOSPITAL NACIONAL III-1 CARLOS ALBERTO SEGUÍN ESCOBEDO","53","72","366","356","0","0","389","6","6","14","11","19","11","347","0","4"
"2016","06","040101","AREQUIPA","AREQUIPA","AREQUIPA","ESSALUD","III-1","00013290","HOSPITAL NACIONAL III-1 CARLOS ALBERTO SEGUÍN ESCOBEDO","54","72","359","331","0","0","385","7","6","16","10","19","11","346","0","4"
"2016","04","040101","AREQUIPA","AREQUIPA","AREQUIPA","ESSALUD","III-1","00013290","HOSPITAL NACIONAL III-1 CARLOS ALBERTO SEGUÍN ESCOBEDO","54","72","358","306","0","0","399","6","6","14","10","17","12","401","0","4"
"2016","03","040101","AREQUIPA","AREQUIPA","AREQUIPA","ESSALUD","III-1","00013290","HOSPITAL NACIONAL III-1 CARLOS ALBERTO SEGUÍN ESCOBEDO","54","72","376","343","0","7","183","7","6","15","9","19","12","112","1","4"
"2016","11","050110","AYACUCHO","HUAMANGA","SAN JUAN BAUTISTA","ESSALUD","II-1","00011775","HOSPITAL II DE HUAMANGA","12","18","66","67","0","0","66","7","2","2","14","15","4","136","39","2"
"2016","12","050110","AYACUCHO","HUAMANGA","SAN JUAN BAUTISTA","ESSALUD","II-1","00011775","HOSPITAL II DE HUAMANGA","19","30","66","66","0","0","64","7","2","2","12","16","4","141","39","2"
"2016","10","050110","AYACUCHO","HUAMANGA","SAN JUAN BAUTISTA","ESSALUD","II-1","00011775","HOSPITAL II DE HUAMANGA","12","18","66","67","0","0","66","6","2","2","13","14","4","111","47","2"
"2016","08","050110","AYACUCHO","HUAMANGA","SAN JUAN BAUTISTA","ESSALUD","II-1","00011775","HOSPITAL II DE HUAMANGA","12","18","66","65","0","0","62","6","2","2","13","15","4","111","47","2"
"2016","09","050110","AYACUCHO","HUAMANGA","SAN JUAN BAUTISTA","ESSALUD","II-1","00011775","HOSPITAL II DE HUAMANGA","12","18","66","67","0","0","63","6","2","2","13","15","4","111","47","2"
"2016","07","050110","AYACUCHO","HUAMANGA","SAN JUAN BAUTISTA","ESSALUD","II-1","00011775","HOSPITAL II DE HUAMANGA","15","19","66","69","0","0","63","6","2","2","13","15","4","111","47","2"
"2016","06","050110","AYACUCHO","HUAMANGA","SAN JUAN BAUTISTA","ESSALUD","II-1","00011775","HOSPITAL II DE HUAMANGA","15","19","66","61","0","0","62","6","2","2","13","15","4","111","47","2"
"2016","05","050110","AYACUCHO","HUAMANGA","SAN JUAN BAUTISTA","ESSALUD","II-1","00011775","HOSPITAL II DE HUAMANGA","12","21","66","67","0","0","64","6","2","2","13","15","4","109","47","2"
"2016","03","050110","AYACUCHO","HUAMANGA","SAN JUAN BAUTISTA","ESSALUD","II-1","00011775","HOSPITAL II DE HUAMANGA","14","25","66","62","0","0","61","6","2","2","12","14","4","134","50","2"
"2016","01","050110","AYACUCHO","HUAMANGA","SAN JUAN BAUTISTA","ESSALUD","II-1","00011775","HOSPITAL II DE HUAMANGA","12","18","65","52","0","0","64","5","2","2","11","18","6","91","62","2"
"2016","02","050110","AYACUCHO","HUAMANGA","SAN JUAN BAUTISTA","ESSALUD","II-1","00011775","HOSPITAL II DE HUAMANGA","12","21","66","54","0","0","63","5","2","2","11","13","3","134","50","2"
"2016","04","050110","AYACUCHO","HUAMANGA","SAN JUAN BAUTISTA","ESSALUD","II-1","00011775","HOSPITAL II DE HUAMANGA","12","21","66","67","0","0","63","6","2","2","13","14","4","99","60","2"
"2016","12","100604","HUANUCO","LEONCIO PRADO","JOSE CRESPO Y CASTILLO","ESSALUD","I-2","00009951","POSTA MEDICA AUCAYACU","5","5","0","1","1","0","1","1","0","1","1","1","0","2","0","0"
"2016","12","150132","LIMA","LIMA","SAN JUAN DE LURIGANCHO","PRIVADO","II-1","00009090","CLINICA "" LIMATAMBO""","20","31","30","66","0","0","29","4","6","1","8","5","2","80","0","2"
"2016","11","150132","LIMA","LIMA","SAN JUAN DE LURIGANCHO","PRIVADO","II-1","00009090","CLINICA "" LIMATAMBO""","20","31","30","66","0","0","29","4","6","1","8","5","2","80","0","2"
"2016","10","150132","LIMA","LIMA","SAN JUAN DE LURIGANCHO","PRIVADO","II-1","00009090","CLINICA "" LIMATAMBO""","20","31","30","66","0","0","29","4","6","1","8","5","2","80","0","2"
"2016","09","150132","LIMA","LIMA","SAN JUAN DE LURIGANCHO","PRIVADO","II-1","00009090","CLINICA "" LIMATAMBO""","20","31","30","64","0","0","29","4","6","1","8","5","2","80","0","2"
"2016","08","150132","LIMA","LIMA","SAN JUAN DE LURIGANCHO","PRIVADO","II-1","00009090","CLINICA "" LIMATAMBO""","20","31","30","62","0","0","29","4","4","1","8","6","1","83","0","2"
"2016","07","150132","LIMA","LIMA","SAN JUAN DE LURIGANCHO","PRIVADO","II-1","00009090","CLINICA "" LIMATAMBO""","20","31","30","62","0","0","29","4","4","1","8","6","1","83","0","2"
"2016","03","250101","UCAYALI","CORONEL PORTILLO","CALLERIA","ESSALUD","II-2","00009600","HOSPITAL II PUCALLPA- ESSALUD","37","68","100","65","0","4","69","4","1","2","8","18","5","75","12","2"
"2016","04","250101","UCAYALI","CORONEL PORTILLO","CALLERIA","ESSALUD","II-2","00009600","HOSPITAL II PUCALLPA- ESSALUD","37","70","100","72","0","4","69","4","1","2","8","18","5","77","5","2"
"2016","05","250101","UCAYALI","CORONEL PORTILLO","CALLERIA","ESSALUD","II-2","00009600","HOSPITAL II PUCALLPA- ESSALUD","37","82","100","69","0","0","69","4","1","2","8","18","6","74","5","2"
"2016","07","250101","UCAYALI","CORONEL PORTILLO","CALLERIA","ESSALUD","II-2","00009600","HOSPITAL II PUCALLPA- ESSALUD","37","81","119","74","0","4","70","4","2","3","8","18","6","83","11","1"
"2016","12","250101","UCAYALI","CORONEL PORTILLO","CALLERIA","ESSALUD","II-2","00009600","HOSPITAL II PUCALLPA- ESSALUD","37","89","109","78","0","0","75","4","3","2","8","18","6","81","11","2"
"2016","08","250101","UCAYALI","CORONEL PORTILLO","CALLERIA","ESSALUD","II-2","00009600","HOSPITAL II PUCALLPA- ESSALUD","37","61","119","73","0","4","70","4","1","2","8","18","6","86","11","0"
"2016","06","250101","UCAYALI","CORONEL PORTILLO","CALLERIA","ESSALUD","II-2","00009600","HOSPITAL II PUCALLPA- ESSALUD","37","73","100","82","0","0","71","4","2","2","8","17","96","78","5","2"
"2016","10","250101","UCAYALI","CORONEL PORTILLO","CALLERIA","ESSALUD","II-2","00009600","HOSPITAL II PUCALLPA- ESSALUD","37","85","104","66","0","0","70","4","2","2","8","18","6","86","11","1"
"2016","01","250101","UCAYALI","CORONEL PORTILLO","CALLERIA","ESSALUD","II-2","00009600","HOSPITAL II PUCALLPA- ESSALUD","37","61","104","68","0","0","69","4","1","2","9","14","4","83","12","2"
"2016","02","250101","UCAYALI","CORONEL PORTILLO","CALLERIA","ESSALUD","II-2","00009600","HOSPITAL II PUCALLPA- ESSALUD","37","69","104","68","4","4","69","4","1","2","8","17","5","77","13","1"
"2016","09","250101","UCAYALI","CORONEL PORTILLO","CALLERIA","ESSALUD","II-2","00009600","HOSPITAL II PUCALLPA- ESSALUD","38","71","104","75","0","0","75","4","2","3","8","18","6","80","5","1"
"2016","11","250101","UCAYALI","CORONEL PORTILLO","CALLERIA","ESSALUD","II-2","00009600","HOSPITAL II PUCALLPA- ESSALUD","37","92","145","53","0","0","67","4","1","2","10","16","6","77","6","0"
"2016","12","230110","TACNA","TACNA","CORONEL GREGORIO ALBARRACIN L.","ESSALUD","I-3","00010222","CENTRO  DE ATENCION PRIMARIA II ""LUIS PALZA LEVANO""","4","8","0","5","0","0","5","4","1","0","1","1","1","1","1","1"
"2016","04","150122","LIMA","LIMA","MIRAFLORES","PRIVADO","II-2","00008746","CLINICA GOOD HOPE","42","785","134","310","0","0","162","11","8","8","9","19","3","283","1","1"
"2016","11","150122","LIMA","LIMA","MIRAFLORES","PRIVADO","II-2","00008746","CLINICA GOOD HOPE","42","913","134","310","0","0","162","11","8","8","9","19","3","283","1","1"
"2016","10","150122","LIMA","LIMA","MIRAFLORES","PRIVADO","II-2","00008746","CLINICA GOOD HOPE","42","956","134","310","0","0","162","11","8","8","9","19","3","283","1","1"
"2016","09","150122","LIMA","LIMA","MIRAFLORES","PRIVADO","II-2","00008746","CLINICA GOOD HOPE","42","887","134","310","0","0","162","11","8","8","9","19","3","283","1","1"
"2016","08","150122","LIMA","LIMA","MIRAFLORES","PRIVADO","II-2","00008746","CLINICA GOOD HOPE","42","923","134","310","0","0","162","11","8","8","9","19","3","283","1","1"
"2016","05","150122","LIMA","LIMA","MIRAFLORES","PRIVADO","II-2","00008746","CLINICA GOOD HOPE","42","832","134","310","0","0","162","11","8","8","9","19","3","283","1","1"
"2016","07","150122","LIMA","LIMA","MIRAFLORES","PRIVADO","II-2","00008746","CLINICA GOOD HOPE","42","868","134","310","0","0","162","11","8","8","9","19","3","283","1","1"
"2016","06","150122","LIMA","LIMA","MIRAFLORES","PRIVADO","II-2","00008746","CLINICA GOOD HOPE","42","783","134","310","0","0","162","11","8","8","9","19","3","283","1","1"
"2016","01","150122","LIMA","LIMA","MIRAFLORES","PRIVADO","II-2","00008746","CLINICA GOOD HOPE","42","841","134","310","0","0","162","11","8","8","9","19","3","283","1","1"
"2016","12","150122","LIMA","LIMA","MIRAFLORES","PRIVADO","II-2","00008746","CLINICA GOOD HOPE","42","833","134","310","0","0","162","11","8","8","9","19","3","283","1","1"
"2016","11","150131","LIMA","LIMA","SAN ISIDRO","PRIVADO","II-2","00009123","CLINICA ANGLOAMERICANA","80","148","94","186","0","17","203","2","0","9","53","7","6","189","0","0"
"2016","12","150131","LIMA","LIMA","SAN ISIDRO","PRIVADO","II-2","00009123","CLINICA ANGLOAMERICANA","80","148","91","218","0","17","203","2","0","9","55","7","6","189","0","0"
"2016","10","150130","LIMA","LIMA","SAN BORJA","PRIVADO","II-1","00011372","CENTRO DE CATARATA Y LASER E.I.R.L.","5","5","0","3","0","0","1","0","0","0","1","0","0","0","0","0"
"2016","09","150130","LIMA","LIMA","SAN BORJA","PRIVADO","II-1","00011372","CENTRO DE CATARATA Y LASER E.I.R.L.","5","5","0","3","0","0","1","0","0","0","1","0","0","0","0","0"
"2016","10","150113","LIMA","LIMA","JESUS MARIA","PRIVADO","II-E","00009620","MEDICINA AVANZADA S.A.","3","3","4","78","0","0","12","0","0","0","0","0","1","11","0","0"
"2016","08","150113","LIMA","LIMA","JESUS MARIA","PRIVADO","II-E","00009620","MEDICINA AVANZADA S.A.","3","3","4","83","0","0","12","0","0","0","0","0","1","12","0","0"
"2016","07","150113","LIMA","LIMA","JESUS MARIA","PRIVADO","II-E","00009620","MEDICINA AVANZADA S.A.","3","3","4","89","0","0","19","0","0","0","0","0","0","8","0","0"
"2016","05","150113","LIMA","LIMA","JESUS MARIA","PRIVADO","II-E","00009620","MEDICINA AVANZADA S.A.","3","3","4","78","0","0","12","0","0","0","0","0","0","11","0","0"
"2016","06","150113","LIMA","LIMA","JESUS MARIA","PRIVADO","II-E","00009620","MEDICINA AVANZADA S.A.","3","3","4","86","0","0","13","0","0","0","0","0","0","11","0","0"
"2016","01","150113","LIMA","LIMA","JESUS MARIA","PRIVADO","II-E","00009620","MEDICINA AVANZADA S.A.","3","3","4","68","0","0","14","0","0","0","0","0","0","9","0","0"
"2016","02","150113","LIMA","LIMA","JESUS MARIA","PRIVADO","II-E","00009620","MEDICINA AVANZADA S.A.","3","3","4","89","0","0","19","0","0","0","0","0","0","8","0","0"
"2016","12","090118","HUANCAVELICA","HUANCAVELICA","ASCENSION","ESSALUD","II-1","00009132","HOSPITAL II HUANCAVELICA","13","23","25","57","0","0","38","4","2","3","10","8","3","42","16","4"
"2016","10","090118","HUANCAVELICA","HUANCAVELICA","ASCENSION","ESSALUD","II-1","00009132","HOSPITAL II HUANCAVELICA","13","26","23","51","0","0","40","4","2","3","10","7","3","42","8","4"
"2016","11","090118","HUANCAVELICA","HUANCAVELICA","ASCENSION","ESSALUD","II-1","00009132","HOSPITAL II HUANCAVELICA","13","26","25","52","0","0","39","4","2","3","10","7","3","41","11","4"
"2016","09","090118","HUANCAVELICA","HUANCAVELICA","ASCENSION","ESSALUD","II-1","00009132","HOSPITAL II HUANCAVELICA","13","26","23","52","0","0","39","4","2","2","10","7","3","42","10","4"
"2016","08","090118","HUANCAVELICA","HUANCAVELICA","ASCENSION","ESSALUD","II-1","00009132","HOSPITAL II HUANCAVELICA","13","26","23","55","0","0","39","3","2","3","11","8","3","45","2","4"
"2016","07","090118","HUANCAVELICA","HUANCAVELICA","ASCENSION","ESSALUD","II-1","00009132","HOSPITAL II HUANCAVELICA","13","26","23","46","0","0","38","4","2","3","3","7","3","55","2","4"
"2016","05","090118","HUANCAVELICA","HUANCAVELICA","ASCENSION","ESSALUD","II-1","00009132","HOSPITAL II HUANCAVELICA","13","26","23","49","0","0","38","4","2","2","10","7","3","59","2","4"
"2016","06","090118","HUANCAVELICA","HUANCAVELICA","ASCENSION","ESSALUD","II-1","00009132","HOSPITAL II HUANCAVELICA","13","26","23","45","0","0","38","4","2","2","10","7","3","49","2","4"
"2016","02","090118","HUANCAVELICA","HUANCAVELICA","ASCENSION","ESSALUD","II-1","00009132","HOSPITAL II HUANCAVELICA","13","25","25","47","0","0","36","4","2","4","12","7","4","59","2","4"
"2016","03","090118","HUANCAVELICA","HUANCAVELICA","ASCENSION","ESSALUD","II-1","00009132","HOSPITAL II HUANCAVELICA","13","26","23","49","0","0","38","4","2","2","8","7","4","59","2","4"
"2016","04","090118","HUANCAVELICA","HUANCAVELICA","ASCENSION","ESSALUD","II-1","00009132","HOSPITAL II HUANCAVELICA","13","26","23","49","0","0","38","4","2","2","10","7","4","59","2","4"
"2016","12","110101","ICA","ICA","ICA","PRIVADO","II-E","00009627","SAN MARTIN","8","10","8","14","0","0","8","0","1","0","0","0","1","0","0","2"
"2016","11","110101","ICA","ICA","ICA","PRIVADO","II-E","00009627","SAN MARTIN","8","10","8","15","0","0","7","0","1","0","0","0","1","7","0","2"
"2016","10","110101","ICA","ICA","ICA","PRIVADO","II-E","00009627","SAN MARTIN","8","12","8","19","0","0","7","0","1","0","0","0","1","7","0","2"
"2016","09","110101","ICA","ICA","ICA","PRIVADO","II-E","00009627","SAN MARTIN","8","10","8","18","0","0","7","0","1","0","0","0","1","0","0","2"
"2016","08","110101","ICA","ICA","ICA","PRIVADO","II-E","00009627","SAN MARTIN","8","11","8","20","0","0","6","0","1","0","0","0","1","7","0","2"
"2016","07","110101","ICA","ICA","ICA","PRIVADO","II-E","00009627","SAN MARTIN","8","11","8","18","0","0","9","0","1","0","0","0","1","8","0","2"
"2016","06","110101","ICA","ICA","ICA","PRIVADO","II-E","00009627","SAN MARTIN","8","10","8","18","0","0","8","0","1","0","0","0","1","8","0","2"
"2016","04","110101","ICA","ICA","ICA","PRIVADO","II-E","00009627","SAN MARTIN","8","9","8","18","0","0","7","0","1","0","0","0","1","8","0","2"
"2016","02","110101","ICA","ICA","ICA","PRIVADO","II-E","00009627","SAN MARTIN","8","10","8","19","0","0","6","0","1","0","0","0","1","7","0","2"
"2016","01","110101","ICA","ICA","ICA","PRIVADO","II-E","00009627","SAN MARTIN","8","11","8","20","0","0","6","0","1","0","0","0","1","7","0","2"
"2016","03","110101","ICA","ICA","ICA","PRIVADO","II-E","00009627","SAN MARTIN","8","11","8","20","0","0","6","0","1","0","0","0","1","7","0","2"
"2016","05","110101","ICA","ICA","ICA","PRIVADO","II-E","00009627","SAN MARTIN","8","11","8","20","0","0","11","0","1","0","0","0","1","7","0","2"
"2016","12","040501","AREQUIPA","CAYLLOMA","CHIVAY","ESSALUD","I-2","00013292","POSTA MEDICA CHIVAY","4","4","0","1","0","0","1","1","0","0","0","2","0","0","0","0"
"2016","11","150140","LIMA","LIMA","SANTIAGO DE SURCO","PRIVADO","II-E","00010401","CLINICA MORILLAS S.A.","5","10","11","26","0","4","10","0","0","1","0","0","1","9","0","0"
"2016","09","150140","LIMA","LIMA","SANTIAGO DE SURCO","PRIVADO","II-E","00010401","CLINICA MORILLAS S.A.","5","10","11","26","0","4","10","0","0","1","0","0","1","9","0","0"
"2016","10","150140","LIMA","LIMA","SANTIAGO DE SURCO","PRIVADO","II-E","00010401","CLINICA MORILLAS S.A.","5","10","11","26","0","4","10","0","0","1","0","0","1","9","0","0"
"2016","12","150140","LIMA","LIMA","SANTIAGO DE SURCO","PRIVADO","II-E","00010401","CLINICA MORILLAS S.A.","5","10","11","26","0","4","10","0","0","1","0","0","1","9","0","0"
"2016","08","150140","LIMA","LIMA","SANTIAGO DE SURCO","PRIVADO","II-E","00010401","CLINICA MORILLAS S.A.","5","10","11","26","0","4","10","0","0","1","0","0","1","9","0","0"
"2016","07","150140","LIMA","LIMA","SANTIAGO DE SURCO","PRIVADO","II-E","00010401","CLINICA MORILLAS S.A.","5","10","11","26","0","4","10","0","0","1","0","0","1","9","0","0"
"2016","12","170101","MADRE DE DIOS","TAMBOPATA","TAMBOPATA","SANIDAD DE LA POLICIA NACIONAL DEL PERU","I-2","00009320","POSTA MEDICA DE LA PNP","2","2","0","2","2","0","0","1","0","0","0","0","1","8","0","1"
"2016","11","170101","MADRE DE DIOS","TAMBOPATA","TAMBOPATA","SANIDAD DE LA POLICIA NACIONAL DEL PERU","I-2","00009320","POSTA MEDICA DE LA PNP","2","2","0","2","2","0","0","0","0","0","0","0","1","8","0","1"
"2016","10","170101","MADRE DE DIOS","TAMBOPATA","TAMBOPATA","SANIDAD DE LA POLICIA NACIONAL DEL PERU","I-2","00009320","POSTA MEDICA DE LA PNP","2","2","0","4","4","0","0","1","0","0","0","0","1","7","0","2"
"2016","09","170101","MADRE DE DIOS","TAMBOPATA","TAMBOPATA","SANIDAD DE LA POLICIA NACIONAL DEL PERU","I-2","00009320","POSTA MEDICA DE LA PNP","2","2","0","4","4","0","0","1","0","0","0","0","1","7","0","2"
"2016","08","170101","MADRE DE DIOS","TAMBOPATA","TAMBOPATA","SANIDAD DE LA POLICIA NACIONAL DEL PERU","I-2","00009320","POSTA MEDICA DE LA PNP","2","2","0","4","4","0","0","1","0","0","0","0","0","7","0","2"
"2016","12","150130","LIMA","LIMA","SAN BORJA","PRIVADO","III-1","00009886","LA ESPERANZA DEL PERU S.A.","57","114","110","245","0","6","327","3","3","4","17","9","3","0","1","11"
"2016","11","150130","LIMA","LIMA","SAN BORJA","PRIVADO","III-1","00009886","LA ESPERANZA DEL PERU S.A.","57","114","109","245","0","6","327","3","3","4","15","9","3","0","1","11"
"2016","10","150130","LIMA","LIMA","SAN BORJA","PRIVADO","III-1","00009886","LA ESPERANZA DEL PERU S.A.","57","114","109","241","0","6","326","3","3","4","15","9","3","0","1","11"
"2016","08","150130","LIMA","LIMA","SAN BORJA","PRIVADO","III-1","00009886","LA ESPERANZA DEL PERU S.A.","54","108","109","236","0","6","314","3","3","1","14","9","3","0","1","11"
"2016","09","150130","LIMA","LIMA","SAN BORJA","PRIVADO","III-1","00009886","LA ESPERANZA DEL PERU S.A.","54","108","109","240","0","6","320","3","3","4","14","9","3","0","1","11"
"2016","07","150130","LIMA","LIMA","SAN BORJA","PRIVADO","III-1","00009886","LA ESPERANZA DEL PERU S.A.","59","108","108","238","0","10","312","3","3","1","10","9","3","0","1","11"
"2016","06","150130","LIMA","LIMA","SAN BORJA","PRIVADO","III-1","00009886","LA ESPERANZA DEL PERU S.A.","59","108","107","210","0","10","307","3","3","1","10","9","3","0","1","11"
"2016","05","150130","LIMA","LIMA","SAN BORJA","PRIVADO","III-1","00009886","LA ESPERANZA DEL PERU S.A.","59","108","107","219","0","11","301","2","3","1","10","9","3","0","1","11"
"2016","02","150130","LIMA","LIMA","SAN BORJA","PRIVADO","III-1","00009886","LA ESPERANZA DEL PERU S.A.","59","108","107","212","0","11","297","3","3","1","10","9","3","0","1","11"
"2016","03","150130","LIMA","LIMA","SAN BORJA","PRIVADO","III-1","00009886","LA ESPERANZA DEL PERU S.A.","59","108","107","215","0","11","297","3","3","1","10","9","3","0","1","11"
"2016","04","150130","LIMA","LIMA","SAN BORJA","PRIVADO","III-1","00009886","LA ESPERANZA DEL PERU S.A.","59","108","107","214","0","11","301","3","3","1","10","9","3","0","1","11"
"2016","01","150130","LIMA","LIMA","SAN BORJA","PRIVADO","III-1","00009886","LA ESPERANZA DEL PERU S.A.","59","108","107","213","0","11","289","3","3","1","10","9","3","0","1","11"
"2016","12","230103","TACNA","TACNA","CALANA","ESSALUD","II-2","00010185","HOSPITAL III DANIEL ALCIDES CARRIÓN","14","18","127","126","0","7","112","4","1","5","27","14","5","159","4","3"
"2016","11","230103","TACNA","TACNA","CALANA","ESSALUD","II-2","00010185","HOSPITAL III DANIEL ALCIDES CARRIÓN","14","18","124","126","0","7","112","4","1","5","27","14","5","159","4","3"
"2016","10","230103","TACNA","TACNA","CALANA","ESSALUD","II-2","00010185","HOSPITAL III DANIEL ALCIDES CARRIÓN","14","23","127","122","0","7","111","4","1","5","27","13","4","158","5","3"
"2016","09","230103","TACNA","TACNA","CALANA","ESSALUD","II-2","00010185","HOSPITAL III DANIEL ALCIDES CARRIÓN","14","17","117","124","0","7","113","4","1","5","27","12","4","158","5","3"
"2016","08","230103","TACNA","TACNA","CALANA","ESSALUD","II-2","00010185","HOSPITAL III DANIEL ALCIDES CARRIÓN","14","22","107","123","0","7","114","4","1","5","27","12","4","158","5","3"
"2016","07","230103","TACNA","TACNA","CALANA","ESSALUD","II-2","00010185","HOSPITAL III DANIEL ALCIDES CARRIÓN","14","25","107","124","0","7","114","5","1","5","27","12","4","158","5","3"
"2016","06","230103","TACNA","TACNA","CALANA","ESSALUD","II-2","00010185","HOSPITAL III DANIEL ALCIDES CARRIÓN","14","20","107","127","0","7","114","5","1","5","27","12","4","157","5","3"
"2016","05","230103","TACNA","TACNA","CALANA","ESSALUD","II-2","00010185","HOSPITAL III DANIEL ALCIDES CARRIÓN","14","22","107","124","0","7","115","5","1","5","27","13","4","157","4","3"
"2016","02","230103","TACNA","TACNA","CALANA","ESSALUD","II-2","00010185","HOSPITAL III DANIEL ALCIDES CARRIÓN","14","24","105","126","0","7","116","5","1","5","26","13","5","1","30","4"
"2016","01","230103","TACNA","TACNA","CALANA","ESSALUD","II-2","00010185","HOSPITAL III DANIEL ALCIDES CARRIÓN","14","24","117","126","0","7","117","5","1","5","27","13","5","1","30","4"
"2016","03","230103","TACNA","TACNA","CALANA","ESSALUD","II-2","00010185","HOSPITAL III DANIEL ALCIDES CARRIÓN","14","21","109","109","0","7","116","5","1","5","27","13","3","157","5","3"
"2016","04","230103","TACNA","TACNA","CALANA","ESSALUD","II-2","00010185","HOSPITAL III DANIEL ALCIDES CARRIÓN","14","25","109","127","0","7","116","5","1","5","27","13","3","157","5","3"
"2016","12","150131","LIMA","LIMA","SAN ISIDRO","PRIVADO","II-2","00009437","CLINICA LIMATAMBO","43","57","38","211","0","0","56","8","8","4","17","10","2","142","211","4"
"2016","11","150131","LIMA","LIMA","SAN ISIDRO","PRIVADO","II-2","00009437","CLINICA LIMATAMBO","43","57","39","161","0","0","56","8","8","4","16","10","2","134","218","4"
"2016","10","150131","LIMA","LIMA","SAN ISIDRO","PRIVADO","II-2","00009437","CLINICA LIMATAMBO","43","57","39","161","0","0","57","8","8","4","17","10","2","139","220","4"
"2016","09","150131","LIMA","LIMA","SAN ISIDRO","PRIVADO","II-2","00009437","CLINICA LIMATAMBO","43","57","39","161","0","0","54","8","8","4","16","10","2","141","216","4"
"2016","08","150131","LIMA","LIMA","SAN ISIDRO","PRIVADO","II-2","00009437","CLINICA LIMATAMBO","43","57","39","214","0","0","55","6","7","4","15","11","2","134","221","6"
"2016","07","150131","LIMA","LIMA","SAN ISIDRO","PRIVADO","II-2","00009437","CLINICA LIMATAMBO","43","57","39","214","0","0","55","6","7","4","15","11","2","134","221","6"
"2016","12","150114","LIMA","LIMA","LA MOLINA","PRIVADO","II-2","00009153","CLINICA MONTEFIORI","39","78","45","228","0","0","62","2","1","1","6","7","1","65","1","1"
"2016","11","150114","LIMA","LIMA","LA MOLINA","PRIVADO","II-2","00009153","CLINICA MONTEFIORI","39","78","46","200","0","0","62","2","1","1","6","7","1","65","1","1"
"2016","09","150114","LIMA","LIMA","LA MOLINA","PRIVADO","II-2","00009153","CLINICA MONTEFIORI","35","58","46","233","0","10","125","2","1","1","16","6","1","53","0","1"
"2016","10","150114","LIMA","LIMA","LA MOLINA","PRIVADO","II-2","00009153","CLINICA MONTEFIORI","35","58","46","233","0","10","125","2","1","1","16","6","1","53","0","1"
"2016","07","150114","LIMA","LIMA","LA MOLINA","PRIVADO","II-2","00009153","CLINICA MONTEFIORI","35","58","46","233","0","10","125","2","1","1","16","6","1","53","0","1"
"2016","08","150114","LIMA","LIMA","LA MOLINA","PRIVADO","II-2","00009153","CLINICA MONTEFIORI","35","58","46","233","0","10","125","2","1","1","16","6","1","53","0","1"
"2016","06","150114","LIMA","LIMA","LA MOLINA","PRIVADO","II-2","00009153","CLINICA MONTEFIORI","35","58","46","233","0","10","125","2","1","1","16","6","1","53","0","1"
"2016","05","150114","LIMA","LIMA","LA MOLINA","PRIVADO","II-2","00009153","CLINICA MONTEFIORI","35","58","46","233","0","10","125","2","1","1","16","6","1","53","0","1"
"2016","02","150114","LIMA","LIMA","LA MOLINA","PRIVADO","II-2","00009153","CLINICA MONTEFIORI","35","58","46","233","0","10","125","2","1","1","16","6","1","53","0","1"
"2016","04","150114","LIMA","LIMA","LA MOLINA","PRIVADO","II-2","00009153","CLINICA MONTEFIORI","35","58","46","233","0","10","125","2","1","1","16","6","1","53","0","1"
"2016","12","150134","LIMA","LIMA","SAN LUIS","PRIVADO","II-1","00008786","CLINICA SAN JUAN DE DIOS","31","62","129","98","0","13","76","5","4","5","83","10","2","108","22","1"
"2016","11","150134","LIMA","LIMA","SAN LUIS","PRIVADO","II-1","00008786","CLINICA SAN JUAN DE DIOS","31","62","120","98","0","23","78","5","4","16","83","10","2","120","24","1"
"2016","10","150134","LIMA","LIMA","SAN LUIS","PRIVADO","II-1","00008786","CLINICA SAN JUAN DE DIOS","31","62","129","98","0","23","78","5","4","16","84","10","2","125","24","1"
"2016","09","150134","LIMA","LIMA","SAN LUIS","PRIVADO","II-1","00008786","CLINICA SAN JUAN DE DIOS","31","62","129","98","0","23","78","5","4","16","84","10","2","125","24","1"
"2016","08","150134","LIMA","LIMA","SAN LUIS","PRIVADO","II-1","00008786","CLINICA SAN JUAN DE DIOS","31","62","127","95","0","24","80","5","4","16","84","10","2","126","24","1"
"2016","07","150134","LIMA","LIMA","SAN LUIS","PRIVADO","II-1","00008786","CLINICA SAN JUAN DE DIOS","31","62","128","96","0","23","80","5","4","16","84","10","2","125","24","1"
"2016","05","150134","LIMA","LIMA","SAN LUIS","PRIVADO","II-1","00008786","CLINICA SAN JUAN DE DIOS","31","62","91","95","0","23","78","5","4","16","84","10","2","125","24","1"
"2016","06","150134","LIMA","LIMA","SAN LUIS","PRIVADO","II-1","00008786","CLINICA SAN JUAN DE DIOS","31","62","129","98","0","23","78","5","4","16","84","10","2","125","24","1"
"2016","02","150134","LIMA","LIMA","SAN LUIS","PRIVADO","II-1","00008786","CLINICA SAN JUAN DE DIOS","31","62","91","95","0","23","79","5","4","16","84","12","2","125","24","1"
"2016","01","150134","LIMA","LIMA","SAN LUIS","PRIVADO","II-1","00008786","CLINICA SAN JUAN DE DIOS","31","62","90","105","0","0","73","5","5","8","14","12","2","127","6","2"
"2016","03","150134","LIMA","LIMA","SAN LUIS","PRIVADO","II-1","00008786","CLINICA SAN JUAN DE DIOS","31","62","91","95","0","23","79","5","4","16","84","10","2","125","24","1"
"2016","04","150134","LIMA","LIMA","SAN LUIS","PRIVADO","II-1","00008786","CLINICA SAN JUAN DE DIOS","31","62","91","95","0","23","78","5","4","16","84","10","2","125","24","1"
"2016","08","170101","MADRE DE DIOS","TAMBOPATA","TAMBOPATA","ESSALUD","II-1","00009319","HOSPITL I VICTOR ALFREDO LAZO PERALTA","7","10","25","34","3","8","30","4","1","1","8","6","3","40","34","3"
"2016","06","170101","MADRE DE DIOS","TAMBOPATA","TAMBOPATA","ESSALUD","II-1","00009319","HOSPITL I VICTOR ALFREDO LAZO PERALTA","7","10","25","34","3","8","30","4","1","1","8","6","3","40","34","3"
"2016","05","170101","MADRE DE DIOS","TAMBOPATA","TAMBOPATA","ESSALUD","II-1","00009319","HOSPITL I VICTOR ALFREDO LAZO PERALTA","7","10","25","34","3","8","30","4","1","1","8","6","3","40","34","3"
"2016","03","170101","MADRE DE DIOS","TAMBOPATA","TAMBOPATA","ESSALUD","II-1","00009319","HOSPITL I VICTOR ALFREDO LAZO PERALTA","7","10","25","34","3","8","30","4","1","1","8","6","3","40","34","3"
"2016","04","170101","MADRE DE DIOS","TAMBOPATA","TAMBOPATA","ESSALUD","II-1","00009319","HOSPITL I VICTOR ALFREDO LAZO PERALTA","7","10","25","34","3","8","30","4","1","1","8","6","3","40","34","3"
"2016","12","130111","LA LIBERTAD","TRUJILLO","VICTOR LARCO HERRERA","ESSALUD","0","00011659","POLICLINICO VICTOR LARCO HERRERA","14","28","0","15","0","0","7","2","1","1","5","2","3","21","12","0"
"2016","12","150113","LIMA","LIMA","JESUS MARIA","PRIVADO","III-1","00009116","CLINICA SAN FELIPE S.A.","53","94","141","214","0","7","173","0","0","3","28","12","4","331","0","0"
"2016","11","150113","LIMA","LIMA","JESUS MARIA","PRIVADO","III-1","00009116","CLINICA SAN FELIPE S.A.","53","94","141","214","0","7","165","0","0","3","29","12","4","324","0","0"
"2016","10","150113","LIMA","LIMA","JESUS MARIA","PRIVADO","III-1","00009116","CLINICA SAN FELIPE S.A.","53","94","141","214","0","7","170","0","0","3","29","12","4","323","0","0"
"2016","09","150113","LIMA","LIMA","JESUS MARIA","PRIVADO","III-1","00009116","CLINICA SAN FELIPE S.A.","53","94","141","214","0","7","168","0","0","3","29","12","6","323","0","0"
"2016","08","150113","LIMA","LIMA","JESUS MARIA","PRIVADO","III-1","00009116","CLINICA SAN FELIPE S.A.","53","94","141","398","0","7","155","0","0","3","26","11","5","313","0","0"
"2016","07","150113","LIMA","LIMA","JESUS MARIA","PRIVADO","III-1","00009116","CLINICA SAN FELIPE S.A.","53","94","141","398","0","21","159","0","0","3","26","11","5","309","0","0"
"2016","06","150113","LIMA","LIMA","JESUS MARIA","PRIVADO","III-1","00009116","CLINICA SAN FELIPE S.A.","53","94","141","400","0","7","161","0","0","3","29","11","5","312","0","0"
"2016","05","150113","LIMA","LIMA","JESUS MARIA","PRIVADO","III-1","00009116","CLINICA SAN FELIPE S.A.","53","94","141","396","0","8","157","0","0","2","27","11","6","301","0","0"
"2016","03","150113","LIMA","LIMA","JESUS MARIA","PRIVADO","III-1","00009116","CLINICA SAN FELIPE S.A.","53","94","141","388","0","8","158","0","0","3","27","11","2","293","0","0"
"2016","04","150113","LIMA","LIMA","JESUS MARIA","PRIVADO","III-1","00009116","CLINICA SAN FELIPE S.A.","53","94","141","396","0","8","157","0","0","3","27","11","5","302","0","0"
"2016","01","150113","LIMA","LIMA","JESUS MARIA","PRIVADO","III-1","00009116","CLINICA SAN FELIPE S.A.","53","94","141","370","0","8","157","0","0","3","27","11","2","288","0","0"
"2016","02","150113","LIMA","LIMA","JESUS MARIA","PRIVADO","III-1","00009116","CLINICA SAN FELIPE S.A.","53","94","141","370","0","8","161","0","0","3","26","11","2","308","0","0"
"2016","12","060101","CAJAMARCA","CAJAMARCA","CAJAMARCA","PRIVADO","II-1","00009234","CLINICA LOS FRESNOS","17","34","13","74","0","0","20","1","2","1","3","0","1","22","0","1"
"2016","11","060101","CAJAMARCA","CAJAMARCA","CAJAMARCA","PRIVADO","II-1","00009234","CLINICA LOS FRESNOS","17","34","13","74","0","0","20","1","2","1","3","0","1","22","0","1"
"2016","10","060101","CAJAMARCA","CAJAMARCA","CAJAMARCA","PRIVADO","II-1","00009234","CLINICA LOS FRESNOS","17","34","13","74","0","0","20","1","2","1","3","0","1","22","0","1"
"2016","09","060101","CAJAMARCA","CAJAMARCA","CAJAMARCA","PRIVADO","II-1","00009234","CLINICA LOS FRESNOS","17","34","13","74","0","0","20","1","2","1","3","0","1","22","0","1"
"2016","08","060101","CAJAMARCA","CAJAMARCA","CAJAMARCA","PRIVADO","II-1","00009234","CLINICA LOS FRESNOS","17","34","13","74","0","0","20","1","2","1","3","0","1","22","0","1"
"2016","07","060101","CAJAMARCA","CAJAMARCA","CAJAMARCA","PRIVADO","II-1","00009234","CLINICA LOS FRESNOS","17","34","13","74","0","0","20","1","2","1","3","0","1","22","0","1"
"2016","05","060101","CAJAMARCA","CAJAMARCA","CAJAMARCA","PRIVADO","II-1","00009234","CLINICA LOS FRESNOS","17","34","13","74","0","0","20","1","2","1","3","0","1","22","0","1"
"2016","06","060101","CAJAMARCA","CAJAMARCA","CAJAMARCA","PRIVADO","II-1","00009234","CLINICA LOS FRESNOS","17","34","13","74","0","0","20","1","2","1","3","0","1","22","0","1"
"2016","12","040401","AREQUIPA","CASTILLA","APLAO","ESSALUD","I-3","00013299","CENTRO MEDICO APLAO","5","5","0","2","1","0","1","1","1","0","0","1","0","6","0","1"
"2016","12","040303","AREQUIPA","CARAVELI","ATICO","ESSALUD","I-2","00012197","POSTA MEDICA ATICO","3","3","0","1","1","0","1","1","0","0","0","0","0","1","0","0"
"2016","12","040704","AREQUIPA","ISLAY","ISLAY","ESSALUD","I-2","00012192","POSTA MEDICA MATARANI","4","4","0","1","0","0","1","1","0","0","0","1","0","0","0","0"
"2016","12","040101","AREQUIPA","AREQUIPA","AREQUIPA","ESSALUD","I-3","00013297","POLICLINICO METROPOLITANO ESSALUD","24","36","0","45","0","0","20","6","2","0","0","3","1","3","57","0"
"2016","12","040112","AREQUIPA","AREQUIPA","PAUCARPATA","ESSALUD","I-4","00013296","HOSPITAL I EDMUNDO ESCOMEL","22","42","48","77","0","0","63","7","1","2","4","19","2","62","60","1"
"2016","10","040112","AREQUIPA","AREQUIPA","PAUCARPATA","ESSALUD","I-4","00013296","HOSPITAL I EDMUNDO ESCOMEL","22","43","48","70","0","0","64","8","1","2","5","19","2","85","60","1"
"2016","11","040112","AREQUIPA","AREQUIPA","PAUCARPATA","ESSALUD","I-4","00013296","HOSPITAL I EDMUNDO ESCOMEL","22","42","48","80","0","0","64","9","1","2","5","19","2","85","60","1"
"2016","12","040208","AREQUIPA","CAMANA","SAMUEL PASTOR","ESSALUD","I-4","00011009","HOSPITAL I SAMUEL PASTOR DE CAMANA ESSALUD","6","12","12","21","0","0","19","2","1","1","3","3","1","37","0","2"
"2016","10","040208","AREQUIPA","CAMANA","SAMUEL PASTOR","ESSALUD","I-4","00011009","HOSPITAL I SAMUEL PASTOR DE CAMANA ESSALUD","6","12","10","18","0","0","19","2","1","1","3","3","1","6","40","2"
"2016","11","040208","AREQUIPA","CAMANA","SAMUEL PASTOR","ESSALUD","I-4","00011009","HOSPITAL I SAMUEL PASTOR DE CAMANA ESSALUD","6","12","10","18","0","0","19","2","1","1","3","3","1","6","40","2"
"2016","09","040208","AREQUIPA","CAMANA","SAMUEL PASTOR","ESSALUD","I-4","00011009","HOSPITAL I SAMUEL PASTOR DE CAMANA ESSALUD","6","12","10","18","0","0","19","2","1","1","3","3","1","3","14","1"
"2016","08","040208","AREQUIPA","CAMANA","SAMUEL PASTOR","ESSALUD","I-4","00011009","HOSPITAL I SAMUEL PASTOR DE CAMANA ESSALUD","6","12","10","17","0","0","19","2","1","1","3","3","1","3","14","2"
"2016","07","040208","AREQUIPA","CAMANA","SAMUEL PASTOR","ESSALUD","I-4","00011009","HOSPITAL I SAMUEL PASTOR DE CAMANA ESSALUD","6","12","10","18","0","0","19","2","0","1","3","3","2","3","5","2"
"2016","05","040208","AREQUIPA","CAMANA","SAMUEL PASTOR","ESSALUD","I-4","00011009","HOSPITAL I SAMUEL PASTOR DE CAMANA ESSALUD","6","12","11","18","0","0","20","2","2","1","3","3","2","3","5","1"
"2016","06","040208","AREQUIPA","CAMANA","SAMUEL PASTOR","ESSALUD","I-4","00011009","HOSPITAL I SAMUEL PASTOR DE CAMANA ESSALUD","6","12","12","17","0","0","20","2","2","1","3","3","2","3","5","2"
"2016","03","040208","AREQUIPA","CAMANA","SAMUEL PASTOR","ESSALUD","I-4","00011009","HOSPITAL I SAMUEL PASTOR DE CAMANA ESSALUD","6","12","12","20","0","0","19","2","2","1","3","3","2","6","2","1"
"2016","04","040208","AREQUIPA","CAMANA","SAMUEL PASTOR","ESSALUD","I-4","00011009","HOSPITAL I SAMUEL PASTOR DE CAMANA ESSALUD","6","12","12","18","0","0","20","2","2","1","3","3","2","3","5","1"
"2016","02","040208","AREQUIPA","CAMANA","SAMUEL PASTOR","ESSALUD","I-4","00011009","HOSPITAL I SAMUEL PASTOR DE CAMANA ESSALUD","6","12","12","18","0","0","19","1","1","1","3","3","1","6","4","2"
"2016","01","040208","AREQUIPA","CAMANA","SAMUEL PASTOR","ESSALUD","I-4","00011009","HOSPITAL I SAMUEL PASTOR DE CAMANA ESSALUD","6","10","10","21","0","0","19","2","1","1","3","3","2","6","4","1"
"2016","10","150108","LIMA","LIMA","CHORRILLOS","SANIDAD DEL EJERCITO DEL PERU","II-E","00010098","HOSPITAL MILITAR GERIATRICO","31","35","20","37","4","0","57","11","12","2","11","0","0","63","3","1"
"2016","09","150108","LIMA","LIMA","CHORRILLOS","SANIDAD DEL EJERCITO DEL PERU","II-E","00010098","HOSPITAL MILITAR GERIATRICO","31","35","20","36","4","0","57","11","12","2","11","0","0","64","3","1"
"2016","08","150108","LIMA","LIMA","CHORRILLOS","SANIDAD DEL EJERCITO DEL PERU","II-E","00010098","HOSPITAL MILITAR GERIATRICO","31","35","20","33","4","0","58","11","12","2","11","0","0","64","3","1"
"2016","07","150108","LIMA","LIMA","CHORRILLOS","SANIDAD DEL EJERCITO DEL PERU","II-E","00010098","HOSPITAL MILITAR GERIATRICO","31","35","20","30","4","0","58","11","12","2","11","0","0","63","3","1"
"2016","06","150108","LIMA","LIMA","CHORRILLOS","SANIDAD DEL EJERCITO DEL PERU","II-E","00010098","HOSPITAL MILITAR GERIATRICO","31","35","20","35","4","2","58","10","12","2","10","0","0","53","4","1"
"2016","05","150108","LIMA","LIMA","CHORRILLOS","SANIDAD DEL EJERCITO DEL PERU","II-E","00010098","HOSPITAL MILITAR GERIATRICO","31","35","20","34","1","3","59","9","11","2","10","0","0","54","3","1"
"2016","12","150108","LIMA","LIMA","CHORRILLOS","SANIDAD DEL EJERCITO DEL PERU","II-E","00010098","HOSPITAL MILITAR GERIATRICO","31","35","20","39","4","0","59","11","10","2","11","0","1","60","2","1"
"2016","11","150108","LIMA","LIMA","CHORRILLOS","SANIDAD DEL EJERCITO DEL PERU","II-E","00010098","HOSPITAL MILITAR GERIATRICO","31","35","20","38","4","0","57","11","12","2","11","0","0","64","3","1"
"2016","10","150131","LIMA","LIMA","SAN ISIDRO","PRIVADO","II-1","00009288","CENTRO DE INVESTIGACION Y ATENCION CARDIOVASCULAR SOCIEDAD ANONIMA CERRADA","4","7","3","6","0","0","3","0","0","0","0","0","0","3","2","1"
"2016","09","150131","LIMA","LIMA","SAN ISIDRO","PRIVADO","II-1","00009288","CENTRO DE INVESTIGACION Y ATENCION CARDIOVASCULAR SOCIEDAD ANONIMA CERRADA","4","7","3","6","0","0","3","0","0","0","0","0","0","3","2","1"
"2016","08","150131","LIMA","LIMA","SAN ISIDRO","PRIVADO","II-1","00009288","CENTRO DE INVESTIGACION Y ATENCION CARDIOVASCULAR SOCIEDAD ANONIMA CERRADA","4","7","3","6","0","0","3","0","0","0","0","0","0","3","2","1"
"2016","07","150131","LIMA","LIMA","SAN ISIDRO","PRIVADO","II-1","00009288","CENTRO DE INVESTIGACION Y ATENCION CARDIOVASCULAR SOCIEDAD ANONIMA CERRADA","4","7","3","6","0","0","3","0","0","0","0","0","0","3","2","1"
"2016","05","150131","LIMA","LIMA","SAN ISIDRO","PRIVADO","II-1","00009288","CENTRO DE INVESTIGACION Y ATENCION CARDIOVASCULAR SOCIEDAD ANONIMA CERRADA","4","7","3","6","0","0","3","0","0","0","0","0","0","3","2","1"
"2016","06","150131","LIMA","LIMA","SAN ISIDRO","PRIVADO","II-1","00009288","CENTRO DE INVESTIGACION Y ATENCION CARDIOVASCULAR SOCIEDAD ANONIMA CERRADA","4","7","3","6","0","0","3","0","0","0","0","0","0","3","2","1"
"2016","12","040122","AREQUIPA","AREQUIPA","SOCABAYA","ESSALUD","I-3","00013298","CAP III MELITON SALAS TEJADA","16","25","0","15","0","0","6","3","0","0","2","3","2","12","1","0"
"2016","12","110201","ICA","CHINCHA","CHINCHA ALTA","PRIVADO","II-1","00010559","CLINICA DANIEL A. CARRION S.A.C.","3","9","10","18","0","0","4","0","0","0","1","0","1","8","0","1"
"2016","11","110201","ICA","CHINCHA","CHINCHA ALTA","PRIVADO","II-1","00010559","CLINICA DANIEL A. CARRION S.A.C.","3","9","10","18","0","0","4","0","0","0","1","0","1","8","0","1"
"2016","06","110201","ICA","CHINCHA","CHINCHA ALTA","PRIVADO","II-1","00010559","CLINICA DANIEL A. CARRION S.A.C.","3","9","10","18","0","0","4","0","0","0","1","0","1","8","0","1"
"2016","05","110201","ICA","CHINCHA","CHINCHA ALTA","PRIVADO","II-1","00010559","CLINICA DANIEL A. CARRION S.A.C.","3","9","10","18","0","0","4","0","0","0","1","0","1","8","0","1"
"2016","09","110201","ICA","CHINCHA","CHINCHA ALTA","PRIVADO","II-1","00010559","CLINICA DANIEL A. CARRION S.A.C.","3","9","10","18","0","0","4","0","0","0","1","0","1","8","0","1"
"2016","08","110201","ICA","CHINCHA","CHINCHA ALTA","PRIVADO","II-1","00010559","CLINICA DANIEL A. CARRION S.A.C.","3","9","10","18","0","0","4","0","0","0","1","0","1","8","0","1"
"2016","04","110201","ICA","CHINCHA","CHINCHA ALTA","PRIVADO","II-1","00010559","CLINICA DANIEL A. CARRION S.A.C.","3","9","10","18","0","0","4","0","0","0","1","0","1","8","0","1"
"2016","10","110201","ICA","CHINCHA","CHINCHA ALTA","PRIVADO","II-1","00010559","CLINICA DANIEL A. CARRION S.A.C.","3","9","10","18","0","0","4","0","0","0","1","0","1","8","0","1"
"2016","07","110201","ICA","CHINCHA","CHINCHA ALTA","PRIVADO","II-1","00010559","CLINICA DANIEL A. CARRION S.A.C.","3","9","10","18","0","0","4","0","0","0","1","0","1","8","0","1"
"2016","03","110201","ICA","CHINCHA","CHINCHA ALTA","PRIVADO","II-1","00010559","CLINICA DANIEL A. CARRION S.A.C.","3","9","10","18","0","0","4","0","0","0","1","0","1","8","0","1"
"2016","02","110201","ICA","CHINCHA","CHINCHA ALTA","PRIVADO","II-1","00010559","CLINICA DANIEL A. CARRION S.A.C.","3","9","10","18","0","0","4","0","0","0","1","0","1","8","0","1"
"2016","12","120101","JUNIN","HUANCAYO","HUANCAYO","PRIVADO","II-1","00008858","CLINICA ORTEGA","32","32","52","60","0","0","20","2","2","0","4","0","3","31","30","1"
"2016","11","120101","JUNIN","HUANCAYO","HUANCAYO","PRIVADO","II-1","00008858","CLINICA ORTEGA","32","32","52","60","0","0","20","2","2","0","4","0","3","31","30","1"
"2016","10","120101","JUNIN","HUANCAYO","HUANCAYO","PRIVADO","II-1","00008858","CLINICA ORTEGA","32","32","52","60","0","0","20","2","2","0","4","0","3","31","30","1"
"2016","09","120101","JUNIN","HUANCAYO","HUANCAYO","PRIVADO","II-1","00008858","CLINICA ORTEGA","32","32","52","60","0","0","20","2","2","0","4","0","3","31","30","1"
"2016","07","120101","JUNIN","HUANCAYO","HUANCAYO","PRIVADO","II-1","00008858","CLINICA ORTEGA","32","32","52","60","0","0","20","2","2","0","4","0","3","31","30","1"
"2016","08","120101","JUNIN","HUANCAYO","HUANCAYO","PRIVADO","II-1","00008858","CLINICA ORTEGA","32","32","52","60","0","0","20","2","2","0","4","0","3","31","30","1"
"2016","06","120101","JUNIN","HUANCAYO","HUANCAYO","PRIVADO","II-1","00008858","CLINICA ORTEGA","32","32","52","60","0","0","20","2","2","0","4","0","3","31","30","1"
"2016","04","120101","JUNIN","HUANCAYO","HUANCAYO","PRIVADO","II-1","00008858","CLINICA ORTEGA","32","32","52","60","0","0","20","2","2","0","4","0","3","31","30","1"
"2016","05","120101","JUNIN","HUANCAYO","HUANCAYO","PRIVADO","II-1","00008858","CLINICA ORTEGA","32","32","52","60","0","0","20","2","2","0","4","0","3","31","30","1"
"2016","02","120101","JUNIN","HUANCAYO","HUANCAYO","PRIVADO","II-1","00008858","CLINICA ORTEGA","32","32","52","60","0","0","20","2","2","0","4","0","3","31","30","1"
"2016","12","200501","PIURA","PAITA","PAITA","ESSALUD","0","00011763","HOSPITAL I MIGUEL CRUZADO VERA - PAITA","6","8","12","11","0","0","15","1","2","1","1","6","1","0","2","2"
"2016","11","200501","PIURA","PAITA","PAITA","ESSALUD","0","00011763","HOSPITAL I MIGUEL CRUZADO VERA - PAITA","6","8","12","12","0","0","15","1","2","1","1","6","1","33","1","2"
"2016","10","200501","PIURA","PAITA","PAITA","ESSALUD","0","00011763","HOSPITAL I MIGUEL CRUZADO VERA - PAITA","6","8","12","12","0","0","15","1","2","1","1","6","1","33","1","2"
"2016","09","200501","PIURA","PAITA","PAITA","ESSALUD","0","00011763","HOSPITAL I MIGUEL CRUZADO VERA - PAITA","6","7","13","12","0","0","15","1","2","1","0","6","1","33","0","2"
"2016","08","200501","PIURA","PAITA","PAITA","ESSALUD","0","00011763","HOSPITAL I MIGUEL CRUZADO VERA - PAITA","6","8","12","12","0","0","15","1","2","1","0","6","1","33","2","2"
"2016","07","200501","PIURA","PAITA","PAITA","ESSALUD","0","00011763","HOSPITAL I MIGUEL CRUZADO VERA - PAITA","6","8","12","12","0","0","15","1","2","1","0","6","1","33","3","1"
"2016","06","200501","PIURA","PAITA","PAITA","ESSALUD","0","00011763","HOSPITAL I MIGUEL CRUZADO VERA - PAITA","6","8","14","12","0","0","15","1","2","1","0","6","1","0","1","2"
"2016","12","210701","PUNO","LAMPA","LAMPA","ESSALUD","II-1","00009900","HOSPITAL I LAMPA - ESSALUD - RED ASISTENCIAL JULIACA","8","8","11","1","0","0","6","1","1","1","1","1","1","5","1","0"
"2016","11","210701","PUNO","LAMPA","LAMPA","ESSALUD","II-1","00009900","HOSPITAL I LAMPA - ESSALUD - RED ASISTENCIAL JULIACA","8","7","11","2","0","0","6","1","1","1","0","1","1","5","1","0"
"2016","10","210701","PUNO","LAMPA","LAMPA","ESSALUD","II-1","00009900","HOSPITAL I LAMPA - ESSALUD - RED ASISTENCIAL JULIACA","7","7","11","2","0","0","6","1","1","1","0","1","1","5","1","0"
"2016","09","210701","PUNO","LAMPA","LAMPA","ESSALUD","II-1","00009900","HOSPITAL I LAMPA - ESSALUD - RED ASISTENCIAL JULIACA","7","7","11","2","0","0","6","1","1","1","0","1","1","5","1","0"
"2016","08","210701","PUNO","LAMPA","LAMPA","ESSALUD","II-1","00009900","HOSPITAL I LAMPA - ESSALUD - RED ASISTENCIAL JULIACA","7","7","11","2","0","0","6","1","1","1","0","1","1","5","1","0"
"2016","07","210701","PUNO","LAMPA","LAMPA","ESSALUD","II-1","00009900","HOSPITAL I LAMPA - ESSALUD - RED ASISTENCIAL JULIACA","7","7","11","2","0","0","6","1","1","1","0","1","1","5","1","0"
"2016","06","210701","PUNO","LAMPA","LAMPA","ESSALUD","II-1","00009900","HOSPITAL I LAMPA - ESSALUD - RED ASISTENCIAL JULIACA","7","7","11","2","0","0","6","1","1","1","0","1","1","5","1","0"
"2016","05","210701","PUNO","LAMPA","LAMPA","ESSALUD","II-1","00009900","HOSPITAL I LAMPA - ESSALUD - RED ASISTENCIAL JULIACA","7","7","11","2","0","0","6","1","1","1","0","1","1","6","1","0"
"2016","02","210701","PUNO","LAMPA","LAMPA","ESSALUD","II-1","00009900","HOSPITAL I LAMPA - ESSALUD - RED ASISTENCIAL JULIACA","7","7","11","2","0","0","6","1","1","1","0","1","1","6","1","0"
"2016","04","210701","PUNO","LAMPA","LAMPA","ESSALUD","II-1","00009900","HOSPITAL I LAMPA - ESSALUD - RED ASISTENCIAL JULIACA","7","7","11","2","0","0","6","1","1","1","0","1","0","6","1","0"
"2016","03","210701","PUNO","LAMPA","LAMPA","ESSALUD","II-1","00009900","HOSPITAL I LAMPA - ESSALUD - RED ASISTENCIAL JULIACA","7","7","11","2","0","0","6","1","1","1","0","1","0","6","1","0"
"2016","10","211101","PUNO","SAN ROMAN","JULIACA","ESSALUD","II-2","00009899","HOSPITAL BASE III JULIACA - ESSALUD - RED ASISTENCIAL JULIACA","28","42","76","83","0","17","83","7","2","6","20","12","6","103","3","3"
"2016","12","211101","PUNO","SAN ROMAN","JULIACA","ESSALUD","II-2","00009899","HOSPITAL BASE III JULIACA - ESSALUD - RED ASISTENCIAL JULIACA","28","42","76","84","0","17","84","8","2","6","20","13","7","94","3","3"
"2016","11","211101","PUNO","SAN ROMAN","JULIACA","ESSALUD","II-2","00009899","HOSPITAL BASE III JULIACA - ESSALUD - RED ASISTENCIAL JULIACA","28","42","76","84","0","17","84","8","2","6","20","13","7","94","3","3"
"2016","08","211101","PUNO","SAN ROMAN","JULIACA","ESSALUD","II-2","00009899","HOSPITAL BASE III JULIACA - ESSALUD - RED ASISTENCIAL JULIACA","28","42","76","80","0","17","83","8","2","6","20","12","6","103","3","3"
"2016","09","211101","PUNO","SAN ROMAN","JULIACA","ESSALUD","II-2","00009899","HOSPITAL BASE III JULIACA - ESSALUD - RED ASISTENCIAL JULIACA","28","42","76","83","0","17","83","7","2","6","20","12","6","103","3","3"
"2016","07","211101","PUNO","SAN ROMAN","JULIACA","ESSALUD","II-2","00009899","HOSPITAL BASE III JULIACA - ESSALUD - RED ASISTENCIAL JULIACA","28","42","76","75","0","17","84","7","2","6","20","12","5","95","3","3"
"2016","06","211101","PUNO","SAN ROMAN","JULIACA","ESSALUD","II-2","00009899","HOSPITAL BASE III JULIACA - ESSALUD - RED ASISTENCIAL JULIACA","28","42","76","74","0","21","84","7","2","5","19","12","6","95","4","4"
"2016","05","211101","PUNO","SAN ROMAN","JULIACA","ESSALUD","II-2","00009899","HOSPITAL BASE III JULIACA - ESSALUD - RED ASISTENCIAL JULIACA","28","42","79","74","0","21","84","7","2","5","19","12","6","95","4","4"
"2016","01","211101","PUNO","SAN ROMAN","JULIACA","ESSALUD","II-2","00009899","HOSPITAL BASE III JULIACA - ESSALUD - RED ASISTENCIAL JULIACA","28","42","76","71","0","21","88","8","2","6","20","12","6","85","8","4"
"2016","02","211101","PUNO","SAN ROMAN","JULIACA","ESSALUD","II-2","00009899","HOSPITAL BASE III JULIACA - ESSALUD - RED ASISTENCIAL JULIACA","28","42","76","63","0","21","84","8","2","6","20","12","5","85","8","4"
"2016","04","211101","PUNO","SAN ROMAN","JULIACA","ESSALUD","II-2","00009899","HOSPITAL BASE III JULIACA - ESSALUD - RED ASISTENCIAL JULIACA","28","42","76","74","0","21","84","7","2","5","19","12","6","95","4","4"
"2016","12","080108","CUSCO","CUSCO","WANCHAQ","ESSALUD","III-1","00010041","HOSPITAL NACIONAL ADOLFO GUEVARA VELASCO","31","32","277","169","0","29","247","2","3","3","39","19","13","20","316","3"
"2016","11","080108","CUSCO","CUSCO","WANCHAQ","ESSALUD","III-1","00010041","HOSPITAL NACIONAL ADOLFO GUEVARA VELASCO","31","32","277","169","0","29","247","2","3","3","39","19","12","20","318","3"
"2016","10","080108","CUSCO","CUSCO","WANCHAQ","ESSALUD","III-1","00010041","HOSPITAL NACIONAL ADOLFO GUEVARA VELASCO","31","32","277","162","0","29","247","2","3","3","39","19","13","20","319","3"
"2016","09","080108","CUSCO","CUSCO","WANCHAQ","ESSALUD","III-1","00010041","HOSPITAL NACIONAL ADOLFO GUEVARA VELASCO","31","32","277","166","0","29","248","2","3","3","39","20","13","20","318","3"
"2016","07","080108","CUSCO","CUSCO","WANCHAQ","ESSALUD","III-1","00010041","HOSPITAL NACIONAL ADOLFO GUEVARA VELASCO","31","33","277","164","0","19","247","2","3","3","39","20","13","20","315","3"
"2016","08","080108","CUSCO","CUSCO","WANCHAQ","ESSALUD","III-1","00010041","HOSPITAL NACIONAL ADOLFO GUEVARA VELASCO","31","29","277","166","0","29","248","2","3","3","39","20","13","20","318","3"
"2016","06","080108","CUSCO","CUSCO","WANCHAQ","ESSALUD","III-1","00010041","HOSPITAL NACIONAL ADOLFO GUEVARA VELASCO","31","33","277","170","0","28","247","2","3","3","39","19","13","20","314","3"
"2016","05","080108","CUSCO","CUSCO","WANCHAQ","ESSALUD","III-1","00010041","HOSPITAL NACIONAL ADOLFO GUEVARA VELASCO","31","35","260","171","0","28","248","2","3","3","39","19","13","20","311","3"
"2016","01","080108","CUSCO","CUSCO","WANCHAQ","ESSALUD","III-1","00010041","HOSPITAL NACIONAL ADOLFO GUEVARA VELASCO","31","30","260","169","0","28","251","2","3","4","39","21","11","20","314","3"
"2016","03","080108","CUSCO","CUSCO","WANCHAQ","ESSALUD","III-1","00010041","HOSPITAL NACIONAL ADOLFO GUEVARA VELASCO","31","28","260","161","0","28","249","2","2","3","37","19","7","20","324","3"
"2016","02","080108","CUSCO","CUSCO","WANCHAQ","ESSALUD","III-1","00010041","HOSPITAL NACIONAL ADOLFO GUEVARA VELASCO","31","31","260","169","0","28","249","2","2","4","37","19","7","20","323","3"
"2016","04","080108","CUSCO","CUSCO","WANCHAQ","ESSALUD","III-1","00010041","HOSPITAL NACIONAL ADOLFO GUEVARA VELASCO","31","28","260","160","0","28","248","2","2","3","37","19","7","20","324","3"
"2016","12","190109","PASCO","PASCO","SIMON BOLIVAR","ESSALUD","II-2","00009747","HOSPITAL II PASCO","28","49","43","71","0","0","71","5","2","2","17","13","3","116","5","5"
"2016","03","190109","PASCO","PASCO","SIMON BOLIVAR","ESSALUD","II-2","00009747","HOSPITAL II PASCO","25","43","62","61","0","0","65","5","2","1","17","13","3","116","5","5"
"2016","10","190109","PASCO","PASCO","SIMON BOLIVAR","ESSALUD","II-2","00009747","HOSPITAL II PASCO","28","48","55","70","0","0","68","5","2","2","17","13","3","116","5","5"
"2016","09","190109","PASCO","PASCO","SIMON BOLIVAR","ESSALUD","II-2","00009747","HOSPITAL II PASCO","28","48","57","70","0","0","67","5","2","2","17","13","3","116","5","5"
"2016","08","190109","PASCO","PASCO","SIMON BOLIVAR","ESSALUD","II-2","00009747","HOSPITAL II PASCO","28","49","54","67","0","0","63","5","2","1","17","12","3","116","5","5"
"2016","01","190109","PASCO","PASCO","SIMON BOLIVAR","ESSALUD","II-2","00009747","HOSPITAL II PASCO","25","42","57","62","0","0","59","5","2","2","16","13","3","110","9","5"
"2016","04","190109","PASCO","PASCO","SIMON BOLIVAR","ESSALUD","II-2","00009747","HOSPITAL II PASCO","25","43","54","61","0","0","66","5","2","1","17","13","3","116","5","5"
"2016","02","190109","PASCO","PASCO","SIMON BOLIVAR","ESSALUD","II-2","00009747","HOSPITAL II PASCO","25","42","63","63","0","0","65","5","2","1","17","13","3","116","5","5"
"2016","11","190109","PASCO","PASCO","SIMON BOLIVAR","ESSALUD","II-2","00009747","HOSPITAL II PASCO","28","49","50","70","0","0","68","5","2","2","17","13","3","116","5","5"
"2016","07","190109","PASCO","PASCO","SIMON BOLIVAR","ESSALUD","II-2","00009747","HOSPITAL II PASCO","25","43","57","67","0","0","63","5","2","1","17","12","3","116","5","5"
"2016","05","190109","PASCO","PASCO","SIMON BOLIVAR","ESSALUD","II-2","00009747","HOSPITAL II PASCO","25","43","54","61","0","0","65","5","2","1","17","14","3","116","5","5"
"2016","06","190109","PASCO","PASCO","SIMON BOLIVAR","ESSALUD","II-2","00009747","HOSPITAL II PASCO","25","43","57","61","0","0","65","5","3","1","17","13","3","116","5","5"
"2016","12","190301","PASCO","OXAPAMPA","OXAPAMPA","ESSALUD","II-1","00009748","HOSPITAL I OXAPAMPA","13","24","12","11","0","0","15","2","0","1","3","2","1","14","1","2"
"2016","10","190301","PASCO","OXAPAMPA","OXAPAMPA","ESSALUD","II-1","00009748","HOSPITAL I OXAPAMPA","13","24","15","11","0","0","16","2","0","1","3","1","1","14","1","2"
"2016","09","190301","PASCO","OXAPAMPA","OXAPAMPA","ESSALUD","II-1","00009748","HOSPITAL I OXAPAMPA","13","24","15","12","0","0","16","2","0","1","3","2","1","14","1","2"
"2016","08","190301","PASCO","OXAPAMPA","OXAPAMPA","ESSALUD","II-1","00009748","HOSPITAL I OXAPAMPA","13","24","10","12","0","0","15","2","0","1","3","1","1","14","1","2"
"2016","06","190301","PASCO","OXAPAMPA","OXAPAMPA","ESSALUD","II-1","00009748","HOSPITAL I OXAPAMPA","13","24","15","11","0","0","16","2","0","1","3","1","1","14","1","2"
"2016","02","190301","PASCO","OXAPAMPA","OXAPAMPA","ESSALUD","II-1","00009748","HOSPITAL I OXAPAMPA","13","26","12","14","0","0","18","2","1","1","3","4","1","11","1","0"
"2016","01","190301","PASCO","OXAPAMPA","OXAPAMPA","ESSALUD","II-1","00009748","HOSPITAL I OXAPAMPA","13","26","15","12","0","0","18","2","0","1","3","1","1","11","2","2"
"2016","11","190301","PASCO","OXAPAMPA","OXAPAMPA","ESSALUD","II-1","00009748","HOSPITAL I OXAPAMPA","13","24","16","11","0","0","15","2","0","1","3","1","1","14","1","2"
"2016","07","190301","PASCO","OXAPAMPA","OXAPAMPA","ESSALUD","II-1","00009748","HOSPITAL I OXAPAMPA","12","24","15","11","0","0","17","2","0","1","3","2","1","14","1","2"
"2016","05","190301","PASCO","OXAPAMPA","OXAPAMPA","ESSALUD","II-1","00009748","HOSPITAL I OXAPAMPA","13","26","15","11","0","0","16","2","0","1","3","1","1","14","1","2"
"2016","03","190301","PASCO","OXAPAMPA","OXAPAMPA","ESSALUD","II-1","00009748","HOSPITAL I OXAPAMPA","13","26","15","11","0","0","18","2","1","1","3","1","1","13","1","2"
"2016","04","190301","PASCO","OXAPAMPA","OXAPAMPA","ESSALUD","II-1","00009748","HOSPITAL I OXAPAMPA","13","26","15","11","0","0","18","2","1","1","3","1","1","14","1","2"
"2016","12","190103","PASCO","PASCO","HUARIACA","ESSALUD","II-E","00009749","HOSPITAL II - E HUARIACA","6","6","94","14","0","0","34","1","2","1","2","1","1","78","3","2"
"2016","01","190103","PASCO","PASCO","HUARIACA","ESSALUD","II-E","00009749","HOSPITAL II - E HUARIACA","5","5","95","13","0","0","34","2","2","1","2","1","1","10","5","2"
"2016","09","190103","PASCO","PASCO","HUARIACA","ESSALUD","II-E","00009749","HOSPITAL II - E HUARIACA","6","6","95","18","0","0","33","2","2","1","0","1","1","77","3","2"
"2016","08","190103","PASCO","PASCO","HUARIACA","ESSALUD","II-E","00009749","HOSPITAL II - E HUARIACA","6","6","6","17","0","0","32","2","2","1","2","1","1","81","1","2"
"2016","07","190103","PASCO","PASCO","HUARIACA","ESSALUD","II-E","00009749","HOSPITAL II - E HUARIACA","6","6","95","11","0","0","34","2","2","1","2","1","1","84","1","2"
"2016","04","190103","PASCO","PASCO","HUARIACA","ESSALUD","II-E","00009749","HOSPITAL II - E HUARIACA","6","6","95","14","0","0","36","2","2","1","2","1","1","58","2","2"
"2016","02","190103","PASCO","PASCO","HUARIACA","ESSALUD","II-E","00009749","HOSPITAL II - E HUARIACA","6","6","95","13","0","0","34","2","1","1","0","1","0","10","2","2"
"2016","06","190103","PASCO","PASCO","HUARIACA","ESSALUD","II-E","00009749","HOSPITAL II - E HUARIACA","6","6","95","10","0","0","31","2","2","0","2","1","1","68","1","2"
"2016","05","190103","PASCO","PASCO","HUARIACA","ESSALUD","II-E","00009749","HOSPITAL II - E HUARIACA","6","6","95","13","0","0","34","2","2","1","2","1","1","59","1","2"
"2016","11","190103","PASCO","PASCO","HUARIACA","ESSALUD","II-E","00009749","HOSPITAL II - E HUARIACA","5","9","95","14","0","0","34","2","2","1","2","1","1","83","3","2"
"2016","10","190103","PASCO","PASCO","HUARIACA","ESSALUD","II-E","00009749","HOSPITAL II - E HUARIACA","7","15","94","14","0","0","34","2","2","1","2","1","1","80","3","2"
"2016","03","190103","PASCO","PASCO","HUARIACA","ESSALUD","II-E","00009749","HOSPITAL II - E HUARIACA","15","169","94","12","0","0","3133","2","12","1","2","1","1","41","1","2"
"2016","11","081301","CUSCO","URUBAMBA","URUBAMBA","ESSALUD","I-4","00010060","CAS URUBAMBA - ESSALUD","4","5","5","5","0","0","6","1","1","0","0","1","1","3","1","1"
"2016","09","081301","CUSCO","URUBAMBA","URUBAMBA","ESSALUD","I-4","00010060","CAS URUBAMBA - ESSALUD","4","5","5","6","0","0","6","1","1","0","0","1","0","3","1","1"
"2016","10","081301","CUSCO","URUBAMBA","URUBAMBA","ESSALUD","I-4","00010060","CAS URUBAMBA - ESSALUD","4","5","5","6","0","0","6","1","1","0","0","1","1","3","1","1"
"2016","08","081301","CUSCO","URUBAMBA","URUBAMBA","ESSALUD","I-4","00010060","CAS URUBAMBA - ESSALUD","4","5","5","6","0","0","6","1","1","0","0","1","0","3","1","1"
"2016","07","080901","CUSCO","LA CONVENCION","SANTA ANA","ESSALUD","I-4","00010062","QUILLABAMBA -ESSALUD","4","4","8","9","0","0","10","2","0","0","2","2","1","0","12","3"
"2016","12","080601","CUSCO","CANCHIS","SICUANI","ESSALUD","II-1","00010063","HOSPITAL ESSALUD SICUANI","4","4","17","9","0","0","15","1","0","0","4","1","1","1","1","2"
"2016","11","080601","CUSCO","CANCHIS","SICUANI","ESSALUD","II-1","00010063","HOSPITAL ESSALUD SICUANI","4","4","15","9","0","0","15","1","0","0","4","1","1","1","1","2"
"2016","10","080601","CUSCO","CANCHIS","SICUANI","ESSALUD","II-1","00010063","HOSPITAL ESSALUD SICUANI","4","4","18","9","0","0","16","1","0","0","4","1","1","1","0","2"
"2016","09","080601","CUSCO","CANCHIS","SICUANI","ESSALUD","II-1","00010063","HOSPITAL ESSALUD SICUANI","5","4","16","10","0","0","16","1","0","0","4","1","1","0","0","2"
"2016","07","080601","CUSCO","CANCHIS","SICUANI","ESSALUD","II-1","00010063","HOSPITAL ESSALUD SICUANI","5","4","18","9","0","0","16","1","0","0","4","1","1","1","0","2"
"2016","08","080601","CUSCO","CANCHIS","SICUANI","ESSALUD","II-1","00010063","HOSPITAL ESSALUD SICUANI","5","5","18","10","0","0","16","1","0","0","4","1","1","1","0","2"
"2016","06","080601","CUSCO","CANCHIS","SICUANI","ESSALUD","II-1","00010063","HOSPITAL ESSALUD SICUANI","5","5","18","10","0","0","16","1","0","0","4","1","1","1","0","2"
"2016","05","080601","CUSCO","CANCHIS","SICUANI","ESSALUD","II-1","00010063","HOSPITAL ESSALUD SICUANI","5","5","17","10","0","0","16","1","0","0","4","1","1","1","0","2"
"2016","04","080601","CUSCO","CANCHIS","SICUANI","ESSALUD","II-1","00010063","HOSPITAL ESSALUD SICUANI","4","4","17","10","0","0","16","1","0","0","4","1","1","1","0","2"
"2016","02","080601","CUSCO","CANCHIS","SICUANI","ESSALUD","II-1","00010063","HOSPITAL ESSALUD SICUANI","5","5","15","10","0","0","16","1","0","0","4","1","1","1","0","2"
"2016","01","080601","CUSCO","CANCHIS","SICUANI","ESSALUD","II-1","00010063","HOSPITAL ESSALUD SICUANI","4","5","16","9","0","0","15","1","0","0","4","1","1","0","0","20"
"2016","03","080601","CUSCO","CANCHIS","SICUANI","ESSALUD","II-1","00010063","HOSPITAL ESSALUD SICUANI","2","2","16","11","0","0","15","1","0","0","4","1","1","1","0","2"
"2016","12","250101","UCAYALI","CORONEL PORTILLO","CALLERIA","SANIDAD DE LA POLICIA NACIONAL DEL PERU","I-3","00010148","POLICLINICO SANIDAD DE LA POLICIA NACIONAL DEL PERU","5","5","0","2","2","0","5","1","1","1","1","0","2","14","0","1"
"2016","11","250101","UCAYALI","CORONEL PORTILLO","CALLERIA","SANIDAD DE LA POLICIA NACIONAL DEL PERU","I-3","00010148","POLICLINICO SANIDAD DE LA POLICIA NACIONAL DEL PERU","5","5","0","2","2","0","5","1","1","1","1","0","2","13","0","1"
"2016","09","250101","UCAYALI","CORONEL PORTILLO","CALLERIA","SANIDAD DE LA POLICIA NACIONAL DEL PERU","I-3","00010148","POLICLINICO SANIDAD DE LA POLICIA NACIONAL DEL PERU","5","5","0","2","2","0","4","1","1","1","1","0","2","9","0","1"
"2016","10","250101","UCAYALI","CORONEL PORTILLO","CALLERIA","SANIDAD DE LA POLICIA NACIONAL DEL PERU","I-3","00010148","POLICLINICO SANIDAD DE LA POLICIA NACIONAL DEL PERU","5","5","0","2","2","0","3","1","1","0","1","0","2","8","0","1"
"2016","08","250101","UCAYALI","CORONEL PORTILLO","CALLERIA","SANIDAD DE LA POLICIA NACIONAL DEL PERU","I-3","00010148","POLICLINICO SANIDAD DE LA POLICIA NACIONAL DEL PERU","5","5","0","2","2","0","4","1","1","1","1","0","2","10","0","1"
"2016","12","150131","LIMA","LIMA","SAN ISIDRO","PRIVADO","II-E","00010739","CLINICA OFTALMOLOGICA WONG","4","4","0","10","0","0","8","0","0","0","0","0","0","0","0","0"
"2016","10","150131","LIMA","LIMA","SAN ISIDRO","PRIVADO","II-E","00010739","CLINICA OFTALMOLOGICA WONG","4","4","0","10","0","0","8","0","0","0","2","0","0","0","0","0"
"2016","11","150131","LIMA","LIMA","SAN ISIDRO","PRIVADO","II-E","00010739","CLINICA OFTALMOLOGICA WONG","4","4","0","10","0","0","8","0","0","0","0","0","0","0","0","0"
"2016","08","150131","LIMA","LIMA","SAN ISIDRO","PRIVADO","II-E","00010739","CLINICA OFTALMOLOGICA WONG","4","4","0","6","0","0","6","0","0","0","0","0","0","0","1","0"
"2016","09","150131","LIMA","LIMA","SAN ISIDRO","PRIVADO","II-E","00010739","CLINICA OFTALMOLOGICA WONG","4","4","0","10","0","0","8","0","0","0","2","0","0","0","0","0"
"2016","07","150131","LIMA","LIMA","SAN ISIDRO","PRIVADO","II-E","00010739","CLINICA OFTALMOLOGICA WONG","4","4","0","6","0","0","6","0","0","0","3","0","0","0","1","0"
"2016","02","150131","LIMA","LIMA","SAN ISIDRO","PRIVADO","II-E","00010739","CLINICA OFTALMOLOGICA WONG","4","4","0","6","0","0","6","0","0","0","3","0","0","0","1","0"
"2016","03","150131","LIMA","LIMA","SAN ISIDRO","PRIVADO","II-E","00010739","CLINICA OFTALMOLOGICA WONG","4","4","0","6","0","0","6","0","0","0","3","0","0","0","1","0"
"2016","05","150131","LIMA","LIMA","SAN ISIDRO","PRIVADO","II-E","00010739","CLINICA OFTALMOLOGICA WONG","4","4","0","6","0","0","6","0","0","0","3","0","0","0","1","0"
"2016","01","150131","LIMA","LIMA","SAN ISIDRO","PRIVADO","II-E","00010739","CLINICA OFTALMOLOGICA WONG","4","4","0","6","0","0","6","0","0","0","3","0","0","0","1","0"
"2016","12","150509","LIMA","CAÑETE","MALA","ESSALUD","I-3","00010569","CENTRO MEDICO MALA","9","192","0","6","0","0","6","1","0","1","3","2","1","5","0","1"
"2016","12","150114","LIMA","LIMA","LA MOLINA","ESSALUD","II-1","00010135","HOSPITAL I CARLOS ALCANTARA BUTTERFIELD","21","48","50","107","0","2","67","10","3","3","17","19","6","87","3","0"
"2016","10","150114","LIMA","LIMA","LA MOLINA","ESSALUD","II-1","00010135","HOSPITAL I CARLOS ALCANTARA BUTTERFIELD","21","48","50","99","0","4","67","10","2","3","17","17","7","86","3","0"
"2016","11","150114","LIMA","LIMA","LA MOLINA","ESSALUD","II-1","00010135","HOSPITAL I CARLOS ALCANTARA BUTTERFIELD","21","48","50","106","0","2","65","10","2","3","17","19","6","87","3","0"
"2016","08","150114","LIMA","LIMA","LA MOLINA","ESSALUD","II-1","00010135","HOSPITAL I CARLOS ALCANTARA BUTTERFIELD","21","48","50","99","0","2","61","10","2","3","18","19","7","82","3","0"
"2016","09","150114","LIMA","LIMA","LA MOLINA","ESSALUD","II-1","00010135","HOSPITAL I CARLOS ALCANTARA BUTTERFIELD","21","48","50","102","0","1","65","10","2","3","17","17","7","78","3","0"
"2016","07","150114","LIMA","LIMA","LA MOLINA","ESSALUD","II-1","00010135","HOSPITAL I CARLOS ALCANTARA BUTTERFIELD","21","48","50","94","0","2","66","10","2","3","16","19","7","115","3","0"
"2016","05","150114","LIMA","LIMA","LA MOLINA","ESSALUD","II-1","00010135","HOSPITAL I CARLOS ALCANTARA BUTTERFIELD","21","48","50","105","0","2","72","10","3","3","19","20","7","115","5","0"
"2016","06","150114","LIMA","LIMA","LA MOLINA","ESSALUD","II-1","00010135","HOSPITAL I CARLOS ALCANTARA BUTTERFIELD","21","48","50","106","0","2","72","10","3","3","18","20","7","139","5","0"
"2016","01","150114","LIMA","LIMA","LA MOLINA","ESSALUD","II-1","00010135","HOSPITAL I CARLOS ALCANTARA BUTTERFIELD","21","48","50","108","0","2","73","10","3","3","20","21","7","2","42","0"
"2016","04","150114","LIMA","LIMA","LA MOLINA","ESSALUD","II-1","00010135","HOSPITAL I CARLOS ALCANTARA BUTTERFIELD","21","48","50","105","0","2","72","10","3","3","19","20","7","115","5","0"
"2016","03","150114","LIMA","LIMA","LA MOLINA","ESSALUD","II-1","00010135","HOSPITAL I CARLOS ALCANTARA BUTTERFIELD","21","46","50","108","0","2","73","10","3","3","20","21","7","2","42","0"
"2016","02","150114","LIMA","LIMA","LA MOLINA","ESSALUD","II-1","00010135","HOSPITAL I CARLOS ALCANTARA BUTTERFIELD","21","46","50","108","0","2","73","10","2","3","20","21","7","2","42","0"
"2016","10","150108","LIMA","LIMA","CHORRILLOS","PRIVADO","0","00009593","CLINICA RESURRECCION S.A.","NE_0002","NE_0002","NE_0002","NE_0002","NE_0002","NE_0002","NE_0002","NE_0002","NE_0002","NE_0002","NE_0002","NE_0002","NE_0002","NE_0002","NE_0002","NE_0002"
"2016","09","150108","LIMA","LIMA","CHORRILLOS","PRIVADO","0","00009593","CLINICA RESURRECCION S.A.","NE_0002","NE_0002","NE_0002","NE_0002","NE_0002","NE_0002","NE_0002","NE_0002","NE_0002","NE_0002","NE_0002","NE_0002","NE_0002","NE_0002","NE_0002","NE_0002"
"2016","07","150108","LIMA","LIMA","CHORRILLOS","PRIVADO","0","00009593","CLINICA RESURRECCION S.A.","NE_0002","NE_0002","NE_0002","NE_0002","NE_0002","NE_0002","NE_0002","NE_0002","NE_0002","NE_0002","NE_0002","NE_0002","NE_0002","NE_0002","NE_0002","NE_0002"
"2016","01","150140","LIMA","LIMA","SANTIAGO DE SURCO","PRIVADO","II-2","00009989","ASOCIACION HIJAS DE SAN CAMILO","48","48","68","180","0","0","91","2","2","1","5","5","2","85","0","1"
"2016","04","150140","LIMA","LIMA","SANTIAGO DE SURCO","PRIVADO","II-2","00009989","ASOCIACION HIJAS DE SAN CAMILO","48","48","56","183","0","0","92","2","2","1","3","5","2","102","0","1"
"2016","07","150140","LIMA","LIMA","SANTIAGO DE SURCO","PRIVADO","II-2","00009989","ASOCIACION HIJAS DE SAN CAMILO","48","48","56","192","0","0","98","2","2","1","3","7","1","90","0","1"
"2016","06","150140","LIMA","LIMA","SANTIAGO DE SURCO","PRIVADO","II-2","00009989","ASOCIACION HIJAS DE SAN CAMILO","48","48","56","190","0","0","95","2","2","1","3","5","1","94","0","1"
"2016","05","150140","LIMA","LIMA","SANTIAGO DE SURCO","PRIVADO","II-2","00009989","ASOCIACION HIJAS DE SAN CAMILO","48","48","56","185","0","0","95","2","2","1","3","5","1","103","0","1"
"2016","03","150140","LIMA","LIMA","SANTIAGO DE SURCO","PRIVADO","II-2","00009989","ASOCIACION HIJAS DE SAN CAMILO","48","48","56","186","0","0","88","2","2","1","3","5","2","89","0","1"
"2016","12","150140","LIMA","LIMA","SANTIAGO DE SURCO","PRIVADO","II-2","00009989","ASOCIACION HIJAS DE SAN CAMILO","48","48","64","222","0","0","103","2","2","1","3","6","2","100","1","1"
"2016","09","150140","LIMA","LIMA","SANTIAGO DE SURCO","PRIVADO","II-2","00009989","ASOCIACION HIJAS DE SAN CAMILO","64","48","48","189","0","0","103","2","6","1","2","3","1","96","0","1"
"2016","08","150140","LIMA","LIMA","SANTIAGO DE SURCO","PRIVADO","II-2","00009989","ASOCIACION HIJAS DE SAN CAMILO","64","48","48","194","0","0","99","2","7","1","2","3","1","98","0","1"
"2016","11","150140","LIMA","LIMA","SANTIAGO DE SURCO","PRIVADO","II-2","00009989","ASOCIACION HIJAS DE SAN CAMILO","48","48","64","228","0","0","104","2","2","1","3","5","1","98","1","1"
"2016","10","150140","LIMA","LIMA","SANTIAGO DE SURCO","PRIVADO","II-2","00009989","ASOCIACION HIJAS DE SAN CAMILO","48","48","56","208","0","0","103","2","2","1","3","6","2","96","0","1"
"2016","02","150140","LIMA","LIMA","SANTIAGO DE SURCO","PRIVADO","II-2","00009989","ASOCIACION HIJAS DE SAN CAMILO","48","48","68","185","0","0","91","2","2","1","6","5","3","83","0","1"
"2016","02","110101","ICA","ICA","ICA","PRIVADO","II-E","00009605","AGUIRRE","1","1","6","3","0","0","4","0","0","0","0","0","0","4","0","0"
"2016","01","110101","ICA","ICA","ICA","PRIVADO","II-E","00009605","AGUIRRE","1","1","6","3","0","0","4","0","0","0","0","0","0","4","0","0"
"2016","08","110101","ICA","ICA","ICA","PRIVADO","II-E","00009605","AGUIRRE","1","1","6","3","0","0","4","0","0","0","0","0","0","1","2","0"
"2016","07","110101","ICA","ICA","ICA","PRIVADO","II-E","00009605","AGUIRRE","1","1","6","3","0","0","4","0","0","0","0","0","0","1","2","0"
"2016","03","110101","ICA","ICA","ICA","PRIVADO","II-E","00009605","AGUIRRE","1","1","6","3","0","0","4","0","0","0","0","0","0","1","2","0"
"2016","12","150122","LIMA","LIMA","MIRAFLORES","SANIDAD DE LA FUERZA AEREA DEL PERU","III-1","00010751","HOSPITAL CENTRAL DE LA FUERZA AEREA DEL PERU","117","155","283","273","0","18","234","46","14","8","63","12","7","478","46","3"
"2016","11","150122","LIMA","LIMA","MIRAFLORES","SANIDAD DE LA FUERZA AEREA DEL PERU","III-1","00010751","HOSPITAL CENTRAL DE LA FUERZA AEREA DEL PERU","117","155","283","273","0","18","234","46","14","8","63","12","7","478","46","3"
"2016","10","150122","LIMA","LIMA","MIRAFLORES","SANIDAD DE LA FUERZA AEREA DEL PERU","III-1","00010751","HOSPITAL CENTRAL DE LA FUERZA AEREA DEL PERU","117","155","283","273","0","18","234","46","14","8","63","12","7","478","46","3"
"2016","09","150122","LIMA","LIMA","MIRAFLORES","SANIDAD DE LA FUERZA AEREA DEL PERU","III-1","00010751","HOSPITAL CENTRAL DE LA FUERZA AEREA DEL PERU","117","155","283","273","0","18","234","46","14","8","63","12","7","478","46","3"
"2016","07","150122","LIMA","LIMA","MIRAFLORES","SANIDAD DE LA FUERZA AEREA DEL PERU","III-1","00010751","HOSPITAL CENTRAL DE LA FUERZA AEREA DEL PERU","117","155","283","279","0","25","213","45","14","8","63","12","7","463","43","3"
"2016","08","150122","LIMA","LIMA","MIRAFLORES","SANIDAD DE LA FUERZA AEREA DEL PERU","III-1","00010751","HOSPITAL CENTRAL DE LA FUERZA AEREA DEL PERU","117","155","283","273","0","18","234","46","14","8","63","12","7","478","46","3"
"2016","05","150122","LIMA","LIMA","MIRAFLORES","SANIDAD DE LA FUERZA AEREA DEL PERU","III-1","00010751","HOSPITAL CENTRAL DE LA FUERZA AEREA DEL PERU","117","155","283","282","0","29","213","45","14","8","63","12","7","463","43","2"
"2016","06","150122","LIMA","LIMA","MIRAFLORES","SANIDAD DE LA FUERZA AEREA DEL PERU","III-1","00010751","HOSPITAL CENTRAL DE LA FUERZA AEREA DEL PERU","117","155","283","279","0","29","213","45","14","8","63","12","7","463","43","3"
"2016","03","150122","LIMA","LIMA","MIRAFLORES","SANIDAD DE LA FUERZA AEREA DEL PERU","III-1","00010751","HOSPITAL CENTRAL DE LA FUERZA AEREA DEL PERU","117","155","283","282","0","29","213","45","14","8","63","12","7","101","43","2"
"2016","01","150122","LIMA","LIMA","MIRAFLORES","SANIDAD DE LA FUERZA AEREA DEL PERU","III-1","00010751","HOSPITAL CENTRAL DE LA FUERZA AEREA DEL PERU","117","155","283","272","0","32","240","47","12","7","66","13","7","473","7","3"
"2016","04","150122","LIMA","LIMA","MIRAFLORES","SANIDAD DE LA FUERZA AEREA DEL PERU","III-1","00010751","HOSPITAL CENTRAL DE LA FUERZA AEREA DEL PERU","117","155","283","282","0","29","213","45","14","8","63","12","7","463","43","2"
"2016","02","150122","LIMA","LIMA","MIRAFLORES","SANIDAD DE LA FUERZA AEREA DEL PERU","III-1","00010751","HOSPITAL CENTRAL DE LA FUERZA AEREA DEL PERU","117","155","283","282","0","32","237","45","12","8","64","13","7","472","7","3"
"2016","06","150130","LIMA","LIMA","SAN BORJA","PRIVADO","II-E","00011056","OFTALMIC SERVICE SAC","3","45","0","9","6","6","4","0","0","0","0","0","0","4","0","0"
"2016","07","150130","LIMA","LIMA","SAN BORJA","PRIVADO","II-E","00011056","OFTALMIC SERVICE SAC","3","45","0","9","6","6","4","0","0","0","0","0","0","4","0","0"
"2016","12","150130","LIMA","LIMA","SAN BORJA","PRIVADO","II-E","00011056","OFTALMIC SERVICE SAC","4","0","0","24","7","7","3","0","0","0","0","0","0","3","0","0"
"2016","10","150130","LIMA","LIMA","SAN BORJA","PRIVADO","II-E","00011056","OFTALMIC SERVICE SAC","4","0","0","24","7","7","3","0","0","0","0","0","0","3","0","0"
"2016","11","150130","LIMA","LIMA","SAN BORJA","PRIVADO","II-E","00011056","OFTALMIC SERVICE SAC","4","0","0","24","7","7","3","0","0","0","0","0","0","3","0","0"
"2016","09","150130","LIMA","LIMA","SAN BORJA","PRIVADO","II-E","00011056","OFTALMIC SERVICE SAC","4","0","0","24","7","7","3","0","0","0","0","0","0","3","0","0"
"2016","08","150130","LIMA","LIMA","SAN BORJA","PRIVADO","II-E","00011056","OFTALMIC SERVICE SAC","4","0","0","24","7","7","3","0","0","0","0","0","0","3","0","0"
"2016","12","060101","CAJAMARCA","CAJAMARCA","CAJAMARCA","PRIVADO","0","00010113","LABORATORIO EL INGENIO","0","0","0","1","0","0","0","0","0","0","0","0","0","6","4","0"
"2016","11","060101","CAJAMARCA","CAJAMARCA","CAJAMARCA","PRIVADO","0","00010113","LABORATORIO EL INGENIO","0","0","0","1","0","0","0","0","0","0","0","0","0","6","5","0"
"2016","09","060101","CAJAMARCA","CAJAMARCA","CAJAMARCA","PRIVADO","0","00010113","LABORATORIO EL INGENIO","0","0","0","1","0","0","0","0","0","0","0","0","0","8","1","0"
"2016","10","060101","CAJAMARCA","CAJAMARCA","CAJAMARCA","PRIVADO","0","00010113","LABORATORIO EL INGENIO","0","0","0","1","0","0","0","0","0","0","0","0","0","6","6","0"
"2016","08","060101","CAJAMARCA","CAJAMARCA","CAJAMARCA","PRIVADO","0","00010113","LABORATORIO EL INGENIO","0","0","0","1","0","0","0","0","0","0","0","0","0","14","1","0"
"2016","12","150131","LIMA","LIMA","SAN ISIDRO","PRIVADO","II-2","00012633","CLINICA JAVIER PRADO","75","75","57","227","0","0","70","3","3","2","4","6","3","85","0","0"
"2016","11","150131","LIMA","LIMA","SAN ISIDRO","PRIVADO","II-2","00012633","CLINICA JAVIER PRADO","75","75","57","225","0","0","64","3","3","2","4","6","3","85","0","0"
"2016","10","150131","LIMA","LIMA","SAN ISIDRO","PRIVADO","II-2","00012633","CLINICA JAVIER PRADO","75","75","57","224","0","0","64","3","3","2","4","6","3","85","0","0"
"2016","09","150131","LIMA","LIMA","SAN ISIDRO","PRIVADO","II-2","00012633","CLINICA JAVIER PRADO","75","75","57","222","0","0","64","3","3","2","4","6","3","85","0","0"
"2016","08","150131","LIMA","LIMA","SAN ISIDRO","PRIVADO","II-2","00012633","CLINICA JAVIER PRADO","75","75","57","300","0","0","64","3","3","2","4","6","3","85","0","0"
"2016","07","150131","LIMA","LIMA","SAN ISIDRO","PRIVADO","II-2","00012633","CLINICA JAVIER PRADO","75","75","57","237","0","0","64","3","3","2","5","6","3","85","0","0"
"2016","06","150131","LIMA","LIMA","SAN ISIDRO","PRIVADO","II-2","00012633","CLINICA JAVIER PRADO","75","75","57","232","0","0","64","3","3","2","5","6","3","85","0","0"
"2016","05","150131","LIMA","LIMA","SAN ISIDRO","PRIVADO","II-2","00012633","CLINICA JAVIER PRADO","75","75","57","232","0","0","61","3","3","2","5","6","3","85","0","0"
"2016","12","110101","ICA","ICA","ICA","PRIVADO","II-1","00009648","CLINICA TATAJE","7","7","4","40","0","0","3","0","2","1","3","0","1","3","12","0"
"2016","11","110101","ICA","ICA","ICA","PRIVADO","II-1","00009648","CLINICA TATAJE","7","7","4","40","0","0","3","0","2","1","3","0","1","3","13","0"
"2016","10","110101","ICA","ICA","ICA","PRIVADO","II-1","00009648","CLINICA TATAJE","7","7","4","40","0","0","3","0","2","1","3","0","1","3","12","0"
"2016","09","110101","ICA","ICA","ICA","PRIVADO","II-1","00009648","CLINICA TATAJE","7","7","4","40","0","0","3","0","2","1","3","0","1","3","13","0"
"2016","08","110101","ICA","ICA","ICA","PRIVADO","II-1","00009648","CLINICA TATAJE","7","7","4","40","0","0","3","0","2","1","3","0","1","3","12","0"
"2016","07","110101","ICA","ICA","ICA","PRIVADO","II-1","00009648","CLINICA TATAJE","7","7","4","40","0","0","3","0","2","1","3","0","1","3","12","0"
"2016","06","110101","ICA","ICA","ICA","PRIVADO","II-1","00009648","CLINICA TATAJE","7","7","4","40","0","0","3","0","2","1","3","0","1","3","13","0"
"2016","05","110101","ICA","ICA","ICA","PRIVADO","II-1","00009648","CLINICA TATAJE","7","7","4","40","0","0","3","0","2","1","3","0","1","3","13","0"
"2016","09","110501","ICA","PISCO","PISCO","PRIVADO","I-4","00009651","CLINICA LAS AMERICAS","6","6","2","4","0","0","2","2","0","0","1","2","1","6","0","1"
"2016","11","110501","ICA","PISCO","PISCO","PRIVADO","I-4","00009651","CLINICA LAS AMERICAS","6","5","2","4","0","0","2","1","0","0","1","2","1","6","0","1"
"2016","10","110501","ICA","PISCO","PISCO","PRIVADO","I-4","00009651","CLINICA LAS AMERICAS","6","5","2","3","0","0","2","1","0","0","1","1","1","6","0","1"
"2016","09","150140","LIMA","LIMA","SANTIAGO DE SURCO","PRIVADO","II-2","00009988","CLINICA SAN PABLO","83","153","135","406","0","5","213","30","6","6","52","10","6","286","5","2"
"2016","08","150140","LIMA","LIMA","SANTIAGO DE SURCO","PRIVADO","II-2","00009988","CLINICA SAN PABLO","83","153","135","402","0","5","213","30","6","6","52","10","6","286","5","2"
"2016","07","150140","LIMA","LIMA","SANTIAGO DE SURCO","PRIVADO","II-2","00009988","CLINICA SAN PABLO","83","153","135","403","0","5","213","31","6","6","52","10","6","286","5","2"
"2016","06","150140","LIMA","LIMA","SANTIAGO DE SURCO","PRIVADO","II-2","00009988","CLINICA SAN PABLO","83","153","135","403","0","5","213","31","6","6","52","10","6","286","5","2"
"2016","05","150140","LIMA","LIMA","SANTIAGO DE SURCO","PRIVADO","II-2","00009988","CLINICA SAN PABLO","83","153","135","405","0","9","236","30","6","6","51","10","6","241","2","2"
"2016","04","150140","LIMA","LIMA","SANTIAGO DE SURCO","PRIVADO","II-2","00009988","CLINICA SAN PABLO","83","153","135","406","0","9","236","30","6","6","51","10","6","241","2","2"
"2016","10","150140","LIMA","LIMA","SANTIAGO DE SURCO","PRIVADO","II-2","00009988","CLINICA SAN PABLO","83","153","135","406","0","5","223","0","2","7","54","11","6","286","5","2"
"2016","03","150140","LIMA","LIMA","SANTIAGO DE SURCO","PRIVADO","II-2","00009988","CLINICA SAN PABLO","83","153","135","407","0","9","236","31","6","6","54","10","5","241","2","2"
"2016","01","150140","LIMA","LIMA","SANTIAGO DE SURCO","PRIVADO","II-2","00009988","CLINICA SAN PABLO","83","153","135","409","0","9","236","29","6","7","32","10","5","241","2","2"
"2016","02","150140","LIMA","LIMA","SANTIAGO DE SURCO","PRIVADO","II-2","00009988","CLINICA SAN PABLO","83","153","135","407","0","9","236","30","6","7","52","10","5","241","2","2"
"2016","11","150140","LIMA","LIMA","SANTIAGO DE SURCO","PRIVADO","II-2","00009988","CLINICA SAN PABLO","83","153","135","441","0","5","232","0","2","7","55","12","7","286","5","2"
"2016","12","150140","LIMA","LIMA","SANTIAGO DE SURCO","PRIVADO","II-2","00009988","CLINICA SAN PABLO","83","153","135","441","0","5","223","0","2","5","54","11","8","286","5","2"
"2016","12","150130","LIMA","LIMA","SAN BORJA","PRIVADO","II-E","00010467","CLINICA FLEMING","14","42","8","55","0","0","12","3","3","1","4","0","2","13","0","0"
"2016","11","150130","LIMA","LIMA","SAN BORJA","PRIVADO","II-E","00010467","CLINICA FLEMING","14","42","8","58","0","0","12","4","3","1","4","0","2","14","0","0"
"2016","10","150130","LIMA","LIMA","SAN BORJA","PRIVADO","II-E","00010467","CLINICA FLEMING","14","42","8","62","0","0","12","3","3","1","4","0","2","11","0","0"
"2016","09","150130","LIMA","LIMA","SAN BORJA","PRIVADO","II-E","00010467","CLINICA FLEMING","14","42","8","52","0","0","12","3","3","1","4","0","2","11","0","0"
"2016","08","150130","LIMA","LIMA","SAN BORJA","PRIVADO","II-E","00010467","CLINICA FLEMING","14","42","8","70","0","0","12","3","3","1","4","0","2","11","0","0"
"2016","07","150130","LIMA","LIMA","SAN BORJA","PRIVADO","II-E","00010467","CLINICA FLEMING","14","42","8","56","0","0","12","3","3","1","4","0","2","5","0","0"
"2016","06","150130","LIMA","LIMA","SAN BORJA","PRIVADO","II-E","00010467","CLINICA FLEMING","14","42","8","58","0","0","12","2","3","1","4","0","2","11","0","0"
"2016","12","110201","ICA","CHINCHA","CHINCHA ALTA","PRIVADO","I-3","00009659","CLÍNICA SOLDEVILLA","3","9","9","9","0","0","4","0","1","1","1","2","1","4","3","0"
"2016","10","110201","ICA","CHINCHA","CHINCHA ALTA","PRIVADO","I-3","00009659","CLÍNICA SOLDEVILLA","3","9","9","9","0","0","4","0","1","1","1","2","1","4","3","0"
"2016","11","110201","ICA","CHINCHA","CHINCHA ALTA","PRIVADO","I-3","00009659","CLÍNICA SOLDEVILLA","3","9","9","9","0","0","4","0","1","1","1","2","1","4","3","0"
"2016","09","110201","ICA","CHINCHA","CHINCHA ALTA","PRIVADO","I-3","00009659","CLÍNICA SOLDEVILLA","3","9","9","12","0","0","4","0","1","1","1","2","1","4","3","0"
"2016","08","110201","ICA","CHINCHA","CHINCHA ALTA","PRIVADO","I-3","00009659","CLÍNICA SOLDEVILLA","3","9","9","12","0","0","4","0","1","1","1","2","1","4","3","0"
"2016","07","110201","ICA","CHINCHA","CHINCHA ALTA","PRIVADO","I-3","00009659","CLÍNICA SOLDEVILLA","3","9","9","12","0","0","4","0","1","1","1","2","1","4","3","0"
"2016","06","110201","ICA","CHINCHA","CHINCHA ALTA","PRIVADO","I-3","00009659","CLÍNICA SOLDEVILLA","3","9","8","12","0","0","4","0","1","1","1","2","1","4","3","0"
"2016","10","110101","ICA","ICA","ICA","PRIVADO","II-1","00009660","SEÑOR DE LUREN DE ICA","22","44","14","64","0","0","11","2","2","1","4","2","2","13","1","1"
"2016","07","110101","ICA","ICA","ICA","PRIVADO","II-1","00009660","SEÑOR DE LUREN DE ICA","22","44","14","66","0","0","15","1","2","1","3","2","2","9","2","1"
"2016","06","110101","ICA","ICA","ICA","PRIVADO","II-1","00009660","SEÑOR DE LUREN DE ICA","22","44","14","66","0","0","15","1","2","1","3","2","2","9","2","1"
"2016","12","110101","ICA","ICA","ICA","PRIVADO","II-1","00009660","SEÑOR DE LUREN DE ICA","22","44","14","64","0","0","10","2","2","1","4","2","2","13","1","1"
"2016","08","110101","ICA","ICA","ICA","PRIVADO","II-1","00009660","SEÑOR DE LUREN DE ICA","22","44","14","63","0","0","13","2","2","1","4","2","2","12","1","1"
"2016","09","110101","ICA","ICA","ICA","PRIVADO","II-1","00009660","SEÑOR DE LUREN DE ICA","22","44","14","77","0","0","12","2","2","1","4","2","2","12","1","1"
"2016","11","110101","ICA","ICA","ICA","PRIVADO","II-1","00009660","SEÑOR DE LUREN DE ICA","22","24","14","79","0","0","14","2","1","1","2","2","2","13","0","1"
"2016","01","110101","ICA","ICA","ICA","PRIVADO","II-1","00009660","SEÑOR DE LUREN DE ICA","22","44","14","56","0","0","14","1","2","1","2","1","1","12","2","1"
"2016","02","110101","ICA","ICA","ICA","PRIVADO","II-1","00009660","SEÑOR DE LUREN DE ICA","22","44","14","55","0","0","14","1","2","1","2","1","1","12","2","1"
"2016","03","110101","ICA","ICA","ICA","PRIVADO","II-1","00009660","SEÑOR DE LUREN DE ICA","22","44","14","57","0","0","14","1","2","1","3","2","1","12","2","1"
"2016","04","110101","ICA","ICA","ICA","PRIVADO","II-1","00009660","SEÑOR DE LUREN DE ICA","22","44","14","74","0","0","14","1","2","1","3","2","2","10","2","1"
"2016","05","110101","ICA","ICA","ICA","PRIVADO","II-1","00009660","SEÑOR DE LUREN DE ICA","22","44","14","64","0","0","14","1","2","1","3","2","2","9","2","1"
"2016","12","130401","LA LIBERTAD","CHEPEN","CHEPEN","ESSALUD","II-1","00009954","HOSPITAL I CHEPEN ESSALUD","5","6","12","13","0","0","18","1","1","1","3","3","1","0","2","1"
"2016","11","130401","LA LIBERTAD","CHEPEN","CHEPEN","ESSALUD","II-1","00009954","HOSPITAL I CHEPEN ESSALUD","13","14","10","14","0","0","18","1","1","1","3","3","1","28","5","1"
"2016","10","130401","LA LIBERTAD","CHEPEN","CHEPEN","ESSALUD","II-1","00009954","HOSPITAL I CHEPEN ESSALUD","12","12","14","14","0","0","19","1","1","1","3","3","1","28","5","1"
"2016","09","130401","LA LIBERTAD","CHEPEN","CHEPEN","ESSALUD","II-1","00009954","HOSPITAL I CHEPEN ESSALUD","12","12","14","14","0","0","19","1","1","1","3","3","1","28","5","1"
"2016","08","130401","LA LIBERTAD","CHEPEN","CHEPEN","ESSALUD","II-1","00009954","HOSPITAL I CHEPEN ESSALUD","13","15","11","12","0","0","16","1","0","1","3","2","2","39","2","2"
"2016","07","130401","LA LIBERTAD","CHEPEN","CHEPEN","ESSALUD","II-1","00009954","HOSPITAL I CHEPEN ESSALUD","16","17","9","14","0","0","18","1","1","1","3","3","1","28","2","1"
"2016","12","090101","HUANCAVELICA","HUANCAVELICA","HUANCAVELICA","SANIDAD DE LA POLICIA NACIONAL DEL PERU","I-2","00009476","POLICLINICO PNP - HUANCAVELICA","5","5","0","4","3","0","2","1","1","0","0","0","1","6","0","1"
"2016","11","090101","HUANCAVELICA","HUANCAVELICA","HUANCAVELICA","SANIDAD DE LA POLICIA NACIONAL DEL PERU","I-2","00009476","POLICLINICO PNP - HUANCAVELICA","5","5","0","4","3","0","2","1","1","0","0","0","1","5","0","1"
"2016","10","090101","HUANCAVELICA","HUANCAVELICA","HUANCAVELICA","SANIDAD DE LA POLICIA NACIONAL DEL PERU","I-2","00009476","POLICLINICO PNP - HUANCAVELICA","5","5","0","3","2","0","2","2","1","0","0","0","1","7","0","1"
"2016","09","090101","HUANCAVELICA","HUANCAVELICA","HUANCAVELICA","SANIDAD DE LA POLICIA NACIONAL DEL PERU","I-2","00009476","POLICLINICO PNP - HUANCAVELICA","4","4","0","4","3","0","2","2","1","0","0","0","1","7","0","1"
"2016","08","090101","HUANCAVELICA","HUANCAVELICA","HUANCAVELICA","SANIDAD DE LA POLICIA NACIONAL DEL PERU","I-2","00009476","POLICLINICO PNP - HUANCAVELICA","4","4","0","4","3","0","2","1","1","0","0","0","0","7","0","1"
"2016","01","090101","HUANCAVELICA","HUANCAVELICA","HUANCAVELICA","SANIDAD DE LA POLICIA NACIONAL DEL PERU","I-2","00009476","POLICLINICO PNP - HUANCAVELICA","3","3","0","1","0","0","0","0","0","0","0","0","0","1","0","1"
"2016","12","150121","LIMA","LIMA","PUEBLO LIBRE","PRIVADO","II-2","00010743","ASOCIACION CIVIL NUESTRA SEÑORA DEL SAGRADO CORAZON","43","87","57","171","0","0","98","9","1","3","41","12","3","140","1","0"
"2016","11","150121","LIMA","LIMA","PUEBLO LIBRE","PRIVADO","II-2","00010743","ASOCIACION CIVIL NUESTRA SEÑORA DEL SAGRADO CORAZON","43","87","57","174","0","0","95","7","1","3","41","13","3","141","1","0"
"2016","10","150121","LIMA","LIMA","PUEBLO LIBRE","PRIVADO","II-2","00010743","ASOCIACION CIVIL NUESTRA SEÑORA DEL SAGRADO CORAZON","43","87","57","170","0","0","96","7","1","3","41","13","3","141","1","0"
"2016","09","150121","LIMA","LIMA","PUEBLO LIBRE","PRIVADO","II-2","00010743","ASOCIACION CIVIL NUESTRA SEÑORA DEL SAGRADO CORAZON","43","87","57","173","0","0","99","6","1","3","41","13","3","140","1","0"
"2016","08","150121","LIMA","LIMA","PUEBLO LIBRE","PRIVADO","II-2","00010743","ASOCIACION CIVIL NUESTRA SEÑORA DEL SAGRADO CORAZON","43","87","57","172","0","0","98","6","1","3","41","13","3","138","1","0"
"2016","07","150121","LIMA","LIMA","PUEBLO LIBRE","PRIVADO","II-2","00010743","ASOCIACION CIVIL NUESTRA SEÑORA DEL SAGRADO CORAZON","43","87","57","171","0","0","97","8","2","3","41","13","3","141","1","0"
"2016","05","150121","LIMA","LIMA","PUEBLO LIBRE","PRIVADO","II-2","00010743","ASOCIACION CIVIL NUESTRA SEÑORA DEL SAGRADO CORAZON","43","87","57","164","0","0","96","7","2","3","41","13","3","142","1","0"
"2016","06","150121","LIMA","LIMA","PUEBLO LIBRE","PRIVADO","II-2","00010743","ASOCIACION CIVIL NUESTRA SEÑORA DEL SAGRADO CORAZON","43","87","57","169","0","0","92","7","2","3","41","13","2","140","1","0"
"2016","03","150121","LIMA","LIMA","PUEBLO LIBRE","PRIVADO","II-2","00010743","ASOCIACION CIVIL NUESTRA SEÑORA DEL SAGRADO CORAZON","43","87","57","185","0","0","97","7","2","3","41","13","4","142","1","0"
"2016","02","150121","LIMA","LIMA","PUEBLO LIBRE","PRIVADO","II-2","00010743","ASOCIACION CIVIL NUESTRA SEÑORA DEL SAGRADO CORAZON","43","87","57","178","0","0","96","6","2","3","41","12","3","142","1","0"
"2016","04","150121","LIMA","LIMA","PUEBLO LIBRE","PRIVADO","II-2","00010743","ASOCIACION CIVIL NUESTRA SEÑORA DEL SAGRADO CORAZON","43","87","57","166","0","0","95","7","2","3","41","12","3","142","1","0"
"2016","12","150131","LIMA","LIMA","SAN ISIDRO","PRIVADO","0","00010214","MEDIPERU S.A.","1","25","0","4","0","0","2","0","0","0","1","0","0","0","0","0"
"2016","11","150122","LIMA","LIMA","MIRAFLORES","PRIVADO","II-E","00013586","CLINICA ONCOLOGICA MIRAFLORES","7","7","23","9","0","0","39","0","0","0","4","0","5","10","31","0"
"2016","12","150122","LIMA","LIMA","MIRAFLORES","PRIVADO","II-E","00013586","CLINICA ONCOLOGICA MIRAFLORES","7","7","23","9","0","0","39","0","0","0","4","0","5","10","31","0"
"2016","10","150122","LIMA","LIMA","MIRAFLORES","PRIVADO","II-E","00013586","CLINICA ONCOLOGICA MIRAFLORES","7","7","23","9","0","0","39","0","0","0","4","0","5","10","31","0"
"2016","09","150122","LIMA","LIMA","MIRAFLORES","PRIVADO","II-E","00013586","CLINICA ONCOLOGICA MIRAFLORES","7","7","23","9","0","0","39","0","0","0","4","0","5","10","31","0"
"2016","08","150122","LIMA","LIMA","MIRAFLORES","PRIVADO","II-E","00013586","CLINICA ONCOLOGICA MIRAFLORES","7","7","23","9","0","0","39","0","0","0","4","0","5","10","31","0"
"2016","06","150122","LIMA","LIMA","MIRAFLORES","PRIVADO","II-E","00013586","CLINICA ONCOLOGICA MIRAFLORES","7","7","23","9","0","0","39","0","0","0","4","0","5","10","31","0"
"2016","07","150122","LIMA","LIMA","MIRAFLORES","PRIVADO","II-E","00013586","CLINICA ONCOLOGICA MIRAFLORES","7","7","23","9","0","0","39","0","0","0","4","0","5","10","31","0"
"2016","12","020101","ANCASH","HUARAZ","HUARAZ","SANIDAD DE LA POLICIA NACIONAL DEL PERU","I-4","00010205","POLICLINICO PNP HUARAZ","3","0","10","5","3","0","13","3","1","0","0","1","1","39","1","2"
"2016","11","020101","ANCASH","HUARAZ","HUARAZ","SANIDAD DE LA POLICIA NACIONAL DEL PERU","I-4","00010205","POLICLINICO PNP HUARAZ","5","5","15","10","3","0","13","5","2","0","0","0","2","42","1","2"
"2016","10","020101","ANCASH","HUARAZ","HUARAZ","SANIDAD DE LA POLICIA NACIONAL DEL PERU","I-4","00010205","POLICLINICO PNP HUARAZ","5","5","15","7","3","0","14","3","2","0","0","0","2","42","1","2"
"2016","09","020101","ANCASH","HUARAZ","HUARAZ","SANIDAD DE LA POLICIA NACIONAL DEL PERU","I-4","00010205","POLICLINICO PNP HUARAZ","5","5","15","9","3","0","16","3","2","0","0","0","2","43","1","2"
"2016","08","020101","ANCASH","HUARAZ","HUARAZ","SANIDAD DE LA POLICIA NACIONAL DEL PERU","I-4","00010205","POLICLINICO PNP HUARAZ","5","5","15","9","3","0","15","2","2","0","0","0","2","1","0","2"
"2016","09","150101","LIMA","LIMA","LIMA","PRIVADO","II-1","00011167","OFTALMOMEDIC","4","8","0","11","0","0","0","0","1","0","0","0","0","0","0","0"
"2016","07","150101","LIMA","LIMA","LIMA","PRIVADO","II-1","00011167","OFTALMOMEDIC","2","3","0","6","0","0","1","0","0","0","0","0","0","3","0","0"
"2016","12","110305","ICA","NAZCA","VISTA ALEGRE","ESSALUD","I-3","00010429","NASCA","9","11","0","5","0","0","3","2","0","0","2","1","2","4","0","2"
"2016","08","070101","CALLAO","CALLAO","CALLAO","SANIDAD DE LA POLICIA NACIONAL DEL PERU","I-3","00010451","POLICLINICO PNP VIPOL","7","8","0","2","1","0","2","2","4","0","2","2","1","26","0","0"
"2016","12","070101","CALLAO","CALLAO","CALLAO","SANIDAD DE LA POLICIA NACIONAL DEL PERU","I-3","00010451","POLICLINICO PNP VIPOL","7","9","0","2","0","0","2","3","2","0","3","2","2","22","0","0"
"2016","11","070101","CALLAO","CALLAO","CALLAO","SANIDAD DE LA POLICIA NACIONAL DEL PERU","I-3","00010451","POLICLINICO PNP VIPOL","5","7","0","2","0","0","3","4","2","0","3","2","2","24","0","0"
"2016","10","070101","CALLAO","CALLAO","CALLAO","SANIDAD DE LA POLICIA NACIONAL DEL PERU","I-3","00010451","POLICLINICO PNP VIPOL","5","5","0","1","0","0","2","2","4","0","2","2","1","24","0","0"
"2016","09","070101","CALLAO","CALLAO","CALLAO","SANIDAD DE LA POLICIA NACIONAL DEL PERU","I-3","00010451","POLICLINICO PNP VIPOL","5","6","0","2","1","0","2","2","4","0","2","2","1","26","0","0"
"2016","12","150135","LIMA","LIMA","SAN MARTIN DE PORRES","SANIDAD DE LA POLICIA NACIONAL DEL PERU","I-2","00012739","UNIDAD EJECUTORA 020: SANIDAD DE LA PNP - POLICLINICO PNP SAN DIEGO","4","4","0","1","0","0","4","2","2","0","0","1","1","31","0","0"
"2016","10","150135","LIMA","LIMA","SAN MARTIN DE PORRES","SANIDAD DE LA POLICIA NACIONAL DEL PERU","I-2","00012739","UNIDAD EJECUTORA 020: SANIDAD DE LA PNP - POLICLINICO PNP SAN DIEGO","4","4","0","2","0","0","4","4","2","0","0","1","2","32","0","0"
"2016","11","150135","LIMA","LIMA","SAN MARTIN DE PORRES","SANIDAD DE LA POLICIA NACIONAL DEL PERU","I-2","00012739","UNIDAD EJECUTORA 020: SANIDAD DE LA PNP - POLICLINICO PNP SAN DIEGO","4","4","0","2","0","0","4","3","2","0","0","1","1","32","0","0"
"2016","09","150135","LIMA","LIMA","SAN MARTIN DE PORRES","SANIDAD DE LA POLICIA NACIONAL DEL PERU","I-2","00012739","UNIDAD EJECUTORA 020: SANIDAD DE LA PNP - POLICLINICO PNP SAN DIEGO","4","4","0","2","0","0","4","4","2","0","0","1","2","32","0","0"
"2016","08","150135","LIMA","LIMA","SAN MARTIN DE PORRES","SANIDAD DE LA POLICIA NACIONAL DEL PERU","I-2","00012739","UNIDAD EJECUTORA 020: SANIDAD DE LA PNP - POLICLINICO PNP SAN DIEGO","4","4","0","2","0","0","4","4","2","0","0","1","2","34","0","0"
"2016","11","150114","LIMA","LIMA","LA MOLINA","PRIVADO","I-3","00010464","CLINICA ANGLO AMERICANA","14","27","0","55","0","0","19","0","0","0","3","0","2","15","0","0"
"2016","12","150114","LIMA","LIMA","LA MOLINA","PRIVADO","I-3","00010464","CLINICA ANGLO AMERICANA","14","27","0","55","0","0","19","0","0","0","3","0","2","15","0","0"
"2016","12","021809","ANCASH","SANTA","NUEVO CHIMBOTE","PRIVADO","II-E","00010475","CENTRO MEDICO ESPECIALIZADO CLINICA DE LA MUJER Y EL NIÑO EIRL","4","4","6","12","0","0","6","0","1","1","1","4","1","3","1","0"
"2016","11","021809","ANCASH","SANTA","NUEVO CHIMBOTE","PRIVADO","II-E","00010475","CENTRO MEDICO ESPECIALIZADO CLINICA DE LA MUJER Y EL NIÑO EIRL","4","4","6","12","0","0","6","0","1","1","1","4","1","3","1","0"
"2016","09","021809","ANCASH","SANTA","NUEVO CHIMBOTE","PRIVADO","II-E","00010475","CENTRO MEDICO ESPECIALIZADO CLINICA DE LA MUJER Y EL NIÑO EIRL","4","4","6","12","0","0","5","0","1","1","1","4","1","3","1","0"
"2016","10","021809","ANCASH","SANTA","NUEVO CHIMBOTE","PRIVADO","II-E","00010475","CENTRO MEDICO ESPECIALIZADO CLINICA DE LA MUJER Y EL NIÑO EIRL","4","4","6","12","0","0","6","0","1","1","1","4","1","3","1","0"
"2016","07","021809","ANCASH","SANTA","NUEVO CHIMBOTE","PRIVADO","II-E","00010475","CENTRO MEDICO ESPECIALIZADO CLINICA DE LA MUJER Y EL NIÑO EIRL","4","4","6","12","0","0","5","0","1","1","1","4","1","3","1","0"
"2016","08","021809","ANCASH","SANTA","NUEVO CHIMBOTE","PRIVADO","II-E","00010475","CENTRO MEDICO ESPECIALIZADO CLINICA DE LA MUJER Y EL NIÑO EIRL","4","4","6","12","0","0","5","0","1","1","1","4","1","3","1","0"
"2016","05","021809","ANCASH","SANTA","NUEVO CHIMBOTE","PRIVADO","II-E","00010475","CENTRO MEDICO ESPECIALIZADO CLINICA DE LA MUJER Y EL NIÑO EIRL","4","4","6","12","0","0","5","0","1","1","1","5","1","3","1","0"
"2016","06","021809","ANCASH","SANTA","NUEVO CHIMBOTE","PRIVADO","II-E","00010475","CENTRO MEDICO ESPECIALIZADO CLINICA DE LA MUJER Y EL NIÑO EIRL","4","4","6","12","0","0","5","0","1","1","1","4","1","3","1","0"
"2016","04","021809","ANCASH","SANTA","NUEVO CHIMBOTE","PRIVADO","II-E","00010475","CENTRO MEDICO ESPECIALIZADO CLINICA DE LA MUJER Y EL NIÑO EIRL","4","4","6","12","0","0","6","0","1","1","1","5","1","3","1","0"
"2016","12","150121","LIMA","LIMA","PUEBLO LIBRE","PRIVADO","II-1","00010831","centro Especializado en Odontoestomatología","49","163","0","0","0","0","0","35","0","0","0","0","0","11","13","0"
"2016","11","150121","LIMA","LIMA","PUEBLO LIBRE","PRIVADO","II-1","00010831","centro Especializado en Odontoestomatología","49","163","0","0","0","0","0","35","0","0","0","0","0","11","13","0"
"2016","10","150121","LIMA","LIMA","PUEBLO LIBRE","PRIVADO","II-1","00010831","centro Especializado en Odontoestomatología","49","163","0","0","0","0","0","35","0","0","0","0","0","11","13","0"
"2016","09","150121","LIMA","LIMA","PUEBLO LIBRE","PRIVADO","II-1","00010831","centro Especializado en Odontoestomatología","49","163","0","0","0","0","0","35","0","0","0","0","0","11","13","0"
"2016","08","150121","LIMA","LIMA","PUEBLO LIBRE","PRIVADO","II-1","00010831","centro Especializado en Odontoestomatología","49","163","0","0","0","0","0","35","0","0","0","0","0","11","13","0"
"2016","07","150121","LIMA","LIMA","PUEBLO LIBRE","PRIVADO","II-1","00010831","centro Especializado en Odontoestomatología","49","163","0","0","0","0","0","35","0","0","0","0","0","11","13","0"
"2016","11","250101","UCAYALI","CORONEL PORTILLO","CALLERIA","PRIVADO","I-3","00010505","SERVICIOS GENERALES SERFARMED SYS S.A","11","22","2","30","0","0","2","0","2","3","0","1","0","4","4","1"
"2016","12","250101","UCAYALI","CORONEL PORTILLO","CALLERIA","PRIVADO","I-3","00010505","SERVICIOS GENERALES SERFARMED SYS S.A","11","22","2","30","0","0","2","0","2","3","0","1","0","5","4","1"
"2016","10","250101","UCAYALI","CORONEL PORTILLO","CALLERIA","PRIVADO","I-3","00010505","SERVICIOS GENERALES SERFARMED SYS S.A","11","22","2","30","0","0","2","1","2","3","0","1","0","5","4","1"
"2016","09","250101","UCAYALI","CORONEL PORTILLO","CALLERIA","PRIVADO","I-3","00010505","SERVICIOS GENERALES SERFARMED SYS S.A","11","22","2","30","0","0","2","1","2","3","0","1","0","5","4","1"
"2016","08","250101","UCAYALI","CORONEL PORTILLO","CALLERIA","PRIVADO","I-3","00010505","SERVICIOS GENERALES SERFARMED SYS S.A","11","22","2","30","0","0","2","1","2","3","0","1","0","5","4","1"
"2016","07","250101","UCAYALI","CORONEL PORTILLO","CALLERIA","PRIVADO","I-3","00010505","SERVICIOS GENERALES SERFARMED SYS S.A","8","13","2","9","0","0","2","1","2","3","0","1","0","5","4","1"
"2016","01","150135","LIMA","LIMA","SAN MARTIN DE PORRES","PRIVADO","II-2","00010603","CLÍNICA MÉDICA CAYETANO HEREDIA","26","299","22","150","0","0","35","0","4","2","11","7","2","96","2","0"
"2016","12","150135","LIMA","LIMA","SAN MARTIN DE PORRES","PRIVADO","II-2","00010603","CLÍNICA MÉDICA CAYETANO HEREDIA","22","347","21","166","0","0","31","0","3","1","10","5","2","84","2","0"
"2016","11","150135","LIMA","LIMA","SAN MARTIN DE PORRES","PRIVADO","II-2","00010603","CLÍNICA MÉDICA CAYETANO HEREDIA","26","342","19","170","0","0","32","0","3","1","10","5","2","81","2","0"
"2016","10","150135","LIMA","LIMA","SAN MARTIN DE PORRES","PRIVADO","II-2","00010603","CLÍNICA MÉDICA CAYETANO HEREDIA","26","342","19","166","0","0","34","0","3","1","10","5","2","84","2","0"
"2016","09","150135","LIMA","LIMA","SAN MARTIN DE PORRES","PRIVADO","II-2","00010603","CLÍNICA MÉDICA CAYETANO HEREDIA","25","319","19","158","0","0","34","0","3","1","9","5","2","83","2","0"
"2016","08","150135","LIMA","LIMA","SAN MARTIN DE PORRES","PRIVADO","II-2","00010603","CLÍNICA MÉDICA CAYETANO HEREDIA","23","281","19","165","0","0","32","0","3","1","10","5","2","82","2","0"
"2016","07","150135","LIMA","LIMA","SAN MARTIN DE PORRES","PRIVADO","II-2","00010603","CLÍNICA MÉDICA CAYETANO HEREDIA","24","309","19","165","0","0","29","0","3","1","11","5","2","88","2","0"
"2016","06","150135","LIMA","LIMA","SAN MARTIN DE PORRES","PRIVADO","II-2","00010603","CLÍNICA MÉDICA CAYETANO HEREDIA","24","316","21","167","0","0","32","0","4","1","11","8","2","87","2","0"
"2016","05","150135","LIMA","LIMA","SAN MARTIN DE PORRES","PRIVADO","II-2","00010603","CLÍNICA MÉDICA CAYETANO HEREDIA","24","303","21","167","0","0","34","0","4","2","9","8","2","88","2","0"
"2016","04","150135","LIMA","LIMA","SAN MARTIN DE PORRES","PRIVADO","II-2","00010603","CLÍNICA MÉDICA CAYETANO HEREDIA","26","309","21","165","0","0","37","0","4","2","12","7","2","92","2","0"
"2016","03","150135","LIMA","LIMA","SAN MARTIN DE PORRES","PRIVADO","II-2","00010603","CLÍNICA MÉDICA CAYETANO HEREDIA","26","309","19","177","0","0","37","0","4","2","11","7","2","92","2","0"
"2016","02","150135","LIMA","LIMA","SAN MARTIN DE PORRES","PRIVADO","II-2","00010603","CLÍNICA MÉDICA CAYETANO HEREDIA","26","304","22","177","0","0","37","0","4","2","11","7","2","92","2","0"
"2016","02","150136","LIMA","LIMA","SAN MIGUEL","PRIVADO","II-2","00011401","CLINICA SAN JUDAS TADEO","55","104","54","221","0","0","101","19","2","3","33","10","4","1","120","120"
"2016","12","150136","LIMA","LIMA","SAN MIGUEL","PRIVADO","II-2","00011401","CLINICA SAN JUDAS TADEO","55","104","54","224","0","0","121","19","2","3","33","10","0","1","0","0"
"2016","11","150136","LIMA","LIMA","SAN MIGUEL","PRIVADO","II-2","00011401","CLINICA SAN JUDAS TADEO","55","104","54","224","0","0","121","19","2","3","33","10","4","1","125","125"
"2016","10","150136","LIMA","LIMA","SAN MIGUEL","PRIVADO","II-2","00011401","CLINICA SAN JUDAS TADEO","55","104","54","224","0","0","121","19","2","3","33","10","4","1","125","125"
"2016","09","150136","LIMA","LIMA","SAN MIGUEL","PRIVADO","II-2","00011401","CLINICA SAN JUDAS TADEO","55","104","54","224","0","0","121","19","2","3","33","10","4","1","125","125"
"2016","07","150136","LIMA","LIMA","SAN MIGUEL","PRIVADO","II-2","00011401","CLINICA SAN JUDAS TADEO","55","104","54","224","0","0","121","19","2","3","33","10","4","1","125","125"
"2016","08","150136","LIMA","LIMA","SAN MIGUEL","PRIVADO","II-2","00011401","CLINICA SAN JUDAS TADEO","55","104","54","224","0","0","121","19","2","3","33","10","4","1","125","125"
"2016","06","150136","LIMA","LIMA","SAN MIGUEL","PRIVADO","II-2","00011401","CLINICA SAN JUDAS TADEO","55","104","51","223","0","0","121","19","2","3","33","10","4","1","125","125"
"2016","05","150136","LIMA","LIMA","SAN MIGUEL","PRIVADO","II-2","00011401","CLINICA SAN JUDAS TADEO","55","104","51","221","0","0","121","19","2","3","33","10","4","1","125","125"
"2016","01","150136","LIMA","LIMA","SAN MIGUEL","PRIVADO","II-2","00011401","CLINICA SAN JUDAS TADEO","55","104","62","221","0","0","101","19","2","3","33","10","4","1","118","118"
"2016","03","150136","LIMA","LIMA","SAN MIGUEL","PRIVADO","II-2","00011401","CLINICA SAN JUDAS TADEO","55","104","54","222","0","0","101","19","2","3","33","10","4","1","120","120"
"2016","04","150136","LIMA","LIMA","SAN MIGUEL","PRIVADO","II-2","00011401","CLINICA SAN JUDAS TADEO","55","104","50","222","0","0","101","19","2","3","33","10","4","1","120","120"
"2016","12","130101","LA LIBERTAD","TRUJILLO","TRUJILLO","SANIDAD DE LA POLICIA NACIONAL DEL PERU","I-4","00011154","SANIDAD DE LA PNP - TRUJILLO","12","12","0","3","0","0","14","2","2","1","1","1","0","45","0","2"
"2016","11","130101","LA LIBERTAD","TRUJILLO","TRUJILLO","SANIDAD DE LA POLICIA NACIONAL DEL PERU","I-4","00011154","SANIDAD DE LA PNP - TRUJILLO","12","12","13","21","0","0","16","2","2","1","1","4","1","44","0","2"
"2016","10","130101","LA LIBERTAD","TRUJILLO","TRUJILLO","SANIDAD DE LA POLICIA NACIONAL DEL PERU","I-4","00011154","SANIDAD DE LA PNP - TRUJILLO","12","12","13","22","0","0","14","3","2","1","1","4","1","47","0","2"
"2016","09","130101","LA LIBERTAD","TRUJILLO","TRUJILLO","SANIDAD DE LA POLICIA NACIONAL DEL PERU","I-4","00011154","SANIDAD DE LA PNP - TRUJILLO","12","12","13","23","0","0","14","2","2","1","1","5","1","44","2","2"
"2016","08","130101","LA LIBERTAD","TRUJILLO","TRUJILLO","SANIDAD DE LA POLICIA NACIONAL DEL PERU","I-4","00011154","SANIDAD DE LA PNP - TRUJILLO","12","12","13","25","0","0","13","2","2","1","2","4","1","40","0","2"
"2016","12","110501","ICA","PISCO","PISCO","PRIVADO","II-1","00010770","CLINICA FAMISALUD","14","14","8","12","0","7","5","2","1","0","1","1","2","2","11","0"
"2016","10","110501","ICA","PISCO","PISCO","PRIVADO","II-1","00010770","CLINICA FAMISALUD","14","14","8","12","0","7","5","2","1","0","1","1","2","2","11","0"
"2016","11","110501","ICA","PISCO","PISCO","PRIVADO","II-1","00010770","CLINICA FAMISALUD","14","14","8","12","0","7","5","2","1","0","1","1","2","2","11","0"
"2016","09","110501","ICA","PISCO","PISCO","PRIVADO","II-1","00010770","CLINICA FAMISALUD","14","14","8","12","0","7","5","2","1","0","1","1","2","2","11","0"
"2016","08","110501","ICA","PISCO","PISCO","PRIVADO","II-1","00010770","CLINICA FAMISALUD","14","14","8","12","0","7","5","2","1","0","1","1","2","2","11","0"
"2016","07","150113","LIMA","LIMA","JESUS MARIA","PRIVADO","II-E","00010669","CLÍNICA PERUANA DE LA VISION","4","6","0","3","0","0","0","0","0","0","0","0","0","0","0","0"
"2016","02","150113","LIMA","LIMA","JESUS MARIA","PRIVADO","II-E","00010669","CLÍNICA PERUANA DE LA VISION","4","6","0","3","0","0","0","0","0","0","0","0","0","0","0","0"
"2016","04","150113","LIMA","LIMA","JESUS MARIA","PRIVADO","II-E","00010669","CLÍNICA PERUANA DE LA VISION","4","6","0","3","0","0","0","0","0","0","0","0","0","0","0","0"
"2016","12","150113","LIMA","LIMA","JESUS MARIA","PRIVADO","II-E","00010669","CLÍNICA PERUANA DE LA VISION","4","6","0","3","0","0","0","0","0","0","0","0","0","0","0","0"
"2016","05","150113","LIMA","LIMA","JESUS MARIA","PRIVADO","II-E","00010669","CLÍNICA PERUANA DE LA VISION","4","6","0","3","0","0","0","0","0","0","0","0","0","0","0","0"
"2016","01","150113","LIMA","LIMA","JESUS MARIA","PRIVADO","II-E","00010669","CLÍNICA PERUANA DE LA VISION","4","6","0","3","0","0","0","0","0","0","0","0","0","0","0","0"
"2016","06","150113","LIMA","LIMA","JESUS MARIA","PRIVADO","II-E","00010669","CLÍNICA PERUANA DE LA VISION","4","6","0","3","0","0","0","0","0","0","0","0","0","0","0","0"
"2016","11","150113","LIMA","LIMA","JESUS MARIA","PRIVADO","II-E","00010669","CLÍNICA PERUANA DE LA VISION","4","6","0","3","0","0","0","0","0","0","0","0","0","0","0","0"
"2016","08","150113","LIMA","LIMA","JESUS MARIA","PRIVADO","II-E","00010669","CLÍNICA PERUANA DE LA VISION","4","6","0","3","0","0","0","0","0","0","0","0","0","0","0","0"
"2016","10","150113","LIMA","LIMA","JESUS MARIA","PRIVADO","II-E","00010669","CLÍNICA PERUANA DE LA VISION","4","6","0","3","0","0","0","0","0","0","0","0","0","0","0","0"
"2016","03","150113","LIMA","LIMA","JESUS MARIA","PRIVADO","II-E","00010669","CLÍNICA PERUANA DE LA VISION","4","6","0","3","0","0","0","0","0","0","0","0","0","0","0","0"
"2016","09","150113","LIMA","LIMA","JESUS MARIA","PRIVADO","II-E","00010669","CLÍNICA PERUANA DE LA VISION","4","6","0","3","0","0","0","0","0","0","0","0","0","0","0","0"
"2016","12","150112","LIMA","LIMA","INDEPENDENCIA","SANIDAD DE LA POLICIA NACIONAL DEL PERU","I-2","00012741","POSTA MEDICA PNP INDEPENDENCIA","4","4","0","3","0","0","3","3","2","0","1","0","2","26","0","0"
"2016","11","150112","LIMA","LIMA","INDEPENDENCIA","SANIDAD DE LA POLICIA NACIONAL DEL PERU","I-2","00012741","POSTA MEDICA PNP INDEPENDENCIA","4","4","0","3","0","0","3","3","2","0","1","0","1","25","0","0"
"2016","09","150112","LIMA","LIMA","INDEPENDENCIA","SANIDAD DE LA POLICIA NACIONAL DEL PERU","I-2","00012741","POSTA MEDICA PNP INDEPENDENCIA","5","5","0","2","0","0","2","3","4","0","1","1","2","20","0","0"
"2016","08","150112","LIMA","LIMA","INDEPENDENCIA","SANIDAD DE LA POLICIA NACIONAL DEL PERU","I-2","00012741","POSTA MEDICA PNP INDEPENDENCIA","5","5","0","3","0","0","2","3","4","0","2","1","2","20","0","0"
"2016","10","150112","LIMA","LIMA","INDEPENDENCIA","SANIDAD DE LA POLICIA NACIONAL DEL PERU","I-2","00012741","POSTA MEDICA PNP INDEPENDENCIA","4","4","0","3","0","0","2","2","2","0","1","0","1","25","0","0"
"2016","09","150117","LIMA","LIMA","LOS OLIVOS","PRIVADO","II-E","00012106","CLINICA MEDICA PRIMAVERA","4","2","4","3","3","0","1","1","1","0","1","4","2","3","1","0"
"2016","07","150117","LIMA","LIMA","LOS OLIVOS","PRIVADO","II-E","00012106","CLINICA MEDICA PRIMAVERA","4","2","4","3","3","0","1","1","1","0","1","4","2","3","1","0"
"2016","08","150117","LIMA","LIMA","LOS OLIVOS","PRIVADO","II-E","00012106","CLINICA MEDICA PRIMAVERA","4","2","4","3","3","0","1","1","1","0","1","4","2","3","1","0"
"2016","12","150810","LIMA","HUAURA","SANTA MARIA","SANIDAD DE LA POLICIA NACIONAL DEL PERU","I-2","00010834","POSTA MÉDICA POLICIA NACIONAL DEL PERÚ HUACHO","3","4","0","3","2","0","2","1","1","0","2","0","4","17","0","1"
"2016","11","150810","LIMA","HUAURA","SANTA MARIA","SANIDAD DE LA POLICIA NACIONAL DEL PERU","I-2","00010834","POSTA MÉDICA POLICIA NACIONAL DEL PERÚ HUACHO","3","4","0","3","2","0","2","1","1","0","2","0","3","12","1","1"
"2016","10","150810","LIMA","HUAURA","SANTA MARIA","SANIDAD DE LA POLICIA NACIONAL DEL PERU","I-2","00010834","POSTA MÉDICA POLICIA NACIONAL DEL PERÚ HUACHO","3","5","0","2","2","0","2","2","1","0","2","0","1","13","1","1"
"2016","09","150810","LIMA","HUAURA","SANTA MARIA","SANIDAD DE LA POLICIA NACIONAL DEL PERU","I-2","00010834","POSTA MÉDICA POLICIA NACIONAL DEL PERÚ HUACHO","3","5","0","2","2","0","2","2","1","0","1","0","1","13","1","1"
"2016","08","150810","LIMA","HUAURA","SANTA MARIA","SANIDAD DE LA POLICIA NACIONAL DEL PERU","I-2","00010834","POSTA MÉDICA POLICIA NACIONAL DEL PERÚ HUACHO","3","5","0","2","2","0","2","2","1","0","1","0","1","13","1","1"
"2016","12","140112","LAMBAYEQUE","CHICLAYO","PIMENTEL","ESSALUD","II-1","00011020","HOSPITAL II LUIS HEYSEN INCHAUSTEGUI","33","21","122","101","0","5","84","3","4","3","25","18","8","123","3","1"
"2016","11","140112","LAMBAYEQUE","CHICLAYO","PIMENTEL","ESSALUD","II-1","00011020","HOSPITAL II LUIS HEYSEN INCHAUSTEGUI","33","24","123","102","0","5","78","3","4","4","23","17","8","111","3","1"
"2016","10","140112","LAMBAYEQUE","CHICLAYO","PIMENTEL","ESSALUD","II-1","00011020","HOSPITAL II LUIS HEYSEN INCHAUSTEGUI","33","25","133","100","0","5","84","3","4","3","25","18","8","119","3","1"
"2016","09","140112","LAMBAYEQUE","CHICLAYO","PIMENTEL","ESSALUD","II-1","00011020","HOSPITAL II LUIS HEYSEN INCHAUSTEGUI","33","25","123","97","0","5","84","3","4","3","25","18","8","117","3","1"
"2016","07","140112","LAMBAYEQUE","CHICLAYO","PIMENTEL","ESSALUD","II-1","00011020","HOSPITAL II LUIS HEYSEN INCHAUSTEGUI","33","21","123","87","0","5","85","3","4","4","25","18","8","122","3","1"
"2016","08","140112","LAMBAYEQUE","CHICLAYO","PIMENTEL","ESSALUD","II-1","00011020","HOSPITAL II LUIS HEYSEN INCHAUSTEGUI","33","23","123","94","0","5","84","3","4","3","25","18","7","117","3","1"
"2016","05","140112","LAMBAYEQUE","CHICLAYO","PIMENTEL","ESSALUD","II-1","00011020","HOSPITAL II LUIS HEYSEN INCHAUSTEGUI","33","19","123","78","0","5","81","3","4","3","25","18","7","122","3","1"
"2016","06","140112","LAMBAYEQUE","CHICLAYO","PIMENTEL","ESSALUD","II-1","00011020","HOSPITAL II LUIS HEYSEN INCHAUSTEGUI","33","21","123","74","0","5","81","3","4","3","25","18","7","122","3","1"
"2016","01","140112","LAMBAYEQUE","CHICLAYO","PIMENTEL","ESSALUD","II-1","00011020","HOSPITAL II LUIS HEYSEN INCHAUSTEGUI","33","21","123","75","0","0","83","3","4","4","25","17","7","96","4","1"
"2016","04","140112","LAMBAYEQUE","CHICLAYO","PIMENTEL","ESSALUD","II-1","00011020","HOSPITAL II LUIS HEYSEN INCHAUSTEGUI","33","21","124","78","0","5","82","3","4","3","25","18","7","123","3","1"
"2016","03","140112","LAMBAYEQUE","CHICLAYO","PIMENTEL","ESSALUD","II-1","00011020","HOSPITAL II LUIS HEYSEN INCHAUSTEGUI","33","19","123","76","0","6","83","3","4","3","25","18","7","123","4","1"
"2016","02","140112","LAMBAYEQUE","CHICLAYO","PIMENTEL","ESSALUD","II-1","00011020","HOSPITAL II LUIS HEYSEN INCHAUSTEGUI","33","20","123","78","0","6","83","3","4","4","25","17","7","123","4","1"
"2016","12","130111","LA LIBERTAD","TRUJILLO","VICTOR LARCO HERRERA","PRIVADO","II-1","00010581","SANCHEZ FERRER","39","78","44","204","0","0","70","4","2","1","17","4","3","86","2","1"
"2016","11","130111","LA LIBERTAD","TRUJILLO","VICTOR LARCO HERRERA","PRIVADO","II-1","00010581","SANCHEZ FERRER","39","78","44","194","0","0","70","4","2","1","17","4","3","85","2","1"
"2016","10","130111","LA LIBERTAD","TRUJILLO","VICTOR LARCO HERRERA","PRIVADO","II-1","00010581","SANCHEZ FERRER","39","78","44","185","0","0","71","4","1","1","17","4","4","86","2","1"
"2016","09","130111","LA LIBERTAD","TRUJILLO","VICTOR LARCO HERRERA","PRIVADO","II-1","00010581","SANCHEZ FERRER","39","78","44","180","0","0","67","2","1","1","17","4","2","84","2","1"
"2016","08","130111","LA LIBERTAD","TRUJILLO","VICTOR LARCO HERRERA","PRIVADO","II-1","00010581","SANCHEZ FERRER","39","78","44","177","0","0","66","2","1","1","16","5","3","85","2","1"
"2016","07","130111","LA LIBERTAD","TRUJILLO","VICTOR LARCO HERRERA","PRIVADO","II-1","00010581","SANCHEZ FERRER","39","78","44","175","0","0","65","2","1","1","16","5","3","85","2","1"
"2016","06","130111","LA LIBERTAD","TRUJILLO","VICTOR LARCO HERRERA","PRIVADO","II-1","00010581","SANCHEZ FERRER","39","78","44","182","0","0","66","2","1","1","15","5","2","83","2","1"
"2016","05","130111","LA LIBERTAD","TRUJILLO","VICTOR LARCO HERRERA","PRIVADO","II-1","00010581","SANCHEZ FERRER","39","78","44","173","0","0","67","2","1","1","15","5","3","85","2","1"
"2016","01","130111","LA LIBERTAD","TRUJILLO","VICTOR LARCO HERRERA","PRIVADO","II-1","00010581","SANCHEZ FERRER","39","78","47","194","0","0","66","1","1","1","13","5","3","81","2","1"
"2016","04","130111","LA LIBERTAD","TRUJILLO","VICTOR LARCO HERRERA","PRIVADO","II-1","00010581","SANCHEZ FERRER","39","78","44","169","0","0","68","2","1","1","15","5","3","85","3","1"
"2016","03","130111","LA LIBERTAD","TRUJILLO","VICTOR LARCO HERRERA","PRIVADO","II-1","00010581","SANCHEZ FERRER","39","78","44","198","0","0","65","1","1","1","13","4","3","83","2","1"
"2016","02","130111","LA LIBERTAD","TRUJILLO","VICTOR LARCO HERRERA","PRIVADO","II-1","00010581","SANCHEZ FERRER","39","78","47","198","0","0","65","1","1","1","13","4","3","83","2","1"
"2016","12","070101","CALLAO","CALLAO","CALLAO","ESSALUD","II-2","00010533","HOSPITAL II LIMA NORTE CALLAO ""LUIS NEGREIROS VEGA"" ESSALUD","21","39","109","138","0","0","150","6","5","7","27","23","11","5","51","0"
"2016","11","070101","CALLAO","CALLAO","CALLAO","ESSALUD","II-2","00010533","HOSPITAL II LIMA NORTE CALLAO ""LUIS NEGREIROS VEGA"" ESSALUD","21","43","109","138","0","0","150","6","5","7","27","23","11","5","51","0"
"2016","10","070101","CALLAO","CALLAO","CALLAO","ESSALUD","II-2","00010533","HOSPITAL II LIMA NORTE CALLAO ""LUIS NEGREIROS VEGA"" ESSALUD","21","42","109","138","0","1","150","6","5","7","27","23","11","5","51","0"
"2016","09","070101","CALLAO","CALLAO","CALLAO","ESSALUD","II-2","00010533","HOSPITAL II LIMA NORTE CALLAO ""LUIS NEGREIROS VEGA"" ESSALUD","21","37","109","116","0","0","150","7","5","7","31","26","11","272","85","0"
"2016","07","070101","CALLAO","CALLAO","CALLAO","ESSALUD","II-2","00010533","HOSPITAL II LIMA NORTE CALLAO ""LUIS NEGREIROS VEGA"" ESSALUD","21","41","109","116","0","0","150","7","5","7","31","26","11","272","85","0"
"2016","08","070101","CALLAO","CALLAO","CALLAO","ESSALUD","II-2","00010533","HOSPITAL II LIMA NORTE CALLAO ""LUIS NEGREIROS VEGA"" ESSALUD","21","38","109","116","0","0","150","7","5","7","31","26","11","272","85","0"
"2016","05","070101","CALLAO","CALLAO","CALLAO","ESSALUD","II-2","00010533","HOSPITAL II LIMA NORTE CALLAO ""LUIS NEGREIROS VEGA"" ESSALUD","21","36","97","116","0","0","150","7","5","7","31","26","11","272","85","0"
"2016","06","070101","CALLAO","CALLAO","CALLAO","ESSALUD","II-2","00010533","HOSPITAL II LIMA NORTE CALLAO ""LUIS NEGREIROS VEGA"" ESSALUD","21","38","109","116","0","0","150","7","5","7","31","26","11","272","85","0"
"2016","01","070101","CALLAO","CALLAO","CALLAO","ESSALUD","II-2","00010533","HOSPITAL II LIMA NORTE CALLAO ""LUIS NEGREIROS VEGA"" ESSALUD","21","78","107","112","0","0","149","6","5","7","30","26","11","5","0","0"
"2016","04","070101","CALLAO","CALLAO","CALLAO","ESSALUD","II-2","00010533","HOSPITAL II LIMA NORTE CALLAO ""LUIS NEGREIROS VEGA"" ESSALUD","21","36","97","116","0","0","150","7","5","7","31","26","11","272","85","0"
"2016","03","070101","CALLAO","CALLAO","CALLAO","ESSALUD","II-2","00010533","HOSPITAL II LIMA NORTE CALLAO ""LUIS NEGREIROS VEGA"" ESSALUD","21","39","97","116","0","0","150","7","5","7","31","26","11","272","85","0"
"2016","02","070101","CALLAO","CALLAO","CALLAO","ESSALUD","II-2","00010533","HOSPITAL II LIMA NORTE CALLAO ""LUIS NEGREIROS VEGA"" ESSALUD","21","36","97","116","0","0","150","7","5","7","31","26","11","272","85","0"
"2016","12","150501","LIMA","CAÑETE","SAN VICENTE DE CAÑETE","ESSALUD","II-1","00010536","HOSPITAL II CAÑETE","25","533","63","41","1","0","58","4","1","2","9","4","3","87","1","3"
"2016","01","150501","LIMA","CAÑETE","SAN VICENTE DE CAÑETE","ESSALUD","II-1","00010536","HOSPITAL II CAÑETE","15","694","64","31","2","0","60","4","1","2","11","5","3","83","1","3"
"2016","02","150501","LIMA","CAÑETE","SAN VICENTE DE CAÑETE","ESSALUD","II-1","00010536","HOSPITAL II CAÑETE","15","709","63","34","2","0","60","4","1","2","11","5","3","95","1","3"
"2016","07","150501","LIMA","CAÑETE","SAN VICENTE DE CAÑETE","ESSALUD","II-1","00010536","HOSPITAL II CAÑETE","29","557","63","41","1","0","56","5","1","2","10","8","3","85","1","3"
"2016","06","150501","LIMA","CAÑETE","SAN VICENTE DE CAÑETE","ESSALUD","II-1","00010536","HOSPITAL II CAÑETE","15","529","63","31","0","0","60","4","1","2","11","5","3","90","1","3"
"2016","04","150501","LIMA","CAÑETE","SAN VICENTE DE CAÑETE","ESSALUD","II-1","00010536","HOSPITAL II CAÑETE","15","726","63","30","2","0","54","4","1","2","11","5","3","82","1","3"
"2016","05","150501","LIMA","CAÑETE","SAN VICENTE DE CAÑETE","ESSALUD","II-1","00010536","HOSPITAL II CAÑETE","15","579","63","37","0","0","60","4","1","2","11","5","3","90","1","3"
"2016","03","150501","LIMA","CAÑETE","SAN VICENTE DE CAÑETE","ESSALUD","II-1","00010536","HOSPITAL II CAÑETE","15","595","63","33","2","0","53","4","1","2","11","6","3","85","1","3"
"2016","11","150501","LIMA","CAÑETE","SAN VICENTE DE CAÑETE","ESSALUD","II-1","00010536","HOSPITAL II CAÑETE","25","542","63","39","1","0","57","4","1","1","10","5","2","89","1","3"
"2016","10","150501","LIMA","CAÑETE","SAN VICENTE DE CAÑETE","ESSALUD","II-1","00010536","HOSPITAL II CAÑETE","15","389","63","39","1","0","61","5","1","2","11","5","3","2","83","3"
"2016","09","150501","LIMA","CAÑETE","SAN VICENTE DE CAÑETE","ESSALUD","II-1","00010536","HOSPITAL II CAÑETE","29","321","63","35","1","0","54","3","1","2","10","5","3","84","1","3"
"2016","08","150501","LIMA","CAÑETE","SAN VICENTE DE CAÑETE","ESSALUD","II-1","00010536","HOSPITAL II CAÑETE","29","441","63","44","1","0","57","3","1","1","9","5","3","73","1","3"
"2016","08","150135","LIMA","LIMA","SAN MARTIN DE PORRES","SANIDAD DE LA POLICIA NACIONAL DEL PERU","I-3","00011876","UNIDAD EJECUTORA 020: SANIDAD DE LA PNP","9","9","0","3","0","0","3","4","3","0","3","1","1","30","0","0"
"2016","09","150135","LIMA","LIMA","SAN MARTIN DE PORRES","SANIDAD DE LA POLICIA NACIONAL DEL PERU","I-3","00011876","UNIDAD EJECUTORA 020: SANIDAD DE LA PNP","12","9","0","3","0","0","3","4","3","1","5","1","1","29","0","0"
"2016","12","150135","LIMA","LIMA","SAN MARTIN DE PORRES","SANIDAD DE LA POLICIA NACIONAL DEL PERU","I-3","00011876","UNIDAD EJECUTORA 020: SANIDAD DE LA PNP","9","11","0","6","0","0","4","3","2","1","5","1","2","29","0","0"
"2016","10","150135","LIMA","LIMA","SAN MARTIN DE PORRES","SANIDAD DE LA POLICIA NACIONAL DEL PERU","I-3","00011876","UNIDAD EJECUTORA 020: SANIDAD DE LA PNP","8","9","0","4","0","0","4","4","3","1","4","0","1","29","0","0"
"2016","11","150135","LIMA","LIMA","SAN MARTIN DE PORRES","SANIDAD DE LA POLICIA NACIONAL DEL PERU","I-3","00011876","UNIDAD EJECUTORA 020: SANIDAD DE LA PNP","9","11","0","7","0","0","4","3","2","1","5","1","2","28","0","0"
"2016","12","200701","PIURA","TALARA","PARIÑAS","ESSALUD","II-1","00012243","HOSPITAL II TALARA","13","13","35","36","0","0","35","2","1","2","3","6","2","0","1","2"
"2016","11","200701","PIURA","TALARA","PARIÑAS","ESSALUD","II-1","00012243","HOSPITAL II TALARA","13","13","31","40","0","0","35","2","1","2","0","8","0","0","1","2"
"2016","10","200701","PIURA","TALARA","PARIÑAS","ESSALUD","II-1","00012243","HOSPITAL II TALARA","13","13","31","35","0","0","37","1","1","2","5","8","2","0","1","1"
"2016","09","200701","PIURA","TALARA","PARIÑAS","ESSALUD","II-1","00012243","HOSPITAL II TALARA","13","13","30","34","0","0","34","2","1","2","5","7","0","0","1","2"
"2016","07","200701","PIURA","TALARA","PARIÑAS","ESSALUD","II-1","00012243","HOSPITAL II TALARA","13","13","35","33","0","0","35","2","1","2","4","7","0","0","1","2"
"2016","08","200701","PIURA","TALARA","PARIÑAS","ESSALUD","II-1","00012243","HOSPITAL II TALARA","13","12","33","33","0","0","35","2","0","1","0","7","1","0","1","2"
"2016","05","200701","PIURA","TALARA","PARIÑAS","ESSALUD","II-1","00012243","HOSPITAL II TALARA","13","13","35","33","0","0","35","1","1","2","5","7","0","0","1","2"
"2016","06","200701","PIURA","TALARA","PARIÑAS","ESSALUD","II-1","00012243","HOSPITAL II TALARA","13","13","35","30","0","0","36","2","1","2","3","7","2","0","1","2"
"2016","02","200701","PIURA","TALARA","PARIÑAS","ESSALUD","II-1","00012243","HOSPITAL II TALARA","13","13","34","29","0","0","35","2","1","1","4","5","2","0","0","1"
"2016","03","200701","PIURA","TALARA","PARIÑAS","ESSALUD","II-1","00012243","HOSPITAL II TALARA","13","13","34","29","0","0","36","2","1","2","5","6","1","0","1","1"
"2016","04","200701","PIURA","TALARA","PARIÑAS","ESSALUD","II-1","00012243","HOSPITAL II TALARA","13","13","35","31","0","0","37","1","1","2","5","7","2","0","1","1"
"2016","01","200701","PIURA","TALARA","PARIÑAS","ESSALUD","II-1","00012243","HOSPITAL II TALARA","13","13","34","28","0","0","37","2","1","2","4","5","1","0","0","1"
"2016","08","140101","LAMBAYEQUE","CHICLAYO","CHICLAYO","SANIDAD DE LA POLICIA NACIONAL DEL PERU","0","00011833","HOSPITAL REGIONAL PNP CHICLAYO","23","27","50","11","0","0","23","1","4","0","0","9","1","0","9","2"
"2016","10","140101","LAMBAYEQUE","CHICLAYO","CHICLAYO","SANIDAD DE LA POLICIA NACIONAL DEL PERU","0","00011833","HOSPITAL REGIONAL PNP CHICLAYO","23","27","48","35","0","0","29","2","4","0","2","10","0","150","9","2"
"2016","09","140101","LAMBAYEQUE","CHICLAYO","CHICLAYO","SANIDAD DE LA POLICIA NACIONAL DEL PERU","0","00011833","HOSPITAL REGIONAL PNP CHICLAYO","23","27","48","35","0","0","29","2","4","0","0","11","0","145","18","2"
"2016","11","140101","LAMBAYEQUE","CHICLAYO","CHICLAYO","SANIDAD DE LA POLICIA NACIONAL DEL PERU","0","00011833","HOSPITAL REGIONAL PNP CHICLAYO","23","27","48","37","0","0","29","2","4","0","2","10","0","151","12","2"
"2016","12","140101","LAMBAYEQUE","CHICLAYO","CHICLAYO","SANIDAD DE LA POLICIA NACIONAL DEL PERU","0","00011833","HOSPITAL REGIONAL PNP CHICLAYO","23","27","48","35","0","0","28","2","4","0","2","10","0","150","8","2"
"2016","12","021801","ANCASH","SANTA","CHIMBOTE","SANIDAD DE LA POLICIA NACIONAL DEL PERU","I-3","00017690","POLICLINICO PNP CHIMBOTE","6","6","11","8","2","0","9","2","2","0","1","1","3","28","0","1"
"2016","11","021801","ANCASH","SANTA","CHIMBOTE","SANIDAD DE LA POLICIA NACIONAL DEL PERU","I-3","00017690","POLICLINICO PNP CHIMBOTE","6","6","11","8","2","0","8","2","2","0","1","1","2","22","0","1"
"2016","10","021801","ANCASH","SANTA","CHIMBOTE","SANIDAD DE LA POLICIA NACIONAL DEL PERU","I-3","00017690","POLICLINICO PNP CHIMBOTE","6","6","11","8","2","0","10","2","3","0","1","1","2","29","0","1"
"2016","09","021801","ANCASH","SANTA","CHIMBOTE","SANIDAD DE LA POLICIA NACIONAL DEL PERU","I-3","00017690","POLICLINICO PNP CHIMBOTE","6","6","11","8","2","0","9","2","3","0","1","1","2","27","0","1"
"2016","08","021801","ANCASH","SANTA","CHIMBOTE","SANIDAD DE LA POLICIA NACIONAL DEL PERU","I-3","00017690","POLICLINICO PNP CHIMBOTE","6","6","11","7","2","0","7","3","2","0","1","1","1","10","1","1"
"2016","12","200701","PIURA","TALARA","PARIÑAS","PRIVADO","II-1","00011396","ADMINISTRADORA CLINICA TRESA","16","26","20","34","0","0","12","1","1","1","2","0","1","35","5","2"
"2016","11","200701","PIURA","TALARA","PARIÑAS","PRIVADO","II-1","00011396","ADMINISTRADORA CLINICA TRESA","16","26","20","36","0","0","12","1","1","1","2","0","1","36","5","2"
"2016","10","200701","PIURA","TALARA","PARIÑAS","PRIVADO","II-1","00011396","ADMINISTRADORA CLINICA TRESA","16","26","20","36","0","0","12","1","1","1","2","0","1","36","5","2"
"2016","08","200701","PIURA","TALARA","PARIÑAS","PRIVADO","II-1","00011396","ADMINISTRADORA CLINICA TRESA","16","26","20","33","0","0","11","1","1","1","2","0","1","36","5","2"
"2016","09","200701","PIURA","TALARA","PARIÑAS","PRIVADO","II-1","00011396","ADMINISTRADORA CLINICA TRESA","16","26","20","33","0","0","11","1","1","1","2","0","1","36","5","2"
"2016","07","200701","PIURA","TALARA","PARIÑAS","PRIVADO","II-1","00011396","ADMINISTRADORA CLINICA TRESA","16","26","20","29","0","0","11","1","1","1","1","0","1","29","12","2"
"2016","06","200701","PIURA","TALARA","PARIÑAS","PRIVADO","II-1","00011396","ADMINISTRADORA CLINICA TRESA","16","28","20","30","0","0","11","1","1","1","1","0","1","32","0","2"
"2016","09","120114","JUNIN","HUANCAYO","EL TAMBO","PRIVADO","II-E","00010250","CLINICA OFTALMOLOGICA DEL CENTRO DEL PERU","2","4","1","1","0","0","2","0","0","0","0","0","0","1","2","0"
"2016","08","120114","JUNIN","HUANCAYO","EL TAMBO","PRIVADO","II-E","00010250","CLINICA OFTALMOLOGICA DEL CENTRO DEL PERU","2","4","1","1","0","0","2","0","0","0","0","0","0","1","2","0"
"2016","10","120114","JUNIN","HUANCAYO","EL TAMBO","PRIVADO","II-E","00010250","CLINICA OFTALMOLOGICA DEL CENTRO DEL PERU","2","4","1","1","0","0","2","0","0","0","0","0","0","1","2","0"
"2016","12","120114","JUNIN","HUANCAYO","EL TAMBO","PRIVADO","II-E","00010250","CLINICA OFTALMOLOGICA DEL CENTRO DEL PERU","1","1","1","1","0","1","0","0","0","0","0","0","0","2","1","0"
"2016","11","120114","JUNIN","HUANCAYO","EL TAMBO","PRIVADO","II-E","00010250","CLINICA OFTALMOLOGICA DEL CENTRO DEL PERU","1","1","1","1","0","0","0","0","0","0","0","0","0","1","2","0"
"2016","09","200104","PIURA","PIURA","CASTILLA","SANIDAD DE LA POLICIA NACIONAL DEL PERU","I-3","00010679","POLICLINICO PNP ""ALMIRANTE MIGUEL GRAU""","8","8","13","16","6","0","8","2","1","0","1","4","3","64","3","1"
"2016","08","200104","PIURA","PIURA","CASTILLA","SANIDAD DE LA POLICIA NACIONAL DEL PERU","I-3","00010679","POLICLINICO PNP ""ALMIRANTE MIGUEL GRAU""","8","8","13","16","6","0","7","2","1","0","2","4","3","65","3","1"
"2016","12","200104","PIURA","PIURA","CASTILLA","SANIDAD DE LA POLICIA NACIONAL DEL PERU","I-3","00010679","POLICLINICO PNP ""ALMIRANTE MIGUEL GRAU""","8","8","13","16","5","0","9","2","1","0","2","4","3","65","3","1"
"2016","11","200104","PIURA","PIURA","CASTILLA","SANIDAD DE LA POLICIA NACIONAL DEL PERU","I-3","00010679","POLICLINICO PNP ""ALMIRANTE MIGUEL GRAU""","8","8","13","15","5","0","8","2","1","0","2","3","3","63","3","1"
"2016","10","200104","PIURA","PIURA","CASTILLA","SANIDAD DE LA POLICIA NACIONAL DEL PERU","I-3","00010679","POLICLINICO PNP ""ALMIRANTE MIGUEL GRAU""","8","8","13","16","6","0","9","2","1","0","2","4","3","62","3","1"
"2016","08","040701","AREQUIPA","ISLAY","MOLLENDO","SANIDAD DE LA POLICIA NACIONAL DEL PERU","I-2","00017336","POSTA MEDICA PNP ""ISLAY"" REGSAL XI DIRTEPOL AREQUIPA","1","1","0","0","0","0","1","0","0","0","0","1","0","4","0","0"
"2016","09","040701","AREQUIPA","ISLAY","MOLLENDO","SANIDAD DE LA POLICIA NACIONAL DEL PERU","I-2","00017336","POSTA MEDICA PNP ""ISLAY"" REGSAL XI DIRTEPOL AREQUIPA","1","1","0","0","0","0","1","0","0","0","0","1","0","4","0","0"
"2016","07","040701","AREQUIPA","ISLAY","MOLLENDO","SANIDAD DE LA POLICIA NACIONAL DEL PERU","I-2","00017336","POSTA MEDICA PNP ""ISLAY"" REGSAL XI DIRTEPOL AREQUIPA","1","1","0","0","0","0","1","0","0","0","0","1","0","4","0","0"
"2016","10","040701","AREQUIPA","ISLAY","MOLLENDO","SANIDAD DE LA POLICIA NACIONAL DEL PERU","I-2","00017336","POSTA MEDICA PNP ""ISLAY"" REGSAL XI DIRTEPOL AREQUIPA","1","1","0","0","0","0","1","0","0","0","0","1","0","4","0","0"
"2016","12","040701","AREQUIPA","ISLAY","MOLLENDO","SANIDAD DE LA POLICIA NACIONAL DEL PERU","I-2","00017336","POSTA MEDICA PNP ""ISLAY"" REGSAL XI DIRTEPOL AREQUIPA","2","2","0","0","0","0","1","1","0","0","0","1","0","4","0","0"
"2016","11","040701","AREQUIPA","ISLAY","MOLLENDO","SANIDAD DE LA POLICIA NACIONAL DEL PERU","I-2","00017336","POSTA MEDICA PNP ""ISLAY"" REGSAL XI DIRTEPOL AREQUIPA","2","2","0","0","0","0","1","1","0","0","0","1","0","3","0","0"
"2016","10","200105","PIURA","PIURA","CATACAOS","PRIVADO","II-1","00010723","HOSPITAL PRIVADO DEL PERU","27","31","43","54","0","0","21","2","1","1","1","2","1","34","3","1"
"2016","08","200105","PIURA","PIURA","CATACAOS","PRIVADO","II-1","00010723","HOSPITAL PRIVADO DEL PERU","27","31","43","54","0","0","21","2","1","1","1","2","1","34","3","1"
"2016","09","200105","PIURA","PIURA","CATACAOS","PRIVADO","II-1","00010723","HOSPITAL PRIVADO DEL PERU","27","31","43","54","0","0","21","2","1","1","1","2","1","34","3","1"
"2016","07","200105","PIURA","PIURA","CATACAOS","PRIVADO","II-1","00010723","HOSPITAL PRIVADO DEL PERU","27","31","43","54","0","0","21","2","1","1","1","2","1","34","3","1"
"2016","12","080105","CUSCO","CUSCO","SAN SEBASTIAN","SANIDAD DE LA POLICIA NACIONAL DEL PERU","I-3","00011743","SANIDAD PNP ""SANTA ROSA"" CUSCO","7","9","0","4","2","0","11","2","1","0","0","2","1","44","2","1"
"2016","11","080105","CUSCO","CUSCO","SAN SEBASTIAN","SANIDAD DE LA POLICIA NACIONAL DEL PERU","I-3","00011743","SANIDAD PNP ""SANTA ROSA"" CUSCO","7","8","0","4","2","0","10","2","1","0","0","2","1","43","2","1"
"2016","08","080105","CUSCO","CUSCO","SAN SEBASTIAN","SANIDAD DE LA POLICIA NACIONAL DEL PERU","I-3","00011743","SANIDAD PNP ""SANTA ROSA"" CUSCO","5","5","0","5","3","0","11","2","1","0","0","2","2","45","2","2"
"2016","10","080105","CUSCO","CUSCO","SAN SEBASTIAN","SANIDAD DE LA POLICIA NACIONAL DEL PERU","I-3","00011743","SANIDAD PNP ""SANTA ROSA"" CUSCO","5","5","0","7","4","0","10","2","1","0","0","2","2","43","2","2"
"2016","09","080105","CUSCO","CUSCO","SAN SEBASTIAN","SANIDAD DE LA POLICIA NACIONAL DEL PERU","I-3","00011743","SANIDAD PNP ""SANTA ROSA"" CUSCO","5","5","0","7","4","0","11","2","1","0","0","2","2","43","2","2"
"2016","07","150121","LIMA","LIMA","PUEBLO LIBRE","PRIVADO","II-E","00011741","CLÍNICA NORVISION","3","3","0","3","0","0","2","0","0","0","2","0","1","2","0","0"
"2016","10","200601","PIURA","SULLANA","SULLANA","ESSALUD","0","00010267","HOSPITAL I ESSALUD-SULLANA","8","15","18","20","0","0","22","2","1","1","2","6","2","0","0","2"
"2016","09","200601","PIURA","SULLANA","SULLANA","ESSALUD","0","00010267","HOSPITAL I ESSALUD-SULLANA","8","14","18","20","0","0","22","2","1","1","1","6","2","0","2","2"
"2016","05","200601","PIURA","SULLANA","SULLANA","ESSALUD","0","00010267","HOSPITAL I ESSALUD-SULLANA","7","11","18","20","0","0","24","2","1","1","4","6","2","0","7","2"
"2016","12","200601","PIURA","SULLANA","SULLANA","ESSALUD","0","00010267","HOSPITAL I ESSALUD-SULLANA","8","13","18","19","0","0","22","2","1","1","2","6","2","1","2","2"
"2016","07","200601","PIURA","SULLANA","SULLANA","ESSALUD","0","00010267","HOSPITAL I ESSALUD-SULLANA","8","11","18","20","0","0","24","2","1","1","1","6","2","0","4","2"
"2016","08","200601","PIURA","SULLANA","SULLANA","ESSALUD","0","00010267","HOSPITAL I ESSALUD-SULLANA","8","13","18","20","0","0","23","2","1","1","4","6","2","0","0","2"
"2016","06","200601","PIURA","SULLANA","SULLANA","ESSALUD","0","00010267","HOSPITAL I ESSALUD-SULLANA","8","11","18","20","0","0","23","2","1","1","3","6","1","0","0","2"
"2016","11","200601","PIURA","SULLANA","SULLANA","ESSALUD","0","00010267","HOSPITAL I ESSALUD-SULLANA","8","15","18","19","0","0","23","2","1","1","2","6","2","1","2","2"
"2016","02","150140","LIMA","LIMA","SANTIAGO DE SURCO","PRIVADO","II-E","00012219","CLINICA MONTESUR","4","11","39","82","0","0","94","0","0","0","3","11","2","51","1","0"
"2016","01","150140","LIMA","LIMA","SANTIAGO DE SURCO","PRIVADO","II-E","00012219","CLINICA MONTESUR","4","10","39","80","0","0","94","0","0","0","3","11","2","51","1","0"
"2016","05","150140","LIMA","LIMA","SANTIAGO DE SURCO","PRIVADO","II-E","00012219","CLINICA MONTESUR","4","11","39","86","0","0","92","0","0","0","3","11","1","50","1","0"
"2016","04","150140","LIMA","LIMA","SANTIAGO DE SURCO","PRIVADO","II-E","00012219","CLINICA MONTESUR","4","10","39","82","0","0","93","0","0","0","3","11","1","51","1","0"
"2016","12","150140","LIMA","LIMA","SANTIAGO DE SURCO","PRIVADO","II-E","00012219","CLINICA MONTESUR","4","10","39","67","0","0","93","0","0","0","4","12","1","49","1","0"
"2016","11","150140","LIMA","LIMA","SANTIAGO DE SURCO","PRIVADO","II-E","00012219","CLINICA MONTESUR","4","10","39","75","0","0","99","0","0","0","3","11","1","49","1","0"
"2016","10","150140","LIMA","LIMA","SANTIAGO DE SURCO","PRIVADO","II-E","00012219","CLINICA MONTESUR","4","10","39","77","0","0","99","0","0","0","3","11","1","49","1","0"
"2016","09","150140","LIMA","LIMA","SANTIAGO DE SURCO","PRIVADO","II-E","00012219","CLINICA MONTESUR","4","10","39","87","0","0","100","0","0","0","4","11","1","50","1","0"
"2016","08","150140","LIMA","LIMA","SANTIAGO DE SURCO","PRIVADO","II-E","00012219","CLINICA MONTESUR","4","10","39","80","0","0","97","0","0","0","3","11","1","52","1","0"
"2016","07","150140","LIMA","LIMA","SANTIAGO DE SURCO","PRIVADO","II-E","00012219","CLINICA MONTESUR","4","10","39","73","0","0","93","0","0","0","2","11","1","50","1","0"
"2016","06","150140","LIMA","LIMA","SANTIAGO DE SURCO","PRIVADO","II-E","00012219","CLINICA MONTESUR","4","11","39","79","0","0","92","0","0","0","3","11","1","52","1","0"
"2016","03","150140","LIMA","LIMA","SANTIAGO DE SURCO","PRIVADO","II-E","00012219","CLINICA MONTESUR","4","11","39","78","0","0","92","0","0","0","3","11","1","51","1","0"
"2016","12","070106","CALLAO","CALLAO","VENTANILLA","SANIDAD DE LA POLICIA NACIONAL DEL PERU","I-3","00010573","POSTA MEDICA PNP VENTANILLA","3","3","0","3","3","0","2","2","0","0","1","2","0","16","0","0"
"2016","11","070106","CALLAO","CALLAO","VENTANILLA","SANIDAD DE LA POLICIA NACIONAL DEL PERU","I-3","00010573","POSTA MEDICA PNP VENTANILLA","3","3","0","3","3","0","2","2","0","0","1","2","0","17","0","0"
"2016","10","070106","CALLAO","CALLAO","VENTANILLA","SANIDAD DE LA POLICIA NACIONAL DEL PERU","I-3","00010573","POSTA MEDICA PNP VENTANILLA","3","3","0","4","4","0","2","2","0","0","1","2","0","17","0","0"
"2016","09","070106","CALLAO","CALLAO","VENTANILLA","SANIDAD DE LA POLICIA NACIONAL DEL PERU","I-3","00010573","POSTA MEDICA PNP VENTANILLA","3","3","0","4","4","0","2","2","0","0","1","2","0","16","0","0"
"2016","08","070106","CALLAO","CALLAO","VENTANILLA","SANIDAD DE LA POLICIA NACIONAL DEL PERU","I-3","00010573","POSTA MEDICA PNP VENTANILLA","3","3","0","4","4","0","2","2","0","0","1","2","0","17","0","0"
"2016","06","210101","PUNO","PUNO","PUNO","SANIDAD DE LA POLICIA NACIONAL DEL PERU","I-2","00010235","POLICLINICO DE SALUD PNP - PUNO","3","4","0","3","3","0","4","5","0","0","0","2","1","24","1","2"
"2016","08","210101","PUNO","PUNO","PUNO","SANIDAD DE LA POLICIA NACIONAL DEL PERU","I-2","00010235","POLICLINICO DE SALUD PNP - PUNO","3","4","0","3","3","0","3","5","0","0","0","1","0","19","0","2"
"2016","12","210101","PUNO","PUNO","PUNO","SANIDAD DE LA POLICIA NACIONAL DEL PERU","I-2","00010235","POLICLINICO DE SALUD PNP - PUNO","3","4","0","6","4","0","4","4","1","0","0","2","1","26","1","2"
"2016","11","210101","PUNO","PUNO","PUNO","SANIDAD DE LA POLICIA NACIONAL DEL PERU","I-2","00010235","POLICLINICO DE SALUD PNP - PUNO","4","4","0","6","4","0","4","4","1","0","0","2","1","25","1","2"
"2016","05","210101","PUNO","PUNO","PUNO","SANIDAD DE LA POLICIA NACIONAL DEL PERU","I-2","00010235","POLICLINICO DE SALUD PNP - PUNO","3","4","0","4","4","0","6","3","0","0","0","2","1","25","3","2"
"2016","09","210101","PUNO","PUNO","PUNO","SANIDAD DE LA POLICIA NACIONAL DEL PERU","I-2","00010235","POLICLINICO DE SALUD PNP - PUNO","3","4","0","3","3","0","4","4","0","0","0","1","1","24","1","2"
"2016","10","210101","PUNO","PUNO","PUNO","SANIDAD DE LA POLICIA NACIONAL DEL PERU","I-2","00010235","POLICLINICO DE SALUD PNP - PUNO","3","4","0","3","3","0","3","5","0","0","0","1","1","24","1","2"
"2016","07","210101","PUNO","PUNO","PUNO","SANIDAD DE LA POLICIA NACIONAL DEL PERU","I-2","00010235","POLICLINICO DE SALUD PNP - PUNO","3","3","0","4","3","0","4","5","0","0","0","2","1","24","1","2"
"2016","04","210101","PUNO","PUNO","PUNO","SANIDAD DE LA POLICIA NACIONAL DEL PERU","I-2","00010235","POLICLINICO DE SALUD PNP - PUNO","3","3","0","2","1","0","5","2","0","0","0","2","1","26","2","2"
"2016","01","210101","PUNO","PUNO","PUNO","SANIDAD DE LA POLICIA NACIONAL DEL PERU","I-2","00010235","POLICLINICO DE SALUD PNP - PUNO","3","3","0","1","1","0","5","2","1","0","0","2","1","25","2","2"
"2016","03","210101","PUNO","PUNO","PUNO","SANIDAD DE LA POLICIA NACIONAL DEL PERU","I-2","00010235","POLICLINICO DE SALUD PNP - PUNO","3","3","0","2","1","0","5","2","0","0","0","2","1","27","2","2"
"2016","02","210101","PUNO","PUNO","PUNO","SANIDAD DE LA POLICIA NACIONAL DEL PERU","I-2","00010235","POLICLINICO DE SALUD PNP - PUNO","3","3","0","1","1","0","5","2","0","0","0","2","1","26","2","2"
"2016","12","211101","PUNO","SAN ROMAN","JULIACA","SANIDAD DE LA POLICIA NACIONAL DEL PERU","0","00010236","POSTA MEDICA DE SALUD PNP - JULIACA","2","2","0","2","2","0","0","2","0","0","0","1","1","9","0","1"
"2016","11","211101","PUNO","SAN ROMAN","JULIACA","SANIDAD DE LA POLICIA NACIONAL DEL PERU","0","00010236","POSTA MEDICA DE SALUD PNP - JULIACA","3","3","0","3","3","0","2","2","0","0","0","1","2","11","0","1"
"2016","10","211101","PUNO","SAN ROMAN","JULIACA","SANIDAD DE LA POLICIA NACIONAL DEL PERU","0","00010236","POSTA MEDICA DE SALUD PNP - JULIACA","3","3","0","3","3","0","2","2","0","0","0","1","1","10","1","1"
"2016","09","211101","PUNO","SAN ROMAN","JULIACA","SANIDAD DE LA POLICIA NACIONAL DEL PERU","0","00010236","POSTA MEDICA DE SALUD PNP - JULIACA","3","3","0","3","3","0","2","2","0","0","0","1","1","7","0","1"
"2016","08","211101","PUNO","SAN ROMAN","JULIACA","SANIDAD DE LA POLICIA NACIONAL DEL PERU","0","00010236","POSTA MEDICA DE SALUD PNP - JULIACA","3","3","0","3","3","0","1","1","0","0","0","1","1","1","0","1"
"2016","12","150137","LIMA","LIMA","SANTA ANITA","ESSALUD","II-E","00010434","ESSALUD - CLINICA GERIATRICA SAN ISIDRO LABRADOR","1","1","148","37","0","15","79","0","2","8","26","0","2","112","3","0"
"2016","11","150137","LIMA","LIMA","SANTA ANITA","ESSALUD","II-E","00010434","ESSALUD - CLINICA GERIATRICA SAN ISIDRO LABRADOR","1","1","148","38","0","15","78","0","1","8","26","0","2","105","3","0"
"2016","10","150137","LIMA","LIMA","SANTA ANITA","ESSALUD","II-E","00010434","ESSALUD - CLINICA GERIATRICA SAN ISIDRO LABRADOR","1","1","148","38","0","15","78","0","1","8","26","0","2","106","3","0"
"2016","09","150137","LIMA","LIMA","SANTA ANITA","ESSALUD","II-E","00010434","ESSALUD - CLINICA GERIATRICA SAN ISIDRO LABRADOR","1","1","148","35","0","15","76","0","1","7","26","0","2","104","3","0"
"2016","07","150137","LIMA","LIMA","SANTA ANITA","ESSALUD","II-E","00010434","ESSALUD - CLINICA GERIATRICA SAN ISIDRO LABRADOR","1","1","149","36","0","15","76","0","2","6","26","0","2","105","3","0"
"2016","08","150137","LIMA","LIMA","SANTA ANITA","ESSALUD","II-E","00010434","ESSALUD - CLINICA GERIATRICA SAN ISIDRO LABRADOR","1","1","148","35","0","15","76","0","2","7","26","0","2","104","3","0"
"2016","06","150137","LIMA","LIMA","SANTA ANITA","ESSALUD","II-E","00010434","ESSALUD - CLINICA GERIATRICA SAN ISIDRO LABRADOR","1","1","166","26","0","5","76","0","2","6","26","0","2","108","3","0"
"2016","05","150137","LIMA","LIMA","SANTA ANITA","ESSALUD","II-E","00010434","ESSALUD - CLINICA GERIATRICA SAN ISIDRO LABRADOR","1","1","166","28","0","7","77","0","2","6","27","0","2","109","3","0"
"2016","01","150137","LIMA","LIMA","SANTA ANITA","ESSALUD","II-E","00010434","ESSALUD - CLINICA GERIATRICA SAN ISIDRO LABRADOR","1","1","166","28","0","5","77","0","2","7","27","0","3","113","3","0"
"2016","03","150137","LIMA","LIMA","SANTA ANITA","ESSALUD","II-E","00010434","ESSALUD - CLINICA GERIATRICA SAN ISIDRO LABRADOR","1","1","166","25","0","3","77","0","2","6","27","0","2","110","3","0"
"2016","04","150137","LIMA","LIMA","SANTA ANITA","ESSALUD","II-E","00010434","ESSALUD - CLINICA GERIATRICA SAN ISIDRO LABRADOR","1","1","166","23","0","2","77","0","2","6","27","0","2","109","3","0"
"2016","02","150137","LIMA","LIMA","SANTA ANITA","ESSALUD","II-E","00010434","ESSALUD - CLINICA GERIATRICA SAN ISIDRO LABRADOR","1","1","166","27","0","4","77","0","2","7","27","0","2","111","3","0"
"2016","12","060101","CAJAMARCA","CAJAMARCA","CAJAMARCA","PRIVADO","I-3","00010487","MARIA BELEN SRL","2","7","0","7","0","0","1","0","0","0","1","0","1","1","0","0"
"2016","10","060101","CAJAMARCA","CAJAMARCA","CAJAMARCA","PRIVADO","I-3","00010487","MARIA BELEN SRL","2","11","0","11","0","0","1","0","0","0","1","0","1","1","0","0"
"2016","11","060101","CAJAMARCA","CAJAMARCA","CAJAMARCA","PRIVADO","I-3","00010487","MARIA BELEN SRL","2","7","0","7","0","0","1","0","0","0","1","0","1","1","0","0"
"2016","08","060101","CAJAMARCA","CAJAMARCA","CAJAMARCA","PRIVADO","I-3","00010487","MARIA BELEN SRL","02","11","0","10","0","0","1","0","0","1","1","0","1","1","0","0"
"2016","07","060101","CAJAMARCA","CAJAMARCA","CAJAMARCA","PRIVADO","I-3","00010487","MARIA BELEN SRL","2","15","0","15","0","0","1","0","0","0","1","0","1","1","0","0"
"2016","09","060101","CAJAMARCA","CAJAMARCA","CAJAMARCA","PRIVADO","I-3","00010487","MARIA BELEN SRL","2","7","0","7","0","0","1","0","0","0","1","0","1","1","0","0"
"2016","11","060101","CAJAMARCA","CAJAMARCA","CAJAMARCA","GOBIERNO REGIONAL","0","00010460","LABORATORIO DE REFERENCIA REGIONAL DE SALUD PUBLICA","0","0","0","0","0","0","0","0","0","0","1","0","0","2","5","0"
"2016","12","060101","CAJAMARCA","CAJAMARCA","CAJAMARCA","GOBIERNO REGIONAL","0","00010460","LABORATORIO DE REFERENCIA REGIONAL DE SALUD PUBLICA","0","0","0","0","0","0","0","0","0","0","1","0","0","2","5","0"
"2016","10","060101","CAJAMARCA","CAJAMARCA","CAJAMARCA","GOBIERNO REGIONAL","0","00010460","LABORATORIO DE REFERENCIA REGIONAL DE SALUD PUBLICA","0","0","0","0","0","0","0","0","0","0","1","0","0","2","5","0"
"2016","09","060101","CAJAMARCA","CAJAMARCA","CAJAMARCA","GOBIERNO REGIONAL","0","00010460","LABORATORIO DE REFERENCIA REGIONAL DE SALUD PUBLICA","0","0","0","0","0","0","0","0","0","0","1","0","0","2","5","0"
"2016","07","060101","CAJAMARCA","CAJAMARCA","CAJAMARCA","GOBIERNO REGIONAL","0","00010460","LABORATORIO DE REFERENCIA REGIONAL DE SALUD PUBLICA","0","0","0","0","0","0","0","0","0","0","1","0","0","1","4","0"
"2016","08","060101","CAJAMARCA","CAJAMARCA","CAJAMARCA","GOBIERNO REGIONAL","0","00010460","LABORATORIO DE REFERENCIA REGIONAL DE SALUD PUBLICA","0","0","0","0","0","0","0","0","0","0","1","0","0","1","4","0"
"2016","06","060101","CAJAMARCA","CAJAMARCA","CAJAMARCA","GOBIERNO REGIONAL","0","00010460","LABORATORIO DE REFERENCIA REGIONAL DE SALUD PUBLICA","0","0","0","0","0","0","0","0","0","0","1","0","0","4","4","0"
"2016","05","060101","CAJAMARCA","CAJAMARCA","CAJAMARCA","GOBIERNO REGIONAL","0","00010460","LABORATORIO DE REFERENCIA REGIONAL DE SALUD PUBLICA","0","0","0","0","0","0","0","0","0","0","1","0","0","4","4","0"
"2016","12","070101","CALLAO","CALLAO","CALLAO","SANIDAD DE LA POLICIA NACIONAL DEL PERU","I-2","00010610","POSTA MEDICA PNP DIRAVPOL","1","2","0","2","0","0","2","1","0","0","0","0","0","12","0","0"
"2016","11","070101","CALLAO","CALLAO","CALLAO","SANIDAD DE LA POLICIA NACIONAL DEL PERU","I-2","00010610","POSTA MEDICA PNP DIRAVPOL","1","1","0","2","0","0","3","1","0","0","0","0","0","13","0","0"
"2016","10","070101","CALLAO","CALLAO","CALLAO","SANIDAD DE LA POLICIA NACIONAL DEL PERU","I-2","00010610","POSTA MEDICA PNP DIRAVPOL","1","1","0","1","0","0","4","1","0","0","0","0","0","13","0","0"
"2016","09","070101","CALLAO","CALLAO","CALLAO","SANIDAD DE LA POLICIA NACIONAL DEL PERU","I-2","00010610","POSTA MEDICA PNP DIRAVPOL","1","1","0","1","0","0","3","1","0","0","0","0","0","12","0","0"
"2016","08","070101","CALLAO","CALLAO","CALLAO","SANIDAD DE LA POLICIA NACIONAL DEL PERU","I-2","00010610","POSTA MEDICA PNP DIRAVPOL","1","1","0","1","0","0","3","1","0","0","0","0","0","12","0","0"
"2016","11","120401","JUNIN","JAUJA","JAUJA","SANIDAD DE LA POLICIA NACIONAL DEL PERU","I-2","00011874","POSTA MEDICA PNP JAUJA","2","2","0","1","1","0","1","0","0","0","0","0","0","3","0","0"
"2016","12","120401","JUNIN","JAUJA","JAUJA","SANIDAD DE LA POLICIA NACIONAL DEL PERU","I-2","00011874","POSTA MEDICA PNP JAUJA","2","2","0","1","1","0","1","0","0","0","0","0","0","3","0","0"
"2016","10","120401","JUNIN","JAUJA","JAUJA","SANIDAD DE LA POLICIA NACIONAL DEL PERU","I-2","00011874","POSTA MEDICA PNP JAUJA","2","2","0","1","1","0","1","1","0","0","0","0","0","4","0","0"
"2016","09","120401","JUNIN","JAUJA","JAUJA","SANIDAD DE LA POLICIA NACIONAL DEL PERU","I-2","00011874","POSTA MEDICA PNP JAUJA","2","2","0","1","1","0","1","0","0","0","0","0","0","4","0","0"
"2016","08","120401","JUNIN","JAUJA","JAUJA","SANIDAD DE LA POLICIA NACIONAL DEL PERU","I-2","00011874","POSTA MEDICA PNP JAUJA","2","2","0","1","1","0","1","0","0","0","0","0","0","3","0","0"
"2016","12","060401","CAJAMARCA","CHOTA","CHOTA","SANIDAD DE LA POLICIA NACIONAL DEL PERU","I-2","00010929","CHOTA","1","2","0","2","2","0","2","0","0","0","0","0","0","4","0","0"
"2016","08","060401","CAJAMARCA","CHOTA","CHOTA","SANIDAD DE LA POLICIA NACIONAL DEL PERU","I-2","00010929","CHOTA","1","2","0","2","2","0","2","0","0","0","0","0","0","4","0","0"
"2016","11","060401","CAJAMARCA","CHOTA","CHOTA","SANIDAD DE LA POLICIA NACIONAL DEL PERU","I-2","00010929","CHOTA","1","2","0","2","2","0","2","0","0","0","0","0","0","4","0","0"
"2016","09","060401","CAJAMARCA","CHOTA","CHOTA","SANIDAD DE LA POLICIA NACIONAL DEL PERU","I-2","00010929","CHOTA","1","2","0","2","2","0","2","0","0","0","0","0","0","4","0","0"
"2016","10","060401","CAJAMARCA","CHOTA","CHOTA","SANIDAD DE LA POLICIA NACIONAL DEL PERU","I-2","00010929","CHOTA","1","2","0","2","2","0","2","0","0","0","0","0","0","4","0","0"
"2016","12","230101","TACNA","TACNA","TACNA","PRIVADO","II-1","00011466","CLINICA ISABEL","27","24","12","30","0","0","7","2","1","1","2","0","1","2","5","0"
"2016","11","230101","TACNA","TACNA","TACNA","PRIVADO","II-1","00011466","CLINICA ISABEL","25","18","12","30","0","0","7","2","1","1","2","0","1","2","5","0"
"2016","09","230101","TACNA","TACNA","TACNA","PRIVADO","II-1","00011466","CLINICA ISABEL","25","18","12","30","0","0","7","2","1","1","2","0","1","2","5","0"
"2016","10","230101","TACNA","TACNA","TACNA","PRIVADO","II-1","00011466","CLINICA ISABEL","25","18","12","30","0","0","7","2","1","1","2","0","1","2","5","0"
"2016","08","230101","TACNA","TACNA","TACNA","PRIVADO","II-1","00011466","CLINICA ISABEL","25","18","12","30","0","0","7","2","1","1","2","0","1","2","5","0"
"2016","07","230101","TACNA","TACNA","TACNA","PRIVADO","II-1","00011466","CLINICA ISABEL","25","18","12","30","0","0","7","2","1","1","2","0","1","2","5","0"
"2016","05","230101","TACNA","TACNA","TACNA","PRIVADO","II-1","00011466","CLINICA ISABEL","25","18","12","30","0","0","7","2","1","1","2","0","1","2","5","0"
"2016","06","230101","TACNA","TACNA","TACNA","PRIVADO","II-1","00011466","CLINICA ISABEL","25","18","12","30","0","0","7","2","1","1","2","0","1","2","5","0"
"2016","02","230101","TACNA","TACNA","TACNA","PRIVADO","II-1","00011466","CLINICA ISABEL","25","18","12","30","0","0","7","2","1","1","2","0","1","2","5","0"
"2016","04","230101","TACNA","TACNA","TACNA","PRIVADO","II-1","00011466","CLINICA ISABEL","25","18","12","30","0","0","7","2","1","1","2","0","1","2","5","0"
"2016","01","140101","LAMBAYEQUE","CHICLAYO","CHICLAYO","GOBIERNO REGIONAL","III-1","00011470","HOSPITAL REGIONAL LAMBAYEQUE","32","33","171","232","0","49","275","4","8","20","59","17","14","340","29","4"
"2016","12","140101","LAMBAYEQUE","CHICLAYO","CHICLAYO","GOBIERNO REGIONAL","III-1","00011470","HOSPITAL REGIONAL LAMBAYEQUE","37","42","170","244","0","45","277","4","6","19","60","22","15","364","29","3"
"2016","11","140101","LAMBAYEQUE","CHICLAYO","CHICLAYO","GOBIERNO REGIONAL","III-1","00011470","HOSPITAL REGIONAL LAMBAYEQUE","37","50","149","253","0","45","277","4","6","19","59","21","14","341","28","4"
"2016","10","140101","LAMBAYEQUE","CHICLAYO","CHICLAYO","GOBIERNO REGIONAL","III-1","00011470","HOSPITAL REGIONAL LAMBAYEQUE","37","53","171","256","0","47","282","4","7","18","60","22","14","345","28","4"
"2016","09","140101","LAMBAYEQUE","CHICLAYO","CHICLAYO","GOBIERNO REGIONAL","III-1","00011470","HOSPITAL REGIONAL LAMBAYEQUE","37","56","171","256","0","48","283","4","7","19","60","20","15","343","28","4"
"2016","07","140101","LAMBAYEQUE","CHICLAYO","CHICLAYO","GOBIERNO REGIONAL","III-1","00011470","HOSPITAL REGIONAL LAMBAYEQUE","37","51","171","246","0","49","286","4","7","19","60","18","15","348","27","4"
"2016","08","140101","LAMBAYEQUE","CHICLAYO","CHICLAYO","GOBIERNO REGIONAL","III-1","00011470","HOSPITAL REGIONAL LAMBAYEQUE","37","52","171","256","0","46","281","4","7","19","60","18","15","330","27","4"
"2016","05","140101","LAMBAYEQUE","CHICLAYO","CHICLAYO","GOBIERNO REGIONAL","III-1","00011470","HOSPITAL REGIONAL LAMBAYEQUE","37","45","171","236","0","45","286","3","7","19","57","20","15","345","30","4"
"2016","06","140101","LAMBAYEQUE","CHICLAYO","CHICLAYO","GOBIERNO REGIONAL","III-1","00011470","HOSPITAL REGIONAL LAMBAYEQUE","37","40","171","242","0","47","280","4","7","19","59","19","15","341","28","4"
"2016","03","140101","LAMBAYEQUE","CHICLAYO","CHICLAYO","GOBIERNO REGIONAL","III-1","00011470","HOSPITAL REGIONAL LAMBAYEQUE","37","47","173","241","0","49","284","3","8","19","58","21","15","359","29","4"
"2016","04","140101","LAMBAYEQUE","CHICLAYO","CHICLAYO","GOBIERNO REGIONAL","III-1","00011470","HOSPITAL REGIONAL LAMBAYEQUE","37","46","172","237","0","48","280","4","7","18","57","21","15","352","29","3"
"2016","02","140101","LAMBAYEQUE","CHICLAYO","CHICLAYO","GOBIERNO REGIONAL","III-1","00011470","HOSPITAL REGIONAL LAMBAYEQUE","37","41","171","241","0","50","273","3","8","20","59","21","14","363","29","4"
"2016","12","070101","CALLAO","CALLAO","CALLAO","PRIVADO","I-2","00011182","CONSULTORIOS LIMATAMBO SEDE MINKA","9","9","0","29","0","0","3","5","1","2","1","0","1","7","0","0"
"2016","11","070101","CALLAO","CALLAO","CALLAO","PRIVADO","I-2","00011182","CONSULTORIOS LIMATAMBO SEDE MINKA","9","9","0","28","0","0","3","5","1","2","1","0","1","7","0","0"
"2016","12","150801","LIMA","HUAURA","HUACHO","ESSALUD","II-2","00011337","HOSPITAL II GUSTAVO LANATTA LUJAN - ESSALUD","32","51","117","73","0","0","99","4","1","6","17","11","4","104","4","2"
"2016","11","150801","LIMA","HUAURA","HUACHO","ESSALUD","II-2","00011337","HOSPITAL II GUSTAVO LANATTA LUJAN - ESSALUD","32","43","117","71","0","0","96","4","1","6","18","11","4","102","4","2"
"2016","10","150801","LIMA","HUAURA","HUACHO","ESSALUD","II-2","00011337","HOSPITAL II GUSTAVO LANATTA LUJAN - ESSALUD","32","47","117","73","0","0","96","4","1","6","17","11","4","111","3","2"
"2016","09","150801","LIMA","HUAURA","HUACHO","ESSALUD","II-2","00011337","HOSPITAL II GUSTAVO LANATTA LUJAN - ESSALUD","31","46","117","74","0","0","93","3","1","6","16","11","4","107","4","2"
"2016","07","150801","LIMA","HUAURA","HUACHO","ESSALUD","II-2","00011337","HOSPITAL II GUSTAVO LANATTA LUJAN - ESSALUD","31","45","104","78","0","0","93","4","1","5","17","12","4","104","4","2"
"2016","08","150801","LIMA","HUAURA","HUACHO","ESSALUD","II-2","00011337","HOSPITAL II GUSTAVO LANATTA LUJAN - ESSALUD","31","46","104","74","0","0","99","4","1","6","17","12","3","104","4","2"
"2016","06","150801","LIMA","HUAURA","HUACHO","ESSALUD","II-2","00011337","HOSPITAL II GUSTAVO LANATTA LUJAN - ESSALUD","31","44","104","77","0","0","93","4","1","5","17","11","4","106","4","2"
"2016","05","150801","LIMA","HUAURA","HUACHO","ESSALUD","II-2","00011337","HOSPITAL II GUSTAVO LANATTA LUJAN - ESSALUD","31","45","104","79","0","0","92","4","1","5","17","12","4","114","4","2"
"2016","02","150801","LIMA","HUAURA","HUACHO","ESSALUD","II-2","00011337","HOSPITAL II GUSTAVO LANATTA LUJAN - ESSALUD","31","50","104","78","0","0","97","4","1","6","17","11","4","106","4","2"
"2016","03","150801","LIMA","HUAURA","HUACHO","ESSALUD","II-2","00011337","HOSPITAL II GUSTAVO LANATTA LUJAN - ESSALUD","31","49","104","81","0","0","99","4","1","6","18","12","4","102","4","2"
"2016","01","150801","LIMA","HUAURA","HUACHO","ESSALUD","II-2","00011337","HOSPITAL II GUSTAVO LANATTA LUJAN - ESSALUD","31","52","104","78","0","0","97","4","1","5","18","11","4","110","4","2"
"2016","04","150801","LIMA","HUAURA","HUACHO","ESSALUD","II-2","00011337","HOSPITAL II GUSTAVO LANATTA LUJAN - ESSALUD","31","47","104","81","0","0","97","4","1","6","18","12","4","105","4","2"
"2016","12","110207","ICA","CHINCHA","PUEBLO NUEVO","SANIDAD DE LA POLICIA NACIONAL DEL PERU","I-3","00011398","U.E. 020: SANIDAD DE LA PNP","2","4","0","4","2","0","3","0","0","0","0","0","1","19","0","1"
"2016","11","110207","ICA","CHINCHA","PUEBLO NUEVO","SANIDAD DE LA POLICIA NACIONAL DEL PERU","I-3","00011398","U.E. 020: SANIDAD DE LA PNP","2","4","0","4","2","0","2","0","0","0","0","0","1","19","0","1"
"2016","09","110207","ICA","CHINCHA","PUEBLO NUEVO","SANIDAD DE LA POLICIA NACIONAL DEL PERU","I-3","00011398","U.E. 020: SANIDAD DE LA PNP","2","4","0","4","2","0","2","0","0","0","0","0","0","19","0","1"
"2016","10","110207","ICA","CHINCHA","PUEBLO NUEVO","SANIDAD DE LA POLICIA NACIONAL DEL PERU","I-3","00011398","U.E. 020: SANIDAD DE LA PNP","2","4","0","4","2","0","2","0","0","0","0","0","0","19","0","1"
"2016","07","110207","ICA","CHINCHA","PUEBLO NUEVO","SANIDAD DE LA POLICIA NACIONAL DEL PERU","I-3","00011398","U.E. 020: SANIDAD DE LA PNP","2","3","0","4","2","0","2","0","0","0","0","0","2","1","0","1"
"2016","08","110207","ICA","CHINCHA","PUEBLO NUEVO","SANIDAD DE LA POLICIA NACIONAL DEL PERU","I-3","00011398","U.E. 020: SANIDAD DE LA PNP","2","4","0","3","1","0","2","0","0","0","0","0","1","1","0","0"
"2016","12","150132","LIMA","LIMA","SAN JUAN DE LURIGANCHO","SANIDAD DE LA POLICIA NACIONAL DEL PERU","I-3","00011187","POLICLINICO PNP ZARATE","8","11","0","4","0","0","5","6","4","0","2","1","6","48","1","0"
"2016","11","150132","LIMA","LIMA","SAN JUAN DE LURIGANCHO","SANIDAD DE LA POLICIA NACIONAL DEL PERU","I-3","00011187","POLICLINICO PNP ZARATE","8","11","0","5","0","0","4","6","4","0","2","1","6","48","1","0"
"2016","10","150132","LIMA","LIMA","SAN JUAN DE LURIGANCHO","SANIDAD DE LA POLICIA NACIONAL DEL PERU","I-3","00011187","POLICLINICO PNP ZARATE","8","11","0","3","0","0","6","6","5","0","3","1","6","47","1","0"
"2016","09","150132","LIMA","LIMA","SAN JUAN DE LURIGANCHO","SANIDAD DE LA POLICIA NACIONAL DEL PERU","I-3","00011187","POLICLINICO PNP ZARATE","8","11","0","3","0","0","6","6","6","0","3","1","6","49","1","0"
"2016","08","150132","LIMA","LIMA","SAN JUAN DE LURIGANCHO","SANIDAD DE LA POLICIA NACIONAL DEL PERU","I-3","00011187","POLICLINICO PNP ZARATE","8","11","0","3","0","0","7","6","6","0","3","1","6","46","2","0"
"2016","12","150122","LIMA","LIMA","MIRAFLORES","PRIVADO","II-E","00011849","CLINICA MIRAFLORES","14","25","25","38","0","0","12","0","1","1","2","5","1","26","4","0"
"2016","10","150122","LIMA","LIMA","MIRAFLORES","PRIVADO","II-E","00011849","CLINICA MIRAFLORES","14","26","25","38","0","0","12","0","1","1","2","5","1","25","4","0"
"2016","09","150122","LIMA","LIMA","MIRAFLORES","PRIVADO","II-E","00011849","CLINICA MIRAFLORES","14","26","25","38","0","0","12","0","1","1","2","5","1","25","4","0"
"2016","08","150122","LIMA","LIMA","MIRAFLORES","PRIVADO","II-E","00011849","CLINICA MIRAFLORES","14","26","25","38","0","0","12","0","1","1","2","5","1","25","4","0"
"2016","07","150122","LIMA","LIMA","MIRAFLORES","PRIVADO","II-E","00011849","CLINICA MIRAFLORES","14","26","25","37","0","0","12","0","1","1","2","5","1","25","4","0"
"2016","06","150122","LIMA","LIMA","MIRAFLORES","PRIVADO","II-E","00011849","CLINICA MIRAFLORES","14","26","25","37","0","0","12","0","1","1","2","5","1","25","4","0"
"2016","05","150122","LIMA","LIMA","MIRAFLORES","PRIVADO","II-E","00011849","CLINICA MIRAFLORES","14","26","25","38","0","0","16","0","1","1","2","5","1","26","3","0"
"2016","11","150122","LIMA","LIMA","MIRAFLORES","PRIVADO","II-E","00011849","CLINICA MIRAFLORES","14","26","25","38","0","0","12","0","1","1","2","5","1","25","4","0"
"2016","12","150107","LIMA","LIMA","CHACLACAYO","SANIDAD DE LA POLICIA NACIONAL DEL PERU","I-2","00011227","POSTA MEDICA PNP CHACLACAYO","2","2","0","0","0","0","3","2","0","0","0","0","0","11","0","0"
"2016","11","150107","LIMA","LIMA","CHACLACAYO","SANIDAD DE LA POLICIA NACIONAL DEL PERU","I-2","00011227","POSTA MEDICA PNP CHACLACAYO","2","2","0","1","0","0","3","2","0","0","0","0","0","11","0","0"
"2016","10","150107","LIMA","LIMA","CHACLACAYO","SANIDAD DE LA POLICIA NACIONAL DEL PERU","I-2","00011227","POSTA MEDICA PNP CHACLACAYO","2","1","0","0","0","0","2","2","0","0","0","0","0","11","0","0"
"2016","09","150107","LIMA","LIMA","CHACLACAYO","SANIDAD DE LA POLICIA NACIONAL DEL PERU","I-2","00011227","POSTA MEDICA PNP CHACLACAYO","2","1","0","0","0","0","2","2","0","0","0","0","0","11","0","0"
"2016","08","150107","LIMA","LIMA","CHACLACAYO","SANIDAD DE LA POLICIA NACIONAL DEL PERU","I-2","00011227","POSTA MEDICA PNP CHACLACAYO","2","1","0","0","0","0","1","2","0","0","0","0","0","10","0","0"
"2016","12","020306","ANCASH","ANTONIO RAIMONDI","SAN JUAN DE RONTOY","GOBIERNO REGIONAL","I-1","00011236","PUESTO DE SALUD FLOR DE CANTU","3","2","0","0","0","0","1","0","0","0","0","1","0","2","0","0"
"2016","11","020306","ANCASH","ANTONIO RAIMONDI","SAN JUAN DE RONTOY","GOBIERNO REGIONAL","I-1","00011236","PUESTO DE SALUD FLOR DE CANTU","3","2","0","0","0","0","1","0","0","0","0","1","0","1","0","0"
"2016","12","021011","ANCASH","HUARI","PONTO","GOBIERNO REGIONAL","I-1","00011237","PUESTO DE SALUD CONIN","2","2","0","0","0","0","1","0","0","0","0","1","0","2","0","0"
"2016","10","021011","ANCASH","HUARI","PONTO","GOBIERNO REGIONAL","I-1","00011237","PUESTO DE SALUD CONIN","2","2","0","0","0","0","1","0","0","0","0","1","0","1","0","0"
"2016","11","021011","ANCASH","HUARI","PONTO","GOBIERNO REGIONAL","I-1","00011237","PUESTO DE SALUD CONIN","2","2","0","0","0","0","1","0","0","0","0","1","0","1","0","0"
"2016","12","150130","LIMA","LIMA","SAN BORJA","PRIVADO","II-E","00011547","CLINICA CONTINENTAL","3","3","3","3","0","1","1","0","0","1","1","0","0","5","0","0"
"2016","11","150130","LIMA","LIMA","SAN BORJA","PRIVADO","II-E","00011547","CLINICA CONTINENTAL","3","3","3","3","0","1","1","0","0","1","1","0","0","5","0","0"
"2016","10","150130","LIMA","LIMA","SAN BORJA","PRIVADO","II-E","00011547","CLINICA CONTINENTAL","3","3","3","3","0","1","1","0","0","1","1","0","0","5","0","0"
"2016","09","150130","LIMA","LIMA","SAN BORJA","PRIVADO","II-E","00011547","CLINICA CONTINENTAL","3","3","3","3","0","1","1","0","0","1","1","0","0","5","0","0"
"2016","08","150130","LIMA","LIMA","SAN BORJA","PRIVADO","II-E","00011547","CLINICA CONTINENTAL","3","3","3","3","0","1","1","0","0","1","1","0","0","5","0","0"
"2016","07","150130","LIMA","LIMA","SAN BORJA","PRIVADO","II-E","00011547","CLINICA CONTINENTAL","3","4","1","3","0","1","1","0","0","1","1","0","0","5","1","0"
"2016","08","150131","LIMA","LIMA","SAN ISIDRO","PRIVADO","II-E","00011358","PROVISION 2000 SAC","4","6","0","9","0","0","1","0","0","0","0","0","1","4","1","0"
"2016","10","150131","LIMA","LIMA","SAN ISIDRO","PRIVADO","II-E","00011358","PROVISION 2000 SAC","4","6","0","9","0","0","1","0","0","0","0","0","1","4","1","0"
"2016","09","150131","LIMA","LIMA","SAN ISIDRO","PRIVADO","II-E","00011358","PROVISION 2000 SAC","4","6","0","9","0","0","1","0","0","0","0","0","1","4","1","0"
"2016","12","150131","LIMA","LIMA","SAN ISIDRO","PRIVADO","II-E","00011358","PROVISION 2000 SAC","4","6","0","9","0","0","1","0","0","0","0","0","1","4","1","0"
"2016","11","150131","LIMA","LIMA","SAN ISIDRO","PRIVADO","II-E","00011358","PROVISION 2000 SAC","4","6","0","9","0","0","1","0","0","0","0","0","1","4","1","0"
"2016","07","150131","LIMA","LIMA","SAN ISIDRO","PRIVADO","II-E","00011358","PROVISION 2000 SAC","4","6","0","9","0","0","1","0","0","0","0","0","1","4","1","0"
"2016","12","021801","ANCASH","SANTA","CHIMBOTE","PRIVADO","II-1","00013164","CLINICA SANTA MARIA DE CHIMBOTE S.A.C.","14","22","16","51","0","0","9","1","1","1","2","0","1","6","0","0"
"2016","10","021801","ANCASH","SANTA","CHIMBOTE","PRIVADO","II-1","00013164","CLINICA SANTA MARIA DE CHIMBOTE S.A.C.","11","22","16","52","0","0","8","1","1","1","2","0","1","6","0","0"
"2016","09","021801","ANCASH","SANTA","CHIMBOTE","PRIVADO","II-1","00013164","CLINICA SANTA MARIA DE CHIMBOTE S.A.C.","12","23","16","52","0","0","9","1","1","1","2","0","1","6","0","0"
"2016","08","021801","ANCASH","SANTA","CHIMBOTE","PRIVADO","II-1","00013164","CLINICA SANTA MARIA DE CHIMBOTE S.A.C.","11","20","16","35","0","0","4","1","1","1","1","1","1","6","0","0"
"2016","11","021801","ANCASH","SANTA","CHIMBOTE","PRIVADO","II-1","00013164","CLINICA SANTA MARIA DE CHIMBOTE S.A.C.","15","22","16","52","0","0","9","1","1","1","2","0","1","6","0","0"
"2016","07","021801","ANCASH","SANTA","CHIMBOTE","PRIVADO","II-1","00013164","CLINICA SANTA MARIA DE CHIMBOTE S.A.C.","11","26","16","35","0","0","4","1","1","1","1","1","1","6","0","0"
"2016","12","150108","LIMA","LIMA","CHORRILLOS","PRIVADO","II-E","00012220","CLINICA REAL LOS LAURELES SAC","3","3","7","3","0","0","3","0","0","0","0","1","1","2","0","1"
"2016","11","150108","LIMA","LIMA","CHORRILLOS","PRIVADO","II-E","00012220","CLINICA REAL LOS LAURELES SAC","3","3","7","3","0","0","3","0","0","0","0","1","1","2","0","1"
"2016","10","150108","LIMA","LIMA","CHORRILLOS","PRIVADO","II-E","00012220","CLINICA REAL LOS LAURELES SAC","3","3","7","3","0","0","3","0","0","0","0","1","1","2","0","1"
"2016","09","150108","LIMA","LIMA","CHORRILLOS","PRIVADO","II-E","00012220","CLINICA REAL LOS LAURELES SAC","3","3","7","3","0","0","3","0","0","0","0","1","1","2","0","1"
"2016","07","150108","LIMA","LIMA","CHORRILLOS","PRIVADO","II-E","00012220","CLINICA REAL LOS LAURELES SAC","5","5","7","7","0","0","2","0","1","0","0","0","0","2","0","0"
"2016","06","150108","LIMA","LIMA","CHORRILLOS","PRIVADO","II-E","00012220","CLINICA REAL LOS LAURELES SAC","3","3","7","4","0","0","1","0","0","0","0","0","1","3","0","0"
"2016","08","150108","LIMA","LIMA","CHORRILLOS","PRIVADO","II-E","00012220","CLINICA REAL LOS LAURELES SAC","3","3","7","3","0","0","3","0","0","0","0","1","1","2","0","1"
"2016","08","230101","TACNA","TACNA","TACNA","SANIDAD DE LA POLICIA NACIONAL DEL PERU","0","00011528","FRANCISCO BOLOGNESI","6","6","0","3","0","0","6","2","1","0","0","1","0","28","1","1"
"2016","11","230101","TACNA","TACNA","TACNA","SANIDAD DE LA POLICIA NACIONAL DEL PERU","0","00011528","FRANCISCO BOLOGNESI","6","6","0","4","0","0","8","1","0","0","0","1","1","25","0","1"
"2016","09","230101","TACNA","TACNA","TACNA","SANIDAD DE LA POLICIA NACIONAL DEL PERU","0","00011528","FRANCISCO BOLOGNESI","6","6","0","3","0","0","5","2","1","0","0","1","0","30","1","1"
"2016","12","230101","TACNA","TACNA","TACNA","SANIDAD DE LA POLICIA NACIONAL DEL PERU","0","00011528","FRANCISCO BOLOGNESI","6","6","0","5","0","0","6","1","1","0","0","2","1","31","0","1"
"2016","10","230101","TACNA","TACNA","TACNA","SANIDAD DE LA POLICIA NACIONAL DEL PERU","0","00011528","FRANCISCO BOLOGNESI","6","6","0","2","0","0","6","1","1","0","0","1","0","30","1","1"
"2016","09","160113","LORETO","MAYNAS","SAN JUAN BAUTISTA","SANIDAD DE LA POLICIA NACIONAL DEL PERU","I-3","00011369","POLICLINICO P.N.P. IQUITOS","9","10","2","6","4","0","1","2","0","1","1","1","2","33","0","0"
"2016","08","160113","LORETO","MAYNAS","SAN JUAN BAUTISTA","SANIDAD DE LA POLICIA NACIONAL DEL PERU","I-3","00011369","POLICLINICO P.N.P. IQUITOS","9","10","2","6","4","0","1","2","0","1","1","1","2","33","0","0"
"2016","10","160113","LORETO","MAYNAS","SAN JUAN BAUTISTA","SANIDAD DE LA POLICIA NACIONAL DEL PERU","I-3","00011369","POLICLINICO P.N.P. IQUITOS","9","10","2","6","4","0","1","2","0","1","1","1","2","33","0","0"
"2016","12","160113","LORETO","MAYNAS","SAN JUAN BAUTISTA","SANIDAD DE LA POLICIA NACIONAL DEL PERU","I-3","00011369","POLICLINICO P.N.P. IQUITOS","9","10","2","5","3","0","1","2","1","1","1","1","4","34","0","0"
"2016","11","160113","LORETO","MAYNAS","SAN JUAN BAUTISTA","SANIDAD DE LA POLICIA NACIONAL DEL PERU","I-3","00011369","POLICLINICO P.N.P. IQUITOS","9","10","6","5","3","0","1","2","1","1","1","1","4","34","0","0"
"2016","12","150131","LIMA","LIMA","SAN ISIDRO","SANIDAD DE LA POLICIA NACIONAL DEL PERU","I-3","00012740","POLICLINICO PNP MININTER","5","5","0","3","0","0","2","1","1","0","0","1","1","19","0","1"
"2016","10","150131","LIMA","LIMA","SAN ISIDRO","SANIDAD DE LA POLICIA NACIONAL DEL PERU","I-3","00012740","POLICLINICO PNP MININTER","5","5","0","6","0","0","3","1","0","0","0","1","1","19","0","1"
"2016","11","150131","LIMA","LIMA","SAN ISIDRO","SANIDAD DE LA POLICIA NACIONAL DEL PERU","I-3","00012740","POLICLINICO PNP MININTER","5","5","0","7","0","0","3","1","1","0","0","1","1","19","0","1"
"2016","08","150131","LIMA","LIMA","SAN ISIDRO","SANIDAD DE LA POLICIA NACIONAL DEL PERU","I-3","00012740","POLICLINICO PNP MININTER","5","5","0","6","0","0","2","1","1","0","0","1","1","15","7","1"
"2016","09","150131","LIMA","LIMA","SAN ISIDRO","SANIDAD DE LA POLICIA NACIONAL DEL PERU","I-3","00012740","POLICLINICO PNP MININTER","5","5","0","6","0","0","2","1","1","0","1","1","1","13","6","1"
"2016","12","030201","APURIMAC","ANDAHUAYLAS","ANDAHUAYLAS","ESSALUD","II-1","00011214","HOSPITAL I SANTA MARGARITA","15","26","22","23","0","0","28","5","1","0","5","7","1","11","6","2"
"2016","11","030201","APURIMAC","ANDAHUAYLAS","ANDAHUAYLAS","ESSALUD","II-1","00011214","HOSPITAL I SANTA MARGARITA","15","29","22","23","0","0","31","5","1","0","7","7","1","11","6","2"
"2016","10","030201","APURIMAC","ANDAHUAYLAS","ANDAHUAYLAS","ESSALUD","II-1","00011214","HOSPITAL I SANTA MARGARITA","15","30","24","23","0","0","31","5","1","0","7","7","1","17","6","2"
"2016","09","030201","APURIMAC","ANDAHUAYLAS","ANDAHUAYLAS","ESSALUD","II-1","00011214","HOSPITAL I SANTA MARGARITA","15","24","22","22","0","0","28","5","1","0","7","7","1","11","6","2"
"2016","08","030201","APURIMAC","ANDAHUAYLAS","ANDAHUAYLAS","ESSALUD","II-1","00011214","HOSPITAL I SANTA MARGARITA","15","30","22","22","0","0","29","5","1","0","5","7","1","11","6","2"
"2016","07","030201","APURIMAC","ANDAHUAYLAS","ANDAHUAYLAS","ESSALUD","II-1","00011214","HOSPITAL I SANTA MARGARITA","15","29","22","22","0","0","28","5","0","0","5","8","1","11","1","2"
"2016","06","030201","APURIMAC","ANDAHUAYLAS","ANDAHUAYLAS","ESSALUD","II-1","00011214","HOSPITAL I SANTA MARGARITA","15","24","26","22","0","0","28","5","1","0","7","8","1","15","6","2"
"2016","05","030201","APURIMAC","ANDAHUAYLAS","ANDAHUAYLAS","ESSALUD","II-1","00011214","HOSPITAL I SANTA MARGARITA","15","27","22","22","0","0","28","5","1","0","7","7","1","15","6","0"
"2016","04","030201","APURIMAC","ANDAHUAYLAS","ANDAHUAYLAS","ESSALUD","II-1","00011214","HOSPITAL I SANTA MARGARITA","15","24","25","22","0","0","28","5","1","0","7","8","1","15","6","2"
"2016","03","030201","APURIMAC","ANDAHUAYLAS","ANDAHUAYLAS","ESSALUD","II-1","00011214","HOSPITAL I SANTA MARGARITA","15","29","21","22","0","0","28","5","1","0","7","8","1","14","1","2"
"2016","01","030201","APURIMAC","ANDAHUAYLAS","ANDAHUAYLAS","ESSALUD","II-1","00011214","HOSPITAL I SANTA MARGARITA","15","30","21","22","0","0","28","5","1","0","5","8","1","11","1","2"
"2016","12","120301","JUNIN","CHANCHAMAYO","CHANCHAMAYO","SANIDAD DE LA POLICIA NACIONAL DEL PERU","0","00011913","POSTA MEDICA PNP LA MERCED","2","3","0","2","2","0","2","1","1","0","0","0","0","8","0","0"
"2016","11","120301","JUNIN","CHANCHAMAYO","CHANCHAMAYO","SANIDAD DE LA POLICIA NACIONAL DEL PERU","0","00011913","POSTA MEDICA PNP LA MERCED","2","3","0","2","2","0","2","1","1","0","0","0","0","7","0","0"
"2016","09","120301","JUNIN","CHANCHAMAYO","CHANCHAMAYO","SANIDAD DE LA POLICIA NACIONAL DEL PERU","0","00011913","POSTA MEDICA PNP LA MERCED","2","2","0","2","2","0","2","0","0","0","0","0","0","9","0","0"
"2016","10","120301","JUNIN","CHANCHAMAYO","CHANCHAMAYO","SANIDAD DE LA POLICIA NACIONAL DEL PERU","0","00011913","POSTA MEDICA PNP LA MERCED","2","2","0","2","2","0","2","0","0","0","0","0","0","9","0","0"
"2016","08","120301","JUNIN","CHANCHAMAYO","CHANCHAMAYO","SANIDAD DE LA POLICIA NACIONAL DEL PERU","0","00011913","POSTA MEDICA PNP LA MERCED","2","2","0","2","2","0","2","0","0","0","0","0","0","9","0","0"
"2016","12","120604","JUNIN","SATIPO","MAZAMARI","SANIDAD DE LA POLICIA NACIONAL DEL PERU","0","00012454","POSTA MEDICA PNP ""LOS SINCHIS""-MAZAMARI","3","4","0","4","3","0","3","2","1","0","0","0","0","9","0","0"
"2016","09","120604","JUNIN","SATIPO","MAZAMARI","SANIDAD DE LA POLICIA NACIONAL DEL PERU","0","00012454","POSTA MEDICA PNP ""LOS SINCHIS""-MAZAMARI","2","3","0","4","3","0","3","2","1","0","0","0","0","11","0","0"
"2016","11","120604","JUNIN","SATIPO","MAZAMARI","SANIDAD DE LA POLICIA NACIONAL DEL PERU","0","00012454","POSTA MEDICA PNP ""LOS SINCHIS""-MAZAMARI","3","4","0","4","3","0","2","1","1","0","0","0","0","10","0","0"
"2016","10","120604","JUNIN","SATIPO","MAZAMARI","SANIDAD DE LA POLICIA NACIONAL DEL PERU","0","00012454","POSTA MEDICA PNP ""LOS SINCHIS""-MAZAMARI","2","3","0","4","3","0","3","1","1","0","0","0","0","11","0","0"
"2016","08","120604","JUNIN","SATIPO","MAZAMARI","SANIDAD DE LA POLICIA NACIONAL DEL PERU","0","00012454","POSTA MEDICA PNP ""LOS SINCHIS""-MAZAMARI","2","3","0","4","3","0","3","2","1","0","0","0","0","11","0","0"
"2016","12","040101","AREQUIPA","AREQUIPA","AREQUIPA","PRIVADO","II-E","00011995","CLINICA ALMONTE SAC","4","8","2","5","0","0","3","0","0","0","0","0","1","0","5","1"
"2016","07","040101","AREQUIPA","AREQUIPA","AREQUIPA","PRIVADO","II-E","00011995","CLINICA ALMONTE SAC","4","8","2","5","0","0","3","0","0","0","0","0","1","0","5","1"
"2016","05","040101","AREQUIPA","AREQUIPA","AREQUIPA","PRIVADO","II-E","00011995","CLINICA ALMONTE SAC","4","8","2","5","0","0","3","0","0","0","0","0","1","0","5","1"
"2016","04","040101","AREQUIPA","AREQUIPA","AREQUIPA","PRIVADO","II-E","00011995","CLINICA ALMONTE SAC","4","8","2","5","0","0","3","0","0","0","0","0","1","0","5","1"
"2016","03","040101","AREQUIPA","AREQUIPA","AREQUIPA","PRIVADO","II-E","00011995","CLINICA ALMONTE SAC","4","8","2","5","0","0","3","0","0","0","0","0","1","0","5","1"
"2016","02","040101","AREQUIPA","AREQUIPA","AREQUIPA","PRIVADO","II-E","00011995","CLINICA ALMONTE SAC","4","8","2","5","0","0","3","0","0","0","0","0","1","0","5","1"
"2016","06","040101","AREQUIPA","AREQUIPA","AREQUIPA","PRIVADO","II-E","00011995","CLINICA ALMONTE SAC","4","8","2","5","0","0","3","0","0","0","0","0","1","0","5","1"
"2016","11","040101","AREQUIPA","AREQUIPA","AREQUIPA","PRIVADO","II-E","00011995","CLINICA ALMONTE SAC","4","8","2","5","0","0","3","0","0","0","0","0","1","0","5","1"
"2016","10","040101","AREQUIPA","AREQUIPA","AREQUIPA","PRIVADO","II-E","00011995","CLINICA ALMONTE SAC","4","8","2","5","0","0","3","0","0","0","0","0","1","0","5","1"
"2016","09","040101","AREQUIPA","AREQUIPA","AREQUIPA","PRIVADO","II-E","00011995","CLINICA ALMONTE SAC","4","8","2","5","0","0","3","0","0","0","0","0","1","0","5","1"
"2016","08","040101","AREQUIPA","AREQUIPA","AREQUIPA","PRIVADO","II-E","00011995","CLINICA ALMONTE SAC","4","8","2","5","0","0","3","0","0","0","0","0","1","0","5","1"
"2016","12","040102","AREQUIPA","AREQUIPA","ALTO SELVA ALEGRE","ESSALUD","I-3","00012199","CAP III ALTO SELVA ALEGRE","14","23","0","6","0","0","9","3","1","1","0","2","1","10","1","0"
"2016","12","160108","LORETO","MAYNAS","PUNCHANA","ESSALUD","III-1","00011409","HOSPITAL III IQUITOS","19","31","112","112","0","4","103","3","2","2","20","11","5","160","35","2"
"2016","11","160108","LORETO","MAYNAS","PUNCHANA","ESSALUD","III-1","00011409","HOSPITAL III IQUITOS","17","30","99","108","0","4","103","3","2","2","20","11","5","0","114","2"
"2016","10","160108","LORETO","MAYNAS","PUNCHANA","ESSALUD","III-1","00011409","HOSPITAL III IQUITOS","17","30","117","127","0","2","101","3","2","2","20","13","6","160","35","2"
"2016","09","160108","LORETO","MAYNAS","PUNCHANA","ESSALUD","III-1","00011409","HOSPITAL III IQUITOS","19","29","112","126","0","2","104","3","2","2","20","12","6","160","35","2"
"2016","08","160108","LORETO","MAYNAS","PUNCHANA","ESSALUD","III-1","00011409","HOSPITAL III IQUITOS","19","27","112","125","0","4","116","3","2","2","20","13","6","160","35","2"
"2016","07","160108","LORETO","MAYNAS","PUNCHANA","ESSALUD","III-1","00011409","HOSPITAL III IQUITOS","19","31","112","112","0","4","103","3","2","2","20","11","5","160","35","2"
"2016","06","160108","LORETO","MAYNAS","PUNCHANA","ESSALUD","III-1","00011409","HOSPITAL III IQUITOS","19","31","112","112","0","4","103","3","2","2","20","11","5","160","35","2"
"2016","05","160108","LORETO","MAYNAS","PUNCHANA","ESSALUD","III-1","00011409","HOSPITAL III IQUITOS","19","29","114","110","0","4","105","3","2","2","20","12","7","160","35","2"
"2016","01","160108","LORETO","MAYNAS","PUNCHANA","ESSALUD","III-1","00011409","HOSPITAL III IQUITOS","19","30","114","112","0","4","109","3","2","2","20","11","5","160","35","2"
"2016","03","160108","LORETO","MAYNAS","PUNCHANA","ESSALUD","III-1","00011409","HOSPITAL III IQUITOS","19","30","112","117","0","4","105","3","2","2","20","10","6","160","35","2"
"2016","04","160108","LORETO","MAYNAS","PUNCHANA","ESSALUD","III-1","00011409","HOSPITAL III IQUITOS","19","30","112","118","0","4","108","3","2","2","20","10","6","160","35","2"
"2016","02","160108","LORETO","MAYNAS","PUNCHANA","ESSALUD","III-1","00011409","HOSPITAL III IQUITOS","19","32","114","116","0","4","109","3","2","2","20","11","5","160","35","2"
"2016","02","150801","LIMA","HUAURA","HUACHO","PRIVADO","II-1","00010883","CLINICA SAN PEDRO","38","39","19","64","0","0","19","2","1","2","1","2","2","7","0","1"
"2016","03","150801","LIMA","HUAURA","HUACHO","PRIVADO","II-1","00010883","CLINICA SAN PEDRO","38","37","19","64","0","0","23","2","1","2","1","3","2","7","0","1"
"2016","12","150801","LIMA","HUAURA","HUACHO","PRIVADO","II-1","00010883","CLINICA SAN PEDRO","38","37","19","73","0","0","25","2","1","2","1","4","2","8","0","1"
"2016","10","150801","LIMA","HUAURA","HUACHO","PRIVADO","II-1","00010883","CLINICA SAN PEDRO","38","37","19","73","0","0","25","2","1","2","1","4","2","8","0","1"
"2016","08","150801","LIMA","HUAURA","HUACHO","PRIVADO","II-1","00010883","CLINICA SAN PEDRO","38","37","19","73","0","0","24","2","1","2","1","4","2","7","0","1"
"2016","07","150801","LIMA","HUAURA","HUACHO","PRIVADO","II-1","00010883","CLINICA SAN PEDRO","38","37","19","73","0","0","24","2","1","2","1","4","2","7","0","1"
"2016","09","150801","LIMA","HUAURA","HUACHO","PRIVADO","II-1","00010883","CLINICA SAN PEDRO","38","37","19","73","0","0","24","2","1","2","1","4","2","7","0","1"
"2016","06","150801","LIMA","HUAURA","HUACHO","PRIVADO","II-1","00010883","CLINICA SAN PEDRO","38","37","19","64","0","0","24","2","1","2","1","3","2","7","0","1"
"2016","01","150801","LIMA","HUAURA","HUACHO","PRIVADO","II-1","00010883","CLINICA SAN PEDRO","38","37","19","64","0","0","19","2","1","2","1","2","2","7","0","1"
"2016","11","150801","LIMA","HUAURA","HUACHO","PRIVADO","II-1","00010883","CLINICA SAN PEDRO","38","37","19","73","0","0","25","2","1","2","1","4","2","8","0","1"
"2016","04","150801","LIMA","HUAURA","HUACHO","PRIVADO","II-1","00010883","CLINICA SAN PEDRO","38","37","19","64","0","0","23","2","1","2","1","3","2","7","0","1"
"2016","05","150801","LIMA","HUAURA","HUACHO","PRIVADO","II-1","00010883","CLINICA SAN PEDRO","38","37","19","64","0","0","24","2","1","2","1","3","2","7","0","1"
"2016","12","100101","HUANUCO","HUANUCO","HUANUCO","SANIDAD DE LA POLICIA NACIONAL DEL PERU","I-3","00011421","REGION DE SALUD PNP -HUANUCO","5","5","0","0","0","0","0","0","0","0","0","0","0","0","0","1"
"2016","10","100101","HUANUCO","HUANUCO","HUANUCO","SANIDAD DE LA POLICIA NACIONAL DEL PERU","I-3","00011421","REGION DE SALUD PNP -HUANUCO","5","5","0","4","3","0","7","0","1","0","1","2","1","24","0","1"
"2016","11","100101","HUANUCO","HUANUCO","HUANUCO","SANIDAD DE LA POLICIA NACIONAL DEL PERU","I-3","00011421","REGION DE SALUD PNP -HUANUCO","5","5","0","3","3","0","6","2","1","0","0","2","1","28","0","1"
"2016","08","100101","HUANUCO","HUANUCO","HUANUCO","SANIDAD DE LA POLICIA NACIONAL DEL PERU","I-3","00011421","REGION DE SALUD PNP -HUANUCO","6","6","0","4","3","0","8","0","1","0","1","2","1","26","1","1"
"2016","09","100101","HUANUCO","HUANUCO","HUANUCO","SANIDAD DE LA POLICIA NACIONAL DEL PERU","I-3","00011421","REGION DE SALUD PNP -HUANUCO","6","6","0","3","2","0","2","1","0","0","1","1","1","6","0","1"
"2016","12","050101","AYACUCHO","HUAMANGA","AYACUCHO","SANIDAD DE LA POLICIA NACIONAL DEL PERU","I-4","00011426","POLICLINICO PNP","4","4","0","4","2","0","6","3","2","0","1","0","0","16","2","2"
"2016","10","050101","AYACUCHO","HUAMANGA","AYACUCHO","SANIDAD DE LA POLICIA NACIONAL DEL PERU","I-4","00011426","POLICLINICO PNP","4","4","0","5","3","0","6","3","2","0","1","1","0","15","2","2"
"2016","11","050101","AYACUCHO","HUAMANGA","AYACUCHO","SANIDAD DE LA POLICIA NACIONAL DEL PERU","I-4","00011426","POLICLINICO PNP","4","4","0","4","2","0","6","3","2","0","1","0","0","16","2","2"
"2016","09","050101","AYACUCHO","HUAMANGA","AYACUCHO","SANIDAD DE LA POLICIA NACIONAL DEL PERU","I-4","00011426","POLICLINICO PNP","4","2","0","4","2","0","7","4","2","0","1","0","0","15","2","2"
"2016","08","050101","AYACUCHO","HUAMANGA","AYACUCHO","SANIDAD DE LA POLICIA NACIONAL DEL PERU","I-4","00011426","POLICLINICO PNP","4","4","0","4","2","0","6","4","2","0","1","0","0","16","2","2"
"2016","12","240101","TUMBES","TUMBES","TUMBES","SANIDAD DE LA POLICIA NACIONAL DEL PERU","I-3","00012088","UNIDAD EJECUTORA 020 SANIDAD PNP TUMBES","3","3","3","3","2","0","0","1","0","0","0","0","0","32","1","1"
"2016","11","240101","TUMBES","TUMBES","TUMBES","SANIDAD DE LA POLICIA NACIONAL DEL PERU","I-3","00012088","UNIDAD EJECUTORA 020 SANIDAD PNP TUMBES","3","3","3","2","2","0","1","1","0","0","0","0","0","32","1","1"
"2016","10","240101","TUMBES","TUMBES","TUMBES","SANIDAD DE LA POLICIA NACIONAL DEL PERU","I-3","00012088","UNIDAD EJECUTORA 020 SANIDAD PNP TUMBES","3","3","3","3","3","0","1","1","0","0","0","0","1","32","1","1"
"2016","09","240101","TUMBES","TUMBES","TUMBES","SANIDAD DE LA POLICIA NACIONAL DEL PERU","I-3","00012088","UNIDAD EJECUTORA 020 SANIDAD PNP TUMBES","3","3","3","3","3","0","1","2","0","0","0","0","1","32","1","1"
"2016","08","240101","TUMBES","TUMBES","TUMBES","SANIDAD DE LA POLICIA NACIONAL DEL PERU","I-3","00012088","UNIDAD EJECUTORA 020 SANIDAD PNP TUMBES","3","3","3","3","3","0","1","2","0","0","0","0","1","31","1","1"
"2016","12","110501","ICA","PISCO","PISCO","SANIDAD DE LA POLICIA NACIONAL DEL PERU","I-2","00011400","PISCO","2","2","0","2","0","0","2","1","0","0","0","0","3","2","1","1"
"2016","11","110501","ICA","PISCO","PISCO","SANIDAD DE LA POLICIA NACIONAL DEL PERU","I-2","00011400","PISCO","2","2","0","2","0","0","2","1","0","0","0","0","3","3","1","1"
"2016","10","110501","ICA","PISCO","PISCO","SANIDAD DE LA POLICIA NACIONAL DEL PERU","I-2","00011400","PISCO","2","2","0","2","0","0","2","1","0","0","0","0","2","1","1","1"
"2016","09","110501","ICA","PISCO","PISCO","SANIDAD DE LA POLICIA NACIONAL DEL PERU","I-2","00011400","PISCO","2","2","0","2","0","0","2","1","0","0","0","0","2","1","1","1"
"2016","08","110501","ICA","PISCO","PISCO","SANIDAD DE LA POLICIA NACIONAL DEL PERU","I-2","00011400","PISCO","2","2","0","2","0","0","2","1","0","0","0","0","2","1","1","1"
"2016","07","110501","ICA","PISCO","PISCO","SANIDAD DE LA POLICIA NACIONAL DEL PERU","I-2","00011400","PISCO","2","2","0","2","0","0","2","1","0","0","0","0","2","1","1","1"
"2016","12","110301","ICA","NAZCA","NAZCA","SANIDAD DE LA POLICIA NACIONAL DEL PERU","I-2","00011399","UNIDAD EJECUTORA 020:SANIDAD DE LA PNP","4","4","0","4","2","0","0","1","0","0","0","1","1","6","1","0"
"2016","11","110301","ICA","NAZCA","NAZCA","SANIDAD DE LA POLICIA NACIONAL DEL PERU","I-2","00011399","UNIDAD EJECUTORA 020:SANIDAD DE LA PNP","4","4","0","4","2","0","0","1","0","0","0","1","1","6","1","0"
"2016","10","110301","ICA","NAZCA","NAZCA","SANIDAD DE LA POLICIA NACIONAL DEL PERU","I-2","00011399","UNIDAD EJECUTORA 020:SANIDAD DE LA PNP","4","4","0","4","2","0","0","1","0","0","0","1","1","6","1","0"
"2016","09","110301","ICA","NAZCA","NAZCA","SANIDAD DE LA POLICIA NACIONAL DEL PERU","I-2","00011399","UNIDAD EJECUTORA 020:SANIDAD DE LA PNP","4","4","0","4","2","0","0","1","0","0","0","0","1","6","1","0"
"2016","08","110301","ICA","NAZCA","NAZCA","SANIDAD DE LA POLICIA NACIONAL DEL PERU","I-2","00011399","UNIDAD EJECUTORA 020:SANIDAD DE LA PNP","4","4","0","4","2","0","0","1","0","0","0","0","1","6","1","0"
"2016","12","150141","LIMA","LIMA","SURQUILLO","PRIVADO","I-2","00011958","LIGA CONTRA EL CANCER","3","4","0","14","0","0","1","0","0","0","1","2","0","3","0","0"
"2016","11","150141","LIMA","LIMA","SURQUILLO","PRIVADO","I-2","00011958","LIGA CONTRA EL CANCER","3","5","0","16","0","0","1","0","0","0","1","3","0","3","0","0"
"2016","10","150141","LIMA","LIMA","SURQUILLO","PRIVADO","I-2","00011958","LIGA CONTRA EL CANCER","3","142","0","15","0","0","1","0","0","0","1","2","0","3","0","0"
"2016","09","150141","LIMA","LIMA","SURQUILLO","PRIVADO","I-2","00011958","LIGA CONTRA EL CANCER","3","146","0","15","0","0","1","0","0","0","1","2","0","3","0","0"
"2016","08","150141","LIMA","LIMA","SURQUILLO","PRIVADO","I-2","00011958","LIGA CONTRA EL CANCER","3","142","0","16","0","0","1","0","0","0","1","1","0","3","0","0"
"2016","12","200701","PIURA","TALARA","PARIÑAS","PRIVADO","II-1","00011395","CLINICA VIGO 2000 S. CIVIL DE R.L.","5","10","15","5","0","0","2","1","1","1","0","2","1","4","8","1"
"2016","11","200701","PIURA","TALARA","PARIÑAS","PRIVADO","II-1","00011395","CLINICA VIGO 2000 S. CIVIL DE R.L.","5","10","15","5","0","0","2","1","1","1","0","2","1","4","8","1"
"2016","10","200701","PIURA","TALARA","PARIÑAS","PRIVADO","II-1","00011395","CLINICA VIGO 2000 S. CIVIL DE R.L.","5","10","15","5","0","0","2","1","1","1","0","2","1","4","8","1"
"2016","09","200701","PIURA","TALARA","PARIÑAS","PRIVADO","II-1","00011395","CLINICA VIGO 2000 S. CIVIL DE R.L.","5","10","15","5","0","0","2","1","1","1","0","2","1","4","8","1"
"2016","06","200701","PIURA","TALARA","PARIÑAS","PRIVADO","II-1","00011395","CLINICA VIGO 2000 S. CIVIL DE R.L.","5","10","15","4","0","0","3","1","1","1","0","2","1","5","9","1"
"2016","08","200701","PIURA","TALARA","PARIÑAS","PRIVADO","II-1","00011395","CLINICA VIGO 2000 S. CIVIL DE R.L.","5","10","15","5","0","0","2","1","1","1","0","2","1","4","8","1"
"2016","07","200701","PIURA","TALARA","PARIÑAS","PRIVADO","II-1","00011395","CLINICA VIGO 2000 S. CIVIL DE R.L.","5","10","15","5","0","0","2","1","1","1","0","2","1","4","8","1"
"2016","12","130105","LA LIBERTAD","TRUJILLO","LA ESPERANZA","PRIVADO","II-1","00010792","CLINICA MEDSALUD SAC","2","4","5","4","0","0","4","0","0","0","0","0","1","0","1","0"
"2016","11","130105","LA LIBERTAD","TRUJILLO","LA ESPERANZA","PRIVADO","II-1","00010792","CLINICA MEDSALUD SAC","2","4","5","4","0","0","4","0","0","0","0","0","1","0","1","0"
"2016","09","130105","LA LIBERTAD","TRUJILLO","LA ESPERANZA","PRIVADO","II-1","00010792","CLINICA MEDSALUD SAC","2","2","5","3","0","0","3","0","0","0","0","0","1","1","1","0"
"2016","10","130105","LA LIBERTAD","TRUJILLO","LA ESPERANZA","PRIVADO","II-1","00010792","CLINICA MEDSALUD SAC","2","2","5","3","0","0","3","0","0","0","0","0","1","1","1","0"
"2016","08","130105","LA LIBERTAD","TRUJILLO","LA ESPERANZA","PRIVADO","II-1","00010792","CLINICA MEDSALUD SAC","2","2","5","3","0","0","3","0","0","0","0","0","1","1","1","0"
"2016","07","130105","LA LIBERTAD","TRUJILLO","LA ESPERANZA","PRIVADO","II-1","00010792","CLINICA MEDSALUD SAC","2","2","5","3","0","0","3","0","0","0","0","0","1","1","1","0"
"2016","06","130105","LA LIBERTAD","TRUJILLO","LA ESPERANZA","PRIVADO","II-1","00010792","CLINICA MEDSALUD SAC","2","2","5","3","0","0","3","0","0","0","0","0","1","1","1","0"
"2016","12","050401","AYACUCHO","HUANTA","HUANTA","SANIDAD DE LA POLICIA NACIONAL DEL PERU","I-2","00011437","POSTA MEDICA PNP HUANTA","3","6","0","3","3","0","2","1","0","0","0","1","0","7","1","0"
"2016","08","050401","AYACUCHO","HUANTA","HUANTA","SANIDAD DE LA POLICIA NACIONAL DEL PERU","I-2","00011437","POSTA MEDICA PNP HUANTA","3","6","0","4","4","0","2","1","0","0","0","1","0","7","1","0"
"2016","09","050401","AYACUCHO","HUANTA","HUANTA","SANIDAD DE LA POLICIA NACIONAL DEL PERU","I-2","00011437","POSTA MEDICA PNP HUANTA","3","6","0","4","4","0","2","1","0","0","0","1","0","7","1","0"
"2016","10","050401","AYACUCHO","HUANTA","HUANTA","SANIDAD DE LA POLICIA NACIONAL DEL PERU","I-2","00011437","POSTA MEDICA PNP HUANTA","3","6","0","4","4","0","2","1","0","0","0","1","0","7","1","0"
"2016","11","050401","AYACUCHO","HUANTA","HUANTA","SANIDAD DE LA POLICIA NACIONAL DEL PERU","I-2","00011437","POSTA MEDICA PNP HUANTA","3","6","0","3","3","0","2","1","0","0","0","1","0","7","1","0"
"2016","05","110101","ICA","ICA","ICA","SANIDAD DE LA POLICIA NACIONAL DEL PERU","I-3","00010900","PNP ICA","5","5","0","0","0","0","0","0","0","0","0","0","0","1","1","0"
"2016","06","110101","ICA","ICA","ICA","SANIDAD DE LA POLICIA NACIONAL DEL PERU","I-3","00010900","PNP ICA","7","8","0","0","0","0","0","0","0","0","0","0","1","5","0","0"
"2016","02","110101","ICA","ICA","ICA","SANIDAD DE LA POLICIA NACIONAL DEL PERU","I-3","00010900","PNP ICA","7","8","0","2","0","0","2","2","1","0","0","1","2","16","3","0"
"2016","09","110101","ICA","ICA","ICA","SANIDAD DE LA POLICIA NACIONAL DEL PERU","I-3","00010900","PNP ICA","5","5","0","5","2","0","4","3","1","0","0","2","3","49","4","1"
"2016","01","110101","ICA","ICA","ICA","SANIDAD DE LA POLICIA NACIONAL DEL PERU","I-3","00010900","PNP ICA","4","4","0","3","0","0","3","2","1","0","0","2","2","17","5","0"
"2016","12","110101","ICA","ICA","ICA","SANIDAD DE LA POLICIA NACIONAL DEL PERU","I-3","00010900","PNP ICA","7","8","0","5","2","0","4","3","1","0","0","2","3","46","4","0"
"2016","03","110101","ICA","ICA","ICA","SANIDAD DE LA POLICIA NACIONAL DEL PERU","I-3","00010900","PNP ICA","7","8","0","3","0","0","3","5","0","0","0","4","5","50","3","0"
"2016","11","110101","ICA","ICA","ICA","SANIDAD DE LA POLICIA NACIONAL DEL PERU","I-3","00010900","PNP ICA","7","8","0","5","2","0","3","3","1","0","0","2","2","44","4","0"
"2016","07","110101","ICA","ICA","ICA","SANIDAD DE LA POLICIA NACIONAL DEL PERU","I-3","00010900","PNP ICA","7","8","0","7","4","0","4","3","1","0","0","3","3","1","4","0"
"2016","08","110101","ICA","ICA","ICA","SANIDAD DE LA POLICIA NACIONAL DEL PERU","I-3","00010900","PNP ICA","7","8","0","5","2","0","4","3","1","0","0","3","3","51","4","1"
"2016","04","110101","ICA","ICA","ICA","SANIDAD DE LA POLICIA NACIONAL DEL PERU","I-3","00010900","PNP ICA","5","5","0","0","0","0","0","0","0","0","0","0","0","1","1","0"
"2016","10","110101","ICA","ICA","ICA","SANIDAD DE LA POLICIA NACIONAL DEL PERU","I-3","00010900","PNP ICA","7","8","0","5","2","0","4","3","1","0","0","3","3","49","4","1"
"2016","12","150125","LIMA","LIMA","PUENTE PIEDRA","SANIDAD DE LA POLICIA NACIONAL DEL PERU","I-2","00012923","POSTA MEDICA PNP PUENTE PIEDRA","7","7","0","4","3","0","6","2","4","0","1","2","0","22","0","1"
"2016","11","150125","LIMA","LIMA","PUENTE PIEDRA","SANIDAD DE LA POLICIA NACIONAL DEL PERU","I-2","00012923","POSTA MEDICA PNP PUENTE PIEDRA","7","7","0","7","3","0","6","1","4","0","0","2","0","24","0","1"
"2016","10","150125","LIMA","LIMA","PUENTE PIEDRA","SANIDAD DE LA POLICIA NACIONAL DEL PERU","I-2","00012923","POSTA MEDICA PNP PUENTE PIEDRA","7","7","0","6","4","0","8","1","3","0","0","2","1","23","0","1"
"2016","09","150125","LIMA","LIMA","PUENTE PIEDRA","SANIDAD DE LA POLICIA NACIONAL DEL PERU","I-2","00012923","POSTA MEDICA PNP PUENTE PIEDRA","7","7","0","6","4","0","8","1","3","0","1","2","1","25","0","1"
"2016","08","150125","LIMA","LIMA","PUENTE PIEDRA","SANIDAD DE LA POLICIA NACIONAL DEL PERU","I-2","00012923","POSTA MEDICA PNP PUENTE PIEDRA","7","7","0","6","4","0","7","1","3","0","1","2","1","24","0","1"
"2016","12","211101","PUNO","SAN ROMAN","JULIACA","PRIVADO","II-1","00010815","CLINICA AMERICANA DE JULIACA","21","40","38","80","0","3","74","3","1","2","0","0","1","67","108","1"
"2016","11","211101","PUNO","SAN ROMAN","JULIACA","PRIVADO","II-1","00010815","CLINICA AMERICANA DE JULIACA","21","40","38","71","0","3","64","1","1","2","0","0","1","58","108","1"
"2016","10","211101","PUNO","SAN ROMAN","JULIACA","PRIVADO","II-1","00010815","CLINICA AMERICANA DE JULIACA","23","23","38","68","0","3","59","2","1","2","0","0","1","64","108","1"
"2016","09","211101","PUNO","SAN ROMAN","JULIACA","PRIVADO","II-1","00010815","CLINICA AMERICANA DE JULIACA","23","23","38","72","0","3","59","2","1","2","1","0","1","65","109","1"
"2016","08","211101","PUNO","SAN ROMAN","JULIACA","PRIVADO","II-1","00010815","CLINICA AMERICANA DE JULIACA","23","23","38","67","0","3","59","2","1","2","1","0","1","65","110","1"
"2016","07","211101","PUNO","SAN ROMAN","JULIACA","PRIVADO","II-1","00010815","CLINICA AMERICANA DE JULIACA","23","23","38","82","0","3","66","2","2","2","1","0","1","74","36","1"
"2016","12","040104","AREQUIPA","AREQUIPA","CERRO COLORADO","SANIDAD DE LA FUERZA AEREA DEL PERU","II-E","00011448","HOSPITAL REGIONAL DEL SUR","8","20","24","9","0","0","21","6","1","1","1","4","3","21","1","1"
"2016","11","040104","AREQUIPA","AREQUIPA","CERRO COLORADO","SANIDAD DE LA FUERZA AEREA DEL PERU","II-E","00011448","HOSPITAL REGIONAL DEL SUR","8","20","24","9","0","0","21","6","1","1","1","4","3","21","1","1"
"2016","08","040104","AREQUIPA","AREQUIPA","CERRO COLORADO","SANIDAD DE LA FUERZA AEREA DEL PERU","II-E","00011448","HOSPITAL REGIONAL DEL SUR","8","20","24","9","0","0","21","6","1","1","1","4","3","21","1","1"
"2016","10","040104","AREQUIPA","AREQUIPA","CERRO COLORADO","SANIDAD DE LA FUERZA AEREA DEL PERU","II-E","00011448","HOSPITAL REGIONAL DEL SUR","8","20","24","9","0","0","21","6","1","1","1","4","3","21","1","1"
"2016","09","040104","AREQUIPA","AREQUIPA","CERRO COLORADO","SANIDAD DE LA FUERZA AEREA DEL PERU","II-E","00011448","HOSPITAL REGIONAL DEL SUR","8","20","24","9","0","0","21","6","1","1","1","4","3","21","1","1"
"2016","12","120601","JUNIN","SATIPO","SATIPO","SANIDAD DE LA POLICIA NACIONAL DEL PERU","I-2","00011485","POSTA MEDICA PNP SATIPO","3","4","0","3","2","0","2","1","1","0","1","0","0","6","0","0"
"2016","11","120601","JUNIN","SATIPO","SATIPO","SANIDAD DE LA POLICIA NACIONAL DEL PERU","I-2","00011485","POSTA MEDICA PNP SATIPO","3","4","0","3","2","0","2","1","1","0","1","0","0","6","0","0"
"2016","10","120601","JUNIN","SATIPO","SATIPO","SANIDAD DE LA POLICIA NACIONAL DEL PERU","I-2","00011485","POSTA MEDICA PNP SATIPO","3","4","0","3","2","0","1","1","1","0","1","0","0","6","0","0"
"2016","09","120601","JUNIN","SATIPO","SATIPO","SANIDAD DE LA POLICIA NACIONAL DEL PERU","I-2","00011485","POSTA MEDICA PNP SATIPO","3","3","0","3","2","0","1","1","1","0","1","0","0","6","0","0"
"2016","08","120601","JUNIN","SATIPO","SATIPO","SANIDAD DE LA POLICIA NACIONAL DEL PERU","I-2","00011485","POSTA MEDICA PNP SATIPO","3","4","0","3","2","0","1","1","1","0","1","0","0","6","0","0"
"2016","09","080101","CUSCO","CUSCO","CUSCO","PRIVADO","II-E","00011163","PERUANO SUIZA","5","5","20","20","0","0","26","1","1","1","0","0","3","16","33","1"
"2016","08","080101","CUSCO","CUSCO","CUSCO","PRIVADO","II-E","00011163","PERUANO SUIZA","5","5","20","20","0","0","26","1","1","1","0","0","3","16","33","1"
"2016","06","080101","CUSCO","CUSCO","CUSCO","PRIVADO","II-E","00011163","PERUANO SUIZA","5","5","20","20","0","0","26","1","1","1","0","0","3","16","33","1"
"2016","08","150130","LIMA","LIMA","SAN BORJA","PRIVADO","II-E","00015179","CLINICA KIRSCHBAUM","2","2","10","8","0","4","5","0","0","0","0","0","0","3","1","0"
"2016","09","150130","LIMA","LIMA","SAN BORJA","PRIVADO","II-E","00015179","CLINICA KIRSCHBAUM","2","2","10","8","0","4","5","0","0","0","0","0","0","3","1","0"
"2016","10","150130","LIMA","LIMA","SAN BORJA","PRIVADO","II-E","00015179","CLINICA KIRSCHBAUM","2","2","10","8","0","4","5","0","0","0","0","0","0","3","1","0"
"2016","12","150130","LIMA","LIMA","SAN BORJA","PRIVADO","II-E","00015179","CLINICA KIRSCHBAUM","2","2","10","9","0","6","5","0","0","0","0","0","0","3","1","0"
"2016","11","150130","LIMA","LIMA","SAN BORJA","PRIVADO","II-E","00015179","CLINICA KIRSCHBAUM","2","2","10","9","0","6","5","0","0","0","0","0","0","3","1","0"
"2016","07","150130","LIMA","LIMA","SAN BORJA","PRIVADO","II-E","00015179","CLINICA KIRSCHBAUM","2","2","10","9","0","6","5","0","0","0","0","0","0","3","1","0"
"2016","06","150130","LIMA","LIMA","SAN BORJA","PRIVADO","II-E","00015179","CLINICA KIRSCHBAUM","2","2","10","7","0","3","5","0","0","0","0","0","0","3","1","0"
"2016","05","150130","LIMA","LIMA","SAN BORJA","PRIVADO","II-E","00015179","CLINICA KIRSCHBAUM","2","2","10","9","0","2","5","0","0","0","0","0","0","3","1","0"
"2016","02","150130","LIMA","LIMA","SAN BORJA","PRIVADO","II-E","00015179","CLINICA KIRSCHBAUM","2","2","10","7","0","2","5","0","0","0","0","0","0","3","1","0"
"2016","04","150130","LIMA","LIMA","SAN BORJA","PRIVADO","II-E","00015179","CLINICA KIRSCHBAUM","2","2","10","9","0","2","5","0","0","0","0","0","0","3","1","0"
"2016","01","150130","LIMA","LIMA","SAN BORJA","PRIVADO","II-E","00015179","CLINICA KIRSCHBAUM","2","2","10","7","0","3","5","0","0","0","0","0","0","3","1","0"
"2016","08","150141","LIMA","LIMA","SURQUILLO","SANIDAD DE LA POLICIA NACIONAL DEL PERU","I-3","00012822","CENTRO ODONTOLOGICO PNP ANGAMOS","21","21","0","0","0","0","1","19","0","0","0","0","0","30","0","0"
"2016","10","150141","LIMA","LIMA","SURQUILLO","SANIDAD DE LA POLICIA NACIONAL DEL PERU","I-3","00012822","CENTRO ODONTOLOGICO PNP ANGAMOS","21","21","0","0","0","0","1","19","0","0","0","0","0","29","0","0"
"2016","11","150141","LIMA","LIMA","SURQUILLO","SANIDAD DE LA POLICIA NACIONAL DEL PERU","I-3","00012822","CENTRO ODONTOLOGICO PNP ANGAMOS","22","22","0","0","0","0","1","22","0","0","0","0","0","30","0","0"
"2016","12","150141","LIMA","LIMA","SURQUILLO","SANIDAD DE LA POLICIA NACIONAL DEL PERU","I-3","00012822","CENTRO ODONTOLOGICO PNP ANGAMOS","22","22","0","0","0","0","1","22","0","0","0","0","0","30","0","0"
"2016","09","150141","LIMA","LIMA","SURQUILLO","SANIDAD DE LA POLICIA NACIONAL DEL PERU","I-3","00012822","CENTRO ODONTOLOGICO PNP ANGAMOS","21","21","0","0","0","0","1","19","0","0","0","0","0","30","0","0"
"2016","12","150140","LIMA","LIMA","SANTIAGO DE SURCO","PRIVADO","II-E","00012572","CLINICA PAULISTA DEL PERU S.A.C","3","3","1","4","0","0","3","0","0","0","1","0","0","4","2","0"
"2016","10","150140","LIMA","LIMA","SANTIAGO DE SURCO","PRIVADO","II-E","00012572","CLINICA PAULISTA DEL PERU S.A.C","3","3","1","4","0","0","3","0","0","0","1","0","0","4","2","0"
"2016","11","150140","LIMA","LIMA","SANTIAGO DE SURCO","PRIVADO","II-E","00012572","CLINICA PAULISTA DEL PERU S.A.C","3","3","1","4","0","0","3","0","0","0","1","0","0","4","2","0"
"2016","09","150140","LIMA","LIMA","SANTIAGO DE SURCO","PRIVADO","II-E","00012572","CLINICA PAULISTA DEL PERU S.A.C","3","3","1","4","0","0","3","0","0","0","1","0","0","4","2","0"
"2016","08","150140","LIMA","LIMA","SANTIAGO DE SURCO","PRIVADO","II-E","00012572","CLINICA PAULISTA DEL PERU S.A.C","3","3","1","4","0","0","3","0","0","0","1","0","0","4","2","0"
"2016","07","150140","LIMA","LIMA","SANTIAGO DE SURCO","PRIVADO","II-E","00012572","CLINICA PAULISTA DEL PERU S.A.C","3","3","1","4","0","0","3","0","0","0","1","0","0","4","2","0"
"2016","06","150140","LIMA","LIMA","SANTIAGO DE SURCO","PRIVADO","II-E","00012572","CLINICA PAULISTA DEL PERU S.A.C","3","3","1","4","0","0","3","0","0","0","1","0","0","4","2","0"
"2016","01","150140","LIMA","LIMA","SANTIAGO DE SURCO","PRIVADO","II-E","00012572","CLINICA PAULISTA DEL PERU S.A.C","3","3","1","4","0","0","3","0","0","1","1","0","0","4","2","0"
"2016","12","040201","AREQUIPA","CAMANA","CAMANA","SANIDAD DE LA POLICIA NACIONAL DEL PERU","I-2","00011661","POLICLINICO ""CAMANA"" REGSAL XI DIRTEPOL AREQUIPA","3","3","0","1","0","0","1","1","0","0","0","1","0","6","0","0"
"2016","11","040201","AREQUIPA","CAMANA","CAMANA","SANIDAD DE LA POLICIA NACIONAL DEL PERU","I-2","00011661","POLICLINICO ""CAMANA"" REGSAL XI DIRTEPOL AREQUIPA","3","3","0","1","0","0","1","1","0","0","0","1","0","8","0","0"
"2016","09","040201","AREQUIPA","CAMANA","CAMANA","SANIDAD DE LA POLICIA NACIONAL DEL PERU","I-2","00011661","POLICLINICO ""CAMANA"" REGSAL XI DIRTEPOL AREQUIPA","3","3","0","1","0","0","1","1","0","0","0","1","0","8","0","0"
"2016","10","040201","AREQUIPA","CAMANA","CAMANA","SANIDAD DE LA POLICIA NACIONAL DEL PERU","I-2","00011661","POLICLINICO ""CAMANA"" REGSAL XI DIRTEPOL AREQUIPA","3","3","0","1","0","0","1","1","0","0","0","1","0","8","0","0"
"2016","08","040201","AREQUIPA","CAMANA","CAMANA","SANIDAD DE LA POLICIA NACIONAL DEL PERU","I-2","00011661","POLICLINICO ""CAMANA"" REGSAL XI DIRTEPOL AREQUIPA","3","3","0","2","0","0","1","1","0","0","0","1","0","8","0","0"
"2016","09","040112","AREQUIPA","AREQUIPA","PAUCARPATA","SANIDAD DE LA POLICIA NACIONAL DEL PERU","I-2","00011664","POLICLINICO ""SAN MARTIN DE PORRES"" REGSAL XI DIRTEPOL AREQUIPA","3","4","0","1","0","0","2","4","2","0","1","3","0","4","2","0"
"2016","12","040112","AREQUIPA","AREQUIPA","PAUCARPATA","SANIDAD DE LA POLICIA NACIONAL DEL PERU","I-2","00011664","POLICLINICO ""SAN MARTIN DE PORRES"" REGSAL XI DIRTEPOL AREQUIPA","3","4","0","2","0","0","2","4","2","0","1","3","0","4","2","0"
"2016","11","040112","AREQUIPA","AREQUIPA","PAUCARPATA","SANIDAD DE LA POLICIA NACIONAL DEL PERU","I-2","00011664","POLICLINICO ""SAN MARTIN DE PORRES"" REGSAL XI DIRTEPOL AREQUIPA","3","4","0","2","0","0","2","4","2","0","1","3","0","4","2","0"
"2016","10","040112","AREQUIPA","AREQUIPA","PAUCARPATA","SANIDAD DE LA POLICIA NACIONAL DEL PERU","I-2","00011664","POLICLINICO ""SAN MARTIN DE PORRES"" REGSAL XI DIRTEPOL AREQUIPA","3","4","0","1","0","0","2","4","2","0","1","3","0","4","2","0"
"2016","08","040112","AREQUIPA","AREQUIPA","PAUCARPATA","SANIDAD DE LA POLICIA NACIONAL DEL PERU","I-2","00011664","POLICLINICO ""SAN MARTIN DE PORRES"" REGSAL XI DIRTEPOL AREQUIPA","3","4","0","1","0","0","2","3","2","0","1","3","0","4","2","0"
"2016","10","150103","LIMA","LIMA","ATE","SANIDAD DE LA POLICIA NACIONAL DEL PERU","0","00012275","POLICLINICO PNP DINOES","4","4","0","1","0","0","4","2","1","0","3","0","2","14","1","1"
"2016","08","150103","LIMA","LIMA","ATE","SANIDAD DE LA POLICIA NACIONAL DEL PERU","0","00012275","POLICLINICO PNP DINOES","4","4","0","1","0","0","2","3","1","0","3","0","2","15","1","1"
"2016","11","150103","LIMA","LIMA","ATE","SANIDAD DE LA POLICIA NACIONAL DEL PERU","0","00012275","POLICLINICO PNP DINOES","4","5","0","2","0","0","1","1","1","0","2","0","3","14","1","1"
"2016","09","150103","LIMA","LIMA","ATE","SANIDAD DE LA POLICIA NACIONAL DEL PERU","0","00012275","POLICLINICO PNP DINOES","4","4","0","1","0","0","3","2","1","0","3","0","2","14","1","1"
"2016","12","150103","LIMA","LIMA","ATE","SANIDAD DE LA POLICIA NACIONAL DEL PERU","0","00012275","POLICLINICO PNP DINOES","5","6","0","2","0","0","4","3","2","0","4","0","3","15","0","1"
"2016","09","020105","ANCASH","HUARAZ","INDEPENDENCIA","PRIVADO","II-1","00012671","CLINICA SAN PABLO SEDE HUARAZ","23","21","26","60","0","0","26","1","2","1","4","5","1","45","0","1"
"2016","07","020105","ANCASH","HUARAZ","INDEPENDENCIA","PRIVADO","II-1","00012671","CLINICA SAN PABLO SEDE HUARAZ","23","21","26","58","0","0","25","1","2","1","4","4","1","43","0","1"
"2016","02","020105","ANCASH","HUARAZ","INDEPENDENCIA","PRIVADO","II-1","00012671","CLINICA SAN PABLO SEDE HUARAZ","26","20","26","51","0","0","23","1","1","1","4","5","1","37","1","1"
"2016","01","020105","ANCASH","HUARAZ","INDEPENDENCIA","PRIVADO","II-1","00012671","CLINICA SAN PABLO SEDE HUARAZ","22","18","26","47","0","0","22","1","1","1","4","4","2","22","1","1"
"2016","08","020105","ANCASH","HUARAZ","INDEPENDENCIA","PRIVADO","II-1","00012671","CLINICA SAN PABLO SEDE HUARAZ","23","21","26","56","0","0","26","1","2","1","4","4","1","43","0","1"
"2016","11","020105","ANCASH","HUARAZ","INDEPENDENCIA","PRIVADO","II-1","00012671","CLINICA SAN PABLO SEDE HUARAZ","23","20","26","55","0","0","31","0","2","1","4","5","1","51","0","1"
"2016","04","020105","ANCASH","HUARAZ","INDEPENDENCIA","PRIVADO","II-1","00012671","CLINICA SAN PABLO SEDE HUARAZ","26","20","26","59","0","0","23","1","1","1","4","4","1","37","0","1"
"2016","12","020105","ANCASH","HUARAZ","INDEPENDENCIA","PRIVADO","II-1","00012671","CLINICA SAN PABLO SEDE HUARAZ","24","23","26","54","0","0","28","0","2","1","4","5","1","50","0","1"
"2016","05","020105","ANCASH","HUARAZ","INDEPENDENCIA","PRIVADO","II-1","00012671","CLINICA SAN PABLO SEDE HUARAZ","23","22","26","58","0","0","23","1","1","1","4","4","1","37","0","1"
"2016","10","020105","ANCASH","HUARAZ","INDEPENDENCIA","PRIVADO","II-1","00012671","CLINICA SAN PABLO SEDE HUARAZ","23","21","27","62","0","0","26","1","2","1","4","5","1","45","0","1"
"2016","06","020105","ANCASH","HUARAZ","INDEPENDENCIA","PRIVADO","II-1","00012671","CLINICA SAN PABLO SEDE HUARAZ","23","21","26","61","0","0","25","1","1","1","4","4","1","43","0","1"
"2016","03","020105","ANCASH","HUARAZ","INDEPENDENCIA","PRIVADO","II-1","00012671","CLINICA SAN PABLO SEDE HUARAZ","26","20","30","58","0","0","23","1","1","1","4","4","1","37","0","1"
"2016","12","080901","CUSCO","LA CONVENCION","SANTA ANA","SANIDAD DE LA POLICIA NACIONAL DEL PERU","I-1","00011744","SANIDAD PNP LA CONVENCION-QUILLABAMBA","4","4","0","2","2","0","1","2","1","0","0","1","0","7","0","1"
"2016","11","080901","CUSCO","LA CONVENCION","SANTA ANA","SANIDAD DE LA POLICIA NACIONAL DEL PERU","I-1","00011744","SANIDAD PNP LA CONVENCION-QUILLABAMBA","4","4","0","2","2","0","1","2","1","0","0","1","0","7","0","1"
"2016","10","080901","CUSCO","LA CONVENCION","SANTA ANA","SANIDAD DE LA POLICIA NACIONAL DEL PERU","I-1","00011744","SANIDAD PNP LA CONVENCION-QUILLABAMBA","4","4","0","2","2","0","0","2","1","0","0","1","0","7","0","1"
"2016","09","080901","CUSCO","LA CONVENCION","SANTA ANA","SANIDAD DE LA POLICIA NACIONAL DEL PERU","I-1","00011744","SANIDAD PNP LA CONVENCION-QUILLABAMBA","4","4","0","2","2","0","0","2","1","0","0","1","0","7","0","1"
"2016","08","080901","CUSCO","LA CONVENCION","SANTA ANA","SANIDAD DE LA POLICIA NACIONAL DEL PERU","I-1","00011744","SANIDAD PNP LA CONVENCION-QUILLABAMBA","4","4","0","2","2","0","0","2","1","0","0","1","0","0","0","1"
"2016","12","160101","LORETO","MAYNAS","IQUITOS","PRIVADO","II-E","00012075","SARLOR","9","8","6","11","0","0","1","1","1","1","1","1","0","4","2","0"
"2016","10","160101","LORETO","MAYNAS","IQUITOS","PRIVADO","II-E","00012075","SARLOR","9","2","6","11","0","0","1","1","1","1","1","1","0","4","2","0"
"2016","09","160101","LORETO","MAYNAS","IQUITOS","PRIVADO","II-E","00012075","SARLOR","9","2","6","11","0","0","1","1","1","1","1","1","0","4","2","0"
"2016","11","160101","LORETO","MAYNAS","IQUITOS","PRIVADO","II-E","00012075","SARLOR","9","2","6","11","0","0","1","1","1","1","1","1","0","4","2","0"
"2016","12","130101","LA LIBERTAD","TRUJILLO","TRUJILLO","PRIVADO","II-1","00012292","CLINICA  BELLMED","1","1","5","2","0","0","3","0","0","0","0","0","0","0","2","0"
"2016","11","130101","LA LIBERTAD","TRUJILLO","TRUJILLO","PRIVADO","II-1","00012292","CLINICA  BELLMED","1","1","5","2","0","0","3","0","0","0","0","0","0","0","2","0"
"2016","10","130101","LA LIBERTAD","TRUJILLO","TRUJILLO","PRIVADO","II-1","00012292","CLINICA  BELLMED","1","1","5","2","0","0","3","0","0","0","0","0","0","0","2","0"
"2016","09","130101","LA LIBERTAD","TRUJILLO","TRUJILLO","PRIVADO","II-1","00012292","CLINICA  BELLMED","1","1","5","2","0","0","3","0","0","0","0","0","0","0","2","0"
"2016","07","130101","LA LIBERTAD","TRUJILLO","TRUJILLO","PRIVADO","II-1","00012292","CLINICA  BELLMED","1","1","5","2","0","0","4","0","0","0","0","0","0","0","2","0"
"2016","08","130101","LA LIBERTAD","TRUJILLO","TRUJILLO","PRIVADO","II-1","00012292","CLINICA  BELLMED","1","1","5","2","0","0","3","0","0","0","0","0","0","0","2","0"
"2016","06","130101","LA LIBERTAD","TRUJILLO","TRUJILLO","PRIVADO","II-1","00012292","CLINICA  BELLMED","1","1","5","2","0","0","4","0","0","0","0","0","0","0","2","0"
"2016","12","130101","LA LIBERTAD","TRUJILLO","TRUJILLO","PRIVADO","II-1","00012301","CLINICA SAN ANTONIO","10","30","12","108","0","0","8","2","1","1","1","0","1","7","26","1"
"2016","11","130101","LA LIBERTAD","TRUJILLO","TRUJILLO","PRIVADO","II-1","00012301","CLINICA SAN ANTONIO","10","30","12","108","0","0","8","2","1","1","1","0","1","7","26","1"
"2016","06","130101","LA LIBERTAD","TRUJILLO","TRUJILLO","PRIVADO","II-1","00012301","CLINICA SAN ANTONIO","14","13","8","10","6","0","8","2","1","1","1","0","4","7","26","1"
"2016","12","130102","LA LIBERTAD","TRUJILLO","EL PORVENIR","PRIVADO","I-3","00012302","CENTRO MÉDICO VIRGEN DE LA PUERTA S.R.L.","3","3","0","5","0","0","2","0","0","0","0","0","1","2","1","0"
"2016","11","130102","LA LIBERTAD","TRUJILLO","EL PORVENIR","PRIVADO","I-3","00012302","CENTRO MÉDICO VIRGEN DE LA PUERTA S.R.L.","3","3","0","5","0","0","2","0","0","0","0","0","1","2","1","0"
"2016","10","130102","LA LIBERTAD","TRUJILLO","EL PORVENIR","PRIVADO","I-3","00012302","CENTRO MÉDICO VIRGEN DE LA PUERTA S.R.L.","3","3","0","5","0","0","2","0","0","0","0","0","1","2","1","0"
"2016","08","130102","LA LIBERTAD","TRUJILLO","EL PORVENIR","PRIVADO","I-3","00012302","CENTRO MÉDICO VIRGEN DE LA PUERTA S.R.L.","3","3","0","5","0","0","2","0","0","0","0","0","1","2","1","0"
"2016","09","130102","LA LIBERTAD","TRUJILLO","EL PORVENIR","PRIVADO","I-3","00012302","CENTRO MÉDICO VIRGEN DE LA PUERTA S.R.L.","3","3","0","5","0","0","2","0","0","0","0","0","1","2","1","0"
"2016","07","130102","LA LIBERTAD","TRUJILLO","EL PORVENIR","PRIVADO","I-3","00012302","CENTRO MÉDICO VIRGEN DE LA PUERTA S.R.L.","3","3","0","5","0","0","2","0","0","0","0","0","1","2","1","0"
"2016","06","130102","LA LIBERTAD","TRUJILLO","EL PORVENIR","PRIVADO","I-3","00012302","CENTRO MÉDICO VIRGEN DE LA PUERTA S.R.L.","3","3","0","5","0","0","2","0","0","0","0","0","1","2","1","0"
"2016","12","080601","CUSCO","CANCHIS","SICUANI","SANIDAD DE LA POLICIA NACIONAL DEL PERU","I-1","00011745","POSTA MEDICA DE SALUD PNP CANCHIS-CUSCO","3","4","0","2","1","0","1","1","0","0","0","1","0","0","0","0"
"2016","11","080601","CUSCO","CANCHIS","SICUANI","SANIDAD DE LA POLICIA NACIONAL DEL PERU","I-1","00011745","POSTA MEDICA DE SALUD PNP CANCHIS-CUSCO","3","4","0","2","1","0","0","1","0","0","0","0","0","0","0","0"
"2016","10","080601","CUSCO","CANCHIS","SICUANI","SANIDAD DE LA POLICIA NACIONAL DEL PERU","I-1","00011745","POSTA MEDICA DE SALUD PNP CANCHIS-CUSCO","3","3","0","3","2","0","0","1","0","0","0","1","0","0","0","0"
"2016","09","080601","CUSCO","CANCHIS","SICUANI","SANIDAD DE LA POLICIA NACIONAL DEL PERU","I-1","00011745","POSTA MEDICA DE SALUD PNP CANCHIS-CUSCO","3","3","0","3","3","0","1","1","0","0","0","1","0","0","0","0"
"2016","08","080601","CUSCO","CANCHIS","SICUANI","SANIDAD DE LA POLICIA NACIONAL DEL PERU","I-1","00011745","POSTA MEDICA DE SALUD PNP CANCHIS-CUSCO","3","3","0","3","3","0","1","1","0","0","0","1","0","0","0","0"
"2016","12","150104","LIMA","LIMA","BARRANCO","PRIVADO","I-3","00011850","POLICLINICO BARRANCO","19","30","0","31","0","0","9","4","2","1","7","4","2","16","1","0"
"2016","12","150140","LIMA","LIMA","SANTIAGO DE SURCO","PRIVADO","II-E","00012263","CLINICA PLASTICA SAC","2","2","0","6","0","0","2","0","0","0","0","0","0","4","0","0"
"2016","10","150140","LIMA","LIMA","SANTIAGO DE SURCO","PRIVADO","II-E","00012263","CLINICA PLASTICA SAC","2","2","0","5","0","0","1","0","0","0","0","0","0","4","0","0"
"2016","11","150140","LIMA","LIMA","SANTIAGO DE SURCO","PRIVADO","II-E","00012263","CLINICA PLASTICA SAC","2","2","0","6","0","0","2","0","0","0","0","0","0","4","0","0"
"2016","09","150140","LIMA","LIMA","SANTIAGO DE SURCO","PRIVADO","II-E","00012263","CLINICA PLASTICA SAC","2","2","0","5","0","0","1","0","0","0","0","0","0","4","0","0"
"2016","07","150140","LIMA","LIMA","SANTIAGO DE SURCO","PRIVADO","II-E","00012263","CLINICA PLASTICA SAC","2","2","0","5","0","0","1","0","0","0","0","0","0","4","0","0"
"2016","08","150140","LIMA","LIMA","SANTIAGO DE SURCO","PRIVADO","II-E","00012263","CLINICA PLASTICA SAC","2","2","0","5","0","0","1","0","0","0","0","0","0","4","0","0"
"2016","06","150140","LIMA","LIMA","SANTIAGO DE SURCO","PRIVADO","II-E","00012263","CLINICA PLASTICA SAC","2","2","0","5","0","0","1","0","0","0","0","0","0","4","0","0"
"2016","12","150130","LIMA","LIMA","SAN BORJA","PRIVADO","II-1","00012975","ESPECIALIDADES MEDICAS UNIVERSAL S.A.","27","27","19","146","0","0","32","13","2","2","16","0","3","28","0","0"
"2016","10","150130","LIMA","LIMA","SAN BORJA","PRIVADO","II-1","00012975","ESPECIALIDADES MEDICAS UNIVERSAL S.A.","27","27","19","144","0","0","31","13","2","2","16","0","3","27","0","0"
"2016","11","150130","LIMA","LIMA","SAN BORJA","PRIVADO","II-1","00012975","ESPECIALIDADES MEDICAS UNIVERSAL S.A.","27","27","19","144","0","0","32","13","2","2","16","0","3","26","0","0"
"2016","09","150130","LIMA","LIMA","SAN BORJA","PRIVADO","II-1","00012975","ESPECIALIDADES MEDICAS UNIVERSAL S.A.","27","27","19","143","0","0","36","13","2","2","16","0","3","28","0","0"
"2016","08","150130","LIMA","LIMA","SAN BORJA","PRIVADO","II-1","00012975","ESPECIALIDADES MEDICAS UNIVERSAL S.A.","27","27","19","140","0","0","34","13","2","2","15","0","3","24","0","0"
"2016","07","150130","LIMA","LIMA","SAN BORJA","PRIVADO","II-1","00012975","ESPECIALIDADES MEDICAS UNIVERSAL S.A.","27","27","19","138","0","0","32","13","2","2","13","0","3","25","0","0"
"2016","05","150130","LIMA","LIMA","SAN BORJA","PRIVADO","II-1","00012975","ESPECIALIDADES MEDICAS UNIVERSAL S.A.","27","27","19","130","0","0","30","13","2","2","13","0","3","26","3","0"
"2016","06","150130","LIMA","LIMA","SAN BORJA","PRIVADO","II-1","00012975","ESPECIALIDADES MEDICAS UNIVERSAL S.A.","27","27","19","133","0","0","33","13","2","2","13","0","3","27","0","0"
"2016","02","150130","LIMA","LIMA","SAN BORJA","PRIVADO","II-1","00012975","ESPECIALIDADES MEDICAS UNIVERSAL S.A.","27","27","19","121","0","0","30","13","2","2","13","0","3","28","0","0"
"2016","01","150130","LIMA","LIMA","SAN BORJA","PRIVADO","II-1","00012975","ESPECIALIDADES MEDICAS UNIVERSAL S.A.","27","27","19","117","0","0","33","13","2","2","14","0","3","33","0","0"
"2016","03","150130","LIMA","LIMA","SAN BORJA","PRIVADO","II-1","00012975","ESPECIALIDADES MEDICAS UNIVERSAL S.A.","27","27","19","126","0","0","29","13","2","2","13","0","2","30","0","0"
"2016","04","150130","LIMA","LIMA","SAN BORJA","PRIVADO","II-1","00012975","ESPECIALIDADES MEDICAS UNIVERSAL S.A.","27","27","19","127","0","0","34","13","2","2","13","0","3","26","0","0"
"2016","06","150141","LIMA","LIMA","SURQUILLO","PRIVADO","II-E","00013952","HOSPITAL DE LA MUJER.","4","2","2","2","0","0","0","0","0","0","0","0","0","1","1","0"
"2016","05","150141","LIMA","LIMA","SURQUILLO","PRIVADO","II-E","00013952","HOSPITAL DE LA MUJER.","4","2","2","2","0","0","0","0","0","0","0","0","0","1","1","0"
"2016","04","150141","LIMA","LIMA","SURQUILLO","PRIVADO","II-E","00013952","HOSPITAL DE LA MUJER.","4","2","2","2","0","0","0","0","0","0","0","0","0","1","1","0"
"2016","02","150141","LIMA","LIMA","SURQUILLO","PRIVADO","II-E","00013952","HOSPITAL DE LA MUJER.","4","2","2","2","0","0","0","0","0","0","0","0","0","1","1","0"
"2016","03","150141","LIMA","LIMA","SURQUILLO","PRIVADO","II-E","00013952","HOSPITAL DE LA MUJER.","4","2","2","2","0","0","0","0","0","0","0","0","0","1","1","0"
"2016","01","150141","LIMA","LIMA","SURQUILLO","PRIVADO","II-E","00013952","HOSPITAL DE LA MUJER.","4","2","2","2","0","0","0","0","0","0","0","0","0","1","1","0"
"2016","12","150141","LIMA","LIMA","SURQUILLO","PRIVADO","II-E","00013952","HOSPITAL DE LA MUJER.","4","2","2","2","0","0","0","0","0","0","0","0","0","1","1","0"
"2016","11","150141","LIMA","LIMA","SURQUILLO","PRIVADO","II-E","00013952","HOSPITAL DE LA MUJER.","4","2","2","2","0","0","0","0","0","0","0","0","0","1","1","0"
"2016","09","150141","LIMA","LIMA","SURQUILLO","PRIVADO","II-E","00013952","HOSPITAL DE LA MUJER.","4","2","2","2","0","0","0","0","0","0","0","0","0","1","1","0"
"2016","10","150141","LIMA","LIMA","SURQUILLO","PRIVADO","II-E","00013952","HOSPITAL DE LA MUJER.","4","2","2","2","0","0","0","0","0","0","0","0","0","1","1","0"
"2016","08","150141","LIMA","LIMA","SURQUILLO","PRIVADO","II-E","00013952","HOSPITAL DE LA MUJER.","4","2","2","2","0","0","0","0","0","0","0","0","0","1","1","0"
"2016","07","150141","LIMA","LIMA","SURQUILLO","PRIVADO","II-E","00013952","HOSPITAL DE LA MUJER.","4","2","2","2","0","0","0","0","0","0","0","0","0","1","1","0"
"2016","10","110101","ICA","ICA","ICA","PRIVADO","II-1","00012765","SAN VICENTE","16","48","16","53","0","0","8","2","2","0","0","5","2","16","9","6"
"2016","09","110101","ICA","ICA","ICA","PRIVADO","II-1","00012765","SAN VICENTE","36","48","25","53","0","0","60","7","2","0","0","5","7","16","9","0"
"2016","07","110101","ICA","ICA","ICA","PRIVADO","II-1","00012765","SAN VICENTE","18","36","20","60","0","0","6","1","1","45","0","5","2","6","9","0"
"2016","08","110101","ICA","ICA","ICA","PRIVADO","II-1","00012765","SAN VICENTE","26","27","20","24","0","0","16","6","2","0","1","4","8","12","10","0"
"2016","12","110101","ICA","ICA","ICA","PRIVADO","II-1","00012765","SAN VICENTE","36","48","25","73","0","0","60","17","2","0","0","5","7","16","9","0"
"2016","05","110101","ICA","ICA","ICA","PRIVADO","II-1","00012765","SAN VICENTE","26","28","25","43","0","0","40","7","2","0","0","5","7","16","9","0"
"2016","11","110101","ICA","ICA","ICA","PRIVADO","II-1","00012765","SAN VICENTE","36","48","25","73","0","0","60","7","2","0","0","5","7","16","9","0"
"2016","06","110101","ICA","ICA","ICA","PRIVADO","II-1","00012765","SAN VICENTE","36","48","25","73","0","0","60","7","2","0","0","5","7","16","9","0"
"2016","10","200101","PIURA","PIURA","PIURA","PRIVADO","II-1","00012209","CLINICA INTERNACIONAL S.A.","70","124","57","114","0","0","35","7","1","1","2","5","2","74","0","2"
"2016","09","200101","PIURA","PIURA","PIURA","PRIVADO","II-1","00012209","CLINICA INTERNACIONAL S.A.","70","124","57","112","0","0","38","6","1","1","2","5","2","74","0","2"
"2016","08","200101","PIURA","PIURA","PIURA","PRIVADO","II-1","00012209","CLINICA INTERNACIONAL S.A.","70","112","57","103","0","0","38","7","1","1","2","5","1","74","0","2"
"2016","07","200101","PIURA","PIURA","PIURA","PRIVADO","II-1","00012209","CLINICA INTERNACIONAL S.A.","70","110","57","102","0","0","38","7","1","1","2","5","1","74","0","2"
"2016","06","200101","PIURA","PIURA","PIURA","PRIVADO","II-1","00012209","CLINICA INTERNACIONAL S.A.","70","105","57","97","0","0","38","7","1","1","2","3","2","74","0","2"
"2016","11","200101","PIURA","PIURA","PIURA","PRIVADO","II-1","00012209","CLINICA INTERNACIONAL S.A.","70","124","57","114","0","0","35","7","1","1","2","5","2","74","0","2"
"2016","12","200101","PIURA","PIURA","PIURA","PRIVADO","II-1","00012209","CLINICA INTERNACIONAL S.A.","71","124","57","114","0","0","35","7","1","1","2","5","2","74","1","2"
"2016","12","150130","LIMA","LIMA","SAN BORJA","PRIVADO","0","00012366","MISION MEDICA SAC","0","0","0","33","0","1","11","0","0","0","0","0","0","22","0","8"
"2016","12","030201","APURIMAC","ANDAHUAYLAS","ANDAHUAYLAS","SANIDAD DE LA POLICIA NACIONAL DEL PERU","I-2","00011892","POSTA MEDICA DE SALUD PNP ANDAHUAYLAS","4","4","0","2","2","0","1","2","1","0","0","0","0","10","0","1"
"2016","11","030201","APURIMAC","ANDAHUAYLAS","ANDAHUAYLAS","SANIDAD DE LA POLICIA NACIONAL DEL PERU","I-2","00011892","POSTA MEDICA DE SALUD PNP ANDAHUAYLAS","4","4","0","2","2","0","1","2","1","0","0","0","0","11","0","1"
"2016","10","030201","APURIMAC","ANDAHUAYLAS","ANDAHUAYLAS","SANIDAD DE LA POLICIA NACIONAL DEL PERU","I-2","00011892","POSTA MEDICA DE SALUD PNP ANDAHUAYLAS","4","4","0","2","2","0","1","2","1","0","0","0","0","10","0","1"
"2016","09","030201","APURIMAC","ANDAHUAYLAS","ANDAHUAYLAS","SANIDAD DE LA POLICIA NACIONAL DEL PERU","I-2","00011892","POSTA MEDICA DE SALUD PNP ANDAHUAYLAS","4","4","0","3","3","0","1","2","1","0","0","0","0","10","0","1"
"2016","08","030201","APURIMAC","ANDAHUAYLAS","ANDAHUAYLAS","SANIDAD DE LA POLICIA NACIONAL DEL PERU","I-2","00011892","POSTA MEDICA DE SALUD PNP ANDAHUAYLAS","4","4","0","3","3","0","1","2","1","0","0","0","0","7","0","1"
"2016","12","030601","APURIMAC","CHINCHEROS","CHINCHEROS","SANIDAD DE LA POLICIA NACIONAL DEL PERU","I-2","00011894","PNP SANIDAD CHINCHEROS","2","2","0","2","2","0","0","1","0","0","0","0","0","0","0","0"
"2016","11","030601","APURIMAC","CHINCHEROS","CHINCHEROS","SANIDAD DE LA POLICIA NACIONAL DEL PERU","I-2","00011894","PNP SANIDAD CHINCHEROS","2","2","0","2","2","0","1","1","0","0","0","0","0","0","0","0"
"2016","09","030601","APURIMAC","CHINCHEROS","CHINCHEROS","SANIDAD DE LA POLICIA NACIONAL DEL PERU","I-2","00011894","PNP SANIDAD CHINCHEROS","2","2","0","2","2","0","1","1","0","0","0","0","0","0","0","0"
"2016","10","030601","APURIMAC","CHINCHEROS","CHINCHEROS","SANIDAD DE LA POLICIA NACIONAL DEL PERU","I-2","00011894","PNP SANIDAD CHINCHEROS","2","2","0","2","2","0","1","1","0","0","0","0","0","0","0","0"
"2016","08","030601","APURIMAC","CHINCHEROS","CHINCHEROS","SANIDAD DE LA POLICIA NACIONAL DEL PERU","I-2","00011894","PNP SANIDAD CHINCHEROS","2","2","0","2","2","0","1","1","0","0","0","0","0","0","0","0"
"2016","12","020305","ANCASH","ANTONIO RAIMONDI","MIRGAS","GOBIERNO REGIONAL","I-1","00011900","PUESTO DE SALUD SAN ANTONIO DE ACO","3","3","0","0","1","0","2","0","0","0","0","1","0","5","0","0"
"2016","11","020305","ANCASH","ANTONIO RAIMONDI","MIRGAS","GOBIERNO REGIONAL","I-1","00011900","PUESTO DE SALUD SAN ANTONIO DE ACO","3","3","0","1","0","0","2","0","0","0","0","1","0","3","0","0"
"2016","04","021801","ANCASH","SANTA","CHIMBOTE","PRIVADO","II-1","00016552","CLINICA ROBLES S.A.C.","37","37","12","53","0","0","10","2","0","1","2","0","2","5","0","1"
"2016","12","021801","ANCASH","SANTA","CHIMBOTE","PRIVADO","II-1","00016552","CLINICA ROBLES S.A.C.","37","37","12","67","0","0","10","2","0","1","2","0","2","5","0","1"
"2016","11","021801","ANCASH","SANTA","CHIMBOTE","PRIVADO","II-1","00016552","CLINICA ROBLES S.A.C.","39","39","12","67","0","0","10","2","0","1","2","0","2","5","0","1"
"2016","10","021801","ANCASH","SANTA","CHIMBOTE","PRIVADO","II-1","00016552","CLINICA ROBLES S.A.C.","39","39","12","67","0","0","11","2","0","1","2","0","2","5","0","1"
"2016","09","021801","ANCASH","SANTA","CHIMBOTE","PRIVADO","II-1","00016552","CLINICA ROBLES S.A.C.","39","39","12","66","0","0","10","2","0","1","2","0","2","5","0","1"
"2016","08","021801","ANCASH","SANTA","CHIMBOTE","PRIVADO","II-1","00016552","CLINICA ROBLES S.A.C.","38","38","12","60","0","0","11","2","0","1","2","0","2","4","0","1"
"2016","07","021801","ANCASH","SANTA","CHIMBOTE","PRIVADO","II-1","00016552","CLINICA ROBLES S.A.C.","36","36","12","59","0","0","10","2","0","1","2","0","2","5","0","1"
"2016","06","021801","ANCASH","SANTA","CHIMBOTE","PRIVADO","II-1","00016552","CLINICA ROBLES S.A.C.","37","37","12","56","0","0","11","2","0","1","2","0","2","5","0","1"
"2016","05","021801","ANCASH","SANTA","CHIMBOTE","PRIVADO","II-1","00016552","CLINICA ROBLES S.A.C.","37","37","12","54","0","0","11","2","0","1","2","0","2","5","0","1"
"2016","03","021801","ANCASH","SANTA","CHIMBOTE","PRIVADO","II-1","00016552","CLINICA ROBLES S.A.C.","37","37","12","53","0","0","10","2","0","1","3","0","2","5","0","1"
"2016","02","021801","ANCASH","SANTA","CHIMBOTE","PRIVADO","II-1","00016552","CLINICA ROBLES S.A.C.","37","37","12","53","0","0","11","2","0","1","3","0","2","5","0","1"
"2016","01","021801","ANCASH","SANTA","CHIMBOTE","PRIVADO","II-1","00016552","CLINICA ROBLES S.A.C.","37","37","12","54","0","0","10","2","0","1","3","0","2","5","0","1"
"2016","12","190113","PASCO","PASCO","YANACANCHA","SANIDAD DE LA POLICIA NACIONAL DEL PERU","0","00011773","POLICLÍNICO PNP PASCO","3","3","4","3","3","0","4","2","0","0","0","0","0","9","0","1"
"2016","11","190113","PASCO","PASCO","YANACANCHA","SANIDAD DE LA POLICIA NACIONAL DEL PERU","0","00011773","POLICLÍNICO PNP PASCO","3","3","3","0","0","0","0","0","0","0","0","0","0","0","0","1"
"2016","10","190113","PASCO","PASCO","YANACANCHA","SANIDAD DE LA POLICIA NACIONAL DEL PERU","0","00011773","POLICLÍNICO PNP PASCO","3","3","2","3","3","0","4","2","0","0","0","0","1","9","0","1"
"2016","09","190113","PASCO","PASCO","YANACANCHA","SANIDAD DE LA POLICIA NACIONAL DEL PERU","0","00011773","POLICLÍNICO PNP PASCO","3","3","2","1","1","0","0","0","0","0","0","0","0","1","0","1"
"2016","08","190113","PASCO","PASCO","YANACANCHA","SANIDAD DE LA POLICIA NACIONAL DEL PERU","0","00011773","POLICLÍNICO PNP PASCO","3","3","2","4","4","0","3","2","0","0","0","0","1","9","0","1"
"2016","05","150141","LIMA","LIMA","SURQUILLO","PRIVADO","II-E","00012947","CLINICA SANTA MARIA","4","6","22","12","0","0","8","0","0","1","5","2","2","12","0","0"
"2016","02","150141","LIMA","LIMA","SURQUILLO","PRIVADO","II-E","00012947","CLINICA SANTA MARIA","4","6","22","12","0","0","8","0","0","1","5","2","2","12","0","0"
"2016","11","150141","LIMA","LIMA","SURQUILLO","PRIVADO","II-E","00012947","CLINICA SANTA MARIA","4","6","22","12","0","0","8","0","0","1","5","2","2","12","0","0"
"2016","12","150141","LIMA","LIMA","SURQUILLO","PRIVADO","II-E","00012947","CLINICA SANTA MARIA","4","6","22","12","0","0","8","0","0","1","5","2","2","12","0","0"
"2016","01","150141","LIMA","LIMA","SURQUILLO","PRIVADO","II-E","00012947","CLINICA SANTA MARIA","4","6","22","12","0","0","8","0","0","1","5","2","2","12","0","0"
"2016","12","150108","LIMA","LIMA","CHORRILLOS","PRIVADO","II-E","00011950","CLINICA CHORRILLOS","8","4","11","3","0","0","3","0","0","0","1","1","0","3","6","0"
"2016","12","040103","AREQUIPA","AREQUIPA","CAYMA","SANIDAD DE LA POLICIA NACIONAL DEL PERU","II-1","00011794","HOSPITAL REGIONAL PNP AREQUIPA","24","34","57","71","0","0","63","12","6","3","8","19","9","112","10","1"
"2016","11","040103","AREQUIPA","AREQUIPA","CAYMA","SANIDAD DE LA POLICIA NACIONAL DEL PERU","II-1","00011794","HOSPITAL REGIONAL PNP AREQUIPA","24","34","57","70","0","0","60","14","6","3","7","19","7","110","10","1"
"2016","10","040103","AREQUIPA","AREQUIPA","CAYMA","SANIDAD DE LA POLICIA NACIONAL DEL PERU","II-1","00011794","HOSPITAL REGIONAL PNP AREQUIPA","24","34","61","67","0","0","66","14","6","3","7","22","9","114","10","1"
"2016","09","040103","AREQUIPA","AREQUIPA","CAYMA","SANIDAD DE LA POLICIA NACIONAL DEL PERU","II-1","00011794","HOSPITAL REGIONAL PNP AREQUIPA","24","34","61","78","0","0","66","15","6","3","7","22","11","117","10","1"
"2016","08","040103","AREQUIPA","AREQUIPA","CAYMA","SANIDAD DE LA POLICIA NACIONAL DEL PERU","II-1","00011794","HOSPITAL REGIONAL PNP AREQUIPA","24","34","61","79","0","0","66","14","5","3","7","21","11","115","10","1"
"2016","07","040103","AREQUIPA","AREQUIPA","CAYMA","SANIDAD DE LA POLICIA NACIONAL DEL PERU","II-1","00011794","HOSPITAL REGIONAL PNP AREQUIPA","24","34","61","76","0","0","68","14","4","3","6","21","12","114","9","1"
"2016","06","040103","AREQUIPA","AREQUIPA","CAYMA","SANIDAD DE LA POLICIA NACIONAL DEL PERU","II-1","00011794","HOSPITAL REGIONAL PNP AREQUIPA","24","34","61","77","0","0","66","15","5","3","6","20","13","117","10","1"
"2016","05","040103","AREQUIPA","AREQUIPA","CAYMA","SANIDAD DE LA POLICIA NACIONAL DEL PERU","II-1","00011794","HOSPITAL REGIONAL PNP AREQUIPA","24","34","65","73","0","0","66","15","5","3","6","20","14","121","12","1"
"2016","01","040103","AREQUIPA","AREQUIPA","CAYMA","SANIDAD DE LA POLICIA NACIONAL DEL PERU","II-1","00011794","HOSPITAL REGIONAL PNP AREQUIPA","24","34","64","76","4","0","62","13","5","3","2","17","15","93","6","1"
"2016","04","040103","AREQUIPA","AREQUIPA","CAYMA","SANIDAD DE LA POLICIA NACIONAL DEL PERU","II-1","00011794","HOSPITAL REGIONAL PNP AREQUIPA","24","34","65","79","0","0","66","15","5","3","5","19","16","115","11","1"
"2016","03","040103","AREQUIPA","AREQUIPA","CAYMA","SANIDAD DE LA POLICIA NACIONAL DEL PERU","II-1","00011794","HOSPITAL REGIONAL PNP AREQUIPA","25","34","65","76","0","0","67","16","5","3","4","18","17","115","11","1"
"2016","02","040103","AREQUIPA","AREQUIPA","CAYMA","SANIDAD DE LA POLICIA NACIONAL DEL PERU","II-1","00011794","HOSPITAL REGIONAL PNP AREQUIPA","24","34","64","72","0","0","65","15","5","3","3","20","15","115","8","1"
"2016","12","110102","ICA","ICA","LA TINGUIÑA","ESSALUD","I-3","00012024","LA TINGUIÑA","11","15","0","3","1","0","5","1","0","1","2","2","2","5","1","0"
"2016","12","211101","PUNO","SAN ROMAN","JULIACA","PRIVADO","II-1","00011978","CLINICA MONTE SINAI JULIACA E.I.R.L.","4","8","17","15","0","0","9","0","1","1","1","0","1","3","0","1"
"2016","11","211101","PUNO","SAN ROMAN","JULIACA","PRIVADO","II-1","00011978","CLINICA MONTE SINAI JULIACA E.I.R.L.","4","8","17","15","0","0","9","0","1","1","1","0","1","3","0","1"
"2016","10","211101","PUNO","SAN ROMAN","JULIACA","PRIVADO","II-1","00011978","CLINICA MONTE SINAI JULIACA E.I.R.L.","5","4","18","15","0","0","7","0","1","1","1","1","1","3","12","1"
"2016","08","211101","PUNO","SAN ROMAN","JULIACA","PRIVADO","II-1","00011978","CLINICA MONTE SINAI JULIACA E.I.R.L.","5","4","18","15","0","0","7","0","1","1","1","1","1","3","12","1"
"2016","09","211101","PUNO","SAN ROMAN","JULIACA","PRIVADO","II-1","00011978","CLINICA MONTE SINAI JULIACA E.I.R.L.","5","4","18","15","0","0","7","0","1","1","1","1","1","3","12","1"
"2016","12","150141","LIMA","LIMA","SURQUILLO","PRIVADO","II-E","00012020","POLICLINICO ÑAHUI E.I.R.L.","13","26","0","30","0","0","2","0","0","0","0","0","0","10","0","0"
"2016","11","150141","LIMA","LIMA","SURQUILLO","PRIVADO","II-E","00012020","POLICLINICO ÑAHUI E.I.R.L.","13","26","0","31","0","0","2","0","0","0","0","0","0","10","0","0"
"2016","10","150141","LIMA","LIMA","SURQUILLO","PRIVADO","II-E","00012020","POLICLINICO ÑAHUI E.I.R.L.","13","26","0","36","0","0","3","0","0","0","0","0","0","10","0","0"
"2016","09","150141","LIMA","LIMA","SURQUILLO","PRIVADO","II-E","00012020","POLICLINICO ÑAHUI E.I.R.L.","13","26","0","28","0","0","4","0","0","0","1","0","0","10","0","0"
"2016","07","150141","LIMA","LIMA","SURQUILLO","PRIVADO","II-E","00012020","POLICLINICO ÑAHUI E.I.R.L.","13","26","0","20","0","0","3","0","0","0","10","0","1","10","25","0"
"2016","08","150141","LIMA","LIMA","SURQUILLO","PRIVADO","II-E","00012020","POLICLINICO ÑAHUI E.I.R.L.","13","26","0","28","0","0","4","0","0","0","0","0","0","10","0","0"
"2016","06","150141","LIMA","LIMA","SURQUILLO","PRIVADO","II-E","00012020","POLICLINICO ÑAHUI E.I.R.L.","13","26","0","29","0","0","2","0","0","0","0","0","0","6","6","0"
"2016","12","150133","LIMA","LIMA","SAN JUAN DE MIRAFLORES","ESSALUD","I-3","00013012","CENTRO DE ATENCIÓN PRIMARIA III SAN JUAN DE MIRAFLORES","13","31","0","22","0","0","19","5","1","1","1","3","1","21","24","0"
"2016","12","150122","LIMA","LIMA","MIRAFLORES","PRIVADO","II-1","00011750","CLINICA LOS ANDES SAC","19","19","15","120","0","0","23","1","1","1","6","0","1","27","1","3"
"2016","09","150122","LIMA","LIMA","MIRAFLORES","PRIVADO","II-1","00011750","CLINICA LOS ANDES SAC","19","19","15","120","0","0","23","1","1","1","6","0","1","27","1","3"
"2016","10","150122","LIMA","LIMA","MIRAFLORES","PRIVADO","II-1","00011750","CLINICA LOS ANDES SAC","19","19","24","120","0","0","23","1","1","1","6","0","1","27","1","3"
"2016","07","150122","LIMA","LIMA","MIRAFLORES","PRIVADO","II-1","00011750","CLINICA LOS ANDES SAC","19","19","24","120","0","0","23","1","1","1","6","0","1","27","1","3"
"2016","08","150122","LIMA","LIMA","MIRAFLORES","PRIVADO","II-1","00011750","CLINICA LOS ANDES SAC","19","19","24","120","0","0","23","1","1","1","6","0","1","27","1","3"
"2016","06","150122","LIMA","LIMA","MIRAFLORES","PRIVADO","II-1","00011750","CLINICA LOS ANDES SAC","19","19","24","120","0","0","23","1","1","1","6","0","1","27","1","3"
"2016","05","150122","LIMA","LIMA","MIRAFLORES","PRIVADO","II-1","00011750","CLINICA LOS ANDES SAC","19","19","24","120","0","0","23","1","1","1","6","0","1","27","1","3"
"2016","04","150122","LIMA","LIMA","MIRAFLORES","PRIVADO","II-1","00011750","CLINICA LOS ANDES SAC","19","19","24","120","0","0","23","1","1","1","6","0","1","27","1","3"
"2016","12","160101","LORETO","MAYNAS","IQUITOS","PRIVADO","II-2","00012854","CLINICA ADVENTISTA ANA STAHL","20","111","42","70","0","0","24","8","3","2","6","4","3","54","4","1"
"2016","11","160101","LORETO","MAYNAS","IQUITOS","PRIVADO","II-2","00012854","CLINICA ADVENTISTA ANA STAHL","20","122","42","75","0","0","27","8","4","1","6","4","3","54","4","1"
"2016","10","160101","LORETO","MAYNAS","IQUITOS","PRIVADO","II-2","00012854","CLINICA ADVENTISTA ANA STAHL","20","132","42","75","0","0","34","8","3","1","7","4","3","54","3","1"
"2016","08","160101","LORETO","MAYNAS","IQUITOS","PRIVADO","II-2","00012854","CLINICA ADVENTISTA ANA STAHL","20","117","42","75","0","0","30","8","4","1","6","4","1","54","4","1"
"2016","09","160101","LORETO","MAYNAS","IQUITOS","PRIVADO","II-2","00012854","CLINICA ADVENTISTA ANA STAHL","20","122","42","75","0","0","27","8","4","1","6","4","3","54","4","1"
"2016","05","160101","LORETO","MAYNAS","IQUITOS","PRIVADO","II-2","00012854","CLINICA ADVENTISTA ANA STAHL","22","115","42","63","0","0","37","6","3","1","6","4","1","54","4","1"
"2016","07","160101","LORETO","MAYNAS","IQUITOS","PRIVADO","II-2","00012854","CLINICA ADVENTISTA ANA STAHL","20","121","42","75","0","0","32","8","3","1","7","4","1","54","4","1"
"2016","06","160101","LORETO","MAYNAS","IQUITOS","PRIVADO","II-2","00012854","CLINICA ADVENTISTA ANA STAHL","22","118","42","64","0","0","32","6","3","1","7","4","1","54","4","1"
"2016","04","160101","LORETO","MAYNAS","IQUITOS","PRIVADO","II-2","00012854","CLINICA ADVENTISTA ANA STAHL","22","116","42","68","0","0","45","8","3","1","7","4","2","54","4","1"
"2016","09","120101","JUNIN","HUANCAYO","HUANCAYO","PRIVADO","0","00012972","LABORATORIO CLÍNICO PATOLÓGICO ONCOLAB","0","0","0","1","0","0","0","0","0","0","0","0","0","3","1","0"
"2016","10","120101","JUNIN","HUANCAYO","HUANCAYO","PRIVADO","0","00012972","LABORATORIO CLÍNICO PATOLÓGICO ONCOLAB","0","0","0","1","0","0","0","0","0","0","0","0","0","3","1","0"
"2016","07","120101","JUNIN","HUANCAYO","HUANCAYO","PRIVADO","0","00012972","LABORATORIO CLÍNICO PATOLÓGICO ONCOLAB","0","0","0","1","0","0","0","0","0","0","0","0","0","3","1","0"
"2016","08","120101","JUNIN","HUANCAYO","HUANCAYO","PRIVADO","0","00012972","LABORATORIO CLÍNICO PATOLÓGICO ONCOLAB","0","0","0","1","0","0","0","0","0","0","0","0","0","3","1","0"
"2016","11","120101","JUNIN","HUANCAYO","HUANCAYO","PRIVADO","0","00012972","LABORATORIO CLÍNICO PATOLÓGICO ONCOLAB","0","0","0","1","0","0","0","0","0","0","0","0","0","3","1","0"
"2016","12","120101","JUNIN","HUANCAYO","HUANCAYO","PRIVADO","0","00012972","LABORATORIO CLÍNICO PATOLÓGICO ONCOLAB","0","0","0","1","0","0","0","0","0","0","0","0","0","3","1","0"
"2016","06","120101","JUNIN","HUANCAYO","HUANCAYO","PRIVADO","0","00012972","LABORATORIO CLÍNICO PATOLÓGICO ONCOLAB","0","0","0","1","0","0","0","0","0","0","0","0","0","3","1","0"
"2016","09","150140","LIMA","LIMA","SANTIAGO DE SURCO","PRIVADO","II-1","00013064","CLINICA CEDRON","1","1","5","5","0","0","1","0","0","1","0","0","0","7","0","0"
"2016","08","150140","LIMA","LIMA","SANTIAGO DE SURCO","PRIVADO","II-1","00013064","CLINICA CEDRON","1","1","5","5","0","0","1","0","0","1","0","0","0","7","0","0"
"2016","07","150140","LIMA","LIMA","SANTIAGO DE SURCO","PRIVADO","II-1","00013064","CLINICA CEDRON","1","1","5","5","0","0","1","0","0","1","0","0","0","7","0","0"
"2016","12","150128","LIMA","LIMA","RIMAC","SANIDAD DE LA POLICIA NACIONAL DEL PERU","0","00016094","UNIDAD EJECUTORA 020: SANIDAD DE LA PNP","35","38","83","39","0","0","46","9","5","2","13","5","11","105","4","2"
"2016","11","150128","LIMA","LIMA","RIMAC","SANIDAD DE LA POLICIA NACIONAL DEL PERU","0","00016094","UNIDAD EJECUTORA 020: SANIDAD DE LA PNP","35","38","83","42","0","0","44","13","2","2","12","9","7","7","3","2"
"2016","09","150128","LIMA","LIMA","RIMAC","SANIDAD DE LA POLICIA NACIONAL DEL PERU","0","00016094","UNIDAD EJECUTORA 020: SANIDAD DE LA PNP","35","38","83","52","0","0","36","12","3","2","20","9","3","141","2","2"
"2016","10","150128","LIMA","LIMA","RIMAC","SANIDAD DE LA POLICIA NACIONAL DEL PERU","0","00016094","UNIDAD EJECUTORA 020: SANIDAD DE LA PNP","35","38","83","45","0","0","44","11","3","2","12","8","3","113","2","2"
"2016","08","150128","LIMA","LIMA","RIMAC","SANIDAD DE LA POLICIA NACIONAL DEL PERU","0","00016094","UNIDAD EJECUTORA 020: SANIDAD DE LA PNP","35","38","83","50","0","0","47","9","4","2","19","9","3","266","2","2"
"2016","06","150128","LIMA","LIMA","RIMAC","SANIDAD DE LA POLICIA NACIONAL DEL PERU","0","00016094","UNIDAD EJECUTORA 020: SANIDAD DE LA PNP","35","38","83","54","0","0","45","9","4","2","19","9","3","218","2","2"
"2016","05","150128","LIMA","LIMA","RIMAC","SANIDAD DE LA POLICIA NACIONAL DEL PERU","0","00016094","UNIDAD EJECUTORA 020: SANIDAD DE LA PNP","35","38","83","53","0","0","42","9","4","2","16","5","2","256","2","2"
"2016","06","200104","PIURA","PIURA","CASTILLA","PRIVADO","II-E","00013165","CENTRO DE REPOSO SAN JUAN DE DIOS","8","6","60","2","0","0","4","0","4","0","0","0","0","17","12","0"
"2016","12","200104","PIURA","PIURA","CASTILLA","PRIVADO","II-E","00013165","CENTRO DE REPOSO SAN JUAN DE DIOS","8","5","57","2","0","0","5","0","3","0","0","0","0","16","12","0"
"2016","11","200104","PIURA","PIURA","CASTILLA","PRIVADO","II-E","00013165","CENTRO DE REPOSO SAN JUAN DE DIOS","8","6","57","3","0","0","5","0","3","0","0","0","0","16","12","0"
"2016","10","200104","PIURA","PIURA","CASTILLA","PRIVADO","II-E","00013165","CENTRO DE REPOSO SAN JUAN DE DIOS","8","6","57","3","0","0","5","0","3","0","0","0","0","16","12","0"
"2016","09","200104","PIURA","PIURA","CASTILLA","PRIVADO","II-E","00013165","CENTRO DE REPOSO SAN JUAN DE DIOS","8","7","57","3","0","0","5","0","4","0","0","0","0","16","12","0"
"2016","08","200104","PIURA","PIURA","CASTILLA","PRIVADO","II-E","00013165","CENTRO DE REPOSO SAN JUAN DE DIOS","8","7","57","3","0","0","5","0","4","0","0","0","0","16","12","0"
"2016","07","200104","PIURA","PIURA","CASTILLA","PRIVADO","II-E","00013165","CENTRO DE REPOSO SAN JUAN DE DIOS","8","7","60","3","0","0","5","0","4","0","0","0","0","16","12","0"
"2016","05","200104","PIURA","PIURA","CASTILLA","PRIVADO","II-E","00013165","CENTRO DE REPOSO SAN JUAN DE DIOS","8","6","60","2","0","0","4","0","4","0","0","0","0","16","12","0"
"2016","04","200104","PIURA","PIURA","CASTILLA","PRIVADO","II-E","00013165","CENTRO DE REPOSO SAN JUAN DE DIOS","8","7","60","2","0","0","4","0","5","0","0","0","0","16","12","0"
"2016","03","200104","PIURA","PIURA","CASTILLA","PRIVADO","II-E","00013165","CENTRO DE REPOSO SAN JUAN DE DIOS","8","6","60","2","0","0","4","0","4","0","0","0","0","16","12","0"
"2016","12","040126","AREQUIPA","AREQUIPA","YANAHUARA","PRIVADO","II-1","00012907","SISTEMAS DE ADMINISTRACION HOSPITALARIA S.A.C.","19","16","15","16","0","0","31","0","0","0","0","0","5","35","0","0"
"2016","11","040126","AREQUIPA","AREQUIPA","YANAHUARA","PRIVADO","II-1","00012907","SISTEMAS DE ADMINISTRACION HOSPITALARIA S.A.C.","19","16","15","16","0","0","30","0","0","0","0","0","5","35","0","0"
"2016","10","040126","AREQUIPA","AREQUIPA","YANAHUARA","PRIVADO","II-1","00012907","SISTEMAS DE ADMINISTRACION HOSPITALARIA S.A.C.","19","16","15","16","0","0","29","0","0","0","0","0","5","35","0","0"
"2016","08","040126","AREQUIPA","AREQUIPA","YANAHUARA","PRIVADO","II-1","00012907","SISTEMAS DE ADMINISTRACION HOSPITALARIA S.A.C.","19","16","14","15","0","0","30","0","0","0","0","0","5","34","0","0"
"2016","09","040126","AREQUIPA","AREQUIPA","YANAHUARA","PRIVADO","II-1","00012907","SISTEMAS DE ADMINISTRACION HOSPITALARIA S.A.C.","19","16","15","15","0","0","29","0","0","0","0","0","5","34","0","0"
"2016","07","040126","AREQUIPA","AREQUIPA","YANAHUARA","PRIVADO","II-1","00012907","SISTEMAS DE ADMINISTRACION HOSPITALARIA S.A.C.","19","16","14","15","0","0","30","0","0","0","0","0","5","33","0","0"
"2016","06","040126","AREQUIPA","AREQUIPA","YANAHUARA","PRIVADO","II-1","00012907","SISTEMAS DE ADMINISTRACION HOSPITALARIA S.A.C.","19","16","14","15","0","0","30","0","0","0","0","0","5","32","0","0"
"2016","05","040126","AREQUIPA","AREQUIPA","YANAHUARA","PRIVADO","II-1","00012907","SISTEMAS DE ADMINISTRACION HOSPITALARIA S.A.C.","19","16","14","15","0","0","28","0","0","0","0","0","5","32","0","0"
"2016","03","040126","AREQUIPA","AREQUIPA","YANAHUARA","PRIVADO","II-1","00012907","SISTEMAS DE ADMINISTRACION HOSPITALARIA S.A.C.","19","16","14","15","0","0","26","0","0","0","0","0","5","32","0","0"
"2016","01","040126","AREQUIPA","AREQUIPA","YANAHUARA","PRIVADO","II-1","00012907","SISTEMAS DE ADMINISTRACION HOSPITALARIA S.A.C.","19","16","14","15","0","0","27","0","0","0","0","0","5","31","0","0"
"2016","04","040126","AREQUIPA","AREQUIPA","YANAHUARA","PRIVADO","II-1","00012907","SISTEMAS DE ADMINISTRACION HOSPITALARIA S.A.C.","19","16","14","15","0","0","27","0","0","0","0","0","5","32","0","0"
"2016","02","040126","AREQUIPA","AREQUIPA","YANAHUARA","PRIVADO","II-1","00012907","SISTEMAS DE ADMINISTRACION HOSPITALARIA S.A.C.","19","16","14","15","0","0","25","0","0","0","0","0","5","31","0","0"
"2016","12","010201","AMAZONAS","BAGUA","BAGUA","SANIDAD DE LA POLICIA NACIONAL DEL PERU","I-2","00012954","PUESTO DE SALUD  PNP - BAGUA","2","2","0","1","1","0","1","1","0","0","0","0","0","5","1","0"
"2016","11","010201","AMAZONAS","BAGUA","BAGUA","SANIDAD DE LA POLICIA NACIONAL DEL PERU","I-2","00012954","PUESTO DE SALUD  PNP - BAGUA","3","2","0","1","1","0","1","1","0","0","0","0","0","5","1","0"
"2016","10","010201","AMAZONAS","BAGUA","BAGUA","SANIDAD DE LA POLICIA NACIONAL DEL PERU","I-2","00012954","PUESTO DE SALUD  PNP - BAGUA","3","2","0","2","2","0","1","1","0","0","0","0","0","5","1","0"
"2016","09","010201","AMAZONAS","BAGUA","BAGUA","SANIDAD DE LA POLICIA NACIONAL DEL PERU","I-2","00012954","PUESTO DE SALUD  PNP - BAGUA","3","2","0","0","0","0","0","1","0","0","0","0","0","0","0","0"
"2016","08","010201","AMAZONAS","BAGUA","BAGUA","SANIDAD DE LA POLICIA NACIONAL DEL PERU","I-2","00012954","PUESTO DE SALUD  PNP - BAGUA","2","3","0","2","2","0","1","0","0","0","0","0","0","5","1","0"
"2016","12","110101","ICA","ICA","ICA","PRIVADO","II-1","00013386","LAS CONDES SAC","5","8","6","24","0","0","7","0","0","0","1","1","1","3","1","0"
"2016","10","110101","ICA","ICA","ICA","PRIVADO","II-1","00013386","LAS CONDES SAC","5","8","6","24","0","0","7","0","0","0","1","1","1","3","1","0"
"2016","11","110101","ICA","ICA","ICA","PRIVADO","II-1","00013386","LAS CONDES SAC","5","8","6","24","0","0","7","0","0","0","1","1","1","3","1","0"
"2016","09","110101","ICA","ICA","ICA","PRIVADO","II-1","00013386","LAS CONDES SAC","5","8","6","24","0","0","7","0","0","0","1","1","1","3","1","0"
"2016","08","110101","ICA","ICA","ICA","PRIVADO","II-1","00013386","LAS CONDES SAC","5","8","6","24","0","0","7","0","0","0","1","1","1","3","1","0"
"2016","07","110101","ICA","ICA","ICA","PRIVADO","II-1","00013386","LAS CONDES SAC","5","8","6","24","0","0","7","0","0","0","1","1","1","3","1","0"
"2016","05","110101","ICA","ICA","ICA","PRIVADO","II-1","00013386","LAS CONDES SAC","5","8","6","24","0","0","7","0","0","0","1","1","1","3","1","0"
"2016","06","110101","ICA","ICA","ICA","PRIVADO","II-1","00013386","LAS CONDES SAC","5","8","6","24","0","0","7","0","0","0","1","1","1","3","1","0"
"2016","03","110101","ICA","ICA","ICA","PRIVADO","II-1","00013386","LAS CONDES SAC","5","8","6","24","0","0","7","0","0","0","0","0","1","3","1","0"
"2016","04","110101","ICA","ICA","ICA","PRIVADO","II-1","00013386","LAS CONDES SAC","5","8","6","24","0","0","7","0","0","0","1","1","1","3","1","0"
"2016","12","150131","LIMA","LIMA","SAN ISIDRO","PRIVADO","0","00012530","MEDIPERU S.A.","2","36","0","7","0","0","2","0","0","0","2","0","0","0","0","0"
"2016","12","110201","ICA","CHINCHA","CHINCHA ALTA","ESSALUD","II-1","00013910","RENE TOCHE GROPPO","12","19","80","44","0","4","62","5","1","1","6","12","4","3","14","3"
"2016","10","110201","ICA","CHINCHA","CHINCHA ALTA","ESSALUD","II-1","00013910","RENE TOCHE GROPPO","12","20","80","52","0","4","63","5","1","2","6","11","6","3","14","3"
"2016","11","110201","ICA","CHINCHA","CHINCHA ALTA","ESSALUD","II-1","00013910","RENE TOCHE GROPPO","12","19","80","54","0","4","61","4","1","2","5","11","6","2","14","3"
"2016","09","110201","ICA","CHINCHA","CHINCHA ALTA","ESSALUD","II-1","00013910","RENE TOCHE GROPPO","12","22","80","55","0","4","63","4","1","2","5","11","7","3","14","3"
"2016","08","110201","ICA","CHINCHA","CHINCHA ALTA","ESSALUD","II-1","00013910","RENE TOCHE GROPPO","12","20","84","49","0","4","62","3","0","2","6","11","7","2","14","3"
"2016","07","110201","ICA","CHINCHA","CHINCHA ALTA","ESSALUD","II-1","00013910","RENE TOCHE GROPPO","12","20","84","55","0","4","62","4","1","2","6","12","6","2","14","3"
"2016","06","110201","ICA","CHINCHA","CHINCHA ALTA","ESSALUD","II-1","00013910","RENE TOCHE GROPPO","12","19","84","58","0","6","62","4","1","2","5","11","7","3","14","3"
"2016","05","110201","ICA","CHINCHA","CHINCHA ALTA","ESSALUD","II-1","00013910","RENE TOCHE GROPPO","12","20","84","51","0","6","63","4","1","2","5","13","7","3","10","3"
"2016","01","110201","ICA","CHINCHA","CHINCHA ALTA","ESSALUD","II-1","00013910","RENE TOCHE GROPPO","11","17","84","36","0","6","63","5","1","2","6","11","6","3","7","3"
"2016","04","110201","ICA","CHINCHA","CHINCHA ALTA","ESSALUD","II-1","00013910","RENE TOCHE GROPPO","12","20","84","48","0","6","60","4","1","2","5","12","7","3","10","3"
"2016","02","110201","ICA","CHINCHA","CHINCHA ALTA","ESSALUD","II-1","00013910","RENE TOCHE GROPPO","11","19","84","47","0","6","61","5","1","1","6","11","5","3","10","3"
"2016","03","110201","ICA","CHINCHA","CHINCHA ALTA","ESSALUD","II-1","00013910","RENE TOCHE GROPPO","11","19","84","43","0","6","63","4","1","2","5","11","6","3","10","3"
"2016","12","110101","ICA","ICA","ICA","ESSALUD","II-1","00013912","FELIX TORREALVA GUTIERREZ","16","40","59","65","0","0","54","8","2","2","4","7","7","63","23","2"
"2016","11","110101","ICA","ICA","ICA","ESSALUD","II-1","00013912","FELIX TORREALVA GUTIERREZ","16","40","61","69","0","0","54","8","2","2","4","7","7","63","23","2"
"2016","10","110101","ICA","ICA","ICA","ESSALUD","II-1","00013912","FELIX TORREALVA GUTIERREZ","16","40","64","70","0","0","54","8","2","2","4","7","6","63","23","2"
"2016","09","110101","ICA","ICA","ICA","ESSALUD","II-1","00013912","FELIX TORREALVA GUTIERREZ","16","40","73","65","0","0","54","8","2","2","4","7","6","63","23","2"
"2016","07","110101","ICA","ICA","ICA","ESSALUD","II-1","00013912","FELIX TORREALVA GUTIERREZ","16","36","59","61","0","0","53","9","2","2","4","7","6","60","23","2"
"2016","08","110101","ICA","ICA","ICA","ESSALUD","II-1","00013912","FELIX TORREALVA GUTIERREZ","16","36","68","64","0","0","54","8","2","2","4","7","6","60","23","2"
"2016","05","110101","ICA","ICA","ICA","ESSALUD","II-1","00013912","FELIX TORREALVA GUTIERREZ","16","36","64","65","0","0","52","9","2","2","4","16","6","0","23","2"
"2016","06","110101","ICA","ICA","ICA","ESSALUD","II-1","00013912","FELIX TORREALVA GUTIERREZ","16","36","67","64","0","0","54","8","2","2","3","8","5","2","88","2"
"2016","03","110101","ICA","ICA","ICA","ESSALUD","II-1","00013912","FELIX TORREALVA GUTIERREZ","16","36","66","63","0","0","55","9","2","2","6","11","6","6","66","2"
"2016","01","110101","ICA","ICA","ICA","ESSALUD","II-1","00013912","FELIX TORREALVA GUTIERREZ","16","36","95","64","0","0","55","9","2","2","5","8","5","1","86","3"
"2016","04","110101","ICA","ICA","ICA","ESSALUD","II-1","00013912","FELIX TORREALVA GUTIERREZ","16","36","64","61","0","0","59","9","2","2","5","11","6","0","23","2"
"2016","02","110101","ICA","ICA","ICA","ESSALUD","II-1","00013912","FELIX TORREALVA GUTIERREZ","16","36","79","60","0","0","55","9","2","2","6","13","6","66","23","2"
"2016","12","190113","PASCO","PASCO","YANACANCHA","PRIVADO","II-1","00012449","CLINICA GONZALES","6","10","11","57","0","0","4","1","1","2","2","1","1","12","4","2"
"2016","11","190113","PASCO","PASCO","YANACANCHA","PRIVADO","II-1","00012449","CLINICA GONZALES","6","10","11","57","0","0","4","1","1","2","2","1","1","12","4","2"
"2016","10","190113","PASCO","PASCO","YANACANCHA","PRIVADO","II-1","00012449","CLINICA GONZALES","6","10","11","57","0","0","4","1","1","2","2","1","1","12","4","2"
"2016","01","150113","LIMA","LIMA","JESUS MARIA","PRIVADO","II-E","00014181","CLINICA SERVISALUD","9","9","11","28","0","0","6","4","2","1","6","0","1","15","0","1"
"2016","02","150113","LIMA","LIMA","JESUS MARIA","PRIVADO","II-E","00014181","CLINICA SERVISALUD","9","9","11","28","0","0","6","4","2","1","6","0","1","15","0","1"
"2016","12","150113","LIMA","LIMA","JESUS MARIA","PRIVADO","II-E","00014181","CLINICA SERVISALUD","9","9","11","28","0","0","6","4","2","1","6","0","1","15","0","1"
"2016","11","150113","LIMA","LIMA","JESUS MARIA","PRIVADO","II-E","00014181","CLINICA SERVISALUD","9","9","11","28","0","0","6","4","2","1","6","0","1","15","0","1"
"2016","10","150113","LIMA","LIMA","JESUS MARIA","PRIVADO","II-E","00014181","CLINICA SERVISALUD","9","9","11","28","0","0","6","4","2","1","6","0","1","15","0","1"
"2016","09","150113","LIMA","LIMA","JESUS MARIA","PRIVADO","II-E","00014181","CLINICA SERVISALUD","9","9","11","28","0","0","6","4","2","1","6","0","1","15","0","1"
"2016","08","150113","LIMA","LIMA","JESUS MARIA","PRIVADO","II-E","00014181","CLINICA SERVISALUD","9","9","11","28","0","0","6","4","2","1","6","0","1","15","0","1"
"2016","07","150113","LIMA","LIMA","JESUS MARIA","PRIVADO","II-E","00014181","CLINICA SERVISALUD","9","9","11","28","0","0","6","4","2","1","6","0","1","15","0","1"
"2016","06","150113","LIMA","LIMA","JESUS MARIA","PRIVADO","II-E","00014181","CLINICA SERVISALUD","9","9","11","28","0","0","6","4","2","1","6","0","1","15","0","1"
"2016","05","150113","LIMA","LIMA","JESUS MARIA","PRIVADO","II-E","00014181","CLINICA SERVISALUD","9","9","11","28","0","0","6","4","2","1","6","0","1","15","0","1"
"2016","04","150113","LIMA","LIMA","JESUS MARIA","PRIVADO","II-E","00014181","CLINICA SERVISALUD","9","9","11","28","0","0","6","4","2","1","6","0","1","15","0","1"
"2016","12","110101","ICA","ICA","ICA","PRIVADO","0","00013697","SEÑOR DE LUREN","0","0","0","1","0","0","0","0","0","0","1","0","0","1","2","0"
"2016","11","110101","ICA","ICA","ICA","PRIVADO","0","00013697","SEÑOR DE LUREN","0","0","0","1","0","0","0","0","0","0","1","0","0","1","2","0"
"2016","10","110101","ICA","ICA","ICA","PRIVADO","0","00013697","SEÑOR DE LUREN","0","0","0","1","0","0","0","0","0","0","1","0","0","1","2","0"
"2016","09","110101","ICA","ICA","ICA","PRIVADO","0","00013697","SEÑOR DE LUREN","0","0","0","1","0","0","0","0","0","0","1","0","0","1","2","0"
"2016","07","110101","ICA","ICA","ICA","PRIVADO","0","00013697","SEÑOR DE LUREN","0","0","0","1","0","0","0","0","0","0","1","0","0","1","2","0"
"2016","08","110101","ICA","ICA","ICA","PRIVADO","0","00013697","SEÑOR DE LUREN","0","0","0","1","0","0","0","0","0","0","1","0","0","1","2","0"
"2016","07","040101","AREQUIPA","AREQUIPA","AREQUIPA","PRIVADO","II-E","00013722","CLINICA AREQUIPA S.A.","38","44","36","159","0","0","57","2","3","1","0","0","5","61","0","1"
"2016","02","040101","AREQUIPA","AREQUIPA","AREQUIPA","PRIVADO","II-E","00013722","CLINICA AREQUIPA S.A.","38","43","36","165","1","0","56","2","2","1","0","0","3","60","0","1"
"2016","09","040101","AREQUIPA","AREQUIPA","AREQUIPA","PRIVADO","II-E","00013722","CLINICA AREQUIPA S.A.","38","45","38","154","0","0","58","2","4","1","0","0","5","61","0","1"
"2016","08","040101","AREQUIPA","AREQUIPA","AREQUIPA","PRIVADO","II-E","00013722","CLINICA AREQUIPA S.A.","44","52","36","160","0","0","58","2","2","1","0","0","5","61","0","1"
"2016","05","040101","AREQUIPA","AREQUIPA","AREQUIPA","PRIVADO","II-E","00013722","CLINICA AREQUIPA S.A.","38","44","36","165","1","0","56","2","2","1","0","0","3","60","0","1"
"2016","01","040101","AREQUIPA","AREQUIPA","AREQUIPA","PRIVADO","II-E","00013722","CLINICA AREQUIPA S.A.","50","69","36","197","0","1","56","2","1","1","0","0","3","60","0","1"
"2016","03","040101","AREQUIPA","AREQUIPA","AREQUIPA","PRIVADO","II-E","00013722","CLINICA AREQUIPA S.A.","38","43","36","166","1","0","55","2","2","1","0","0","3","60","0","1"
"2016","04","040101","AREQUIPA","AREQUIPA","AREQUIPA","PRIVADO","II-E","00013722","CLINICA AREQUIPA S.A.","38","43","36","165","1","0","56","2","2","1","0","0","3","60","0","1"
"2016","12","040101","AREQUIPA","AREQUIPA","AREQUIPA","PRIVADO","II-E","00013722","CLINICA AREQUIPA S.A.","48","51","36","197","0","1","55","2","1","1","0","0","3","57","1","1"
"2016","06","040101","AREQUIPA","AREQUIPA","AREQUIPA","PRIVADO","II-E","00013722","CLINICA AREQUIPA S.A.","38","44","38","158","0","0","56","1","1","1","0","0","5","61","0","1"
"2016","11","040101","AREQUIPA","AREQUIPA","AREQUIPA","PRIVADO","II-E","00013722","CLINICA AREQUIPA S.A.","38","38","42","154","0","0","59","3","5","1","0","0","5","61","0","1"
"2016","10","040101","AREQUIPA","AREQUIPA","AREQUIPA","PRIVADO","II-E","00013722","CLINICA AREQUIPA S.A.","38","38","42","159","0","0","59","0","3","1","0","0","5","61","0","1"
"2016","06","130101","LA LIBERTAD","TRUJILLO","TRUJILLO","PRIVADO","II-1","00013373","CLINICA PERUANO AMERICANA S. A.","184","196","44","228","0","0","34","5","3","1","0","1","2","46","0","0"
"2016","07","130101","LA LIBERTAD","TRUJILLO","TRUJILLO","PRIVADO","II-1","00013373","CLINICA PERUANO AMERICANA S. A.","194","204","43","232","0","0","31","5","3","1","0","1","2","46","0","0"
"2016","01","130101","LA LIBERTAD","TRUJILLO","TRUJILLO","PRIVADO","II-1","00013373","CLINICA PERUANO AMERICANA S. A.","180","193","50","217","0","0","24","4","3","1","0","1","2","31","0","0"
"2016","09","130101","LA LIBERTAD","TRUJILLO","TRUJILLO","PRIVADO","II-1","00013373","CLINICA PERUANO AMERICANA S. A.","195","205","43","225","0","0","31","5","3","1","0","1","2","45","0","0"
"2016","08","130101","LA LIBERTAD","TRUJILLO","TRUJILLO","PRIVADO","II-1","00013373","CLINICA PERUANO AMERICANA S. A.","192","205","45","227","0","0","31","5","3","1","0","1","2","46","0","0"
"2016","10","130101","LA LIBERTAD","TRUJILLO","TRUJILLO","PRIVADO","II-1","00013373","CLINICA PERUANO AMERICANA S. A.","196","205","44","196","0","0","31","5","3","1","0","1","2","45","0","0"
"2016","11","130101","LA LIBERTAD","TRUJILLO","TRUJILLO","PRIVADO","II-1","00013373","CLINICA PERUANO AMERICANA S. A.","196","205","44","225","0","0","29","5","3","1","0","1","3","46","0","0"
"2016","12","130101","LA LIBERTAD","TRUJILLO","TRUJILLO","PRIVADO","II-1","00013373","CLINICA PERUANO AMERICANA S. A.","193","217","44","217","0","0","29","5","3","1","0","1","3","45","0","0"
"2016","05","130101","LA LIBERTAD","TRUJILLO","TRUJILLO","PRIVADO","II-1","00013373","CLINICA PERUANO AMERICANA S. A.","186","198","46","225","0","0","34","3","3","1","0","1","2","45","0","0"
"2016","02","130101","LA LIBERTAD","TRUJILLO","TRUJILLO","PRIVADO","II-1","00013373","CLINICA PERUANO AMERICANA S. A.","192","202","60","217","0","0","30","4","3","1","0","1","2","44","0","0"
"2016","03","130101","LA LIBERTAD","TRUJILLO","TRUJILLO","PRIVADO","II-1","00013373","CLINICA PERUANO AMERICANA S. A.","188","198","61","233","0","0","30","3","3","1","0","1","2","42","0","0"
"2016","04","130101","LA LIBERTAD","TRUJILLO","TRUJILLO","PRIVADO","II-1","00013373","CLINICA PERUANO AMERICANA S. A.","195","204","60","197","0","0","34","3","3","1","0","1","2","34","9","0"
"2016","12","150130","LIMA","LIMA","SAN BORJA","PRIVADO","II-E","00015078","CLINICA QUINTANILLA","1","1","2","2","0","1","2","0","0","0","0","0","0","2","0","0"
"2016","10","150130","LIMA","LIMA","SAN BORJA","PRIVADO","II-E","00015078","CLINICA QUINTANILLA","1","1","2","2","0","1","2","0","0","0","0","0","0","2","0","0"
"2016","11","150130","LIMA","LIMA","SAN BORJA","PRIVADO","II-E","00015078","CLINICA QUINTANILLA","1","1","2","2","0","1","2","0","0","0","0","0","0","2","0","0"
"2016","09","150130","LIMA","LIMA","SAN BORJA","PRIVADO","II-E","00015078","CLINICA QUINTANILLA","1","1","2","2","0","1","2","0","0","0","0","0","0","2","0","0"
"2016","08","150130","LIMA","LIMA","SAN BORJA","PRIVADO","II-E","00015078","CLINICA QUINTANILLA","1","1","2","2","0","1","2","0","0","0","0","0","0","2","0","0"
"2016","06","150130","LIMA","LIMA","SAN BORJA","PRIVADO","II-E","00015078","CLINICA QUINTANILLA","1","1","2","2","0","1","2","0","0","0","0","0","0","2","0","0"
"2016","07","150130","LIMA","LIMA","SAN BORJA","PRIVADO","II-E","00015078","CLINICA QUINTANILLA","1","1","2","2","0","1","2","0","0","0","0","0","0","2","0","0"
"2016","10","030201","APURIMAC","ANDAHUAYLAS","ANDAHUAYLAS","PRIVADO","II-E","00014017","CLINICA PERUANA DE LOS ANDES","10","7","8","10","0","0","6","4","1","1","1","0","1","5","2","0"
"2016","09","030201","APURIMAC","ANDAHUAYLAS","ANDAHUAYLAS","PRIVADO","II-E","00014017","CLINICA PERUANA DE LOS ANDES","10","7","8","10","0","0","6","4","1","1","1","0","1","5","2","0"
"2016","06","030201","APURIMAC","ANDAHUAYLAS","ANDAHUAYLAS","PRIVADO","II-E","00014017","CLINICA PERUANA DE LOS ANDES","10","7","8","9","0","0","4","0","1","1","1","0","1","5","3","0"
"2016","01","030201","APURIMAC","ANDAHUAYLAS","ANDAHUAYLAS","PRIVADO","II-E","00014017","CLINICA PERUANA DE LOS ANDES","6","2","8","8","0","0","5","0","1","1","0","0","1","4","3","0"
"2016","04","030201","APURIMAC","ANDAHUAYLAS","ANDAHUAYLAS","PRIVADO","II-E","00014017","CLINICA PERUANA DE LOS ANDES","10","7","8","9","0","0","4","0","1","1","0","0","1","5","3","0"
"2016","12","010101","AMAZONAS","CHACHAPOYAS","CHACHAPOYAS","SANIDAD DE LA POLICIA NACIONAL DEL PERU","I-3","00013226","POLICLINICO PNP CHACHAPOYAS","2","3","1","2","2","0","4","1","3","0","0","1","1","23","0","0"
"2016","11","010101","AMAZONAS","CHACHAPOYAS","CHACHAPOYAS","SANIDAD DE LA POLICIA NACIONAL DEL PERU","I-3","00013226","POLICLINICO PNP CHACHAPOYAS","2","3","1","2","2","0","5","2","3","0","0","1","1","21","0","0"
"2016","10","010101","AMAZONAS","CHACHAPOYAS","CHACHAPOYAS","SANIDAD DE LA POLICIA NACIONAL DEL PERU","I-3","00013226","POLICLINICO PNP CHACHAPOYAS","2","3","1","2","2","0","4","2","2","0","0","1","1","22","0","0"
"2016","09","010101","AMAZONAS","CHACHAPOYAS","CHACHAPOYAS","SANIDAD DE LA POLICIA NACIONAL DEL PERU","I-3","00013226","POLICLINICO PNP CHACHAPOYAS","2","3","1","2","2","0","4","2","2","0","0","1","1","19","0","0"
"2016","08","010101","AMAZONAS","CHACHAPOYAS","CHACHAPOYAS","SANIDAD DE LA POLICIA NACIONAL DEL PERU","I-3","00013226","POLICLINICO PNP CHACHAPOYAS","2","3","1","2","2","0","4","2","2","0","0","1","1","22","0","0"
"2016","12","150131","LIMA","LIMA","SAN ISIDRO","ESSALUD","I-2","00015471","CENTRO DE ATENCION PRIMARIA-CAP III SAN ISIDRO-ESSALUD","7","9","0","10","0","0","5","4","1","1","2","1","2","7","6","0"
"2016","12","150120","LIMA","LIMA","MAGDALENA DEL MAR","PRIVADO","II-E","00015349","MEDICAL PLASTIC E.I.R.L.","1","1","3","2","0","0","1","0","0","0","0","0","0","5","4","0"
"2016","11","150120","LIMA","LIMA","MAGDALENA DEL MAR","PRIVADO","II-E","00015349","MEDICAL PLASTIC E.I.R.L.","1","1","3","2","0","0","1","0","0","0","0","0","0","5","4","0"
"2016","10","150120","LIMA","LIMA","MAGDALENA DEL MAR","PRIVADO","II-E","00015349","MEDICAL PLASTIC E.I.R.L.","1","1","3","2","0","0","1","0","0","0","0","0","0","5","4","0"
"2016","09","150120","LIMA","LIMA","MAGDALENA DEL MAR","PRIVADO","II-E","00015349","MEDICAL PLASTIC E.I.R.L.","1","1","3","2","0","0","1","0","0","0","0","0","0","5","4","0"
"2016","12","040101","AREQUIPA","AREQUIPA","AREQUIPA","PRIVADO","I-4","00014765","CENTRO MEDICO MONTE CARMELO","14","14","11","136","0","0","6","1","3","0","0","0","1","20","21","1"
"2016","06","040101","AREQUIPA","AREQUIPA","AREQUIPA","PRIVADO","I-4","00014765","CENTRO MEDICO MONTE CARMELO","14","14","11","136","0","0","6","1","3","0","0","0","1","20","21","1"
"2016","05","040101","AREQUIPA","AREQUIPA","AREQUIPA","PRIVADO","I-4","00014765","CENTRO MEDICO MONTE CARMELO","14","14","11","136","0","0","6","1","3","0","0","0","1","20","21","1"
"2016","06","150136","LIMA","LIMA","SAN MIGUEL","PRIVADO","II-2","00014501","CLINICA SAN GABRIEL S.A.C.","117","211","113","276","0","0","152","12","10","8","71","13","4","214","1","0"
"2016","08","150136","LIMA","LIMA","SAN MIGUEL","PRIVADO","II-2","00014501","CLINICA SAN GABRIEL S.A.C.","117","211","127","278","0","1","152","12","10","8","72","13","4","216","1","0"
"2016","07","150136","LIMA","LIMA","SAN MIGUEL","PRIVADO","II-2","00014501","CLINICA SAN GABRIEL S.A.C.","117","211","119","274","0","1","151","12","10","8","71","13","4","216","1","0"
"2016","10","150136","LIMA","LIMA","SAN MIGUEL","PRIVADO","II-2","00014501","CLINICA SAN GABRIEL S.A.C.","117","211","122","269","0","2","152","13","10","7","72","13","4","219","1","0"
"2016","09","150136","LIMA","LIMA","SAN MIGUEL","PRIVADO","II-2","00014501","CLINICA SAN GABRIEL S.A.C.","117","211","134","278","0","1","151","12","10","8","72","13","4","216","1","0"
"2016","01","150136","LIMA","LIMA","SAN MIGUEL","PRIVADO","II-2","00014501","CLINICA SAN GABRIEL S.A.C.","117","211","114","304","0","0","153","10","7","7","62","12","5","261","1","0"
"2016","12","150136","LIMA","LIMA","SAN MIGUEL","PRIVADO","II-2","00014501","CLINICA SAN GABRIEL S.A.C.","117","211","104","271","0","2","151","12","10","7","72","13","4","219","1","0"
"2016","11","150136","LIMA","LIMA","SAN MIGUEL","PRIVADO","II-2","00014501","CLINICA SAN GABRIEL S.A.C.","117","211","104","271","0","2","151","12","10","7","72","13","4","221","1","0"
"2016","04","150136","LIMA","LIMA","SAN MIGUEL","PRIVADO","II-2","00014501","CLINICA SAN GABRIEL S.A.C.","117","211","115","280","0","0","150","12","9","9","70","13","4","217","1","0"
"2016","03","150136","LIMA","LIMA","SAN MIGUEL","PRIVADO","II-2","00014501","CLINICA SAN GABRIEL S.A.C.","117","211","111","295","0","0","155","10","7","7","65","13","5","261","1","0"
"2016","05","150136","LIMA","LIMA","SAN MIGUEL","PRIVADO","II-2","00014501","CLINICA SAN GABRIEL S.A.C.","117","211","120","275","0","0","151","13","9","9","71","13","4","215","1","0"
"2016","02","150136","LIMA","LIMA","SAN MIGUEL","PRIVADO","II-2","00014501","CLINICA SAN GABRIEL S.A.C.","117","211","120","308","0","0","153","10","7","7","62","12","5","261","1","0"
"2016","12","150130","LIMA","LIMA","SAN BORJA","PRIVADO","II-E","00015143","ASTOCONDOR SALAZAR EPIFANIO FRANCISCO","1","3","5","6","0","0","1","0","0","0","0","0","0","4","0","1"
"2016","11","150130","LIMA","LIMA","SAN BORJA","PRIVADO","II-E","00015143","ASTOCONDOR SALAZAR EPIFANIO FRANCISCO","1","3","5","6","0","0","1","0","0","0","0","0","0","4","0","1"
"2016","10","150130","LIMA","LIMA","SAN BORJA","PRIVADO","II-E","00015143","ASTOCONDOR SALAZAR EPIFANIO FRANCISCO","1","3","5","6","0","0","1","0","0","0","0","0","0","4","0","1"
"2016","09","150130","LIMA","LIMA","SAN BORJA","PRIVADO","II-E","00015143","ASTOCONDOR SALAZAR EPIFANIO FRANCISCO","1","3","5","6","0","0","1","0","0","0","0","0","0","4","0","1"
"2016","08","150130","LIMA","LIMA","SAN BORJA","PRIVADO","II-E","00015143","ASTOCONDOR SALAZAR EPIFANIO FRANCISCO","1","3","5","6","0","0","1","0","0","0","0","0","0","4","0","1"
"2016","07","150130","LIMA","LIMA","SAN BORJA","PRIVADO","II-E","00015143","ASTOCONDOR SALAZAR EPIFANIO FRANCISCO","1","3","5","6","0","0","1","0","0","0","0","0","0","4","0","1"
"2016","05","150130","LIMA","LIMA","SAN BORJA","PRIVADO","II-E","00015143","ASTOCONDOR SALAZAR EPIFANIO FRANCISCO","1","3","5","6","0","0","1","0","0","0","0","0","0","4","0","1"
"2016","06","150130","LIMA","LIMA","SAN BORJA","PRIVADO","II-E","00015143","ASTOCONDOR SALAZAR EPIFANIO FRANCISCO","1","3","5","6","0","0","1","0","0","0","0","0","0","4","0","1"
"2016","02","150130","LIMA","LIMA","SAN BORJA","PRIVADO","II-E","00015143","ASTOCONDOR SALAZAR EPIFANIO FRANCISCO","1","3","5","6","0","0","1","0","0","0","0","0","0","4","0","1"
"2016","04","150130","LIMA","LIMA","SAN BORJA","PRIVADO","II-E","00015143","ASTOCONDOR SALAZAR EPIFANIO FRANCISCO","1","3","5","6","0","0","1","0","0","0","0","0","0","4","0","1"
"2016","11","150140","LIMA","LIMA","SANTIAGO DE SURCO","PRIVADO","II-2","00015118","CLINICA MAISON DE SANTE DEL ESTE","21","42","37","120","0","0","625","10","6","1","12","9","3","114","1","0"
"2016","10","150140","LIMA","LIMA","SANTIAGO DE SURCO","PRIVADO","II-2","00015118","CLINICA MAISON DE SANTE DEL ESTE","21","42","37","120","0","0","62","10","6","1","12","9","3","114","2","0"
"2016","09","150140","LIMA","LIMA","SANTIAGO DE SURCO","PRIVADO","II-2","00015118","CLINICA MAISON DE SANTE DEL ESTE","21","42","37","120","0","0","60","10","6","1","12","9","2","110","2","0"
"2016","08","150140","LIMA","LIMA","SANTIAGO DE SURCO","PRIVADO","II-2","00015118","CLINICA MAISON DE SANTE DEL ESTE","21","42","37","120","0","0","62","10","6","1","12","9","2","114","2","0"
"2016","07","150140","LIMA","LIMA","SANTIAGO DE SURCO","PRIVADO","II-2","00015118","CLINICA MAISON DE SANTE DEL ESTE","21","42","37","120","0","0","62","10","6","1","12","9","2","114","2","0"
"2016","06","150140","LIMA","LIMA","SANTIAGO DE SURCO","PRIVADO","II-2","00015118","CLINICA MAISON DE SANTE DEL ESTE","21","42","37","120","0","0","62","10","6","1","12","9","2","114","2","0"
"2016","05","150140","LIMA","LIMA","SANTIAGO DE SURCO","PRIVADO","II-2","00015118","CLINICA MAISON DE SANTE DEL ESTE","21","42","37","120","0","0","62","10","6","2","12","9","3","114","1","0"
"2016","04","150140","LIMA","LIMA","SANTIAGO DE SURCO","PRIVADO","II-2","00015118","CLINICA MAISON DE SANTE DEL ESTE","21","42","37","120","0","0","62","10","6","2","12","9","3","114","1","0"
"2016","12","150122","LIMA","LIMA","MIRAFLORES","PRIVADO","II-E","00014361","INSTITUTO DEL CEREBRO Y LA COLUMNA VERTEBRAL","3","6","9","19","0","0","13","0","1","0","3","0","0","9","0","0"
"2016","10","150122","LIMA","LIMA","MIRAFLORES","PRIVADO","II-E","00014361","INSTITUTO DEL CEREBRO Y LA COLUMNA VERTEBRAL","2","6","9","19","0","0","10","0","1","0","3","0","0","6","0","0"
"2016","11","150122","LIMA","LIMA","MIRAFLORES","PRIVADO","II-E","00014361","INSTITUTO DEL CEREBRO Y LA COLUMNA VERTEBRAL","2","6","9","19","0","0","13","0","1","0","3","0","0","9","0","0"
"2016","09","150122","LIMA","LIMA","MIRAFLORES","PRIVADO","II-E","00014361","INSTITUTO DEL CEREBRO Y LA COLUMNA VERTEBRAL","2","6","9","19","0","0","10","0","1","0","3","0","0","6","0","0"
"2016","08","150122","LIMA","LIMA","MIRAFLORES","PRIVADO","II-E","00014361","INSTITUTO DEL CEREBRO Y LA COLUMNA VERTEBRAL","2","6","9","19","0","0","10","0","1","0","3","0","0","6","0","0"
"2016","07","150122","LIMA","LIMA","MIRAFLORES","PRIVADO","II-E","00014361","INSTITUTO DEL CEREBRO Y LA COLUMNA VERTEBRAL","2","6","9","19","0","0","10","0","1","0","3","0","0","6","0","0"
"2016","06","150122","LIMA","LIMA","MIRAFLORES","PRIVADO","II-E","00014361","INSTITUTO DEL CEREBRO Y LA COLUMNA VERTEBRAL","2","6","9","19","0","0","10","0","1","0","3","0","0","6","0","0"
"2016","05","150122","LIMA","LIMA","MIRAFLORES","PRIVADO","II-E","00014361","INSTITUTO DEL CEREBRO Y LA COLUMNA VERTEBRAL","2","4","9","19","0","0","10","0","1","0","3","0","0","6","0","0"
"2016","03","150122","LIMA","LIMA","MIRAFLORES","PRIVADO","II-E","00014361","INSTITUTO DEL CEREBRO Y LA COLUMNA VERTEBRAL","2","4","9","19","0","0","10","0","1","0","3","0","0","6","0","0"
"2016","01","150122","LIMA","LIMA","MIRAFLORES","PRIVADO","II-E","00014361","INSTITUTO DEL CEREBRO Y LA COLUMNA VERTEBRAL","2","4","9","19","0","0","10","0","1","0","3","0","0","6","0","0"
"2016","04","150122","LIMA","LIMA","MIRAFLORES","PRIVADO","II-E","00014361","INSTITUTO DEL CEREBRO Y LA COLUMNA VERTEBRAL","2","4","9","19","0","0","10","0","1","0","3","0","0","6","0","0"
"2016","12","150130","LIMA","LIMA","SAN BORJA","SANIDAD DEL EJERCITO DEL PERU","I-2","00014889","EJERCITO PERUANO","15","19","6","9","1","0","11","8","6","1","2","1","0","3","0","2"
"2016","02","110501","ICA","PISCO","PISCO","ESSALUD","II-1","00014147","ANTONIO SKRABONJA ANTONCICH","10","12","57","40","0","0","46","4","1","0","6","8","3","4","67","4"
"2016","02","110501","ICA","PISCO","PISCO","ESSALUD","II-1","00014147","ANTONIO SKRABONJA ANTONCICH","31","26","57","38","0","0","46","4","1","0","4","8","3","5","90","4"
"2016","12","110501","ICA","PISCO","PISCO","ESSALUD","II-1","00014147","ANTONIO SKRABONJA ANTONCICH","9","11","57","38","0","0","45","4","1","0","6","8","3","4","65","4"
"2016","10","110501","ICA","PISCO","PISCO","ESSALUD","II-1","00014147","ANTONIO SKRABONJA ANTONCICH","9","12","57","38","0","0","45","4","1","0","8","8","3","4","65","4"
"2016","11","110501","ICA","PISCO","PISCO","ESSALUD","II-1","00014147","ANTONIO SKRABONJA ANTONCICH","9","10","57","36","0","0","45","4","1","0","7","8","3","4","65","4"
"2016","09","110501","ICA","PISCO","PISCO","ESSALUD","II-1","00014147","ANTONIO SKRABONJA ANTONCICH","9","11","57","38","0","0","45","4","1","0","6","8","3","4","65","4"
"2016","07","110501","ICA","PISCO","PISCO","ESSALUD","II-1","00014147","ANTONIO SKRABONJA ANTONCICH","9","10","57","38","0","0","45","4","1","0","7","8","3","4","65","4"
"2016","08","110501","ICA","PISCO","PISCO","ESSALUD","II-1","00014147","ANTONIO SKRABONJA ANTONCICH","9","10","57","38","0","0","45","4","1","0","6","8","3","4","65","4"
"2016","06","110501","ICA","PISCO","PISCO","ESSALUD","II-1","00014147","ANTONIO SKRABONJA ANTONCICH","9","10","57","38","0","0","45","4","1","0","6","8","3","4","65","4"
"2016","05","110501","ICA","PISCO","PISCO","ESSALUD","II-1","00014147","ANTONIO SKRABONJA ANTONCICH","9","10","57","38","0","0","45","4","1","0","7","8","3","4","65","4"
"2016","04","110501","ICA","PISCO","PISCO","ESSALUD","II-1","00014147","ANTONIO SKRABONJA ANTONCICH","10","12","57","38","0","0","46","4","1","0","6","8","3","4","65","4"
"2016","03","110501","ICA","PISCO","PISCO","ESSALUD","II-1","00014147","ANTONIO SKRABONJA ANTONCICH","10","12","57","38","0","0","45","4","1","0","6","8","3","4","67","4"
"2016","01","110501","ICA","PISCO","PISCO","ESSALUD","II-1","00014147","ANTONIO SKRABONJA ANTONCICH","0","0","0","0","0","0","0","0","0","0","0","0","0","0","0","0"
"2016","10","150136","LIMA","LIMA","SAN MIGUEL","SANIDAD DE LA POLICIA NACIONAL DEL PERU","II-E","00014718","UNIDAD EJECUTORA 020:SANIDAD DE LA PNP","8","8","45","21","0","1","29","4","2","3","11","0","3","128","4","1"
"2016","12","150136","LIMA","LIMA","SAN MIGUEL","SANIDAD DE LA POLICIA NACIONAL DEL PERU","II-E","00014718","UNIDAD EJECUTORA 020:SANIDAD DE LA PNP","10","10","43","24","0","1","32","5","3","3","15","0","5","124","7","1"
"2016","11","150136","LIMA","LIMA","SAN MIGUEL","SANIDAD DE LA POLICIA NACIONAL DEL PERU","II-E","00014718","UNIDAD EJECUTORA 020:SANIDAD DE LA PNP","8","8","43","27","0","1","32","4","3","3","12","0","5","72","6","1"
"2016","07","150136","LIMA","LIMA","SAN MIGUEL","SANIDAD DE LA POLICIA NACIONAL DEL PERU","II-E","00014718","UNIDAD EJECUTORA 020:SANIDAD DE LA PNP","10","11","45","27","0","3","22","4","4","3","14","0","3","109","5","1"
"2016","06","150136","LIMA","LIMA","SAN MIGUEL","SANIDAD DE LA POLICIA NACIONAL DEL PERU","II-E","00014718","UNIDAD EJECUTORA 020:SANIDAD DE LA PNP","10","12","43","36","0","1","37","4","4","3","20","0","3","109","5","2"
"2016","05","150136","LIMA","LIMA","SAN MIGUEL","SANIDAD DE LA POLICIA NACIONAL DEL PERU","II-E","00014718","UNIDAD EJECUTORA 020:SANIDAD DE LA PNP","10","12","43","34","0","2","33","5","4","3","17","0","2","137","5","2"
"2016","03","150136","LIMA","LIMA","SAN MIGUEL","SANIDAD DE LA POLICIA NACIONAL DEL PERU","II-E","00014718","UNIDAD EJECUTORA 020:SANIDAD DE LA PNP","10","12","46","31","0","2","26","6","4","3","14","0","2","1","5","2"
"2016","02","150136","LIMA","LIMA","SAN MIGUEL","SANIDAD DE LA POLICIA NACIONAL DEL PERU","II-E","00014718","UNIDAD EJECUTORA 020:SANIDAD DE LA PNP","10","12","46","24","0","1","26","6","5","2","14","0","2","138","5","2"
"2016","04","150136","LIMA","LIMA","SAN MIGUEL","SANIDAD DE LA POLICIA NACIONAL DEL PERU","II-E","00014718","UNIDAD EJECUTORA 020:SANIDAD DE LA PNP","10","12","46","34","0","1","33","5","4","3","17","0","2","140","5","2"
"2016","01","150136","LIMA","LIMA","SAN MIGUEL","SANIDAD DE LA POLICIA NACIONAL DEL PERU","II-E","00014718","UNIDAD EJECUTORA 020:SANIDAD DE LA PNP","10","14","46","22","0","0","30","7","4","3","10","0","2","0","5","2"
"2016","09","150136","LIMA","LIMA","SAN MIGUEL","SANIDAD DE LA POLICIA NACIONAL DEL PERU","II-E","00014718","UNIDAD EJECUTORA 020:SANIDAD DE LA PNP","8","8","45","20","0","0","29","5","2","3","11","0","3","132","4","1"
"2016","08","150136","LIMA","LIMA","SAN MIGUEL","SANIDAD DE LA POLICIA NACIONAL DEL PERU","II-E","00014718","UNIDAD EJECUTORA 020:SANIDAD DE LA PNP","8","8","46","25","0","2","29","5","2","3","10","0","3","125","4","1"
"2016","12","040101","AREQUIPA","AREQUIPA","AREQUIPA","PRIVADO","II-E","00017588","MELO CLINICA DE REPRODUCCION Y GENETICA","4","6","0","3","0","0","3","0","0","0","0","1","2","0","2","0"
"2016","10","040101","AREQUIPA","AREQUIPA","AREQUIPA","PRIVADO","II-E","00017588","MELO CLINICA DE REPRODUCCION Y GENETICA","4","6","0","3","0","0","3","0","0","0","0","1","0","0","2","0"
"2016","11","040101","AREQUIPA","AREQUIPA","AREQUIPA","PRIVADO","II-E","00017588","MELO CLINICA DE REPRODUCCION Y GENETICA","4","6","0","3","0","0","3","0","0","0","0","1","2","0","2","0"
"2016","08","040101","AREQUIPA","AREQUIPA","AREQUIPA","PRIVADO","II-E","00017588","MELO CLINICA DE REPRODUCCION Y GENETICA","4","6","0","3","0","0","3","0","1","0","0","1","0","1","2","0"
"2016","09","040101","AREQUIPA","AREQUIPA","AREQUIPA","PRIVADO","II-E","00017588","MELO CLINICA DE REPRODUCCION Y GENETICA","4","6","0","3","0","0","3","0","1","0","0","1","0","0","2","0"
"2016","07","040101","AREQUIPA","AREQUIPA","AREQUIPA","PRIVADO","II-E","00017588","MELO CLINICA DE REPRODUCCION Y GENETICA","4","6","0","3","0","0","3","0","1","0","0","1","0","1","2","0"
"2016","06","040101","AREQUIPA","AREQUIPA","AREQUIPA","PRIVADO","II-E","00017588","MELO CLINICA DE REPRODUCCION Y GENETICA","4","6","0","4","0","0","3","0","1","0","0","1","0","1","2","0"
"2016","05","040101","AREQUIPA","AREQUIPA","AREQUIPA","PRIVADO","II-E","00017588","MELO CLINICA DE REPRODUCCION Y GENETICA","4","6","0","4","0","0","3","0","1","0","0","1","0","1","2","0"
"2016","01","040101","AREQUIPA","AREQUIPA","AREQUIPA","PRIVADO","II-E","00017588","MELO CLINICA DE REPRODUCCION Y GENETICA","4","6","0","4","0","0","2","0","1","0","0","1","0","1","2","0"
"2016","12","150131","LIMA","LIMA","SAN ISIDRO","PRIVADO","II-E","00018667","CLINICA ARROYO","1","1","0","3","0","0","1","0","0","0","0","0","0","1","0","0"
"2016","11","150131","LIMA","LIMA","SAN ISIDRO","PRIVADO","II-E","00018667","CLINICA ARROYO","1","1","0","3","0","0","1","0","0","0","0","0","0","1","0","0"
"2016","10","150131","LIMA","LIMA","SAN ISIDRO","PRIVADO","II-E","00018667","CLINICA ARROYO","1","1","0","3","0","0","1","0","0","0","0","0","0","1","0","0"
"2016","09","150131","LIMA","LIMA","SAN ISIDRO","PRIVADO","II-E","00018667","CLINICA ARROYO","1","1","0","3","0","0","1","0","0","0","0","0","0","1","0","0"
"2016","08","150131","LIMA","LIMA","SAN ISIDRO","PRIVADO","II-E","00018667","CLINICA ARROYO","1","1","0","3","0","0","1","0","0","0","0","0","0","1","0","0"
"2016","07","150131","LIMA","LIMA","SAN ISIDRO","PRIVADO","II-E","00018667","CLINICA ARROYO","1","1","0","3","0","0","1","0","0","0","0","0","0","1","0","0"
"2016","06","150131","LIMA","LIMA","SAN ISIDRO","PRIVADO","II-E","00018667","CLINICA ARROYO","1","1","0","3","0","0","1","0","0","0","0","0","0","1","0","0"
"2016","10","130101","LA LIBERTAD","TRUJILLO","TRUJILLO","PRIVADO","II-2","00018404","SAN PABLO TRUJILLO","55","110","75","70","0","0","51","4","3","2","11","2","2","0","5","1"
"2016","08","130101","LA LIBERTAD","TRUJILLO","TRUJILLO","PRIVADO","II-2","00018404","SAN PABLO TRUJILLO","59","118","75","252","0","0","51","3","2","1","11","2","2","0","5","1"
"2016","04","130101","LA LIBERTAD","TRUJILLO","TRUJILLO","PRIVADO","II-2","00018404","SAN PABLO TRUJILLO","59","118","75","252","0","0","51","7","3","2","11","3","2","0","5","1"
"2016","11","130101","LA LIBERTAD","TRUJILLO","TRUJILLO","PRIVADO","II-2","00018404","SAN PABLO TRUJILLO","59","118","75","252","0","0","51","7","3","2","11","3","2","0","5","1"
"2016","12","130101","LA LIBERTAD","TRUJILLO","TRUJILLO","PRIVADO","II-2","00018404","SAN PABLO TRUJILLO","59","118","75","252","0","0","51","7","3","2","11","3","2","0","5","1"
"2016","03","130101","LA LIBERTAD","TRUJILLO","TRUJILLO","PRIVADO","II-2","00018404","SAN PABLO TRUJILLO","59","118","75","252","0","0","51","7","3","2","11","3","2","0","5","1"
"2016","02","130101","LA LIBERTAD","TRUJILLO","TRUJILLO","PRIVADO","II-2","00018404","SAN PABLO TRUJILLO","59","118","75","252","0","0","51","7","3","2","11","3","2","0","5","1"
"2016","09","130101","LA LIBERTAD","TRUJILLO","TRUJILLO","PRIVADO","II-2","00018404","SAN PABLO TRUJILLO","59","118","75","252","0","0","51","7","3","2","11","3","2","0","5","1"
"2016","06","130101","LA LIBERTAD","TRUJILLO","TRUJILLO","PRIVADO","II-2","00018404","SAN PABLO TRUJILLO","59","118","75","252","0","0","51","7","3","2","11","3","2","0","5","1"
"2016","05","130101","LA LIBERTAD","TRUJILLO","TRUJILLO","PRIVADO","II-2","00018404","SAN PABLO TRUJILLO","59","118","75","252","0","0","51","7","3","2","11","3","2","0","5","1"
"2016","07","130101","LA LIBERTAD","TRUJILLO","TRUJILLO","PRIVADO","II-2","00018404","SAN PABLO TRUJILLO","59","118","75","252","0","0","51","7","3","2","11","3","2","0","5","1"
"2016","12","230302","TACNA","JORGE BASADRE","ILABAYA","PRIVADO","II-1","00018230","HOSPITAL TOQUEPALA","17","19","31","17","0","0","14","1","0","1","4","0","1","13","0","1"
"2016","11","230302","TACNA","JORGE BASADRE","ILABAYA","PRIVADO","II-1","00018230","HOSPITAL TOQUEPALA","17","20","31","18","0","0","13","1","0","1","4","0","1","11","0","1"
"2016","10","230302","TACNA","JORGE BASADRE","ILABAYA","PRIVADO","II-1","00018230","HOSPITAL TOQUEPALA","17","19","31","17","0","0","12","1","0","1","4","0","1","11","0","1"
"2016","09","230302","TACNA","JORGE BASADRE","ILABAYA","PRIVADO","II-1","00018230","HOSPITAL TOQUEPALA","17","21","31","18","0","0","14","1","0","1","4","0","1","10","0","1"
"2016","07","230302","TACNA","JORGE BASADRE","ILABAYA","PRIVADO","II-1","00018230","HOSPITAL TOQUEPALA","17","20","31","18","0","0","15","1","0","1","4","0","1","11","0","1"
"2016","08","230302","TACNA","JORGE BASADRE","ILABAYA","PRIVADO","II-1","00018230","HOSPITAL TOQUEPALA","17","19","31","16","0","0","15","1","0","1","5","0","1","11","0","1"
"2016","06","230302","TACNA","JORGE BASADRE","ILABAYA","PRIVADO","II-1","00018230","HOSPITAL TOQUEPALA","17","20","31","18","0","0","15","1","0","1","4","0","1","11","0","1"
"2016","05","230302","TACNA","JORGE BASADRE","ILABAYA","PRIVADO","II-1","00018230","HOSPITAL TOQUEPALA","17","19","31","19","0","0","15","1","0","1","4","0","1","11","0","1"
"2016","01","230302","TACNA","JORGE BASADRE","ILABAYA","PRIVADO","II-1","00018230","HOSPITAL TOQUEPALA","14","19","31","23","0","0","15","1","0","1","4","0","1","10","0","2"
"2016","02","230302","TACNA","JORGE BASADRE","ILABAYA","PRIVADO","II-1","00018230","HOSPITAL TOQUEPALA","14","17","31","21","0","0","14","1","0","1","4","0","1","10","0","2"
"2016","04","230302","TACNA","JORGE BASADRE","ILABAYA","PRIVADO","II-1","00018230","HOSPITAL TOQUEPALA","17","21","31","18","0","0","15","1","0","1","4","0","1","10","0","1"
"2016","03","230302","TACNA","JORGE BASADRE","ILABAYA","PRIVADO","II-1","00018230","HOSPITAL TOQUEPALA","17","15","33","15","0","0","15","1","0","1","4","0","1","13","0","1"
"2016","12","070102","CALLAO","CALLAO","BELLAVISTA","PRIVADO","II-E","00018670","CLINICA GSTAR","2","2","10","10","0","0","2","0","0","0","1","5","1","10","2","0"
"2016","11","070102","CALLAO","CALLAO","BELLAVISTA","PRIVADO","II-E","00018670","CLINICA GSTAR","2","2","10","10","0","0","2","0","0","0","1","5","1","10","2","0"
"2016","10","070102","CALLAO","CALLAO","BELLAVISTA","PRIVADO","II-E","00018670","CLINICA GSTAR","2","2","10","10","0","0","2","0","0","0","1","5","1","10","2","0"
"2016","12","150143","LIMA","LIMA","VILLA MARIA DEL TRIUNFO","ESSALUD","II-2","00018580","GUILLERMO KAELIN DE LA FUENTE","58","116","199","404","0","0","375","9","6","7","73","38","12","413","5","1"
"2016","11","150143","LIMA","LIMA","VILLA MARIA DEL TRIUNFO","ESSALUD","II-2","00018580","GUILLERMO KAELIN DE LA FUENTE","58","116","199","409","0","0","372","9","6","7","77","38","12","416","6","1"
"2016","10","150143","LIMA","LIMA","VILLA MARIA DEL TRIUNFO","ESSALUD","II-2","00018580","GUILLERMO KAELIN DE LA FUENTE","58","116","199","387","0","0","366","8","6","7","77","38","12","412","6","1"
"2016","09","150143","LIMA","LIMA","VILLA MARIA DEL TRIUNFO","ESSALUD","II-2","00018580","GUILLERMO KAELIN DE LA FUENTE","58","116","200","387","0","0","366","8","6","7","77","38","12","412","6","1"
"2016","07","150143","LIMA","LIMA","VILLA MARIA DEL TRIUNFO","ESSALUD","II-2","00018580","GUILLERMO KAELIN DE LA FUENTE","58","116","199","369","0","0","350","7","6","6","74","38","11","404","7","1"
"2016","08","150143","LIMA","LIMA","VILLA MARIA DEL TRIUNFO","ESSALUD","II-2","00018580","GUILLERMO KAELIN DE LA FUENTE","58","116","200","376","0","0","363","7","6","7","76","38","11","409","6","1"
"2016","03","150143","LIMA","LIMA","VILLA MARIA DEL TRIUNFO","ESSALUD","II-2","00018580","GUILLERMO KAELIN DE LA FUENTE","58","108","199","354","0","0","346","8","6","6","61","38","13","391","6","1"
"2016","02","150143","LIMA","LIMA","VILLA MARIA DEL TRIUNFO","ESSALUD","II-2","00018580","GUILLERMO KAELIN DE LA FUENTE","58","110","201","352","0","0","339","7","6","6","61","38","13","386","5","1"
"2016","01","150143","LIMA","LIMA","VILLA MARIA DEL TRIUNFO","ESSALUD","II-2","00018580","GUILLERMO KAELIN DE LA FUENTE","58","110","201","345","0","0","339","7","6","6","62","38","13","387","5","1"
"2016","04","150143","LIMA","LIMA","VILLA MARIA DEL TRIUNFO","ESSALUD","II-2","00018580","GUILLERMO KAELIN DE LA FUENTE","58","116","199","359","0","0","347","9","6","6","61","38","13","393","6","1"
"2016","06","150143","LIMA","LIMA","VILLA MARIA DEL TRIUNFO","ESSALUD","II-2","00018580","GUILLERMO KAELIN DE LA FUENTE","58","116","199","354","0","0","346","7","6","6","73","38","11","397","6","1"
"2016","05","150143","LIMA","LIMA","VILLA MARIA DEL TRIUNFO","ESSALUD","II-2","00018580","GUILLERMO KAELIN DE LA FUENTE","58","116","199","357","0","0","346","7","6","6","73","38","12","397","6","1"
"2016","12","050101","AYACUCHO","HUAMANGA","AYACUCHO","PRIVADO","II-E","00018700","IPRESS MARIA DEL PILAR SAC","13","16","12","16","0","0","6","0","1","0","0","0","1","7","2","0"
"2016","11","050101","AYACUCHO","HUAMANGA","AYACUCHO","PRIVADO","II-E","00018700","IPRESS MARIA DEL PILAR SAC","13","16","12","15","0","0","7","0","1","1","0","0","1","5","1","0"
"2016","09","050101","AYACUCHO","HUAMANGA","AYACUCHO","PRIVADO","II-E","00018700","IPRESS MARIA DEL PILAR SAC","13","16","12","15","0","0","6","0","1","0","0","0","1","7","1","0"
"2016","10","050101","AYACUCHO","HUAMANGA","AYACUCHO","PRIVADO","II-E","00018700","IPRESS MARIA DEL PILAR SAC","13","16","12","15","0","0","7","0","1","1","0","0","1","5","1","0"
"2016","08","050101","AYACUCHO","HUAMANGA","AYACUCHO","PRIVADO","II-E","00018700","IPRESS MARIA DEL PILAR SAC","13","16","12","15","0","0","6","0","1","1","0","0","1","7","1","0"
"2016","07","050101","AYACUCHO","HUAMANGA","AYACUCHO","PRIVADO","II-E","00018700","IPRESS MARIA DEL PILAR SAC","13","16","12","15","0","0","6","0","1","1","0","0","1","7","1","0"
"2016","06","050101","AYACUCHO","HUAMANGA","AYACUCHO","PRIVADO","II-E","00018700","IPRESS MARIA DEL PILAR SAC","13","16","12","15","0","0","6","0","1","1","0","0","1","7","1","0"
"2016","12","110101","ICA","ICA","ICA","PRIVADO","II-1","00018450","CLÍNICA S. MORALES S.R.L","7","5","6","18","0","0","3","1","0","0","1","0","1","1","1","0"
"2016","11","110101","ICA","ICA","ICA","PRIVADO","II-1","00018450","CLÍNICA S. MORALES S.R.L","7","4","6","18","0","0","3","1","0","0","1","0","1","1","1","0"
"2016","10","110101","ICA","ICA","ICA","PRIVADO","II-1","00018450","CLÍNICA S. MORALES S.R.L","7","4","6","18","0","0","3","1","0","0","1","0","1","1","1","0"
"2016","09","110101","ICA","ICA","ICA","PRIVADO","II-1","00018450","CLÍNICA S. MORALES S.R.L","7","4","6","18","0","0","3","1","0","0","1","0","1","1","1","0"
"2016","07","110101","ICA","ICA","ICA","PRIVADO","II-1","00018450","CLÍNICA S. MORALES S.R.L","7","4","6","18","0","0","3","1","0","0","1","0","1","1","1","0"
"2016","08","110101","ICA","ICA","ICA","PRIVADO","II-1","00018450","CLÍNICA S. MORALES S.R.L","7","4","6","18","0","0","3","1","0","0","1","0","1","1","1","0"
"2016","06","110101","ICA","ICA","ICA","PRIVADO","II-1","00018450","CLÍNICA S. MORALES S.R.L","7","4","6","18","0","0","3","1","0","0","1","0","1","1","1","0"
"2016","05","110101","ICA","ICA","ICA","PRIVADO","II-1","00018450","CLÍNICA S. MORALES S.R.L","7","4","6","18","0","0","3","1","0","0","1","0","1","1","1","0"
"2016","11","150108","LIMA","LIMA","CHORRILLOS","SANIDAD DE LA POLICIA NACIONAL DEL PERU","I-3","00018660","POLICLINICO ESCUELA DE OFICIALES PNP","6","6","0","4","0","0","3","4","4","0","3","1","1","33","0","1"
"2016","08","150108","LIMA","LIMA","CHORRILLOS","SANIDAD DE LA POLICIA NACIONAL DEL PERU","I-3","00018660","POLICLINICO ESCUELA DE OFICIALES PNP","6","6","0","2","0","0","4","3","3","0","4","1","3","32","0","1"
"2016","12","150108","LIMA","LIMA","CHORRILLOS","SANIDAD DE LA POLICIA NACIONAL DEL PERU","I-3","00018660","POLICLINICO ESCUELA DE OFICIALES PNP","6","6","0","3","0","0","3","3","4","0","3","1","2","34","0","1"
"2016","09","150108","LIMA","LIMA","CHORRILLOS","SANIDAD DE LA POLICIA NACIONAL DEL PERU","I-3","00018660","POLICLINICO ESCUELA DE OFICIALES PNP","6","6","0","2","0","0","3","3","3","0","4","1","3","33","0","1"
"2016","10","150108","LIMA","LIMA","CHORRILLOS","SANIDAD DE LA POLICIA NACIONAL DEL PERU","I-3","00018660","POLICLINICO ESCUELA DE OFICIALES PNP","6","6","0","2","0","0","3","3","3","0","3","1","3","34","0","1"
"2016","10","150133","LIMA","LIMA","SAN JUAN DE MIRAFLORES","PRIVADO","II-2","00018985","CLINICA SANTA MARIA DEL SUR","49","77","53","154","0","0","64","6","2","5","21","6","2","112","1","0"
"2016","09","150133","LIMA","LIMA","SAN JUAN DE MIRAFLORES","PRIVADO","II-2","00018985","CLINICA SANTA MARIA DEL SUR","49","77","53","154","0","0","64","6","2","5","21","6","2","112","1","0"
"2016","08","150133","LIMA","LIMA","SAN JUAN DE MIRAFLORES","PRIVADO","II-2","00018985","CLINICA SANTA MARIA DEL SUR","49","77","53","154","0","0","64","6","2","5","21","6","2","112","1","0"
"2016","07","150133","LIMA","LIMA","SAN JUAN DE MIRAFLORES","PRIVADO","II-2","00018985","CLINICA SANTA MARIA DEL SUR","49","77","53","154","0","0","64","6","2","5","21","6","2","112","1","0"
"2016","06","150133","LIMA","LIMA","SAN JUAN DE MIRAFLORES","PRIVADO","II-2","00018985","CLINICA SANTA MARIA DEL SUR","49","77","53","154","0","0","64","6","2","5","21","6","2","112","1","0"
"2016","05","150133","LIMA","LIMA","SAN JUAN DE MIRAFLORES","PRIVADO","II-2","00018985","CLINICA SANTA MARIA DEL SUR","49","77","53","154","0","0","64","6","2","5","21","6","2","116","1","0"
"2016","04","150133","LIMA","LIMA","SAN JUAN DE MIRAFLORES","PRIVADO","II-2","00018985","CLINICA SANTA MARIA DEL SUR","49","77","53","181","0","0","67","7","2","5","19","6","2","119","1","0"
"2016","03","150133","LIMA","LIMA","SAN JUAN DE MIRAFLORES","PRIVADO","II-2","00018985","CLINICA SANTA MARIA DEL SUR","49","77","53","181","0","0","75","7","2","5","21","6","2","102","1","0"
"2016","01","150133","LIMA","LIMA","SAN JUAN DE MIRAFLORES","PRIVADO","II-2","00018985","CLINICA SANTA MARIA DEL SUR","49","77","53","115","0","0","71","4","2","4","19","6","2","83","1","0"
"2016","12","150133","LIMA","LIMA","SAN JUAN DE MIRAFLORES","PRIVADO","II-2","00018985","CLINICA SANTA MARIA DEL SUR","49","77","53","155","0","0","65","7","3","8","19","6","2","112","1","0"
"2016","11","150133","LIMA","LIMA","SAN JUAN DE MIRAFLORES","PRIVADO","II-2","00018985","CLINICA SANTA MARIA DEL SUR","49","77","53","154","0","0","65","7","3","8","19","6","2","112","1","0"
"2016","02","150133","LIMA","LIMA","SAN JUAN DE MIRAFLORES","PRIVADO","II-2","00018985","CLINICA SANTA MARIA DEL SUR","49","77","53","181","0","0","75","7","2","5","21","6","2","112","8","0"
"2016","12","070101","CALLAO","CALLAO","CALLAO","ESSALUD","II-2","00018319","ALBERTO LEONARDO BARTON THOMPSON","68","136","201","444","0","0","405","5","10","11","75","32","11","435","5","1"
"2016","10","070101","CALLAO","CALLAO","CALLAO","ESSALUD","II-2","00018319","ALBERTO LEONARDO BARTON THOMPSON","68","136","201","434","0","0","401","7","10","11","75","33","11","430","5","1"
"2016","11","070101","CALLAO","CALLAO","CALLAO","ESSALUD","II-2","00018319","ALBERTO LEONARDO BARTON THOMPSON","68","136","201","443","0","0","402","7","10","11","75","33","11","434","5","1"
"2016","09","070101","CALLAO","CALLAO","CALLAO","ESSALUD","II-2","00018319","ALBERTO LEONARDO BARTON THOMPSON","68","136","201","422","0","0","399","6","10","11","73","33","11","419","5","1"
"2016","08","070101","CALLAO","CALLAO","CALLAO","ESSALUD","II-2","00018319","ALBERTO LEONARDO BARTON THOMPSON","66","132","201","409","0","0","386","6","10","11","71","31","10","416","5","1"
"2016","07","070101","CALLAO","CALLAO","CALLAO","ESSALUD","II-2","00018319","ALBERTO LEONARDO BARTON THOMPSON","66","132","201","399","0","0","376","4","10","9","69","30","10","412","4","1"
"2016","06","070101","CALLAO","CALLAO","CALLAO","ESSALUD","II-2","00018319","ALBERTO LEONARDO BARTON THOMPSON","66","130","201","382","0","0","372","4","10","9","69","28","10","406","4","1"
"2016","01","070101","CALLAO","CALLAO","CALLAO","ESSALUD","II-2","00018319","ALBERTO LEONARDO BARTON THOMPSON","67","128","201","363","0","0","345","7","10","8","65","28","12","414","4","1"
"2016","03","070101","CALLAO","CALLAO","CALLAO","ESSALUD","II-2","00018319","ALBERTO LEONARDO BARTON THOMPSON","67","132","201","378","0","0","351","6","10","8","65","28","12","414","4","1"
"2016","02","070101","CALLAO","CALLAO","CALLAO","ESSALUD","II-2","00018319","ALBERTO LEONARDO BARTON THOMPSON","67","131","201","373","0","0","347","6","10","8","65","28","12","415","4","1"
"2016","05","070101","CALLAO","CALLAO","CALLAO","ESSALUD","II-2","00018319","ALBERTO LEONARDO BARTON THOMPSON","72","143","201","387","0","0","369","6","10","9","75","28","10","427","4","1"
"2016","04","070101","CALLAO","CALLAO","CALLAO","ESSALUD","II-2","00018319","ALBERTO LEONARDO BARTON THOMPSON","68","135","201","384","0","0","354","6","10","8","65","28","12","415","4","1"
"2016","12","150131","LIMA","LIMA","SAN ISIDRO","PRIVADO","II-E","00018581","CLINICA PETRAS","2","2","5","2","0","0","1","0","0","0","0","0","0","1","4","1"
"2016","11","150131","LIMA","LIMA","SAN ISIDRO","PRIVADO","II-E","00018581","CLINICA PETRAS","2","2","5","2","0","0","1","0","0","0","0","0","0","1","4","1"
"2016","10","150131","LIMA","LIMA","SAN ISIDRO","PRIVADO","II-E","00018581","CLINICA PETRAS","2","2","5","2","0","0","1","0","0","0","0","0","0","1","4","1"
"2016","09","150131","LIMA","LIMA","SAN ISIDRO","PRIVADO","II-E","00018581","CLINICA PETRAS","2","2","5","1","0","0","1","0","0","0","0","0","0","1","4","1"
"2016","08","150131","LIMA","LIMA","SAN ISIDRO","PRIVADO","II-E","00018581","CLINICA PETRAS","2","2","5","2","0","0","1","0","0","0","0","0","0","1","5","1"
"2016","07","150131","LIMA","LIMA","SAN ISIDRO","PRIVADO","II-E","00018581","CLINICA PETRAS","2","2","5","3","0","0","0","0","0","0","0","0","0","1","4","1"
"2016","06","150131","LIMA","LIMA","SAN ISIDRO","PRIVADO","II-E","00018581","CLINICA PETRAS","2","2","5","1","0","0","0","0","0","0","0","0","0","1","4","1"
"2016","05","150131","LIMA","LIMA","SAN ISIDRO","PRIVADO","II-E","00018581","CLINICA PETRAS","2","2","5","1","0","0","1","0","0","0","0","0","0","1","4","1"
"2016","04","150131","LIMA","LIMA","SAN ISIDRO","PRIVADO","II-E","00018581","CLINICA PETRAS","2","2","5","2","0","0","0","0","0","0","0","0","0","1","4","1"
"2016","03","150131","LIMA","LIMA","SAN ISIDRO","PRIVADO","II-E","00018581","CLINICA PETRAS","2","2","5","3","0","0","0","0","0","0","0","0","0","1","4","1"
"2016","02","150131","LIMA","LIMA","SAN ISIDRO","PRIVADO","II-E","00018581","CLINICA PETRAS","2","2","5","3","0","0","0","0","0","0","0","0","0","1","3","1"
"2016","01","150131","LIMA","LIMA","SAN ISIDRO","PRIVADO","II-E","00018581","CLINICA PETRAS","2","2","5","1","0","0","0","0","0","0","0","0","0","1","4","1"
"2016","12","150130","LIMA","LIMA","SAN BORJA","PRIVADO","II-E","00018626","OFTALMICA S.A.","9","18","0","21","0","0","5","0","1","0","0","0","1","23","0","0"
"2016","11","150130","LIMA","LIMA","SAN BORJA","PRIVADO","II-E","00018626","OFTALMICA S.A.","9","18","0","19","0","0","5","0","1","0","0","0","1","23","0","0"
"2016","10","150130","LIMA","LIMA","SAN BORJA","PRIVADO","II-E","00018626","OFTALMICA S.A.","9","16","0","19","0","0","5","0","1","0","0","0","2","23","0","0"
"2016","09","150130","LIMA","LIMA","SAN BORJA","PRIVADO","II-E","00018626","OFTALMICA S.A.","9","16","0","18","0","0","5","0","1","0","0","0","2","24","0","0"
"2016","08","150130","LIMA","LIMA","SAN BORJA","PRIVADO","II-E","00018626","OFTALMICA S.A.","9","16","0","17","0","0","5","0","1","0","0","0","1","22","0","0"
"2016","07","150130","LIMA","LIMA","SAN BORJA","PRIVADO","II-E","00018626","OFTALMICA S.A.","9","16","0","18","0","0","5","0","1","0","0","0","1","22","0","0"
"2016","06","150130","LIMA","LIMA","SAN BORJA","PRIVADO","II-E","00018626","OFTALMICA S.A.","9","16","0","17","0","0","5","0","1","0","0","0","1","22","0","0"
"2016","05","150130","LIMA","LIMA","SAN BORJA","PRIVADO","II-E","00018626","OFTALMICA S.A.","9","16","0","17","0","0","4","0","1","0","0","0","1","21","0","0"
"2016","03","150130","LIMA","LIMA","SAN BORJA","PRIVADO","II-E","00018626","OFTALMICA S.A.","9","16","0","17","0","0","4","0","0","0","0","0","1","23","0","1"
"2016","04","150130","LIMA","LIMA","SAN BORJA","PRIVADO","II-E","00018626","OFTALMICA S.A.","9","16","0","17","0","0","4","0","0","0","0","0","1","22","0","0"
"2016","02","150130","LIMA","LIMA","SAN BORJA","PRIVADO","II-E","00018626","OFTALMICA S.A.","9","16","0","17","0","0","4","0","0","0","0","0","1","24","0","0"
"2016","12","060801","CAJAMARCA","JAEN","JAEN","SANIDAD DE LA POLICIA NACIONAL DEL PERU","I-3","00018950","POSTA MEDICA PNP JAEN","2","0","0","3","3","0","2","2","2","0","0","0","0","6","1","1"
"2016","11","060801","CAJAMARCA","JAEN","JAEN","SANIDAD DE LA POLICIA NACIONAL DEL PERU","I-3","00018950","POSTA MEDICA PNP JAEN","2","0","0","3","3","0","2","2","2","0","0","0","0","6","1","1"
"2016","10","060801","CAJAMARCA","JAEN","JAEN","SANIDAD DE LA POLICIA NACIONAL DEL PERU","I-3","00018950","POSTA MEDICA PNP JAEN","2","0","0","2","2","0","2","2","2","0","0","0","0","6","1","1"
"2016","09","060801","CAJAMARCA","JAEN","JAEN","SANIDAD DE LA POLICIA NACIONAL DEL PERU","I-3","00018950","POSTA MEDICA PNP JAEN","2","0","0","2","2","0","2","2","1","0","0","0","0","6","1","0"
"2016","08","060801","CAJAMARCA","JAEN","JAEN","SANIDAD DE LA POLICIA NACIONAL DEL PERU","I-3","00018950","POSTA MEDICA PNP JAEN","2","2","0","3","3","0","2","1","2","0","0","0","0","6","1","0"
"2016","12","130101","LA LIBERTAD","TRUJILLO","TRUJILLO","PRIVADO","II-1","00019264","SAN FRANCISCO DE TRUJILLO","19","38","8","38","0","0","3","2","1","1","2","1","2","4","2","1"
"2016","01","130101","LA LIBERTAD","TRUJILLO","TRUJILLO","PRIVADO","II-1","00019264","SAN FRANCISCO DE TRUJILLO","22","44","8","32","0","0","2","6","1","1","1","0","1","10","2","1"
"2016","04","130101","LA LIBERTAD","TRUJILLO","TRUJILLO","PRIVADO","II-1","00019264","SAN FRANCISCO DE TRUJILLO","22","44","8","39","0","0","2","6","1","1","3","2","1","10","2","1"
"2016","03","130101","LA LIBERTAD","TRUJILLO","TRUJILLO","PRIVADO","II-1","00019264","SAN FRANCISCO DE TRUJILLO","22","44","8","41","0","0","2","6","1","1","3","2","1","10","2","1"
"2016","08","130101","LA LIBERTAD","TRUJILLO","TRUJILLO","PRIVADO","II-1","00019264","SAN FRANCISCO DE TRUJILLO","22","44","8","47","0","0","2","2","2","1","1","1","1","10","1","1"
"2016","10","130101","LA LIBERTAD","TRUJILLO","TRUJILLO","PRIVADO","II-1","00019264","SAN FRANCISCO DE TRUJILLO","24","48","8","36","0","0","4","2","2","1","1","1","1","6","1","1"
"2016","06","130101","LA LIBERTAD","TRUJILLO","TRUJILLO","PRIVADO","II-1","00019264","SAN FRANCISCO DE TRUJILLO","22","44","8","43","0","0","2","6","1","1","3","2","1","10","2","1"
"2016","02","130101","LA LIBERTAD","TRUJILLO","TRUJILLO","PRIVADO","II-1","00019264","SAN FRANCISCO DE TRUJILLO","22","44","8","34","0","0","2","6","1","1","3","0","1","10","2","1"
"2016","05","130101","LA LIBERTAD","TRUJILLO","TRUJILLO","PRIVADO","II-1","00019264","SAN FRANCISCO DE TRUJILLO","22","44","8","39","0","0","2","6","1","1","3","1","1","10","2","1"
"2016","09","130101","LA LIBERTAD","TRUJILLO","TRUJILLO","PRIVADO","II-1","00019264","SAN FRANCISCO DE TRUJILLO","24","48","8","38","0","0","4","2","2","1","1","1","1","10","1","1"
"2016","07","130101","LA LIBERTAD","TRUJILLO","TRUJILLO","PRIVADO","II-1","00019264","SAN FRANCISCO DE TRUJILLO","22","44","8","45","0","0","2","3","2","1","1","1","1","10","1","1"
"2016","11","130101","LA LIBERTAD","TRUJILLO","TRUJILLO","PRIVADO","II-1","00019264","SAN FRANCISCO DE TRUJILLO","19","38","8","38","0","0","4","2","1","1","2","1","2","4","2","1"
"2016","12","180106","MOQUEGUA","MARISCAL NIETO","TORATA","PRIVADO","II-1","00017393","HOSPITAL CUAJONE DE LA SOUTHERN PERU","14","19","52","13","0","0","15","1","0","1","3","0","1","13","0","2"
"2016","11","180106","MOQUEGUA","MARISCAL NIETO","TORATA","PRIVADO","II-1","00017393","HOSPITAL CUAJONE DE LA SOUTHERN PERU","14","20","52","18","0","0","15","1","0","1","3","0","1","12","0","2"
"2016","10","180106","MOQUEGUA","MARISCAL NIETO","TORATA","PRIVADO","II-1","00017393","HOSPITAL CUAJONE DE LA SOUTHERN PERU","14","20","52","19","0","0","17","1","0","1","4","0","1","12","0","1"
"2016","09","180106","MOQUEGUA","MARISCAL NIETO","TORATA","PRIVADO","II-1","00017393","HOSPITAL CUAJONE DE LA SOUTHERN PERU","14","20","52","19","0","0","16","1","0","1","4","0","1","11","0","2"
"2016","08","180106","MOQUEGUA","MARISCAL NIETO","TORATA","PRIVADO","II-1","00017393","HOSPITAL CUAJONE DE LA SOUTHERN PERU","14","22","52","20","0","0","16","1","0","1","4","0","1","13","0","2"
"2016","07","180106","MOQUEGUA","MARISCAL NIETO","TORATA","PRIVADO","II-1","00017393","HOSPITAL CUAJONE DE LA SOUTHERN PERU","14","20","52","18","0","0","15","1","0","1","4","0","1","12","0","2"
"2016","05","180106","MOQUEGUA","MARISCAL NIETO","TORATA","PRIVADO","II-1","00017393","HOSPITAL CUAJONE DE LA SOUTHERN PERU","14","21","52","19","0","0","17","1","0","1","4","0","1","13","0","2"
"2016","06","180106","MOQUEGUA","MARISCAL NIETO","TORATA","PRIVADO","II-1","00017393","HOSPITAL CUAJONE DE LA SOUTHERN PERU","14","21","52","19","0","0","16","1","0","1","4","0","1","13","0","2"
"2016","01","180106","MOQUEGUA","MARISCAL NIETO","TORATA","PRIVADO","II-1","00017393","HOSPITAL CUAJONE DE LA SOUTHERN PERU","14","20","52","17","0","0","15","1","0","1","4","0","1","13","0","2"
"2016","03","180106","MOQUEGUA","MARISCAL NIETO","TORATA","PRIVADO","II-1","00017393","HOSPITAL CUAJONE DE LA SOUTHERN PERU","14","23","52","21","0","0","16","2","0","1","4","0","1","11","0","2"
"2016","02","180106","MOQUEGUA","MARISCAL NIETO","TORATA","PRIVADO","II-1","00017393","HOSPITAL CUAJONE DE LA SOUTHERN PERU","14","20","52","16","0","0","13","1","0","1","4","0","1","12","0","2"
"2016","04","180106","MOQUEGUA","MARISCAL NIETO","TORATA","PRIVADO","II-1","00017393","HOSPITAL CUAJONE DE LA SOUTHERN PERU","14","22","52","20","0","0","16","1","0","1","4","0","1","12","0","2"
"2016","04","150130","LIMA","LIMA","SAN BORJA","PRIVADO","II-1","00017634","ONCOSALUD","2","2","75","230","0","24","123","0","1","4","7","0","6","164","53","0"
"2016","12","150130","LIMA","LIMA","SAN BORJA","PRIVADO","II-1","00017634","ONCOSALUD","2","2","75","240","0","16","138","0","1","5","7","0","6","210","65","0"
"2016","11","150130","LIMA","LIMA","SAN BORJA","PRIVADO","II-1","00017634","ONCOSALUD","2","2","75","240","0","16","138","0","1","5","7","0","6","210","65","0"
"2016","10","150130","LIMA","LIMA","SAN BORJA","PRIVADO","II-1","00017634","ONCOSALUD","2","2","75","240","0","16","126","0","1","4","7","0","6","167","53","0"
"2016","09","150130","LIMA","LIMA","SAN BORJA","PRIVADO","II-1","00017634","ONCOSALUD","2","2","75","240","0","16","126","0","1","4","7","0","6","167","53","0"
"2016","08","150130","LIMA","LIMA","SAN BORJA","PRIVADO","II-1","00017634","ONCOSALUD","2","2","75","240","0","16","126","0","1","4","7","0","6","167","53","0"
"2016","07","150130","LIMA","LIMA","SAN BORJA","PRIVADO","II-1","00017634","ONCOSALUD","2","2","75","240","0","16","126","0","1","4","7","0","6","167","53","0"
"2016","06","150130","LIMA","LIMA","SAN BORJA","PRIVADO","II-1","00017634","ONCOSALUD","2","2","75","273","0","24","123","0","1","4","7","0","6","164","53","0"
"2016","05","150130","LIMA","LIMA","SAN BORJA","PRIVADO","II-1","00017634","ONCOSALUD","2","2","75","273","0","24","123","0","1","4","7","0","6","164","53","0"
"2016","12","150510","LIMA","CAÑETE","NUEVO IMPERIAL","SANIDAD DE LA POLICIA NACIONAL DEL PERU","0","00017849","POSTA MEDICA PNP CAÑETE","2","2","0","2","2","0","3","0","0","0","0","0","1","19","0","1"
"2016","11","150510","LIMA","CAÑETE","NUEVO IMPERIAL","SANIDAD DE LA POLICIA NACIONAL DEL PERU","0","00017849","POSTA MEDICA PNP CAÑETE","2","2","0","3","2","0","2","0","0","0","0","0","1","18","0","1"
"2016","09","150510","LIMA","CAÑETE","NUEVO IMPERIAL","SANIDAD DE LA POLICIA NACIONAL DEL PERU","0","00017849","POSTA MEDICA PNP CAÑETE","2","2","0","3","2","0","3","0","0","0","0","0","1","21","0","1"
"2016","10","150510","LIMA","CAÑETE","NUEVO IMPERIAL","SANIDAD DE LA POLICIA NACIONAL DEL PERU","0","00017849","POSTA MEDICA PNP CAÑETE","2","2","0","3","2","0","3","0","0","0","0","0","1","21","0","1"
"2016","08","150510","LIMA","CAÑETE","NUEVO IMPERIAL","SANIDAD DE LA POLICIA NACIONAL DEL PERU","0","00017849","POSTA MEDICA PNP CAÑETE","1","1","0","3","2","0","3","0","0","0","0","0","1","20","0","1"
"2016","12","150113","LIMA","LIMA","JESUS MARIA","PRIVADO","II-E","00017173","CLINICA DE MUJERES SAC","4","4","11","29","0","3","7","0","0","0","1","0","1","9","0","0"
"2016","10","150113","LIMA","LIMA","JESUS MARIA","PRIVADO","II-E","00017173","CLINICA DE MUJERES SAC","4","4","11","29","0","2","8","0","0","0","1","0","1","8","1","0"
"2016","11","150113","LIMA","LIMA","JESUS MARIA","PRIVADO","II-E","00017173","CLINICA DE MUJERES SAC","4","4","11","29","0","3","7","0","0","0","1","0","1","8","0","0"
"2016","09","150113","LIMA","LIMA","JESUS MARIA","PRIVADO","II-E","00017173","CLINICA DE MUJERES SAC","4","4","11","29","0","2","8","0","0","0","1","0","1","8","1","0"
"2016","07","150113","LIMA","LIMA","JESUS MARIA","PRIVADO","II-E","00017173","CLINICA DE MUJERES SAC","4","4","11","29","0","2","8","0","0","0","0","0","1","8","1","0"
"2016","08","150113","LIMA","LIMA","JESUS MARIA","PRIVADO","II-E","00017173","CLINICA DE MUJERES SAC","4","4","11","29","0","2","8","0","0","0","0","0","1","8","1","0"
"2016","05","150113","LIMA","LIMA","JESUS MARIA","PRIVADO","II-E","00017173","CLINICA DE MUJERES SAC","4","4","11","29","0","2","10","0","0","0","0","0","1","8","1","0"
"2016","06","150113","LIMA","LIMA","JESUS MARIA","PRIVADO","II-E","00017173","CLINICA DE MUJERES SAC","4","4","11","29","0","2","10","0","0","0","0","0","1","8","1","0"
"2016","03","150113","LIMA","LIMA","JESUS MARIA","PRIVADO","II-E","00017173","CLINICA DE MUJERES SAC","4","4","11","29","0","2","10","0","0","0","0","0","1","8","1","0"
"2016","04","150113","LIMA","LIMA","JESUS MARIA","PRIVADO","II-E","00017173","CLINICA DE MUJERES SAC","4","4","11","29","0","2","10","0","0","0","0","0","1","8","1","0"
"2016","06","150117","LIMA","LIMA","LOS OLIVOS","PRIVADO","II-E","00017385","CLINICA SAN BARTOLOME","6","7","7","7","0","0","2","2","0","0","0","4","1","5","2","0"
"2016","11","150117","LIMA","LIMA","LOS OLIVOS","PRIVADO","II-E","00017385","CLINICA SAN BARTOLOME","6","7","7","7","0","0","2","2","0","0","0","4","1","5","2","0"
"2016","10","150117","LIMA","LIMA","LOS OLIVOS","PRIVADO","II-E","00017385","CLINICA SAN BARTOLOME","6","7","7","7","0","0","2","2","0","0","0","4","1","5","2","0"
"2016","09","150117","LIMA","LIMA","LOS OLIVOS","PRIVADO","II-E","00017385","CLINICA SAN BARTOLOME","6","7","7","7","0","0","2","2","0","0","0","4","1","5","2","0"
"2016","08","150117","LIMA","LIMA","LOS OLIVOS","PRIVADO","II-E","00017385","CLINICA SAN BARTOLOME","6","7","7","7","0","0","2","2","0","0","0","4","1","5","2","0"
"2016","07","150117","LIMA","LIMA","LOS OLIVOS","PRIVADO","II-E","00017385","CLINICA SAN BARTOLOME","6","7","7","7","0","0","2","2","0","0","0","4","1","5","2","0"
"2016","12","150117","LIMA","LIMA","LOS OLIVOS","PRIVADO","II-E","00017385","CLINICA SAN BARTOLOME","6","7","7","7","0","0","2","2","0","0","0","4","1","5","2","0"
"2016","05","150117","LIMA","LIMA","LOS OLIVOS","PRIVADO","II-E","00017385","CLINICA SAN BARTOLOME","6","7","7","7","0","0","2","2","0","0","0","4","1","5","2","0"
"2016","04","150117","LIMA","LIMA","LOS OLIVOS","PRIVADO","II-E","00017385","CLINICA SAN BARTOLOME","6","7","7","7","0","0","2","2","0","0","0","4","1","5","2","0"
"2016","02","150117","LIMA","LIMA","LOS OLIVOS","PRIVADO","II-E","00017385","CLINICA SAN BARTOLOME","6","7","7","7","0","0","2","2","0","0","0","4","1","5","2","0"
"2016","03","150117","LIMA","LIMA","LOS OLIVOS","PRIVADO","II-E","00017385","CLINICA SAN BARTOLOME","6","7","7","7","0","0","2","2","0","0","0","4","1","5","2","0"
"2016","01","150117","LIMA","LIMA","LOS OLIVOS","PRIVADO","II-E","00017385","CLINICA SAN BARTOLOME","6","7","7","7","0","0","2","2","0","0","0","4","1","5","2","0"
"2016","08","150130","LIMA","LIMA","SAN BORJA","SANIDAD DE LA POLICIA NACIONAL DEL PERU","I-3","00017519","POLICLÍNICO PNP SAN BORJA","7","7","0","6","0","0","2","1","0","0","3","2","0","20","0","1"
"2016","09","150130","LIMA","LIMA","SAN BORJA","SANIDAD DE LA POLICIA NACIONAL DEL PERU","I-3","00017519","POLICLÍNICO PNP SAN BORJA","7","7","0","6","0","0","2","1","0","0","6","2","3","40","0","1"
"2016","10","150130","LIMA","LIMA","SAN BORJA","SANIDAD DE LA POLICIA NACIONAL DEL PERU","I-3","00017519","POLICLÍNICO PNP SAN BORJA","7","7","0","5","0","0","3","1","0","0","7","2","3","39","0","1"
"2016","11","150130","LIMA","LIMA","SAN BORJA","SANIDAD DE LA POLICIA NACIONAL DEL PERU","I-3","00017519","POLICLÍNICO PNP SAN BORJA","7","7","0","5","0","0","3","1","0","0","8","2","3","35","0","0"
"2016","12","150130","LIMA","LIMA","SAN BORJA","SANIDAD DE LA POLICIA NACIONAL DEL PERU","I-3","00017519","POLICLÍNICO PNP SAN BORJA","7","7","0","4","0","0","3","1","0","0","8","1","3","32","0","0"
"2016","12","150112","LIMA","LIMA","INDEPENDENCIA","PRIVADO","I-3","00017820","INTEGRAMÉDICA MEGAPLAZA","82","53","0","57","0","0","5","11","4","1","9","0","1","16","0","0"
"2016","12","150143","LIMA","LIMA","VILLA MARIA DEL TRIUNFO","PRIVADO","II-1","00017824","CLINICA MARIA HUARHUA E.I.R.L","5","5","4","5","0","0","1","2","1","1","2","10","1","0","2","0"
"2016","11","150143","LIMA","LIMA","VILLA MARIA DEL TRIUNFO","PRIVADO","II-1","00017824","CLINICA MARIA HUARHUA E.I.R.L","5","5","4","5","0","0","1","2","1","1","2","10","1","0","2","0"
"2016","10","150143","LIMA","LIMA","VILLA MARIA DEL TRIUNFO","PRIVADO","II-1","00017824","CLINICA MARIA HUARHUA E.I.R.L","5","5","4","5","0","0","1","2","1","1","2","10","1","0","2","0"
"2016","09","150143","LIMA","LIMA","VILLA MARIA DEL TRIUNFO","PRIVADO","II-1","00017824","CLINICA MARIA HUARHUA E.I.R.L","5","5","4","0","6","0","0","1","2","1","1","2","11","1","2","0"
"2016","08","150143","LIMA","LIMA","VILLA MARIA DEL TRIUNFO","PRIVADO","II-1","00017824","CLINICA MARIA HUARHUA E.I.R.L","5","5","4","0","6","0","0","1","2","1","1","2","11","1","2","0"
"2016","06","150143","LIMA","LIMA","VILLA MARIA DEL TRIUNFO","PRIVADO","II-1","00017824","CLINICA MARIA HUARHUA E.I.R.L","5","5","4","15","5","5","3","3","1","1","2","10","1","1","2","0"
"2016","07","150143","LIMA","LIMA","VILLA MARIA DEL TRIUNFO","PRIVADO","II-1","00017824","CLINICA MARIA HUARHUA E.I.R.L","5","5","4","15","5","5","3","3","1","1","2","10","1","1","2","0"
"2016","12","150130","LIMA","LIMA","SAN BORJA","PRIVADO","II-E","00017772","CLÍNICA INTERNACIONAL","98","98","0","397","0","0","220","15","5","4","44","10","11","292","0","0"
"2016","10","150130","LIMA","LIMA","SAN BORJA","PRIVADO","II-E","00017772","CLÍNICA INTERNACIONAL","212","212","0","397","0","0","220","15","5","4","44","10","11","292","0","0"
"2016","11","150130","LIMA","LIMA","SAN BORJA","PRIVADO","II-E","00017772","CLÍNICA INTERNACIONAL","212","212","0","397","0","0","220","15","5","4","44","10","11","292","0","0"
"2016","07","150130","LIMA","LIMA","SAN BORJA","PRIVADO","II-E","00017772","CLÍNICA INTERNACIONAL","212","212","0","397","0","0","220","15","5","4","44","10","11","292","0","0"
"2016","06","150130","LIMA","LIMA","SAN BORJA","PRIVADO","II-E","00017772","CLÍNICA INTERNACIONAL","212","212","0","397","0","0","220","15","5","4","44","10","11","292","0","0"
"2016","08","150130","LIMA","LIMA","SAN BORJA","PRIVADO","II-E","00017772","CLÍNICA INTERNACIONAL","212","212","0","397","0","0","220","15","5","4","44","10","11","292","0","0"
"2016","09","150130","LIMA","LIMA","SAN BORJA","PRIVADO","II-E","00017772","CLÍNICA INTERNACIONAL","212","212","0","397","0","0","220","15","5","4","44","10","11","292","0","0"
"2016","12","110201","ICA","CHINCHA","CHINCHA ALTA","PRIVADO","II-1","00017493","CLINICA GAXAY E.I.R.L.","4","4","4","12","0","0","5","0","0","0","1","0","1","5","1","0"
"2016","11","110201","ICA","CHINCHA","CHINCHA ALTA","PRIVADO","II-1","00017493","CLINICA GAXAY E.I.R.L.","4","4","4","13","0","0","5","1","0","0","1","0","1","5","2","0"
"2016","10","110201","ICA","CHINCHA","CHINCHA ALTA","PRIVADO","II-1","00017493","CLINICA GAXAY E.I.R.L.","4","4","4","14","0","0","5","0","0","0","1","0","1","5","1","0"
"2016","09","110201","ICA","CHINCHA","CHINCHA ALTA","PRIVADO","II-1","00017493","CLINICA GAXAY E.I.R.L.","4","4","4","14","0","0","5","0","0","0","1","0","1","5","1","0"
"2016","07","110201","ICA","CHINCHA","CHINCHA ALTA","PRIVADO","II-1","00017493","CLINICA GAXAY E.I.R.L.","4","4","4","11","0","0","5","0","0","0","1","0","1","5","1","0"
"2016","08","110201","ICA","CHINCHA","CHINCHA ALTA","PRIVADO","II-1","00017493","CLINICA GAXAY E.I.R.L.","4","4","4","14","0","0","5","0","0","0","1","0","1","5","1","0"
"2016","06","110201","ICA","CHINCHA","CHINCHA ALTA","PRIVADO","II-1","00017493","CLINICA GAXAY E.I.R.L.","4","4","4","14","0","0","5","0","0","0","1","0","1","5","1","0"
"2016","05","110201","ICA","CHINCHA","CHINCHA ALTA","PRIVADO","II-1","00017493","CLINICA GAXAY E.I.R.L.","4","4","4","14","0","0","5","0","0","0","1","0","1","5","1","0"
"2016","01","110201","ICA","CHINCHA","CHINCHA ALTA","PRIVADO","II-1","00017493","CLINICA GAXAY E.I.R.L.","4","4","4","20","0","0","5","0","1","0","1","1","1","5","2","0"
"2016","03","110201","ICA","CHINCHA","CHINCHA ALTA","PRIVADO","II-1","00017493","CLINICA GAXAY E.I.R.L.","4","4","4","8","0","0","5","0","0","0","1","0","1","5","1","0"
"2016","04","110201","ICA","CHINCHA","CHINCHA ALTA","PRIVADO","II-1","00017493","CLINICA GAXAY E.I.R.L.","4","4","4","14","0","0","5","0","0","0","1","0","1","5","1","0"
"2016","11","150101","LIMA","LIMA","LIMA","SANIDAD DE LA POLICIA NACIONAL DEL PERU","I-3","00017391","POLICLINICO COIP","6","6","0","4","0","0","2","3","3","0","1","3","1","16","0","0"
"2016","09","150101","LIMA","LIMA","LIMA","SANIDAD DE LA POLICIA NACIONAL DEL PERU","I-3","00017391","POLICLINICO COIP","6","6","0","2","0","0","2","2","1","0","1","3","1","16","0","0"
"2016","08","150101","LIMA","LIMA","LIMA","SANIDAD DE LA POLICIA NACIONAL DEL PERU","I-3","00017391","POLICLINICO COIP","6","6","0","2","0","0","2","2","2","0","1","3","1","16","0","0"
"2016","10","150101","LIMA","LIMA","LIMA","SANIDAD DE LA POLICIA NACIONAL DEL PERU","I-3","00017391","POLICLINICO COIP","6","6","0","2","0","0","2","4","1","0","1","3","1","16","0","0"
"2016","12","150101","LIMA","LIMA","LIMA","SANIDAD DE LA POLICIA NACIONAL DEL PERU","I-3","00017391","POLICLINICO COIP","5","5","0","3","0","0","1","1","1","0","1","1","1","8","0","0"
"2016","12","180303","MOQUEGUA","ILO","PACOCHA","PRIVADO","II-1","00017563","HOSPITAL SPCC - ILO","14","14","41","17","0","0","19","1","0","1","4","0","1","11","0","3"
"2016","06","180303","MOQUEGUA","ILO","PACOCHA","PRIVADO","II-1","00017563","HOSPITAL SPCC - ILO","14","19","41","21","0","0","18","1","0","1","4","0","1","12","0","3"
"2016","10","180303","MOQUEGUA","ILO","PACOCHA","PRIVADO","II-1","00017563","HOSPITAL SPCC - ILO","14","15","41","19","0","0","19","1","0","1","4","0","1","12","0","3"
"2016","11","180303","MOQUEGUA","ILO","PACOCHA","PRIVADO","II-1","00017563","HOSPITAL SPCC - ILO","14","16","41","19","0","0","18","1","0","1","4","0","1","11","0","3"
"2016","09","180303","MOQUEGUA","ILO","PACOCHA","PRIVADO","II-1","00017563","HOSPITAL SPCC - ILO","14","18","41","19","0","0","18","1","0","1","4","0","1","11","0","3"
"2016","07","180303","MOQUEGUA","ILO","PACOCHA","PRIVADO","II-1","00017563","HOSPITAL SPCC - ILO","14","18","41","19","0","0","18","1","0","1","4","0","1","11","0","3"
"2016","08","180303","MOQUEGUA","ILO","PACOCHA","PRIVADO","II-1","00017563","HOSPITAL SPCC - ILO","14","18","41","19","0","0","17","1","0","1","4","0","1","11","0","2"
"2016","05","180303","MOQUEGUA","ILO","PACOCHA","PRIVADO","II-1","00017563","HOSPITAL SPCC - ILO","14","18","41","18","0","0","16","1","0","1","4","0","1","12","0","3"
"2016","01","180303","MOQUEGUA","ILO","PACOCHA","PRIVADO","II-1","00017563","HOSPITAL SPCC - ILO","14","18","41","22","0","0","19","1","0","1","4","0","1","10","0","3"
"2016","02","180303","MOQUEGUA","ILO","PACOCHA","PRIVADO","II-1","00017563","HOSPITAL SPCC - ILO","14","16","41","19","0","0","19","1","0","1","4","0","1","9","0","3"
"2016","04","180303","MOQUEGUA","ILO","PACOCHA","PRIVADO","II-1","00017563","HOSPITAL SPCC - ILO","14","20","41","20","0","0","20","1","0","1","4","0","1","10","0","3"
"2016","03","180303","MOQUEGUA","ILO","PACOCHA","PRIVADO","II-1","00017563","HOSPITAL SPCC - ILO","14","16","41","18","0","0","19","2","0","1","4","0","1","10","0","3"
"2016","12","150113","LIMA","LIMA","JESUS MARIA","SANIDAD DEL EJERCITO DEL PERU","III-1","00017024","HOSPITAL  MILITAR LUIS ARIAS SCHEREIBER","118","118","658","236","0","106","498","64","39","3","70","20","21","246","45","4"
"2016","11","150113","LIMA","LIMA","JESUS MARIA","SANIDAD DEL EJERCITO DEL PERU","III-1","00017024","HOSPITAL  MILITAR LUIS ARIAS SCHEREIBER","118","118","658","236","0","106","498","64","39","3","70","20","21","246","45","4"
"2016","10","150113","LIMA","LIMA","JESUS MARIA","SANIDAD DEL EJERCITO DEL PERU","III-1","00017024","HOSPITAL  MILITAR LUIS ARIAS SCHEREIBER","118","118","658","238","0","106","498","64","39","3","70","20","21","246","45","4"
"2016","09","150113","LIMA","LIMA","JESUS MARIA","SANIDAD DEL EJERCITO DEL PERU","III-1","00017024","HOSPITAL  MILITAR LUIS ARIAS SCHEREIBER","118","118","658","240","0","107","496","64","39","3","70","20","21","245","45","4"
"2016","07","150113","LIMA","LIMA","JESUS MARIA","SANIDAD DEL EJERCITO DEL PERU","III-1","00017024","HOSPITAL  MILITAR LUIS ARIAS SCHEREIBER","118","118","658","236","0","108","498","69","37","3","70","20","21","245","39","4"
"2016","08","150113","LIMA","LIMA","JESUS MARIA","SANIDAD DEL EJERCITO DEL PERU","III-1","00017024","HOSPITAL  MILITAR LUIS ARIAS SCHEREIBER","118","118","658","269","0","108","498","57","37","3","70","20","21","244","39","4"
"2016","06","150113","LIMA","LIMA","JESUS MARIA","SANIDAD DEL EJERCITO DEL PERU","III-1","00017024","HOSPITAL  MILITAR LUIS ARIAS SCHEREIBER","118","118","658","234","0","145","490","63","39","3","70","20","20","244","41","4"
"2016","05","150113","LIMA","LIMA","JESUS MARIA","SANIDAD DEL EJERCITO DEL PERU","III-1","00017024","HOSPITAL  MILITAR LUIS ARIAS SCHEREIBER","118","118","658","236","0","126","501","63","37","3","70","20","20","246","46","4"
"2016","01","150113","LIMA","LIMA","JESUS MARIA","SANIDAD DEL EJERCITO DEL PERU","III-1","00017024","HOSPITAL  MILITAR LUIS ARIAS SCHEREIBER","118","118","658","215","0","22","439","54","37","3","69","20","17","246","48","4"
"2016","03","150113","LIMA","LIMA","JESUS MARIA","SANIDAD DEL EJERCITO DEL PERU","III-1","00017024","HOSPITAL  MILITAR LUIS ARIAS SCHEREIBER","118","118","658","219","0","115","498","64","37","3","69","20","19","153","23","4"
"2016","02","150113","LIMA","LIMA","JESUS MARIA","SANIDAD DEL EJERCITO DEL PERU","III-1","00017024","HOSPITAL  MILITAR LUIS ARIAS SCHEREIBER","118","118","658","264","0","115","439","69","36","3","70","20","16","245","40","4"
"2016","04","150113","LIMA","LIMA","JESUS MARIA","SANIDAD DEL EJERCITO DEL PERU","III-1","00017024","HOSPITAL  MILITAR LUIS ARIAS SCHEREIBER","118","118","658","236","0","115","498","63","37","3","70","20","20","246","46","4"
"2016","12","240101","TUMBES","TUMBES","TUMBES","GOBIERNO REGIONAL","II-2","00017077","HOSPITAL REGIONAL JOSE ALFREDO MENDOZA OLAVARRIA JAMO II-2","18","26","133","150","0","63","116","4","2","2","12","35","2","268","7","3"
"2016","11","240101","TUMBES","TUMBES","TUMBES","GOBIERNO REGIONAL","II-2","00017077","HOSPITAL REGIONAL JOSE ALFREDO MENDOZA OLAVARRIA JAMO II-2","18","26","133","150","0","63","116","4","2","2","12","35","2","268","7","3"
"2016","09","240101","TUMBES","TUMBES","TUMBES","GOBIERNO REGIONAL","II-2","00017077","HOSPITAL REGIONAL JOSE ALFREDO MENDOZA OLAVARRIA JAMO II-2","18","26","133","150","0","63","116","4","2","2","13","35","2","268","7","3"
"2016","10","240101","TUMBES","TUMBES","TUMBES","GOBIERNO REGIONAL","II-2","00017077","HOSPITAL REGIONAL JOSE ALFREDO MENDOZA OLAVARRIA JAMO II-2","18","26","133","150","0","63","116","4","2","2","13","35","2","268","7","3"
"2016","08","240101","TUMBES","TUMBES","TUMBES","GOBIERNO REGIONAL","II-2","00017077","HOSPITAL REGIONAL JOSE ALFREDO MENDOZA OLAVARRIA JAMO II-2","18","26","133","150","0","63","117","4","2","2","13","35","2","268","7","3"
"2016","07","240101","TUMBES","TUMBES","TUMBES","GOBIERNO REGIONAL","II-2","00017077","HOSPITAL REGIONAL JOSE ALFREDO MENDOZA OLAVARRIA JAMO II-2","18","26","133","150","0","63","117","4","2","2","13","35","2","268","7","3"
"2016","05","240101","TUMBES","TUMBES","TUMBES","GOBIERNO REGIONAL","II-2","00017077","HOSPITAL REGIONAL JOSE ALFREDO MENDOZA OLAVARRIA JAMO II-2","18","26","133","76","0","63","116","4","2","2","12","32","2","272","7","3"
"2016","06","240101","TUMBES","TUMBES","TUMBES","GOBIERNO REGIONAL","II-2","00017077","HOSPITAL REGIONAL JOSE ALFREDO MENDOZA OLAVARRIA JAMO II-2","18","26","133","76","0","63","116","4","2","2","12","32","2","272","7","3"
"2016","12","150101","LIMA","LIMA","LIMA","PRIVADO","II-E","00017392","GONZALES PINEDO RODOLFO","1","1","15","7","0","0","3","0","0","0","0","2","0","10","0","0"
"2016","11","150101","LIMA","LIMA","LIMA","PRIVADO","II-E","00017392","GONZALES PINEDO RODOLFO","1","1","15","7","0","0","3","0","0","0","0","2","0","10","0","0"
"2016","10","150101","LIMA","LIMA","LIMA","PRIVADO","II-E","00017392","GONZALES PINEDO RODOLFO","1","1","15","7","0","0","3","0","0","0","0","2","0","10","0","0"
"2016","09","150101","LIMA","LIMA","LIMA","PRIVADO","II-E","00017392","GONZALES PINEDO RODOLFO","1","1","15","7","0","0","3","0","0","0","0","2","0","10","0","0"
"2016","08","150101","LIMA","LIMA","LIMA","PRIVADO","II-E","00017392","GONZALES PINEDO RODOLFO","1","1","15","7","0","0","3","0","0","0","0","2","0","10","0","0"
"2016","07","150101","LIMA","LIMA","LIMA","PRIVADO","II-E","00017392","GONZALES PINEDO RODOLFO","1","1","15","7","0","0","3","0","0","0","0","2","0","10","0","0"
"2016","06","150101","LIMA","LIMA","LIMA","PRIVADO","II-E","00017392","GONZALES PINEDO RODOLFO","1","1","15","7","0","0","3","0","0","0","0","2","0","10","0","0"
"2016","05","150101","LIMA","LIMA","LIMA","PRIVADO","II-E","00017392","GONZALES PINEDO RODOLFO","1","1","15","7","0","0","3","0","0","0","0","2","0","10","0","0"
"2016","03","150101","LIMA","LIMA","LIMA","PRIVADO","II-E","00017392","GONZALES PINEDO RODOLFO","1","1","15","7","0","0","3","0","0","0","0","2","0","10","0","0"
"2016","04","150101","LIMA","LIMA","LIMA","PRIVADO","II-E","00017392","GONZALES PINEDO RODOLFO","1","1","15","7","0","0","3","0","0","0","0","2","0","10","0","0"
"2016","11","030201","APURIMAC","ANDAHUAYLAS","ANDAHUAYLAS","PRIVADO","II-E","00021664","CLINICA DE ESPECIALIDADES VIRGEN DE COCHARCAS","6","4","2","10","0","0","2","1","2","1","1","3","1","2","0","0"
"2016","10","030201","APURIMAC","ANDAHUAYLAS","ANDAHUAYLAS","PRIVADO","II-E","00021664","CLINICA DE ESPECIALIDADES VIRGEN DE COCHARCAS","6","4","2","10","0","0","2","1","2","1","1","3","1","2","0","0"
"2016","12","110101","ICA","ICA","ICA","PRIVADO","0","00021515","LABORATORIOS GOMEZ SRL","0","0","0","1","0","0","0","0","0","0","1","0","0","3","2","0"
"2016","10","110101","ICA","ICA","ICA","PRIVADO","0","00021515","LABORATORIOS GOMEZ SRL","0","0","0","1","0","0","0","0","0","0","1","0","0","3","2","0"
"2016","11","110101","ICA","ICA","ICA","PRIVADO","0","00021515","LABORATORIOS GOMEZ SRL","0","0","0","1","0","0","0","0","0","0","1","0","0","3","2","0"
"2016","09","110101","ICA","ICA","ICA","PRIVADO","0","00021515","LABORATORIOS GOMEZ SRL","0","0","0","1","0","0","0","0","0","0","1","0","0","3","2","0"
"2016","08","110101","ICA","ICA","ICA","PRIVADO","0","00021515","LABORATORIOS GOMEZ SRL","0","0","0","1","0","0","0","0","0","0","1","0","0","3","2","0"
"2016","06","110101","ICA","ICA","ICA","PRIVADO","0","00021515","LABORATORIOS GOMEZ SRL","0","0","0","1","0","0","0","0","0","0","1","0","0","3","2","0"
"2016","07","110101","ICA","ICA","ICA","PRIVADO","0","00021515","LABORATORIOS GOMEZ SRL","0","0","0","1","0","0","0","0","0","0","1","0","0","3","2","0"
"2016","12","150108","LIMA","LIMA","CHORRILLOS","SANIDAD DE LA POLICIA NACIONAL DEL PERU","I-3","00020382","POLICLINICO PNP CHORRILLOS","7","14","0","6","0","0","3","4","1","0","4","2","3","39","1","1"
"2016","11","150108","LIMA","LIMA","CHORRILLOS","SANIDAD DE LA POLICIA NACIONAL DEL PERU","I-3","00020382","POLICLINICO PNP CHORRILLOS","7","14","0","7","0","0","3","4","1","0","4","2","3","41","1","1"
"2016","10","150108","LIMA","LIMA","CHORRILLOS","SANIDAD DE LA POLICIA NACIONAL DEL PERU","I-3","00020382","POLICLINICO PNP CHORRILLOS","7","14","0","3","0","0","3","5","1","0","4","2","2","42","1","1"
"2016","09","150108","LIMA","LIMA","CHORRILLOS","SANIDAD DE LA POLICIA NACIONAL DEL PERU","I-3","00020382","POLICLINICO PNP CHORRILLOS","7","14","0","3","0","0","3","5","1","0","4","2","2","44","1","1"
"2016","08","150108","LIMA","LIMA","CHORRILLOS","SANIDAD DE LA POLICIA NACIONAL DEL PERU","I-3","00020382","POLICLINICO PNP CHORRILLOS","7","14","0","4","0","0","3","5","2","0","4","3","2","43","1","1"
"2016","11","220901","SAN MARTIN","SAN MARTIN","TARAPOTO","SANIDAD DE LA POLICIA NACIONAL DEL PERU","0","00020827","POLICLINICO PNP TARAPOTO","3","3","0","2","0","0","3","3","2","0","0","1","1","28","1","2"
"2016","10","220901","SAN MARTIN","SAN MARTIN","TARAPOTO","SANIDAD DE LA POLICIA NACIONAL DEL PERU","0","00020827","POLICLINICO PNP TARAPOTO","3","3","0","1","0","0","3","3","2","0","0","1","1","26","1","2"
"2016","09","220901","SAN MARTIN","SAN MARTIN","TARAPOTO","SANIDAD DE LA POLICIA NACIONAL DEL PERU","0","00020827","POLICLINICO PNP TARAPOTO","3","3","0","1","0","0","3","2","2","0","0","1","1","27","0","2"
"2016","04","160101","LORETO","MAYNAS","IQUITOS","PRIVADO","II-1","00020474","CLINICA SELVA AMZONICA","9","13","12","41","0","0","11","0","0","1","4","0","2","18","0","0"
"2016","05","160101","LORETO","MAYNAS","IQUITOS","PRIVADO","II-1","00020474","CLINICA SELVA AMZONICA","9","13","12","41","0","0","11","0","0","1","4","0","2","18","0","0"
"2016","02","160101","LORETO","MAYNAS","IQUITOS","PRIVADO","II-1","00020474","CLINICA SELVA AMZONICA","9","13","12","41","0","0","11","0","0","1","4","0","2","18","0","0"
"2016","03","160101","LORETO","MAYNAS","IQUITOS","PRIVADO","II-1","00020474","CLINICA SELVA AMZONICA","9","13","12","41","0","0","11","0","0","1","4","0","2","18","0","0"
"2016","01","160101","LORETO","MAYNAS","IQUITOS","PRIVADO","II-1","00020474","CLINICA SELVA AMZONICA","9","13","12","41","0","0","11","0","0","1","4","0","2","18","0","0"
"2016","12","080907","CUSCO","LA CONVENCION","KIMBIRI","GOBIERNO REGIONAL","II-E","00002469","SAN JUAN DE KIMBIRI-VRAEM","14","14","43","18","0","0","17","2","2","2","0","9","2","40","7","2"
"2016","10","080907","CUSCO","LA CONVENCION","KIMBIRI","GOBIERNO REGIONAL","II-E","00002469","SAN JUAN DE KIMBIRI-VRAEM","14","14","33","18","0","0","18","3","1","2","0","11","2","43","7","1"
"2016","11","080907","CUSCO","LA CONVENCION","KIMBIRI","GOBIERNO REGIONAL","II-E","00002469","SAN JUAN DE KIMBIRI-VRAEM","14","14","33","18","0","0","17","3","2","2","0","11","2","43","7","1"
"2016","09","080907","CUSCO","LA CONVENCION","KIMBIRI","GOBIERNO REGIONAL","II-E","00002469","SAN JUAN DE KIMBIRI-VRAEM","14","14","33","18","0","0","18","3","1","2","0","11","2","43","7","2"
"2016","07","080907","CUSCO","LA CONVENCION","KIMBIRI","GOBIERNO REGIONAL","II-E","00002469","SAN JUAN DE KIMBIRI-VRAEM","14","14","33","17","0","0","18","4","1","2","0","11","2","42","7","1"
"2016","08","080907","CUSCO","LA CONVENCION","KIMBIRI","GOBIERNO REGIONAL","II-E","00002469","SAN JUAN DE KIMBIRI-VRAEM","14","14","33","17","0","0","18","4","1","2","0","11","2","42","7","2"
"2016","06","080907","CUSCO","LA CONVENCION","KIMBIRI","GOBIERNO REGIONAL","II-E","00002469","SAN JUAN DE KIMBIRI-VRAEM","14","14","33","17","0","0","16","4","1","2","0","11","2","42","7","0"
"2016","11","021016","ANCASH","HUARI","UCO","GOBIERNO REGIONAL","I-2","00001846","PUESTO DE SALUD UCO","7","5","12","2","0","0","3","1","0","0","0","2","0","5","3","3"
"2016","12","020703","ANCASH","CARLOS FERMIN FITZCARRALD","YAUYA","GOBIERNO REGIONAL","I-1","00001862","PUESTO DE SALUD CHINCHO","3","1","0","0","0","0","1","0","0","0","0","0","0","2","0","0"
"2016","10","020703","ANCASH","CARLOS FERMIN FITZCARRALD","YAUYA","GOBIERNO REGIONAL","I-1","00001862","PUESTO DE SALUD CHINCHO","5","2","0","0","0","0","1","0","0","0","0","0","0","2","0","0"
"2016","11","020703","ANCASH","CARLOS FERMIN FITZCARRALD","YAUYA","GOBIERNO REGIONAL","I-1","00001862","PUESTO DE SALUD CHINCHO","3","1","0","0","0","0","1","0","0","0","0","0","0","2","0","0"
"2016","12","021014","ANCASH","HUARI","SAN MARCOS","GOBIERNO REGIONAL","I-1","00001820","PUESTO DE SALUD CARHUAYACO","4","4","0","1","0","0","2","1","0","0","0","1","0","7","0","1"
"2016","11","021014","ANCASH","HUARI","SAN MARCOS","GOBIERNO REGIONAL","I-1","00001820","PUESTO DE SALUD CARHUAYACO","4","4","0","1","0","0","1","1","0","0","0","1","0","4","0","1"
"2016","12","110201","ICA","CHINCHA","CHINCHA ALTA","GOBIERNO REGIONAL","II-1","00003414","SAN JOSE ","32","36","96","52","0","5","55","3","2","2","2","21","6","112","8","4"
"2016","11","110201","ICA","CHINCHA","CHINCHA ALTA","GOBIERNO REGIONAL","II-1","00003414","SAN JOSE ","32","36","109","52","0","7","55","3","2","2","2","21","6","112","8","4"
"2016","10","110201","ICA","CHINCHA","CHINCHA ALTA","GOBIERNO REGIONAL","II-1","00003414","SAN JOSE ","32","36","109","52","0","7","55","3","2","2","2","21","6","112","8","4"
"2016","07","110201","ICA","CHINCHA","CHINCHA ALTA","GOBIERNO REGIONAL","II-1","00003414","SAN JOSE ","32","36","109","50","0","6","65","2","2","2","3","23","9","204","9","3"
"2016","06","110201","ICA","CHINCHA","CHINCHA ALTA","GOBIERNO REGIONAL","II-1","00003414","SAN JOSE ","32","36","109","50","0","6","65","2","2","2","3","23","9","204","9","3"
"2016","05","110201","ICA","CHINCHA","CHINCHA ALTA","GOBIERNO REGIONAL","II-1","00003414","SAN JOSE ","32","36","110","50","0","4","48","3","1","1","2","19","9","101","12","3"
"2016","12","220909","SAN MARTIN","SAN MARTIN","LA BANDA DE SHILCAYO","GOBIERNO REGIONAL","II-E","00006359","BANDA SHILCAYO","12","15","6","4","0","0","15","4","1","1","0","16","2","47","12","1"
"2016","11","220909","SAN MARTIN","SAN MARTIN","LA BANDA DE SHILCAYO","GOBIERNO REGIONAL","II-E","00006359","BANDA SHILCAYO","12","15","6","5","0","0","15","4","1","1","0","16","2","47","15","1"
"2016","12","120501","JUNIN","JUNIN","JUNIN","GOBIERNO REGIONAL","II-1","00000519","DE APOYO JUNIN","12","14","50","13","0","0","19","3","2","1","1","12","3","40","11","4"
"2016","11","120501","JUNIN","JUNIN","JUNIN","GOBIERNO REGIONAL","II-1","00000519","DE APOYO JUNIN","12","14","50","13","0","0","19","3","2","1","1","12","3","40","11","4"
"2016","10","120501","JUNIN","JUNIN","JUNIN","GOBIERNO REGIONAL","II-1","00000519","DE APOYO JUNIN","12","14","50","12","0","0","18","3","2","1","1","12","3","40","11","4"
"2016","09","120501","JUNIN","JUNIN","JUNIN","GOBIERNO REGIONAL","II-1","00000519","DE APOYO JUNIN","12","14","50","12","0","0","18","3","1","1","1","11","3","40","11","4"
"2016","08","120501","JUNIN","JUNIN","JUNIN","GOBIERNO REGIONAL","II-1","00000519","DE APOYO JUNIN","12","14","50","12","0","0","18","3","1","1","1","11","3","40","11","4"
"2016","06","120501","JUNIN","JUNIN","JUNIN","GOBIERNO REGIONAL","II-1","00000519","DE APOYO JUNIN","12","14","50","12","0","1","18","3","1","1","1","11","4","40","11","4"
"2016","07","120501","JUNIN","JUNIN","JUNIN","GOBIERNO REGIONAL","II-1","00000519","DE APOYO JUNIN","12","14","50","12","0","1","18","3","1","1","1","11","4","40","11","4"
"2016","11","020302","ANCASH","ANTONIO RAIMONDI","ACZO","GOBIERNO REGIONAL","I-1","00001848","PUESTO DE SALUD ACZO","3","3","0","0","1","0","1","0","0","0","0","1","0","2","1","1"
"2016","12","020302","ANCASH","ANTONIO RAIMONDI","ACZO","GOBIERNO REGIONAL","I-1","00001848","PUESTO DE SALUD ACZO","3","3","0","0","1","0","1","0","0","0","0","1","0","5","0","1"
"2016","12","020305","ANCASH","ANTONIO RAIMONDI","MIRGAS","GOBIERNO REGIONAL","I-1","00001853","PUESTO DE SALUD SAN MARTIN DE PARAS","2","2","0","0","0","0","1","0","0","0","0","1","0","3","0","0"
"2016","11","020305","ANCASH","ANTONIO RAIMONDI","MIRGAS","GOBIERNO REGIONAL","I-1","00001853","PUESTO DE SALUD SAN MARTIN DE PARAS","3","2","0","0","0","0","1","0","0","0","0","1","0","2","0","0"
"2016","11","021002","ANCASH","HUARI","ANRA","GOBIERNO REGIONAL","I-1","00001842","PUESTO DE SALUD ANRA","3","3","0","1","1","0","1","0","0","0","0","1","0","2","0","1"
"2016","11","021006","ANCASH","HUARI","HUACCHIS","GOBIERNO REGIONAL","I-1","00001841","PUESTO DE SALUD HUACCHIS","2","2","1","0","0","0","1","0","0","0","0","1","0","1","0","0"
"2016","12","020703","ANCASH","CARLOS FERMIN FITZCARRALD","YAUYA","GOBIERNO REGIONAL","I-1","00006632","PUESTO DE SALUD SAN MIGUEL DE JUNCAY","2","2","0","0","0","0","1","0","0","0","0","1","0","2","0","0"
"2016","11","020703","ANCASH","CARLOS FERMIN FITZCARRALD","YAUYA","GOBIERNO REGIONAL","I-1","00006632","PUESTO DE SALUD SAN MIGUEL DE JUNCAY","2","2","0","0","0","0","1","0","0","0","0","1","0","2","0","0"
"2016","10","020703","ANCASH","CARLOS FERMIN FITZCARRALD","YAUYA","GOBIERNO REGIONAL","I-1","00006632","PUESTO DE SALUD SAN MIGUEL DE JUNCAY","3","3","0","0","0","0","1","0","0","0","0","1","0","2","0","0"
"2016","12","150101","LIMA","LIMA","LIMA","PRIVADO","0","00019610","LIGA PERUANA DE LUCHA CONTRA EL CÁNCER","6","4","0","13","0","0","0","0","0","0","1","4","0","3","5","0"
"2016","11","150101","LIMA","LIMA","LIMA","PRIVADO","0","00019610","LIGA PERUANA DE LUCHA CONTRA EL CÁNCER","6","4","0","13","0","0","0","0","0","0","1","4","0","3","5","0"
"2016","10","150101","LIMA","LIMA","LIMA","PRIVADO","0","00019610","LIGA PERUANA DE LUCHA CONTRA EL CÁNCER","6","115","0","13","0","0","0","0","0","0","1","5","0","3","5","0"
"2016","09","150101","LIMA","LIMA","LIMA","PRIVADO","0","00019610","LIGA PERUANA DE LUCHA CONTRA EL CÁNCER","6","105","0","13","0","0","0","0","0","0","1","2","0","3","5","0"
"2016","08","150101","LIMA","LIMA","LIMA","PRIVADO","0","00019610","LIGA PERUANA DE LUCHA CONTRA EL CÁNCER","6","115","0","13","0","0","0","0","0","0","1","3","0","3","5","0"
"2016","12","150117","LIMA","LIMA","LOS OLIVOS","MUNICIPALIDAD DISTRITAL","0","00019787","HOSPITAL MUNICIPAL LOS OLIVOS","34","36","65","120","0","0","66","2","2","2","24","6","6","104","1","1"
"2016","06","060101","CAJAMARCA","CAJAMARCA","CAJAMARCA","PRIVADO","II-1","00019315","CLINICA SANTA ANA","8","4","13","23","0","0","12","1","1","0","1","0","1","12","2","0"
"2016","07","060101","CAJAMARCA","CAJAMARCA","CAJAMARCA","PRIVADO","II-1","00019315","CLINICA SANTA ANA","8","4","13","23","0","0","12","1","1","0","1","0","1","12","2","0"
"2016","08","060101","CAJAMARCA","CAJAMARCA","CAJAMARCA","PRIVADO","II-1","00019315","CLINICA SANTA ANA","8","4","13","23","0","0","12","1","1","0","1","0","1","12","2","0"
"2016","10","060101","CAJAMARCA","CAJAMARCA","CAJAMARCA","PRIVADO","II-1","00019315","CLINICA SANTA ANA","8","4","13","23","0","0","12","1","1","0","1","0","1","12","2","0"
"2016","09","060101","CAJAMARCA","CAJAMARCA","CAJAMARCA","PRIVADO","II-1","00019315","CLINICA SANTA ANA","8","4","13","23","0","0","12","1","1","0","1","0","1","12","2","0"
"2016","05","150108","LIMA","LIMA","CHORRILLOS","PRIVADO","II-E","00019839","CLINICA SANTA LEONOR","3","6","9","7","0","0","1","0","0","1","0","5","0","7","0","0"
"2016","12","150108","LIMA","LIMA","CHORRILLOS","PRIVADO","II-E","00019839","CLINICA SANTA LEONOR","3","6","9","7","0","0","3","0","0","1","0","5","0","7","0","0"
"2016","03","150108","LIMA","LIMA","CHORRILLOS","PRIVADO","II-E","00019839","CLINICA SANTA LEONOR","3","6","9","7","0","0","1","0","0","1","0","5","0","7","0","0"
"2016","11","150108","LIMA","LIMA","CHORRILLOS","PRIVADO","II-E","00019839","CLINICA SANTA LEONOR","3","6","9","7","0","0","1","0","0","1","0","5","0","7","0","0"
"2016","09","150108","LIMA","LIMA","CHORRILLOS","PRIVADO","II-E","00019839","CLINICA SANTA LEONOR","3","6","9","7","0","0","1","0","0","1","0","5","0","7","0","0"
"2016","10","150108","LIMA","LIMA","CHORRILLOS","PRIVADO","II-E","00019839","CLINICA SANTA LEONOR","3","6","9","7","0","0","1","0","0","1","0","5","0","7","0","0"
"2016","07","150108","LIMA","LIMA","CHORRILLOS","PRIVADO","II-E","00019839","CLINICA SANTA LEONOR","3","6","9","7","0","0","1","0","0","1","0","5","0","7","0","0"
"2016","08","150108","LIMA","LIMA","CHORRILLOS","PRIVADO","II-E","00019839","CLINICA SANTA LEONOR","3","6","9","7","0","0","1","0","0","1","0","5","0","7","0","0"
"2016","06","150108","LIMA","LIMA","CHORRILLOS","PRIVADO","II-E","00019839","CLINICA SANTA LEONOR","3","6","9","7","0","0","1","0","0","1","0","5","0","7","0","0"
"2016","04","150108","LIMA","LIMA","CHORRILLOS","PRIVADO","II-E","00019839","CLINICA SANTA LEONOR","3","6","9","7","0","0","1","0","0","1","0","5","0","7","0","0"
"2016","01","150108","LIMA","LIMA","CHORRILLOS","PRIVADO","II-E","00019839","CLINICA SANTA LEONOR","3","6","9","9","0","0","1","0","0","1","0","5","0","7","0","0"
"2016","12","110101","ICA","ICA","ICA","ESSALUD","II-2","00016374","AUGUSTO HERNANDEZ MENDOZA","22","25","127","139","0","42","157","3","0","3","22","10","11","3","7","4"
"2016","11","110101","ICA","ICA","ICA","ESSALUD","II-2","00016374","AUGUSTO HERNANDEZ MENDOZA","22","25","127","139","0","42","157","3","0","3","22","10","11","3","7","4"
"2016","10","110101","ICA","ICA","ICA","ESSALUD","II-2","00016374","AUGUSTO HERNANDEZ MENDOZA","22","25","127","139","0","42","157","3","0","3","22","10","11","3","7","4"
"2016","09","110101","ICA","ICA","ICA","ESSALUD","II-2","00016374","AUGUSTO HERNANDEZ MENDOZA","22","25","128","132","0","42","155","3","0","3","22","10","11","3","7","3"
"2016","08","110101","ICA","ICA","ICA","ESSALUD","II-2","00016374","AUGUSTO HERNANDEZ MENDOZA","22","25","128","132","0","42","155","3","0","3","22","10","11","3","7","3"
"2016","07","110101","ICA","ICA","ICA","ESSALUD","II-2","00016374","AUGUSTO HERNANDEZ MENDOZA","22","30","152","138","0","46","154","3","0","3","21","10","10","3","7","3"
"2016","05","110101","ICA","ICA","ICA","ESSALUD","II-2","00016374","AUGUSTO HERNANDEZ MENDOZA","22","30","152","138","0","46","154","3","0","3","21","10","10","3","7","5"
"2016","06","110101","ICA","ICA","ICA","ESSALUD","II-2","00016374","AUGUSTO HERNANDEZ MENDOZA","22","30","152","138","0","46","154","3","0","3","21","10","10","3","7","3"
"2016","02","110101","ICA","ICA","ICA","ESSALUD","II-2","00016374","AUGUSTO HERNANDEZ MENDOZA","22","30","152","138","0","46","154","3","0","3","21","10","10","3","7","5"
"2016","04","110101","ICA","ICA","ICA","ESSALUD","II-2","00016374","AUGUSTO HERNANDEZ MENDOZA","22","29","152","138","0","46","154","3","0","3","21","10","10","3","7","5"
"2016","03","110101","ICA","ICA","ICA","ESSALUD","II-2","00016374","AUGUSTO HERNANDEZ MENDOZA","21","21","107","166","0","45","146","3","0","3","21","10","9","3","7","5"
"2016","01","110101","ICA","ICA","ICA","ESSALUD","II-2","00016374","AUGUSTO HERNANDEZ MENDOZA","22","29","154","138","0","46","154","3","0","3","21","10","10","3","7","5"
"2016","03","040101","AREQUIPA","AREQUIPA","AREQUIPA","PRIVADO","II-1","00016744","CLINICA VALLESUR","23","44","41","110","0","0","37","4","2","2","5","2","4","32","0","1"
"2016","04","040101","AREQUIPA","AREQUIPA","AREQUIPA","PRIVADO","II-1","00016744","CLINICA VALLESUR","23","44","41","110","0","0","37","4","2","2","5","2","4","32","0","1"
"2016","12","040101","AREQUIPA","AREQUIPA","AREQUIPA","PRIVADO","II-1","00016744","CLINICA VALLESUR","23","44","46","157","0","0","40","0","2","2","9","2","4","48","1","1"
"2016","11","040101","AREQUIPA","AREQUIPA","AREQUIPA","PRIVADO","II-1","00016744","CLINICA VALLESUR","23","44","46","120","0","0","37","0","2","2","9","2","4","48","1","1"
"2016","10","040101","AREQUIPA","AREQUIPA","AREQUIPA","PRIVADO","II-1","00016744","CLINICA VALLESUR","23","44","46","120","0","0","37","0","2","2","9","2","4","48","1","1"
"2016","09","040101","AREQUIPA","AREQUIPA","AREQUIPA","PRIVADO","II-1","00016744","CLINICA VALLESUR","23","44","46","120","0","0","37","4","2","2","9","2","4","48","1","1"
"2016","08","040101","AREQUIPA","AREQUIPA","AREQUIPA","PRIVADO","II-1","00016744","CLINICA VALLESUR","23","44","46","120","0","0","37","4","2","2","9","2","4","48","1","1"
"2016","07","040101","AREQUIPA","AREQUIPA","AREQUIPA","PRIVADO","II-1","00016744","CLINICA VALLESUR","23","44","46","120","0","0","37","4","2","2","9","2","4","48","1","1"
"2016","05","040101","AREQUIPA","AREQUIPA","AREQUIPA","PRIVADO","II-1","00016744","CLINICA VALLESUR","23","44","46","120","0","0","37","4","2","2","9","2","4","48","1","1"
"2016","06","040101","AREQUIPA","AREQUIPA","AREQUIPA","PRIVADO","II-1","00016744","CLINICA VALLESUR","23","44","46","120","0","0","37","4","2","2","9","2","4","48","1","1"
"2016","02","040101","AREQUIPA","AREQUIPA","AREQUIPA","PRIVADO","II-1","00016744","CLINICA VALLESUR","23","44","41","110","0","0","37","4","2","2","6","2","4","32","0","0"
"2016","03","021801","ANCASH","SANTA","CHIMBOTE","PRIVADO","II-1","00015375","CLINICA SAN PEDRO","66","67","17","82","0","0","10","2","1","1","4","2","1","5","3","1"
"2016","08","021801","ANCASH","SANTA","CHIMBOTE","PRIVADO","II-1","00015375","CLINICA SAN PEDRO","61","71","17","86","0","0","10","2","1","1","4","2","1","7","2","1"
"2016","07","021801","ANCASH","SANTA","CHIMBOTE","PRIVADO","II-1","00015375","CLINICA SAN PEDRO","63","69","18","89","0","0","10","2","1","1","4","2","1","5","2","1"
"2016","10","021801","ANCASH","SANTA","CHIMBOTE","PRIVADO","II-1","00015375","CLINICA SAN PEDRO","65","71","18","91","0","0","10","2","1","1","4","2","1","7","2","1"
"2016","09","021801","ANCASH","SANTA","CHIMBOTE","PRIVADO","II-1","00015375","CLINICA SAN PEDRO","61","72","18","91","0","0","10","2","1","1","4","2","1","7","2","1"
"2016","04","021801","ANCASH","SANTA","CHIMBOTE","PRIVADO","II-1","00015375","CLINICA SAN PEDRO","64","70","18","87","0","0","10","2","1","1","4","2","1","5","3","1"
"2016","01","021801","ANCASH","SANTA","CHIMBOTE","PRIVADO","II-1","00015375","CLINICA SAN PEDRO","59","62","17","80","0","0","10","2","1","1","4","2","1","5","3","1"
"2016","02","021801","ANCASH","SANTA","CHIMBOTE","PRIVADO","II-1","00015375","CLINICA SAN PEDRO","62","62","17","81","0","0","10","2","1","1","4","2","1","5","3","1"
"2016","05","021801","ANCASH","SANTA","CHIMBOTE","PRIVADO","II-1","00015375","CLINICA SAN PEDRO","64","70","17","91","0","0","10","2","1","1","4","2","1","7","2","1"
"2016","06","021801","ANCASH","SANTA","CHIMBOTE","PRIVADO","II-1","00015375","CLINICA SAN PEDRO","63","69","18","83","0","0","10","2","1","1","4","2","1","7","2","1"
"2016","11","021801","ANCASH","SANTA","CHIMBOTE","PRIVADO","II-1","00015375","CLINICA SAN PEDRO","65","71","17","91","0","0","10","2","1","1","4","2","1","7","2","1"
"2016","12","021801","ANCASH","SANTA","CHIMBOTE","PRIVADO","II-1","00015375","CLINICA SAN PEDRO","65","70","18","91","0","0","10","2","1","1","4","2","1","9","2","1"
"2016","02","200104","PIURA","PIURA","CASTILLA","ESSALUD","0","00016363","INSTITUTO PERUANO DE OFTALMOLOGIA","5","8","6","15","0","6","13","0","0","0","0","0","1","7","4","0"
"2016","03","200104","PIURA","PIURA","CASTILLA","ESSALUD","0","00016363","INSTITUTO PERUANO DE OFTALMOLOGIA","5","8","6","14","0","6","12","0","0","0","0","0","1","8","4","0"
"2016","04","200104","PIURA","PIURA","CASTILLA","ESSALUD","0","00016363","INSTITUTO PERUANO DE OFTALMOLOGIA","5","7","6","15","0","6","12","0","0","0","0","0","1","8","4","0"
"2016","09","200104","PIURA","PIURA","CASTILLA","ESSALUD","0","00016363","INSTITUTO PERUANO DE OFTALMOLOGIA","5","6","6","17","0","6","11","0","0","0","0","0","1","7","4","0"
"2016","10","200104","PIURA","PIURA","CASTILLA","ESSALUD","0","00016363","INSTITUTO PERUANO DE OFTALMOLOGIA","5","7","6","16","0","6","11","0","0","0","0","0","1","6","4","0"
"2016","05","200104","PIURA","PIURA","CASTILLA","ESSALUD","0","00016363","INSTITUTO PERUANO DE OFTALMOLOGIA","5","7","6","15","0","6","11","0","0","0","0","0","1","8","5","0"
"2016","06","200104","PIURA","PIURA","CASTILLA","ESSALUD","0","00016363","INSTITUTO PERUANO DE OFTALMOLOGIA","5","7","6","15","0","6","12","0","0","0","0","0","1","7","5","0"
"2016","07","200104","PIURA","PIURA","CASTILLA","ESSALUD","0","00016363","INSTITUTO PERUANO DE OFTALMOLOGIA","5","6","6","15","0","6","11","0","0","0","0","0","1","7","5","0"
"2016","11","200104","PIURA","PIURA","CASTILLA","ESSALUD","0","00016363","INSTITUTO PERUANO DE OFTALMOLOGIA","5","7","6","14","0","6","11","0","0","0","0","0","1","8","4","0"
"2016","08","200104","PIURA","PIURA","CASTILLA","ESSALUD","0","00016363","INSTITUTO PERUANO DE OFTALMOLOGIA","5","7","6","15","0","6","11","0","0","0","0","0","1","7","4","0"
"2016","12","200104","PIURA","PIURA","CASTILLA","ESSALUD","0","00016363","INSTITUTO PERUANO DE OFTALMOLOGIA","5","6","6","14","0","6","11","0","0","0","0","0","1","7","3","0"
"2016","01","200104","PIURA","PIURA","CASTILLA","ESSALUD","0","00016363","INSTITUTO PERUANO DE OFTALMOLOGIA","5","9","6","21","0","6","12","0","0","0","0","0","1","8","4","0"
"2016","12","130702","LA LIBERTAD","PACASMAYO","GUADALUPE","GOBIERNO REGIONAL","I-2","00015186","MARISCAL CASTILLA","3","3","0","1","1","0","1","0","0","0","0","1","0","1","0","0"
"2016","11","220901","SAN MARTIN","SAN MARTIN","TARAPOTO","ESSALUD","0","00016480","HOSPITAL II TARAPOTO","18","35","66","71","0","0","78","4","2","2","5","9","1","4","8","3"
"2016","12","220901","SAN MARTIN","SAN MARTIN","TARAPOTO","ESSALUD","0","00016480","HOSPITAL II TARAPOTO","18","37","62","75","0","0","79","4","2","2","5","9","1","14","5","3"
"2016","07","220901","SAN MARTIN","SAN MARTIN","TARAPOTO","ESSALUD","0","00016480","HOSPITAL II TARAPOTO","18","33","66","68","0","0","78","4","1","2","5","9","2","4","8","3"
"2016","12","200104","PIURA","PIURA","CASTILLA","ESSALUD","III-1","00015230","HOSPITAL III JOSE CAYETANO HEREDIA","31","47","191","158","0","38","135","2","4","8","7","17","6","118","174","2"
"2016","11","200104","PIURA","PIURA","CASTILLA","ESSALUD","III-1","00015230","HOSPITAL III JOSE CAYETANO HEREDIA","31","48","192","159","0","38","144","2","4","7","6","17","6","119","176","2"
"2016","10","200104","PIURA","PIURA","CASTILLA","ESSALUD","III-1","00015230","HOSPITAL III JOSE CAYETANO HEREDIA","31","45","192","149","0","38","137","2","4","7","9","18","7","120","173","2"
"2016","09","200104","PIURA","PIURA","CASTILLA","ESSALUD","III-1","00015230","HOSPITAL III JOSE CAYETANO HEREDIA","31","45","194","141","0","35","140","2","4","7","9","17","5","110","178","4"
"2016","07","200104","PIURA","PIURA","CASTILLA","ESSALUD","III-1","00015230","HOSPITAL III JOSE CAYETANO HEREDIA","31","44","193","140","0","36","139","2","4","6","8","16","5","117","175","4"
"2016","08","200104","PIURA","PIURA","CASTILLA","ESSALUD","III-1","00015230","HOSPITAL III JOSE CAYETANO HEREDIA","31","45","194","130","0","38","136","1","3","7","6","15","6","116","169","4"
"2016","06","200104","PIURA","PIURA","CASTILLA","ESSALUD","III-1","00015230","HOSPITAL III JOSE CAYETANO HEREDIA","31","44","192","142","0","38","141","2","4","6","9","16","6","112","170","4"
"2016","05","200104","PIURA","PIURA","CASTILLA","ESSALUD","III-1","00015230","HOSPITAL III JOSE CAYETANO HEREDIA","31","46","194","147","0","38","142","2","4","7","8","16","5","113","167","4"
"2016","03","200104","PIURA","PIURA","CASTILLA","ESSALUD","III-1","00015230","HOSPITAL III JOSE CAYETANO HEREDIA","29","46","198","134","15","38","142","1","4","6","9","13","6","103","168","4"
"2016","01","200104","PIURA","PIURA","CASTILLA","ESSALUD","III-1","00015230","HOSPITAL III JOSE CAYETANO HEREDIA","29","46","194","121","0","34","141","2","2","5","8","17","6","113","154","4"
"2016","04","200104","PIURA","PIURA","CASTILLA","ESSALUD","III-1","00015230","HOSPITAL III JOSE CAYETANO HEREDIA","31","42","194","147","0","38","146","2","4","6","9","16","4","101","180","4"
"2016","02","200104","PIURA","PIURA","CASTILLA","ESSALUD","III-1","00015230","HOSPITAL III JOSE CAYETANO HEREDIA","29","45","192","134","0","38","144","2","4","5","9","16","6","105","181","4"
"2016","12","180104","MOQUEGUA","MARISCAL NIETO","SAMEGUA","SANIDAD DE LA POLICIA NACIONAL DEL PERU","I-2","00015236","POSTA MEDICA PNP MOQUEGUA","4","1","0","0","0","0","0","2","0","0","0","0","1","7","2","1"
"2016","11","180104","MOQUEGUA","MARISCAL NIETO","SAMEGUA","SANIDAD DE LA POLICIA NACIONAL DEL PERU","I-2","00015236","POSTA MEDICA PNP MOQUEGUA","4","1","0","0","0","0","0","2","0","0","0","0","1","8","2","1"
"2016","10","180104","MOQUEGUA","MARISCAL NIETO","SAMEGUA","SANIDAD DE LA POLICIA NACIONAL DEL PERU","I-2","00015236","POSTA MEDICA PNP MOQUEGUA","4","1","0","0","0","0","0","0","0","0","0","0","0","0","0","1"
"2016","09","180104","MOQUEGUA","MARISCAL NIETO","SAMEGUA","SANIDAD DE LA POLICIA NACIONAL DEL PERU","I-2","00015236","POSTA MEDICA PNP MOQUEGUA","4","1","0","0","0","0","0","2","0","0","0","0","1","8","2","1"
"2016","08","180104","MOQUEGUA","MARISCAL NIETO","SAMEGUA","SANIDAD DE LA POLICIA NACIONAL DEL PERU","I-2","00015236","POSTA MEDICA PNP MOQUEGUA","4","1","0","0","0","0","0","2","0","0","0","0","3","7","2","1"
"2016","12","150101","LIMA","LIMA","LIMA","PRIVADO","II-2","00015610","CLÍNICA INTERNACIONAL","61","61","92","372","0","3","180","15","5","4","28","11","9","185","0","0"
"2016","11","150101","LIMA","LIMA","LIMA","PRIVADO","II-2","00015610","CLÍNICA INTERNACIONAL","104","104","212","372","0","3","180","15","5","4","28","11","9","185","0","0"
"2016","10","150101","LIMA","LIMA","LIMA","PRIVADO","II-2","00015610","CLÍNICA INTERNACIONAL","104","104","212","372","0","3","180","15","5","4","28","11","9","185","0","0"
"2016","09","150101","LIMA","LIMA","LIMA","PRIVADO","II-2","00015610","CLÍNICA INTERNACIONAL","104","104","212","372","0","3","180","15","5","4","28","11","9","185","0","0"
"2016","07","150101","LIMA","LIMA","LIMA","PRIVADO","II-2","00015610","CLÍNICA INTERNACIONAL","104","104","212","372","0","3","180","15","5","4","28","11","9","185","0","0"
"2016","06","150101","LIMA","LIMA","LIMA","PRIVADO","II-2","00015610","CLÍNICA INTERNACIONAL","104","104","212","372","0","3","180","15","5","4","28","11","9","185","0","0"
"2016","08","150101","LIMA","LIMA","LIMA","PRIVADO","II-2","00015610","CLÍNICA INTERNACIONAL","104","104","212","372","0","3","180","15","5","4","28","11","9","185","0","0"
"2016","12","150108","LIMA","LIMA","CHORRILLOS","PRIVADO","II-1","00016005","ASOCIACION PRO VIDA PADRE BRUNO TRAVERSO","9","9","10","22","0","0","8","2","1","1","2","8","2","6","4","1"
"2016","08","150108","LIMA","LIMA","CHORRILLOS","PRIVADO","II-1","00016005","ASOCIACION PRO VIDA PADRE BRUNO TRAVERSO","9","9","10","22","0","0","8","2","1","1","2","8","2","6","4","1"
"2016","10","150108","LIMA","LIMA","CHORRILLOS","PRIVADO","II-1","00016005","ASOCIACION PRO VIDA PADRE BRUNO TRAVERSO","9","9","10","22","0","0","8","2","1","1","2","8","2","6","4","1"
"2016","09","150108","LIMA","LIMA","CHORRILLOS","PRIVADO","II-1","00016005","ASOCIACION PRO VIDA PADRE BRUNO TRAVERSO","9","9","10","22","0","0","8","2","1","1","2","8","2","6","4","1"
"2016","07","150108","LIMA","LIMA","CHORRILLOS","PRIVADO","II-1","00016005","ASOCIACION PRO VIDA PADRE BRUNO TRAVERSO","9","9","10","22","0","0","8","2","1","1","2","8","2","6","4","1"
"2016","12","150108","LIMA","LIMA","CHORRILLOS","SANIDAD DEL EJERCITO DEL PERU","I-4","00018171","POLICLINICO MILITAR CHORRILLOS","27","50","6","14","0","0","19","12","2","1","6","6","1","36","0","1"
"2016","12","040103","AREQUIPA","AREQUIPA","CAYMA","PRIVADO","II-1","00015730","CLINICA SAN JUAN DE DIOS","28","73","93","235","0","3","74","5","5","4","20","3","5","153","7","2"
"2016","03","040103","AREQUIPA","AREQUIPA","CAYMA","PRIVADO","II-1","00015730","CLINICA SAN JUAN DE DIOS","28","72","101","234","0","3","61","5","6","3","19","3","3","143","7","2"
"2016","07","040103","AREQUIPA","AREQUIPA","CAYMA","PRIVADO","II-1","00015730","CLINICA SAN JUAN DE DIOS","28","57","101","244","0","3","67","5","5","3","19","3","3","143","7","2"
"2016","09","040103","AREQUIPA","AREQUIPA","CAYMA","PRIVADO","II-1","00015730","CLINICA SAN JUAN DE DIOS","28","71","97","255","0","3","75","5","5","2","19","3","3","143","7","2"
"2016","08","040103","AREQUIPA","AREQUIPA","CAYMA","PRIVADO","II-1","00015730","CLINICA SAN JUAN DE DIOS","28","55","100","240","0","3","58","5","4","6","19","3","2","143","7","2"
"2016","05","040103","AREQUIPA","AREQUIPA","CAYMA","PRIVADO","II-1","00015730","CLINICA SAN JUAN DE DIOS","28","57","101","236","0","3","64","5","6","3","19","3","3","143","7","2"
"2016","06","040103","AREQUIPA","AREQUIPA","CAYMA","PRIVADO","II-1","00015730","CLINICA SAN JUAN DE DIOS","28","57","101","233","0","3","66","5","6","3","19","3","3","143","7","2"
"2016","11","040103","AREQUIPA","AREQUIPA","CAYMA","PRIVADO","II-1","00015730","CLINICA SAN JUAN DE DIOS","28","73","101","252","0","3","76","5","5","2","19","3","3","143","7","2"
"2016","01","040103","AREQUIPA","AREQUIPA","CAYMA","PRIVADO","II-1","00015730","CLINICA SAN JUAN DE DIOS","28","68","111","253","0","3","76","5","8","2","21","3","5","145","6","2"
"2016","10","040103","AREQUIPA","AREQUIPA","CAYMA","PRIVADO","II-1","00015730","CLINICA SAN JUAN DE DIOS","28","73","101","252","0","3","76","5","5","2","19","3","3","143","7","2"
"2016","04","040103","AREQUIPA","AREQUIPA","CAYMA","PRIVADO","II-1","00015730","CLINICA SAN JUAN DE DIOS","28","72","101","235","0","3","62","5","6","3","19","3","3","143","7","2"
"2016","02","040103","AREQUIPA","AREQUIPA","CAYMA","PRIVADO","II-1","00015730","CLINICA SAN JUAN DE DIOS","28","62","110","228","0","3","77","5","5","5","17","3","5","153","7","2"
"2016","12","150116","LIMA","LIMA","LINCE","PRIVADO","II-E","00015684","CLINICA GONZALEZ S.A.","41","41","23","90","0","0","19","5","3","1","3","5","1","23","3","1"
"2016","11","150116","LIMA","LIMA","LINCE","PRIVADO","II-E","00015684","CLINICA GONZALEZ S.A.","41","41","23","90","0","0","19","5","3","1","3","5","1","23","3","1"
"2016","10","150116","LIMA","LIMA","LINCE","PRIVADO","II-E","00015684","CLINICA GONZALEZ S.A.","41","41","23","90","0","0","19","5","3","1","3","5","1","23","3","1"
"2016","09","150116","LIMA","LIMA","LINCE","PRIVADO","II-E","00015684","CLINICA GONZALEZ S.A.","41","41","23","90","0","0","19","5","3","1","3","5","1","23","3","1"
"2016","08","150116","LIMA","LIMA","LINCE","PRIVADO","II-E","00015684","CLINICA GONZALEZ S.A.","41","41","23","90","0","0","19","5","3","1","3","5","1","23","3","1"
"2016","07","150116","LIMA","LIMA","LINCE","PRIVADO","II-E","00015684","CLINICA GONZALEZ S.A.","41","41","23","90","0","0","19","5","3","1","3","5","1","23","3","1"
"2016","05","150116","LIMA","LIMA","LINCE","PRIVADO","II-E","00015684","CLINICA GONZALEZ S.A.","41","41","23","86","0","0","18","5","2","1","2","5","1","23","3","1"
"2016","06","150116","LIMA","LIMA","LINCE","PRIVADO","II-E","00015684","CLINICA GONZALEZ S.A.","41","41","23","90","0","0","19","5","3","1","3","5","1","23","3","1"
"2016","12","021801","ANCASH","SANTA","CHIMBOTE","PRIVADO","0","00015996","CENTRO DE DIALISIS DEL SANTA - CEDISAN","2","2","0","4","0","0","5","0","1","1","0","0","0","7","3","0"
"2016","11","021801","ANCASH","SANTA","CHIMBOTE","PRIVADO","0","00015996","CENTRO DE DIALISIS DEL SANTA - CEDISAN","2","2","0","4","0","0","5","0","1","1","0","0","0","7","3","0"
"2016","10","021801","ANCASH","SANTA","CHIMBOTE","PRIVADO","0","00015996","CENTRO DE DIALISIS DEL SANTA - CEDISAN","2","2","0","4","0","0","5","0","1","1","0","0","0","7","3","0"
"2016","09","021801","ANCASH","SANTA","CHIMBOTE","PRIVADO","0","00015996","CENTRO DE DIALISIS DEL SANTA - CEDISAN","2","2","0","4","0","0","5","0","1","1","0","0","0","7","3","0"
"2016","08","021801","ANCASH","SANTA","CHIMBOTE","PRIVADO","0","00015996","CENTRO DE DIALISIS DEL SANTA - CEDISAN","2","2","0","4","0","0","5","0","1","1","0","0","0","7","3","0"
"2016","07","021801","ANCASH","SANTA","CHIMBOTE","PRIVADO","0","00015996","CENTRO DE DIALISIS DEL SANTA - CEDISAN","2","2","0","4","0","0","5","0","1","1","0","0","0","7","3","0"
"2016","05","021801","ANCASH","SANTA","CHIMBOTE","PRIVADO","0","00015996","CENTRO DE DIALISIS DEL SANTA - CEDISAN","2","2","0","4","0","0","5","0","1","1","0","0","0","7","3","0"
"2016","06","021801","ANCASH","SANTA","CHIMBOTE","PRIVADO","0","00015996","CENTRO DE DIALISIS DEL SANTA - CEDISAN","2","2","0","4","0","0","5","0","1","1","0","0","0","7","3","0"
"2016","04","021801","ANCASH","SANTA","CHIMBOTE","PRIVADO","0","00015996","CENTRO DE DIALISIS DEL SANTA - CEDISAN","2","2","0","4","0","0","5","0","1","1","0","0","0","7","3","0"
"2016","12","150130","LIMA","LIMA","SAN BORJA","MINSA","III-2","00016918","INSTITUTO NACIONAL DE SALUD NIÑO SAN BORJA","47","50","253","222","0","23","474","4","6","10","59","0","12","277","26","2"
"2016","11","150130","LIMA","LIMA","SAN BORJA","MINSA","III-2","00016918","INSTITUTO NACIONAL DE SALUD NIÑO SAN BORJA","47","53","253","222","0","21","474","4","6","10","59","0","12","277","26","2"
"2016","10","150130","LIMA","LIMA","SAN BORJA","MINSA","III-2","00016918","INSTITUTO NACIONAL DE SALUD NIÑO SAN BORJA","47","52","253","222","0","21","474","2","6","10","59","0","12","277","26","2"
"2016","08","150130","LIMA","LIMA","SAN BORJA","MINSA","III-2","00016918","INSTITUTO NACIONAL DE SALUD NIÑO SAN BORJA","47","48","253","208","0","21","469","4","6","11","46","0","11","249","26","2"
"2016","09","150130","LIMA","LIMA","SAN BORJA","MINSA","III-2","00016918","INSTITUTO NACIONAL DE SALUD NIÑO SAN BORJA","47","52","253","222","0","21","474","4","6","10","59","0","12","277","26","2"
"2016","07","150130","LIMA","LIMA","SAN BORJA","MINSA","III-2","00016918","INSTITUTO NACIONAL DE SALUD NIÑO SAN BORJA","47","49","253","208","0","21","377","4","6","22","40","0","22","234","26","2"
"2016","05","150130","LIMA","LIMA","SAN BORJA","MINSA","III-2","00016918","INSTITUTO NACIONAL DE SALUD NIÑO SAN BORJA","47","46","253","208","0","21","377","1","6","22","40","0","22","234","26","2"
"2016","06","150130","LIMA","LIMA","SAN BORJA","MINSA","III-2","00016918","INSTITUTO NACIONAL DE SALUD NIÑO SAN BORJA","47","48","253","208","0","21","377","4","6","22","40","0","22","234","26","2"
"2016","02","150130","LIMA","LIMA","SAN BORJA","MINSA","III-2","00016918","INSTITUTO NACIONAL DE SALUD NIÑO SAN BORJA","47","38","253","208","0","21","377","1","5","22","40","0","22","234","26","2"
"2016","01","150130","LIMA","LIMA","SAN BORJA","MINSA","III-2","00016918","INSTITUTO NACIONAL DE SALUD NIÑO SAN BORJA","47","38","253","208","0","21","377","1","4","22","40","0","22","234","26","2"
"2016","04","150130","LIMA","LIMA","SAN BORJA","MINSA","III-2","00016918","INSTITUTO NACIONAL DE SALUD NIÑO SAN BORJA","47","43","253","208","0","21","377","1","6","22","40","0","22","234","26","2"
"2016","03","150130","LIMA","LIMA","SAN BORJA","MINSA","III-2","00016918","INSTITUTO NACIONAL DE SALUD NIÑO SAN BORJA","47","43","253","208","0","21","377","1","5","22","40","0","22","234","26","2"
"2016","12","180301","MOQUEGUA","ILO","ILO","ESSALUD","II-1","00016153","HOSPITAL II ILO","17","17","20","51","0","0","41","4","1","1","6","9","2","5","63","4"
"2016","10","180301","MOQUEGUA","ILO","ILO","ESSALUD","II-1","00016153","HOSPITAL II ILO","17","20","19","49","0","0","39","5","1","1","6","9","2","5","67","4"
"2016","11","180301","MOQUEGUA","ILO","ILO","ESSALUD","II-1","00016153","HOSPITAL II ILO","17","18","21","51","0","0","40","5","1","1","6","9","2","5","62","4"
"2016","09","180301","MOQUEGUA","ILO","ILO","ESSALUD","II-1","00016153","HOSPITAL II ILO","18","18","21","52","0","0","38","5","1","1","5","9","2","5","67","5"
"2016","08","180301","MOQUEGUA","ILO","ILO","ESSALUD","II-1","00016153","HOSPITAL II ILO","18","19","19","50","0","0","38","5","1","1","5","9","2","5","45","5"
"2016","07","180301","MOQUEGUA","ILO","ILO","ESSALUD","II-1","00016153","HOSPITAL II ILO","18","19","28","53","0","0","37","5","1","1","5","11","2","5","62","5"
"2016","06","180301","MOQUEGUA","ILO","ILO","ESSALUD","II-1","00016153","HOSPITAL II ILO","18","18","20","51","0","0","39","5","1","1","5","10","2","5","68","5"
"2016","05","180301","MOQUEGUA","ILO","ILO","ESSALUD","II-1","00016153","HOSPITAL II ILO","18","17","23","46","0","0","37","5","1","1","5","8","2","5","46","5"
"2016","03","180301","MOQUEGUA","ILO","ILO","ESSALUD","II-1","00016153","HOSPITAL II ILO","18","19","22","47","0","0","39","5","1","1","5","8","2","5","46","5"
"2016","04","180301","MOQUEGUA","ILO","ILO","ESSALUD","II-1","00016153","HOSPITAL II ILO","18","19","23","49","0","0","38","5","1","1","5","8","2","5","67","5"
"2016","01","180301","MOQUEGUA","ILO","ILO","ESSALUD","II-1","00016153","HOSPITAL II ILO","18","20","24","46","0","0","36","5","1","1","5","8","2","5","68","5"
"2016","02","180301","MOQUEGUA","ILO","ILO","ESSALUD","II-1","00016153","HOSPITAL II ILO","18","17","23","47","0","0","39","5","1","1","5","8","2","5","68","5"
"2016","12","130101","LA LIBERTAD","TRUJILLO","TRUJILLO","PRIVADO","II-E","00016830","CLINICA CAMINO REAL","13","13","0","61","0","0","6","0","1","1","1","0","1","10","0","1"
"2016","10","130101","LA LIBERTAD","TRUJILLO","TRUJILLO","PRIVADO","II-E","00016830","CLINICA CAMINO REAL","13","13","0","56","0","0","6","0","1","1","1","0","1","10","0","1"
"2016","11","130101","LA LIBERTAD","TRUJILLO","TRUJILLO","PRIVADO","II-E","00016830","CLINICA CAMINO REAL","13","13","0","59","0","0","6","0","1","1","1","0","1","10","0","1"
"2016","09","130101","LA LIBERTAD","TRUJILLO","TRUJILLO","PRIVADO","II-E","00016830","CLINICA CAMINO REAL","13","13","0","58","0","0","6","0","1","1","1","0","1","9","0","1"
"2016","08","130101","LA LIBERTAD","TRUJILLO","TRUJILLO","PRIVADO","II-E","00016830","CLINICA CAMINO REAL","13","13","0","54","0","0","6","0","1","1","1","0","1","9","0","1"
"2016","07","130101","LA LIBERTAD","TRUJILLO","TRUJILLO","PRIVADO","II-E","00016830","CLINICA CAMINO REAL","13","13","0","54","0","0","6","0","1","1","1","0","1","9","0","1"
"2016","06","130101","LA LIBERTAD","TRUJILLO","TRUJILLO","PRIVADO","II-E","00016830","CLINICA CAMINO REAL","13","13","0","54","0","0","6","0","1","1","1","0","1","8","0","1"
"2016","05","130101","LA LIBERTAD","TRUJILLO","TRUJILLO","PRIVADO","II-E","00016830","CLINICA CAMINO REAL","13","13","0","43","0","0","6","0","1","1","1","0","1","6","0","1"
"2016","01","130101","LA LIBERTAD","TRUJILLO","TRUJILLO","PRIVADO","II-E","00016830","CLINICA CAMINO REAL","13","13","0","39","0","0","4","0","1","1","1","0","1","4","0","1"
"2016","02","130101","LA LIBERTAD","TRUJILLO","TRUJILLO","PRIVADO","II-E","00016830","CLINICA CAMINO REAL","13","13","0","29","0","0","4","0","1","1","2","0","1","4","0","1"
"2016","03","130101","LA LIBERTAD","TRUJILLO","TRUJILLO","PRIVADO","II-E","00016830","CLINICA CAMINO REAL","13","13","0","39","0","0","4","0","1","1","2","0","1","5","0","1"
"2016","04","130101","LA LIBERTAD","TRUJILLO","TRUJILLO","PRIVADO","II-E","00016830","CLINICA CAMINO REAL","13","13","0","39","0","0","6","0","1","1","1","0","1","6","0","1"
"2016","12","180101","MOQUEGUA","MARISCAL NIETO","MOQUEGUA","ESSALUD","II-1","00016157","HOSPITAL II MOQUEGUA","13","27","27","67","0","0","44","6","3","2","10","16","3","4","145","5"
"2016","11","180101","MOQUEGUA","MARISCAL NIETO","MOQUEGUA","ESSALUD","II-1","00016157","HOSPITAL II MOQUEGUA","13","27","32","66","0","0","44","6","3","2","10","16","3","4","146","4"
"2016","10","180101","MOQUEGUA","MARISCAL NIETO","MOQUEGUA","ESSALUD","II-1","00016157","HOSPITAL II MOQUEGUA","13","27","32","64","0","0","41","6","3","2","9","15","2","82","80","6"
"2016","09","180101","MOQUEGUA","MARISCAL NIETO","MOQUEGUA","ESSALUD","II-1","00016157","HOSPITAL II MOQUEGUA","13","27","30","63","0","0","41","6","3","2","9","14","4","82","79","4"
"2016","08","180101","MOQUEGUA","MARISCAL NIETO","MOQUEGUA","ESSALUD","II-1","00016157","HOSPITAL II MOQUEGUA","13","27","30","63","0","0","42","6","3","2","9","13","4","82","78","4"
"2016","07","180101","MOQUEGUA","MARISCAL NIETO","MOQUEGUA","ESSALUD","II-1","00016157","HOSPITAL II MOQUEGUA","13","27","30","61","0","0","42","6","3","2","10","13","4","82","75","4"
"2016","06","180101","MOQUEGUA","MARISCAL NIETO","MOQUEGUA","ESSALUD","II-1","00016157","HOSPITAL II MOQUEGUA","13","27","31","63","0","0","42","6","3","2","9","13","4","82","74","4"
"2016","05","180101","MOQUEGUA","MARISCAL NIETO","MOQUEGUA","ESSALUD","II-1","00016157","HOSPITAL II MOQUEGUA","13","27","33","59","0","0","44","6","3","2","10","13","4","82","74","6"
"2016","02","180101","MOQUEGUA","MARISCAL NIETO","MOQUEGUA","ESSALUD","II-1","00016157","HOSPITAL II MOQUEGUA","13","27","32","57","0","0","42","6","2","2","10","12","4","80","65","6"
"2016","04","180101","MOQUEGUA","MARISCAL NIETO","MOQUEGUA","ESSALUD","II-1","00016157","HOSPITAL II MOQUEGUA","13","27","32","59","0","0","42","6","3","2","10","13","4","80","65","6"
"2016","01","180101","MOQUEGUA","MARISCAL NIETO","MOQUEGUA","ESSALUD","II-1","00016157","HOSPITAL II MOQUEGUA","13","27","34","57","0","0","42","6","2","2","10","12","4","80","65","6"
"2016","03","180101","MOQUEGUA","MARISCAL NIETO","MOQUEGUA","ESSALUD","II-1","00016157","HOSPITAL II MOQUEGUA","13","27","34","57","0","0","42","6","3","2","10","12","4","80","65","6"
"2016","12","040520","AREQUIPA","CAYLLOMA","MAJES","GOBIERNO REGIONAL","II-1","00016721","HOSPITAL CENTRAL DE MAJES ING. ANGEL GABRIEL CHURA GALLEGOS","9","7","41","32","0","0","47","2","1","4","0","18","3","44","10","1"
"2016","11","040520","AREQUIPA","CAYLLOMA","MAJES","GOBIERNO REGIONAL","II-1","00016721","HOSPITAL CENTRAL DE MAJES ING. ANGEL GABRIEL CHURA GALLEGOS","9","18","41","36","0","0","49","2","1","4","0","18","4","44","10","1"
"2016","10","040520","AREQUIPA","CAYLLOMA","MAJES","GOBIERNO REGIONAL","II-1","00016721","HOSPITAL CENTRAL DE MAJES ING. ANGEL GABRIEL CHURA GALLEGOS","9","7","41","31","0","0","40","2","1","4","0","14","3","44","10","1"
"2016","09","040520","AREQUIPA","CAYLLOMA","MAJES","GOBIERNO REGIONAL","II-1","00016721","HOSPITAL CENTRAL DE MAJES ING. ANGEL GABRIEL CHURA GALLEGOS","9","8","41","32","0","0","31","2","1","4","0","11","2","44","2","1"
"2016","07","040520","AREQUIPA","CAYLLOMA","MAJES","GOBIERNO REGIONAL","II-1","00016721","HOSPITAL CENTRAL DE MAJES ING. ANGEL GABRIEL CHURA GALLEGOS","9","9","41","35","0","0","39","2","1","4","0","13","3","50","2","1"
"2016","08","040520","AREQUIPA","CAYLLOMA","MAJES","GOBIERNO REGIONAL","II-1","00016721","HOSPITAL CENTRAL DE MAJES ING. ANGEL GABRIEL CHURA GALLEGOS","9","8","41","33","0","0","39","2","1","4","0","13","3","48","2","1"
"2016","01","040520","AREQUIPA","CAYLLOMA","MAJES","GOBIERNO REGIONAL","II-1","00016721","HOSPITAL CENTRAL DE MAJES ING. ANGEL GABRIEL CHURA GALLEGOS","9","9","41","34","0","0","38","2","1","3","0","14","2","50","2","1"
"2016","02","040520","AREQUIPA","CAYLLOMA","MAJES","GOBIERNO REGIONAL","II-1","00016721","HOSPITAL CENTRAL DE MAJES ING. ANGEL GABRIEL CHURA GALLEGOS","9","9","41","34","0","0","38","2","1","3","0","14","2","50","2","1"
"2016","05","040520","AREQUIPA","CAYLLOMA","MAJES","GOBIERNO REGIONAL","II-1","00016721","HOSPITAL CENTRAL DE MAJES ING. ANGEL GABRIEL CHURA GALLEGOS","9","9","41","35","0","0","37","2","1","3","0","14","3","50","2","1"
"2016","06","040520","AREQUIPA","CAYLLOMA","MAJES","GOBIERNO REGIONAL","II-1","00016721","HOSPITAL CENTRAL DE MAJES ING. ANGEL GABRIEL CHURA GALLEGOS","9","9","41","35","0","0","39","2","1","3","0","14","3","51","2","1"
"2016","03","040520","AREQUIPA","CAYLLOMA","MAJES","GOBIERNO REGIONAL","II-1","00016721","HOSPITAL CENTRAL DE MAJES ING. ANGEL GABRIEL CHURA GALLEGOS","9","9","41","36","0","0","38","2","1","3","0","14","3","50","2","1"
"2016","04","040520","AREQUIPA","CAYLLOMA","MAJES","GOBIERNO REGIONAL","II-1","00016721","HOSPITAL CENTRAL DE MAJES ING. ANGEL GABRIEL CHURA GALLEGOS","9","9","41","34","0","0","38","2","1","3","0","14","2","50","2","1"
"2016","11","150112","LIMA","LIMA","INDEPENDENCIA","ESSALUD","I-3","00016357","CENTRO DE ATENCION PRIMARIA III INDEPENDENCIA - RAA - ESSALUD","9","18","0","10","0","0","10","3","1","1","3","2","1","3","25","0"
"2016","12","150112","LIMA","LIMA","INDEPENDENCIA","ESSALUD","I-3","00016357","CENTRO DE ATENCION PRIMARIA III INDEPENDENCIA - RAA - ESSALUD","7","14","0","10","0","0","11","3","1","1","5","2","1","17","0","0"
"2016","08","150125","LIMA","LIMA","PUENTE PIEDRA","PRIVADO","II-E","00016353","CLINICA MONTELUZ","18","36","22","22","0","0","17","2","1","1","1","14","0","19","0","1"
"2016","07","150125","LIMA","LIMA","PUENTE PIEDRA","PRIVADO","II-E","00016353","CLINICA MONTELUZ","18","36","22","19","0","0","17","2","1","1","1","14","0","20","0","1"
"2016","05","150125","LIMA","LIMA","PUENTE PIEDRA","PRIVADO","II-E","00016353","CLINICA MONTELUZ","18","36","21","19","0","0","17","2","1","1","1","14","0","20","0","1"
"2016","01","150125","LIMA","LIMA","PUENTE PIEDRA","PRIVADO","II-E","00016353","CLINICA MONTELUZ","14","14","22","30","0","0","16","2","1","1","2","13","0","20","15","0"
"2016","04","150125","LIMA","LIMA","PUENTE PIEDRA","PRIVADO","II-E","00016353","CLINICA MONTELUZ","14","14","22","30","0","0","16","2","1","1","2","13","0","20","15","0"
"2016","03","150125","LIMA","LIMA","PUENTE PIEDRA","PRIVADO","II-E","00016353","CLINICA MONTELUZ","14","14","22","30","0","0","16","2","1","1","2","13","0","20","15","0"
"2016","02","150125","LIMA","LIMA","PUENTE PIEDRA","PRIVADO","II-E","00016353","CLINICA MONTELUZ","14","14","22","30","0","0","16","2","1","1","2","13","0","20","15","0"
"2016","12","010601","AMAZONAS","RODRIGUEZ DE MENDOZA","SAN NICOLAS","GOBIERNO REGIONAL","II-1","00004950","MARIA AUXILIADORA","12","15","18","7","0","0","9","3","3","1","1","7","0","1","18","1"
"2016","10","010601","AMAZONAS","RODRIGUEZ DE MENDOZA","SAN NICOLAS","GOBIERNO REGIONAL","II-1","00004950","MARIA AUXILIADORA","12","16","16","7","0","0","7","4","3","1","1","7","0","1","17","1"
"2016","11","010601","AMAZONAS","RODRIGUEZ DE MENDOZA","SAN NICOLAS","GOBIERNO REGIONAL","II-1","00004950","MARIA AUXILIADORA","12","15","18","7","0","0","9","3","3","1","1","7","0","1","18","1"
"2016","09","010601","AMAZONAS","RODRIGUEZ DE MENDOZA","SAN NICOLAS","GOBIERNO REGIONAL","II-1","00004950","MARIA AUXILIADORA","12","16","16","7","0","0","7","4","3","1","1","7","0","1","17","1"
"2016","07","010601","AMAZONAS","RODRIGUEZ DE MENDOZA","SAN NICOLAS","GOBIERNO REGIONAL","II-1","00004950","MARIA AUXILIADORA","12","16","16","6","0","0","6","2","2","1","1","6","0","1","21","1"
"2016","08","010601","AMAZONAS","RODRIGUEZ DE MENDOZA","SAN NICOLAS","GOBIERNO REGIONAL","II-1","00004950","MARIA AUXILIADORA","12","16","16","6","0","0","7","3","2","1","1","7","0","1","16","1"
"2016","04","010601","AMAZONAS","RODRIGUEZ DE MENDOZA","SAN NICOLAS","GOBIERNO REGIONAL","II-1","00004950","MARIA AUXILIADORA","12","16","16","6","0","0","6","2","1","1","1","6","0","1","19","1"
"2016","06","010601","AMAZONAS","RODRIGUEZ DE MENDOZA","SAN NICOLAS","GOBIERNO REGIONAL","II-1","00004950","MARIA AUXILIADORA","12","16","16","6","0","0","6","2","2","1","1","6","0","1","21","1"
"2016","05","010601","AMAZONAS","RODRIGUEZ DE MENDOZA","SAN NICOLAS","GOBIERNO REGIONAL","II-1","00004950","MARIA AUXILIADORA","12","16","16","6","0","0","0","6","2","2","1","1","6","0","1","38"
"2016","03","010601","AMAZONAS","RODRIGUEZ DE MENDOZA","SAN NICOLAS","GOBIERNO REGIONAL","II-1","00004950","MARIA AUXILIADORA","12","16","16","6","0","0","6","2","1","1","1","6","0","1","19","1"
"2016","02","010601","AMAZONAS","RODRIGUEZ DE MENDOZA","SAN NICOLAS","GOBIERNO REGIONAL","II-1","00004950","MARIA AUXILIADORA","12","16","16","6","0","0","6","2","1","1","1","6","0","1","19","1"
"2016","01","010601","AMAZONAS","RODRIGUEZ DE MENDOZA","SAN NICOLAS","GOBIERNO REGIONAL","II-1","00004950","MARIA AUXILIADORA","12","16","16","6","0","0","6","2","1","1","1","6","0","1","19","1"
"2016","04","150113","LIMA","LIMA","JESUS MARIA","ESSALUD","III-E","00018011","INCOR","9","15","88","125","0","42","203","2","3","6","24","0","6","132","2","0"
"2016","05","150113","LIMA","LIMA","JESUS MARIA","ESSALUD","III-E","00018011","INCOR","9","15","91","124","0","42","203","2","3","6","24","0","7","132","2","0"
"2016","11","150113","LIMA","LIMA","JESUS MARIA","ESSALUD","III-E","00018011","INCOR","8","14","97","123","0","43","205","2","3","6","23","0","7","135","2","0"
"2016","12","150113","LIMA","LIMA","JESUS MARIA","ESSALUD","III-E","00018011","INCOR","8","14","97","124","0","43","205","2","3","6","23","0","7","135","2","0"
"2016","10","150113","LIMA","LIMA","JESUS MARIA","ESSALUD","III-E","00018011","INCOR","8","14","93","121","0","43","205","2","3","6","23","0","7","134","2","0"
"2016","08","150113","LIMA","LIMA","JESUS MARIA","ESSALUD","III-E","00018011","INCOR","9","15","90","120","0","43","203","2","3","6","24","0","7","134","2","0"
"2016","09","150113","LIMA","LIMA","JESUS MARIA","ESSALUD","III-E","00018011","INCOR","8","14","94","120","0","43","205","2","3","6","23","0","7","134","2","0"
"2016","07","150113","LIMA","LIMA","JESUS MARIA","ESSALUD","III-E","00018011","INCOR","9","15","89","120","0","28","203","2","3","6","24","0","7","134","2","0"
"2016","06","150113","LIMA","LIMA","JESUS MARIA","ESSALUD","III-E","00018011","INCOR","9","15","91","122","0","42","204","2","3","6","24","0","7","131","2","0"
"2016","02","150113","LIMA","LIMA","JESUS MARIA","ESSALUD","III-E","00018011","INCOR","9","15","97","127","0","42","206","2","3","6","24","0","6","134","2","0"
"2016","03","150113","LIMA","LIMA","JESUS MARIA","ESSALUD","III-E","00018011","INCOR","9","15","90","126","0","42","203","2","3","6","24","0","6","133","2","0"
"2016","01","150113","LIMA","LIMA","JESUS MARIA","ESSALUD","III-E","00018011","INCOR","9","15","95","126","0","42","206","2","3","6","24","0","6","134","2","0"
"2016","12","070101","CALLAO","CALLAO","CALLAO","GOBIERNO REGIONAL","I-4","00006228","NESTOR GAMBETTA","11","10","5","11","0","0","4","2","1","1","1","6","1","12","0","0"
"2016","11","070101","CALLAO","CALLAO","CALLAO","GOBIERNO REGIONAL","I-4","00006228","NESTOR GAMBETTA","11","10","5","10","0","0","3","2","1","1","1","7","1","12","0","0"
"2016","10","070101","CALLAO","CALLAO","CALLAO","GOBIERNO REGIONAL","I-4","00006228","NESTOR GAMBETTA","11","10","5","12","0","0","4","2","1","1","1","7","1","14","0","0"
"2016","09","070101","CALLAO","CALLAO","CALLAO","GOBIERNO REGIONAL","I-4","00006228","NESTOR GAMBETTA","11","10","5","12","0","0","4","2","1","1","3","7","1","14","0","0"
"2016","08","070101","CALLAO","CALLAO","CALLAO","GOBIERNO REGIONAL","I-4","00006228","NESTOR GAMBETTA","11","10","5","12","0","0","4","2","1","1","4","7","1","8","2","0"
"2016","07","070101","CALLAO","CALLAO","CALLAO","GOBIERNO REGIONAL","I-4","00006228","NESTOR GAMBETTA","11","10","5","10","0","0","4","2","1","1","4","7","1","8","0","0"
"2016","12","070101","CALLAO","CALLAO","CALLAO","GOBIERNO REGIONAL","I-2","00006244","P.S. 200 MILLAS","5","8","0","3","0","0","2","1","1","0","0","2","0","0","0","0"
"2016","09","070101","CALLAO","CALLAO","CALLAO","GOBIERNO REGIONAL","I-2","00006244","P.S. 200 MILLAS","10","9","0","10","1","0","5","4","2","0","0","4","0","5","2","0"
"2016","12","040701","AREQUIPA","ISLAY","MOLLENDO","ESSALUD","II-1","00013295","HOSPITAL II MANUEL DE TORRES MUÑOZ -  MOLLENDO","13","14","33","33","0","0","34","3","1","1","0","6","2","110","2","2"
"2016","10","040701","AREQUIPA","ISLAY","MOLLENDO","ESSALUD","II-1","00013295","HOSPITAL II MANUEL DE TORRES MUÑOZ -  MOLLENDO","13","14","33","33","0","0","34","3","1","1","0","6","2","110","2","2"
"2016","11","040701","AREQUIPA","ISLAY","MOLLENDO","ESSALUD","II-1","00013295","HOSPITAL II MANUEL DE TORRES MUÑOZ -  MOLLENDO","13","14","33","33","0","0","34","3","1","1","0","6","2","110","2","2"
"2016","09","040701","AREQUIPA","ISLAY","MOLLENDO","ESSALUD","II-1","00013295","HOSPITAL II MANUEL DE TORRES MUÑOZ -  MOLLENDO","13","13","33","33","0","0","34","3","1","1","0","6","2","110","2","2"
"2016","08","040701","AREQUIPA","ISLAY","MOLLENDO","ESSALUD","II-1","00013295","HOSPITAL II MANUEL DE TORRES MUÑOZ -  MOLLENDO","13","13","33","33","0","0","34","3","1","1","0","6","2","111","2","2"
"2016","07","040701","AREQUIPA","ISLAY","MOLLENDO","ESSALUD","II-1","00013295","HOSPITAL II MANUEL DE TORRES MUÑOZ -  MOLLENDO","13","13","33","35","0","0","34","4","1","1","0","6","2","111","2","2"
"2016","05","040701","AREQUIPA","ISLAY","MOLLENDO","ESSALUD","II-1","00013295","HOSPITAL II MANUEL DE TORRES MUÑOZ -  MOLLENDO","13","13","33","33","0","0","34","4","1","1","0","5","2","109","2","2"
"2016","06","040701","AREQUIPA","ISLAY","MOLLENDO","ESSALUD","II-1","00013295","HOSPITAL II MANUEL DE TORRES MUÑOZ -  MOLLENDO","13","13","33","34","0","0","34","4","1","1","0","5","2","109","2","2"
"2016","01","040701","AREQUIPA","ISLAY","MOLLENDO","ESSALUD","II-1","00013295","HOSPITAL II MANUEL DE TORRES MUÑOZ -  MOLLENDO","13","14","40","34","0","0","34","4","1","1","0","4","1","109","4","2"
"2016","03","040701","AREQUIPA","ISLAY","MOLLENDO","ESSALUD","II-1","00013295","HOSPITAL II MANUEL DE TORRES MUÑOZ -  MOLLENDO","13","13","40","32","0","0","34","4","1","1","0","5","1","109","4","2"
"2016","04","040701","AREQUIPA","ISLAY","MOLLENDO","ESSALUD","II-1","00013295","HOSPITAL II MANUEL DE TORRES MUÑOZ -  MOLLENDO","13","13","33","32","0","0","34","4","1","1","0","5","1","109","4","2"
"2016","03","150132","LIMA","LIMA","SAN JUAN DE LURIGANCHO","ESSALUD","II-1","00008317","HOSPITAL AURELIO DIAZ UFANO Y PERAL","47","91","56","100","1","12","75","12","3","6","24","21","4","100","2","0"
"2016","04","150132","LIMA","LIMA","SAN JUAN DE LURIGANCHO","ESSALUD","II-1","00008317","HOSPITAL AURELIO DIAZ UFANO Y PERAL","47","98","56","97","1","12","75","12","3","5","23","21","4","98","2","0"
"2016","12","150132","LIMA","LIMA","SAN JUAN DE LURIGANCHO","ESSALUD","II-1","00008317","HOSPITAL AURELIO DIAZ UFANO Y PERAL","40","80","55","100","1","12","75","10","3","4","19","20","4","93","2","0"
"2016","08","150132","LIMA","LIMA","SAN JUAN DE LURIGANCHO","ESSALUD","II-1","00008317","HOSPITAL AURELIO DIAZ UFANO Y PERAL","40","80","56","102","1","12","75","12","3","6","22","21","4","100","2","0"
"2016","07","150132","LIMA","LIMA","SAN JUAN DE LURIGANCHO","ESSALUD","II-1","00008317","HOSPITAL AURELIO DIAZ UFANO Y PERAL","40","81","56","100","1","10","75","11","3","7","24","21","4","102","2","0"
"2016","06","150132","LIMA","LIMA","SAN JUAN DE LURIGANCHO","ESSALUD","II-1","00008317","HOSPITAL AURELIO DIAZ UFANO Y PERAL","40","92","56","101","1","12","75","12","3","7","25","24","4","100","2","0"
"2016","05","150132","LIMA","LIMA","SAN JUAN DE LURIGANCHO","ESSALUD","II-1","00008317","HOSPITAL AURELIO DIAZ UFANO Y PERAL","40","92","56","98","1","12","75","12","3","7","23","24","4","100","2","0"
"2016","02","150132","LIMA","LIMA","SAN JUAN DE LURIGANCHO","ESSALUD","II-1","00008317","HOSPITAL AURELIO DIAZ UFANO Y PERAL","47","84","56","97","1","12","75","12","2","6","21","21","4","101","2","0"
"2016","01","150132","LIMA","LIMA","SAN JUAN DE LURIGANCHO","ESSALUD","II-1","00008317","HOSPITAL AURELIO DIAZ UFANO Y PERAL","47","88","56","100","1","12","75","12","2","6","23","21","4","101","2","0"
"2016","09","150132","LIMA","LIMA","SAN JUAN DE LURIGANCHO","ESSALUD","II-1","00008317","HOSPITAL AURELIO DIAZ UFANO Y PERAL","40","87","56","104","1","12","75","11","3","7","22","24","4","101","2","0"
"2016","11","150132","LIMA","LIMA","SAN JUAN DE LURIGANCHO","ESSALUD","II-1","00008317","HOSPITAL AURELIO DIAZ UFANO Y PERAL","40","88","54","100","1","12","75","11","3","6","22","22","4","98","2","0"
"2016","10","150132","LIMA","LIMA","SAN JUAN DE LURIGANCHO","ESSALUD","II-1","00008317","HOSPITAL AURELIO DIAZ UFANO Y PERAL","40","86","51","116","1","12","75","12","3","5","22","25","4","86","2","0"
"2016","12","150134","LIMA","LIMA","SAN LUIS","ESSALUD","I-3","00008289","ESSALUD","13","17","0","23","0","0","15","4","2","1","3","3","1","41","1","0"
"2016","11","150134","LIMA","LIMA","SAN LUIS","ESSALUD","I-3","00008289","ESSALUD","13","20","0","23","0","0","15","4","2","1","3","3","2","41","1","0"
"2016","12","020703","ANCASH","CARLOS FERMIN FITZCARRALD","YAUYA","GOBIERNO REGIONAL","I-3","00001861","CENTRO DE SALUD YAUYA","4","4","3","1","0","0","2","1","0","0","0","2","0","6","0","1"
"2016","11","020703","ANCASH","CARLOS FERMIN FITZCARRALD","YAUYA","GOBIERNO REGIONAL","I-3","00001861","CENTRO DE SALUD YAUYA","4","4","3","1","0","0","1","1","0","0","0","2","0","5","1","1"
"2016","10","020703","ANCASH","CARLOS FERMIN FITZCARRALD","YAUYA","GOBIERNO REGIONAL","I-3","00001861","CENTRO DE SALUD YAUYA","5","5","0","1","0","0","1","1","0","0","0","2","0","5","2","1"
"2016","11","140105","LAMBAYEQUE","CHICLAYO","JOSE LEONARDO ORTIZ","GOBIERNO REGIONAL","I-3","00004332","PEDRO PABLO ATUSPARIAS","14","18","4","7","0","0","8","2","2","0","0","10","0","21","1","0"
"2016","09","140105","LAMBAYEQUE","CHICLAYO","JOSE LEONARDO ORTIZ","GOBIERNO REGIONAL","I-3","00004332","PEDRO PABLO ATUSPARIAS","13","13","4","7","0","0","8","2","3","0","0","10","0","21","1","0"
"2016","08","140105","LAMBAYEQUE","CHICLAYO","JOSE LEONARDO ORTIZ","GOBIERNO REGIONAL","I-3","00004332","PEDRO PABLO ATUSPARIAS","14","18","4","7","0","0","8","2","3","0","1","10","1","21","1","0"
"2016","07","140105","LAMBAYEQUE","CHICLAYO","JOSE LEONARDO ORTIZ","GOBIERNO REGIONAL","I-3","00004332","PEDRO PABLO ATUSPARIAS","14","18","4","5","0","0","8","2","3","0","1","10","1","21","1","0"
"2016","06","140105","LAMBAYEQUE","CHICLAYO","JOSE LEONARDO ORTIZ","GOBIERNO REGIONAL","I-3","00004332","PEDRO PABLO ATUSPARIAS","14","18","4","5","0","0","8","2","3","0","1","10","1","21","1","0"
"2016","05","140105","LAMBAYEQUE","CHICLAYO","JOSE LEONARDO ORTIZ","GOBIERNO REGIONAL","I-3","00004332","PEDRO PABLO ATUSPARIAS","13","13","4","5","0","0","8","4","5","0","1","10","2","21","4","0"
"2016","04","140105","LAMBAYEQUE","CHICLAYO","JOSE LEONARDO ORTIZ","GOBIERNO REGIONAL","I-3","00004332","PEDRO PABLO ATUSPARIAS","13","13","4","5","0","0","8","4","5","0","1","10","2","21","4","0"
"2016","12","070106","CALLAO","CALLAO","VENTANILLA","GOBIERNO REGIONAL","I-4","00006256","CENTRO DE SALUD VILLA LOS REYES","9","9","2","8","0","0","9","2","3","1","1","9","0","2","12","0"
"2016","10","070106","CALLAO","CALLAO","VENTANILLA","GOBIERNO REGIONAL","I-4","00006256","CENTRO DE SALUD VILLA LOS REYES","6","10","2","8","0","0","7","1","1","0","1","7","0","4","10","0"
"2016","11","070106","CALLAO","CALLAO","VENTANILLA","GOBIERNO REGIONAL","I-4","00006256","CENTRO DE SALUD VILLA LOS REYES","6","6","2","9","0","0","9","2","3","1","1","9","0","2","12","0"
"2016","09","070106","CALLAO","CALLAO","VENTANILLA","GOBIERNO REGIONAL","I-4","00006256","CENTRO DE SALUD VILLA LOS REYES","6","10","2","7","0","0","7","1","1","0","1","7","0","4","10","0"
"2016","08","070106","CALLAO","CALLAO","VENTANILLA","GOBIERNO REGIONAL","I-4","00006256","CENTRO DE SALUD VILLA LOS REYES","6","10","2","7","0","0","7","2","1","0","1","7","0","4","10","0"
"2016","07","070106","CALLAO","CALLAO","VENTANILLA","GOBIERNO REGIONAL","I-4","00006256","CENTRO DE SALUD VILLA LOS REYES","6","10","2","7","0","0","7","2","1","0","1","7","0","4","7","0"
"2016","06","070106","CALLAO","CALLAO","VENTANILLA","GOBIERNO REGIONAL","I-4","00006256","CENTRO DE SALUD VILLA LOS REYES","6","10","2","6","0","0","7","2","1","0","1","7","0","4","7","1"
"2016","07","140101","LAMBAYEQUE","CHICLAYO","CHICLAYO","GOBIERNO REGIONAL","I-3","00004318","JOSE OLAYA","13","13","8","9","0","0","12","3","2","1","3","11","3","24","1","1"
"2016","06","140101","LAMBAYEQUE","CHICLAYO","CHICLAYO","GOBIERNO REGIONAL","I-3","00004318","JOSE OLAYA","13","13","8","9","0","0","12","2","2","1","3","11","1","23","1","1"
"2016","05","140101","LAMBAYEQUE","CHICLAYO","CHICLAYO","GOBIERNO REGIONAL","I-3","00004318","JOSE OLAYA","13","13","8","9","0","0","12","2","2","1","2","11","1","23","0","1"
"2016","04","140101","LAMBAYEQUE","CHICLAYO","CHICLAYO","GOBIERNO REGIONAL","I-3","00004318","JOSE OLAYA","13","13","8","8","0","0","12","3","6","1","3","11","2","23","1","1"
"2016","06","110101","ICA","ICA","ICA","PRIVADO","0","00009665","MAGALAB E.I.R.L.","0","0","0","1","0","0","0","0","0","0","0","0","0","1","3","0"
"2016","12","110101","ICA","ICA","ICA","PRIVADO","0","00009665","MAGALAB E.I.R.L.","0","0","0","1","0","0","0","0","0","0","0","0","0","1","3","0"
"2016","10","110101","ICA","ICA","ICA","PRIVADO","0","00009665","MAGALAB E.I.R.L.","0","0","0","1","0","0","0","0","0","0","0","0","0","1","3","0"
"2016","11","110101","ICA","ICA","ICA","PRIVADO","0","00009665","MAGALAB E.I.R.L.","0","0","0","1","0","0","0","0","0","0","0","0","0","1","3","0"
"2016","08","110101","ICA","ICA","ICA","PRIVADO","0","00009665","MAGALAB E.I.R.L.","0","0","0","1","0","0","0","0","0","0","0","0","0","1","3","0"
"2016","09","110101","ICA","ICA","ICA","PRIVADO","0","00009665","MAGALAB E.I.R.L.","0","0","0","1","0","0","0","0","0","0","0","0","0","1","3","0"
"2016","07","110101","ICA","ICA","ICA","PRIVADO","0","00009665","MAGALAB E.I.R.L.","0","0","0","1","0","0","0","0","0","0","0","0","0","1","3","0"
"2016","12","160701","LORETO","DATEM DEL MARAÑON","BARRANCA","GOBIERNO REGIONAL","I-4","00000235","SAN LORENZO - NUCLEO BASE","11","12","19","8","0","0","11","1","1","0","1","9","1","35","1","2"
"2016","11","160701","LORETO","DATEM DEL MARAÑON","BARRANCA","GOBIERNO REGIONAL","I-4","00000235","SAN LORENZO - NUCLEO BASE","11","12","19","8","0","0","11","1","1","0","1","9","1","35","1","2"
"2016","10","160701","LORETO","DATEM DEL MARAÑON","BARRANCA","GOBIERNO REGIONAL","I-4","00000235","SAN LORENZO - NUCLEO BASE","11","12","19","8","0","0","11","1","1","0","1","9","1","35","1","2"
"2016","09","160701","LORETO","DATEM DEL MARAÑON","BARRANCA","GOBIERNO REGIONAL","I-4","00000235","SAN LORENZO - NUCLEO BASE","11","12","19","5","0","0","8","1","2","0","1","9","1","23","1","2"
"2016","06","160701","LORETO","DATEM DEL MARAÑON","BARRANCA","GOBIERNO REGIONAL","I-4","00000235","SAN LORENZO - NUCLEO BASE","11","12","19","5","0","0","8","1","2","0","1","9","1","23","1","2"
"2016","07","160701","LORETO","DATEM DEL MARAÑON","BARRANCA","GOBIERNO REGIONAL","I-4","00000235","SAN LORENZO - NUCLEO BASE","11","12","19","5","0","0","8","1","2","0","1","9","1","23","1","2"
"2016","08","160701","LORETO","DATEM DEL MARAÑON","BARRANCA","GOBIERNO REGIONAL","I-4","00000235","SAN LORENZO - NUCLEO BASE","11","12","19","6","0","0","8","1","2","0","1","9","1","31","1","2"
"2016","05","140306","LAMBAYEQUE","LAMBAYEQUE","MORROPE","GOBIERNO REGIONAL","I-3","00004420","MORROPE","6","12","0","5","1","0","7","2","2","1","0","5","0","13","5","1"
"2016","04","140306","LAMBAYEQUE","LAMBAYEQUE","MORROPE","GOBIERNO REGIONAL","I-3","00004420","MORROPE","6","12","0","5","1","0","7","2","2","1","0","6","0","12","5","1"
"2016","06","140306","LAMBAYEQUE","LAMBAYEQUE","MORROPE","GOBIERNO REGIONAL","I-3","00004420","MORROPE","6","12","0","9","5","0","7","2","3","1","0","7","1","13","3","1"
"2016","08","140306","LAMBAYEQUE","LAMBAYEQUE","MORROPE","GOBIERNO REGIONAL","I-3","00004420","MORROPE","6","12","6","7","7","0","7","2","3","1","0","7","1","11","2","1"
"2016","12","140306","LAMBAYEQUE","LAMBAYEQUE","MORROPE","GOBIERNO REGIONAL","I-3","00004420","MORROPE","6","12","6","8","5","0","6","3","3","2","0","6","1","13","2","1"
"2016","11","140306","LAMBAYEQUE","LAMBAYEQUE","MORROPE","GOBIERNO REGIONAL","I-3","00004420","MORROPE","6","12","6","8","5","0","7","2","3","1","0","6","1","12","3","1"
"2016","07","140306","LAMBAYEQUE","LAMBAYEQUE","MORROPE","GOBIERNO REGIONAL","I-3","00004420","MORROPE","6","12","0","7","5","0","7","2","3","1","0","6","1","13","3","1"
"2016","09","140306","LAMBAYEQUE","LAMBAYEQUE","MORROPE","GOBIERNO REGIONAL","I-3","00004420","MORROPE","6","12","6","7","5","0","7","2","3","1","0","7","1","13","3","1"
"2016","10","140306","LAMBAYEQUE","LAMBAYEQUE","MORROPE","GOBIERNO REGIONAL","I-3","00004420","MORROPE","6","12","6","8","5","0","7","2","3","1","0","6","1","12","3","1"
"2016","06","060201","CAJAMARCA","CAJABAMBA","CAJABAMBA","GOBIERNO REGIONAL","II-1","00004511","DE APOYO CAJABAMBA","10","10","30","13","0","0","17","2","2","1","0","9","2","50","4","2"
"2016","05","060201","CAJAMARCA","CAJABAMBA","CAJABAMBA","GOBIERNO REGIONAL","II-1","00004511","DE APOYO CAJABAMBA","10","10","30","13","0","0","17","2","2","1","0","9","2","46","4","2"
"2016","07","060201","CAJAMARCA","CAJABAMBA","CAJABAMBA","GOBIERNO REGIONAL","II-1","00004511","DE APOYO CAJABAMBA","10","11","30","14","0","0","17","2","2","1","0","9","2","58","4","2"
"2016","12","060201","CAJAMARCA","CAJABAMBA","CAJABAMBA","GOBIERNO REGIONAL","II-1","00004511","DE APOYO CAJABAMBA","10","10","30","13","0","0","19","2","2","1","0","11","3","46","5","2"
"2016","10","060201","CAJAMARCA","CAJABAMBA","CAJABAMBA","GOBIERNO REGIONAL","II-1","00004511","DE APOYO CAJABAMBA","10","10","30","12","0","0","17","2","2","1","0","9","2","48","4","2"
"2016","11","060201","CAJAMARCA","CAJABAMBA","CAJABAMBA","GOBIERNO REGIONAL","II-1","00004511","DE APOYO CAJABAMBA","10","10","30","14","0","0","20","2","2","1","0","10","3","50","4","2"
"2016","09","060201","CAJAMARCA","CAJABAMBA","CAJABAMBA","GOBIERNO REGIONAL","II-1","00004511","DE APOYO CAJABAMBA","10","10","30","12","0","0","17","2","2","1","0","9","2","58","4","2"
"2016","08","060201","CAJAMARCA","CAJABAMBA","CAJABAMBA","GOBIERNO REGIONAL","II-1","00004511","DE APOYO CAJABAMBA","10","10","30","13","0","0","17","1","2","1","0","8","2","56","7","2"
"2016","12","150601","LIMA","HUARAL","HUARAL","GOBIERNO REGIONAL","II-2","00007637","HOSPITAL SAN JUAN BAUTISTA HUARAL","24","48","78","57","0","17","50","4","2","2","8","13","4","176","49","2"
"2016","11","150601","LIMA","HUARAL","HUARAL","GOBIERNO REGIONAL","II-2","00007637","HOSPITAL SAN JUAN BAUTISTA HUARAL","24","48","80","57","0","17","50","4","2","2","8","13","4","176","49","2"
"2016","10","150601","LIMA","HUARAL","HUARAL","GOBIERNO REGIONAL","II-2","00007637","HOSPITAL SAN JUAN BAUTISTA HUARAL","24","48","89","57","0","17","50","4","2","2","8","13","4","176","49","2"
"2016","09","150601","LIMA","HUARAL","HUARAL","GOBIERNO REGIONAL","II-2","00007637","HOSPITAL SAN JUAN BAUTISTA HUARAL","24","48","89","57","0","17","50","4","2","2","8","13","4","176","49","2"
"2016","07","150601","LIMA","HUARAL","HUARAL","GOBIERNO REGIONAL","II-2","00007637","HOSPITAL SAN JUAN BAUTISTA HUARAL","24","48","89","57","0","17","50","4","2","2","8","13","4","176","49","2"
"2016","08","150601","LIMA","HUARAL","HUARAL","GOBIERNO REGIONAL","II-2","00007637","HOSPITAL SAN JUAN BAUTISTA HUARAL","24","48","89","57","0","17","50","4","2","2","8","13","4","176","49","2"
"2016","06","150601","LIMA","HUARAL","HUARAL","GOBIERNO REGIONAL","II-2","00007637","HOSPITAL SAN JUAN BAUTISTA HUARAL","24","48","89","57","0","17","50","4","2","2","8","13","4","176","49","2"
"2016","05","150601","LIMA","HUARAL","HUARAL","GOBIERNO REGIONAL","II-2","00007637","HOSPITAL SAN JUAN BAUTISTA HUARAL","24","48","89","51","0","11","50","4","2","2","8","13","4","176","40","2"
"2016","04","150601","LIMA","HUARAL","HUARAL","GOBIERNO REGIONAL","II-2","00007637","HOSPITAL SAN JUAN BAUTISTA HUARAL","24","48","89","51","0","11","50","4","2","2","8","13","4","176","40","2"
"2016","12","240101","TUMBES","TUMBES","TUMBES","GOBIERNO REGIONAL","II-1","00001908","SAÚL GARRIDO ROSILLO","22","14","118","17","0","0","24","2","3","2","5","23","1","75","0","1"
"2016","11","240101","TUMBES","TUMBES","TUMBES","GOBIERNO REGIONAL","II-1","00001908","SAÚL GARRIDO ROSILLO","22","14","118","16","0","0","26","2","3","2","5","23","1","77","1","1"
"2016","10","240101","TUMBES","TUMBES","TUMBES","GOBIERNO REGIONAL","II-1","00001908","SAÚL GARRIDO ROSILLO","22","14","118","14","0","0","23","2","2","1","3","24","1","55","1","1"
"2016","09","240101","TUMBES","TUMBES","TUMBES","GOBIERNO REGIONAL","II-1","00001908","SAÚL GARRIDO ROSILLO","22","18","118","12","0","0","15","2","2","1","2","24","1","46","1","1"
"2016","08","240101","TUMBES","TUMBES","TUMBES","GOBIERNO REGIONAL","II-1","00001908","SAÚL GARRIDO ROSILLO","28","20","85","10","0","0","28","4","2","0","4","25","1","69","41","1"
"2016","07","240101","TUMBES","TUMBES","TUMBES","GOBIERNO REGIONAL","II-1","00001908","SAÚL GARRIDO ROSILLO","28","28","97","35","0","0","28","4","2","0","4","25","1","69","41","1"
"2016","06","240101","TUMBES","TUMBES","TUMBES","GOBIERNO REGIONAL","II-1","00001908","SAÚL GARRIDO ROSILLO","20","12","94","22","1","0","28","3","4","1","2","21","1","68","41","1"
"2016","05","240101","TUMBES","TUMBES","TUMBES","GOBIERNO REGIONAL","II-1","00001908","SAÚL GARRIDO ROSILLO","16","19","97","21","1","0","29","3","3","1","1","20","1","72","0","1"
"2016","04","240101","TUMBES","TUMBES","TUMBES","GOBIERNO REGIONAL","II-1","00001908","SAÚL GARRIDO ROSILLO","NE_0002","NE_0002","NE_0002","NE_0002","NE_0002","NE_0002","NE_0002","NE_0002","NE_0002","NE_0002","NE_0002","NE_0002","NE_0002","NE_0002","NE_0002","NE_0002"
"2016","12","150130","LIMA","LIMA","SAN BORJA","PRIVADO","II-E","00013383","CLINICA SANTA ISABEL","15","72","29","48","0","0","43","0","0","1","2","23","2","74","1","0"
"2016","11","150130","LIMA","LIMA","SAN BORJA","PRIVADO","II-E","00013383","CLINICA SANTA ISABEL","15","73","29","44","0","0","46","0","0","1","2","24","2","74","1","0"
"2016","10","150130","LIMA","LIMA","SAN BORJA","PRIVADO","II-E","00013383","CLINICA SANTA ISABEL","15","82","29","45","0","0","48","0","0","1","2","23","2","74","1","0"
"2016","09","150130","LIMA","LIMA","SAN BORJA","PRIVADO","II-E","00013383","CLINICA SANTA ISABEL","15","84","29","45","0","0","47","0","0","1","2","25","2","75","1","0"
"2016","08","150130","LIMA","LIMA","SAN BORJA","PRIVADO","II-E","00013383","CLINICA SANTA ISABEL","15","86","29","45","0","0","43","0","0","1","2","25","2","74","1","0"
"2016","07","150130","LIMA","LIMA","SAN BORJA","PRIVADO","II-E","00013383","CLINICA SANTA ISABEL","15","88","29","45","0","0","44","0","0","1","2","26","3","74","1","0"
"2016","02","150130","LIMA","LIMA","SAN BORJA","PRIVADO","II-E","00013383","CLINICA SANTA ISABEL","15","92","29","43","0","0","43","0","0","1","1","25","3","74","1","0"
"2016","01","150130","LIMA","LIMA","SAN BORJA","PRIVADO","II-E","00013383","CLINICA SANTA ISABEL","15","88","29","44","0","0","42","0","0","1","2","25","3","74","1","0"
"2016","04","150130","LIMA","LIMA","SAN BORJA","PRIVADO","II-E","00013383","CLINICA SANTA ISABEL","15","82","29","45","0","0","45","0","0","1","2","25","3","74","1","0"
"2016","06","150130","LIMA","LIMA","SAN BORJA","PRIVADO","II-E","00013383","CLINICA SANTA ISABEL","15","94","29","45","0","0","45","0","0","1","2","26","3","75","1","0"
"2016","05","150130","LIMA","LIMA","SAN BORJA","PRIVADO","II-E","00013383","CLINICA SANTA ISABEL","15","79","29","45","0","0","45","0","0","1","2","25","3","74","1","0"
"2016","03","150130","LIMA","LIMA","SAN BORJA","PRIVADO","II-E","00013383","CLINICA SANTA ISABEL","15","85","29","45","0","0","44","0","0","1","2","26","3","74","1","0"
"2016","01","021601","ANCASH","POMABAMBA","POMABAMBA","ESSALUD","I-3","00009922","CENTRO DE ATENCION PRIMARIA II POMABAMBA","6","6","0","2","0","0","2","1","0","0","1","1","0","4","0","1"
"2016","02","021601","ANCASH","POMABAMBA","POMABAMBA","ESSALUD","I-3","00009922","CENTRO DE ATENCION PRIMARIA II POMABAMBA","6","6","0","2","0","0","2","1","0","0","1","1","0","4","0","1"
"2016","12","021601","ANCASH","POMABAMBA","POMABAMBA","ESSALUD","I-3","00009922","CENTRO DE ATENCION PRIMARIA II POMABAMBA","6","6","0","2","0","0","2","1","0","0","1","1","0","4","0","1"
"2016","04","021601","ANCASH","POMABAMBA","POMABAMBA","ESSALUD","I-3","00009922","CENTRO DE ATENCION PRIMARIA II POMABAMBA","6","6","0","2","0","0","2","1","0","0","1","1","0","4","0","1"
"2016","03","021601","ANCASH","POMABAMBA","POMABAMBA","ESSALUD","I-3","00009922","CENTRO DE ATENCION PRIMARIA II POMABAMBA","6","6","0","2","0","0","2","1","0","0","1","1","0","4","0","1"
"2016","10","021601","ANCASH","POMABAMBA","POMABAMBA","ESSALUD","I-3","00009922","CENTRO DE ATENCION PRIMARIA II POMABAMBA","6","6","0","2","0","0","2","1","0","0","1","1","0","4","0","1"
"2016","09","021601","ANCASH","POMABAMBA","POMABAMBA","ESSALUD","I-3","00009922","CENTRO DE ATENCION PRIMARIA II POMABAMBA","6","6","0","2","0","0","2","1","0","0","1","1","0","4","0","1"
"2016","08","021601","ANCASH","POMABAMBA","POMABAMBA","ESSALUD","I-3","00009922","CENTRO DE ATENCION PRIMARIA II POMABAMBA","5","5","0","2","1","0","2","1","0","0","1","1","0","3","0","1"
"2016","07","021601","ANCASH","POMABAMBA","POMABAMBA","ESSALUD","I-3","00009922","CENTRO DE ATENCION PRIMARIA II POMABAMBA","5","5","0","2","1","0","2","1","0","0","1","1","0","3","0","1"
"2016","06","021601","ANCASH","POMABAMBA","POMABAMBA","ESSALUD","I-3","00009922","CENTRO DE ATENCION PRIMARIA II POMABAMBA","5","5","0","2","1","0","2","1","0","0","1","1","0","3","0","1"
"2016","05","021601","ANCASH","POMABAMBA","POMABAMBA","ESSALUD","I-3","00009922","CENTRO DE ATENCION PRIMARIA II POMABAMBA","6","6","0","2","1","0","2","1","0","0","1","1","0","3","1","0"
"2016","11","021601","ANCASH","POMABAMBA","POMABAMBA","ESSALUD","I-3","00009922","CENTRO DE ATENCION PRIMARIA II POMABAMBA","6","6","0","2","0","0","2","1","0","0","1","1","0","4","0","1"
"2016","06","120301","JUNIN","CHANCHAMAYO","CHANCHAMAYO","GOBIERNO REGIONAL","II-1","00000308","HOSPITAL REGIONAL DOCENTE DE MEDICINA TROPICAL DR. JULIO CESAR DEMARINI CARO","23","46","93","65","0","0","85","6","5","5","7","37","7","152","3","1"
"2016","11","120301","JUNIN","CHANCHAMAYO","CHANCHAMAYO","GOBIERNO REGIONAL","II-1","00000308","HOSPITAL REGIONAL DOCENTE DE MEDICINA TROPICAL DR. JULIO CESAR DEMARINI CARO","23","46","93","52","0","0","79","6","3","5","11","38","9","139","5","1"
"2016","12","120301","JUNIN","CHANCHAMAYO","CHANCHAMAYO","GOBIERNO REGIONAL","II-1","00000308","HOSPITAL REGIONAL DOCENTE DE MEDICINA TROPICAL DR. JULIO CESAR DEMARINI CARO","23","46","93","50","0","0","78","5","2","5","10","33","9","132","5","1"
"2016","10","120301","JUNIN","CHANCHAMAYO","CHANCHAMAYO","GOBIERNO REGIONAL","II-1","00000308","HOSPITAL REGIONAL DOCENTE DE MEDICINA TROPICAL DR. JULIO CESAR DEMARINI CARO","23","46","93","53","0","0","85","5","6","5","7","40","9","152","5","1"
"2016","09","120301","JUNIN","CHANCHAMAYO","CHANCHAMAYO","GOBIERNO REGIONAL","II-1","00000308","HOSPITAL REGIONAL DOCENTE DE MEDICINA TROPICAL DR. JULIO CESAR DEMARINI CARO","23","46","93","55","0","0","88","5","6","5","13","41","9","152","5","1"
"2016","08","120301","JUNIN","CHANCHAMAYO","CHANCHAMAYO","GOBIERNO REGIONAL","II-1","00000308","HOSPITAL REGIONAL DOCENTE DE MEDICINA TROPICAL DR. JULIO CESAR DEMARINI CARO","23","46","93","63","0","0","87","5","5","5","10","41","8","141","4","1"
"2016","07","120301","JUNIN","CHANCHAMAYO","CHANCHAMAYO","GOBIERNO REGIONAL","II-1","00000308","HOSPITAL REGIONAL DOCENTE DE MEDICINA TROPICAL DR. JULIO CESAR DEMARINI CARO","23","46","93","65","0","0","86","5","4","6","9","36","8","161","5","1"
"2016","12","240301","TUMBES","ZARUMILLA","ZARUMILLA","GOBIERNO REGIONAL","I-4","00001896","CENTRO DE SALUD ZARUMILLA","13","22","20","6","0","0","8","2","0","0","1","7","0","15","1","1"
"2016","10","240301","TUMBES","ZARUMILLA","ZARUMILLA","GOBIERNO REGIONAL","I-4","00001896","CENTRO DE SALUD ZARUMILLA","13","23","20","6","0","0","8","2","0","0","1","7","0","15","1","1"
"2016","11","240301","TUMBES","ZARUMILLA","ZARUMILLA","GOBIERNO REGIONAL","I-4","00001896","CENTRO DE SALUD ZARUMILLA","13","23","20","6","0","0","8","2","0","0","1","7","0","15","1","1"
"2016","09","240301","TUMBES","ZARUMILLA","ZARUMILLA","GOBIERNO REGIONAL","I-4","00001896","CENTRO DE SALUD ZARUMILLA","13","24","20","6","0","0","8","2","0","0","1","7","0","15","1","1"
"2016","08","240301","TUMBES","ZARUMILLA","ZARUMILLA","GOBIERNO REGIONAL","I-4","00001896","CENTRO DE SALUD ZARUMILLA","13","24","8","7","0","0","8","3","2","1","1","8","1","15","0","1"
"2016","07","240301","TUMBES","ZARUMILLA","ZARUMILLA","GOBIERNO REGIONAL","I-4","00001896","CENTRO DE SALUD ZARUMILLA","13","24","8","7","0","0","8","3","2","1","1","8","1","15","0","1"
"2016","06","240301","TUMBES","ZARUMILLA","ZARUMILLA","GOBIERNO REGIONAL","I-4","00001896","CENTRO DE SALUD ZARUMILLA","13","24","9","6","0","0","8","3","0","0","1","7","2","14","0","1"
"2016","12","200601","PIURA","SULLANA","SULLANA","SANIDAD DE LA POLICIA NACIONAL DEL PERU","I-2","00010688","POSTA MEDICA PNP SULLANA","3","3","0","3","3","0","3","1","1","0","0","0","0","24","0","1"
"2016","10","200601","PIURA","SULLANA","SULLANA","SANIDAD DE LA POLICIA NACIONAL DEL PERU","I-2","00010688","POSTA MEDICA PNP SULLANA","3","3","0","3","3","0","3","2","1","0","0","0","0","23","0","1"
"2016","11","200601","PIURA","SULLANA","SULLANA","SANIDAD DE LA POLICIA NACIONAL DEL PERU","I-2","00010688","POSTA MEDICA PNP SULLANA","3","3","0","3","3","0","3","1","1","0","0","0","0","22","0","1"
"2016","09","200601","PIURA","SULLANA","SULLANA","SANIDAD DE LA POLICIA NACIONAL DEL PERU","I-2","00010688","POSTA MEDICA PNP SULLANA","3","3","0","3","3","0","3","2","1","0","0","0","0","25","0","1"
"2016","08","200601","PIURA","SULLANA","SULLANA","SANIDAD DE LA POLICIA NACIONAL DEL PERU","I-2","00010688","POSTA MEDICA PNP SULLANA","3","3","0","4","4","0","3","2","1","0","0","0","0","24","0","1"
"2016","12","060801","CAJAMARCA","JAEN","JAEN","ESSALUD","II-1","00010136","HOSPITAL II CLINICA JAEN","5","15","26","22","0","0","33","2","1","1","4","5","1","24","29","2"
"2016","11","060801","CAJAMARCA","JAEN","JAEN","ESSALUD","II-1","00010136","HOSPITAL II CLINICA JAEN","5","15","26","21","0","0","33","2","1","1","4","5","1","23","29","2"
"2016","10","060801","CAJAMARCA","JAEN","JAEN","ESSALUD","II-1","00010136","HOSPITAL II CLINICA JAEN","5","15","26","19","0","0","33","2","1","1","4","4","1","18","29","2"
"2016","09","060801","CAJAMARCA","JAEN","JAEN","ESSALUD","II-1","00010136","HOSPITAL II CLINICA JAEN","5","15","26","19","0","0","33","2","1","1","4","4","1","23","29","2"
"2016","08","060801","CAJAMARCA","JAEN","JAEN","ESSALUD","II-1","00010136","HOSPITAL II CLINICA JAEN","5","15","26","19","0","0","33","2","1","1","4","4","1","23","29","2"
"2016","07","060801","CAJAMARCA","JAEN","JAEN","ESSALUD","II-1","00010136","HOSPITAL II CLINICA JAEN","5","15","26","19","0","0","33","2","1","1","4","4","1","23","29","2"
"2016","05","060801","CAJAMARCA","JAEN","JAEN","ESSALUD","II-1","00010136","HOSPITAL II CLINICA JAEN","5","15","26","19","0","0","33","2","1","1","4","5","1","23","29","2"
"2016","06","060801","CAJAMARCA","JAEN","JAEN","ESSALUD","II-1","00010136","HOSPITAL II CLINICA JAEN","5","15","26","20","0","0","33","2","1","1","4","4","1","23","29","2"
"2016","12","150136","LIMA","LIMA","SAN MIGUEL","PRIVADO","II-2","00012666","CLINICA PROVIDENCIA","69","59","26","192","0","0","56","4","3","3","15","5","2","61","1","0"
"2016","11","150136","LIMA","LIMA","SAN MIGUEL","PRIVADO","II-2","00012666","CLINICA PROVIDENCIA","71","62","27","175","0","0","58","4","3","3","17","5","2","56","1","0"
"2016","10","150136","LIMA","LIMA","SAN MIGUEL","PRIVADO","II-2","00012666","CLINICA PROVIDENCIA","71","71","27","167","0","0","56","4","3","3","17","6","2","59","1","0"
"2016","09","150136","LIMA","LIMA","SAN MIGUEL","PRIVADO","II-2","00012666","CLINICA PROVIDENCIA","71","71","25","167","0","0","62","4","3","3","17","6","2","59","1","0"
"2016","08","150136","LIMA","LIMA","SAN MIGUEL","PRIVADO","II-2","00012666","CLINICA PROVIDENCIA","71","71","21","164","0","0","63","4","3","3","17","6","2","63","1","0"
"2016","07","150136","LIMA","LIMA","SAN MIGUEL","PRIVADO","II-2","00012666","CLINICA PROVIDENCIA","71","71","27","163","0","0","62","3","3","3","15","6","2","51","1","0"
"2016","08","150140","LIMA","LIMA","SANTIAGO DE SURCO","PRIVADO","II-E","00013900","OFTALMOSALUD","3","3","0","5","0","0","2","0","0","0","0","0","0","1","2","0"
"2016","06","150140","LIMA","LIMA","SANTIAGO DE SURCO","PRIVADO","II-E","00013900","OFTALMOSALUD","3","3","0","7","0","0","2","0","0","0","0","0","0","1","2","0"
"2016","04","150140","LIMA","LIMA","SANTIAGO DE SURCO","PRIVADO","II-E","00013900","OFTALMOSALUD","3","3","0","5","0","0","2","0","0","0","0","0","0","1","2","0"
"2016","07","150140","LIMA","LIMA","SANTIAGO DE SURCO","PRIVADO","II-E","00013900","OFTALMOSALUD","3","3","0","5","0","0","2","0","0","0","0","0","0","1","2","0"
"2016","10","150140","LIMA","LIMA","SANTIAGO DE SURCO","PRIVADO","II-E","00013900","OFTALMOSALUD","3","3","0","3","0","0","2","0","0","0","0","0","0","1","2","0"
"2016","09","150140","LIMA","LIMA","SANTIAGO DE SURCO","PRIVADO","II-E","00013900","OFTALMOSALUD","3","3","0","5","0","0","2","0","0","0","0","0","0","1","2","0"
"2016","11","150140","LIMA","LIMA","SANTIAGO DE SURCO","PRIVADO","II-E","00013900","OFTALMOSALUD","3","3","0","5","0","0","1","0","0","0","0","0","0","4","2","2"
"2016","12","060101","CAJAMARCA","CAJAMARCA","CAJAMARCA","PRIVADO","II-1","00009591","CLINICA LIMATAMBO CAJAMARCA S.A.C.","30","25","33","12","0","0","17","1","1","1","3","2","2","28","0","2"
"2016","10","060101","CAJAMARCA","CAJAMARCA","CAJAMARCA","PRIVADO","II-1","00009591","CLINICA LIMATAMBO CAJAMARCA S.A.C.","30","25","33","12","0","0","17","1","1","1","3","2","2","28","0","2"
"2016","07","060101","CAJAMARCA","CAJAMARCA","CAJAMARCA","PRIVADO","II-1","00009591","CLINICA LIMATAMBO CAJAMARCA S.A.C.","30","25","33","12","0","0","17","1","1","1","3","2","2","28","0","2"
"2016","08","060101","CAJAMARCA","CAJAMARCA","CAJAMARCA","PRIVADO","II-1","00009591","CLINICA LIMATAMBO CAJAMARCA S.A.C.","30","25","33","12","0","0","17","1","1","1","3","2","2","28","0","2"
"2016","05","060101","CAJAMARCA","CAJAMARCA","CAJAMARCA","PRIVADO","II-1","00009591","CLINICA LIMATAMBO CAJAMARCA S.A.C.","30","25","33","12","0","0","17","1","1","1","3","2","2","28","0","2"
"2016","06","060101","CAJAMARCA","CAJAMARCA","CAJAMARCA","PRIVADO","II-1","00009591","CLINICA LIMATAMBO CAJAMARCA S.A.C.","30","25","33","12","0","0","17","1","1","1","3","2","2","28","0","2"
"2016","04","060101","CAJAMARCA","CAJAMARCA","CAJAMARCA","PRIVADO","II-1","00009591","CLINICA LIMATAMBO CAJAMARCA S.A.C.","30","25","33","12","0","0","17","1","1","1","3","2","2","28","0","2"
"2016","03","060101","CAJAMARCA","CAJAMARCA","CAJAMARCA","PRIVADO","II-1","00009591","CLINICA LIMATAMBO CAJAMARCA S.A.C.","30","25","33","12","0","0","17","1","1","1","3","2","2","28","0","2"
"2016","12","070101","CALLAO","CALLAO","CALLAO","GOBIERNO REGIONAL","I-2","00006235","MIGUEL GRAU","7","7","0","2","0","0","1","1","1","0","0","1","0","4","1","0"
"2016","10","070101","CALLAO","CALLAO","CALLAO","GOBIERNO REGIONAL","I-2","00006235","MIGUEL GRAU","7","7","0","2","0","0","1","1","1","0","0","1","0","4","1","0"
"2016","11","070101","CALLAO","CALLAO","CALLAO","GOBIERNO REGIONAL","I-2","00006235","MIGUEL GRAU","7","7","0","2","0","0","1","1","1","0","0","1","0","4","1","0"
"2016","09","070101","CALLAO","CALLAO","CALLAO","GOBIERNO REGIONAL","I-2","00006235","MIGUEL GRAU","7","7","0","2","0","0","1","1","1","0","0","1","0","0","0","0"
"2016","07","070101","CALLAO","CALLAO","CALLAO","GOBIERNO REGIONAL","I-2","00006235","MIGUEL GRAU","8","8","0","2","0","0","1","1","1","0","0","1","0","3","0","0"
"2016","08","070101","CALLAO","CALLAO","CALLAO","GOBIERNO REGIONAL","I-2","00006235","MIGUEL GRAU","8","8","0","2","0","0","1","1","1","0","0","1","0","3","1","0"
"2016","12","131201","LA LIBERTAD","VIRU","VIRU","ESSALUD","I-4","00011702","VIRU ESSALUD ""VICTOR SOLES GARCIA""","2","4","4","8","0","0","11","2","1","2","2","3","2","1","31","1"
"2016","11","131201","LA LIBERTAD","VIRU","VIRU","ESSALUD","I-4","00011702","VIRU ESSALUD ""VICTOR SOLES GARCIA""","2","4","4","8","0","0","11","2","1","2","2","3","2","1","31","1"
"2016","10","131201","LA LIBERTAD","VIRU","VIRU","ESSALUD","I-4","00011702","VIRU ESSALUD ""VICTOR SOLES GARCIA""","2","4","4","8","0","0","11","2","1","2","2","3","2","1","31","1"
"2016","09","131201","LA LIBERTAD","VIRU","VIRU","ESSALUD","I-4","00011702","VIRU ESSALUD ""VICTOR SOLES GARCIA""","2","3","5","7","0","0","11","2","1","2","2","3","2","1","31","1"
"2016","08","131201","LA LIBERTAD","VIRU","VIRU","ESSALUD","I-4","00011702","VIRU ESSALUD ""VICTOR SOLES GARCIA""","2","3","2","7","0","0","11","2","1","2","1","3","2","1","32","1"
"2016","07","131201","LA LIBERTAD","VIRU","VIRU","ESSALUD","I-4","00011702","VIRU ESSALUD ""VICTOR SOLES GARCIA""","2","3","2","7","0","0","11","2","1","2","1","3","2","1","32","1"
"2016","05","131201","LA LIBERTAD","VIRU","VIRU","ESSALUD","I-4","00011702","VIRU ESSALUD ""VICTOR SOLES GARCIA""","2","3","3","7","0","0","11","2","1","1","1","3","2","1","33","1"
"2016","06","131201","LA LIBERTAD","VIRU","VIRU","ESSALUD","I-4","00011702","VIRU ESSALUD ""VICTOR SOLES GARCIA""","2","3","3","7","0","0","11","2","1","1","1","3","2","1","33","1"
"2016","03","131201","LA LIBERTAD","VIRU","VIRU","ESSALUD","I-4","00011702","VIRU ESSALUD ""VICTOR SOLES GARCIA""","2","3","5","7","0","0","11","2","1","1","2","3","2","1","32","1"
"2016","01","131201","LA LIBERTAD","VIRU","VIRU","ESSALUD","I-4","00011702","VIRU ESSALUD ""VICTOR SOLES GARCIA""","2","3","4","8","0","0","11","2","1","1","2","2","2","1","18","1"
"2016","02","131201","LA LIBERTAD","VIRU","VIRU","ESSALUD","I-4","00011702","VIRU ESSALUD ""VICTOR SOLES GARCIA""","1","2","3","8","0","0","11","2","1","1","2","2","2","1","33","10"
"2016","04","131201","LA LIBERTAD","VIRU","VIRU","ESSALUD","I-4","00011702","VIRU ESSALUD ""VICTOR SOLES GARCIA""","2","3","4","7","0","0","11","2","1","1","2","3","2","1","32","1"
"2016","12","150101","LIMA","LIMA","LIMA","ESSALUD","I-3","00008539","POLICLINICO CHINCHA","43","93","0","58","0","0","39","10","3","1","15","3","3","108","3","0"
"2016","10","150101","LIMA","LIMA","LIMA","ESSALUD","I-3","00008539","POLICLINICO CHINCHA","43","87","0","62","0","0","38","10","3","1","17","3","3","110","3","0"
"2016","11","150101","LIMA","LIMA","LIMA","ESSALUD","I-3","00008539","POLICLINICO CHINCHA","43","89","0","62","0","0","38","10","3","1","17","3","3","110","2","0"
"2016","08","150101","LIMA","LIMA","LIMA","ESSALUD","I-3","00008539","POLICLINICO CHINCHA","43","88","0","61","0","0","40","10","3","1","14","3","3","114","3","0"
"2016","09","150101","LIMA","LIMA","LIMA","ESSALUD","I-3","00008539","POLICLINICO CHINCHA","43","83","0","62","0","0","38","10","3","1","14","3","3","112","3","0"
"2016","12","200401","PIURA","MORROPON","CHULUCANAS","GOBIERNO REGIONAL","II-1","00002161","E.S  II-1  HOSPITAL  CHULUCANAS","19","23","63","37","0","0","47","2","2","1","1","28","1","102","4","2"
"2016","11","200401","PIURA","MORROPON","CHULUCANAS","GOBIERNO REGIONAL","II-1","00002161","E.S  II-1  HOSPITAL  CHULUCANAS","19","23","63","37","0","0","47","2","2","1","1","28","1","102","4","2"
"2016","10","200401","PIURA","MORROPON","CHULUCANAS","GOBIERNO REGIONAL","II-1","00002161","E.S  II-1  HOSPITAL  CHULUCANAS","19","23","60","37","0","0","47","3","2","1","1","28","1","102","4","2"
"2016","09","200401","PIURA","MORROPON","CHULUCANAS","GOBIERNO REGIONAL","II-1","00002161","E.S  II-1  HOSPITAL  CHULUCANAS","19","23","60","37","0","0","47","3","2","1","1","28","1","102","4","2"
"2016","06","200401","PIURA","MORROPON","CHULUCANAS","GOBIERNO REGIONAL","II-1","00002161","E.S  II-1  HOSPITAL  CHULUCANAS","19","23","60","37","0","0","47","3","1","1","1","26","1","102","4","2"
"2016","07","200401","PIURA","MORROPON","CHULUCANAS","GOBIERNO REGIONAL","II-1","00002161","E.S  II-1  HOSPITAL  CHULUCANAS","19","23","60","37","0","0","47","3","1","1","1","26","1","102","4","2"
"2016","08","200401","PIURA","MORROPON","CHULUCANAS","GOBIERNO REGIONAL","II-1","00002161","E.S  II-1  HOSPITAL  CHULUCANAS","19","23","60","37","0","0","47","3","1","1","1","26","1","102","4","2"
"2016","02","200401","PIURA","MORROPON","CHULUCANAS","GOBIERNO REGIONAL","II-1","00002161","E.S  II-1  HOSPITAL  CHULUCANAS","19","23","60","37","0","0","47","3","1","1","1","26","1","102","4","2"
"2016","01","200401","PIURA","MORROPON","CHULUCANAS","GOBIERNO REGIONAL","II-1","00002161","E.S  II-1  HOSPITAL  CHULUCANAS","19","23","60","37","0","0","47","3","1","1","1","26","1","102","4","2"
"2016","03","200401","PIURA","MORROPON","CHULUCANAS","GOBIERNO REGIONAL","II-1","00002161","E.S  II-1  HOSPITAL  CHULUCANAS","19","23","60","37","0","0","47","3","1","1","1","26","1","102","4","2"
"2016","12","090101","HUANCAVELICA","HUANCAVELICA","HUANCAVELICA","GOBIERNO REGIONAL","II-2","00003853","HOSPITAL DEPARTAMENTAL DE HUANCAVELICA","26","30","136","97","0","2","132","9","8","5","16","40","7","302","6","3"
"2016","10","090101","HUANCAVELICA","HUANCAVELICA","HUANCAVELICA","GOBIERNO REGIONAL","II-2","00003853","HOSPITAL DEPARTAMENTAL DE HUANCAVELICA","26","30","136","117","0","2","138","9","9","5","15","41","7","315","5","3"
"2016","11","090101","HUANCAVELICA","HUANCAVELICA","HUANCAVELICA","GOBIERNO REGIONAL","II-2","00003853","HOSPITAL DEPARTAMENTAL DE HUANCAVELICA","26","30","136","119","0","2","139","9","9","5","16","41","8","315","6","3"
"2016","09","090101","HUANCAVELICA","HUANCAVELICA","HUANCAVELICA","GOBIERNO REGIONAL","II-2","00003853","HOSPITAL DEPARTAMENTAL DE HUANCAVELICA","26","30","136","111","0","2","138","9","9","5","14","41","7","121","2","3"
"2016","08","090101","HUANCAVELICA","HUANCAVELICA","HUANCAVELICA","GOBIERNO REGIONAL","II-2","00003853","HOSPITAL DEPARTAMENTAL DE HUANCAVELICA","26","30","136","108","0","2","132","9","9","5","14","43","7","316","4","4"
"2016","07","090101","HUANCAVELICA","HUANCAVELICA","HUANCAVELICA","GOBIERNO REGIONAL","II-2","00003853","HOSPITAL DEPARTAMENTAL DE HUANCAVELICA","26","30","136","95","0","2","134","9","9","6","12","40","7","250","5","4"
"2016","05","090101","HUANCAVELICA","HUANCAVELICA","HUANCAVELICA","GOBIERNO REGIONAL","II-2","00003853","HOSPITAL DEPARTAMENTAL DE HUANCAVELICA","26","30","139","101","0","2","133","9","9","6","15","41","7","251","4","5"
"2016","06","090101","HUANCAVELICA","HUANCAVELICA","HUANCAVELICA","GOBIERNO REGIONAL","II-2","00003853","HOSPITAL DEPARTAMENTAL DE HUANCAVELICA","26","30","136","106","0","2","128","9","9","5","10","42","7","249","4","5"
"2016","10","130105","LA LIBERTAD","TRUJILLO","LA ESPERANZA","GOBIERNO REGIONAL","II-1","00005226","HOSPITAL DISTRITAL JERUSALEN","23","21","17","15","0","5","14","2","1","1","0","11","2","27","4","1"
"2016","09","130105","LA LIBERTAD","TRUJILLO","LA ESPERANZA","GOBIERNO REGIONAL","II-1","00005226","HOSPITAL DISTRITAL JERUSALEN","23","21","17","15","0","5","14","2","1","1","0","11","2","27","4","1"
"2016","08","130105","LA LIBERTAD","TRUJILLO","LA ESPERANZA","GOBIERNO REGIONAL","II-1","00005226","HOSPITAL DISTRITAL JERUSALEN","23","21","17","14","0","5","14","1","1","1","0","11","2","27","4","1"
"2016","07","130105","LA LIBERTAD","TRUJILLO","LA ESPERANZA","GOBIERNO REGIONAL","II-1","00005226","HOSPITAL DISTRITAL JERUSALEN","23","21","21","14","0","5","14","1","1","1","0","11","2","27","4","1"
"2016","12","050201","AYACUCHO","CANGALLO","CANGALLO","GOBIERNO REGIONAL","II-1","00003494","HOSPITAL DE APOYO CANGALLO","14","15","21","0","0","29","24","6","3","1","0","20","5","27","6","2"
"2016","10","050201","AYACUCHO","CANGALLO","CANGALLO","GOBIERNO REGIONAL","II-1","00003494","HOSPITAL DE APOYO CANGALLO","14","14","21","31","0","0","26","5","2","1","0","20","4","27","7","2"
"2016","11","050201","AYACUCHO","CANGALLO","CANGALLO","GOBIERNO REGIONAL","II-1","00003494","HOSPITAL DE APOYO CANGALLO","14","14","21","30","0","0","26","6","3","1","0","19","5","25","6","2"
"2016","09","050201","AYACUCHO","CANGALLO","CANGALLO","GOBIERNO REGIONAL","II-1","00003494","HOSPITAL DE APOYO CANGALLO","14","14","21","30","0","0","26","5","2","1","0","20","4","25","7","2"
"2016","08","050201","AYACUCHO","CANGALLO","CANGALLO","GOBIERNO REGIONAL","II-1","00003494","HOSPITAL DE APOYO CANGALLO","14","13","21","30","0","0","23","5","2","1","0","20","4","27","7","2"
"2016","07","050201","AYACUCHO","CANGALLO","CANGALLO","GOBIERNO REGIONAL","II-1","00003494","HOSPITAL DE APOYO CANGALLO","14","14","21","29","0","0","24","5","2","1","0","19","5","25","7","2"
"2016","05","050201","AYACUCHO","CANGALLO","CANGALLO","GOBIERNO REGIONAL","II-1","00003494","HOSPITAL DE APOYO CANGALLO","14","28","25","23","0","0","23","5","2","1","0","20","5","25","7","2"
"2016","06","050201","AYACUCHO","CANGALLO","CANGALLO","GOBIERNO REGIONAL","II-1","00003494","HOSPITAL DE APOYO CANGALLO","14","14","22","23","0","0","24","5","3","1","0","20","5","31","7","2"
"2016","04","050201","AYACUCHO","CANGALLO","CANGALLO","GOBIERNO REGIONAL","II-1","00003494","HOSPITAL DE APOYO CANGALLO","13","13","25","23","0","0","24","5","2","1","0","19","5","24","9","2"
"2016","03","050201","AYACUCHO","CANGALLO","CANGALLO","GOBIERNO REGIONAL","II-1","00003494","HOSPITAL DE APOYO CANGALLO","13","13","25","23","0","0","24","5","2","1","0","19","5","43","4","2"
"2016","12","210301","PUNO","CARABAYA","MACUSANI","GOBIERNO REGIONAL","II-1","00002974","HOSPITAL SAN MARTÍN DE PORRES","3","3","20","15","0","0","12","5","2","3","0","10","3","0","47","3"
"2016","06","210301","PUNO","CARABAYA","MACUSANI","GOBIERNO REGIONAL","II-1","00002974","HOSPITAL SAN MARTÍN DE PORRES","3","3","20","13","0","0","12","5","1","3","0","10","3","11","14","3"
"2016","12","150118","LIMA","LIMA","LURIGANCHO","ESSALUD","I-3","00008370","POLICLINICO CHOSICA - ESSALUD","20","25","3","16","1","0","12","5","1","0","6","2","1","28","1","1"
"2016","11","150118","LIMA","LIMA","LURIGANCHO","ESSALUD","I-3","00008370","POLICLINICO CHOSICA - ESSALUD","20","25","3","16","1","0","12","5","1","0","6","2","1","28","1","1"
"2016","10","150118","LIMA","LIMA","LURIGANCHO","ESSALUD","I-3","00008370","POLICLINICO CHOSICA - ESSALUD","20","25","3","19","1","0","12","5","1","0","5","2","1","1","8","1"
"2016","09","150118","LIMA","LIMA","LURIGANCHO","ESSALUD","I-3","00008370","POLICLINICO CHOSICA - ESSALUD","8","14","3","16","1","0","12","5","1","0","5","2","1","1","1","1"
"2016","12","110101","ICA","ICA","ICA","PRIVADO","II-1","00009606","VIRGEN DEL ROSARIO SA","3","4","14","5","0","0","4","0","1","0","0","0","0","6","0","0"
"2016","11","110101","ICA","ICA","ICA","PRIVADO","II-1","00009606","VIRGEN DEL ROSARIO SA","3","4","14","5","0","0","4","0","1","0","0","0","0","6","0","0"
"2016","01","130106","LA LIBERTAD","TRUJILLO","LAREDO","GOBIERNO REGIONAL","II-1","00005231","HOSPITAL DISTRITAL LAREDO","14","14","10","9","8","0","13","1","1","2","0","12","1","0","4","2"
"2016","12","021003","ANCASH","HUARI","CAJAY","GOBIERNO REGIONAL","I-2","00001817","PUESTO DE SALUD CAJAY","6","6","0","1","0","0","2","1","0","0","0","2","0","4","2","3"
"2016","10","021003","ANCASH","HUARI","CAJAY","GOBIERNO REGIONAL","I-2","00001817","PUESTO DE SALUD CAJAY","6","6","0","1","0","0","2","1","0","0","0","2","0","6","2","3"
"2016","02","150130","LIMA","LIMA","SAN BORJA","PRIVADO","II-2","00009850","CLÍNICA VESALIO","45","82","60","220","0","0","101","6","5","1","22","5","4","109","3","1"
"2016","03","150130","LIMA","LIMA","SAN BORJA","PRIVADO","II-2","00009850","CLÍNICA VESALIO","45","86","63","195","0","0","102","6","5","1","22","5","4","127","3","1"
"2016","12","150130","LIMA","LIMA","SAN BORJA","PRIVADO","II-2","00009850","CLÍNICA VESALIO","43","86","64","195","0","0","101","6","5","2","22","5","4","107","0","1"
"2016","10","150130","LIMA","LIMA","SAN BORJA","PRIVADO","II-2","00009850","CLÍNICA VESALIO","43","86","64","195","0","0","98","6","5","2","22","5","5","109","3","1"
"2016","11","150130","LIMA","LIMA","SAN BORJA","PRIVADO","II-2","00009850","CLÍNICA VESALIO","43","86","64","195","0","0","98","6","5","2","22","5","5","109","3","1"
"2016","08","150130","LIMA","LIMA","SAN BORJA","PRIVADO","II-2","00009850","CLÍNICA VESALIO","43","86","64","195","0","0","104","6","5","2","22","5","4","132","3","1"
"2016","09","150130","LIMA","LIMA","SAN BORJA","PRIVADO","II-2","00009850","CLÍNICA VESALIO","43","89","65","195","0","0","99","6","5","2","22","5","4","110","3","1"
"2016","07","150130","LIMA","LIMA","SAN BORJA","PRIVADO","II-2","00009850","CLÍNICA VESALIO","43","86","64","195","0","0","104","6","5","2","22","5","4","132","3","1"
"2016","06","150130","LIMA","LIMA","SAN BORJA","PRIVADO","II-2","00009850","CLÍNICA VESALIO","43","86","64","195","0","0","103","6","5","2","22","5","4","125","3","1"
"2016","04","150130","LIMA","LIMA","SAN BORJA","PRIVADO","II-2","00009850","CLÍNICA VESALIO","45","86","60","195","0","0","102","6","5","1","22","5","4","127","3","1"
"2016","01","150130","LIMA","LIMA","SAN BORJA","PRIVADO","II-2","00009850","CLÍNICA VESALIO","45","90","63","174","0","0","102","5","5","2","14","5","4","108","3","1"
"2016","05","150130","LIMA","LIMA","SAN BORJA","PRIVADO","II-2","00009850","CLÍNICA VESALIO","43","86","64","195","0","0","101","6","4","1","22","5","4","125","3","1"
"2016","11","070106","CALLAO","CALLAO","VENTANILLA","GOBIERNO REGIONAL","I-2","00006257","P. S. ANGAMOS","11","3","0","9","3","0","7","2","3","1","0","4","0","7","1","0"
"2016","12","070106","CALLAO","CALLAO","VENTANILLA","GOBIERNO REGIONAL","I-2","00006257","P. S. ANGAMOS","11","15","0","9","3","0","7","2","3","1","0","4","0","7","1","0"
"2016","12","150122","LIMA","LIMA","MIRAFLORES","PRIVADO","III-1","00019049","AUNA CLÍNICA DELGADO","90","73","83","364","0","0","174","12","10","7","38","6","5","222","189","0"
"2016","11","150122","LIMA","LIMA","MIRAFLORES","PRIVADO","III-1","00019049","AUNA CLÍNICA DELGADO","90","72","91","350","0","0","169","12","10","7","38","7","7","222","189","0"
"2016","10","150122","LIMA","LIMA","MIRAFLORES","PRIVADO","III-1","00019049","AUNA CLÍNICA DELGADO","90","72","117","350","0","0","172","12","10","7","37","6","6","227","237","0"
"2016","09","150122","LIMA","LIMA","MIRAFLORES","PRIVADO","III-1","00019049","AUNA CLÍNICA DELGADO","90","72","117","350","0","0","161","12","10","7","37","6","6","223","237","0"
"2016","08","150122","LIMA","LIMA","MIRAFLORES","PRIVADO","III-1","00019049","AUNA CLÍNICA DELGADO","90","72","117","344","0","0","161","12","10","6","37","6","5","225","31","0"
"2016","07","150122","LIMA","LIMA","MIRAFLORES","PRIVADO","III-1","00019049","AUNA CLÍNICA DELGADO","90","71","81","344","0","0","176","12","10","6","37","7","6","213","31","0"
"2016","06","150122","LIMA","LIMA","MIRAFLORES","PRIVADO","III-1","00019049","AUNA CLÍNICA DELGADO","90","71","81","345","0","0","165","12","10","6","37","7","6","205","31","0"
"2016","05","150122","LIMA","LIMA","MIRAFLORES","PRIVADO","III-1","00019049","AUNA CLÍNICA DELGADO","81","68","79","340","0","0","163","8","8","7","34","6","6","188","21","0"
"2016","02","150122","LIMA","LIMA","MIRAFLORES","PRIVADO","III-1","00019049","AUNA CLÍNICA DELGADO","90","71","75","339","0","0","124","10","5","2","29","4","4","170","206","0"
"2016","04","150122","LIMA","LIMA","MIRAFLORES","PRIVADO","III-1","00019049","AUNA CLÍNICA DELGADO","81","68","79","324","0","0","161","12","4","6","30","6","6","188","22","0"
"2016","12","030201","APURIMAC","ANDAHUAYLAS","ANDAHUAYLAS","GOBIERNO REGIONAL","II-2","00004131","HOSPITAL SUBREGIONAL DE ANDAHUAYLAS","18","18","115","48","0","0","105","5","4","5","1","42","9","155","150","4"
"2016","11","030201","APURIMAC","ANDAHUAYLAS","ANDAHUAYLAS","GOBIERNO REGIONAL","II-2","00004131","HOSPITAL SUBREGIONAL DE ANDAHUAYLAS","18","18","120","49","4","0","114","5","3","4","3","42","9","155","150","4"
"2016","10","030201","APURIMAC","ANDAHUAYLAS","ANDAHUAYLAS","GOBIERNO REGIONAL","II-2","00004131","HOSPITAL SUBREGIONAL DE ANDAHUAYLAS","18","18","115","50","0","0","105","5","4","5","1","42","9","155","150","4"
"2016","09","030201","APURIMAC","ANDAHUAYLAS","ANDAHUAYLAS","GOBIERNO REGIONAL","II-2","00004131","HOSPITAL SUBREGIONAL DE ANDAHUAYLAS","18","18","115","52","2","2","105","5","4","5","1","42","9","151","149","4"
"2016","08","030201","APURIMAC","ANDAHUAYLAS","ANDAHUAYLAS","GOBIERNO REGIONAL","II-2","00004131","HOSPITAL SUBREGIONAL DE ANDAHUAYLAS","18","18","115","52","0","2","105","5","4","5","1","42","9","151","149","4"
"2016","07","030201","APURIMAC","ANDAHUAYLAS","ANDAHUAYLAS","GOBIERNO REGIONAL","II-2","00004131","HOSPITAL SUBREGIONAL DE ANDAHUAYLAS","18","18","115","47","0","4","105","5","4","5","1","42","9","151","149","4"
"2016","03","030201","APURIMAC","ANDAHUAYLAS","ANDAHUAYLAS","GOBIERNO REGIONAL","II-2","00004131","HOSPITAL SUBREGIONAL DE ANDAHUAYLAS","18","18","115","47","0","0","105","5","3","5","1","42","9","151","149","4"
"2016","02","030201","APURIMAC","ANDAHUAYLAS","ANDAHUAYLAS","GOBIERNO REGIONAL","II-2","00004131","HOSPITAL SUBREGIONAL DE ANDAHUAYLAS","18","18","115","47","0","0","105","5","3","5","1","42","8","151","149","4"
"2016","01","030201","APURIMAC","ANDAHUAYLAS","ANDAHUAYLAS","GOBIERNO REGIONAL","II-2","00004131","HOSPITAL SUBREGIONAL DE ANDAHUAYLAS","18","18","115","47","0","0","105","5","3","5","1","42","8","151","149","4"
"2016","05","030201","APURIMAC","ANDAHUAYLAS","ANDAHUAYLAS","GOBIERNO REGIONAL","II-2","00004131","HOSPITAL SUBREGIONAL DE ANDAHUAYLAS","18","18","115","47","0","4","105","5","4","4","1","42","10","151","149","4"
"2016","04","030201","APURIMAC","ANDAHUAYLAS","ANDAHUAYLAS","GOBIERNO REGIONAL","II-2","00004131","HOSPITAL SUBREGIONAL DE ANDAHUAYLAS","18","18","115","47","0","0","105","5","4","5","1","42","9","151","149","4"
"2016","06","030201","APURIMAC","ANDAHUAYLAS","ANDAHUAYLAS","GOBIERNO REGIONAL","II-2","00004131","HOSPITAL SUBREGIONAL DE ANDAHUAYLAS","18","18","111","47","0","4","105","5","4","5","1","42","9","151","149","4"
"2016","11","080108","CUSCO","CUSCO","WANCHAQ","PRIVADO","II-2","00012161","MACSALUD","36","35","59","15","0","0","31","4","2","1","8","5","2","42","71","1"
"2016","07","080108","CUSCO","CUSCO","WANCHAQ","PRIVADO","II-2","00012161","MACSALUD","36","35","59","15","0","0","31","4","2","1","8","5","2","42","71","1"
"2016","09","080108","CUSCO","CUSCO","WANCHAQ","PRIVADO","II-2","00012161","MACSALUD","36","35","59","15","0","0","31","4","2","1","8","5","2","42","71","1"
"2016","12","080108","CUSCO","CUSCO","WANCHAQ","PRIVADO","II-2","00012161","MACSALUD","36","35","59","15","0","0","31","4","2","1","8","5","2","42","71","1"
"2016","08","080108","CUSCO","CUSCO","WANCHAQ","PRIVADO","II-2","00012161","MACSALUD","36","35","59","15","0","0","31","4","2","1","8","5","2","42","71","1"
"2016","06","080108","CUSCO","CUSCO","WANCHAQ","PRIVADO","II-2","00012161","MACSALUD","36","35","59","15","0","0","31","4","2","1","8","5","2","42","71","1"
"2016","10","080108","CUSCO","CUSCO","WANCHAQ","PRIVADO","II-2","00012161","MACSALUD","36","35","59","15","0","0","31","4","2","1","8","5","2","42","71","1"
"2016","12","150105","LIMA","LIMA","BREÑA","MINSA","III-2","00006216","INSTITUTO NACIONAL DE SALUD DEL NIÑO","86","103","392","368","0","88","585","34","16","14","158","3","26","98","32","4"
"2016","10","150105","LIMA","LIMA","BREÑA","MINSA","III-2","00006216","INSTITUTO NACIONAL DE SALUD DEL NIÑO","86","103","413","357","0","75","546","31","16","14","149","3","24","89","31","4"
"2016","11","150105","LIMA","LIMA","BREÑA","MINSA","III-2","00006216","INSTITUTO NACIONAL DE SALUD DEL NIÑO","86","103","384","357","0","73","548","31","16","14","149","3","25","88","31","4"
"2016","09","150105","LIMA","LIMA","BREÑA","MINSA","III-2","00006216","INSTITUTO NACIONAL DE SALUD DEL NIÑO","86","103","409","358","0","80","546","31","16","14","149","3","24","89","31","4"
"2016","08","150105","LIMA","LIMA","BREÑA","MINSA","III-2","00006216","INSTITUTO NACIONAL DE SALUD DEL NIÑO","86","103","398","357","0","74","547","31","16","14","148","3","24","88","31","4"
"2016","07","150105","LIMA","LIMA","BREÑA","MINSA","III-2","00006216","INSTITUTO NACIONAL DE SALUD DEL NIÑO","86","103","404","358","0","77","554","31","16","14","150","3","24","89","32","4"
"2016","06","150105","LIMA","LIMA","BREÑA","MINSA","III-2","00006216","INSTITUTO NACIONAL DE SALUD DEL NIÑO","86","103","400","363","0","83","557","31","16","14","149","3","24","89","31","4"
"2016","05","150105","LIMA","LIMA","BREÑA","MINSA","III-2","00006216","INSTITUTO NACIONAL DE SALUD DEL NIÑO","86","103","390","361","0","95","554","31","16","14","149","3","24","89","30","4"
"2016","01","150105","LIMA","LIMA","BREÑA","MINSA","III-2","00006216","INSTITUTO NACIONAL DE SALUD DEL NIÑO","86","103","388","419","0","114","660","32","18","14","156","3","26","85","31","4"
"2016","04","150105","LIMA","LIMA","BREÑA","MINSA","III-2","00006216","INSTITUTO NACIONAL DE SALUD DEL NIÑO","86","103","390","361","0","100","552","31","16","14","149","3","24","90","30","4"
"2016","03","150105","LIMA","LIMA","BREÑA","MINSA","III-2","00006216","INSTITUTO NACIONAL DE SALUD DEL NIÑO","86","103","392","393","0","114","558","32","18","14","152","3","26","81","29","4"
"2016","02","150105","LIMA","LIMA","BREÑA","MINSA","III-2","00006216","INSTITUTO NACIONAL DE SALUD DEL NIÑO","86","103","388","391","0","114","552","32","18","14","151","3","26","89","31","4"
"2016","12","130801","LA LIBERTAD","PATAZ","TAYABAMBA","GOBIERNO REGIONAL","II-1","00005375","HOSPITAL PROVINCIAL DE TAYABAMBA","11","24","16","6","0","0","11","3","2","1","0","5","1","15","3","2"
"2016","11","130801","LA LIBERTAD","PATAZ","TAYABAMBA","GOBIERNO REGIONAL","II-1","00005375","HOSPITAL PROVINCIAL DE TAYABAMBA","11","24","16","6","0","0","13","3","2","1","0","6","2","16","3","2"
"2016","10","130801","LA LIBERTAD","PATAZ","TAYABAMBA","GOBIERNO REGIONAL","II-1","00005375","HOSPITAL PROVINCIAL DE TAYABAMBA","11","24","16","3","0","0","12","3","2","1","0","7","1","16","2","2"
"2016","06","130801","LA LIBERTAD","PATAZ","TAYABAMBA","GOBIERNO REGIONAL","II-1","00005375","HOSPITAL PROVINCIAL DE TAYABAMBA","11","23","17","5","0","0","10","2","1","1","0","7","2","14","2","2"
"2016","05","130801","LA LIBERTAD","PATAZ","TAYABAMBA","GOBIERNO REGIONAL","II-1","00005375","HOSPITAL PROVINCIAL DE TAYABAMBA","11","23","17","6","0","0","8","3","2","1","0","7","2","15","2","2"
"2016","01","130801","LA LIBERTAD","PATAZ","TAYABAMBA","GOBIERNO REGIONAL","II-1","00005375","HOSPITAL PROVINCIAL DE TAYABAMBA","11","19","17","6","0","0","8","2","2","1","0","5","2","16","2","2"
"2016","04","130801","LA LIBERTAD","PATAZ","TAYABAMBA","GOBIERNO REGIONAL","II-1","00005375","HOSPITAL PROVINCIAL DE TAYABAMBA","11","23","17","7","0","0","9","3","2","1","0","7","2","11","2","2"
"2016","03","130801","LA LIBERTAD","PATAZ","TAYABAMBA","GOBIERNO REGIONAL","II-1","00005375","HOSPITAL PROVINCIAL DE TAYABAMBA","11","23","17","5","0","0","8","3","2","1","0","7","2","18","2","2"
"2016","02","130801","LA LIBERTAD","PATAZ","TAYABAMBA","GOBIERNO REGIONAL","II-1","00005375","HOSPITAL PROVINCIAL DE TAYABAMBA","11","23","17","6","0","0","9","3","2","1","0","6","2","19","2","2"
"2016","12","021001","ANCASH","HUARI","HUARI","GOBIERNO REGIONAL","I-1","00001814","PUESTO DE MALLAS","2","2","0","0","0","0","1","0","0","0","0","0","0","2","0","0"
"2016","11","021001","ANCASH","HUARI","HUARI","GOBIERNO REGIONAL","I-1","00001814","PUESTO DE MALLAS","2","2","0","0","0","0","1","0","0","0","0","0","0","2","0","0"
"2016","10","021001","ANCASH","HUARI","HUARI","GOBIERNO REGIONAL","I-1","00001814","PUESTO DE MALLAS","2","2","0","0","0","0","1","0","0","0","0","0","0","2","0","0"
"2016","12","021014","ANCASH","HUARI","SAN MARCOS","GOBIERNO REGIONAL","I-1","00001822","PUESTO DE SALUD CHALHUAYACO","3","2","0","0","0","0","1","0","0","0","0","1","0","3","0","0"
"2016","10","021014","ANCASH","HUARI","SAN MARCOS","GOBIERNO REGIONAL","I-1","00001822","PUESTO DE SALUD CHALHUAYACO","3","2","0","0","0","0","1","0","0","0","0","1","0","2","0","0"
"2016","11","021014","ANCASH","HUARI","SAN MARCOS","GOBIERNO REGIONAL","I-1","00001822","PUESTO DE SALUD CHALHUAYACO","3","2","0","0","0","0","2","0","0","0","0","1","0","2","0","0"
"2016","12","130704","LA LIBERTAD","PACASMAYO","PACASMAYO","GOBIERNO REGIONAL","II-1","00005296","DISTRITAL DE PACASMAYO","17","17","16","10","0","0","12","2","1","1","0","9","1","31","4","1"
"2016","11","130704","LA LIBERTAD","PACASMAYO","PACASMAYO","GOBIERNO REGIONAL","II-1","00005296","DISTRITAL DE PACASMAYO","17","17","16","8","0","0","12","2","1","1","0","9","1","31","4","1"
"2016","10","130704","LA LIBERTAD","PACASMAYO","PACASMAYO","GOBIERNO REGIONAL","II-1","00005296","DISTRITAL DE PACASMAYO","17","17","16","8","0","0","12","2","1","1","0","9","1","31","4","1"
"2016","09","130704","LA LIBERTAD","PACASMAYO","PACASMAYO","GOBIERNO REGIONAL","II-1","00005296","DISTRITAL DE PACASMAYO","17","17","16","8","0","0","12","2","1","1","0","9","1","31","4","1"
"2016","07","130704","LA LIBERTAD","PACASMAYO","PACASMAYO","GOBIERNO REGIONAL","II-1","00005296","DISTRITAL DE PACASMAYO","17","17","16","8","0","0","12","2","1","1","0","9","1","31","4","1"
"2016","08","130704","LA LIBERTAD","PACASMAYO","PACASMAYO","GOBIERNO REGIONAL","II-1","00005296","DISTRITAL DE PACASMAYO","17","17","16","6","0","0","12","2","1","1","0","9","1","31","4","1"
"2016","05","130704","LA LIBERTAD","PACASMAYO","PACASMAYO","GOBIERNO REGIONAL","II-1","00005296","DISTRITAL DE PACASMAYO","17","17","16","8","0","0","12","2","1","1","0","9","1","31","4","1"
"2016","06","130704","LA LIBERTAD","PACASMAYO","PACASMAYO","GOBIERNO REGIONAL","II-1","00005296","DISTRITAL DE PACASMAYO","17","17","16","8","0","0","12","2","1","1","0","9","1","31","4","1"
"2016","04","130704","LA LIBERTAD","PACASMAYO","PACASMAYO","GOBIERNO REGIONAL","II-1","00005296","DISTRITAL DE PACASMAYO","17","17","16","8","0","0","12","2","1","1","0","9","1","31","4","1"
"2016","01","130704","LA LIBERTAD","PACASMAYO","PACASMAYO","GOBIERNO REGIONAL","II-1","00005296","DISTRITAL DE PACASMAYO","17","17","16","8","0","0","12","2","1","1","0","9","1","31","4","1"
"2016","12","150121","LIMA","LIMA","PUEBLO LIBRE","PRIVADO","II-E","00015077","LIGA CONTRA EL CÁNCER","15","21","0","32","0","0","2","0","0","0","3","11","0","13","7","0"
"2016","11","150121","LIMA","LIMA","PUEBLO LIBRE","PRIVADO","II-E","00015077","LIGA CONTRA EL CÁNCER","15","21","0","33","0","0","2","0","0","0","3","11","0","13","7","0"
"2016","10","150121","LIMA","LIMA","PUEBLO LIBRE","PRIVADO","II-E","00015077","LIGA CONTRA EL CÁNCER","15","604","0","32","0","0","2","0","0","0","3","11","0","13","7","0"
"2016","09","150121","LIMA","LIMA","PUEBLO LIBRE","PRIVADO","II-E","00015077","LIGA CONTRA EL CÁNCER","15","609","0","29","0","0","2","0","0","0","3","12","0","13","7","0"
"2016","06","150121","LIMA","LIMA","PUEBLO LIBRE","PRIVADO","II-E","00015077","LIGA CONTRA EL CÁNCER","10","471","0","30","0","0","2","0","0","0","2","6","0","8","7","0"
"2016","07","150121","LIMA","LIMA","PUEBLO LIBRE","PRIVADO","II-E","00015077","LIGA CONTRA EL CÁNCER","10","422","0","30","0","0","2","0","0","0","2","8","0","8","7","0"
"2016","08","150121","LIMA","LIMA","PUEBLO LIBRE","PRIVADO","II-E","00015077","LIGA CONTRA EL CÁNCER","15","605","0","29","0","0","2","0","0","0","3","10","0","13","7","0"
"2016","11","130111","LA LIBERTAD","TRUJILLO","VICTOR LARCO HERRERA","GOBIERNO REGIONAL","II-1","00005243","HOSPITAL DISTRITAL VISTA ALEGRE","16","15","8","16","0","0","9","1","1","1","0","8","2","15","4","1"
"2016","10","130111","LA LIBERTAD","TRUJILLO","VICTOR LARCO HERRERA","GOBIERNO REGIONAL","II-1","00005243","HOSPITAL DISTRITAL VISTA ALEGRE","16","15","8","14","0","0","10","1","1","1","0","9","2","15","3","1"
"2016","08","130111","LA LIBERTAD","TRUJILLO","VICTOR LARCO HERRERA","GOBIERNO REGIONAL","II-1","00005243","HOSPITAL DISTRITAL VISTA ALEGRE","16","15","8","13","0","0","8","1","1","0","0","9","2","13","3","1"
"2016","07","130111","LA LIBERTAD","TRUJILLO","VICTOR LARCO HERRERA","GOBIERNO REGIONAL","II-1","00005243","HOSPITAL DISTRITAL VISTA ALEGRE","16","15","8","14","0","0","8","1","1","0","0","9","2","15","3","1"
"2016","06","130111","LA LIBERTAD","TRUJILLO","VICTOR LARCO HERRERA","GOBIERNO REGIONAL","II-1","00005243","HOSPITAL DISTRITAL VISTA ALEGRE","16","15","8","14","0","0","9","1","1","0","0","10","2","15","3","1"
"2016","12","040401","AREQUIPA","CASTILLA","APLAO","GOBIERNO REGIONAL","II-1","00001382","HOSPITAL APLAO","8","7","26","26","0","0","22","3","2","1","1","10","3","49","7","3"
"2016","10","040401","AREQUIPA","CASTILLA","APLAO","GOBIERNO REGIONAL","II-1","00001382","HOSPITAL APLAO","8","7","26","24","0","0","18","3","1","1","0","10","3","42","35","3"
"2016","11","040401","AREQUIPA","CASTILLA","APLAO","GOBIERNO REGIONAL","II-1","00001382","HOSPITAL APLAO","8","7","26","26","0","0","21","3","2","1","0","10","3","42","6","3"
"2016","09","040401","AREQUIPA","CASTILLA","APLAO","GOBIERNO REGIONAL","II-1","00001382","HOSPITAL APLAO","8","7","26","23","0","0","20","3","1","1","0","10","3","44","34","3"
"2016","07","040401","AREQUIPA","CASTILLA","APLAO","GOBIERNO REGIONAL","II-1","00001382","HOSPITAL APLAO","8","7","26","21","0","0","21","3","5","1","1","11","3","25","42","3"
"2016","08","040401","AREQUIPA","CASTILLA","APLAO","GOBIERNO REGIONAL","II-1","00001382","HOSPITAL APLAO","8","7","26","22","0","0","20","4","1","1","0","10","3","42","28","3"
"2016","06","040401","AREQUIPA","CASTILLA","APLAO","GOBIERNO REGIONAL","II-1","00001382","HOSPITAL APLAO","8","7","26","17","0","0","8","3","4","2","1","10","0","2","3","3"
"2016","11","130101","LA LIBERTAD","TRUJILLO","TRUJILLO","GOBIERNO REGIONAL","III-1","00005196","REGIONAL DOCENTE DE TRUJILLO","46","52","263","239","0","138","199","3","10","13","9","17","12","44","18","1"
"2016","12","130101","LA LIBERTAD","TRUJILLO","TRUJILLO","GOBIERNO REGIONAL","III-1","00005196","REGIONAL DOCENTE DE TRUJILLO","46","52","265","263","0","138","208","3","7","14","9","17","12","52","18","1"
"2016","10","130101","LA LIBERTAD","TRUJILLO","TRUJILLO","GOBIERNO REGIONAL","III-1","00005196","REGIONAL DOCENTE DE TRUJILLO","46","52","265","278","0","138","214","3","10","13","9","17","12","44","18","1"
"2016","09","130101","LA LIBERTAD","TRUJILLO","TRUJILLO","GOBIERNO REGIONAL","III-1","00005196","REGIONAL DOCENTE DE TRUJILLO","46","52","266","284","0","138","194","3","10","13","10","18","12","44","18","1"
"2016","07","130101","LA LIBERTAD","TRUJILLO","TRUJILLO","GOBIERNO REGIONAL","III-1","00005196","REGIONAL DOCENTE DE TRUJILLO","46","52","266","264","0","144","190","3","7","14","10","17","12","44","18","2"
"2016","08","130101","LA LIBERTAD","TRUJILLO","TRUJILLO","GOBIERNO REGIONAL","III-1","00005196","REGIONAL DOCENTE DE TRUJILLO","46","52","264","221","0","138","205","3","6","14","9","18","11","44","18","2"
"2016","05","130101","LA LIBERTAD","TRUJILLO","TRUJILLO","GOBIERNO REGIONAL","III-1","00005196","REGIONAL DOCENTE DE TRUJILLO","46","52","265","294","0","144","204","3","7","14","10","17","12","44","17","2"
"2016","06","130101","LA LIBERTAD","TRUJILLO","TRUJILLO","GOBIERNO REGIONAL","III-1","00005196","REGIONAL DOCENTE DE TRUJILLO","46","52","265","264","0","144","210","3","7","14","9","18","12","44","18","2"
"2016","01","130101","LA LIBERTAD","TRUJILLO","TRUJILLO","GOBIERNO REGIONAL","III-1","00005196","REGIONAL DOCENTE DE TRUJILLO","46","52","255","203","0","145","203","3","5","12","10","16","12","48","46","2"
"2016","04","130101","LA LIBERTAD","TRUJILLO","TRUJILLO","GOBIERNO REGIONAL","III-1","00005196","REGIONAL DOCENTE DE TRUJILLO","46","52","266","210","0","144","206","3","7","14","9","15","12","41","31","2"
"2016","03","130101","LA LIBERTAD","TRUJILLO","TRUJILLO","GOBIERNO REGIONAL","III-1","00005196","REGIONAL DOCENTE DE TRUJILLO","46","52","265","219","0","144","200","3","5","13","9","16","12","41","31","2"
"2016","02","130101","LA LIBERTAD","TRUJILLO","TRUJILLO","GOBIERNO REGIONAL","III-1","00005196","REGIONAL DOCENTE DE TRUJILLO","46","52","267","202","0","145","202","2","5","13","8","16","12","41","36","2"
"2016","12","050401","AYACUCHO","HUANTA","HUANTA","GOBIERNO REGIONAL","II-1","00003655","HOSPITAL DE APOYO DE HUANTA ""DANIEL ALCIDES CARRIÓN""","26","43","56","20","0","0","53","4","3","3","0","41","4","108","27","2"
"2016","11","050401","AYACUCHO","HUANTA","HUANTA","GOBIERNO REGIONAL","II-1","00003655","HOSPITAL DE APOYO DE HUANTA ""DANIEL ALCIDES CARRIÓN""","26","43","56","20","0","0","53","4","3","3","0","41","4","108","27","2"
"2016","10","050401","AYACUCHO","HUANTA","HUANTA","GOBIERNO REGIONAL","II-1","00003655","HOSPITAL DE APOYO DE HUANTA ""DANIEL ALCIDES CARRIÓN""","25","42","56","20","0","0","51","4","3","3","0","339","4","108","27","2"
"2016","09","050401","AYACUCHO","HUANTA","HUANTA","GOBIERNO REGIONAL","II-1","00003655","HOSPITAL DE APOYO DE HUANTA ""DANIEL ALCIDES CARRIÓN""","25","42","56","20","0","0","51","4","3","3","0","339","4","108","27","2"
"2016","08","050401","AYACUCHO","HUANTA","HUANTA","GOBIERNO REGIONAL","II-1","00003655","HOSPITAL DE APOYO DE HUANTA ""DANIEL ALCIDES CARRIÓN""","25","42","56","20","0","0","49","4","3","3","0","37","4","108","27","2"
"2016","07","050401","AYACUCHO","HUANTA","HUANTA","GOBIERNO REGIONAL","II-1","00003655","HOSPITAL DE APOYO DE HUANTA ""DANIEL ALCIDES CARRIÓN""","25","42","56","20","0","0","47","4","1","2","0","37","4","108","26","2"
"2016","05","050401","AYACUCHO","HUANTA","HUANTA","GOBIERNO REGIONAL","II-1","00003655","HOSPITAL DE APOYO DE HUANTA ""DANIEL ALCIDES CARRIÓN""","6","8","56","18","0","0","46","4","1","2","0","36","4","107","26","2"
"2016","06","050401","AYACUCHO","HUANTA","HUANTA","GOBIERNO REGIONAL","II-1","00003655","HOSPITAL DE APOYO DE HUANTA ""DANIEL ALCIDES CARRIÓN""","25","42","56","19","0","0","46","4","1","2","0","36","4","107","26","2"
"2016","04","050401","AYACUCHO","HUANTA","HUANTA","GOBIERNO REGIONAL","II-1","00003655","HOSPITAL DE APOYO DE HUANTA ""DANIEL ALCIDES CARRIÓN""","6","8","56","18","0","0","46","4","1","2","0","36","4","107","26","2"
"2016","12","150140","LIMA","LIMA","SANTIAGO DE SURCO","ESSALUD","I-3","00008378","POLICLINICO PROCERES","10","25","0","25","0","0","17","4","1","1","6","3","2","19","1","0"
"2016","01","150113","LIMA","LIMA","JESUS MARIA","PRIVADO","II-E","00009089","ONCOGYN CLINICA INTEGRAL","0","0","5","2","0","0","1","0","0","0","0","0","1","1","0","0"
"2016","02","150113","LIMA","LIMA","JESUS MARIA","PRIVADO","II-E","00009089","ONCOGYN CLINICA INTEGRAL","0","0","5","2","0","0","1","0","0","0","0","0","1","1","0","0"
"2016","04","150113","LIMA","LIMA","JESUS MARIA","PRIVADO","II-E","00009089","ONCOGYN CLINICA INTEGRAL","0","0","5","2","0","0","1","0","0","0","0","0","1","1","0","0"
"2016","03","150113","LIMA","LIMA","JESUS MARIA","PRIVADO","II-E","00009089","ONCOGYN CLINICA INTEGRAL","0","0","5","2","0","0","1","0","0","0","0","0","1","1","0","0"
"2016","05","150113","LIMA","LIMA","JESUS MARIA","PRIVADO","II-E","00009089","ONCOGYN CLINICA INTEGRAL","0","0","5","3","0","0","1","0","0","0","0","0","1","1","0","0"
"2016","06","150113","LIMA","LIMA","JESUS MARIA","PRIVADO","II-E","00009089","ONCOGYN CLINICA INTEGRAL","0","0","5","3","0","0","1","0","0","0","0","0","1","1","0","0"
"2016","07","150113","LIMA","LIMA","JESUS MARIA","PRIVADO","II-E","00009089","ONCOGYN CLINICA INTEGRAL","0","0","5","2","0","0","1","0","0","0","0","0","1","1","0","0"
"2016","10","150113","LIMA","LIMA","JESUS MARIA","PRIVADO","II-E","00009089","ONCOGYN CLINICA INTEGRAL","0","0","5","3","0","0","1","0","0","0","0","0","1","2","0","0"
"2016","08","150113","LIMA","LIMA","JESUS MARIA","PRIVADO","II-E","00009089","ONCOGYN CLINICA INTEGRAL","0","0","5","3","0","0","1","0","0","0","0","0","1","1","0","0"
"2016","09","150113","LIMA","LIMA","JESUS MARIA","PRIVADO","II-E","00009089","ONCOGYN CLINICA INTEGRAL","0","0","5","3","0","0","1","0","0","0","0","0","1","2","0","0"
"2016","11","150113","LIMA","LIMA","JESUS MARIA","PRIVADO","II-E","00009089","ONCOGYN CLINICA INTEGRAL","0","0","5","2","0","0","1","0","0","0","0","0","1","1","0","0"
"2016","12","150113","LIMA","LIMA","JESUS MARIA","PRIVADO","II-E","00009089","ONCOGYN CLINICA INTEGRAL","0","0","5","2","0","0","1","0","0","0","0","0","1","1","0","0"
"2016","12","150135","LIMA","LIMA","SAN MARTIN DE PORRES","MINSA","III-2","00007733","INSTITUTO NACIONAL DE SALUD MENTAL ""HONORIO DELGADO - HIDEYO NOGUCHI""","38","40","99","95","0","44","61","0","30","2","12","1","4","121","48","2"
"2016","10","150135","LIMA","LIMA","SAN MARTIN DE PORRES","MINSA","III-2","00007733","INSTITUTO NACIONAL DE SALUD MENTAL ""HONORIO DELGADO - HIDEYO NOGUCHI""","38","60","107","118","0","44","55","0","32","2","12","1","4","124","49","2"
"2016","11","150135","LIMA","LIMA","SAN MARTIN DE PORRES","MINSA","III-2","00007733","INSTITUTO NACIONAL DE SALUD MENTAL ""HONORIO DELGADO - HIDEYO NOGUCHI""","38","50","104","107","0","44","58","0","31","2","12","1","4","122","49","2"
"2016","09","150135","LIMA","LIMA","SAN MARTIN DE PORRES","MINSA","III-2","00007733","INSTITUTO NACIONAL DE SALUD MENTAL ""HONORIO DELGADO - HIDEYO NOGUCHI""","37","56","107","110","0","44","60","0","30","2","12","1","4","123","52","2"
"2016","08","150135","LIMA","LIMA","SAN MARTIN DE PORRES","MINSA","III-2","00007733","INSTITUTO NACIONAL DE SALUD MENTAL ""HONORIO DELGADO - HIDEYO NOGUCHI""","37","63","107","117","0","44","58","0","34","2","12","2","4","125","52","2"
"2016","07","150135","LIMA","LIMA","SAN MARTIN DE PORRES","MINSA","III-2","00007733","INSTITUTO NACIONAL DE SALUD MENTAL ""HONORIO DELGADO - HIDEYO NOGUCHI""","37","55","107","115","0","44","56","0","34","2","12","2","4","123","52","2"
"2016","06","150135","LIMA","LIMA","SAN MARTIN DE PORRES","MINSA","III-2","00007733","INSTITUTO NACIONAL DE SALUD MENTAL ""HONORIO DELGADO - HIDEYO NOGUCHI""","37","49","107","109","0","44","68","0","32","2","13","2","4","128","52","2"
"2016","05","150135","LIMA","LIMA","SAN MARTIN DE PORRES","MINSA","III-2","00007733","INSTITUTO NACIONAL DE SALUD MENTAL ""HONORIO DELGADO - HIDEYO NOGUCHI""","37","50","107","109","0","44","69","0","32","2","13","2","4","123","51","2"
"2016","01","150135","LIMA","LIMA","SAN MARTIN DE PORRES","MINSA","III-2","00007733","INSTITUTO NACIONAL DE SALUD MENTAL ""HONORIO DELGADO - HIDEYO NOGUCHI""","37","47","107","91","0","44","54","0","23","2","14","0","4","131","9","2"
"2016","03","150135","LIMA","LIMA","SAN MARTIN DE PORRES","MINSA","III-2","00007733","INSTITUTO NACIONAL DE SALUD MENTAL ""HONORIO DELGADO - HIDEYO NOGUCHI""","37","49","107","106","0","44","53","0","30","2","13","1","4","127","50","2"
"2016","02","150135","LIMA","LIMA","SAN MARTIN DE PORRES","MINSA","III-2","00007733","INSTITUTO NACIONAL DE SALUD MENTAL ""HONORIO DELGADO - HIDEYO NOGUCHI""","37","41","107","95","0","44","55","0","32","2","14","0","4","129","11","2"
"2016","04","150135","LIMA","LIMA","SAN MARTIN DE PORRES","MINSA","III-2","00007733","INSTITUTO NACIONAL DE SALUD MENTAL ""HONORIO DELGADO - HIDEYO NOGUCHI""","37","40","107","97","0","44","58","0","31","2","13","2","4","125","51","2"
"2016","12","170101","MADRE DE DIOS","TAMBOPATA","TAMBOPATA","GOBIERNO REGIONAL","II-2","00002698","HOSPITAL SANTA ROSA","24","33","96","53","0","0","84","2","5","1","4","23","4","220","95","2"
"2016","11","170101","MADRE DE DIOS","TAMBOPATA","TAMBOPATA","GOBIERNO REGIONAL","II-2","00002698","HOSPITAL SANTA ROSA","24","34","95","53","0","0","83","2","5","1","4","24","4","220","90","2"
"2016","10","170101","MADRE DE DIOS","TAMBOPATA","TAMBOPATA","GOBIERNO REGIONAL","II-2","00002698","HOSPITAL SANTA ROSA","24","34","95","53","0","0","83","2","5","1","4","24","4","220","90","2"
"2016","09","170101","MADRE DE DIOS","TAMBOPATA","TAMBOPATA","GOBIERNO REGIONAL","II-2","00002698","HOSPITAL SANTA ROSA","24","34","95","53","0","0","83","2","5","1","4","24","4","220","90","2"
"2016","08","170101","MADRE DE DIOS","TAMBOPATA","TAMBOPATA","GOBIERNO REGIONAL","II-2","00002698","HOSPITAL SANTA ROSA","24","34","95","53","0","0","83","2","5","1","4","24","4","220","90","2"
"2016","07","170101","MADRE DE DIOS","TAMBOPATA","TAMBOPATA","GOBIERNO REGIONAL","II-2","00002698","HOSPITAL SANTA ROSA","24","34","95","52","0","0","78","3","5","1","5","21","3","220","90","1"
"2016","02","170101","MADRE DE DIOS","TAMBOPATA","TAMBOPATA","GOBIERNO REGIONAL","II-2","00002698","HOSPITAL SANTA ROSA","24","33","95","52","0","0","78","2","5","1","5","23","3","221","90","1"
"2016","06","170101","MADRE DE DIOS","TAMBOPATA","TAMBOPATA","GOBIERNO REGIONAL","II-2","00002698","HOSPITAL SANTA ROSA","24","34","95","51","0","0","81","2","5","1","4","24","3","220","90","2"
"2016","05","170101","MADRE DE DIOS","TAMBOPATA","TAMBOPATA","GOBIERNO REGIONAL","II-2","00002698","HOSPITAL SANTA ROSA","24","34","95","51","0","0","81","2","5","1","4","24","3","220","90","2"
"2016","01","170101","MADRE DE DIOS","TAMBOPATA","TAMBOPATA","GOBIERNO REGIONAL","II-2","00002698","HOSPITAL SANTA ROSA","24","33","94","50","0","0","75","2","5","1","5","22","3","207","92","1"
"2016","05","060901","CAJAMARCA","SAN IGNACIO","SAN IGNACIO","GOBIERNO REGIONAL","I-4","00004267","SAN IGNACIO","11","16","21","7","0","0","13","2","1","2","0","9","2","30","18","2"
"2016","10","081207","CUSCO","QUISPICANCHI","HUARO","SANIDAD DE LA POLICIA NACIONAL DEL PERU","I-2","00011747","SANIDAD PNP PUCUTO - CUSCO","2","2","0","2","2","0","3","0","1","0","0","0","0","3","0","0"
"2016","12","081207","CUSCO","QUISPICANCHI","HUARO","SANIDAD DE LA POLICIA NACIONAL DEL PERU","I-2","00011747","SANIDAD PNP PUCUTO - CUSCO","2","2","0","2","2","0","3","0","1","0","0","0","0","3","0","0"
"2016","11","081207","CUSCO","QUISPICANCHI","HUARO","SANIDAD DE LA POLICIA NACIONAL DEL PERU","I-2","00011747","SANIDAD PNP PUCUTO - CUSCO","2","2","0","2","2","0","3","0","1","0","0","0","0","3","0","0"
"2016","09","081207","CUSCO","QUISPICANCHI","HUARO","SANIDAD DE LA POLICIA NACIONAL DEL PERU","I-2","00011747","SANIDAD PNP PUCUTO - CUSCO","2","2","0","2","2","0","3","0","1","0","0","0","0","3","0","0"
"2016","08","081207","CUSCO","QUISPICANCHI","HUARO","SANIDAD DE LA POLICIA NACIONAL DEL PERU","I-2","00011747","SANIDAD PNP PUCUTO - CUSCO","2","2","0","2","2","0","2","0","1","0","0","0","0","3","0","0"
"2016","10","150141","LIMA","LIMA","SURQUILLO","SANIDAD DE LA POLICIA NACIONAL DEL PERU","I-3","00012885","POLICLINICO PNP WALTER ROSALES","4","4","0","5","0","0","4","2","2","0","1","3","1","20","0","1"
"2016","09","150141","LIMA","LIMA","SURQUILLO","SANIDAD DE LA POLICIA NACIONAL DEL PERU","I-3","00012885","POLICLINICO PNP WALTER ROSALES","4","4","0","4","0","0","4","2","2","0","1","3","1","21","0","1"
"2016","08","150141","LIMA","LIMA","SURQUILLO","SANIDAD DE LA POLICIA NACIONAL DEL PERU","I-3","00012885","POLICLINICO PNP WALTER ROSALES","4","4","0","5","0","0","3","2","2","0","1","3","1","21","0","1"
"2016","12","150141","LIMA","LIMA","SURQUILLO","SANIDAD DE LA POLICIA NACIONAL DEL PERU","I-3","00012885","POLICLINICO PNP WALTER ROSALES","6","6","0","4","0","0","4","2","2","0","1","2","2","21","0","1"
"2016","11","150141","LIMA","LIMA","SURQUILLO","SANIDAD DE LA POLICIA NACIONAL DEL PERU","I-3","00012885","POLICLINICO PNP WALTER ROSALES","6","6","0","8","0","0","4","3","3","0","1","3","2","21","0","1"
"2016","12","040126","AREQUIPA","AREQUIPA","YANAHUARA","ESSALUD","II-1","00013291","HOSPITAL III YANAHUARA","46","79","161","194","1","46","182","13","1","8","17","27","3","220","9","2"
"2016","11","040126","AREQUIPA","AREQUIPA","YANAHUARA","ESSALUD","II-1","00013291","HOSPITAL III YANAHUARA","46","79","161","194","1","46","185","13","1","8","17","27","3","220","9","2"
"2016","10","040126","AREQUIPA","AREQUIPA","YANAHUARA","ESSALUD","II-1","00013291","HOSPITAL III YANAHUARA","46","79","161","194","1","46","186","13","1","8","17","27","3","220","9","2"
"2016","08","040126","AREQUIPA","AREQUIPA","YANAHUARA","ESSALUD","II-1","00013291","HOSPITAL III YANAHUARA","46","77","161","191","1","46","186","13","1","8","17","27","3","220","9","2"
"2016","09","040126","AREQUIPA","AREQUIPA","YANAHUARA","ESSALUD","II-1","00013291","HOSPITAL III YANAHUARA","46","79","161","191","1","46","186","13","1","8","17","27","3","220","9","2"
"2016","07","040126","AREQUIPA","AREQUIPA","YANAHUARA","ESSALUD","II-1","00013291","HOSPITAL III YANAHUARA","46","77","167","191","1","46","186","13","1","9","17","28","3","224","9","2"
"2016","06","040126","AREQUIPA","AREQUIPA","YANAHUARA","ESSALUD","II-1","00013291","HOSPITAL III YANAHUARA","46","77","167","191","1","46","186","13","1","9","17","28","3","224","9","2"
"2016","05","040126","AREQUIPA","AREQUIPA","YANAHUARA","ESSALUD","II-1","00013291","HOSPITAL III YANAHUARA","46","77","167","191","1","46","186","13","1","9","17","27","3","220","9","2"
"2016","04","040126","AREQUIPA","AREQUIPA","YANAHUARA","ESSALUD","II-1","00013291","HOSPITAL III YANAHUARA","46","77","167","191","1","46","186","13","1","9","17","27","3","220","9","2"
"2016","02","040126","AREQUIPA","AREQUIPA","YANAHUARA","ESSALUD","II-1","00013291","HOSPITAL III YANAHUARA","46","76","167","190","1","46","186","13","1","9","16","27","3","222","9","2"
"2016","01","040126","AREQUIPA","AREQUIPA","YANAHUARA","ESSALUD","II-1","00013291","HOSPITAL III YANAHUARA","46","77","167","190","1","46","186","13","1","9","16","28","3","222","9","2"
"2016","03","040126","AREQUIPA","AREQUIPA","YANAHUARA","ESSALUD","II-1","00013291","HOSPITAL III YANAHUARA","46","76","167","191","1","46","186","13","1","9","17","27","3","222","9","2"
"2016","12","130101","LA LIBERTAD","TRUJILLO","TRUJILLO","GOBIERNO REGIONAL","II-1","00005204","HOSPITAL DE ESPECIALIDADES BASICAS LA NORIA","12","23","24","25","0","2","17","5","5","4","4","13","10","38","24","1"
"2016","11","130101","LA LIBERTAD","TRUJILLO","TRUJILLO","GOBIERNO REGIONAL","II-1","00005204","HOSPITAL DE ESPECIALIDADES BASICAS LA NORIA","12","23","24","26","0","2","23","6","5","4","5","13","5","36","24","1"
"2016","10","130101","LA LIBERTAD","TRUJILLO","TRUJILLO","GOBIERNO REGIONAL","II-1","00005204","HOSPITAL DE ESPECIALIDADES BASICAS LA NORIA","12","20","24","27","0","2","17","4","3","3","2","13","5","36","20","1"
"2016","08","130101","LA LIBERTAD","TRUJILLO","TRUJILLO","GOBIERNO REGIONAL","II-1","00005204","HOSPITAL DE ESPECIALIDADES BASICAS LA NORIA","12","21","24","27","0","2","17","4","3","2","2","13","5","37","20","1"
"2016","09","130101","LA LIBERTAD","TRUJILLO","TRUJILLO","GOBIERNO REGIONAL","II-1","00005204","HOSPITAL DE ESPECIALIDADES BASICAS LA NORIA","12","20","24","27","0","2","17","4","3","2","2","13","5","37","20","1"
"2016","07","130101","LA LIBERTAD","TRUJILLO","TRUJILLO","GOBIERNO REGIONAL","II-1","00005204","HOSPITAL DE ESPECIALIDADES BASICAS LA NORIA","11","21","24","26","0","1","17","4","2","3","2","13","5","29","20","1"
"2016","06","130101","LA LIBERTAD","TRUJILLO","TRUJILLO","GOBIERNO REGIONAL","II-1","00005204","HOSPITAL DE ESPECIALIDADES BASICAS LA NORIA","11","21","24","26","0","1","17","4","2","3","2","13","5","29","20","1"
"2016","05","130101","LA LIBERTAD","TRUJILLO","TRUJILLO","GOBIERNO REGIONAL","II-1","00005204","HOSPITAL DE ESPECIALIDADES BASICAS LA NORIA","11","21","24","26","0","1","17","4","2","3","2","13","5","29","20","1"
"2016","02","130101","LA LIBERTAD","TRUJILLO","TRUJILLO","GOBIERNO REGIONAL","II-1","00005204","HOSPITAL DE ESPECIALIDADES BASICAS LA NORIA","11","20","25","25","0","1","17","4","2","3","2","13","5","29","20","1"
"2016","04","130101","LA LIBERTAD","TRUJILLO","TRUJILLO","GOBIERNO REGIONAL","II-1","00005204","HOSPITAL DE ESPECIALIDADES BASICAS LA NORIA","11","21","25","26","0","1","17","4","2","3","2","13","5","29","20","1"
"2016","03","130101","LA LIBERTAD","TRUJILLO","TRUJILLO","GOBIERNO REGIONAL","II-1","00005204","HOSPITAL DE ESPECIALIDADES BASICAS LA NORIA","11","21","25","24","0","0","17","4","2","3","2","13","5","29","20","1"
"2016","12","070101","CALLAO","CALLAO","CALLAO","GOBIERNO REGIONAL","I-2","00006243","P. S. FAUCETT","6","6","0","4","0","0","3","2","2","0","0","2","0","3","6","0"
"2016","12","150110","LIMA","LIMA","COMAS","PRIVADO","II-1","00008519","CLINICA UNIVERSITARIA S.A.C","22","32","17","28","0","0","12","3","1","1","2","4","2","20","3","1"
"2016","11","150110","LIMA","LIMA","COMAS","PRIVADO","II-1","00008519","CLINICA UNIVERSITARIA S.A.C","22","32","17","28","0","0","12","3","1","1","2","4","2","20","3","1"
"2016","10","150110","LIMA","LIMA","COMAS","PRIVADO","II-1","00008519","CLINICA UNIVERSITARIA S.A.C","22","32","17","28","0","0","12","3","1","1","2","4","2","20","3","1"
"2016","09","150110","LIMA","LIMA","COMAS","PRIVADO","II-1","00008519","CLINICA UNIVERSITARIA S.A.C","22","32","17","28","0","0","12","3","1","1","2","4","2","20","3","1"
"2016","07","150110","LIMA","LIMA","COMAS","PRIVADO","II-1","00008519","CLINICA UNIVERSITARIA S.A.C","22","32","17","28","0","0","12","3","1","1","2","4","2","20","3","1"
"2016","08","150110","LIMA","LIMA","COMAS","PRIVADO","II-1","00008519","CLINICA UNIVERSITARIA S.A.C","22","32","17","28","0","0","12","3","1","1","2","4","2","20","3","1"
"2016","06","150110","LIMA","LIMA","COMAS","PRIVADO","II-1","00008519","CLINICA UNIVERSITARIA S.A.C","22","32","17","28","0","0","12","3","1","1","2","4","2","20","3","1"
"2016","12","070107","CALLAO","CALLAO","MI PERU","GOBIERNO REGIONAL","I-2","00006260","PUESTO DE SALUD MI PERU","7","7","0","8","0","0","11","2","2","0","0","5","0","12","4","0"
"2016","12","220101","SAN MARTIN","MOYOBAMBA","MOYOBAMBA","ESSALUD","II-1","00015598","HOSPITAL I ALTO MAYO","14","20","20","26","0","0","24","2","1","1","8","7","1","0","7","3"
"2016","11","220101","SAN MARTIN","MOYOBAMBA","MOYOBAMBA","ESSALUD","II-1","00015598","HOSPITAL I ALTO MAYO","14","20","22","22","0","0","24","2","1","1","8","7","1","0","7","3"
"2016","10","220101","SAN MARTIN","MOYOBAMBA","MOYOBAMBA","ESSALUD","II-1","00015598","HOSPITAL I ALTO MAYO","14","20","21","25","0","0","24","2","1","1","8","7","1","0","7","3"
"2016","09","220101","SAN MARTIN","MOYOBAMBA","MOYOBAMBA","ESSALUD","II-1","00015598","HOSPITAL I ALTO MAYO","14","23","20","25","0","0","24","2","1","1","8","7","1","0","7","3"
"2016","08","220101","SAN MARTIN","MOYOBAMBA","MOYOBAMBA","ESSALUD","II-1","00015598","HOSPITAL I ALTO MAYO","6","12","20","23","0","0","24","2","1","1","8","7","1","0","7","3"
"2016","07","220101","SAN MARTIN","MOYOBAMBA","MOYOBAMBA","ESSALUD","II-1","00015598","HOSPITAL I ALTO MAYO","6","12","21","23","0","0","24","2","1","1","8","7","1","0","7","3"
"2016","05","220101","SAN MARTIN","MOYOBAMBA","MOYOBAMBA","ESSALUD","II-1","00015598","HOSPITAL I ALTO MAYO","14","20","24","23","0","0","24","2","1","1","8","7","1","0","7","3"
"2016","06","220101","SAN MARTIN","MOYOBAMBA","MOYOBAMBA","ESSALUD","II-1","00015598","HOSPITAL I ALTO MAYO","14","20","20","23","0","0","24","2","1","1","8","7","1","0","7","3"
"2016","01","220101","SAN MARTIN","MOYOBAMBA","MOYOBAMBA","ESSALUD","II-1","00015598","HOSPITAL I ALTO MAYO","14","20","22","23","0","0","24","2","2","1","8","7","1","0","0","3"
"2016","03","220101","SAN MARTIN","MOYOBAMBA","MOYOBAMBA","ESSALUD","II-1","00015598","HOSPITAL I ALTO MAYO","15","20","20","23","0","0","24","2","1","1","1","7","0","0","0","3"
"2016","02","220101","SAN MARTIN","MOYOBAMBA","MOYOBAMBA","ESSALUD","II-1","00015598","HOSPITAL I ALTO MAYO","14","20","21","23","0","0","24","2","0","1","8","7","1","0","7","3"
"2016","04","220101","SAN MARTIN","MOYOBAMBA","MOYOBAMBA","ESSALUD","II-1","00015598","HOSPITAL I ALTO MAYO","14","20","24","21","0","0","24","2","1","1","8","7","1","0","7","3"
"2016","12","021008","ANCASH","HUARI","HUANTAR","GOBIERNO REGIONAL","I-1","00006639","PUESTO DE SALUD CHUCOS","4","4","0","0","0","0","1","0","0","0","0","0","0","3","0","0"
"2016","11","021008","ANCASH","HUARI","HUANTAR","GOBIERNO REGIONAL","I-1","00006639","PUESTO DE SALUD CHUCOS","4","4","0","0","0","0","1","0","0","0","0","0","0","3","0","0"
"2016","12","021012","ANCASH","HUARI","RAHUAPAMPA","GOBIERNO REGIONAL","I-3","00001836","CENTRO DE SALUD RAHUAPAMPA","4","4","0","1","1","0","2","1","0","0","0","2","0","9","0","2"
"2016","11","021012","ANCASH","HUARI","RAHUAPAMPA","GOBIERNO REGIONAL","I-3","00001836","CENTRO DE SALUD RAHUAPAMPA","4","4","0","1","1","0","1","1","0","0","0","2","0","7","0","2"
"2016","10","021012","ANCASH","HUARI","RAHUAPAMPA","GOBIERNO REGIONAL","I-3","00001836","CENTRO DE SALUD RAHUAPAMPA","4","4","0","1","1","0","1","1","0","0","0","2","0","6","0","2"
"2016","12","230101","TACNA","TACNA","TACNA","ESSALUD","I-3","00010190","CENTRO  DE    ATENCION PRIMARIA  III  METROPOLITANO DE TACNA","5","9","0","8","0","0","8","6","1","1","1","2","2","1","2","0"
"2016","12","020302","ANCASH","ANTONIO RAIMONDI","ACZO","GOBIERNO REGIONAL","I-1","00001839","PUESTO DE SALUD  UCHUPATA","2","2","0","0","0","0","1","0","0","0","0","1","0","2","0","0"
"2016","10","020302","ANCASH","ANTONIO RAIMONDI","ACZO","GOBIERNO REGIONAL","I-1","00001839","PUESTO DE SALUD  UCHUPATA","2","2","0","0","0","0","1","0","0","0","0","1","0","3","0","0"
"2016","11","020302","ANCASH","ANTONIO RAIMONDI","ACZO","GOBIERNO REGIONAL","I-1","00001839","PUESTO DE SALUD  UCHUPATA","2","2","0","0","0","0","1","0","0","0","0","1","0","3","0","0"
"2016","12","021004","ANCASH","HUARI","CHAVIN DE HUANTAR","GOBIERNO REGIONAL","I-1","00001829","PUESTO DE SALUD CHACPAR","3","1","0","0","0","0","1","0","0","0","0","0","0","0","0","0"
"2016","10","021004","ANCASH","HUARI","CHAVIN DE HUANTAR","GOBIERNO REGIONAL","I-1","00001829","PUESTO DE SALUD CHACPAR","3","1","0","0","0","0","1","0","0","0","0","0","0","0","0","0"
"2016","11","021004","ANCASH","HUARI","CHAVIN DE HUANTAR","GOBIERNO REGIONAL","I-1","00001829","PUESTO DE SALUD CHACPAR","3","1","0","0","0","0","1","0","0","0","0","0","0","0","0","0"
"2016","12","020701","ANCASH","CARLOS FERMIN FITZCARRALD","SAN LUIS","GOBIERNO REGIONAL","I-1","00001858","PUESTO DE SALUD HUMANHUAUCO","2","2","0","0","0","0","1","0","0","0","0","0","0","2","0","0"
"2016","10","020701","ANCASH","CARLOS FERMIN FITZCARRALD","SAN LUIS","GOBIERNO REGIONAL","I-1","00001858","PUESTO DE SALUD HUMANHUAUCO","2","1","0","0","0","0","1","0","0","0","0","0","0","2","0","0"
"2016","11","020701","ANCASH","CARLOS FERMIN FITZCARRALD","SAN LUIS","GOBIERNO REGIONAL","I-1","00001858","PUESTO DE SALUD HUMANHUAUCO","2","2","0","0","0","0","1","0","0","0","0","0","0","2","0","0"
"2016","12","021014","ANCASH","HUARI","SAN MARCOS","GOBIERNO REGIONAL","I-1","00001828","PUESTO DE SALUD HUARIPAMPA","7","4","0","1","0","0","1","0","0","0","0","1","0","4","0","1"
"2016","11","021014","ANCASH","HUARI","SAN MARCOS","GOBIERNO REGIONAL","I-1","00001828","PUESTO DE SALUD HUARIPAMPA","7","4","0","1","0","0","1","0","0","0","0","1","0","3","0","1"
"2016","10","150133","LIMA","LIMA","SAN JUAN DE MIRAFLORES","PRIVADO","II-E","00017676","OFTALMOSALUD","12","19","0","26","0","17","3","0","0","0","0","0","1","3","4","0"
"2016","09","150133","LIMA","LIMA","SAN JUAN DE MIRAFLORES","PRIVADO","II-E","00017676","OFTALMOSALUD","12","19","0","27","0","17","3","0","0","0","0","0","1","3","4","0"
"2016","08","150133","LIMA","LIMA","SAN JUAN DE MIRAFLORES","PRIVADO","II-E","00017676","OFTALMOSALUD","12","19","0","28","0","17","3","0","0","0","0","0","1","3","4","0"
"2016","07","150133","LIMA","LIMA","SAN JUAN DE MIRAFLORES","PRIVADO","II-E","00017676","OFTALMOSALUD","12","19","0","24","0","14","3","0","0","0","0","0","1","3","4","0"
"2016","06","150133","LIMA","LIMA","SAN JUAN DE MIRAFLORES","PRIVADO","II-E","00017676","OFTALMOSALUD","12","19","0","24","0","14","3","0","0","0","0","0","1","3","4","0"
"2016","04","150133","LIMA","LIMA","SAN JUAN DE MIRAFLORES","PRIVADO","II-E","00017676","OFTALMOSALUD","12","19","0","24","0","14","3","0","0","0","0","0","1","3","4","0"
"2016","12","150133","LIMA","LIMA","SAN JUAN DE MIRAFLORES","PRIVADO","II-E","00017676","OFTALMOSALUD","12","19","0","25","0","14","3","0","0","0","0","0","1","3","4","0"
"2016","11","150133","LIMA","LIMA","SAN JUAN DE MIRAFLORES","PRIVADO","II-E","00017676","OFTALMOSALUD","12","19","0","29","0","17","2","0","0","0","0","0","1","2","4","0"
"2016","03","030101","APURIMAC","ABANCAY","ABANCAY","ESSALUD","II-1","00011213","SEGURO SOCIAL DE SALUD - ESSALUD","37","54","44","53","0","0","70","9","3","4","15","9","6","74","20","0"
"2016","12","030101","APURIMAC","ABANCAY","ABANCAY","ESSALUD","II-1","00011213","SEGURO SOCIAL DE SALUD - ESSALUD","37","52","44","57","0","0","71","9","2","4","15","12","6","78","18","0"
"2016","10","030101","APURIMAC","ABANCAY","ABANCAY","ESSALUD","II-1","00011213","SEGURO SOCIAL DE SALUD - ESSALUD","37","60","44","57","0","0","71","9","2","4","16","12","5","75","19","0"
"2016","09","030101","APURIMAC","ABANCAY","ABANCAY","ESSALUD","II-1","00011213","SEGURO SOCIAL DE SALUD - ESSALUD","37","57","44","55","0","0","71","9","2","4","16","13","5","76","18","0"
"2016","08","030101","APURIMAC","ABANCAY","ABANCAY","ESSALUD","II-1","00011213","SEGURO SOCIAL DE SALUD - ESSALUD","37","51","44","52","0","0","71","9","2","4","15","13","6","75","18","0"
"2016","11","030101","APURIMAC","ABANCAY","ABANCAY","ESSALUD","II-1","00011213","SEGURO SOCIAL DE SALUD - ESSALUD","37","57","44","56","0","0","71","9","2","4","15","12","5","76","18","0"
"2016","07","030101","APURIMAC","ABANCAY","ABANCAY","ESSALUD","II-1","00011213","SEGURO SOCIAL DE SALUD - ESSALUD","37","51","44","50","0","0","71","9","1","4","16","13","6","76","18","0"
"2016","06","030101","APURIMAC","ABANCAY","ABANCAY","ESSALUD","II-1","00011213","SEGURO SOCIAL DE SALUD - ESSALUD","37","56","44","53","0","0","70","9","2","4","15","11","7","76","18","0"
"2016","05","030101","APURIMAC","ABANCAY","ABANCAY","ESSALUD","II-1","00011213","SEGURO SOCIAL DE SALUD - ESSALUD","37","52","44","52","0","0","70","9","2","4","15","15","6","76","18","0"
"2016","04","030101","APURIMAC","ABANCAY","ABANCAY","ESSALUD","II-1","00011213","SEGURO SOCIAL DE SALUD - ESSALUD","37","54","44","52","0","0","70","9","3","4","15","9","7","74","20","0"
"2016","01","030101","APURIMAC","ABANCAY","ABANCAY","ESSALUD","II-1","00011213","SEGURO SOCIAL DE SALUD - ESSALUD","10","22","40","65","0","0","75","9","3","4","15","13","7","3","143","3"
"2016","12","110304","ICA","NAZCA","MARCONA","ESSALUD","I-3","00013911","MARIA REICHE NEUMAN","11","10","14","13","0","0","15","3","0","0","3","1","1","0","19","2"
"2016","10","110304","ICA","NAZCA","MARCONA","ESSALUD","I-3","00013911","MARIA REICHE NEUMAN","11","11","14","14","0","0","16","3","1","1","3","1","1","0","20","2"
"2016","09","110304","ICA","NAZCA","MARCONA","ESSALUD","I-3","00013911","MARIA REICHE NEUMAN","11","11","14","14","0","0","15","3","1","1","3","1","1","0","19","2"
"2016","02","110304","ICA","NAZCA","MARCONA","ESSALUD","I-3","00013911","MARIA REICHE NEUMAN","10","11","14","14","0","0","14","3","1","1","3","1","1","0","19","2"
"2016","11","110304","ICA","NAZCA","MARCONA","ESSALUD","I-3","00013911","MARIA REICHE NEUMAN","11","11","14","13","0","0","16","3","1","0","3","1","1","0","19","2"
"2016","07","110304","ICA","NAZCA","MARCONA","ESSALUD","I-3","00013911","MARIA REICHE NEUMAN","11","11","14","14","0","0","14","2","1","1","3","1","1","0","19","2"
"2016","08","110304","ICA","NAZCA","MARCONA","ESSALUD","I-3","00013911","MARIA REICHE NEUMAN","11","10","14","13","0","0","15","2","1","1","3","1","1","0","19","2"
"2016","06","110304","ICA","NAZCA","MARCONA","ESSALUD","I-3","00013911","MARIA REICHE NEUMAN","11","11","14","13","0","0","15","2","1","1","3","1","1","0","20","2"
"2016","05","110304","ICA","NAZCA","MARCONA","ESSALUD","I-3","00013911","MARIA REICHE NEUMAN","11","11","14","13","0","0","15","3","1","1","3","1","1","0","19","2"
"2016","01","110304","ICA","NAZCA","MARCONA","ESSALUD","I-3","00013911","MARIA REICHE NEUMAN","10","10","14","14","0","0","14","2","0","1","3","1","1","0","21","2"
"2016","03","110304","ICA","NAZCA","MARCONA","ESSALUD","I-3","00013911","MARIA REICHE NEUMAN","11","10","14","14","0","0","15","2","1","1","3","1","1","0","19","2"
"2016","04","110304","ICA","NAZCA","MARCONA","ESSALUD","I-3","00013911","MARIA REICHE NEUMAN","11","11","14","16","0","0","16","3","1","1","2","1","1","0","20","2"
"2016","12","070101","CALLAO","CALLAO","CALLAO","GOBIERNO REGIONAL","I-2","00006220","P.S. MANUEL BONILLA","10","10","0","9","0","0","5","3","2","1","1","4","1","0","0","0"
"2016","10","070101","CALLAO","CALLAO","CALLAO","GOBIERNO REGIONAL","I-2","00006220","P.S. MANUEL BONILLA","10","10","0","9","0","0","5","3","2","1","1","4","1","0","0","0"
"2016","11","070101","CALLAO","CALLAO","CALLAO","GOBIERNO REGIONAL","I-2","00006220","P.S. MANUEL BONILLA","10","10","0","9","0","0","5","3","2","1","1","4","1","0","0","0"
"2016","09","070101","CALLAO","CALLAO","CALLAO","GOBIERNO REGIONAL","I-2","00006220","P.S. MANUEL BONILLA","10","10","0","9","0","0","5","3","1","1","1","4","1","0","0","0"
"2016","07","070101","CALLAO","CALLAO","CALLAO","GOBIERNO REGIONAL","I-2","00006220","P.S. MANUEL BONILLA","10","10","0","8","0","0","5","2","2","1","0","4","1","15","16","0"
"2016","08","070101","CALLAO","CALLAO","CALLAO","GOBIERNO REGIONAL","I-2","00006220","P.S. MANUEL BONILLA","10","10","0","8","0","0","5","3","2","1","0","4","1","15","16","0"
"2016","12","060101","CAJAMARCA","CAJAMARCA","CAJAMARCA","PRIVADO","II-2","00018126","LABORATORIO LLONTOP S.R.L.","0","0","0","1","0","0","0","0","0","0","0","0","0","4","4","0"
"2016","10","060101","CAJAMARCA","CAJAMARCA","CAJAMARCA","PRIVADO","II-2","00018126","LABORATORIO LLONTOP S.R.L.","0","0","0","1","0","0","0","0","0","0","0","0","0","4","4","0"
"2016","11","060101","CAJAMARCA","CAJAMARCA","CAJAMARCA","PRIVADO","II-2","00018126","LABORATORIO LLONTOP S.R.L.","0","0","0","1","0","0","0","0","0","0","0","0","0","4","4","0"
"2016","09","060101","CAJAMARCA","CAJAMARCA","CAJAMARCA","PRIVADO","II-2","00018126","LABORATORIO LLONTOP S.R.L.","0","0","0","1","0","0","0","0","0","0","0","0","0","4","4","0"
"2016","08","060101","CAJAMARCA","CAJAMARCA","CAJAMARCA","PRIVADO","II-2","00018126","LABORATORIO LLONTOP S.R.L.","0","0","0","1","0","0","0","0","0","0","0","0","0","4","4","0"
"2016","07","060101","CAJAMARCA","CAJAMARCA","CAJAMARCA","PRIVADO","II-2","00018126","LABORATORIO LLONTOP S.R.L.","0","0","0","1","0","0","0","0","0","0","0","0","0","4","4","0"
"2016","06","060101","CAJAMARCA","CAJAMARCA","CAJAMARCA","PRIVADO","II-2","00018126","LABORATORIO LLONTOP S.R.L.","0","0","0","1","0","0","0","0","0","0","0","0","0","4","4","0"
"2016","10","150113","LIMA","LIMA","JESUS MARIA","SANIDAD DE LA POLICIA NACIONAL DEL PERU","III-1","00013591","HOSPITAL NACIONAL POLICIA NACIONAL DEL PERU GRAL PNP LUIS N. SAENZ.","150","157","368","530","0","235","398","28","23","8","6","46","24","1068","48","6"
"2016","09","150113","LIMA","LIMA","JESUS MARIA","SANIDAD DE LA POLICIA NACIONAL DEL PERU","III-1","00013591","HOSPITAL NACIONAL POLICIA NACIONAL DEL PERU GRAL PNP LUIS N. SAENZ.","150","157","366","360","0","210","398","28","23","08","38","46","24","1013","3","6"
"2016","05","150113","LIMA","LIMA","JESUS MARIA","SANIDAD DE LA POLICIA NACIONAL DEL PERU","III-1","00013591","HOSPITAL NACIONAL POLICIA NACIONAL DEL PERU GRAL PNP LUIS N. SAENZ.","150","157","388","453","0","122","398","28","23","8","38","46","24","1070","2","07"
"2016","11","150113","LIMA","LIMA","JESUS MARIA","SANIDAD DE LA POLICIA NACIONAL DEL PERU","III-1","00013591","HOSPITAL NACIONAL POLICIA NACIONAL DEL PERU GRAL PNP LUIS N. SAENZ.","150","157","376","293","0","235","418","34","29","16","101","50","28","1088","13","9"
"2016","07","150113","LIMA","LIMA","JESUS MARIA","SANIDAD DE LA POLICIA NACIONAL DEL PERU","III-1","00013591","HOSPITAL NACIONAL POLICIA NACIONAL DEL PERU GRAL PNP LUIS N. SAENZ.","150","157","363","334","0","200","404","30","27","10","92","49","25","1192","50","07"
"2016","08","150113","LIMA","LIMA","JESUS MARIA","SANIDAD DE LA POLICIA NACIONAL DEL PERU","III-1","00013591","HOSPITAL NACIONAL POLICIA NACIONAL DEL PERU GRAL PNP LUIS N. SAENZ.","150","157","367","324","0","207","401","31","24","10","90","48","24","1011","65","6"
"2016","04","150113","LIMA","LIMA","JESUS MARIA","SANIDAD DE LA POLICIA NACIONAL DEL PERU","III-1","00013591","HOSPITAL NACIONAL POLICIA NACIONAL DEL PERU GRAL PNP LUIS N. SAENZ.","150","157","490","305","0","220","415","30","24","9","34","49","23","833","74","07"
"2016","01","150113","LIMA","LIMA","JESUS MARIA","SANIDAD DE LA POLICIA NACIONAL DEL PERU","III-1","00013591","HOSPITAL NACIONAL POLICIA NACIONAL DEL PERU GRAL PNP LUIS N. SAENZ.","150","157","489","528","0","227","376","29","23","12","93","52","23","868","83","03"
"2016","12","150113","LIMA","LIMA","JESUS MARIA","SANIDAD DE LA POLICIA NACIONAL DEL PERU","III-1","00013591","HOSPITAL NACIONAL POLICIA NACIONAL DEL PERU GRAL PNP LUIS N. SAENZ.","150","157","371","520","0","235","414","34","29","16","101","50","27","1092","13","11"
"2016","03","150113","LIMA","LIMA","JESUS MARIA","SANIDAD DE LA POLICIA NACIONAL DEL PERU","III-1","00013591","HOSPITAL NACIONAL POLICIA NACIONAL DEL PERU GRAL PNP LUIS N. SAENZ.","150","157","489","407","0","122","410","31","24","10","93","51","24","594","537","2"
"2016","02","150113","LIMA","LIMA","JESUS MARIA","SANIDAD DE LA POLICIA NACIONAL DEL PERU","III-1","00013591","HOSPITAL NACIONAL POLICIA NACIONAL DEL PERU GRAL PNP LUIS N. SAENZ.","150","157","485","532","0","226","398","33","24","10","58","52","25","874","75","2"
"2016","06","150113","LIMA","LIMA","JESUS MARIA","SANIDAD DE LA POLICIA NACIONAL DEL PERU","III-1","00013591","HOSPITAL NACIONAL POLICIA NACIONAL DEL PERU GRAL PNP LUIS N. SAENZ.","150","157","372","530","0","122","400","28","23","8","38","46","24","1083","48","07"
"2016","12","120101","JUNIN","HUANCAYO","HUANCAYO","SANIDAD DE LA POLICIA NACIONAL DEL PERU","I-3","00010710","ENRIQUE TORRES GONZALES","8","10","17","6","1","0","16","3","1","0","4","1","2","65","0","2"
"2016","09","120101","JUNIN","HUANCAYO","HUANCAYO","SANIDAD DE LA POLICIA NACIONAL DEL PERU","I-3","00010710","ENRIQUE TORRES GONZALES","8","10","17","6","2","0","18","1","2","0","2","1","1","66","0","2"
"2016","11","120101","JUNIN","HUANCAYO","HUANCAYO","SANIDAD DE LA POLICIA NACIONAL DEL PERU","I-3","00010710","ENRIQUE TORRES GONZALES","8","10","17","6","1","0","15","3","1","0","4","1","2","59","0","2"
"2016","10","120101","JUNIN","HUANCAYO","HUANCAYO","SANIDAD DE LA POLICIA NACIONAL DEL PERU","I-3","00010710","ENRIQUE TORRES GONZALES","8","10","17","5","1","0","17","1","0","0","1","1","1","61","0","2"
"2016","08","120101","JUNIN","HUANCAYO","HUANCAYO","SANIDAD DE LA POLICIA NACIONAL DEL PERU","I-3","00010710","ENRIQUE TORRES GONZALES","8","10","17","5","1","0","18","1","2","0","2","1","1","65","0","0"
"2016","12","070104","CALLAO","CALLAO","LA PERLA","SANIDAD DE LA POLICIA NACIONAL DEL PERU","I-3","00010557","POLICLINICO PNP CALLAO","5","6","0","3","0","0","2","2","2","0","0","1","4","20","4","1"
"2016","11","070104","CALLAO","CALLAO","LA PERLA","SANIDAD DE LA POLICIA NACIONAL DEL PERU","I-3","00010557","POLICLINICO PNP CALLAO","5","6","0","4","0","0","2","2","2","0","0","1","4","20","4","1"
"2016","09","070104","CALLAO","CALLAO","LA PERLA","SANIDAD DE LA POLICIA NACIONAL DEL PERU","I-3","00010557","POLICLINICO PNP CALLAO","4","4","1","1","0","0","1","1","1","0","1","1","1","18","3","1"
"2016","10","070104","CALLAO","CALLAO","LA PERLA","SANIDAD DE LA POLICIA NACIONAL DEL PERU","I-3","00010557","POLICLINICO PNP CALLAO","4","4","2","1","0","0","1","1","1","0","2","1","2","17","3","1"
"2016","08","070104","CALLAO","CALLAO","LA PERLA","SANIDAD DE LA POLICIA NACIONAL DEL PERU","I-3","00010557","POLICLINICO PNP CALLAO","4","4","2","1","0","0","1","2","1","0","2","1","2","17","2","1"
"2016","12","150129","LIMA","LIMA","SAN BARTOLO","SANIDAD DE LA POLICIA NACIONAL DEL PERU","I-2","00019390","POSTA MEDICA ETS. PNP. SAN BARTOLO","3","3","0","5","2","0","3","2","1","1","0","0","1","14","0","0"
"2016","11","150129","LIMA","LIMA","SAN BARTOLO","SANIDAD DE LA POLICIA NACIONAL DEL PERU","I-2","00019390","POSTA MEDICA ETS. PNP. SAN BARTOLO","4","8","0","5","2","0","4","2","1","1","0","0","1","14","0","0"
"2016","10","150129","LIMA","LIMA","SAN BARTOLO","SANIDAD DE LA POLICIA NACIONAL DEL PERU","I-2","00019390","POSTA MEDICA ETS. PNP. SAN BARTOLO","3","3","0","3","2","0","4","2","1","1","0","0","1","14","0","0"
"2016","09","150129","LIMA","LIMA","SAN BARTOLO","SANIDAD DE LA POLICIA NACIONAL DEL PERU","I-2","00019390","POSTA MEDICA ETS. PNP. SAN BARTOLO","3","3","0","3","2","0","4","2","1","1","0","0","1","14","0","0"
"2016","08","150129","LIMA","LIMA","SAN BARTOLO","SANIDAD DE LA POLICIA NACIONAL DEL PERU","I-2","00019390","POSTA MEDICA ETS. PNP. SAN BARTOLO","3","3","0","3","2","0","4","2","1","1","0","0","1","14","0","0"
"2016","12","150106","LIMA","LIMA","CARABAYLLO","SANIDAD DE LA POLICIA NACIONAL DEL PERU","I-3","00012664","POLICLINICO  PNP CARABAYLLO","7","7","0","5","3","0","2","3","1","0","3","6","0","24","0","1"
"2016","11","150106","LIMA","LIMA","CARABAYLLO","SANIDAD DE LA POLICIA NACIONAL DEL PERU","I-3","00012664","POLICLINICO  PNP CARABAYLLO","7","7","0","6","3","0","3","3","1","0","3","4","0","26","0","1"
"2016","09","150106","LIMA","LIMA","CARABAYLLO","SANIDAD DE LA POLICIA NACIONAL DEL PERU","I-3","00012664","POLICLINICO  PNP CARABAYLLO","5","5","0","4","3","0","2","3","1","0","3","4","0","27","0","1"
"2016","10","150106","LIMA","LIMA","CARABAYLLO","SANIDAD DE LA POLICIA NACIONAL DEL PERU","I-3","00012664","POLICLINICO  PNP CARABAYLLO","5","5","0","4","3","0","2","3","1","0","2","4","0","27","0","1"
"2016","08","150106","LIMA","LIMA","CARABAYLLO","SANIDAD DE LA POLICIA NACIONAL DEL PERU","I-3","00012664","POLICLINICO  PNP CARABAYLLO","4","4","0","4","3","0","2","3","3","0","5","2","0","23","0","1"
"2016","12","100102","HUANUCO","HUANUCO","AMARILIS","ESSALUD","II-2","00010571","HOSPITAL II HUANUCO","20","27","63","109","0","0","96","5","5","2","19","14","1","5","18","4"
"2016","11","100102","HUANUCO","HUANUCO","AMARILIS","ESSALUD","II-2","00010571","HOSPITAL II HUANUCO","20","27","63","109","0","0","95","5","5","2","19","13","1","5","18","4"
"2016","10","100102","HUANUCO","HUANUCO","AMARILIS","ESSALUD","II-2","00010571","HOSPITAL II HUANUCO","20","27","63","76","0","0","95","5","5","2","19","14","1","5","18","4"
"2016","09","100102","HUANUCO","HUANUCO","AMARILIS","ESSALUD","II-2","00010571","HOSPITAL II HUANUCO","20","27","63","75","0","0","96","5","5","2","19","15","2","4","18","4"
"2016","08","100102","HUANUCO","HUANUCO","AMARILIS","ESSALUD","II-2","00010571","HOSPITAL II HUANUCO","20","28","67","72","0","0","95","5","6","2","19","15","2","4","18","4"
"2016","07","100102","HUANUCO","HUANUCO","AMARILIS","ESSALUD","II-2","00010571","HOSPITAL II HUANUCO","20","28","67","79","0","0","88","5","6","2","17","15","2","0","5","4"
"2016","06","100102","HUANUCO","HUANUCO","AMARILIS","ESSALUD","II-2","00010571","HOSPITAL II HUANUCO","20","28","67","79","0","0","88","5","6","2","17","15","2","0","5","4"
"2016","05","100102","HUANUCO","HUANUCO","AMARILIS","ESSALUD","II-2","00010571","HOSPITAL II HUANUCO","20","28","67","77","0","0","88","5","6","2","17","15","2","0","5","3"
"2016","04","100102","HUANUCO","HUANUCO","AMARILIS","ESSALUD","II-2","00010571","HOSPITAL II HUANUCO","20","28","64","77","0","0","50","88","6","2","17","15","2","0","5","3"
"2016","02","100102","HUANUCO","HUANUCO","AMARILIS","ESSALUD","II-2","00010571","HOSPITAL II HUANUCO","20","27","64","64","0","0","88","5","6","2","16","15","2","0","5","3"
"2016","03","100102","HUANUCO","HUANUCO","AMARILIS","ESSALUD","II-2","00010571","HOSPITAL II HUANUCO","20","27","64","64","0","0","88","5","6","2","16","15","2","0","5","3"
"2016","12","070101","CALLAO","CALLAO","CALLAO","ESSALUD","I-3","00018306","ALBERTO LEONARDO BARTON THOMPSON","43","86","0","68","0","0","21","17","2","1","2","7","2","55","1","1"
"2016","12","040112","AREQUIPA","AREQUIPA","PAUCARPATA","ESSALUD","I-3","00012194","CAP III - PAUCARPATA","8","11","0","4","0","0","3","1","0","0","0","1","1","6","0","0"
"2016","12","090701","HUANCAVELICA","TAYACAJA","PAMPAS","SANIDAD DE LA POLICIA NACIONAL DEL PERU","I-2","00010153","POSTA MEDICA PAMPAS - PNP","1","1","0","3","2","0","1","0","0","0","0","0","0","2","0","0"
"2016","11","090701","HUANCAVELICA","TAYACAJA","PAMPAS","SANIDAD DE LA POLICIA NACIONAL DEL PERU","I-2","00010153","POSTA MEDICA PAMPAS - PNP","1","1","0","3","2","0","1","0","0","0","0","0","0","2","0","0"
"2016","09","090701","HUANCAVELICA","TAYACAJA","PAMPAS","SANIDAD DE LA POLICIA NACIONAL DEL PERU","I-2","00010153","POSTA MEDICA PAMPAS - PNP","1","1","0","3","2","0","1","0","0","0","0","0","0","2","0","0"
"2016","10","090701","HUANCAVELICA","TAYACAJA","PAMPAS","SANIDAD DE LA POLICIA NACIONAL DEL PERU","I-2","00010153","POSTA MEDICA PAMPAS - PNP","1","1","0","3","2","0","1","0","0","0","0","0","0","2","0","0"
"2016","12","070102","CALLAO","CALLAO","BELLAVISTA","ESSALUD","III-1","00008265","HOSPITAL NACIONAL ALBERTO SABOGAL SOLOGUREN DE LA RED ASISTENCIAL SABOGAL","61","84","476","664","0","178","525","9","12","17","103","30","16","875","47","5"
"2016","04","070102","CALLAO","CALLAO","BELLAVISTA","ESSALUD","III-1","00008265","HOSPITAL NACIONAL ALBERTO SABOGAL SOLOGUREN DE LA RED ASISTENCIAL SABOGAL","61","89","487","766","0","256","531","7","11","17","99","30","19","886","48","5"
"2016","01","070102","CALLAO","CALLAO","BELLAVISTA","ESSALUD","III-1","00008265","HOSPITAL NACIONAL ALBERTO SABOGAL SOLOGUREN DE LA RED ASISTENCIAL SABOGAL","61","84","491","766","0","256","531","7","11","17","99","30","19","886","48","5"
"2016","11","070102","CALLAO","CALLAO","BELLAVISTA","ESSALUD","III-1","00008265","HOSPITAL NACIONAL ALBERTO SABOGAL SOLOGUREN DE LA RED ASISTENCIAL SABOGAL","61","89","473","664","0","178","525","9","12","17","103","30","16","875","47","5"
"2016","10","070102","CALLAO","CALLAO","BELLAVISTA","ESSALUD","III-1","00008265","HOSPITAL NACIONAL ALBERTO SABOGAL SOLOGUREN DE LA RED ASISTENCIAL SABOGAL","61","83","473","664","0","178","525","8","12","17","103","30","16","875","47","5"
"2016","09","070102","CALLAO","CALLAO","BELLAVISTA","ESSALUD","III-1","00008265","HOSPITAL NACIONAL ALBERTO SABOGAL SOLOGUREN DE LA RED ASISTENCIAL SABOGAL","61","88","468","664","0","178","525","8","12","17","103","30","16","875","47","5"
"2016","08","070102","CALLAO","CALLAO","BELLAVISTA","ESSALUD","III-1","00008265","HOSPITAL NACIONAL ALBERTO SABOGAL SOLOGUREN DE LA RED ASISTENCIAL SABOGAL","61","82","486","664","0","178","525","8","12","17","103","30","17","875","47","5"
"2016","07","070102","CALLAO","CALLAO","BELLAVISTA","ESSALUD","III-1","00008265","HOSPITAL NACIONAL ALBERTO SABOGAL SOLOGUREN DE LA RED ASISTENCIAL SABOGAL","61","80","490","664","0","178","525","8","12","17","103","30","17","875","47","5"
"2016","06","070102","CALLAO","CALLAO","BELLAVISTA","ESSALUD","III-1","00008265","HOSPITAL NACIONAL ALBERTO SABOGAL SOLOGUREN DE LA RED ASISTENCIAL SABOGAL","61","90","488","766","0","256","531","8","11","17","99","30","19","886","48","5"
"2016","05","070102","CALLAO","CALLAO","BELLAVISTA","ESSALUD","III-1","00008265","HOSPITAL NACIONAL ALBERTO SABOGAL SOLOGUREN DE LA RED ASISTENCIAL SABOGAL","61","93","483","766","0","256","531","7","11","17","99","30","19","886","48","5"
"2016","02","070102","CALLAO","CALLAO","BELLAVISTA","ESSALUD","III-1","00008265","HOSPITAL NACIONAL ALBERTO SABOGAL SOLOGUREN DE LA RED ASISTENCIAL SABOGAL","61","84","486","766","0","256","531","7","11","17","99","30","19","886","48","5"
"2016","03","070102","CALLAO","CALLAO","BELLAVISTA","ESSALUD","III-1","00008265","HOSPITAL NACIONAL ALBERTO SABOGAL SOLOGUREN DE LA RED ASISTENCIAL SABOGAL","61","86","487","766","0","256","531","7","11","17","99","30","19","886","48","5"
"2016","12","010201","AMAZONAS","BAGUA","BAGUA","ESSALUD","II-1","00009068","HOSPITAL I HEROES DEL CENEPA","6","4","15","14","0","0","18","2","1","1","4","2","1","9","1","1"
"2016","11","010201","AMAZONAS","BAGUA","BAGUA","ESSALUD","II-1","00009068","HOSPITAL I HEROES DEL CENEPA","4","6","13","14","0","0","18","2","1","1","4","2","1","9","1","1"
"2016","10","010201","AMAZONAS","BAGUA","BAGUA","ESSALUD","II-1","00009068","HOSPITAL I HEROES DEL CENEPA","4","6","13","13","0","0","17","1","1","1","4","2","1","9","1","1"
"2016","09","010201","AMAZONAS","BAGUA","BAGUA","ESSALUD","II-1","00009068","HOSPITAL I HEROES DEL CENEPA","4","6","13","13","0","0","17","1","1","1","4","2","1","9","1","1"
"2016","08","010201","AMAZONAS","BAGUA","BAGUA","ESSALUD","II-1","00009068","HOSPITAL I HEROES DEL CENEPA","4","6","13","13","0","0","15","1","1","1","4","2","1","9","2","1"
"2016","07","010201","AMAZONAS","BAGUA","BAGUA","ESSALUD","II-1","00009068","HOSPITAL I HEROES DEL CENEPA","4","6","13","15","0","0","19","2","1","1","5","2","1","0","1","1"
"2016","06","010201","AMAZONAS","BAGUA","BAGUA","ESSALUD","II-1","00009068","HOSPITAL I HEROES DEL CENEPA","4","6","13","11","0","0","15","2","1","1","4","2","1","9","2","1"
"2016","05","010201","AMAZONAS","BAGUA","BAGUA","ESSALUD","II-1","00009068","HOSPITAL I HEROES DEL CENEPA","4","5","13","13","0","0","17","2","1","1","4","2","1","9","2","1"
"2016","02","010201","AMAZONAS","BAGUA","BAGUA","ESSALUD","II-1","00009068","HOSPITAL I HEROES DEL CENEPA","4","6","13","9","0","0","17","2","1","1","4","2","1","9","1","1"
"2016","12","220101","SAN MARTIN","MOYOBAMBA","MOYOBAMBA","GOBIERNO REGIONAL","II-1","00006733","HOSPITAL  MOYOBAMBA","16","24","50","62","2","3","43","5","2","1","2","27","3","41","0","1"
"2016","11","220101","SAN MARTIN","MOYOBAMBA","MOYOBAMBA","GOBIERNO REGIONAL","II-1","00006733","HOSPITAL  MOYOBAMBA","16","29","50","60","2","4","46","5","2","1","6","28","3","0","59","1"
"2016","10","220101","SAN MARTIN","MOYOBAMBA","MOYOBAMBA","GOBIERNO REGIONAL","II-1","00006733","HOSPITAL  MOYOBAMBA","14","22","50","66","4","5","46","5","2","1","6","28","3","58","0","0"
"2016","09","220101","SAN MARTIN","MOYOBAMBA","MOYOBAMBA","GOBIERNO REGIONAL","II-1","00006733","HOSPITAL  MOYOBAMBA","17","29","50","67","4","7","45","5","3","1","2","24","3","61","0","1"
"2016","08","220101","SAN MARTIN","MOYOBAMBA","MOYOBAMBA","GOBIERNO REGIONAL","II-1","00006733","HOSPITAL  MOYOBAMBA","26","26","50","64","4","4","37","5","2","1","2","25","2","60","23","1"
"2016","12","100601","HUANUCO","LEONCIO PRADO","RUPA-RUPA","ESSALUD","II-1","00009180","HOSPITAL I TINGO MARIA","23","30","16","22","0","0","32","4","1","1","8","5","1","31","12","3"
"2016","10","100601","HUANUCO","LEONCIO PRADO","RUPA-RUPA","ESSALUD","II-1","00009180","HOSPITAL I TINGO MARIA","23","30","23","21","0","0","33","4","1","1","8","7","1","28","14","3"
"2016","11","100601","HUANUCO","LEONCIO PRADO","RUPA-RUPA","ESSALUD","II-1","00009180","HOSPITAL I TINGO MARIA","23","30","19","22","0","0","32","4","1","1","8","5","1","31","12","3"
"2016","09","100601","HUANUCO","LEONCIO PRADO","RUPA-RUPA","ESSALUD","II-1","00009180","HOSPITAL I TINGO MARIA","23","30","23","22","0","0","33","4","1","1","8","7","1","28","14","3"
"2016","08","100601","HUANUCO","LEONCIO PRADO","RUPA-RUPA","ESSALUD","II-1","00009180","HOSPITAL I TINGO MARIA","23","30","23","21","0","0","33","4","1","1","8","7","1","28","14","3"
"2016","07","100601","HUANUCO","LEONCIO PRADO","RUPA-RUPA","ESSALUD","II-1","00009180","HOSPITAL I TINGO MARIA","23","30","22","21","0","0","33","3","1","1","8","7","1","28","14","3"
"2016","06","100601","HUANUCO","LEONCIO PRADO","RUPA-RUPA","ESSALUD","II-1","00009180","HOSPITAL I TINGO MARIA","23","30","24","20","0","0","33","3","1","1","8","7","1","28","14","3"
"2016","05","100601","HUANUCO","LEONCIO PRADO","RUPA-RUPA","ESSALUD","II-1","00009180","HOSPITAL I TINGO MARIA","23","30","24","22","0","0","33","3","1","1","8","7","1","28","14","3"
"2016","01","100601","HUANUCO","LEONCIO PRADO","RUPA-RUPA","ESSALUD","II-1","00009180","HOSPITAL I TINGO MARIA","23","32","23","23","0","0","33","4","1","1","8","6","1","31","14","3"
"2016","04","100601","HUANUCO","LEONCIO PRADO","RUPA-RUPA","ESSALUD","II-1","00009180","HOSPITAL I TINGO MARIA","23","30","24","23","0","0","33","3","1","1","8","7","1","28","14","3"
"2016","03","100601","HUANUCO","LEONCIO PRADO","RUPA-RUPA","ESSALUD","II-1","00009180","HOSPITAL I TINGO MARIA","23","30","23","22","0","0","30","3","1","1","7","7","1","28","14","3"
"2016","02","100601","HUANUCO","LEONCIO PRADO","RUPA-RUPA","ESSALUD","II-1","00009180","HOSPITAL I TINGO MARIA","23","30","24","23","0","0","30","4","1","1","7","7","1","28","14","3"
"2016","12","150140","LIMA","LIMA","SANTIAGO DE SURCO","PRIVADO","II-E","00015461","VISTASALUD CENTRO OFTALMOLOGICO","3","6","0","1","0","0","0","0","0","0","0","0","0","0","0","0"
"2016","11","150140","LIMA","LIMA","SANTIAGO DE SURCO","PRIVADO","II-E","00015461","VISTASALUD CENTRO OFTALMOLOGICO","3","6","0","1","0","0","0","0","0","0","0","0","0","0","0","0"
"2016","09","150140","LIMA","LIMA","SANTIAGO DE SURCO","PRIVADO","II-E","00015461","VISTASALUD CENTRO OFTALMOLOGICO","3","6","0","1","0","0","0","0","0","0","0","0","0","0","0","0"
"2016","08","150140","LIMA","LIMA","SANTIAGO DE SURCO","PRIVADO","II-E","00015461","VISTASALUD CENTRO OFTALMOLOGICO","3","6","0","1","0","0","0","0","0","0","0","0","0","0","0","0"
"2016","07","150140","LIMA","LIMA","SANTIAGO DE SURCO","PRIVADO","II-E","00015461","VISTASALUD CENTRO OFTALMOLOGICO","3","6","0","1","0","0","0","0","0","0","0","0","0","0","0","0"
"2016","06","150140","LIMA","LIMA","SANTIAGO DE SURCO","PRIVADO","II-E","00015461","VISTASALUD CENTRO OFTALMOLOGICO","3","6","0","1","0","0","0","0","0","0","1","0","1","0","0","0"
"2016","05","150140","LIMA","LIMA","SANTIAGO DE SURCO","PRIVADO","II-E","00015461","VISTASALUD CENTRO OFTALMOLOGICO","3","6","0","1","0","0","0","0","0","0","1","0","1","0","0","0"
"2016","10","230301","TACNA","JORGE BASADRE","LOCUMBA","SANIDAD DE LA POLICIA NACIONAL DEL PERU","I-2","00020599","SANIDAD  EESTP  LOCUMBA","1","2","0","2","2","0","1","0","1","0","0","0","0","1","0","0"
"2016","12","230301","TACNA","JORGE BASADRE","LOCUMBA","SANIDAD DE LA POLICIA NACIONAL DEL PERU","I-2","00020599","SANIDAD  EESTP  LOCUMBA","1","1","0","1","1","0","1","0","1","0","0","0","0","2","0","0"
"2016","09","230301","TACNA","JORGE BASADRE","LOCUMBA","SANIDAD DE LA POLICIA NACIONAL DEL PERU","I-2","00020599","SANIDAD  EESTP  LOCUMBA","1","2","0","2","2","0","2","0","1","0","0","0","0","2","0","0"
"2016","08","230301","TACNA","JORGE BASADRE","LOCUMBA","SANIDAD DE LA POLICIA NACIONAL DEL PERU","I-2","00020599","SANIDAD  EESTP  LOCUMBA","1","2","0","2","2","0","2","0","1","0","0","0","0","0","0","0"
"2016","11","230301","TACNA","JORGE BASADRE","LOCUMBA","SANIDAD DE LA POLICIA NACIONAL DEL PERU","I-2","00020599","SANIDAD  EESTP  LOCUMBA","1","1","0","1","1","0","1","0","1","0","0","0","0","1","0","0"
"2016","12","050503","AYACUCHO","LA MAR","AYNA","GOBIERNO REGIONAL","II-1","00003754","HOSPITAL DE APOYO SAN FRANCISCO","17","17","26","23","0","0","22","2","1","1","0","16","5","37","12","2"
"2016","11","050503","AYACUCHO","LA MAR","AYNA","GOBIERNO REGIONAL","II-1","00003754","HOSPITAL DE APOYO SAN FRANCISCO","17","17","26","23","0","0","22","2","1","1","0","16","5","37","12","2"
"2016","10","050503","AYACUCHO","LA MAR","AYNA","GOBIERNO REGIONAL","II-1","00003754","HOSPITAL DE APOYO SAN FRANCISCO","17","17","21","23","0","0","22","2","1","1","0","16","5","37","2","2"
"2016","09","050503","AYACUCHO","LA MAR","AYNA","GOBIERNO REGIONAL","II-1","00003754","HOSPITAL DE APOYO SAN FRANCISCO","17","17","21","23","0","0","22","2","1","1","0","16","5","37","12","2"
"2016","08","050503","AYACUCHO","LA MAR","AYNA","GOBIERNO REGIONAL","II-1","00003754","HOSPITAL DE APOYO SAN FRANCISCO","17","17","21","23","0","0","22","2","1","1","0","16","5","37","12","2"
"2016","07","050503","AYACUCHO","LA MAR","AYNA","GOBIERNO REGIONAL","II-1","00003754","HOSPITAL DE APOYO SAN FRANCISCO","17","17","21","23","0","0","24","2","1","1","0","17","5","37","12","2"
"2016","05","050503","AYACUCHO","LA MAR","AYNA","GOBIERNO REGIONAL","II-1","00003754","HOSPITAL DE APOYO SAN FRANCISCO","14","13","19","12","0","0","24","2","1","1","0","17","1","5","55","2"
"2016","06","050503","AYACUCHO","LA MAR","AYNA","GOBIERNO REGIONAL","II-1","00003754","HOSPITAL DE APOYO SAN FRANCISCO","17","17","19","18","0","0","24","2","1","1","0","16","4","15","3","2"
"2016","04","050503","AYACUCHO","LA MAR","AYNA","GOBIERNO REGIONAL","II-1","00003754","HOSPITAL DE APOYO SAN FRANCISCO","13","13","22","16","0","2","16","2","1","1","0","12","3","8","24","2"
"2016","12","200104","PIURA","PIURA","CASTILLA","PRIVADO","II-1","00013494","AUNA CLINICA MIRAFLORES","26","37","40","101","0","0","20","1","1","1","2","0","2","31","0","0"
"2016","11","200104","PIURA","PIURA","CASTILLA","PRIVADO","II-1","00013494","AUNA CLINICA MIRAFLORES","26","37","40","101","0","0","20","1","1","1","2","0","2","31","0","0"
"2016","10","200104","PIURA","PIURA","CASTILLA","PRIVADO","II-1","00013494","AUNA CLINICA MIRAFLORES","26","37","40","101","0","0","20","1","1","1","2","0","2","31","0","0"
"2016","09","200104","PIURA","PIURA","CASTILLA","PRIVADO","II-1","00013494","AUNA CLINICA MIRAFLORES","26","37","40","101","0","0","20","1","1","1","2","0","2","31","0","0"
"2016","08","200104","PIURA","PIURA","CASTILLA","PRIVADO","II-1","00013494","AUNA CLINICA MIRAFLORES","26","37","40","101","0","0","20","1","1","1","2","0","2","31","0","0"
"2016","07","200104","PIURA","PIURA","CASTILLA","PRIVADO","II-1","00013494","AUNA CLINICA MIRAFLORES","26","37","40","101","0","0","20","1","1","1","2","0","2","31","0","0"
"2016","05","200104","PIURA","PIURA","CASTILLA","PRIVADO","II-1","00013494","AUNA CLINICA MIRAFLORES","25","30","38","57","0","0","22","1","1","1","2","0","2","31","0","0"
"2016","06","200104","PIURA","PIURA","CASTILLA","PRIVADO","II-1","00013494","AUNA CLINICA MIRAFLORES","26","37","40","87","0","14","20","1","1","1","2","0","2","31","0","0"
"2016","01","200104","PIURA","PIURA","CASTILLA","PRIVADO","II-1","00013494","AUNA CLINICA MIRAFLORES","25","30","38","57","0","0","22","1","1","1","2","0","2","31","0","0"
"2016","04","200104","PIURA","PIURA","CASTILLA","PRIVADO","II-1","00013494","AUNA CLINICA MIRAFLORES","25","30","38","57","0","0","22","1","1","1","2","0","2","31","0","0"
"2016","12","070104","CALLAO","CALLAO","LA PERLA","GOBIERNO REGIONAL","I-3","00006250","P.S. ALTA MAR","9","13","0","5","0","0","3","3","1","1","0","2","0","2","0","0"
