"ANHO","MES","UBIGEO","DEPARTAMENTO","PROVINCIA","DISTRITO","SECTOR","CATEGORIA","CO_IPRESS","RAZON_SOC","CA_CONSULTORIOS","CA_CONSULTORIOS_FN","CA_CAMAS","CA_MEDICOS_TOTAL","CA_MEDICOS_SERUM","CA_MEDICOS_RESIDENTES","CA_ENFERMERAS","CA_ODONTOLOGOS","CA_PSICOLOGOS","CA_NUTRICIONISTAS","CA_TECNOLOGOS_MEDICOS","CA_OBSTETRICES","CA_FARMACEUTICOS","CA_AUXILIARES","CA_OTROS_PROF","CA_AMBULANCIAS"
"2015","12","200101","PIURA","PIURA","PIURA","PRIVADO","II-1","00018310","SANNA - CLINICA BELEN","9","37","45","19","0","13","34","0","1","1","0","6","2","60","1","1"
"2015","04","160108","LORETO","MAYNAS","PUNCHANA","GOBIERNO REGIONAL","III-1","00000003","HOSPITAL REGIONAL DE LORETO ""FELIPE SANTIAGO ARRIOLA IGLESIAS""","53","53","249","62","0","12","54","6","2","1","4","14","4","44","24","2"
"2015","08","160108","LORETO","MAYNAS","PUNCHANA","GOBIERNO REGIONAL","III-1","00000003","HOSPITAL REGIONAL DE LORETO ""FELIPE SANTIAGO ARRIOLA IGLESIAS""","53","53","249","108","1","12","132","5","2","2","6","56","22","44","16","1"
"2015","11","160108","LORETO","MAYNAS","PUNCHANA","GOBIERNO REGIONAL","III-1","00000003","HOSPITAL REGIONAL DE LORETO ""FELIPE SANTIAGO ARRIOLA IGLESIAS""","53","53","371","78","0","40","156","7","4","1","5","36","6","372","11","1"
"2015","09","160108","LORETO","MAYNAS","PUNCHANA","GOBIERNO REGIONAL","III-1","00000003","HOSPITAL REGIONAL DE LORETO ""FELIPE SANTIAGO ARRIOLA IGLESIAS""","53","53","249","108","1","12","132","5","2","2","6","56","22","44","16","1"
"2015","08","120101","JUNIN","HUANCAYO","HUANCAYO","GOBIERNO REGIONAL","III-E","00000753","HOSPITAL REGIONAL DOCENTE CLINICO QUIRURGICO DANIEL ALCIDES CARRION DE HUANCAYO","63","82","209","141","0","35","150","5","7","4","10","6","9","134","64","4"
"2015","10","120101","JUNIN","HUANCAYO","HUANCAYO","GOBIERNO REGIONAL","III-E","00000753","HOSPITAL REGIONAL DOCENTE CLINICO QUIRURGICO DANIEL ALCIDES CARRION DE HUANCAYO","63","82","209","125","0","35","150","5","7","4","10","6","9","134","64","4"
"2015","07","120101","JUNIN","HUANCAYO","HUANCAYO","GOBIERNO REGIONAL","III-E","00000753","HOSPITAL REGIONAL DOCENTE CLINICO QUIRURGICO DANIEL ALCIDES CARRION DE HUANCAYO","31","93","122","145","25","34","84","9","6","3","16","15","22","324","133","4"
"2015","10","040101","AREQUIPA","AREQUIPA","AREQUIPA","GOBIERNO REGIONAL","III-1","00001231","HOSPITAL REGIONAL HONORIO DELGADO ESPINOZA","115","117","665","276","0","72","269","4","3","7","0","25","11","401","27","2"
"2015","09","040101","AREQUIPA","AREQUIPA","AREQUIPA","GOBIERNO REGIONAL","III-1","00001231","HOSPITAL REGIONAL HONORIO DELGADO ESPINOZA","115","117","665","276","0","72","269","4","3","7","0","25","11","401","27","2"
"2015","08","040101","AREQUIPA","AREQUIPA","AREQUIPA","GOBIERNO REGIONAL","III-1","00001231","HOSPITAL REGIONAL HONORIO DELGADO ESPINOZA","115","117","665","276","0","72","269","4","3","7","0","25","11","401","27","2"
"2015","12","040101","AREQUIPA","AREQUIPA","AREQUIPA","GOBIERNO REGIONAL","III-1","00001232","HOSPITAL GOYENECHE","44","44","271","129","0","39","138","3","4","4","3","21","8","224","6","1"
"2015","09","080101","CUSCO","CUSCO","CUSCO","GOBIERNO REGIONAL","III-1","00002289","HOSPITAL DE APOYO DEPARTAMENTAL CUSCO","43","50","311","126","0","36","159","3","3","2","5","37","7","5","3","2"
"2015","08","080101","CUSCO","CUSCO","CUSCO","GOBIERNO REGIONAL","III-1","00002289","HOSPITAL DE APOYO DEPARTAMENTAL CUSCO","43","50","311","112","0","36","159","3","3","2","5","37","7","5","3","2"
"2015","10","080101","CUSCO","CUSCO","CUSCO","GOBIERNO REGIONAL","III-1","00002289","HOSPITAL DE APOYO DEPARTAMENTAL CUSCO","43","50","311","126","0","36","159","3","3","2","5","37","7","5","5","2"
"2015","12","080101","CUSCO","CUSCO","CUSCO","GOBIERNO REGIONAL","III-1","00002289","HOSPITAL DE APOYO DEPARTAMENTAL CUSCO","43","50","311","126","0","36","159","3","3","2","5","37","7","5","3","2"
"2015","11","080101","CUSCO","CUSCO","CUSCO","GOBIERNO REGIONAL","III-1","00002289","HOSPITAL DE APOYO DEPARTAMENTAL CUSCO","43","50","311","126","0","36","159","3","3","2","5","37","7","5","3","2"
"2015","11","080106","CUSCO","CUSCO","SANTIAGO","GOBIERNO REGIONAL","III-1","00002305","ANTONIO LORENA DEL CUSCO","36","30","172","142","0","8","161","3","5","1","0","37","6","390","7","3"
"2015","12","080106","CUSCO","CUSCO","SANTIAGO","GOBIERNO REGIONAL","III-1","00002305","ANTONIO LORENA DEL CUSCO","36","30","181","154","0","10","168","3","5","2","0","37","10","423","26","3"
"2015","10","080106","CUSCO","CUSCO","SANTIAGO","GOBIERNO REGIONAL","III-1","00002305","ANTONIO LORENA DEL CUSCO","36","30","171","141","0","8","162","3","5","1","0","37","7","410","7","3"
"2015","09","080106","CUSCO","CUSCO","SANTIAGO","GOBIERNO REGIONAL","III-1","00002305","ANTONIO LORENA DEL CUSCO","36","30","171","141","0","8","155","3","5","1","0","35","5","380","7","2"
"2015","08","080106","CUSCO","CUSCO","SANTIAGO","GOBIERNO REGIONAL","III-1","00002305","ANTONIO LORENA DEL CUSCO","36","30","171","118","0","7","100","3","5","1","0","27","3","26","6","2"
"2015","12","130101","LA LIBERTAD","TRUJILLO","TRUJILLO","GOBIERNO REGIONAL","III-1","00005195","HOSPITAL BELEN DE TRUJILLO","47","51","280","218","0","26","197","2","4","9","6","19","9","278","18","2"
"2015","11","130101","LA LIBERTAD","TRUJILLO","TRUJILLO","GOBIERNO REGIONAL","III-1","00005195","HOSPITAL BELEN DE TRUJILLO","47","52","280","228","0","26","184","2","3","8","5","21","8","285","19","2"
"2015","10","130101","LA LIBERTAD","TRUJILLO","TRUJILLO","GOBIERNO REGIONAL","III-1","00005195","HOSPITAL BELEN DE TRUJILLO","47","52","280","217","0","26","194","2","3","8","6","21","9","290","18","2"
"2015","06","130101","LA LIBERTAD","TRUJILLO","TRUJILLO","GOBIERNO REGIONAL","III-1","00005195","HOSPITAL BELEN DE TRUJILLO","46","52","298","179","0","33","198","2","4","9","6","22","8","367","39","2"
"2015","07","130101","LA LIBERTAD","TRUJILLO","TRUJILLO","GOBIERNO REGIONAL","III-1","00005195","HOSPITAL BELEN DE TRUJILLO","47","57","298","179","0","33","198","2","4","9","6","22","8","367","39","2"
"2015","09","130101","LA LIBERTAD","TRUJILLO","TRUJILLO","GOBIERNO REGIONAL","III-1","00005195","HOSPITAL BELEN DE TRUJILLO","47","55","280","225","0","26","192","2","3","8","5","18","9","272","18","2"
"2015","08","130101","LA LIBERTAD","TRUJILLO","TRUJILLO","GOBIERNO REGIONAL","III-1","00005195","HOSPITAL BELEN DE TRUJILLO","47","53","280","223","0","26","188","1","4","8","6","20","9","290","39","2"
"2015","02","130101","LA LIBERTAD","TRUJILLO","TRUJILLO","GOBIERNO REGIONAL","III-1","00005195","HOSPITAL BELEN DE TRUJILLO","46","54","278","179","0","33","198","2","4","9","6","22","8","367","39","2"
"2015","01","130101","LA LIBERTAD","TRUJILLO","TRUJILLO","GOBIERNO REGIONAL","III-1","00005195","HOSPITAL BELEN DE TRUJILLO","46","53","278","179","0","33","198","2","4","9","6","22","8","367","39","2"
"2015","03","130101","LA LIBERTAD","TRUJILLO","TRUJILLO","GOBIERNO REGIONAL","III-1","00005195","HOSPITAL BELEN DE TRUJILLO","46","55","278","179","0","33","198","2","4","9","6","22","8","367","39","2"
"2015","12","130101","LA LIBERTAD","TRUJILLO","TRUJILLO","GOBIERNO REGIONAL","III-2","00005197","IRO","17","20","0","21","0","19","27","0","1","0","0","0","3","37","2","1"
"2015","07","130101","LA LIBERTAD","TRUJILLO","TRUJILLO","GOBIERNO REGIONAL","III-2","00005197","IRO","17","20","0","30","0","15","27","0","1","0","0","0","3","34","1","1"
"2015","08","130101","LA LIBERTAD","TRUJILLO","TRUJILLO","GOBIERNO REGIONAL","III-2","00005197","IRO","17","20","0","21","0","19","27","0","1","0","0","0","3","34","2","1"
"2015","06","130101","LA LIBERTAD","TRUJILLO","TRUJILLO","GOBIERNO REGIONAL","III-2","00005197","IRO","17","20","0","29","0","15","27","0","1","0","0","0","3","34","1","1"
"2015","04","130101","LA LIBERTAD","TRUJILLO","TRUJILLO","GOBIERNO REGIONAL","III-2","00005197","IRO","17","20","0","29","0","15","27","0","1","0","0","0","3","31","1","1"
"2015","03","130101","LA LIBERTAD","TRUJILLO","TRUJILLO","GOBIERNO REGIONAL","III-2","00005197","IRO","17","20","0","28","0","15","26","0","1","0","0","0","3","30","1","1"
"2015","10","130101","LA LIBERTAD","TRUJILLO","TRUJILLO","GOBIERNO REGIONAL","III-2","00005197","IRO","17","20","0","21","0","19","27","0","1","0","0","0","3","33","2","1"
"2015","12","130102","LA LIBERTAD","TRUJILLO","EL PORVENIR","GOBIERNO REGIONAL","II-1","00005209","HOSPITAL DISTRITAL DE EL PORVENIR SANTA ISABEL","4","4","33","13","0","7","13","2","1","2","1","11","3","21","6","2"
"2015","10","131101","LA LIBERTAD","GRAN CHIMU","CASCAS","GOBIERNO REGIONAL","II-1","00005277","HOSPITAL PROVINICIAL DE CASCAS","9","9","10","5","0","0","6","3","2","1","0","5","3","15","0","2"
"2015","01","131101","LA LIBERTAD","GRAN CHIMU","CASCAS","GOBIERNO REGIONAL","II-1","00005277","HOSPITAL PROVINICIAL DE CASCAS","9","9","10","5","0","0","6","3","2","1","0","5","3","18","0","2"
"2015","12","130702","LA LIBERTAD","PACASMAYO","GUADALUPE","GOBIERNO REGIONAL","II-1","00005292","HOSPITAL DE APOYO TOMAS LAFORA","14","19","51","33","0","0","18","2","1","2","1","13","1","50","2","2"
"2015","11","130702","LA LIBERTAD","PACASMAYO","GUADALUPE","GOBIERNO REGIONAL","II-1","00005292","HOSPITAL DE APOYO TOMAS LAFORA","14","19","51","32","0","0","23","2","1","2","1","13","1","50","2","2"
"2015","09","130702","LA LIBERTAD","PACASMAYO","GUADALUPE","GOBIERNO REGIONAL","II-1","00005292","HOSPITAL DE APOYO TOMAS LAFORA","14","19","51","30","0","0","24","2","1","2","1","14","1","54","2","2"
"2015","08","130702","LA LIBERTAD","PACASMAYO","GUADALUPE","GOBIERNO REGIONAL","II-1","00005292","HOSPITAL DE APOYO TOMAS LAFORA","14","17","51","33","0","0","22","2","1","2","1","13","1","56","2","2"
"2015","03","130702","LA LIBERTAD","PACASMAYO","GUADALUPE","GOBIERNO REGIONAL","II-1","00005292","HOSPITAL DE APOYO TOMAS LAFORA","14","14","45","29","0","0","25","2","2","2","1","15","1","41","2","2"
"2015","07","130702","LA LIBERTAD","PACASMAYO","GUADALUPE","GOBIERNO REGIONAL","II-1","00005292","HOSPITAL DE APOYO TOMAS LAFORA","14","17","51","33","0","0","26","2","1","2","1","13","1","60","2","2"
"2015","04","130702","LA LIBERTAD","PACASMAYO","GUADALUPE","GOBIERNO REGIONAL","II-1","00005292","HOSPITAL DE APOYO TOMAS LAFORA","14","17","54","22","0","0","23","2","2","2","1","15","1","53","2","2"
"2015","10","130702","LA LIBERTAD","PACASMAYO","GUADALUPE","GOBIERNO REGIONAL","II-1","00005292","HOSPITAL DE APOYO TOMAS LAFORA","14","19","51","33","0","0","23","2","1","2","1","13","1","50","2","2"
"2015","06","130702","LA LIBERTAD","PACASMAYO","GUADALUPE","GOBIERNO REGIONAL","II-1","00005292","HOSPITAL DE APOYO TOMAS LAFORA","14","17","66","31","0","0","27","2","1","2","1","14","1","57","2","2"
"2015","02","130702","LA LIBERTAD","PACASMAYO","GUADALUPE","GOBIERNO REGIONAL","II-1","00005292","HOSPITAL DE APOYO TOMAS LAFORA","14","14","45","32","0","0","28","2","2","2","1","17","1","48","2","2"
"2015","01","130702","LA LIBERTAD","PACASMAYO","GUADALUPE","GOBIERNO REGIONAL","II-1","00005292","HOSPITAL DE APOYO TOMAS LAFORA","14","14","45","31","0","0","23","2","2","2","1","16","1","50","2","2"
"2015","05","130702","LA LIBERTAD","PACASMAYO","GUADALUPE","GOBIERNO REGIONAL","II-1","00005292","HOSPITAL DE APOYO TOMAS LAFORA","14","17","66","30","0","0","27","2","1","2","1","15","1","56","2","2"
"2015","01","010701","AMAZONAS","UTCUBAMBA","BAGUA GRANDE","GOBIERNO REGIONAL","II-1","00005125","HOSPITAL SANTIAGO APOSTOL DE UTCUBAMBA","150","73","28","20","0","0","27","2","1","0","3","15","1","53","2","4"
"2015","12","010701","AMAZONAS","UTCUBAMBA","BAGUA GRANDE","GOBIERNO REGIONAL","II-1","00005125","HOSPITAL SANTIAGO APOSTOL DE UTCUBAMBA","250","94","33","17","0","0","33","3","1","0","3","18","1","57","2","3"
"2015","11","010701","AMAZONAS","UTCUBAMBA","BAGUA GRANDE","GOBIERNO REGIONAL","II-1","00005125","HOSPITAL SANTIAGO APOSTOL DE UTCUBAMBA","208","89","33","17","0","0","34","3","1","0","3","19","1","62","2","3"
"2015","10","010701","AMAZONAS","UTCUBAMBA","BAGUA GRANDE","GOBIERNO REGIONAL","II-1","00005125","HOSPITAL SANTIAGO APOSTOL DE UTCUBAMBA","208","84","33","16","0","0","33","3","1","0","3","19","1","63","2","4"
"2015","09","010701","AMAZONAS","UTCUBAMBA","BAGUA GRANDE","GOBIERNO REGIONAL","II-1","00005125","HOSPITAL SANTIAGO APOSTOL DE UTCUBAMBA","208","96","28","17","0","0","32","3","1","0","3","19","1","63","2","4"
"2015","08","010701","AMAZONAS","UTCUBAMBA","BAGUA GRANDE","GOBIERNO REGIONAL","II-1","00005125","HOSPITAL SANTIAGO APOSTOL DE UTCUBAMBA","208","89","28","19","0","0","32","3","1","0","3","20","1","63","2","4"
"2015","07","010701","AMAZONAS","UTCUBAMBA","BAGUA GRANDE","GOBIERNO REGIONAL","II-1","00005125","HOSPITAL SANTIAGO APOSTOL DE UTCUBAMBA","200","107","28","20","0","0","31","3","1","0","3","19","1","61","2","4"
"2015","06","010701","AMAZONAS","UTCUBAMBA","BAGUA GRANDE","GOBIERNO REGIONAL","II-1","00005125","HOSPITAL SANTIAGO APOSTOL DE UTCUBAMBA","200","75","28","18","0","0","27","3","1","0","3","18","1","61","2","4"
"2015","05","010701","AMAZONAS","UTCUBAMBA","BAGUA GRANDE","GOBIERNO REGIONAL","II-1","00005125","HOSPITAL SANTIAGO APOSTOL DE UTCUBAMBA","200","123","28","19","0","0","29","3","1","0","3","18","1","57","2","4"
"2015","04","010701","AMAZONAS","UTCUBAMBA","BAGUA GRANDE","GOBIERNO REGIONAL","II-1","00005125","HOSPITAL SANTIAGO APOSTOL DE UTCUBAMBA","144","127","28","20","0","0","26","3","1","0","3","16","1","57","2","4"
"2015","03","010701","AMAZONAS","UTCUBAMBA","BAGUA GRANDE","GOBIERNO REGIONAL","II-1","00005125","HOSPITAL SANTIAGO APOSTOL DE UTCUBAMBA","156","132","28","19","0","0","30","3","1","0","3","16","1","57","2","4"
"2015","02","010701","AMAZONAS","UTCUBAMBA","BAGUA GRANDE","GOBIERNO REGIONAL","II-1","00005125","HOSPITAL SANTIAGO APOSTOL DE UTCUBAMBA","144","123","28","20","0","0","27","3","1","0","3","16","1","57","2","4"
"2015","12","150111","LIMA","LIMA","EL AGUSTINO","MINSA","III-1","00005946","HOSPITAL NACIONAL HIPOLITO UNANUE","94","127","648","254","0","236","384","10","9","16","72","42","25","182","29","6"
"2015","11","150111","LIMA","LIMA","EL AGUSTINO","MINSA","III-1","00005946","HOSPITAL NACIONAL HIPOLITO UNANUE","94","127","648","269","0","236","400","10","9","16","72","42","25","186","31","6"
"2015","09","150111","LIMA","LIMA","EL AGUSTINO","MINSA","III-1","00005946","HOSPITAL NACIONAL HIPOLITO UNANUE","94","127","648","302","0","217","485","11","11","16","90","42","26","271","121","6"
"2015","07","150111","LIMA","LIMA","EL AGUSTINO","MINSA","III-1","00005946","HOSPITAL NACIONAL HIPOLITO UNANUE","94","127","648","226","0","179","402","10","7","16","170","42","20","278","20","6"
"2015","10","150111","LIMA","LIMA","EL AGUSTINO","MINSA","III-1","00005946","HOSPITAL NACIONAL HIPOLITO UNANUE","94","127","648","254","0","217","396","10","9","16","71","42","0","187","30","6"
"2015","08","150111","LIMA","LIMA","EL AGUSTINO","MINSA","III-1","00005946","HOSPITAL NACIONAL HIPOLITO UNANUE","94","127","648","273","0","115","405","10","9","16","84","42","25","698","25","6"
"2015","06","150111","LIMA","LIMA","EL AGUSTINO","MINSA","III-1","00005946","HOSPITAL NACIONAL HIPOLITO UNANUE","94","127","648","252","0","156","402","10","7","16","86","42","20","113","21","6"
"2015","03","150111","LIMA","LIMA","EL AGUSTINO","MINSA","III-1","00005946","HOSPITAL NACIONAL HIPOLITO UNANUE","94","127","648","259","0","169","406","10","7","16","140","37","20","102","24","6"
"2015","05","150111","LIMA","LIMA","EL AGUSTINO","MINSA","III-1","00005946","HOSPITAL NACIONAL HIPOLITO UNANUE","94","127","648","269","0","200","403","10","7","16","75","42","20","182","0","6"
"2015","04","150111","LIMA","LIMA","EL AGUSTINO","MINSA","III-1","00005946","HOSPITAL NACIONAL HIPOLITO UNANUE","94","127","648","258","0","170","405","10","7","16","155","42","20","101","76","6"
"2015","12","150118","LIMA","LIMA","LURIGANCHO","MINSA","II-2","00005947","HOSPITAL DE MEDIANA COMPLEJIDAD JOSE AGURTO TELLO","19","30","67","104","0","3","80","3","3","6","12","23","6","84","28","3"
"2015","10","150118","LIMA","LIMA","LURIGANCHO","MINSA","II-2","00005947","HOSPITAL DE MEDIANA COMPLEJIDAD JOSE AGURTO TELLO","19","30","67","103","0","3","81","3","3","6","6","23","6","45","17","2"
"2015","07","150118","LIMA","LIMA","LURIGANCHO","MINSA","II-2","00005947","HOSPITAL DE MEDIANA COMPLEJIDAD JOSE AGURTO TELLO","19","30","67","103","0","3","63","3","3","6","6","23","6","45","17","2"
"2015","12","150137","LIMA","LIMA","SANTA ANITA","MINSA","III-1","00005948","HOSPITAL HERMILIO VALDIZAN","57","82","213","75","0","37","68","4","31","3","1","0","5","172","13","2"
"2015","11","150137","LIMA","LIMA","SANTA ANITA","MINSA","III-1","00005948","HOSPITAL HERMILIO VALDIZAN","55","78","213","79","0","41","64","4","31","3","1","0","5","164","13","2"
"2015","10","150137","LIMA","LIMA","SANTA ANITA","MINSA","III-1","00005948","HOSPITAL HERMILIO VALDIZAN","55","78","213","80","0","41","69","4","31","3","1","0","5","172","13","2"
"2015","09","150137","LIMA","LIMA","SANTA ANITA","MINSA","III-1","00005948","HOSPITAL HERMILIO VALDIZAN","55","78","213","76","0","37","63","4","31","3","1","0","5","161","14","2"
"2015","08","150137","LIMA","LIMA","SANTA ANITA","MINSA","III-1","00005948","HOSPITAL HERMILIO VALDIZAN","57","96","230","82","0","43","68","4","31","3","1","0","5","173","14","2"
"2015","02","150137","LIMA","LIMA","SANTA ANITA","MINSA","III-1","00005948","HOSPITAL HERMILIO VALDIZAN","57","96","230","84","0","36","76","4","42","4","2","0","5","296","24","2"
"2015","12","150132","LIMA","LIMA","SAN JUAN DE LURIGANCHO","MINSA","II-2","00005617","HOSPITAL SAN JUAN DE LURIGANCHO","20","40","150","5","5","5","5","5","5","5","5","5","5","5","5","3"
"2015","02","150133","LIMA","LIMA","SAN JUAN DE MIRAFLORES","MINSA","III-1","00005987","HOSPITAL MARIA AUXILIADORA","101","132","329","448","0","185","328","10","13","10","42","18","18","1041","60","3"
"2015","11","150133","LIMA","LIMA","SAN JUAN DE MIRAFLORES","MINSA","III-1","00005987","HOSPITAL MARIA AUXILIADORA","118","151","323","543","0","293","336","10","12","10","40","13","14","1020","57","2"
"2015","12","150133","LIMA","LIMA","SAN JUAN DE MIRAFLORES","MINSA","III-1","00005987","HOSPITAL MARIA AUXILIADORA","118","151","323","541","0","293","329","10","11","9","39","12","14","1018","56","2"
"2015","05","150133","LIMA","LIMA","SAN JUAN DE MIRAFLORES","MINSA","III-1","00005987","HOSPITAL MARIA AUXILIADORA","101","130","329","446","0","185","331","10","12","10","42","18","18","1037","59","2"
"2015","04","150133","LIMA","LIMA","SAN JUAN DE MIRAFLORES","MINSA","III-1","00005987","HOSPITAL MARIA AUXILIADORA","101","132","329","447","0","185","330","10","12","10","42","18","18","1039","59","3"
"2015","06","150133","LIMA","LIMA","SAN JUAN DE MIRAFLORES","MINSA","III-1","00005987","HOSPITAL MARIA AUXILIADORA","101","130","329","446","0","185","485","10","12","10","42","18","17","1036","59","2"
"2015","07","150133","LIMA","LIMA","SAN JUAN DE MIRAFLORES","MINSA","III-1","00005987","HOSPITAL MARIA AUXILIADORA","100","132","329","466","0","205","334","10","12","10","42","18","17","1035","59","2"
"2015","08","150133","LIMA","LIMA","SAN JUAN DE MIRAFLORES","MINSA","III-1","00005987","HOSPITAL MARIA AUXILIADORA","100","132","329","487","0","242","334","10","12","10","42","18","17","1035","59","2"
"2015","09","150133","LIMA","LIMA","SAN JUAN DE MIRAFLORES","MINSA","III-1","00005987","HOSPITAL MARIA AUXILIADORA","100","132","329","494","0","242","324","10","12","10","40","16","14","1028","57","2"
"2015","10","150133","LIMA","LIMA","SAN JUAN DE MIRAFLORES","MINSA","III-1","00005987","HOSPITAL MARIA AUXILIADORA","96","140","345","538","0","296","324","10","12","10","40","14","14","1026","57","2"
"2015","01","150133","LIMA","LIMA","SAN JUAN DE MIRAFLORES","MINSA","III-1","00005987","HOSPITAL MARIA AUXILIADORA","101","132","329","449","0","185","327","10","13","10","43","18","18","1042","60","3"
"2015","03","150133","LIMA","LIMA","SAN JUAN DE MIRAFLORES","MINSA","III-1","00005987","HOSPITAL MARIA AUXILIADORA","101","132","329","435","0","185","328","10","13","10","42","18","18","1040","60","3"
"2015","05","130601","LA LIBERTAD","OTUZCO","OTUZCO","GOBIERNO REGIONAL","II-1","00005314","HOSPITAL DE APOYO OTUZCO ELPIDIO BEROVIDES PEREZ","4","5","30","14","0","2","23","4","3","2","0","13","3","31","12","1"
"2015","08","131001","LA LIBERTAD","SANTIAGO DE CHUCO","SANTIAGO DE CHUCO","GOBIERNO REGIONAL","II-1","00005332","HOSPITAL DE APOYO CESAR VALLEJO MENDOZA","10","10","23","12","0","0","14","3","1","3","0","12","2","23","2","2"
"2015","06","131001","LA LIBERTAD","SANTIAGO DE CHUCO","SANTIAGO DE CHUCO","GOBIERNO REGIONAL","II-1","00005332","HOSPITAL DE APOYO CESAR VALLEJO MENDOZA","10","10","23","12","0","0","12","3","1","3","0","12","2","24","2","2"
"2015","07","131001","LA LIBERTAD","SANTIAGO DE CHUCO","SANTIAGO DE CHUCO","GOBIERNO REGIONAL","II-1","00005332","HOSPITAL DE APOYO CESAR VALLEJO MENDOZA","10","10","23","13","0","0","13","3","1","3","0","12","2","24","2","2"
"2015","12","131001","LA LIBERTAD","SANTIAGO DE CHUCO","SANTIAGO DE CHUCO","GOBIERNO REGIONAL","II-1","00005332","HOSPITAL DE APOYO CESAR VALLEJO MENDOZA","10","10","23","10","0","0","13","2","2","3","0","13","2","18","5","2"
"2015","05","131001","LA LIBERTAD","SANTIAGO DE CHUCO","SANTIAGO DE CHUCO","GOBIERNO REGIONAL","II-1","00005332","HOSPITAL DE APOYO CESAR VALLEJO MENDOZA","10","10","23","11","0","0","12","1","1","3","0","12","1","25","2","2"
"2015","12","150103","LIMA","LIMA","ATE","MINSA","II-1","00005883","HOSPITAL DE HUAYCAN","21","43","45","51","0","0","57","3","4","3","2","22","6","70","2","1"
"2015","12","150101","LIMA","LIMA","LIMA","MINSA","III-1","00006206","NACIONAL  DOS DE MAYO","80","84","644","279","2","134","296","7","5","15","69","41","30","454","57","5"
"2015","08","150101","LIMA","LIMA","LIMA","MINSA","III-1","00006206","NACIONAL  DOS DE MAYO","80","84","644","206","4","68","212","0","3","11","38","1","4","202","14","5"
"2015","07","150101","LIMA","LIMA","LIMA","MINSA","III-1","00006206","NACIONAL  DOS DE MAYO","80","80","641","171","0","150","150","2","7","11","30","4","5","149","2","5"
"2015","10","150101","LIMA","LIMA","LIMA","MINSA","III-1","00006206","NACIONAL  DOS DE MAYO","80","84","644","251","0","97","253","7","8","12","55","45","29","332","57","5"
"2015","09","150101","LIMA","LIMA","LIMA","MINSA","III-1","00006206","NACIONAL  DOS DE MAYO","80","84","644","245","0","66","233","0","2","11","56","41","4","249","62","5"
"2015","11","150101","LIMA","LIMA","LIMA","MINSA","III-1","00006206","NACIONAL  DOS DE MAYO","80","84","644","300","0","124","296","7","8","15","66","45","29","452","47","5"
"2015","06","150101","LIMA","LIMA","LIMA","MINSA","III-1","00006206","NACIONAL  DOS DE MAYO","80","80","641","62","0","150","150","2","3","5","30","4","0","3","2","5"
"2015","02","150101","LIMA","LIMA","LIMA","MINSA","III-1","00006207","NACIONAL ARZOBISPO LOAYZA","121","191","800","782","0","417","415","15","10","8","43","29","8","616","869","4"
"2015","12","150101","LIMA","LIMA","LIMA","MINSA","III-1","00006207","NACIONAL ARZOBISPO LOAYZA","121","191","793","782","0","365","599","16","11","10","54","35","17","183","1624","4"
"2015","09","150101","LIMA","LIMA","LIMA","MINSA","III-1","00006207","NACIONAL ARZOBISPO LOAYZA","121","191","793","782","0","417","597","16","11","8","43","38","12","616","869","4"
"2015","08","150101","LIMA","LIMA","LIMA","MINSA","III-1","00006207","NACIONAL ARZOBISPO LOAYZA","121","191","802","782","0","417","415","15","10","8","43","29","8","616","869","4"
"2015","04","150101","LIMA","LIMA","LIMA","MINSA","III-1","00006207","NACIONAL ARZOBISPO LOAYZA","121","191","794","782","0","417","415","15","10","8","43","29","8","616","869","4"
"2015","03","150101","LIMA","LIMA","LIMA","MINSA","III-1","00006207","NACIONAL ARZOBISPO LOAYZA","121","191","800","782","0","417","415","15","10","8","43","29","8","616","869","4"
"2015","10","150101","LIMA","LIMA","LIMA","MINSA","III-1","00006207","NACIONAL ARZOBISPO LOAYZA","121","191","793","462","0","365","599","16","11","10","54","35","17","183","1624","4"
"2015","05","150101","LIMA","LIMA","LIMA","MINSA","III-1","00006207","NACIONAL ARZOBISPO LOAYZA","121","191","793","782","0","417","415","15","10","8","43","29","8","616","869","4"
"2015","12","150101","LIMA","LIMA","LIMA","MINSA","III-2","00006208","INSTITUTO NACIONAL MATERNO PERINATAL","61","82","416","251","0","64","341","4","9","6","45","215","13","766","103","9"
"2015","11","150101","LIMA","LIMA","LIMA","MINSA","III-2","00006208","INSTITUTO NACIONAL MATERNO PERINATAL","61","82","416","279","0","64","340","4","9","6","45","216","13","785","100","4"
"2015","10","150101","LIMA","LIMA","LIMA","MINSA","III-2","00006208","INSTITUTO NACIONAL MATERNO PERINATAL","60","80","415","263","0","59","330","4","9","5","42","216","13","716","129","5"
"2015","08","150101","LIMA","LIMA","LIMA","MINSA","III-2","00006208","INSTITUTO NACIONAL MATERNO PERINATAL","18","61","368","286","0","59","293","3","8","3","36","199","13","33","78","5"
"2015","09","150101","LIMA","LIMA","LIMA","MINSA","III-2","00006208","INSTITUTO NACIONAL MATERNO PERINATAL","60","80","431","211","0","57","292","3","8","4","35","193","13","677","46","5"
"2015","11","150101","LIMA","LIMA","LIMA","MINSA","III-2","00006209","INSTITUTO NACIONAL DE CIENCIAS NEUROLOGICAS","31","42","187","67","0","36","99","1","8","3","28","0","3","433","6","4"
"2015","10","150101","LIMA","LIMA","LIMA","MINSA","III-2","00006209","INSTITUTO NACIONAL DE CIENCIAS NEUROLOGICAS","31","41","187","73","0","35","108","2","9","3","30","0","4","434","6","3"
"2015","09","150101","LIMA","LIMA","LIMA","MINSA","III-2","00006209","INSTITUTO NACIONAL DE CIENCIAS NEUROLOGICAS","31","39","188","78","0","35","92","2","8","2","25","0","3","435","6","3"
"2015","08","150101","LIMA","LIMA","LIMA","MINSA","III-2","00006209","INSTITUTO NACIONAL DE CIENCIAS NEUROLOGICAS","31","41","188","74","0","35","76","1","6","3","15","0","1","322","6","3"
"2015","07","150101","LIMA","LIMA","LIMA","MINSA","III-2","00006209","INSTITUTO NACIONAL DE CIENCIAS NEUROLOGICAS","31","42","188","65","0","34","79","1","7","3","21","0","2","322","6","3"
"2015","06","150101","LIMA","LIMA","LIMA","MINSA","III-2","00006209","INSTITUTO NACIONAL DE CIENCIAS NEUROLOGICAS","31","42","188","64","0","34","81","1","7","3","16","0","2","322","6","3"
"2015","05","150101","LIMA","LIMA","LIMA","MINSA","III-2","00006209","INSTITUTO NACIONAL DE CIENCIAS NEUROLOGICAS","31","40","192","64","0","34","78","1","7","3","20","0","2","322","6","3"
"2015","04","150101","LIMA","LIMA","LIMA","MINSA","III-2","00006209","INSTITUTO NACIONAL DE CIENCIAS NEUROLOGICAS","31","39","192","69","0","34","83","1","7","3","21","0","2","323","33","3"
"2015","03","150101","LIMA","LIMA","LIMA","MINSA","III-2","00006209","INSTITUTO NACIONAL DE CIENCIAS NEUROLOGICAS","31","40","188","71","0","34","77","1","6","3","15","0","2","324","6","3"
"2015","02","150101","LIMA","LIMA","LIMA","MINSA","III-2","00006209","INSTITUTO NACIONAL DE CIENCIAS NEUROLOGICAS","31","31","196","65","0","34","86","1","6","3","18","0","2","324","6","3"
"2015","01","150101","LIMA","LIMA","LIMA","MINSA","III-2","00006209","INSTITUTO NACIONAL DE CIENCIAS NEUROLOGICAS","31","31","196","71","0","34","86","1","6","1","18","0","2","324","6","3"
"2015","12","150101","LIMA","LIMA","LIMA","MINSA","III-2","00006209","INSTITUTO NACIONAL DE CIENCIAS NEUROLOGICAS","31","44","175","69","0","36","101","2","8","3","30","0","3","434","6","4"
"2015","12","150141","LIMA","LIMA","SURQUILLO","MINSA","III-2","00006210","INSTITUTO NACIONAL DE ENFERMEDADES NEOPLASICAS","136","134","412","210","0","177","486","6","6","15","189","0","39","113","665","1"
"2015","09","150141","LIMA","LIMA","SURQUILLO","MINSA","III-2","00006210","INSTITUTO NACIONAL DE ENFERMEDADES NEOPLASICAS","136","134","412","229","0","170","489","9","6","17","191","0","42","100","884","1"
"2015","11","150141","LIMA","LIMA","SURQUILLO","MINSA","III-2","00006210","INSTITUTO NACIONAL DE ENFERMEDADES NEOPLASICAS","136","133","412","284","0","159","441","9","6","16","173","0","39","98","543","1"
"2015","11","150141","LIMA","LIMA","SURQUILLO","MINSA","III-2","00006210","INSTITUTO NACIONAL DE ENFERMEDADES NEOPLASICAS","136","133","412","224","0","170","488","5","6","17","191","0","41","156","596","1"
"2015","11","150141","LIMA","LIMA","SURQUILLO","MINSA","III-2","00006210","INSTITUTO NACIONAL DE ENFERMEDADES NEOPLASICAS","136","133","412","299","0","170","489","9","6","17","191","0","42","102","596","1"
"2015","08","150141","LIMA","LIMA","SURQUILLO","MINSA","III-2","00006210","INSTITUTO NACIONAL DE ENFERMEDADES NEOPLASICAS","0","0","352","200","0","173","487","4","8","16","193","0","42","0","0","1"
"2015","07","150141","LIMA","LIMA","SURQUILLO","MINSA","III-2","00006210","INSTITUTO NACIONAL DE ENFERMEDADES NEOPLASICAS","135","133","411","224","0","170","488","5","6","17","191","0","41","156","596","1"
"2015","02","150141","LIMA","LIMA","SURQUILLO","MINSA","III-2","00006210","INSTITUTO NACIONAL DE ENFERMEDADES NEOPLASICAS","0","0","352","199","0","171","487","4","8","16","191","0","41","0","0","1"
"2015","01","150141","LIMA","LIMA","SURQUILLO","MINSA","III-2","00006210","INSTITUTO NACIONAL DE ENFERMEDADES NEOPLASICAS","0","0","352","202","0","174","491","4","8","16","192","0","41","0","0","1"
"2015","12","150121","LIMA","LIMA","PUEBLO LIBRE","MINSA","III-1","00006211","HOSPITAL DE APOYO SANTA ROSA","54","87","193","217","0","37","211","7","7","8","37","44","18","47","17","3"
"2015","08","150121","LIMA","LIMA","PUEBLO LIBRE","MINSA","III-1","00006211","HOSPITAL DE APOYO SANTA ROSA","54","87","193","217","0","37","211","7","7","8","37","44","18","47","17","3"
"2015","12","150115","LIMA","LIMA","LA VICTORIA","MINSA","III-E","00006212","HOSPITAL DE EMERGENCIAS PEDIATRICAS","3","6","51","108","0","12","110","0","0","3","19","0","7","113","13","2"
"2015","11","150115","LIMA","LIMA","LA VICTORIA","MINSA","III-E","00006212","HOSPITAL DE EMERGENCIAS PEDIATRICAS","3","6","52","108","0","5","110","0","0","3","19","0","9","113","13","2"
"2015","06","150115","LIMA","LIMA","LA VICTORIA","MINSA","III-E","00006212","HOSPITAL DE EMERGENCIAS PEDIATRICAS","3","6","52","80","0","5","64","0","0","2","15","0","3","113","13","2"
"2015","12","150122","LIMA","LIMA","MIRAFLORES","MINSA","III-E","00006213","HOSPITAL DE EMERGENCIAS JOSE CASIMIRO ULLOA","9","9","71","137","0","27","161","0","2","3","27","0","8","248","8","3"
"2015","10","150122","LIMA","LIMA","MIRAFLORES","MINSA","III-E","00006213","HOSPITAL DE EMERGENCIAS JOSE CASIMIRO ULLOA","9","9","71","134","0","19","164","0","2","3","27","0","8","248","9","3"
"2015","08","150122","LIMA","LIMA","MIRAFLORES","MINSA","III-E","00006213","HOSPITAL DE EMERGENCIAS JOSE CASIMIRO ULLOA","9","9","71","137","0","19","166","0","2","3","27","0","8","248","9","3"
"2015","09","150122","LIMA","LIMA","MIRAFLORES","MINSA","III-E","00006213","HOSPITAL DE EMERGENCIAS JOSE CASIMIRO ULLOA","9","9","71","138","0","19","165","0","2","3","27","0","8","248","9","3"
"2015","07","150122","LIMA","LIMA","MIRAFLORES","MINSA","III-E","00006213","HOSPITAL DE EMERGENCIAS JOSE CASIMIRO ULLOA","9","9","71","143","0","23","166","0","1","3","27","0","6","36","10","3"
"2015","11","150120","LIMA","LIMA","MAGDALENA DEL MAR","MINSA","III-1","00006214","HOSPITAL VICTOR LARCO HERRERA","43","86","590","60","0","42","113","3","36","3","11","0","6","495","245","3"
"2015","12","150101","LIMA","LIMA","LIMA","MINSA","III-1","00006215","HOSPITAL NACIONAL DOCENTE MADRE NIÑO SAN BARTOLOME","33","44","174","289","0","87","265","9","9","5","48","70","20","386","22","3"
"2015","09","150101","LIMA","LIMA","LIMA","MINSA","III-1","00006215","HOSPITAL NACIONAL DOCENTE MADRE NIÑO SAN BARTOLOME","33","44","212","308","0","103","251","10","9","5","46","68","21","376","21","3"
"2015","08","150101","LIMA","LIMA","LIMA","MINSA","III-1","00006215","HOSPITAL NACIONAL DOCENTE MADRE NIÑO SAN BARTOLOME","33","44","232","304","0","101","257","10","9","5","48","66","22","384","22","3"
"2015","11","150101","LIMA","LIMA","LIMA","MINSA","III-1","00006215","HOSPITAL NACIONAL DOCENTE MADRE NIÑO SAN BARTOLOME","33","44","175","291","0","87","262","10","9","5","48","70","19","382","20","3"
"2015","10","150101","LIMA","LIMA","LIMA","MINSA","III-1","00006215","HOSPITAL NACIONAL DOCENTE MADRE NIÑO SAN BARTOLOME","33","44","202","291","0","86","262","10","8","5","48","67","20","381","22","3"
"2015","09","150101","LIMA","LIMA","LIMA","MINSA","III-2","00006217","INO DR. FRANCISCO CONTRERAS C.","47","96","11","108","0","27","55","0","1","1","22","0","8","103","6","1"
"2015","12","070102","CALLAO","CALLAO","BELLAVISTA","GOBIERNO REGIONAL","III-1","00006218","NAC. DANIEL A. CARRION","99","118","486","255","0","230","253","7","10","11","37","26","9","617","29","2"
"2015","08","070102","CALLAO","CALLAO","BELLAVISTA","GOBIERNO REGIONAL","III-1","00006218","NAC. DANIEL A. CARRION","99","118","486","261","0","149","269","7","11","12","40","30","9","653","29","2"
"2015","10","070102","CALLAO","CALLAO","BELLAVISTA","GOBIERNO REGIONAL","III-1","00006218","NAC. DANIEL A. CARRION","99","118","486","261","0","243","269","7","11","12","40","30","9","671","34","2"
"2015","11","070102","CALLAO","CALLAO","BELLAVISTA","GOBIERNO REGIONAL","III-1","00006218","NAC. DANIEL A. CARRION","99","118","486","252","0","229","253","7","11","11","36","26","8","612","29","2"
"2015","11","120101","JUNIN","HUANCAYO","HUANCAYO","GOBIERNO REGIONAL","III-E","00006615","REGIONAL DOCENTE MATERNO INFANTIL ""EL CARMEN""","32","54","157","56","0","24","127","4","3","1","12","87","7","258","8","2"
"2015","12","120101","JUNIN","HUANCAYO","HUANCAYO","GOBIERNO REGIONAL","III-E","00006615","REGIONAL DOCENTE MATERNO INFANTIL ""EL CARMEN""","32","53","157","58","0","24","127","4","3","1","12","84","7","253","8","2"
"2015","10","120101","JUNIN","HUANCAYO","HUANCAYO","GOBIERNO REGIONAL","III-E","00006615","REGIONAL DOCENTE MATERNO INFANTIL ""EL CARMEN""","32","53","157","56","0","24","130","4","3","1","12","84","8","272","8","2"
"2015","07","120101","JUNIN","HUANCAYO","HUANCAYO","GOBIERNO REGIONAL","III-E","00006615","REGIONAL DOCENTE MATERNO INFANTIL ""EL CARMEN""","26","45","157","59","0","25","115","3","2","1","9","75","7","263","7","2"
"2015","09","120101","JUNIN","HUANCAYO","HUANCAYO","GOBIERNO REGIONAL","III-E","00006615","REGIONAL DOCENTE MATERNO INFANTIL ""EL CARMEN""","32","54","157","53","0","24","105","3","2","1","8","62","8","237","8","2"
"2015","08","120101","JUNIN","HUANCAYO","HUANCAYO","GOBIERNO REGIONAL","III-E","00006615","REGIONAL DOCENTE MATERNO INFANTIL ""EL CARMEN""","32","52","157","57","0","24","98","3","1","1","6","63","7","235","9","1"
"2015","12","180101","MOQUEGUA","MARISCAL NIETO","MOQUEGUA","GOBIERNO REGIONAL","II-2","00007732","HOSPITAL REGIONAL MOQUEGUA","7","12","50","33","0","0","66","1","3","3","0","15","4","97","3","2"
"2015","01","150108","LIMA","LIMA","CHORRILLOS","MINSA","III-2","00007734","INSTITUTO NACIONAL DE REHABILITACION ""DRA. ADRIANA REBAZA FLORES"" AMISTAD PERU - JAPON","50","93","36","41","0","34","17","2","22","2","106","0","2","83","16","2"
"2015","11","150108","LIMA","LIMA","CHORRILLOS","MINSA","III-2","00007734","INSTITUTO NACIONAL DE REHABILITACION ""DRA. ADRIANA REBAZA FLORES"" AMISTAD PERU - JAPON","57","99","36","115","0","38","21","2","26","2","118","0","2","99","18","2"
"2015","09","150108","LIMA","LIMA","CHORRILLOS","MINSA","III-2","00007734","INSTITUTO NACIONAL DE REHABILITACION ""DRA. ADRIANA REBAZA FLORES"" AMISTAD PERU - JAPON","56","99","36","111","0","37","20","2","24","2","114","0","2","84","18","2"
"2015","08","150108","LIMA","LIMA","CHORRILLOS","MINSA","III-2","00007734","INSTITUTO NACIONAL DE REHABILITACION ""DRA. ADRIANA REBAZA FLORES"" AMISTAD PERU - JAPON","55","98","32","108","0","34","17","1","23","2","112","0","2","77","19","2"
"2015","12","150108","LIMA","LIMA","CHORRILLOS","MINSA","III-2","00007734","INSTITUTO NACIONAL DE REHABILITACION ""DRA. ADRIANA REBAZA FLORES"" AMISTAD PERU - JAPON","57","98","36","108","0","31","20","2","26","2","119","0","2","99","19","3"
"2015","03","150108","LIMA","LIMA","CHORRILLOS","MINSA","III-2","00007734","INSTITUTO NACIONAL DE REHABILITACION ""DRA. ADRIANA REBAZA FLORES"" AMISTAD PERU - JAPON","50","93","36","41","0","34","17","2","20","2","117","0","2","83","16","2"
"2015","04","150108","LIMA","LIMA","CHORRILLOS","MINSA","III-2","00007734","INSTITUTO NACIONAL DE REHABILITACION ""DRA. ADRIANA REBAZA FLORES"" AMISTAD PERU - JAPON","50","93","36","41","0","34","17","2","21","2","117","0","2","83","16","2"
"2015","10","150108","LIMA","LIMA","CHORRILLOS","MINSA","III-2","00007734","INSTITUTO NACIONAL DE REHABILITACION ""DRA. ADRIANA REBAZA FLORES"" AMISTAD PERU - JAPON","57","99","36","114","0","38","21","2","26","2","117","0","2","85","18","2"
"2015","07","150108","LIMA","LIMA","CHORRILLOS","MINSA","III-2","00007734","INSTITUTO NACIONAL DE REHABILITACION ""DRA. ADRIANA REBAZA FLORES"" AMISTAD PERU - JAPON","50","93","36","41","0","34","17","2","21","2","119","0","2","83","19","2"
"2015","06","150108","LIMA","LIMA","CHORRILLOS","MINSA","III-2","00007734","INSTITUTO NACIONAL DE REHABILITACION ""DRA. ADRIANA REBAZA FLORES"" AMISTAD PERU - JAPON","50","93","36","41","0","34","17","1","21","2","117","0","2","83","16","2"
"2015","05","150108","LIMA","LIMA","CHORRILLOS","MINSA","III-2","00007734","INSTITUTO NACIONAL DE REHABILITACION ""DRA. ADRIANA REBAZA FLORES"" AMISTAD PERU - JAPON","50","93","36","41","0","34","17","2","21","2","118","0","2","83","16","2"
"2015","02","150108","LIMA","LIMA","CHORRILLOS","MINSA","III-2","00007734","INSTITUTO NACIONAL DE REHABILITACION ""DRA. ADRIANA REBAZA FLORES"" AMISTAD PERU - JAPON","50","93","36","41","0","34","17","2","22","2","109","0","2","83","16","2"
"2015","12","130101","LA LIBERTAD","TRUJILLO","TRUJILLO","GOBIERNO REGIONAL","III-2","00007277","INSTITUTO REGIONAL DE ENFERMEDADES NEOPLASICAS - LUIS PINILLOS GANOZA - IREN","12","14","19","85","0","32","75","0","1","2","10","0","16","55","9","2"
"2015","11","130101","LA LIBERTAD","TRUJILLO","TRUJILLO","GOBIERNO REGIONAL","III-2","00007277","INSTITUTO REGIONAL DE ENFERMEDADES NEOPLASICAS - LUIS PINILLOS GANOZA - IREN","12","14","19","84","0","32","75","0","1","2","10","0","16","55","9","2"
"2015","08","130101","LA LIBERTAD","TRUJILLO","TRUJILLO","GOBIERNO REGIONAL","III-2","00007277","INSTITUTO REGIONAL DE ENFERMEDADES NEOPLASICAS - LUIS PINILLOS GANOZA - IREN","12","14","19","84","0","32","75","0","1","2","9","0","16","55","9","2"
"2015","07","130101","LA LIBERTAD","TRUJILLO","TRUJILLO","GOBIERNO REGIONAL","III-2","00007277","INSTITUTO REGIONAL DE ENFERMEDADES NEOPLASICAS - LUIS PINILLOS GANOZA - IREN","12","14","19","84","0","34","75","0","1","2","9","0","18","53","9","2"
"2015","05","130101","LA LIBERTAD","TRUJILLO","TRUJILLO","GOBIERNO REGIONAL","III-2","00007277","INSTITUTO REGIONAL DE ENFERMEDADES NEOPLASICAS - LUIS PINILLOS GANOZA - IREN","12","14","19","77","0","26","75","0","1","2","8","0","18","52","9","2"
"2015","04","130101","LA LIBERTAD","TRUJILLO","TRUJILLO","GOBIERNO REGIONAL","III-2","00007277","INSTITUTO REGIONAL DE ENFERMEDADES NEOPLASICAS - LUIS PINILLOS GANOZA - IREN","12","14","19","77","0","26","75","0","1","3","8","0","18","52","8","2"
"2015","03","130101","LA LIBERTAD","TRUJILLO","TRUJILLO","GOBIERNO REGIONAL","III-2","00007277","INSTITUTO REGIONAL DE ENFERMEDADES NEOPLASICAS - LUIS PINILLOS GANOZA - IREN","12","14","19","77","0","26","75","0","1","4","8","0","18","52","8","2"
"2015","02","130101","LA LIBERTAD","TRUJILLO","TRUJILLO","GOBIERNO REGIONAL","III-2","00007277","INSTITUTO REGIONAL DE ENFERMEDADES NEOPLASICAS - LUIS PINILLOS GANOZA - IREN","12","14","19","75","0","26","75","0","1","4","8","0","18","52","8","2"
"2015","06","130101","LA LIBERTAD","TRUJILLO","TRUJILLO","GOBIERNO REGIONAL","III-2","00007277","INSTITUTO REGIONAL DE ENFERMEDADES NEOPLASICAS - LUIS PINILLOS GANOZA - IREN","12","14","19","52","0","26","75","0","1","2","6","0","18","53","12","2"
"2015","12","150135","LIMA","LIMA","SAN MARTIN DE PORRES","MINSA","III-1","00007633","HOSPITAL NACIONAL CAYETANO HEREDIA","97","113","358","713","0","332","472","13","21","15","61","59","20","1543","168","3"
"2015","11","150135","LIMA","LIMA","SAN MARTIN DE PORRES","MINSA","III-1","00007633","HOSPITAL NACIONAL CAYETANO HEREDIA","97","120","364","713","0","332","472","13","21","15","61","59","20","1543","168","3"
"2015","10","150135","LIMA","LIMA","SAN MARTIN DE PORRES","MINSA","III-1","00007633","HOSPITAL NACIONAL CAYETANO HEREDIA","97","118","382","713","0","332","472","13","21","15","61","59","20","1543","168","3"
"2015","09","150135","LIMA","LIMA","SAN MARTIN DE PORRES","MINSA","III-1","00007633","HOSPITAL NACIONAL CAYETANO HEREDIA","97","120","369","717","0","332","479","13","21","15","62","60","21","1137","118","3"
"2015","07","150135","LIMA","LIMA","SAN MARTIN DE PORRES","MINSA","III-1","00007633","HOSPITAL NACIONAL CAYETANO HEREDIA","97","116","394","295","0","0","491","7","22","9","0","63","20","0","5","3"
"2015","08","150135","LIMA","LIMA","SAN MARTIN DE PORRES","MINSA","III-1","00007633","HOSPITAL NACIONAL CAYETANO HEREDIA","97","120","348","295","0","0","491","7","22","9","0","63","19","0","5","3"
"2015","11","150110","LIMA","LIMA","COMAS","MINSA","III-1","00007634","NACIONAL SERGIO E. BERNALES","38","43","335","287","0","99","183","8","11","5","44","53","12","909","114","1"
"2015","12","150110","LIMA","LIMA","COMAS","MINSA","III-1","00007634","NACIONAL SERGIO E. BERNALES","38","43","335","304","0","116","183","8","11","5","44","53","12","917","51","1"
"2015","10","150110","LIMA","LIMA","COMAS","MINSA","III-1","00007634","NACIONAL SERGIO E. BERNALES","38","43","335","286","0","99","184","8","11","5","44","53","12","435","40","3"
"2015","07","150110","LIMA","LIMA","COMAS","MINSA","III-1","00007634","NACIONAL SERGIO E. BERNALES","26","24","335","295","0","98","197","8","11","5","44","53","12","437","23","3"
"2015","09","150110","LIMA","LIMA","COMAS","MINSA","III-1","00007634","NACIONAL SERGIO E. BERNALES","38","43","335","296","0","99","197","8","11","5","22","53","12","437","23","3"
"2015","12","120808","JUNIN","YAULI","SANTA ROSA DE SACCO","ESSALUD","0","00008653","HOSPITAL II ALBERTO HURTADO ABADIA - LA OROYA","11","20","45","27","0","0","39","5","1","1","11","5","1","47","2","2"
"2015","11","150101","LIMA","LIMA","LIMA","PRIVADO","II-2","00008281","CLINICAS MAISON DE SANTE SOCIEDAD ANONIMA","24","22","105","137","0","0","56","17","3","3","17","13","3","118","1","0"
"2015","10","150101","LIMA","LIMA","LIMA","PRIVADO","II-2","00008281","CLINICAS MAISON DE SANTE SOCIEDAD ANONIMA","24","48","105","137","0","0","61","17","3","3","17","13","3","118","1","2"
"2015","07","040101","AREQUIPA","AREQUIPA","AREQUIPA","GOBIERNO REGIONAL","III-2","00007397","INSTITUTO REGIONAL DE ENFERMEDADES NEOPLASICAS","4","5","21","40","0","17","40","0","1","1","2","2","8","88","5","1"
"2015","12","040101","AREQUIPA","AREQUIPA","AREQUIPA","GOBIERNO REGIONAL","III-2","00007397","INSTITUTO REGIONAL DE ENFERMEDADES NEOPLASICAS","4","5","23","24","0","19","42","0","1","1","2","2","8","83","7","1"
"2015","11","040101","AREQUIPA","AREQUIPA","AREQUIPA","GOBIERNO REGIONAL","III-2","00007397","INSTITUTO REGIONAL DE ENFERMEDADES NEOPLASICAS","4","5","21","24","0","19","41","0","1","1","2","2","8","79","6","1"
"2015","09","040101","AREQUIPA","AREQUIPA","AREQUIPA","GOBIERNO REGIONAL","III-2","00007397","INSTITUTO REGIONAL DE ENFERMEDADES NEOPLASICAS","4","5","21","24","0","17","41","0","1","1","2","2","8","80","5","1"
"2015","10","040101","AREQUIPA","AREQUIPA","AREQUIPA","GOBIERNO REGIONAL","III-2","00007397","INSTITUTO REGIONAL DE ENFERMEDADES NEOPLASICAS","4","5","21","23","0","19","42","0","1","1","2","2","8","79","6","1"
"2015","08","040101","AREQUIPA","AREQUIPA","AREQUIPA","GOBIERNO REGIONAL","III-2","00007397","INSTITUTO REGIONAL DE ENFERMEDADES NEOPLASICAS","5","6","21","40","0","17","40","0","1","1","2","2","8","88","5","1"
"2015","12","020105","ANCASH","HUARAZ","INDEPENDENCIA","ESSALUD","0","00009053","HOSPITAL II HUARAZ","29","33","42","49","0","0","46","3","2","1","10","11","3","5","54","4"
"2015","08","020105","ANCASH","HUARAZ","INDEPENDENCIA","ESSALUD","0","00009053","HOSPITAL II HUARAZ","29","33","42","48","0","0","46","3","2","2","9","11","3","5","99","4"
"2015","07","020105","ANCASH","HUARAZ","INDEPENDENCIA","ESSALUD","0","00009053","HOSPITAL II HUARAZ","29","33","42","45","0","0","46","3","2","2","9","11","3","5","98","4"
"2015","06","020105","ANCASH","HUARAZ","INDEPENDENCIA","ESSALUD","0","00009053","HOSPITAL II HUARAZ","29","33","45","43","0","0","44","3","2","1","9","11","3","5","97","4"
"2015","05","020105","ANCASH","HUARAZ","INDEPENDENCIA","ESSALUD","0","00009053","HOSPITAL II HUARAZ","29","33","42","42","0","0","44","3","2","1","9","11","3","5","97","4"
"2015","04","020105","ANCASH","HUARAZ","INDEPENDENCIA","ESSALUD","0","00009053","HOSPITAL II HUARAZ","29","33","48","43","0","0","44","3","2","1","9","11","2","3","96","4"
"2015","03","020105","ANCASH","HUARAZ","INDEPENDENCIA","ESSALUD","0","00009053","HOSPITAL II HUARAZ","29","33","46","44","0","0","44","3","2","1","9","11","2","3","96","4"
"2015","02","020105","ANCASH","HUARAZ","INDEPENDENCIA","ESSALUD","0","00009053","HOSPITAL II HUARAZ","29","33","42","43","0","0","45","3","2","1","9","11","2","3","96","4"
"2015","01","020105","ANCASH","HUARAZ","INDEPENDENCIA","ESSALUD","0","00009053","HOSPITAL II HUARAZ","29","33","42","40","0","0","44","3","2","1","9","11","2","3","96","4"
"2015","10","020105","ANCASH","HUARAZ","INDEPENDENCIA","ESSALUD","0","00009053","HOSPITAL II HUARAZ","29","33","42","48","0","0","46","3","2","2","10","11","3","5","99","4"
"2015","12","150131","LIMA","LIMA","SAN ISIDRO","PRIVADO","II-2","00008398","CLINICA EL GOLF","39","1828","66","11","0","12","100","0","0","1","30","15","2","198","6","0"
"2015","10","150131","LIMA","LIMA","SAN ISIDRO","PRIVADO","III-1","00009409","CLINICA RICARDO PALMA","216","315","191","438","0","7","218","16","6","4","35","13","6","307","26","0"
"2015","11","150131","LIMA","LIMA","SAN ISIDRO","PRIVADO","III-1","00009409","CLINICA RICARDO PALMA","216","315","191","438","0","7","215","16","6","4","35","13","6","306","26","0"
"2015","12","150131","LIMA","LIMA","SAN ISIDRO","PRIVADO","III-1","00009409","CLINICA RICARDO PALMA","216","315","191","437","0","7","212","16","6","4","35","13","6","303","26","0"
"2015","06","150131","LIMA","LIMA","SAN ISIDRO","PRIVADO","III-1","00009409","CLINICA RICARDO PALMA","216","216","174","438","0","7","223","17","6","4","35","13","5","287","533","0"
"2015","09","150131","LIMA","LIMA","SAN ISIDRO","PRIVADO","III-1","00009409","CLINICA RICARDO PALMA","216","315","168","438","0","7","223","17","6","4","35","13","6","305","26","0"
"2015","08","150131","LIMA","LIMA","SAN ISIDRO","PRIVADO","III-1","00009409","CLINICA RICARDO PALMA","216","315","168","438","0","7","233","17","6","4","35","13","6","311","26","0"
"2015","09","150122","LIMA","LIMA","MIRAFLORES","PRIVADO","III-2","00008956","CLINICA DEL INCA","13","65","34","32","1","6","21","1","2","1","3","0","1","6","2","4"
"2015","06","150122","LIMA","LIMA","MIRAFLORES","PRIVADO","III-2","00008956","CLINICA DEL INCA","12","24","16","33","1","7","15","1","2","1","4","0","2","9","2","4"
"2015","11","150122","LIMA","LIMA","MIRAFLORES","PRIVADO","III-2","00008956","CLINICA DEL INCA","13","65","34","31","1","4","20","1","2","1","3","0","1","6","2","4"
"2015","12","150122","LIMA","LIMA","MIRAFLORES","PRIVADO","III-2","00008956","CLINICA DEL INCA","13","26","34","35","0","7","18","1","0","1","2","0","1","5","2","4"
"2015","07","150122","LIMA","LIMA","MIRAFLORES","PRIVADO","III-2","00008956","CLINICA DEL INCA","12","60","16","33","1","7","15","1","2","1","4","0","2","9","2","4"
"2015","08","150122","LIMA","LIMA","MIRAFLORES","PRIVADO","III-2","00008956","CLINICA DEL INCA","13","65","34","26","1","6","17","0","0","2","3","0","1","6","2","4"
"2015","10","150122","LIMA","LIMA","MIRAFLORES","PRIVADO","III-2","00008956","CLINICA DEL INCA","13","65","34","32","1","3","18","1","2","1","3","0","1","6","2","4"
"2015","12","021801","ANCASH","SANTA","CHIMBOTE","ESSALUD","0","00009047","HOSPITAL III CHIMBOTE","27","34","130","132","0","11","130","4","5","4","54","12","5","195","94","4"
"2015","10","021801","ANCASH","SANTA","CHIMBOTE","ESSALUD","0","00009047","HOSPITAL III CHIMBOTE","27","34","130","130","0","11","129","4","3","4","54","11","5","146","94","4"
"2015","09","021801","ANCASH","SANTA","CHIMBOTE","ESSALUD","0","00009047","HOSPITAL III CHIMBOTE","27","34","129","126","0","11","130","4","2","4","53","12","5","131","95","4"
"2015","08","021801","ANCASH","SANTA","CHIMBOTE","ESSALUD","0","00009047","HOSPITAL III CHIMBOTE","27","34","127","117","0","11","120","4","3","4","52","11","5","134","95","4"
"2015","07","021801","ANCASH","SANTA","CHIMBOTE","ESSALUD","0","00009047","HOSPITAL III CHIMBOTE","27","32","129","120","0","11","114","4","3","5","52","13","6","161","94","4"
"2015","06","021801","ANCASH","SANTA","CHIMBOTE","ESSALUD","0","00009047","HOSPITAL III CHIMBOTE","27","31","130","123","0","11","121","4","3","4","52","11","6","131","94","4"
"2015","05","021801","ANCASH","SANTA","CHIMBOTE","ESSALUD","0","00009047","HOSPITAL III CHIMBOTE","27","32","132","123","0","11","123","4","3","4","54","12","6","137","95","4"
"2015","04","021801","ANCASH","SANTA","CHIMBOTE","ESSALUD","0","00009047","HOSPITAL III CHIMBOTE","27","31","131","120","0","11","114","4","2","5","55","13","6","169","95","4"
"2015","01","021801","ANCASH","SANTA","CHIMBOTE","ESSALUD","0","00009047","HOSPITAL III CHIMBOTE","27","28","127","111","0","11","106","3","2","4","53","12","6","154","95","4"
"2015","03","021801","ANCASH","SANTA","CHIMBOTE","ESSALUD","0","00009047","HOSPITAL III CHIMBOTE","27","30","127","120","0","11","116","4","3","5","55","13","6","157","94","4"
"2015","02","021801","ANCASH","SANTA","CHIMBOTE","ESSALUD","0","00009047","HOSPITAL III CHIMBOTE","27","31","128","115","0","10","109","4","3","4","55","12","6","154","95","4"
"2015","11","120114","JUNIN","HUANCAYO","EL TAMBO","ESSALUD","III-1","00008652","HOSPITAL NACIONAL RAMIRO PRIALE PRIALE","41","48","243","189","0","38","183","4","3","7","34","16","4","139","61","5"
"2015","08","120114","JUNIN","HUANCAYO","EL TAMBO","ESSALUD","III-1","00008652","HOSPITAL NACIONAL RAMIRO PRIALE PRIALE","35","47","243","193","0","39","212","4","4","7","29","17","3","142","61","5"
"2015","12","120114","JUNIN","HUANCAYO","EL TAMBO","ESSALUD","III-1","00008652","HOSPITAL NACIONAL RAMIRO PRIALE PRIALE","39","46","240","198","0","38","193","3","3","7","32","17","4","135","60","5"
"2015","10","120114","JUNIN","HUANCAYO","EL TAMBO","ESSALUD","III-1","00008652","HOSPITAL NACIONAL RAMIRO PRIALE PRIALE","41","48","240","167","0","38","194","4","3","7","34","16","4","149","2","5"
"2015","09","120114","JUNIN","HUANCAYO","EL TAMBO","ESSALUD","III-1","00008652","HOSPITAL NACIONAL RAMIRO PRIALE PRIALE","41","48","246","189","0","38","183","4","4","6","29","15","4","139","61","5"
"2015","06","120114","JUNIN","HUANCAYO","EL TAMBO","ESSALUD","III-1","00008652","HOSPITAL NACIONAL RAMIRO PRIALE PRIALE","32","45","240","205","0","39","212","3","4","7","30","15","3","142","60","5"
"2015","12","150101","LIMA","LIMA","LIMA","ESSALUD","II-2","00008502","HOSPITAL III EMERGENCIAS GRAU","57","64","244","251","0","91","226","10","7","9","52","25","10","293","3","1"
"2015","11","150101","LIMA","LIMA","LIMA","ESSALUD","II-2","00008502","HOSPITAL III EMERGENCIAS GRAU","57","73","246","235","0","91","225","10","7","9","61","25","9","347","3","1"
"2015","10","150101","LIMA","LIMA","LIMA","ESSALUD","II-2","00008502","HOSPITAL III EMERGENCIAS GRAU","57","65","230","335","0","92","206","9","7","9","48","26","8","293","3","1"
"2015","01","150103","LIMA","LIMA","ATE","ESSALUD","II-1","00008353","ESSALUD - HOSPITAL II VITARTE","37","43","68","104","0","0","86","5","2","4","14","2","3","122","73","1"
"2015","11","150103","LIMA","LIMA","ATE","ESSALUD","II-1","00008353","ESSALUD - HOSPITAL II VITARTE","25","42","70","101","0","24","89","5","2","3","16","1","4","11","13","1"
"2015","12","150103","LIMA","LIMA","ATE","ESSALUD","II-1","00008353","ESSALUD - HOSPITAL II VITARTE","25","37","70","103","0","24","89","5","2","3","14","1","4","11","13","1"
"2015","07","150103","LIMA","LIMA","ATE","ESSALUD","II-1","00008353","ESSALUD - HOSPITAL II VITARTE","25","38","62","102","0","22","86","5","2","4","14","1","3","10","12","1"
"2015","06","150103","LIMA","LIMA","ATE","ESSALUD","II-1","00008353","ESSALUD - HOSPITAL II VITARTE","25","40","66","102","0","15","86","5","2","4","14","1","3","10","12","1"
"2015","04","150103","LIMA","LIMA","ATE","ESSALUD","II-1","00008353","ESSALUD - HOSPITAL II VITARTE","25","45","62","104","0","15","86","5","2","4","14","1","3","10","12","1"
"2015","03","150103","LIMA","LIMA","ATE","ESSALUD","II-1","00008353","ESSALUD - HOSPITAL II VITARTE","25","43","68","104","0","15","87","5","2","4","14","2","3","10","12","1"
"2015","09","150103","LIMA","LIMA","ATE","ESSALUD","II-1","00008353","ESSALUD - HOSPITAL II VITARTE","25","42","66","101","0","24","86","5","2","4","14","1","3","10","12","1"
"2015","02","150103","LIMA","LIMA","ATE","ESSALUD","II-1","00008353","ESSALUD - HOSPITAL II VITARTE","25","43","67","105","0","15","87","5","2","4","14","2","3","10","12","1"
"2015","10","150103","LIMA","LIMA","ATE","ESSALUD","II-1","00008353","ESSALUD - HOSPITAL II VITARTE","25","39","65","102","0","24","88","5","2","3","14","1","3","10","12","1"
"2015","08","150103","LIMA","LIMA","ATE","ESSALUD","II-1","00008353","ESSALUD - HOSPITAL II VITARTE","25","39","26","104","0","24","86","5","2","4","13","1","4","10","12","1"
"2015","11","150115","LIMA","LIMA","LA VICTORIA","ESSALUD","III-2","00009251","HOSPITAL NACIONAL GUILLERMO ALMENARA IRIGOYEN","131","136","953","1132","0","371","1039","7","19","37","215","42","28","1052","38","9"
"2015","12","150115","LIMA","LIMA","LA VICTORIA","ESSALUD","III-2","00009251","HOSPITAL NACIONAL GUILLERMO ALMENARA IRIGOYEN","131","136","946","1154","0","372","1044","7","18","38","220","42","28","934","38","9"
"2015","09","150115","LIMA","LIMA","LA VICTORIA","ESSALUD","III-2","00009251","HOSPITAL NACIONAL GUILLERMO ALMENARA IRIGOYEN","132","135","793","904","0","371","1035","7","19","38","215","43","28","1049","41","9"
"2015","08","150115","LIMA","LIMA","LA VICTORIA","ESSALUD","III-2","00009251","HOSPITAL NACIONAL GUILLERMO ALMENARA IRIGOYEN","134","135","816","746","0","371","1035","7","19","38","215","43","28","899","37","9"
"2015","07","150115","LIMA","LIMA","LA VICTORIA","ESSALUD","III-2","00009251","HOSPITAL NACIONAL GUILLERMO ALMENARA IRIGOYEN","137","141","815","1038","0","273","1028","7","17","37","91","43","25","1045","358","9"
"2015","10","150115","LIMA","LIMA","LA VICTORIA","ESSALUD","III-2","00009251","HOSPITAL NACIONAL GUILLERMO ALMENARA IRIGOYEN","117","128","812","761","0","371","1044","7","19","37","215","43","28","1048","41","9"
"2015","03","150115","LIMA","LIMA","LA VICTORIA","ESSALUD","III-2","00009251","HOSPITAL NACIONAL GUILLERMO ALMENARA IRIGOYEN","140","146","821","952","0","273","814","6","17","25","191","35","19","181","337","0"
"2015","11","150142","LIMA","LIMA","VILLA EL SALVADOR","ESSALUD","II-1","00008741","ULDARICO ROCCA FERNANDEZ","16","29","43","70","0","2","71","6","2","2","19","18","5","3","122","0"
"2015","12","150142","LIMA","LIMA","VILLA EL SALVADOR","ESSALUD","II-1","00008741","ULDARICO ROCCA FERNANDEZ","16","28","43","70","0","2","71","6","2","2","19","18","5","3","122","0"
"2015","11","150108","LIMA","LIMA","CHORRILLOS","PRIVADO","II-2","00010251","CLUB DE LA SALUD","20","40","46","136","0","0","48","14","2","2","13","6","3","53","0","2"
"2015","10","150108","LIMA","LIMA","CHORRILLOS","PRIVADO","II-2","00010251","CLUB DE LA SALUD","20","40","52","136","0","0","44","14","2","2","13","6","2","55","0","4"
"2015","12","150137","LIMA","LIMA","SANTA ANITA","ESSALUD","II-1","00008318","ESSALUD - HOSPITAL I JORGE VOTO BERNALES CORPANCHO","17","26","58","82","0","0","65","2","2","4","14","23","4","4","2","0"
"2015","11","150137","LIMA","LIMA","SANTA ANITA","ESSALUD","II-1","00008318","ESSALUD - HOSPITAL I JORGE VOTO BERNALES CORPANCHO","17","32","47","82","0","0","65","8","2","4","14","23","4","88","0","0"
"2015","12","150136","LIMA","LIMA","SAN MIGUEL","ESSALUD","II-1","00008564","HOSPITAL I OCTAVIO MONGRUT MUÑOZ","22","52","50","80","0","0","71","5","2","4","28","16","5","108","2","1"
"2015","11","150112","LIMA","LIMA","INDEPENDENCIA","PRIVADO","II-2","00010182","CLINICA JESUS DEL NORTE","114","197","101","232","0","0","108","4","7","7","55","7","5","187","5","2"
"2015","12","150112","LIMA","LIMA","INDEPENDENCIA","PRIVADO","II-2","00010182","CLINICA JESUS DEL NORTE","114","197","101","232","0","0","108","4","7","7","55","7","5","187","5","2"
"2015","12","150121","LIMA","LIMA","PUEBLO LIBRE","PRIVADO","II-E","00008351","CLINICAS SAN BERNARDO S.A.","5","5","22","104","0","0","7","0","1","0","4","0","1","16","0","0"
"2015","10","150113","LIMA","LIMA","JESUS MARIA","ESSALUD","III-2","00008720","HOSPITAL NACIONAL EDGARDO REBAGLIATI MARTINS","193","243","1507","1685","0","476","1643","8","40","62","308","109","42","1711","47","0"
"2015","09","150113","LIMA","LIMA","JESUS MARIA","ESSALUD","III-2","00008720","HOSPITAL NACIONAL EDGARDO REBAGLIATI MARTINS","193","246","1507","1672","0","475","1610","8","40","62","308","111","42","1710","48","0"
"2015","08","150113","LIMA","LIMA","JESUS MARIA","ESSALUD","III-2","00008720","HOSPITAL NACIONAL EDGARDO REBAGLIATI MARTINS","193","242","1507","1666","0","470","1647","7","40","63","308","113","42","1688","47","0"
"2015","12","150113","LIMA","LIMA","JESUS MARIA","ESSALUD","III-2","00008720","HOSPITAL NACIONAL EDGARDO REBAGLIATI MARTINS","193","247","1507","1691","0","475","1667","8","40","62","309","111","42","1709","48","0"
"2015","11","150113","LIMA","LIMA","JESUS MARIA","ESSALUD","III-2","00008720","HOSPITAL NACIONAL EDGARDO REBAGLIATI MARTINS","193","242","1507","1684","0","475","1661","8","40","62","310","112","41","1712","47","0"
"2015","12","130101","LA LIBERTAD","TRUJILLO","TRUJILLO","ESSALUD","III-1","00009042","HOSPITAL BASE VICTOR LAZARTE ECHEGARAY","41","67","286","186","0","6","236","4","4","9","18","15","14","204","26","4"
"2015","11","130101","LA LIBERTAD","TRUJILLO","TRUJILLO","ESSALUD","III-1","00009042","HOSPITAL BASE VICTOR LAZARTE ECHEGARAY","41","67","286","187","0","4","226","4","4","8","18","15","14","198","25","4"
"2015","05","130101","LA LIBERTAD","TRUJILLO","TRUJILLO","ESSALUD","III-1","00009042","HOSPITAL BASE VICTOR LAZARTE ECHEGARAY","45","73","289","226","0","16","266","5","4","12","26","21","0","235","11","4"
"2015","03","130101","LA LIBERTAD","TRUJILLO","TRUJILLO","ESSALUD","III-1","00009042","HOSPITAL BASE VICTOR LAZARTE ECHEGARAY","45","73","289","225","0","18","227","5","4","12","14","23","0","191","8","4"
"2015","10","130101","LA LIBERTAD","TRUJILLO","TRUJILLO","ESSALUD","III-1","00009042","HOSPITAL BASE VICTOR LAZARTE ECHEGARAY","41","67","286","187","0","5","218","4","4","9","20","16","0","206","28","4"
"2015","09","130101","LA LIBERTAD","TRUJILLO","TRUJILLO","ESSALUD","III-1","00009042","HOSPITAL BASE VICTOR LAZARTE ECHEGARAY","41","67","286","183","0","4","219","3","4","9","21","16","0","181","24","4"
"2015","07","130101","LA LIBERTAD","TRUJILLO","TRUJILLO","ESSALUD","III-1","00009042","HOSPITAL BASE VICTOR LAZARTE ECHEGARAY","43","69","289","216","0","14","245","5","4","12","23","16","0","230","13","4"
"2015","06","130101","LA LIBERTAD","TRUJILLO","TRUJILLO","ESSALUD","III-1","00009042","HOSPITAL BASE VICTOR LAZARTE ECHEGARAY","44","71","289","227","0","15","279","5","4","12","25","21","0","240","12","4"
"2015","04","130101","LA LIBERTAD","TRUJILLO","TRUJILLO","ESSALUD","III-1","00009042","HOSPITAL BASE VICTOR LAZARTE ECHEGARAY","45","73","289","225","0","15","221","5","4","12","25","0","13","214","12","4"
"2015","08","130101","LA LIBERTAD","TRUJILLO","TRUJILLO","ESSALUD","III-1","00009042","HOSPITAL BASE VICTOR LAZARTE ECHEGARAY","41","67","286","215","0","13","251","5","4","12","22","18","15","228","14","4"
"2015","12","150122","LIMA","LIMA","MIRAFLORES","ESSALUD","II-2","00008489","ESSALUD - HOSPITAL II SUÁREZ ANGAMOS","50","111","88","222","0","2","157","9","6","3","40","20","10","196","49","1"
"2015","10","150122","LIMA","LIMA","MIRAFLORES","ESSALUD","II-2","00008489","ESSALUD - HOSPITAL II SUÁREZ ANGAMOS","30","75","88","200","0","0","156","9","6","3","39","20","10","16","397","1"
"2015","12","140101","LAMBAYEQUE","CHICLAYO","CHICLAYO","ESSALUD","III-1","00008577","HOSPITAL NACIONAL ALMANZOR AGUINAGA ASENJO","51","51","385","299","0","69","423","5","5","21","57","25","14","464","20","3"
"2015","11","140101","LAMBAYEQUE","CHICLAYO","CHICLAYO","ESSALUD","III-1","00008577","HOSPITAL NACIONAL ALMANZOR AGUINAGA ASENJO","51","51","385","0","0","0","0","0","0","0","0","0","0","0","0","3"
"2015","09","140101","LAMBAYEQUE","CHICLAYO","CHICLAYO","ESSALUD","III-1","00008577","HOSPITAL NACIONAL ALMANZOR AGUINAGA ASENJO","51","57","385","0","0","0","0","0","0","0","0","0","0","0","0","3"
"2015","08","140101","LAMBAYEQUE","CHICLAYO","CHICLAYO","ESSALUD","III-1","00008577","HOSPITAL NACIONAL ALMANZOR AGUINAGA ASENJO","46","54","383","305","0","70","417","5","5","20","57","26","15","401","19","0"
"2015","10","140101","LAMBAYEQUE","CHICLAYO","CHICLAYO","ESSALUD","III-1","00008577","HOSPITAL NACIONAL ALMANZOR AGUINAGA ASENJO","51","55","385","301","0","70","422","5","5","20","57","26","15","464","20","3"
"2015","04","140101","LAMBAYEQUE","CHICLAYO","CHICLAYO","ESSALUD","III-1","00008577","HOSPITAL NACIONAL ALMANZOR AGUINAGA ASENJO","46","56","388","260","0","60","393","4","5","19","57","26","15","330","7","2"
"2015","12","070102","CALLAO","CALLAO","BELLAVISTA","SANIDAD DE LA MARINA DE GUERRA DEL PERU","III-1","00008266","HOSPITAL NAVAL","75","80","437","293","0","60","314","39","10","8","42","1","13","314","254","3"
"2015","11","070102","CALLAO","CALLAO","BELLAVISTA","SANIDAD DE LA MARINA DE GUERRA DEL PERU","III-1","00008266","HOSPITAL NAVAL","76","79","436","293","0","65","314","25","10","8","42","1","13","367","254","3"
"2015","09","070102","CALLAO","CALLAO","BELLAVISTA","SANIDAD DE LA MARINA DE GUERRA DEL PERU","III-1","00008266","HOSPITAL NAVAL","75","81","441","293","0","66","313","43","10","8","37","1","13","465","254","3"
"2015","10","070102","CALLAO","CALLAO","BELLAVISTA","SANIDAD DE LA MARINA DE GUERRA DEL PERU","III-1","00008266","HOSPITAL NAVAL","75","79","439","293","0","65","314","25","10","8","42","1","13","465","254","3"
"2015","07","070102","CALLAO","CALLAO","BELLAVISTA","SANIDAD DE LA MARINA DE GUERRA DEL PERU","III-1","00008266","HOSPITAL NAVAL","75","74","451","333","0","54","313","56","8","9","45","1","11","551","5","4"
"2015","08","070102","CALLAO","CALLAO","BELLAVISTA","SANIDAD DE LA MARINA DE GUERRA DEL PERU","III-1","00008266","HOSPITAL NAVAL","75","81","436","295","0","66","313","57","10","9","37","1","14","465","254","4"
"2015","11","150132","LIMA","LIMA","SAN JUAN DE LURIGANCHO","PRIVADO","II-2","00008271","CLINICA SAN JUAN BAUTISTA","44","49","36","150","0","5","62","11","3","1","8","6","1","69","1","0"
"2015","12","150132","LIMA","LIMA","SAN JUAN DE LURIGANCHO","PRIVADO","II-2","00008271","CLINICA SAN JUAN BAUTISTA","50","89","34","136","0","0","63","10","5","4","13","6","1","73","1","0"
"2015","12","150101","LIMA","LIMA","LIMA","ESSALUD","II-1","00009188","HOSPITAL II RAMON CASTILLA","19","45","49","88","0","4","56","7","4","3","25","16","3","132","6","0"
"2015","12","210101","PUNO","PUNO","PUNO","ESSALUD","II-2","00009215","HOSPITAL III BASE  (PUNO) - RED ASISTENCIAL PUNO","34","64","69","106","0","18","82","8","1","5","14","12","7","135","8","3"
"2015","12","070102","CALLAO","CALLAO","BELLAVISTA","PRIVADO","II-1","00009250","CLINICA BELLAVISTA","14","28","26","40","0","0","25","4","1","1","6","5","3","35","67","0"
"2015","12","240101","TUMBES","TUMBES","TUMBES","ESSALUD","II-1","00012272","CARLOS ALBERTO CORTEZ JIMENEZ","17","37","34","48","0","0","40","3","1","2","5","16","3","41","1","5"
"2015","07","040101","AREQUIPA","AREQUIPA","AREQUIPA","ESSALUD","III-1","00013290","HOSPITAL NACIONAL III-1 CARLOS ALBERTO SEGUÍN ESCOBEDO","49","75","377","472","0","0","415","6","7","14","44","18","0","0","311","4"
"2015","06","040101","AREQUIPA","AREQUIPA","AREQUIPA","ESSALUD","III-1","00013290","HOSPITAL NACIONAL III-1 CARLOS ALBERTO SEGUÍN ESCOBEDO","49","75","373","472","0","109","456","7","7","14","44","19","12","25","458","4"
"2015","05","040101","AREQUIPA","AREQUIPA","AREQUIPA","ESSALUD","III-1","00013290","HOSPITAL NACIONAL III-1 CARLOS ALBERTO SEGUÍN ESCOBEDO","49","74","375","472","0","109","415","6","7","14","44","18","10","24","461","4"
"2015","04","040101","AREQUIPA","AREQUIPA","AREQUIPA","ESSALUD","III-1","00013290","HOSPITAL NACIONAL III-1 CARLOS ALBERTO SEGUÍN ESCOBEDO","49","74","370","473","0","109","415","6","7","15","44","18","12","24","145","4"
"2015","08","040101","AREQUIPA","AREQUIPA","AREQUIPA","ESSALUD","III-1","00013290","HOSPITAL NACIONAL III-1 CARLOS ALBERTO SEGUÍN ESCOBEDO","49","75","373","500","0","129","448","7","7","15","44","19","12","26","457","4"
"2015","11","040101","AREQUIPA","AREQUIPA","AREQUIPA","ESSALUD","III-1","00013290","HOSPITAL NACIONAL III-1 CARLOS ALBERTO SEGUÍN ESCOBEDO","49","75","378","503","0","133","453","7","7","15","44","19","12","307","180","4"
"2015","12","040101","AREQUIPA","AREQUIPA","AREQUIPA","ESSALUD","III-1","00013290","HOSPITAL NACIONAL III-1 CARLOS ALBERTO SEGUÍN ESCOBEDO","49","75","374","503","0","133","456","7","7","15","44","19","12","388","172","4"
"2015","10","040101","AREQUIPA","AREQUIPA","AREQUIPA","ESSALUD","III-1","00013290","HOSPITAL NACIONAL III-1 CARLOS ALBERTO SEGUÍN ESCOBEDO","49","74","370","503","0","133","453","7","7","15","44","19","12","307","180","4"
"2015","09","040101","AREQUIPA","AREQUIPA","AREQUIPA","ESSALUD","III-1","00013290","HOSPITAL NACIONAL III-1 CARLOS ALBERTO SEGUÍN ESCOBEDO","49","74","373","505","0","134","453","7","7","15","44","19","12","25","461","4"
"2015","12","050110","AYACUCHO","HUAMANGA","SAN JUAN BAUTISTA","ESSALUD","II-1","00011775","HOSPITAL II DE HUAMANGA","12","21","65","54","0","0","67","5","2","2","12","16","7","117","16","2"
"2015","10","250101","UCAYALI","CORONEL PORTILLO","CALLERIA","ESSALUD","II-2","00009600","HOSPITAL II PUCALLPA- ESSALUD","42","71","90","58","0","0","70","4","1","2","6","18","3","6","90","1"
"2015","12","250101","UCAYALI","CORONEL PORTILLO","CALLERIA","ESSALUD","II-2","00009600","HOSPITAL II PUCALLPA- ESSALUD","39","55","90","69","0","0","69","4","1","2","6","17","5","80","86","2"
"2015","12","150122","LIMA","LIMA","MIRAFLORES","PRIVADO","II-2","00008746","CLINICA GOOD HOPE","42","787","134","310","0","0","162","11","8","8","9","19","3","283","1","1"
"2015","12","150113","LIMA","LIMA","JESUS MARIA","PRIVADO","II-E","00009620","MEDICINA AVANZADA S.A.","3","29","4","74","0","0","13","0","0","0","0","0","0","6","0","0"
"2015","12","090118","HUANCAVELICA","HUANCAVELICA","ASCENSION","ESSALUD","II-1","00009132","HOSPITAL II HUANCAVELICA","13","29","25","47","0","0","36","4","2","4","12","7","4","59","2","4"
"2015","07","150130","LIMA","LIMA","SAN BORJA","PRIVADO","III-1","00009886","LA ESPERANZA DEL PERU S.A.","55","110","100","221","0","9","260","3","3","3","11","9","3","0","1","11"
"2015","06","150130","LIMA","LIMA","SAN BORJA","PRIVADO","III-1","00009886","LA ESPERANZA DEL PERU S.A.","55","110","100","219","0","0","259","3","3","3","6","9","3","0","1","11"
"2015","05","150130","LIMA","LIMA","SAN BORJA","PRIVADO","III-1","00009886","LA ESPERANZA DEL PERU S.A.","55","110","95","218","0","0","254","3","3","1","6","9","3","0","0","0"
"2015","12","150130","LIMA","LIMA","SAN BORJA","PRIVADO","III-1","00009886","LA ESPERANZA DEL PERU S.A.","59","108","107","229","0","10","285","3","3","1","10","9","2","0","1","11"
"2015","11","150130","LIMA","LIMA","SAN BORJA","PRIVADO","III-1","00009886","LA ESPERANZA DEL PERU S.A.","59","108","83","229","0","10","278","3","3","3","10","9","3","0","1","11"
"2015","10","150130","LIMA","LIMA","SAN BORJA","PRIVADO","III-1","00009886","LA ESPERANZA DEL PERU S.A.","59","108","83","228","0","10","269","4","3","3","10","9","2","0","1","11"
"2015","09","150130","LIMA","LIMA","SAN BORJA","PRIVADO","III-1","00009886","LA ESPERANZA DEL PERU S.A.","59","108","83","229","0","10","267","4","3","3","10","9","3","0","1","11"
"2015","08","150130","LIMA","LIMA","SAN BORJA","PRIVADO","III-1","00009886","LA ESPERANZA DEL PERU S.A.","59","108","83","222","0","10","265","3","3","3","10","9","3","0","1","11"
"2015","12","150134","LIMA","LIMA","SAN LUIS","PRIVADO","II-1","00008786","CLINICA SAN JUAN DE DIOS","31","62","90","106","0","0","72","5","4","8","14","12","2","127","6","2"
"2015","11","170101","MADRE DE DIOS","TAMBOPATA","TAMBOPATA","ESSALUD","II-1","00009319","HOSPITL I VICTOR ALFREDO LAZO PERALTA","7","10","27","30","3","0","30","4","1","1","8","6","3","2","73","4"
"2015","12","170101","MADRE DE DIOS","TAMBOPATA","TAMBOPATA","ESSALUD","II-1","00009319","HOSPITL I VICTOR ALFREDO LAZO PERALTA","7","10","25","34","3","8","30","4","1","1","8","6","3","42","33","3"
"2015","10","170101","MADRE DE DIOS","TAMBOPATA","TAMBOPATA","ESSALUD","II-1","00009319","HOSPITL I VICTOR ALFREDO LAZO PERALTA","7","10","25","29","3","8","30","5","1","1","10","6","1","2","34","4"
"2015","11","150113","LIMA","LIMA","JESUS MARIA","PRIVADO","III-1","00009116","CLINICA SAN FELIPE S.A.","53","94","141","370","0","8","164","0","0","3","27","12","3","301","0","0"
"2015","12","150113","LIMA","LIMA","JESUS MARIA","PRIVADO","III-1","00009116","CLINICA SAN FELIPE S.A.","53","94","141","370","0","8","161","0","0","3","26","12","3","301","0","0"
"2015","10","150113","LIMA","LIMA","JESUS MARIA","PRIVADO","III-1","00009116","CLINICA SAN FELIPE S.A.","53","94","141","370","0","8","165","0","0","3","24","12","3","302","0","0"
"2015","06","150113","LIMA","LIMA","JESUS MARIA","PRIVADO","III-1","00009116","CLINICA SAN FELIPE S.A.","53","94","137","358","0","25","165","9","1","2","25","11","3","293","0","0"
"2015","08","150113","LIMA","LIMA","JESUS MARIA","PRIVADO","III-1","00009116","CLINICA SAN FELIPE S.A.","53","94","140","214","0","0","146","0","0","3","22","11","4","293","0","0"
"2015","09","150113","LIMA","LIMA","JESUS MARIA","PRIVADO","III-1","00009116","CLINICA SAN FELIPE S.A.","53","94","140","370","0","8","147","0","0","3","28","11","3","300","0","0"
"2015","07","150113","LIMA","LIMA","JESUS MARIA","PRIVADO","III-1","00009116","CLINICA SAN FELIPE S.A.","53","94","137","358","0","25","162","9","1","2","25","11","3","289","0","0"
"2015","01","150113","LIMA","LIMA","JESUS MARIA","PRIVADO","III-1","00009116","CLINICA SAN FELIPE S.A.","123","123","445","35","12","23","23","222","22","22","22","22","22","22","22","22"
"2015","12","040208","AREQUIPA","CAMANA","SAMUEL PASTOR","ESSALUD","I-4","00011009","HOSPITAL I SAMUEL PASTOR DE CAMANA ESSALUD","6","12","17","19","0","0","19","2","1","1","3","3","2","15","2","2"
"2015","02","040208","AREQUIPA","CAMANA","SAMUEL PASTOR","ESSALUD","I-4","00011009","HOSPITAL I SAMUEL PASTOR DE CAMANA ESSALUD","6","12","17","19","0","0","19","2","1","1","3","3","2","15","1","2"
"2015","01","040208","AREQUIPA","CAMANA","SAMUEL PASTOR","ESSALUD","I-4","00011009","HOSPITAL I SAMUEL PASTOR DE CAMANA ESSALUD","6","11","17","20","0","0","19","2","1","1","3","3","2","15","1","2"
"2015","11","040208","AREQUIPA","CAMANA","SAMUEL PASTOR","ESSALUD","I-4","00011009","HOSPITAL I SAMUEL PASTOR DE CAMANA ESSALUD","6","12","17","18","0","0","19","2","1","1","3","3","2","15","2","2"
"2015","04","040208","AREQUIPA","CAMANA","SAMUEL PASTOR","ESSALUD","I-4","00011009","HOSPITAL I SAMUEL PASTOR DE CAMANA ESSALUD","6","12","17","20","0","0","19","2","1","1","3","3","2","15","1","2"
"2015","07","040208","AREQUIPA","CAMANA","SAMUEL PASTOR","ESSALUD","I-4","00011009","HOSPITAL I SAMUEL PASTOR DE CAMANA ESSALUD","6","11","17","18","0","0","19","2","1","1","3","3","2","15","1","2"
"2015","10","210701","PUNO","LAMPA","LAMPA","ESSALUD","II-1","00009900","HOSPITAL I LAMPA - ESSALUD - RED ASISTENCIAL JULIACA","2","2","11","2","0","0","6","1","1","1","2","1","1","6","5","0"
"2015","09","210701","PUNO","LAMPA","LAMPA","ESSALUD","II-1","00009900","HOSPITAL I LAMPA - ESSALUD - RED ASISTENCIAL JULIACA","2","2","11","2","0","0","6","1","1","1","2","1","1","6","4","0"
"2015","08","210701","PUNO","LAMPA","LAMPA","ESSALUD","II-1","00009900","HOSPITAL I LAMPA - ESSALUD - RED ASISTENCIAL JULIACA","2","2","11","2","0","0","6","1","1","1","1","1","1","6","4","0"
"2015","11","211101","PUNO","SAN ROMAN","JULIACA","ESSALUD","II-2","00009899","HOSPITAL BASE III JULIACA - ESSALUD - RED ASISTENCIAL JULIACA","28","42","76","76","0","14","88","8","2","7","20","12","6","85","3","4"
"2015","11","080108","CUSCO","CUSCO","WANCHAQ","ESSALUD","III-1","00010041","HOSPITAL NACIONAL ADOLFO GUEVARA VELASCO","31","31","260","164","0","28","253","3","3","4","39","21","11","20","314","3"
"2015","12","080108","CUSCO","CUSCO","WANCHAQ","ESSALUD","III-1","00010041","HOSPITAL NACIONAL ADOLFO GUEVARA VELASCO","31","31","260","161","0","28","251","2","3","4","39","21","11","20","314","3"
"2015","09","080108","CUSCO","CUSCO","WANCHAQ","ESSALUD","III-1","00010041","HOSPITAL NACIONAL ADOLFO GUEVARA VELASCO","31","37","260","172","0","28","254","3","3","4","38","21","11","20","342","3"
"2015","08","080108","CUSCO","CUSCO","WANCHAQ","ESSALUD","III-1","00010041","HOSPITAL NACIONAL ADOLFO GUEVARA VELASCO","31","31","260","172","0","28","252","3","3","4","37","21","11","20","314","3"
"2015","07","080108","CUSCO","CUSCO","WANCHAQ","ESSALUD","III-1","00010041","HOSPITAL NACIONAL ADOLFO GUEVARA VELASCO","31","32","260","202","0","25","256","3","4","4","41","21","12","20","453","3"
"2015","10","080108","CUSCO","CUSCO","WANCHAQ","ESSALUD","III-1","00010041","HOSPITAL NACIONAL ADOLFO GUEVARA VELASCO","31","31","260","172","0","28","254","3","3","4","38","21","11","20","315","3"
"2015","06","080108","CUSCO","CUSCO","WANCHAQ","ESSALUD","III-1","00010041","HOSPITAL NACIONAL ADOLFO GUEVARA VELASCO","31","34","260","202","0","25","256","3","4","4","41","21","12","20","453","3"
"2015","12","080601","CUSCO","CANCHIS","SICUANI","ESSALUD","II-1","00010063","HOSPITAL ESSALUD SICUANI","4","4","14","10","0","0","14","1","0","0","4","1","1","2","0","2"
"2015","12","150140","LIMA","LIMA","SANTIAGO DE SURCO","PRIVADO","II-2","00009989","ASOCIACION HIJAS DE SAN CAMILO","48","48","68","192","0","0","91","2","2","1","4","5","1","86","0","1"
"2015","11","150122","LIMA","LIMA","MIRAFLORES","SANIDAD DE LA FUERZA AEREA DEL PERU","III-1","00010751","HOSPITAL CENTRAL DE LA FUERZA AEREA DEL PERU","117","155","283","272","0","32","240","47","12","7","66","13","7","473","7","2"
"2015","12","150122","LIMA","LIMA","MIRAFLORES","SANIDAD DE LA FUERZA AEREA DEL PERU","III-1","00010751","HOSPITAL CENTRAL DE LA FUERZA AEREA DEL PERU","117","155","283","272","0","32","240","47","12","7","66","13","7","473","7","2"
"2015","07","150122","LIMA","LIMA","MIRAFLORES","SANIDAD DE LA FUERZA AEREA DEL PERU","III-1","00010751","HOSPITAL CENTRAL DE LA FUERZA AEREA DEL PERU","101","117","283","284","0","34","247","47","14","7","66","12","6","473","13","3"
"2015","08","150122","LIMA","LIMA","MIRAFLORES","SANIDAD DE LA FUERZA AEREA DEL PERU","III-1","00010751","HOSPITAL CENTRAL DE LA FUERZA AEREA DEL PERU","101","117","283","273","0","31","240","43","12","6","60","11","6","122","328","10"
"2015","09","150122","LIMA","LIMA","MIRAFLORES","SANIDAD DE LA FUERZA AEREA DEL PERU","III-1","00010751","HOSPITAL CENTRAL DE LA FUERZA AEREA DEL PERU","101","117","283","266","0","31","225","45","10","6","64","11","6","429","10","3"
"2015","06","150122","LIMA","LIMA","MIRAFLORES","SANIDAD DE LA FUERZA AEREA DEL PERU","III-1","00010751","HOSPITAL CENTRAL DE LA FUERZA AEREA DEL PERU","101","117","283","250","0","34","247","47","14","7","66","12","6","473","13","3"
"2015","05","150122","LIMA","LIMA","MIRAFLORES","SANIDAD DE LA FUERZA AEREA DEL PERU","III-1","00010751","HOSPITAL CENTRAL DE LA FUERZA AEREA DEL PERU","101","608","261","284","0","34","247","47","14","7","66","12","6","473","13","4"
"2015","12","150140","LIMA","LIMA","SANTIAGO DE SURCO","PRIVADO","II-2","00009988","CLINICA SAN PABLO","83","153","135","401","0","9","212","0","3","4","43","12","6","358","2","2"
"2015","11","150140","LIMA","LIMA","SANTIAGO DE SURCO","PRIVADO","II-2","00009988","CLINICA SAN PABLO","83","153","101","401","0","9","232","1","3","5","49","16","6","358","2","2"
"2015","10","150140","LIMA","LIMA","SANTIAGO DE SURCO","PRIVADO","II-2","00009988","CLINICA SAN PABLO","83","153","101","401","0","9","232","1","3","5","49","16","6","358","2","2"
"2015","12","110101","ICA","ICA","ICA","PRIVADO","II-1","00009660","SEÑOR DE LUREN DE ICA","22","34","13","70","0","0","17","2","2","1","1","2","2","12","14","1"
"2015","12","021809","ANCASH","SANTA","NUEVO CHIMBOTE","PRIVADO","II-E","00010475","CENTRO MEDICO ESPECIALIZADO CLINICA DE LA MUJER Y EL NIÑO EIRL","3","4","7","12","0","0","5","0","1","1","1","6","1","4","1","0"
"2015","11","021809","ANCASH","SANTA","NUEVO CHIMBOTE","PRIVADO","II-E","00010475","CENTRO MEDICO ESPECIALIZADO CLINICA DE LA MUJER Y EL NIÑO EIRL","3","4","7","12","0","0","5","0","1","1","1","6","1","4","1","0"
"2015","10","021809","ANCASH","SANTA","NUEVO CHIMBOTE","PRIVADO","II-E","00010475","CENTRO MEDICO ESPECIALIZADO CLINICA DE LA MUJER Y EL NIÑO EIRL","4","3","7","12","0","0","5","0","1","1","1","6","1","5","0","0"
"2015","09","021809","ANCASH","SANTA","NUEVO CHIMBOTE","PRIVADO","II-E","00010475","CENTRO MEDICO ESPECIALIZADO CLINICA DE LA MUJER Y EL NIÑO EIRL","5","2","7","12","0","0","5","0","1","1","1","4","1","5","0","0"
"2015","12","150135","LIMA","LIMA","SAN MARTIN DE PORRES","PRIVADO","II-2","00010603","CLÍNICA MÉDICA CAYETANO HEREDIA","26","309","27","180","0","0","35","1","3","2","11","7","2","62","0","0"
"2015","12","130111","LA LIBERTAD","TRUJILLO","VICTOR LARCO HERRERA","PRIVADO","II-1","00010581","SANCHEZ FERRER","39","78","47","182","0","0","66","1","1","1","15","4","2","89","2","1"
"2015","11","150501","LIMA","CAÑETE","SAN VICENTE DE CAÑETE","ESSALUD","II-1","00010536","HOSPITAL II CAÑETE","15","16","63","34","2","0","63","4","1","2","11","5","3","2","3","2"
"2015","12","150501","LIMA","CAÑETE","SAN VICENTE DE CAÑETE","ESSALUD","II-1","00010536","HOSPITAL II CAÑETE","15","16","63","32","2","0","60","4","1","2","11","5","3","2","3","2"
"2015","08","150501","LIMA","CAÑETE","SAN VICENTE DE CAÑETE","ESSALUD","II-1","00010536","HOSPITAL II CAÑETE","15","17","63","39","2","0","63","4","1","2","11","5","3","2","3","2"
"2015","12","200701","PIURA","TALARA","PARIÑAS","ESSALUD","II-1","00012243","HOSPITAL II TALARA","13","13","33","33","0","0","37","2","1","2","4","6","2","0","35","2"
"2015","12","150130","LIMA","LIMA","SAN BORJA","PRIVADO","I-2","00010845","OFTALMICA S.A.","9","15","0","17","0","0","4","0","0","0","0","0","1","19","0","0"
"2015","10","150140","LIMA","LIMA","SANTIAGO DE SURCO","PRIVADO","II-E","00012219","CLINICA MONTESUR","4","10","39","80","0","0","94","0","0","0","3","11","2","51","1","0"
"2015","11","150140","LIMA","LIMA","SANTIAGO DE SURCO","PRIVADO","II-E","00012219","CLINICA MONTESUR","NE_0002","NE_0002","NE_0002","NE_0002","NE_0002","NE_0002","NE_0002","NE_0002","NE_0002","NE_0002","NE_0002","NE_0002","NE_0002","NE_0002","NE_0002","NE_0002"
"2015","12","150140","LIMA","LIMA","SANTIAGO DE SURCO","PRIVADO","II-E","00012219","CLINICA MONTESUR","4","10","39","86","0","0","94","0","0","0","3","8","2","52","1","0"
"2015","12","150137","LIMA","LIMA","SANTA ANITA","ESSALUD","II-E","00010434","ESSALUD - CLINICA GERIATRICA SAN ISIDRO LABRADOR","1","1","166","26","0","2","78","0","2","8","29","0","3","109","3","0"
"2015","11","150137","LIMA","LIMA","SANTA ANITA","ESSALUD","II-E","00010434","ESSALUD - CLINICA GERIATRICA SAN ISIDRO LABRADOR","1","1","166","26","0","2","78","0","2","8","28","0","3","101","3","0"
"2015","10","150137","LIMA","LIMA","SANTA ANITA","ESSALUD","II-E","00010434","ESSALUD - CLINICA GERIATRICA SAN ISIDRO LABRADOR","5","5","162","22","0","12","75","0","2","8","29","0","1","3","90","1"
"2015","12","230101","TACNA","TACNA","TACNA","PRIVADO","II-1","00011466","CLINICA ISABEL","25","18","12","30","0","0","7","2","1","1","2","0","1","2","4","0"
"2015","12","140101","LAMBAYEQUE","CHICLAYO","CHICLAYO","GOBIERNO REGIONAL","III-1","00011470","HOSPITAL REGIONAL LAMBAYEQUE","32","33","168","217","0","47","290","4","8","20","59","23","15","358","28","4"
"2015","11","140101","LAMBAYEQUE","CHICLAYO","CHICLAYO","GOBIERNO REGIONAL","III-1","00011470","HOSPITAL REGIONAL LAMBAYEQUE","31","33","167","223","0","52","271","4","5","16","56","22","13","340","26","4"
"2015","10","140101","LAMBAYEQUE","CHICLAYO","CHICLAYO","GOBIERNO REGIONAL","III-1","00011470","HOSPITAL REGIONAL LAMBAYEQUE","31","33","150","219","0","49","269","4","6","16","57","22","13","333","24","4"
"2015","09","140101","LAMBAYEQUE","CHICLAYO","CHICLAYO","GOBIERNO REGIONAL","III-1","00011470","HOSPITAL REGIONAL LAMBAYEQUE","31","38","150","217","0","42","269","4","7","18","58","23","13","360","24","4"
"2015","08","140101","LAMBAYEQUE","CHICLAYO","CHICLAYO","GOBIERNO REGIONAL","III-1","00011470","HOSPITAL REGIONAL LAMBAYEQUE","32","39","144","266","0","44","266","4","8","17","58","25","16","346","25","4"
"2015","06","140101","LAMBAYEQUE","CHICLAYO","CHICLAYO","GOBIERNO REGIONAL","III-1","00011470","HOSPITAL REGIONAL LAMBAYEQUE","32","50","144","216","0","48","264","4","6","16","55","23","13","317","25","4"
"2015","11","150801","LIMA","HUAURA","HUACHO","ESSALUD","II-2","00011337","HOSPITAL II GUSTAVO LANATTA LUJAN - ESSALUD","20","36","104","75","0","0","96","4","1","6","18","11","3","114","3","2"
"2015","12","150801","LIMA","HUAURA","HUACHO","ESSALUD","II-2","00011337","HOSPITAL II GUSTAVO LANATTA LUJAN - ESSALUD","31","52","104","78","0","0","96","4","1","6","18","11","3","113","4","2"
"2015","10","150801","LIMA","HUAURA","HUACHO","ESSALUD","II-2","00011337","HOSPITAL II GUSTAVO LANATTA LUJAN - ESSALUD","20","38","99","80","0","0","95","4","1","6","17","11","3","115","4","2"
"2015","07","150801","LIMA","HUAURA","HUACHO","ESSALUD","II-2","00011337","HOSPITAL II GUSTAVO LANATTA LUJAN - ESSALUD","20","34","99","77","0","0","106","4","1","6","18","12","4","122","4","2"
"2015","08","150801","LIMA","HUAURA","HUACHO","ESSALUD","II-2","00011337","HOSPITAL II GUSTAVO LANATTA LUJAN - ESSALUD","20","34","99","74","0","0","95","4","0","6","17","12","4","113","4","2"
"2015","09","150801","LIMA","HUAURA","HUACHO","ESSALUD","II-2","00011337","HOSPITAL II GUSTAVO LANATTA LUJAN - ESSALUD","20","35","99","74","0","0","95","4","1","5","17","11","4","112","4","2"
"2015","06","150801","LIMA","HUAURA","HUACHO","ESSALUD","II-2","00011337","HOSPITAL II GUSTAVO LANATTA LUJAN - ESSALUD","20","38","99","76","0","0","106","4","1","6","18","12","4","122","4","2"
"2015","12","030201","APURIMAC","ANDAHUAYLAS","ANDAHUAYLAS","ESSALUD","II-1","00011214","HOSPITAL I SANTA MARGARITA","12","26","23","22","0","0","29","5","1","0","7","7","1","8","1","2"
"2015","11","030201","APURIMAC","ANDAHUAYLAS","ANDAHUAYLAS","ESSALUD","II-1","00011214","HOSPITAL I SANTA MARGARITA","12","26","23","18","0","0","28","5","1","0","5","7","1","22","1","2"
"2015","04","040101","AREQUIPA","AREQUIPA","AREQUIPA","PRIVADO","II-E","00011995","CLINICA ALMONTE SAC","4","4","2","1","0","0","2","0","0","0","0","0","1","0","1","1"
"2015","12","040101","AREQUIPA","AREQUIPA","AREQUIPA","PRIVADO","II-E","00011995","CLINICA ALMONTE SAC","4","8","2","1","0","0","2","0","0","0","0","0","1","0","1","1"
"2015","12","160108","LORETO","MAYNAS","PUNCHANA","ESSALUD","III-1","00011409","HOSPITAL III IQUITOS","19","27","114","112","0","4","99","3","2","2","18","11","5","160","33","2"
"2015","11","160108","LORETO","MAYNAS","PUNCHANA","ESSALUD","III-1","00011409","HOSPITAL III IQUITOS","19","31","114","119","0","4","99","3","2","2","18","9","5","160","33","2"
"2015","09","160108","LORETO","MAYNAS","PUNCHANA","ESSALUD","III-1","00011409","HOSPITAL III IQUITOS","19","31","114","120","0","4","108","3","2","2","20","11","5","160","35","2"
"2015","10","160108","LORETO","MAYNAS","PUNCHANA","ESSALUD","III-1","00011409","HOSPITAL III IQUITOS","19","27","114","114","0","4","98","3","2","2","18","11","5","160","33","2"
"2015","08","160108","LORETO","MAYNAS","PUNCHANA","ESSALUD","III-1","00011409","HOSPITAL III IQUITOS","19","33","114","120","0","4","108","3","2","2","20","11","5","160","35","2"
"2015","07","160108","LORETO","MAYNAS","PUNCHANA","ESSALUD","III-1","00011409","HOSPITAL III IQUITOS","19","35","114","112","0","4","103","3","2","2","20","11","5","160","35","2"
"2015","12","150801","LIMA","HUAURA","HUACHO","PRIVADO","II-1","00010883","CLINICA SAN PEDRO","38","37","19","64","0","0","21","2","1","2","1","2","2","8","0","1"
"2015","12","150130","LIMA","LIMA","SAN BORJA","PRIVADO","II-E","00015179","CLINICA KIRSCHBAUM","2","2","10","7","0","2","5","0","0","0","0","0","0","3","0","0"
"2015","04","150113","LIMA","LIMA","JESUS MARIA","ESSALUD","0","00016488","CENTRO NACIONAL DE SALUD RENAL - ESSALUD","1","1","0","20","0","1","54","0","3","3","8","0","2","2","25","0"
"2015","08","150113","LIMA","LIMA","JESUS MARIA","ESSALUD","0","00016488","CENTRO NACIONAL DE SALUD RENAL - ESSALUD","1","1","40","21","0","0","56","0","2","3","7","0","2","2","26","0"
"2015","03","150113","LIMA","LIMA","JESUS MARIA","ESSALUD","0","00016488","CENTRO NACIONAL DE SALUD RENAL - ESSALUD","1","1","0","20","0","0","52","0","3","3","8","0","2","2","25","0"
"2015","11","020105","ANCASH","HUARAZ","INDEPENDENCIA","PRIVADO","II-1","00012671","CLINICA SAN PABLO SEDE HUARAZ","22","6","26","47","0","0","22","1","1","1","4","4","2","22","11","1"
"2015","12","020105","ANCASH","HUARAZ","INDEPENDENCIA","PRIVADO","II-1","00012671","CLINICA SAN PABLO SEDE HUARAZ","22","18","21","45","0","0","22","1","1","1","4","4","2","22","11","1"
"2015","12","150130","LIMA","LIMA","SAN BORJA","PRIVADO","II-1","00012975","ESPECIALIDADES MEDICAS UNIVERSAL S.A.","27","27","19","112","0","0","33","12","2","2","12","0","3","33","0","0"
"2015","11","150130","LIMA","LIMA","SAN BORJA","PRIVADO","II-1","00012975","ESPECIALIDADES MEDICAS UNIVERSAL S.A.","27","27","19","153","0","0","0","12","2","2","12","0","0","0","9","0"
"2015","12","021801","ANCASH","SANTA","CHIMBOTE","PRIVADO","II-1","00016552","CLINICA ROBLES S.A.C.","37","37","12","54","0","0","10","2","0","1","3","0","2","5","4","1"
"2015","11","021801","ANCASH","SANTA","CHIMBOTE","PRIVADO","II-1","00016552","CLINICA ROBLES S.A.C.","20","25","12","14","0","0","10","2","0","1","3","0","2","4","4","1"
"2015","10","021801","ANCASH","SANTA","CHIMBOTE","PRIVADO","II-1","00016552","CLINICA ROBLES S.A.C.","14","17","15","19","0","0","18","1","1","1","2","1","2","0","4","1"
"2015","10","150141","LIMA","LIMA","SURQUILLO","PRIVADO","II-E","00012947","CLINICA SANTA MARIA","4","6","22","12","0","0","8","0","0","1","5","2","2","12","0","0"
"2015","12","150141","LIMA","LIMA","SURQUILLO","PRIVADO","II-E","00012947","CLINICA SANTA MARIA","4","6","22","12","0","0","8","0","0","1","5","2","2","12","0","0"
"2015","11","150141","LIMA","LIMA","SURQUILLO","PRIVADO","II-E","00012947","CLINICA SANTA MARIA","4","6","22","12","0","0","8","0","0","1","5","2","2","12","0","0"
"2015","12","040103","AREQUIPA","AREQUIPA","CAYMA","SANIDAD DE LA POLICIA NACIONAL DEL PERU","II-1","00011794","HOSPITAL REGIONAL PNP AREQUIPA","24","34","58","76","0","0","71","14","5","3","1","22","14","129","12","1"
"2015","11","040103","AREQUIPA","AREQUIPA","CAYMA","SANIDAD DE LA POLICIA NACIONAL DEL PERU","II-1","00011794","HOSPITAL REGIONAL PNP AREQUIPA","24","34","58","76","0","0","71","13","5","3","1","22","14","130","12","1"
"2015","10","040103","AREQUIPA","AREQUIPA","CAYMA","SANIDAD DE LA POLICIA NACIONAL DEL PERU","II-1","00011794","HOSPITAL REGIONAL PNP AREQUIPA","24","34","58","71","0","0","70","11","4","3","0","22","17","128","9","1"
"2015","12","150122","LIMA","LIMA","MIRAFLORES","PRIVADO","II-1","00011750","CLINICA LOS ANDES SAC","19","19","24","120","0","0","23","1","1","1","6","0","1","27","1","3"
"2015","12","040126","AREQUIPA","AREQUIPA","YANAHUARA","PRIVADO","II-1","00012907","SISTEMAS DE ADMINISTRACION HOSPITALARIA S.A.C.","19","16","14","15","0","0","28","0","0","0","0","0","5","31","0","0"
"2015","12","110201","ICA","CHINCHA","CHINCHA ALTA","ESSALUD","II-1","00013910","RENE TOCHE GROPPO","11","20","84","46","0","5","62","5","1","1","5","11","5","3","1","3"
"2015","06","110201","ICA","CHINCHA","CHINCHA ALTA","ESSALUD","II-1","00013910","RENE TOCHE GROPPO","11","19","84","39","0","3","67","5","1","1","6","11","6","3","146","3"
"2015","12","110101","ICA","ICA","ICA","ESSALUD","II-1","00013912","FELIX TORREALVA GUTIERREZ","16","36","67","63","0","0","55","9","2","2","3","14","5","1","91","3"
"2015","09","110101","ICA","ICA","ICA","ESSALUD","II-1","00013912","FELIX TORREALVA GUTIERREZ","16","36","66","63","0","0","49","9","2","2","5","14","6","1","45","3"
"2015","10","110101","ICA","ICA","ICA","ESSALUD","II-1","00013912","FELIX TORREALVA GUTIERREZ","16","36","68","63","0","0","55","9","2","2","5","14","6","1","45","3"
"2015","08","110101","ICA","ICA","ICA","ESSALUD","II-1","00013912","FELIX TORREALVA GUTIERREZ","16","36","61","63","0","0","51","9","2","2","4","9","6","1","45","3"
"2015","11","110101","ICA","ICA","ICA","ESSALUD","II-1","00013912","FELIX TORREALVA GUTIERREZ","16","36","65","65","0","0","55","9","2","2","5","14","5","1","45","3"
"2015","01","110101","ICA","ICA","ICA","ESSALUD","II-1","00013912","FELIX TORREALVA GUTIERREZ","16","36","62","65","0","0","52","10","2","2","4","9","6","0","45","3"
"2015","07","110101","ICA","ICA","ICA","ESSALUD","II-1","00013912","FELIX TORREALVA GUTIERREZ","16","36","62","62","0","0","49","9","2","2","4","13","4","0","45","3"
"2015","12","040101","AREQUIPA","AREQUIPA","AREQUIPA","PRIVADO","II-E","00013722","CLINICA AREQUIPA S.A.","39","53","36","197","0","1","56","2","1","1","0","0","3","60","1","1"
"2015","10","040101","AREQUIPA","AREQUIPA","AREQUIPA","PRIVADO","II-E","00013722","CLINICA AREQUIPA S.A.","39","52","36","197","0","1","56","2","1","1","0","0","3","60","1","1"
"2015","12","130101","LA LIBERTAD","TRUJILLO","TRUJILLO","PRIVADO","II-1","00013373","CLINICA PERUANO AMERICANA S. A.","180","193","71","217","0","0","23","4","3","1","0","1","2","30","0","0"
"2015","11","130101","LA LIBERTAD","TRUJILLO","TRUJILLO","PRIVADO","II-1","00013373","CLINICA PERUANO AMERICANA S. A.","20","25","71","24","0","0","12","0","2","2","0","0","5","5","3","1"
"2015","10","130101","LA LIBERTAD","TRUJILLO","TRUJILLO","PRIVADO","II-1","00013373","CLINICA PERUANO AMERICANA S. A.","60","65","71","150","0","0","34","0","3","4","5","4","8","0","6","1"
"2015","12","150136","LIMA","LIMA","SAN MIGUEL","PRIVADO","II-2","00014501","CLINICA SAN GABRIEL S.A.C.","117","211","104","304","0","0","148","10","7","7","26","12","5","261","1","0"
"2015","11","150136","LIMA","LIMA","SAN MIGUEL","PRIVADO","II-2","00014501","CLINICA SAN GABRIEL S.A.C.","117","211","104","304","0","0","148","10","7","7","26","12","5","261","1","0"
"2015","11","150140","LIMA","LIMA","SANTIAGO DE SURCO","PRIVADO","II-2","00015118","CLINICA MAISON DE SANTE DEL ESTE","21","42","37","116","0","0","62","10","3","2","12","9","3","102","1","0"
"2015","10","150140","LIMA","LIMA","SANTIAGO DE SURCO","PRIVADO","II-2","00015118","CLINICA MAISON DE SANTE DEL ESTE","21","42","37","116","0","0","62","10","3","2","12","9","3","102","1","2"
"2015","12","150122","LIMA","LIMA","MIRAFLORES","PRIVADO","II-E","00014361","INSTITUTO DEL CEREBRO Y LA COLUMNA VERTEBRAL","2","4","9","19","0","0","10","0","1","0","3","0","0","6","0","0"
"2015","11","150136","LIMA","LIMA","SAN MIGUEL","SANIDAD DE LA POLICIA NACIONAL DEL PERU","II-E","00014718","UNIDAD EJECUTORA 020:SANIDAD DE LA PNP","9","12","46","27","0","3","37","7","5","3","11","0","3","128","17","2"
"2015","10","150136","LIMA","LIMA","SAN MIGUEL","SANIDAD DE LA POLICIA NACIONAL DEL PERU","II-E","00014718","UNIDAD EJECUTORA 020:SANIDAD DE LA PNP","9","12","46","27","0","3","37","7","5","3","11","0","3","129","17","2"
"2015","09","150136","LIMA","LIMA","SAN MIGUEL","SANIDAD DE LA POLICIA NACIONAL DEL PERU","II-E","00014718","UNIDAD EJECUTORA 020:SANIDAD DE LA PNP","9","12","44","28","0","3","36","7","5","3","3","0","3","128","11","2"
"2015","12","040101","AREQUIPA","AREQUIPA","AREQUIPA","PRIVADO","II-E","00017588","MELO CLINICA DE REPRODUCCION Y GENETICA","03","03","0","3","0","0","4","0","1","0","0","1","0","1","0","1"
"2015","12","230302","TACNA","JORGE BASADRE","ILABAYA","PRIVADO","II-1","00018230","HOSPITAL TOQUEPALA","14","15","31","18","0","0","15","1","0","1","4","0","1","8","0","2"
"2015","12","150133","LIMA","LIMA","SAN JUAN DE MIRAFLORES","PRIVADO","II-2","00018985","CLINICA SANTA MARIA DEL SUR","49","77","58","115","0","0","74","4","2","4","19","6","2","87","8","0"
"2015","12","150131","LIMA","LIMA","SAN ISIDRO","PRIVADO","II-E","00018581","CLINICA PETRAS","2","2","5","3","0","0","0","0","0","0","0","0","0","2","5","0"
"2015","10","150131","LIMA","LIMA","SAN ISIDRO","PRIVADO","II-E","00018581","CLINICA PETRAS","2","2","5","3","0","2","2","0","0","0","0","0","1","0","5","0"
"2015","12","150130","LIMA","LIMA","SAN BORJA","PRIVADO","II-E","00018626","OFTALMICA S.A.","9","15","0","17","0","0","4","0","0","0","0","0","1","19","0","0"
"2015","12","130101","LA LIBERTAD","TRUJILLO","TRUJILLO","PRIVADO","II-1","00019264","SAN FRANCISCO DE TRUJILLO","22","44","8","29","0","0","2","7","1","1","1","0","1","11","2","1"
"2015","10","130101","LA LIBERTAD","TRUJILLO","TRUJILLO","PRIVADO","II-1","00019264","SAN FRANCISCO DE TRUJILLO","07","12","08","27","0","0","02","07","02","01","0","01","01","07","03","01"
"2015","12","180106","MOQUEGUA","MARISCAL NIETO","TORATA","PRIVADO","II-1","00017393","HOSPITAL CUAJONE DE LA SOUTHERN PERU","14","12","46","17","0","0","15","1","0","1","4","0","1","14","0","2"
"2015","11","180106","MOQUEGUA","MARISCAL NIETO","TORATA","PRIVADO","II-1","00017393","HOSPITAL CUAJONE DE LA SOUTHERN PERU","14","12","46","17","0","0","15","1","0","1","4","0","1","12","0","2"
"2015","10","180106","MOQUEGUA","MARISCAL NIETO","TORATA","PRIVADO","II-1","00017393","HOSPITAL CUAJONE DE LA SOUTHERN PERU","14","12","46","16","0","0","15","1","0","1","4","0","1","13","0","2"
"2015","09","180106","MOQUEGUA","MARISCAL NIETO","TORATA","PRIVADO","II-1","00017393","HOSPITAL CUAJONE DE LA SOUTHERN PERU","14","12","46","17","0","0","13","1","0","1","4","0","1","13","0","2"
"2015","08","180106","MOQUEGUA","MARISCAL NIETO","TORATA","PRIVADO","II-1","00017393","HOSPITAL CUAJONE DE LA SOUTHERN PERU","14","11","50","15","0","0","14","1","0","1","4","0","1","13","0","2"
"2015","11","180303","MOQUEGUA","ILO","PACOCHA","PRIVADO","II-1","00017563","HOSPITAL SPCC - ILO","14","17","41","17","0","0","19","1","0","1","4","0","1","10","0","3"
"2015","12","180303","MOQUEGUA","ILO","PACOCHA","PRIVADO","II-1","00017563","HOSPITAL SPCC - ILO","14","16","41","17","0","0","19","1","0","1","4","0","1","10","0","3"
"2015","11","150113","LIMA","LIMA","JESUS MARIA","SANIDAD DEL EJERCITO DEL PERU","III-1","00017024","HOSPITAL  MILITAR LUIS ARIAS SCHEREIBER","118","118","697","231","0","115","505","51","36","3","69","20","17","205","23","4"
"2015","09","150113","LIMA","LIMA","JESUS MARIA","SANIDAD DEL EJERCITO DEL PERU","III-1","00017024","HOSPITAL  MILITAR LUIS ARIAS SCHEREIBER","118","118","697","185","0","115","487","39","36","3","69","19","13","159","376","4"
"2015","08","150113","LIMA","LIMA","JESUS MARIA","SANIDAD DEL EJERCITO DEL PERU","III-1","00017024","HOSPITAL  MILITAR LUIS ARIAS SCHEREIBER","118","118","697","135","0","119","440","9","36","3","70","20","9","132","21","4"
"2015","11","150108","LIMA","LIMA","CHORRILLOS","PRIVADO","II-E","00019839","CLINICA SANTA LEONOR","3","6","8","10","0","0","1","0","0","1","0","5","0","7","0","0"
"2015","12","150108","LIMA","LIMA","CHORRILLOS","PRIVADO","II-E","00019839","CLINICA SANTA LEONOR","3","6","8","9","0","0","1","0","0","1","0","5","0","7","0","0"
"2015","12","110101","ICA","ICA","ICA","ESSALUD","II-2","00016374","AUGUSTO HERNANDEZ MENDOZA","22","29","154","136","0","46","154","3","0","3","21","10","10","3","7","5"
"2015","11","110101","ICA","ICA","ICA","ESSALUD","II-2","00016374","AUGUSTO HERNANDEZ MENDOZA","22","29","154","136","0","46","154","3","0","3","21","10","10","3","7","4"
"2015","07","110101","ICA","ICA","ICA","ESSALUD","II-2","00016374","AUGUSTO HERNANDEZ MENDOZA","22","29","154","130","0","39","151","3","1","3","21","11","10","8","6","4"
"2015","12","021801","ANCASH","SANTA","CHIMBOTE","PRIVADO","II-1","00015375","CLINICA SAN PEDRO","60","62","16","78","0","0","10","2","1","1","4","2","1","5","3","1"
"2015","11","021801","ANCASH","SANTA","CHIMBOTE","PRIVADO","II-1","00015375","CLINICA SAN PEDRO","20","25","19","24","0","0","14","0","2","2","0","0","5","5","3","1"
"2015","10","021801","ANCASH","SANTA","CHIMBOTE","PRIVADO","II-1","00015375","CLINICA SAN PEDRO","18","22","19","29","0","0","16","1","1","2","1","2","1","0","3","1"
"2015","07","200104","PIURA","PIURA","CASTILLA","ESSALUD","0","00016363","INSTITUTO PERUANO DE OFTALMOLOGIA","5","6","6","14","0","6","12","0","0","0","0","0","1","9","4","0"
"2015","08","200104","PIURA","PIURA","CASTILLA","ESSALUD","0","00016363","INSTITUTO PERUANO DE OFTALMOLOGIA","5","7","6","13","0","6","12","0","0","0","0","0","1","8","4","0"
"2015","09","200104","PIURA","PIURA","CASTILLA","ESSALUD","0","00016363","INSTITUTO PERUANO DE OFTALMOLOGIA","5","7","6","17","0","6","11","0","0","0","0","0","1","8","4","0"
"2015","06","200104","PIURA","PIURA","CASTILLA","ESSALUD","0","00016363","INSTITUTO PERUANO DE OFTALMOLOGIA","5","7","6","22","0","6","12","0","0","0","0","0","1","8","4","0"
"2015","12","200104","PIURA","PIURA","CASTILLA","ESSALUD","0","00016363","INSTITUTO PERUANO DE OFTALMOLOGIA","5","6","6","20","0","6","12","0","0","0","0","0","1","7","4","0"
"2015","11","200104","PIURA","PIURA","CASTILLA","ESSALUD","0","00016363","INSTITUTO PERUANO DE OFTALMOLOGIA","5","8","6","20","0","6","11","0","0","0","0","0","1","8","4","0"
"2015","10","200104","PIURA","PIURA","CASTILLA","ESSALUD","0","00016363","INSTITUTO PERUANO DE OFTALMOLOGIA","5","7","6","22","0","6","11","0","0","0","0","0","1","7","4","0"
"2015","12","200104","PIURA","PIURA","CASTILLA","ESSALUD","III-1","00015230","HOSPITAL III JOSE CAYETANO HEREDIA","29","45","191","133","0","32","144","2","3","5","6","16","6","109","183","2"
"2015","11","200104","PIURA","PIURA","CASTILLA","ESSALUD","III-1","00015230","HOSPITAL III JOSE CAYETANO HEREDIA","29","45","191","125","0","36","144","2","4","6","7","17","6","105","183","2"
"2015","09","200104","PIURA","PIURA","CASTILLA","ESSALUD","III-1","00015230","HOSPITAL III JOSE CAYETANO HEREDIA","29","48","191","127","0","32","137","2","4","4","10","16","5","120","177","2"
"2015","07","200104","PIURA","PIURA","CASTILLA","ESSALUD","III-1","00015230","HOSPITAL III JOSE CAYETANO HEREDIA","29","43","209","161","1","38","154","2","4","6","9","18","6","128","172","2"
"2015","10","200104","PIURA","PIURA","CASTILLA","ESSALUD","III-1","00015230","HOSPITAL III JOSE CAYETANO HEREDIA","29","41","187","130","0","36","143","2","4","6","9","16","5","109","183","2"
"2015","08","200104","PIURA","PIURA","CASTILLA","ESSALUD","III-1","00015230","HOSPITAL III JOSE CAYETANO HEREDIA","29","46","208","137","0","36","140","1","3","5","8","17","5","120","158","2"
"2015","04","200104","PIURA","PIURA","CASTILLA","ESSALUD","III-1","00015230","HOSPITAL III JOSE CAYETANO HEREDIA","29","46","209","166","0","34","156","2","4","6","10","17","6","128","171","2"
"2015","05","200104","PIURA","PIURA","CASTILLA","ESSALUD","III-1","00015230","HOSPITAL III JOSE CAYETANO HEREDIA","29","46","212","165","0","31","153","2","4","6","10","18","6","128","171","2"
"2015","06","200104","PIURA","PIURA","CASTILLA","ESSALUD","III-1","00015230","HOSPITAL III JOSE CAYETANO HEREDIA","29","41","212","148","0","31","151","2","4","6","9","18","6","129","188","2"
"2015","12","040103","AREQUIPA","AREQUIPA","CAYMA","PRIVADO","II-1","00015730","CLINICA SAN JUAN DE DIOS","28","74","101","229","0","3","59","5","7","3","19","3","3","143","7","2"
"2015","11","040103","AREQUIPA","AREQUIPA","CAYMA","PRIVADO","II-1","00015730","CLINICA SAN JUAN DE DIOS","28","56","100","224","0","3","51","5","4","6","19","3","2","143","7","2"
"2015","10","040103","AREQUIPA","AREQUIPA","CAYMA","PRIVADO","II-1","00015730","CLINICA SAN JUAN DE DIOS","28","56","100","224","0","3","51","5","4","6","19","3","2","143","7","2"
"2015","12","150116","LIMA","LIMA","LINCE","PRIVADO","II-E","00015684","CLINICA GONZALEZ S.A.","38","38","23","86","0","0","18","5","2","1","2","5","1","23","3","1"
"2015","12","021801","ANCASH","SANTA","CHIMBOTE","PRIVADO","0","00015996","CENTRO DE DIALISIS DEL SANTA - CEDISAN","2","2","0","4","0","0","5","0","1","1","0","0","0","7","3","0"
"2015","12","150130","LIMA","LIMA","SAN BORJA","MINSA","III-2","00016918","INSTITUTO NACIONAL DE SALUD NIÑO SAN BORJA","47","35","253","208","0","0","336","1","4","22","40","0","22","234","26","2"
"2015","11","150130","LIMA","LIMA","SAN BORJA","MINSA","III-2","00016918","INSTITUTO NACIONAL DE SALUD NIÑO SAN BORJA","47","25","253","208","0","0","336","1","4","22","40","0","22","234","26","2"
"2015","08","150130","LIMA","LIMA","SAN BORJA","MINSA","III-2","00016918","INSTITUTO NACIONAL DE SALUD NIÑO SAN BORJA","47","22","253","188","0","0","351","1","3","37","32","0","23","210","14","2"
"2015","07","150130","LIMA","LIMA","SAN BORJA","MINSA","III-2","00016918","INSTITUTO NACIONAL DE SALUD NIÑO SAN BORJA","47","22","253","186","0","0","344","1","5","38","47","0","16","227","137","2"
"2015","06","150130","LIMA","LIMA","SAN BORJA","MINSA","III-2","00016918","INSTITUTO NACIONAL DE SALUD NIÑO SAN BORJA","47","22","253","156","0","0","307","1","2","34","45","0","16","133","135","2"
"2015","05","150130","LIMA","LIMA","SAN BORJA","MINSA","III-2","00016918","INSTITUTO NACIONAL DE SALUD NIÑO SAN BORJA","47","22","253","174","0","0","264","1","4","34","46","0","15","184","134","2"
"2015","09","150130","LIMA","LIMA","SAN BORJA","MINSA","III-2","00016918","INSTITUTO NACIONAL DE SALUD NIÑO SAN BORJA","47","25","253","217","0","0","349","1","4","19","42","0","25","253","26","2"
"2015","10","150130","LIMA","LIMA","SAN BORJA","MINSA","III-2","00016918","INSTITUTO NACIONAL DE SALUD NIÑO SAN BORJA","47","25","253","206","0","0","336","1","4","22","40","0","22","236","26","2"
"2015","12","180301","MOQUEGUA","ILO","ILO","ESSALUD","II-1","00016153","HOSPITAL II ILO","18","21","21","47","0","0","38","5","1","1","6","8","2","5","47","5"
"2015","11","180301","MOQUEGUA","ILO","ILO","ESSALUD","II-1","00016153","HOSPITAL II ILO","18","21","21","47","0","0","38","5","1","1","6","8","2","5","46","5"
"2015","09","180301","MOQUEGUA","ILO","ILO","ESSALUD","II-1","00016153","HOSPITAL II ILO","18","23","25","42","0","0","37","5","1","1","6","7","2","5","46","5"
"2015","10","180301","MOQUEGUA","ILO","ILO","ESSALUD","II-1","00016153","HOSPITAL II ILO","18","21","21","49","0","0","37","5","1","1","6","8","2","5","46","5"
"2015","12","180101","MOQUEGUA","MARISCAL NIETO","MOQUEGUA","ESSALUD","II-1","00016157","HOSPITAL II MOQUEGUA","13","27","34","57","0","0","42","6","2","2","8","12","4","80","65","4"
"2015","11","180101","MOQUEGUA","MARISCAL NIETO","MOQUEGUA","ESSALUD","II-1","00016157","HOSPITAL II MOQUEGUA","13","27","30","55","0","0","42","6","2","2","7","12","4","80","65","4"
"2015","09","180101","MOQUEGUA","MARISCAL NIETO","MOQUEGUA","ESSALUD","II-1","00016157","HOSPITAL II MOQUEGUA","13","27","31","53","0","0","42","6","2","2","6","12","4","80","65","3"
"2015","10","180101","MOQUEGUA","MARISCAL NIETO","MOQUEGUA","ESSALUD","II-1","00016157","HOSPITAL II MOQUEGUA","13","27","31","55","0","0","42","6","2","2","7","12","4","80","65","4"
"2015","11","150113","LIMA","LIMA","JESUS MARIA","ESSALUD","III-E","00018011","INCOR","9","15","95","127","0","42","201","2","4","6","23","0","6","131","2","0"
"2015","12","150113","LIMA","LIMA","JESUS MARIA","ESSALUD","III-E","00018011","INCOR","9","15","94","127","0","42","201","2","4","6","23","0","5","133","2","0"
"2015","08","150113","LIMA","LIMA","JESUS MARIA","ESSALUD","III-E","00018011","INCOR","9","15","95","116","0","42","200","2","3","6","23","0","5","130","2","0"
"2015","10","150113","LIMA","LIMA","JESUS MARIA","ESSALUD","III-E","00018011","INCOR","9","15","95","121","0","42","200","2","4","6","23","0","6","130","2","0"
"2015","09","150113","LIMA","LIMA","JESUS MARIA","ESSALUD","III-E","00018011","INCOR","9","15","94","122","0","42","200","2","4","6","23","0","6","130","2","0"
"2015","07","150113","LIMA","LIMA","JESUS MARIA","ESSALUD","III-E","00018011","INCOR","6","9","97","111","0","26","202","2","3","6","26","0","4","1","2","0"
"2015","12","040701","AREQUIPA","ISLAY","MOLLENDO","ESSALUD","II-1","00013295","HOSPITAL II MANUEL DE TORRES MUÑOZ -  MOLLENDO","13","14","40","33","0","0","34","4","1","1","0","4","1","109","4","2"
"2015","11","040701","AREQUIPA","ISLAY","MOLLENDO","ESSALUD","II-1","00013295","HOSPITAL II MANUEL DE TORRES MUÑOZ -  MOLLENDO","13","13","40","32","0","0","34","4","1","1","0","4","1","109","4","2"
"2015","10","040701","AREQUIPA","ISLAY","MOLLENDO","ESSALUD","II-1","00013295","HOSPITAL II MANUEL DE TORRES MUÑOZ -  MOLLENDO","13","13","40","34","0","0","34","4","1","1","0","4","1","109","4","2"
"2015","01","150130","LIMA","LIMA","SAN BORJA","PRIVADO","II-E","00013383","CLINICA SANTA ISABEL","15","64","30","44","0","0","43","0","0","1","2","24","2","64","1","0"
"2015","10","150130","LIMA","LIMA","SAN BORJA","PRIVADO","II-E","00013383","CLINICA SANTA ISABEL","15","88","29","45","0","0","39","0","0","1","2","20","3","75","1","0"
"2015","11","150130","LIMA","LIMA","SAN BORJA","PRIVADO","II-E","00013383","CLINICA SANTA ISABEL","15","79","29","45","0","0","39","0","0","1","2","20","3","75","1","0"
"2015","12","150130","LIMA","LIMA","SAN BORJA","PRIVADO","II-E","00013383","CLINICA SANTA ISABEL","15","78","29","44","0","0","39","0","0","1","2","20","3","76","1","0"
"2015","09","150130","LIMA","LIMA","SAN BORJA","PRIVADO","II-E","00013383","CLINICA SANTA ISABEL","15","74","29","45","0","0","39","0","0","1","2","20","3","75","1","0"
"2015","08","150130","LIMA","LIMA","SAN BORJA","PRIVADO","II-E","00013383","CLINICA SANTA ISABEL","15","74","29","45","0","0","39","0","0","1","2","20","3","73","1","0"
"2015","12","060101","CAJAMARCA","CAJAMARCA","CAJAMARCA","PRIVADO","II-1","00009591","CLINICA LIMATAMBO CAJAMARCA S.A.C.","30","25","26","12","0","0","17","1","1","1","3","2","2","28","0","2"
"2015","12","150105","LIMA","LIMA","BREÑA","MINSA","III-2","00006216","INSTITUTO NACIONAL DE SALUD DEL NIÑO","86","103","383","482","0","108","563","31","16","14","151","3","24","94","35","4"
"2015","10","150105","LIMA","LIMA","BREÑA","MINSA","III-2","00006216","INSTITUTO NACIONAL DE SALUD DEL NIÑO","86","103","379","471","0","106","534","31","16","14","136","3","23","80","35","4"
"2015","09","150105","LIMA","LIMA","BREÑA","MINSA","III-2","00006216","INSTITUTO NACIONAL DE SALUD DEL NIÑO","86","103","379","468","0","108","534","31","16","14","136","3","24","80","35","4"
"2015","08","150105","LIMA","LIMA","BREÑA","MINSA","III-2","00006216","INSTITUTO NACIONAL DE SALUD DEL NIÑO","86","103","379","473","0","110","553","31","16","14","133","3","24","81","35","4"
"2015","07","150105","LIMA","LIMA","BREÑA","MINSA","III-2","00006216","INSTITUTO NACIONAL DE SALUD DEL NIÑO","86","103","379","525","0","159","553","31","16","14","138","3","24","81","34","4"
"2015","06","150105","LIMA","LIMA","BREÑA","MINSA","III-2","00006216","INSTITUTO NACIONAL DE SALUD DEL NIÑO","86","103","379","533","0","159","555","31","16","14","138","3","24","71","34","4"
"2015","05","150105","LIMA","LIMA","BREÑA","MINSA","III-2","00006216","INSTITUTO NACIONAL DE SALUD DEL NIÑO","86","103","379","535","0","159","556","31","16","14","138","3","24","81","35","4"
"2015","12","130704","LA LIBERTAD","PACASMAYO","PACASMAYO","GOBIERNO REGIONAL","II-1","00005296","DISTRITAL DE PACASMAYO","17","17","16","7","0","0","11","2","1","1","0","10","1","32","2","1"
"2015","12","130101","LA LIBERTAD","TRUJILLO","TRUJILLO","GOBIERNO REGIONAL","III-1","00005196","REGIONAL DOCENTE DE TRUJILLO","59","65","261","273","0","143","206","3","7","14","9","14","12","122","26","2"
"2015","11","130101","LA LIBERTAD","TRUJILLO","TRUJILLO","GOBIERNO REGIONAL","III-1","00005196","REGIONAL DOCENTE DE TRUJILLO","59","65","261","273","0","143","220","3","7","14","9","15","12","122","26","2"
"2015","10","130101","LA LIBERTAD","TRUJILLO","TRUJILLO","GOBIERNO REGIONAL","III-1","00005196","REGIONAL DOCENTE DE TRUJILLO","59","65","263","272","0","146","185","3","6","13","9","16","12","121","26","2"
"2015","08","130101","LA LIBERTAD","TRUJILLO","TRUJILLO","GOBIERNO REGIONAL","III-1","00005196","REGIONAL DOCENTE DE TRUJILLO","59","65","264","266","0","146","194","3","7","14","9","14","13","115","28","2"
"2015","09","130101","LA LIBERTAD","TRUJILLO","TRUJILLO","GOBIERNO REGIONAL","III-1","00005196","REGIONAL DOCENTE DE TRUJILLO","59","65","266","276","0","144","199","3","7","14","10","14","12","119","27","2"
"2015","07","130101","LA LIBERTAD","TRUJILLO","TRUJILLO","GOBIERNO REGIONAL","III-1","00005196","REGIONAL DOCENTE DE TRUJILLO","59","65","264","289","0","146","215","3","7","14","13","16","13","125","28","2"
"2015","06","130101","LA LIBERTAD","TRUJILLO","TRUJILLO","GOBIERNO REGIONAL","III-1","00005196","REGIONAL DOCENTE DE TRUJILLO","59","65","265","267","0","122","197","3","5","14","12","16","13","108","25","2"
"2015","05","130101","LA LIBERTAD","TRUJILLO","TRUJILLO","GOBIERNO REGIONAL","III-1","00005196","REGIONAL DOCENTE DE TRUJILLO","59","65","259","267","0","122","197","3","5","14","12","16","13","108","25","2"
"2015","04","130101","LA LIBERTAD","TRUJILLO","TRUJILLO","GOBIERNO REGIONAL","III-1","00005196","REGIONAL DOCENTE DE TRUJILLO","59","65","259","194","0","55","194","3","5","14","12","16","13","108","25","2"
"2015","09","150113","LIMA","LIMA","JESUS MARIA","PRIVADO","II-E","00009089","ONCOGYN CLINICA INTEGRAL","0","0","5","2","0","0","1","0","0","0","0","0","1","1","0","0"
"2015","11","150113","LIMA","LIMA","JESUS MARIA","PRIVADO","II-E","00009089","ONCOGYN CLINICA INTEGRAL","0","0","5","2","0","0","1","0","0","0","0","0","1","1","0","0"
"2015","05","150113","LIMA","LIMA","JESUS MARIA","PRIVADO","II-E","00009089","ONCOGYN CLINICA INTEGRAL","0","0","5","2","0","0","1","0","0","0","0","0","1","1","0","0"
"2015","04","150113","LIMA","LIMA","JESUS MARIA","PRIVADO","II-E","00009089","ONCOGYN CLINICA INTEGRAL","0","0","5","2","0","0","1","0","0","0","0","0","1","1","0","0"
"2015","10","150113","LIMA","LIMA","JESUS MARIA","PRIVADO","II-E","00009089","ONCOGYN CLINICA INTEGRAL","0","0","5","2","0","0","1","0","0","0","0","0","1","1","0","0"
"2015","06","150113","LIMA","LIMA","JESUS MARIA","PRIVADO","II-E","00009089","ONCOGYN CLINICA INTEGRAL","0","0","5","2","0","0","1","0","0","0","0","0","1","1","0","0"
"2015","12","150113","LIMA","LIMA","JESUS MARIA","PRIVADO","II-E","00009089","ONCOGYN CLINICA INTEGRAL","0","0","5","2","0","0","1","0","0","0","0","0","1","1","0","0"
"2015","01","150113","LIMA","LIMA","JESUS MARIA","PRIVADO","II-E","00009089","ONCOGYN CLINICA INTEGRAL","0","0","5","2","0","0","1","0","0","0","0","0","1","1","0","0"
"2015","03","150113","LIMA","LIMA","JESUS MARIA","PRIVADO","II-E","00009089","ONCOGYN CLINICA INTEGRAL","0","0","5","2","0","0","1","0","0","0","0","0","1","2","0","0"
"2015","07","150113","LIMA","LIMA","JESUS MARIA","PRIVADO","II-E","00009089","ONCOGYN CLINICA INTEGRAL","0","0","5","2","0","0","1","0","0","0","0","0","1","1","0","0"
"2015","08","150113","LIMA","LIMA","JESUS MARIA","PRIVADO","II-E","00009089","ONCOGYN CLINICA INTEGRAL","0","0","5","2","0","0","1","0","0","0","0","0","1","1","0","0"
"2015","02","150113","LIMA","LIMA","JESUS MARIA","PRIVADO","II-E","00009089","ONCOGYN CLINICA INTEGRAL","0","0","5","2","0","0","1","0","0","0","0","0","1","1","0","0"
"2015","12","150135","LIMA","LIMA","SAN MARTIN DE PORRES","MINSA","III-2","00007733","INSTITUTO NACIONAL DE SALUD MENTAL ""HONORIO DELGADO - HIDEYO NOGUCHI""","37","45","104","91","0","42","59","0","33","2","14","0","3","137","9","2"
"2015","11","150135","LIMA","LIMA","SAN MARTIN DE PORRES","MINSA","III-2","00007733","INSTITUTO NACIONAL DE SALUD MENTAL ""HONORIO DELGADO - HIDEYO NOGUCHI""","37","44","104","92","0","42","59","0","31","2","14","0","3","137","10","2"
"2015","10","150135","LIMA","LIMA","SAN MARTIN DE PORRES","MINSA","III-2","00007733","INSTITUTO NACIONAL DE SALUD MENTAL ""HONORIO DELGADO - HIDEYO NOGUCHI""","37","47","104","95","0","42","53","0","31","2","14","0","3","137","10","2"
"2015","08","150135","LIMA","LIMA","SAN MARTIN DE PORRES","MINSA","III-2","00007733","INSTITUTO NACIONAL DE SALUD MENTAL ""HONORIO DELGADO - HIDEYO NOGUCHI""","34","45","104","95","0","42","67","0","34","2","10","1","2","137","13","1"
"2015","09","150135","LIMA","LIMA","SAN MARTIN DE PORRES","MINSA","III-2","00007733","INSTITUTO NACIONAL DE SALUD MENTAL ""HONORIO DELGADO - HIDEYO NOGUCHI""","37","47","104","95","0","42","67","0","32","2","14","1","2","137","9","1"
"2015","07","150135","LIMA","LIMA","SAN MARTIN DE PORRES","MINSA","III-2","00007733","INSTITUTO NACIONAL DE SALUD MENTAL ""HONORIO DELGADO - HIDEYO NOGUCHI""","34","44","104","86","0","42","59","0","32","2","10","1","2","125","13","1"
"2015","04","150135","LIMA","LIMA","SAN MARTIN DE PORRES","MINSA","III-2","00007733","INSTITUTO NACIONAL DE SALUD MENTAL ""HONORIO DELGADO - HIDEYO NOGUCHI""","34","33","96","73","0","40","59","0","21","1","10","1","2","125","13","1"
"2015","06","150135","LIMA","LIMA","SAN MARTIN DE PORRES","MINSA","III-2","00007733","INSTITUTO NACIONAL DE SALUD MENTAL ""HONORIO DELGADO - HIDEYO NOGUCHI""","34","40","96","80","0","40","59","0","27","2","10","1","2","125","15","1"
"2015","05","150135","LIMA","LIMA","SAN MARTIN DE PORRES","MINSA","III-2","00007733","INSTITUTO NACIONAL DE SALUD MENTAL ""HONORIO DELGADO - HIDEYO NOGUCHI""","34","34","96","74","0","40","59","0","21","1","10","1","2","125","13","1"
"2015","03","150135","LIMA","LIMA","SAN MARTIN DE PORRES","MINSA","III-2","00007733","INSTITUTO NACIONAL DE SALUD MENTAL ""HONORIO DELGADO - HIDEYO NOGUCHI""","34","37","96","77","0","40","59","0","21","1","10","1","2","123","13","1"
"2015","11","040126","AREQUIPA","AREQUIPA","YANAHUARA","ESSALUD","II-1","00013291","HOSPITAL III YANAHUARA","46","74","167","197","1","45","188","14","2","9","16","28","4","216","9","2"
"2015","12","040126","AREQUIPA","AREQUIPA","YANAHUARA","ESSALUD","II-1","00013291","HOSPITAL III YANAHUARA","46","74","167","195","1","45","188","13","2","9","16","28","4","218","9","2"
"2015","08","040126","AREQUIPA","AREQUIPA","YANAHUARA","ESSALUD","II-1","00013291","HOSPITAL III YANAHUARA","46","74","167","195","1","45","186","14","2","9","15","28","4","195","9","2"
"2015","10","040126","AREQUIPA","AREQUIPA","YANAHUARA","ESSALUD","II-1","00013291","HOSPITAL III YANAHUARA","46","74","167","197","1","45","188","14","2","9","15","28","4","197","9","2"
"2015","09","040126","AREQUIPA","AREQUIPA","YANAHUARA","ESSALUD","II-1","00013291","HOSPITAL III YANAHUARA","46","74","167","195","1","45","186","14","2","9","15","28","4","194","9","2"
"2015","07","040126","AREQUIPA","AREQUIPA","YANAHUARA","ESSALUD","II-1","00013291","HOSPITAL III YANAHUARA","46","75","167","194","1","45","186","14","2","9","15","28","4","195","9","2"
"2015","06","040126","AREQUIPA","AREQUIPA","YANAHUARA","ESSALUD","II-1","00013291","HOSPITAL III YANAHUARA","46","75","167","197","1","30","185","14","2","9","15","28","3","194","9","2"
"2015","12","130101","LA LIBERTAD","TRUJILLO","TRUJILLO","GOBIERNO REGIONAL","II-1","00005204","HOSPITAL DE ESPECIALIDADES BASICAS LA NORIA","10","24","25","27","0","2","15","4","2","3","2","14","5","34","20","1"
"2015","07","030101","APURIMAC","ABANCAY","ABANCAY","ESSALUD","II-1","00011213","SEGURO SOCIAL DE SALUD - ESSALUD","37","43","43","43","0","0","54","9","3","2","14","8","5","7","16","0"
"2015","10","030101","APURIMAC","ABANCAY","ABANCAY","ESSALUD","II-1","00011213","SEGURO SOCIAL DE SALUD - ESSALUD","35","45","40","53","0","0","70","9","3","4","15","10","6","0","19","0"
"2015","09","150113","LIMA","LIMA","JESUS MARIA","SANIDAD DE LA POLICIA NACIONAL DEL PERU","III-1","00013591","HOSPITAL NACIONAL POLICIA NACIONAL DEL PERU GRAL PNP LUIS N. SAENZ.","150","157","488","558","0","203","394","54","24","9","99","53","23","900","69","8"
"2015","12","150113","LIMA","LIMA","JESUS MARIA","SANIDAD DE LA POLICIA NACIONAL DEL PERU","III-1","00013591","HOSPITAL NACIONAL POLICIA NACIONAL DEL PERU GRAL PNP LUIS N. SAENZ.","150","157","489","552","0","229","391","38","25","12","98","52","25","866","26","06"
"2015","10","150113","LIMA","LIMA","JESUS MARIA","SANIDAD DE LA POLICIA NACIONAL DEL PERU","III-1","00013591","HOSPITAL NACIONAL POLICIA NACIONAL DEL PERU GRAL PNP LUIS N. SAENZ.","150","157","490","556","0","228","394","54","25","12","98","54","23","899","83","6"
"2015","11","150113","LIMA","LIMA","JESUS MARIA","SANIDAD DE LA POLICIA NACIONAL DEL PERU","III-1","00013591","HOSPITAL NACIONAL POLICIA NACIONAL DEL PERU GRAL PNP LUIS N. SAENZ.","150","157","490","555","0","229","392","38","26","12","99","52","25","925","7","6"
"2015","08","150113","LIMA","LIMA","JESUS MARIA","SANIDAD DE LA POLICIA NACIONAL DEL PERU","III-1","00013591","HOSPITAL NACIONAL POLICIA NACIONAL DEL PERU GRAL PNP LUIS N. SAENZ.","150","157","489","426","0","318","394","27","23","8","38","46","24","978","48","10"
"2015","12","100102","HUANUCO","HUANUCO","AMARILIS","ESSALUD","II-2","00010571","HOSPITAL II HUANUCO","20","27","71","94","0","0","94","5","6","4","14","14","2","9","22","4"
"2015","11","100102","HUANUCO","HUANUCO","AMARILIS","ESSALUD","II-2","00010571","HOSPITAL II HUANUCO","20","27","77","104","0","0","87","5","6","2","14","14","2","9","22","4"
"2015","10","100102","HUANUCO","HUANUCO","AMARILIS","ESSALUD","II-2","00010571","HOSPITAL II HUANUCO","20","26","69","100","0","0","92","5","6","2","14","15","2","9","22","4"
"2015","09","100102","HUANUCO","HUANUCO","AMARILIS","ESSALUD","II-2","00010571","HOSPITAL II HUANUCO","20","26","66","99","0","0","86","5","6","4","7","14","2","9","22","4"
"2015","08","100102","HUANUCO","HUANUCO","AMARILIS","ESSALUD","II-2","00010571","HOSPITAL II HUANUCO","20","25","64","99","0","0","86","5","6","4","7","14","2","9","22","4"
"2015","06","100102","HUANUCO","HUANUCO","AMARILIS","ESSALUD","II-2","00010571","HOSPITAL II HUANUCO","20","24","64","84","0","0","86","5","6","2","15","15","2","9","22","4"
"2015","07","100102","HUANUCO","HUANUCO","AMARILIS","ESSALUD","II-2","00010571","HOSPITAL II HUANUCO","20","24","64","84","0","0","75","5","6","2","15","14","2","9","22","4"
"2015","07","070102","CALLAO","CALLAO","BELLAVISTA","ESSALUD","III-1","00008265","HOSPITAL NACIONAL ALBERTO SABOGAL SOLOGUREN DE LA RED ASISTENCIAL SABOGAL","61","82","489","718","0","201","510","9","11","16","100","30","14","852","61","5"
"2015","12","070102","CALLAO","CALLAO","BELLAVISTA","ESSALUD","III-1","00008265","HOSPITAL NACIONAL ALBERTO SABOGAL SOLOGUREN DE LA RED ASISTENCIAL SABOGAL","61","88","488","766","0","256","531","8","11","17","99","30","19","886","48","5"
"2015","08","070102","CALLAO","CALLAO","BELLAVISTA","ESSALUD","III-1","00008265","HOSPITAL NACIONAL ALBERTO SABOGAL SOLOGUREN DE LA RED ASISTENCIAL SABOGAL","61","87","488","718","0","201","510","7","11","16","100","30","14","852","61","5"
"2015","11","070102","CALLAO","CALLAO","BELLAVISTA","ESSALUD","III-1","00008265","HOSPITAL NACIONAL ALBERTO SABOGAL SOLOGUREN DE LA RED ASISTENCIAL SABOGAL","61","88","487","766","0","256","531","8","11","17","99","30","19","886","48","5"
"2015","09","070102","CALLAO","CALLAO","BELLAVISTA","ESSALUD","III-1","00008265","HOSPITAL NACIONAL ALBERTO SABOGAL SOLOGUREN DE LA RED ASISTENCIAL SABOGAL","61","86","489","764","0","256","529","8","11","16","99","30","17","864","65","5"
"2015","10","070102","CALLAO","CALLAO","BELLAVISTA","ESSALUD","III-1","00008265","HOSPITAL NACIONAL ALBERTO SABOGAL SOLOGUREN DE LA RED ASISTENCIAL SABOGAL","61","87","488","766","0","256","531","8","11","17","99","31","19","886","48","5"
"2015","06","070102","CALLAO","CALLAO","BELLAVISTA","ESSALUD","III-1","00008265","HOSPITAL NACIONAL ALBERTO SABOGAL SOLOGUREN DE LA RED ASISTENCIAL SABOGAL","61","81","407","718","0","201","510","7","11","16","100","30","14","852","61","0"
"2015","12","100601","HUANUCO","LEONCIO PRADO","RUPA-RUPA","ESSALUD","II-1","00009180","HOSPITAL I TINGO MARIA","10","14","23","24","0","0","29","4","1","1","8","7","1","0","1","3"
"2015","12","200104","PIURA","PIURA","CASTILLA","PRIVADO","II-1","00013494","AUNA CLINICA MIRAFLORES","25","30","36","57","0","0","22","1","1","1","2","0","2","31","0","0"
