anio,mes,ubigeo,departamento,provincia,distrito,sector,categoria_ipress,codigo_ipress,nombre_ipress,id_hospitalizacion,servicio_hospitalizacion,total_ingresos,total_egresos,total_estancias,total_pacientes_camas,total_camas,total_camas_disponibles,total_fallecidos,dias_mes,promedio_estancia,tasa_fallecidos,ratio_camas_disponibles,ocupacion_estimada,presion_ingresos_camas,rotacion_camas,diferencia_ingresos_egresos,nivel_riesgo,nivel_riesgo_codificado
2015,1,150101,LIMA,LIMA,LIMA,MINSA,III-1,00006207,NACIONAL ARZOBISPO LOAYZA,240100,HOSPITALIZACIÓN QUIRÚRGICA CIRUGÍA GENERAL,402,353,3696,2895,120,3720,8,31,10.470254957507082,0.0226628895184136,31.0,0.7782258064516129,0.10806451612903226,2.941666666666667,49,medio,1
2015,1,150101,LIMA,LIMA,LIMA,MINSA,III-1,00006207,NACIONAL ARZOBISPO LOAYZA,240200,HOSPITALIZACIÓN QUIRÚRGICA CIRUGÍA DE CABEZA Y CUELLO / MÁXILO FACIAL,33,31,285,346,15,465,0,31,9.193548387096774,0.0,31.0,0.7440860215053764,0.07096774193548387,2.066666666666667,2,medio,1
2015,1,150101,LIMA,LIMA,LIMA,MINSA,III-1,00006207,NACIONAL ARZOBISPO LOAYZA,240800,HOSPITALIZACIÓN QUIRÚRGICA CIRUGÍA PLÁSTICA/RECONSTRUCTIVA/ REPARADORA,23,23,511,547,23,713,2,31,22.217391304347824,0.08695652173913043,31.0,0.7671809256661991,0.03225806451612903,1.0,0,medio,1
2015,1,150101,LIMA,LIMA,LIMA,MINSA,III-1,00006207,NACIONAL ARZOBISPO LOAYZA,240900,HOSPITALIZACIÓN QUIRÚRGICA NEUROCIRUGÍA,34,28,396,451,15,465,1,31,14.142857142857142,0.03571428571428571,31.0,0.9698924731182795,0.07311827956989247,1.8666666666666667,6,alto,2
2015,1,150101,LIMA,LIMA,LIMA,MINSA,III-1,00006207,NACIONAL ARZOBISPO LOAYZA,241200,HOSPITALIZACIÓN QUIRÚRGICA TRAUMATOLOGÍA Y ORTOPEDIA,56,59,981,569,30,930,0,31,16.627118644067796,0.0,31.0,0.6118279569892473,0.060215053763440864,1.9666666666666666,-3,bajo,0
2015,1,150101,LIMA,LIMA,LIMA,MINSA,III-1,00006207,NACIONAL ARZOBISPO LOAYZA,241300,HOSPITALIZACIÓN QUIRÚRGICA UROLOGÍA,92,67,533,783,32,992,0,31,7.955223880597015,0.0,31.0,0.7893145161290323,0.09274193548387097,2.09375,25,medio,1
2015,1,150101,LIMA,LIMA,LIMA,MINSA,III-1,00006207,NACIONAL ARZOBISPO LOAYZA,241500,HOSPITALIZACIÓN QUIRÚRGICA GINECOLOGÍA,169,140,889,1088,53,1643,0,31,6.35,0.0,31.0,0.6622032866707243,0.10286062081558126,2.641509433962264,29,medio,1
2015,1,150101,LIMA,LIMA,LIMA,MINSA,III-1,00006207,NACIONAL ARZOBISPO LOAYZA,241600,HOSPITALIZACIÓN QUIRÚRGICA OBSTETRICIA,409,410,1548,977,79,2449,0,31,3.7756097560975608,0.0,31.0,0.39893834218048185,0.16700694160881993,5.189873417721519,-1,alto,2
2015,1,150101,LIMA,LIMA,LIMA,MINSA,III-1,00006207,NACIONAL ARZOBISPO LOAYZA,241700,HOSPITALIZACIÓN QUIRÚRGICA GINECOLOGÍA GINECOLOGIA ONCOLOGICA,25,23,150,155,8,248,0,31,6.521739130434782,0.0,31.0,0.625,0.10080645161290322,2.875,2,medio,1
2015,1,150101,LIMA,LIMA,LIMA,MINSA,III-1,00006207,NACIONAL ARZOBISPO LOAYZA,241800,HOSPITALIZACIÓN DE MEDICINA MEDICINA GENERAL,25,23,156,145,6,186,1,31,6.782608695652174,0.043478260869565216,31.0,0.7795698924731183,0.13440860215053763,3.8333333333333335,2,alto,2
2015,1,150101,LIMA,LIMA,LIMA,MINSA,III-1,00006207,NACIONAL ARZOBISPO LOAYZA,241900,HOSPITALIZACIÓN DE MEDICINA MEDICINA INTERNA,600,582,7847,7108,253,7843,77,31,13.482817869415808,0.1323024054982818,31.0,0.9062858600025501,0.07650133877342853,2.300395256916996,18,alto,2
2015,1,150101,LIMA,LIMA,LIMA,MINSA,III-1,00006207,NACIONAL ARZOBISPO LOAYZA,242300,HOSPITALIZACIÓN DE PEDIATRÍA PEDIATRÍA GENERAL,82,92,543,131,38,1178,0,31,5.9021739130434785,0.0,31.0,0.11120543293718166,0.06960950764006792,2.4210526315789473,-10,bajo,0
2015,1,150101,LIMA,LIMA,LIMA,MINSA,III-1,00006207,NACIONAL ARZOBISPO LOAYZA,243200,HOSPITALIZACIÓN DE PEDIATRÍA PEDIATRIA NEONATOLOGÍA,305,322,1297,539,76,2356,4,31,4.027950310559007,0.012422360248447204,31.0,0.22877758913412563,0.12945670628183362,4.2368421052631575,-17,alto,2
2015,1,150101,LIMA,LIMA,LIMA,MINSA,III-1,00006207,NACIONAL ARZOBISPO LOAYZA,250100,UNIDAD DE CUIDADOS CRITICOS UNIDAD DE CUIDADOS INTENSIVOS GENERALES (UCI),23,18,227,299,10,310,3,31,12.61111111111111,0.16666666666666666,31.0,0.964516129032258,0.07419354838709677,1.8,5,alto,2
2015,1,150101,LIMA,LIMA,LIMA,MINSA,III-1,00006207,NACIONAL ARZOBISPO LOAYZA,250200,UNIDAD DE CUIDADOS CRITICOS UNIDAD DE CUIDADOS INTERMEDIOS GENERAL (UCIN),21,23,260,179,10,310,5,31,11.304347826086957,0.21739130434782608,31.0,0.5774193548387097,0.06774193548387097,2.3,-2,bajo,0
2015,1,150101,LIMA,LIMA,LIMA,MINSA,III-2,00006209,INSTITUTO NACIONAL DE CIENCIAS NEUROLOGICAS,240900,HOSPITALIZACIÓN QUIRÚRGICA NEUROCIRUGÍA,132,65,1114,1024,36,1116,3,31,17.138461538461538,0.046153846153846156,31.0,0.9175627240143369,0.11827956989247312,1.8055555555555556,67,alto,2
2015,1,150101,LIMA,LIMA,LIMA,MINSA,III-2,00006209,INSTITUTO NACIONAL DE CIENCIAS NEUROLOGICAS,243400,HOSPITALIZACIÓN DE PEDIATRÍA PEDIATRIA NEUROLOGÍA PEDIÁTRICA,23,11,136,312,20,620,0,31,12.363636363636363,0.0,31.0,0.5032258064516129,0.037096774193548385,0.55,12,bajo,0
2015,1,150101,LIMA,LIMA,LIMA,MINSA,III-2,00006209,INSTITUTO NACIONAL DE CIENCIAS NEUROLOGICAS,244800,HOSPITALIZACIÓN-HOSPITALIZACIÓN DE MEDICINA-GERIATRIA,20,13,330,386,20,620,0,31,25.384615384615383,0.0,31.0,0.6225806451612903,0.03225806451612903,0.65,7,bajo,0
2015,1,150101,LIMA,LIMA,LIMA,MINSA,III-2,00006209,INSTITUTO NACIONAL DE CIENCIAS NEUROLOGICAS,244900,HOSPITALIZACIÓN DE MEDICINA NEUROLOGIA NEURODEGENERATIVAS,38,20,557,652,44,1364,1,31,27.85,0.05,31.0,0.4780058651026393,0.02785923753665689,0.45454545454545453,18,bajo,0
2015,1,150101,LIMA,LIMA,LIMA,MINSA,III-2,00006209,INSTITUTO NACIONAL DE CIENCIAS NEUROLOGICAS,245000,HOSPITALIZACIÓN DE MEDICINA NEUROLOGIA NEUROVASCULARES Y METABOLICAS,18,16,262,365,12,372,0,31,16.375,0.0,31.0,0.9811827956989247,0.04838709677419355,1.3333333333333333,2,alto,2
2015,1,150101,LIMA,LIMA,LIMA,MINSA,III-2,00006209,INSTITUTO NACIONAL DE CIENCIAS NEUROLOGICAS,245100,HOSPITALIZACIÓN DE MEDICINA NEUROLOGIA ENFERMEDADES INFECCIOSAS/TRANSMISIBLES DEL SISTEMA NERVIOSO,31,10,359,690,28,868,0,31,35.9,0.0,31.0,0.7949308755760369,0.03571428571428571,0.35714285714285715,21,medio,1
2015,1,150101,LIMA,LIMA,LIMA,MINSA,III-2,00006209,INSTITUTO NACIONAL DE CIENCIAS NEUROLOGICAS,245200,HOSPITALIZACIÓN DE MEDICINA NEUROLOGIA EPILEPSIA/EPILEPTOLOGIA,22,13,171,279,17,527,0,31,13.153846153846153,0.0,31.0,0.5294117647058824,0.04174573055028463,0.7647058823529411,9,bajo,0
2015,1,150101,LIMA,LIMA,LIMA,MINSA,III-2,00006209,INSTITUTO NACIONAL DE CIENCIAS NEUROLOGICAS,250106,UNIDAD DE CUIDADOS CRITICOS UNIDAD DE CUIDADOS INTENSIVOS (UCI) NEUROLÓGICA,8,3,23,122,5,155,2,31,7.666666666666667,0.6666666666666666,31.0,0.7870967741935484,0.05161290322580645,0.6,5,medio,1
2015,1,150103,LIMA,LIMA,ATE,ESSALUD,II-1,00008353,ESSALUD - HOSPITAL II VITARTE,240100,HOSPITALIZACIÓN QUIRÚRGICA CIRUGÍA GENERAL,172,169,366,335,12,372,1,31,2.165680473372781,0.005917159763313609,31.0,0.9005376344086021,0.46236559139784944,14.083333333333334,3,alto,2
2015,1,150103,LIMA,LIMA,ATE,ESSALUD,II-1,00008353,ESSALUD - HOSPITAL II VITARTE,241200,HOSPITALIZACIÓN QUIRÚRGICA TRAUMATOLOGÍA Y ORTOPEDIA,31,36,264,325,12,372,0,31,7.333333333333333,0.0,31.0,0.8736559139784946,0.08333333333333333,3.0,-5,alto,2
2015,1,150103,LIMA,LIMA,ATE,ESSALUD,II-1,00008353,ESSALUD - HOSPITAL II VITARTE,241300,HOSPITALIZACIÓN QUIRÚRGICA UROLOGÍA,5,5,14,14,1,31,0,31,2.8,0.0,31.0,0.45161290322580644,0.16129032258064516,5.0,0,alto,2
2015,1,150103,LIMA,LIMA,ATE,ESSALUD,II-1,00008353,ESSALUD - HOSPITAL II VITARTE,241500,HOSPITALIZACIÓN QUIRÚRGICA GINECOLOGÍA,74,72,174,151,6,186,0,31,2.4166666666666665,0.0,31.0,0.8118279569892473,0.3978494623655914,12.0,2,alto,2
2015,1,150103,LIMA,LIMA,ATE,ESSALUD,II-1,00008353,ESSALUD - HOSPITAL II VITARTE,241900,HOSPITALIZACIÓN DE MEDICINA MEDICINA INTERNA,118,93,742,841,30,841,4,31,7.978494623655914,0.043010752688172046,28.033333333333335,0.9043010752688172,0.1403091557669441,3.1,25,alto,2
2015,1,150103,LIMA,LIMA,ATE,ESSALUD,II-1,00008353,ESSALUD - HOSPITAL II VITARTE,242300,HOSPITALIZACIÓN DE PEDIATRÍA PEDIATRÍA GENERAL,64,68,201,190,7,217,0,31,2.9558823529411766,0.0,31.0,0.8755760368663594,0.29493087557603687,9.714285714285714,-4,alto,2
2015,1,150103,LIMA,LIMA,ATE,ESSALUD,II-1,00008353,ESSALUD - HOSPITAL II VITARTE,250304,HOSPIT. EN UNIDAD DE CUID.INTEN.-UNIDAD DE VIGILANCIA INTENSIVA (UVI)-MEDICINA,13,14,53,26,4,124,2,31,3.7857142857142856,0.14285714285714285,31.0,0.20967741935483872,0.10483870967741936,3.5,-1,medio,1
2015,1,150105,LIMA,LIMA,BREÑA,MINSA,III-2,00006216,INSTITUTO NACIONAL DE SALUD DEL NIÑO,240200,HOSPITALIZACIÓN QUIRÚRGICA CIRUGÍA DE CABEZA Y CUELLO / MÁXILO FACIAL,27,33,275,268,9,279,0,31,8.333333333333334,0.0,31.0,0.9605734767025089,0.0967741935483871,3.6666666666666665,-6,alto,2
2015,1,150105,LIMA,LIMA,BREÑA,MINSA,III-2,00006216,INSTITUTO NACIONAL DE SALUD DEL NIÑO,240400,HOSPITALIZACIÓN QUIRÚRGICA CIRUGÍA DE TÓRAX Y CARDIOVASCULAR,20,21,547,406,19,589,0,31,26.047619047619047,0.0,31.0,0.6893039049235993,0.03395585738539898,1.105263157894737,-1,bajo,0
2015,1,150105,LIMA,LIMA,BREÑA,MINSA,III-2,00006216,INSTITUTO NACIONAL DE SALUD DEL NIÑO,240700,HOSPITALIZACIÓN QUIRÚRGICA CIRUGÍA PEDIÁTRICA,17,80,803,777,26,806,0,31,10.0375,0.0,31.0,0.9640198511166254,0.02109181141439206,3.076923076923077,-63,alto,2
2015,1,150105,LIMA,LIMA,BREÑA,MINSA,III-2,00006216,INSTITUTO NACIONAL DE SALUD DEL NIÑO,240801,HOSPITALIZACIÓN QUIRÚRGICA CIRUGÍA PLÁSTICA/RECONSTRUCTIVA/ REPARADORA QUEMADOS,35,45,499,531,20,620,0,31,11.088888888888889,0.0,31.0,0.8564516129032258,0.056451612903225805,2.25,-10,alto,2
2015,1,150105,LIMA,LIMA,BREÑA,MINSA,III-2,00006216,INSTITUTO NACIONAL DE SALUD DEL NIÑO,240900,HOSPITALIZACIÓN QUIRÚRGICA NEUROCIRUGÍA,10,33,471,672,22,682,0,31,14.272727272727273,0.0,31.0,0.9853372434017595,0.01466275659824047,1.5,-23,alto,2
2015,1,150105,LIMA,LIMA,BREÑA,MINSA,III-2,00006216,INSTITUTO NACIONAL DE SALUD DEL NIÑO,241200,HOSPITALIZACIÓN QUIRÚRGICA TRAUMATOLOGÍA Y ORTOPEDIA,26,50,967,835,36,1116,0,31,19.34,0.0,31.0,0.7482078853046595,0.023297491039426525,1.3888888888888888,-24,medio,1
2015,1,150105,LIMA,LIMA,BREÑA,MINSA,III-2,00006216,INSTITUTO NACIONAL DE SALUD DEL NIÑO,241300,HOSPITALIZACIÓN QUIRÚRGICA UROLOGÍA,21,20,155,201,7,217,0,31,7.75,0.0,31.0,0.9262672811059908,0.0967741935483871,2.857142857142857,1,alto,2
2015,1,150105,LIMA,LIMA,BREÑA,MINSA,III-2,00006216,INSTITUTO NACIONAL DE SALUD DEL NIÑO,242000,HOSPITALIZACIÓN DE MEDICINA MEDICINA TROPICAL E INFECCIOSAS,6,41,693,589,28,868,0,31,16.902439024390244,0.0,31.0,0.6785714285714286,0.0069124423963133645,1.4642857142857142,-35,bajo,0
2015,1,150105,LIMA,LIMA,BREÑA,MINSA,III-2,00006216,INSTITUTO NACIONAL DE SALUD DEL NIÑO,242300,HOSPITALIZACIÓN DE PEDIATRÍA PEDIATRÍA GENERAL,0,224,2443,2427,82,2542,0,31,10.90625,0.0,31.0,0.9547600314712824,0.0,2.731707317073171,-224,alto,2
2015,1,150105,LIMA,LIMA,BREÑA,MINSA,III-2,00006216,INSTITUTO NACIONAL DE SALUD DEL NIÑO,242600,HOSPITALIZACIÓN DE PEDIATRÍA PEDIATRIA CARDIOLOGÍA PEDIÁTRICA,23,29,634,442,24,744,2,31,21.862068965517242,0.06896551724137931,31.0,0.5940860215053764,0.030913978494623656,1.2083333333333333,-6,bajo,0
2015,1,150105,LIMA,LIMA,BREÑA,MINSA,III-2,00006216,INSTITUTO NACIONAL DE SALUD DEL NIÑO,242700,HOSPITALIZACIÓN DE PEDIATRÍA PEDIATRIA DERMATOLOGÍA PEDIÁTRICA,3,28,224,231,10,310,0,31,8.0,0.0,31.0,0.7451612903225806,0.00967741935483871,2.8,-25,medio,1
2015,1,150105,LIMA,LIMA,BREÑA,MINSA,III-2,00006216,INSTITUTO NACIONAL DE SALUD DEL NIÑO,242900,HOSPITALIZACIÓN DE PEDIATRÍA PEDIATRIA GASTROENTEROLOGÍA PEDIÁTRICA,17,24,345,303,10,310,0,31,14.375,0.0,31.0,0.9774193548387097,0.054838709677419356,2.4,-7,alto,2
2015,1,150105,LIMA,LIMA,BREÑA,MINSA,III-2,00006216,INSTITUTO NACIONAL DE SALUD DEL NIÑO,243000,HOSPITALIZACIÓN DE PEDIATRÍA PEDIATRIA GINECOLOGÍA PEDIÁTRICA,5,8,45,44,2,62,0,31,5.625,0.0,31.0,0.7096774193548387,0.08064516129032258,4.0,-3,medio,1
2015,1,150105,LIMA,LIMA,BREÑA,MINSA,III-2,00006216,INSTITUTO NACIONAL DE SALUD DEL NIÑO,243100,HOSPITALIZACIÓN DE PEDIATRÍA PEDIATRIA NEFROLOGÍA PEDIÁTRICA,6,9,122,178,6,186,0,31,13.555555555555555,0.0,31.0,0.956989247311828,0.03225806451612903,1.5,-3,alto,2
2015,1,150105,LIMA,LIMA,BREÑA,MINSA,III-2,00006216,INSTITUTO NACIONAL DE SALUD DEL NIÑO,243200,HOSPITALIZACIÓN DE PEDIATRÍA PEDIATRIA NEONATOLOGÍA,1,4,125,304,10,310,0,31,31.25,0.0,31.0,0.9806451612903225,0.0032258064516129032,0.4,-3,alto,2
2015,1,150105,LIMA,LIMA,BREÑA,MINSA,III-2,00006216,INSTITUTO NACIONAL DE SALUD DEL NIÑO,243300,HOSPITALIZACIÓN DE PEDIATRÍA PEDIATRIA NEUMOLOGÍA PEDIÁTRICA,4,18,697,611,23,713,0,31,38.72222222222222,0.0,31.0,0.8569424964936886,0.005610098176718092,0.782608695652174,-14,alto,2
2015,1,150105,LIMA,LIMA,BREÑA,MINSA,III-2,00006216,INSTITUTO NACIONAL DE SALUD DEL NIÑO,243400,HOSPITALIZACIÓN DE PEDIATRÍA PEDIATRIA NEUROLOGÍA PEDIÁTRICA,2,28,383,433,15,465,0,31,13.678571428571429,0.0,31.0,0.9311827956989247,0.004301075268817204,1.8666666666666667,-26,alto,2
2015,1,150105,LIMA,LIMA,BREÑA,MINSA,III-2,00006216,INSTITUTO NACIONAL DE SALUD DEL NIÑO,243700,HOSPITALIZACIÓN DE PEDIATRÍA PEDIATRIA OTORRINOLARINGOLOGÍA PEDIÁTRICA,12,12,142,117,12,372,0,31,11.833333333333334,0.0,31.0,0.31451612903225806,0.03225806451612903,1.0,0,bajo,0
2015,1,150105,LIMA,LIMA,BREÑA,MINSA,III-2,00006216,INSTITUTO NACIONAL DE SALUD DEL NIÑO,250108,UNIDAD DE CUIDADOS CRITICOS UNIDAD DE CUIDADOS INTENSIVOS (UCI) PEDIÁTRICA,0,4,211,482,16,496,4,31,52.75,1.0,31.0,0.9717741935483871,0.0,0.25,-4,alto,2
2015,1,150108,LIMA,LIMA,CHORRILLOS,MINSA,III-2,00007734,"INSTITUTO NACIONAL DE REHABILITACION ""DRA. ADRIANA REBAZA FLORES"" AMISTAD PERU - JAPON",240000,HOSPITALIZACIÓN,5,5,467,707,36,1116,0,31,93.4,0.0,31.0,0.6335125448028673,0.004480286738351254,0.1388888888888889,0,bajo,0
2015,1,150120,LIMA,LIMA,MAGDALENA DEL MAR,MINSA,III-1,00006214,HOSPITAL VICTOR LARCO HERRERA,242200,HOSPITALIZACIÓN DE MEDICINA PSIQUIATRÍA,55,37,3879,13867,590,18290,0,31,104.83783783783784,0.0,31.0,0.7581738655002733,0.0030071077091306723,0.06271186440677966,18,medio,1
2015,1,150133,LIMA,LIMA,SAN JUAN DE MIRAFLORES,MINSA,III-1,00005987,HOSPITAL MARIA AUXILIADORA,240100,HOSPITALIZACIÓN QUIRÚRGICA CIRUGÍA GENERAL,235,274,2238,2470,90,2804,1,31,8.167883211678832,0.0036496350364963502,31.155555555555555,0.8853046594982079,0.08380884450784594,3.0444444444444443,-39,alto,2
2015,1,150133,LIMA,LIMA,SAN JUAN DE MIRAFLORES,MINSA,III-1,00005987,HOSPITAL MARIA AUXILIADORA,241400,HOSPITALIZACIÓN QUIRÚRGICA GINECO - OBSTETRICIA,877,840,2497,2357,91,2821,0,31,2.9726190476190477,0.0,31.0,0.8355193193902871,0.3108826657213754,9.23076923076923,37,alto,2
2015,1,150133,LIMA,LIMA,SAN JUAN DE MIRAFLORES,MINSA,III-1,00005987,HOSPITAL MARIA AUXILIADORA,241900,HOSPITALIZACIÓN DE MEDICINA MEDICINA INTERNA,152,153,1524,1757,69,2139,19,31,9.96078431372549,0.12418300653594772,31.0,0.8214118747078074,0.07106124357176251,2.217391304347826,-1,medio,1
2015,1,150133,LIMA,LIMA,SAN JUAN DE MIRAFLORES,MINSA,III-1,00005987,HOSPITAL MARIA AUXILIADORA,242100,HOSPITALIZACIÓN DE MEDICINA ONCOLOGÍA MÉDICA,27,35,378,322,14,322,1,31,10.8,0.02857142857142857,23.0,0.7419354838709677,0.08385093167701864,2.5,-8,medio,1
2015,1,150133,LIMA,LIMA,SAN JUAN DE MIRAFLORES,MINSA,III-1,00005987,HOSPITAL MARIA AUXILIADORA,242300,HOSPITALIZACIÓN DE PEDIATRÍA PEDIATRÍA GENERAL,143,132,638,827,44,1364,1,31,4.833333333333333,0.007575757575757576,31.0,0.6063049853372434,0.10483870967741936,3.0,11,medio,1
2015,1,150133,LIMA,LIMA,SAN JUAN DE MIRAFLORES,MINSA,III-1,00005987,HOSPITAL MARIA AUXILIADORA,243200,HOSPITALIZACIÓN DE PEDIATRÍA PEDIATRIA NEONATOLOGÍA,135,188,1515,1756,61,1908,6,31,8.058510638297872,0.031914893617021274,31.278688524590162,0.928609201480698,0.07075471698113207,3.081967213114754,-53,alto,2
2015,1,150137,LIMA,LIMA,SANTA ANITA,MINSA,III-1,00005948,HOSPITAL HERMILIO VALDIZAN,242200,HOSPITALIZACIÓN DE MEDICINA PSIQUIATRÍA,90,82,5833,4923,210,6510,0,31,71.13414634146342,0.0,31.0,0.756221198156682,0.013824884792626729,0.3904761904761905,8,medio,1
2015,1,150137,LIMA,LIMA,SANTA ANITA,MINSA,III-1,00005948,HOSPITAL HERMILIO VALDIZAN,242204,HOSPITALIZACIÓN DE MEDICINA PSIQUIATRÍA REHABILITACIÓN PSIQUIÁTRICA / REINSERCIÓN,22,18,579,437,20,620,0,31,32.166666666666664,0.0,31.0,0.7048387096774194,0.035483870967741936,0.9,4,medio,1
2015,2,150101,LIMA,LIMA,LIMA,MINSA,III-1,00006207,NACIONAL ARZOBISPO LOAYZA,240100,HOSPITALIZACIÓN QUIRÚRGICA CIRUGÍA GENERAL,385,386,3392,3297,120,3360,2,28,8.787564766839377,0.0051813471502590676,28.0,0.98125,0.11458333333333333,3.216666666666667,-1,alto,2
2015,2,150101,LIMA,LIMA,LIMA,MINSA,III-1,00006207,NACIONAL ARZOBISPO LOAYZA,240200,HOSPITALIZACIÓN QUIRÚRGICA CIRUGÍA DE CABEZA Y CUELLO / MÁXILO FACIAL,29,31,388,347,15,420,0,28,12.516129032258064,0.0,28.0,0.8261904761904761,0.06904761904761905,2.066666666666667,-2,medio,1
2015,2,150101,LIMA,LIMA,LIMA,MINSA,III-1,00006207,NACIONAL ARZOBISPO LOAYZA,240800,HOSPITALIZACIÓN QUIRÚRGICA CIRUGÍA PLÁSTICA/RECONSTRUCTIVA/ REPARADORA,19,22,474,595,23,644,1,28,21.545454545454547,0.045454545454545456,28.0,0.9239130434782609,0.029503105590062112,0.9565217391304348,-3,alto,2
2015,2,150101,LIMA,LIMA,LIMA,MINSA,III-1,00006207,NACIONAL ARZOBISPO LOAYZA,240900,HOSPITALIZACIÓN QUIRÚRGICA NEUROCIRUGÍA,22,21,294,405,15,420,1,28,14.0,0.047619047619047616,28.0,0.9642857142857143,0.05238095238095238,1.4,1,alto,2
2015,2,150101,LIMA,LIMA,LIMA,MINSA,III-1,00006207,NACIONAL ARZOBISPO LOAYZA,241200,HOSPITALIZACIÓN QUIRÚRGICA TRAUMATOLOGÍA Y ORTOPEDIA,79,78,840,826,30,840,0,28,10.76923076923077,0.0,28.0,0.9833333333333333,0.09404761904761905,2.6,1,alto,2
2015,2,150101,LIMA,LIMA,LIMA,MINSA,III-1,00006207,NACIONAL ARZOBISPO LOAYZA,241300,HOSPITALIZACIÓN QUIRÚRGICA UROLOGÍA,70,78,939,843,32,896,1,28,12.038461538461538,0.01282051282051282,28.0,0.9408482142857143,0.078125,2.4375,-8,alto,2
2015,2,150101,LIMA,LIMA,LIMA,MINSA,III-1,00006207,NACIONAL ARZOBISPO LOAYZA,241500,HOSPITALIZACIÓN QUIRÚRGICA GINECOLOGÍA,174,182,1302,1269,53,1484,0,28,7.153846153846154,0.0,28.0,0.855121293800539,0.11725067385444744,3.4339622641509435,-8,alto,2
2015,2,150101,LIMA,LIMA,LIMA,MINSA,III-1,00006207,NACIONAL ARZOBISPO LOAYZA,241600,HOSPITALIZACIÓN QUIRÚRGICA OBSTETRICIA,389,384,1430,1528,79,2212,0,28,3.7239583333333335,0.0,28.0,0.6907775768535263,0.17585895117540687,4.860759493670886,5,alto,2
2015,2,150101,LIMA,LIMA,LIMA,MINSA,III-1,00006207,NACIONAL ARZOBISPO LOAYZA,241700,HOSPITALIZACIÓN QUIRÚRGICA GINECOLOGÍA GINECOLOGIA ONCOLOGICA,22,25,256,185,8,224,0,28,10.24,0.0,28.0,0.8258928571428571,0.09821428571428571,3.125,-3,medio,1
2015,2,150101,LIMA,LIMA,LIMA,MINSA,III-1,00006207,NACIONAL ARZOBISPO LOAYZA,241800,HOSPITALIZACIÓN DE MEDICINA MEDICINA GENERAL,28,27,165,165,6,168,0,28,6.111111111111111,0.0,28.0,0.9821428571428571,0.16666666666666666,4.5,1,alto,2
2015,2,150101,LIMA,LIMA,LIMA,MINSA,III-1,00006207,NACIONAL ARZOBISPO LOAYZA,241900,HOSPITALIZACIÓN DE MEDICINA MEDICINA INTERNA,569,543,7083,6959,253,7084,54,28,13.044198895027625,0.09944751381215469,28.0,0.9823546019198193,0.0803218520609825,2.1462450592885376,26,alto,2
2015,2,150101,LIMA,LIMA,LIMA,MINSA,III-1,00006207,NACIONAL ARZOBISPO LOAYZA,242300,HOSPITALIZACIÓN DE PEDIATRÍA PEDIATRÍA GENERAL,89,80,321,411,38,1064,0,28,4.0125,0.0,28.0,0.38627819548872183,0.08364661654135339,2.1052631578947367,9,medio,1
2015,2,150101,LIMA,LIMA,LIMA,MINSA,III-1,00006207,NACIONAL ARZOBISPO LOAYZA,243200,HOSPITALIZACIÓN DE PEDIATRÍA PEDIATRIA NEONATOLOGÍA,301,328,1180,1079,76,2128,4,28,3.597560975609756,0.012195121951219513,28.0,0.5070488721804511,0.14144736842105263,4.315789473684211,-27,alto,2
2015,2,150101,LIMA,LIMA,LIMA,MINSA,III-1,00006207,NACIONAL ARZOBISPO LOAYZA,250100,UNIDAD DE CUIDADOS CRITICOS UNIDAD DE CUIDADOS INTENSIVOS GENERALES (UCI),33,29,463,275,10,280,8,28,15.96551724137931,0.27586206896551724,28.0,0.9821428571428571,0.11785714285714285,2.9,4,alto,2
2015,2,150101,LIMA,LIMA,LIMA,MINSA,III-1,00006207,NACIONAL ARZOBISPO LOAYZA,250200,UNIDAD DE CUIDADOS CRITICOS UNIDAD DE CUIDADOS INTERMEDIOS GENERAL (UCIN),28,23,207,232,10,280,3,28,9.0,0.13043478260869565,28.0,0.8285714285714286,0.1,2.3,5,medio,1
2015,2,150101,LIMA,LIMA,LIMA,MINSA,III-2,00006209,INSTITUTO NACIONAL DE CIENCIAS NEUROLOGICAS,240900,HOSPITALIZACIÓN QUIRÚRGICA NEUROCIRUGÍA,131,73,1339,994,40,1120,0,28,18.34246575342466,0.0,28.0,0.8875,0.11696428571428572,1.825,58,alto,2
2015,2,150101,LIMA,LIMA,LIMA,MINSA,III-2,00006209,INSTITUTO NACIONAL DE CIENCIAS NEUROLOGICAS,241100,HOSPITALIZACIÓN QUIRÚRGICA OTORRINOLARINGOLOGÍA,2,1,5,8,1,28,0,28,5.0,0.0,28.0,0.2857142857142857,0.07142857142857142,1.0,1,bajo,0
2015,2,150101,LIMA,LIMA,LIMA,MINSA,III-2,00006209,INSTITUTO NACIONAL DE CIENCIAS NEUROLOGICAS,243400,HOSPITALIZACIÓN DE PEDIATRÍA PEDIATRIA NEUROLOGÍA PEDIÁTRICA,15,24,429,379,20,560,0,28,17.875,0.0,28.0,0.6767857142857143,0.026785714285714284,1.2,-9,bajo,0
2015,2,150101,LIMA,LIMA,LIMA,MINSA,III-2,00006209,INSTITUTO NACIONAL DE CIENCIAS NEUROLOGICAS,244800,HOSPITALIZACIÓN-HOSPITALIZACIÓN DE MEDICINA-GERIATRIA,22,16,443,397,20,560,0,28,27.6875,0.0,28.0,0.7089285714285715,0.039285714285714285,0.8,6,medio,1
2015,2,150101,LIMA,LIMA,LIMA,MINSA,III-2,00006209,INSTITUTO NACIONAL DE CIENCIAS NEUROLOGICAS,244900,HOSPITALIZACIÓN DE MEDICINA NEUROLOGIA NEURODEGENERATIVAS,21,21,341,603,44,1232,0,28,16.238095238095237,0.0,28.0,0.48944805194805197,0.017045454545454544,0.4772727272727273,0,bajo,0
2015,2,150101,LIMA,LIMA,LIMA,MINSA,III-2,00006209,INSTITUTO NACIONAL DE CIENCIAS NEUROLOGICAS,245000,HOSPITALIZACIÓN DE MEDICINA NEUROLOGIA NEUROVASCULARES Y METABOLICAS,15,17,279,340,13,364,0,28,16.41176470588235,0.0,28.0,0.9340659340659341,0.04120879120879121,1.3076923076923077,-2,alto,2
2015,2,150101,LIMA,LIMA,LIMA,MINSA,III-2,00006209,INSTITUTO NACIONAL DE CIENCIAS NEUROLOGICAS,245100,HOSPITALIZACIÓN DE MEDICINA NEUROLOGIA ENFERMEDADES INFECCIOSAS/TRANSMISIBLES DEL SISTEMA NERVIOSO,26,25,777,769,28,784,1,28,31.08,0.04,28.0,0.9808673469387755,0.03316326530612245,0.8928571428571429,1,alto,2
2015,2,150101,LIMA,LIMA,LIMA,MINSA,III-2,00006209,INSTITUTO NACIONAL DE CIENCIAS NEUROLOGICAS,245200,HOSPITALIZACIÓN DE MEDICINA NEUROLOGIA EPILEPSIA/EPILEPTOLOGIA,24,18,175,370,17,476,0,28,9.722222222222221,0.0,28.0,0.7773109243697479,0.05042016806722689,1.0588235294117647,6,medio,1
2015,2,150101,LIMA,LIMA,LIMA,MINSA,III-2,00006209,INSTITUTO NACIONAL DE CIENCIAS NEUROLOGICAS,250106,UNIDAD DE CUIDADOS CRITICOS UNIDAD DE CUIDADOS INTENSIVOS (UCI) NEUROLÓGICA,5,2,61,104,5,140,2,28,30.5,1.0,28.0,0.7428571428571429,0.03571428571428571,0.4,3,medio,1
2015,2,150103,LIMA,LIMA,ATE,ESSALUD,II-1,00008353,ESSALUD - HOSPITAL II VITARTE,240100,HOSPITALIZACIÓN QUIRÚRGICA CIRUGÍA GENERAL,145,142,320,304,12,336,0,28,2.2535211267605635,0.0,28.0,0.9047619047619048,0.43154761904761907,11.833333333333334,3,alto,2
2015,2,150103,LIMA,LIMA,ATE,ESSALUD,II-1,00008353,ESSALUD - HOSPITAL II VITARTE,241200,HOSPITALIZACIÓN QUIRÚRGICA TRAUMATOLOGÍA Y ORTOPEDIA,52,40,167,262,11,308,0,28,4.175,0.0,28.0,0.8506493506493507,0.16883116883116883,3.6363636363636362,12,alto,2
2015,2,150103,LIMA,LIMA,ATE,ESSALUD,II-1,00008353,ESSALUD - HOSPITAL II VITARTE,241300,HOSPITALIZACIÓN QUIRÚRGICA UROLOGÍA,11,10,45,48,2,56,0,28,4.5,0.0,28.0,0.8571428571428571,0.19642857142857142,5.0,1,alto,2
2015,2,150103,LIMA,LIMA,ATE,ESSALUD,II-1,00008353,ESSALUD - HOSPITAL II VITARTE,241500,HOSPITALIZACIÓN QUIRÚRGICA GINECOLOGÍA,72,73,145,97,4,112,0,28,1.9863013698630136,0.0,28.0,0.8660714285714286,0.6428571428571429,18.25,-1,alto,2
2015,2,150103,LIMA,LIMA,ATE,ESSALUD,II-1,00008353,ESSALUD - HOSPITAL II VITARTE,241900,HOSPITALIZACIÓN DE MEDICINA MEDICINA INTERNA,110,108,767,745,30,840,10,28,7.101851851851852,0.09259259259259259,28.0,0.8869047619047619,0.13095238095238096,3.6,2,alto,2
2015,2,150103,LIMA,LIMA,ATE,ESSALUD,II-1,00008353,ESSALUD - HOSPITAL II VITARTE,242300,HOSPITALIZACIÓN DE PEDIATRÍA PEDIATRÍA GENERAL,59,59,184,18,8,224,0,28,3.1186440677966103,0.0,28.0,0.08035714285714286,0.26339285714285715,7.375,0,alto,2
2015,2,150103,LIMA,LIMA,ATE,ESSALUD,II-1,00008353,ESSALUD - HOSPITAL II VITARTE,250304,HOSPIT. EN UNIDAD DE CUID.INTEN.-UNIDAD DE VIGILANCIA INTENSIVA (UVI)-MEDICINA,9,10,24,20,4,112,4,28,2.4,0.4,28.0,0.17857142857142858,0.08035714285714286,2.5,-1,medio,1
2015,2,150105,LIMA,LIMA,BREÑA,MINSA,III-2,00006216,INSTITUTO NACIONAL DE SALUD DEL NIÑO,240200,HOSPITALIZACIÓN QUIRÚRGICA CIRUGÍA DE CABEZA Y CUELLO / MÁXILO FACIAL,36,35,178,270,11,308,0,28,5.085714285714285,0.0,28.0,0.8766233766233766,0.11688311688311688,3.1818181818181817,1,alto,2
2015,2,150105,LIMA,LIMA,BREÑA,MINSA,III-2,00006216,INSTITUTO NACIONAL DE SALUD DEL NIÑO,240400,HOSPITALIZACIÓN QUIRÚRGICA CIRUGÍA DE TÓRAX Y CARDIOVASCULAR,14,22,577,428,19,532,1,28,26.227272727272727,0.045454545454545456,28.0,0.8045112781954887,0.02631578947368421,1.1578947368421053,-8,medio,1
2015,2,150105,LIMA,LIMA,BREÑA,MINSA,III-2,00006216,INSTITUTO NACIONAL DE SALUD DEL NIÑO,240700,HOSPITALIZACIÓN QUIRÚRGICA CIRUGÍA PEDIÁTRICA,23,89,1153,627,23,644,1,28,12.955056179775282,0.011235955056179775,28.0,0.9736024844720497,0.03571428571428571,3.869565217391304,-66,alto,2
2015,2,150105,LIMA,LIMA,BREÑA,MINSA,III-2,00006216,INSTITUTO NACIONAL DE SALUD DEL NIÑO,240801,HOSPITALIZACIÓN QUIRÚRGICA CIRUGÍA PLÁSTICA/RECONSTRUCTIVA/ REPARADORA QUEMADOS,56,61,595,627,24,672,0,28,9.754098360655737,0.0,28.0,0.9330357142857143,0.08333333333333333,2.5416666666666665,-5,alto,2
2015,2,150105,LIMA,LIMA,BREÑA,MINSA,III-2,00006216,INSTITUTO NACIONAL DE SALUD DEL NIÑO,240900,HOSPITALIZACIÓN QUIRÚRGICA NEUROCIRUGÍA,13,37,608,638,23,644,0,28,16.43243243243243,0.0,28.0,0.9906832298136646,0.020186335403726708,1.608695652173913,-24,alto,2
2015,2,150105,LIMA,LIMA,BREÑA,MINSA,III-2,00006216,INSTITUTO NACIONAL DE SALUD DEL NIÑO,241200,HOSPITALIZACIÓN QUIRÚRGICA TRAUMATOLOGÍA Y ORTOPEDIA,16,53,658,948,36,1008,0,28,12.415094339622641,0.0,28.0,0.9404761904761905,0.015873015873015872,1.4722222222222223,-37,alto,2
2015,2,150105,LIMA,LIMA,BREÑA,MINSA,III-2,00006216,INSTITUTO NACIONAL DE SALUD DEL NIÑO,241300,HOSPITALIZACIÓN QUIRÚRGICA UROLOGÍA,16,20,199,172,7,196,0,28,9.95,0.0,28.0,0.8775510204081632,0.08163265306122448,2.857142857142857,-4,alto,2
2015,2,150105,LIMA,LIMA,BREÑA,MINSA,III-2,00006216,INSTITUTO NACIONAL DE SALUD DEL NIÑO,242000,HOSPITALIZACIÓN DE MEDICINA MEDICINA TROPICAL E INFECCIOSAS,13,29,319,521,28,784,1,28,11.0,0.034482758620689655,28.0,0.6645408163265306,0.016581632653061226,1.0357142857142858,-16,bajo,0
2015,2,150105,LIMA,LIMA,BREÑA,MINSA,III-2,00006216,INSTITUTO NACIONAL DE SALUD DEL NIÑO,242300,HOSPITALIZACIÓN DE PEDIATRÍA PEDIATRÍA GENERAL,0,177,2071,2178,82,2296,0,28,11.700564971751412,0.0,28.0,0.9486062717770035,0.0,2.158536585365854,-177,alto,2
2015,2,150105,LIMA,LIMA,BREÑA,MINSA,III-2,00006216,INSTITUTO NACIONAL DE SALUD DEL NIÑO,242600,HOSPITALIZACIÓN DE PEDIATRÍA PEDIATRIA CARDIOLOGÍA PEDIÁTRICA,21,26,245,434,24,672,2,28,9.423076923076923,0.07692307692307693,28.0,0.6458333333333334,0.03125,1.0833333333333333,-5,bajo,0
2015,2,150105,LIMA,LIMA,BREÑA,MINSA,III-2,00006216,INSTITUTO NACIONAL DE SALUD DEL NIÑO,242700,HOSPITALIZACIÓN DE PEDIATRÍA PEDIATRIA DERMATOLOGÍA PEDIÁTRICA,1,27,229,249,10,280,0,28,8.481481481481481,0.0,28.0,0.8892857142857142,0.0035714285714285713,2.7,-26,alto,2
2015,2,150105,LIMA,LIMA,BREÑA,MINSA,III-2,00006216,INSTITUTO NACIONAL DE SALUD DEL NIÑO,242900,HOSPITALIZACIÓN DE PEDIATRÍA PEDIATRIA GASTROENTEROLOGÍA PEDIÁTRICA,11,26,317,266,10,280,0,28,12.192307692307692,0.0,28.0,0.95,0.039285714285714285,2.6,-15,alto,2
2015,2,150105,LIMA,LIMA,BREÑA,MINSA,III-2,00006216,INSTITUTO NACIONAL DE SALUD DEL NIÑO,243000,HOSPITALIZACIÓN DE PEDIATRÍA PEDIATRIA GINECOLOGÍA PEDIÁTRICA,6,13,60,54,17,56,0,28,4.615384615384615,0.0,3.2941176470588234,0.1134453781512605,0.10714285714285714,0.7647058823529411,-7,medio,1
2015,2,150105,LIMA,LIMA,BREÑA,MINSA,III-2,00006216,INSTITUTO NACIONAL DE SALUD DEL NIÑO,243100,HOSPITALIZACIÓN DE PEDIATRÍA PEDIATRIA NEFROLOGÍA PEDIÁTRICA,6,11,188,165,6,168,0,28,17.09090909090909,0.0,28.0,0.9821428571428571,0.03571428571428571,1.8333333333333333,-5,alto,2
2015,2,150105,LIMA,LIMA,BREÑA,MINSA,III-2,00006216,INSTITUTO NACIONAL DE SALUD DEL NIÑO,243200,HOSPITALIZACIÓN DE PEDIATRÍA PEDIATRIA NEONATOLOGÍA,0,9,226,268,10,280,2,28,25.11111111111111,0.2222222222222222,28.0,0.9571428571428572,0.0,0.9,-9,alto,2
2015,2,150105,LIMA,LIMA,BREÑA,MINSA,III-2,00006216,INSTITUTO NACIONAL DE SALUD DEL NIÑO,243300,HOSPITALIZACIÓN DE PEDIATRÍA PEDIATRIA NEUMOLOGÍA PEDIÁTRICA,10,10,262,537,23,644,0,28,26.2,0.0,28.0,0.8338509316770186,0.015527950310559006,0.43478260869565216,0,medio,1
2015,2,150105,LIMA,LIMA,BREÑA,MINSA,III-2,00006216,INSTITUTO NACIONAL DE SALUD DEL NIÑO,243400,HOSPITALIZACIÓN DE PEDIATRÍA PEDIATRIA NEUROLOGÍA PEDIÁTRICA,0,20,248,381,15,420,0,28,12.4,0.0,28.0,0.9071428571428571,0.0,1.3333333333333333,-20,alto,2
2015,2,150105,LIMA,LIMA,BREÑA,MINSA,III-2,00006216,INSTITUTO NACIONAL DE SALUD DEL NIÑO,243500,HOSPITALIZACIÓN DE PEDIATRÍA PEDIATRIA OFTALMOLOGÍA PEDIÁTRICA,0,1,18,8,1,28,0,28,18.0,0.0,28.0,0.2857142857142857,0.0,1.0,-1,bajo,0
2015,2,150105,LIMA,LIMA,BREÑA,MINSA,III-2,00006216,INSTITUTO NACIONAL DE SALUD DEL NIÑO,243700,HOSPITALIZACIÓN DE PEDIATRÍA PEDIATRIA OTORRINOLARINGOLOGÍA PEDIÁTRICA,31,33,141,111,7,196,0,28,4.2727272727272725,0.0,28.0,0.5663265306122449,0.15816326530612246,4.714285714285714,-2,alto,2
2015,2,150105,LIMA,LIMA,BREÑA,MINSA,III-2,00006216,INSTITUTO NACIONAL DE SALUD DEL NIÑO,244500,HOSPITALIZACIÓN DE MEDICINA HEMATOLOGÍA,2,3,31,96,4,112,0,28,10.333333333333334,0.0,28.0,0.8571428571428571,0.017857142857142856,0.75,-1,alto,2
2015,2,150105,LIMA,LIMA,BREÑA,MINSA,III-2,00006216,INSTITUTO NACIONAL DE SALUD DEL NIÑO,250108,UNIDAD DE CUIDADOS CRITICOS UNIDAD DE CUIDADOS INTENSIVOS (UCI) PEDIÁTRICA,0,5,169,428,10,448,5,28,33.8,1.0,44.8,1.5285714285714285,0.0,0.5,-5,alto,2
2015,2,150108,LIMA,LIMA,CHORRILLOS,MINSA,III-2,00007734,"INSTITUTO NACIONAL DE REHABILITACION ""DRA. ADRIANA REBAZA FLORES"" AMISTAD PERU - JAPON",240000,HOSPITALIZACIÓN,8,4,371,735,36,1008,0,28,92.75,0.0,28.0,0.7291666666666666,0.007936507936507936,0.1111111111111111,4,medio,1
2015,2,150120,LIMA,LIMA,MAGDALENA DEL MAR,MINSA,III-1,00006214,HOSPITAL VICTOR LARCO HERRERA,242200,HOSPITALIZACIÓN DE MEDICINA PSIQUIATRÍA,44,52,7868,12621,590,16520,0,28,151.30769230769232,0.0,28.0,0.7639830508474577,0.0026634382566585956,0.08813559322033898,-8,medio,1
2015,2,150122,LIMA,LIMA,MIRAFLORES,MINSA,III-E,00006213,HOSPITAL DE EMERGENCIAS JOSE CASIMIRO ULLOA,240100,HOSPITALIZACIÓN QUIRÚRGICA CIRUGÍA GENERAL,117,134,557,629,26,629,0,28,4.156716417910448,0.0,24.192307692307693,0.864010989010989,0.18600953895071543,5.153846153846154,-17,alto,2
2015,2,150122,LIMA,LIMA,MIRAFLORES,MINSA,III-E,00006213,HOSPITAL DE EMERGENCIAS JOSE CASIMIRO ULLOA,240900,HOSPITALIZACIÓN QUIRÚRGICA NEUROCIRUGÍA,13,19,247,321,11,321,0,28,13.0,0.0,29.181818181818183,1.0422077922077921,0.040498442367601244,1.7272727272727273,-6,alto,2
2015,2,150122,LIMA,LIMA,MIRAFLORES,MINSA,III-E,00006213,HOSPITAL DE EMERGENCIAS JOSE CASIMIRO ULLOA,241200,HOSPITALIZACIÓN QUIRÚRGICA TRAUMATOLOGÍA Y ORTOPEDIA,36,45,425,385,14,385,0,28,9.444444444444445,0.0,27.5,0.9821428571428571,0.09350649350649351,3.2142857142857144,-9,alto,2
2015,2,150122,LIMA,LIMA,MIRAFLORES,MINSA,III-E,00006213,HOSPITAL DE EMERGENCIAS JOSE CASIMIRO ULLOA,241800,HOSPITALIZACIÓN DE MEDICINA MEDICINA GENERAL,55,87,1038,538,20,538,13,28,11.931034482758621,0.14942528735632185,26.9,0.9607142857142857,0.10223048327137546,4.35,-32,alto,2
2015,2,150133,LIMA,LIMA,SAN JUAN DE MIRAFLORES,MINSA,III-1,00005987,HOSPITAL MARIA AUXILIADORA,240100,HOSPITALIZACIÓN QUIRÚRGICA CIRUGÍA GENERAL,242,273,2748,2309,90,2520,2,28,10.065934065934066,0.007326007326007326,28.0,0.9162698412698412,0.09603174603174604,3.033333333333333,-31,alto,2
2015,2,150133,LIMA,LIMA,SAN JUAN DE MIRAFLORES,MINSA,III-1,00005987,HOSPITAL MARIA AUXILIADORA,241400,HOSPITALIZACIÓN QUIRÚRGICA GINECO - OBSTETRICIA,784,861,2286,2108,94,2638,0,28,2.6550522648083623,0.0,28.06382978723404,0.8009118541033434,0.2971948445792267,9.159574468085106,-77,alto,2
2015,2,150133,LIMA,LIMA,SAN JUAN DE MIRAFLORES,MINSA,III-1,00005987,HOSPITAL MARIA AUXILIADORA,241900,HOSPITALIZACIÓN DE MEDICINA MEDICINA INTERNA,135,132,1695,1695,70,1960,13,28,12.840909090909092,0.09848484848484848,28.0,0.8647959183673469,0.06887755102040816,1.8857142857142857,3,alto,2
2015,2,150133,LIMA,LIMA,SAN JUAN DE MIRAFLORES,MINSA,III-1,00005987,HOSPITAL MARIA AUXILIADORA,242100,HOSPITALIZACIÓN DE MEDICINA ONCOLOGÍA MÉDICA,40,38,257,296,14,296,2,28,6.7631578947368425,0.05263157894736842,21.142857142857142,0.7551020408163265,0.13513513513513514,2.7142857142857144,2,alto,2
2015,2,150133,LIMA,LIMA,SAN JUAN DE MIRAFLORES,MINSA,III-1,00005987,HOSPITAL MARIA AUXILIADORA,242300,HOSPITALIZACIÓN DE PEDIATRÍA PEDIATRÍA GENERAL,125,128,694,723,44,1232,1,28,5.421875,0.0078125,28.0,0.5868506493506493,0.10146103896103896,2.909090909090909,-3,medio,1
2015,2,150133,LIMA,LIMA,SAN JUAN DE MIRAFLORES,MINSA,III-1,00005987,HOSPITAL MARIA AUXILIADORA,243200,HOSPITALIZACIÓN DE PEDIATRÍA PEDIATRIA NEONATOLOGÍA,82,210,1698,1853,70,1949,2,28,8.085714285714285,0.009523809523809525,27.84285714285714,0.9454081632653061,0.04207285787583376,3.0,-128,alto,2
2015,2,150137,LIMA,LIMA,SANTA ANITA,MINSA,III-1,00005948,HOSPITAL HERMILIO VALDIZAN,242200,HOSPITALIZACIÓN DE MEDICINA PSIQUIATRÍA,79,83,2790,4488,210,5880,0,28,33.6144578313253,0.0,28.0,0.763265306122449,0.013435374149659864,0.3952380952380952,-4,medio,1
2015,2,150137,LIMA,LIMA,SANTA ANITA,MINSA,III-1,00005948,HOSPITAL HERMILIO VALDIZAN,242204,HOSPITALIZACIÓN DE MEDICINA PSIQUIATRÍA REHABILITACIÓN PSIQUIÁTRICA / REINSERCIÓN,16,16,395,497,20,560,0,28,24.6875,0.0,28.0,0.8875,0.02857142857142857,0.8,0,alto,2
2015,3,150101,LIMA,LIMA,LIMA,MINSA,III-1,00006207,NACIONAL ARZOBISPO LOAYZA,240100,HOSPITALIZACIÓN QUIRÚRGICA CIRUGÍA GENERAL,425,440,3607,3422,120,3720,5,31,8.197727272727272,0.011363636363636364,31.0,0.9198924731182796,0.11424731182795698,3.6666666666666665,-15,alto,2
2015,3,150101,LIMA,LIMA,LIMA,MINSA,III-1,00006207,NACIONAL ARZOBISPO LOAYZA,240200,HOSPITALIZACIÓN QUIRÚRGICA CIRUGÍA DE CABEZA Y CUELLO / MÁXILO FACIAL,48,50,426,324,15,465,0,31,8.52,0.0,31.0,0.6967741935483871,0.1032258064516129,3.3333333333333335,-2,medio,1
2015,3,150101,LIMA,LIMA,LIMA,MINSA,III-1,00006207,NACIONAL ARZOBISPO LOAYZA,240800,HOSPITALIZACIÓN QUIRÚRGICA CIRUGÍA PLÁSTICA/RECONSTRUCTIVA/ REPARADORA,6,14,872,588,23,713,0,31,62.285714285714285,0.0,31.0,0.8246844319775596,0.008415147265077139,0.6086956521739131,-8,medio,1
2015,3,150101,LIMA,LIMA,LIMA,MINSA,III-1,00006207,NACIONAL ARZOBISPO LOAYZA,240900,HOSPITALIZACIÓN QUIRÚRGICA NEUROCIRUGÍA,29,27,459,451,15,465,0,31,17.0,0.0,31.0,0.9698924731182795,0.06236559139784946,1.8,2,alto,2
2015,3,150101,LIMA,LIMA,LIMA,MINSA,III-1,00006207,NACIONAL ARZOBISPO LOAYZA,241200,HOSPITALIZACIÓN QUIRÚRGICA TRAUMATOLOGÍA Y ORTOPEDIA,61,69,874,913,30,930,1,31,12.666666666666666,0.014492753623188406,31.0,0.9817204301075269,0.06559139784946237,2.3,-8,alto,2
2015,3,150101,LIMA,LIMA,LIMA,MINSA,III-1,00006207,NACIONAL ARZOBISPO LOAYZA,241300,HOSPITALIZACIÓN QUIRÚRGICA UROLOGÍA,82,76,735,829,32,992,0,31,9.671052631578947,0.0,31.0,0.8356854838709677,0.08266129032258064,2.375,6,medio,1
2015,3,150101,LIMA,LIMA,LIMA,MINSA,III-1,00006207,NACIONAL ARZOBISPO LOAYZA,241500,HOSPITALIZACIÓN QUIRÚRGICA GINECOLOGÍA,194,193,1332,1350,53,1643,0,31,6.901554404145077,0.0,31.0,0.8216676810712112,0.11807668898356664,3.641509433962264,1,medio,1
2015,3,150101,LIMA,LIMA,LIMA,MINSA,III-1,00006207,NACIONAL ARZOBISPO LOAYZA,241600,HOSPITALIZACIÓN QUIRÚRGICA OBSTETRICIA,408,398,1682,1588,79,2449,0,31,4.226130653266332,0.0,31.0,0.6484279297672519,0.166598611678236,5.037974683544304,10,alto,2
2015,3,150101,LIMA,LIMA,LIMA,MINSA,III-1,00006207,NACIONAL ARZOBISPO LOAYZA,241700,HOSPITALIZACIÓN QUIRÚRGICA GINECOLOGÍA GINECOLOGIA ONCOLOGICA,25,25,159,136,8,248,0,31,6.36,0.0,31.0,0.5483870967741935,0.10080645161290322,3.125,0,medio,1
2015,3,150101,LIMA,LIMA,LIMA,MINSA,III-1,00006207,NACIONAL ARZOBISPO LOAYZA,241800,HOSPITALIZACIÓN DE MEDICINA MEDICINA GENERAL,29,28,179,181,6,186,0,31,6.392857142857143,0.0,31.0,0.9731182795698925,0.15591397849462366,4.666666666666667,1,alto,2
2015,3,150101,LIMA,LIMA,LIMA,MINSA,III-1,00006207,NACIONAL ARZOBISPO LOAYZA,241900,HOSPITALIZACIÓN DE MEDICINA MEDICINA INTERNA,582,615,8181,7478,253,7843,56,31,13.302439024390244,0.0910569105691057,31.0,0.9534616855794976,0.07420629861022568,2.430830039525692,-33,alto,2
2015,3,150101,LIMA,LIMA,LIMA,MINSA,III-1,00006207,NACIONAL ARZOBISPO LOAYZA,242300,HOSPITALIZACIÓN DE PEDIATRÍA PEDIATRÍA GENERAL,95,98,434,486,38,1178,0,31,4.428571428571429,0.0,31.0,0.41256366723259763,0.08064516129032258,2.5789473684210527,-3,medio,1
2015,3,150101,LIMA,LIMA,LIMA,MINSA,III-1,00006207,NACIONAL ARZOBISPO LOAYZA,243200,HOSPITALIZACIÓN DE PEDIATRÍA PEDIATRIA NEONATOLOGÍA,337,335,1247,1266,76,2356,0,31,3.7223880597014927,0.0,31.0,0.5373514431239389,0.1430390492359932,4.407894736842105,2,alto,2
2015,3,150101,LIMA,LIMA,LIMA,MINSA,III-1,00006207,NACIONAL ARZOBISPO LOAYZA,250100,UNIDAD DE CUIDADOS CRITICOS UNIDAD DE CUIDADOS INTENSIVOS GENERALES (UCI),33,32,310,299,10,310,4,31,9.6875,0.125,31.0,0.964516129032258,0.1064516129032258,3.2,1,alto,2
2015,3,150101,LIMA,LIMA,LIMA,MINSA,III-1,00006207,NACIONAL ARZOBISPO LOAYZA,250200,UNIDAD DE CUIDADOS CRITICOS UNIDAD DE CUIDADOS INTERMEDIOS GENERAL (UCIN),24,23,178,221,10,310,6,31,7.739130434782608,0.2608695652173913,31.0,0.7129032258064516,0.07741935483870968,2.3,1,medio,1
2015,3,150101,LIMA,LIMA,LIMA,MINSA,III-2,00006209,INSTITUTO NACIONAL DE CIENCIAS NEUROLOGICAS,240900,HOSPITALIZACIÓN QUIRÚRGICA NEUROCIRUGÍA,164,87,1542,1177,40,1240,4,31,17.724137931034484,0.04597701149425287,31.0,0.9491935483870968,0.13225806451612904,2.175,77,alto,2
2015,3,150101,LIMA,LIMA,LIMA,MINSA,III-2,00006209,INSTITUTO NACIONAL DE CIENCIAS NEUROLOGICAS,241100,HOSPITALIZACIÓN QUIRÚRGICA OTORRINOLARINGOLOGÍA,1,0,0,1,1,31,0,31,0.0,0.0,31.0,0.03225806451612903,0.03225806451612903,0.0,1,bajo,0
2015,3,150101,LIMA,LIMA,LIMA,MINSA,III-2,00006209,INSTITUTO NACIONAL DE CIENCIAS NEUROLOGICAS,243400,HOSPITALIZACIÓN DE PEDIATRÍA PEDIATRIA NEUROLOGÍA PEDIÁTRICA,14,10,189,287,20,620,0,31,18.9,0.0,31.0,0.4629032258064516,0.02258064516129032,0.5,4,bajo,0
2015,3,150101,LIMA,LIMA,LIMA,MINSA,III-2,00006209,INSTITUTO NACIONAL DE CIENCIAS NEUROLOGICAS,244800,HOSPITALIZACIÓN-HOSPITALIZACIÓN DE MEDICINA-GERIATRIA,19,15,263,321,20,620,0,31,17.533333333333335,0.0,31.0,0.5177419354838709,0.03064516129032258,0.75,4,bajo,0
2015,3,150101,LIMA,LIMA,LIMA,MINSA,III-2,00006209,INSTITUTO NACIONAL DE CIENCIAS NEUROLOGICAS,244900,HOSPITALIZACIÓN DE MEDICINA NEUROLOGIA NEURODEGENERATIVAS,32,23,545,671,44,1364,2,31,23.695652173913043,0.08695652173913043,31.0,0.49193548387096775,0.02346041055718475,0.5227272727272727,9,bajo,0
2015,3,150101,LIMA,LIMA,LIMA,MINSA,III-2,00006209,INSTITUTO NACIONAL DE CIENCIAS NEUROLOGICAS,245000,HOSPITALIZACIÓN DE MEDICINA NEUROLOGIA NEUROVASCULARES Y METABOLICAS,18,16,307,400,13,403,1,31,19.1875,0.0625,31.0,0.9925558312655087,0.04466501240694789,1.2307692307692308,2,alto,2
2015,3,150101,LIMA,LIMA,LIMA,MINSA,III-2,00006209,INSTITUTO NACIONAL DE CIENCIAS NEUROLOGICAS,245100,HOSPITALIZACIÓN DE MEDICINA NEUROLOGIA ENFERMEDADES INFECCIOSAS/TRANSMISIBLES DEL SISTEMA NERVIOSO,30,28,912,824,28,868,2,31,32.57142857142857,0.07142857142857142,31.0,0.9493087557603687,0.03456221198156682,1.0,2,alto,2
2015,3,150101,LIMA,LIMA,LIMA,MINSA,III-2,00006209,INSTITUTO NACIONAL DE CIENCIAS NEUROLOGICAS,245200,HOSPITALIZACIÓN DE MEDICINA NEUROLOGIA EPILEPSIA/EPILEPTOLOGIA,30,26,342,383,17,527,0,31,13.153846153846153,0.0,31.0,0.7267552182163188,0.056925996204933584,1.5294117647058822,4,medio,1
2015,3,150101,LIMA,LIMA,LIMA,MINSA,III-2,00006209,INSTITUTO NACIONAL DE CIENCIAS NEUROLOGICAS,250106,UNIDAD DE CUIDADOS CRITICOS UNIDAD DE CUIDADOS INTENSIVOS (UCI) NEUROLÓGICA,8,5,86,113,5,155,4,31,17.2,0.8,31.0,0.7290322580645161,0.05161290322580645,1.0,3,medio,1
2015,3,150103,LIMA,LIMA,ATE,ESSALUD,II-1,00008353,ESSALUD - HOSPITAL II VITARTE,240100,HOSPITALIZACIÓN QUIRÚRGICA CIRUGÍA GENERAL,171,169,363,312,11,341,0,31,2.1479289940828403,0.0,31.0,0.9149560117302052,0.501466275659824,15.363636363636363,2,alto,2
2015,3,150103,LIMA,LIMA,ATE,ESSALUD,II-1,00008353,ESSALUD - HOSPITAL II VITARTE,241200,HOSPITALIZACIÓN QUIRÚRGICA TRAUMATOLOGÍA Y ORTOPEDIA,37,41,323,302,10,310,0,31,7.878048780487805,0.0,31.0,0.9741935483870968,0.11935483870967742,4.1,-4,alto,2
2015,3,150103,LIMA,LIMA,ATE,ESSALUD,II-1,00008353,ESSALUD - HOSPITAL II VITARTE,241300,HOSPITALIZACIÓN QUIRÚRGICA UROLOGÍA,13,14,50,47,2,62,0,31,3.5714285714285716,0.0,31.0,0.7580645161290323,0.20967741935483872,7.0,-1,alto,2
2015,3,150103,LIMA,LIMA,ATE,ESSALUD,II-1,00008353,ESSALUD - HOSPITAL II VITARTE,241500,HOSPITALIZACIÓN QUIRÚRGICA GINECOLOGÍA,65,64,108,129,5,155,0,31,1.6875,0.0,31.0,0.832258064516129,0.41935483870967744,12.8,1,alto,2
2015,3,150103,LIMA,LIMA,ATE,ESSALUD,II-1,00008353,ESSALUD - HOSPITAL II VITARTE,241900,HOSPITALIZACIÓN DE MEDICINA MEDICINA INTERNA,94,84,738,959,31,961,7,31,8.785714285714286,0.08333333333333333,31.0,0.9979188345473465,0.09781477627471384,2.7096774193548385,10,alto,2
2015,3,150103,LIMA,LIMA,ATE,ESSALUD,II-1,00008353,ESSALUD - HOSPITAL II VITARTE,242300,HOSPITALIZACIÓN DE PEDIATRÍA PEDIATRÍA GENERAL,72,72,258,248,9,279,0,31,3.5833333333333335,0.0,31.0,0.8888888888888888,0.25806451612903225,8.0,0,alto,2
2015,3,150103,LIMA,LIMA,ATE,ESSALUD,II-1,00008353,ESSALUD - HOSPITAL II VITARTE,250304,HOSPIT. EN UNIDAD DE CUID.INTEN.-UNIDAD DE VIGILANCIA INTENSIVA (UVI)-MEDICINA,5,6,28,25,4,124,0,31,4.666666666666667,0.0,31.0,0.20161290322580644,0.04032258064516129,1.5,-1,bajo,0
2015,3,150105,LIMA,LIMA,BREÑA,MINSA,III-2,00006216,INSTITUTO NACIONAL DE SALUD DEL NIÑO,240200,HOSPITALIZACIÓN QUIRÚRGICA CIRUGÍA DE CABEZA Y CUELLO / MÁXILO FACIAL,32,38,402,293,11,341,0,31,10.578947368421053,0.0,31.0,0.8592375366568915,0.093841642228739,3.4545454545454546,-6,alto,2
2015,3,150105,LIMA,LIMA,BREÑA,MINSA,III-2,00006216,INSTITUTO NACIONAL DE SALUD DEL NIÑO,240400,HOSPITALIZACIÓN QUIRÚRGICA CIRUGÍA DE TÓRAX Y CARDIOVASCULAR,27,34,812,542,19,589,1,31,23.88235294117647,0.029411764705882353,31.0,0.9202037351443124,0.04584040747028863,1.7894736842105263,-7,alto,2
2015,3,150105,LIMA,LIMA,BREÑA,MINSA,III-2,00006216,INSTITUTO NACIONAL DE SALUD DEL NIÑO,240700,HOSPITALIZACIÓN QUIRÚRGICA CIRUGÍA PEDIÁTRICA,33,87,621,624,21,651,0,31,7.137931034482759,0.0,31.0,0.9585253456221198,0.05069124423963134,4.142857142857143,-54,alto,2
2015,3,150105,LIMA,LIMA,BREÑA,MINSA,III-2,00006216,INSTITUTO NACIONAL DE SALUD DEL NIÑO,240801,HOSPITALIZACIÓN QUIRÚRGICA CIRUGÍA PLÁSTICA/RECONSTRUCTIVA/ REPARADORA QUEMADOS,31,46,629,570,21,651,0,31,13.673913043478262,0.0,31.0,0.8755760368663594,0.047619047619047616,2.1904761904761907,-15,alto,2
2015,3,150105,LIMA,LIMA,BREÑA,MINSA,III-2,00006216,INSTITUTO NACIONAL DE SALUD DEL NIÑO,240900,HOSPITALIZACIÓN QUIRÚRGICA NEUROCIRUGÍA,19,46,765,682,23,713,0,31,16.630434782608695,0.0,31.0,0.9565217391304348,0.02664796633941094,2.0,-27,alto,2
2015,3,150105,LIMA,LIMA,BREÑA,MINSA,III-2,00006216,INSTITUTO NACIONAL DE SALUD DEL NIÑO,241200,HOSPITALIZACIÓN QUIRÚRGICA TRAUMATOLOGÍA Y ORTOPEDIA,30,73,1032,911,36,1116,0,31,14.136986301369863,0.0,31.0,0.8163082437275986,0.026881720430107527,2.0277777777777777,-43,medio,1
2015,3,150105,LIMA,LIMA,BREÑA,MINSA,III-2,00006216,INSTITUTO NACIONAL DE SALUD DEL NIÑO,241300,HOSPITALIZACIÓN QUIRÚRGICA UROLOGÍA,12,15,182,214,7,217,0,31,12.133333333333333,0.0,31.0,0.9861751152073732,0.055299539170506916,2.142857142857143,-3,alto,2
2015,3,150105,LIMA,LIMA,BREÑA,MINSA,III-2,00006216,INSTITUTO NACIONAL DE SALUD DEL NIÑO,242000,HOSPITALIZACIÓN DE MEDICINA MEDICINA TROPICAL E INFECCIOSAS,13,34,602,556,28,868,0,31,17.705882352941178,0.0,31.0,0.6405529953917051,0.014976958525345621,1.2142857142857142,-21,bajo,0
2015,3,150105,LIMA,LIMA,BREÑA,MINSA,III-2,00006216,INSTITUTO NACIONAL DE SALUD DEL NIÑO,242300,HOSPITALIZACIÓN DE PEDIATRÍA PEDIATRÍA GENERAL,0,185,2152,2394,79,2449,2,31,11.632432432432433,0.010810810810810811,31.0,0.9775418538178848,0.0,2.3417721518987342,-185,alto,2
2015,3,150105,LIMA,LIMA,BREÑA,MINSA,III-2,00006216,INSTITUTO NACIONAL DE SALUD DEL NIÑO,242600,HOSPITALIZACIÓN DE PEDIATRÍA PEDIATRIA CARDIOLOGÍA PEDIÁTRICA,22,29,690,522,24,744,1,31,23.79310344827586,0.034482758620689655,31.0,0.7016129032258065,0.02956989247311828,1.2083333333333333,-7,medio,1
2015,3,150105,LIMA,LIMA,BREÑA,MINSA,III-2,00006216,INSTITUTO NACIONAL DE SALUD DEL NIÑO,242700,HOSPITALIZACIÓN DE PEDIATRÍA PEDIATRIA DERMATOLOGÍA PEDIÁTRICA,7,35,271,265,10,310,0,31,7.742857142857143,0.0,31.0,0.8548387096774194,0.02258064516129032,3.5,-28,alto,2
2015,3,150105,LIMA,LIMA,BREÑA,MINSA,III-2,00006216,INSTITUTO NACIONAL DE SALUD DEL NIÑO,242900,HOSPITALIZACIÓN DE PEDIATRÍA PEDIATRIA GASTROENTEROLOGÍA PEDIÁTRICA,8,21,323,304,10,310,0,31,15.380952380952381,0.0,31.0,0.9806451612903225,0.025806451612903226,2.1,-13,alto,2
2015,3,150105,LIMA,LIMA,BREÑA,MINSA,III-2,00006216,INSTITUTO NACIONAL DE SALUD DEL NIÑO,243000,HOSPITALIZACIÓN DE PEDIATRÍA PEDIATRIA GINECOLOGÍA PEDIÁTRICA,2,6,34,60,2,62,0,31,5.666666666666667,0.0,31.0,0.967741935483871,0.03225806451612903,3.0,-4,alto,2
2015,3,150105,LIMA,LIMA,BREÑA,MINSA,III-2,00006216,INSTITUTO NACIONAL DE SALUD DEL NIÑO,243100,HOSPITALIZACIÓN DE PEDIATRÍA PEDIATRIA NEFROLOGÍA PEDIÁTRICA,6,14,228,167,6,186,0,31,16.285714285714285,0.0,31.0,0.8978494623655914,0.03225806451612903,2.3333333333333335,-8,alto,2
2015,3,150105,LIMA,LIMA,BREÑA,MINSA,III-2,00006216,INSTITUTO NACIONAL DE SALUD DEL NIÑO,243200,HOSPITALIZACIÓN DE PEDIATRÍA PEDIATRIA NEONATOLOGÍA,1,11,239,297,10,310,1,31,21.727272727272727,0.09090909090909091,31.0,0.9580645161290322,0.0032258064516129032,1.1,-10,alto,2
2015,3,150105,LIMA,LIMA,BREÑA,MINSA,III-2,00006216,INSTITUTO NACIONAL DE SALUD DEL NIÑO,243300,HOSPITALIZACIÓN DE PEDIATRÍA PEDIATRIA NEUMOLOGÍA PEDIÁTRICA,7,19,587,659,23,713,0,31,30.894736842105264,0.0,31.0,0.9242636746143057,0.009817671809256662,0.8260869565217391,-12,alto,2
2015,3,150105,LIMA,LIMA,BREÑA,MINSA,III-2,00006216,INSTITUTO NACIONAL DE SALUD DEL NIÑO,243400,HOSPITALIZACIÓN DE PEDIATRÍA PEDIATRIA NEUROLOGÍA PEDIÁTRICA,1,18,164,406,15,465,0,31,9.11111111111111,0.0,31.0,0.8731182795698925,0.002150537634408602,1.2,-17,alto,2
2015,3,150105,LIMA,LIMA,BREÑA,MINSA,III-2,00006216,INSTITUTO NACIONAL DE SALUD DEL NIÑO,243500,HOSPITALIZACIÓN DE PEDIATRÍA PEDIATRIA OFTALMOLOGÍA PEDIÁTRICA,1,1,2,2,1,31,0,31,2.0,0.0,31.0,0.06451612903225806,0.03225806451612903,1.0,0,bajo,0
2015,3,150105,LIMA,LIMA,BREÑA,MINSA,III-2,00006216,INSTITUTO NACIONAL DE SALUD DEL NIÑO,243700,HOSPITALIZACIÓN DE PEDIATRÍA PEDIATRIA OTORRINOLARINGOLOGÍA PEDIÁTRICA,35,36,148,152,10,310,0,31,4.111111111111111,0.0,31.0,0.49032258064516127,0.11290322580645161,3.6,-1,medio,1
2015,3,150105,LIMA,LIMA,BREÑA,MINSA,III-2,00006216,INSTITUTO NACIONAL DE SALUD DEL NIÑO,244500,HOSPITALIZACIÓN DE MEDICINA HEMATOLOGÍA,0,2,26,120,4,124,0,31,13.0,0.0,31.0,0.967741935483871,0.0,0.5,-2,alto,2
2015,3,150105,LIMA,LIMA,BREÑA,MINSA,III-2,00006216,INSTITUTO NACIONAL DE SALUD DEL NIÑO,250108,UNIDAD DE CUIDADOS CRITICOS UNIDAD DE CUIDADOS INTENSIVOS (UCI) PEDIÁTRICA,0,8,308,468,16,496,8,31,38.5,1.0,31.0,0.9435483870967742,0.0,0.5,-8,alto,2
2015,3,150108,LIMA,LIMA,CHORRILLOS,MINSA,III-2,00007734,"INSTITUTO NACIONAL DE REHABILITACION ""DRA. ADRIANA REBAZA FLORES"" AMISTAD PERU - JAPON",240000,HOSPITALIZACIÓN,12,16,1459,789,36,1116,0,31,91.1875,0.0,31.0,0.706989247311828,0.010752688172043012,0.4444444444444444,-4,medio,1
2015,3,150111,LIMA,LIMA,EL AGUSTINO,MINSA,III-1,00005946,HOSPITAL NACIONAL HIPOLITO UNANUE,240100,HOSPITALIZACIÓN QUIRÚRGICA CIRUGÍA GENERAL,298,268,5353,3626,117,3627,1,31,19.973880597014926,0.0037313432835820895,31.0,0.9997242900468707,0.08216156603253377,2.2905982905982905,30,alto,2
2015,3,150111,LIMA,LIMA,EL AGUSTINO,MINSA,III-1,00005946,HOSPITAL NACIONAL HIPOLITO UNANUE,240200,HOSPITALIZACIÓN QUIRÚRGICA CIRUGÍA DE CABEZA Y CUELLO / MÁXILO FACIAL,27,26,216,350,12,372,0,31,8.307692307692308,0.0,31.0,0.9408602150537635,0.07258064516129033,2.1666666666666665,1,alto,2
2015,3,150111,LIMA,LIMA,EL AGUSTINO,MINSA,III-1,00005946,HOSPITAL NACIONAL HIPOLITO UNANUE,240600,HOSPITALIZACIÓN QUIRÚRGICA CIRUGÍA OFTALMOLÓGICA,3,3,6,6,6,186,0,31,2.0,0.0,31.0,0.03225806451612903,0.016129032258064516,0.5,0,bajo,0
2015,3,150111,LIMA,LIMA,EL AGUSTINO,MINSA,III-1,00005946,HOSPITAL NACIONAL HIPOLITO UNANUE,240700,HOSPITALIZACIÓN QUIRÚRGICA CIRUGÍA PEDIÁTRICA,45,47,245,189,7,217,0,31,5.212765957446808,0.0,31.0,0.8709677419354839,0.2073732718894009,6.714285714285714,-2,alto,2
2015,3,150111,LIMA,LIMA,EL AGUSTINO,MINSA,III-1,00005946,HOSPITAL NACIONAL HIPOLITO UNANUE,240800,HOSPITALIZACIÓN QUIRÚRGICA CIRUGÍA PLÁSTICA/RECONSTRUCTIVA/ REPARADORA,6,7,151,260,10,310,0,31,21.571428571428573,0.0,31.0,0.8387096774193549,0.01935483870967742,0.7,-1,medio,1
2015,3,150111,LIMA,LIMA,EL AGUSTINO,MINSA,III-1,00005946,HOSPITAL NACIONAL HIPOLITO UNANUE,240900,HOSPITALIZACIÓN QUIRÚRGICA NEUROCIRUGÍA,24,23,730,787,22,682,4,31,31.73913043478261,0.17391304347826086,31.0,1.153958944281525,0.03519061583577713,1.0454545454545454,1,alto,2
2015,3,150111,LIMA,LIMA,EL AGUSTINO,MINSA,III-1,00005946,HOSPITAL NACIONAL HIPOLITO UNANUE,241100,HOSPITALIZACIÓN QUIRÚRGICA OTORRINOLARINGOLOGÍA,8,10,41,37,6,186,0,31,4.1,0.0,31.0,0.1989247311827957,0.043010752688172046,1.6666666666666667,-2,bajo,0
2015,3,150111,LIMA,LIMA,EL AGUSTINO,MINSA,III-1,00005946,HOSPITAL NACIONAL HIPOLITO UNANUE,241200,HOSPITALIZACIÓN QUIRÚRGICA TRAUMATOLOGÍA Y ORTOPEDIA,75,78,1691,1329,50,1550,0,31,21.67948717948718,0.0,31.0,0.8574193548387097,0.04838709677419355,1.56,-3,alto,2
2015,3,150111,LIMA,LIMA,EL AGUSTINO,MINSA,III-1,00005946,HOSPITAL NACIONAL HIPOLITO UNANUE,241300,HOSPITALIZACIÓN QUIRÚRGICA UROLOGÍA,20,27,1074,234,12,372,0,31,39.77777777777778,0.0,31.0,0.6290322580645161,0.053763440860215055,2.25,-7,bajo,0
2015,3,150111,LIMA,LIMA,EL AGUSTINO,MINSA,III-1,00005946,HOSPITAL NACIONAL HIPOLITO UNANUE,241400,HOSPITALIZACIÓN QUIRÚRGICA GINECO - OBSTETRICIA,22,21,41,54,6,186,0,31,1.9523809523809523,0.0,31.0,0.2903225806451613,0.11827956989247312,3.5,1,medio,1
2015,3,150111,LIMA,LIMA,EL AGUSTINO,MINSA,III-1,00005946,HOSPITAL NACIONAL HIPOLITO UNANUE,241500,HOSPITALIZACIÓN QUIRÚRGICA GINECOLOGÍA,77,75,324,945,35,1085,0,31,4.32,0.0,31.0,0.8709677419354839,0.07096774193548387,2.142857142857143,2,alto,2
2015,3,150111,LIMA,LIMA,EL AGUSTINO,MINSA,III-1,00005946,HOSPITAL NACIONAL HIPOLITO UNANUE,241600,HOSPITALIZACIÓN QUIRÚRGICA OBSTETRICIA,803,790,2036,2470,73,2263,0,31,2.5772151898734177,0.0,31.0,1.0914714980114892,0.3548387096774194,10.821917808219178,13,alto,2
2015,3,150111,LIMA,LIMA,EL AGUSTINO,MINSA,III-1,00005946,HOSPITAL NACIONAL HIPOLITO UNANUE,241800,HOSPITALIZACIÓN DE MEDICINA MEDICINA GENERAL,30,23,542,556,18,558,1,31,23.565217391304348,0.043478260869565216,31.0,0.996415770609319,0.053763440860215055,1.2777777777777777,7,alto,2
2015,3,150111,LIMA,LIMA,EL AGUSTINO,MINSA,III-1,00005946,HOSPITAL NACIONAL HIPOLITO UNANUE,241900,HOSPITALIZACIÓN DE MEDICINA MEDICINA INTERNA,369,364,5207,4904,170,5270,36,31,14.304945054945055,0.0989010989010989,31.0,0.930550284629981,0.07001897533206831,2.1411764705882352,5,alto,2
2015,3,150111,LIMA,LIMA,EL AGUSTINO,MINSA,III-1,00005946,HOSPITAL NACIONAL HIPOLITO UNANUE,242200,HOSPITALIZACIÓN DE MEDICINA PSIQUIATRÍA,9,6,12,43,3,93,0,31,2.0,0.0,31.0,0.46236559139784944,0.0967741935483871,2.0,3,medio,1
2015,3,150111,LIMA,LIMA,EL AGUSTINO,MINSA,III-1,00005946,HOSPITAL NACIONAL HIPOLITO UNANUE,242300,HOSPITALIZACIÓN DE PEDIATRÍA PEDIATRÍA GENERAL,113,113,954,774,40,1240,2,31,8.442477876106194,0.017699115044247787,31.0,0.6241935483870967,0.09112903225806451,2.825,0,medio,1
2015,3,150111,LIMA,LIMA,EL AGUSTINO,MINSA,III-1,00005946,HOSPITAL NACIONAL HIPOLITO UNANUE,243200,HOSPITALIZACIÓN DE PEDIATRÍA PEDIATRIA NEONATOLOGÍA,139,119,1057,1362,47,1457,5,31,8.882352941176471,0.04201680672268908,31.0,0.9347975291695264,0.09540150995195608,2.5319148936170213,20,alto,2
2015,3,150111,LIMA,LIMA,EL AGUSTINO,MINSA,III-1,00005946,HOSPITAL NACIONAL HIPOLITO UNANUE,250200,UNIDAD DE CUIDADOS CRITICOS UNIDAD DE CUIDADOS INTERMEDIOS GENERAL (UCIN),13,5,162,208,7,217,4,31,32.4,0.8,31.0,0.9585253456221198,0.059907834101382486,0.7142857142857143,8,alto,2
2015,3,150115,LIMA,LIMA,LA VICTORIA,ESSALUD,III-2,00009251,HOSPITAL NACIONAL GUILLERMO ALMENARA IRIGOYEN,240100,HOSPITALIZACIÓN QUIRÚRGICA CIRUGÍA GENERAL,415,409,3539,3293,128,3968,10,31,8.65281173594132,0.02444987775061125,31.0,0.8298891129032258,0.1045866935483871,3.1953125,6,medio,1
2015,3,150115,LIMA,LIMA,LA VICTORIA,ESSALUD,III-2,00009251,HOSPITAL NACIONAL GUILLERMO ALMENARA IRIGOYEN,240200,HOSPITALIZACIÓN QUIRÚRGICA CIRUGÍA DE CABEZA Y CUELLO / MÁXILO FACIAL,40,39,297,243,8,248,0,31,7.615384615384615,0.0,31.0,0.9798387096774194,0.16129032258064516,4.875,1,alto,2
2015,3,150115,LIMA,LIMA,LA VICTORIA,ESSALUD,III-2,00009251,HOSPITAL NACIONAL GUILLERMO ALMENARA IRIGOYEN,240500,HOSPITALIZACIÓN QUIRÚRGICA CIRUGÍA DE TRANSPLANTES,55,52,452,406,15,465,0,31,8.692307692307692,0.0,31.0,0.8731182795698925,0.11827956989247312,3.466666666666667,3,alto,2
2015,3,150115,LIMA,LIMA,LA VICTORIA,ESSALUD,III-2,00009251,HOSPITAL NACIONAL GUILLERMO ALMENARA IRIGOYEN,240600,HOSPITALIZACIÓN QUIRÚRGICA CIRUGÍA OFTALMOLÓGICA,38,36,340,264,10,310,0,31,9.444444444444445,0.0,31.0,0.8516129032258064,0.12258064516129032,3.6,2,alto,2
2015,3,150115,LIMA,LIMA,LA VICTORIA,ESSALUD,III-2,00009251,HOSPITAL NACIONAL GUILLERMO ALMENARA IRIGOYEN,240700,HOSPITALIZACIÓN QUIRÚRGICA CIRUGÍA PEDIÁTRICA,138,142,631,467,17,527,0,31,4.443661971830986,0.0,31.0,0.8861480075901328,0.2618595825426945,8.352941176470589,-4,alto,2
2015,3,150115,LIMA,LIMA,LA VICTORIA,ESSALUD,III-2,00009251,HOSPITAL NACIONAL GUILLERMO ALMENARA IRIGOYEN,240800,HOSPITALIZACIÓN QUIRÚRGICA CIRUGÍA PLÁSTICA/RECONSTRUCTIVA/ REPARADORA,78,78,747,579,21,651,0,31,9.576923076923077,0.0,31.0,0.8894009216589862,0.11981566820276497,3.7142857142857144,0,alto,2
2015,3,150115,LIMA,LIMA,LA VICTORIA,ESSALUD,III-2,00009251,HOSPITAL NACIONAL GUILLERMO ALMENARA IRIGOYEN,240900,HOSPITALIZACIÓN QUIRÚRGICA NEUROCIRUGÍA,93,92,734,627,22,682,1,31,7.978260869565218,0.010869565217391304,31.0,0.9193548387096774,0.13636363636363635,4.181818181818182,1,alto,2
2015,3,150115,LIMA,LIMA,LA VICTORIA,ESSALUD,III-2,00009251,HOSPITAL NACIONAL GUILLERMO ALMENARA IRIGOYEN,241100,HOSPITALIZACIÓN QUIRÚRGICA OTORRINOLARINGOLOGÍA,83,82,483,454,16,496,0,31,5.890243902439025,0.0,31.0,0.9153225806451613,0.16733870967741934,5.125,1,alto,2
2015,3,150115,LIMA,LIMA,LA VICTORIA,ESSALUD,III-2,00009251,HOSPITAL NACIONAL GUILLERMO ALMENARA IRIGOYEN,241200,HOSPITALIZACIÓN QUIRÚRGICA TRAUMATOLOGÍA Y ORTOPEDIA,168,163,2187,1977,64,1984,1,31,13.417177914110429,0.006134969325153374,31.0,0.9964717741935484,0.0846774193548387,2.546875,5,alto,2
2015,3,150115,LIMA,LIMA,LA VICTORIA,ESSALUD,III-2,00009251,HOSPITAL NACIONAL GUILLERMO ALMENARA IRIGOYEN,241300,HOSPITALIZACIÓN QUIRÚRGICA UROLOGÍA,148,145,1375,1282,43,1333,0,31,9.482758620689655,0.0,31.0,0.9617404351087772,0.1110277569392348,3.372093023255814,3,alto,2
2015,3,150115,LIMA,LIMA,LA VICTORIA,ESSALUD,III-2,00009251,HOSPITAL NACIONAL GUILLERMO ALMENARA IRIGOYEN,241500,HOSPITALIZACIÓN QUIRÚRGICA GINECOLOGÍA,110,99,607,508,18,558,0,31,6.1313131313131315,0.0,31.0,0.910394265232975,0.1971326164874552,5.5,11,alto,2
2015,3,150115,LIMA,LIMA,LA VICTORIA,ESSALUD,III-2,00009251,HOSPITAL NACIONAL GUILLERMO ALMENARA IRIGOYEN,241600,HOSPITALIZACIÓN QUIRÚRGICA OBSTETRICIA,443,445,1945,1576,52,1612,0,31,4.370786516853933,0.0,31.0,0.9776674937965261,0.27481389578163773,8.557692307692308,-2,alto,2
2015,3,150115,LIMA,LIMA,LA VICTORIA,ESSALUD,III-2,00009251,HOSPITAL NACIONAL GUILLERMO ALMENARA IRIGOYEN,241800,HOSPITALIZACIÓN DE MEDICINA MEDICINA GENERAL,454,451,4159,3802,131,4061,6,31,9.221729490022174,0.013303769401330377,31.0,0.9362226052696381,0.11179512435360749,3.4427480916030535,3,alto,2
2015,3,150115,LIMA,LIMA,LA VICTORIA,ESSALUD,III-2,00009251,HOSPITAL NACIONAL GUILLERMO ALMENARA IRIGOYEN,241900,HOSPITALIZACIÓN DE MEDICINA MEDICINA INTERNA,793,786,8265,7709,267,8277,52,31,10.51526717557252,0.06615776081424936,31.0,0.9313761024525794,0.09580765978011357,2.943820224719101,7,alto,2
2015,3,150115,LIMA,LIMA,LA VICTORIA,ESSALUD,III-2,00009251,HOSPITAL NACIONAL GUILLERMO ALMENARA IRIGOYEN,242100,HOSPITALIZACIÓN DE MEDICINA ONCOLOGÍA MÉDICA,46,41,499,433,17,527,0,31,12.170731707317072,0.0,31.0,0.8216318785578748,0.0872865275142315,2.411764705882353,5,medio,1
2015,3,150115,LIMA,LIMA,LA VICTORIA,ESSALUD,III-2,00009251,HOSPITAL NACIONAL GUILLERMO ALMENARA IRIGOYEN,242200,HOSPITALIZACIÓN DE MEDICINA PSIQUIATRÍA,8,9,110,103,4,124,0,31,12.222222222222221,0.0,31.0,0.8306451612903226,0.06451612903225806,2.25,-1,medio,1
2015,3,150115,LIMA,LIMA,LA VICTORIA,ESSALUD,III-2,00009251,HOSPITAL NACIONAL GUILLERMO ALMENARA IRIGOYEN,242204,HOSPITALIZACIÓN DE MEDICINA PSIQUIATRÍA REHABILITACIÓN PSIQUIÁTRICA / REINSERCIÓN,36,36,341,368,12,372,0,31,9.472222222222221,0.0,31.0,0.989247311827957,0.0967741935483871,3.0,0,alto,2
2015,3,150115,LIMA,LIMA,LA VICTORIA,ESSALUD,III-2,00009251,HOSPITAL NACIONAL GUILLERMO ALMENARA IRIGOYEN,242300,HOSPITALIZACIÓN DE PEDIATRÍA PEDIATRÍA GENERAL,70,67,775,988,36,1116,4,31,11.567164179104477,0.05970149253731343,31.0,0.8853046594982079,0.06272401433691756,1.8611111111111112,3,alto,2
2015,3,150115,LIMA,LIMA,LA VICTORIA,ESSALUD,III-2,00009251,HOSPITAL NACIONAL GUILLERMO ALMENARA IRIGOYEN,242800,HOSPITALIZACIÓN DE PEDIATRÍA PEDIATRIA ENDOCRINOLOGÍA PEDIÁTRICA,40,39,437,366,12,372,0,31,11.205128205128204,0.0,31.0,0.9838709677419355,0.10752688172043011,3.25,1,alto,2
2015,3,150115,LIMA,LIMA,LA VICTORIA,ESSALUD,III-2,00009251,HOSPITAL NACIONAL GUILLERMO ALMENARA IRIGOYEN,243200,HOSPITALIZACIÓN DE PEDIATRÍA PEDIATRIA NEONATOLOGÍA,184,184,1295,1240,41,1271,6,31,7.038043478260869,0.03260869565217391,31.0,0.975609756097561,0.14476789929189615,4.487804878048781,0,alto,2
2015,3,150115,LIMA,LIMA,LA VICTORIA,ESSALUD,III-2,00009251,HOSPITAL NACIONAL GUILLERMO ALMENARA IRIGOYEN,243400,HOSPITALIZACIÓN DE PEDIATRÍA PEDIATRIA NEUROLOGÍA PEDIÁTRICA,145,144,574,485,21,651,4,31,3.986111111111111,0.027777777777777776,31.0,0.7450076804915514,0.2227342549923195,6.857142857142857,1,alto,2
2015,3,150115,LIMA,LIMA,LA VICTORIA,ESSALUD,III-2,00009251,HOSPITAL NACIONAL GUILLERMO ALMENARA IRIGOYEN,243800,HOSPITALIZACIÓN DE PEDIATRÍA PEDIATRIA PSIQUIATRÍA PEDIÁTRICA,9,9,83,69,3,93,0,31,9.222222222222221,0.0,31.0,0.7419354838709677,0.0967741935483871,3.0,0,medio,1
2015,3,150120,LIMA,LIMA,MAGDALENA DEL MAR,MINSA,III-1,00006214,HOSPITAL VICTOR LARCO HERRERA,242200,HOSPITALIZACIÓN DE MEDICINA PSIQUIATRÍA,53,47,26838,14013,590,18290,0,31,571.0212765957447,0.0,31.0,0.7661563696008747,0.0028977583378895573,0.07966101694915254,6,medio,1
2015,3,150133,LIMA,LIMA,SAN JUAN DE MIRAFLORES,MINSA,III-1,00005987,HOSPITAL MARIA AUXILIADORA,240100,HOSPITALIZACIÓN QUIRÚRGICA CIRUGÍA GENERAL,248,293,2519,2418,90,2791,0,31,8.597269624573379,0.0,31.011111111111113,0.8666666666666667,0.08885704048728055,3.2555555555555555,-45,alto,2
2015,3,150133,LIMA,LIMA,SAN JUAN DE MIRAFLORES,MINSA,III-1,00005987,HOSPITAL MARIA AUXILIADORA,241400,HOSPITALIZACIÓN QUIRÚRGICA GINECO - OBSTETRICIA,646,892,2632,2477,94,2922,0,31,2.9506726457399104,0.0,31.085106382978722,0.8500343170899107,0.22108145106091717,9.48936170212766,-246,alto,2
2015,3,150133,LIMA,LIMA,SAN JUAN DE MIRAFLORES,MINSA,III-1,00005987,HOSPITAL MARIA AUXILIADORA,241900,HOSPITALIZACIÓN DE MEDICINA MEDICINA INTERNA,152,149,1642,1884,70,2170,9,31,11.020134228187919,0.06040268456375839,31.0,0.8682027649769585,0.07004608294930875,2.1285714285714286,3,alto,2
2015,3,150133,LIMA,LIMA,SAN JUAN DE MIRAFLORES,MINSA,III-1,00005987,HOSPITAL MARIA AUXILIADORA,242100,HOSPITALIZACIÓN DE MEDICINA ONCOLOGÍA MÉDICA,41,44,330,331,14,331,2,31,7.5,0.045454545454545456,23.642857142857142,0.7626728110599078,0.12386706948640483,3.142857142857143,-3,alto,2
2015,3,150133,LIMA,LIMA,SAN JUAN DE MIRAFLORES,MINSA,III-1,00005987,HOSPITAL MARIA AUXILIADORA,242300,HOSPITALIZACIÓN DE PEDIATRÍA PEDIATRÍA GENERAL,162,151,863,860,44,1364,1,31,5.71523178807947,0.006622516556291391,31.0,0.6304985337243402,0.1187683284457478,3.4318181818181817,11,medio,1
2015,3,150133,LIMA,LIMA,SAN JUAN DE MIRAFLORES,MINSA,III-1,00005987,HOSPITAL MARIA AUXILIADORA,243200,HOSPITALIZACIÓN DE PEDIATRÍA PEDIATRIA NEONATOLOGÍA,57,292,2311,2163,74,2306,7,31,7.914383561643835,0.023972602739726026,31.16216216216216,0.9428945074106364,0.024718126626192542,3.945945945945946,-235,alto,2
2015,3,150135,LIMA,LIMA,SAN MARTIN DE PORRES,MINSA,III-2,00007733,"INSTITUTO NACIONAL DE SALUD MENTAL ""HONORIO DELGADO - HIDEYO NOGUCHI""",242202,HOSPITALIZACIÓN DE MEDICINA PSIQUIATRÍA PSIQUIATRÍA DEL ADULTO Y GERONTE,27,23,1369,1811,62,1922,0,31,59.52173913043478,0.0,31.0,0.9422476586888657,0.01404786680541103,0.3709677419354839,4,alto,2
2015,3,150135,LIMA,LIMA,SAN MARTIN DE PORRES,MINSA,III-2,00007733,"INSTITUTO NACIONAL DE SALUD MENTAL ""HONORIO DELGADO - HIDEYO NOGUCHI""",242205,HOSPITALIZACIÓN MEDICINA PSIQUIATRÍA PISIQUIATRIA/ SALUD MENTAL Y ADICCIONES,3,6,404,304,19,589,0,31,67.33333333333333,0.0,31.0,0.5161290322580645,0.0050933786078098476,0.3157894736842105,-3,bajo,0
2015,3,150137,LIMA,LIMA,SANTA ANITA,MINSA,III-1,00005948,HOSPITAL HERMILIO VALDIZAN,242200,HOSPITALIZACIÓN DE MEDICINA PSIQUIATRÍA,86,84,22165,4918,210,6510,1,31,263.8690476190476,0.011904761904761904,31.0,0.7554531490015362,0.013210445468509985,0.4,2,medio,1
2015,3,150137,LIMA,LIMA,SANTA ANITA,MINSA,III-1,00005948,HOSPITAL HERMILIO VALDIZAN,242204,HOSPITALIZACIÓN DE MEDICINA PSIQUIATRÍA REHABILITACIÓN PSIQUIÁTRICA / REINSERCIÓN,22,22,516,526,20,620,0,31,23.454545454545453,0.0,31.0,0.8483870967741935,0.035483870967741936,1.1,0,medio,1
2015,4,150101,LIMA,LIMA,LIMA,MINSA,III-1,00006207,NACIONAL ARZOBISPO LOAYZA,240100,HOSPITALIZACIÓN QUIRÚRGICA CIRUGÍA GENERAL,396,371,3198,3466,120,3712,2,30,8.619946091644206,0.005390835579514825,30.933333333333334,0.9627777777777777,0.10668103448275862,3.091666666666667,25,alto,2
2015,4,150101,LIMA,LIMA,LIMA,MINSA,III-1,00006207,NACIONAL ARZOBISPO LOAYZA,240200,HOSPITALIZACIÓN QUIRÚRGICA CIRUGÍA DE CABEZA Y CUELLO / MÁXILO FACIAL,23,21,275,313,15,450,0,30,13.095238095238095,0.0,30.0,0.6955555555555556,0.051111111111111114,1.4,2,bajo,0
2015,4,150101,LIMA,LIMA,LIMA,MINSA,III-1,00006207,NACIONAL ARZOBISPO LOAYZA,240800,HOSPITALIZACIÓN QUIRÚRGICA CIRUGÍA PLÁSTICA/RECONSTRUCTIVA/ REPARADORA,23,18,382,513,23,690,0,30,21.22222222222222,0.0,30.0,0.7434782608695653,0.03333333333333333,0.782608695652174,5,medio,1
2015,4,150101,LIMA,LIMA,LIMA,MINSA,III-1,00006207,NACIONAL ARZOBISPO LOAYZA,240900,HOSPITALIZACIÓN QUIRÚRGICA NEUROCIRUGÍA,30,25,434,431,15,450,0,30,17.36,0.0,30.0,0.9577777777777777,0.06666666666666667,1.6666666666666667,5,alto,2
2015,4,150101,LIMA,LIMA,LIMA,MINSA,III-1,00006207,NACIONAL ARZOBISPO LOAYZA,241200,HOSPITALIZACIÓN QUIRÚRGICA TRAUMATOLOGÍA Y ORTOPEDIA,66,58,944,754,30,900,0,30,16.275862068965516,0.0,30.0,0.8377777777777777,0.07333333333333333,1.9333333333333333,8,medio,1
2015,4,150101,LIMA,LIMA,LIMA,MINSA,III-1,00006207,NACIONAL ARZOBISPO LOAYZA,241300,HOSPITALIZACIÓN QUIRÚRGICA UROLOGÍA,79,79,795,804,32,960,0,30,10.063291139240507,0.0,30.0,0.8375,0.08229166666666667,2.46875,0,medio,1
2015,4,150101,LIMA,LIMA,LIMA,MINSA,III-1,00006207,NACIONAL ARZOBISPO LOAYZA,241500,HOSPITALIZACIÓN QUIRÚRGICA GINECOLOGÍA,198,186,1246,1343,53,1590,0,30,6.698924731182796,0.0,30.0,0.8446540880503145,0.12452830188679245,3.509433962264151,12,alto,2
2015,4,150101,LIMA,LIMA,LIMA,MINSA,III-1,00006207,NACIONAL ARZOBISPO LOAYZA,241600,HOSPITALIZACIÓN QUIRÚRGICA OBSTETRICIA,411,391,1568,1726,79,2370,0,30,4.010230179028133,0.0,30.0,0.7282700421940929,0.17341772151898735,4.949367088607595,20,alto,2
2015,4,150101,LIMA,LIMA,LIMA,MINSA,III-1,00006207,NACIONAL ARZOBISPO LOAYZA,241700,HOSPITALIZACIÓN QUIRÚRGICA GINECOLOGÍA GINECOLOGIA ONCOLOGICA,28,26,157,225,8,240,0,30,6.038461538461538,0.0,30.0,0.9375,0.11666666666666667,3.25,2,alto,2
2015,4,150101,LIMA,LIMA,LIMA,MINSA,III-1,00006207,NACIONAL ARZOBISPO LOAYZA,241800,HOSPITALIZACIÓN DE MEDICINA MEDICINA GENERAL,22,26,154,130,6,180,2,30,5.923076923076923,0.07692307692307693,30.0,0.7222222222222222,0.12222222222222222,4.333333333333333,-4,medio,1
2015,4,150101,LIMA,LIMA,LIMA,MINSA,III-1,00006207,NACIONAL ARZOBISPO LOAYZA,241900,HOSPITALIZACIÓN DE MEDICINA MEDICINA INTERNA,577,544,7119,7160,245,7591,48,30,13.086397058823529,0.08823529411764706,30.983673469387757,0.9741496598639455,0.0760110657357397,2.220408163265306,33,alto,2
2015,4,150101,LIMA,LIMA,LIMA,MINSA,III-1,00006207,NACIONAL ARZOBISPO LOAYZA,242300,HOSPITALIZACIÓN DE PEDIATRÍA PEDIATRÍA GENERAL,132,126,591,519,38,1140,0,30,4.690476190476191,0.0,30.0,0.45526315789473687,0.11578947368421053,3.3157894736842106,6,medio,1
2015,4,150101,LIMA,LIMA,LIMA,MINSA,III-1,00006207,NACIONAL ARZOBISPO LOAYZA,243200,HOSPITALIZACIÓN DE PEDIATRÍA PEDIATRIA NEONATOLOGÍA,334,331,1254,1296,76,2280,1,30,3.788519637462236,0.0030211480362537764,30.0,0.5684210526315789,0.14649122807017545,4.355263157894737,3,alto,2
2015,4,150101,LIMA,LIMA,LIMA,MINSA,III-1,00006207,NACIONAL ARZOBISPO LOAYZA,250100,UNIDAD DE CUIDADOS CRITICOS UNIDAD DE CUIDADOS INTENSIVOS GENERALES (UCI),29,27,342,175,6,180,2,30,12.666666666666666,0.07407407407407407,30.0,0.9722222222222222,0.16111111111111112,4.5,2,alto,2
2015,4,150101,LIMA,LIMA,LIMA,MINSA,III-1,00006207,NACIONAL ARZOBISPO LOAYZA,250200,UNIDAD DE CUIDADOS CRITICOS UNIDAD DE CUIDADOS INTERMEDIOS GENERAL (UCIN),21,24,240,435,16,480,3,30,10.0,0.125,30.0,0.90625,0.04375,1.5,-3,alto,2
2015,4,150101,LIMA,LIMA,LIMA,MINSA,III-2,00006209,INSTITUTO NACIONAL DE CIENCIAS NEUROLOGICAS,240900,HOSPITALIZACIÓN QUIRÚRGICA NEUROCIRUGÍA,151,74,1442,1155,40,1200,1,30,19.486486486486488,0.013513513513513514,30.0,0.9625,0.12583333333333332,1.85,77,alto,2
2015,4,150101,LIMA,LIMA,LIMA,MINSA,III-2,00006209,INSTITUTO NACIONAL DE CIENCIAS NEUROLOGICAS,241100,HOSPITALIZACIÓN QUIRÚRGICA OTORRINOLARINGOLOGÍA,2,2,4,1,1,30,0,30,2.0,0.0,30.0,0.03333333333333333,0.06666666666666667,2.0,0,bajo,0
2015,4,150101,LIMA,LIMA,LIMA,MINSA,III-2,00006209,INSTITUTO NACIONAL DE CIENCIAS NEUROLOGICAS,243400,HOSPITALIZACIÓN DE PEDIATRÍA PEDIATRIA NEUROLOGÍA PEDIÁTRICA,20,20,429,319,20,600,0,30,21.45,0.0,30.0,0.5316666666666666,0.03333333333333333,1.0,0,bajo,0
2015,4,150101,LIMA,LIMA,LIMA,MINSA,III-2,00006209,INSTITUTO NACIONAL DE CIENCIAS NEUROLOGICAS,244800,HOSPITALIZACIÓN-HOSPITALIZACIÓN DE MEDICINA-GERIATRIA,14,16,333,353,20,600,0,30,20.8125,0.0,30.0,0.5883333333333334,0.023333333333333334,0.8,-2,bajo,0
2015,4,150101,LIMA,LIMA,LIMA,MINSA,III-2,00006209,INSTITUTO NACIONAL DE CIENCIAS NEUROLOGICAS,244900,HOSPITALIZACIÓN DE MEDICINA NEUROLOGIA NEURODEGENERATIVAS,24,21,477,668,44,1320,0,30,22.714285714285715,0.0,30.0,0.5060606060606061,0.01818181818181818,0.4772727272727273,3,bajo,0
2015,4,150101,LIMA,LIMA,LIMA,MINSA,III-2,00006209,INSTITUTO NACIONAL DE CIENCIAS NEUROLOGICAS,245000,HOSPITALIZACIÓN DE MEDICINA NEUROLOGIA NEUROVASCULARES Y METABOLICAS,22,23,581,453,17,510,1,30,25.26086956521739,0.043478260869565216,30.0,0.888235294117647,0.043137254901960784,1.3529411764705883,-1,alto,2
2015,4,150101,LIMA,LIMA,LIMA,MINSA,III-2,00006209,INSTITUTO NACIONAL DE CIENCIAS NEUROLOGICAS,245100,HOSPITALIZACIÓN DE MEDICINA NEUROLOGIA ENFERMEDADES INFECCIOSAS/TRANSMISIBLES DEL SISTEMA NERVIOSO,26,24,975,745,28,840,1,30,40.625,0.041666666666666664,30.0,0.8869047619047619,0.030952380952380953,0.8571428571428571,2,alto,2
2015,4,150101,LIMA,LIMA,LIMA,MINSA,III-2,00006209,INSTITUTO NACIONAL DE CIENCIAS NEUROLOGICAS,245200,HOSPITALIZACIÓN DE MEDICINA NEUROLOGIA EPILEPSIA/EPILEPTOLOGIA,33,29,252,297,17,510,0,30,8.689655172413794,0.0,30.0,0.5823529411764706,0.06470588235294118,1.7058823529411764,4,bajo,0
2015,4,150101,LIMA,LIMA,LIMA,MINSA,III-2,00006209,INSTITUTO NACIONAL DE CIENCIAS NEUROLOGICAS,250106,UNIDAD DE CUIDADOS CRITICOS UNIDAD DE CUIDADOS INTENSIVOS (UCI) NEUROLÓGICA,5,2,10,99,5,150,2,30,5.0,1.0,30.0,0.66,0.03333333333333333,0.4,3,bajo,0
2015,4,150103,LIMA,LIMA,ATE,ESSALUD,II-1,00008353,ESSALUD - HOSPITAL II VITARTE,240100,HOSPITALIZACIÓN QUIRÚRGICA CIRUGÍA GENERAL,132,120,267,262,9,270,0,30,2.225,0.0,30.0,0.9703703703703703,0.4888888888888889,13.333333333333334,12,alto,2
2015,4,150103,LIMA,LIMA,ATE,ESSALUD,II-1,00008353,ESSALUD - HOSPITAL II VITARTE,241200,HOSPITALIZACIÓN QUIRÚRGICA TRAUMATOLOGÍA Y ORTOPEDIA,32,33,235,226,9,270,0,30,7.121212121212121,0.0,30.0,0.837037037037037,0.11851851851851852,3.6666666666666665,-1,medio,1
2015,4,150103,LIMA,LIMA,ATE,ESSALUD,II-1,00008353,ESSALUD - HOSPITAL II VITARTE,241300,HOSPITALIZACIÓN QUIRÚRGICA UROLOGÍA,9,8,26,58,2,60,0,30,3.25,0.0,30.0,0.9666666666666667,0.15,4.0,1,alto,2
2015,4,150103,LIMA,LIMA,ATE,ESSALUD,II-1,00008353,ESSALUD - HOSPITAL II VITARTE,241500,HOSPITALIZACIÓN QUIRÚRGICA GINECOLOGÍA,74,73,151,130,5,150,0,30,2.0684931506849313,0.0,30.0,0.8666666666666667,0.49333333333333335,14.6,1,alto,2
2015,4,150103,LIMA,LIMA,ATE,ESSALUD,II-1,00008353,ESSALUD - HOSPITAL II VITARTE,241900,HOSPITALIZACIÓN DE MEDICINA MEDICINA INTERNA,113,118,1003,761,28,840,12,30,8.5,0.1016949152542373,30.0,0.905952380952381,0.13452380952380952,4.214285714285714,-5,alto,2
2015,4,150103,LIMA,LIMA,ATE,ESSALUD,II-1,00008353,ESSALUD - HOSPITAL II VITARTE,242300,HOSPITALIZACIÓN DE PEDIATRÍA PEDIATRÍA GENERAL,74,70,234,251,9,270,1,30,3.342857142857143,0.014285714285714285,30.0,0.9296296296296296,0.2740740740740741,7.777777777777778,4,alto,2
2015,4,150103,LIMA,LIMA,ATE,ESSALUD,II-1,00008353,ESSALUD - HOSPITAL II VITARTE,250304,HOSPIT. EN UNIDAD DE CUID.INTEN.-UNIDAD DE VIGILANCIA INTENSIVA (UVI)-MEDICINA,4,5,11,24,4,120,0,30,2.2,0.0,30.0,0.2,0.03333333333333333,1.25,-1,bajo,0
2015,4,150105,LIMA,LIMA,BREÑA,MINSA,III-2,00006216,INSTITUTO NACIONAL DE SALUD DEL NIÑO,240200,HOSPITALIZACIÓN QUIRÚRGICA CIRUGÍA DE CABEZA Y CUELLO / MÁXILO FACIAL,31,27,211,291,11,330,0,30,7.814814814814815,0.0,30.0,0.8818181818181818,0.09393939393939393,2.4545454545454546,4,alto,2
2015,4,150105,LIMA,LIMA,BREÑA,MINSA,III-2,00006216,INSTITUTO NACIONAL DE SALUD DEL NIÑO,240400,HOSPITALIZACIÓN QUIRÚRGICA CIRUGÍA DE TÓRAX Y CARDIOVASCULAR,19,22,373,514,19,570,1,30,16.954545454545453,0.045454545454545456,30.0,0.9017543859649123,0.03333333333333333,1.1578947368421053,-3,alto,2
2015,4,150105,LIMA,LIMA,BREÑA,MINSA,III-2,00006216,INSTITUTO NACIONAL DE SALUD DEL NIÑO,240700,HOSPITALIZACIÓN QUIRÚRGICA CIRUGÍA PEDIÁTRICA,24,84,620,639,22,660,1,30,7.380952380952381,0.011904761904761904,30.0,0.9681818181818181,0.03636363636363636,3.8181818181818183,-60,alto,2
2015,4,150105,LIMA,LIMA,BREÑA,MINSA,III-2,00006216,INSTITUTO NACIONAL DE SALUD DEL NIÑO,240801,HOSPITALIZACIÓN QUIRÚRGICA CIRUGÍA PLÁSTICA/RECONSTRUCTIVA/ REPARADORA QUEMADOS,35,42,531,547,20,600,0,30,12.642857142857142,0.0,30.0,0.9116666666666666,0.058333333333333334,2.1,-7,alto,2
2015,4,150105,LIMA,LIMA,BREÑA,MINSA,III-2,00006216,INSTITUTO NACIONAL DE SALUD DEL NIÑO,240900,HOSPITALIZACIÓN QUIRÚRGICA NEUROCIRUGÍA,16,36,729,644,22,660,1,30,20.25,0.027777777777777776,30.0,0.9757575757575757,0.024242424242424242,1.6363636363636365,-20,alto,2
2015,4,150105,LIMA,LIMA,BREÑA,MINSA,III-2,00006216,INSTITUTO NACIONAL DE SALUD DEL NIÑO,241200,HOSPITALIZACIÓN QUIRÚRGICA TRAUMATOLOGÍA Y ORTOPEDIA,20,48,871,846,36,1080,0,30,18.145833333333332,0.0,30.0,0.7833333333333333,0.018518518518518517,1.3333333333333333,-28,medio,1
2015,4,150105,LIMA,LIMA,BREÑA,MINSA,III-2,00006216,INSTITUTO NACIONAL DE SALUD DEL NIÑO,241300,HOSPITALIZACIÓN QUIRÚRGICA UROLOGÍA,12,22,314,184,7,210,0,30,14.272727272727273,0.0,30.0,0.8761904761904762,0.05714285714285714,3.142857142857143,-10,alto,2
2015,4,150105,LIMA,LIMA,BREÑA,MINSA,III-2,00006216,INSTITUTO NACIONAL DE SALUD DEL NIÑO,242000,HOSPITALIZACIÓN DE MEDICINA MEDICINA TROPICAL E INFECCIOSAS,9,44,612,576,27,810,0,30,13.909090909090908,0.0,30.0,0.7111111111111111,0.011111111111111112,1.6296296296296295,-35,medio,1
2015,4,150105,LIMA,LIMA,BREÑA,MINSA,III-2,00006216,INSTITUTO NACIONAL DE SALUD DEL NIÑO,242300,HOSPITALIZACIÓN DE PEDIATRÍA PEDIATRÍA GENERAL,0,215,2983,2371,83,2490,1,30,13.874418604651163,0.004651162790697674,30.0,0.9522088353413655,0.0,2.5903614457831323,-215,alto,2
2015,4,150105,LIMA,LIMA,BREÑA,MINSA,III-2,00006216,INSTITUTO NACIONAL DE SALUD DEL NIÑO,242600,HOSPITALIZACIÓN DE PEDIATRÍA PEDIATRIA CARDIOLOGÍA PEDIÁTRICA,22,29,454,500,22,660,2,30,15.655172413793103,0.06896551724137931,30.0,0.7575757575757576,0.03333333333333333,1.3181818181818181,-7,medio,1
2015,4,150105,LIMA,LIMA,BREÑA,MINSA,III-2,00006216,INSTITUTO NACIONAL DE SALUD DEL NIÑO,242700,HOSPITALIZACIÓN DE PEDIATRÍA PEDIATRIA DERMATOLOGÍA PEDIÁTRICA,1,31,219,229,9,270,0,30,7.064516129032258,0.0,30.0,0.8481481481481481,0.003703703703703704,3.4444444444444446,-30,medio,1
2015,4,150105,LIMA,LIMA,BREÑA,MINSA,III-2,00006216,INSTITUTO NACIONAL DE SALUD DEL NIÑO,242900,HOSPITALIZACIÓN DE PEDIATRÍA PEDIATRIA GASTROENTEROLOGÍA PEDIÁTRICA,5,14,262,298,10,300,1,30,18.714285714285715,0.07142857142857142,30.0,0.9933333333333333,0.016666666666666666,1.4,-9,alto,2
2015,4,150105,LIMA,LIMA,BREÑA,MINSA,III-2,00006216,INSTITUTO NACIONAL DE SALUD DEL NIÑO,243000,HOSPITALIZACIÓN DE PEDIATRÍA PEDIATRIA GINECOLOGÍA PEDIÁTRICA,7,11,48,111,14,120,0,30,4.363636363636363,0.0,8.571428571428571,0.2642857142857143,0.058333333333333334,0.7857142857142857,-4,bajo,0
2015,4,150105,LIMA,LIMA,BREÑA,MINSA,III-2,00006216,INSTITUTO NACIONAL DE SALUD DEL NIÑO,243100,HOSPITALIZACIÓN DE PEDIATRÍA PEDIATRIA NEFROLOGÍA PEDIÁTRICA,3,10,225,178,6,180,0,30,22.5,0.0,30.0,0.9888888888888889,0.016666666666666666,1.6666666666666667,-7,alto,2
2015,4,150105,LIMA,LIMA,BREÑA,MINSA,III-2,00006216,INSTITUTO NACIONAL DE SALUD DEL NIÑO,243200,HOSPITALIZACIÓN DE PEDIATRÍA PEDIATRIA NEONATOLOGÍA,0,11,192,287,10,300,1,30,17.454545454545453,0.09090909090909091,30.0,0.9566666666666667,0.0,1.1,-11,alto,2
2015,4,150105,LIMA,LIMA,BREÑA,MINSA,III-2,00006216,INSTITUTO NACIONAL DE SALUD DEL NIÑO,243300,HOSPITALIZACIÓN DE PEDIATRÍA PEDIATRIA NEUMOLOGÍA PEDIÁTRICA,3,20,791,664,23,630,1,30,39.55,0.05,27.391304347826086,0.9623188405797102,0.004761904761904762,0.8695652173913043,-17,alto,2
2015,4,150105,LIMA,LIMA,BREÑA,MINSA,III-2,00006216,INSTITUTO NACIONAL DE SALUD DEL NIÑO,243400,HOSPITALIZACIÓN DE PEDIATRÍA PEDIATRIA NEUROLOGÍA PEDIÁTRICA,0,18,210,448,15,450,0,30,11.666666666666666,0.0,30.0,0.9955555555555555,0.0,1.2,-18,alto,2
2015,4,150105,LIMA,LIMA,BREÑA,MINSA,III-2,00006216,INSTITUTO NACIONAL DE SALUD DEL NIÑO,243500,HOSPITALIZACIÓN DE PEDIATRÍA PEDIATRIA OFTALMOLOGÍA PEDIÁTRICA,0,0,0,0,0,0,0,30,0.0,0.0,0.0,0.0,0.0,0.0,0,alto,2
2015,4,150105,LIMA,LIMA,BREÑA,MINSA,III-2,00006216,INSTITUTO NACIONAL DE SALUD DEL NIÑO,243700,HOSPITALIZACIÓN DE PEDIATRÍA PEDIATRIA OTORRINOLARINGOLOGÍA PEDIÁTRICA,16,12,46,123,12,360,0,30,3.8333333333333335,0.0,30.0,0.3416666666666667,0.044444444444444446,1.0,4,bajo,0
2015,4,150105,LIMA,LIMA,BREÑA,MINSA,III-2,00006216,INSTITUTO NACIONAL DE SALUD DEL NIÑO,244500,HOSPITALIZACIÓN DE MEDICINA HEMATOLOGÍA,1,10,230,115,4,120,1,30,23.0,0.1,30.0,0.9583333333333334,0.008333333333333333,2.5,-9,alto,2
2015,4,150105,LIMA,LIMA,BREÑA,MINSA,III-2,00006216,INSTITUTO NACIONAL DE SALUD DEL NIÑO,250108,UNIDAD DE CUIDADOS CRITICOS UNIDAD DE CUIDADOS INTENSIVOS (UCI) PEDIÁTRICA,0,6,289,458,16,464,6,30,48.166666666666664,1.0,29.0,0.9541666666666667,0.0,0.375,-6,alto,2
2015,4,150108,LIMA,LIMA,CHORRILLOS,MINSA,III-2,00007734,"INSTITUTO NACIONAL DE REHABILITACION ""DRA. ADRIANA REBAZA FLORES"" AMISTAD PERU - JAPON",240000,HOSPITALIZACIÓN,9,8,757,704,36,1080,0,30,94.625,0.0,30.0,0.6518518518518519,0.008333333333333333,0.2222222222222222,1,bajo,0
2015,4,150111,LIMA,LIMA,EL AGUSTINO,MINSA,III-1,00005946,HOSPITAL NACIONAL HIPOLITO UNANUE,240100,HOSPITALIZACIÓN QUIRÚRGICA CIRUGÍA GENERAL,293,309,4344,3974,117,3510,9,30,14.058252427184467,0.02912621359223301,30.0,1.132193732193732,0.08347578347578348,2.641025641025641,-16,alto,2
2015,4,150111,LIMA,LIMA,EL AGUSTINO,MINSA,III-1,00005946,HOSPITAL NACIONAL HIPOLITO UNANUE,240200,HOSPITALIZACIÓN QUIRÚRGICA CIRUGÍA DE CABEZA Y CUELLO / MÁXILO FACIAL,26,26,343,360,12,360,0,30,13.192307692307692,0.0,30.0,1.0,0.07222222222222222,2.1666666666666665,0,alto,2
2015,4,150111,LIMA,LIMA,EL AGUSTINO,MINSA,III-1,00005946,HOSPITAL NACIONAL HIPOLITO UNANUE,240700,HOSPITALIZACIÓN QUIRÚRGICA CIRUGÍA PEDIÁTRICA,43,43,164,232,7,210,0,30,3.813953488372093,0.0,30.0,1.1047619047619048,0.20476190476190476,6.142857142857143,0,alto,2
2015,4,150111,LIMA,LIMA,EL AGUSTINO,MINSA,III-1,00005946,HOSPITAL NACIONAL HIPOLITO UNANUE,240800,HOSPITALIZACIÓN QUIRÚRGICA CIRUGÍA PLÁSTICA/RECONSTRUCTIVA/ REPARADORA,10,12,397,296,10,300,0,30,33.083333333333336,0.0,30.0,0.9866666666666667,0.03333333333333333,1.2,-2,alto,2
2015,4,150111,LIMA,LIMA,EL AGUSTINO,MINSA,III-1,00005946,HOSPITAL NACIONAL HIPOLITO UNANUE,240900,HOSPITALIZACIÓN QUIRÚRGICA NEUROCIRUGÍA,37,34,860,1061,22,660,2,30,25.294117647058822,0.058823529411764705,30.0,1.6075757575757577,0.05606060606060606,1.5454545454545454,3,alto,2
2015,4,150111,LIMA,LIMA,EL AGUSTINO,MINSA,III-1,00005946,HOSPITAL NACIONAL HIPOLITO UNANUE,241100,HOSPITALIZACIÓN QUIRÚRGICA OTORRINOLARINGOLOGÍA,7,7,34,41,6,180,0,30,4.857142857142857,0.0,30.0,0.22777777777777777,0.03888888888888889,1.1666666666666667,0,bajo,0
2015,4,150111,LIMA,LIMA,EL AGUSTINO,MINSA,III-1,00005946,HOSPITAL NACIONAL HIPOLITO UNANUE,241200,HOSPITALIZACIÓN QUIRÚRGICA TRAUMATOLOGÍA Y ORTOPEDIA,73,75,1355,1157,50,1500,0,30,18.066666666666666,0.0,30.0,0.7713333333333333,0.048666666666666664,1.5,-2,medio,1
2015,4,150111,LIMA,LIMA,EL AGUSTINO,MINSA,III-1,00005946,HOSPITAL NACIONAL HIPOLITO UNANUE,241300,HOSPITALIZACIÓN QUIRÚRGICA UROLOGÍA,20,21,227,246,12,360,0,30,10.80952380952381,0.0,30.0,0.6833333333333333,0.05555555555555555,1.75,-1,bajo,0
2015,4,150111,LIMA,LIMA,EL AGUSTINO,MINSA,III-1,00005946,HOSPITAL NACIONAL HIPOLITO UNANUE,241400,HOSPITALIZACIÓN QUIRÚRGICA GINECO - OBSTETRICIA,21,21,34,124,6,180,0,30,1.619047619047619,0.0,30.0,0.6888888888888889,0.11666666666666667,3.5,0,medio,1
2015,4,150111,LIMA,LIMA,EL AGUSTINO,MINSA,III-1,00005946,HOSPITAL NACIONAL HIPOLITO UNANUE,241500,HOSPITALIZACIÓN QUIRÚRGICA GINECOLOGÍA,80,80,355,854,35,1050,0,30,4.4375,0.0,30.0,0.8133333333333334,0.0761904761904762,2.2857142857142856,0,medio,1
2015,4,150111,LIMA,LIMA,EL AGUSTINO,MINSA,III-1,00005946,HOSPITAL NACIONAL HIPOLITO UNANUE,241600,HOSPITALIZACIÓN QUIRÚRGICA OBSTETRICIA,742,746,1934,2886,73,2190,0,30,2.5924932975871315,0.0,30.0,1.3178082191780822,0.33881278538812787,10.219178082191782,-4,alto,2
2015,4,150111,LIMA,LIMA,EL AGUSTINO,MINSA,III-1,00005946,HOSPITAL NACIONAL HIPOLITO UNANUE,241800,HOSPITALIZACIÓN DE MEDICINA MEDICINA GENERAL,29,31,759,559,18,540,5,30,24.483870967741936,0.16129032258064516,30.0,1.0351851851851852,0.053703703703703705,1.7222222222222223,-2,alto,2
2015,4,150111,LIMA,LIMA,EL AGUSTINO,MINSA,III-1,00005946,HOSPITAL NACIONAL HIPOLITO UNANUE,241900,HOSPITALIZACIÓN DE MEDICINA MEDICINA INTERNA,332,305,3674,4772,170,5100,41,30,12.045901639344262,0.13442622950819672,30.0,0.9356862745098039,0.06509803921568627,1.7941176470588236,27,alto,2
2015,4,150111,LIMA,LIMA,EL AGUSTINO,MINSA,III-1,00005946,HOSPITAL NACIONAL HIPOLITO UNANUE,242200,HOSPITALIZACIÓN DE MEDICINA PSIQUIATRÍA,15,13,54,100,3,90,0,30,4.153846153846154,0.0,30.0,1.1111111111111112,0.16666666666666666,4.333333333333333,2,alto,2
2015,4,150111,LIMA,LIMA,EL AGUSTINO,MINSA,III-1,00005946,HOSPITAL NACIONAL HIPOLITO UNANUE,242300,HOSPITALIZACIÓN DE PEDIATRÍA PEDIATRÍA GENERAL,111,100,684,677,40,1200,1,30,6.84,0.01,30.0,0.5641666666666667,0.0925,2.5,11,medio,1
2015,4,150111,LIMA,LIMA,EL AGUSTINO,MINSA,III-1,00005946,HOSPITAL NACIONAL HIPOLITO UNANUE,243200,HOSPITALIZACIÓN DE PEDIATRÍA PEDIATRIA NEONATOLOGÍA,124,127,1652,1463,47,1410,6,30,13.007874015748031,0.047244094488188976,30.0,1.0375886524822695,0.08794326241134752,2.702127659574468,-3,alto,2
2015,4,150111,LIMA,LIMA,EL AGUSTINO,MINSA,III-1,00005946,HOSPITAL NACIONAL HIPOLITO UNANUE,250200,UNIDAD DE CUIDADOS CRITICOS UNIDAD DE CUIDADOS INTERMEDIOS GENERAL (UCIN),10,4,99,149,7,210,3,30,24.75,0.75,30.0,0.7095238095238096,0.047619047619047616,0.5714285714285714,6,medio,1
2015,4,150120,LIMA,LIMA,MAGDALENA DEL MAR,MINSA,III-1,00006214,HOSPITAL VICTOR LARCO HERRERA,242200,HOSPITALIZACIÓN DE MEDICINA PSIQUIATRÍA,39,43,2533,13517,590,17000,0,30,58.906976744186046,0.0,28.8135593220339,0.7636723163841808,0.0022941176470588237,0.07288135593220339,-4,medio,1
2015,4,150133,LIMA,LIMA,SAN JUAN DE MIRAFLORES,MINSA,III-1,00005987,HOSPITAL MARIA AUXILIADORA,240100,HOSPITALIZACIÓN QUIRÚRGICA CIRUGÍA GENERAL,241,295,2322,2273,87,2711,1,30,7.871186440677966,0.003389830508474576,31.160919540229884,0.8708812260536398,0.08889708594614533,3.3908045977011496,-54,alto,2
2015,4,150133,LIMA,LIMA,SAN JUAN DE MIRAFLORES,MINSA,III-1,00005987,HOSPITAL MARIA AUXILIADORA,241400,HOSPITALIZACIÓN QUIRÚRGICA GINECO - OBSTETRICIA,490,769,2233,2189,89,2761,0,30,2.903771131339402,0.0,31.02247191011236,0.8198501872659176,0.17747193045997828,8.640449438202246,-279,alto,2
2015,4,150133,LIMA,LIMA,SAN JUAN DE MIRAFLORES,MINSA,III-1,00005987,HOSPITAL MARIA AUXILIADORA,241900,HOSPITALIZACIÓN DE MEDICINA MEDICINA INTERNA,153,156,1966,1802,67,2090,16,30,12.602564102564102,0.10256410256410256,31.19402985074627,0.8965174129353234,0.07320574162679426,2.328358208955224,-3,alto,2
2015,4,150133,LIMA,LIMA,SAN JUAN DE MIRAFLORES,MINSA,III-1,00005987,HOSPITAL MARIA AUXILIADORA,242100,HOSPITALIZACIÓN DE MEDICINA ONCOLOGÍA MÉDICA,40,45,325,362,14,362,7,30,7.222222222222222,0.15555555555555556,25.857142857142858,0.861904761904762,0.11049723756906077,3.2142857142857144,-5,alto,2
2015,4,150133,LIMA,LIMA,SAN JUAN DE MIRAFLORES,MINSA,III-1,00005987,HOSPITAL MARIA AUXILIADORA,242300,HOSPITALIZACIÓN DE PEDIATRÍA PEDIATRÍA GENERAL,176,184,924,982,43,1320,0,30,5.021739130434782,0.0,30.697674418604652,0.7612403100775194,0.13333333333333333,4.27906976744186,-8,alto,2
2015,4,150133,LIMA,LIMA,SAN JUAN DE MIRAFLORES,MINSA,III-1,00005987,HOSPITAL MARIA AUXILIADORA,243200,HOSPITALIZACIÓN DE PEDIATRÍA PEDIATRIA NEONATOLOGÍA,57,210,1879,1925,67,2062,5,30,8.947619047619048,0.023809523809523808,30.776119402985074,0.9577114427860697,0.027643064985451018,3.1343283582089554,-153,alto,2
2015,4,150135,LIMA,LIMA,SAN MARTIN DE PORRES,MINSA,III-2,00007733,"INSTITUTO NACIONAL DE SALUD MENTAL ""HONORIO DELGADO - HIDEYO NOGUCHI""",242202,HOSPITALIZACIÓN DE MEDICINA PSIQUIATRÍA PSIQUIATRÍA DEL ADULTO Y GERONTE,20,20,1251,1841,62,1869,0,30,62.55,0.0,30.14516129032258,0.9897849462365591,0.010700909577314071,0.3225806451612903,0,alto,2
2015,4,150135,LIMA,LIMA,SAN MARTIN DE PORRES,MINSA,III-2,00007733,"INSTITUTO NACIONAL DE SALUD MENTAL ""HONORIO DELGADO - HIDEYO NOGUCHI""",242205,HOSPITALIZACIÓN MEDICINA PSIQUIATRÍA PISIQUIATRIA/ SALUD MENTAL Y ADICCIONES,7,7,464,203,19,570,0,30,66.28571428571429,0.0,30.0,0.356140350877193,0.012280701754385965,0.3684210526315789,0,bajo,0
2015,4,150137,LIMA,LIMA,SANTA ANITA,MINSA,III-1,00005948,HOSPITAL HERMILIO VALDIZAN,242200,HOSPITALIZACIÓN DE MEDICINA PSIQUIATRÍA,88,90,6814,4813,210,6300,1,30,75.71111111111111,0.011111111111111112,30.0,0.763968253968254,0.013968253968253968,0.42857142857142855,-2,medio,1
2015,4,150137,LIMA,LIMA,SANTA ANITA,MINSA,III-1,00005948,HOSPITAL HERMILIO VALDIZAN,242204,HOSPITALIZACIÓN DE MEDICINA PSIQUIATRÍA REHABILITACIÓN PSIQUIÁTRICA / REINSERCIÓN,18,22,653,450,20,600,0,30,29.681818181818183,0.0,30.0,0.75,0.03,1.1,-4,medio,1
2015,5,150101,LIMA,LIMA,LIMA,MINSA,III-1,00006207,NACIONAL ARZOBISPO LOAYZA,240100,HOSPITALIZACIÓN QUIRÚRGICA CIRUGÍA GENERAL,415,417,4046,3389,120,3720,3,31,9.70263788968825,0.007194244604316547,31.0,0.9110215053763441,0.11155913978494623,3.475,-2,alto,2
2015,5,150101,LIMA,LIMA,LIMA,MINSA,III-1,00006207,NACIONAL ARZOBISPO LOAYZA,240200,HOSPITALIZACIÓN QUIRÚRGICA CIRUGÍA DE CABEZA Y CUELLO / MÁXILO FACIAL,18,20,212,180,15,465,0,31,10.6,0.0,31.0,0.3870967741935484,0.03870967741935484,1.3333333333333333,-2,bajo,0
2015,5,150101,LIMA,LIMA,LIMA,MINSA,III-1,00006207,NACIONAL ARZOBISPO LOAYZA,240800,HOSPITALIZACIÓN QUIRÚRGICA CIRUGÍA PLÁSTICA/RECONSTRUCTIVA/ REPARADORA,23,25,626,559,23,713,0,31,25.04,0.0,31.0,0.7840112201963534,0.03225806451612903,1.0869565217391304,-2,medio,1
2015,5,150101,LIMA,LIMA,LIMA,MINSA,III-1,00006207,NACIONAL ARZOBISPO LOAYZA,240900,HOSPITALIZACIÓN QUIRÚRGICA NEUROCIRUGÍA,25,30,681,432,15,465,0,31,22.7,0.0,31.0,0.9290322580645162,0.053763440860215055,2.0,-5,alto,2
2015,5,150101,LIMA,LIMA,LIMA,MINSA,III-1,00006207,NACIONAL ARZOBISPO LOAYZA,241200,HOSPITALIZACIÓN QUIRÚRGICA TRAUMATOLOGÍA Y ORTOPEDIA,88,88,869,882,30,930,0,31,9.875,0.0,31.0,0.9483870967741935,0.09462365591397849,2.933333333333333,0,alto,2
2015,5,150101,LIMA,LIMA,LIMA,MINSA,III-1,00006207,NACIONAL ARZOBISPO LOAYZA,241300,HOSPITALIZACIÓN QUIRÚRGICA UROLOGÍA,77,76,921,863,32,992,0,31,12.118421052631579,0.0,31.0,0.8699596774193549,0.07762096774193548,2.375,1,alto,2
2015,5,150101,LIMA,LIMA,LIMA,MINSA,III-1,00006207,NACIONAL ARZOBISPO LOAYZA,241500,HOSPITALIZACIÓN QUIRÚRGICA GINECOLOGÍA,167,175,1278,1328,53,1643,0,31,7.3028571428571425,0.0,31.0,0.808277541083384,0.10164333536214243,3.30188679245283,-8,medio,1
2015,5,150101,LIMA,LIMA,LIMA,MINSA,III-1,00006207,NACIONAL ARZOBISPO LOAYZA,241600,HOSPITALIZACIÓN QUIRÚRGICA OBSTETRICIA,409,427,1919,1894,79,2449,0,31,4.494145199063232,0.0,31.0,0.7733768885259289,0.16700694160881993,5.405063291139241,-18,alto,2
2015,5,150101,LIMA,LIMA,LIMA,MINSA,III-1,00006207,NACIONAL ARZOBISPO LOAYZA,241700,HOSPITALIZACIÓN QUIRÚRGICA GINECOLOGÍA GINECOLOGIA ONCOLOGICA,20,25,189,187,8,248,0,31,7.56,0.0,31.0,0.7540322580645161,0.08064516129032258,3.125,-5,medio,1
2015,5,150101,LIMA,LIMA,LIMA,MINSA,III-1,00006207,NACIONAL ARZOBISPO LOAYZA,241800,HOSPITALIZACIÓN DE MEDICINA MEDICINA GENERAL,36,33,160,175,6,186,3,31,4.848484848484849,0.09090909090909091,31.0,0.9408602150537635,0.1935483870967742,5.5,3,alto,2
2015,5,150101,LIMA,LIMA,LIMA,MINSA,III-1,00006207,NACIONAL ARZOBISPO LOAYZA,241900,HOSPITALIZACIÓN DE MEDICINA MEDICINA INTERNA,573,586,8098,7203,244,7564,47,31,13.819112627986348,0.08020477815699659,31.0,0.9522739291380222,0.07575356953992597,2.401639344262295,-13,alto,2
2015,5,150101,LIMA,LIMA,LIMA,MINSA,III-1,00006207,NACIONAL ARZOBISPO LOAYZA,242300,HOSPITALIZACIÓN DE PEDIATRÍA PEDIATRÍA GENERAL,97,106,530,466,38,1178,1,31,5.0,0.009433962264150943,31.0,0.39558573853989815,0.08234295415959253,2.789473684210526,-9,medio,1
2015,5,150101,LIMA,LIMA,LIMA,MINSA,III-1,00006207,NACIONAL ARZOBISPO LOAYZA,243200,HOSPITALIZACIÓN DE PEDIATRÍA PEDIATRIA NEONATOLOGÍA,295,327,1342,1341,76,2356,2,31,4.103975535168196,0.0061162079510703364,31.0,0.5691850594227504,0.12521222410865873,4.302631578947368,-32,alto,2
2015,5,150101,LIMA,LIMA,LIMA,MINSA,III-1,00006207,NACIONAL ARZOBISPO LOAYZA,250100,UNIDAD DE CUIDADOS CRITICOS UNIDAD DE CUIDADOS INTENSIVOS GENERALES (UCI),18,20,330,176,6,186,2,31,16.5,0.1,31.0,0.946236559139785,0.0967741935483871,3.3333333333333335,-2,alto,2
2015,5,150101,LIMA,LIMA,LIMA,MINSA,III-1,00006207,NACIONAL ARZOBISPO LOAYZA,250200,UNIDAD DE CUIDADOS CRITICOS UNIDAD DE CUIDADOS INTERMEDIOS GENERAL (UCIN),29,27,260,306,16,496,19,31,9.62962962962963,0.7037037037037037,31.0,0.6169354838709677,0.05846774193548387,1.6875,2,bajo,0
2015,5,150101,LIMA,LIMA,LIMA,MINSA,III-2,00006209,INSTITUTO NACIONAL DE CIENCIAS NEUROLOGICAS,240900,HOSPITALIZACIÓN QUIRÚRGICA NEUROCIRUGÍA,159,88,1565,1175,40,1240,4,31,17.78409090909091,0.045454545454545456,31.0,0.9475806451612904,0.1282258064516129,2.2,71,alto,2
2015,5,150101,LIMA,LIMA,LIMA,MINSA,III-2,00006209,INSTITUTO NACIONAL DE CIENCIAS NEUROLOGICAS,241100,HOSPITALIZACIÓN QUIRÚRGICA OTORRINOLARINGOLOGÍA,3,1,2,5,1,31,0,31,2.0,0.0,31.0,0.16129032258064516,0.0967741935483871,1.0,2,medio,1
2015,5,150101,LIMA,LIMA,LIMA,MINSA,III-2,00006209,INSTITUTO NACIONAL DE CIENCIAS NEUROLOGICAS,243400,HOSPITALIZACIÓN DE PEDIATRÍA PEDIATRIA NEUROLOGÍA PEDIÁTRICA,12,17,220,224,20,620,0,31,12.941176470588236,0.0,31.0,0.36129032258064514,0.01935483870967742,0.85,-5,bajo,0
2015,5,150101,LIMA,LIMA,LIMA,MINSA,III-2,00006209,INSTITUTO NACIONAL DE CIENCIAS NEUROLOGICAS,244800,HOSPITALIZACIÓN-HOSPITALIZACIÓN DE MEDICINA-GERIATRIA,21,16,257,403,20,620,1,31,16.0625,0.0625,31.0,0.65,0.03387096774193549,0.8,5,bajo,0
2015,5,150101,LIMA,LIMA,LIMA,MINSA,III-2,00006209,INSTITUTO NACIONAL DE CIENCIAS NEUROLOGICAS,244900,HOSPITALIZACIÓN DE MEDICINA NEUROLOGIA NEURODEGENERATIVAS,22,23,431,682,44,1364,0,31,18.73913043478261,0.0,31.0,0.5,0.016129032258064516,0.5227272727272727,-1,bajo,0
2015,5,150101,LIMA,LIMA,LIMA,MINSA,III-2,00006209,INSTITUTO NACIONAL DE CIENCIAS NEUROLOGICAS,245000,HOSPITALIZACIÓN DE MEDICINA NEUROLOGIA NEUROVASCULARES Y METABOLICAS,27,26,292,384,17,527,2,31,11.23076923076923,0.07692307692307693,31.0,0.7286527514231499,0.051233396584440226,1.5294117647058822,1,medio,1
2015,5,150101,LIMA,LIMA,LIMA,MINSA,III-2,00006209,INSTITUTO NACIONAL DE CIENCIAS NEUROLOGICAS,245100,HOSPITALIZACIÓN DE MEDICINA NEUROLOGIA ENFERMEDADES INFECCIOSAS/TRANSMISIBLES DEL SISTEMA NERVIOSO,36,30,799,751,28,868,1,31,26.633333333333333,0.03333333333333333,31.0,0.8652073732718893,0.041474654377880185,1.0714285714285714,6,alto,2
2015,5,150101,LIMA,LIMA,LIMA,MINSA,III-2,00006209,INSTITUTO NACIONAL DE CIENCIAS NEUROLOGICAS,245200,HOSPITALIZACIÓN DE MEDICINA NEUROLOGIA EPILEPSIA/EPILEPTOLOGIA,27,26,261,386,17,527,0,31,10.038461538461538,0.0,31.0,0.7324478178368121,0.051233396584440226,1.5294117647058822,1,medio,1
2015,5,150101,LIMA,LIMA,LIMA,MINSA,III-2,00006209,INSTITUTO NACIONAL DE CIENCIAS NEUROLOGICAS,250106,UNIDAD DE CUIDADOS CRITICOS UNIDAD DE CUIDADOS INTENSIVOS (UCI) NEUROLÓGICA,4,1,40,111,5,155,0,31,40.0,0.0,31.0,0.7161290322580646,0.025806451612903226,0.2,3,medio,1
2015,5,150103,LIMA,LIMA,ATE,ESSALUD,II-1,00008353,ESSALUD - HOSPITAL II VITARTE,240100,HOSPITALIZACIÓN QUIRÚRGICA CIRUGÍA GENERAL,132,137,297,284,10,310,0,31,2.167883211678832,0.0,31.0,0.9161290322580645,0.4258064516129032,13.7,-5,alto,2
2015,5,150103,LIMA,LIMA,ATE,ESSALUD,II-1,00008353,ESSALUD - HOSPITAL II VITARTE,241200,HOSPITALIZACIÓN QUIRÚRGICA TRAUMATOLOGÍA Y ORTOPEDIA,37,39,260,230,8,248,0,31,6.666666666666667,0.0,31.0,0.9274193548387096,0.14919354838709678,4.875,-2,alto,2
2015,5,150103,LIMA,LIMA,ATE,ESSALUD,II-1,00008353,ESSALUD - HOSPITAL II VITARTE,241300,HOSPITALIZACIÓN QUIRÚRGICA UROLOGÍA,9,9,36,36,2,62,0,31,4.0,0.0,31.0,0.5806451612903226,0.14516129032258066,4.5,0,alto,2
2015,5,150103,LIMA,LIMA,ATE,ESSALUD,II-1,00008353,ESSALUD - HOSPITAL II VITARTE,241500,HOSPITALIZACIÓN QUIRÚRGICA GINECOLOGÍA,77,77,175,150,5,155,0,31,2.272727272727273,0.0,31.0,0.967741935483871,0.4967741935483871,15.4,0,alto,2
2015,5,150103,LIMA,LIMA,ATE,ESSALUD,II-1,00008353,ESSALUD - HOSPITAL II VITARTE,241900,HOSPITALIZACIÓN DE MEDICINA MEDICINA INTERNA,132,125,813,873,31,961,10,31,6.504,0.08,31.0,0.9084287200832466,0.13735691987513007,4.032258064516129,7,alto,2
2015,5,150103,LIMA,LIMA,ATE,ESSALUD,II-1,00008353,ESSALUD - HOSPITAL II VITARTE,242300,HOSPITALIZACIÓN DE PEDIATRÍA PEDIATRÍA GENERAL,81,81,293,295,10,310,0,31,3.617283950617284,0.0,31.0,0.9516129032258065,0.26129032258064516,8.1,0,alto,2
2015,5,150103,LIMA,LIMA,ATE,ESSALUD,II-1,00008353,ESSALUD - HOSPITAL II VITARTE,250304,HOSPIT. EN UNIDAD DE CUID.INTEN.-UNIDAD DE VIGILANCIA INTENSIVA (UVI)-MEDICINA,12,13,23,48,4,124,1,31,1.7692307692307692,0.07692307692307693,31.0,0.3870967741935484,0.0967741935483871,3.25,-1,medio,1
2015,5,150105,LIMA,LIMA,BREÑA,MINSA,III-2,00006216,INSTITUTO NACIONAL DE SALUD DEL NIÑO,240200,HOSPITALIZACIÓN QUIRÚRGICA CIRUGÍA DE CABEZA Y CUELLO / MÁXILO FACIAL,29,31,348,304,11,341,0,31,11.225806451612904,0.0,31.0,0.8914956011730205,0.08504398826979472,2.8181818181818183,-2,alto,2
2015,5,150105,LIMA,LIMA,BREÑA,MINSA,III-2,00006216,INSTITUTO NACIONAL DE SALUD DEL NIÑO,240400,HOSPITALIZACIÓN QUIRÚRGICA CIRUGÍA DE TÓRAX Y CARDIOVASCULAR,11,14,264,546,19,589,0,31,18.857142857142858,0.0,31.0,0.9269949066213922,0.01867572156196944,0.7368421052631579,-3,alto,2
2015,5,150105,LIMA,LIMA,BREÑA,MINSA,III-2,00006216,INSTITUTO NACIONAL DE SALUD DEL NIÑO,240700,HOSPITALIZACIÓN QUIRÚRGICA CIRUGÍA PEDIÁTRICA,28,87,828,789,26,806,1,31,9.517241379310345,0.011494252873563218,31.0,0.9789081885856079,0.034739454094292806,3.3461538461538463,-59,alto,2
2015,5,150105,LIMA,LIMA,BREÑA,MINSA,III-2,00006216,INSTITUTO NACIONAL DE SALUD DEL NIÑO,240801,HOSPITALIZACIÓN QUIRÚRGICA CIRUGÍA PLÁSTICA/RECONSTRUCTIVA/ REPARADORA QUEMADOS,50,54,450,574,19,589,0,31,8.333333333333334,0.0,31.0,0.9745331069609507,0.08488964346349745,2.8421052631578947,-4,alto,2
2015,5,150105,LIMA,LIMA,BREÑA,MINSA,III-2,00006216,INSTITUTO NACIONAL DE SALUD DEL NIÑO,240900,HOSPITALIZACIÓN QUIRÚRGICA NEUROCIRUGÍA,14,43,703,729,24,744,0,31,16.348837209302324,0.0,31.0,0.9798387096774194,0.01881720430107527,1.7916666666666667,-29,alto,2
2015,5,150105,LIMA,LIMA,BREÑA,MINSA,III-2,00006216,INSTITUTO NACIONAL DE SALUD DEL NIÑO,241200,HOSPITALIZACIÓN QUIRÚRGICA TRAUMATOLOGÍA Y ORTOPEDIA,24,46,574,1000,36,1116,0,31,12.478260869565217,0.0,31.0,0.8960573476702509,0.021505376344086023,1.2777777777777777,-22,alto,2
2015,5,150105,LIMA,LIMA,BREÑA,MINSA,III-2,00006216,INSTITUTO NACIONAL DE SALUD DEL NIÑO,241300,HOSPITALIZACIÓN QUIRÚRGICA UROLOGÍA,14,15,106,148,5,155,0,31,7.066666666666666,0.0,31.0,0.9548387096774194,0.09032258064516129,3.0,-1,alto,2
2015,5,150105,LIMA,LIMA,BREÑA,MINSA,III-2,00006216,INSTITUTO NACIONAL DE SALUD DEL NIÑO,242000,HOSPITALIZACIÓN DE MEDICINA MEDICINA TROPICAL E INFECCIOSAS,8,50,436,639,26,806,0,31,8.72,0.0,31.0,0.792803970223325,0.009925558312655087,1.9230769230769231,-42,medio,1
2015,5,150105,LIMA,LIMA,BREÑA,MINSA,III-2,00006216,INSTITUTO NACIONAL DE SALUD DEL NIÑO,242300,HOSPITALIZACIÓN DE PEDIATRÍA PEDIATRÍA GENERAL,0,233,3090,2486,82,2542,2,31,13.261802575107296,0.008583690987124463,31.0,0.977970102281668,0.0,2.841463414634146,-233,alto,2
2015,5,150105,LIMA,LIMA,BREÑA,MINSA,III-2,00006216,INSTITUTO NACIONAL DE SALUD DEL NIÑO,242600,HOSPITALIZACIÓN DE PEDIATRÍA PEDIATRIA CARDIOLOGÍA PEDIÁTRICA,26,35,507,545,22,682,2,31,14.485714285714286,0.05714285714285714,31.0,0.7991202346041055,0.03812316715542522,1.5909090909090908,-9,medio,1
2015,5,150105,LIMA,LIMA,BREÑA,MINSA,III-2,00006216,INSTITUTO NACIONAL DE SALUD DEL NIÑO,242700,HOSPITALIZACIÓN DE PEDIATRÍA PEDIATRIA DERMATOLOGÍA PEDIÁTRICA,1,24,234,246,10,310,0,31,9.75,0.0,31.0,0.7935483870967742,0.0032258064516129032,2.4,-23,medio,1
2015,5,150105,LIMA,LIMA,BREÑA,MINSA,III-2,00006216,INSTITUTO NACIONAL DE SALUD DEL NIÑO,242900,HOSPITALIZACIÓN DE PEDIATRÍA PEDIATRIA GASTROENTEROLOGÍA PEDIÁTRICA,7,14,294,308,10,310,1,31,21.0,0.07142857142857142,31.0,0.9935483870967742,0.02258064516129032,1.4,-7,alto,2
2015,5,150105,LIMA,LIMA,BREÑA,MINSA,III-2,00006216,INSTITUTO NACIONAL DE SALUD DEL NIÑO,243000,HOSPITALIZACIÓN DE PEDIATRÍA PEDIATRIA GINECOLOGÍA PEDIÁTRICA,3,17,147,59,2,62,0,31,8.647058823529411,0.0,31.0,0.9516129032258065,0.04838709677419355,8.5,-14,alto,2
2015,5,150105,LIMA,LIMA,BREÑA,MINSA,III-2,00006216,INSTITUTO NACIONAL DE SALUD DEL NIÑO,243100,HOSPITALIZACIÓN DE PEDIATRÍA PEDIATRIA NEFROLOGÍA PEDIÁTRICA,5,15,197,181,6,186,0,31,13.133333333333333,0.0,31.0,0.9731182795698925,0.026881720430107527,2.5,-10,alto,2
2015,5,150105,LIMA,LIMA,BREÑA,MINSA,III-2,00006216,INSTITUTO NACIONAL DE SALUD DEL NIÑO,243200,HOSPITALIZACIÓN DE PEDIATRÍA PEDIATRIA NEONATOLOGÍA,0,5,99,305,10,310,3,31,19.8,0.6,31.0,0.9838709677419355,0.0,0.5,-5,alto,2
2015,5,150105,LIMA,LIMA,BREÑA,MINSA,III-2,00006216,INSTITUTO NACIONAL DE SALUD DEL NIÑO,243300,HOSPITALIZACIÓN DE PEDIATRÍA PEDIATRIA NEUMOLOGÍA PEDIÁTRICA,5,13,475,650,23,713,0,31,36.53846153846154,0.0,31.0,0.9116409537166901,0.0070126227208976155,0.5652173913043478,-8,alto,2
2015,5,150105,LIMA,LIMA,BREÑA,MINSA,III-2,00006216,INSTITUTO NACIONAL DE SALUD DEL NIÑO,243400,HOSPITALIZACIÓN DE PEDIATRÍA PEDIATRIA NEUROLOGÍA PEDIÁTRICA,0,11,381,466,16,496,0,31,34.63636363636363,0.0,31.0,0.9395161290322581,0.0,0.6875,-11,alto,2
2015,5,150105,LIMA,LIMA,BREÑA,MINSA,III-2,00006216,INSTITUTO NACIONAL DE SALUD DEL NIÑO,243500,HOSPITALIZACIÓN DE PEDIATRÍA PEDIATRIA OFTALMOLOGÍA PEDIÁTRICA,1,1,1,1,3,93,0,31,1.0,0.0,31.0,0.010752688172043012,0.010752688172043012,0.3333333333333333,0,bajo,0
2015,5,150105,LIMA,LIMA,BREÑA,MINSA,III-2,00006216,INSTITUTO NACIONAL DE SALUD DEL NIÑO,243700,HOSPITALIZACIÓN DE PEDIATRÍA PEDIATRIA OTORRINOLARINGOLOGÍA PEDIÁTRICA,14,21,213,227,9,279,0,31,10.142857142857142,0.0,31.0,0.8136200716845878,0.05017921146953405,2.3333333333333335,-7,medio,1
2015,5,150105,LIMA,LIMA,BREÑA,MINSA,III-2,00006216,INSTITUTO NACIONAL DE SALUD DEL NIÑO,244500,HOSPITALIZACIÓN DE MEDICINA HEMATOLOGÍA,3,8,51,111,4,124,0,31,6.375,0.0,31.0,0.8951612903225806,0.024193548387096774,2.0,-5,alto,2
2015,5,150105,LIMA,LIMA,BREÑA,MINSA,III-2,00006216,INSTITUTO NACIONAL DE SALUD DEL NIÑO,250108,UNIDAD DE CUIDADOS CRITICOS UNIDAD DE CUIDADOS INTENSIVOS (UCI) PEDIÁTRICA,0,2,20,468,16,496,2,31,10.0,1.0,31.0,0.9435483870967742,0.0,0.125,-2,alto,2
2015,5,150108,LIMA,LIMA,CHORRILLOS,MINSA,III-2,00007734,"INSTITUTO NACIONAL DE REHABILITACION ""DRA. ADRIANA REBAZA FLORES"" AMISTAD PERU - JAPON",240000,HOSPITALIZACIÓN,12,7,697,889,36,1116,0,31,99.57142857142857,0.0,31.0,0.796594982078853,0.010752688172043012,0.19444444444444445,5,medio,1
2015,5,150111,LIMA,LIMA,EL AGUSTINO,MINSA,III-1,00005946,HOSPITAL NACIONAL HIPOLITO UNANUE,240100,HOSPITALIZACIÓN QUIRÚRGICA CIRUGÍA GENERAL,276,277,5612,3873,117,3627,5,31,20.259927797833935,0.018050541516245487,31.0,1.0678246484698097,0.076095947063689,2.3675213675213675,-1,alto,2
2015,5,150111,LIMA,LIMA,EL AGUSTINO,MINSA,III-1,00005946,HOSPITAL NACIONAL HIPOLITO UNANUE,240200,HOSPITALIZACIÓN QUIRÚRGICA CIRUGÍA DE CABEZA Y CUELLO / MÁXILO FACIAL,16,24,249,217,12,372,0,31,10.375,0.0,31.0,0.5833333333333334,0.043010752688172046,2.0,-8,bajo,0
2015,5,150111,LIMA,LIMA,EL AGUSTINO,MINSA,III-1,00005946,HOSPITAL NACIONAL HIPOLITO UNANUE,240600,HOSPITALIZACIÓN QUIRÚRGICA CIRUGÍA OFTALMOLÓGICA,2,2,9,9,6,186,0,31,4.5,0.0,31.0,0.04838709677419355,0.010752688172043012,0.3333333333333333,0,bajo,0
2015,5,150111,LIMA,LIMA,EL AGUSTINO,MINSA,III-1,00005946,HOSPITAL NACIONAL HIPOLITO UNANUE,240700,HOSPITALIZACIÓN QUIRÚRGICA CIRUGÍA PEDIÁTRICA,40,40,260,266,7,217,0,31,6.5,0.0,31.0,1.2258064516129032,0.18433179723502305,5.714285714285714,0,alto,2
2015,5,150111,LIMA,LIMA,EL AGUSTINO,MINSA,III-1,00005946,HOSPITAL NACIONAL HIPOLITO UNANUE,240800,HOSPITALIZACIÓN QUIRÚRGICA CIRUGÍA PLÁSTICA/RECONSTRUCTIVA/ REPARADORA,10,9,114,280,10,310,0,31,12.666666666666666,0.0,31.0,0.9032258064516129,0.03225806451612903,0.9,1,alto,2
2015,5,150111,LIMA,LIMA,EL AGUSTINO,MINSA,III-1,00005946,HOSPITAL NACIONAL HIPOLITO UNANUE,240900,HOSPITALIZACIÓN QUIRÚRGICA NEUROCIRUGÍA,33,33,873,660,22,682,1,31,26.454545454545453,0.030303030303030304,31.0,0.967741935483871,0.04838709677419355,1.5,0,alto,2
2015,5,150111,LIMA,LIMA,EL AGUSTINO,MINSA,III-1,00005946,HOSPITAL NACIONAL HIPOLITO UNANUE,241100,HOSPITALIZACIÓN QUIRÚRGICA OTORRINOLARINGOLOGÍA,8,9,42,29,6,186,0,31,4.666666666666667,0.0,31.0,0.15591397849462366,0.043010752688172046,1.5,-1,bajo,0
2015,5,150111,LIMA,LIMA,EL AGUSTINO,MINSA,III-1,00005946,HOSPITAL NACIONAL HIPOLITO UNANUE,241200,HOSPITALIZACIÓN QUIRÚRGICA TRAUMATOLOGÍA Y ORTOPEDIA,60,52,1285,1417,50,1550,0,31,24.71153846153846,0.0,31.0,0.9141935483870968,0.03870967741935484,1.04,8,alto,2
2015,5,150111,LIMA,LIMA,EL AGUSTINO,MINSA,III-1,00005946,HOSPITAL NACIONAL HIPOLITO UNANUE,241300,HOSPITALIZACIÓN QUIRÚRGICA UROLOGÍA,23,16,189,291,12,372,0,31,11.8125,0.0,31.0,0.782258064516129,0.06182795698924731,1.3333333333333333,7,medio,1
2015,5,150111,LIMA,LIMA,EL AGUSTINO,MINSA,III-1,00005946,HOSPITAL NACIONAL HIPOLITO UNANUE,241400,HOSPITALIZACIÓN QUIRÚRGICA GINECO - OBSTETRICIA,21,20,86,138,6,186,0,31,4.3,0.0,31.0,0.7419354838709677,0.11290322580645161,3.3333333333333335,1,medio,1
2015,5,150111,LIMA,LIMA,EL AGUSTINO,MINSA,III-1,00005946,HOSPITAL NACIONAL HIPOLITO UNANUE,241500,HOSPITALIZACIÓN QUIRÚRGICA GINECOLOGÍA,85,89,397,913,35,1085,1,31,4.46067415730337,0.011235955056179775,31.0,0.8414746543778802,0.07834101382488479,2.5428571428571427,-4,medio,1
2015,5,150111,LIMA,LIMA,EL AGUSTINO,MINSA,III-1,00005946,HOSPITAL NACIONAL HIPOLITO UNANUE,241600,HOSPITALIZACIÓN QUIRÚRGICA OBSTETRICIA,710,730,1670,1768,73,2263,0,31,2.287671232876712,0.0,31.0,0.7812638091029607,0.31374281926646047,10.0,-20,alto,2
2015,5,150111,LIMA,LIMA,EL AGUSTINO,MINSA,III-1,00005946,HOSPITAL NACIONAL HIPOLITO UNANUE,241800,HOSPITALIZACIÓN DE MEDICINA MEDICINA GENERAL,48,42,446,524,18,558,3,31,10.619047619047619,0.07142857142857142,31.0,0.9390681003584229,0.08602150537634409,2.3333333333333335,6,alto,2
2015,5,150111,LIMA,LIMA,EL AGUSTINO,MINSA,III-1,00005946,HOSPITAL NACIONAL HIPOLITO UNANUE,241900,HOSPITALIZACIÓN DE MEDICINA MEDICINA INTERNA,350,335,4876,5239,170,5270,55,31,14.555223880597016,0.16417910447761194,31.0,0.9941176470588236,0.06641366223908918,1.9705882352941178,15,alto,2
2015,5,150111,LIMA,LIMA,EL AGUSTINO,MINSA,III-1,00005946,HOSPITAL NACIONAL HIPOLITO UNANUE,242200,HOSPITALIZACIÓN DE MEDICINA PSIQUIATRÍA,13,16,83,82,3,93,0,31,5.1875,0.0,31.0,0.8817204301075269,0.13978494623655913,5.333333333333333,-3,alto,2
2015,5,150111,LIMA,LIMA,EL AGUSTINO,MINSA,III-1,00005946,HOSPITAL NACIONAL HIPOLITO UNANUE,242300,HOSPITALIZACIÓN DE PEDIATRÍA PEDIATRÍA GENERAL,100,101,619,835,40,1240,0,31,6.128712871287129,0.0,31.0,0.6733870967741935,0.08064516129032258,2.525,-1,medio,1
2015,5,150111,LIMA,LIMA,EL AGUSTINO,MINSA,III-1,00005946,HOSPITAL NACIONAL HIPOLITO UNANUE,243200,HOSPITALIZACIÓN DE PEDIATRÍA PEDIATRIA NEONATOLOGÍA,94,97,929,1220,47,1457,7,31,9.577319587628866,0.07216494845360824,31.0,0.8373369938229238,0.06451612903225806,2.0638297872340425,-3,medio,1
2015,5,150111,LIMA,LIMA,EL AGUSTINO,MINSA,III-1,00005946,HOSPITAL NACIONAL HIPOLITO UNANUE,250200,UNIDAD DE CUIDADOS CRITICOS UNIDAD DE CUIDADOS INTERMEDIOS GENERAL (UCIN),8,7,139,215,7,217,4,31,19.857142857142858,0.5714285714285714,31.0,0.9907834101382489,0.03686635944700461,1.0,1,alto,2
2015,5,150120,LIMA,LIMA,MAGDALENA DEL MAR,MINSA,III-1,00006214,HOSPITAL VICTOR LARCO HERRERA,242200,HOSPITALIZACIÓN DE MEDICINA PSIQUIATRÍA,42,44,9508,14046,590,18290,2,31,216.0909090909091,0.045454545454545456,31.0,0.7679606342263532,0.0022963367960634226,0.07457627118644068,-2,medio,1
2015,5,150133,LIMA,LIMA,SAN JUAN DE MIRAFLORES,MINSA,III-1,00005987,HOSPITAL MARIA AUXILIADORA,240100,HOSPITALIZACIÓN QUIRÚRGICA CIRUGÍA GENERAL,182,295,2452,2296,90,2788,2,31,8.31186440677966,0.006779661016949152,30.977777777777778,0.8229390681003584,0.06527977044476327,3.2777777777777777,-113,medio,1
2015,5,150133,LIMA,LIMA,SAN JUAN DE MIRAFLORES,MINSA,III-1,00005987,HOSPITAL MARIA AUXILIADORA,241400,HOSPITALIZACIÓN QUIRÚRGICA GINECO - OBSTETRICIA,596,838,2681,2364,92,2849,0,31,3.1992840095465396,0.0,30.967391304347824,0.8288920056100981,0.2091962091962092,9.108695652173912,-242,alto,2
2015,5,150133,LIMA,LIMA,SAN JUAN DE MIRAFLORES,MINSA,III-1,00005987,HOSPITAL MARIA AUXILIADORA,241900,HOSPITALIZACIÓN DE MEDICINA MEDICINA INTERNA,137,135,1554,1896,70,2161,13,31,11.511111111111111,0.0962962962962963,30.87142857142857,0.8737327188940092,0.06339657565941693,1.9285714285714286,2,alto,2
2015,5,150133,LIMA,LIMA,SAN JUAN DE MIRAFLORES,MINSA,III-1,00005987,HOSPITAL MARIA AUXILIADORA,242100,HOSPITALIZACIÓN DE MEDICINA ONCOLOGÍA MÉDICA,40,40,332,348,14,348,3,31,8.3,0.075,24.857142857142858,0.8018433179723502,0.11494252873563218,2.857142857142857,0,medio,1
2015,5,150133,LIMA,LIMA,SAN JUAN DE MIRAFLORES,MINSA,III-1,00005987,HOSPITAL MARIA AUXILIADORA,242300,HOSPITALIZACIÓN DE PEDIATRÍA PEDIATRÍA GENERAL,179,183,1057,1072,44,1364,0,31,5.775956284153006,0.0,31.0,0.7859237536656891,0.1312316715542522,4.159090909090909,-4,alto,2
2015,5,150133,LIMA,LIMA,SAN JUAN DE MIRAFLORES,MINSA,III-1,00005987,HOSPITAL MARIA AUXILIADORA,243200,HOSPITALIZACIÓN DE PEDIATRÍA PEDIATRIA NEONATOLOGÍA,67,239,2423,2144,71,2213,14,31,10.138075313807532,0.058577405857740586,31.169014084507044,0.9741026805997274,0.03027564392227745,3.3661971830985915,-172,alto,2
2015,5,150135,LIMA,LIMA,SAN MARTIN DE PORRES,MINSA,III-2,00007733,"INSTITUTO NACIONAL DE SALUD MENTAL ""HONORIO DELGADO - HIDEYO NOGUCHI""",242202,HOSPITALIZACIÓN DE MEDICINA PSIQUIATRÍA PSIQUIATRÍA DEL ADULTO Y GERONTE,30,29,2238,1884,62,1922,0,31,77.17241379310344,0.0,31.0,0.9802289281997919,0.015608740894901144,0.46774193548387094,1,alto,2
2015,5,150135,LIMA,LIMA,SAN MARTIN DE PORRES,MINSA,III-2,00007733,"INSTITUTO NACIONAL DE SALUD MENTAL ""HONORIO DELGADO - HIDEYO NOGUCHI""",242205,HOSPITALIZACIÓN MEDICINA PSIQUIATRÍA PISIQUIATRIA/ SALUD MENTAL Y ADICCIONES,7,2,107,308,19,589,0,31,53.5,0.0,31.0,0.5229202037351444,0.011884550084889643,0.10526315789473684,5,bajo,0
2015,5,150137,LIMA,LIMA,SANTA ANITA,MINSA,III-1,00005948,HOSPITAL HERMILIO VALDIZAN,242200,HOSPITALIZACIÓN DE MEDICINA PSIQUIATRÍA,77,61,2187,5152,210,6510,0,31,35.85245901639344,0.0,31.0,0.7913978494623656,0.011827956989247311,0.2904761904761905,16,medio,1
2015,5,150137,LIMA,LIMA,SANTA ANITA,MINSA,III-1,00005948,HOSPITAL HERMILIO VALDIZAN,242204,HOSPITALIZACIÓN DE MEDICINA PSIQUIATRÍA REHABILITACIÓN PSIQUIÁTRICA / REINSERCIÓN,19,14,346,446,20,620,0,31,24.714285714285715,0.0,31.0,0.7193548387096774,0.03064516129032258,0.7,5,medio,1
2015,6,150101,LIMA,LIMA,LIMA,MINSA,III-1,00006206,NACIONAL DOS DE MAYO,240100,HOSPITALIZACIÓN QUIRÚRGICA CIRUGÍA GENERAL,22,24,555,426,20,600,3,30,23.125,0.125,30.0,0.71,0.03666666666666667,1.2,-2,medio,1
2015,6,150101,LIMA,LIMA,LIMA,MINSA,III-1,00006206,NACIONAL DOS DE MAYO,240200,HOSPITALIZACIÓN QUIRÚRGICA CIRUGÍA DE CABEZA Y CUELLO / MÁXILO FACIAL,20,18,47,55,3,90,0,30,2.611111111111111,0.0,30.0,0.6111111111111112,0.2222222222222222,6.0,2,alto,2
2015,6,150101,LIMA,LIMA,LIMA,MINSA,III-1,00006206,NACIONAL DOS DE MAYO,240400,HOSPITALIZACIÓN QUIRÚRGICA CIRUGÍA DE TÓRAX Y CARDIOVASCULAR,24,22,246,169,12,360,0,30,11.181818181818182,0.0,30.0,0.46944444444444444,0.06666666666666667,1.8333333333333333,2,bajo,0
2015,6,150101,LIMA,LIMA,LIMA,MINSA,III-1,00006206,NACIONAL DOS DE MAYO,240700,HOSPITALIZACIÓN QUIRÚRGICA CIRUGÍA PEDIÁTRICA,30,42,783,481,20,600,2,30,18.642857142857142,0.047619047619047616,30.0,0.8016666666666666,0.05,2.1,-12,medio,1
2015,6,150101,LIMA,LIMA,LIMA,MINSA,III-1,00006206,NACIONAL DOS DE MAYO,240800,HOSPITALIZACIÓN QUIRÚRGICA CIRUGÍA PLÁSTICA/RECONSTRUCTIVA/ REPARADORA,9,11,82,94,6,180,0,30,7.454545454545454,0.0,30.0,0.5222222222222223,0.05,1.8333333333333333,-2,bajo,0
2015,6,150101,LIMA,LIMA,LIMA,MINSA,III-1,00006206,NACIONAL DOS DE MAYO,240900,HOSPITALIZACIÓN QUIRÚRGICA NEUROCIRUGÍA,49,56,1019,548,40,1200,0,30,18.196428571428573,0.0,30.0,0.45666666666666667,0.04083333333333333,1.4,-7,bajo,0
2015,6,150101,LIMA,LIMA,LIMA,MINSA,III-1,00006206,NACIONAL DOS DE MAYO,241100,HOSPITALIZACIÓN QUIRÚRGICA OTORRINOLARINGOLOGÍA,82,74,899,859,40,1200,1,30,12.14864864864865,0.013513513513513514,30.0,0.7158333333333333,0.06833333333333333,1.85,8,medio,1
2015,6,150101,LIMA,LIMA,LIMA,MINSA,III-1,00006206,NACIONAL DOS DE MAYO,241200,HOSPITALIZACIÓN QUIRÚRGICA TRAUMATOLOGÍA Y ORTOPEDIA,24,25,384,610,28,840,2,30,15.36,0.08,30.0,0.7261904761904762,0.02857142857142857,0.8928571428571429,-1,medio,1
2015,6,150101,LIMA,LIMA,LIMA,MINSA,III-1,00006206,NACIONAL DOS DE MAYO,241300,HOSPITALIZACIÓN QUIRÚRGICA UROLOGÍA,165,251,2623,2412,97,2910,1,30,10.450199203187251,0.00398406374501992,30.0,0.8288659793814434,0.05670103092783505,2.5876288659793816,-86,medio,1
2015,6,150101,LIMA,LIMA,LIMA,MINSA,III-1,00006206,NACIONAL DOS DE MAYO,241400,HOSPITALIZACIÓN QUIRÚRGICA GINECO - OBSTETRICIA,8,7,169,77,8,240,0,30,24.142857142857142,0.0,30.0,0.32083333333333336,0.03333333333333333,0.875,1,bajo,0
2015,6,150101,LIMA,LIMA,LIMA,MINSA,III-1,00006206,NACIONAL DOS DE MAYO,241800,HOSPITALIZACIÓN DE MEDICINA MEDICINA GENERAL,409,409,5579,4184,204,6120,42,30,13.640586797066014,0.10268948655256724,30.0,0.6836601307189543,0.06683006535947712,2.0049019607843137,0,bajo,0
2015,6,150101,LIMA,LIMA,LIMA,MINSA,III-1,00006206,NACIONAL DOS DE MAYO,242300,HOSPITALIZACIÓN DE PEDIATRÍA PEDIATRÍA GENERAL,384,380,1203,1284,52,1560,0,30,3.1657894736842107,0.0,30.0,0.823076923076923,0.24615384615384617,7.3076923076923075,4,alto,2
2015,6,150101,LIMA,LIMA,LIMA,MINSA,III-1,00006206,NACIONAL DOS DE MAYO,243200,HOSPITALIZACIÓN DE PEDIATRÍA PEDIATRIA NEONATOLOGÍA,38,44,352,104,12,360,2,30,8.0,0.045454545454545456,30.0,0.28888888888888886,0.10555555555555556,3.6666666666666665,-6,medio,1
2015,6,150101,LIMA,LIMA,LIMA,MINSA,III-1,00006206,NACIONAL DOS DE MAYO,250100,UNIDAD DE CUIDADOS CRITICOS UNIDAD DE CUIDADOS INTENSIVOS GENERALES (UCI),258,268,1780,1222,51,1530,3,30,6.641791044776119,0.011194029850746268,30.0,0.7986928104575164,0.16862745098039217,5.254901960784314,-10,alto,2
2015,6,150101,LIMA,LIMA,LIMA,MINSA,III-1,00006207,NACIONAL ARZOBISPO LOAYZA,240100,HOSPITALIZACIÓN QUIRÚRGICA CIRUGÍA GENERAL,410,424,3756,3454,120,3712,3,30,8.858490566037736,0.007075471698113208,30.933333333333334,0.9594444444444444,0.11045258620689655,3.533333333333333,-14,alto,2
2015,6,150101,LIMA,LIMA,LIMA,MINSA,III-1,00006207,NACIONAL ARZOBISPO LOAYZA,240200,HOSPITALIZACIÓN QUIRÚRGICA CIRUGÍA DE CABEZA Y CUELLO / MÁXILO FACIAL,20,18,215,320,15,450,0,30,11.944444444444445,0.0,30.0,0.7111111111111111,0.044444444444444446,1.2,2,medio,1
2015,6,150101,LIMA,LIMA,LIMA,MINSA,III-1,00006207,NACIONAL ARZOBISPO LOAYZA,240800,HOSPITALIZACIÓN QUIRÚRGICA CIRUGÍA PLÁSTICA/RECONSTRUCTIVA/ REPARADORA,23,21,659,469,23,690,0,30,31.38095238095238,0.0,30.0,0.6797101449275362,0.03333333333333333,0.9130434782608695,2,bajo,0
2015,6,150101,LIMA,LIMA,LIMA,MINSA,III-1,00006207,NACIONAL ARZOBISPO LOAYZA,240900,HOSPITALIZACIÓN QUIRÚRGICA NEUROCIRUGÍA,27,29,547,441,15,450,1,30,18.862068965517242,0.034482758620689655,30.0,0.98,0.06,1.9333333333333333,-2,alto,2
2015,6,150101,LIMA,LIMA,LIMA,MINSA,III-1,00006207,NACIONAL ARZOBISPO LOAYZA,241200,HOSPITALIZACIÓN QUIRÚRGICA TRAUMATOLOGÍA Y ORTOPEDIA,68,68,781,849,30,900,0,30,11.485294117647058,0.0,30.0,0.9433333333333334,0.07555555555555556,2.2666666666666666,0,alto,2
2015,6,150101,LIMA,LIMA,LIMA,MINSA,III-1,00006207,NACIONAL ARZOBISPO LOAYZA,241300,HOSPITALIZACIÓN QUIRÚRGICA UROLOGÍA,78,77,818,909,32,960,0,30,10.623376623376624,0.0,30.0,0.946875,0.08125,2.40625,1,alto,2
2015,6,150101,LIMA,LIMA,LIMA,MINSA,III-1,00006207,NACIONAL ARZOBISPO LOAYZA,241500,HOSPITALIZACIÓN QUIRÚRGICA GINECOLOGÍA,188,191,1421,1425,56,1680,0,30,7.439790575916231,0.0,30.0,0.8482142857142857,0.11190476190476191,3.4107142857142856,-3,medio,1
2015,6,150101,LIMA,LIMA,LIMA,MINSA,III-1,00006207,NACIONAL ARZOBISPO LOAYZA,241600,HOSPITALIZACIÓN QUIRÚRGICA OBSTETRICIA,424,420,1748,1802,79,2370,0,30,4.161904761904762,0.0,30.0,0.760337552742616,0.17890295358649788,5.3164556962025316,4,alto,2
2015,6,150101,LIMA,LIMA,LIMA,MINSA,III-1,00006207,NACIONAL ARZOBISPO LOAYZA,241700,HOSPITALIZACIÓN QUIRÚRGICA GINECOLOGÍA GINECOLOGIA ONCOLOGICA,21,25,171,161,8,240,0,30,6.84,0.0,30.0,0.6708333333333333,0.0875,3.125,-4,medio,1
2015,6,150101,LIMA,LIMA,LIMA,MINSA,III-1,00006207,NACIONAL ARZOBISPO LOAYZA,241800,HOSPITALIZACIÓN DE MEDICINA MEDICINA GENERAL,37,39,250,222,8,240,2,30,6.410256410256411,0.05128205128205128,30.0,0.925,0.15416666666666667,4.875,-2,alto,2
2015,6,150101,LIMA,LIMA,LIMA,MINSA,III-1,00006207,NACIONAL ARZOBISPO LOAYZA,241900,HOSPITALIZACIÓN DE MEDICINA MEDICINA INTERNA,552,563,7626,7201,248,7684,50,30,13.545293072824157,0.08880994671403197,30.983870967741936,0.9678763440860215,0.07183758459135867,2.2701612903225805,-11,alto,2
2015,6,150101,LIMA,LIMA,LIMA,MINSA,III-1,00006207,NACIONAL ARZOBISPO LOAYZA,242300,HOSPITALIZACIÓN DE PEDIATRÍA PEDIATRÍA GENERAL,141,132,551,533,38,1140,1,30,4.174242424242424,0.007575757575757576,30.0,0.4675438596491228,0.12368421052631579,3.473684210526316,9,alto,2
2015,6,150101,LIMA,LIMA,LIMA,MINSA,III-1,00006207,NACIONAL ARZOBISPO LOAYZA,243200,HOSPITALIZACIÓN DE PEDIATRÍA PEDIATRIA NEONATOLOGÍA,333,337,1290,313,76,2280,2,30,3.827893175074184,0.005934718100890208,30.0,0.13728070175438598,0.14605263157894738,4.434210526315789,-4,alto,2
2015,6,150101,LIMA,LIMA,LIMA,MINSA,III-1,00006207,NACIONAL ARZOBISPO LOAYZA,250100,UNIDAD DE CUIDADOS CRITICOS UNIDAD DE CUIDADOS INTENSIVOS GENERALES (UCI),17,23,440,168,6,180,3,30,19.130434782608695,0.13043478260869565,30.0,0.9333333333333333,0.09444444444444444,3.8333333333333335,-6,alto,2
2015,6,150101,LIMA,LIMA,LIMA,MINSA,III-1,00006207,NACIONAL ARZOBISPO LOAYZA,250200,UNIDAD DE CUIDADOS CRITICOS UNIDAD DE CUIDADOS INTERMEDIOS GENERAL (UCIN),23,22,269,297,16,480,7,30,12.227272727272727,0.3181818181818182,30.0,0.61875,0.04791666666666667,1.375,1,bajo,0
2015,6,150101,LIMA,LIMA,LIMA,MINSA,III-2,00006209,INSTITUTO NACIONAL DE CIENCIAS NEUROLOGICAS,240900,HOSPITALIZACIÓN QUIRÚRGICA NEUROCIRUGÍA,151,84,1439,1070,40,1200,3,30,17.13095238095238,0.03571428571428571,30.0,0.8916666666666667,0.12583333333333332,2.1,67,alto,2
2015,6,150101,LIMA,LIMA,LIMA,MINSA,III-2,00006209,INSTITUTO NACIONAL DE CIENCIAS NEUROLOGICAS,241100,HOSPITALIZACIÓN QUIRÚRGICA OTORRINOLARINGOLOGÍA,3,3,11,7,1,30,0,30,3.6666666666666665,0.0,30.0,0.23333333333333334,0.1,3.0,0,medio,1
2015,6,150101,LIMA,LIMA,LIMA,MINSA,III-2,00006209,INSTITUTO NACIONAL DE CIENCIAS NEUROLOGICAS,243400,HOSPITALIZACIÓN DE PEDIATRÍA PEDIATRIA NEUROLOGÍA PEDIÁTRICA,16,17,358,277,20,600,0,30,21.058823529411764,0.0,30.0,0.46166666666666667,0.02666666666666667,0.85,-1,bajo,0
2015,6,150101,LIMA,LIMA,LIMA,MINSA,III-2,00006209,INSTITUTO NACIONAL DE CIENCIAS NEUROLOGICAS,244800,HOSPITALIZACIÓN-HOSPITALIZACIÓN DE MEDICINA-GERIATRIA,20,17,319,311,20,600,0,30,18.764705882352942,0.0,30.0,0.5183333333333333,0.03333333333333333,0.85,3,bajo,0
2015,6,150101,LIMA,LIMA,LIMA,MINSA,III-2,00006209,INSTITUTO NACIONAL DE CIENCIAS NEUROLOGICAS,244900,HOSPITALIZACIÓN DE MEDICINA NEUROLOGIA NEURODEGENERATIVAS,20,18,473,626,44,1320,0,30,26.27777777777778,0.0,30.0,0.47424242424242424,0.015151515151515152,0.4090909090909091,2,bajo,0
2015,6,150101,LIMA,LIMA,LIMA,MINSA,III-2,00006209,INSTITUTO NACIONAL DE CIENCIAS NEUROLOGICAS,245000,HOSPITALIZACIÓN DE MEDICINA NEUROLOGIA NEUROVASCULARES Y METABOLICAS,13,16,298,355,13,390,0,30,18.625,0.0,30.0,0.9102564102564102,0.03333333333333333,1.2307692307692308,-3,alto,2
2015,6,150101,LIMA,LIMA,LIMA,MINSA,III-2,00006209,INSTITUTO NACIONAL DE CIENCIAS NEUROLOGICAS,245100,HOSPITALIZACIÓN DE MEDICINA NEUROLOGIA ENFERMEDADES INFECCIOSAS/TRANSMISIBLES DEL SISTEMA NERVIOSO,30,29,760,794,28,840,2,30,26.20689655172414,0.06896551724137931,30.0,0.9452380952380952,0.03571428571428571,1.0357142857142858,1,alto,2
2015,6,150101,LIMA,LIMA,LIMA,MINSA,III-2,00006209,INSTITUTO NACIONAL DE CIENCIAS NEUROLOGICAS,245200,HOSPITALIZACIÓN DE MEDICINA NEUROLOGIA EPILEPSIA/EPILEPTOLOGIA,27,22,242,316,17,510,0,30,11.0,0.0,30.0,0.6196078431372549,0.052941176470588235,1.2941176470588236,5,bajo,0
2015,6,150101,LIMA,LIMA,LIMA,MINSA,III-2,00006209,INSTITUTO NACIONAL DE CIENCIAS NEUROLOGICAS,250106,UNIDAD DE CUIDADOS CRITICOS UNIDAD DE CUIDADOS INTENSIVOS (UCI) NEUROLÓGICA,12,2,113,119,5,150,2,30,56.5,1.0,30.0,0.7933333333333333,0.08,0.4,10,medio,1
2015,6,150101,LIMA,LIMA,LIMA,MINSA,III-2,00006217,INO DR. FRANCISCO CONTRERAS C.,240600,HOSPITALIZACIÓN QUIRÚRGICA CIRUGÍA OFTALMOLÓGICA,42,43,150,46,11,330,0,30,3.488372093023256,0.0,30.0,0.1393939393939394,0.12727272727272726,3.909090909090909,-1,alto,2
2015,6,150103,LIMA,LIMA,ATE,ESSALUD,II-1,00008353,ESSALUD - HOSPITAL II VITARTE,240100,HOSPITALIZACIÓN QUIRÚRGICA CIRUGÍA GENERAL,111,105,297,331,12,360,0,30,2.8285714285714287,0.0,30.0,0.9194444444444444,0.30833333333333335,8.75,6,alto,2
2015,6,150103,LIMA,LIMA,ATE,ESSALUD,II-1,00008353,ESSALUD - HOSPITAL II VITARTE,241200,HOSPITALIZACIÓN QUIRÚRGICA TRAUMATOLOGÍA Y ORTOPEDIA,39,33,207,247,9,270,0,30,6.2727272727272725,0.0,30.0,0.9148148148148149,0.14444444444444443,3.6666666666666665,6,alto,2
2015,6,150103,LIMA,LIMA,ATE,ESSALUD,II-1,00008353,ESSALUD - HOSPITAL II VITARTE,241300,HOSPITALIZACIÓN QUIRÚRGICA UROLOGÍA,12,13,50,58,2,60,0,30,3.8461538461538463,0.0,30.0,0.9666666666666667,0.2,6.5,-1,alto,2
2015,6,150103,LIMA,LIMA,ATE,ESSALUD,II-1,00008353,ESSALUD - HOSPITAL II VITARTE,241500,HOSPITALIZACIÓN QUIRÚRGICA GINECOLOGÍA,71,70,140,110,4,120,0,30,2.0,0.0,30.0,0.9166666666666666,0.5916666666666667,17.5,1,alto,2
2015,6,150103,LIMA,LIMA,ATE,ESSALUD,II-1,00008353,ESSALUD - HOSPITAL II VITARTE,241900,HOSPITALIZACIÓN DE MEDICINA MEDICINA INTERNA,107,106,872,858,29,870,11,30,8.226415094339623,0.10377358490566038,30.0,0.9862068965517241,0.12298850574712644,3.6551724137931036,1,alto,2
2015,6,150103,LIMA,LIMA,ATE,ESSALUD,II-1,00008353,ESSALUD - HOSPITAL II VITARTE,242300,HOSPITALIZACIÓN DE PEDIATRÍA PEDIATRÍA GENERAL,87,88,300,276,10,300,0,30,3.409090909090909,0.0,30.0,0.92,0.29,8.8,-1,alto,2
2015,6,150103,LIMA,LIMA,ATE,ESSALUD,II-1,00008353,ESSALUD - HOSPITAL II VITARTE,250304,HOSPIT. EN UNIDAD DE CUID.INTEN.-UNIDAD DE VIGILANCIA INTENSIVA (UVI)-MEDICINA,11,12,43,40,4,120,1,30,3.5833333333333335,0.08333333333333333,30.0,0.3333333333333333,0.09166666666666666,3.0,-1,medio,1
2015,6,150105,LIMA,LIMA,BREÑA,MINSA,III-2,00006216,INSTITUTO NACIONAL DE SALUD DEL NIÑO,240200,HOSPITALIZACIÓN QUIRÚRGICA CIRUGÍA DE CABEZA Y CUELLO / MÁXILO FACIAL,28,35,459,243,9,270,0,30,13.114285714285714,0.0,30.0,0.9,0.1037037037037037,3.888888888888889,-7,alto,2
2015,6,150105,LIMA,LIMA,BREÑA,MINSA,III-2,00006216,INSTITUTO NACIONAL DE SALUD DEL NIÑO,240400,HOSPITALIZACIÓN QUIRÚRGICA CIRUGÍA DE TÓRAX Y CARDIOVASCULAR,12,15,437,483,17,510,1,30,29.133333333333333,0.06666666666666667,30.0,0.9470588235294117,0.023529411764705882,0.8823529411764706,-3,alto,2
2015,6,150105,LIMA,LIMA,BREÑA,MINSA,III-2,00006216,INSTITUTO NACIONAL DE SALUD DEL NIÑO,240700,HOSPITALIZACIÓN QUIRÚRGICA CIRUGÍA PEDIÁTRICA,25,94,867,771,26,780,0,30,9.22340425531915,0.0,30.0,0.9884615384615385,0.03205128205128205,3.6153846153846154,-69,alto,2
2015,6,150105,LIMA,LIMA,BREÑA,MINSA,III-2,00006216,INSTITUTO NACIONAL DE SALUD DEL NIÑO,240801,HOSPITALIZACIÓN QUIRÚRGICA CIRUGÍA PLÁSTICA/RECONSTRUCTIVA/ REPARADORA QUEMADOS,33,42,526,532,20,600,0,30,12.523809523809524,0.0,30.0,0.8866666666666667,0.055,2.1,-9,alto,2
2015,6,150105,LIMA,LIMA,BREÑA,MINSA,III-2,00006216,INSTITUTO NACIONAL DE SALUD DEL NIÑO,240900,HOSPITALIZACIÓN QUIRÚRGICA NEUROCIRUGÍA,17,33,565,694,24,720,0,30,17.12121212121212,0.0,30.0,0.9638888888888889,0.02361111111111111,1.375,-16,alto,2
2015,6,150105,LIMA,LIMA,BREÑA,MINSA,III-2,00006216,INSTITUTO NACIONAL DE SALUD DEL NIÑO,241200,HOSPITALIZACIÓN QUIRÚRGICA TRAUMATOLOGÍA Y ORTOPEDIA,16,42,612,986,36,1080,0,30,14.571428571428571,0.0,30.0,0.912962962962963,0.014814814814814815,1.1666666666666667,-26,alto,2
2015,6,150105,LIMA,LIMA,BREÑA,MINSA,III-2,00006216,INSTITUTO NACIONAL DE SALUD DEL NIÑO,241300,HOSPITALIZACIÓN QUIRÚRGICA UROLOGÍA,7,11,152,86,6,180,0,30,13.818181818181818,0.0,30.0,0.4777777777777778,0.03888888888888889,1.8333333333333333,-4,bajo,0
2015,6,150105,LIMA,LIMA,BREÑA,MINSA,III-2,00006216,INSTITUTO NACIONAL DE SALUD DEL NIÑO,242000,HOSPITALIZACIÓN DE MEDICINA MEDICINA TROPICAL E INFECCIOSAS,11,45,674,729,28,840,0,30,14.977777777777778,0.0,30.0,0.8678571428571429,0.013095238095238096,1.6071428571428572,-34,alto,2
2015,6,150105,LIMA,LIMA,BREÑA,MINSA,III-2,00006216,INSTITUTO NACIONAL DE SALUD DEL NIÑO,242300,HOSPITALIZACIÓN DE PEDIATRÍA PEDIATRÍA GENERAL,1,189,2091,2307,81,2430,2,30,11.063492063492063,0.010582010582010581,30.0,0.9493827160493827,0.00041152263374485596,2.3333333333333335,-188,alto,2
2015,6,150105,LIMA,LIMA,BREÑA,MINSA,III-2,00006216,INSTITUTO NACIONAL DE SALUD DEL NIÑO,242600,HOSPITALIZACIÓN DE PEDIATRÍA PEDIATRIA CARDIOLOGÍA PEDIÁTRICA,25,31,342,523,24,720,0,30,11.03225806451613,0.0,30.0,0.7263888888888889,0.034722222222222224,1.2916666666666667,-6,medio,1
2015,6,150105,LIMA,LIMA,BREÑA,MINSA,III-2,00006216,INSTITUTO NACIONAL DE SALUD DEL NIÑO,242700,HOSPITALIZACIÓN DE PEDIATRÍA PEDIATRIA DERMATOLOGÍA PEDIÁTRICA,3,35,256,258,10,300,0,30,7.314285714285714,0.0,30.0,0.86,0.01,3.5,-32,alto,2
2015,6,150105,LIMA,LIMA,BREÑA,MINSA,III-2,00006216,INSTITUTO NACIONAL DE SALUD DEL NIÑO,242900,HOSPITALIZACIÓN DE PEDIATRÍA PEDIATRIA GASTROENTEROLOGÍA PEDIÁTRICA,6,17,260,288,10,300,0,30,15.294117647058824,0.0,30.0,0.96,0.02,1.7,-11,alto,2
2015,6,150105,LIMA,LIMA,BREÑA,MINSA,III-2,00006216,INSTITUTO NACIONAL DE SALUD DEL NIÑO,243000,HOSPITALIZACIÓN DE PEDIATRÍA PEDIATRIA GINECOLOGÍA PEDIÁTRICA,2,7,29,27,1,30,0,30,4.142857142857143,0.0,30.0,0.9,0.06666666666666667,7.0,-5,alto,2
2015,6,150105,LIMA,LIMA,BREÑA,MINSA,III-2,00006216,INSTITUTO NACIONAL DE SALUD DEL NIÑO,243100,HOSPITALIZACIÓN DE PEDIATRÍA PEDIATRIA NEFROLOGÍA PEDIÁTRICA,3,9,132,178,6,180,0,30,14.666666666666666,0.0,30.0,0.9888888888888889,0.016666666666666666,1.5,-6,alto,2
2015,6,150105,LIMA,LIMA,BREÑA,MINSA,III-2,00006216,INSTITUTO NACIONAL DE SALUD DEL NIÑO,243200,HOSPITALIZACIÓN DE PEDIATRÍA PEDIATRIA NEONATOLOGÍA,0,12,116,288,10,300,3,30,9.666666666666666,0.25,30.0,0.96,0.0,1.2,-12,alto,2
2015,6,150105,LIMA,LIMA,BREÑA,MINSA,III-2,00006216,INSTITUTO NACIONAL DE SALUD DEL NIÑO,243300,HOSPITALIZACIÓN DE PEDIATRÍA PEDIATRIA NEUMOLOGÍA PEDIÁTRICA,2,15,391,626,23,690,0,30,26.066666666666666,0.0,30.0,0.9072463768115943,0.002898550724637681,0.6521739130434783,-13,alto,2
2015,6,150105,LIMA,LIMA,BREÑA,MINSA,III-2,00006216,INSTITUTO NACIONAL DE SALUD DEL NIÑO,243400,HOSPITALIZACIÓN DE PEDIATRÍA PEDIATRIA NEUROLOGÍA PEDIÁTRICA,0,16,332,448,15,450,0,30,20.75,0.0,30.0,0.9955555555555555,0.0,1.0666666666666667,-16,alto,2
2015,6,150105,LIMA,LIMA,BREÑA,MINSA,III-2,00006216,INSTITUTO NACIONAL DE SALUD DEL NIÑO,243500,HOSPITALIZACIÓN DE PEDIATRÍA PEDIATRIA OFTALMOLOGÍA PEDIÁTRICA,1,2,6,6,3,90,0,30,3.0,0.0,30.0,0.06666666666666667,0.011111111111111112,0.6666666666666666,-1,bajo,0
2015,6,150105,LIMA,LIMA,BREÑA,MINSA,III-2,00006216,INSTITUTO NACIONAL DE SALUD DEL NIÑO,243700,HOSPITALIZACIÓN DE PEDIATRÍA PEDIATRIA OTORRINOLARINGOLOGÍA PEDIÁTRICA,37,43,249,159,10,300,0,30,5.790697674418604,0.0,30.0,0.53,0.12333333333333334,4.3,-6,alto,2
2015,6,150105,LIMA,LIMA,BREÑA,MINSA,III-2,00006216,INSTITUTO NACIONAL DE SALUD DEL NIÑO,244500,HOSPITALIZACIÓN DE MEDICINA HEMATOLOGÍA,1,5,194,117,4,120,0,30,38.8,0.0,30.0,0.975,0.008333333333333333,1.25,-4,alto,2
2015,6,150105,LIMA,LIMA,BREÑA,MINSA,III-2,00006216,INSTITUTO NACIONAL DE SALUD DEL NIÑO,250108,UNIDAD DE CUIDADOS CRITICOS UNIDAD DE CUIDADOS INTENSIVOS (UCI) PEDIÁTRICA,0,9,483,471,16,480,9,30,53.666666666666664,1.0,30.0,0.98125,0.0,0.5625,-9,alto,2
2015,6,150108,LIMA,LIMA,CHORRILLOS,MINSA,III-2,00007734,"INSTITUTO NACIONAL DE REHABILITACION ""DRA. ADRIANA REBAZA FLORES"" AMISTAD PERU - JAPON",240000,HOSPITALIZACIÓN,4,5,379,860,36,1080,0,30,75.8,0.0,30.0,0.7962962962962963,0.003703703703703704,0.1388888888888889,-1,medio,1
2015,6,150111,LIMA,LIMA,EL AGUSTINO,MINSA,III-1,00005946,HOSPITAL NACIONAL HIPOLITO UNANUE,240100,HOSPITALIZACIÓN QUIRÚRGICA CIRUGÍA GENERAL,289,303,5049,4066,117,3510,5,30,16.663366336633665,0.0165016501650165,30.0,1.1584045584045584,0.08233618233618234,2.58974358974359,-14,alto,2
2015,6,150111,LIMA,LIMA,EL AGUSTINO,MINSA,III-1,00005946,HOSPITAL NACIONAL HIPOLITO UNANUE,240200,HOSPITALIZACIÓN QUIRÚRGICA CIRUGÍA DE CABEZA Y CUELLO / MÁXILO FACIAL,30,27,281,227,12,360,0,30,10.407407407407407,0.0,30.0,0.6305555555555555,0.08333333333333333,2.25,3,medio,1
2015,6,150111,LIMA,LIMA,EL AGUSTINO,MINSA,III-1,00005946,HOSPITAL NACIONAL HIPOLITO UNANUE,240600,HOSPITALIZACIÓN QUIRÚRGICA CIRUGÍA OFTALMOLÓGICA,1,1,41,23,6,180,0,30,41.0,0.0,30.0,0.12777777777777777,0.005555555555555556,0.16666666666666666,0,bajo,0
2015,6,150111,LIMA,LIMA,EL AGUSTINO,MINSA,III-1,00005946,HOSPITAL NACIONAL HIPOLITO UNANUE,240700,HOSPITALIZACIÓN QUIRÚRGICA CIRUGÍA PEDIÁTRICA,38,34,152,125,7,210,0,30,4.470588235294118,0.0,30.0,0.5952380952380952,0.18095238095238095,4.857142857142857,4,alto,2
2015,6,150111,LIMA,LIMA,EL AGUSTINO,MINSA,III-1,00005946,HOSPITAL NACIONAL HIPOLITO UNANUE,240800,HOSPITALIZACIÓN QUIRÚRGICA CIRUGÍA PLÁSTICA/RECONSTRUCTIVA/ REPARADORA,7,10,340,273,10,300,0,30,34.0,0.0,30.0,0.91,0.023333333333333334,1.0,-3,alto,2
2015,6,150111,LIMA,LIMA,EL AGUSTINO,MINSA,III-1,00005946,HOSPITAL NACIONAL HIPOLITO UNANUE,240900,HOSPITALIZACIÓN QUIRÚRGICA NEUROCIRUGÍA,28,31,701,780,22,660,1,30,22.612903225806452,0.03225806451612903,30.0,1.1818181818181819,0.04242424242424243,1.4090909090909092,-3,alto,2
2015,6,150111,LIMA,LIMA,EL AGUSTINO,MINSA,III-1,00005946,HOSPITAL NACIONAL HIPOLITO UNANUE,241100,HOSPITALIZACIÓN QUIRÚRGICA OTORRINOLARINGOLOGÍA,5,5,13,13,6,180,0,30,2.6,0.0,30.0,0.07222222222222222,0.027777777777777776,0.8333333333333334,0,bajo,0
2015,6,150111,LIMA,LIMA,EL AGUSTINO,MINSA,III-1,00005946,HOSPITAL NACIONAL HIPOLITO UNANUE,241200,HOSPITALIZACIÓN QUIRÚRGICA TRAUMATOLOGÍA Y ORTOPEDIA,53,61,1440,1215,50,1500,0,30,23.60655737704918,0.0,30.0,0.81,0.035333333333333335,1.22,-8,medio,1
2015,6,150111,LIMA,LIMA,EL AGUSTINO,MINSA,III-1,00005946,HOSPITAL NACIONAL HIPOLITO UNANUE,241300,HOSPITALIZACIÓN QUIRÚRGICA UROLOGÍA,26,26,399,348,12,360,1,30,15.346153846153847,0.038461538461538464,30.0,0.9666666666666667,0.07222222222222222,2.1666666666666665,0,alto,2
2015,6,150111,LIMA,LIMA,EL AGUSTINO,MINSA,III-1,00005946,HOSPITAL NACIONAL HIPOLITO UNANUE,241400,HOSPITALIZACIÓN QUIRÚRGICA GINECO - OBSTETRICIA,14,15,27,115,6,180,0,30,1.8,0.0,30.0,0.6388888888888888,0.07777777777777778,2.5,-1,medio,1
2015,6,150111,LIMA,LIMA,EL AGUSTINO,MINSA,III-1,00005946,HOSPITAL NACIONAL HIPOLITO UNANUE,241500,HOSPITALIZACIÓN QUIRÚRGICA GINECOLOGÍA,90,93,334,746,35,1050,1,30,3.5913978494623655,0.010752688172043012,30.0,0.7104761904761905,0.08571428571428572,2.657142857142857,-3,medio,1
2015,6,150111,LIMA,LIMA,EL AGUSTINO,MINSA,III-1,00005946,HOSPITAL NACIONAL HIPOLITO UNANUE,241600,HOSPITALIZACIÓN QUIRÚRGICA OBSTETRICIA,618,629,1459,1542,73,2190,0,30,2.3195548489666136,0.0,30.0,0.7041095890410959,0.2821917808219178,8.616438356164384,-11,alto,2
2015,6,150111,LIMA,LIMA,EL AGUSTINO,MINSA,III-1,00005946,HOSPITAL NACIONAL HIPOLITO UNANUE,241800,HOSPITALIZACIÓN DE MEDICINA MEDICINA GENERAL,42,31,402,464,18,540,2,30,12.96774193548387,0.06451612903225806,30.0,0.8592592592592593,0.07777777777777778,1.7222222222222223,11,alto,2
2015,6,150111,LIMA,LIMA,EL AGUSTINO,MINSA,III-1,00005946,HOSPITAL NACIONAL HIPOLITO UNANUE,241900,HOSPITALIZACIÓN DE MEDICINA MEDICINA INTERNA,287,288,4467,4949,170,5100,40,30,15.510416666666666,0.1388888888888889,30.0,0.970392156862745,0.05627450980392157,1.6941176470588235,-1,alto,2
2015,6,150111,LIMA,LIMA,EL AGUSTINO,MINSA,III-1,00005946,HOSPITAL NACIONAL HIPOLITO UNANUE,242200,HOSPITALIZACIÓN DE MEDICINA PSIQUIATRÍA,12,12,54,77,3,90,0,30,4.5,0.0,30.0,0.8555555555555555,0.13333333333333333,4.0,0,alto,2
2015,6,150111,LIMA,LIMA,EL AGUSTINO,MINSA,III-1,00005946,HOSPITAL NACIONAL HIPOLITO UNANUE,242300,HOSPITALIZACIÓN DE PEDIATRÍA PEDIATRÍA GENERAL,122,109,1207,1013,40,1200,0,30,11.073394495412844,0.0,30.0,0.8441666666666666,0.10166666666666667,2.725,13,medio,1
2015,6,150111,LIMA,LIMA,EL AGUSTINO,MINSA,III-1,00005946,HOSPITAL NACIONAL HIPOLITO UNANUE,243200,HOSPITALIZACIÓN DE PEDIATRÍA PEDIATRIA NEONATOLOGÍA,101,108,1152,1504,47,1410,4,30,10.666666666666666,0.037037037037037035,30.0,1.0666666666666667,0.07163120567375887,2.297872340425532,-7,alto,2
2015,6,150111,LIMA,LIMA,EL AGUSTINO,MINSA,III-1,00005946,HOSPITAL NACIONAL HIPOLITO UNANUE,250200,UNIDAD DE CUIDADOS CRITICOS UNIDAD DE CUIDADOS INTERMEDIOS GENERAL (UCIN),10,5,250,196,7,210,3,30,50.0,0.6,30.0,0.9333333333333333,0.047619047619047616,0.7142857142857143,5,alto,2
2015,6,150115,LIMA,LIMA,LA VICTORIA,ESSALUD,III-2,00009251,HOSPITAL NACIONAL GUILLERMO ALMENARA IRIGOYEN,240200,HOSPITALIZACIÓN QUIRÚRGICA CIRUGÍA DE CABEZA Y CUELLO / MÁXILO FACIAL,85,86,692,629,21,630,0,30,8.046511627906977,0.0,30.0,0.9984126984126984,0.1349206349206349,4.095238095238095,-1,alto,2
2015,6,150115,LIMA,LIMA,LA VICTORIA,ESSALUD,III-2,00009251,HOSPITAL NACIONAL GUILLERMO ALMENARA IRIGOYEN,240300,HOSPITALIZACIÓN QUIRÚRGICA CIRUGÍA DIGESTIVA,204,219,2130,2228,99,2970,5,30,9.726027397260275,0.0228310502283105,30.0,0.7501683501683502,0.06868686868686869,2.212121212121212,-15,medio,1
2015,6,150115,LIMA,LIMA,LA VICTORIA,ESSALUD,III-2,00009251,HOSPITAL NACIONAL GUILLERMO ALMENARA IRIGOYEN,240400,HOSPITALIZACIÓN QUIRÚRGICA CIRUGÍA DE TÓRAX Y CARDIOVASCULAR,37,40,463,525,18,540,0,30,11.575,0.0,30.0,0.9722222222222222,0.06851851851851852,2.2222222222222223,-3,alto,2
2015,6,150115,LIMA,LIMA,LA VICTORIA,ESSALUD,III-2,00009251,HOSPITAL NACIONAL GUILLERMO ALMENARA IRIGOYEN,240500,HOSPITALIZACIÓN QUIRÚRGICA CIRUGÍA DE TRANSPLANTES,56,58,476,403,15,450,0,30,8.206896551724139,0.0,30.0,0.8955555555555555,0.12444444444444444,3.8666666666666667,-2,alto,2
2015,6,150115,LIMA,LIMA,LA VICTORIA,ESSALUD,III-2,00009251,HOSPITAL NACIONAL GUILLERMO ALMENARA IRIGOYEN,240600,HOSPITALIZACIÓN QUIRÚRGICA CIRUGÍA OFTALMOLÓGICA,30,27,166,256,11,330,0,30,6.148148148148148,0.0,30.0,0.7757575757575758,0.09090909090909091,2.4545454545454546,3,medio,1
2015,6,150115,LIMA,LIMA,LA VICTORIA,ESSALUD,III-2,00009251,HOSPITAL NACIONAL GUILLERMO ALMENARA IRIGOYEN,240700,HOSPITALIZACIÓN QUIRÚRGICA CIRUGÍA PEDIÁTRICA,90,88,371,341,13,390,0,30,4.215909090909091,0.0,30.0,0.8743589743589744,0.23076923076923078,6.769230769230769,2,alto,2
2015,6,150115,LIMA,LIMA,LA VICTORIA,ESSALUD,III-2,00009251,HOSPITAL NACIONAL GUILLERMO ALMENARA IRIGOYEN,240801,HOSPITALIZACIÓN QUIRÚRGICA CIRUGÍA PLÁSTICA/RECONSTRUCTIVA/ REPARADORA QUEMADOS,34,36,322,274,9,270,0,30,8.944444444444445,0.0,30.0,1.0148148148148148,0.1259259259259259,4.0,-2,alto,2
2015,6,150115,LIMA,LIMA,LA VICTORIA,ESSALUD,III-2,00009251,HOSPITAL NACIONAL GUILLERMO ALMENARA IRIGOYEN,240900,HOSPITALIZACIÓN QUIRÚRGICA NEUROCIRUGÍA,77,71,320,574,26,780,0,30,4.507042253521127,0.0,30.0,0.735897435897436,0.09871794871794871,2.730769230769231,6,medio,1
2015,6,150115,LIMA,LIMA,LA VICTORIA,ESSALUD,III-2,00009251,HOSPITAL NACIONAL GUILLERMO ALMENARA IRIGOYEN,241100,HOSPITALIZACIÓN QUIRÚRGICA OTORRINOLARINGOLOGÍA,67,65,356,411,16,480,0,30,5.476923076923077,0.0,30.0,0.85625,0.13958333333333334,4.0625,2,alto,2
2015,6,150115,LIMA,LIMA,LA VICTORIA,ESSALUD,III-2,00009251,HOSPITAL NACIONAL GUILLERMO ALMENARA IRIGOYEN,241200,HOSPITALIZACIÓN QUIRÚRGICA TRAUMATOLOGÍA Y ORTOPEDIA,163,161,2208,2160,73,2190,0,30,13.714285714285714,0.0,30.0,0.9863013698630136,0.07442922374429224,2.2054794520547945,2,alto,2
2015,6,150115,LIMA,LIMA,LA VICTORIA,ESSALUD,III-2,00009251,HOSPITAL NACIONAL GUILLERMO ALMENARA IRIGOYEN,241300,HOSPITALIZACIÓN QUIRÚRGICA UROLOGÍA,135,138,1332,1282,43,1290,2,30,9.652173913043478,0.014492753623188406,30.0,0.993798449612403,0.10465116279069768,3.2093023255813953,-3,alto,2
2015,6,150115,LIMA,LIMA,LA VICTORIA,ESSALUD,III-2,00009251,HOSPITAL NACIONAL GUILLERMO ALMENARA IRIGOYEN,241500,HOSPITALIZACIÓN QUIRÚRGICA GINECOLOGÍA,117,116,739,613,26,780,0,30,6.370689655172414,0.0,30.0,0.7858974358974359,0.15,4.461538461538462,1,alto,2
2015,6,150115,LIMA,LIMA,LA VICTORIA,ESSALUD,III-2,00009251,HOSPITAL NACIONAL GUILLERMO ALMENARA IRIGOYEN,241600,HOSPITALIZACIÓN QUIRÚRGICA OBSTETRICIA,340,357,1818,1534,52,1560,0,30,5.092436974789916,0.0,30.0,0.9833333333333333,0.21794871794871795,6.865384615384615,-17,alto,2
2015,6,150115,LIMA,LIMA,LA VICTORIA,ESSALUD,III-2,00009251,HOSPITAL NACIONAL GUILLERMO ALMENARA IRIGOYEN,241900,HOSPITALIZACIÓN DE MEDICINA MEDICINA INTERNA,255,249,2786,4203,148,4440,27,30,11.188755020080322,0.10843373493975904,30.0,0.9466216216216217,0.057432432432432436,1.6824324324324325,6,alto,2
2015,6,150115,LIMA,LIMA,LA VICTORIA,ESSALUD,III-2,00009251,HOSPITAL NACIONAL GUILLERMO ALMENARA IRIGOYEN,242100,HOSPITALIZACIÓN DE MEDICINA ONCOLOGÍA MÉDICA,102,103,607,614,23,690,1,30,5.893203883495145,0.009708737864077669,30.0,0.8898550724637682,0.14782608695652175,4.478260869565218,-1,alto,2
2015,6,150115,LIMA,LIMA,LA VICTORIA,ESSALUD,III-2,00009251,HOSPITAL NACIONAL GUILLERMO ALMENARA IRIGOYEN,242200,HOSPITALIZACIÓN DE MEDICINA PSIQUIATRÍA,34,40,475,439,17,510,0,30,11.875,0.0,30.0,0.8607843137254902,0.06666666666666667,2.3529411764705883,-6,alto,2
2015,6,150115,LIMA,LIMA,LA VICTORIA,ESSALUD,III-2,00009251,HOSPITAL NACIONAL GUILLERMO ALMENARA IRIGOYEN,242203,HOSPITALIZACIÓN DE MEDICINA PSIQUIATRÍA PSIQUIATRÍA DEL NIÑO Y DEL ADOLESCENTE,8,7,108,113,4,120,0,30,15.428571428571429,0.0,30.0,0.9416666666666667,0.06666666666666667,1.75,1,alto,2
2015,6,150115,LIMA,LIMA,LA VICTORIA,ESSALUD,III-2,00009251,HOSPITAL NACIONAL GUILLERMO ALMENARA IRIGOYEN,242205,HOSPITALIZACIÓN MEDICINA PSIQUIATRÍA PISIQUIATRIA/ SALUD MENTAL Y ADICCIONES,13,13,115,108,4,120,0,30,8.846153846153847,0.0,30.0,0.9,0.10833333333333334,3.25,0,alto,2
2015,6,150115,LIMA,LIMA,LA VICTORIA,ESSALUD,III-2,00009251,HOSPITAL NACIONAL GUILLERMO ALMENARA IRIGOYEN,242300,HOSPITALIZACIÓN DE PEDIATRÍA PEDIATRÍA GENERAL,47,45,503,498,24,720,1,30,11.177777777777777,0.022222222222222223,30.0,0.6916666666666667,0.06527777777777778,1.875,2,bajo,0
2015,6,150115,LIMA,LIMA,LA VICTORIA,ESSALUD,III-2,00009251,HOSPITAL NACIONAL GUILLERMO ALMENARA IRIGOYEN,243200,HOSPITALIZACIÓN DE PEDIATRÍA PEDIATRIA NEONATOLOGÍA,76,71,416,475,15,450,0,30,5.859154929577465,0.0,30.0,1.0555555555555556,0.1688888888888889,4.733333333333333,5,alto,2
2015,6,150115,LIMA,LIMA,LA VICTORIA,ESSALUD,III-2,00009251,HOSPITAL NACIONAL GUILLERMO ALMENARA IRIGOYEN,244000,HOSPITALIZACIÓN DE MEDICINA CARDIOLOGIA,24,23,124,160,8,240,0,30,5.391304347826087,0.0,30.0,0.6666666666666666,0.1,2.875,1,medio,1
2015,6,150115,LIMA,LIMA,LA VICTORIA,ESSALUD,III-2,00009251,HOSPITAL NACIONAL GUILLERMO ALMENARA IRIGOYEN,244100,HOSPITALIZACIÓN DE MEDICINA DERMATOLOGÍA,22,22,291,325,11,330,0,30,13.227272727272727,0.0,30.0,0.9848484848484849,0.06666666666666667,2.0,0,alto,2
2015,6,150115,LIMA,LIMA,LA VICTORIA,ESSALUD,III-2,00009251,HOSPITAL NACIONAL GUILLERMO ALMENARA IRIGOYEN,244200,HOSPITALIZACIÓN DE MEDICINA ENDOCRINOLOGIA,24,27,306,340,12,360,0,30,11.333333333333334,0.0,30.0,0.9444444444444444,0.06666666666666667,2.25,-3,alto,2
2015,6,150115,LIMA,LIMA,LA VICTORIA,ESSALUD,III-2,00009251,HOSPITAL NACIONAL GUILLERMO ALMENARA IRIGOYEN,244300,HOSPITALIZACIÓN DE MEDICINA GASTROENTEROLOGÍA,69,66,668,932,32,960,1,30,10.121212121212121,0.015151515151515152,30.0,0.9708333333333333,0.071875,2.0625,3,alto,2
2015,6,150115,LIMA,LIMA,LA VICTORIA,ESSALUD,III-2,00009251,HOSPITAL NACIONAL GUILLERMO ALMENARA IRIGOYEN,244400,HOSPITALIZACIÓN DE MEDICINA GERIATRIA,44,34,585,476,16,480,4,30,17.205882352941178,0.11764705882352941,30.0,0.9916666666666667,0.09166666666666666,2.125,10,alto,2
2015,6,150115,LIMA,LIMA,LA VICTORIA,ESSALUD,III-2,00009251,HOSPITAL NACIONAL GUILLERMO ALMENARA IRIGOYEN,244500,HOSPITALIZACIÓN DE MEDICINA HEMATOLOGÍA,32,32,654,563,20,600,1,30,20.4375,0.03125,30.0,0.9383333333333334,0.05333333333333334,1.6,0,alto,2
2015,6,150115,LIMA,LIMA,LA VICTORIA,ESSALUD,III-2,00009251,HOSPITAL NACIONAL GUILLERMO ALMENARA IRIGOYEN,244600,HOSPITALIZACIÓN DE MEDICINA NEFROLOGIA,79,79,932,857,30,900,4,30,11.79746835443038,0.05063291139240506,30.0,0.9522222222222222,0.08777777777777777,2.6333333333333333,0,alto,2
2015,6,150115,LIMA,LIMA,LA VICTORIA,ESSALUD,III-2,00009251,HOSPITAL NACIONAL GUILLERMO ALMENARA IRIGOYEN,244700,HOSPITALIZACIÓN DE MEDICINA NEUROLOGIA,52,57,548,546,19,570,2,30,9.614035087719298,0.03508771929824561,30.0,0.9578947368421052,0.0912280701754386,3.0,-5,alto,2
2015,6,150115,LIMA,LIMA,LA VICTORIA,ESSALUD,III-2,00009251,HOSPITAL NACIONAL GUILLERMO ALMENARA IRIGOYEN,245300,HOSPITALIZACIÓN DE MEDICINA NEUMOLOGÍA,53,52,464,616,28,840,4,30,8.923076923076923,0.07692307692307693,30.0,0.7333333333333333,0.0630952380952381,1.8571428571428572,1,medio,1
2015,6,150115,LIMA,LIMA,LA VICTORIA,ESSALUD,III-2,00009251,HOSPITAL NACIONAL GUILLERMO ALMENARA IRIGOYEN,245500,HOSPITALIZACIÓN DE MEDICINA REUMATOLOGÍA,36,37,332,352,12,360,1,30,8.972972972972974,0.02702702702702703,30.0,0.9777777777777777,0.1,3.0833333333333335,-1,alto,2
2015,6,150115,LIMA,LIMA,LA VICTORIA,ESSALUD,III-2,00009251,HOSPITAL NACIONAL GUILLERMO ALMENARA IRIGOYEN,250000,UNIDAD DE CUIDADOS CRITICOS,6,8,150,411,14,420,8,30,18.75,1.0,30.0,0.9785714285714285,0.014285714285714285,0.5714285714285714,-2,alto,2
2015,6,150115,LIMA,LIMA,LA VICTORIA,ESSALUD,III-2,00009251,HOSPITAL NACIONAL GUILLERMO ALMENARA IRIGOYEN,250101,UNIDAD DE CUIDADOS CRITICOS UNIDAD DE CUIDADOS INTENSIVOS GENERALES (UCI) CARDIOLOGIA,40,34,171,437,18,540,1,30,5.029411764705882,0.029411764705882353,30.0,0.8092592592592592,0.07407407407407407,1.8888888888888888,6,medio,1
2015,6,150115,LIMA,LIMA,LA VICTORIA,ESSALUD,III-2,00009251,HOSPITAL NACIONAL GUILLERMO ALMENARA IRIGOYEN,250105,UNIDAD DE CUIDADOS CRITICOS UNIDAD DE CUIDADOS INTENSIVOS (UCI) NEONATOLOGÍA,10,7,18,627,21,630,6,30,2.5714285714285716,0.8571428571428571,30.0,0.9952380952380953,0.015873015873015872,0.3333333333333333,3,alto,2
2015,6,150115,LIMA,LIMA,LA VICTORIA,ESSALUD,III-2,00009251,HOSPITAL NACIONAL GUILLERMO ALMENARA IRIGOYEN,250107,UNIDAD DE CUIDADOS CRITICOS UNIDAD DE CUIDADOS INTENSIVOS (UCI) NEUROQUIRÚRGICA,27,27,242,457,18,540,2,30,8.962962962962964,0.07407407407407407,30.0,0.8462962962962963,0.05,1.5,0,medio,1
2015,6,150115,LIMA,LIMA,LA VICTORIA,ESSALUD,III-2,00009251,HOSPITAL NACIONAL GUILLERMO ALMENARA IRIGOYEN,250108,UNIDAD DE CUIDADOS CRITICOS UNIDAD DE CUIDADOS INTENSIVOS (UCI) PEDIÁTRICA,2,2,12,109,4,120,1,30,6.0,0.5,30.0,0.9083333333333333,0.016666666666666666,0.5,0,alto,2
2015,6,150115,LIMA,LIMA,LA VICTORIA,ESSALUD,III-2,00009251,HOSPITAL NACIONAL GUILLERMO ALMENARA IRIGOYEN,250111,UNIDAD DE CUIDADOS CRITICOS UNIDAD DE CUIDADOS INTENSIVOS (UCI) CARDIOVASCULAR,25,24,118,291,15,450,0,30,4.916666666666667,0.0,30.0,0.6466666666666666,0.05555555555555555,1.6,1,bajo,0
2015,6,150115,LIMA,LIMA,LA VICTORIA,ESSALUD,III-2,00009251,HOSPITAL NACIONAL GUILLERMO ALMENARA IRIGOYEN,250200,UNIDAD DE CUIDADOS CRITICOS UNIDAD DE CUIDADOS INTERMEDIOS GENERAL (UCIN),5,5,40,200,7,210,5,30,8.0,1.0,30.0,0.9523809523809523,0.023809523809523808,0.7142857142857143,0,alto,2
2015,6,150115,LIMA,LIMA,LA VICTORIA,ESSALUD,III-2,00009251,HOSPITAL NACIONAL GUILLERMO ALMENARA IRIGOYEN,250201,UNIDAD DE CUIDADOS CRITICOS UNIDAD DE CUIDADOS INTERMEDIOS (UCIN) NEONATAL,15,13,139,179,6,180,0,30,10.692307692307692,0.0,30.0,0.9944444444444445,0.08333333333333333,2.1666666666666665,2,alto,2
2015,6,150115,LIMA,LIMA,LA VICTORIA,ESSALUD,III-2,00009251,HOSPITAL NACIONAL GUILLERMO ALMENARA IRIGOYEN,250202,UNIDAD DE CUIDADOS CRITICOS UNIDAD DE CUIDADOS INTERMEDIOS (UCIN) PEDIÁTRICOS,19,20,342,357,12,360,0,30,17.1,0.0,30.0,0.9916666666666667,0.05277777777777778,1.6666666666666667,-1,alto,2
2015,6,150115,LIMA,LIMA,LA VICTORIA,ESSALUD,III-2,00009251,HOSPITAL NACIONAL GUILLERMO ALMENARA IRIGOYEN,250400,UNIDAD DE CUIDADOS CRITICOS UNIDAD DE QUEMADOS (GRAN QUEMADO),10,15,185,338,12,360,1,30,12.333333333333334,0.06666666666666667,30.0,0.9388888888888889,0.027777777777777776,1.25,-5,alto,2
2015,6,150115,LIMA,LIMA,LA VICTORIA,MINSA,III-E,00006212,HOSPITAL DE EMERGENCIAS PEDIATRICAS,240700,HOSPITALIZACIÓN QUIRÚRGICA CIRUGÍA PEDIÁTRICA,67,58,353,352,13,390,0,30,6.086206896551724,0.0,30.0,0.9025641025641026,0.1717948717948718,4.461538461538462,9,alto,2
2015,6,150115,LIMA,LIMA,LA VICTORIA,MINSA,III-E,00006212,HOSPITAL DE EMERGENCIAS PEDIATRICAS,240900,HOSPITALIZACIÓN QUIRÚRGICA NEUROCIRUGÍA,22,16,181,121,6,180,0,30,11.3125,0.0,30.0,0.6722222222222223,0.12222222222222222,2.6666666666666665,6,medio,1
2015,6,150115,LIMA,LIMA,LA VICTORIA,MINSA,III-E,00006212,HOSPITAL DE EMERGENCIAS PEDIATRICAS,241200,HOSPITALIZACIÓN QUIRÚRGICA TRAUMATOLOGÍA Y ORTOPEDIA,19,17,171,146,6,180,0,30,10.058823529411764,0.0,30.0,0.8111111111111111,0.10555555555555556,2.8333333333333335,2,medio,1
2015,6,150115,LIMA,LIMA,LA VICTORIA,MINSA,III-E,00006212,HOSPITAL DE EMERGENCIAS PEDIATRICAS,241900,HOSPITALIZACIÓN DE MEDICINA MEDICINA INTERNA,19,3,43,221,8,240,1,30,14.333333333333334,0.3333333333333333,30.0,0.9208333333333333,0.07916666666666666,0.375,16,alto,2
2015,6,150115,LIMA,LIMA,LA VICTORIA,MINSA,III-E,00006212,HOSPITAL DE EMERGENCIAS PEDIATRICAS,242300,HOSPITALIZACIÓN DE PEDIATRÍA PEDIATRÍA GENERAL,83,71,540,417,15,450,1,30,7.605633802816901,0.014084507042253521,30.0,0.9266666666666666,0.18444444444444444,4.733333333333333,12,alto,2
2015,6,150115,LIMA,LIMA,LA VICTORIA,MINSA,III-E,00006212,HOSPITAL DE EMERGENCIAS PEDIATRICAS,243200,HOSPITALIZACIÓN DE PEDIATRÍA PEDIATRIA NEONATOLOGÍA,7,4,55,105,4,120,2,30,13.75,0.5,30.0,0.875,0.058333333333333334,1.0,3,alto,2
2015,6,150118,LIMA,LIMA,LURIGANCHO,MINSA,II-2,00005947,HOSPITAL DE MEDIANA COMPLEJIDAD JOSE AGURTO TELLO,240100,HOSPITALIZACIÓN QUIRÚRGICA CIRUGÍA GENERAL,67,67,253,253,14,450,0,30,3.7761194029850746,0.0,32.142857142857146,0.6023809523809524,0.14888888888888888,4.785714285714286,0,alto,2
2015,6,150118,LIMA,LIMA,LURIGANCHO,MINSA,II-2,00005947,HOSPITAL DE MEDIANA COMPLEJIDAD JOSE AGURTO TELLO,240600,HOSPITALIZACIÓN QUIRÚRGICA CIRUGÍA OFTALMOLÓGICA,0,0,0,0,0,30,0,30,0.0,0.0,0.0,0.0,0.0,0.0,0,alto,2
2015,6,150118,LIMA,LIMA,LURIGANCHO,MINSA,II-2,00005947,HOSPITAL DE MEDIANA COMPLEJIDAD JOSE AGURTO TELLO,241200,HOSPITALIZACIÓN QUIRÚRGICA TRAUMATOLOGÍA Y ORTOPEDIA,22,22,114,88,6,150,0,30,5.181818181818182,0.0,25.0,0.4888888888888889,0.14666666666666667,3.6666666666666665,0,alto,2
2015,6,150118,LIMA,LIMA,LURIGANCHO,MINSA,II-2,00005947,HOSPITAL DE MEDIANA COMPLEJIDAD JOSE AGURTO TELLO,241500,HOSPITALIZACIÓN QUIRÚRGICA GINECOLOGÍA,8,7,25,28,5,150,0,30,3.5714285714285716,0.0,30.0,0.18666666666666668,0.05333333333333334,1.4,1,bajo,0
2015,6,150118,LIMA,LIMA,LURIGANCHO,MINSA,II-2,00005947,HOSPITAL DE MEDIANA COMPLEJIDAD JOSE AGURTO TELLO,241600,HOSPITALIZACIÓN QUIRÚRGICA OBSTETRICIA,152,155,344,357,17,510,0,30,2.2193548387096773,0.0,30.0,0.7,0.2980392156862745,9.117647058823529,-3,alto,2
2015,6,150118,LIMA,LIMA,LURIGANCHO,MINSA,II-2,00005947,HOSPITAL DE MEDIANA COMPLEJIDAD JOSE AGURTO TELLO,241900,HOSPITALIZACIÓN DE MEDICINA MEDICINA INTERNA,53,49,365,286,11,900,6,30,7.448979591836735,0.12244897959183673,81.81818181818181,0.8666666666666667,0.058888888888888886,4.454545454545454,4,alto,2
2015,6,150118,LIMA,LIMA,LURIGANCHO,MINSA,II-2,00005947,HOSPITAL DE MEDIANA COMPLEJIDAD JOSE AGURTO TELLO,242300,HOSPITALIZACIÓN DE PEDIATRÍA PEDIATRÍA GENERAL,70,68,266,272,12,360,0,30,3.911764705882353,0.0,30.0,0.7555555555555555,0.19444444444444445,5.666666666666667,2,alto,2
2015,6,150120,LIMA,LIMA,MAGDALENA DEL MAR,MINSA,III-1,00006214,HOSPITAL VICTOR LARCO HERRERA,242200,HOSPITALIZACIÓN DE MEDICINA PSIQUIATRÍA,42,55,45288,13292,590,18290,2,30,823.4181818181818,0.03636363636363636,31.0,0.7509604519774011,0.0022963367960634226,0.09322033898305085,-13,medio,1
2015,6,150133,LIMA,LIMA,SAN JUAN DE MIRAFLORES,MINSA,III-1,00005987,HOSPITAL MARIA AUXILIADORA,240100,HOSPITALIZACIÓN QUIRÚRGICA CIRUGÍA GENERAL,192,315,2625,2316,87,2692,0,30,8.333333333333334,0.0,30.942528735632184,0.8873563218390804,0.0713224368499257,3.6206896551724137,-123,alto,2
2015,6,150133,LIMA,LIMA,SAN JUAN DE MIRAFLORES,MINSA,III-1,00005987,HOSPITAL MARIA AUXILIADORA,241400,HOSPITALIZACIÓN QUIRÚRGICA GINECO - OBSTETRICIA,543,843,2569,2214,87,2706,0,30,3.0474495848161327,0.0,31.103448275862068,0.8482758620689655,0.2006651884700665,9.689655172413794,-300,alto,2
2015,6,150133,LIMA,LIMA,SAN JUAN DE MIRAFLORES,MINSA,III-1,00005987,HOSPITAL MARIA AUXILIADORA,241900,HOSPITALIZACIÓN DE MEDICINA MEDICINA INTERNA,128,129,1709,1855,68,2085,12,30,13.248062015503876,0.09302325581395349,30.66176470588235,0.9093137254901961,0.06139088729016787,1.8970588235294117,-1,alto,2
2015,6,150133,LIMA,LIMA,SAN JUAN DE MIRAFLORES,MINSA,III-1,00005987,HOSPITAL MARIA AUXILIADORA,242100,HOSPITALIZACIÓN DE MEDICINA ONCOLOGÍA MÉDICA,40,41,371,374,14,374,0,30,9.048780487804878,0.0,26.714285714285715,0.8904761904761904,0.10695187165775401,2.9285714285714284,-1,alto,2
2015,6,150133,LIMA,LIMA,SAN JUAN DE MIRAFLORES,MINSA,III-1,00005987,HOSPITAL MARIA AUXILIADORA,242300,HOSPITALIZACIÓN DE PEDIATRÍA PEDIATRÍA GENERAL,154,160,1013,901,43,1320,0,30,6.33125,0.0,30.697674418604652,0.6984496124031008,0.11666666666666667,3.7209302325581395,-6,medio,1
2015,6,150133,LIMA,LIMA,SAN JUAN DE MIRAFLORES,MINSA,III-1,00005987,HOSPITAL MARIA AUXILIADORA,243200,HOSPITALIZACIÓN DE PEDIATRÍA PEDIATRIA NEONATOLOGÍA,55,256,2483,2071,69,2149,13,30,9.69921875,0.05078125,31.144927536231883,1.0004830917874397,0.025593299208934387,3.710144927536232,-201,alto,2
2015,6,150135,LIMA,LIMA,SAN MARTIN DE PORRES,MINSA,III-2,00007733,"INSTITUTO NACIONAL DE SALUD MENTAL ""HONORIO DELGADO - HIDEYO NOGUCHI""",242202,HOSPITALIZACIÓN DE MEDICINA PSIQUIATRÍA PSIQUIATRÍA DEL ADULTO Y GERONTE,28,22,881,2039,62,2081,0,30,40.04545454545455,0.0,33.564516129032256,1.096236559139785,0.013455069678039404,0.3548387096774194,6,alto,2
2015,6,150135,LIMA,LIMA,SAN MARTIN DE PORRES,MINSA,III-2,00007733,"INSTITUTO NACIONAL DE SALUD MENTAL ""HONORIO DELGADO - HIDEYO NOGUCHI""",242205,HOSPITALIZACIÓN MEDICINA PSIQUIATRÍA PISIQUIATRIA/ SALUD MENTAL Y ADICCIONES,12,8,333,474,19,570,0,30,41.625,0.0,30.0,0.8315789473684211,0.021052631578947368,0.42105263157894735,4,medio,1
2015,6,150137,LIMA,LIMA,SANTA ANITA,MINSA,III-1,00005948,HOSPITAL HERMILIO VALDIZAN,242200,HOSPITALIZACIÓN DE MEDICINA PSIQUIATRÍA,93,106,22088,5626,230,6900,1,30,208.37735849056602,0.009433962264150943,30.0,0.8153623188405797,0.013478260869565217,0.4608695652173913,-13,medio,1
2015,7,150101,LIMA,LIMA,LIMA,MINSA,III-1,00006206,NACIONAL DOS DE MAYO,240100,HOSPITALIZACIÓN QUIRÚRGICA CIRUGÍA GENERAL,188,252,2650,2555,99,3069,4,31,10.515873015873016,0.015873015873015872,31.0,0.8325187357445422,0.06125773867709352,2.5454545454545454,-64,medio,1
2015,7,150101,LIMA,LIMA,LIMA,MINSA,III-1,00006206,NACIONAL DOS DE MAYO,240200,HOSPITALIZACIÓN QUIRÚRGICA CIRUGÍA DE CABEZA Y CUELLO / MÁXILO FACIAL,27,24,213,228,12,372,0,31,8.875,0.0,31.0,0.6129032258064516,0.07258064516129033,2.0,3,medio,1
2015,7,150101,LIMA,LIMA,LIMA,MINSA,III-1,00006206,NACIONAL DOS DE MAYO,240400,HOSPITALIZACIÓN QUIRÚRGICA CIRUGÍA DE TÓRAX Y CARDIOVASCULAR,24,28,348,287,12,372,2,31,12.428571428571429,0.07142857142857142,31.0,0.771505376344086,0.06451612903225806,2.3333333333333335,-4,medio,1
2015,7,150101,LIMA,LIMA,LIMA,MINSA,III-1,00006206,NACIONAL DOS DE MAYO,240700,HOSPITALIZACIÓN QUIRÚRGICA CIRUGÍA PEDIÁTRICA,5,10,34,90,6,186,0,31,3.4,0.0,31.0,0.4838709677419355,0.026881720430107527,1.6666666666666667,-5,bajo,0
2015,7,150101,LIMA,LIMA,LIMA,MINSA,III-1,00006206,NACIONAL DOS DE MAYO,240800,HOSPITALIZACIÓN QUIRÚRGICA CIRUGÍA PLÁSTICA/RECONSTRUCTIVA/ REPARADORA,9,11,374,83,8,248,0,31,34.0,0.0,31.0,0.3346774193548387,0.036290322580645164,1.375,-2,bajo,0
2015,7,150101,LIMA,LIMA,LIMA,MINSA,III-1,00006206,NACIONAL DOS DE MAYO,240900,HOSPITALIZACIÓN QUIRÚRGICA NEUROCIRUGÍA,38,37,503,490,20,620,0,31,13.594594594594595,0.0,31.0,0.7903225806451613,0.06129032258064516,1.85,1,medio,1
2015,7,150101,LIMA,LIMA,LIMA,MINSA,III-1,00006206,NACIONAL DOS DE MAYO,241100,HOSPITALIZACIÓN QUIRÚRGICA OTORRINOLARINGOLOGÍA,11,11,30,75,3,93,0,31,2.727272727272727,0.0,31.0,0.8064516129032258,0.11827956989247312,3.6666666666666665,0,medio,1
2015,7,150101,LIMA,LIMA,LIMA,MINSA,III-1,00006206,NACIONAL DOS DE MAYO,241200,HOSPITALIZACIÓN QUIRÚRGICA TRAUMATOLOGÍA Y ORTOPEDIA,66,55,1203,764,40,1240,0,31,21.87272727272727,0.0,31.0,0.6161290322580645,0.0532258064516129,1.375,11,bajo,0
2015,7,150101,LIMA,LIMA,LIMA,MINSA,III-1,00006206,NACIONAL DOS DE MAYO,241300,HOSPITALIZACIÓN QUIRÚRGICA UROLOGÍA,74,78,1123,1023,40,1240,0,31,14.397435897435898,0.0,31.0,0.825,0.05967741935483871,1.95,-4,medio,1
2015,7,150101,LIMA,LIMA,LIMA,MINSA,III-1,00006206,NACIONAL DOS DE MAYO,241400,HOSPITALIZACIÓN QUIRÚRGICA GINECO - OBSTETRICIA,374,377,1479,1315,52,1612,0,31,3.923076923076923,0.0,31.0,0.81575682382134,0.23200992555831265,7.25,-3,alto,2
2015,7,150101,LIMA,LIMA,LIMA,MINSA,III-1,00006206,NACIONAL DOS DE MAYO,241800,HOSPITALIZACIÓN DE MEDICINA MEDICINA GENERAL,505,431,6267,5832,252,7812,41,31,14.540603248259862,0.0951276102088167,31.0,0.7465437788018433,0.06464413722478239,1.7103174603174602,74,medio,1
2015,7,150101,LIMA,LIMA,LIMA,MINSA,III-1,00006206,NACIONAL DOS DE MAYO,242300,HOSPITALIZACIÓN DE PEDIATRÍA PEDIATRÍA GENERAL,87,87,912,602,24,744,0,31,10.482758620689655,0.0,31.0,0.8091397849462365,0.11693548387096774,3.625,0,medio,1
2015,7,150101,LIMA,LIMA,LIMA,MINSA,III-1,00006206,NACIONAL DOS DE MAYO,243200,HOSPITALIZACIÓN DE PEDIATRÍA PEDIATRIA NEONATOLOGÍA,203,197,1243,778,27,837,0,31,6.309644670050761,0.0,31.0,0.929510155316607,0.24253285543608125,7.296296296296297,6,alto,2
2015,7,150101,LIMA,LIMA,LIMA,MINSA,III-1,00006206,NACIONAL DOS DE MAYO,250100,UNIDAD DE CUIDADOS CRITICOS UNIDAD DE CUIDADOS INTENSIVOS GENERALES (UCI),36,15,408,966,37,1147,8,31,27.2,0.5333333333333333,31.0,0.8421970357454228,0.03138622493461203,0.40540540540540543,21,medio,1
2015,7,150101,LIMA,LIMA,LIMA,MINSA,III-1,00006207,NACIONAL ARZOBISPO LOAYZA,240100,HOSPITALIZACIÓN QUIRÚRGICA CIRUGÍA GENERAL,405,404,3690,3511,120,3720,1,31,9.133663366336634,0.0024752475247524753,31.0,0.9438172043010753,0.10887096774193548,3.3666666666666667,1,alto,2
2015,7,150101,LIMA,LIMA,LIMA,MINSA,III-1,00006207,NACIONAL ARZOBISPO LOAYZA,240200,HOSPITALIZACIÓN QUIRÚRGICA CIRUGÍA DE CABEZA Y CUELLO / MÁXILO FACIAL,26,26,384,337,15,465,0,31,14.76923076923077,0.0,31.0,0.7247311827956989,0.05591397849462366,1.7333333333333334,0,medio,1
2015,7,150101,LIMA,LIMA,LIMA,MINSA,III-1,00006207,NACIONAL ARZOBISPO LOAYZA,240800,HOSPITALIZACIÓN QUIRÚRGICA CIRUGÍA PLÁSTICA/RECONSTRUCTIVA/ REPARADORA,17,16,361,579,23,713,2,31,22.5625,0.125,31.0,0.8120617110799438,0.023842917251051893,0.6956521739130435,1,medio,1
2015,7,150101,LIMA,LIMA,LIMA,MINSA,III-1,00006207,NACIONAL ARZOBISPO LOAYZA,240900,HOSPITALIZACIÓN QUIRÚRGICA NEUROCIRUGÍA,24,24,430,442,15,465,0,31,17.916666666666668,0.0,31.0,0.9505376344086022,0.05161290322580645,1.6,0,alto,2
2015,7,150101,LIMA,LIMA,LIMA,MINSA,III-1,00006207,NACIONAL ARZOBISPO LOAYZA,241200,HOSPITALIZACIÓN QUIRÚRGICA TRAUMATOLOGÍA Y ORTOPEDIA,73,69,833,893,30,930,0,31,12.072463768115941,0.0,31.0,0.9602150537634409,0.07849462365591398,2.3,4,alto,2
2015,7,150101,LIMA,LIMA,LIMA,MINSA,III-1,00006207,NACIONAL ARZOBISPO LOAYZA,241300,HOSPITALIZACIÓN QUIRÚRGICA UROLOGÍA,72,77,948,794,32,992,0,31,12.311688311688311,0.0,31.0,0.8004032258064516,0.07258064516129033,2.40625,-5,medio,1
2015,7,150101,LIMA,LIMA,LIMA,MINSA,III-1,00006207,NACIONAL ARZOBISPO LOAYZA,241500,HOSPITALIZACIÓN QUIRÚRGICA GINECOLOGÍA,180,177,1329,1485,53,1643,0,31,7.508474576271187,0.0,31.0,0.9038344491783323,0.10955569080949483,3.339622641509434,3,alto,2
2015,7,150101,LIMA,LIMA,LIMA,MINSA,III-1,00006207,NACIONAL ARZOBISPO LOAYZA,241600,HOSPITALIZACIÓN QUIRÚRGICA OBSTETRICIA,447,456,1876,1747,79,2449,0,31,4.114035087719298,0.0,31.0,0.7133523887300939,0.18252347897100857,5.772151898734177,-9,alto,2
2015,7,150101,LIMA,LIMA,LIMA,MINSA,III-1,00006207,NACIONAL ARZOBISPO LOAYZA,241700,HOSPITALIZACIÓN QUIRÚRGICA GINECOLOGÍA GINECOLOGIA ONCOLOGICA,21,19,188,213,8,248,1,31,9.894736842105264,0.05263157894736842,31.0,0.8588709677419355,0.0846774193548387,2.375,2,alto,2
2015,7,150101,LIMA,LIMA,LIMA,MINSA,III-1,00006207,NACIONAL ARZOBISPO LOAYZA,241800,HOSPITALIZACIÓN DE MEDICINA MEDICINA GENERAL,39,38,190,183,6,186,2,31,5.0,0.05263157894736842,31.0,0.9838709677419355,0.20967741935483872,6.333333333333333,1,alto,2
2015,7,150101,LIMA,LIMA,LIMA,MINSA,III-1,00006207,NACIONAL ARZOBISPO LOAYZA,241900,HOSPITALIZACIÓN DE MEDICINA MEDICINA INTERNA,608,597,8212,7314,244,7564,52,31,13.755443886097153,0.08710217755443886,31.0,0.9669487043892121,0.08038075092543628,2.44672131147541,11,alto,2
2015,7,150101,LIMA,LIMA,LIMA,MINSA,III-1,00006207,NACIONAL ARZOBISPO LOAYZA,242300,HOSPITALIZACIÓN DE PEDIATRÍA PEDIATRÍA GENERAL,86,102,473,409,38,1178,3,31,4.637254901960785,0.029411764705882353,31.0,0.3471986417657046,0.0730050933786078,2.6842105263157894,-16,medio,1
2015,7,150101,LIMA,LIMA,LIMA,MINSA,III-1,00006207,NACIONAL ARZOBISPO LOAYZA,243200,HOSPITALIZACIÓN DE PEDIATRÍA PEDIATRIA NEONATOLOGÍA,372,388,1522,330,76,2356,2,31,3.922680412371134,0.005154639175257732,31.0,0.1400679117147708,0.15789473684210525,5.105263157894737,-16,alto,2
2015,7,150101,LIMA,LIMA,LIMA,MINSA,III-1,00006207,NACIONAL ARZOBISPO LOAYZA,250100,UNIDAD DE CUIDADOS CRITICOS UNIDAD DE CUIDADOS INTENSIVOS GENERALES (UCI),13,12,124,182,6,186,0,31,10.333333333333334,0.0,31.0,0.978494623655914,0.06989247311827956,2.0,1,alto,2
2015,7,150101,LIMA,LIMA,LIMA,MINSA,III-1,00006207,NACIONAL ARZOBISPO LOAYZA,250200,UNIDAD DE CUIDADOS CRITICOS UNIDAD DE CUIDADOS INTERMEDIOS GENERAL (UCIN),23,21,292,397,16,496,8,31,13.904761904761905,0.38095238095238093,31.0,0.8004032258064516,0.046370967741935484,1.3125,2,medio,1
2015,7,150101,LIMA,LIMA,LIMA,MINSA,III-2,00006209,INSTITUTO NACIONAL DE CIENCIAS NEUROLOGICAS,240900,HOSPITALIZACIÓN QUIRÚRGICA NEUROCIRUGÍA,148,77,1178,1163,40,1240,1,31,15.2987012987013,0.012987012987012988,31.0,0.9379032258064516,0.11935483870967742,1.925,71,alto,2
2015,7,150101,LIMA,LIMA,LIMA,MINSA,III-2,00006209,INSTITUTO NACIONAL DE CIENCIAS NEUROLOGICAS,241100,HOSPITALIZACIÓN QUIRÚRGICA OTORRINOLARINGOLOGÍA,2,2,4,2,1,31,0,31,2.0,0.0,31.0,0.06451612903225806,0.06451612903225806,2.0,0,bajo,0
2015,7,150101,LIMA,LIMA,LIMA,MINSA,III-2,00006209,INSTITUTO NACIONAL DE CIENCIAS NEUROLOGICAS,243400,HOSPITALIZACIÓN DE PEDIATRÍA PEDIATRIA NEUROLOGÍA PEDIÁTRICA,18,17,213,257,20,620,0,31,12.529411764705882,0.0,31.0,0.41451612903225804,0.02903225806451613,0.85,1,bajo,0
2015,7,150101,LIMA,LIMA,LIMA,MINSA,III-2,00006209,INSTITUTO NACIONAL DE CIENCIAS NEUROLOGICAS,244800,HOSPITALIZACIÓN-HOSPITALIZACIÓN DE MEDICINA-GERIATRIA,25,26,361,278,20,620,0,31,13.884615384615385,0.0,31.0,0.4483870967741935,0.04032258064516129,1.3,-1,bajo,0
2015,7,150101,LIMA,LIMA,LIMA,MINSA,III-2,00006209,INSTITUTO NACIONAL DE CIENCIAS NEUROLOGICAS,244900,HOSPITALIZACIÓN DE MEDICINA NEUROLOGIA NEURODEGENERATIVAS,24,23,599,761,44,1364,0,31,26.043478260869566,0.0,31.0,0.5579178885630498,0.017595307917888565,0.5227272727272727,1,bajo,0
2015,7,150101,LIMA,LIMA,LIMA,MINSA,III-2,00006209,INSTITUTO NACIONAL DE CIENCIAS NEUROLOGICAS,245000,HOSPITALIZACIÓN DE MEDICINA NEUROLOGIA NEUROVASCULARES Y METABOLICAS,22,19,432,287,13,403,1,31,22.736842105263158,0.05263157894736842,31.0,0.7121588089330024,0.05459057071960298,1.4615384615384615,3,medio,1
2015,7,150101,LIMA,LIMA,LIMA,MINSA,III-2,00006209,INSTITUTO NACIONAL DE CIENCIAS NEUROLOGICAS,245100,HOSPITALIZACIÓN DE MEDICINA NEUROLOGIA ENFERMEDADES INFECCIOSAS/TRANSMISIBLES DEL SISTEMA NERVIOSO,29,25,831,778,28,868,0,31,33.24,0.0,31.0,0.8963133640552995,0.03341013824884793,0.8928571428571429,4,alto,2
2015,7,150101,LIMA,LIMA,LIMA,MINSA,III-2,00006209,INSTITUTO NACIONAL DE CIENCIAS NEUROLOGICAS,245200,HOSPITALIZACIÓN DE MEDICINA NEUROLOGIA EPILEPSIA/EPILEPTOLOGIA,20,19,211,250,17,527,0,31,11.105263157894736,0.0,31.0,0.47438330170777987,0.03795066413662239,1.1176470588235294,1,bajo,0
2015,7,150101,LIMA,LIMA,LIMA,MINSA,III-2,00006209,INSTITUTO NACIONAL DE CIENCIAS NEUROLOGICAS,250106,UNIDAD DE CUIDADOS CRITICOS UNIDAD DE CUIDADOS INTENSIVOS (UCI) NEUROLÓGICA,7,0,0,119,5,155,0,31,0.0,0.0,31.0,0.7677419354838709,0.04516129032258064,0.0,7,medio,1
2015,7,150101,LIMA,LIMA,LIMA,MINSA,III-2,00006217,INO DR. FRANCISCO CONTRERAS C.,240600,HOSPITALIZACIÓN QUIRÚRGICA CIRUGÍA OFTALMOLÓGICA,38,38,77,39,11,330,0,31,2.026315789473684,0.0,30.0,0.11436950146627566,0.11515151515151516,3.4545454545454546,0,medio,1
2015,7,150103,LIMA,LIMA,ATE,ESSALUD,II-1,00008353,ESSALUD - HOSPITAL II VITARTE,240100,HOSPITALIZACIÓN QUIRÚRGICA CIRUGÍA GENERAL,136,135,336,320,11,341,0,31,2.488888888888889,0.0,31.0,0.9384164222873901,0.39882697947214074,12.272727272727273,1,alto,2
2015,7,150103,LIMA,LIMA,ATE,ESSALUD,II-1,00008353,ESSALUD - HOSPITAL II VITARTE,241200,HOSPITALIZACIÓN QUIRÚRGICA TRAUMATOLOGÍA Y ORTOPEDIA,40,46,303,260,9,279,0,31,6.586956521739131,0.0,31.0,0.931899641577061,0.14336917562724014,5.111111111111111,-6,alto,2
2015,7,150103,LIMA,LIMA,ATE,ESSALUD,II-1,00008353,ESSALUD - HOSPITAL II VITARTE,241300,HOSPITALIZACIÓN QUIRÚRGICA UROLOGÍA,18,19,58,53,3,93,0,31,3.0526315789473686,0.0,31.0,0.5698924731182796,0.1935483870967742,6.333333333333333,-1,alto,2
2015,7,150103,LIMA,LIMA,ATE,ESSALUD,II-1,00008353,ESSALUD - HOSPITAL II VITARTE,241500,HOSPITALIZACIÓN QUIRÚRGICA GINECOLOGÍA,66,65,119,86,3,93,0,31,1.8307692307692307,0.0,31.0,0.9247311827956989,0.7096774193548387,21.666666666666668,1,alto,2
2015,7,150103,LIMA,LIMA,ATE,ESSALUD,II-1,00008353,ESSALUD - HOSPITAL II VITARTE,241900,HOSPITALIZACIÓN DE MEDICINA MEDICINA INTERNA,108,112,873,893,29,899,5,31,7.794642857142857,0.044642857142857144,31.0,0.9933259176863182,0.12013348164627363,3.8620689655172415,-4,alto,2
2015,7,150103,LIMA,LIMA,ATE,ESSALUD,II-1,00008353,ESSALUD - HOSPITAL II VITARTE,242300,HOSPITALIZACIÓN DE PEDIATRÍA PEDIATRÍA GENERAL,77,83,229,214,7,217,0,31,2.7590361445783134,0.0,31.0,0.9861751152073732,0.3548387096774194,11.857142857142858,-6,alto,2
2015,7,150103,LIMA,LIMA,ATE,ESSALUD,II-1,00008353,ESSALUD - HOSPITAL II VITARTE,250304,HOSPIT. EN UNIDAD DE CUID.INTEN.-UNIDAD DE VIGILANCIA INTENSIVA (UVI)-MEDICINA,8,10,24,9,4,124,2,31,2.4,0.2,31.0,0.07258064516129033,0.06451612903225806,2.5,-2,bajo,0
2015,7,150105,LIMA,LIMA,BREÑA,MINSA,III-2,00006216,INSTITUTO NACIONAL DE SALUD DEL NIÑO,240200,HOSPITALIZACIÓN QUIRÚRGICA CIRUGÍA DE CABEZA Y CUELLO / MÁXILO FACIAL,23,24,124,227,9,279,0,31,5.166666666666667,0.0,31.0,0.8136200716845878,0.08243727598566308,2.6666666666666665,-1,medio,1
2015,7,150105,LIMA,LIMA,BREÑA,MINSA,III-2,00006216,INSTITUTO NACIONAL DE SALUD DEL NIÑO,240400,HOSPITALIZACIÓN QUIRÚRGICA CIRUGÍA DE TÓRAX Y CARDIOVASCULAR,15,24,742,460,19,589,2,31,30.916666666666668,0.08333333333333333,31.0,0.7809847198641766,0.025466893039049237,1.263157894736842,-9,medio,1
2015,7,150105,LIMA,LIMA,BREÑA,MINSA,III-2,00006216,INSTITUTO NACIONAL DE SALUD DEL NIÑO,240700,HOSPITALIZACIÓN QUIRÚRGICA CIRUGÍA PEDIÁTRICA,25,82,776,664,22,682,2,31,9.463414634146341,0.024390243902439025,31.0,0.9736070381231672,0.036656891495601175,3.727272727272727,-57,alto,2
2015,7,150105,LIMA,LIMA,BREÑA,MINSA,III-2,00006216,INSTITUTO NACIONAL DE SALUD DEL NIÑO,240801,HOSPITALIZACIÓN QUIRÚRGICA CIRUGÍA PLÁSTICA/RECONSTRUCTIVA/ REPARADORA QUEMADOS,49,55,740,524,18,558,0,31,13.454545454545455,0.0,31.0,0.9390681003584229,0.08781362007168458,3.0555555555555554,-6,alto,2
2015,7,150105,LIMA,LIMA,BREÑA,MINSA,III-2,00006216,INSTITUTO NACIONAL DE SALUD DEL NIÑO,240900,HOSPITALIZACIÓN QUIRÚRGICA NEUROCIRUGÍA,25,46,843,674,22,682,2,31,18.32608695652174,0.043478260869565216,31.0,0.9882697947214076,0.036656891495601175,2.090909090909091,-21,alto,2
2015,7,150105,LIMA,LIMA,BREÑA,MINSA,III-2,00006216,INSTITUTO NACIONAL DE SALUD DEL NIÑO,241200,HOSPITALIZACIÓN QUIRÚRGICA TRAUMATOLOGÍA Y ORTOPEDIA,15,42,796,1047,36,1116,0,31,18.952380952380953,0.0,31.0,0.9381720430107527,0.013440860215053764,1.1666666666666667,-27,alto,2
2015,7,150105,LIMA,LIMA,BREÑA,MINSA,III-2,00006216,INSTITUTO NACIONAL DE SALUD DEL NIÑO,241300,HOSPITALIZACIÓN QUIRÚRGICA UROLOGÍA,26,24,171,279,10,310,0,31,7.125,0.0,31.0,0.9,0.08387096774193549,2.4,2,alto,2
2015,7,150105,LIMA,LIMA,BREÑA,MINSA,III-2,00006216,INSTITUTO NACIONAL DE SALUD DEL NIÑO,242000,HOSPITALIZACIÓN DE MEDICINA MEDICINA TROPICAL E INFECCIOSAS,10,30,462,621,28,868,0,31,15.4,0.0,31.0,0.7154377880184332,0.01152073732718894,1.0714285714285714,-20,medio,1
2015,7,150105,LIMA,LIMA,BREÑA,MINSA,III-2,00006216,INSTITUTO NACIONAL DE SALUD DEL NIÑO,242300,HOSPITALIZACIÓN DE PEDIATRÍA PEDIATRÍA GENERAL,1,187,2531,2373,81,2511,6,31,13.53475935828877,0.03208556149732621,31.0,0.945041816009558,0.00039824771007566706,2.308641975308642,-186,alto,2
2015,7,150105,LIMA,LIMA,BREÑA,MINSA,III-2,00006216,INSTITUTO NACIONAL DE SALUD DEL NIÑO,242600,HOSPITALIZACIÓN DE PEDIATRÍA PEDIATRIA CARDIOLOGÍA PEDIÁTRICA,18,24,545,515,24,744,0,31,22.708333333333332,0.0,31.0,0.6922043010752689,0.024193548387096774,1.0,-6,bajo,0
2015,7,150105,LIMA,LIMA,BREÑA,MINSA,III-2,00006216,INSTITUTO NACIONAL DE SALUD DEL NIÑO,242700,HOSPITALIZACIÓN DE PEDIATRÍA PEDIATRIA DERMATOLOGÍA PEDIÁTRICA,0,20,209,240,10,310,0,31,10.45,0.0,31.0,0.7741935483870968,0.0,2.0,-20,medio,1
2015,7,150105,LIMA,LIMA,BREÑA,MINSA,III-2,00006216,INSTITUTO NACIONAL DE SALUD DEL NIÑO,242900,HOSPITALIZACIÓN DE PEDIATRÍA PEDIATRIA GASTROENTEROLOGÍA PEDIÁTRICA,8,18,270,302,10,310,1,31,15.0,0.05555555555555555,31.0,0.9741935483870968,0.025806451612903226,1.8,-10,alto,2
2015,7,150105,LIMA,LIMA,BREÑA,MINSA,III-2,00006216,INSTITUTO NACIONAL DE SALUD DEL NIÑO,243000,HOSPITALIZACIÓN DE PEDIATRÍA PEDIATRIA GINECOLOGÍA PEDIÁTRICA,3,7,55,54,2,62,0,31,7.857142857142857,0.0,31.0,0.8709677419354839,0.04838709677419355,3.5,-4,alto,2
2015,7,150105,LIMA,LIMA,BREÑA,MINSA,III-2,00006216,INSTITUTO NACIONAL DE SALUD DEL NIÑO,243100,HOSPITALIZACIÓN DE PEDIATRÍA PEDIATRIA NEFROLOGÍA PEDIÁTRICA,6,17,266,185,6,186,0,31,15.647058823529411,0.0,31.0,0.9946236559139785,0.03225806451612903,2.8333333333333335,-11,alto,2
2015,7,150105,LIMA,LIMA,BREÑA,MINSA,III-2,00006216,INSTITUTO NACIONAL DE SALUD DEL NIÑO,243200,HOSPITALIZACIÓN DE PEDIATRÍA PEDIATRIA NEONATOLOGÍA,0,9,95,302,10,310,2,31,10.555555555555555,0.2222222222222222,31.0,0.9741935483870968,0.0,0.9,-9,alto,2
2015,7,150105,LIMA,LIMA,BREÑA,MINSA,III-2,00006216,INSTITUTO NACIONAL DE SALUD DEL NIÑO,243300,HOSPITALIZACIÓN DE PEDIATRÍA PEDIATRIA NEUMOLOGÍA PEDIÁTRICA,5,13,547,655,23,713,0,31,42.07692307692308,0.0,31.0,0.9186535764375876,0.0070126227208976155,0.5652173913043478,-8,alto,2
2015,7,150105,LIMA,LIMA,BREÑA,MINSA,III-2,00006216,INSTITUTO NACIONAL DE SALUD DEL NIÑO,243400,HOSPITALIZACIÓN DE PEDIATRÍA PEDIATRIA NEUROLOGÍA PEDIÁTRICA,1,11,553,456,15,465,0,31,50.27272727272727,0.0,31.0,0.9806451612903225,0.002150537634408602,0.7333333333333333,-10,alto,2
2015,7,150105,LIMA,LIMA,BREÑA,MINSA,III-2,00006216,INSTITUTO NACIONAL DE SALUD DEL NIÑO,243500,HOSPITALIZACIÓN DE PEDIATRÍA PEDIATRIA OFTALMOLOGÍA PEDIÁTRICA,0,0,0,0,0,0,0,31,0.0,0.0,0.0,0.0,0.0,0.0,0,alto,2
2015,7,150105,LIMA,LIMA,BREÑA,MINSA,III-2,00006216,INSTITUTO NACIONAL DE SALUD DEL NIÑO,243700,HOSPITALIZACIÓN DE PEDIATRÍA PEDIATRIA OTORRINOLARINGOLOGÍA PEDIÁTRICA,34,33,102,160,12,372,1,31,3.090909090909091,0.030303030303030304,31.0,0.43010752688172044,0.0913978494623656,2.75,1,medio,1
2015,7,150105,LIMA,LIMA,BREÑA,MINSA,III-2,00006216,INSTITUTO NACIONAL DE SALUD DEL NIÑO,244500,HOSPITALIZACIÓN DE MEDICINA HEMATOLOGÍA,1,6,134,94,4,124,0,31,22.333333333333332,0.0,31.0,0.7580645161290323,0.008064516129032258,1.5,-5,medio,1
2015,7,150105,LIMA,LIMA,BREÑA,MINSA,III-2,00006216,INSTITUTO NACIONAL DE SALUD DEL NIÑO,250108,UNIDAD DE CUIDADOS CRITICOS UNIDAD DE CUIDADOS INTENSIVOS (UCI) PEDIÁTRICA,1,6,130,471,16,496,5,31,21.666666666666668,0.8333333333333334,31.0,0.9495967741935484,0.0020161290322580645,0.375,-5,alto,2
2015,7,150108,LIMA,LIMA,CHORRILLOS,MINSA,III-2,00007734,"INSTITUTO NACIONAL DE REHABILITACION ""DRA. ADRIANA REBAZA FLORES"" AMISTAD PERU - JAPON",240000,HOSPITALIZACIÓN,7,12,1228,745,36,1116,0,31,102.33333333333333,0.0,31.0,0.6675627240143369,0.0062724014336917565,0.3333333333333333,-5,bajo,0
2015,7,150111,LIMA,LIMA,EL AGUSTINO,MINSA,III-1,00005946,HOSPITAL NACIONAL HIPOLITO UNANUE,240100,HOSPITALIZACIÓN QUIRÚRGICA CIRUGÍA GENERAL,241,254,3356,3936,117,3627,6,31,13.21259842519685,0.023622047244094488,31.0,1.0851943755169562,0.06644609870416322,2.1709401709401708,-13,alto,2
2015,7,150111,LIMA,LIMA,EL AGUSTINO,MINSA,III-1,00005946,HOSPITAL NACIONAL HIPOLITO UNANUE,240200,HOSPITALIZACIÓN QUIRÚRGICA CIRUGÍA DE CABEZA Y CUELLO / MÁXILO FACIAL,30,29,226,221,12,372,0,31,7.793103448275862,0.0,31.0,0.5940860215053764,0.08064516129032258,2.4166666666666665,1,medio,1
2015,7,150111,LIMA,LIMA,EL AGUSTINO,MINSA,III-1,00005946,HOSPITAL NACIONAL HIPOLITO UNANUE,240600,HOSPITALIZACIÓN QUIRÚRGICA CIRUGÍA OFTALMOLÓGICA,2,2,6,37,6,186,0,31,3.0,0.0,31.0,0.1989247311827957,0.010752688172043012,0.3333333333333333,0,bajo,0
2015,7,150111,LIMA,LIMA,EL AGUSTINO,MINSA,III-1,00005946,HOSPITAL NACIONAL HIPOLITO UNANUE,240700,HOSPITALIZACIÓN QUIRÚRGICA CIRUGÍA PEDIÁTRICA,37,42,242,185,7,217,0,31,5.761904761904762,0.0,31.0,0.8525345622119815,0.17050691244239632,6.0,-5,alto,2
2015,7,150111,LIMA,LIMA,EL AGUSTINO,MINSA,III-1,00005946,HOSPITAL NACIONAL HIPOLITO UNANUE,240800,HOSPITALIZACIÓN QUIRÚRGICA CIRUGÍA PLÁSTICA/RECONSTRUCTIVA/ REPARADORA,8,12,301,426,10,310,0,31,25.083333333333332,0.0,31.0,1.3741935483870968,0.025806451612903226,1.2,-4,alto,2
2015,7,150111,LIMA,LIMA,EL AGUSTINO,MINSA,III-1,00005946,HOSPITAL NACIONAL HIPOLITO UNANUE,240900,HOSPITALIZACIÓN QUIRÚRGICA NEUROCIRUGÍA,38,37,1091,817,22,682,5,31,29.486486486486488,0.13513513513513514,31.0,1.1979472140762464,0.05571847507331378,1.6818181818181819,1,alto,2
2015,7,150111,LIMA,LIMA,EL AGUSTINO,MINSA,III-1,00005946,HOSPITAL NACIONAL HIPOLITO UNANUE,241100,HOSPITALIZACIÓN QUIRÚRGICA OTORRINOLARINGOLOGÍA,11,8,19,57,6,186,0,31,2.375,0.0,31.0,0.3064516129032258,0.05913978494623656,1.3333333333333333,3,bajo,0
2015,7,150111,LIMA,LIMA,EL AGUSTINO,MINSA,III-1,00005946,HOSPITAL NACIONAL HIPOLITO UNANUE,241200,HOSPITALIZACIÓN QUIRÚRGICA TRAUMATOLOGÍA Y ORTOPEDIA,65,60,1608,1353,50,1550,1,31,26.8,0.016666666666666666,31.0,0.8729032258064516,0.041935483870967745,1.2,5,alto,2
2015,7,150111,LIMA,LIMA,EL AGUSTINO,MINSA,III-1,00005946,HOSPITAL NACIONAL HIPOLITO UNANUE,241300,HOSPITALIZACIÓN QUIRÚRGICA UROLOGÍA,24,27,288,239,12,372,1,31,10.666666666666666,0.037037037037037035,31.0,0.6424731182795699,0.06451612903225806,2.25,-3,bajo,0
2015,7,150111,LIMA,LIMA,EL AGUSTINO,MINSA,III-1,00005946,HOSPITAL NACIONAL HIPOLITO UNANUE,241400,HOSPITALIZACIÓN QUIRÚRGICA GINECO - OBSTETRICIA,38,39,77,169,6,186,0,31,1.9743589743589745,0.0,31.0,0.9086021505376344,0.20430107526881722,6.5,-1,alto,2
2015,7,150111,LIMA,LIMA,EL AGUSTINO,MINSA,III-1,00005946,HOSPITAL NACIONAL HIPOLITO UNANUE,241500,HOSPITALIZACIÓN QUIRÚRGICA GINECOLOGÍA,74,80,419,1205,35,1085,1,31,5.2375,0.0125,31.0,1.1105990783410138,0.06820276497695853,2.2857142857142856,-6,alto,2
2015,7,150111,LIMA,LIMA,EL AGUSTINO,MINSA,III-1,00005946,HOSPITAL NACIONAL HIPOLITO UNANUE,241600,HOSPITALIZACIÓN QUIRÚRGICA OBSTETRICIA,640,689,1989,2196,73,2263,0,31,2.8867924528301887,0.0,31.0,0.9703932832523199,0.2828104286345559,9.438356164383562,-49,alto,2
2015,7,150111,LIMA,LIMA,EL AGUSTINO,MINSA,III-1,00005946,HOSPITAL NACIONAL HIPOLITO UNANUE,241800,HOSPITALIZACIÓN DE MEDICINA MEDICINA GENERAL,35,29,344,815,18,558,1,31,11.862068965517242,0.034482758620689655,31.0,1.460573476702509,0.06272401433691756,1.6111111111111112,6,alto,2
2015,7,150111,LIMA,LIMA,EL AGUSTINO,MINSA,III-1,00005946,HOSPITAL NACIONAL HIPOLITO UNANUE,241900,HOSPITALIZACIÓN DE MEDICINA MEDICINA INTERNA,323,317,4830,5595,170,5270,43,31,15.236593059936908,0.13564668769716087,31.0,1.0616698292220115,0.06129032258064516,1.8647058823529412,6,alto,2
2015,7,150111,LIMA,LIMA,EL AGUSTINO,MINSA,III-1,00005946,HOSPITAL NACIONAL HIPOLITO UNANUE,242200,HOSPITALIZACIÓN DE MEDICINA PSIQUIATRÍA,16,19,99,72,3,93,0,31,5.2105263157894735,0.0,31.0,0.7741935483870968,0.17204301075268819,6.333333333333333,-3,alto,2
2015,7,150111,LIMA,LIMA,EL AGUSTINO,MINSA,III-1,00005946,HOSPITAL NACIONAL HIPOLITO UNANUE,242300,HOSPITALIZACIÓN DE PEDIATRÍA PEDIATRÍA GENERAL,91,96,689,1330,40,1240,6,31,7.177083333333333,0.0625,31.0,1.0725806451612903,0.07338709677419354,2.4,-5,alto,2
2015,7,150111,LIMA,LIMA,EL AGUSTINO,MINSA,III-1,00005946,HOSPITAL NACIONAL HIPOLITO UNANUE,243200,HOSPITALIZACIÓN DE PEDIATRÍA PEDIATRIA NEONATOLOGÍA,97,90,782,1221,47,1457,7,31,8.688888888888888,0.07777777777777778,31.0,0.8380233356211393,0.06657515442690459,1.9148936170212767,7,medio,1
2015,7,150111,LIMA,LIMA,EL AGUSTINO,MINSA,III-1,00005946,HOSPITAL NACIONAL HIPOLITO UNANUE,250200,UNIDAD DE CUIDADOS CRITICOS UNIDAD DE CUIDADOS INTERMEDIOS GENERAL (UCIN),17,11,185,208,7,217,10,31,16.818181818181817,0.9090909090909091,31.0,0.9585253456221198,0.07834101382488479,1.5714285714285714,6,alto,2
2015,7,150115,LIMA,LIMA,LA VICTORIA,ESSALUD,III-2,00009251,HOSPITAL NACIONAL GUILLERMO ALMENARA IRIGOYEN,240200,HOSPITALIZACIÓN QUIRÚRGICA CIRUGÍA DE CABEZA Y CUELLO / MÁXILO FACIAL,84,88,614,644,21,651,0,31,6.9772727272727275,0.0,31.0,0.989247311827957,0.12903225806451613,4.190476190476191,-4,alto,2
2015,7,150115,LIMA,LIMA,LA VICTORIA,ESSALUD,III-2,00009251,HOSPITAL NACIONAL GUILLERMO ALMENARA IRIGOYEN,240300,HOSPITALIZACIÓN QUIRÚRGICA CIRUGÍA DIGESTIVA,208,209,1893,2235,99,3069,5,31,9.057416267942584,0.023923444976076555,31.0,0.7282502443792767,0.06777451938742261,2.111111111111111,-1,medio,1
2015,7,150115,LIMA,LIMA,LA VICTORIA,ESSALUD,III-2,00009251,HOSPITAL NACIONAL GUILLERMO ALMENARA IRIGOYEN,240400,HOSPITALIZACIÓN QUIRÚRGICA CIRUGÍA DE TÓRAX Y CARDIOVASCULAR,37,42,346,462,20,620,0,31,8.238095238095237,0.0,31.0,0.7451612903225806,0.05967741935483871,2.1,-5,medio,1
2015,7,150115,LIMA,LIMA,LA VICTORIA,ESSALUD,III-2,00009251,HOSPITAL NACIONAL GUILLERMO ALMENARA IRIGOYEN,240500,HOSPITALIZACIÓN QUIRÚRGICA CIRUGÍA DE TRANSPLANTES,53,56,420,380,15,465,0,31,7.5,0.0,31.0,0.8172043010752689,0.11397849462365592,3.7333333333333334,-3,medio,1
2015,7,150115,LIMA,LIMA,LA VICTORIA,ESSALUD,III-2,00009251,HOSPITAL NACIONAL GUILLERMO ALMENARA IRIGOYEN,240600,HOSPITALIZACIÓN QUIRÚRGICA CIRUGÍA OFTALMOLÓGICA,28,26,242,303,11,341,0,31,9.307692307692308,0.0,31.0,0.8885630498533724,0.08211143695014662,2.3636363636363638,2,alto,2
2015,7,150115,LIMA,LIMA,LA VICTORIA,ESSALUD,III-2,00009251,HOSPITAL NACIONAL GUILLERMO ALMENARA IRIGOYEN,240700,HOSPITALIZACIÓN QUIRÚRGICA CIRUGÍA PEDIÁTRICA,95,100,404,356,13,403,0,31,4.04,0.0,31.0,0.8833746898263027,0.23573200992555832,7.6923076923076925,-5,alto,2
2015,7,150115,LIMA,LIMA,LA VICTORIA,ESSALUD,III-2,00009251,HOSPITAL NACIONAL GUILLERMO ALMENARA IRIGOYEN,240801,HOSPITALIZACIÓN QUIRÚRGICA CIRUGÍA PLÁSTICA/RECONSTRUCTIVA/ REPARADORA QUEMADOS,40,40,2476,266,9,279,1,31,61.9,0.025,31.0,0.953405017921147,0.14336917562724014,4.444444444444445,0,alto,2
2015,7,150115,LIMA,LIMA,LA VICTORIA,ESSALUD,III-2,00009251,HOSPITAL NACIONAL GUILLERMO ALMENARA IRIGOYEN,240900,HOSPITALIZACIÓN QUIRÚRGICA NEUROCIRUGÍA,67,69,324,573,26,806,0,31,4.695652173913044,0.0,31.0,0.7109181141439206,0.08312655086848635,2.6538461538461537,-2,medio,1
2015,7,150115,LIMA,LIMA,LA VICTORIA,ESSALUD,III-2,00009251,HOSPITAL NACIONAL GUILLERMO ALMENARA IRIGOYEN,241100,HOSPITALIZACIÓN QUIRÚRGICA OTORRINOLARINGOLOGÍA,71,73,453,436,15,465,0,31,6.205479452054795,0.0,31.0,0.9376344086021505,0.15268817204301074,4.866666666666666,-2,alto,2
2015,7,150115,LIMA,LIMA,LA VICTORIA,ESSALUD,III-2,00009251,HOSPITAL NACIONAL GUILLERMO ALMENARA IRIGOYEN,241200,HOSPITALIZACIÓN QUIRÚRGICA TRAUMATOLOGÍA Y ORTOPEDIA,184,182,1820,2217,74,2294,1,31,10.0,0.005494505494505495,31.0,0.9664341761115954,0.08020924149956409,2.4594594594594597,2,alto,2
2015,7,150115,LIMA,LIMA,LA VICTORIA,ESSALUD,III-2,00009251,HOSPITAL NACIONAL GUILLERMO ALMENARA IRIGOYEN,241300,HOSPITALIZACIÓN QUIRÚRGICA UROLOGÍA,126,126,1217,1311,43,1333,1,31,9.658730158730158,0.007936507936507936,31.0,0.9834958739684921,0.09452363090772693,2.9302325581395348,0,alto,2
2015,7,150115,LIMA,LIMA,LA VICTORIA,ESSALUD,III-2,00009251,HOSPITAL NACIONAL GUILLERMO ALMENARA IRIGOYEN,241500,HOSPITALIZACIÓN QUIRÚRGICA GINECOLOGÍA,108,107,1027,632,22,682,1,31,9.598130841121495,0.009345794392523364,31.0,0.9266862170087976,0.15835777126099707,4.863636363636363,1,alto,2
2015,7,150115,LIMA,LIMA,LA VICTORIA,ESSALUD,III-2,00009251,HOSPITAL NACIONAL GUILLERMO ALMENARA IRIGOYEN,241600,HOSPITALIZACIÓN QUIRÚRGICA OBSTETRICIA,392,373,1407,1580,52,1612,1,31,3.772117962466488,0.002680965147453083,31.0,0.9801488833746899,0.24317617866004962,7.173076923076923,19,alto,2
2015,7,150115,LIMA,LIMA,LA VICTORIA,ESSALUD,III-2,00009251,HOSPITAL NACIONAL GUILLERMO ALMENARA IRIGOYEN,241900,HOSPITALIZACIÓN DE MEDICINA MEDICINA INTERNA,267,266,3130,4364,145,4495,33,31,11.766917293233083,0.12406015037593984,31.0,0.9708565072302558,0.05939933259176863,1.8344827586206895,1,alto,2
2015,7,150115,LIMA,LIMA,LA VICTORIA,ESSALUD,III-2,00009251,HOSPITAL NACIONAL GUILLERMO ALMENARA IRIGOYEN,242100,HOSPITALIZACIÓN DE MEDICINA ONCOLOGÍA MÉDICA,99,100,631,643,23,713,2,31,6.31,0.02,31.0,0.9018232819074333,0.1388499298737728,4.3478260869565215,-1,alto,2
2015,7,150115,LIMA,LIMA,LA VICTORIA,ESSALUD,III-2,00009251,HOSPITAL NACIONAL GUILLERMO ALMENARA IRIGOYEN,242200,HOSPITALIZACIÓN DE MEDICINA PSIQUIATRÍA,35,32,379,462,17,527,1,31,11.84375,0.03125,31.0,0.8766603415559773,0.06641366223908918,1.8823529411764706,3,alto,2
2015,7,150115,LIMA,LIMA,LA VICTORIA,ESSALUD,III-2,00009251,HOSPITAL NACIONAL GUILLERMO ALMENARA IRIGOYEN,242203,HOSPITALIZACIÓN DE MEDICINA PSIQUIATRÍA PSIQUIATRÍA DEL NIÑO Y DEL ADOLESCENTE,9,11,130,97,4,124,0,31,11.818181818181818,0.0,31.0,0.782258064516129,0.07258064516129033,2.75,-2,medio,1
2015,7,150115,LIMA,LIMA,LA VICTORIA,ESSALUD,III-2,00009251,HOSPITAL NACIONAL GUILLERMO ALMENARA IRIGOYEN,242205,HOSPITALIZACIÓN MEDICINA PSIQUIATRÍA PISIQUIATRIA/ SALUD MENTAL Y ADICCIONES,7,7,51,78,3,93,0,31,7.285714285714286,0.0,31.0,0.8387096774193549,0.07526881720430108,2.3333333333333335,0,medio,1
2015,7,150115,LIMA,LIMA,LA VICTORIA,ESSALUD,III-2,00009251,HOSPITAL NACIONAL GUILLERMO ALMENARA IRIGOYEN,242300,HOSPITALIZACIÓN DE PEDIATRÍA PEDIATRÍA GENERAL,46,45,472,536,21,651,0,31,10.488888888888889,0.0,31.0,0.8233486943164362,0.0706605222734255,2.142857142857143,1,medio,1
2015,7,150115,LIMA,LIMA,LA VICTORIA,ESSALUD,III-2,00009251,HOSPITAL NACIONAL GUILLERMO ALMENARA IRIGOYEN,243200,HOSPITALIZACIÓN DE PEDIATRÍA PEDIATRIA NEONATOLOGÍA,74,78,360,430,14,434,1,31,4.615384615384615,0.01282051282051282,31.0,0.9907834101382489,0.17050691244239632,5.571428571428571,-4,alto,2
2015,7,150115,LIMA,LIMA,LA VICTORIA,ESSALUD,III-2,00009251,HOSPITAL NACIONAL GUILLERMO ALMENARA IRIGOYEN,244000,HOSPITALIZACIÓN DE MEDICINA CARDIOLOGIA,19,21,74,206,8,248,0,31,3.5238095238095237,0.0,31.0,0.8306451612903226,0.07661290322580645,2.625,-2,medio,1
2015,7,150115,LIMA,LIMA,LA VICTORIA,ESSALUD,III-2,00009251,HOSPITAL NACIONAL GUILLERMO ALMENARA IRIGOYEN,244100,HOSPITALIZACIÓN DE MEDICINA DERMATOLOGÍA,19,22,251,327,11,341,0,31,11.409090909090908,0.0,31.0,0.9589442815249267,0.05571847507331378,2.0,-3,alto,2
2015,7,150115,LIMA,LIMA,LA VICTORIA,ESSALUD,III-2,00009251,HOSPITAL NACIONAL GUILLERMO ALMENARA IRIGOYEN,244200,HOSPITALIZACIÓN DE MEDICINA ENDOCRINOLOGIA,24,21,307,351,12,372,0,31,14.619047619047619,0.0,31.0,0.9435483870967742,0.06451612903225806,1.75,3,alto,2
2015,7,150115,LIMA,LIMA,LA VICTORIA,ESSALUD,III-2,00009251,HOSPITAL NACIONAL GUILLERMO ALMENARA IRIGOYEN,244300,HOSPITALIZACIÓN DE MEDICINA GASTROENTEROLOGÍA,57,62,713,970,32,992,3,31,11.5,0.04838709677419355,31.0,0.9778225806451613,0.057459677419354836,1.9375,-5,alto,2
2015,7,150115,LIMA,LIMA,LA VICTORIA,ESSALUD,III-2,00009251,HOSPITAL NACIONAL GUILLERMO ALMENARA IRIGOYEN,244400,HOSPITALIZACIÓN DE MEDICINA GERIATRIA,37,31,462,490,16,496,4,31,14.903225806451612,0.12903225806451613,31.0,0.9879032258064516,0.07459677419354839,1.9375,6,alto,2
2015,7,150115,LIMA,LIMA,LA VICTORIA,ESSALUD,III-2,00009251,HOSPITAL NACIONAL GUILLERMO ALMENARA IRIGOYEN,244500,HOSPITALIZACIÓN DE MEDICINA HEMATOLOGÍA,31,31,562,560,20,620,3,31,18.129032258064516,0.0967741935483871,31.0,0.9032258064516129,0.05,1.55,0,alto,2
2015,7,150115,LIMA,LIMA,LA VICTORIA,ESSALUD,III-2,00009251,HOSPITAL NACIONAL GUILLERMO ALMENARA IRIGOYEN,244600,HOSPITALIZACIÓN DE MEDICINA NEFROLOGIA,84,85,910,857,30,930,2,31,10.705882352941176,0.023529411764705882,31.0,0.921505376344086,0.09032258064516129,2.8333333333333335,-1,alto,2
2015,7,150115,LIMA,LIMA,LA VICTORIA,ESSALUD,III-2,00009251,HOSPITAL NACIONAL GUILLERMO ALMENARA IRIGOYEN,244700,HOSPITALIZACIÓN DE MEDICINA NEUROLOGIA,43,40,440,560,21,651,0,31,11.0,0.0,31.0,0.8602150537634409,0.06605222734254992,1.9047619047619047,3,alto,2
2015,7,150115,LIMA,LIMA,LA VICTORIA,ESSALUD,III-2,00009251,HOSPITAL NACIONAL GUILLERMO ALMENARA IRIGOYEN,245300,HOSPITALIZACIÓN DE MEDICINA NEUMOLOGÍA,60,70,567,565,28,868,6,31,8.1,0.08571428571428572,31.0,0.6509216589861752,0.06912442396313365,2.5,-10,bajo,0
2015,7,150115,LIMA,LIMA,LA VICTORIA,ESSALUD,III-2,00009251,HOSPITAL NACIONAL GUILLERMO ALMENARA IRIGOYEN,245500,HOSPITALIZACIÓN DE MEDICINA REUMATOLOGÍA,33,36,353,370,12,372,0,31,9.805555555555555,0.0,31.0,0.9946236559139785,0.08870967741935484,3.0,-3,alto,2
2015,7,150115,LIMA,LIMA,LA VICTORIA,ESSALUD,III-2,00009251,HOSPITAL NACIONAL GUILLERMO ALMENARA IRIGOYEN,250000,UNIDAD DE CUIDADOS CRITICOS,10,8,74,415,14,434,8,31,9.25,1.0,31.0,0.956221198156682,0.02304147465437788,0.5714285714285714,2,alto,2
2015,7,150115,LIMA,LIMA,LA VICTORIA,ESSALUD,III-2,00009251,HOSPITAL NACIONAL GUILLERMO ALMENARA IRIGOYEN,250101,UNIDAD DE CUIDADOS CRITICOS UNIDAD DE CUIDADOS INTENSIVOS GENERALES (UCI) CARDIOLOGIA,54,57,444,502,18,558,1,31,7.7894736842105265,0.017543859649122806,31.0,0.899641577060932,0.0967741935483871,3.1666666666666665,-3,alto,2
2015,7,150115,LIMA,LIMA,LA VICTORIA,ESSALUD,III-2,00009251,HOSPITAL NACIONAL GUILLERMO ALMENARA IRIGOYEN,250105,UNIDAD DE CUIDADOS CRITICOS UNIDAD DE CUIDADOS INTENSIVOS (UCI) NEONATOLOGÍA,14,14,148,564,21,651,0,31,10.571428571428571,0.0,31.0,0.8663594470046083,0.021505376344086023,0.6666666666666666,0,alto,2
2015,7,150115,LIMA,LIMA,LA VICTORIA,ESSALUD,III-2,00009251,HOSPITAL NACIONAL GUILLERMO ALMENARA IRIGOYEN,250107,UNIDAD DE CUIDADOS CRITICOS UNIDAD DE CUIDADOS INTENSIVOS (UCI) NEUROQUIRÚRGICA,28,28,128,409,18,558,6,31,4.571428571428571,0.21428571428571427,31.0,0.7329749103942652,0.05017921146953405,1.5555555555555556,0,medio,1
2015,7,150115,LIMA,LIMA,LA VICTORIA,ESSALUD,III-2,00009251,HOSPITAL NACIONAL GUILLERMO ALMENARA IRIGOYEN,250108,UNIDAD DE CUIDADOS CRITICOS UNIDAD DE CUIDADOS INTENSIVOS (UCI) PEDIÁTRICA,1,1,10,122,4,124,0,31,10.0,0.0,31.0,0.9838709677419355,0.008064516129032258,0.25,0,alto,2
2015,7,150115,LIMA,LIMA,LA VICTORIA,ESSALUD,III-2,00009251,HOSPITAL NACIONAL GUILLERMO ALMENARA IRIGOYEN,250111,UNIDAD DE CUIDADOS CRITICOS UNIDAD DE CUIDADOS INTENSIVOS (UCI) CARDIOVASCULAR,19,18,72,332,15,465,1,31,4.0,0.05555555555555555,31.0,0.7139784946236559,0.04086021505376344,1.2,1,medio,1
2015,7,150115,LIMA,LIMA,LA VICTORIA,ESSALUD,III-2,00009251,HOSPITAL NACIONAL GUILLERMO ALMENARA IRIGOYEN,250200,UNIDAD DE CUIDADOS CRITICOS UNIDAD DE CUIDADOS INTERMEDIOS GENERAL (UCIN),5,3,26,203,7,217,3,31,8.666666666666666,1.0,31.0,0.9354838709677419,0.02304147465437788,0.42857142857142855,2,alto,2
2015,7,150115,LIMA,LIMA,LA VICTORIA,ESSALUD,III-2,00009251,HOSPITAL NACIONAL GUILLERMO ALMENARA IRIGOYEN,250201,UNIDAD DE CUIDADOS CRITICOS UNIDAD DE CUIDADOS INTERMEDIOS (UCIN) NEONATAL,19,22,160,165,6,186,14,31,7.2727272727272725,0.6363636363636364,31.0,0.8870967741935484,0.10215053763440861,3.6666666666666665,-3,alto,2
2015,7,150115,LIMA,LIMA,LA VICTORIA,ESSALUD,III-2,00009251,HOSPITAL NACIONAL GUILLERMO ALMENARA IRIGOYEN,250202,UNIDAD DE CUIDADOS CRITICOS UNIDAD DE CUIDADOS INTERMEDIOS (UCIN) PEDIÁTRICOS,13,11,65,364,12,372,0,31,5.909090909090909,0.0,31.0,0.978494623655914,0.03494623655913978,0.9166666666666666,2,alto,2
2015,7,150115,LIMA,LIMA,LA VICTORIA,ESSALUD,III-2,00009251,HOSPITAL NACIONAL GUILLERMO ALMENARA IRIGOYEN,250400,UNIDAD DE CUIDADOS CRITICOS UNIDAD DE QUEMADOS (GRAN QUEMADO),9,8,57,332,12,372,0,31,7.125,0.0,31.0,0.8924731182795699,0.024193548387096774,0.6666666666666666,1,alto,2
2015,7,150118,LIMA,LIMA,LURIGANCHO,MINSA,II-2,00005947,HOSPITAL DE MEDIANA COMPLEJIDAD JOSE AGURTO TELLO,240100,HOSPITALIZACIÓN QUIRÚRGICA CIRUGÍA GENERAL,51,54,226,199,13,434,0,31,4.185185185185185,0.0,33.38461538461539,0.49379652605459057,0.1175115207373272,4.153846153846154,-3,medio,1
2015,7,150118,LIMA,LIMA,LURIGANCHO,MINSA,II-2,00005947,HOSPITAL DE MEDIANA COMPLEJIDAD JOSE AGURTO TELLO,241200,HOSPITALIZACIÓN QUIRÚRGICA TRAUMATOLOGÍA Y ORTOPEDIA,30,29,118,163,5,155,0,31,4.068965517241379,0.0,31.0,1.0516129032258064,0.1935483870967742,5.8,1,alto,2
2015,7,150118,LIMA,LIMA,LURIGANCHO,MINSA,II-2,00005947,HOSPITAL DE MEDIANA COMPLEJIDAD JOSE AGURTO TELLO,241300,HOSPITALIZACIÓN QUIRÚRGICA UROLOGÍA,0,0,0,0,1,31,0,31,0.0,0.0,31.0,0.0,0.0,0.0,0,bajo,0
2015,7,150118,LIMA,LIMA,LURIGANCHO,MINSA,II-2,00005947,HOSPITAL DE MEDIANA COMPLEJIDAD JOSE AGURTO TELLO,241500,HOSPITALIZACIÓN QUIRÚRGICA GINECOLOGÍA,6,6,24,27,5,155,0,31,4.0,0.0,31.0,0.17419354838709677,0.03870967741935484,1.2,0,bajo,0
2015,7,150118,LIMA,LIMA,LURIGANCHO,MINSA,II-2,00005947,HOSPITAL DE MEDIANA COMPLEJIDAD JOSE AGURTO TELLO,241600,HOSPITALIZACIÓN QUIRÚRGICA OBSTETRICIA,157,157,336,335,17,527,0,31,2.140127388535032,0.0,31.0,0.635673624288425,0.29791271347248577,9.235294117647058,0,alto,2
2015,7,150118,LIMA,LIMA,LURIGANCHO,MINSA,II-2,00005947,HOSPITAL DE MEDIANA COMPLEJIDAD JOSE AGURTO TELLO,241900,HOSPITALIZACIÓN DE MEDICINA MEDICINA INTERNA,61,63,322,298,11,310,7,31,5.111111111111111,0.1111111111111111,28.181818181818183,0.873900293255132,0.1967741935483871,5.7272727272727275,-2,alto,2
2015,7,150118,LIMA,LIMA,LURIGANCHO,MINSA,II-2,00005947,HOSPITAL DE MEDIANA COMPLEJIDAD JOSE AGURTO TELLO,242300,HOSPITALIZACIÓN DE PEDIATRÍA PEDIATRÍA GENERAL,70,72,282,273,12,372,1,31,3.9166666666666665,0.013888888888888888,31.0,0.7338709677419355,0.1881720430107527,6.0,-2,alto,2
2015,7,150122,LIMA,LIMA,MIRAFLORES,MINSA,III-E,00006213,HOSPITAL DE EMERGENCIAS JOSE CASIMIRO ULLOA,240100,HOSPITALIZACIÓN QUIRÚRGICA CIRUGÍA GENERAL,155,178,850,850,26,806,1,31,4.775280898876405,0.0056179775280898875,31.0,1.054590570719603,0.19230769230769232,6.846153846153846,-23,alto,2
2015,7,150122,LIMA,LIMA,MIRAFLORES,MINSA,III-E,00006213,HOSPITAL DE EMERGENCIAS JOSE CASIMIRO ULLOA,240900,HOSPITALIZACIÓN QUIRÚRGICA NEUROCIRUGÍA,29,15,226,226,11,341,1,31,15.066666666666666,0.06666666666666667,31.0,0.6627565982404692,0.08504398826979472,1.3636363636363635,14,medio,1
2015,7,150122,LIMA,LIMA,MIRAFLORES,MINSA,III-E,00006213,HOSPITAL DE EMERGENCIAS JOSE CASIMIRO ULLOA,241200,HOSPITALIZACIÓN QUIRÚRGICA TRAUMATOLOGÍA Y ORTOPEDIA,20,45,345,345,14,434,0,31,7.666666666666667,0.0,31.0,0.7949308755760369,0.04608294930875576,3.2142857142857144,-25,medio,1
2015,7,150122,LIMA,LIMA,MIRAFLORES,MINSA,III-E,00006213,HOSPITAL DE EMERGENCIAS JOSE CASIMIRO ULLOA,241800,HOSPITALIZACIÓN DE MEDICINA MEDICINA GENERAL,54,76,948,948,20,620,6,31,12.473684210526315,0.07894736842105263,31.0,1.5290322580645161,0.08709677419354839,3.8,-22,alto,2
2015,7,150133,LIMA,LIMA,SAN JUAN DE MIRAFLORES,MINSA,III-1,00005987,HOSPITAL MARIA AUXILIADORA,240100,HOSPITALIZACIÓN QUIRÚRGICA CIRUGÍA GENERAL,172,328,2568,2327,90,2790,2,31,7.829268292682927,0.006097560975609756,31.0,0.8340501792114695,0.06164874551971326,3.6444444444444444,-156,medio,1
2015,7,150133,LIMA,LIMA,SAN JUAN DE MIRAFLORES,MINSA,III-1,00005987,HOSPITAL MARIA AUXILIADORA,241400,HOSPITALIZACIÓN QUIRÚRGICA GINECO - OBSTETRICIA,577,821,2630,2220,91,2822,0,31,3.203410475030451,0.0,31.01098901098901,0.7869549805033677,0.2044649184975195,9.021978021978022,-244,alto,2
2015,7,150133,LIMA,LIMA,SAN JUAN DE MIRAFLORES,MINSA,III-1,00005987,HOSPITAL MARIA AUXILIADORA,241900,HOSPITALIZACIÓN DE MEDICINA MEDICINA INTERNA,122,142,1820,1833,70,2166,15,31,12.816901408450704,0.1056338028169014,30.942857142857143,0.8447004608294931,0.05632502308402586,2.0285714285714285,-20,medio,1
2015,7,150133,LIMA,LIMA,SAN JUAN DE MIRAFLORES,MINSA,III-1,00005987,HOSPITAL MARIA AUXILIADORA,242100,HOSPITALIZACIÓN DE MEDICINA ONCOLOGÍA MÉDICA,38,36,282,357,14,357,4,31,7.833333333333333,0.1111111111111111,25.5,0.8225806451612904,0.10644257703081232,2.5714285714285716,2,medio,1
2015,7,150133,LIMA,LIMA,SAN JUAN DE MIRAFLORES,MINSA,III-1,00005987,HOSPITAL MARIA AUXILIADORA,242300,HOSPITALIZACIÓN DE PEDIATRÍA PEDIATRÍA GENERAL,119,125,763,703,44,1364,0,31,6.104,0.0,31.0,0.5153958944281525,0.0872434017595308,2.840909090909091,-6,medio,1
2015,7,150133,LIMA,LIMA,SAN JUAN DE MIRAFLORES,MINSA,III-1,00005987,HOSPITAL MARIA AUXILIADORA,243200,HOSPITALIZACIÓN DE PEDIATRÍA PEDIATRIA NEONATOLOGÍA,41,265,2119,1645,60,1845,14,31,7.996226415094339,0.052830188679245285,30.75,0.8844086021505376,0.022222222222222223,4.416666666666667,-224,alto,2
2015,7,150135,LIMA,LIMA,SAN MARTIN DE PORRES,MINSA,III-1,00007633,HOSPITAL NACIONAL CAYETANO HEREDIA,240100,HOSPITALIZACIÓN QUIRÚRGICA CIRUGÍA GENERAL,278,281,2091,1807,62,1922,4,31,7.4412811387900355,0.014234875444839857,31.0,0.9401664932362123,0.14464099895941726,4.532258064516129,-3,alto,2
2015,7,150135,LIMA,LIMA,SAN MARTIN DE PORRES,MINSA,III-1,00007633,HOSPITAL NACIONAL CAYETANO HEREDIA,240500,HOSPITALIZACIÓN QUIRÚRGICA CIRUGÍA DE TRANSPLANTES,9,5,37,154,10,186,0,31,7.4,0.0,18.6,0.4967741935483871,0.04838709677419355,0.5,4,bajo,0
2015,7,150135,LIMA,LIMA,SAN MARTIN DE PORRES,MINSA,III-1,00007633,HOSPITAL NACIONAL CAYETANO HEREDIA,241200,HOSPITALIZACIÓN QUIRÚRGICA TRAUMATOLOGÍA Y ORTOPEDIA,107,102,1443,1092,60,1421,1,31,14.147058823529411,0.00980392156862745,23.683333333333334,0.5870967741935483,0.0752990851513019,1.7,5,medio,1
2015,7,150135,LIMA,LIMA,SAN MARTIN DE PORRES,MINSA,III-1,00007633,HOSPITAL NACIONAL CAYETANO HEREDIA,241500,HOSPITALIZACIÓN QUIRÚRGICA GINECOLOGÍA,97,104,336,365,18,436,0,31,3.230769230769231,0.0,24.22222222222222,0.6541218637992832,0.22247706422018348,5.777777777777778,-7,alto,2
2015,7,150135,LIMA,LIMA,SAN MARTIN DE PORRES,MINSA,III-1,00007633,HOSPITAL NACIONAL CAYETANO HEREDIA,241600,HOSPITALIZACIÓN QUIRÚRGICA OBSTETRICIA,416,415,1310,1066,37,1094,0,31,3.1566265060240966,0.0,29.56756756756757,0.9293809938971229,0.3802559414990859,11.216216216216216,1,alto,2
2015,7,150135,LIMA,LIMA,SAN MARTIN DE PORRES,MINSA,III-1,00007633,HOSPITAL NACIONAL CAYETANO HEREDIA,241900,HOSPITALIZACIÓN DE MEDICINA MEDICINA INTERNA,147,157,2910,2082,73,2232,17,31,18.53503184713376,0.10828025477707007,30.575342465753426,0.9200176756517897,0.06586021505376344,2.1506849315068495,-10,alto,2
2015,7,150135,LIMA,LIMA,SAN MARTIN DE PORRES,MINSA,III-1,00007633,HOSPITAL NACIONAL CAYETANO HEREDIA,242000,HOSPITALIZACIÓN DE MEDICINA MEDICINA TROPICAL E INFECCIOSAS,51,50,1269,972,36,1023,6,31,25.38,0.12,28.416666666666668,0.8709677419354839,0.04985337243401759,1.3888888888888888,1,alto,2
2015,7,150135,LIMA,LIMA,SAN MARTIN DE PORRES,MINSA,III-1,00007633,HOSPITAL NACIONAL CAYETANO HEREDIA,242300,HOSPITALIZACIÓN DE PEDIATRÍA PEDIATRÍA GENERAL,147,155,1063,1284,62,1705,0,31,6.858064516129033,0.0,27.5,0.668054110301769,0.08621700879765395,2.5,-8,medio,1
2015,7,150135,LIMA,LIMA,SAN MARTIN DE PORRES,MINSA,III-1,00007633,HOSPITAL NACIONAL CAYETANO HEREDIA,250100,UNIDAD DE CUIDADOS CRITICOS UNIDAD DE CUIDADOS INTENSIVOS GENERALES (UCI),35,7,140,358,12,403,2,31,20.0,0.2857142857142857,33.583333333333336,0.9623655913978495,0.08684863523573201,0.5833333333333334,28,alto,2
2015,7,150135,LIMA,LIMA,SAN MARTIN DE PORRES,MINSA,III-1,00007633,HOSPITAL NACIONAL CAYETANO HEREDIA,250105,UNIDAD DE CUIDADOS CRITICOS UNIDAD DE CUIDADOS INTENSIVOS (UCI) NEONATOLOGÍA,31,4,63,205,6,209,4,31,15.75,1.0,34.833333333333336,1.1021505376344085,0.14832535885167464,0.6666666666666666,27,alto,2
2015,7,150135,LIMA,LIMA,SAN MARTIN DE PORRES,MINSA,III-1,00007633,HOSPITAL NACIONAL CAYETANO HEREDIA,250108,UNIDAD DE CUIDADOS CRITICOS UNIDAD DE CUIDADOS INTENSIVOS (UCI) PEDIÁTRICA,6,6,166,166,6,186,0,31,27.666666666666668,0.0,31.0,0.8924731182795699,0.03225806451612903,1.0,0,alto,2
2015,7,150135,LIMA,LIMA,SAN MARTIN DE PORRES,MINSA,III-1,00007633,HOSPITAL NACIONAL CAYETANO HEREDIA,250200,UNIDAD DE CUIDADOS CRITICOS UNIDAD DE CUIDADOS INTERMEDIOS GENERAL (UCIN),69,79,490,388,12,402,0,31,6.2025316455696204,0.0,33.5,1.043010752688172,0.17164179104477612,6.583333333333333,-10,alto,2
2015,7,150135,LIMA,LIMA,SAN MARTIN DE PORRES,MINSA,III-2,00007733,"INSTITUTO NACIONAL DE SALUD MENTAL ""HONORIO DELGADO - HIDEYO NOGUCHI""",242202,HOSPITALIZACIÓN DE MEDICINA PSIQUIATRÍA PSIQUIATRÍA DEL ADULTO Y GERONTE,33,36,3685,2055,70,2170,0,31,102.36111111111111,0.0,31.0,0.9470046082949308,0.015207373271889401,0.5142857142857142,-3,alto,2
2015,7,150135,LIMA,LIMA,SAN MARTIN DE PORRES,MINSA,III-2,00007733,"INSTITUTO NACIONAL DE SALUD MENTAL ""HONORIO DELGADO - HIDEYO NOGUCHI""",242205,HOSPITALIZACIÓN MEDICINA PSIQUIATRÍA PISIQUIATRIA/ SALUD MENTAL Y ADICCIONES,9,13,658,468,19,589,0,31,50.61538461538461,0.0,31.0,0.7945670628183361,0.015280135823429542,0.6842105263157895,-4,medio,1
2015,7,150137,LIMA,LIMA,SANTA ANITA,MINSA,III-1,00005948,HOSPITAL HERMILIO VALDIZAN,242200,HOSPITALIZACIÓN DE MEDICINA PSIQUIATRÍA,80,79,2802,4201,192,5952,0,31,35.46835443037975,0.0,31.0,0.7058131720430108,0.013440860215053764,0.4114583333333333,1,medio,1
2015,7,150137,LIMA,LIMA,SANTA ANITA,MINSA,III-1,00005948,HOSPITAL HERMILIO VALDIZAN,242204,HOSPITALIZACIÓN DE MEDICINA PSIQUIATRÍA REHABILITACIÓN PSIQUIÁTRICA / REINSERCIÓN,26,23,706,212,20,620,0,31,30.695652173913043,0.0,31.0,0.3419354838709677,0.041935483870967745,1.15,3,bajo,0
2015,7,150141,LIMA,LIMA,SURQUILLO,MINSA,III-2,00006210,INSTITUTO NACIONAL DE ENFERMEDADES NEOPLASICAS,240100,HOSPITALIZACIÓN QUIRÚRGICA CIRUGÍA GENERAL,1055,518,4339,4339,200,6200,14,31,8.376447876447877,0.02702702702702703,31.0,0.6998387096774193,0.17016129032258065,2.59,537,alto,2
2015,7,150141,LIMA,LIMA,SURQUILLO,MINSA,III-2,00006210,INSTITUTO NACIONAL DE ENFERMEDADES NEOPLASICAS,240600,HOSPITALIZACIÓN QUIRÚRGICA CIRUGÍA OFTALMOLÓGICA,10,0,0,0,1,31,0,31,0.0,0.0,31.0,0.0,0.3225806451612903,0.0,10,alto,2
2015,7,150141,LIMA,LIMA,SURQUILLO,MINSA,III-2,00006210,INSTITUTO NACIONAL DE ENFERMEDADES NEOPLASICAS,240800,HOSPITALIZACIÓN QUIRÚRGICA CIRUGÍA PLÁSTICA/RECONSTRUCTIVA/ REPARADORA,22,7,35,35,5,155,0,31,5.0,0.0,31.0,0.22580645161290322,0.14193548387096774,1.4,15,alto,2
2015,7,150141,LIMA,LIMA,SURQUILLO,MINSA,III-2,00006210,INSTITUTO NACIONAL DE ENFERMEDADES NEOPLASICAS,240900,HOSPITALIZACIÓN QUIRÚRGICA NEUROCIRUGÍA,26,31,407,407,22,682,1,31,13.129032258064516,0.03225806451612903,31.0,0.5967741935483871,0.03812316715542522,1.4090909090909092,-5,bajo,0
2015,7,150141,LIMA,LIMA,SURQUILLO,MINSA,III-2,00006210,INSTITUTO NACIONAL DE ENFERMEDADES NEOPLASICAS,241200,HOSPITALIZACIÓN QUIRÚRGICA TRAUMATOLOGÍA Y ORTOPEDIA,24,25,159,159,14,434,0,31,6.36,0.0,31.0,0.3663594470046083,0.055299539170506916,1.7857142857142858,-1,bajo,0
2015,7,150141,LIMA,LIMA,SURQUILLO,MINSA,III-2,00006210,INSTITUTO NACIONAL DE ENFERMEDADES NEOPLASICAS,241800,HOSPITALIZACIÓN DE MEDICINA MEDICINA GENERAL,6,0,0,0,1,31,0,31,0.0,0.0,31.0,0.0,0.1935483870967742,0.0,6,alto,2
2015,7,150141,LIMA,LIMA,SURQUILLO,MINSA,III-2,00006210,INSTITUTO NACIONAL DE ENFERMEDADES NEOPLASICAS,241900,HOSPITALIZACIÓN DE MEDICINA MEDICINA INTERNA,4,0,0,0,1,31,0,31,0.0,0.0,31.0,0.0,0.12903225806451613,0.0,4,alto,2
2015,7,150141,LIMA,LIMA,SURQUILLO,MINSA,III-2,00006210,INSTITUTO NACIONAL DE ENFERMEDADES NEOPLASICAS,242100,HOSPITALIZACIÓN DE MEDICINA ONCOLOGÍA MÉDICA,186,221,4499,4499,120,3720,22,31,20.357466063348415,0.09954751131221719,31.0,1.2094086021505377,0.05,1.8416666666666666,-35,alto,2
2015,7,150141,LIMA,LIMA,SURQUILLO,MINSA,III-2,00006210,INSTITUTO NACIONAL DE ENFERMEDADES NEOPLASICAS,242300,HOSPITALIZACIÓN DE PEDIATRÍA PEDIATRÍA GENERAL,37,2,33,33,1,31,1,31,16.5,0.5,31.0,1.064516129032258,1.1935483870967742,2.0,35,alto,2
2015,8,150101,LIMA,LIMA,LIMA,MINSA,III-1,00006206,NACIONAL DOS DE MAYO,230400,EMERGENCIA SHOCKTRAUMA / PRIORIDAD 1,90,34,34,3,93,92,89,31,1.0,2.6176470588235294,0.989247311827957,0.001040582726326743,0.9782608695652174,0.3655913978494624,56,alto,2
2015,8,150101,LIMA,LIMA,LIMA,MINSA,III-1,00006206,NACIONAL DOS DE MAYO,240100,HOSPITALIZACIÓN QUIRÚRGICA CIRUGÍA GENERAL,321,285,2909,2700,97,3007,1,31,10.20701754385965,0.0035087719298245615,31.0,0.8979048885932823,0.1067509145327569,2.9381443298969074,36,alto,2
2015,8,150101,LIMA,LIMA,LIMA,MINSA,III-1,00006206,NACIONAL DOS DE MAYO,240200,HOSPITALIZACIÓN QUIRÚRGICA CIRUGÍA DE CABEZA Y CUELLO / MÁXILO FACIAL,20,18,264,277,12,372,0,31,14.666666666666666,0.0,31.0,0.7446236559139785,0.053763440860215055,1.5,2,medio,1
2015,8,150101,LIMA,LIMA,LIMA,MINSA,III-1,00006206,NACIONAL DOS DE MAYO,240400,HOSPITALIZACIÓN QUIRÚRGICA CIRUGÍA DE TÓRAX Y CARDIOVASCULAR,39,31,341,288,14,434,3,31,11.0,0.0967741935483871,31.0,0.663594470046083,0.08986175115207373,2.2142857142857144,8,medio,1
2015,8,150101,LIMA,LIMA,LIMA,MINSA,III-1,00006206,NACIONAL DOS DE MAYO,240700,HOSPITALIZACIÓN QUIRÚRGICA CIRUGÍA PEDIÁTRICA,16,15,147,118,6,186,0,31,9.8,0.0,31.0,0.6344086021505376,0.08602150537634409,2.5,1,medio,1
2015,8,150101,LIMA,LIMA,LIMA,MINSA,III-1,00006206,NACIONAL DOS DE MAYO,240800,HOSPITALIZACIÓN QUIRÚRGICA CIRUGÍA PLÁSTICA/RECONSTRUCTIVA/ REPARADORA,8,6,94,103,8,248,0,31,15.666666666666666,0.0,31.0,0.4153225806451613,0.03225806451612903,0.75,2,bajo,0
2015,8,150101,LIMA,LIMA,LIMA,MINSA,III-1,00006206,NACIONAL DOS DE MAYO,240900,HOSPITALIZACIÓN QUIRÚRGICA NEUROCIRUGÍA,34,35,547,564,20,620,0,31,15.628571428571428,0.0,31.0,0.9096774193548387,0.054838709677419356,1.75,-1,alto,2
2015,8,150101,LIMA,LIMA,LIMA,MINSA,III-1,00006206,NACIONAL DOS DE MAYO,241100,HOSPITALIZACIÓN QUIRÚRGICA OTORRINOLARINGOLOGÍA,13,13,36,66,3,93,0,31,2.769230769230769,0.0,31.0,0.7096774193548387,0.13978494623655913,4.333333333333333,0,alto,2
2015,8,150101,LIMA,LIMA,LIMA,MINSA,III-1,00006206,NACIONAL DOS DE MAYO,241200,HOSPITALIZACIÓN QUIRÚRGICA TRAUMATOLOGÍA Y ORTOPEDIA,61,58,1195,1099,40,1240,0,31,20.603448275862068,0.0,31.0,0.8862903225806451,0.049193548387096775,1.45,3,alto,2
2015,8,150101,LIMA,LIMA,LIMA,MINSA,III-1,00006206,NACIONAL DOS DE MAYO,241300,HOSPITALIZACIÓN QUIRÚRGICA UROLOGÍA,72,68,741,1133,40,1240,0,31,10.897058823529411,0.0,31.0,0.9137096774193548,0.05806451612903226,1.7,4,alto,2
2015,8,150101,LIMA,LIMA,LIMA,MINSA,III-1,00006206,NACIONAL DOS DE MAYO,241400,HOSPITALIZACIÓN QUIRÚRGICA GINECO - OBSTETRICIA,375,376,1340,1283,52,1612,0,31,3.5638297872340425,0.0,31.0,0.7959057071960298,0.2326302729528536,7.230769230769231,-1,alto,2
2015,8,150101,LIMA,LIMA,LIMA,MINSA,III-1,00006206,NACIONAL DOS DE MAYO,241800,HOSPITALIZACIÓN DE MEDICINA MEDICINA GENERAL,462,391,5437,5752,204,6324,32,31,13.90537084398977,0.08184143222506395,31.0,0.90955091714105,0.0730550284629981,1.9166666666666667,71,alto,2
2015,8,150101,LIMA,LIMA,LIMA,MINSA,III-1,00006206,NACIONAL DOS DE MAYO,242000,HOSPITALIZACIÓN DE MEDICINA MEDICINA TROPICAL E INFECCIOSAS,32,35,939,547,20,620,6,31,26.82857142857143,0.17142857142857143,31.0,0.882258064516129,0.05161290322580645,1.75,-3,alto,2
2015,8,150101,LIMA,LIMA,LIMA,MINSA,III-1,00006206,NACIONAL DOS DE MAYO,242300,HOSPITALIZACIÓN DE PEDIATRÍA PEDIATRÍA GENERAL,289,287,1555,1435,47,1457,1,31,5.418118466898955,0.003484320557491289,31.0,0.9849004804392587,0.19835277968428278,6.1063829787234045,2,alto,2
2015,8,150101,LIMA,LIMA,LIMA,MINSA,III-1,00006206,NACIONAL DOS DE MAYO,243400,HOSPITALIZACIÓN DE PEDIATRÍA PEDIATRIA NEUROLOGÍA PEDIÁTRICA,26,22,556,824,28,868,2,31,25.272727272727273,0.09090909090909091,31.0,0.9493087557603687,0.029953917050691243,0.7857142857142857,4,alto,2
2015,8,150101,LIMA,LIMA,LIMA,MINSA,III-1,00006206,NACIONAL DOS DE MAYO,250100,UNIDAD DE CUIDADOS CRITICOS UNIDAD DE CUIDADOS INTENSIVOS GENERALES (UCI),28,7,7,6,186,130,658,31,1.0,94.0,0.6989247311827957,0.001040582726326743,0.2153846153846154,0.03763440860215054,21,alto,2
2015,8,150101,LIMA,LIMA,LIMA,MINSA,III-1,00006206,NACIONAL DOS DE MAYO,250200,UNIDAD DE CUIDADOS CRITICOS UNIDAD DE CUIDADOS INTERMEDIOS GENERAL (UCIN),8,2,2,6,186,154,76,31,1.0,38.0,0.8279569892473119,0.001040582726326743,0.05194805194805195,0.010752688172043012,6,bajo,0
2015,8,150101,LIMA,LIMA,LIMA,MINSA,III-1,00006206,NACIONAL DOS DE MAYO,250500,HOSPIT. EN UNIDAD DE CUID.INTEN.-UNIDAD DE TRAUMA SHOCK-,0,0,0,6,186,155,12,31,0.0,0.0,0.8333333333333334,0.001040582726326743,0.0,0.0,0,bajo,0
2015,8,150101,LIMA,LIMA,LIMA,MINSA,III-1,00006207,NACIONAL ARZOBISPO LOAYZA,240100,HOSPITALIZACIÓN QUIRÚRGICA CIRUGÍA GENERAL,430,426,3819,3581,120,3720,2,31,8.964788732394366,0.004694835680751174,31.0,0.9626344086021505,0.11559139784946236,3.55,4,alto,2
2015,8,150101,LIMA,LIMA,LIMA,MINSA,III-1,00006207,NACIONAL ARZOBISPO LOAYZA,240200,HOSPITALIZACIÓN QUIRÚRGICA CIRUGÍA DE CABEZA Y CUELLO / MÁXILO FACIAL,30,27,392,414,15,465,0,31,14.518518518518519,0.0,31.0,0.8903225806451613,0.06451612903225806,1.8,3,alto,2
2015,8,150101,LIMA,LIMA,LIMA,MINSA,III-1,00006207,NACIONAL ARZOBISPO LOAYZA,240800,HOSPITALIZACIÓN QUIRÚRGICA CIRUGÍA PLÁSTICA/RECONSTRUCTIVA/ REPARADORA,23,18,491,615,23,713,0,31,27.27777777777778,0.0,31.0,0.8625525946704067,0.03225806451612903,0.782608695652174,5,alto,2
2015,8,150101,LIMA,LIMA,LIMA,MINSA,III-1,00006207,NACIONAL ARZOBISPO LOAYZA,240900,HOSPITALIZACIÓN QUIRÚRGICA NEUROCIRUGÍA,26,27,679,463,15,465,0,31,25.14814814814815,0.0,31.0,0.9956989247311828,0.05591397849462366,1.8,-1,alto,2
2015,8,150101,LIMA,LIMA,LIMA,MINSA,III-1,00006207,NACIONAL ARZOBISPO LOAYZA,241200,HOSPITALIZACIÓN QUIRÚRGICA TRAUMATOLOGÍA Y ORTOPEDIA,73,79,1044,866,30,930,0,31,13.215189873417721,0.0,31.0,0.9311827956989247,0.07849462365591398,2.6333333333333333,-6,alto,2
2015,8,150101,LIMA,LIMA,LIMA,MINSA,III-1,00006207,NACIONAL ARZOBISPO LOAYZA,241300,HOSPITALIZACIÓN QUIRÚRGICA UROLOGÍA,89,84,875,853,32,992,0,31,10.416666666666666,0.0,31.0,0.8598790322580645,0.08971774193548387,2.625,5,alto,2
2015,8,150101,LIMA,LIMA,LIMA,MINSA,III-1,00006207,NACIONAL ARZOBISPO LOAYZA,241500,HOSPITALIZACIÓN QUIRÚRGICA GINECOLOGÍA,192,191,1491,1485,53,1643,0,31,7.806282722513089,0.0,31.0,0.9038344491783323,0.11685940353012782,3.6037735849056602,1,alto,2
2015,8,150101,LIMA,LIMA,LIMA,MINSA,III-1,00006207,NACIONAL ARZOBISPO LOAYZA,241600,HOSPITALIZACIÓN QUIRÚRGICA OBSTETRICIA,425,429,1552,1564,79,2449,0,31,3.617715617715618,0.0,31.0,0.6386280114332381,0.1735402204981625,5.430379746835443,-4,alto,2
2015,8,150101,LIMA,LIMA,LIMA,MINSA,III-1,00006207,NACIONAL ARZOBISPO LOAYZA,241700,HOSPITALIZACIÓN QUIRÚRGICA GINECOLOGÍA GINECOLOGIA ONCOLOGICA,32,35,255,213,8,248,0,31,7.285714285714286,0.0,31.0,0.8588709677419355,0.12903225806451613,4.375,-3,alto,2
2015,8,150101,LIMA,LIMA,LIMA,MINSA,III-1,00006207,NACIONAL ARZOBISPO LOAYZA,241800,HOSPITALIZACIÓN DE MEDICINA MEDICINA GENERAL,33,35,212,170,6,186,0,31,6.057142857142857,0.0,31.0,0.9139784946236559,0.1774193548387097,5.833333333333333,-2,alto,2
2015,8,150101,LIMA,LIMA,LIMA,MINSA,III-1,00006207,NACIONAL ARZOBISPO LOAYZA,241900,HOSPITALIZACIÓN DE MEDICINA MEDICINA INTERNA,606,611,7992,7239,244,7564,49,31,13.080196399345336,0.08019639934533551,31.0,0.9570333157059757,0.08011634056054998,2.5040983606557377,-5,alto,2
2015,8,150101,LIMA,LIMA,LIMA,MINSA,III-1,00006207,NACIONAL ARZOBISPO LOAYZA,242300,HOSPITALIZACIÓN DE PEDIATRÍA PEDIATRÍA GENERAL,85,77,363,360,38,1178,0,31,4.714285714285714,0.0,31.0,0.30560271646859083,0.07215619694397284,2.026315789473684,8,bajo,0
2015,8,150101,LIMA,LIMA,LIMA,MINSA,III-1,00006207,NACIONAL ARZOBISPO LOAYZA,243200,HOSPITALIZACIÓN DE PEDIATRÍA PEDIATRIA NEONATOLOGÍA,316,346,1455,2341,76,2356,3,31,4.205202312138728,0.008670520231213872,31.0,0.9936332767402377,0.13412563667232597,4.552631578947368,-30,alto,2
2015,8,150101,LIMA,LIMA,LIMA,MINSA,III-1,00006207,NACIONAL ARZOBISPO LOAYZA,250100,UNIDAD DE CUIDADOS CRITICOS UNIDAD DE CUIDADOS INTENSIVOS GENERALES (UCI),13,19,237,180,6,186,0,31,12.473684210526315,0.0,31.0,0.967741935483871,0.06989247311827956,3.1666666666666665,-6,alto,2
2015,8,150101,LIMA,LIMA,LIMA,MINSA,III-1,00006207,NACIONAL ARZOBISPO LOAYZA,250200,UNIDAD DE CUIDADOS CRITICOS UNIDAD DE CUIDADOS INTERMEDIOS GENERAL (UCIN),24,22,366,387,16,496,11,31,16.636363636363637,0.5,31.0,0.780241935483871,0.04838709677419355,1.375,2,medio,1
2015,8,150101,LIMA,LIMA,LIMA,MINSA,III-1,00006215,HOSPITAL NACIONAL DOCENTE MADRE NIÑO SAN BARTOLOME,240100,HOSPITALIZACIÓN QUIRÚRGICA CIRUGÍA GENERAL,76,76,509,720,35,1083,0,31,6.697368421052632,0.0,30.942857142857143,0.663594470046083,0.07017543859649122,2.1714285714285713,0,bajo,0
2015,8,150101,LIMA,LIMA,LIMA,MINSA,III-1,00006215,HOSPITAL NACIONAL DOCENTE MADRE NIÑO SAN BARTOLOME,241400,HOSPITALIZACIÓN QUIRÚRGICA GINECO - OBSTETRICIA,53,3,4,175,6,193,0,31,1.3333333333333333,0.0,32.166666666666664,0.9408602150537635,0.27461139896373055,0.5,50,alto,2
2015,8,150101,LIMA,LIMA,LIMA,MINSA,III-1,00006215,HOSPITAL NACIONAL DOCENTE MADRE NIÑO SAN BARTOLOME,241500,HOSPITALIZACIÓN QUIRÚRGICA GINECOLOGÍA,106,152,542,478,17,530,0,31,3.5657894736842106,0.0,31.176470588235293,0.9070208728652751,0.2,8.941176470588236,-46,alto,2
2015,8,150101,LIMA,LIMA,LIMA,MINSA,III-1,00006215,HOSPITAL NACIONAL DOCENTE MADRE NIÑO SAN BARTOLOME,241600,HOSPITALIZACIÓN QUIRÚRGICA OBSTETRICIA,672,663,2467,2049,100,2292,0,31,3.7209653092006034,0.0,22.92,0.6609677419354839,0.2931937172774869,6.63,9,alto,2
2015,8,150101,LIMA,LIMA,LIMA,MINSA,III-1,00006215,HOSPITAL NACIONAL DOCENTE MADRE NIÑO SAN BARTOLOME,242100,HOSPITALIZACIÓN DE MEDICINA ONCOLOGÍA MÉDICA,24,36,127,111,4,125,0,31,3.5277777777777777,0.0,31.25,0.8951612903225806,0.192,9.0,-12,alto,2
2015,8,150101,LIMA,LIMA,LIMA,MINSA,III-1,00006215,HOSPITAL NACIONAL DOCENTE MADRE NIÑO SAN BARTOLOME,242500,HOSPITALIZACIÓN-PEDIATRÍA GENERAL-,65,67,299,866,33,1063,0,31,4.462686567164179,0.0,32.21212121212121,0.8465298142717498,0.06114769520225776,2.0303030303030303,-2,medio,1
2015,8,150101,LIMA,LIMA,LIMA,MINSA,III-1,00006215,HOSPITAL NACIONAL DOCENTE MADRE NIÑO SAN BARTOLOME,243200,HOSPITALIZACIÓN DE PEDIATRÍA PEDIATRIA NEONATOLOGÍA,126,127,993,582,22,662,2,31,7.818897637795276,0.015748031496062992,30.09090909090909,0.8533724340175953,0.1903323262839879,5.7727272727272725,-1,alto,2
2015,8,150101,LIMA,LIMA,LIMA,MINSA,III-1,00006215,HOSPITAL NACIONAL DOCENTE MADRE NIÑO SAN BARTOLOME,250105,UNIDAD DE CUIDADOS CRITICOS UNIDAD DE CUIDADOS INTENSIVOS (UCI) NEONATOLOGÍA,10,6,26,269,9,279,6,31,4.333333333333333,1.0,31.0,0.96415770609319,0.035842293906810034,0.6666666666666666,4,alto,2
2015,8,150101,LIMA,LIMA,LIMA,MINSA,III-1,00006215,HOSPITAL NACIONAL DOCENTE MADRE NIÑO SAN BARTOLOME,250108,UNIDAD DE CUIDADOS CRITICOS UNIDAD DE CUIDADOS INTENSIVOS (UCI) PEDIÁTRICA,4,1,18,159,6,207,1,31,18.0,1.0,34.5,0.8548387096774194,0.01932367149758454,0.16666666666666666,3,alto,2
2015,8,150101,LIMA,LIMA,LIMA,MINSA,III-2,00006208,INSTITUTO NACIONAL MATERNO PERINATAL,241400,HOSPITALIZACIÓN QUIRÚRGICA GINECO - OBSTETRICIA,2433,2053,7633,6122,235,7510,0,31,3.7179736970287385,0.0,31.95744680851064,0.840356897735072,0.3239680426098535,8.736170212765957,380,alto,2
2015,8,150101,LIMA,LIMA,LIMA,MINSA,III-2,00006208,INSTITUTO NACIONAL MATERNO PERINATAL,241500,HOSPITALIZACIÓN QUIRÚRGICA GINECOLOGÍA,166,149,477,435,20,620,0,31,3.2013422818791946,0.0,31.0,0.7016129032258065,0.267741935483871,7.45,17,alto,2
2015,8,150101,LIMA,LIMA,LIMA,MINSA,III-2,00006208,INSTITUTO NACIONAL MATERNO PERINATAL,243200,HOSPITALIZACIÓN DE PEDIATRÍA PEDIATRIA NEONATOLOGÍA,397,375,2514,2659,95,2945,5,31,6.704,0.013333333333333334,31.0,0.902886247877759,0.13480475382003396,3.9473684210526314,22,alto,2
2015,8,150101,LIMA,LIMA,LIMA,MINSA,III-2,00006208,INSTITUTO NACIONAL MATERNO PERINATAL,250102,UNIDAD DE CUIDADOS CRITICOS UNIDAD DE CUIDADOS INTENSIVOS GENERALES (UCI) GINECO-OBSTETRICIA,38,37,235,305,10,330,1,31,6.351351351351352,0.02702702702702703,33.0,0.9838709677419355,0.11515151515151516,3.7,1,alto,2
2015,8,150101,LIMA,LIMA,LIMA,MINSA,III-2,00006208,INSTITUTO NACIONAL MATERNO PERINATAL,250105,UNIDAD DE CUIDADOS CRITICOS UNIDAD DE CUIDADOS INTENSIVOS (UCI) NEONATOLOGÍA,47,52,970,890,30,930,11,31,18.653846153846153,0.21153846153846154,31.0,0.956989247311828,0.05053763440860215,1.7333333333333334,-5,alto,2
2015,8,150101,LIMA,LIMA,LIMA,MINSA,III-2,00006209,INSTITUTO NACIONAL DE CIENCIAS NEUROLOGICAS,240900,HOSPITALIZACIÓN QUIRÚRGICA NEUROCIRUGÍA,150,78,1602,1184,41,1271,4,31,20.53846153846154,0.05128205128205128,31.0,0.9315499606608969,0.11801730920535011,1.9024390243902438,72,alto,2
2015,8,150101,LIMA,LIMA,LIMA,MINSA,III-2,00006209,INSTITUTO NACIONAL DE CIENCIAS NEUROLOGICAS,243400,HOSPITALIZACIÓN DE PEDIATRÍA PEDIATRIA NEUROLOGÍA PEDIÁTRICA,14,11,139,203,20,620,0,31,12.636363636363637,0.0,31.0,0.32741935483870965,0.02258064516129032,0.55,3,bajo,0
2015,8,150101,LIMA,LIMA,LIMA,MINSA,III-2,00006209,INSTITUTO NACIONAL DE CIENCIAS NEUROLOGICAS,244800,HOSPITALIZACIÓN-HOSPITALIZACIÓN DE MEDICINA-GERIATRIA,18,9,126,291,20,620,0,31,14.0,0.0,31.0,0.4693548387096774,0.02903225806451613,0.45,9,bajo,0
2015,8,150101,LIMA,LIMA,LIMA,MINSA,III-2,00006209,INSTITUTO NACIONAL DE CIENCIAS NEUROLOGICAS,244900,HOSPITALIZACIÓN DE MEDICINA NEUROLOGIA NEURODEGENERATIVAS,29,22,624,896,44,1364,0,31,28.363636363636363,0.0,31.0,0.656891495601173,0.02126099706744868,0.5,7,bajo,0
2015,8,150101,LIMA,LIMA,LIMA,MINSA,III-2,00006209,INSTITUTO NACIONAL DE CIENCIAS NEUROLOGICAS,245000,HOSPITALIZACIÓN DE MEDICINA NEUROLOGIA NEUROVASCULARES Y METABOLICAS,15,14,286,348,13,403,0,31,20.428571428571427,0.0,31.0,0.8635235732009926,0.03722084367245657,1.0769230769230769,1,alto,2
2015,8,150101,LIMA,LIMA,LIMA,MINSA,III-2,00006209,INSTITUTO NACIONAL DE CIENCIAS NEUROLOGICAS,245100,HOSPITALIZACIÓN DE MEDICINA NEUROLOGIA ENFERMEDADES INFECCIOSAS/TRANSMISIBLES DEL SISTEMA NERVIOSO,24,21,574,791,28,868,0,31,27.333333333333332,0.0,31.0,0.9112903225806451,0.027649769585253458,0.75,3,alto,2
2015,8,150101,LIMA,LIMA,LIMA,MINSA,III-2,00006209,INSTITUTO NACIONAL DE CIENCIAS NEUROLOGICAS,245200,HOSPITALIZACIÓN DE MEDICINA NEUROLOGIA EPILEPSIA/EPILEPTOLOGIA,35,25,199,346,17,527,0,31,7.96,0.0,31.0,0.6565464895635673,0.06641366223908918,1.4705882352941178,10,bajo,0
2015,8,150101,LIMA,LIMA,LIMA,MINSA,III-2,00006209,INSTITUTO NACIONAL DE CIENCIAS NEUROLOGICAS,250106,UNIDAD DE CUIDADOS CRITICOS UNIDAD DE CUIDADOS INTENSIVOS (UCI) NEUROLÓGICA,9,3,123,118,5,155,3,31,41.0,1.0,31.0,0.7612903225806451,0.05806451612903226,0.6,6,medio,1
2015,8,150101,LIMA,LIMA,LIMA,MINSA,III-2,00006217,INO DR. FRANCISCO CONTRERAS C.,240600,HOSPITALIZACIÓN QUIRÚRGICA CIRUGÍA OFTALMOLÓGICA,45,43,78,43,11,330,0,31,1.813953488372093,0.0,30.0,0.12609970674486803,0.13636363636363635,3.909090909090909,2,alto,2
2015,8,150103,LIMA,LIMA,ATE,ESSALUD,II-1,00008353,ESSALUD - HOSPITAL II VITARTE,240100,HOSPITALIZACIÓN QUIRÚRGICA CIRUGÍA GENERAL,143,141,359,353,12,372,0,31,2.5460992907801416,0.0,31.0,0.9489247311827957,0.3844086021505376,11.75,2,alto,2
2015,8,150103,LIMA,LIMA,ATE,ESSALUD,II-1,00008353,ESSALUD - HOSPITAL II VITARTE,241200,HOSPITALIZACIÓN QUIRÚRGICA TRAUMATOLOGÍA Y ORTOPEDIA,43,35,282,323,11,341,0,31,8.057142857142857,0.0,31.0,0.9472140762463344,0.12609970674486803,3.1818181818181817,8,alto,2
2015,8,150103,LIMA,LIMA,ATE,ESSALUD,II-1,00008353,ESSALUD - HOSPITAL II VITARTE,241300,HOSPITALIZACIÓN QUIRÚRGICA UROLOGÍA,11,7,14,27,1,31,0,31,2.0,0.0,31.0,0.8709677419354839,0.3548387096774194,7.0,4,alto,2
2015,8,150103,LIMA,LIMA,ATE,ESSALUD,II-1,00008353,ESSALUD - HOSPITAL II VITARTE,241500,HOSPITALIZACIÓN QUIRÚRGICA GINECOLOGÍA,66,67,128,100,4,124,0,31,1.9104477611940298,0.0,31.0,0.8064516129032258,0.532258064516129,16.75,-1,alto,2
2015,8,150103,LIMA,LIMA,ATE,ESSALUD,II-1,00008353,ESSALUD - HOSPITAL II VITARTE,241900,HOSPITALIZACIÓN DE MEDICINA MEDICINA INTERNA,114,105,849,852,29,899,9,31,8.085714285714285,0.08571428571428572,31.0,0.9477196885428254,0.12680756395995552,3.6206896551724137,9,alto,2
2015,8,150103,LIMA,LIMA,ATE,ESSALUD,II-1,00008353,ESSALUD - HOSPITAL II VITARTE,242300,HOSPITALIZACIÓN DE PEDIATRÍA PEDIATRÍA GENERAL,75,73,206,205,8,248,0,31,2.8219178082191783,0.0,31.0,0.8266129032258065,0.3024193548387097,9.125,2,alto,2
2015,8,150103,LIMA,LIMA,ATE,ESSALUD,II-1,00008353,ESSALUD - HOSPITAL II VITARTE,250304,HOSPIT. EN UNIDAD DE CUID.INTEN.-UNIDAD DE VIGILANCIA INTENSIVA (UVI)-MEDICINA,17,18,53,48,4,124,3,31,2.9444444444444446,0.16666666666666666,31.0,0.3870967741935484,0.13709677419354838,4.5,-1,alto,2
2015,8,150105,LIMA,LIMA,BREÑA,MINSA,III-2,00006216,INSTITUTO NACIONAL DE SALUD DEL NIÑO,240200,HOSPITALIZACIÓN QUIRÚRGICA CIRUGÍA DE CABEZA Y CUELLO / MÁXILO FACIAL,22,29,269,251,9,279,0,31,9.275862068965518,0.0,31.0,0.899641577060932,0.07885304659498207,3.2222222222222223,-7,alto,2
2015,8,150105,LIMA,LIMA,BREÑA,MINSA,III-2,00006216,INSTITUTO NACIONAL DE SALUD DEL NIÑO,240400,HOSPITALIZACIÓN QUIRÚRGICA CIRUGÍA DE TÓRAX Y CARDIOVASCULAR,19,25,609,338,19,589,3,31,24.36,0.12,31.0,0.5738539898132428,0.03225806451612903,1.3157894736842106,-6,bajo,0
2015,8,150105,LIMA,LIMA,BREÑA,MINSA,III-2,00006216,INSTITUTO NACIONAL DE SALUD DEL NIÑO,240700,HOSPITALIZACIÓN QUIRÚRGICA CIRUGÍA PEDIÁTRICA,18,78,747,666,22,682,0,31,9.576923076923077,0.0,31.0,0.9765395894428153,0.026392961876832845,3.5454545454545454,-60,alto,2
2015,8,150105,LIMA,LIMA,BREÑA,MINSA,III-2,00006216,INSTITUTO NACIONAL DE SALUD DEL NIÑO,240801,HOSPITALIZACIÓN QUIRÚRGICA CIRUGÍA PLÁSTICA/RECONSTRUCTIVA/ REPARADORA QUEMADOS,24,31,278,463,18,558,0,31,8.96774193548387,0.0,31.0,0.8297491039426523,0.043010752688172046,1.7222222222222223,-7,medio,1
2015,8,150105,LIMA,LIMA,BREÑA,MINSA,III-2,00006216,INSTITUTO NACIONAL DE SALUD DEL NIÑO,240900,HOSPITALIZACIÓN QUIRÚRGICA NEUROCIRUGÍA,13,33,784,672,22,682,0,31,23.757575757575758,0.0,31.0,0.9853372434017595,0.01906158357771261,1.5,-20,alto,2
2015,8,150105,LIMA,LIMA,BREÑA,MINSA,III-2,00006216,INSTITUTO NACIONAL DE SALUD DEL NIÑO,241200,HOSPITALIZACIÓN QUIRÚRGICA TRAUMATOLOGÍA Y ORTOPEDIA,13,48,2209,984,36,1116,0,31,46.020833333333336,0.0,31.0,0.8817204301075269,0.011648745519713262,1.3333333333333333,-35,alto,2
2015,8,150105,LIMA,LIMA,BREÑA,MINSA,III-2,00006216,INSTITUTO NACIONAL DE SALUD DEL NIÑO,241300,HOSPITALIZACIÓN QUIRÚRGICA UROLOGÍA,25,28,322,239,8,248,0,31,11.5,0.0,31.0,0.9637096774193549,0.10080645161290322,3.5,-3,alto,2
2015,8,150105,LIMA,LIMA,BREÑA,MINSA,III-2,00006216,INSTITUTO NACIONAL DE SALUD DEL NIÑO,242000,HOSPITALIZACIÓN DE MEDICINA MEDICINA TROPICAL E INFECCIOSAS,6,37,640,618,28,868,0,31,17.2972972972973,0.0,31.0,0.7119815668202765,0.0069124423963133645,1.3214285714285714,-31,medio,1
2015,8,150105,LIMA,LIMA,BREÑA,MINSA,III-2,00006216,INSTITUTO NACIONAL DE SALUD DEL NIÑO,242300,HOSPITALIZACIÓN DE PEDIATRÍA PEDIATRÍA GENERAL,0,188,2679,2378,81,2511,3,31,14.25,0.015957446808510637,31.0,0.9470330545599362,0.0,2.3209876543209877,-188,alto,2
2015,8,150105,LIMA,LIMA,BREÑA,MINSA,III-2,00006216,INSTITUTO NACIONAL DE SALUD DEL NIÑO,242600,HOSPITALIZACIÓN DE PEDIATRÍA PEDIATRIA CARDIOLOGÍA PEDIÁTRICA,17,24,621,453,24,744,1,31,25.875,0.041666666666666664,31.0,0.6088709677419355,0.0228494623655914,1.0,-7,bajo,0
2015,8,150105,LIMA,LIMA,BREÑA,MINSA,III-2,00006216,INSTITUTO NACIONAL DE SALUD DEL NIÑO,242700,HOSPITALIZACIÓN DE PEDIATRÍA PEDIATRIA DERMATOLOGÍA PEDIÁTRICA,1,24,275,290,10,310,0,31,11.458333333333334,0.0,31.0,0.9354838709677419,0.0032258064516129032,2.4,-23,alto,2
2015,8,150105,LIMA,LIMA,BREÑA,MINSA,III-2,00006216,INSTITUTO NACIONAL DE SALUD DEL NIÑO,242900,HOSPITALIZACIÓN DE PEDIATRÍA PEDIATRIA GASTROENTEROLOGÍA PEDIÁTRICA,5,11,166,305,10,310,1,31,15.090909090909092,0.09090909090909091,31.0,0.9838709677419355,0.016129032258064516,1.1,-6,alto,2
2015,8,150105,LIMA,LIMA,BREÑA,MINSA,III-2,00006216,INSTITUTO NACIONAL DE SALUD DEL NIÑO,243000,HOSPITALIZACIÓN DE PEDIATRÍA PEDIATRIA GINECOLOGÍA PEDIÁTRICA,8,8,27,55,2,62,0,31,3.375,0.0,31.0,0.8870967741935484,0.12903225806451613,4.0,0,alto,2
2015,8,150105,LIMA,LIMA,BREÑA,MINSA,III-2,00006216,INSTITUTO NACIONAL DE SALUD DEL NIÑO,243100,HOSPITALIZACIÓN DE PEDIATRÍA PEDIATRIA NEFROLOGÍA PEDIÁTRICA,3,9,161,179,6,186,0,31,17.88888888888889,0.0,31.0,0.9623655913978495,0.016129032258064516,1.5,-6,alto,2
2015,8,150105,LIMA,LIMA,BREÑA,MINSA,III-2,00006216,INSTITUTO NACIONAL DE SALUD DEL NIÑO,243200,HOSPITALIZACIÓN DE PEDIATRÍA PEDIATRIA NEONATOLOGÍA,0,7,148,301,10,310,1,31,21.142857142857142,0.14285714285714285,31.0,0.9709677419354839,0.0,0.7,-7,alto,2
2015,8,150105,LIMA,LIMA,BREÑA,MINSA,III-2,00006216,INSTITUTO NACIONAL DE SALUD DEL NIÑO,243300,HOSPITALIZACIÓN DE PEDIATRÍA PEDIATRIA NEUMOLOGÍA PEDIÁTRICA,5,15,423,675,23,713,0,31,28.2,0.0,31.0,0.9467040673211781,0.0070126227208976155,0.6521739130434783,-10,alto,2
2015,8,150105,LIMA,LIMA,BREÑA,MINSA,III-2,00006216,INSTITUTO NACIONAL DE SALUD DEL NIÑO,243400,HOSPITALIZACIÓN DE PEDIATRÍA PEDIATRIA NEUROLOGÍA PEDIÁTRICA,1,12,451,458,15,465,0,31,37.583333333333336,0.0,31.0,0.9849462365591398,0.002150537634408602,0.8,-11,alto,2
2015,8,150105,LIMA,LIMA,BREÑA,MINSA,III-2,00006216,INSTITUTO NACIONAL DE SALUD DEL NIÑO,243700,HOSPITALIZACIÓN DE PEDIATRÍA PEDIATRIA OTORRINOLARINGOLOGÍA PEDIÁTRICA,30,27,178,187,13,403,0,31,6.592592592592593,0.0,31.0,0.4640198511166253,0.07444168734491315,2.076923076923077,3,medio,1
2015,8,150105,LIMA,LIMA,BREÑA,MINSA,III-2,00006216,INSTITUTO NACIONAL DE SALUD DEL NIÑO,244500,HOSPITALIZACIÓN DE MEDICINA HEMATOLOGÍA,2,5,83,121,4,124,1,31,16.6,0.2,31.0,0.9758064516129032,0.016129032258064516,1.25,-3,alto,2
2015,8,150105,LIMA,LIMA,BREÑA,MINSA,III-2,00006216,INSTITUTO NACIONAL DE SALUD DEL NIÑO,250108,UNIDAD DE CUIDADOS CRITICOS UNIDAD DE CUIDADOS INTENSIVOS (UCI) PEDIÁTRICA,1,11,1344,483,16,496,10,31,122.18181818181819,0.9090909090909091,31.0,0.9737903225806451,0.0020161290322580645,0.6875,-10,alto,2
2015,8,150108,LIMA,LIMA,CHORRILLOS,MINSA,III-2,00007734,"INSTITUTO NACIONAL DE REHABILITACION ""DRA. ADRIANA REBAZA FLORES"" AMISTAD PERU - JAPON",240000,HOSPITALIZACIÓN,10,2,306,860,32,992,0,31,153.0,0.0,31.0,0.8669354838709677,0.010080645161290322,0.0625,8,alto,2
2015,8,150110,LIMA,LIMA,COMAS,MINSA,III-1,00007634,NACIONAL SERGIO E. BERNALES,240100,HOSPITALIZACIÓN QUIRÚRGICA CIRUGÍA GENERAL,167,222,1536,1879,75,2325,3,31,6.918918918918919,0.013513513513513514,31.0,0.8081720430107527,0.07182795698924731,2.96,-55,medio,1
2015,8,150110,LIMA,LIMA,COMAS,MINSA,III-1,00007634,NACIONAL SERGIO E. BERNALES,241200,HOSPITALIZACIÓN QUIRÚRGICA TRAUMATOLOGÍA Y ORTOPEDIA,9,24,446,558,24,744,0,31,18.583333333333332,0.0,31.0,0.75,0.012096774193548387,1.0,-15,medio,1
2015,8,150110,LIMA,LIMA,COMAS,MINSA,III-1,00007634,NACIONAL SERGIO E. BERNALES,241500,HOSPITALIZACIÓN QUIRÚRGICA GINECOLOGÍA,46,50,214,430,15,465,0,31,4.28,0.0,31.0,0.9247311827956989,0.0989247311827957,3.3333333333333335,-4,alto,2
2015,8,150110,LIMA,LIMA,COMAS,MINSA,III-1,00007634,NACIONAL SERGIO E. BERNALES,241600,HOSPITALIZACIÓN QUIRÚRGICA OBSTETRICIA,664,707,1794,2020,80,2480,0,31,2.5374823196605374,0.0,31.0,0.8145161290322581,0.267741935483871,8.8375,-43,alto,2
2015,8,150110,LIMA,LIMA,COMAS,MINSA,III-1,00007634,NACIONAL SERGIO E. BERNALES,241900,HOSPITALIZACIÓN DE MEDICINA MEDICINA INTERNA,73,105,1514,1180,43,1333,15,31,14.41904761904762,0.14285714285714285,31.0,0.8852213053263316,0.05476369092273068,2.441860465116279,-32,alto,2
2015,8,150110,LIMA,LIMA,COMAS,MINSA,III-1,00007634,NACIONAL SERGIO E. BERNALES,242300,HOSPITALIZACIÓN DE PEDIATRÍA PEDIATRÍA GENERAL,83,102,416,625,40,1240,0,31,4.078431372549019,0.0,31.0,0.5040322580645161,0.06693548387096775,2.55,-19,bajo,0
2015,8,150110,LIMA,LIMA,COMAS,MINSA,III-1,00007634,NACIONAL SERGIO E. BERNALES,243200,HOSPITALIZACIÓN DE PEDIATRÍA PEDIATRIA NEONATOLOGÍA,87,201,1020,540,34,1054,3,31,5.074626865671642,0.014925373134328358,31.0,0.5123339658444023,0.0825426944971537,5.911764705882353,-114,medio,1
2015,8,150110,LIMA,LIMA,COMAS,MINSA,III-1,00007634,NACIONAL SERGIO E. BERNALES,245300,HOSPITALIZACIÓN DE MEDICINA NEUMOLOGÍA,9,23,308,675,34,1054,1,31,13.391304347826088,0.043478260869565216,31.0,0.6404174573055028,0.008538899430740038,0.6764705882352942,-14,bajo,0
2015,8,150110,LIMA,LIMA,COMAS,MINSA,III-1,00007634,NACIONAL SERGIO E. BERNALES,250100,UNIDAD DE CUIDADOS CRITICOS UNIDAD DE CUIDADOS INTENSIVOS GENERALES (UCI),2,6,69,77,4,124,2,31,11.5,0.3333333333333333,31.0,0.6209677419354839,0.016129032258064516,1.5,-4,bajo,0
2015,8,150110,LIMA,LIMA,COMAS,MINSA,III-1,00007634,NACIONAL SERGIO E. BERNALES,250200,UNIDAD DE CUIDADOS CRITICOS UNIDAD DE CUIDADOS INTERMEDIOS GENERAL (UCIN),5,3,60,40,2,62,0,31,20.0,0.0,31.0,0.6451612903225806,0.08064516129032258,1.5,2,medio,1
2015,8,150111,LIMA,LIMA,EL AGUSTINO,MINSA,III-1,00005946,HOSPITAL NACIONAL HIPOLITO UNANUE,240100,HOSPITALIZACIÓN QUIRÚRGICA CIRUGÍA GENERAL,246,286,4205,3458,117,3627,4,31,14.702797202797203,0.013986013986013986,31.0,0.953405017921147,0.06782464846980976,2.4444444444444446,-40,alto,2
2015,8,150111,LIMA,LIMA,EL AGUSTINO,MINSA,III-1,00005946,HOSPITAL NACIONAL HIPOLITO UNANUE,240200,HOSPITALIZACIÓN QUIRÚRGICA CIRUGÍA DE CABEZA Y CUELLO / MÁXILO FACIAL,31,28,256,378,12,372,0,31,9.142857142857142,0.0,31.0,1.0161290322580645,0.08333333333333333,2.3333333333333335,3,alto,2
2015,8,150111,LIMA,LIMA,EL AGUSTINO,MINSA,III-1,00005946,HOSPITAL NACIONAL HIPOLITO UNANUE,240600,HOSPITALIZACIÓN QUIRÚRGICA CIRUGÍA OFTALMOLÓGICA,1,1,8,39,6,186,0,31,8.0,0.0,31.0,0.20967741935483872,0.005376344086021506,0.16666666666666666,0,bajo,0
2015,8,150111,LIMA,LIMA,EL AGUSTINO,MINSA,III-1,00005946,HOSPITAL NACIONAL HIPOLITO UNANUE,240700,HOSPITALIZACIÓN QUIRÚRGICA CIRUGÍA PEDIÁTRICA,40,37,182,244,7,217,0,31,4.918918918918919,0.0,31.0,1.1244239631336406,0.18433179723502305,5.285714285714286,3,alto,2
2015,8,150111,LIMA,LIMA,EL AGUSTINO,MINSA,III-1,00005946,HOSPITAL NACIONAL HIPOLITO UNANUE,240800,HOSPITALIZACIÓN QUIRÚRGICA CIRUGÍA PLÁSTICA/RECONSTRUCTIVA/ REPARADORA,10,9,139,305,10,310,0,31,15.444444444444445,0.0,31.0,0.9838709677419355,0.03225806451612903,0.9,1,alto,2
2015,8,150111,LIMA,LIMA,EL AGUSTINO,MINSA,III-1,00005946,HOSPITAL NACIONAL HIPOLITO UNANUE,240900,HOSPITALIZACIÓN QUIRÚRGICA NEUROCIRUGÍA,14,26,384,674,22,682,2,31,14.76923076923077,0.07692307692307693,31.0,0.9882697947214076,0.020527859237536656,1.1818181818181819,-12,alto,2
2015,8,150111,LIMA,LIMA,EL AGUSTINO,MINSA,III-1,00005946,HOSPITAL NACIONAL HIPOLITO UNANUE,241100,HOSPITALIZACIÓN QUIRÚRGICA OTORRINOLARINGOLOGÍA,7,8,31,57,6,186,0,31,3.875,0.0,31.0,0.3064516129032258,0.03763440860215054,1.3333333333333333,-1,bajo,0
2015,8,150111,LIMA,LIMA,EL AGUSTINO,MINSA,III-1,00005946,HOSPITAL NACIONAL HIPOLITO UNANUE,241200,HOSPITALIZACIÓN QUIRÚRGICA TRAUMATOLOGÍA Y ORTOPEDIA,38,52,1458,1601,50,1550,0,31,28.03846153846154,0.0,31.0,1.0329032258064517,0.024516129032258065,1.04,-14,alto,2
2015,8,150111,LIMA,LIMA,EL AGUSTINO,MINSA,III-1,00005946,HOSPITAL NACIONAL HIPOLITO UNANUE,241300,HOSPITALIZACIÓN QUIRÚRGICA UROLOGÍA,17,16,241,302,12,372,0,31,15.0625,0.0,31.0,0.8118279569892473,0.0456989247311828,1.3333333333333333,1,medio,1
2015,8,150111,LIMA,LIMA,EL AGUSTINO,MINSA,III-1,00005946,HOSPITAL NACIONAL HIPOLITO UNANUE,241400,HOSPITALIZACIÓN QUIRÚRGICA GINECO - OBSTETRICIA,29,30,82,135,6,186,0,31,2.7333333333333334,0.0,31.0,0.7258064516129032,0.15591397849462366,5.0,-1,alto,2
2015,8,150111,LIMA,LIMA,EL AGUSTINO,MINSA,III-1,00005946,HOSPITAL NACIONAL HIPOLITO UNANUE,241500,HOSPITALIZACIÓN QUIRÚRGICA GINECOLOGÍA,105,111,590,997,35,1085,0,31,5.315315315315315,0.0,31.0,0.9188940092165898,0.0967741935483871,3.1714285714285713,-6,alto,2
2015,8,150111,LIMA,LIMA,EL AGUSTINO,MINSA,III-1,00005946,HOSPITAL NACIONAL HIPOLITO UNANUE,241600,HOSPITALIZACIÓN QUIRÚRGICA OBSTETRICIA,671,701,1877,789,67,2077,0,31,2.6776034236804565,0.0,31.0,0.37987481945113144,0.3230621088107848,10.462686567164178,-30,alto,2
2015,8,150111,LIMA,LIMA,EL AGUSTINO,MINSA,III-1,00005946,HOSPITAL NACIONAL HIPOLITO UNANUE,241800,HOSPITALIZACIÓN DE MEDICINA MEDICINA GENERAL,35,36,397,734,18,558,2,31,11.027777777777779,0.05555555555555555,31.0,1.3154121863799284,0.06272401433691756,2.0,-1,alto,2
2015,8,150111,LIMA,LIMA,EL AGUSTINO,MINSA,III-1,00005946,HOSPITAL NACIONAL HIPOLITO UNANUE,241900,HOSPITALIZACIÓN DE MEDICINA MEDICINA INTERNA,343,336,4311,4615,170,5270,56,31,12.830357142857142,0.16666666666666666,31.0,0.8757115749525617,0.0650853889943074,1.9764705882352942,7,alto,2
2015,8,150111,LIMA,LIMA,EL AGUSTINO,MINSA,III-1,00005946,HOSPITAL NACIONAL HIPOLITO UNANUE,242200,HOSPITALIZACIÓN DE MEDICINA PSIQUIATRÍA,18,21,82,107,3,93,0,31,3.9047619047619047,0.0,31.0,1.1505376344086022,0.1935483870967742,7.0,-3,alto,2
2015,8,150111,LIMA,LIMA,EL AGUSTINO,MINSA,III-1,00005946,HOSPITAL NACIONAL HIPOLITO UNANUE,242300,HOSPITALIZACIÓN DE PEDIATRÍA PEDIATRÍA GENERAL,104,87,427,816,40,1240,1,31,4.908045977011494,0.011494252873563218,31.0,0.6580645161290323,0.08387096774193549,2.175,17,medio,1
2015,8,150111,LIMA,LIMA,EL AGUSTINO,MINSA,III-1,00005946,HOSPITAL NACIONAL HIPOLITO UNANUE,243200,HOSPITALIZACIÓN DE PEDIATRÍA PEDIATRIA NEONATOLOGÍA,108,108,1037,1207,47,1457,8,31,9.601851851851851,0.07407407407407407,31.0,0.8284145504461222,0.07412491420727522,2.297872340425532,0,medio,1
2015,8,150111,LIMA,LIMA,EL AGUSTINO,MINSA,III-1,00005946,HOSPITAL NACIONAL HIPOLITO UNANUE,250200,UNIDAD DE CUIDADOS CRITICOS UNIDAD DE CUIDADOS INTERMEDIOS GENERAL (UCIN),21,5,97,201,7,217,5,31,19.4,1.0,31.0,0.9262672811059908,0.0967741935483871,0.7142857142857143,16,alto,2
2015,8,150113,LIMA,LIMA,JESUS MARIA,ESSALUD,III-2,00008720,HOSPITAL NACIONAL EDGARDO REBAGLIATI MARTINS,240100,HOSPITALIZACIÓN QUIRÚRGICA CIRUGÍA GENERAL,475,384,6041,5380,182,5642,8,31,15.731770833333334,0.020833333333333332,31.0,0.9535625664657923,0.08419000354484225,2.10989010989011,91,alto,2
2015,8,150113,LIMA,LIMA,JESUS MARIA,ESSALUD,III-2,00008720,HOSPITAL NACIONAL EDGARDO REBAGLIATI MARTINS,240200,HOSPITALIZACIÓN QUIRÚRGICA CIRUGÍA DE CABEZA Y CUELLO / MÁXILO FACIAL,57,47,569,323,11,341,1,31,12.106382978723405,0.02127659574468085,31.0,0.9472140762463344,0.16715542521994134,4.2727272727272725,10,alto,2
2015,8,150113,LIMA,LIMA,JESUS MARIA,ESSALUD,III-2,00008720,HOSPITAL NACIONAL EDGARDO REBAGLIATI MARTINS,240600,HOSPITALIZACIÓN QUIRÚRGICA CIRUGÍA OFTALMOLÓGICA,66,43,163,236,8,248,1,31,3.7906976744186047,0.023255813953488372,31.0,0.9516129032258065,0.2661290322580645,5.375,23,alto,2
2015,8,150113,LIMA,LIMA,JESUS MARIA,ESSALUD,III-2,00008720,HOSPITAL NACIONAL EDGARDO REBAGLIATI MARTINS,240700,HOSPITALIZACIÓN QUIRÚRGICA CIRUGÍA PEDIÁTRICA,120,110,679,764,30,930,0,31,6.172727272727273,0.0,31.0,0.821505376344086,0.12903225806451613,3.6666666666666665,10,alto,2
2015,8,150113,LIMA,LIMA,JESUS MARIA,ESSALUD,III-2,00008720,HOSPITAL NACIONAL EDGARDO REBAGLIATI MARTINS,240900,HOSPITALIZACIÓN QUIRÚRGICA NEUROCIRUGÍA,270,78,1795,2124,70,2170,8,31,23.012820512820515,0.10256410256410256,31.0,0.9788018433179724,0.12442396313364056,1.1142857142857143,192,alto,2
2015,8,150113,LIMA,LIMA,JESUS MARIA,ESSALUD,III-2,00008720,HOSPITAL NACIONAL EDGARDO REBAGLIATI MARTINS,241100,HOSPITALIZACIÓN QUIRÚRGICA OTORRINOLARINGOLOGÍA,80,60,292,356,12,372,0,31,4.866666666666666,0.0,31.0,0.956989247311828,0.21505376344086022,5.0,20,alto,2
2015,8,150113,LIMA,LIMA,JESUS MARIA,ESSALUD,III-2,00008720,HOSPITAL NACIONAL EDGARDO REBAGLIATI MARTINS,241200,HOSPITALIZACIÓN QUIRÚRGICA TRAUMATOLOGÍA Y ORTOPEDIA,264,248,3473,3193,111,3441,4,31,14.004032258064516,0.016129032258064516,31.0,0.9279279279279279,0.07672188317349608,2.234234234234234,16,alto,2
2015,8,150113,LIMA,LIMA,JESUS MARIA,ESSALUD,III-2,00008720,HOSPITAL NACIONAL EDGARDO REBAGLIATI MARTINS,241300,HOSPITALIZACIÓN QUIRÚRGICA UROLOGÍA,113,85,1550,1338,48,1488,0,31,18.235294117647058,0.0,31.0,0.8991935483870968,0.07594086021505377,1.7708333333333333,28,alto,2
2015,8,150113,LIMA,LIMA,JESUS MARIA,ESSALUD,III-2,00008720,HOSPITAL NACIONAL EDGARDO REBAGLIATI MARTINS,241500,HOSPITALIZACIÓN QUIRÚRGICA GINECOLOGÍA,935,905,4942,4685,159,4929,0,31,5.460773480662984,0.0,31.0,0.9504970582268208,0.18969364982755121,5.6918238993710695,30,alto,2
2015,8,150113,LIMA,LIMA,JESUS MARIA,ESSALUD,III-2,00008720,HOSPITAL NACIONAL EDGARDO REBAGLIATI MARTINS,241800,HOSPITALIZACIÓN DE MEDICINA MEDICINA GENERAL,458,237,2884,3204,111,3441,8,31,12.168776371308017,0.03375527426160337,31.0,0.9311246730601569,0.13310084277826215,2.135135135135135,221,alto,2
2015,8,150113,LIMA,LIMA,JESUS MARIA,ESSALUD,III-2,00008720,HOSPITAL NACIONAL EDGARDO REBAGLIATI MARTINS,241900,HOSPITALIZACIÓN DE MEDICINA MEDICINA INTERNA,1145,820,13843,13124,447,13857,103,31,16.88170731707317,0.12560975609756098,31.0,0.9471025474489427,0.0826297178321426,1.8344519015659955,325,alto,2
2015,8,150113,LIMA,LIMA,JESUS MARIA,ESSALUD,III-2,00008720,HOSPITAL NACIONAL EDGARDO REBAGLIATI MARTINS,242100,HOSPITALIZACIÓN DE MEDICINA ONCOLOGÍA MÉDICA,216,193,1834,1444,50,1550,1,31,9.50259067357513,0.0051813471502590676,31.0,0.9316129032258065,0.1393548387096774,3.86,23,alto,2
2015,8,150113,LIMA,LIMA,JESUS MARIA,ESSALUD,III-2,00008720,HOSPITAL NACIONAL EDGARDO REBAGLIATI MARTINS,242200,HOSPITALIZACIÓN DE MEDICINA PSIQUIATRÍA,119,115,1604,1678,62,1922,0,31,13.947826086956521,0.0,31.0,0.8730489073881373,0.06191467221644121,1.8548387096774193,4,alto,2
2015,8,150113,LIMA,LIMA,JESUS MARIA,ESSALUD,III-2,00008720,HOSPITAL NACIONAL EDGARDO REBAGLIATI MARTINS,242300,HOSPITALIZACIÓN DE PEDIATRÍA PEDIATRÍA GENERAL,309,191,2946,3154,114,3534,6,31,15.424083769633508,0.031413612565445025,31.0,0.8924731182795699,0.08743633276740238,1.6754385964912282,118,alto,2
2015,8,150113,LIMA,LIMA,JESUS MARIA,ESSALUD,III-2,00008720,HOSPITAL NACIONAL EDGARDO REBAGLIATI MARTINS,242800,HOSPITALIZACIÓN DE PEDIATRÍA PEDIATRIA ENDOCRINOLOGÍA PEDIÁTRICA,78,75,804,685,24,744,0,31,10.72,0.0,31.0,0.9206989247311828,0.10483870967741936,3.125,3,alto,2
2015,8,150113,LIMA,LIMA,JESUS MARIA,ESSALUD,III-2,00008720,HOSPITAL NACIONAL EDGARDO REBAGLIATI MARTINS,250100,UNIDAD DE CUIDADOS CRITICOS UNIDAD DE CUIDADOS INTENSIVOS GENERALES (UCI),100,30,2063,1984,68,2108,26,31,68.76666666666667,0.8666666666666667,31.0,0.9411764705882353,0.04743833017077799,0.4411764705882353,70,alto,2
2015,8,150113,LIMA,LIMA,JESUS MARIA,ESSALUD,III-E,00018011,INCOR,241800,HOSPITALIZACIÓN DE MEDICINA MEDICINA GENERAL,232,223,1810,1791,72,2152,10,31,8.116591928251122,0.04484304932735426,29.88888888888889,0.8024193548387096,0.10780669144981413,3.0972222222222223,9,medio,1
2015,8,150113,LIMA,LIMA,JESUS MARIA,ESSALUD,III-E,00018011,INCOR,242600,HOSPITALIZACIÓN DE PEDIATRÍA PEDIATRIA CARDIOLOGÍA PEDIÁTRICA,63,64,735,643,23,713,3,31,11.484375,0.046875,31.0,0.9018232819074333,0.08835904628330996,2.782608695652174,-1,alto,2
2015,8,150113,LIMA,LIMA,JESUS MARIA,SANIDAD DE LA POLICIA NACIONAL DEL PERU,III-1,00013591,HOSPITAL NACIONAL POLICIA NACIONAL DEL PERU GRAL PNP LUIS N. SAENZ.,240100,HOSPITALIZACIÓN QUIRÚRGICA CIRUGÍA GENERAL,174,164,1385,1238,57,1767,4,31,8.445121951219512,0.024390243902439025,31.0,0.7006225240520656,0.09847198641765705,2.8771929824561404,10,medio,1
2015,8,150113,LIMA,LIMA,JESUS MARIA,SANIDAD DE LA POLICIA NACIONAL DEL PERU,III-1,00013591,HOSPITAL NACIONAL POLICIA NACIONAL DEL PERU GRAL PNP LUIS N. SAENZ.,240600,HOSPITALIZACIÓN QUIRÚRGICA CIRUGÍA OFTALMOLÓGICA,7,5,50,152,6,186,0,31,10.0,0.0,31.0,0.8172043010752689,0.03763440860215054,0.8333333333333334,2,medio,1
2015,8,150113,LIMA,LIMA,JESUS MARIA,SANIDAD DE LA POLICIA NACIONAL DEL PERU,III-1,00013591,HOSPITAL NACIONAL POLICIA NACIONAL DEL PERU GRAL PNP LUIS N. SAENZ.,240700,HOSPITALIZACIÓN QUIRÚRGICA CIRUGÍA PEDIÁTRICA,30,28,140,132,12,372,0,31,5.0,0.0,31.0,0.3548387096774194,0.08064516129032258,2.3333333333333335,2,medio,1
2015,8,150113,LIMA,LIMA,JESUS MARIA,SANIDAD DE LA POLICIA NACIONAL DEL PERU,III-1,00013591,HOSPITAL NACIONAL POLICIA NACIONAL DEL PERU GRAL PNP LUIS N. SAENZ.,240800,HOSPITALIZACIÓN QUIRÚRGICA CIRUGÍA PLÁSTICA/RECONSTRUCTIVA/ REPARADORA,24,20,177,174,8,248,0,31,8.85,0.0,31.0,0.7016129032258065,0.0967741935483871,2.5,4,medio,1
2015,8,150113,LIMA,LIMA,JESUS MARIA,SANIDAD DE LA POLICIA NACIONAL DEL PERU,III-1,00013591,HOSPITAL NACIONAL POLICIA NACIONAL DEL PERU GRAL PNP LUIS N. SAENZ.,240900,HOSPITALIZACIÓN QUIRÚRGICA NEUROCIRUGÍA,15,20,547,464,15,465,0,31,27.35,0.0,31.0,0.9978494623655914,0.03225806451612903,1.3333333333333333,-5,alto,2
2015,8,150113,LIMA,LIMA,JESUS MARIA,SANIDAD DE LA POLICIA NACIONAL DEL PERU,III-1,00013591,HOSPITAL NACIONAL POLICIA NACIONAL DEL PERU GRAL PNP LUIS N. SAENZ.,241100,HOSPITALIZACIÓN QUIRÚRGICA OTORRINOLARINGOLOGÍA,23,22,288,217,11,341,0,31,13.090909090909092,0.0,31.0,0.6363636363636364,0.06744868035190615,2.0,1,bajo,0
2015,8,150113,LIMA,LIMA,JESUS MARIA,SANIDAD DE LA POLICIA NACIONAL DEL PERU,III-1,00013591,HOSPITAL NACIONAL POLICIA NACIONAL DEL PERU GRAL PNP LUIS N. SAENZ.,241200,HOSPITALIZACIÓN QUIRÚRGICA TRAUMATOLOGÍA Y ORTOPEDIA,42,51,1281,1049,36,1116,0,31,25.11764705882353,0.0,31.0,0.9399641577060932,0.03763440860215054,1.4166666666666667,-9,alto,2
2015,8,150113,LIMA,LIMA,JESUS MARIA,SANIDAD DE LA POLICIA NACIONAL DEL PERU,III-1,00013591,HOSPITAL NACIONAL POLICIA NACIONAL DEL PERU GRAL PNP LUIS N. SAENZ.,241300,HOSPITALIZACIÓN QUIRÚRGICA UROLOGÍA,41,34,494,696,24,744,0,31,14.529411764705882,0.0,31.0,0.9354838709677419,0.05510752688172043,1.4166666666666667,7,alto,2
2015,8,150113,LIMA,LIMA,JESUS MARIA,SANIDAD DE LA POLICIA NACIONAL DEL PERU,III-1,00013591,HOSPITAL NACIONAL POLICIA NACIONAL DEL PERU GRAL PNP LUIS N. SAENZ.,241500,HOSPITALIZACIÓN QUIRÚRGICA GINECOLOGÍA,51,56,380,307,16,496,0,31,6.785714285714286,0.0,31.0,0.6189516129032258,0.1028225806451613,3.5,-5,medio,1
2015,8,150113,LIMA,LIMA,JESUS MARIA,SANIDAD DE LA POLICIA NACIONAL DEL PERU,III-1,00013591,HOSPITAL NACIONAL POLICIA NACIONAL DEL PERU GRAL PNP LUIS N. SAENZ.,241600,HOSPITALIZACIÓN QUIRÚRGICA OBSTETRICIA,170,175,538,572,35,1085,0,31,3.0742857142857143,0.0,31.0,0.5271889400921659,0.15668202764976957,5.0,-5,alto,2
2015,8,150113,LIMA,LIMA,JESUS MARIA,SANIDAD DE LA POLICIA NACIONAL DEL PERU,III-1,00013591,HOSPITAL NACIONAL POLICIA NACIONAL DEL PERU GRAL PNP LUIS N. SAENZ.,241800,HOSPITALIZACIÓN DE MEDICINA MEDICINA GENERAL,33,23,182,289,12,372,0,31,7.913043478260869,0.0,31.0,0.7768817204301075,0.08870967741935484,1.9166666666666667,10,medio,1
2015,8,150113,LIMA,LIMA,JESUS MARIA,SANIDAD DE LA POLICIA NACIONAL DEL PERU,III-1,00013591,HOSPITAL NACIONAL POLICIA NACIONAL DEL PERU GRAL PNP LUIS N. SAENZ.,241900,HOSPITALIZACIÓN DE MEDICINA MEDICINA INTERNA,272,263,3888,4265,187,5797,11,31,14.783269961977187,0.04182509505703422,31.0,0.7357253751940659,0.0469208211143695,1.4064171122994653,9,medio,1
2015,8,150113,LIMA,LIMA,JESUS MARIA,SANIDAD DE LA POLICIA NACIONAL DEL PERU,III-1,00013591,HOSPITAL NACIONAL POLICIA NACIONAL DEL PERU GRAL PNP LUIS N. SAENZ.,242200,HOSPITALIZACIÓN DE MEDICINA PSIQUIATRÍA,20,10,113,211,16,496,0,31,11.3,0.0,31.0,0.4254032258064516,0.04032258064516129,0.625,10,bajo,0
2015,8,150113,LIMA,LIMA,JESUS MARIA,SANIDAD DE LA POLICIA NACIONAL DEL PERU,III-1,00013591,HOSPITAL NACIONAL POLICIA NACIONAL DEL PERU GRAL PNP LUIS N. SAENZ.,242300,HOSPITALIZACIÓN DE PEDIATRÍA PEDIATRÍA GENERAL,50,46,233,340,29,899,0,31,5.065217391304348,0.0,31.0,0.3781979977753059,0.05561735261401557,1.5862068965517242,4,bajo,0
2015,8,150113,LIMA,LIMA,JESUS MARIA,SANIDAD DE LA POLICIA NACIONAL DEL PERU,III-1,00013591,HOSPITAL NACIONAL POLICIA NACIONAL DEL PERU GRAL PNP LUIS N. SAENZ.,243200,HOSPITALIZACIÓN DE PEDIATRÍA PEDIATRIA NEONATOLOGÍA,8,10,128,63,8,248,0,31,12.8,0.0,31.0,0.2540322580645161,0.03225806451612903,1.25,-2,bajo,0
2015,8,150113,LIMA,LIMA,JESUS MARIA,SANIDAD DE LA POLICIA NACIONAL DEL PERU,III-1,00013591,HOSPITAL NACIONAL POLICIA NACIONAL DEL PERU GRAL PNP LUIS N. SAENZ.,250100,UNIDAD DE CUIDADOS CRITICOS UNIDAD DE CUIDADOS INTENSIVOS GENERALES (UCI),6,7,424,412,17,527,3,31,60.57142857142857,0.42857142857142855,31.0,0.7817836812144212,0.011385199240986717,0.4117647058823529,-1,medio,1
2015,8,150113,LIMA,LIMA,JESUS MARIA,SANIDAD DEL EJERCITO DEL PERU,III-1,00017024,HOSPITAL MILITAR LUIS ARIAS SCHEREIBER,240100,HOSPITALIZACIÓN QUIRÚRGICA CIRUGÍA GENERAL,113,119,1479,2266,169,2635,1,31,12.428571428571429,0.008403361344537815,15.591715976331361,0.4325252910860851,0.0428842504743833,0.7041420118343196,-6,bajo,0
2015,8,150113,LIMA,LIMA,JESUS MARIA,SANIDAD DEL EJERCITO DEL PERU,III-1,00017024,HOSPITAL MILITAR LUIS ARIAS SCHEREIBER,240800,HOSPITALIZACIÓN QUIRÚRGICA CIRUGÍA PLÁSTICA/RECONSTRUCTIVA/ REPARADORA,9,12,235,339,18,183,0,31,19.583333333333332,0.0,10.166666666666666,0.6075268817204301,0.04918032786885246,0.6666666666666666,-3,bajo,0
2015,8,150113,LIMA,LIMA,JESUS MARIA,SANIDAD DEL EJERCITO DEL PERU,III-1,00017024,HOSPITAL MILITAR LUIS ARIAS SCHEREIBER,240900,HOSPITALIZACIÓN QUIRÚRGICA NEUROCIRUGÍA,6,7,308,372,27,411,0,31,44.0,0.0,15.222222222222221,0.4444444444444444,0.014598540145985401,0.25925925925925924,-1,bajo,0
2015,8,150113,LIMA,LIMA,JESUS MARIA,SANIDAD DEL EJERCITO DEL PERU,III-1,00017024,HOSPITAL MILITAR LUIS ARIAS SCHEREIBER,241200,HOSPITALIZACIÓN QUIRÚRGICA TRAUMATOLOGÍA Y ORTOPEDIA,50,32,284,712,37,361,5,31,8.875,0.15625,9.756756756756756,0.6207497820401047,0.13850415512465375,0.8648648648648649,18,alto,2
2015,8,150113,LIMA,LIMA,JESUS MARIA,SANIDAD DEL EJERCITO DEL PERU,III-1,00017024,HOSPITAL MILITAR LUIS ARIAS SCHEREIBER,241400,HOSPITALIZACIÓN QUIRÚRGICA GINECO - OBSTETRICIA,57,53,137,153,16,311,0,31,2.5849056603773586,0.0,19.4375,0.3084677419354839,0.1832797427652733,3.3125,4,alto,2
2015,8,150113,LIMA,LIMA,JESUS MARIA,SANIDAD DEL EJERCITO DEL PERU,III-1,00017024,HOSPITAL MILITAR LUIS ARIAS SCHEREIBER,241800,HOSPITALIZACIÓN DE MEDICINA MEDICINA GENERAL,39,46,533,420,32,657,2,31,11.58695652173913,0.043478260869565216,20.53125,0.42338709677419356,0.0593607305936073,1.4375,-7,bajo,0
2015,8,150113,LIMA,LIMA,JESUS MARIA,SANIDAD DEL EJERCITO DEL PERU,III-1,00017024,HOSPITAL MILITAR LUIS ARIAS SCHEREIBER,241900,HOSPITALIZACIÓN DE MEDICINA MEDICINA INTERNA,134,140,3010,2926,206,3048,8,31,21.5,0.05714285714285714,14.79611650485437,0.4581897901659881,0.043963254593175856,0.6796116504854369,-6,bajo,0
2015,8,150113,LIMA,LIMA,JESUS MARIA,SANIDAD DEL EJERCITO DEL PERU,III-1,00017024,HOSPITAL MILITAR LUIS ARIAS SCHEREIBER,242200,HOSPITALIZACIÓN DE MEDICINA PSIQUIATRÍA,17,14,331,461,31,438,0,31,23.642857142857142,0.0,14.129032258064516,0.4797086368366285,0.03881278538812785,0.45161290322580644,3,bajo,0
2015,8,150113,LIMA,LIMA,JESUS MARIA,SANIDAD DEL EJERCITO DEL PERU,III-1,00017024,HOSPITAL MILITAR LUIS ARIAS SCHEREIBER,242300,HOSPITALIZACIÓN DE PEDIATRÍA PEDIATRÍA GENERAL,23,22,104,178,20,402,0,31,4.7272727272727275,0.0,20.1,0.2870967741935484,0.05721393034825871,1.1,1,bajo,0
2015,8,150113,LIMA,LIMA,JESUS MARIA,SANIDAD DEL EJERCITO DEL PERU,III-1,00017024,HOSPITAL MILITAR LUIS ARIAS SCHEREIBER,243200,HOSPITALIZACIÓN DE PEDIATRÍA PEDIATRIA NEONATOLOGÍA,16,16,39,98,20,482,0,31,2.4375,0.0,24.1,0.15806451612903225,0.03319502074688797,0.8,0,bajo,0
2015,8,150113,LIMA,LIMA,JESUS MARIA,SANIDAD DEL EJERCITO DEL PERU,III-1,00017024,HOSPITAL MILITAR LUIS ARIAS SCHEREIBER,250100,UNIDAD DE CUIDADOS CRITICOS UNIDAD DE CUIDADOS INTENSIVOS GENERALES (UCI),14,13,236,286,15,696,4,31,18.153846153846153,0.3076923076923077,46.4,0.6150537634408603,0.020114942528735632,0.8666666666666667,1,bajo,0
2015,8,150115,LIMA,LIMA,LA VICTORIA,ESSALUD,III-2,00009251,HOSPITAL NACIONAL GUILLERMO ALMENARA IRIGOYEN,240200,HOSPITALIZACIÓN QUIRÚRGICA CIRUGÍA DE CABEZA Y CUELLO / MÁXILO FACIAL,78,72,413,615,21,651,0,31,5.736111111111111,0.0,31.0,0.9447004608294931,0.11981566820276497,3.4285714285714284,6,alto,2
2015,8,150115,LIMA,LIMA,LA VICTORIA,ESSALUD,III-2,00009251,HOSPITAL NACIONAL GUILLERMO ALMENARA IRIGOYEN,240300,HOSPITALIZACIÓN QUIRÚRGICA CIRUGÍA DIGESTIVA,223,195,1902,2263,93,2883,4,31,9.753846153846155,0.020512820512820513,31.0,0.7849462365591398,0.07734998265695456,2.096774193548387,28,medio,1
2015,8,150115,LIMA,LIMA,LA VICTORIA,ESSALUD,III-2,00009251,HOSPITAL NACIONAL GUILLERMO ALMENARA IRIGOYEN,240400,HOSPITALIZACIÓN QUIRÚRGICA CIRUGÍA DE TÓRAX Y CARDIOVASCULAR,46,37,306,468,18,558,0,31,8.27027027027027,0.0,31.0,0.8387096774193549,0.08243727598566308,2.0555555555555554,9,medio,1
2015,8,150115,LIMA,LIMA,LA VICTORIA,ESSALUD,III-2,00009251,HOSPITAL NACIONAL GUILLERMO ALMENARA IRIGOYEN,240500,HOSPITALIZACIÓN QUIRÚRGICA CIRUGÍA DE TRANSPLANTES,45,43,289,359,15,465,0,31,6.72093023255814,0.0,31.0,0.7720430107526882,0.0967741935483871,2.8666666666666667,2,medio,1
2015,8,150115,LIMA,LIMA,LA VICTORIA,ESSALUD,III-2,00009251,HOSPITAL NACIONAL GUILLERMO ALMENARA IRIGOYEN,240600,HOSPITALIZACIÓN QUIRÚRGICA CIRUGÍA OFTALMOLÓGICA,21,26,264,277,11,341,0,31,10.153846153846153,0.0,31.0,0.8123167155425219,0.06158357771260997,2.3636363636363638,-5,medio,1
2015,8,150115,LIMA,LIMA,LA VICTORIA,ESSALUD,III-2,00009251,HOSPITAL NACIONAL GUILLERMO ALMENARA IRIGOYEN,240700,HOSPITALIZACIÓN QUIRÚRGICA CIRUGÍA PEDIÁTRICA,94,88,299,355,13,403,0,31,3.397727272727273,0.0,31.0,0.8808933002481389,0.23325062034739455,6.769230769230769,6,alto,2
2015,8,150115,LIMA,LIMA,LA VICTORIA,ESSALUD,III-2,00009251,HOSPITAL NACIONAL GUILLERMO ALMENARA IRIGOYEN,240801,HOSPITALIZACIÓN QUIRÚRGICA CIRUGÍA PLÁSTICA/RECONSTRUCTIVA/ REPARADORA QUEMADOS,34,33,266,276,9,279,0,31,8.06060606060606,0.0,31.0,0.989247311827957,0.12186379928315412,3.6666666666666665,1,alto,2
2015,8,150115,LIMA,LIMA,LA VICTORIA,ESSALUD,III-2,00009251,HOSPITAL NACIONAL GUILLERMO ALMENARA IRIGOYEN,240900,HOSPITALIZACIÓN QUIRÚRGICA NEUROCIRUGÍA,74,74,388,576,26,806,0,31,5.243243243243243,0.0,31.0,0.7146401985111662,0.09181141439205956,2.8461538461538463,0,medio,1
2015,8,150115,LIMA,LIMA,LA VICTORIA,ESSALUD,III-2,00009251,HOSPITAL NACIONAL GUILLERMO ALMENARA IRIGOYEN,241100,HOSPITALIZACIÓN QUIRÚRGICA OTORRINOLARINGOLOGÍA,73,69,347,415,16,496,0,31,5.028985507246377,0.0,31.0,0.8366935483870968,0.14717741935483872,4.3125,4,alto,2
2015,8,150115,LIMA,LIMA,LA VICTORIA,ESSALUD,III-2,00009251,HOSPITAL NACIONAL GUILLERMO ALMENARA IRIGOYEN,241200,HOSPITALIZACIÓN QUIRÚRGICA TRAUMATOLOGÍA Y ORTOPEDIA,151,154,2109,2111,73,2263,2,31,13.694805194805195,0.012987012987012988,31.0,0.932832523199293,0.06672558550596554,2.1095890410958904,-3,alto,2
2015,8,150115,LIMA,LIMA,LA VICTORIA,ESSALUD,III-2,00009251,HOSPITAL NACIONAL GUILLERMO ALMENARA IRIGOYEN,241300,HOSPITALIZACIÓN QUIRÚRGICA UROLOGÍA,132,139,1401,1228,43,1333,1,31,10.079136690647482,0.007194244604316547,31.0,0.9212303075768942,0.09902475618904726,3.2325581395348837,-7,alto,2
2015,8,150115,LIMA,LIMA,LA VICTORIA,ESSALUD,III-2,00009251,HOSPITAL NACIONAL GUILLERMO ALMENARA IRIGOYEN,241500,HOSPITALIZACIÓN QUIRÚRGICA GINECOLOGÍA,104,109,610,594,23,713,0,31,5.5963302752293576,0.0,31.0,0.8330995792426368,0.1458625525946704,4.739130434782608,-5,alto,2
2015,8,150115,LIMA,LIMA,LA VICTORIA,ESSALUD,III-2,00009251,HOSPITAL NACIONAL GUILLERMO ALMENARA IRIGOYEN,241600,HOSPITALIZACIÓN QUIRÚRGICA OBSTETRICIA,390,399,1451,1523,52,1612,0,31,3.636591478696742,0.0,31.0,0.9447890818858561,0.24193548387096775,7.673076923076923,-9,alto,2
2015,8,150115,LIMA,LIMA,LA VICTORIA,ESSALUD,III-2,00009251,HOSPITAL NACIONAL GUILLERMO ALMENARA IRIGOYEN,241900,HOSPITALIZACIÓN DE MEDICINA MEDICINA INTERNA,238,237,2877,3762,150,4650,36,31,12.139240506329115,0.1518987341772152,31.0,0.8090322580645162,0.051182795698924734,1.58,1,medio,1
2015,8,150115,LIMA,LIMA,LA VICTORIA,ESSALUD,III-2,00009251,HOSPITAL NACIONAL GUILLERMO ALMENARA IRIGOYEN,242100,HOSPITALIZACIÓN DE MEDICINA ONCOLOGÍA MÉDICA,95,94,730,627,22,682,6,31,7.76595744680851,0.06382978723404255,31.0,0.9193548387096774,0.13929618768328444,4.2727272727272725,1,alto,2
2015,8,150115,LIMA,LIMA,LA VICTORIA,ESSALUD,III-2,00009251,HOSPITAL NACIONAL GUILLERMO ALMENARA IRIGOYEN,242200,HOSPITALIZACIÓN DE MEDICINA PSIQUIATRÍA,40,36,496,484,17,527,0,31,13.777777777777779,0.0,31.0,0.9184060721062619,0.07590132827324478,2.1176470588235294,4,alto,2
2015,8,150115,LIMA,LIMA,LA VICTORIA,ESSALUD,III-2,00009251,HOSPITAL NACIONAL GUILLERMO ALMENARA IRIGOYEN,242203,HOSPITALIZACIÓN DE MEDICINA PSIQUIATRÍA PSIQUIATRÍA DEL NIÑO Y DEL ADOLESCENTE,8,6,92,105,4,124,0,31,15.333333333333334,0.0,31.0,0.8467741935483871,0.06451612903225806,1.5,2,medio,1
2015,8,150115,LIMA,LIMA,LA VICTORIA,ESSALUD,III-2,00009251,HOSPITAL NACIONAL GUILLERMO ALMENARA IRIGOYEN,242205,HOSPITALIZACIÓN MEDICINA PSIQUIATRÍA PISIQUIATRIA/ SALUD MENTAL Y ADICCIONES,4,5,58,77,4,124,0,31,11.6,0.0,31.0,0.6209677419354839,0.03225806451612903,1.25,-1,bajo,0
2015,8,150115,LIMA,LIMA,LA VICTORIA,ESSALUD,III-2,00009251,HOSPITAL NACIONAL GUILLERMO ALMENARA IRIGOYEN,242300,HOSPITALIZACIÓN DE PEDIATRÍA PEDIATRÍA GENERAL,43,48,458,420,23,713,0,31,9.541666666666666,0.0,31.0,0.5890603085553997,0.06030855539971949,2.0869565217391304,-5,bajo,0
2015,8,150115,LIMA,LIMA,LA VICTORIA,ESSALUD,III-2,00009251,HOSPITAL NACIONAL GUILLERMO ALMENARA IRIGOYEN,243200,HOSPITALIZACIÓN DE PEDIATRÍA PEDIATRIA NEONATOLOGÍA,82,84,338,384,14,434,1,31,4.023809523809524,0.011904761904761904,31.0,0.8847926267281107,0.1889400921658986,6.0,-2,alto,2
2015,8,150115,LIMA,LIMA,LA VICTORIA,ESSALUD,III-2,00009251,HOSPITAL NACIONAL GUILLERMO ALMENARA IRIGOYEN,244000,HOSPITALIZACIÓN DE MEDICINA CARDIOLOGIA,11,13,101,165,8,248,0,31,7.769230769230769,0.0,31.0,0.6653225806451613,0.04435483870967742,1.625,-2,bajo,0
2015,8,150115,LIMA,LIMA,LA VICTORIA,ESSALUD,III-2,00009251,HOSPITAL NACIONAL GUILLERMO ALMENARA IRIGOYEN,244100,HOSPITALIZACIÓN DE MEDICINA DERMATOLOGÍA,28,24,326,241,11,341,0,31,13.583333333333334,0.0,31.0,0.7067448680351907,0.08211143695014662,2.1818181818181817,4,medio,1
2015,8,150115,LIMA,LIMA,LA VICTORIA,ESSALUD,III-2,00009251,HOSPITAL NACIONAL GUILLERMO ALMENARA IRIGOYEN,244200,HOSPITALIZACIÓN DE MEDICINA ENDOCRINOLOGIA,25,26,275,341,12,372,0,31,10.576923076923077,0.0,31.0,0.9166666666666666,0.06720430107526881,2.1666666666666665,-1,alto,2
2015,8,150115,LIMA,LIMA,LA VICTORIA,ESSALUD,III-2,00009251,HOSPITAL NACIONAL GUILLERMO ALMENARA IRIGOYEN,244300,HOSPITALIZACIÓN DE MEDICINA GASTROENTEROLOGÍA,73,64,729,987,32,992,4,31,11.390625,0.0625,31.0,0.9949596774193549,0.07358870967741936,2.0,9,alto,2
2015,8,150115,LIMA,LIMA,LA VICTORIA,ESSALUD,III-2,00009251,HOSPITAL NACIONAL GUILLERMO ALMENARA IRIGOYEN,244400,HOSPITALIZACIÓN DE MEDICINA GERIATRIA,39,28,430,490,17,527,8,31,15.357142857142858,0.2857142857142857,31.0,0.9297912713472486,0.07400379506641366,1.6470588235294117,11,alto,2
2015,8,150115,LIMA,LIMA,LA VICTORIA,ESSALUD,III-2,00009251,HOSPITAL NACIONAL GUILLERMO ALMENARA IRIGOYEN,244500,HOSPITALIZACIÓN DE MEDICINA HEMATOLOGÍA,28,31,574,548,19,589,1,31,18.516129032258064,0.03225806451612903,31.0,0.9303904923599321,0.04753820033955857,1.631578947368421,-3,alto,2
2015,8,150115,LIMA,LIMA,LA VICTORIA,ESSALUD,III-2,00009251,HOSPITAL NACIONAL GUILLERMO ALMENARA IRIGOYEN,244600,HOSPITALIZACIÓN DE MEDICINA NEFROLOGIA,75,79,668,780,30,930,3,31,8.455696202531646,0.0379746835443038,31.0,0.8387096774193549,0.08064516129032258,2.6333333333333333,-4,medio,1
2015,8,150115,LIMA,LIMA,LA VICTORIA,ESSALUD,III-2,00009251,HOSPITAL NACIONAL GUILLERMO ALMENARA IRIGOYEN,244700,HOSPITALIZACIÓN DE MEDICINA NEUROLOGIA,46,49,444,576,21,651,1,31,9.061224489795919,0.02040816326530612,31.0,0.8847926267281107,0.0706605222734255,2.3333333333333335,-3,alto,2
2015,8,150115,LIMA,LIMA,LA VICTORIA,ESSALUD,III-2,00009251,HOSPITAL NACIONAL GUILLERMO ALMENARA IRIGOYEN,245300,HOSPITALIZACIÓN DE MEDICINA NEUMOLOGÍA,54,46,393,586,28,868,2,31,8.543478260869565,0.043478260869565216,31.0,0.6751152073732719,0.06221198156682028,1.6428571428571428,8,bajo,0
2015,8,150115,LIMA,LIMA,LA VICTORIA,ESSALUD,III-2,00009251,HOSPITAL NACIONAL GUILLERMO ALMENARA IRIGOYEN,245500,HOSPITALIZACIÓN DE MEDICINA REUMATOLOGÍA,27,26,230,338,12,372,0,31,8.846153846153847,0.0,31.0,0.9086021505376344,0.07258064516129033,2.1666666666666665,1,alto,2
2015,8,150115,LIMA,LIMA,LA VICTORIA,ESSALUD,III-2,00009251,HOSPITAL NACIONAL GUILLERMO ALMENARA IRIGOYEN,250000,UNIDAD DE CUIDADOS CRITICOS,11,13,222,379,14,434,12,31,17.076923076923077,0.9230769230769231,31.0,0.8732718894009217,0.02534562211981567,0.9285714285714286,-2,alto,2
2015,8,150115,LIMA,LIMA,LA VICTORIA,ESSALUD,III-2,00009251,HOSPITAL NACIONAL GUILLERMO ALMENARA IRIGOYEN,250101,UNIDAD DE CUIDADOS CRITICOS UNIDAD DE CUIDADOS INTENSIVOS GENERALES (UCI) CARDIOLOGIA,49,51,222,449,18,558,3,31,4.352941176470588,0.058823529411764705,31.0,0.8046594982078853,0.08781362007168458,2.8333333333333335,-2,medio,1
2015,8,150115,LIMA,LIMA,LA VICTORIA,ESSALUD,III-2,00009251,HOSPITAL NACIONAL GUILLERMO ALMENARA IRIGOYEN,250105,UNIDAD DE CUIDADOS CRITICOS UNIDAD DE CUIDADOS INTENSIVOS (UCI) NEONATOLOGÍA,9,9,165,379,20,620,6,31,18.333333333333332,0.6666666666666666,31.0,0.6112903225806452,0.014516129032258065,0.45,0,bajo,0
2015,8,150115,LIMA,LIMA,LA VICTORIA,ESSALUD,III-2,00009251,HOSPITAL NACIONAL GUILLERMO ALMENARA IRIGOYEN,250107,UNIDAD DE CUIDADOS CRITICOS UNIDAD DE CUIDADOS INTENSIVOS (UCI) NEUROQUIRÚRGICA,23,21,101,500,20,620,3,31,4.809523809523809,0.14285714285714285,31.0,0.8064516129032258,0.037096774193548385,1.05,2,medio,1
2015,8,150115,LIMA,LIMA,LA VICTORIA,ESSALUD,III-2,00009251,HOSPITAL NACIONAL GUILLERMO ALMENARA IRIGOYEN,250108,UNIDAD DE CUIDADOS CRITICOS UNIDAD DE CUIDADOS INTENSIVOS (UCI) PEDIÁTRICA,6,6,68,85,5,155,5,31,11.333333333333334,0.8333333333333334,31.0,0.5483870967741935,0.03870967741935484,1.2,0,bajo,0
2015,8,150115,LIMA,LIMA,LA VICTORIA,ESSALUD,III-2,00009251,HOSPITAL NACIONAL GUILLERMO ALMENARA IRIGOYEN,250111,UNIDAD DE CUIDADOS CRITICOS UNIDAD DE CUIDADOS INTENSIVOS (UCI) CARDIOVASCULAR,30,28,157,291,16,496,2,31,5.607142857142857,0.07142857142857142,31.0,0.5866935483870968,0.06048387096774194,1.75,2,bajo,0
2015,8,150115,LIMA,LIMA,LA VICTORIA,ESSALUD,III-2,00009251,HOSPITAL NACIONAL GUILLERMO ALMENARA IRIGOYEN,250200,UNIDAD DE CUIDADOS CRITICOS UNIDAD DE CUIDADOS INTERMEDIOS GENERAL (UCIN),5,6,126,208,7,217,6,31,21.0,1.0,31.0,0.9585253456221198,0.02304147465437788,0.8571428571428571,-1,alto,2
2015,8,150115,LIMA,LIMA,LA VICTORIA,ESSALUD,III-2,00009251,HOSPITAL NACIONAL GUILLERMO ALMENARA IRIGOYEN,250201,UNIDAD DE CUIDADOS CRITICOS UNIDAD DE CUIDADOS INTERMEDIOS (UCIN) NEONATAL,16,19,245,174,6,186,0,31,12.894736842105264,0.0,31.0,0.9354838709677419,0.08602150537634409,3.1666666666666665,-3,alto,2
2015,8,150115,LIMA,LIMA,LA VICTORIA,ESSALUD,III-2,00009251,HOSPITAL NACIONAL GUILLERMO ALMENARA IRIGOYEN,250202,UNIDAD DE CUIDADOS CRITICOS UNIDAD DE CUIDADOS INTERMEDIOS (UCIN) PEDIÁTRICOS,20,20,113,368,12,372,0,31,5.65,0.0,31.0,0.989247311827957,0.053763440860215055,1.6666666666666667,0,alto,2
2015,8,150115,LIMA,LIMA,LA VICTORIA,ESSALUD,III-2,00009251,HOSPITAL NACIONAL GUILLERMO ALMENARA IRIGOYEN,250400,UNIDAD DE CUIDADOS CRITICOS UNIDAD DE QUEMADOS (GRAN QUEMADO),12,9,114,285,12,372,0,31,12.666666666666666,0.0,31.0,0.7661290322580645,0.03225806451612903,0.75,3,medio,1
2015,8,150115,LIMA,LIMA,LA VICTORIA,MINSA,III-E,00006212,HOSPITAL DE EMERGENCIAS PEDIATRICAS,240700,HOSPITALIZACIÓN QUIRÚRGICA CIRUGÍA PEDIÁTRICA,47,38,240,305,12,372,0,31,6.315789473684211,0.0,31.0,0.8198924731182796,0.12634408602150538,3.1666666666666665,9,alto,2
2015,8,150115,LIMA,LIMA,LA VICTORIA,MINSA,III-E,00006212,HOSPITAL DE EMERGENCIAS PEDIATRICAS,240900,HOSPITALIZACIÓN QUIRÚRGICA NEUROCIRUGÍA,15,10,235,145,6,186,1,31,23.5,0.1,31.0,0.7795698924731183,0.08064516129032258,1.6666666666666667,5,medio,1
2015,8,150115,LIMA,LIMA,LA VICTORIA,MINSA,III-E,00006212,HOSPITAL DE EMERGENCIAS PEDIATRICAS,241200,HOSPITALIZACIÓN QUIRÚRGICA TRAUMATOLOGÍA Y ORTOPEDIA,30,25,169,153,6,186,0,31,6.76,0.0,31.0,0.8225806451612904,0.16129032258064516,4.166666666666667,5,alto,2
2015,8,150115,LIMA,LIMA,LA VICTORIA,MINSA,III-E,00006212,HOSPITAL DE EMERGENCIAS PEDIATRICAS,241900,HOSPITALIZACIÓN DE MEDICINA MEDICINA INTERNA,16,6,175,176,8,248,6,31,29.166666666666668,1.0,31.0,0.7096774193548387,0.06451612903225806,0.75,10,medio,1
2015,8,150115,LIMA,LIMA,LA VICTORIA,MINSA,III-E,00006212,HOSPITAL DE EMERGENCIAS PEDIATRICAS,242300,HOSPITALIZACIÓN DE PEDIATRÍA PEDIATRÍA GENERAL,74,63,273,426,16,496,0,31,4.333333333333333,0.0,31.0,0.8588709677419355,0.14919354838709678,3.9375,11,alto,2
2015,8,150115,LIMA,LIMA,LA VICTORIA,MINSA,III-E,00006212,HOSPITAL DE EMERGENCIAS PEDIATRICAS,243200,HOSPITALIZACIÓN DE PEDIATRÍA PEDIATRIA NEONATOLOGÍA,3,1,76,116,4,124,0,31,76.0,0.0,31.0,0.9354838709677419,0.024193548387096774,0.25,2,alto,2
2015,8,150120,LIMA,LIMA,MAGDALENA DEL MAR,MINSA,III-1,00006214,HOSPITAL VICTOR LARCO HERRERA,242200,HOSPITALIZACIÓN DE MEDICINA PSIQUIATRÍA,47,44,13975,14319,590,18290,1,31,317.6136363636364,0.022727272727272728,31.0,0.7828868234007654,0.002569710224166211,0.07457627118644068,3,medio,1
2015,8,150121,LIMA,LIMA,PUEBLO LIBRE,MINSA,III-1,00006211,HOSPITAL DE APOYO SANTA ROSA,240100,HOSPITALIZACIÓN QUIRÚRGICA CIRUGÍA GENERAL,147,139,764,704,27,837,0,31,5.496402877697841,0.0,31.0,0.8410991636798089,0.17562724014336917,5.148148148148148,8,alto,2
2015,8,150121,LIMA,LIMA,PUEBLO LIBRE,MINSA,III-1,00006211,HOSPITAL DE APOYO SANTA ROSA,240700,HOSPITALIZACIÓN QUIRÚRGICA CIRUGÍA PEDIÁTRICA,42,41,222,183,15,465,0,31,5.414634146341464,0.0,31.0,0.3935483870967742,0.09032258064516129,2.7333333333333334,1,medio,1
2015,8,150121,LIMA,LIMA,PUEBLO LIBRE,MINSA,III-1,00006211,HOSPITAL DE APOYO SANTA ROSA,241500,HOSPITALIZACIÓN QUIRÚRGICA GINECOLOGÍA,84,73,669,269,12,372,0,31,9.164383561643836,0.0,31.0,0.7231182795698925,0.22580645161290322,6.083333333333333,11,alto,2
2015,8,150121,LIMA,LIMA,PUEBLO LIBRE,MINSA,III-1,00006211,HOSPITAL DE APOYO SANTA ROSA,241600,HOSPITALIZACIÓN QUIRÚRGICA OBSTETRICIA,229,231,2071,895,56,1736,0,31,8.965367965367966,0.0,31.0,0.5155529953917051,0.13191244239631336,4.125,-2,alto,2
2015,8,150121,LIMA,LIMA,PUEBLO LIBRE,MINSA,III-1,00006211,HOSPITAL DE APOYO SANTA ROSA,241900,HOSPITALIZACIÓN DE MEDICINA MEDICINA INTERNA,108,97,1030,775,36,1116,13,31,10.618556701030927,0.13402061855670103,31.0,0.6944444444444444,0.0967741935483871,2.6944444444444446,11,medio,1
2015,8,150121,LIMA,LIMA,PUEBLO LIBRE,MINSA,III-1,00006211,HOSPITAL DE APOYO SANTA ROSA,242100,HOSPITALIZACIÓN DE MEDICINA ONCOLOGÍA MÉDICA,77,79,485,440,18,558,3,31,6.139240506329114,0.0379746835443038,31.0,0.7885304659498208,0.13799283154121864,4.388888888888889,-2,alto,2
2015,8,150121,LIMA,LIMA,PUEBLO LIBRE,MINSA,III-1,00006211,HOSPITAL DE APOYO SANTA ROSA,242300,HOSPITALIZACIÓN DE PEDIATRÍA PEDIATRÍA GENERAL,43,36,237,205,17,527,0,31,6.583333333333333,0.0,31.0,0.3889943074003795,0.08159392789373814,2.1176470588235294,7,medio,1
2015,8,150121,LIMA,LIMA,PUEBLO LIBRE,MINSA,III-1,00006211,HOSPITAL DE APOYO SANTA ROSA,243200,HOSPITALIZACIÓN DE PEDIATRÍA PEDIATRIA NEONATOLOGÍA,44,48,428,210,15,465,2,31,8.916666666666666,0.041666666666666664,31.0,0.45161290322580644,0.09462365591397849,3.2,-4,medio,1
2015,8,150122,LIMA,LIMA,MIRAFLORES,MINSA,III-E,00006213,HOSPITAL DE EMERGENCIAS JOSE CASIMIRO ULLOA,240100,HOSPITALIZACIÓN QUIRÚRGICA CIRUGÍA GENERAL,121,137,821,675,26,806,0,31,5.992700729927007,0.0,31.0,0.8374689826302729,0.1501240694789082,5.269230769230769,-16,alto,2
2015,8,150122,LIMA,LIMA,MIRAFLORES,MINSA,III-E,00006213,HOSPITAL DE EMERGENCIAS JOSE CASIMIRO ULLOA,240900,HOSPITALIZACIÓN QUIRÚRGICA NEUROCIRUGÍA,6,12,160,335,11,341,2,31,13.333333333333334,0.16666666666666666,31.0,0.9824046920821115,0.017595307917888565,1.0909090909090908,-6,alto,2
2015,8,150122,LIMA,LIMA,MIRAFLORES,MINSA,III-E,00006213,HOSPITAL DE EMERGENCIAS JOSE CASIMIRO ULLOA,241200,HOSPITALIZACIÓN QUIRÚRGICA TRAUMATOLOGÍA Y ORTOPEDIA,34,43,347,398,14,434,0,31,8.069767441860465,0.0,31.0,0.9170506912442397,0.07834101382488479,3.0714285714285716,-9,alto,2
2015,8,150122,LIMA,LIMA,MIRAFLORES,MINSA,III-E,00006213,HOSPITAL DE EMERGENCIAS JOSE CASIMIRO ULLOA,241900,HOSPITALIZACIÓN DE MEDICINA MEDICINA INTERNA,71,74,851,550,20,620,6,31,11.5,0.08108108108108109,31.0,0.8870967741935484,0.11451612903225807,3.7,-3,alto,2
2015,8,150122,LIMA,LIMA,MIRAFLORES,SANIDAD DE LA FUERZA AEREA DEL PERU,III-1,00010751,HOSPITAL CENTRAL DE LA FUERZA AEREA DEL PERU,241800,HOSPITALIZACIÓN DE MEDICINA MEDICINA GENERAL,411,380,3341,4055,283,7437,15,31,8.792105263157895,0.039473684210526314,26.279151943462896,0.4622136099395874,0.05526421944332392,1.342756183745583,31,bajo,0
2015,8,150130,LIMA,LIMA,SAN BORJA,MINSA,III-2,00016918,INSTITUTO NACIONAL DE SALUD NIÑO SAN BORJA,240700,HOSPITALIZACIÓN QUIRÚRGICA CIRUGÍA PEDIÁTRICA,11,14,196,219,12,372,0,31,14.0,0.0,31.0,0.5887096774193549,0.02956989247311828,1.1666666666666667,-3,bajo,0
2015,8,150130,LIMA,LIMA,SAN BORJA,MINSA,III-2,00016918,INSTITUTO NACIONAL DE SALUD NIÑO SAN BORJA,240900,HOSPITALIZACIÓN QUIRÚRGICA NEUROCIRUGÍA,3,3,24,228,8,248,0,31,8.0,0.0,31.0,0.9193548387096774,0.012096774193548387,0.375,0,alto,2
2015,8,150130,LIMA,LIMA,SAN BORJA,MINSA,III-2,00016918,INSTITUTO NACIONAL DE SALUD NIÑO SAN BORJA,241900,HOSPITALIZACIÓN DE MEDICINA MEDICINA INTERNA,11,11,243,243,14,434,0,31,22.09090909090909,0.0,31.0,0.5599078341013825,0.02534562211981567,0.7857142857142857,0,bajo,0
2015,8,150130,LIMA,LIMA,SAN BORJA,MINSA,III-2,00016918,INSTITUTO NACIONAL DE SALUD NIÑO SAN BORJA,250105,UNIDAD DE CUIDADOS CRITICOS UNIDAD DE CUIDADOS INTENSIVOS (UCI) NEONATOLOGÍA,12,9,79,167,8,248,0,31,8.777777777777779,0.0,31.0,0.6733870967741935,0.04838709677419355,1.125,3,bajo,0
2015,8,150133,LIMA,LIMA,SAN JUAN DE MIRAFLORES,MINSA,III-1,00005987,HOSPITAL MARIA AUXILIADORA,240100,HOSPITALIZACIÓN QUIRÚRGICA CIRUGÍA GENERAL,335,346,2566,2255,90,2801,5,31,7.416184971098266,0.014450867052023121,31.122222222222224,0.8082437275985663,0.11960014280614066,3.8444444444444446,-11,medio,1
2015,8,150133,LIMA,LIMA,SAN JUAN DE MIRAFLORES,MINSA,III-1,00005987,HOSPITAL MARIA AUXILIADORA,241400,HOSPITALIZACIÓN QUIRÚRGICA GINECO - OBSTETRICIA,780,806,2579,2131,91,2821,0,31,3.199751861042184,0.0,31.0,0.7554058844381425,0.2764976958525346,8.857142857142858,-26,alto,2
2015,8,150133,LIMA,LIMA,SAN JUAN DE MIRAFLORES,MINSA,III-1,00005987,HOSPITAL MARIA AUXILIADORA,241900,HOSPITALIZACIÓN DE MEDICINA MEDICINA INTERNA,161,141,1552,1799,70,2170,14,31,11.00709219858156,0.09929078014184398,31.0,0.8290322580645161,0.07419354838709677,2.0142857142857142,20,medio,1
2015,8,150133,LIMA,LIMA,SAN JUAN DE MIRAFLORES,MINSA,III-1,00005987,HOSPITAL MARIA AUXILIADORA,242100,HOSPITALIZACIÓN DE MEDICINA ONCOLOGÍA MÉDICA,45,43,378,347,14,347,2,31,8.790697674418604,0.046511627906976744,24.785714285714285,0.7995391705069125,0.12968299711815562,3.0714285714285716,2,alto,2
2015,8,150133,LIMA,LIMA,SAN JUAN DE MIRAFLORES,MINSA,III-1,00005987,HOSPITAL MARIA AUXILIADORA,242300,HOSPITALIZACIÓN DE PEDIATRÍA PEDIATRÍA GENERAL,126,124,714,769,44,1364,0,31,5.758064516129032,0.0,31.0,0.5637829912023461,0.09237536656891496,2.8181818181818183,2,medio,1
2015,8,150133,LIMA,LIMA,SAN JUAN DE MIRAFLORES,MINSA,III-1,00005987,HOSPITAL MARIA AUXILIADORA,243200,HOSPITALIZACIÓN DE PEDIATRÍA PEDIATRIA NEONATOLOGÍA,243,255,2085,2109,89,2761,7,31,8.176470588235293,0.027450980392156862,31.02247191011236,0.7644073939833272,0.08801159000362188,2.865168539325843,-12,medio,1
2015,8,150135,LIMA,LIMA,SAN MARTIN DE PORRES,MINSA,III-2,00007733,"INSTITUTO NACIONAL DE SALUD MENTAL ""HONORIO DELGADO - HIDEYO NOGUCHI""",242202,HOSPITALIZACIÓN DE MEDICINA PSIQUIATRÍA PSIQUIATRÍA DEL ADULTO Y GERONTE,38,34,2887,2098,70,2170,0,31,84.91176470588235,0.0,31.0,0.9668202764976959,0.017511520737327188,0.4857142857142857,4,alto,2
2015,8,150135,LIMA,LIMA,SAN MARTIN DE PORRES,MINSA,III-2,00007733,"INSTITUTO NACIONAL DE SALUD MENTAL ""HONORIO DELGADO - HIDEYO NOGUCHI""",242205,HOSPITALIZACIÓN MEDICINA PSIQUIATRÍA PISIQUIATRIA/ SALUD MENTAL Y ADICCIONES,10,7,448,401,19,589,0,31,64.0,0.0,31.0,0.6808149405772496,0.01697792869269949,0.3684210526315789,3,bajo,0
2015,8,150137,LIMA,LIMA,SANTA ANITA,MINSA,III-1,00005948,HOSPITAL HERMILIO VALDIZAN,242200,HOSPITALIZACIÓN DE MEDICINA PSIQUIATRÍA,90,86,11236,5302,192,5952,1,31,130.65116279069767,0.011627906976744186,31.0,0.8907930107526881,0.015120967741935484,0.4479166666666667,4,alto,2
2015,8,150137,LIMA,LIMA,SANTA ANITA,MINSA,III-1,00005948,HOSPITAL HERMILIO VALDIZAN,242204,HOSPITALIZACIÓN DE MEDICINA PSIQUIATRÍA REHABILITACIÓN PSIQUIÁTRICA / REINSERCIÓN,23,21,504,632,20,620,0,31,24.0,0.0,31.0,1.0193548387096774,0.037096774193548385,1.05,2,alto,2
2015,8,150141,LIMA,LIMA,SURQUILLO,MINSA,III-2,00006210,INSTITUTO NACIONAL DE ENFERMEDADES NEOPLASICAS,240100,HOSPITALIZACIÓN QUIRÚRGICA CIRUGÍA GENERAL,1075,507,4548,4548,200,6200,10,31,8.970414201183432,0.01972386587771203,31.0,0.7335483870967742,0.17338709677419356,2.535,568,alto,2
2015,8,150141,LIMA,LIMA,SURQUILLO,MINSA,III-2,00006210,INSTITUTO NACIONAL DE ENFERMEDADES NEOPLASICAS,240800,HOSPITALIZACIÓN QUIRÚRGICA CIRUGÍA PLÁSTICA/RECONSTRUCTIVA/ REPARADORA,20,3,27,27,3,93,0,31,9.0,0.0,31.0,0.2903225806451613,0.21505376344086022,1.0,17,alto,2
2015,8,150141,LIMA,LIMA,SURQUILLO,MINSA,III-2,00006210,INSTITUTO NACIONAL DE ENFERMEDADES NEOPLASICAS,240900,HOSPITALIZACIÓN QUIRÚRGICA NEUROCIRUGÍA,32,26,559,559,17,527,0,31,21.5,0.0,31.0,1.060721062618596,0.06072106261859583,1.5294117647058822,6,alto,2
2015,8,150141,LIMA,LIMA,SURQUILLO,MINSA,III-2,00006210,INSTITUTO NACIONAL DE ENFERMEDADES NEOPLASICAS,241200,HOSPITALIZACIÓN QUIRÚRGICA TRAUMATOLOGÍA Y ORTOPEDIA,23,17,201,201,14,434,1,31,11.823529411764707,0.058823529411764705,31.0,0.4631336405529954,0.052995391705069124,1.2142857142857142,6,bajo,0
2015,8,150141,LIMA,LIMA,SURQUILLO,MINSA,III-2,00006210,INSTITUTO NACIONAL DE ENFERMEDADES NEOPLASICAS,242100,HOSPITALIZACIÓN DE MEDICINA ONCOLOGÍA MÉDICA,207,249,4820,4820,125,3875,26,31,19.3574297188755,0.10441767068273092,31.0,1.2438709677419355,0.05341935483870968,1.992,-42,alto,2
2015,8,150141,LIMA,LIMA,SURQUILLO,MINSA,III-2,00006210,INSTITUTO NACIONAL DE ENFERMEDADES NEOPLASICAS,242300,HOSPITALIZACIÓN DE PEDIATRÍA PEDIATRÍA GENERAL,41,3,22,22,2,62,0,31,7.333333333333333,0.0,31.0,0.3548387096774194,0.6612903225806451,1.5,38,alto,2
2015,8,150142,LIMA,LIMA,VILLA EL SALVADOR,ESSALUD,II-1,00008741,ULDARICO ROCCA FERNANDEZ,240100,HOSPITALIZACIÓN QUIRÚRGICA CIRUGÍA GENERAL,93,96,160,149,9,279,0,31,1.6666666666666667,0.0,31.0,0.5340501792114696,0.3333333333333333,10.666666666666666,-3,alto,2
2015,8,150142,LIMA,LIMA,VILLA EL SALVADOR,ESSALUD,II-1,00008741,ULDARICO ROCCA FERNANDEZ,241500,HOSPITALIZACIÓN QUIRÚRGICA GINECOLOGÍA,14,17,53,47,3,93,0,31,3.1176470588235294,0.0,31.0,0.5053763440860215,0.15053763440860216,5.666666666666667,-3,alto,2
2015,8,150142,LIMA,LIMA,VILLA EL SALVADOR,ESSALUD,II-1,00008741,ULDARICO ROCCA FERNANDEZ,241600,HOSPITALIZACIÓN QUIRÚRGICA OBSTETRICIA,119,249,460,443,15,465,0,31,1.8473895582329318,0.0,31.0,0.9526881720430107,0.25591397849462366,16.6,-130,alto,2
2015,8,150142,LIMA,LIMA,VILLA EL SALVADOR,ESSALUD,II-1,00008741,ULDARICO ROCCA FERNANDEZ,241900,HOSPITALIZACIÓN DE MEDICINA MEDICINA INTERNA,41,41,237,225,8,248,3,31,5.780487804878049,0.07317073170731707,31.0,0.907258064516129,0.16532258064516128,5.125,0,alto,2
2015,8,150142,LIMA,LIMA,VILLA EL SALVADOR,ESSALUD,II-1,00008741,ULDARICO ROCCA FERNANDEZ,242300,HOSPITALIZACIÓN DE PEDIATRÍA PEDIATRÍA GENERAL,71,72,236,222,8,248,0,31,3.2777777777777777,0.0,31.0,0.8951612903225806,0.2862903225806452,9.0,-1,alto,2
2015,8,150142,LIMA,LIMA,VILLA EL SALVADOR,ESSALUD,II-1,00008741,ULDARICO ROCCA FERNANDEZ,250304,HOSPIT. EN UNIDAD DE CUID.INTEN.-UNIDAD DE VIGILANCIA INTENSIVA (UVI)-MEDICINA,16,15,46,50,2,62,4,31,3.066666666666667,0.26666666666666666,31.0,0.8064516129032258,0.25806451612903225,7.5,1,alto,2
2015,9,150101,LIMA,LIMA,LIMA,MINSA,III-1,00006206,NACIONAL DOS DE MAYO,230400,EMERGENCIA SHOCKTRAUMA / PRIORIDAD 1,34,47,47,3,90,194,0,30,1.0,0.0,2.1555555555555554,0.0011111111111111111,0.17525773195876287,0.5222222222222223,-13,alto,2
2015,9,150101,LIMA,LIMA,LIMA,MINSA,III-1,00006206,NACIONAL DOS DE MAYO,240100,HOSPITALIZACIÓN QUIRÚRGICA CIRUGÍA GENERAL,201,288,7,97,2910,2731,2904,30,0.024305555555555556,10.083333333333334,0.9384879725085911,0.0011111111111111111,0.07359941413401684,0.09896907216494845,-87,medio,1
2015,9,150101,LIMA,LIMA,LIMA,MINSA,III-1,00006206,NACIONAL DOS DE MAYO,240200,HOSPITALIZACIÓN QUIRÚRGICA CIRUGÍA DE CABEZA Y CUELLO / MÁXILO FACIAL,25,28,1,12,360,326,296,30,0.03571428571428571,10.571428571428571,0.9055555555555556,0.0011111111111111111,0.07668711656441718,0.07777777777777778,-3,medio,1
2015,9,150101,LIMA,LIMA,LIMA,MINSA,III-1,00006206,NACIONAL DOS DE MAYO,240400,HOSPITALIZACIÓN QUIRÚRGICA CIRUGÍA DE TÓRAX Y CARDIOVASCULAR,33,37,0,14,420,321,474,30,0.0,12.81081081081081,0.7642857142857142,0.0011111111111111111,0.102803738317757,0.0880952380952381,-4,medio,1
2015,9,150101,LIMA,LIMA,LIMA,MINSA,III-1,00006206,NACIONAL DOS DE MAYO,240700,HOSPITALIZACIÓN QUIRÚRGICA CIRUGÍA PEDIÁTRICA,18,20,0,6,180,146,198,30,0.0,9.9,0.8111111111111111,0.0011111111111111111,0.1232876712328767,0.1111111111111111,-2,medio,1
2015,9,150101,LIMA,LIMA,LIMA,MINSA,III-1,00006206,NACIONAL DOS DE MAYO,240800,HOSPITALIZACIÓN QUIRÚRGICA CIRUGÍA PLÁSTICA/RECONSTRUCTIVA/ REPARADORA,1,4,0,8,240,94,67,30,0.0,16.75,0.39166666666666666,0.0011111111111111111,0.010638297872340425,0.016666666666666666,-3,bajo,0
2015,9,150101,LIMA,LIMA,LIMA,MINSA,III-1,00006206,NACIONAL DOS DE MAYO,240900,HOSPITALIZACIÓN QUIRÚRGICA NEUROCIRUGÍA,31,34,0,20,600,546,530,30,0.0,15.588235294117647,0.91,0.0011111111111111111,0.056776556776556776,0.056666666666666664,-3,bajo,0
2015,9,150101,LIMA,LIMA,LIMA,MINSA,III-1,00006206,NACIONAL DOS DE MAYO,241100,HOSPITALIZACIÓN QUIRÚRGICA OTORRINOLARINGOLOGÍA,19,19,0,3,90,64,60,30,0.0,3.1578947368421053,0.7111111111111111,0.0011111111111111111,0.296875,0.2111111111111111,0,alto,2
2015,9,150101,LIMA,LIMA,LIMA,MINSA,III-1,00006206,NACIONAL DOS DE MAYO,241200,HOSPITALIZACIÓN QUIRÚRGICA TRAUMATOLOGÍA Y ORTOPEDIA,66,58,0,40,1200,1127,1135,30,0.0,19.56896551724138,0.9391666666666667,0.0011111111111111111,0.05856255545696539,0.04833333333333333,8,bajo,0
2015,9,150101,LIMA,LIMA,LIMA,MINSA,III-1,00006206,NACIONAL DOS DE MAYO,241300,HOSPITALIZACIÓN QUIRÚRGICA UROLOGÍA,66,64,2,40,1200,1156,789,30,0.03125,12.328125,0.9633333333333334,0.0011111111111111111,0.05709342560553633,0.05333333333333334,2,bajo,0
2015,9,150101,LIMA,LIMA,LIMA,MINSA,III-1,00006206,NACIONAL DOS DE MAYO,241400,HOSPITALIZACIÓN QUIRÚRGICA GINECO - OBSTETRICIA,370,374,0,52,1560,1139,1344,30,0.0,3.593582887700535,0.7301282051282051,0.0011111111111111111,0.32484635645302895,0.23974358974358975,-4,alto,2
2015,9,150101,LIMA,LIMA,LIMA,MINSA,III-1,00006206,NACIONAL DOS DE MAYO,241800,HOSPITALIZACIÓN DE MEDICINA MEDICINA GENERAL,481,459,44,252,7560,6891,7243,30,0.09586056644880174,15.77995642701525,0.9115079365079365,0.0011111111111111111,0.06980118995791612,0.060714285714285714,22,bajo,0
2015,9,150101,LIMA,LIMA,LIMA,MINSA,III-1,00006206,NACIONAL DOS DE MAYO,242000,HOSPITALIZACIÓN DE MEDICINA MEDICINA TROPICAL E INFECCIOSAS,19,17,3,20,600,574,453,30,0.17647058823529413,26.647058823529413,0.9566666666666667,0.0011111111111111111,0.033101045296167246,0.028333333333333332,2,bajo,0
2015,9,150101,LIMA,LIMA,LIMA,MINSA,III-1,00006206,NACIONAL DOS DE MAYO,242300,HOSPITALIZACIÓN DE PEDIATRÍA PEDIATRÍA GENERAL,268,271,1,47,1410,1322,1956,30,0.0036900369003690036,7.217712177121771,0.9375886524822695,0.0011111111111111111,0.2027231467473525,0.1921985815602837,-3,alto,2
2015,9,150101,LIMA,LIMA,LIMA,MINSA,III-1,00006206,NACIONAL DOS DE MAYO,243400,HOSPITALIZACIÓN DE PEDIATRÍA PEDIATRIA NEUROLOGÍA PEDIÁTRICA,32,29,6,28,840,731,753,30,0.20689655172413793,25.96551724137931,0.8702380952380953,0.0011111111111111111,0.04377564979480164,0.034523809523809526,3,bajo,0
2015,9,150101,LIMA,LIMA,LIMA,MINSA,III-1,00006206,NACIONAL DOS DE MAYO,250100,UNIDAD DE CUIDADOS CRITICOS UNIDAD DE CUIDADOS INTENSIVOS GENERALES (UCI),15,12,11,6,180,150,452,30,0.9166666666666666,37.666666666666664,0.8333333333333334,0.0011111111111111111,0.1,0.06666666666666667,3,medio,1
2015,9,150101,LIMA,LIMA,LIMA,MINSA,III-1,00006206,NACIONAL DOS DE MAYO,250200,UNIDAD DE CUIDADOS CRITICOS UNIDAD DE CUIDADOS INTERMEDIOS GENERAL (UCIN),1,0,0,6,180,114,71,30,0.0,0.0,0.6333333333333333,0.0011111111111111111,0.008771929824561403,0.0,1,bajo,0
2015,9,150101,LIMA,LIMA,LIMA,MINSA,III-1,00006206,NACIONAL DOS DE MAYO,250500,HOSPIT. EN UNIDAD DE CUID.INTEN.-UNIDAD DE TRAUMA SHOCK-,0,0,0,6,180,186,13,30,0.0,0.0,1.0333333333333334,0.0011111111111111111,0.0,0.0,0,bajo,0
2015,9,150101,LIMA,LIMA,LIMA,MINSA,III-1,00006207,NACIONAL ARZOBISPO LOAYZA,240100,HOSPITALIZACIÓN QUIRÚRGICA CIRUGÍA GENERAL,366,385,3535,3466,120,3600,3,30,9.181818181818182,0.007792207792207792,30.0,0.9627777777777777,0.10166666666666667,3.2083333333333335,-19,alto,2
2015,9,150101,LIMA,LIMA,LIMA,MINSA,III-1,00006207,NACIONAL ARZOBISPO LOAYZA,240200,HOSPITALIZACIÓN QUIRÚRGICA CIRUGÍA DE CABEZA Y CUELLO / MÁXILO FACIAL,27,28,357,381,15,450,0,30,12.75,0.0,30.0,0.8466666666666667,0.06,1.8666666666666667,-1,medio,1
2015,9,150101,LIMA,LIMA,LIMA,MINSA,III-1,00006207,NACIONAL ARZOBISPO LOAYZA,240800,HOSPITALIZACIÓN QUIRÚRGICA CIRUGÍA PLÁSTICA/RECONSTRUCTIVA/ REPARADORA,30,32,920,524,23,690,1,30,28.75,0.03125,30.0,0.7594202898550725,0.043478260869565216,1.391304347826087,-2,medio,1
2015,9,150101,LIMA,LIMA,LIMA,MINSA,III-1,00006207,NACIONAL ARZOBISPO LOAYZA,240900,HOSPITALIZACIÓN QUIRÚRGICA NEUROCIRUGÍA,21,22,442,440,15,450,1,30,20.09090909090909,0.045454545454545456,30.0,0.9777777777777777,0.04666666666666667,1.4666666666666666,-1,alto,2
2015,9,150101,LIMA,LIMA,LIMA,MINSA,III-1,00006207,NACIONAL ARZOBISPO LOAYZA,241200,HOSPITALIZACIÓN QUIRÚRGICA TRAUMATOLOGÍA Y ORTOPEDIA,69,75,993,594,30,900,0,30,13.24,0.0,30.0,0.66,0.07666666666666666,2.5,-6,medio,1
2015,9,150101,LIMA,LIMA,LIMA,MINSA,III-1,00006207,NACIONAL ARZOBISPO LOAYZA,241300,HOSPITALIZACIÓN QUIRÚRGICA UROLOGÍA,77,84,868,801,32,960,1,30,10.333333333333334,0.011904761904761904,30.0,0.834375,0.08020833333333334,2.625,-7,medio,1
2015,9,150101,LIMA,LIMA,LIMA,MINSA,III-1,00006207,NACIONAL ARZOBISPO LOAYZA,241500,HOSPITALIZACIÓN QUIRÚRGICA GINECOLOGÍA,174,171,1180,1268,49,1470,0,30,6.900584795321637,0.0,30.0,0.8625850340136054,0.11836734693877551,3.489795918367347,3,alto,2
2015,9,150101,LIMA,LIMA,LIMA,MINSA,III-1,00006207,NACIONAL ARZOBISPO LOAYZA,241600,HOSPITALIZACIÓN QUIRÚRGICA OBSTETRICIA,411,401,1540,1628,79,2370,0,30,3.8403990024937658,0.0,30.0,0.6869198312236287,0.17341772151898735,5.075949367088608,10,alto,2
2015,9,150101,LIMA,LIMA,LIMA,MINSA,III-1,00006207,NACIONAL ARZOBISPO LOAYZA,241700,HOSPITALIZACIÓN QUIRÚRGICA GINECOLOGÍA GINECOLOGIA ONCOLOGICA,38,37,228,233,8,240,1,30,6.162162162162162,0.02702702702702703,30.0,0.9708333333333333,0.15833333333333333,4.625,1,alto,2
2015,9,150101,LIMA,LIMA,LIMA,MINSA,III-1,00006207,NACIONAL ARZOBISPO LOAYZA,241800,HOSPITALIZACIÓN DE MEDICINA MEDICINA GENERAL,33,31,165,173,6,180,3,30,5.32258064516129,0.0967741935483871,30.0,0.9611111111111111,0.18333333333333332,5.166666666666667,2,alto,2
2015,9,150101,LIMA,LIMA,LIMA,MINSA,III-1,00006207,NACIONAL ARZOBISPO LOAYZA,241900,HOSPITALIZACIÓN DE MEDICINA MEDICINA INTERNA,619,617,7602,7253,248,7440,49,30,12.320907617504052,0.07941653160453808,30.0,0.9748655913978495,0.0831989247311828,2.4879032258064515,2,alto,2
2015,9,150101,LIMA,LIMA,LIMA,MINSA,III-1,00006207,NACIONAL ARZOBISPO LOAYZA,242300,HOSPITALIZACIÓN DE PEDIATRÍA PEDIATRÍA GENERAL,102,102,438,380,38,1140,0,30,4.294117647058823,0.0,30.0,0.3333333333333333,0.08947368421052632,2.6842105263157894,0,medio,1
2015,9,150101,LIMA,LIMA,LIMA,MINSA,III-1,00006207,NACIONAL ARZOBISPO LOAYZA,243200,HOSPITALIZACIÓN DE PEDIATRÍA PEDIATRIA NEONATOLOGÍA,327,342,1386,1480,76,2280,0,30,4.052631578947368,0.0,30.0,0.6491228070175439,0.14342105263157895,4.5,-15,alto,2
2015,9,150101,LIMA,LIMA,LIMA,MINSA,III-1,00006207,NACIONAL ARZOBISPO LOAYZA,250100,UNIDAD DE CUIDADOS CRITICOS UNIDAD DE CUIDADOS INTENSIVOS GENERALES (UCI),23,20,180,170,6,180,0,30,9.0,0.0,30.0,0.9444444444444444,0.12777777777777777,3.3333333333333335,3,alto,2
2015,9,150101,LIMA,LIMA,LIMA,MINSA,III-1,00006207,NACIONAL ARZOBISPO LOAYZA,250200,UNIDAD DE CUIDADOS CRITICOS UNIDAD DE CUIDADOS INTERMEDIOS GENERAL (UCIN),28,27,336,385,16,480,7,30,12.444444444444445,0.25925925925925924,30.0,0.8020833333333334,0.058333333333333334,1.6875,1,medio,1
2015,9,150101,LIMA,LIMA,LIMA,MINSA,III-1,00006215,HOSPITAL NACIONAL DOCENTE MADRE NIÑO SAN BARTOLOME,240100,HOSPITALIZACIÓN QUIRÚRGICA CIRUGÍA GENERAL,80,73,639,753,35,1050,1,30,8.753424657534246,0.0136986301369863,30.0,0.7171428571428572,0.0761904761904762,2.085714285714286,7,medio,1
2015,9,150101,LIMA,LIMA,LIMA,MINSA,III-1,00006215,HOSPITAL NACIONAL DOCENTE MADRE NIÑO SAN BARTOLOME,241400,HOSPITALIZACIÓN QUIRÚRGICA GINECO - OBSTETRICIA,40,6,23,154,5,164,0,30,3.8333333333333335,0.0,32.8,1.0266666666666666,0.24390243902439024,1.2,34,alto,2
2015,9,150101,LIMA,LIMA,LIMA,MINSA,III-1,00006215,HOSPITAL NACIONAL DOCENTE MADRE NIÑO SAN BARTOLOME,241500,HOSPITALIZACIÓN QUIRÚRGICA GINECOLOGÍA,96,148,533,442,17,508,0,30,3.6013513513513513,0.0,29.88235294117647,0.8666666666666667,0.1889763779527559,8.705882352941176,-52,alto,2
2015,9,150101,LIMA,LIMA,LIMA,MINSA,III-1,00006215,HOSPITAL NACIONAL DOCENTE MADRE NIÑO SAN BARTOLOME,241600,HOSPITALIZACIÓN QUIRÚRGICA OBSTETRICIA,648,606,2113,2446,84,2512,0,30,3.4867986798679866,0.0,29.904761904761905,0.9706349206349206,0.25796178343949044,7.214285714285714,42,alto,2
2015,9,150101,LIMA,LIMA,LIMA,MINSA,III-1,00006215,HOSPITAL NACIONAL DOCENTE MADRE NIÑO SAN BARTOLOME,242100,HOSPITALIZACIÓN DE MEDICINA ONCOLOGÍA MÉDICA,28,42,133,106,4,121,0,30,3.1666666666666665,0.0,30.25,0.8833333333333333,0.23140495867768596,10.5,-14,alto,2
2015,9,150101,LIMA,LIMA,LIMA,MINSA,III-1,00006215,HOSPITAL NACIONAL DOCENTE MADRE NIÑO SAN BARTOLOME,242500,HOSPITALIZACIÓN-PEDIATRÍA GENERAL-,66,68,471,787,31,938,0,30,6.926470588235294,0.0,30.258064516129032,0.8462365591397849,0.07036247334754797,2.193548387096774,-2,medio,1
2015,9,150101,LIMA,LIMA,LIMA,MINSA,III-1,00006215,HOSPITAL NACIONAL DOCENTE MADRE NIÑO SAN BARTOLOME,243200,HOSPITALIZACIÓN DE PEDIATRÍA PEDIATRIA NEONATOLOGÍA,90,94,831,599,19,599,0,30,8.840425531914894,0.0,31.526315789473685,1.050877192982456,0.15025041736227046,4.947368421052632,-4,alto,2
2015,9,150101,LIMA,LIMA,LIMA,MINSA,III-1,00006215,HOSPITAL NACIONAL DOCENTE MADRE NIÑO SAN BARTOLOME,250102,UNIDAD DE CUIDADOS CRITICOS UNIDAD DE CUIDADOS INTENSIVOS GENERALES (UCI) GINECO-OBSTETRICIA,0,1,15,30,3,90,0,30,15.0,0.0,30.0,0.3333333333333333,0.0,0.3333333333333333,-1,bajo,0
2015,9,150101,LIMA,LIMA,LIMA,MINSA,III-1,00006215,HOSPITAL NACIONAL DOCENTE MADRE NIÑO SAN BARTOLOME,250105,UNIDAD DE CUIDADOS CRITICOS UNIDAD DE CUIDADOS INTENSIVOS (UCI) NEONATOLOGÍA,12,2,126,249,8,252,2,30,63.0,1.0,31.5,1.0375,0.047619047619047616,0.25,10,alto,2
2015,9,150101,LIMA,LIMA,LIMA,MINSA,III-1,00006215,HOSPITAL NACIONAL DOCENTE MADRE NIÑO SAN BARTOLOME,250108,UNIDAD DE CUIDADOS CRITICOS UNIDAD DE CUIDADOS INTENSIVOS (UCI) PEDIÁTRICA,7,5,57,137,6,207,5,30,11.4,1.0,34.5,0.7611111111111111,0.033816425120772944,0.8333333333333334,2,medio,1
2015,9,150101,LIMA,LIMA,LIMA,MINSA,III-2,00006208,INSTITUTO NACIONAL MATERNO PERINATAL,241400,HOSPITALIZACIÓN QUIRÚRGICA GINECO - OBSTETRICIA,2320,1940,7248,6187,236,7489,0,30,3.736082474226804,0.0,31.733050847457626,0.8738700564971752,0.30978768860996125,8.220338983050848,380,alto,2
2015,9,150101,LIMA,LIMA,LIMA,MINSA,III-2,00006208,INSTITUTO NACIONAL MATERNO PERINATAL,241500,HOSPITALIZACIÓN QUIRÚRGICA GINECOLOGÍA,132,134,488,455,20,600,0,30,3.6417910447761193,0.0,30.0,0.7583333333333333,0.22,6.7,-2,alto,2
2015,9,150101,LIMA,LIMA,LIMA,MINSA,III-2,00006208,INSTITUTO NACIONAL MATERNO PERINATAL,243200,HOSPITALIZACIÓN DE PEDIATRÍA PEDIATRIA NEONATOLOGÍA,499,497,2471,2530,95,2850,7,30,4.971830985915493,0.014084507042253521,30.0,0.887719298245614,0.17508771929824563,5.231578947368421,2,alto,2
2015,9,150101,LIMA,LIMA,LIMA,MINSA,III-2,00006208,INSTITUTO NACIONAL MATERNO PERINATAL,250102,UNIDAD DE CUIDADOS CRITICOS UNIDAD DE CUIDADOS INTENSIVOS GENERALES (UCI) GINECO-OBSTETRICIA,45,42,154,250,10,300,1,30,3.6666666666666665,0.023809523809523808,30.0,0.8333333333333334,0.15,4.2,3,alto,2
2015,9,150101,LIMA,LIMA,LIMA,MINSA,III-2,00006208,INSTITUTO NACIONAL MATERNO PERINATAL,250105,UNIDAD DE CUIDADOS CRITICOS UNIDAD DE CUIDADOS INTENSIVOS (UCI) NEONATOLOGÍA,57,56,930,864,30,900,9,30,16.607142857142858,0.16071428571428573,30.0,0.96,0.06333333333333334,1.8666666666666667,1,alto,2
2015,9,150101,LIMA,LIMA,LIMA,MINSA,III-2,00006209,INSTITUTO NACIONAL DE CIENCIAS NEUROLOGICAS,240900,HOSPITALIZACIÓN QUIRÚRGICA NEUROCIRUGÍA,169,90,1596,1166,40,1200,1,30,17.733333333333334,0.011111111111111112,30.0,0.9716666666666667,0.14083333333333334,2.25,79,alto,2
2015,9,150101,LIMA,LIMA,LIMA,MINSA,III-2,00006209,INSTITUTO NACIONAL DE CIENCIAS NEUROLOGICAS,241100,HOSPITALIZACIÓN QUIRÚRGICA OTORRINOLARINGOLOGÍA,1,1,2,2,1,30,0,30,2.0,0.0,30.0,0.06666666666666667,0.03333333333333333,1.0,0,bajo,0
2015,9,150101,LIMA,LIMA,LIMA,MINSA,III-2,00006209,INSTITUTO NACIONAL DE CIENCIAS NEUROLOGICAS,243400,HOSPITALIZACIÓN DE PEDIATRÍA PEDIATRIA NEUROLOGÍA PEDIÁTRICA,20,19,349,302,20,600,0,30,18.36842105263158,0.0,30.0,0.5033333333333333,0.03333333333333333,0.95,1,bajo,0
2015,9,150101,LIMA,LIMA,LIMA,MINSA,III-2,00006209,INSTITUTO NACIONAL DE CIENCIAS NEUROLOGICAS,244800,HOSPITALIZACIÓN-HOSPITALIZACIÓN DE MEDICINA-GERIATRIA,23,23,312,320,20,600,0,30,13.565217391304348,0.0,30.0,0.5333333333333333,0.03833333333333333,1.15,0,bajo,0
2015,9,150101,LIMA,LIMA,LIMA,MINSA,III-2,00006209,INSTITUTO NACIONAL DE CIENCIAS NEUROLOGICAS,244900,HOSPITALIZACIÓN DE MEDICINA NEUROLOGIA NEURODEGENERATIVAS,23,26,771,681,44,1320,0,30,29.653846153846153,0.0,30.0,0.5159090909090909,0.017424242424242425,0.5909090909090909,-3,bajo,0
2015,9,150101,LIMA,LIMA,LIMA,MINSA,III-2,00006209,INSTITUTO NACIONAL DE CIENCIAS NEUROLOGICAS,245000,HOSPITALIZACIÓN DE MEDICINA NEUROLOGIA NEUROVASCULARES Y METABOLICAS,20,23,398,339,13,390,0,30,17.304347826086957,0.0,30.0,0.8692307692307693,0.05128205128205128,1.7692307692307692,-3,alto,2
2015,9,150101,LIMA,LIMA,LIMA,MINSA,III-2,00006209,INSTITUTO NACIONAL DE CIENCIAS NEUROLOGICAS,245100,HOSPITALIZACIÓN DE MEDICINA NEUROLOGIA ENFERMEDADES INFECCIOSAS/TRANSMISIBLES DEL SISTEMA NERVIOSO,30,26,869,691,28,840,1,30,33.42307692307692,0.038461538461538464,30.0,0.8226190476190476,0.03571428571428571,0.9285714285714286,4,medio,1
2015,9,150101,LIMA,LIMA,LIMA,MINSA,III-2,00006209,INSTITUTO NACIONAL DE CIENCIAS NEUROLOGICAS,245200,HOSPITALIZACIÓN DE MEDICINA NEUROLOGIA EPILEPSIA/EPILEPTOLOGIA,35,30,360,417,17,510,0,30,12.0,0.0,30.0,0.8176470588235294,0.06862745098039216,1.7647058823529411,5,medio,1
2015,9,150101,LIMA,LIMA,LIMA,MINSA,III-2,00006209,INSTITUTO NACIONAL DE CIENCIAS NEUROLOGICAS,250106,UNIDAD DE CUIDADOS CRITICOS UNIDAD DE CUIDADOS INTENSIVOS (UCI) NEUROLÓGICA,8,1,16,118,5,150,1,30,16.0,1.0,30.0,0.7866666666666666,0.05333333333333334,0.2,7,medio,1
2015,9,150101,LIMA,LIMA,LIMA,MINSA,III-2,00006217,INO DR. FRANCISCO CONTRERAS C.,240600,HOSPITALIZACIÓN QUIRÚRGICA CIRUGÍA OFTALMOLÓGICA,64,65,124,65,11,330,0,30,1.9076923076923078,0.0,30.0,0.19696969696969696,0.19393939393939394,5.909090909090909,-1,alto,2
2015,9,150103,LIMA,LIMA,ATE,ESSALUD,II-1,00008353,ESSALUD - HOSPITAL II VITARTE,240100,HOSPITALIZACIÓN QUIRÚRGICA CIRUGÍA GENERAL,146,137,294,336,12,360,0,30,2.145985401459854,0.0,30.0,0.9333333333333333,0.40555555555555556,11.416666666666666,9,alto,2
2015,9,150103,LIMA,LIMA,ATE,ESSALUD,II-1,00008353,ESSALUD - HOSPITAL II VITARTE,241200,HOSPITALIZACIÓN QUIRÚRGICA TRAUMATOLOGÍA Y ORTOPEDIA,39,44,328,296,11,330,0,30,7.454545454545454,0.0,30.0,0.896969696969697,0.11818181818181818,4.0,-5,alto,2
2015,9,150103,LIMA,LIMA,ATE,ESSALUD,II-1,00008353,ESSALUD - HOSPITAL II VITARTE,241300,HOSPITALIZACIÓN QUIRÚRGICA UROLOGÍA,17,20,75,83,3,90,0,30,3.75,0.0,30.0,0.9222222222222223,0.18888888888888888,6.666666666666667,-3,alto,2
2015,9,150103,LIMA,LIMA,ATE,ESSALUD,II-1,00008353,ESSALUD - HOSPITAL II VITARTE,241500,HOSPITALIZACIÓN QUIRÚRGICA GINECOLOGÍA,89,85,146,112,4,120,0,30,1.7176470588235293,0.0,30.0,0.9333333333333333,0.7416666666666667,21.25,4,alto,2
2015,9,150103,LIMA,LIMA,ATE,ESSALUD,II-1,00008353,ESSALUD - HOSPITAL II VITARTE,241900,HOSPITALIZACIÓN DE MEDICINA MEDICINA INTERNA,111,108,756,792,28,840,5,30,7.0,0.046296296296296294,30.0,0.9428571428571428,0.13214285714285715,3.857142857142857,3,alto,2
2015,9,150103,LIMA,LIMA,ATE,ESSALUD,II-1,00008353,ESSALUD - HOSPITAL II VITARTE,242300,HOSPITALIZACIÓN DE PEDIATRÍA PEDIATRÍA GENERAL,77,76,234,236,8,240,0,30,3.0789473684210527,0.0,30.0,0.9833333333333333,0.32083333333333336,9.5,1,alto,2
2015,9,150103,LIMA,LIMA,ATE,ESSALUD,II-1,00008353,ESSALUD - HOSPITAL II VITARTE,250304,HOSPIT. EN UNIDAD DE CUID.INTEN.-UNIDAD DE VIGILANCIA INTENSIVA (UVI)-MEDICINA,7,8,16,11,4,120,1,30,2.0,0.125,30.0,0.09166666666666666,0.058333333333333334,2.0,-1,bajo,0
2015,9,150105,LIMA,LIMA,BREÑA,MINSA,III-2,00006216,INSTITUTO NACIONAL DE SALUD DEL NIÑO,240200,HOSPITALIZACIÓN QUIRÚRGICA CIRUGÍA DE CABEZA Y CUELLO / MÁXILO FACIAL,14,17,247,234,9,270,0,30,14.529411764705882,0.0,30.0,0.8666666666666667,0.05185185185185185,1.8888888888888888,-3,alto,2
2015,9,150105,LIMA,LIMA,BREÑA,MINSA,III-2,00006216,INSTITUTO NACIONAL DE SALUD DEL NIÑO,240400,HOSPITALIZACIÓN QUIRÚRGICA CIRUGÍA DE TÓRAX Y CARDIOVASCULAR,14,16,207,451,19,570,0,30,12.9375,0.0,30.0,0.7912280701754386,0.02456140350877193,0.8421052631578947,-2,medio,1
2015,9,150105,LIMA,LIMA,BREÑA,MINSA,III-2,00006216,INSTITUTO NACIONAL DE SALUD DEL NIÑO,240700,HOSPITALIZACIÓN QUIRÚRGICA CIRUGÍA PEDIÁTRICA,22,92,842,656,22,660,0,30,9.152173913043478,0.0,30.0,0.9939393939393939,0.03333333333333333,4.181818181818182,-70,alto,2
2015,9,150105,LIMA,LIMA,BREÑA,MINSA,III-2,00006216,INSTITUTO NACIONAL DE SALUD DEL NIÑO,240801,HOSPITALIZACIÓN QUIRÚRGICA CIRUGÍA PLÁSTICA/RECONSTRUCTIVA/ REPARADORA QUEMADOS,52,56,575,497,18,540,0,30,10.267857142857142,0.0,30.0,0.9203703703703704,0.0962962962962963,3.111111111111111,-4,alto,2
2015,9,150105,LIMA,LIMA,BREÑA,MINSA,III-2,00006216,INSTITUTO NACIONAL DE SALUD DEL NIÑO,240900,HOSPITALIZACIÓN QUIRÚRGICA NEUROCIRUGÍA,4,21,421,652,22,660,1,30,20.047619047619047,0.047619047619047616,30.0,0.9878787878787879,0.006060606060606061,0.9545454545454546,-17,alto,2
2015,9,150105,LIMA,LIMA,BREÑA,MINSA,III-2,00006216,INSTITUTO NACIONAL DE SALUD DEL NIÑO,241200,HOSPITALIZACIÓN QUIRÚRGICA TRAUMATOLOGÍA Y ORTOPEDIA,20,54,891,917,36,1080,0,30,16.5,0.0,30.0,0.8490740740740741,0.018518518518518517,1.5,-34,medio,1
2015,9,150105,LIMA,LIMA,BREÑA,MINSA,III-2,00006216,INSTITUTO NACIONAL DE SALUD DEL NIÑO,241300,HOSPITALIZACIÓN QUIRÚRGICA UROLOGÍA,19,30,209,169,10,300,0,30,6.966666666666667,0.0,30.0,0.5633333333333334,0.06333333333333334,3.0,-11,bajo,0
2015,9,150105,LIMA,LIMA,BREÑA,MINSA,III-2,00006216,INSTITUTO NACIONAL DE SALUD DEL NIÑO,242000,HOSPITALIZACIÓN DE MEDICINA MEDICINA TROPICAL E INFECCIOSAS,9,46,637,644,28,840,0,30,13.847826086956522,0.0,30.0,0.7666666666666667,0.010714285714285714,1.6428571428571428,-37,medio,1
2015,9,150105,LIMA,LIMA,BREÑA,MINSA,III-2,00006216,INSTITUTO NACIONAL DE SALUD DEL NIÑO,242300,HOSPITALIZACIÓN DE PEDIATRÍA PEDIATRÍA GENERAL,0,228,2393,2219,81,2430,3,30,10.49561403508772,0.013157894736842105,30.0,0.9131687242798354,0.0,2.814814814814815,-228,alto,2
2015,9,150105,LIMA,LIMA,BREÑA,MINSA,III-2,00006216,INSTITUTO NACIONAL DE SALUD DEL NIÑO,242600,HOSPITALIZACIÓN DE PEDIATRÍA PEDIATRIA CARDIOLOGÍA PEDIÁTRICA,21,24,334,528,24,720,1,30,13.916666666666666,0.041666666666666664,30.0,0.7333333333333333,0.029166666666666667,1.0,-3,medio,1
2015,9,150105,LIMA,LIMA,BREÑA,MINSA,III-2,00006216,INSTITUTO NACIONAL DE SALUD DEL NIÑO,242700,HOSPITALIZACIÓN DE PEDIATRÍA PEDIATRIA DERMATOLOGÍA PEDIÁTRICA,0,30,230,261,10,300,0,30,7.666666666666667,0.0,30.0,0.87,0.0,3.0,-30,alto,2
2015,9,150105,LIMA,LIMA,BREÑA,MINSA,III-2,00006216,INSTITUTO NACIONAL DE SALUD DEL NIÑO,242900,HOSPITALIZACIÓN DE PEDIATRÍA PEDIATRIA GASTROENTEROLOGÍA PEDIÁTRICA,12,15,353,294,10,300,1,30,23.533333333333335,0.06666666666666667,30.0,0.98,0.04,1.5,-3,alto,2
2015,9,150105,LIMA,LIMA,BREÑA,MINSA,III-2,00006216,INSTITUTO NACIONAL DE SALUD DEL NIÑO,243000,HOSPITALIZACIÓN DE PEDIATRÍA PEDIATRIA GINECOLOGÍA PEDIÁTRICA,6,11,52,32,2,60,0,30,4.7272727272727275,0.0,30.0,0.5333333333333333,0.1,5.5,-5,medio,1
2015,9,150105,LIMA,LIMA,BREÑA,MINSA,III-2,00006216,INSTITUTO NACIONAL DE SALUD DEL NIÑO,243100,HOSPITALIZACIÓN DE PEDIATRÍA PEDIATRIA NEFROLOGÍA PEDIÁTRICA,2,8,166,177,6,180,0,30,20.75,0.0,30.0,0.9833333333333333,0.011111111111111112,1.3333333333333333,-6,alto,2
2015,9,150105,LIMA,LIMA,BREÑA,MINSA,III-2,00006216,INSTITUTO NACIONAL DE SALUD DEL NIÑO,243200,HOSPITALIZACIÓN DE PEDIATRÍA PEDIATRIA NEONATOLOGÍA,0,5,120,290,10,300,0,30,24.0,0.0,30.0,0.9666666666666667,0.0,0.5,-5,alto,2
2015,9,150105,LIMA,LIMA,BREÑA,MINSA,III-2,00006216,INSTITUTO NACIONAL DE SALUD DEL NIÑO,243300,HOSPITALIZACIÓN DE PEDIATRÍA PEDIATRIA NEUMOLOGÍA PEDIÁTRICA,5,19,568,669,23,690,0,30,29.894736842105264,0.0,30.0,0.9695652173913043,0.007246376811594203,0.8260869565217391,-14,alto,2
2015,9,150105,LIMA,LIMA,BREÑA,MINSA,III-2,00006216,INSTITUTO NACIONAL DE SALUD DEL NIÑO,243400,HOSPITALIZACIÓN DE PEDIATRÍA PEDIATRIA NEUROLOGÍA PEDIÁTRICA,0,18,448,440,15,450,0,30,24.88888888888889,0.0,30.0,0.9777777777777777,0.0,1.2,-18,alto,2
2015,9,150105,LIMA,LIMA,BREÑA,MINSA,III-2,00006216,INSTITUTO NACIONAL DE SALUD DEL NIÑO,243500,HOSPITALIZACIÓN DE PEDIATRÍA PEDIATRIA OFTALMOLOGÍA PEDIÁTRICA,0,1,16,5,1,30,0,30,16.0,0.0,30.0,0.16666666666666666,0.0,1.0,-1,bajo,0
2015,9,150105,LIMA,LIMA,BREÑA,MINSA,III-2,00006216,INSTITUTO NACIONAL DE SALUD DEL NIÑO,243700,HOSPITALIZACIÓN DE PEDIATRÍA PEDIATRIA OTORRINOLARINGOLOGÍA PEDIÁTRICA,27,35,190,134,13,390,0,30,5.428571428571429,0.0,30.0,0.3435897435897436,0.06923076923076923,2.6923076923076925,-8,bajo,0
2015,9,150105,LIMA,LIMA,BREÑA,MINSA,III-2,00006216,INSTITUTO NACIONAL DE SALUD DEL NIÑO,244500,HOSPITALIZACIÓN DE MEDICINA HEMATOLOGÍA,2,5,101,115,4,120,1,30,20.2,0.2,30.0,0.9583333333333334,0.016666666666666666,1.25,-3,alto,2
2015,9,150105,LIMA,LIMA,BREÑA,MINSA,III-2,00006216,INSTITUTO NACIONAL DE SALUD DEL NIÑO,250108,UNIDAD DE CUIDADOS CRITICOS UNIDAD DE CUIDADOS INTENSIVOS (UCI) PEDIÁTRICA,0,4,147,474,16,480,4,30,36.75,1.0,30.0,0.9875,0.0,0.25,-4,alto,2
2015,9,150108,LIMA,LIMA,CHORRILLOS,MINSA,III-2,00007734,"INSTITUTO NACIONAL DE REHABILITACION ""DRA. ADRIANA REBAZA FLORES"" AMISTAD PERU - JAPON",240000,HOSPITALIZACIÓN,7,12,1217,790,36,1080,0,30,101.41666666666667,0.0,30.0,0.7314814814814815,0.006481481481481481,0.3333333333333333,-5,medio,1
2015,9,150110,LIMA,LIMA,COMAS,MINSA,III-1,00007634,NACIONAL SERGIO E. BERNALES,240100,HOSPITALIZACIÓN QUIRÚRGICA CIRUGÍA GENERAL,143,198,1886,2195,75,2250,0,30,9.525252525252526,0.0,30.0,0.9755555555555555,0.06355555555555556,2.64,-55,alto,2
2015,9,150110,LIMA,LIMA,COMAS,MINSA,III-1,00007634,NACIONAL SERGIO E. BERNALES,241500,HOSPITALIZACIÓN QUIRÚRGICA GINECOLOGÍA,55,64,247,413,15,450,0,30,3.859375,0.0,30.0,0.9177777777777778,0.12222222222222222,4.266666666666667,-9,alto,2
2015,9,150110,LIMA,LIMA,COMAS,MINSA,III-1,00007634,NACIONAL SERGIO E. BERNALES,241600,HOSPITALIZACIÓN QUIRÚRGICA OBSTETRICIA,621,672,2063,2250,80,2400,0,30,3.0699404761904763,0.0,30.0,0.9375,0.25875,8.4,-51,alto,2
2015,9,150110,LIMA,LIMA,COMAS,MINSA,III-1,00007634,NACIONAL SERGIO E. BERNALES,241900,HOSPITALIZACIÓN DE MEDICINA MEDICINA INTERNA,48,114,1696,1958,69,2070,12,30,14.87719298245614,0.10526315789473684,30.0,0.9458937198067633,0.02318840579710145,1.6521739130434783,-66,alto,2
2015,9,150110,LIMA,LIMA,COMAS,MINSA,III-1,00007634,NACIONAL SERGIO E. BERNALES,242300,HOSPITALIZACIÓN DE PEDIATRÍA PEDIATRÍA GENERAL,125,143,537,675,40,1200,0,30,3.7552447552447554,0.0,30.0,0.5625,0.10416666666666667,3.575,-18,medio,1
2015,9,150110,LIMA,LIMA,COMAS,MINSA,III-1,00007634,NACIONAL SERGIO E. BERNALES,243200,HOSPITALIZACIÓN DE PEDIATRÍA PEDIATRIA NEONATOLOGÍA,161,191,1189,589,32,960,4,30,6.225130890052356,0.020942408376963352,30.0,0.6135416666666667,0.16770833333333332,5.96875,-30,alto,2
2015,9,150110,LIMA,LIMA,COMAS,MINSA,III-1,00007634,NACIONAL SERGIO E. BERNALES,250100,UNIDAD DE CUIDADOS CRITICOS UNIDAD DE CUIDADOS INTENSIVOS GENERALES (UCI),1,3,33,26,2,60,1,30,11.0,0.3333333333333333,30.0,0.43333333333333335,0.016666666666666666,1.5,-2,bajo,0
2015,9,150110,LIMA,LIMA,COMAS,MINSA,III-1,00007634,NACIONAL SERGIO E. BERNALES,250200,UNIDAD DE CUIDADOS CRITICOS UNIDAD DE CUIDADOS INTERMEDIOS GENERAL (UCIN),5,47,543,339,12,360,1,30,11.553191489361701,0.02127659574468085,30.0,0.9416666666666667,0.013888888888888888,3.9166666666666665,-42,alto,2
2015,9,150111,LIMA,LIMA,EL AGUSTINO,MINSA,III-1,00005946,HOSPITAL NACIONAL HIPOLITO UNANUE,240100,HOSPITALIZACIÓN QUIRÚRGICA CIRUGÍA GENERAL,269,267,3465,3715,117,3510,2,30,12.97752808988764,0.00749063670411985,30.0,1.0584045584045585,0.07663817663817664,2.282051282051282,2,alto,2
2015,9,150111,LIMA,LIMA,EL AGUSTINO,MINSA,III-1,00005946,HOSPITAL NACIONAL HIPOLITO UNANUE,240200,HOSPITALIZACIÓN QUIRÚRGICA CIRUGÍA DE CABEZA Y CUELLO / MÁXILO FACIAL,30,31,385,324,12,360,0,30,12.419354838709678,0.0,30.0,0.9,0.08333333333333333,2.5833333333333335,-1,alto,2
2015,9,150111,LIMA,LIMA,EL AGUSTINO,MINSA,III-1,00005946,HOSPITAL NACIONAL HIPOLITO UNANUE,240700,HOSPITALIZACIÓN QUIRÚRGICA CIRUGÍA PEDIÁTRICA,47,33,125,172,7,210,0,30,3.787878787878788,0.0,30.0,0.819047619047619,0.22380952380952382,4.714285714285714,14,alto,2
2015,9,150111,LIMA,LIMA,EL AGUSTINO,MINSA,III-1,00005946,HOSPITAL NACIONAL HIPOLITO UNANUE,240800,HOSPITALIZACIÓN QUIRÚRGICA CIRUGÍA PLÁSTICA/RECONSTRUCTIVA/ REPARADORA,14,13,316,349,10,300,0,30,24.307692307692307,0.0,30.0,1.1633333333333333,0.04666666666666667,1.3,1,alto,2
2015,9,150111,LIMA,LIMA,EL AGUSTINO,MINSA,III-1,00005946,HOSPITAL NACIONAL HIPOLITO UNANUE,240900,HOSPITALIZACIÓN QUIRÚRGICA NEUROCIRUGÍA,28,24,322,712,22,660,0,30,13.416666666666666,0.0,30.0,1.0787878787878789,0.04242424242424243,1.0909090909090908,4,alto,2
2015,9,150111,LIMA,LIMA,EL AGUSTINO,MINSA,III-1,00005946,HOSPITAL NACIONAL HIPOLITO UNANUE,241100,HOSPITALIZACIÓN QUIRÚRGICA OTORRINOLARINGOLOGÍA,4,3,13,45,6,180,0,30,4.333333333333333,0.0,30.0,0.25,0.022222222222222223,0.5,1,bajo,0
2015,9,150111,LIMA,LIMA,EL AGUSTINO,MINSA,III-1,00005946,HOSPITAL NACIONAL HIPOLITO UNANUE,241200,HOSPITALIZACIÓN QUIRÚRGICA TRAUMATOLOGÍA Y ORTOPEDIA,54,55,1325,1370,50,1500,2,30,24.09090909090909,0.03636363636363636,30.0,0.9133333333333333,0.036,1.1,-1,alto,2
2015,9,150111,LIMA,LIMA,EL AGUSTINO,MINSA,III-1,00005946,HOSPITAL NACIONAL HIPOLITO UNANUE,241300,HOSPITALIZACIÓN QUIRÚRGICA UROLOGÍA,24,29,306,254,12,360,0,30,10.551724137931034,0.0,30.0,0.7055555555555556,0.06666666666666667,2.4166666666666665,-5,medio,1
2015,9,150111,LIMA,LIMA,EL AGUSTINO,MINSA,III-1,00005946,HOSPITAL NACIONAL HIPOLITO UNANUE,241400,HOSPITALIZACIÓN QUIRÚRGICA GINECO - OBSTETRICIA,27,27,91,63,6,180,0,30,3.3703703703703702,0.0,30.0,0.35,0.15,4.5,0,alto,2
2015,9,150111,LIMA,LIMA,EL AGUSTINO,MINSA,III-1,00005946,HOSPITAL NACIONAL HIPOLITO UNANUE,241500,HOSPITALIZACIÓN QUIRÚRGICA GINECOLOGÍA,77,80,386,792,35,1050,0,30,4.825,0.0,30.0,0.7542857142857143,0.07333333333333333,2.2857142857142856,-3,medio,1
2015,9,150111,LIMA,LIMA,EL AGUSTINO,MINSA,III-1,00005946,HOSPITAL NACIONAL HIPOLITO UNANUE,241600,HOSPITALIZACIÓN QUIRÚRGICA OBSTETRICIA,664,664,1880,1269,67,2010,0,30,2.8313253012048194,0.0,30.0,0.6313432835820896,0.33034825870646767,9.91044776119403,0,alto,2
2015,9,150111,LIMA,LIMA,EL AGUSTINO,MINSA,III-1,00005946,HOSPITAL NACIONAL HIPOLITO UNANUE,241800,HOSPITALIZACIÓN DE MEDICINA MEDICINA GENERAL,32,30,344,666,18,540,3,30,11.466666666666667,0.1,30.0,1.2333333333333334,0.05925925925925926,1.6666666666666667,2,alto,2
2015,9,150111,LIMA,LIMA,EL AGUSTINO,MINSA,III-1,00005946,HOSPITAL NACIONAL HIPOLITO UNANUE,241900,HOSPITALIZACIÓN DE MEDICINA MEDICINA INTERNA,360,352,4216,4866,170,5100,44,30,11.977272727272727,0.125,30.0,0.9541176470588235,0.07058823529411765,2.070588235294118,8,alto,2
2015,9,150111,LIMA,LIMA,EL AGUSTINO,MINSA,III-1,00005946,HOSPITAL NACIONAL HIPOLITO UNANUE,242200,HOSPITALIZACIÓN DE MEDICINA PSIQUIATRÍA,10,11,29,58,3,90,0,30,2.6363636363636362,0.0,30.0,0.6444444444444445,0.1111111111111111,3.6666666666666665,-1,medio,1
2015,9,150111,LIMA,LIMA,EL AGUSTINO,MINSA,III-1,00005946,HOSPITAL NACIONAL HIPOLITO UNANUE,242300,HOSPITALIZACIÓN DE PEDIATRÍA PEDIATRÍA GENERAL,109,91,517,1122,40,1200,1,30,5.681318681318682,0.01098901098901099,30.0,0.935,0.09083333333333334,2.275,18,alto,2
2015,9,150111,LIMA,LIMA,EL AGUSTINO,MINSA,III-1,00005946,HOSPITAL NACIONAL HIPOLITO UNANUE,243200,HOSPITALIZACIÓN DE PEDIATRÍA PEDIATRIA NEONATOLOGÍA,90,88,874,929,47,1410,8,30,9.931818181818182,0.09090909090909091,30.0,0.6588652482269504,0.06382978723404255,1.872340425531915,2,bajo,0
2015,9,150111,LIMA,LIMA,EL AGUSTINO,MINSA,III-1,00005946,HOSPITAL NACIONAL HIPOLITO UNANUE,250200,UNIDAD DE CUIDADOS CRITICOS UNIDAD DE CUIDADOS INTERMEDIOS GENERAL (UCIN),9,4,93,203,7,210,2,30,23.25,0.5,30.0,0.9666666666666667,0.04285714285714286,0.5714285714285714,5,alto,2
2015,9,150113,LIMA,LIMA,JESUS MARIA,ESSALUD,III-2,00008720,HOSPITAL NACIONAL EDGARDO REBAGLIATI MARTINS,240100,HOSPITALIZACIÓN QUIRÚRGICA CIRUGÍA GENERAL,497,390,6091,5288,182,5460,2,30,15.617948717948718,0.005128205128205128,30.0,0.9684981684981685,0.09102564102564102,2.142857142857143,107,alto,2
2015,9,150113,LIMA,LIMA,JESUS MARIA,ESSALUD,III-2,00008720,HOSPITAL NACIONAL EDGARDO REBAGLIATI MARTINS,240200,HOSPITALIZACIÓN QUIRÚRGICA CIRUGÍA DE CABEZA Y CUELLO / MÁXILO FACIAL,57,50,378,309,11,330,0,30,7.56,0.0,30.0,0.9363636363636364,0.17272727272727273,4.545454545454546,7,alto,2
2015,9,150113,LIMA,LIMA,JESUS MARIA,ESSALUD,III-2,00008720,HOSPITAL NACIONAL EDGARDO REBAGLIATI MARTINS,240600,HOSPITALIZACIÓN QUIRÚRGICA CIRUGÍA OFTALMOLÓGICA,54,39,215,239,8,240,0,30,5.512820512820513,0.0,30.0,0.9958333333333333,0.225,4.875,15,alto,2
2015,9,150113,LIMA,LIMA,JESUS MARIA,ESSALUD,III-2,00008720,HOSPITAL NACIONAL EDGARDO REBAGLIATI MARTINS,240700,HOSPITALIZACIÓN QUIRÚRGICA CIRUGÍA PEDIÁTRICA,136,129,773,806,30,900,1,30,5.992248062015504,0.007751937984496124,30.0,0.8955555555555555,0.1511111111111111,4.3,7,alto,2
2015,9,150113,LIMA,LIMA,JESUS MARIA,ESSALUD,III-2,00008720,HOSPITAL NACIONAL EDGARDO REBAGLIATI MARTINS,240900,HOSPITALIZACIÓN QUIRÚRGICA NEUROCIRUGÍA,251,76,1784,2047,70,2100,9,30,23.473684210526315,0.11842105263157894,30.0,0.9747619047619047,0.11952380952380952,1.0857142857142856,175,alto,2
2015,9,150113,LIMA,LIMA,JESUS MARIA,ESSALUD,III-2,00008720,HOSPITAL NACIONAL EDGARDO REBAGLIATI MARTINS,241100,HOSPITALIZACIÓN QUIRÚRGICA OTORRINOLARINGOLOGÍA,85,66,321,353,12,360,0,30,4.863636363636363,0.0,30.0,0.9805555555555555,0.2361111111111111,5.5,19,alto,2
2015,9,150113,LIMA,LIMA,JESUS MARIA,ESSALUD,III-2,00008720,HOSPITAL NACIONAL EDGARDO REBAGLIATI MARTINS,241200,HOSPITALIZACIÓN QUIRÚRGICA TRAUMATOLOGÍA Y ORTOPEDIA,247,227,3152,3144,111,3330,2,30,13.885462555066079,0.00881057268722467,30.0,0.9441441441441442,0.07417417417417417,2.045045045045045,20,alto,2
2015,9,150113,LIMA,LIMA,JESUS MARIA,ESSALUD,III-2,00008720,HOSPITAL NACIONAL EDGARDO REBAGLIATI MARTINS,241300,HOSPITALIZACIÓN QUIRÚRGICA UROLOGÍA,120,103,1849,1428,48,1440,0,30,17.95145631067961,0.0,30.0,0.9916666666666667,0.08333333333333333,2.1458333333333335,17,alto,2
2015,9,150113,LIMA,LIMA,JESUS MARIA,ESSALUD,III-2,00008720,HOSPITAL NACIONAL EDGARDO REBAGLIATI MARTINS,241500,HOSPITALIZACIÓN QUIRÚRGICA GINECOLOGÍA,983,956,4937,4640,159,4770,0,30,5.164225941422594,0.0,30.0,0.9727463312368972,0.2060796645702306,6.012578616352202,27,alto,2
2015,9,150113,LIMA,LIMA,JESUS MARIA,ESSALUD,III-2,00008720,HOSPITAL NACIONAL EDGARDO REBAGLIATI MARTINS,241800,HOSPITALIZACIÓN DE MEDICINA MEDICINA GENERAL,478,244,2570,3210,111,3330,11,30,10.532786885245901,0.045081967213114756,30.0,0.963963963963964,0.14354354354354354,2.1981981981981984,234,alto,2
2015,9,150113,LIMA,LIMA,JESUS MARIA,ESSALUD,III-2,00008720,HOSPITAL NACIONAL EDGARDO REBAGLIATI MARTINS,241900,HOSPITALIZACIÓN DE MEDICINA MEDICINA INTERNA,1077,779,13903,12735,447,13410,73,30,17.84724005134788,0.09370988446726572,30.0,0.9496644295302014,0.08031319910514541,1.7427293064876956,298,alto,2
2015,9,150113,LIMA,LIMA,JESUS MARIA,ESSALUD,III-2,00008720,HOSPITAL NACIONAL EDGARDO REBAGLIATI MARTINS,242100,HOSPITALIZACIÓN DE MEDICINA ONCOLOGÍA MÉDICA,216,194,1805,1471,50,1500,6,30,9.304123711340207,0.030927835051546393,30.0,0.9806666666666667,0.144,3.88,22,alto,2
2015,9,150113,LIMA,LIMA,JESUS MARIA,ESSALUD,III-2,00008720,HOSPITAL NACIONAL EDGARDO REBAGLIATI MARTINS,242200,HOSPITALIZACIÓN DE MEDICINA PSIQUIATRÍA,125,136,1944,1739,62,1860,0,30,14.294117647058824,0.0,30.0,0.9349462365591398,0.06720430107526881,2.193548387096774,-11,alto,2
2015,9,150113,LIMA,LIMA,JESUS MARIA,ESSALUD,III-2,00008720,HOSPITAL NACIONAL EDGARDO REBAGLIATI MARTINS,242300,HOSPITALIZACIÓN DE PEDIATRÍA PEDIATRÍA GENERAL,305,211,8358,2977,114,3420,13,30,39.611374407582936,0.061611374407582936,30.0,0.87046783625731,0.0891812865497076,1.8508771929824561,94,alto,2
2015,9,150113,LIMA,LIMA,JESUS MARIA,ESSALUD,III-2,00008720,HOSPITAL NACIONAL EDGARDO REBAGLIATI MARTINS,242800,HOSPITALIZACIÓN DE PEDIATRÍA PEDIATRIA ENDOCRINOLOGÍA PEDIÁTRICA,94,90,705,717,24,720,1,30,7.833333333333333,0.011111111111111112,30.0,0.9958333333333333,0.13055555555555556,3.75,4,alto,2
2015,9,150113,LIMA,LIMA,JESUS MARIA,ESSALUD,III-2,00008720,HOSPITAL NACIONAL EDGARDO REBAGLIATI MARTINS,250100,UNIDAD DE CUIDADOS CRITICOS UNIDAD DE CUIDADOS INTENSIVOS GENERALES (UCI),92,18,610,1891,68,2040,16,30,33.888888888888886,0.8888888888888888,30.0,0.9269607843137255,0.045098039215686274,0.2647058823529412,74,alto,2
2015,9,150113,LIMA,LIMA,JESUS MARIA,ESSALUD,III-E,00018011,INCOR,241800,HOSPITALIZACIÓN DE MEDICINA MEDICINA GENERAL,214,217,1561,1727,72,2096,6,30,7.193548387096774,0.027649769585253458,29.11111111111111,0.799537037037037,0.10209923664122138,3.013888888888889,-3,medio,1
2015,9,150113,LIMA,LIMA,JESUS MARIA,ESSALUD,III-E,00018011,INCOR,242600,HOSPITALIZACIÓN DE PEDIATRÍA PEDIATRIA CARDIOLOGÍA PEDIÁTRICA,80,79,747,567,22,660,2,30,9.455696202531646,0.02531645569620253,30.0,0.8590909090909091,0.12121212121212122,3.590909090909091,1,alto,2
2015,9,150113,LIMA,LIMA,JESUS MARIA,SANIDAD DE LA POLICIA NACIONAL DEL PERU,III-1,00013591,HOSPITAL NACIONAL POLICIA NACIONAL DEL PERU GRAL PNP LUIS N. SAENZ.,240100,HOSPITALIZACIÓN QUIRÚRGICA CIRUGÍA GENERAL,136,126,936,1030,45,1350,3,30,7.428571428571429,0.023809523809523808,30.0,0.762962962962963,0.10074074074074074,2.8,10,medio,1
2015,9,150113,LIMA,LIMA,JESUS MARIA,SANIDAD DE LA POLICIA NACIONAL DEL PERU,III-1,00013591,HOSPITAL NACIONAL POLICIA NACIONAL DEL PERU GRAL PNP LUIS N. SAENZ.,240400,HOSPITALIZACIÓN QUIRÚRGICA CIRUGÍA DE TÓRAX Y CARDIOVASCULAR,13,16,363,285,12,360,1,30,22.6875,0.0625,30.0,0.7916666666666666,0.03611111111111111,1.3333333333333333,-3,medio,1
2015,9,150113,LIMA,LIMA,JESUS MARIA,SANIDAD DE LA POLICIA NACIONAL DEL PERU,III-1,00013591,HOSPITAL NACIONAL POLICIA NACIONAL DEL PERU GRAL PNP LUIS N. SAENZ.,240600,HOSPITALIZACIÓN QUIRÚRGICA CIRUGÍA OFTALMOLÓGICA,10,6,141,159,6,180,0,30,23.5,0.0,30.0,0.8833333333333333,0.05555555555555555,1.0,4,alto,2
2015,9,150113,LIMA,LIMA,JESUS MARIA,SANIDAD DE LA POLICIA NACIONAL DEL PERU,III-1,00013591,HOSPITAL NACIONAL POLICIA NACIONAL DEL PERU GRAL PNP LUIS N. SAENZ.,240700,HOSPITALIZACIÓN QUIRÚRGICA CIRUGÍA PEDIÁTRICA,17,16,107,158,12,360,0,30,6.6875,0.0,30.0,0.4388888888888889,0.04722222222222222,1.3333333333333333,1,bajo,0
2015,9,150113,LIMA,LIMA,JESUS MARIA,SANIDAD DE LA POLICIA NACIONAL DEL PERU,III-1,00013591,HOSPITAL NACIONAL POLICIA NACIONAL DEL PERU GRAL PNP LUIS N. SAENZ.,240801,HOSPITALIZACIÓN QUIRÚRGICA CIRUGÍA PLÁSTICA/RECONSTRUCTIVA/ REPARADORA QUEMADOS,21,19,190,210,8,240,0,30,10.0,0.0,30.0,0.875,0.0875,2.375,2,alto,2
2015,9,150113,LIMA,LIMA,JESUS MARIA,SANIDAD DE LA POLICIA NACIONAL DEL PERU,III-1,00013591,HOSPITAL NACIONAL POLICIA NACIONAL DEL PERU GRAL PNP LUIS N. SAENZ.,240900,HOSPITALIZACIÓN QUIRÚRGICA NEUROCIRUGÍA,8,6,110,479,16,480,0,30,18.333333333333332,0.0,30.0,0.9979166666666667,0.016666666666666666,0.375,2,alto,2
2015,9,150113,LIMA,LIMA,JESUS MARIA,SANIDAD DE LA POLICIA NACIONAL DEL PERU,III-1,00013591,HOSPITAL NACIONAL POLICIA NACIONAL DEL PERU GRAL PNP LUIS N. SAENZ.,241100,HOSPITALIZACIÓN QUIRÚRGICA OTORRINOLARINGOLOGÍA,31,25,253,291,11,330,0,30,10.12,0.0,30.0,0.8818181818181818,0.09393939393939393,2.272727272727273,6,alto,2
2015,9,150113,LIMA,LIMA,JESUS MARIA,SANIDAD DE LA POLICIA NACIONAL DEL PERU,III-1,00013591,HOSPITAL NACIONAL POLICIA NACIONAL DEL PERU GRAL PNP LUIS N. SAENZ.,241200,HOSPITALIZACIÓN QUIRÚRGICA TRAUMATOLOGÍA Y ORTOPEDIA,37,47,994,1025,36,1080,0,30,21.148936170212767,0.0,30.0,0.9490740740740741,0.03425925925925926,1.3055555555555556,-10,alto,2
2015,9,150113,LIMA,LIMA,JESUS MARIA,SANIDAD DE LA POLICIA NACIONAL DEL PERU,III-1,00013591,HOSPITAL NACIONAL POLICIA NACIONAL DEL PERU GRAL PNP LUIS N. SAENZ.,241300,HOSPITALIZACIÓN QUIRÚRGICA UROLOGÍA,45,41,573,637,24,720,0,30,13.975609756097562,0.0,30.0,0.8847222222222222,0.0625,1.7083333333333333,4,alto,2
2015,9,150113,LIMA,LIMA,JESUS MARIA,SANIDAD DE LA POLICIA NACIONAL DEL PERU,III-1,00013591,HOSPITAL NACIONAL POLICIA NACIONAL DEL PERU GRAL PNP LUIS N. SAENZ.,241600,HOSPITALIZACIÓN QUIRÚRGICA OBSTETRICIA,158,169,542,503,35,1050,0,30,3.2071005917159763,0.0,30.0,0.47904761904761906,0.15047619047619049,4.828571428571428,-11,alto,2
2015,9,150113,LIMA,LIMA,JESUS MARIA,SANIDAD DE LA POLICIA NACIONAL DEL PERU,III-1,00013591,HOSPITAL NACIONAL POLICIA NACIONAL DEL PERU GRAL PNP LUIS N. SAENZ.,241800,HOSPITALIZACIÓN DE MEDICINA MEDICINA GENERAL,168,169,2811,3016,144,4320,14,30,16.633136094674555,0.08284023668639054,30.0,0.6981481481481482,0.03888888888888889,1.1736111111111112,-1,bajo,0
2015,9,150113,LIMA,LIMA,JESUS MARIA,SANIDAD DE LA POLICIA NACIONAL DEL PERU,III-1,00013591,HOSPITAL NACIONAL POLICIA NACIONAL DEL PERU GRAL PNP LUIS N. SAENZ.,242200,HOSPITALIZACIÓN DE MEDICINA PSIQUIATRÍA,25,24,321,345,16,480,0,30,13.375,0.0,30.0,0.71875,0.052083333333333336,1.5,1,medio,1
2015,9,150113,LIMA,LIMA,JESUS MARIA,SANIDAD DE LA POLICIA NACIONAL DEL PERU,III-1,00013591,HOSPITAL NACIONAL POLICIA NACIONAL DEL PERU GRAL PNP LUIS N. SAENZ.,242300,HOSPITALIZACIÓN DE PEDIATRÍA PEDIATRÍA GENERAL,49,50,329,341,29,870,0,30,6.58,0.0,30.0,0.39195402298850573,0.05632183908045977,1.7241379310344827,-1,bajo,0
2015,9,150113,LIMA,LIMA,JESUS MARIA,SANIDAD DE LA POLICIA NACIONAL DEL PERU,III-1,00013591,HOSPITAL NACIONAL POLICIA NACIONAL DEL PERU GRAL PNP LUIS N. SAENZ.,243200,HOSPITALIZACIÓN DE PEDIATRÍA PEDIATRIA NEONATOLOGÍA,15,11,52,111,8,240,1,30,4.7272727272727275,0.09090909090909091,30.0,0.4625,0.0625,1.375,4,bajo,0
2015,9,150113,LIMA,LIMA,JESUS MARIA,SANIDAD DE LA POLICIA NACIONAL DEL PERU,III-1,00013591,HOSPITAL NACIONAL POLICIA NACIONAL DEL PERU GRAL PNP LUIS N. SAENZ.,244600,HOSPITALIZACIÓN DE MEDICINA NEFROLOGIA,5,8,81,179,6,180,0,30,10.125,0.0,30.0,0.9944444444444445,0.027777777777777776,1.3333333333333333,-3,alto,2
2015,9,150113,LIMA,LIMA,JESUS MARIA,SANIDAD DE LA POLICIA NACIONAL DEL PERU,III-1,00013591,HOSPITAL NACIONAL POLICIA NACIONAL DEL PERU GRAL PNP LUIS N. SAENZ.,244700,HOSPITALIZACIÓN DE MEDICINA NEUROLOGIA,19,19,289,429,15,450,0,30,15.210526315789474,0.0,30.0,0.9533333333333334,0.042222222222222223,1.2666666666666666,0,alto,2
2015,9,150113,LIMA,LIMA,JESUS MARIA,SANIDAD DE LA POLICIA NACIONAL DEL PERU,III-1,00013591,HOSPITAL NACIONAL POLICIA NACIONAL DEL PERU GRAL PNP LUIS N. SAENZ.,245300,HOSPITALIZACIÓN DE MEDICINA NEUMOLOGÍA,42,34,547,402,22,660,2,30,16.08823529411765,0.058823529411764705,30.0,0.6090909090909091,0.06363636363636363,1.5454545454545454,8,bajo,0
2015,9,150113,LIMA,LIMA,JESUS MARIA,SANIDAD DE LA POLICIA NACIONAL DEL PERU,III-1,00013591,HOSPITAL NACIONAL POLICIA NACIONAL DEL PERU GRAL PNP LUIS N. SAENZ.,245400,HOSPITALIZACIÓN DE MEDICINA GINECOLOGIA,44,40,243,297,16,480,0,30,6.075,0.0,30.0,0.61875,0.09166666666666666,2.5,4,medio,1
2015,9,150113,LIMA,LIMA,JESUS MARIA,SANIDAD DE LA POLICIA NACIONAL DEL PERU,III-1,00013591,HOSPITAL NACIONAL POLICIA NACIONAL DEL PERU GRAL PNP LUIS N. SAENZ.,245700,HOSPITALIZACIÓN QUIRÚRGICA CARDIOLOGIA,30,20,167,325,12,360,0,30,8.35,0.0,30.0,0.9027777777777778,0.08333333333333333,1.6666666666666667,10,alto,2
2015,9,150113,LIMA,LIMA,JESUS MARIA,SANIDAD DE LA POLICIA NACIONAL DEL PERU,III-1,00013591,HOSPITAL NACIONAL POLICIA NACIONAL DEL PERU GRAL PNP LUIS N. SAENZ.,250100,UNIDAD DE CUIDADOS CRITICOS UNIDAD DE CUIDADOS INTENSIVOS GENERALES (UCI),14,0,0,365,17,510,0,30,0.0,0.0,30.0,0.7156862745098039,0.027450980392156862,0.0,14,medio,1
2015,9,150113,LIMA,LIMA,JESUS MARIA,SANIDAD DEL EJERCITO DEL PERU,III-1,00017024,HOSPITAL MILITAR LUIS ARIAS SCHEREIBER,240100,HOSPITALIZACIÓN QUIRÚRGICA CIRUGÍA GENERAL,289,143,1968,1866,169,5070,2,30,13.762237762237762,0.013986013986013986,30.0,0.3680473372781065,0.057001972386587774,0.8461538461538461,146,bajo,0
2015,9,150113,LIMA,LIMA,JESUS MARIA,SANIDAD DEL EJERCITO DEL PERU,III-1,00017024,HOSPITAL MILITAR LUIS ARIAS SCHEREIBER,240800,HOSPITALIZACIÓN QUIRÚRGICA CIRUGÍA PLÁSTICA/RECONSTRUCTIVA/ REPARADORA,10,7,128,173,18,540,0,30,18.285714285714285,0.0,30.0,0.32037037037037036,0.018518518518518517,0.3888888888888889,3,bajo,0
2015,9,150113,LIMA,LIMA,JESUS MARIA,SANIDAD DEL EJERCITO DEL PERU,III-1,00017024,HOSPITAL MILITAR LUIS ARIAS SCHEREIBER,240900,HOSPITALIZACIÓN QUIRÚRGICA NEUROCIRUGÍA,17,7,155,240,27,810,0,30,22.142857142857142,0.0,30.0,0.2962962962962963,0.020987654320987655,0.25925925925925924,10,bajo,0
2015,9,150113,LIMA,LIMA,JESUS MARIA,SANIDAD DEL EJERCITO DEL PERU,III-1,00017024,HOSPITAL MILITAR LUIS ARIAS SCHEREIBER,241200,HOSPITALIZACIÓN QUIRÚRGICA TRAUMATOLOGÍA Y ORTOPEDIA,87,39,842,448,37,1110,4,30,21.58974358974359,0.10256410256410256,30.0,0.4036036036036036,0.07837837837837838,1.054054054054054,48,medio,1
2015,9,150113,LIMA,LIMA,JESUS MARIA,SANIDAD DEL EJERCITO DEL PERU,III-1,00017024,HOSPITAL MILITAR LUIS ARIAS SCHEREIBER,241400,HOSPITALIZACIÓN QUIRÚRGICA GINECO - OBSTETRICIA,88,63,799,144,16,480,0,30,12.682539682539682,0.0,30.0,0.3,0.18333333333333332,3.9375,25,alto,2
2015,9,150113,LIMA,LIMA,JESUS MARIA,SANIDAD DEL EJERCITO DEL PERU,III-1,00017024,HOSPITAL MILITAR LUIS ARIAS SCHEREIBER,241800,HOSPITALIZACIÓN DE MEDICINA MEDICINA GENERAL,103,59,749,454,50,1200,0,30,12.694915254237289,0.0,24.0,0.30266666666666664,0.08583333333333333,1.18,44,medio,1
2015,9,150113,LIMA,LIMA,JESUS MARIA,SANIDAD DEL EJERCITO DEL PERU,III-1,00017024,HOSPITAL MILITAR LUIS ARIAS SCHEREIBER,241900,HOSPITALIZACIÓN DE MEDICINA MEDICINA INTERNA,350,271,5279,2686,262,7860,7,30,19.47970479704797,0.025830258302583026,30.0,0.3417302798982188,0.044529262086514,1.034351145038168,79,bajo,0
2015,9,150113,LIMA,LIMA,JESUS MARIA,SANIDAD DEL EJERCITO DEL PERU,III-1,00017024,HOSPITAL MILITAR LUIS ARIAS SCHEREIBER,242100,HOSPITALIZACIÓN DE MEDICINA ONCOLOGÍA MÉDICA,41,1,1,158,24,720,0,30,1.0,0.0,30.0,0.21944444444444444,0.05694444444444444,0.041666666666666664,40,bajo,0
2015,9,150113,LIMA,LIMA,JESUS MARIA,SANIDAD DEL EJERCITO DEL PERU,III-1,00017024,HOSPITAL MILITAR LUIS ARIAS SCHEREIBER,242200,HOSPITALIZACIÓN DE MEDICINA PSIQUIATRÍA,16,18,548,289,31,930,0,30,30.444444444444443,0.0,30.0,0.310752688172043,0.017204301075268817,0.5806451612903226,-2,bajo,0
2015,9,150113,LIMA,LIMA,JESUS MARIA,SANIDAD DEL EJERCITO DEL PERU,III-1,00017024,HOSPITAL MILITAR LUIS ARIAS SCHEREIBER,242300,HOSPITALIZACIÓN DE PEDIATRÍA PEDIATRÍA GENERAL,31,24,108,91,20,600,0,30,4.5,0.0,30.0,0.15166666666666667,0.051666666666666666,1.2,7,bajo,0
2015,9,150113,LIMA,LIMA,JESUS MARIA,SANIDAD DEL EJERCITO DEL PERU,III-1,00017024,HOSPITAL MILITAR LUIS ARIAS SCHEREIBER,243200,HOSPITALIZACIÓN DE PEDIATRÍA PEDIATRIA NEONATOLOGÍA,28,24,68,44,20,600,0,30,2.8333333333333335,0.0,30.0,0.07333333333333333,0.04666666666666667,1.2,4,bajo,0
2015,9,150113,LIMA,LIMA,JESUS MARIA,SANIDAD DEL EJERCITO DEL PERU,III-1,00017024,HOSPITAL MILITAR LUIS ARIAS SCHEREIBER,250100,UNIDAD DE CUIDADOS CRITICOS UNIDAD DE CUIDADOS INTENSIVOS GENERALES (UCI),33,13,213,115,15,450,3,30,16.384615384615383,0.23076923076923078,30.0,0.25555555555555554,0.07333333333333333,0.8666666666666667,20,medio,1
2015,9,150115,LIMA,LIMA,LA VICTORIA,ESSALUD,III-2,00009251,HOSPITAL NACIONAL GUILLERMO ALMENARA IRIGOYEN,240200,HOSPITALIZACIÓN QUIRÚRGICA CIRUGÍA DE CABEZA Y CUELLO / MÁXILO FACIAL,74,74,645,524,21,630,0,30,8.716216216216216,0.0,30.0,0.8317460317460318,0.11746031746031746,3.5238095238095237,0,medio,1
2015,9,150115,LIMA,LIMA,LA VICTORIA,ESSALUD,III-2,00009251,HOSPITAL NACIONAL GUILLERMO ALMENARA IRIGOYEN,240300,HOSPITALIZACIÓN QUIRÚRGICA CIRUGÍA DIGESTIVA,235,238,2203,2379,97,2910,4,30,9.256302521008404,0.01680672268907563,30.0,0.8175257731958763,0.08075601374570447,2.4536082474226806,-3,medio,1
2015,9,150115,LIMA,LIMA,LA VICTORIA,ESSALUD,III-2,00009251,HOSPITAL NACIONAL GUILLERMO ALMENARA IRIGOYEN,240400,HOSPITALIZACIÓN QUIRÚRGICA CIRUGÍA DE TÓRAX Y CARDIOVASCULAR,44,47,429,356,18,540,1,30,9.127659574468085,0.02127659574468085,30.0,0.6592592592592592,0.08148148148148149,2.611111111111111,-3,medio,1
2015,9,150115,LIMA,LIMA,LA VICTORIA,ESSALUD,III-2,00009251,HOSPITAL NACIONAL GUILLERMO ALMENARA IRIGOYEN,240500,HOSPITALIZACIÓN QUIRÚRGICA CIRUGÍA DE TRANSPLANTES,54,53,354,359,14,420,0,30,6.679245283018868,0.0,30.0,0.8547619047619047,0.12857142857142856,3.7857142857142856,1,alto,2
2015,9,150115,LIMA,LIMA,LA VICTORIA,ESSALUD,III-2,00009251,HOSPITAL NACIONAL GUILLERMO ALMENARA IRIGOYEN,240600,HOSPITALIZACIÓN QUIRÚRGICA CIRUGÍA OFTALMOLÓGICA,20,18,188,268,10,300,0,30,10.444444444444445,0.0,30.0,0.8933333333333333,0.06666666666666667,1.8,2,alto,2
2015,9,150115,LIMA,LIMA,LA VICTORIA,ESSALUD,III-2,00009251,HOSPITAL NACIONAL GUILLERMO ALMENARA IRIGOYEN,240700,HOSPITALIZACIÓN QUIRÚRGICA CIRUGÍA PEDIÁTRICA,93,94,339,327,13,390,0,30,3.606382978723404,0.0,30.0,0.8384615384615385,0.23846153846153847,7.230769230769231,-1,alto,2
2015,9,150115,LIMA,LIMA,LA VICTORIA,ESSALUD,III-2,00009251,HOSPITAL NACIONAL GUILLERMO ALMENARA IRIGOYEN,240801,HOSPITALIZACIÓN QUIRÚRGICA CIRUGÍA PLÁSTICA/RECONSTRUCTIVA/ REPARADORA QUEMADOS,32,32,232,235,9,270,0,30,7.25,0.0,30.0,0.8703703703703703,0.11851851851851852,3.5555555555555554,0,alto,2
2015,9,150115,LIMA,LIMA,LA VICTORIA,ESSALUD,III-2,00009251,HOSPITAL NACIONAL GUILLERMO ALMENARA IRIGOYEN,240900,HOSPITALIZACIÓN QUIRÚRGICA NEUROCIRUGÍA,87,84,293,499,25,750,0,30,3.488095238095238,0.0,30.0,0.6653333333333333,0.116,3.36,3,medio,1
2015,9,150115,LIMA,LIMA,LA VICTORIA,ESSALUD,III-2,00009251,HOSPITAL NACIONAL GUILLERMO ALMENARA IRIGOYEN,241100,HOSPITALIZACIÓN QUIRÚRGICA OTORRINOLARINGOLOGÍA,64,68,471,404,16,480,0,30,6.926470588235294,0.0,30.0,0.8416666666666667,0.13333333333333333,4.25,-4,alto,2
2015,9,150115,LIMA,LIMA,LA VICTORIA,ESSALUD,III-2,00009251,HOSPITAL NACIONAL GUILLERMO ALMENARA IRIGOYEN,241200,HOSPITALIZACIÓN QUIRÚRGICA TRAUMATOLOGÍA Y ORTOPEDIA,153,151,1980,1814,73,2190,1,30,13.112582781456954,0.006622516556291391,30.0,0.828310502283105,0.06986301369863014,2.0684931506849313,2,medio,1
2015,9,150115,LIMA,LIMA,LA VICTORIA,ESSALUD,III-2,00009251,HOSPITAL NACIONAL GUILLERMO ALMENARA IRIGOYEN,241300,HOSPITALIZACIÓN QUIRÚRGICA UROLOGÍA,154,145,1069,1185,43,1290,1,30,7.372413793103449,0.006896551724137931,30.0,0.9186046511627907,0.11937984496124031,3.372093023255814,9,alto,2
2015,9,150115,LIMA,LIMA,LA VICTORIA,ESSALUD,III-2,00009251,HOSPITAL NACIONAL GUILLERMO ALMENARA IRIGOYEN,241500,HOSPITALIZACIÓN QUIRÚRGICA GINECOLOGÍA,125,118,602,586,23,690,1,30,5.101694915254237,0.00847457627118644,30.0,0.8492753623188406,0.18115942028985507,5.130434782608695,7,alto,2
2015,9,150115,LIMA,LIMA,LA VICTORIA,ESSALUD,III-2,00009251,HOSPITAL NACIONAL GUILLERMO ALMENARA IRIGOYEN,241600,HOSPITALIZACIÓN QUIRÚRGICA OBSTETRICIA,394,389,1329,1380,51,1530,0,30,3.416452442159383,0.0,30.0,0.9019607843137255,0.257516339869281,7.627450980392157,5,alto,2
2015,9,150115,LIMA,LIMA,LA VICTORIA,ESSALUD,III-2,00009251,HOSPITAL NACIONAL GUILLERMO ALMENARA IRIGOYEN,241900,HOSPITALIZACIÓN DE MEDICINA MEDICINA INTERNA,248,241,2833,3668,148,4440,24,30,11.755186721991702,0.0995850622406639,30.0,0.8261261261261261,0.055855855855855854,1.6283783783783783,7,medio,1
2015,9,150115,LIMA,LIMA,LA VICTORIA,ESSALUD,III-2,00009251,HOSPITAL NACIONAL GUILLERMO ALMENARA IRIGOYEN,242100,HOSPITALIZACIÓN DE MEDICINA ONCOLOGÍA MÉDICA,103,104,632,661,25,750,1,30,6.076923076923077,0.009615384615384616,30.0,0.8813333333333333,0.13733333333333334,4.16,-1,alto,2
2015,9,150115,LIMA,LIMA,LA VICTORIA,ESSALUD,III-2,00009251,HOSPITAL NACIONAL GUILLERMO ALMENARA IRIGOYEN,242200,HOSPITALIZACIÓN DE MEDICINA PSIQUIATRÍA,40,43,600,488,17,510,0,30,13.953488372093023,0.0,30.0,0.9568627450980393,0.0784313725490196,2.5294117647058822,-3,alto,2
2015,9,150115,LIMA,LIMA,LA VICTORIA,ESSALUD,III-2,00009251,HOSPITAL NACIONAL GUILLERMO ALMENARA IRIGOYEN,242203,HOSPITALIZACIÓN DE MEDICINA PSIQUIATRÍA PSIQUIATRÍA DEL NIÑO Y DEL ADOLESCENTE,9,12,169,120,4,120,0,30,14.083333333333334,0.0,30.0,1.0,0.075,3.0,-3,alto,2
2015,9,150115,LIMA,LIMA,LA VICTORIA,ESSALUD,III-2,00009251,HOSPITAL NACIONAL GUILLERMO ALMENARA IRIGOYEN,242205,HOSPITALIZACIÓN MEDICINA PSIQUIATRÍA PISIQUIATRIA/ SALUD MENTAL Y ADICCIONES,8,8,57,64,4,120,0,30,7.125,0.0,30.0,0.5333333333333333,0.06666666666666667,2.0,0,bajo,0
2015,9,150115,LIMA,LIMA,LA VICTORIA,ESSALUD,III-2,00009251,HOSPITAL NACIONAL GUILLERMO ALMENARA IRIGOYEN,242300,HOSPITALIZACIÓN DE PEDIATRÍA PEDIATRÍA GENERAL,28,29,348,353,22,660,1,30,12.0,0.034482758620689655,30.0,0.5348484848484848,0.04242424242424243,1.3181818181818181,-1,bajo,0
2015,9,150115,LIMA,LIMA,LA VICTORIA,ESSALUD,III-2,00009251,HOSPITAL NACIONAL GUILLERMO ALMENARA IRIGOYEN,243200,HOSPITALIZACIÓN DE PEDIATRÍA PEDIATRIA NEONATOLOGÍA,75,81,378,371,14,420,0,30,4.666666666666667,0.0,30.0,0.8833333333333333,0.17857142857142858,5.785714285714286,-6,alto,2
2015,9,150115,LIMA,LIMA,LA VICTORIA,ESSALUD,III-2,00009251,HOSPITAL NACIONAL GUILLERMO ALMENARA IRIGOYEN,244000,HOSPITALIZACIÓN DE MEDICINA CARDIOLOGIA,18,15,54,114,8,240,0,30,3.6,0.0,30.0,0.475,0.075,1.875,3,medio,1
2015,9,150115,LIMA,LIMA,LA VICTORIA,ESSALUD,III-2,00009251,HOSPITAL NACIONAL GUILLERMO ALMENARA IRIGOYEN,244100,HOSPITALIZACIÓN DE MEDICINA DERMATOLOGÍA,16,17,278,305,11,330,0,30,16.352941176470587,0.0,30.0,0.9242424242424242,0.048484848484848485,1.5454545454545454,-1,alto,2
2015,9,150115,LIMA,LIMA,LA VICTORIA,ESSALUD,III-2,00009251,HOSPITAL NACIONAL GUILLERMO ALMENARA IRIGOYEN,244200,HOSPITALIZACIÓN DE MEDICINA ENDOCRINOLOGIA,27,28,328,319,12,360,0,30,11.714285714285714,0.0,30.0,0.8861111111111111,0.075,2.3333333333333335,-1,alto,2
2015,9,150115,LIMA,LIMA,LA VICTORIA,ESSALUD,III-2,00009251,HOSPITAL NACIONAL GUILLERMO ALMENARA IRIGOYEN,244300,HOSPITALIZACIÓN DE MEDICINA GASTROENTEROLOGÍA,64,66,752,914,32,960,4,30,11.393939393939394,0.06060606060606061,30.0,0.9520833333333333,0.06666666666666667,2.0625,-2,alto,2
2015,9,150115,LIMA,LIMA,LA VICTORIA,ESSALUD,III-2,00009251,HOSPITAL NACIONAL GUILLERMO ALMENARA IRIGOYEN,244400,HOSPITALIZACIÓN DE MEDICINA GERIATRIA,43,42,728,463,17,510,2,30,17.333333333333332,0.047619047619047616,30.0,0.907843137254902,0.08431372549019608,2.4705882352941178,1,alto,2
2015,9,150115,LIMA,LIMA,LA VICTORIA,ESSALUD,III-2,00009251,HOSPITAL NACIONAL GUILLERMO ALMENARA IRIGOYEN,244500,HOSPITALIZACIÓN DE MEDICINA HEMATOLOGÍA,20,17,299,428,19,570,1,30,17.58823529411765,0.058823529411764705,30.0,0.7508771929824561,0.03508771929824561,0.8947368421052632,3,medio,1
2015,9,150115,LIMA,LIMA,LA VICTORIA,ESSALUD,III-2,00009251,HOSPITAL NACIONAL GUILLERMO ALMENARA IRIGOYEN,244600,HOSPITALIZACIÓN DE MEDICINA NEFROLOGIA,105,101,830,847,30,900,3,30,8.217821782178218,0.0297029702970297,30.0,0.9411111111111111,0.11666666666666667,3.3666666666666667,4,alto,2
2015,9,150115,LIMA,LIMA,LA VICTORIA,ESSALUD,III-2,00009251,HOSPITAL NACIONAL GUILLERMO ALMENARA IRIGOYEN,244700,HOSPITALIZACIÓN DE MEDICINA NEUROLOGIA,43,43,403,428,21,630,0,30,9.372093023255815,0.0,30.0,0.6793650793650794,0.06825396825396825,2.0476190476190474,0,bajo,0
2015,9,150115,LIMA,LIMA,LA VICTORIA,ESSALUD,III-2,00009251,HOSPITAL NACIONAL GUILLERMO ALMENARA IRIGOYEN,245300,HOSPITALIZACIÓN DE MEDICINA NEUMOLOGÍA,58,50,401,490,28,840,5,30,8.02,0.1,30.0,0.5833333333333334,0.06904761904761905,1.7857142857142858,8,bajo,0
2015,9,150115,LIMA,LIMA,LA VICTORIA,ESSALUD,III-2,00009251,HOSPITAL NACIONAL GUILLERMO ALMENARA IRIGOYEN,245500,HOSPITALIZACIÓN DE MEDICINA REUMATOLOGÍA,41,39,338,295,12,360,0,30,8.666666666666666,0.0,30.0,0.8194444444444444,0.11388888888888889,3.25,2,medio,1
2015,9,150115,LIMA,LIMA,LA VICTORIA,ESSALUD,III-2,00009251,HOSPITAL NACIONAL GUILLERMO ALMENARA IRIGOYEN,250000,UNIDAD DE CUIDADOS CRITICOS,9,7,47,286,14,420,7,30,6.714285714285714,1.0,30.0,0.680952380952381,0.02142857142857143,0.5,2,bajo,0
2015,9,150115,LIMA,LIMA,LA VICTORIA,ESSALUD,III-2,00009251,HOSPITAL NACIONAL GUILLERMO ALMENARA IRIGOYEN,250101,UNIDAD DE CUIDADOS CRITICOS UNIDAD DE CUIDADOS INTENSIVOS GENERALES (UCI) CARDIOLOGIA,63,61,270,414,18,540,1,30,4.426229508196721,0.01639344262295082,30.0,0.7666666666666667,0.11666666666666667,3.388888888888889,2,medio,1
2015,9,150115,LIMA,LIMA,LA VICTORIA,ESSALUD,III-2,00009251,HOSPITAL NACIONAL GUILLERMO ALMENARA IRIGOYEN,250105,UNIDAD DE CUIDADOS CRITICOS UNIDAD DE CUIDADOS INTENSIVOS (UCI) NEONATOLOGÍA,8,9,111,420,14,420,7,30,12.333333333333334,0.7777777777777778,30.0,1.0,0.01904761904761905,0.6428571428571429,-1,alto,2
2015,9,150115,LIMA,LIMA,LA VICTORIA,ESSALUD,III-2,00009251,HOSPITAL NACIONAL GUILLERMO ALMENARA IRIGOYEN,250107,UNIDAD DE CUIDADOS CRITICOS UNIDAD DE CUIDADOS INTENSIVOS (UCI) NEUROQUIRÚRGICA,15,17,136,303,18,540,8,30,8.0,0.47058823529411764,30.0,0.5611111111111111,0.027777777777777776,0.9444444444444444,-2,bajo,0
2015,9,150115,LIMA,LIMA,LA VICTORIA,ESSALUD,III-2,00009251,HOSPITAL NACIONAL GUILLERMO ALMENARA IRIGOYEN,250108,UNIDAD DE CUIDADOS CRITICOS UNIDAD DE CUIDADOS INTENSIVOS (UCI) PEDIÁTRICA,1,1,12,113,5,150,1,30,12.0,1.0,30.0,0.7533333333333333,0.006666666666666667,0.2,0,medio,1
2015,9,150115,LIMA,LIMA,LA VICTORIA,ESSALUD,III-2,00009251,HOSPITAL NACIONAL GUILLERMO ALMENARA IRIGOYEN,250111,UNIDAD DE CUIDADOS CRITICOS UNIDAD DE CUIDADOS INTENSIVOS (UCI) CARDIOVASCULAR,25,27,130,329,15,450,1,30,4.814814814814815,0.037037037037037035,30.0,0.7311111111111112,0.05555555555555555,1.8,-2,medio,1
2015,9,150115,LIMA,LIMA,LA VICTORIA,ESSALUD,III-2,00009251,HOSPITAL NACIONAL GUILLERMO ALMENARA IRIGOYEN,250200,UNIDAD DE CUIDADOS CRITICOS UNIDAD DE CUIDADOS INTERMEDIOS GENERAL (UCIN),7,4,33,176,7,210,4,30,8.25,1.0,30.0,0.8380952380952381,0.03333333333333333,0.5714285714285714,3,medio,1
2015,9,150115,LIMA,LIMA,LA VICTORIA,ESSALUD,III-2,00009251,HOSPITAL NACIONAL GUILLERMO ALMENARA IRIGOYEN,250201,UNIDAD DE CUIDADOS CRITICOS UNIDAD DE CUIDADOS INTERMEDIOS (UCIN) NEONATAL,14,14,122,162,9,270,0,30,8.714285714285714,0.0,30.0,0.6,0.05185185185185185,1.5555555555555556,0,bajo,0
2015,9,150115,LIMA,LIMA,LA VICTORIA,ESSALUD,III-2,00009251,HOSPITAL NACIONAL GUILLERMO ALMENARA IRIGOYEN,250202,UNIDAD DE CUIDADOS CRITICOS UNIDAD DE CUIDADOS INTERMEDIOS (UCIN) PEDIÁTRICOS,13,12,101,349,12,360,0,30,8.416666666666666,0.0,30.0,0.9694444444444444,0.03611111111111111,1.0,1,alto,2
2015,9,150115,LIMA,LIMA,LA VICTORIA,ESSALUD,III-2,00009251,HOSPITAL NACIONAL GUILLERMO ALMENARA IRIGOYEN,250400,UNIDAD DE CUIDADOS CRITICOS UNIDAD DE QUEMADOS (GRAN QUEMADO),9,13,139,326,12,360,0,30,10.692307692307692,0.0,30.0,0.9055555555555556,0.025,1.0833333333333333,-4,alto,2
2015,9,150115,LIMA,LIMA,LA VICTORIA,MINSA,III-E,00006212,HOSPITAL DE EMERGENCIAS PEDIATRICAS,240700,HOSPITALIZACIÓN QUIRÚRGICA CIRUGÍA PEDIÁTRICA,48,44,273,307,13,390,0,30,6.204545454545454,0.0,30.0,0.7871794871794872,0.12307692307692308,3.3846153846153846,4,medio,1
2015,9,150115,LIMA,LIMA,LA VICTORIA,MINSA,III-E,00006212,HOSPITAL DE EMERGENCIAS PEDIATRICAS,240900,HOSPITALIZACIÓN QUIRÚRGICA NEUROCIRUGÍA,11,15,288,120,6,180,0,30,19.2,0.0,30.0,0.6666666666666666,0.06111111111111111,2.5,-4,bajo,0
2015,9,150115,LIMA,LIMA,LA VICTORIA,MINSA,III-E,00006212,HOSPITAL DE EMERGENCIAS PEDIATRICAS,241200,HOSPITALIZACIÓN QUIRÚRGICA TRAUMATOLOGÍA Y ORTOPEDIA,11,16,122,154,6,180,0,30,7.625,0.0,30.0,0.8555555555555555,0.06111111111111111,2.6666666666666665,-5,alto,2
2015,9,150115,LIMA,LIMA,LA VICTORIA,MINSA,III-E,00006212,HOSPITAL DE EMERGENCIAS PEDIATRICAS,241900,HOSPITALIZACIÓN DE MEDICINA MEDICINA INTERNA,7,3,73,151,8,240,2,30,24.333333333333332,0.6666666666666666,30.0,0.6291666666666667,0.029166666666666667,0.375,4,bajo,0
2015,9,150115,LIMA,LIMA,LA VICTORIA,MINSA,III-E,00006212,HOSPITAL DE EMERGENCIAS PEDIATRICAS,242300,HOSPITALIZACIÓN DE PEDIATRÍA PEDIATRÍA GENERAL,73,78,577,394,15,450,0,30,7.397435897435898,0.0,30.0,0.8755555555555555,0.1622222222222222,5.2,-5,alto,2
2015,9,150115,LIMA,LIMA,LA VICTORIA,MINSA,III-E,00006212,HOSPITAL DE EMERGENCIAS PEDIATRICAS,243200,HOSPITALIZACIÓN DE PEDIATRÍA PEDIATRIA NEONATOLOGÍA,3,1,13,107,4,120,0,30,13.0,0.0,30.0,0.8916666666666667,0.025,0.25,2,alto,2
2015,9,150120,LIMA,LIMA,MAGDALENA DEL MAR,MINSA,III-1,00006214,HOSPITAL VICTOR LARCO HERRERA,242200,HOSPITALIZACIÓN DE MEDICINA PSIQUIATRÍA,40,36,13470,13734,590,17700,1,30,374.1666666666667,0.027777777777777776,30.0,0.7759322033898305,0.0022598870056497176,0.061016949152542375,4,medio,1
2015,9,150121,LIMA,LIMA,PUEBLO LIBRE,MINSA,III-1,00006211,HOSPITAL DE APOYO SANTA ROSA,240100,HOSPITALIZACIÓN QUIRÚRGICA CIRUGÍA GENERAL,158,146,886,703,27,810,1,30,6.068493150684931,0.00684931506849315,30.0,0.8679012345679012,0.19506172839506172,5.407407407407407,12,alto,2
2015,9,150121,LIMA,LIMA,PUEBLO LIBRE,MINSA,III-1,00006211,HOSPITAL DE APOYO SANTA ROSA,240700,HOSPITALIZACIÓN QUIRÚRGICA CIRUGÍA PEDIÁTRICA,38,34,231,173,15,450,2,30,6.794117647058823,0.058823529411764705,30.0,0.3844444444444444,0.08444444444444445,2.2666666666666666,4,medio,1
2015,9,150121,LIMA,LIMA,PUEBLO LIBRE,MINSA,III-1,00006211,HOSPITAL DE APOYO SANTA ROSA,241500,HOSPITALIZACIÓN QUIRÚRGICA GINECOLOGÍA,55,36,244,174,12,360,0,30,6.777777777777778,0.0,30.0,0.48333333333333334,0.1527777777777778,3.0,19,alto,2
2015,9,150121,LIMA,LIMA,PUEBLO LIBRE,MINSA,III-1,00006211,HOSPITAL DE APOYO SANTA ROSA,241600,HOSPITALIZACIÓN QUIRÚRGICA OBSTETRICIA,248,252,1298,949,56,1680,0,30,5.150793650793651,0.0,30.0,0.5648809523809524,0.14761904761904762,4.5,-4,alto,2
2015,9,150121,LIMA,LIMA,PUEBLO LIBRE,MINSA,III-1,00006211,HOSPITAL DE APOYO SANTA ROSA,241900,HOSPITALIZACIÓN DE MEDICINA MEDICINA INTERNA,88,95,1078,833,34,1020,10,30,11.347368421052632,0.10526315789473684,30.0,0.8166666666666667,0.08627450980392157,2.7941176470588234,-7,medio,1
2015,9,150121,LIMA,LIMA,PUEBLO LIBRE,MINSA,III-1,00006211,HOSPITAL DE APOYO SANTA ROSA,242100,HOSPITALIZACIÓN DE MEDICINA ONCOLOGÍA MÉDICA,96,88,494,453,18,540,4,30,5.613636363636363,0.045454545454545456,30.0,0.8388888888888889,0.17777777777777778,4.888888888888889,8,alto,2
2015,9,150121,LIMA,LIMA,PUEBLO LIBRE,MINSA,III-1,00006211,HOSPITAL DE APOYO SANTA ROSA,242300,HOSPITALIZACIÓN DE PEDIATRÍA PEDIATRÍA GENERAL,48,47,253,222,16,480,0,30,5.382978723404255,0.0,30.0,0.4625,0.1,2.9375,1,medio,1
2015,9,150121,LIMA,LIMA,PUEBLO LIBRE,MINSA,III-1,00006211,HOSPITAL DE APOYO SANTA ROSA,243200,HOSPITALIZACIÓN DE PEDIATRÍA PEDIATRIA NEONATOLOGÍA,45,52,441,249,15,450,1,30,8.48076923076923,0.019230769230769232,30.0,0.5533333333333333,0.1,3.466666666666667,-7,medio,1
2015,9,150122,LIMA,LIMA,MIRAFLORES,MINSA,III-E,00006213,HOSPITAL DE EMERGENCIAS JOSE CASIMIRO ULLOA,240100,HOSPITALIZACIÓN QUIRÚRGICA CIRUGÍA GENERAL,129,131,632,620,26,780,3,30,4.824427480916031,0.022900763358778626,30.0,0.7948717948717948,0.16538461538461538,5.038461538461538,-2,alto,2
2015,9,150122,LIMA,LIMA,MIRAFLORES,MINSA,III-E,00006213,HOSPITAL DE EMERGENCIAS JOSE CASIMIRO ULLOA,240900,HOSPITALIZACIÓN QUIRÚRGICA NEUROCIRUGÍA,14,21,277,314,11,330,3,30,13.19047619047619,0.14285714285714285,30.0,0.9515151515151515,0.04242424242424243,1.9090909090909092,-7,alto,2
2015,9,150122,LIMA,LIMA,MIRAFLORES,MINSA,III-E,00006213,HOSPITAL DE EMERGENCIAS JOSE CASIMIRO ULLOA,241200,HOSPITALIZACIÓN QUIRÚRGICA TRAUMATOLOGÍA Y ORTOPEDIA,46,51,288,375,14,420,0,30,5.647058823529412,0.0,30.0,0.8928571428571429,0.10952380952380952,3.642857142857143,-5,alto,2
2015,9,150122,LIMA,LIMA,MIRAFLORES,MINSA,III-E,00006213,HOSPITAL DE EMERGENCIAS JOSE CASIMIRO ULLOA,241900,HOSPITALIZACIÓN DE MEDICINA MEDICINA INTERNA,100,91,881,527,20,600,23,30,9.68131868131868,0.25274725274725274,30.0,0.8783333333333333,0.16666666666666666,4.55,9,alto,2
2015,9,150122,LIMA,LIMA,MIRAFLORES,SANIDAD DE LA FUERZA AEREA DEL PERU,III-1,00010751,HOSPITAL CENTRAL DE LA FUERZA AEREA DEL PERU,241800,HOSPITALIZACIÓN DE MEDICINA MEDICINA GENERAL,403,404,3671,4030,283,8053,19,30,9.086633663366337,0.04702970297029703,28.45583038869258,0.4746760895170789,0.05004346206382714,1.4275618374558303,-1,bajo,0
2015,9,150130,LIMA,LIMA,SAN BORJA,MINSA,III-2,00016918,INSTITUTO NACIONAL DE SALUD NIÑO SAN BORJA,240100,HOSPITALIZACIÓN QUIRÚRGICA CIRUGÍA GENERAL,6,23,295,132,12,360,3,30,12.826086956521738,0.13043478260869565,30.0,0.36666666666666664,0.016666666666666666,1.9166666666666667,-17,bajo,0
2015,9,150130,LIMA,LIMA,SAN BORJA,MINSA,III-2,00016918,INSTITUTO NACIONAL DE SALUD NIÑO SAN BORJA,240500,HOSPITALIZACIÓN QUIRÚRGICA CIRUGÍA DE TRANSPLANTES,5,6,41,103,6,180,0,30,6.833333333333333,0.0,30.0,0.5722222222222222,0.027777777777777776,1.0,-1,bajo,0
2015,9,150130,LIMA,LIMA,SAN BORJA,MINSA,III-2,00016918,INSTITUTO NACIONAL DE SALUD NIÑO SAN BORJA,240700,HOSPITALIZACIÓN QUIRÚRGICA CIRUGÍA PEDIÁTRICA,12,18,284,404,18,540,0,30,15.777777777777779,0.0,30.0,0.7481481481481481,0.022222222222222223,1.0,-6,medio,1
2015,9,150130,LIMA,LIMA,SAN BORJA,MINSA,III-2,00016918,INSTITUTO NACIONAL DE SALUD NIÑO SAN BORJA,240800,HOSPITALIZACIÓN QUIRÚRGICA CIRUGÍA PLÁSTICA/RECONSTRUCTIVA/ REPARADORA,10,21,296,244,18,540,0,30,14.095238095238095,0.0,30.0,0.45185185185185184,0.018518518518518517,1.1666666666666667,-11,bajo,0
2015,9,150130,LIMA,LIMA,SAN BORJA,MINSA,III-2,00016918,INSTITUTO NACIONAL DE SALUD NIÑO SAN BORJA,240900,HOSPITALIZACIÓN QUIRÚRGICA NEUROCIRUGÍA,13,19,304,307,12,360,0,30,16.0,0.0,30.0,0.8527777777777777,0.03611111111111111,1.5833333333333333,-6,alto,2
2015,9,150130,LIMA,LIMA,SAN BORJA,MINSA,III-2,00016918,INSTITUTO NACIONAL DE SALUD NIÑO SAN BORJA,241900,HOSPITALIZACIÓN DE MEDICINA MEDICINA INTERNA,1,12,278,141,14,420,0,30,23.166666666666668,0.0,30.0,0.3357142857142857,0.002380952380952381,0.8571428571428571,-11,bajo,0
2015,9,150130,LIMA,LIMA,SAN BORJA,MINSA,III-2,00016918,INSTITUTO NACIONAL DE SALUD NIÑO SAN BORJA,243200,HOSPITALIZACIÓN DE PEDIATRÍA PEDIATRIA NEONATOLOGÍA,1,3,109,41,4,120,0,30,36.333333333333336,0.0,30.0,0.3416666666666667,0.008333333333333333,0.75,-2,bajo,0
2015,9,150130,LIMA,LIMA,SAN BORJA,MINSA,III-2,00016918,INSTITUTO NACIONAL DE SALUD NIÑO SAN BORJA,250107,UNIDAD DE CUIDADOS CRITICOS UNIDAD DE CUIDADOS INTENSIVOS (UCI) NEUROQUIRÚRGICA,1,1,22,118,4,120,0,30,22.0,0.0,30.0,0.9833333333333333,0.008333333333333333,0.25,0,alto,2
2015,9,150133,LIMA,LIMA,SAN JUAN DE MIRAFLORES,MINSA,III-1,00005987,HOSPITAL MARIA AUXILIADORA,240100,HOSPITALIZACIÓN QUIRÚRGICA CIRUGÍA GENERAL,301,297,2053,2277,87,2706,1,30,6.912457912457913,0.003367003367003367,31.103448275862068,0.8724137931034482,0.11123429416112343,3.413793103448276,4,alto,2
2015,9,150133,LIMA,LIMA,SAN JUAN DE MIRAFLORES,MINSA,III-1,00005987,HOSPITAL MARIA AUXILIADORA,241400,HOSPITALIZACIÓN QUIRÚRGICA GINECO - OBSTETRICIA,841,840,2832,2332,88,2741,0,30,3.3714285714285714,0.0,31.147727272727273,0.8833333333333333,0.30682232761765776,9.545454545454545,1,alto,2
2015,9,150133,LIMA,LIMA,SAN JUAN DE MIRAFLORES,MINSA,III-1,00005987,HOSPITAL MARIA AUXILIADORA,241900,HOSPITALIZACIÓN DE MEDICINA MEDICINA INTERNA,157,148,1671,1805,68,2101,26,30,11.29054054054054,0.17567567567567569,30.897058823529413,0.8848039215686274,0.07472632079961923,2.176470588235294,9,alto,2
2015,9,150133,LIMA,LIMA,SAN JUAN DE MIRAFLORES,MINSA,III-1,00005987,HOSPITAL MARIA AUXILIADORA,242100,HOSPITALIZACIÓN DE MEDICINA ONCOLOGÍA MÉDICA,38,41,401,362,14,362,5,30,9.78048780487805,0.12195121951219512,25.857142857142858,0.861904761904762,0.10497237569060773,2.9285714285714284,-3,alto,2
2015,9,150133,LIMA,LIMA,SAN JUAN DE MIRAFLORES,MINSA,III-1,00005987,HOSPITAL MARIA AUXILIADORA,242300,HOSPITALIZACIÓN DE PEDIATRÍA PEDIATRÍA GENERAL,138,140,815,650,43,1320,0,30,5.821428571428571,0.0,30.697674418604652,0.5038759689922481,0.10454545454545454,3.255813953488372,-2,medio,1
2015,9,150133,LIMA,LIMA,SAN JUAN DE MIRAFLORES,MINSA,III-1,00005987,HOSPITAL MARIA AUXILIADORA,243200,HOSPITALIZACIÓN DE PEDIATRÍA PEDIATRIA NEONATOLOGÍA,259,250,2192,2019,68,2097,10,30,8.768,0.04,30.83823529411765,0.9897058823529412,0.1235097758702909,3.676470588235294,9,alto,2
2015,9,150135,LIMA,LIMA,SAN MARTIN DE PORRES,MINSA,III-1,00007633,HOSPITAL NACIONAL CAYETANO HEREDIA,220100,CONSULTA EXTERNA-CIRUGÍA GENERAL-,305,291,1881,1787,62,1922,6,30,6.463917525773196,0.020618556701030927,31.0,0.960752688172043,0.1586888657648283,4.693548387096774,14,alto,2
2015,9,150135,LIMA,LIMA,SAN MARTIN DE PORRES,MINSA,III-1,00007633,HOSPITAL NACIONAL CAYETANO HEREDIA,221502,CONSULTA EXTERNA-GINECOLOGÍA GENERAL-GINECOLOGÍA,105,104,311,416,16,496,0,30,2.9903846153846154,0.0,31.0,0.8666666666666667,0.21169354838709678,6.5,1,alto,2
2015,9,150135,LIMA,LIMA,SAN MARTIN DE PORRES,MINSA,III-1,00007633,HOSPITAL NACIONAL CAYETANO HEREDIA,221601,CONSULTA EXTERNA-OBSTETRICIA / ATENCIÓN DE LA MUJER-OBSTETRICIA,438,437,1331,997,34,1054,0,30,3.045766590389016,0.0,31.0,0.9774509803921568,0.4155597722960152,12.852941176470589,1,alto,2
2015,9,150135,LIMA,LIMA,SAN MARTIN DE PORRES,MINSA,III-1,00007633,HOSPITAL NACIONAL CAYETANO HEREDIA,222400,CONSULTA EXTERNA-MEDICINA GENERAL / ATENCIÓN DEL ADULTO-,148,136,2010,1780,62,1922,16,30,14.779411764705882,0.11764705882352941,31.0,0.956989247311828,0.07700312174817898,2.193548387096774,12,alto,2
2015,9,150135,LIMA,LIMA,SAN MARTIN DE PORRES,MINSA,III-1,00007633,HOSPITAL NACIONAL CAYETANO HEREDIA,223200,CONSULTA EXTERNA-INFECTOLOGÍA-,52,60,1111,916,33,1023,6,30,18.516666666666666,0.1,31.0,0.9252525252525252,0.05083088954056696,1.8181818181818181,-8,alto,2
2015,9,150135,LIMA,LIMA,SAN MARTIN DE PORRES,MINSA,III-1,00007633,HOSPITAL NACIONAL CAYETANO HEREDIA,223700,CONSULTA EXTERNA-NEFROLOGÍA-,8,10,200,121,6,186,0,30,20.0,0.0,31.0,0.6722222222222223,0.043010752688172046,1.6666666666666667,-2,bajo,0
2015,9,150135,LIMA,LIMA,SAN MARTIN DE PORRES,MINSA,III-1,00007633,HOSPITAL NACIONAL CAYETANO HEREDIA,223800,CONSULTA EXTERNA-NEUMOLOGÍA,18,15,246,304,11,341,2,30,16.4,0.13333333333333333,31.0,0.9212121212121213,0.05278592375366569,1.3636363636363635,3,alto,2
2015,9,150135,LIMA,LIMA,SAN MARTIN DE PORRES,MINSA,III-1,00007633,HOSPITAL NACIONAL CAYETANO HEREDIA,224700,CONSULTA EXTERNA-PEDIATRÍA GENERAL-,117,124,1148,1186,54,1674,0,30,9.258064516129032,0.0,31.0,0.7320987654320987,0.06989247311827956,2.2962962962962963,-7,medio,1
2015,9,150135,LIMA,LIMA,SAN MARTIN DE PORRES,MINSA,III-1,00007633,HOSPITAL NACIONAL CAYETANO HEREDIA,225400,CONSULTA EXTERNA-NEONATOLOGÍA-,59,84,621,366,12,372,0,30,7.392857142857143,0.0,31.0,1.0166666666666666,0.1586021505376344,7.0,-25,alto,2
2015,9,150135,LIMA,LIMA,SAN MARTIN DE PORRES,MINSA,III-1,00007633,HOSPITAL NACIONAL CAYETANO HEREDIA,230109,EMERGENCIA-EMERGENCIA / PRIORIDAD 2-TRAUMATOLOGÍA Y ORTOPEDIA,105,95,1092,1282,54,1674,0,30,11.494736842105263,0.0,31.0,0.7913580246913581,0.06272401433691756,1.7592592592592593,10,medio,1
2015,9,150135,LIMA,LIMA,SAN MARTIN DE PORRES,MINSA,III-2,00007733,"INSTITUTO NACIONAL DE SALUD MENTAL ""HONORIO DELGADO - HIDEYO NOGUCHI""",242202,HOSPITALIZACIÓN DE MEDICINA PSIQUIATRÍA PSIQUIATRÍA DEL ADULTO Y GERONTE,33,34,1547,2055,70,2102,0,30,45.5,0.0,30.02857142857143,0.9785714285714285,0.01569933396764986,0.4857142857142857,-1,alto,2
2015,9,150135,LIMA,LIMA,SAN MARTIN DE PORRES,MINSA,III-2,00007733,"INSTITUTO NACIONAL DE SALUD MENTAL ""HONORIO DELGADO - HIDEYO NOGUCHI""",242205,HOSPITALIZACIÓN MEDICINA PSIQUIATRÍA PISIQUIATRIA/ SALUD MENTAL Y ADICCIONES,6,7,302,425,19,570,0,30,43.142857142857146,0.0,30.0,0.7456140350877193,0.010526315789473684,0.3684210526315789,-1,medio,1
2015,9,150136,LIMA,LIMA,SAN MIGUEL,SANIDAD DE LA POLICIA NACIONAL DEL PERU,II-E,00014718,UNIDAD EJECUTORA 020:SANIDAD DE LA PNP,244400,HOSPITALIZACIÓN DE MEDICINA GERIATRIA,27,35,462,931,44,1540,8,30,13.2,0.22857142857142856,35.0,0.7053030303030303,0.01753246753246753,0.7954545454545454,-8,medio,1
2015,9,150137,LIMA,LIMA,SANTA ANITA,MINSA,III-1,00005948,HOSPITAL HERMILIO VALDIZAN,242200,HOSPITALIZACIÓN DE MEDICINA PSIQUIATRÍA,82,76,3901,4777,183,5490,0,30,51.328947368421055,0.0,30.0,0.8701275045537341,0.01493624772313297,0.41530054644808745,6,alto,2
2015,9,150137,LIMA,LIMA,SANTA ANITA,MINSA,III-1,00005948,HOSPITAL HERMILIO VALDIZAN,242204,HOSPITALIZACIÓN DE MEDICINA PSIQUIATRÍA REHABILITACIÓN PSIQUIÁTRICA / REINSERCIÓN,28,22,676,772,30,900,0,30,30.727272727272727,0.0,30.0,0.8577777777777778,0.03111111111111111,0.7333333333333333,6,alto,2
2015,9,150141,LIMA,LIMA,SURQUILLO,MINSA,III-2,00006210,INSTITUTO NACIONAL DE ENFERMEDADES NEOPLASICAS,240100,HOSPITALIZACIÓN QUIRÚRGICA CIRUGÍA GENERAL,1162,569,4327,4327,211,6330,11,30,7.6045694200351495,0.019332161687170474,30.0,0.6835703001579779,0.18357030015797787,2.6966824644549763,593,alto,2
2015,9,150141,LIMA,LIMA,SURQUILLO,MINSA,III-2,00006210,INSTITUTO NACIONAL DE ENFERMEDADES NEOPLASICAS,240800,HOSPITALIZACIÓN QUIRÚRGICA CIRUGÍA PLÁSTICA/RECONSTRUCTIVA/ REPARADORA,15,5,27,27,6,180,0,30,5.4,0.0,30.0,0.15,0.08333333333333333,0.8333333333333334,10,medio,1
2015,9,150141,LIMA,LIMA,SURQUILLO,MINSA,III-2,00006210,INSTITUTO NACIONAL DE ENFERMEDADES NEOPLASICAS,240900,HOSPITALIZACIÓN QUIRÚRGICA NEUROCIRUGÍA,31,29,602,602,20,600,2,30,20.75862068965517,0.06896551724137931,30.0,1.0033333333333334,0.051666666666666666,1.45,2,alto,2
2015,9,150141,LIMA,LIMA,SURQUILLO,MINSA,III-2,00006210,INSTITUTO NACIONAL DE ENFERMEDADES NEOPLASICAS,241200,HOSPITALIZACIÓN QUIRÚRGICA TRAUMATOLOGÍA Y ORTOPEDIA,21,23,172,172,16,480,0,30,7.478260869565218,0.0,30.0,0.35833333333333334,0.04375,1.4375,-2,bajo,0
2015,9,150141,LIMA,LIMA,SURQUILLO,MINSA,III-2,00006210,INSTITUTO NACIONAL DE ENFERMEDADES NEOPLASICAS,242100,HOSPITALIZACIÓN DE MEDICINA ONCOLOGÍA MÉDICA,198,233,4630,4630,125,3750,25,30,19.871244635193133,0.1072961373390558,30.0,1.2346666666666666,0.0528,1.864,-35,alto,2
2015,9,150141,LIMA,LIMA,SURQUILLO,MINSA,III-2,00006210,INSTITUTO NACIONAL DE ENFERMEDADES NEOPLASICAS,242300,HOSPITALIZACIÓN DE PEDIATRÍA PEDIATRÍA GENERAL,42,9,248,248,1,30,8,30,27.555555555555557,0.8888888888888888,30.0,8.266666666666667,1.4,9.0,33,alto,2
2015,9,150142,LIMA,LIMA,VILLA EL SALVADOR,ESSALUD,II-1,00008741,ULDARICO ROCCA FERNANDEZ,240100,HOSPITALIZACIÓN QUIRÚRGICA CIRUGÍA GENERAL,110,106,211,213,9,270,0,30,1.990566037735849,0.0,30.0,0.7888888888888889,0.4074074074074074,11.777777777777779,4,alto,2
2015,9,150142,LIMA,LIMA,VILLA EL SALVADOR,ESSALUD,II-1,00008741,ULDARICO ROCCA FERNANDEZ,241500,HOSPITALIZACIÓN QUIRÚRGICA GINECOLOGÍA,24,18,56,66,3,90,0,30,3.111111111111111,0.0,30.0,0.7333333333333333,0.26666666666666666,6.0,6,alto,2
2015,9,150142,LIMA,LIMA,VILLA EL SALVADOR,ESSALUD,II-1,00008741,ULDARICO ROCCA FERNANDEZ,241600,HOSPITALIZACIÓN QUIRÚRGICA OBSTETRICIA,270,275,542,450,15,450,0,30,1.970909090909091,0.0,30.0,1.0,0.6,18.333333333333332,-5,alto,2
2015,9,150142,LIMA,LIMA,VILLA EL SALVADOR,ESSALUD,II-1,00008741,ULDARICO ROCCA FERNANDEZ,241800,HOSPITALIZACIÓN DE MEDICINA MEDICINA GENERAL,38,38,220,226,8,240,3,30,5.7894736842105265,0.07894736842105263,30.0,0.9416666666666667,0.15833333333333333,4.75,0,alto,2
2015,9,150142,LIMA,LIMA,VILLA EL SALVADOR,ESSALUD,II-1,00008741,ULDARICO ROCCA FERNANDEZ,242300,HOSPITALIZACIÓN DE PEDIATRÍA PEDIATRÍA GENERAL,53,51,175,204,8,240,0,30,3.4313725490196076,0.0,30.0,0.85,0.22083333333333333,6.375,2,alto,2
2015,9,150142,LIMA,LIMA,VILLA EL SALVADOR,ESSALUD,II-1,00008741,ULDARICO ROCCA FERNANDEZ,250304,HOSPIT. EN UNIDAD DE CUID.INTEN.-UNIDAD DE VIGILANCIA INTENSIVA (UVI)-MEDICINA,4,5,38,43,2,60,1,30,7.6,0.2,30.0,0.7166666666666667,0.06666666666666667,2.5,-1,medio,1
2015,10,150101,LIMA,LIMA,LIMA,ESSALUD,II-2,00008502,HOSPITAL III EMERGENCIAS GRAU,240100,HOSPITALIZACIÓN QUIRÚRGICA CIRUGÍA GENERAL,296,293,890,840,30,930,0,31,3.037542662116041,0.0,31.0,0.9032258064516129,0.31827956989247314,9.766666666666667,3,alto,2
2015,10,150101,LIMA,LIMA,LIMA,ESSALUD,II-2,00008502,HOSPITAL III EMERGENCIAS GRAU,241200,HOSPITALIZACIÓN QUIRÚRGICA TRAUMATOLOGÍA Y ORTOPEDIA,36,34,474,444,15,465,0,31,13.941176470588236,0.0,31.0,0.9548387096774194,0.07741935483870968,2.2666666666666666,2,alto,2
2015,10,150101,LIMA,LIMA,LIMA,ESSALUD,II-2,00008502,HOSPITAL III EMERGENCIAS GRAU,241300,HOSPITALIZACIÓN QUIRÚRGICA UROLOGÍA,67,63,480,415,15,465,0,31,7.619047619047619,0.0,31.0,0.8924731182795699,0.14408602150537633,4.2,4,alto,2
2015,10,150101,LIMA,LIMA,LIMA,ESSALUD,II-2,00008502,HOSPITAL III EMERGENCIAS GRAU,241400,HOSPITALIZACIÓN QUIRÚRGICA GINECO - OBSTETRICIA,477,470,1001,1002,36,1140,0,31,2.129787234042553,0.0,31.666666666666668,0.8978494623655914,0.41842105263157897,13.055555555555555,7,alto,2
2015,10,150101,LIMA,LIMA,LIMA,ESSALUD,II-2,00008502,HOSPITAL III EMERGENCIAS GRAU,241900,HOSPITALIZACIÓN DE MEDICINA MEDICINA INTERNA,345,330,3259,2871,107,3309,12,31,9.875757575757575,0.03636363636363636,30.925233644859812,0.8655411516430509,0.1042611060743427,3.0841121495327104,15,alto,2
2015,10,150101,LIMA,LIMA,LIMA,ESSALUD,II-2,00008502,HOSPITAL III EMERGENCIAS GRAU,242300,HOSPITALIZACIÓN DE PEDIATRÍA PEDIATRÍA GENERAL,120,118,315,319,16,496,0,31,2.669491525423729,0.0,31.0,0.6431451612903226,0.24193548387096775,7.375,2,alto,2
2015,10,150101,LIMA,LIMA,LIMA,ESSALUD,II-2,00008502,HOSPITAL III EMERGENCIAS GRAU,243200,HOSPITALIZACIÓN DE PEDIATRÍA PEDIATRIA NEONATOLOGÍA,216,206,363,275,11,332,2,31,1.7621359223300972,0.009708737864077669,30.181818181818183,0.8064516129032258,0.6506024096385542,18.727272727272727,10,alto,2
2015,10,150101,LIMA,LIMA,LIMA,ESSALUD,II-2,00008502,HOSPITAL III EMERGENCIAS GRAU,250100,UNIDAD DE CUIDADOS CRITICOS UNIDAD DE CUIDADOS INTENSIVOS GENERALES (UCI),17,5,67,144,5,155,4,31,13.4,0.8,31.0,0.9290322580645162,0.10967741935483871,1.0,12,alto,2
2015,10,150101,LIMA,LIMA,LIMA,ESSALUD,II-2,00008502,HOSPITAL III EMERGENCIAS GRAU,250200,UNIDAD DE CUIDADOS CRITICOS UNIDAD DE CUIDADOS INTERMEDIOS GENERAL (UCIN),29,6,70,274,10,310,1,31,11.666666666666666,0.16666666666666666,31.0,0.8838709677419355,0.0935483870967742,0.6,23,alto,2
2015,10,150101,LIMA,LIMA,LIMA,MINSA,III-1,00006206,NACIONAL DOS DE MAYO,230400,EMERGENCIA SHOCKTRAUMA / PRIORIDAD 1,28,40,443,65,3,93,40,31,11.075,1.0,31.0,0.6989247311827957,0.3010752688172043,13.333333333333334,-12,alto,2
2015,10,150101,LIMA,LIMA,LIMA,MINSA,III-1,00006206,NACIONAL DOS DE MAYO,240100,HOSPITALIZACIÓN QUIRÚRGICA CIRUGÍA GENERAL,181,265,2760,2741,97,3007,1,31,10.415094339622641,0.0037735849056603774,31.0,0.9115397406052544,0.06019288327236448,2.731958762886598,-84,alto,2
2015,10,150101,LIMA,LIMA,LIMA,MINSA,III-1,00006206,NACIONAL DOS DE MAYO,240200,HOSPITALIZACIÓN QUIRÚRGICA CIRUGÍA DE CABEZA Y CUELLO / MÁXILO FACIAL,22,21,186,330,12,372,0,31,8.857142857142858,0.0,31.0,0.8870967741935484,0.05913978494623656,1.75,1,alto,2
2015,10,150101,LIMA,LIMA,LIMA,MINSA,III-1,00006206,NACIONAL DOS DE MAYO,240400,HOSPITALIZACIÓN QUIRÚRGICA CIRUGÍA DE TÓRAX Y CARDIOVASCULAR,11,27,304,284,14,434,2,31,11.25925925925926,0.07407407407407407,31.0,0.6543778801843319,0.02534562211981567,1.9285714285714286,-16,bajo,0
2015,10,150101,LIMA,LIMA,LIMA,MINSA,III-1,00006206,NACIONAL DOS DE MAYO,240700,HOSPITALIZACIÓN QUIRÚRGICA CIRUGÍA PEDIÁTRICA,21,21,145,147,6,186,0,31,6.904761904761905,0.0,31.0,0.7903225806451613,0.11290322580645161,3.5,0,medio,1
2015,10,150101,LIMA,LIMA,LIMA,MINSA,III-1,00006206,NACIONAL DOS DE MAYO,240800,HOSPITALIZACIÓN QUIRÚRGICA CIRUGÍA PLÁSTICA/RECONSTRUCTIVA/ REPARADORA,77,74,278,149,8,248,0,31,3.7567567567567566,0.0,31.0,0.6008064516129032,0.31048387096774194,9.25,3,alto,2
2015,10,150101,LIMA,LIMA,LIMA,MINSA,III-1,00006206,NACIONAL DOS DE MAYO,240900,HOSPITALIZACIÓN QUIRÚRGICA NEUROCIRUGÍA,26,31,483,518,20,620,2,31,15.580645161290322,0.06451612903225806,31.0,0.8354838709677419,0.041935483870967745,1.55,-5,medio,1
2015,10,150101,LIMA,LIMA,LIMA,MINSA,III-1,00006206,NACIONAL DOS DE MAYO,241100,HOSPITALIZACIÓN QUIRÚRGICA OTORRINOLARINGOLOGÍA,11,13,52,69,3,93,0,31,4.0,0.0,31.0,0.7419354838709677,0.11827956989247312,4.333333333333333,-2,medio,1
2015,10,150101,LIMA,LIMA,LIMA,MINSA,III-1,00006206,NACIONAL DOS DE MAYO,241200,HOSPITALIZACIÓN QUIRÚRGICA TRAUMATOLOGÍA Y ORTOPEDIA,58,71,1316,1129,40,1240,0,31,18.535211267605632,0.0,31.0,0.910483870967742,0.0467741935483871,1.775,-13,alto,2
2015,10,150101,LIMA,LIMA,LIMA,MINSA,III-1,00006206,NACIONAL DOS DE MAYO,241300,HOSPITALIZACIÓN QUIRÚRGICA UROLOGÍA,69,72,739,1154,40,1240,0,31,10.26388888888889,0.0,31.0,0.9306451612903226,0.055645161290322584,1.8,-3,alto,2
2015,10,150101,LIMA,LIMA,LIMA,MINSA,III-1,00006206,NACIONAL DOS DE MAYO,241400,HOSPITALIZACIÓN QUIRÚRGICA GINECO - OBSTETRICIA,383,402,1329,1250,52,1612,0,31,3.3059701492537314,0.0,31.0,0.7754342431761787,0.23759305210918114,7.730769230769231,-19,alto,2
2015,10,150101,LIMA,LIMA,LIMA,MINSA,III-1,00006206,NACIONAL DOS DE MAYO,241800,HOSPITALIZACIÓN DE MEDICINA MEDICINA GENERAL,405,404,5377,5661,204,6324,50,31,13.30940594059406,0.12376237623762376,31.0,0.8951612903225806,0.06404174573055028,1.9803921568627452,1,alto,2
2015,10,150101,LIMA,LIMA,LIMA,MINSA,III-1,00006206,NACIONAL DOS DE MAYO,242000,HOSPITALIZACIÓN DE MEDICINA MEDICINA TROPICAL E INFECCIOSAS,12,13,463,582,20,620,2,31,35.61538461538461,0.15384615384615385,31.0,0.9387096774193548,0.01935483870967742,0.65,-1,alto,2
2015,10,150101,LIMA,LIMA,LIMA,MINSA,III-1,00006206,NACIONAL DOS DE MAYO,242300,HOSPITALIZACIÓN DE PEDIATRÍA PEDIATRÍA GENERAL,251,261,1645,1310,47,1457,2,31,6.302681992337165,0.007662835249042145,31.0,0.8991077556623198,0.17227179135209333,5.553191489361702,-10,alto,2
2015,10,150101,LIMA,LIMA,LIMA,MINSA,III-1,00006206,NACIONAL DOS DE MAYO,243400,HOSPITALIZACIÓN DE PEDIATRÍA PEDIATRIA NEUROLOGÍA PEDIÁTRICA,30,41,612,765,28,868,4,31,14.926829268292684,0.0975609756097561,31.0,0.881336405529954,0.03456221198156682,1.4642857142857142,-11,alto,2
2015,10,150101,LIMA,LIMA,LIMA,MINSA,III-1,00006206,NACIONAL DOS DE MAYO,250100,UNIDAD DE CUIDADOS CRITICOS UNIDAD DE CUIDADOS INTENSIVOS GENERALES (UCI),17,12,300,141,6,186,11,31,25.0,0.9166666666666666,31.0,0.7580645161290323,0.0913978494623656,2.0,5,medio,1
2015,10,150101,LIMA,LIMA,LIMA,MINSA,III-1,00006206,NACIONAL DOS DE MAYO,250200,UNIDAD DE CUIDADOS CRITICOS UNIDAD DE CUIDADOS INTERMEDIOS GENERAL (UCIN),1,0,10,130,6,186,0,31,0.0,0.0,31.0,0.6989247311827957,0.005376344086021506,0.0,1,bajo,0
2015,10,150101,LIMA,LIMA,LIMA,MINSA,III-1,00006206,NACIONAL DOS DE MAYO,250500,HOSPIT. EN UNIDAD DE CUID.INTEN.-UNIDAD DE TRAUMA SHOCK-,0,0,1,168,6,186,0,31,0.0,0.0,31.0,0.9032258064516129,0.0,0.0,0,alto,2
2015,10,150101,LIMA,LIMA,LIMA,MINSA,III-1,00006207,NACIONAL ARZOBISPO LOAYZA,240100,HOSPITALIZACIÓN QUIRÚRGICA CIRUGÍA GENERAL,366,334,2632,2966,120,3720,2,31,7.880239520958084,0.005988023952095809,31.0,0.7973118279569893,0.09838709677419355,2.783333333333333,32,medio,1
2015,10,150101,LIMA,LIMA,LIMA,MINSA,III-1,00006207,NACIONAL ARZOBISPO LOAYZA,240200,HOSPITALIZACIÓN QUIRÚRGICA CIRUGÍA DE CABEZA Y CUELLO / MÁXILO FACIAL,34,25,242,267,15,465,0,31,9.68,0.0,31.0,0.5741935483870968,0.07311827956989247,1.6666666666666667,9,medio,1
2015,10,150101,LIMA,LIMA,LIMA,MINSA,III-1,00006207,NACIONAL ARZOBISPO LOAYZA,240800,HOSPITALIZACIÓN QUIRÚRGICA CIRUGÍA PLÁSTICA/RECONSTRUCTIVA/ REPARADORA,28,20,524,544,23,713,0,31,26.2,0.0,31.0,0.7629733520336606,0.03927068723702665,0.8695652173913043,8,medio,1
2015,10,150101,LIMA,LIMA,LIMA,MINSA,III-1,00006207,NACIONAL ARZOBISPO LOAYZA,240900,HOSPITALIZACIÓN QUIRÚRGICA NEUROCIRUGÍA,20,17,408,425,15,465,0,31,24.0,0.0,31.0,0.9139784946236559,0.043010752688172046,1.1333333333333333,3,alto,2
2015,10,150101,LIMA,LIMA,LIMA,MINSA,III-1,00006207,NACIONAL ARZOBISPO LOAYZA,241200,HOSPITALIZACIÓN QUIRÚRGICA TRAUMATOLOGÍA Y ORTOPEDIA,71,63,552,615,30,930,0,31,8.761904761904763,0.0,31.0,0.6612903225806451,0.07634408602150537,2.1,8,medio,1
2015,10,150101,LIMA,LIMA,LIMA,MINSA,III-1,00006207,NACIONAL ARZOBISPO LOAYZA,241300,HOSPITALIZACIÓN QUIRÚRGICA UROLOGÍA,89,77,605,682,32,992,0,31,7.857142857142857,0.0,31.0,0.6875,0.08971774193548387,2.40625,12,medio,1
2015,10,150101,LIMA,LIMA,LIMA,MINSA,III-1,00006207,NACIONAL ARZOBISPO LOAYZA,241500,HOSPITALIZACIÓN QUIRÚRGICA GINECOLOGÍA,169,159,1334,1493,49,1519,0,31,8.38993710691824,0.0,31.0,0.9828834759710335,0.11125740618828177,3.2448979591836733,10,alto,2
2015,10,150101,LIMA,LIMA,LIMA,MINSA,III-1,00006207,NACIONAL ARZOBISPO LOAYZA,241600,HOSPITALIZACIÓN QUIRÚRGICA OBSTETRICIA,380,354,1756,2110,79,2449,0,31,4.96045197740113,0.0,31.0,0.8615761535320539,0.15516537362188648,4.481012658227848,26,alto,2
2015,10,150101,LIMA,LIMA,LIMA,MINSA,III-1,00006207,NACIONAL ARZOBISPO LOAYZA,241700,HOSPITALIZACIÓN QUIRÚRGICA GINECOLOGÍA GINECOLOGIA ONCOLOGICA,25,24,154,178,8,248,0,31,6.416666666666667,0.0,31.0,0.717741935483871,0.10080645161290322,3.0,1,medio,1
2015,10,150101,LIMA,LIMA,LIMA,MINSA,III-1,00006207,NACIONAL ARZOBISPO LOAYZA,241800,HOSPITALIZACIÓN DE MEDICINA MEDICINA GENERAL,25,24,135,159,6,186,1,31,5.625,0.041666666666666664,31.0,0.8548387096774194,0.13440860215053763,4.0,1,alto,2
2015,10,150101,LIMA,LIMA,LIMA,MINSA,III-1,00006207,NACIONAL ARZOBISPO LOAYZA,241900,HOSPITALIZACIÓN DE MEDICINA MEDICINA INTERNA,561,479,4611,5090,244,7564,33,31,9.626304801670146,0.06889352818371608,31.0,0.6729243786356425,0.07416710735060815,1.9631147540983607,82,medio,1
2015,10,150101,LIMA,LIMA,LIMA,MINSA,III-1,00006207,NACIONAL ARZOBISPO LOAYZA,242300,HOSPITALIZACIÓN DE PEDIATRÍA PEDIATRÍA GENERAL,107,97,471,568,38,1178,0,31,4.855670103092783,0.0,31.0,0.48217317487266553,0.09083191850594227,2.5526315789473686,10,medio,1
2015,10,150101,LIMA,LIMA,LIMA,MINSA,III-1,00006207,NACIONAL ARZOBISPO LOAYZA,243200,HOSPITALIZACIÓN DE PEDIATRÍA PEDIATRIA NEONATOLOGÍA,336,309,979,1288,76,2356,3,31,3.168284789644013,0.009708737864077669,31.0,0.5466893039049237,0.14261460101867574,4.065789473684211,27,alto,2
2015,10,150101,LIMA,LIMA,LIMA,MINSA,III-1,00006207,NACIONAL ARZOBISPO LOAYZA,250100,UNIDAD DE CUIDADOS CRITICOS UNIDAD DE CUIDADOS INTENSIVOS GENERALES (UCI),19,15,136,151,6,186,0,31,9.066666666666666,0.0,31.0,0.8118279569892473,0.10215053763440861,2.5,4,medio,1
2015,10,150101,LIMA,LIMA,LIMA,MINSA,III-1,00006207,NACIONAL ARZOBISPO LOAYZA,250200,UNIDAD DE CUIDADOS CRITICOS UNIDAD DE CUIDADOS INTERMEDIOS GENERAL (UCIN),68,64,410,474,16,496,10,31,6.40625,0.15625,31.0,0.9556451612903226,0.13709677419354838,4.0,4,alto,2
2015,10,150101,LIMA,LIMA,LIMA,MINSA,III-1,00006215,HOSPITAL NACIONAL DOCENTE MADRE NIÑO SAN BARTOLOME,240100,HOSPITALIZACIÓN QUIRÚRGICA CIRUGÍA GENERAL,58,64,478,606,35,1085,0,31,7.46875,0.0,31.0,0.5585253456221199,0.053456221198156684,1.8285714285714285,-6,bajo,0
2015,10,150101,LIMA,LIMA,LIMA,MINSA,III-1,00006215,HOSPITAL NACIONAL DOCENTE MADRE NIÑO SAN BARTOLOME,241400,HOSPITALIZACIÓN QUIRÚRGICA GINECO - OBSTETRICIA,37,4,4,132,4,135,0,31,1.0,0.0,33.75,1.064516129032258,0.2740740740740741,1.0,33,alto,2
2015,10,150101,LIMA,LIMA,LIMA,MINSA,III-1,00006215,HOSPITAL NACIONAL DOCENTE MADRE NIÑO SAN BARTOLOME,241500,HOSPITALIZACIÓN QUIRÚRGICA GINECOLOGÍA,43,78,242,197,8,238,0,31,3.1025641025641026,0.0,29.75,0.7943548387096774,0.18067226890756302,9.75,-35,alto,2
2015,10,150101,LIMA,LIMA,LIMA,MINSA,III-1,00006215,HOSPITAL NACIONAL DOCENTE MADRE NIÑO SAN BARTOLOME,241600,HOSPITALIZACIÓN QUIRÚRGICA OBSTETRICIA,654,666,2432,2407,83,2575,0,31,3.6516516516516515,0.0,31.02409638554217,0.9354838709677419,0.25398058252427186,8.024096385542169,-12,alto,2
2015,10,150101,LIMA,LIMA,LIMA,MINSA,III-1,00006215,HOSPITAL NACIONAL DOCENTE MADRE NIÑO SAN BARTOLOME,242100,HOSPITALIZACIÓN DE MEDICINA ONCOLOGÍA MÉDICA,10,22,78,47,2,56,0,31,3.5454545454545454,0.0,28.0,0.7580645161290323,0.17857142857142858,11.0,-12,alto,2
2015,10,150101,LIMA,LIMA,LIMA,MINSA,III-1,00006215,HOSPITAL NACIONAL DOCENTE MADRE NIÑO SAN BARTOLOME,242500,HOSPITALIZACIÓN-PEDIATRÍA GENERAL-,90,95,609,765,31,971,1,31,6.410526315789474,0.010526315789473684,31.322580645161292,0.7960457856399584,0.09268795056642637,3.064516129032258,-5,medio,1
2015,10,150101,LIMA,LIMA,LIMA,MINSA,III-1,00006215,HOSPITAL NACIONAL DOCENTE MADRE NIÑO SAN BARTOLOME,243200,HOSPITALIZACIÓN DE PEDIATRÍA PEDIATRIA NEONATOLOGÍA,97,101,835,697,22,697,0,31,8.267326732673267,0.0,31.681818181818183,1.0219941348973607,0.13916786226685796,4.590909090909091,-4,alto,2
2015,10,150101,LIMA,LIMA,LIMA,MINSA,III-1,00006215,HOSPITAL NACIONAL DOCENTE MADRE NIÑO SAN BARTOLOME,250102,UNIDAD DE CUIDADOS CRITICOS UNIDAD DE CUIDADOS INTENSIVOS GENERALES (UCI) GINECO-OBSTETRICIA,0,1,8,48,3,93,0,31,8.0,0.0,31.0,0.5161290322580645,0.0,0.3333333333333333,-1,bajo,0
2015,10,150101,LIMA,LIMA,LIMA,MINSA,III-1,00006215,HOSPITAL NACIONAL DOCENTE MADRE NIÑO SAN BARTOLOME,250105,UNIDAD DE CUIDADOS CRITICOS UNIDAD DE CUIDADOS INTENSIVOS (UCI) NEONATOLOGÍA,9,7,32,204,7,204,6,31,4.571428571428571,0.8571428571428571,29.142857142857142,0.9400921658986175,0.04411764705882353,1.0,2,alto,2
2015,10,150101,LIMA,LIMA,LIMA,MINSA,III-1,00006215,HOSPITAL NACIONAL DOCENTE MADRE NIÑO SAN BARTOLOME,250108,UNIDAD DE CUIDADOS CRITICOS UNIDAD DE CUIDADOS INTENSIVOS (UCI) PEDIÁTRICA,6,3,117,175,7,213,3,31,39.0,1.0,30.428571428571427,0.8064516129032258,0.028169014084507043,0.42857142857142855,3,medio,1
2015,10,150101,LIMA,LIMA,LIMA,MINSA,III-2,00006208,INSTITUTO NACIONAL MATERNO PERINATAL,241400,HOSPITALIZACIÓN QUIRÚRGICA GINECO - OBSTETRICIA,1905,1830,5582,6241,248,7688,0,31,3.050273224043716,0.0,31.0,0.8117845993756504,0.24778876170655567,7.379032258064516,75,alto,2
2015,10,150101,LIMA,LIMA,LIMA,MINSA,III-2,00006208,INSTITUTO NACIONAL MATERNO PERINATAL,241500,HOSPITALIZACIÓN QUIRÚRGICA GINECOLOGÍA,139,147,450,499,20,620,0,31,3.061224489795918,0.0,31.0,0.8048387096774193,0.22419354838709676,7.35,-8,alto,2
2015,10,150101,LIMA,LIMA,LIMA,MINSA,III-2,00006208,INSTITUTO NACIONAL MATERNO PERINATAL,243200,HOSPITALIZACIÓN DE PEDIATRÍA PEDIATRIA NEONATOLOGÍA,530,451,2669,2763,95,2945,4,31,5.917960088691796,0.008869179600886918,31.0,0.9382003395585738,0.1799660441426146,4.747368421052632,79,alto,2
2015,10,150101,LIMA,LIMA,LIMA,MINSA,III-2,00006208,INSTITUTO NACIONAL MATERNO PERINATAL,250102,UNIDAD DE CUIDADOS CRITICOS UNIDAD DE CUIDADOS INTENSIVOS GENERALES (UCI) GINECO-OBSTETRICIA,53,49,249,257,10,310,1,31,5.081632653061225,0.02040816326530612,31.0,0.8290322580645161,0.17096774193548386,4.9,4,alto,2
2015,10,150101,LIMA,LIMA,LIMA,MINSA,III-2,00006208,INSTITUTO NACIONAL MATERNO PERINATAL,250105,UNIDAD DE CUIDADOS CRITICOS UNIDAD DE CUIDADOS INTENSIVOS (UCI) NEONATOLOGÍA,44,11,327,838,30,930,10,31,29.727272727272727,0.9090909090909091,31.0,0.9010752688172043,0.047311827956989246,0.36666666666666664,33,alto,2
2015,10,150101,LIMA,LIMA,LIMA,MINSA,III-2,00006209,INSTITUTO NACIONAL DE CIENCIAS NEUROLOGICAS,240900,HOSPITALIZACIÓN QUIRÚRGICA NEUROCIRUGÍA,140,74,1427,1248,41,1271,1,31,19.283783783783782,0.013513513513513514,31.0,0.981904012588513,0.11014948859166011,1.8048780487804879,66,alto,2
2015,10,150101,LIMA,LIMA,LIMA,MINSA,III-2,00006209,INSTITUTO NACIONAL DE CIENCIAS NEUROLOGICAS,241100,HOSPITALIZACIÓN QUIRÚRGICA OTORRINOLARINGOLOGÍA,0,0,0,0,0,0,0,31,0.0,0.0,0.0,0.0,0.0,0.0,0,alto,2
2015,10,150101,LIMA,LIMA,LIMA,MINSA,III-2,00006209,INSTITUTO NACIONAL DE CIENCIAS NEUROLOGICAS,243400,HOSPITALIZACIÓN DE PEDIATRÍA PEDIATRIA NEUROLOGÍA PEDIÁTRICA,9,11,111,214,20,620,0,31,10.090909090909092,0.0,31.0,0.34516129032258064,0.014516129032258065,0.55,-2,bajo,0
2015,10,150101,LIMA,LIMA,LIMA,MINSA,III-2,00006209,INSTITUTO NACIONAL DE CIENCIAS NEUROLOGICAS,244800,HOSPITALIZACIÓN-HOSPITALIZACIÓN DE MEDICINA-GERIATRIA,12,10,192,272,20,620,0,31,19.2,0.0,31.0,0.43870967741935485,0.01935483870967742,0.5,2,bajo,0
2015,10,150101,LIMA,LIMA,LIMA,MINSA,III-2,00006209,INSTITUTO NACIONAL DE CIENCIAS NEUROLOGICAS,244900,HOSPITALIZACIÓN DE MEDICINA NEUROLOGIA NEURODEGENERATIVAS,13,15,360,637,44,1364,1,31,24.0,0.06666666666666667,31.0,0.4670087976539589,0.009530791788856305,0.3409090909090909,-2,bajo,0
2015,10,150101,LIMA,LIMA,LIMA,MINSA,III-2,00006209,INSTITUTO NACIONAL DE CIENCIAS NEUROLOGICAS,245000,HOSPITALIZACIÓN DE MEDICINA NEUROLOGIA NEUROVASCULARES Y METABOLICAS,22,22,312,341,13,403,0,31,14.181818181818182,0.0,31.0,0.8461538461538461,0.05459057071960298,1.6923076923076923,0,medio,1
2015,10,150101,LIMA,LIMA,LIMA,MINSA,III-2,00006209,INSTITUTO NACIONAL DE CIENCIAS NEUROLOGICAS,245100,HOSPITALIZACIÓN DE MEDICINA NEUROLOGIA ENFERMEDADES INFECCIOSAS/TRANSMISIBLES DEL SISTEMA NERVIOSO,30,31,765,589,28,868,2,31,24.677419354838708,0.06451612903225806,31.0,0.6785714285714286,0.03456221198156682,1.1071428571428572,-1,bajo,0
2015,10,150101,LIMA,LIMA,LIMA,MINSA,III-2,00006209,INSTITUTO NACIONAL DE CIENCIAS NEUROLOGICAS,245200,HOSPITALIZACIÓN DE MEDICINA NEUROLOGIA EPILEPSIA/EPILEPTOLOGIA,31,30,302,338,17,527,0,31,10.066666666666666,0.0,31.0,0.6413662239089184,0.058823529411764705,1.7647058823529411,1,bajo,0
2015,10,150101,LIMA,LIMA,LIMA,MINSA,III-2,00006209,INSTITUTO NACIONAL DE CIENCIAS NEUROLOGICAS,250106,UNIDAD DE CUIDADOS CRITICOS UNIDAD DE CUIDADOS INTENSIVOS (UCI) NEUROLÓGICA,5,1,2,120,4,124,1,31,2.0,1.0,31.0,0.967741935483871,0.04032258064516129,0.25,4,alto,2
2015,10,150101,LIMA,LIMA,LIMA,MINSA,III-2,00006217,INO DR. FRANCISCO CONTRERAS C.,240600,HOSPITALIZACIÓN QUIRÚRGICA CIRUGÍA OFTALMOLÓGICA,72,68,97,68,11,341,0,31,1.4264705882352942,0.0,31.0,0.19941348973607037,0.21114369501466276,6.181818181818182,4,alto,2
2015,10,150103,LIMA,LIMA,ATE,ESSALUD,II-1,00008353,ESSALUD - HOSPITAL II VITARTE,240100,HOSPITALIZACIÓN QUIRÚRGICA CIRUGÍA GENERAL,128,124,295,346,12,372,0,31,2.379032258064516,0.0,31.0,0.9301075268817204,0.34408602150537637,10.333333333333334,4,alto,2
2015,10,150103,LIMA,LIMA,ATE,ESSALUD,II-1,00008353,ESSALUD - HOSPITAL II VITARTE,241200,HOSPITALIZACIÓN QUIRÚRGICA TRAUMATOLOGÍA Y ORTOPEDIA,36,42,265,215,8,248,0,31,6.309523809523809,0.0,31.0,0.8669354838709677,0.14516129032258066,5.25,-6,alto,2
2015,10,150103,LIMA,LIMA,ATE,ESSALUD,II-1,00008353,ESSALUD - HOSPITAL II VITARTE,241300,HOSPITALIZACIÓN QUIRÚRGICA UROLOGÍA,19,16,61,78,7,217,0,31,3.8125,0.0,31.0,0.35944700460829493,0.08755760368663594,2.2857142857142856,3,medio,1
2015,10,150103,LIMA,LIMA,ATE,ESSALUD,II-1,00008353,ESSALUD - HOSPITAL II VITARTE,241500,HOSPITALIZACIÓN QUIRÚRGICA GINECOLOGÍA,64,70,143,104,4,124,0,31,2.0428571428571427,0.0,31.0,0.8387096774193549,0.5161290322580645,17.5,-6,alto,2
2015,10,150103,LIMA,LIMA,ATE,ESSALUD,II-1,00008353,ESSALUD - HOSPITAL II VITARTE,241900,HOSPITALIZACIÓN DE MEDICINA MEDICINA INTERNA,124,115,862,871,29,899,7,31,7.495652173913044,0.06086956521739131,31.0,0.9688542825361512,0.13793103448275862,3.9655172413793105,9,alto,2
2015,10,150103,LIMA,LIMA,ATE,ESSALUD,II-1,00008353,ESSALUD - HOSPITAL II VITARTE,242300,HOSPITALIZACIÓN DE PEDIATRÍA PEDIATRÍA GENERAL,83,81,255,258,9,279,0,31,3.1481481481481484,0.0,31.0,0.9247311827956989,0.2974910394265233,9.0,2,alto,2
2015,10,150103,LIMA,LIMA,ATE,ESSALUD,II-1,00008353,ESSALUD - HOSPITAL II VITARTE,250304,HOSPIT. EN UNIDAD DE CUID.INTEN.-UNIDAD DE VIGILANCIA INTENSIVA (UVI)-MEDICINA,7,8,24,22,4,124,1,31,3.0,0.125,31.0,0.1774193548387097,0.056451612903225805,2.0,-1,bajo,0
2015,10,150105,LIMA,LIMA,BREÑA,MINSA,III-2,00006216,INSTITUTO NACIONAL DE SALUD DEL NIÑO,240200,HOSPITALIZACIÓN QUIRÚRGICA CIRUGÍA DE CABEZA Y CUELLO / MÁXILO FACIAL,14,23,281,176,8,248,0,31,12.217391304347826,0.0,31.0,0.7096774193548387,0.056451612903225805,2.875,-9,medio,1
2015,10,150105,LIMA,LIMA,BREÑA,MINSA,III-2,00006216,INSTITUTO NACIONAL DE SALUD DEL NIÑO,240400,HOSPITALIZACIÓN QUIRÚRGICA CIRUGÍA DE TÓRAX Y CARDIOVASCULAR,10,15,369,510,19,589,1,31,24.6,0.06666666666666667,31.0,0.865874363327674,0.01697792869269949,0.7894736842105263,-5,alto,2
2015,10,150105,LIMA,LIMA,BREÑA,MINSA,III-2,00006216,INSTITUTO NACIONAL DE SALUD DEL NIÑO,240700,HOSPITALIZACIÓN QUIRÚRGICA CIRUGÍA PEDIÁTRICA,21,86,742,621,21,651,0,31,8.627906976744185,0.0,31.0,0.9539170506912442,0.03225806451612903,4.095238095238095,-65,alto,2
2015,10,150105,LIMA,LIMA,BREÑA,MINSA,III-2,00006216,INSTITUTO NACIONAL DE SALUD DEL NIÑO,240801,HOSPITALIZACIÓN QUIRÚRGICA CIRUGÍA PLÁSTICA/RECONSTRUCTIVA/ REPARADORA QUEMADOS,43,49,447,571,26,806,1,31,9.122448979591837,0.02040816326530612,31.0,0.7084367245657568,0.05334987593052109,1.8846153846153846,-6,medio,1
2015,10,150105,LIMA,LIMA,BREÑA,MINSA,III-2,00006216,INSTITUTO NACIONAL DE SALUD DEL NIÑO,240900,HOSPITALIZACIÓN QUIRÚRGICA NEUROCIRUGÍA,11,35,846,694,23,713,0,31,24.17142857142857,0.0,31.0,0.9733520336605891,0.015427769985974754,1.5217391304347827,-24,alto,2
2015,10,150105,LIMA,LIMA,BREÑA,MINSA,III-2,00006216,INSTITUTO NACIONAL DE SALUD DEL NIÑO,241200,HOSPITALIZACIÓN QUIRÚRGICA TRAUMATOLOGÍA Y ORTOPEDIA,17,50,697,845,36,1116,0,31,13.94,0.0,31.0,0.757168458781362,0.015232974910394265,1.3888888888888888,-33,medio,1
2015,10,150105,LIMA,LIMA,BREÑA,MINSA,III-2,00006216,INSTITUTO NACIONAL DE SALUD DEL NIÑO,241300,HOSPITALIZACIÓN QUIRÚRGICA UROLOGÍA,21,17,205,267,10,310,0,31,12.058823529411764,0.0,31.0,0.8612903225806452,0.06774193548387097,1.7,4,alto,2
2015,10,150105,LIMA,LIMA,BREÑA,MINSA,III-2,00006216,INSTITUTO NACIONAL DE SALUD DEL NIÑO,242000,HOSPITALIZACIÓN DE MEDICINA MEDICINA TROPICAL E INFECCIOSAS,11,49,909,732,28,868,0,31,18.551020408163264,0.0,31.0,0.8433179723502304,0.012672811059907835,1.75,-38,medio,1
2015,10,150105,LIMA,LIMA,BREÑA,MINSA,III-2,00006216,INSTITUTO NACIONAL DE SALUD DEL NIÑO,242300,HOSPITALIZACIÓN DE PEDIATRÍA PEDIATRÍA GENERAL,0,190,2847,2253,77,2387,1,31,14.98421052631579,0.005263157894736842,31.0,0.9438625890238793,0.0,2.4675324675324677,-190,alto,2
2015,10,150105,LIMA,LIMA,BREÑA,MINSA,III-2,00006216,INSTITUTO NACIONAL DE SALUD DEL NIÑO,242600,HOSPITALIZACIÓN DE PEDIATRÍA PEDIATRIA CARDIOLOGÍA PEDIÁTRICA,19,27,810,487,24,744,2,31,30.0,0.07407407407407407,31.0,0.6545698924731183,0.025537634408602152,1.125,-8,bajo,0
2015,10,150105,LIMA,LIMA,BREÑA,MINSA,III-2,00006216,INSTITUTO NACIONAL DE SALUD DEL NIÑO,242700,HOSPITALIZACIÓN DE PEDIATRÍA PEDIATRIA DERMATOLOGÍA PEDIÁTRICA,2,21,203,275,10,310,0,31,9.666666666666666,0.0,31.0,0.8870967741935484,0.0064516129032258064,2.1,-19,alto,2
2015,10,150105,LIMA,LIMA,BREÑA,MINSA,III-2,00006216,INSTITUTO NACIONAL DE SALUD DEL NIÑO,242900,HOSPITALIZACIÓN DE PEDIATRÍA PEDIATRIA GASTROENTEROLOGÍA PEDIÁTRICA,9,13,245,304,10,310,0,31,18.846153846153847,0.0,31.0,0.9806451612903225,0.02903225806451613,1.3,-4,alto,2
2015,10,150105,LIMA,LIMA,BREÑA,MINSA,III-2,00006216,INSTITUTO NACIONAL DE SALUD DEL NIÑO,243000,HOSPITALIZACIÓN DE PEDIATRÍA PEDIATRIA GINECOLOGÍA PEDIÁTRICA,8,13,40,36,2,62,0,31,3.076923076923077,0.0,31.0,0.5806451612903226,0.12903225806451613,6.5,-5,alto,2
2015,10,150105,LIMA,LIMA,BREÑA,MINSA,III-2,00006216,INSTITUTO NACIONAL DE SALUD DEL NIÑO,243100,HOSPITALIZACIÓN DE PEDIATRÍA PEDIATRIA NEFROLOGÍA PEDIÁTRICA,6,13,232,182,6,186,0,31,17.846153846153847,0.0,31.0,0.978494623655914,0.03225806451612903,2.1666666666666665,-7,alto,2
2015,10,150105,LIMA,LIMA,BREÑA,MINSA,III-2,00006216,INSTITUTO NACIONAL DE SALUD DEL NIÑO,243200,HOSPITALIZACIÓN DE PEDIATRÍA PEDIATRIA NEONATOLOGÍA,0,6,188,275,10,310,2,31,31.333333333333332,0.3333333333333333,31.0,0.8870967741935484,0.0,0.6,-6,alto,2
2015,10,150105,LIMA,LIMA,BREÑA,MINSA,III-2,00006216,INSTITUTO NACIONAL DE SALUD DEL NIÑO,243300,HOSPITALIZACIÓN DE PEDIATRÍA PEDIATRIA NEUMOLOGÍA PEDIÁTRICA,5,23,973,682,23,713,1,31,42.30434782608695,0.043478260869565216,31.0,0.9565217391304348,0.0070126227208976155,1.0,-18,alto,2
2015,10,150105,LIMA,LIMA,BREÑA,MINSA,III-2,00006216,INSTITUTO NACIONAL DE SALUD DEL NIÑO,243400,HOSPITALIZACIÓN DE PEDIATRÍA PEDIATRIA NEUROLOGÍA PEDIÁTRICA,2,20,430,463,15,465,0,31,21.5,0.0,31.0,0.9956989247311828,0.004301075268817204,1.3333333333333333,-18,alto,2
2015,10,150105,LIMA,LIMA,BREÑA,MINSA,III-2,00006216,INSTITUTO NACIONAL DE SALUD DEL NIÑO,243500,HOSPITALIZACIÓN DE PEDIATRÍA PEDIATRIA OFTALMOLOGÍA PEDIÁTRICA,0,1,6,7,2,62,0,31,6.0,0.0,31.0,0.11290322580645161,0.0,0.5,-1,bajo,0
2015,10,150105,LIMA,LIMA,BREÑA,MINSA,III-2,00006216,INSTITUTO NACIONAL DE SALUD DEL NIÑO,243700,HOSPITALIZACIÓN DE PEDIATRÍA PEDIATRIA OTORRINOLARINGOLOGÍA PEDIÁTRICA,25,32,217,143,13,403,0,31,6.78125,0.0,31.0,0.3548387096774194,0.062034739454094295,2.4615384615384617,-7,bajo,0
2015,10,150105,LIMA,LIMA,BREÑA,MINSA,III-2,00006216,INSTITUTO NACIONAL DE SALUD DEL NIÑO,244500,HOSPITALIZACIÓN DE MEDICINA HEMATOLOGÍA,2,1,68,71,4,124,1,31,68.0,1.0,31.0,0.5725806451612904,0.016129032258064516,0.25,1,bajo,0
2015,10,150105,LIMA,LIMA,BREÑA,MINSA,III-2,00006216,INSTITUTO NACIONAL DE SALUD DEL NIÑO,250108,UNIDAD DE CUIDADOS CRITICOS UNIDAD DE CUIDADOS INTENSIVOS (UCI) PEDIÁTRICA,0,10,1229,476,16,496,8,31,122.9,0.8,31.0,0.9596774193548387,0.0,0.625,-10,alto,2
2015,10,150108,LIMA,LIMA,CHORRILLOS,MINSA,III-2,00007734,"INSTITUTO NACIONAL DE REHABILITACION ""DRA. ADRIANA REBAZA FLORES"" AMISTAD PERU - JAPON",240000,HOSPITALIZACIÓN,15,12,1394,827,36,1116,0,31,116.16666666666667,0.0,31.0,0.7410394265232975,0.013440860215053764,0.3333333333333333,3,medio,1
2015,10,150110,LIMA,LIMA,COMAS,MINSA,III-1,00007634,NACIONAL SERGIO E. BERNALES,240100,HOSPITALIZACIÓN QUIRÚRGICA CIRUGÍA GENERAL,188,256,2383,1945,75,2325,0,31,9.30859375,0.0,31.0,0.8365591397849462,0.08086021505376344,3.4133333333333336,-68,medio,1
2015,10,150110,LIMA,LIMA,COMAS,MINSA,III-1,00007634,NACIONAL SERGIO E. BERNALES,241200,HOSPITALIZACIÓN QUIRÚRGICA TRAUMATOLOGÍA Y ORTOPEDIA,17,35,649,620,24,744,0,31,18.542857142857144,0.0,31.0,0.8333333333333334,0.0228494623655914,1.4583333333333333,-18,medio,1
2015,10,150110,LIMA,LIMA,COMAS,MINSA,III-1,00007634,NACIONAL SERGIO E. BERNALES,241500,HOSPITALIZACIÓN QUIRÚRGICA GINECOLOGÍA,55,61,222,460,15,465,0,31,3.639344262295082,0.0,31.0,0.989247311827957,0.11827956989247312,4.066666666666666,-6,alto,2
2015,10,150110,LIMA,LIMA,COMAS,MINSA,III-1,00007634,NACIONAL SERGIO E. BERNALES,241600,HOSPITALIZACIÓN QUIRÚRGICA OBSTETRICIA,711,785,2007,1730,80,2480,0,31,2.556687898089172,0.0,31.0,0.6975806451612904,0.28669354838709676,9.8125,-74,alto,2
2015,10,150110,LIMA,LIMA,COMAS,MINSA,III-1,00007634,NACIONAL SERGIO E. BERNALES,241900,HOSPITALIZACIÓN DE MEDICINA MEDICINA INTERNA,77,122,1738,1984,69,2094,16,31,14.245901639344263,0.13114754098360656,30.347826086956523,0.927536231884058,0.03677172874880611,1.7681159420289856,-45,alto,2
2015,10,150110,LIMA,LIMA,COMAS,MINSA,III-1,00007634,NACIONAL SERGIO E. BERNALES,242300,HOSPITALIZACIÓN DE PEDIATRÍA PEDIATRÍA GENERAL,142,157,658,1088,40,1240,0,31,4.191082802547771,0.0,31.0,0.8774193548387097,0.11451612903225807,3.925,-15,alto,2
2015,10,150110,LIMA,LIMA,COMAS,MINSA,III-1,00007634,NACIONAL SERGIO E. BERNALES,243200,HOSPITALIZACIÓN DE PEDIATRÍA PEDIATRIA NEONATOLOGÍA,132,166,832,630,32,992,3,31,5.0120481927710845,0.018072289156626505,31.0,0.6350806451612904,0.13306451612903225,5.1875,-34,alto,2
2015,10,150110,LIMA,LIMA,COMAS,MINSA,III-1,00007634,NACIONAL SERGIO E. BERNALES,250200,UNIDAD DE CUIDADOS CRITICOS UNIDAD DE CUIDADOS INTERMEDIOS GENERAL (UCIN),1,2,21,113,4,124,2,31,10.5,1.0,31.0,0.9112903225806451,0.008064516129032258,0.5,-1,alto,2
2015,10,150111,LIMA,LIMA,EL AGUSTINO,MINSA,III-1,00005946,HOSPITAL NACIONAL HIPOLITO UNANUE,240100,HOSPITALIZACIÓN QUIRÚRGICA CIRUGÍA GENERAL,230,257,3907,3679,117,3627,5,31,15.202334630350194,0.019455252918287938,31.0,1.014336917562724,0.06341328921974083,2.1965811965811968,-27,alto,2
2015,10,150111,LIMA,LIMA,EL AGUSTINO,MINSA,III-1,00005946,HOSPITAL NACIONAL HIPOLITO UNANUE,240200,HOSPITALIZACIÓN QUIRÚRGICA CIRUGÍA DE CABEZA Y CUELLO / MÁXILO FACIAL,23,25,210,332,12,372,0,31,8.4,0.0,31.0,0.8924731182795699,0.06182795698924731,2.0833333333333335,-2,alto,2
2015,10,150111,LIMA,LIMA,EL AGUSTINO,MINSA,III-1,00005946,HOSPITAL NACIONAL HIPOLITO UNANUE,240700,HOSPITALIZACIÓN QUIRÚRGICA CIRUGÍA PEDIÁTRICA,46,54,232,194,7,217,0,31,4.296296296296297,0.0,31.0,0.8940092165898618,0.2119815668202765,7.714285714285714,-8,alto,2
2015,10,150111,LIMA,LIMA,EL AGUSTINO,MINSA,III-1,00005946,HOSPITAL NACIONAL HIPOLITO UNANUE,240800,HOSPITALIZACIÓN QUIRÚRGICA CIRUGÍA PLÁSTICA/RECONSTRUCTIVA/ REPARADORA,7,14,430,270,10,310,0,31,30.714285714285715,0.0,31.0,0.8709677419354839,0.02258064516129032,1.4,-7,alto,2
2015,10,150111,LIMA,LIMA,EL AGUSTINO,MINSA,III-1,00005946,HOSPITAL NACIONAL HIPOLITO UNANUE,240900,HOSPITALIZACIÓN QUIRÚRGICA NEUROCIRUGÍA,26,28,759,888,22,682,5,31,27.107142857142858,0.17857142857142858,31.0,1.3020527859237536,0.03812316715542522,1.2727272727272727,-2,alto,2
2015,10,150111,LIMA,LIMA,EL AGUSTINO,MINSA,III-1,00005946,HOSPITAL NACIONAL HIPOLITO UNANUE,241100,HOSPITALIZACIÓN QUIRÚRGICA OTORRINOLARINGOLOGÍA,12,11,35,73,6,186,0,31,3.1818181818181817,0.0,31.0,0.3924731182795699,0.06451612903225806,1.8333333333333333,1,bajo,0
2015,10,150111,LIMA,LIMA,EL AGUSTINO,MINSA,III-1,00005946,HOSPITAL NACIONAL HIPOLITO UNANUE,241200,HOSPITALIZACIÓN QUIRÚRGICA TRAUMATOLOGÍA Y ORTOPEDIA,64,64,1746,1287,50,1550,0,31,27.28125,0.0,31.0,0.8303225806451613,0.04129032258064516,1.28,0,medio,1
2015,10,150111,LIMA,LIMA,EL AGUSTINO,MINSA,III-1,00005946,HOSPITAL NACIONAL HIPOLITO UNANUE,241300,HOSPITALIZACIÓN QUIRÚRGICA UROLOGÍA,21,18,237,314,12,372,0,31,13.166666666666666,0.0,31.0,0.8440860215053764,0.056451612903225805,1.5,3,medio,1
2015,10,150111,LIMA,LIMA,EL AGUSTINO,MINSA,III-1,00005946,HOSPITAL NACIONAL HIPOLITO UNANUE,241400,HOSPITALIZACIÓN QUIRÚRGICA GINECO - OBSTETRICIA,30,27,63,68,6,186,0,31,2.3333333333333335,0.0,31.0,0.3655913978494624,0.16129032258064516,4.5,3,alto,2
2015,10,150111,LIMA,LIMA,EL AGUSTINO,MINSA,III-1,00005946,HOSPITAL NACIONAL HIPOLITO UNANUE,241500,HOSPITALIZACIÓN QUIRÚRGICA GINECOLOGÍA,87,80,430,892,35,1085,0,31,5.375,0.0,31.0,0.8221198156682028,0.08018433179723503,2.2857142857142856,7,medio,1
2015,10,150111,LIMA,LIMA,EL AGUSTINO,MINSA,III-1,00005946,HOSPITAL NACIONAL HIPOLITO UNANUE,241600,HOSPITALIZACIÓN QUIRÚRGICA OBSTETRICIA,687,708,1849,1504,67,2077,0,31,2.611581920903955,0.0,31.0,0.7241213288396726,0.3307655272026962,10.567164179104477,-21,alto,2
2015,10,150111,LIMA,LIMA,EL AGUSTINO,MINSA,III-1,00005946,HOSPITAL NACIONAL HIPOLITO UNANUE,241800,HOSPITALIZACIÓN DE MEDICINA MEDICINA GENERAL,34,29,780,759,18,558,2,31,26.896551724137932,0.06896551724137931,31.0,1.3602150537634408,0.06093189964157706,1.6111111111111112,5,alto,2
2015,10,150111,LIMA,LIMA,EL AGUSTINO,MINSA,III-1,00005946,HOSPITAL NACIONAL HIPOLITO UNANUE,241900,HOSPITALIZACIÓN DE MEDICINA MEDICINA INTERNA,310,324,4116,4923,170,5270,52,31,12.703703703703704,0.16049382716049382,31.0,0.9341555977229602,0.058823529411764705,1.9058823529411764,-14,alto,2
2015,10,150111,LIMA,LIMA,EL AGUSTINO,MINSA,III-1,00005946,HOSPITAL NACIONAL HIPOLITO UNANUE,242200,HOSPITALIZACIÓN DE MEDICINA PSIQUIATRÍA,16,16,56,87,3,93,0,31,3.5,0.0,31.0,0.9354838709677419,0.17204301075268819,5.333333333333333,0,alto,2
2015,10,150111,LIMA,LIMA,EL AGUSTINO,MINSA,III-1,00005946,HOSPITAL NACIONAL HIPOLITO UNANUE,242300,HOSPITALIZACIÓN DE PEDIATRÍA PEDIATRÍA GENERAL,118,133,770,1077,40,1240,2,31,5.7894736842105265,0.015037593984962405,31.0,0.8685483870967742,0.09516129032258064,3.325,-15,alto,2
2015,10,150111,LIMA,LIMA,EL AGUSTINO,MINSA,III-1,00005946,HOSPITAL NACIONAL HIPOLITO UNANUE,243200,HOSPITALIZACIÓN DE PEDIATRÍA PEDIATRIA NEONATOLOGÍA,108,109,1246,1070,47,1457,5,31,11.431192660550458,0.045871559633027525,31.0,0.7343857240905971,0.07412491420727522,2.3191489361702127,-1,medio,1
2015,10,150111,LIMA,LIMA,EL AGUSTINO,MINSA,III-1,00005946,HOSPITAL NACIONAL HIPOLITO UNANUE,250200,UNIDAD DE CUIDADOS CRITICOS UNIDAD DE CUIDADOS INTERMEDIOS GENERAL (UCIN),15,6,77,211,7,217,3,31,12.833333333333334,0.5,31.0,0.9723502304147466,0.06912442396313365,0.8571428571428571,9,alto,2
2015,10,150113,LIMA,LIMA,JESUS MARIA,ESSALUD,III-2,00008720,HOSPITAL NACIONAL EDGARDO REBAGLIATI MARTINS,240100,HOSPITALIZACIÓN QUIRÚRGICA CIRUGÍA GENERAL,484,406,7041,5407,182,5642,14,31,17.342364532019705,0.034482758620689655,31.0,0.9583481035093938,0.0857851825593761,2.230769230769231,78,alto,2
2015,10,150113,LIMA,LIMA,JESUS MARIA,ESSALUD,III-2,00008720,HOSPITAL NACIONAL EDGARDO REBAGLIATI MARTINS,240200,HOSPITALIZACIÓN QUIRÚRGICA CIRUGÍA DE CABEZA Y CUELLO / MÁXILO FACIAL,50,40,434,339,11,341,0,31,10.85,0.0,31.0,0.9941348973607038,0.1466275659824047,3.6363636363636362,10,alto,2
2015,10,150113,LIMA,LIMA,JESUS MARIA,ESSALUD,III-2,00008720,HOSPITAL NACIONAL EDGARDO REBAGLIATI MARTINS,240600,HOSPITALIZACIÓN QUIRÚRGICA CIRUGÍA OFTALMOLÓGICA,57,45,223,234,8,248,0,31,4.955555555555556,0.0,31.0,0.9435483870967742,0.22983870967741934,5.625,12,alto,2
2015,10,150113,LIMA,LIMA,JESUS MARIA,ESSALUD,III-2,00008720,HOSPITAL NACIONAL EDGARDO REBAGLIATI MARTINS,240700,HOSPITALIZACIÓN QUIRÚRGICA CIRUGÍA PEDIÁTRICA,140,130,1122,818,30,930,0,31,8.63076923076923,0.0,31.0,0.8795698924731182,0.15053763440860216,4.333333333333333,10,alto,2
2015,10,150113,LIMA,LIMA,JESUS MARIA,ESSALUD,III-2,00008720,HOSPITAL NACIONAL EDGARDO REBAGLIATI MARTINS,240900,HOSPITALIZACIÓN QUIRÚRGICA NEUROCIRUGÍA,247,83,1704,2125,70,2170,5,31,20.53012048192771,0.060240963855421686,31.0,0.9792626728110599,0.11382488479262673,1.1857142857142857,164,alto,2
2015,10,150113,LIMA,LIMA,JESUS MARIA,ESSALUD,III-2,00008720,HOSPITAL NACIONAL EDGARDO REBAGLIATI MARTINS,241100,HOSPITALIZACIÓN QUIRÚRGICA OTORRINOLARINGOLOGÍA,76,62,344,369,12,372,0,31,5.548387096774194,0.0,31.0,0.9919354838709677,0.20430107526881722,5.166666666666667,14,alto,2
2015,10,150113,LIMA,LIMA,JESUS MARIA,ESSALUD,III-2,00008720,HOSPITAL NACIONAL EDGARDO REBAGLIATI MARTINS,241200,HOSPITALIZACIÓN QUIRÚRGICA TRAUMATOLOGÍA Y ORTOPEDIA,260,252,3820,3316,111,3441,2,31,15.158730158730158,0.007936507936507936,31.0,0.963673350770125,0.07555943039814007,2.27027027027027,8,alto,2
2015,10,150113,LIMA,LIMA,JESUS MARIA,ESSALUD,III-2,00008720,HOSPITAL NACIONAL EDGARDO REBAGLIATI MARTINS,241300,HOSPITALIZACIÓN QUIRÚRGICA UROLOGÍA,131,113,1550,1464,48,1488,1,31,13.716814159292035,0.008849557522123894,31.0,0.9838709677419355,0.08803763440860216,2.3541666666666665,18,alto,2
2015,10,150113,LIMA,LIMA,JESUS MARIA,ESSALUD,III-2,00008720,HOSPITAL NACIONAL EDGARDO REBAGLIATI MARTINS,241500,HOSPITALIZACIÓN QUIRÚRGICA GINECOLOGÍA,965,939,4879,4597,159,4929,2,31,5.195953141640042,0.002129925452609159,31.0,0.9326435382430514,0.19578007709474538,5.90566037735849,26,alto,2
2015,10,150113,LIMA,LIMA,JESUS MARIA,ESSALUD,III-2,00008720,HOSPITAL NACIONAL EDGARDO REBAGLIATI MARTINS,241800,HOSPITALIZACIÓN DE MEDICINA MEDICINA GENERAL,474,240,2817,3278,111,3441,14,31,11.7375,0.058333333333333334,31.0,0.952630049404243,0.13775065387968613,2.1621621621621623,234,alto,2
2015,10,150113,LIMA,LIMA,JESUS MARIA,ESSALUD,III-2,00008720,HOSPITAL NACIONAL EDGARDO REBAGLIATI MARTINS,241900,HOSPITALIZACIÓN DE MEDICINA MEDICINA INTERNA,1140,829,13191,13278,447,13857,83,31,15.911942098914354,0.10012062726176116,31.0,0.9582160640831349,0.0822688893699935,1.854586129753915,311,alto,2
2015,10,150113,LIMA,LIMA,JESUS MARIA,ESSALUD,III-2,00008720,HOSPITAL NACIONAL EDGARDO REBAGLIATI MARTINS,242100,HOSPITALIZACIÓN DE MEDICINA ONCOLOGÍA MÉDICA,253,227,2191,1492,50,1550,4,31,9.651982378854626,0.01762114537444934,31.0,0.9625806451612903,0.16322580645161291,4.54,26,alto,2
2015,10,150113,LIMA,LIMA,JESUS MARIA,ESSALUD,III-2,00008720,HOSPITAL NACIONAL EDGARDO REBAGLIATI MARTINS,242200,HOSPITALIZACIÓN DE MEDICINA PSIQUIATRÍA,138,128,1396,1623,62,1922,0,31,10.90625,0.0,31.0,0.8444328824141519,0.07180020811654526,2.064516129032258,10,medio,1
2015,10,150113,LIMA,LIMA,JESUS MARIA,ESSALUD,III-2,00008720,HOSPITAL NACIONAL EDGARDO REBAGLIATI MARTINS,242300,HOSPITALIZACIÓN DE PEDIATRÍA PEDIATRÍA GENERAL,369,222,3542,2933,114,3534,6,31,15.954954954954955,0.02702702702702703,31.0,0.8299377475947934,0.10441426146010187,1.9473684210526316,147,medio,1
2015,10,150113,LIMA,LIMA,JESUS MARIA,ESSALUD,III-2,00008720,HOSPITAL NACIONAL EDGARDO REBAGLIATI MARTINS,242800,HOSPITALIZACIÓN DE PEDIATRÍA PEDIATRIA ENDOCRINOLOGÍA PEDIÁTRICA,82,79,768,717,24,744,0,31,9.721518987341772,0.0,31.0,0.9637096774193549,0.11021505376344086,3.2916666666666665,3,alto,2
2015,10,150113,LIMA,LIMA,JESUS MARIA,ESSALUD,III-2,00008720,HOSPITAL NACIONAL EDGARDO REBAGLIATI MARTINS,250100,UNIDAD DE CUIDADOS CRITICOS UNIDAD DE CUIDADOS INTENSIVOS GENERALES (UCI),109,36,899,1964,68,2108,33,31,24.97222222222222,0.9166666666666666,31.0,0.9316888045540797,0.051707779886148005,0.5294117647058824,73,alto,2
2015,10,150113,LIMA,LIMA,JESUS MARIA,ESSALUD,III-E,00018011,INCOR,241800,HOSPITALIZACIÓN DE MEDICINA MEDICINA GENERAL,183,186,1718,1652,72,2232,4,31,9.236559139784946,0.021505376344086023,31.0,0.7401433691756273,0.08198924731182795,2.5833333333333335,-3,medio,1
2015,10,150113,LIMA,LIMA,JESUS MARIA,ESSALUD,III-E,00018011,INCOR,242600,HOSPITALIZACIÓN DE PEDIATRÍA PEDIATRIA CARDIOLOGÍA PEDIÁTRICA,70,70,738,642,23,713,2,31,10.542857142857143,0.02857142857142857,31.0,0.9004207573632539,0.09817671809256662,3.0434782608695654,0,alto,2
2015,10,150113,LIMA,LIMA,JESUS MARIA,SANIDAD DE LA POLICIA NACIONAL DEL PERU,III-1,00013591,HOSPITAL NACIONAL POLICIA NACIONAL DEL PERU GRAL PNP LUIS N. SAENZ.,240100,HOSPITALIZACIÓN QUIRÚRGICA CIRUGÍA GENERAL,119,123,922,1129,45,1395,2,31,7.495934959349594,0.016260162601626018,31.0,0.8093189964157707,0.08530465949820788,2.7333333333333334,-4,medio,1
2015,10,150113,LIMA,LIMA,JESUS MARIA,SANIDAD DE LA POLICIA NACIONAL DEL PERU,III-1,00013591,HOSPITAL NACIONAL POLICIA NACIONAL DEL PERU GRAL PNP LUIS N. SAENZ.,240400,HOSPITALIZACIÓN QUIRÚRGICA CIRUGÍA DE TÓRAX Y CARDIOVASCULAR,9,19,602,306,12,372,0,31,31.68421052631579,0.0,31.0,0.8225806451612904,0.024193548387096774,1.5833333333333333,-10,medio,1
2015,10,150113,LIMA,LIMA,JESUS MARIA,SANIDAD DE LA POLICIA NACIONAL DEL PERU,III-1,00013591,HOSPITAL NACIONAL POLICIA NACIONAL DEL PERU GRAL PNP LUIS N. SAENZ.,240600,HOSPITALIZACIÓN QUIRÚRGICA CIRUGÍA OFTALMOLÓGICA,13,11,201,174,6,186,1,31,18.272727272727273,0.09090909090909091,31.0,0.9354838709677419,0.06989247311827956,1.8333333333333333,2,alto,2
2015,10,150113,LIMA,LIMA,JESUS MARIA,SANIDAD DE LA POLICIA NACIONAL DEL PERU,III-1,00013591,HOSPITAL NACIONAL POLICIA NACIONAL DEL PERU GRAL PNP LUIS N. SAENZ.,240700,HOSPITALIZACIÓN QUIRÚRGICA CIRUGÍA PEDIÁTRICA,21,24,197,166,12,372,0,31,8.208333333333334,0.0,31.0,0.44623655913978494,0.056451612903225805,2.0,-3,bajo,0
2015,10,150113,LIMA,LIMA,JESUS MARIA,SANIDAD DE LA POLICIA NACIONAL DEL PERU,III-1,00013591,HOSPITAL NACIONAL POLICIA NACIONAL DEL PERU GRAL PNP LUIS N. SAENZ.,240801,HOSPITALIZACIÓN QUIRÚRGICA CIRUGÍA PLÁSTICA/RECONSTRUCTIVA/ REPARADORA QUEMADOS,20,20,165,212,8,248,0,31,8.25,0.0,31.0,0.8548387096774194,0.08064516129032258,2.5,0,alto,2
2015,10,150113,LIMA,LIMA,JESUS MARIA,SANIDAD DE LA POLICIA NACIONAL DEL PERU,III-1,00013591,HOSPITAL NACIONAL POLICIA NACIONAL DEL PERU GRAL PNP LUIS N. SAENZ.,240900,HOSPITALIZACIÓN QUIRÚRGICA NEUROCIRUGÍA,10,10,489,489,16,496,1,31,48.9,0.1,31.0,0.9858870967741935,0.020161290322580645,0.625,0,alto,2
2015,10,150113,LIMA,LIMA,JESUS MARIA,SANIDAD DE LA POLICIA NACIONAL DEL PERU,III-1,00013591,HOSPITAL NACIONAL POLICIA NACIONAL DEL PERU GRAL PNP LUIS N. SAENZ.,241100,HOSPITALIZACIÓN QUIRÚRGICA OTORRINOLARINGOLOGÍA,38,25,219,305,11,341,0,31,8.76,0.0,31.0,0.8944281524926686,0.11143695014662756,2.272727272727273,13,alto,2
2015,10,150113,LIMA,LIMA,JESUS MARIA,SANIDAD DE LA POLICIA NACIONAL DEL PERU,III-1,00013591,HOSPITAL NACIONAL POLICIA NACIONAL DEL PERU GRAL PNP LUIS N. SAENZ.,241200,HOSPITALIZACIÓN QUIRÚRGICA TRAUMATOLOGÍA Y ORTOPEDIA,40,46,999,1070,36,1116,1,31,21.717391304347824,0.021739130434782608,31.0,0.9587813620071685,0.035842293906810034,1.2777777777777777,-6,alto,2
2015,10,150113,LIMA,LIMA,JESUS MARIA,SANIDAD DE LA POLICIA NACIONAL DEL PERU,III-1,00013591,HOSPITAL NACIONAL POLICIA NACIONAL DEL PERU GRAL PNP LUIS N. SAENZ.,241300,HOSPITALIZACIÓN QUIRÚRGICA UROLOGÍA,40,35,622,629,24,744,1,31,17.771428571428572,0.02857142857142857,31.0,0.8454301075268817,0.053763440860215055,1.4583333333333333,5,medio,1
2015,10,150113,LIMA,LIMA,JESUS MARIA,SANIDAD DE LA POLICIA NACIONAL DEL PERU,III-1,00013591,HOSPITAL NACIONAL POLICIA NACIONAL DEL PERU GRAL PNP LUIS N. SAENZ.,241600,HOSPITALIZACIÓN QUIRÚRGICA OBSTETRICIA,191,183,541,618,35,1085,0,31,2.9562841530054644,0.0,31.0,0.5695852534562212,0.17603686635944701,5.228571428571429,8,alto,2
2015,10,150113,LIMA,LIMA,JESUS MARIA,SANIDAD DE LA POLICIA NACIONAL DEL PERU,III-1,00013591,HOSPITAL NACIONAL POLICIA NACIONAL DEL PERU GRAL PNP LUIS N. SAENZ.,241900,HOSPITALIZACIÓN DE MEDICINA MEDICINA INTERNA,193,214,2975,3076,144,4464,10,31,13.901869158878505,0.04672897196261682,31.0,0.6890681003584229,0.043234767025089604,1.4861111111111112,-21,bajo,0
2015,10,150113,LIMA,LIMA,JESUS MARIA,SANIDAD DE LA POLICIA NACIONAL DEL PERU,III-1,00013591,HOSPITAL NACIONAL POLICIA NACIONAL DEL PERU GRAL PNP LUIS N. SAENZ.,242200,HOSPITALIZACIÓN DE MEDICINA PSIQUIATRÍA,26,25,343,416,16,496,0,31,13.72,0.0,31.0,0.8387096774193549,0.05241935483870968,1.5625,1,medio,1
2015,10,150113,LIMA,LIMA,JESUS MARIA,SANIDAD DE LA POLICIA NACIONAL DEL PERU,III-1,00013591,HOSPITAL NACIONAL POLICIA NACIONAL DEL PERU GRAL PNP LUIS N. SAENZ.,242300,HOSPITALIZACIÓN DE PEDIATRÍA PEDIATRÍA GENERAL,49,54,308,307,29,899,0,31,5.703703703703703,0.0,31.0,0.3414905450500556,0.054505005561735265,1.8620689655172413,-5,bajo,0
2015,10,150113,LIMA,LIMA,JESUS MARIA,SANIDAD DE LA POLICIA NACIONAL DEL PERU,III-1,00013591,HOSPITAL NACIONAL POLICIA NACIONAL DEL PERU GRAL PNP LUIS N. SAENZ.,243200,HOSPITALIZACIÓN DE PEDIATRÍA PEDIATRIA NEONATOLOGÍA,8,9,101,88,8,248,1,31,11.222222222222221,0.1111111111111111,31.0,0.3548387096774194,0.03225806451612903,1.125,-1,bajo,0
2015,10,150113,LIMA,LIMA,JESUS MARIA,SANIDAD DE LA POLICIA NACIONAL DEL PERU,III-1,00013591,HOSPITAL NACIONAL POLICIA NACIONAL DEL PERU GRAL PNP LUIS N. SAENZ.,244600,HOSPITALIZACIÓN DE MEDICINA NEFROLOGIA,16,10,162,150,6,186,1,31,16.2,0.1,31.0,0.8064516129032258,0.08602150537634409,1.6666666666666667,6,medio,1
2015,10,150113,LIMA,LIMA,JESUS MARIA,SANIDAD DE LA POLICIA NACIONAL DEL PERU,III-1,00013591,HOSPITAL NACIONAL POLICIA NACIONAL DEL PERU GRAL PNP LUIS N. SAENZ.,244700,HOSPITALIZACIÓN DE MEDICINA NEUROLOGIA,18,19,514,443,15,465,0,31,27.05263157894737,0.0,31.0,0.9526881720430107,0.03870967741935484,1.2666666666666666,-1,alto,2
2015,10,150113,LIMA,LIMA,JESUS MARIA,SANIDAD DE LA POLICIA NACIONAL DEL PERU,III-1,00013591,HOSPITAL NACIONAL POLICIA NACIONAL DEL PERU GRAL PNP LUIS N. SAENZ.,245300,HOSPITALIZACIÓN DE MEDICINA NEUMOLOGÍA,50,36,350,474,22,682,1,31,9.722222222222221,0.027777777777777776,31.0,0.6950146627565983,0.07331378299120235,1.6363636363636365,14,medio,1
2015,10,150113,LIMA,LIMA,JESUS MARIA,SANIDAD DE LA POLICIA NACIONAL DEL PERU,III-1,00013591,HOSPITAL NACIONAL POLICIA NACIONAL DEL PERU GRAL PNP LUIS N. SAENZ.,245400,HOSPITALIZACIÓN DE MEDICINA GINECOLOGIA,43,35,271,390,16,496,0,31,7.742857142857143,0.0,31.0,0.7862903225806451,0.08669354838709678,2.1875,8,medio,1
2015,10,150113,LIMA,LIMA,JESUS MARIA,SANIDAD DE LA POLICIA NACIONAL DEL PERU,III-1,00013591,HOSPITAL NACIONAL POLICIA NACIONAL DEL PERU GRAL PNP LUIS N. SAENZ.,245700,HOSPITALIZACIÓN QUIRÚRGICA CARDIOLOGIA,38,27,273,316,12,372,0,31,10.11111111111111,0.0,31.0,0.8494623655913979,0.10215053763440861,2.25,11,medio,1
2015,10,150113,LIMA,LIMA,JESUS MARIA,SANIDAD DE LA POLICIA NACIONAL DEL PERU,III-1,00013591,HOSPITAL NACIONAL POLICIA NACIONAL DEL PERU GRAL PNP LUIS N. SAENZ.,250100,UNIDAD DE CUIDADOS CRITICOS UNIDAD DE CUIDADOS INTENSIVOS GENERALES (UCI),11,7,175,400,17,527,6,31,25.0,0.8571428571428571,31.0,0.7590132827324478,0.020872865275142316,0.4117647058823529,4,medio,1
2015,10,150113,LIMA,LIMA,JESUS MARIA,SANIDAD DEL EJERCITO DEL PERU,III-1,00017024,HOSPITAL MILITAR LUIS ARIAS SCHEREIBER,240100,HOSPITALIZACIÓN QUIRÚRGICA CIRUGÍA GENERAL,116,108,1276,1724,169,3042,0,31,11.814814814814815,0.0,18.0,0.3290704332887956,0.0381328073635766,0.6390532544378699,8,bajo,0
2015,10,150113,LIMA,LIMA,JESUS MARIA,SANIDAD DEL EJERCITO DEL PERU,III-1,00017024,HOSPITAL MILITAR LUIS ARIAS SCHEREIBER,240800,HOSPITALIZACIÓN QUIRÚRGICA CIRUGÍA PLÁSTICA/RECONSTRUCTIVA/ REPARADORA,6,6,103,165,18,324,0,31,17.166666666666668,0.0,18.0,0.2956989247311828,0.018518518518518517,0.3333333333333333,0,bajo,0
2015,10,150113,LIMA,LIMA,JESUS MARIA,SANIDAD DEL EJERCITO DEL PERU,III-1,00017024,HOSPITAL MILITAR LUIS ARIAS SCHEREIBER,240900,HOSPITALIZACIÓN QUIRÚRGICA NEUROCIRUGÍA,5,8,477,226,27,486,0,31,59.625,0.0,18.0,0.27001194743130225,0.0102880658436214,0.2962962962962963,-3,bajo,0
2015,10,150113,LIMA,LIMA,JESUS MARIA,SANIDAD DEL EJERCITO DEL PERU,III-1,00017024,HOSPITAL MILITAR LUIS ARIAS SCHEREIBER,241200,HOSPITALIZACIÓN QUIRÚRGICA TRAUMATOLOGÍA Y ORTOPEDIA,42,46,1161,446,37,666,4,31,25.23913043478261,0.08695652173913043,18.0,0.3888404533565824,0.06306306306306306,1.2432432432432432,-4,bajo,0
2015,10,150113,LIMA,LIMA,JESUS MARIA,SANIDAD DEL EJERCITO DEL PERU,III-1,00017024,HOSPITAL MILITAR LUIS ARIAS SCHEREIBER,241400,HOSPITALIZACIÓN QUIRÚRGICA GINECO - OBSTETRICIA,59,57,245,150,16,288,0,31,4.298245614035087,0.0,18.0,0.3024193548387097,0.2048611111111111,3.5625,2,alto,2
2015,10,150113,LIMA,LIMA,JESUS MARIA,SANIDAD DEL EJERCITO DEL PERU,III-1,00017024,HOSPITAL MILITAR LUIS ARIAS SCHEREIBER,241800,HOSPITALIZACIÓN DE MEDICINA MEDICINA GENERAL,33,36,399,263,32,576,2,31,11.083333333333334,0.05555555555555555,18.0,0.2651209677419355,0.057291666666666664,1.125,-3,bajo,0
2015,10,150113,LIMA,LIMA,JESUS MARIA,SANIDAD DEL EJERCITO DEL PERU,III-1,00017024,HOSPITAL MILITAR LUIS ARIAS SCHEREIBER,241900,HOSPITALIZACIÓN DE MEDICINA MEDICINA INTERNA,141,160,4348,2452,230,4140,6,31,27.175,0.0375,18.0,0.3438990182328191,0.034057971014492754,0.6956521739130435,-19,bajo,0
2015,10,150113,LIMA,LIMA,JESUS MARIA,SANIDAD DEL EJERCITO DEL PERU,III-1,00017024,HOSPITAL MILITAR LUIS ARIAS SCHEREIBER,242200,HOSPITALIZACIÓN DE MEDICINA PSIQUIATRÍA,14,19,671,221,31,558,0,31,35.31578947368421,0.0,18.0,0.2299687825182102,0.025089605734767026,0.6129032258064516,-5,bajo,0
2015,10,150113,LIMA,LIMA,JESUS MARIA,SANIDAD DEL EJERCITO DEL PERU,III-1,00017024,HOSPITAL MILITAR LUIS ARIAS SCHEREIBER,242300,HOSPITALIZACIÓN DE PEDIATRÍA PEDIATRÍA GENERAL,23,24,142,95,20,360,1,31,5.916666666666667,0.041666666666666664,18.0,0.1532258064516129,0.06388888888888888,1.2,-1,bajo,0
2015,10,150113,LIMA,LIMA,JESUS MARIA,SANIDAD DEL EJERCITO DEL PERU,III-1,00017024,HOSPITAL MILITAR LUIS ARIAS SCHEREIBER,243200,HOSPITALIZACIÓN DE PEDIATRÍA PEDIATRIA NEONATOLOGÍA,27,28,84,52,20,360,0,31,3.0,0.0,18.0,0.08387096774193549,0.075,1.4,-1,medio,1
2015,10,150113,LIMA,LIMA,JESUS MARIA,SANIDAD DEL EJERCITO DEL PERU,III-1,00017024,HOSPITAL MILITAR LUIS ARIAS SCHEREIBER,250100,UNIDAD DE CUIDADOS CRITICOS UNIDAD DE CUIDADOS INTENSIVOS GENERALES (UCI),18,13,387,100,15,270,5,31,29.76923076923077,0.38461538461538464,18.0,0.21505376344086022,0.06666666666666667,0.8666666666666667,5,bajo,0
2015,10,150115,LIMA,LIMA,LA VICTORIA,ESSALUD,III-2,00009251,HOSPITAL NACIONAL GUILLERMO ALMENARA IRIGOYEN,240200,HOSPITALIZACIÓN QUIRÚRGICA CIRUGÍA DE CABEZA Y CUELLO / MÁXILO FACIAL,68,68,620,644,22,682,0,31,9.117647058823529,0.0,31.0,0.9442815249266863,0.09970674486803519,3.090909090909091,0,alto,2
2015,10,150115,LIMA,LIMA,LA VICTORIA,ESSALUD,III-2,00009251,HOSPITAL NACIONAL GUILLERMO ALMENARA IRIGOYEN,240300,HOSPITALIZACIÓN QUIRÚRGICA CIRUGÍA DIGESTIVA,232,242,2144,2374,96,2976,9,31,8.859504132231406,0.0371900826446281,31.0,0.7977150537634409,0.07795698924731183,2.5208333333333335,-10,medio,1
2015,10,150115,LIMA,LIMA,LA VICTORIA,ESSALUD,III-2,00009251,HOSPITAL NACIONAL GUILLERMO ALMENARA IRIGOYEN,240400,HOSPITALIZACIÓN QUIRÚRGICA CIRUGÍA DE TÓRAX Y CARDIOVASCULAR,39,39,275,446,18,558,0,31,7.051282051282051,0.0,31.0,0.7992831541218638,0.06989247311827956,2.1666666666666665,0,medio,1
2015,10,150115,LIMA,LIMA,LA VICTORIA,ESSALUD,III-2,00009251,HOSPITAL NACIONAL GUILLERMO ALMENARA IRIGOYEN,240500,HOSPITALIZACIÓN QUIRÚRGICA CIRUGÍA DE TRANSPLANTES,46,46,399,423,15,465,0,31,8.673913043478262,0.0,31.0,0.9096774193548387,0.0989247311827957,3.066666666666667,0,alto,2
2015,10,150115,LIMA,LIMA,LA VICTORIA,ESSALUD,III-2,00009251,HOSPITAL NACIONAL GUILLERMO ALMENARA IRIGOYEN,240600,HOSPITALIZACIÓN QUIRÚRGICA CIRUGÍA OFTALMOLÓGICA,22,24,218,261,10,310,0,31,9.083333333333334,0.0,31.0,0.8419354838709677,0.07096774193548387,2.4,-2,medio,1
2015,10,150115,LIMA,LIMA,LA VICTORIA,ESSALUD,III-2,00009251,HOSPITAL NACIONAL GUILLERMO ALMENARA IRIGOYEN,240700,HOSPITALIZACIÓN QUIRÚRGICA CIRUGÍA PEDIÁTRICA,81,77,273,332,13,403,0,31,3.5454545454545454,0.0,31.0,0.8238213399503722,0.20099255583126552,5.923076923076923,4,alto,2
2015,10,150115,LIMA,LIMA,LA VICTORIA,ESSALUD,III-2,00009251,HOSPITAL NACIONAL GUILLERMO ALMENARA IRIGOYEN,240801,HOSPITALIZACIÓN QUIRÚRGICA CIRUGÍA PLÁSTICA/RECONSTRUCTIVA/ REPARADORA QUEMADOS,29,30,216,277,10,310,0,31,7.2,0.0,31.0,0.8935483870967742,0.0935483870967742,3.0,-1,alto,2
2015,10,150115,LIMA,LIMA,LA VICTORIA,ESSALUD,III-2,00009251,HOSPITAL NACIONAL GUILLERMO ALMENARA IRIGOYEN,240900,HOSPITALIZACIÓN QUIRÚRGICA NEUROCIRUGÍA,73,80,272,561,24,744,0,31,3.4,0.0,31.0,0.7540322580645161,0.09811827956989247,3.3333333333333335,-7,medio,1
2015,10,150115,LIMA,LIMA,LA VICTORIA,ESSALUD,III-2,00009251,HOSPITAL NACIONAL GUILLERMO ALMENARA IRIGOYEN,241100,HOSPITALIZACIÓN QUIRÚRGICA OTORRINOLARINGOLOGÍA,67,66,381,427,16,496,0,31,5.7727272727272725,0.0,31.0,0.8608870967741935,0.1350806451612903,4.125,1,alto,2
2015,10,150115,LIMA,LIMA,LA VICTORIA,ESSALUD,III-2,00009251,HOSPITAL NACIONAL GUILLERMO ALMENARA IRIGOYEN,241200,HOSPITALIZACIÓN QUIRÚRGICA TRAUMATOLOGÍA Y ORTOPEDIA,155,160,1828,2231,75,2325,0,31,11.425,0.0,31.0,0.9595698924731183,0.06666666666666667,2.1333333333333333,-5,alto,2
2015,10,150115,LIMA,LIMA,LA VICTORIA,ESSALUD,III-2,00009251,HOSPITAL NACIONAL GUILLERMO ALMENARA IRIGOYEN,241300,HOSPITALIZACIÓN QUIRÚRGICA UROLOGÍA,135,139,1217,1255,43,1333,0,31,8.755395683453237,0.0,31.0,0.9414853713428357,0.10127531882970743,3.2325581395348837,-4,alto,2
2015,10,150115,LIMA,LIMA,LA VICTORIA,ESSALUD,III-2,00009251,HOSPITAL NACIONAL GUILLERMO ALMENARA IRIGOYEN,241500,HOSPITALIZACIÓN QUIRÚRGICA GINECOLOGÍA,109,111,731,692,24,744,1,31,6.585585585585585,0.009009009009009009,31.0,0.9301075268817204,0.14650537634408603,4.625,-2,alto,2
2015,10,150115,LIMA,LIMA,LA VICTORIA,ESSALUD,III-2,00009251,HOSPITAL NACIONAL GUILLERMO ALMENARA IRIGOYEN,241600,HOSPITALIZACIÓN QUIRÚRGICA OBSTETRICIA,366,376,1322,1416,51,1581,0,31,3.515957446808511,0.0,31.0,0.8956356736242884,0.2314990512333966,7.372549019607843,-10,alto,2
2015,10,150115,LIMA,LIMA,LA VICTORIA,ESSALUD,III-2,00009251,HOSPITAL NACIONAL GUILLERMO ALMENARA IRIGOYEN,241900,HOSPITALIZACIÓN DE MEDICINA MEDICINA INTERNA,235,235,2772,4274,144,4464,35,31,11.795744680851064,0.14893617021276595,31.0,0.9574372759856631,0.05264336917562724,1.6319444444444444,0,alto,2
2015,10,150115,LIMA,LIMA,LA VICTORIA,ESSALUD,III-2,00009251,HOSPITAL NACIONAL GUILLERMO ALMENARA IRIGOYEN,242100,HOSPITALIZACIÓN DE MEDICINA ONCOLOGÍA MÉDICA,106,104,557,711,25,775,1,31,5.355769230769231,0.009615384615384616,31.0,0.9174193548387096,0.1367741935483871,4.16,2,alto,2
2015,10,150115,LIMA,LIMA,LA VICTORIA,ESSALUD,III-2,00009251,HOSPITAL NACIONAL GUILLERMO ALMENARA IRIGOYEN,242200,HOSPITALIZACIÓN DE MEDICINA PSIQUIATRÍA,41,44,390,367,16,496,0,31,8.863636363636363,0.0,31.0,0.7399193548387096,0.08266129032258064,2.75,-3,medio,1
2015,10,150115,LIMA,LIMA,LA VICTORIA,ESSALUD,III-2,00009251,HOSPITAL NACIONAL GUILLERMO ALMENARA IRIGOYEN,242203,HOSPITALIZACIÓN DE MEDICINA PSIQUIATRÍA PSIQUIATRÍA DEL NIÑO Y DEL ADOLESCENTE,9,8,94,124,5,155,0,31,11.75,0.0,31.0,0.8,0.05806451612903226,1.6,1,medio,1
2015,10,150115,LIMA,LIMA,LA VICTORIA,ESSALUD,III-2,00009251,HOSPITAL NACIONAL GUILLERMO ALMENARA IRIGOYEN,242205,HOSPITALIZACIÓN MEDICINA PSIQUIATRÍA PISIQUIATRIA/ SALUD MENTAL Y ADICCIONES,8,7,60,84,3,93,0,31,8.571428571428571,0.0,31.0,0.9032258064516129,0.08602150537634409,2.3333333333333335,1,alto,2
2015,10,150115,LIMA,LIMA,LA VICTORIA,ESSALUD,III-2,00009251,HOSPITAL NACIONAL GUILLERMO ALMENARA IRIGOYEN,242300,HOSPITALIZACIÓN DE PEDIATRÍA PEDIATRÍA GENERAL,47,43,372,470,20,620,1,31,8.651162790697674,0.023255813953488372,31.0,0.7580645161290323,0.07580645161290323,2.15,4,medio,1
2015,10,150115,LIMA,LIMA,LA VICTORIA,ESSALUD,III-2,00009251,HOSPITAL NACIONAL GUILLERMO ALMENARA IRIGOYEN,243200,HOSPITALIZACIÓN DE PEDIATRÍA PEDIATRIA NEONATOLOGÍA,63,60,301,417,15,465,0,31,5.016666666666667,0.0,31.0,0.896774193548387,0.13548387096774195,4.0,3,alto,2
2015,10,150115,LIMA,LIMA,LA VICTORIA,ESSALUD,III-2,00009251,HOSPITAL NACIONAL GUILLERMO ALMENARA IRIGOYEN,244000,HOSPITALIZACIÓN DE MEDICINA CARDIOLOGIA,21,20,112,220,8,248,2,31,5.6,0.1,31.0,0.8870967741935484,0.0846774193548387,2.5,1,alto,2
2015,10,150115,LIMA,LIMA,LA VICTORIA,ESSALUD,III-2,00009251,HOSPITAL NACIONAL GUILLERMO ALMENARA IRIGOYEN,244100,HOSPITALIZACIÓN DE MEDICINA DERMATOLOGÍA,18,17,298,334,12,372,0,31,17.529411764705884,0.0,31.0,0.8978494623655914,0.04838709677419355,1.4166666666666667,1,alto,2
2015,10,150115,LIMA,LIMA,LA VICTORIA,ESSALUD,III-2,00009251,HOSPITAL NACIONAL GUILLERMO ALMENARA IRIGOYEN,244200,HOSPITALIZACIÓN DE MEDICINA ENDOCRINOLOGIA,28,26,312,354,12,372,0,31,12.0,0.0,31.0,0.9516129032258065,0.07526881720430108,2.1666666666666665,2,alto,2
2015,10,150115,LIMA,LIMA,LA VICTORIA,ESSALUD,III-2,00009251,HOSPITAL NACIONAL GUILLERMO ALMENARA IRIGOYEN,244300,HOSPITALIZACIÓN DE MEDICINA GASTROENTEROLOGÍA,62,66,732,986,33,1023,3,31,11.090909090909092,0.045454545454545456,31.0,0.9638318670576735,0.06060606060606061,2.0,-4,alto,2
2015,10,150115,LIMA,LIMA,LA VICTORIA,ESSALUD,III-2,00009251,HOSPITAL NACIONAL GUILLERMO ALMENARA IRIGOYEN,244400,HOSPITALIZACIÓN DE MEDICINA GERIATRIA,37,30,400,489,17,527,6,31,13.333333333333334,0.2,31.0,0.9278937381404174,0.07020872865275142,1.7647058823529411,7,alto,2
2015,10,150115,LIMA,LIMA,LA VICTORIA,ESSALUD,III-2,00009251,HOSPITAL NACIONAL GUILLERMO ALMENARA IRIGOYEN,244500,HOSPITALIZACIÓN DE MEDICINA HEMATOLOGÍA,39,39,726,572,20,620,1,31,18.615384615384617,0.02564102564102564,31.0,0.9225806451612903,0.06290322580645161,1.95,0,alto,2
2015,10,150115,LIMA,LIMA,LA VICTORIA,ESSALUD,III-2,00009251,HOSPITAL NACIONAL GUILLERMO ALMENARA IRIGOYEN,244600,HOSPITALIZACIÓN DE MEDICINA NEFROLOGIA,95,94,862,889,31,961,0,31,9.170212765957446,0.0,31.0,0.9250780437044746,0.09885535900104059,3.032258064516129,1,alto,2
2015,10,150115,LIMA,LIMA,LA VICTORIA,ESSALUD,III-2,00009251,HOSPITAL NACIONAL GUILLERMO ALMENARA IRIGOYEN,244700,HOSPITALIZACIÓN DE MEDICINA NEUROLOGIA,37,35,326,570,19,589,0,31,9.314285714285715,0.0,31.0,0.967741935483871,0.06281833616298811,1.8421052631578947,2,alto,2
2015,10,150115,LIMA,LIMA,LA VICTORIA,ESSALUD,III-2,00009251,HOSPITAL NACIONAL GUILLERMO ALMENARA IRIGOYEN,245300,HOSPITALIZACIÓN DE MEDICINA NEUMOLOGÍA,40,45,707,724,28,868,3,31,15.71111111111111,0.06666666666666667,31.0,0.8341013824884793,0.04608294930875576,1.6071428571428572,-5,medio,1
2015,10,150115,LIMA,LIMA,LA VICTORIA,ESSALUD,III-2,00009251,HOSPITAL NACIONAL GUILLERMO ALMENARA IRIGOYEN,245500,HOSPITALIZACIÓN DE MEDICINA REUMATOLOGÍA,41,42,297,362,13,403,0,31,7.071428571428571,0.0,31.0,0.8982630272952854,0.10173697270471464,3.230769230769231,-1,alto,2
2015,10,150115,LIMA,LIMA,LA VICTORIA,ESSALUD,III-2,00009251,HOSPITAL NACIONAL GUILLERMO ALMENARA IRIGOYEN,250000,UNIDAD DE CUIDADOS CRITICOS,10,11,174,404,14,434,10,31,15.818181818181818,0.9090909090909091,31.0,0.9308755760368663,0.02304147465437788,0.7857142857142857,-1,alto,2
2015,10,150115,LIMA,LIMA,LA VICTORIA,ESSALUD,III-2,00009251,HOSPITAL NACIONAL GUILLERMO ALMENARA IRIGOYEN,250101,UNIDAD DE CUIDADOS CRITICOS UNIDAD DE CUIDADOS INTENSIVOS GENERALES (UCI) CARDIOLOGIA,47,48,220,518,18,558,1,31,4.583333333333333,0.020833333333333332,31.0,0.9283154121863799,0.08422939068100359,2.6666666666666665,-1,alto,2
2015,10,150115,LIMA,LIMA,LA VICTORIA,ESSALUD,III-2,00009251,HOSPITAL NACIONAL GUILLERMO ALMENARA IRIGOYEN,250105,UNIDAD DE CUIDADOS CRITICOS UNIDAD DE CUIDADOS INTENSIVOS (UCI) NEONATOLOGÍA,12,14,213,678,22,682,10,31,15.214285714285714,0.7142857142857143,31.0,0.9941348973607038,0.017595307917888565,0.6363636363636364,-2,alto,2
2015,10,150115,LIMA,LIMA,LA VICTORIA,ESSALUD,III-2,00009251,HOSPITAL NACIONAL GUILLERMO ALMENARA IRIGOYEN,250107,UNIDAD DE CUIDADOS CRITICOS UNIDAD DE CUIDADOS INTENSIVOS (UCI) NEUROQUIRÚRGICA,24,23,137,475,19,589,4,31,5.956521739130435,0.17391304347826086,31.0,0.8064516129032258,0.04074702886247878,1.2105263157894737,1,medio,1
2015,10,150115,LIMA,LIMA,LA VICTORIA,ESSALUD,III-2,00009251,HOSPITAL NACIONAL GUILLERMO ALMENARA IRIGOYEN,250108,UNIDAD DE CUIDADOS CRITICOS UNIDAD DE CUIDADOS INTENSIVOS (UCI) PEDIÁTRICA,4,2,21,171,6,186,1,31,10.5,0.5,31.0,0.9193548387096774,0.021505376344086023,0.3333333333333333,2,alto,2
2015,10,150115,LIMA,LIMA,LA VICTORIA,ESSALUD,III-2,00009251,HOSPITAL NACIONAL GUILLERMO ALMENARA IRIGOYEN,250111,UNIDAD DE CUIDADOS CRITICOS UNIDAD DE CUIDADOS INTENSIVOS (UCI) CARDIOVASCULAR,19,19,66,200,15,465,1,31,3.473684210526316,0.05263157894736842,31.0,0.43010752688172044,0.04086021505376344,1.2666666666666666,0,bajo,0
2015,10,150115,LIMA,LIMA,LA VICTORIA,ESSALUD,III-2,00009251,HOSPITAL NACIONAL GUILLERMO ALMENARA IRIGOYEN,250200,UNIDAD DE CUIDADOS CRITICOS UNIDAD DE CUIDADOS INTERMEDIOS GENERAL (UCIN),6,8,76,194,7,217,6,31,9.5,0.75,31.0,0.8940092165898618,0.027649769585253458,1.1428571428571428,-2,alto,2
2015,10,150115,LIMA,LIMA,LA VICTORIA,ESSALUD,III-2,00009251,HOSPITAL NACIONAL GUILLERMO ALMENARA IRIGOYEN,250201,UNIDAD DE CUIDADOS CRITICOS UNIDAD DE CUIDADOS INTERMEDIOS (UCIN) NEONATAL,10,9,127,180,6,186,0,31,14.11111111111111,0.0,31.0,0.967741935483871,0.053763440860215055,1.5,1,alto,2
2015,10,150115,LIMA,LIMA,LA VICTORIA,ESSALUD,III-2,00009251,HOSPITAL NACIONAL GUILLERMO ALMENARA IRIGOYEN,250202,UNIDAD DE CUIDADOS CRITICOS UNIDAD DE CUIDADOS INTERMEDIOS (UCIN) PEDIÁTRICOS,12,12,60,360,12,372,0,31,5.0,0.0,31.0,0.967741935483871,0.03225806451612903,1.0,0,alto,2
2015,10,150115,LIMA,LIMA,LA VICTORIA,ESSALUD,III-2,00009251,HOSPITAL NACIONAL GUILLERMO ALMENARA IRIGOYEN,250400,UNIDAD DE CUIDADOS CRITICOS UNIDAD DE QUEMADOS (GRAN QUEMADO),17,15,115,273,12,372,1,31,7.666666666666667,0.06666666666666667,31.0,0.7338709677419355,0.0456989247311828,1.25,2,medio,1
2015,10,150115,LIMA,LIMA,LA VICTORIA,MINSA,III-E,00006212,HOSPITAL DE EMERGENCIAS PEDIATRICAS,240700,HOSPITALIZACIÓN QUIRÚRGICA CIRUGÍA PEDIÁTRICA,44,35,330,321,13,403,0,31,9.428571428571429,0.0,31.0,0.7965260545905707,0.10918114143920596,2.6923076923076925,9,medio,1
2015,10,150115,LIMA,LIMA,LA VICTORIA,MINSA,III-E,00006212,HOSPITAL DE EMERGENCIAS PEDIATRICAS,240900,HOSPITALIZACIÓN QUIRÚRGICA NEUROCIRUGÍA,17,20,146,126,6,186,0,31,7.3,0.0,31.0,0.6774193548387096,0.0913978494623656,3.3333333333333335,-3,medio,1
2015,10,150115,LIMA,LIMA,LA VICTORIA,MINSA,III-E,00006212,HOSPITAL DE EMERGENCIAS PEDIATRICAS,241200,HOSPITALIZACIÓN QUIRÚRGICA TRAUMATOLOGÍA Y ORTOPEDIA,20,28,168,139,6,186,0,31,6.0,0.0,31.0,0.7473118279569892,0.10752688172043011,4.666666666666667,-8,medio,1
2015,10,150115,LIMA,LIMA,LA VICTORIA,MINSA,III-E,00006212,HOSPITAL DE EMERGENCIAS PEDIATRICAS,241900,HOSPITALIZACIÓN DE MEDICINA MEDICINA INTERNA,10,3,19,166,8,248,0,31,6.333333333333333,0.0,31.0,0.6693548387096774,0.04032258064516129,0.375,7,bajo,0
2015,10,150115,LIMA,LIMA,LA VICTORIA,MINSA,III-E,00006212,HOSPITAL DE EMERGENCIAS PEDIATRICAS,242300,HOSPITALIZACIÓN DE PEDIATRÍA PEDIATRÍA GENERAL,82,83,520,432,15,465,0,31,6.265060240963855,0.0,31.0,0.9290322580645162,0.17634408602150536,5.533333333333333,-1,alto,2
2015,10,150115,LIMA,LIMA,LA VICTORIA,MINSA,III-E,00006212,HOSPITAL DE EMERGENCIAS PEDIATRICAS,243200,HOSPITALIZACIÓN DE PEDIATRÍA PEDIATRIA NEONATOLOGÍA,7,4,45,102,4,124,1,31,11.25,0.25,31.0,0.8225806451612904,0.056451612903225805,1.0,3,medio,1
2015,10,150118,LIMA,LIMA,LURIGANCHO,MINSA,II-2,00005947,HOSPITAL DE MEDIANA COMPLEJIDAD JOSE AGURTO TELLO,240100,HOSPITALIZACIÓN QUIRÚRGICA CIRUGÍA GENERAL,95,93,274,293,14,434,0,31,2.946236559139785,0.0,31.0,0.6751152073732719,0.21889400921658986,6.642857142857143,2,alto,2
2015,10,150118,LIMA,LIMA,LURIGANCHO,MINSA,II-2,00005947,HOSPITAL DE MEDIANA COMPLEJIDAD JOSE AGURTO TELLO,240600,HOSPITALIZACIÓN QUIRÚRGICA CIRUGÍA OFTALMOLÓGICA,2,2,2,2,0,31,0,31,1.0,0.0,0.0,0.0,0.06451612903225806,0.0,0,alto,2
2015,10,150118,LIMA,LIMA,LURIGANCHO,MINSA,II-2,00005947,HOSPITAL DE MEDIANA COMPLEJIDAD JOSE AGURTO TELLO,240700,HOSPITALIZACIÓN QUIRÚRGICA CIRUGÍA PEDIÁTRICA,0,0,0,0,0,31,0,31,0.0,0.0,0.0,0.0,0.0,0.0,0,alto,2
2015,10,150118,LIMA,LIMA,LURIGANCHO,MINSA,II-2,00005947,HOSPITAL DE MEDIANA COMPLEJIDAD JOSE AGURTO TELLO,241200,HOSPITALIZACIÓN QUIRÚRGICA TRAUMATOLOGÍA Y ORTOPEDIA,30,29,130,108,6,155,0,31,4.482758620689655,0.0,25.833333333333332,0.5806451612903226,0.1935483870967742,4.833333333333333,1,alto,2
2015,10,150118,LIMA,LIMA,LURIGANCHO,MINSA,II-2,00005947,HOSPITAL DE MEDIANA COMPLEJIDAD JOSE AGURTO TELLO,241500,HOSPITALIZACIÓN QUIRÚRGICA GINECOLOGÍA,6,6,23,25,5,155,0,31,3.8333333333333335,0.0,31.0,0.16129032258064516,0.03870967741935484,1.2,0,bajo,0
2015,10,150118,LIMA,LIMA,LURIGANCHO,MINSA,II-2,00005947,HOSPITAL DE MEDIANA COMPLEJIDAD JOSE AGURTO TELLO,241600,HOSPITALIZACIÓN QUIRÚRGICA OBSTETRICIA,136,149,311,315,17,527,0,31,2.087248322147651,0.0,31.0,0.5977229601518027,0.25806451612903225,8.764705882352942,-13,alto,2
2015,10,150118,LIMA,LIMA,LURIGANCHO,MINSA,II-2,00005947,HOSPITAL DE MEDIANA COMPLEJIDAD JOSE AGURTO TELLO,241900,HOSPITALIZACIÓN DE MEDICINA MEDICINA INTERNA,47,42,232,266,11,310,6,31,5.523809523809524,0.14285714285714285,28.181818181818183,0.7800586510263929,0.15161290322580645,3.8181818181818183,5,alto,2
2015,10,150118,LIMA,LIMA,LURIGANCHO,MINSA,II-2,00005947,HOSPITAL DE MEDIANA COMPLEJIDAD JOSE AGURTO TELLO,242300,HOSPITALIZACIÓN DE PEDIATRÍA PEDIATRÍA GENERAL,64,63,227,222,12,372,1,31,3.6031746031746033,0.015873015873015872,31.0,0.5967741935483871,0.17204301075268819,5.25,1,alto,2
2015,10,150120,LIMA,LIMA,MAGDALENA DEL MAR,MINSA,III-1,00006214,HOSPITAL VICTOR LARCO HERRERA,242200,HOSPITALIZACIÓN DE MEDICINA PSIQUIATRÍA,48,48,6040,14424,590,18290,0,31,125.83333333333333,0.0,31.0,0.788627665390924,0.002624384909786769,0.08135593220338982,0,medio,1
2015,10,150121,LIMA,LIMA,PUEBLO LIBRE,MINSA,III-1,00006211,HOSPITAL DE APOYO SANTA ROSA,240100,HOSPITALIZACIÓN QUIRÚRGICA CIRUGÍA GENERAL,140,144,1362,727,27,837,1,31,9.458333333333334,0.006944444444444444,31.0,0.8685782556750299,0.16726403823178015,5.333333333333333,-4,alto,2
2015,10,150121,LIMA,LIMA,PUEBLO LIBRE,MINSA,III-1,00006211,HOSPITAL DE APOYO SANTA ROSA,240700,HOSPITALIZACIÓN QUIRÚRGICA CIRUGÍA PEDIÁTRICA,34,37,296,177,15,465,0,31,8.0,0.0,31.0,0.38064516129032255,0.07311827956989247,2.466666666666667,-3,medio,1
2015,10,150121,LIMA,LIMA,PUEBLO LIBRE,MINSA,III-1,00006211,HOSPITAL DE APOYO SANTA ROSA,241500,HOSPITALIZACIÓN QUIRÚRGICA GINECOLOGÍA,62,51,277,213,12,372,0,31,5.431372549019608,0.0,31.0,0.5725806451612904,0.16666666666666666,4.25,11,alto,2
2015,10,150121,LIMA,LIMA,PUEBLO LIBRE,MINSA,III-1,00006211,HOSPITAL DE APOYO SANTA ROSA,241600,HOSPITALIZACIÓN QUIRÚRGICA OBSTETRICIA,243,257,1180,781,56,1736,1,31,4.591439688715953,0.0038910505836575876,31.0,0.4498847926267281,0.1399769585253456,4.589285714285714,-14,alto,2
2015,10,150121,LIMA,LIMA,PUEBLO LIBRE,MINSA,III-1,00006211,HOSPITAL DE APOYO SANTA ROSA,241900,HOSPITALIZACIÓN DE MEDICINA MEDICINA INTERNA,109,88,1099,806,34,1054,6,31,12.488636363636363,0.06818181818181818,31.0,0.7647058823529411,0.10341555977229601,2.588235294117647,21,medio,1
2015,10,150121,LIMA,LIMA,PUEBLO LIBRE,MINSA,III-1,00006211,HOSPITAL DE APOYO SANTA ROSA,242100,HOSPITALIZACIÓN DE MEDICINA ONCOLOGÍA MÉDICA,99,95,567,448,18,558,0,31,5.968421052631579,0.0,31.0,0.8028673835125448,0.1774193548387097,5.277777777777778,4,alto,2
2015,10,150121,LIMA,LIMA,PUEBLO LIBRE,MINSA,III-1,00006211,HOSPITAL DE APOYO SANTA ROSA,242300,HOSPITALIZACIÓN DE PEDIATRÍA PEDIATRÍA GENERAL,43,46,294,225,16,496,0,31,6.391304347826087,0.0,31.0,0.4536290322580645,0.08669354838709678,2.875,-3,medio,1
2015,10,150121,LIMA,LIMA,PUEBLO LIBRE,MINSA,III-1,00006211,HOSPITAL DE APOYO SANTA ROSA,243200,HOSPITALIZACIÓN DE PEDIATRÍA PEDIATRIA NEONATOLOGÍA,44,54,517,212,15,465,2,31,9.574074074074074,0.037037037037037035,31.0,0.4559139784946237,0.09462365591397849,3.6,-10,medio,1
2015,10,150122,LIMA,LIMA,MIRAFLORES,MINSA,III-E,00006213,HOSPITAL DE EMERGENCIAS JOSE CASIMIRO ULLOA,240100,HOSPITALIZACIÓN QUIRÚRGICA CIRUGÍA GENERAL,132,129,586,630,26,806,1,31,4.542635658914729,0.007751937984496124,31.0,0.7816377171215881,0.16377171215880892,4.961538461538462,3,alto,2
2015,10,150122,LIMA,LIMA,MIRAFLORES,MINSA,III-E,00006213,HOSPITAL DE EMERGENCIAS JOSE CASIMIRO ULLOA,240900,HOSPITALIZACIÓN QUIRÚRGICA NEUROCIRUGÍA,17,15,170,333,11,341,1,31,11.333333333333334,0.06666666666666667,31.0,0.9765395894428153,0.04985337243401759,1.3636363636363635,2,alto,2
2015,10,150122,LIMA,LIMA,MIRAFLORES,MINSA,III-E,00006213,HOSPITAL DE EMERGENCIAS JOSE CASIMIRO ULLOA,241200,HOSPITALIZACIÓN QUIRÚRGICA TRAUMATOLOGÍA Y ORTOPEDIA,52,54,317,385,14,434,0,31,5.87037037037037,0.0,31.0,0.8870967741935484,0.11981566820276497,3.857142857142857,-2,alto,2
2015,10,150122,LIMA,LIMA,MIRAFLORES,MINSA,III-E,00006213,HOSPITAL DE EMERGENCIAS JOSE CASIMIRO ULLOA,241900,HOSPITALIZACIÓN DE MEDICINA MEDICINA INTERNA,123,130,1340,526,20,620,25,31,10.307692307692308,0.19230769230769232,31.0,0.8483870967741935,0.19838709677419356,6.5,-7,alto,2
2015,10,150122,LIMA,LIMA,MIRAFLORES,SANIDAD DE LA FUERZA AEREA DEL PERU,III-1,00010751,HOSPITAL CENTRAL DE LA FUERZA AEREA DEL PERU,241800,HOSPITALIZACIÓN DE MEDICINA MEDICINA GENERAL,377,390,4460,4318,283,7871,19,31,11.435897435897436,0.04871794871794872,27.812720848056536,0.492191952581785,0.04789734468301359,1.3780918727915195,-13,bajo,0
2015,10,150130,LIMA,LIMA,SAN BORJA,MINSA,III-2,00016918,INSTITUTO NACIONAL DE SALUD NIÑO SAN BORJA,240100,HOSPITALIZACIÓN QUIRÚRGICA CIRUGÍA GENERAL,89,63,677,544,30,1001,0,31,10.746031746031745,0.0,33.36666666666667,0.5849462365591398,0.08891108891108891,2.1,26,medio,1
2015,10,150130,LIMA,LIMA,SAN BORJA,MINSA,III-2,00016918,INSTITUTO NACIONAL DE SALUD NIÑO SAN BORJA,240500,HOSPITALIZACIÓN QUIRÚRGICA CIRUGÍA DE TRANSPLANTES,9,7,148,120,6,185,1,31,21.142857142857142,0.14285714285714285,30.833333333333332,0.6451612903225806,0.04864864864864865,1.1666666666666667,2,bajo,0
2015,10,150130,LIMA,LIMA,SAN BORJA,MINSA,III-2,00016918,INSTITUTO NACIONAL DE SALUD NIÑO SAN BORJA,240700,HOSPITALIZACIÓN QUIRÚRGICA CIRUGÍA PEDIÁTRICA,20,22,526,391,15,554,0,31,23.90909090909091,0.0,36.93333333333333,0.8408602150537634,0.036101083032490974,1.4666666666666666,-2,medio,1
2015,10,150130,LIMA,LIMA,SAN BORJA,MINSA,III-2,00016918,INSTITUTO NACIONAL DE SALUD NIÑO SAN BORJA,240800,HOSPITALIZACIÓN QUIRÚRGICA CIRUGÍA PLÁSTICA/RECONSTRUCTIVA/ REPARADORA,13,31,629,356,18,558,0,31,20.29032258064516,0.0,31.0,0.6379928315412187,0.023297491039426525,1.7222222222222223,-18,bajo,0
2015,10,150130,LIMA,LIMA,SAN BORJA,MINSA,III-2,00016918,INSTITUTO NACIONAL DE SALUD NIÑO SAN BORJA,240900,HOSPITALIZACIÓN QUIRÚRGICA NEUROCIRUGÍA,10,17,429,236,12,372,0,31,25.235294117647058,0.0,31.0,0.6344086021505376,0.026881720430107527,1.4166666666666667,-7,bajo,0
2015,10,150130,LIMA,LIMA,SAN BORJA,MINSA,III-2,00016918,INSTITUTO NACIONAL DE SALUD NIÑO SAN BORJA,241900,HOSPITALIZACIÓN DE MEDICINA MEDICINA INTERNA,18,22,445,416,12,420,0,31,20.227272727272727,0.0,35.0,1.118279569892473,0.04285714285714286,1.8333333333333333,-4,alto,2
2015,10,150130,LIMA,LIMA,SAN BORJA,MINSA,III-2,00016918,INSTITUTO NACIONAL DE SALUD NIÑO SAN BORJA,243200,HOSPITALIZACIÓN DE PEDIATRÍA PEDIATRIA NEONATOLOGÍA,0,1,7,117,4,139,1,31,7.0,1.0,34.75,0.9435483870967742,0.0,0.25,-1,alto,2
2015,10,150130,LIMA,LIMA,SAN BORJA,MINSA,III-2,00016918,INSTITUTO NACIONAL DE SALUD NIÑO SAN BORJA,250100,UNIDAD DE CUIDADOS CRITICOS UNIDAD DE CUIDADOS INTENSIVOS GENERALES (UCI),0,6,184,583,20,653,4,31,30.666666666666668,0.6666666666666666,32.65,0.9403225806451613,0.0,0.3,-6,alto,2
2015,10,150130,LIMA,LIMA,SAN BORJA,MINSA,III-2,00016918,INSTITUTO NACIONAL DE SALUD NIÑO SAN BORJA,250107,UNIDAD DE CUIDADOS CRITICOS UNIDAD DE CUIDADOS INTENSIVOS (UCI) NEUROQUIRÚRGICA,0,5,76,88,4,102,5,31,15.2,1.0,25.5,0.7096774193548387,0.0,1.25,-5,medio,1
2015,10,150133,LIMA,LIMA,SAN JUAN DE MIRAFLORES,MINSA,III-1,00005987,HOSPITAL MARIA AUXILIADORA,240100,HOSPITALIZACIÓN QUIRÚRGICA CIRUGÍA GENERAL,313,311,2164,2339,90,2790,1,31,6.958199356913183,0.003215434083601286,31.0,0.8383512544802867,0.11218637992831541,3.4555555555555557,2,medio,1
2015,10,150133,LIMA,LIMA,SAN JUAN DE MIRAFLORES,MINSA,III-1,00005987,HOSPITAL MARIA AUXILIADORA,241400,HOSPITALIZACIÓN QUIRÚRGICA GINECO - OBSTETRICIA,887,868,2795,2387,90,2785,0,31,3.2200460829493087,0.0,30.944444444444443,0.8555555555555555,0.318491921005386,9.644444444444444,19,alto,2
2015,10,150133,LIMA,LIMA,SAN JUAN DE MIRAFLORES,MINSA,III-1,00005987,HOSPITAL MARIA AUXILIADORA,241900,HOSPITALIZACIÓN DE MEDICINA MEDICINA INTERNA,153,126,1564,1829,70,2170,17,31,12.412698412698413,0.1349206349206349,31.0,0.8428571428571429,0.07050691244239632,1.8,27,medio,1
2015,10,150133,LIMA,LIMA,SAN JUAN DE MIRAFLORES,MINSA,III-1,00005987,HOSPITAL MARIA AUXILIADORA,242100,HOSPITALIZACIÓN DE MEDICINA ONCOLOGÍA MÉDICA,40,45,361,366,14,366,6,31,8.022222222222222,0.13333333333333333,26.142857142857142,0.8433179723502304,0.1092896174863388,3.2142857142857144,-5,medio,1
2015,10,150133,LIMA,LIMA,SAN JUAN DE MIRAFLORES,MINSA,III-1,00005987,HOSPITAL MARIA AUXILIADORA,242300,HOSPITALIZACIÓN DE PEDIATRÍA PEDIATRÍA GENERAL,147,141,702,885,44,1364,0,31,4.9787234042553195,0.0,31.0,0.6488269794721407,0.10777126099706745,3.2045454545454546,6,medio,1
2015,10,150133,LIMA,LIMA,SAN JUAN DE MIRAFLORES,MINSA,III-1,00005987,HOSPITAL MARIA AUXILIADORA,243200,HOSPITALIZACIÓN DE PEDIATRÍA PEDIATRIA NEONATOLOGÍA,271,270,2706,1947,72,2271,1,31,10.022222222222222,0.003703703703703704,31.541666666666668,0.8723118279569892,0.11933069132540731,3.75,1,alto,2
2015,10,150135,LIMA,LIMA,SAN MARTIN DE PORRES,MINSA,III-1,00007633,HOSPITAL NACIONAL CAYETANO HEREDIA,220100,CONSULTA EXTERNA-CIRUGÍA GENERAL-,259,256,1795,1771,62,1922,1,31,7.01171875,0.00390625,31.0,0.921436004162331,0.1347554630593132,4.129032258064516,3,alto,2
2015,10,150135,LIMA,LIMA,SAN MARTIN DE PORRES,MINSA,III-1,00007633,HOSPITAL NACIONAL CAYETANO HEREDIA,221502,CONSULTA EXTERNA-GINECOLOGÍA GENERAL-GINECOLOGÍA,107,114,332,438,16,496,0,31,2.912280701754386,0.0,31.0,0.8830645161290323,0.2157258064516129,7.125,-7,alto,2
2015,10,150135,LIMA,LIMA,SAN MARTIN DE PORRES,MINSA,III-1,00007633,HOSPITAL NACIONAL CAYETANO HEREDIA,221601,CONSULTA EXTERNA-OBSTETRICIA / ATENCIÓN DE LA MUJER-OBSTETRICIA,226,301,966,1013,34,1054,0,31,3.2093023255813953,0.0,31.0,0.961100569259962,0.2144212523719165,8.852941176470589,-75,alto,2
2015,10,150135,LIMA,LIMA,SAN MARTIN DE PORRES,MINSA,III-1,00007633,HOSPITAL NACIONAL CAYETANO HEREDIA,222400,CONSULTA EXTERNA-MEDICINA GENERAL / ATENCIÓN DEL ADULTO-,133,135,1743,1658,62,1783,16,31,12.911111111111111,0.11851851851851852,28.758064516129032,0.8626430801248699,0.07459338194054964,2.1774193548387095,-2,alto,2
2015,10,150135,LIMA,LIMA,SAN MARTIN DE PORRES,MINSA,III-1,00007633,HOSPITAL NACIONAL CAYETANO HEREDIA,223200,CONSULTA EXTERNA-INFECTOLOGÍA-,43,38,680,961,33,1023,5,31,17.894736842105264,0.13157894736842105,31.0,0.9393939393939394,0.042033235581622676,1.1515151515151516,5,alto,2
2015,10,150135,LIMA,LIMA,SAN MARTIN DE PORRES,MINSA,III-1,00007633,HOSPITAL NACIONAL CAYETANO HEREDIA,223700,CONSULTA EXTERNA-NEFROLOGÍA-,10,13,280,186,10,210,0,31,21.53846153846154,0.0,21.0,0.6,0.047619047619047616,1.3,-3,bajo,0
2015,10,150135,LIMA,LIMA,SAN MARTIN DE PORRES,MINSA,III-1,00007633,HOSPITAL NACIONAL CAYETANO HEREDIA,223800,CONSULTA EXTERNA-NEUMOLOGÍA,14,16,194,319,11,341,0,31,12.125,0.0,31.0,0.9354838709677419,0.04105571847507331,1.4545454545454546,-2,alto,2
2015,10,150135,LIMA,LIMA,SAN MARTIN DE PORRES,MINSA,III-1,00007633,HOSPITAL NACIONAL CAYETANO HEREDIA,224700,CONSULTA EXTERNA-PEDIATRÍA GENERAL-,145,142,926,1392,58,1736,0,31,6.52112676056338,0.0,29.93103448275862,0.7741935483870968,0.08352534562211981,2.4482758620689653,3,medio,1
2015,10,150135,LIMA,LIMA,SAN MARTIN DE PORRES,MINSA,III-1,00007633,HOSPITAL NACIONAL CAYETANO HEREDIA,225400,CONSULTA EXTERNA-NEONATOLOGÍA-,39,62,709,350,12,394,0,31,11.435483870967742,0.0,32.833333333333336,0.9408602150537635,0.09898477157360407,5.166666666666667,-23,alto,2
2015,10,150135,LIMA,LIMA,SAN MARTIN DE PORRES,MINSA,III-1,00007633,HOSPITAL NACIONAL CAYETANO HEREDIA,230109,EMERGENCIA-EMERGENCIA / PRIORIDAD 2-TRAUMATOLOGÍA Y ORTOPEDIA,152,92,1111,1561,60,1860,0,31,12.076086956521738,0.0,31.0,0.839247311827957,0.08172043010752689,1.5333333333333334,60,medio,1
2015,10,150135,LIMA,LIMA,SAN MARTIN DE PORRES,MINSA,III-2,00007733,"INSTITUTO NACIONAL DE SALUD MENTAL ""HONORIO DELGADO - HIDEYO NOGUCHI""",242202,HOSPITALIZACIÓN DE MEDICINA PSIQUIATRÍA PSIQUIATRÍA DEL ADULTO Y GERONTE,32,35,1511,2104,70,2170,0,31,43.17142857142857,0.0,31.0,0.9695852534562212,0.014746543778801843,0.5,-3,alto,2
2015,10,150135,LIMA,LIMA,SAN MARTIN DE PORRES,MINSA,III-2,00007733,"INSTITUTO NACIONAL DE SALUD MENTAL ""HONORIO DELGADO - HIDEYO NOGUCHI""",242205,HOSPITALIZACIÓN MEDICINA PSIQUIATRÍA PISIQUIATRIA/ SALUD MENTAL Y ADICCIONES,11,9,507,525,19,589,0,31,56.333333333333336,0.0,31.0,0.8913412563667232,0.01867572156196944,0.47368421052631576,2,alto,2
2015,10,150136,LIMA,LIMA,SAN MIGUEL,SANIDAD DE LA POLICIA NACIONAL DEL PERU,II-E,00014718,UNIDAD EJECUTORA 020:SANIDAD DE LA PNP,241900,HOSPITALIZACIÓN DE MEDICINA MEDICINA INTERNA,34,55,757,1129,1129,1489,12,31,13.763636363636364,0.21818181818181817,1.3188662533215234,0.03225806451612903,0.022834116856950974,0.048715677590788306,-21,bajo,0
2015,10,150137,LIMA,LIMA,SANTA ANITA,MINSA,III-1,00005948,HOSPITAL HERMILIO VALDIZAN,242200,HOSPITALIZACIÓN DE MEDICINA PSIQUIATRÍA,81,83,3408,5255,183,5673,0,31,41.06024096385542,0.0,31.0,0.9263176449850168,0.014278159703860392,0.453551912568306,-2,alto,2
2015,10,150137,LIMA,LIMA,SANTA ANITA,MINSA,III-1,00005948,HOSPITAL HERMILIO VALDIZAN,242204,HOSPITALIZACIÓN DE MEDICINA PSIQUIATRÍA REHABILITACIÓN PSIQUIÁTRICA / REINSERCIÓN,22,22,844,831,30,930,0,31,38.36363636363637,0.0,31.0,0.8935483870967742,0.023655913978494623,0.7333333333333333,0,alto,2
2015,10,150141,LIMA,LIMA,SURQUILLO,MINSA,III-2,00006210,INSTITUTO NACIONAL DE ENFERMEDADES NEOPLASICAS,240100,HOSPITALIZACIÓN QUIRÚRGICA CIRUGÍA GENERAL,1109,512,4100,4100,208,6448,11,31,8.0078125,0.021484375,31.0,0.6358560794044665,0.17199131513647642,2.4615384615384617,597,alto,2
2015,10,150141,LIMA,LIMA,SURQUILLO,MINSA,III-2,00006210,INSTITUTO NACIONAL DE ENFERMEDADES NEOPLASICAS,240800,HOSPITALIZACIÓN QUIRÚRGICA CIRUGÍA PLÁSTICA/RECONSTRUCTIVA/ REPARADORA,17,4,7,7,4,124,0,31,1.75,0.0,31.0,0.056451612903225805,0.13709677419354838,1.0,13,alto,2
2015,10,150141,LIMA,LIMA,SURQUILLO,MINSA,III-2,00006210,INSTITUTO NACIONAL DE ENFERMEDADES NEOPLASICAS,240900,HOSPITALIZACIÓN QUIRÚRGICA NEUROCIRUGÍA,33,28,462,462,17,527,2,31,16.5,0.07142857142857142,31.0,0.8766603415559773,0.06261859582542695,1.6470588235294117,5,alto,2
2015,10,150141,LIMA,LIMA,SURQUILLO,MINSA,III-2,00006210,INSTITUTO NACIONAL DE ENFERMEDADES NEOPLASICAS,241200,HOSPITALIZACIÓN QUIRÚRGICA TRAUMATOLOGÍA Y ORTOPEDIA,24,20,131,131,15,465,0,31,6.55,0.0,31.0,0.2817204301075269,0.05161290322580645,1.3333333333333333,4,bajo,0
2015,10,150141,LIMA,LIMA,SURQUILLO,MINSA,III-2,00006210,INSTITUTO NACIONAL DE ENFERMEDADES NEOPLASICAS,242100,HOSPITALIZACIÓN DE MEDICINA ONCOLOGÍA MÉDICA,193,241,4665,4665,123,3813,24,31,19.356846473029044,0.0995850622406639,31.0,1.2234461054287962,0.05061631261473905,1.9593495934959348,-48,alto,2
2015,10,150141,LIMA,LIMA,SURQUILLO,MINSA,III-2,00006210,INSTITUTO NACIONAL DE ENFERMEDADES NEOPLASICAS,242300,HOSPITALIZACIÓN DE PEDIATRÍA PEDIATRÍA GENERAL,32,10,209,209,6,186,3,31,20.9,0.3,31.0,1.1236559139784945,0.17204301075268819,1.6666666666666667,22,alto,2
2015,10,150142,LIMA,LIMA,VILLA EL SALVADOR,ESSALUD,II-1,00008741,ULDARICO ROCCA FERNANDEZ,240100,HOSPITALIZACIÓN QUIRÚRGICA CIRUGÍA GENERAL,104,105,194,188,9,279,0,31,1.8476190476190477,0.0,31.0,0.6738351254480287,0.3727598566308244,11.666666666666666,-1,alto,2
2015,10,150142,LIMA,LIMA,VILLA EL SALVADOR,ESSALUD,II-1,00008741,ULDARICO ROCCA FERNANDEZ,241500,HOSPITALIZACIÓN QUIRÚRGICA GINECOLOGÍA,21,24,73,69,3,93,0,31,3.0416666666666665,0.0,31.0,0.7419354838709677,0.22580645161290322,8.0,-3,alto,2
2015,10,150142,LIMA,LIMA,VILLA EL SALVADOR,ESSALUD,II-1,00008741,ULDARICO ROCCA FERNANDEZ,241600,HOSPITALIZACIÓN QUIRÚRGICA OBSTETRICIA,245,244,481,449,15,465,0,31,1.971311475409836,0.0,31.0,0.9655913978494624,0.5268817204301075,16.266666666666666,1,alto,2
2015,10,150142,LIMA,LIMA,VILLA EL SALVADOR,ESSALUD,II-1,00008741,ULDARICO ROCCA FERNANDEZ,241900,HOSPITALIZACIÓN DE MEDICINA MEDICINA INTERNA,26,27,212,225,8,248,3,31,7.851851851851852,0.1111111111111111,31.0,0.907258064516129,0.10483870967741936,3.375,-1,alto,2
2015,10,150142,LIMA,LIMA,VILLA EL SALVADOR,ESSALUD,II-1,00008741,ULDARICO ROCCA FERNANDEZ,242300,HOSPITALIZACIÓN DE PEDIATRÍA PEDIATRÍA GENERAL,66,65,226,212,8,248,0,31,3.476923076923077,0.0,31.0,0.8548387096774194,0.2661290322580645,8.125,1,alto,2
2015,10,150142,LIMA,LIMA,VILLA EL SALVADOR,ESSALUD,II-1,00008741,ULDARICO ROCCA FERNANDEZ,250304,HOSPIT. EN UNIDAD DE CUID.INTEN.-UNIDAD DE VIGILANCIA INTENSIVA (UVI)-MEDICINA,11,12,56,44,2,62,3,31,4.666666666666667,0.25,31.0,0.7096774193548387,0.1774193548387097,6.0,-1,alto,2
2015,11,150101,LIMA,LIMA,LIMA,ESSALUD,II-2,00008502,HOSPITAL III EMERGENCIAS GRAU,240100,HOSPITALIZACIÓN QUIRÚRGICA CIRUGÍA GENERAL,224,229,824,840,30,930,1,30,3.5982532751091703,0.004366812227074236,31.0,0.9333333333333333,0.24086021505376345,7.633333333333334,-5,alto,2
2015,11,150101,LIMA,LIMA,LIMA,ESSALUD,II-2,00008502,HOSPITAL III EMERGENCIAS GRAU,241200,HOSPITALIZACIÓN QUIRÚRGICA TRAUMATOLOGÍA Y ORTOPEDIA,27,23,440,444,15,465,1,30,19.130434782608695,0.043478260869565216,31.0,0.9866666666666667,0.05806451612903226,1.5333333333333334,4,alto,2
2015,11,150101,LIMA,LIMA,LIMA,ESSALUD,II-2,00008502,HOSPITAL III EMERGENCIAS GRAU,241300,HOSPITALIZACIÓN QUIRÚRGICA UROLOGÍA,74,68,308,415,15,465,0,30,4.529411764705882,0.0,31.0,0.9222222222222223,0.15913978494623657,4.533333333333333,6,alto,2
2015,11,150101,LIMA,LIMA,LIMA,ESSALUD,II-2,00008502,HOSPITAL III EMERGENCIAS GRAU,241400,HOSPITALIZACIÓN QUIRÚRGICA GINECO - OBSTETRICIA,494,490,1081,1002,36,1140,0,30,2.206122448979592,0.0,31.666666666666668,0.9277777777777778,0.43333333333333335,13.61111111111111,4,alto,2
2015,11,150101,LIMA,LIMA,LIMA,ESSALUD,II-2,00008502,HOSPITAL III EMERGENCIAS GRAU,241900,HOSPITALIZACIÓN DE MEDICINA MEDICINA INTERNA,303,278,2659,2871,107,3309,10,30,9.56474820143885,0.03597122302158273,30.925233644859812,0.8943925233644859,0.09156844968268359,2.5981308411214954,25,alto,2
2015,11,150101,LIMA,LIMA,LIMA,ESSALUD,II-2,00008502,HOSPITAL III EMERGENCIAS GRAU,242300,HOSPITALIZACIÓN DE PEDIATRÍA PEDIATRÍA GENERAL,130,127,339,319,16,496,0,30,2.6692913385826773,0.0,31.0,0.6645833333333333,0.2620967741935484,7.9375,3,alto,2
2015,11,150101,LIMA,LIMA,LIMA,ESSALUD,II-2,00008502,HOSPITAL III EMERGENCIAS GRAU,243200,HOSPITALIZACIÓN DE PEDIATRÍA PEDIATRIA NEONATOLOGÍA,242,238,406,275,11,332,0,30,1.7058823529411764,0.0,30.181818181818183,0.8333333333333334,0.7289156626506024,21.636363636363637,4,alto,2
2015,11,150101,LIMA,LIMA,LIMA,ESSALUD,II-2,00008502,HOSPITAL III EMERGENCIAS GRAU,250100,UNIDAD DE CUIDADOS CRITICOS UNIDAD DE CUIDADOS INTENSIVOS GENERALES (UCI),19,7,143,144,5,155,4,30,20.428571428571427,0.5714285714285714,31.0,0.96,0.12258064516129032,1.4,12,alto,2
2015,11,150101,LIMA,LIMA,LIMA,ESSALUD,II-2,00008502,HOSPITAL III EMERGENCIAS GRAU,250200,UNIDAD DE CUIDADOS CRITICOS UNIDAD DE CUIDADOS INTERMEDIOS GENERAL (UCIN),28,4,67,274,10,310,1,30,16.75,0.25,31.0,0.9133333333333333,0.09032258064516129,0.4,24,alto,2
2015,11,150101,LIMA,LIMA,LIMA,MINSA,III-1,00006206,NACIONAL DOS DE MAYO,230400,EMERGENCIA SHOCKTRAUMA / PRIORIDAD 1,24,39,171,55,3,90,39,30,4.384615384615385,1.0,30.0,0.6111111111111112,0.26666666666666666,13.0,-15,alto,2
2015,11,150101,LIMA,LIMA,LIMA,MINSA,III-1,00006206,NACIONAL DOS DE MAYO,240100,HOSPITALIZACIÓN QUIRÚRGICA CIRUGÍA GENERAL,177,263,2752,2745,97,2910,2,30,10.463878326996198,0.0076045627376425855,30.0,0.9432989690721649,0.060824742268041236,2.711340206185567,-86,alto,2
2015,11,150101,LIMA,LIMA,LIMA,MINSA,III-1,00006206,NACIONAL DOS DE MAYO,240200,HOSPITALIZACIÓN QUIRÚRGICA CIRUGÍA DE CABEZA Y CUELLO / MÁXILO FACIAL,25,27,264,340,12,360,0,30,9.777777777777779,0.0,30.0,0.9444444444444444,0.06944444444444445,2.25,-2,alto,2
2015,11,150101,LIMA,LIMA,LIMA,MINSA,III-1,00006206,NACIONAL DOS DE MAYO,240400,HOSPITALIZACIÓN QUIRÚRGICA CIRUGÍA DE TÓRAX Y CARDIOVASCULAR,40,34,413,283,14,420,1,30,12.147058823529411,0.029411764705882353,30.0,0.6738095238095239,0.09523809523809523,2.4285714285714284,6,medio,1
2015,11,150101,LIMA,LIMA,LIMA,MINSA,III-1,00006206,NACIONAL DOS DE MAYO,240700,HOSPITALIZACIÓN QUIRÚRGICA CIRUGÍA PEDIÁTRICA,18,20,167,142,6,180,0,30,8.35,0.0,30.0,0.7888888888888889,0.1,3.3333333333333335,-2,medio,1
2015,11,150101,LIMA,LIMA,LIMA,MINSA,III-1,00006206,NACIONAL DOS DE MAYO,240800,HOSPITALIZACIÓN QUIRÚRGICA CIRUGÍA PLÁSTICA/RECONSTRUCTIVA/ REPARADORA,7,9,104,149,8,240,0,30,11.555555555555555,0.0,30.0,0.6208333333333333,0.029166666666666667,1.125,-2,bajo,0
2015,11,150101,LIMA,LIMA,LIMA,MINSA,III-1,00006206,NACIONAL DOS DE MAYO,240900,HOSPITALIZACIÓN QUIRÚRGICA NEUROCIRUGÍA,32,45,684,514,20,600,1,30,15.2,0.022222222222222223,30.0,0.8566666666666667,0.05333333333333334,2.25,-13,alto,2
2015,11,150101,LIMA,LIMA,LIMA,MINSA,III-1,00006206,NACIONAL DOS DE MAYO,241100,HOSPITALIZACIÓN QUIRÚRGICA OTORRINOLARINGOLOGÍA,20,19,118,64,3,90,0,30,6.2105263157894735,0.0,30.0,0.7111111111111111,0.2222222222222222,6.333333333333333,1,alto,2
2015,11,150101,LIMA,LIMA,LIMA,MINSA,III-1,00006206,NACIONAL DOS DE MAYO,241200,HOSPITALIZACIÓN QUIRÚRGICA TRAUMATOLOGÍA Y ORTOPEDIA,66,66,1075,1121,40,1200,0,30,16.28787878787879,0.0,30.0,0.9341666666666667,0.055,1.65,0,alto,2
2015,11,150101,LIMA,LIMA,LIMA,MINSA,III-1,00006206,NACIONAL DOS DE MAYO,241300,HOSPITALIZACIÓN QUIRÚRGICA UROLOGÍA,90,93,948,1150,40,1200,2,30,10.193548387096774,0.021505376344086023,30.0,0.9583333333333334,0.075,2.325,-3,alto,2
2015,11,150101,LIMA,LIMA,LIMA,MINSA,III-1,00006206,NACIONAL DOS DE MAYO,241400,HOSPITALIZACIÓN QUIRÚRGICA GINECO - OBSTETRICIA,395,386,1275,1284,52,1560,0,30,3.3031088082901556,0.0,30.0,0.823076923076923,0.2532051282051282,7.423076923076923,9,alto,2
2015,11,150101,LIMA,LIMA,LIMA,MINSA,III-1,00006206,NACIONAL DOS DE MAYO,241800,HOSPITALIZACIÓN DE MEDICINA MEDICINA GENERAL,461,418,4962,5703,204,6120,40,30,11.870813397129186,0.09569377990430622,30.0,0.9318627450980392,0.07532679738562091,2.049019607843137,43,alto,2
2015,11,150101,LIMA,LIMA,LIMA,MINSA,III-1,00006206,NACIONAL DOS DE MAYO,242000,HOSPITALIZACIÓN DE MEDICINA MEDICINA TROPICAL E INFECCIOSAS,19,20,503,581,20,600,4,30,25.15,0.2,30.0,0.9683333333333334,0.03166666666666667,1.0,-1,alto,2
2015,11,150101,LIMA,LIMA,LIMA,MINSA,III-1,00006206,NACIONAL DOS DE MAYO,242300,HOSPITALIZACIÓN DE PEDIATRÍA PEDIATRÍA GENERAL,272,272,1766,1329,47,1410,3,30,6.492647058823529,0.011029411764705883,30.0,0.9425531914893617,0.19290780141843972,5.787234042553192,0,alto,2
2015,11,150101,LIMA,LIMA,LIMA,MINSA,III-1,00006206,NACIONAL DOS DE MAYO,243400,HOSPITALIZACIÓN DE PEDIATRÍA PEDIATRIA NEUROLOGÍA PEDIÁTRICA,19,26,423,767,28,840,3,30,16.26923076923077,0.11538461538461539,30.0,0.9130952380952381,0.02261904761904762,0.9285714285714286,-7,alto,2
2015,11,150101,LIMA,LIMA,LIMA,MINSA,III-1,00006206,NACIONAL DOS DE MAYO,250100,UNIDAD DE CUIDADOS CRITICOS UNIDAD DE CUIDADOS INTENSIVOS GENERALES (UCI),9,7,336,117,6,180,7,30,48.0,1.0,30.0,0.65,0.05,1.1666666666666667,2,bajo,0
2015,11,150101,LIMA,LIMA,LIMA,MINSA,III-1,00006206,NACIONAL DOS DE MAYO,250105,UNIDAD DE CUIDADOS CRITICOS UNIDAD DE CUIDADOS INTENSIVOS (UCI) NEONATOLOGÍA,0,0,0,93,4,120,0,30,0.0,0.0,30.0,0.775,0.0,0.0,0,medio,1
2015,11,150101,LIMA,LIMA,LIMA,MINSA,III-1,00006206,NACIONAL DOS DE MAYO,250108,UNIDAD DE CUIDADOS CRITICOS UNIDAD DE CUIDADOS INTENSIVOS (UCI) PEDIÁTRICA,2,0,148,70,4,120,0,30,0.0,0.0,30.0,0.5833333333333334,0.016666666666666666,0.0,2,bajo,0
2015,11,150101,LIMA,LIMA,LIMA,MINSA,III-1,00006206,NACIONAL DOS DE MAYO,250200,UNIDAD DE CUIDADOS CRITICOS UNIDAD DE CUIDADOS INTERMEDIOS GENERAL (UCIN),0,0,21,168,6,180,0,30,0.0,0.0,30.0,0.9333333333333333,0.0,0.0,0,alto,2
2015,11,150101,LIMA,LIMA,LIMA,MINSA,III-1,00006206,NACIONAL DOS DE MAYO,250500,HOSPIT. EN UNIDAD DE CUID.INTEN.-UNIDAD DE TRAUMA SHOCK-,1,0,0,177,6,180,0,30,0.0,0.0,30.0,0.9833333333333333,0.005555555555555556,0.0,1,alto,2
2015,11,150101,LIMA,LIMA,LIMA,MINSA,III-1,00006207,NACIONAL ARZOBISPO LOAYZA,240100,HOSPITALIZACIÓN QUIRÚRGICA CIRUGÍA GENERAL,388,427,4225,2635,124,3720,4,30,9.894613583138174,0.00936768149882904,30.0,0.7083333333333334,0.1043010752688172,3.443548387096774,-39,medio,1
2015,11,150101,LIMA,LIMA,LIMA,MINSA,III-1,00006207,NACIONAL ARZOBISPO LOAYZA,240200,HOSPITALIZACIÓN QUIRÚRGICA CIRUGÍA DE CABEZA Y CUELLO / MÁXILO FACIAL,24,24,396,431,15,450,0,30,16.5,0.0,30.0,0.9577777777777777,0.05333333333333334,1.6,0,alto,2
2015,11,150101,LIMA,LIMA,LIMA,MINSA,III-1,00006207,NACIONAL ARZOBISPO LOAYZA,240800,HOSPITALIZACIÓN QUIRÚRGICA CIRUGÍA PLÁSTICA/RECONSTRUCTIVA/ REPARADORA,25,25,398,499,23,690,0,30,15.92,0.0,30.0,0.7231884057971014,0.036231884057971016,1.0869565217391304,0,medio,1
2015,11,150101,LIMA,LIMA,LIMA,MINSA,III-1,00006207,NACIONAL ARZOBISPO LOAYZA,240900,HOSPITALIZACIÓN QUIRÚRGICA NEUROCIRUGÍA,17,15,186,328,15,450,0,30,12.4,0.0,30.0,0.7288888888888889,0.03777777777777778,1.0,2,medio,1
2015,11,150101,LIMA,LIMA,LIMA,MINSA,III-1,00006207,NACIONAL ARZOBISPO LOAYZA,241200,HOSPITALIZACIÓN QUIRÚRGICA TRAUMATOLOGÍA Y ORTOPEDIA,84,92,1039,706,30,900,0,30,11.293478260869565,0.0,30.0,0.7844444444444445,0.09333333333333334,3.066666666666667,-8,medio,1
2015,11,150101,LIMA,LIMA,LIMA,MINSA,III-1,00006207,NACIONAL ARZOBISPO LOAYZA,241300,HOSPITALIZACIÓN QUIRÚRGICA UROLOGÍA,79,77,960,826,40,1200,1,30,12.467532467532468,0.012987012987012988,30.0,0.6883333333333334,0.06583333333333333,1.925,2,bajo,0
2015,11,150101,LIMA,LIMA,LIMA,MINSA,III-1,00006207,NACIONAL ARZOBISPO LOAYZA,241500,HOSPITALIZACIÓN QUIRÚRGICA GINECOLOGÍA,193,199,1690,1319,48,1440,0,30,8.492462311557789,0.0,30.0,0.9159722222222222,0.13402777777777777,4.145833333333333,-6,alto,2
2015,11,150101,LIMA,LIMA,LIMA,MINSA,III-1,00006207,NACIONAL ARZOBISPO LOAYZA,241600,HOSPITALIZACIÓN QUIRÚRGICA OBSTETRICIA,414,413,2235,848,80,2400,0,30,5.411622276029056,0.0,30.0,0.35333333333333333,0.1725,5.1625,1,alto,2
2015,11,150101,LIMA,LIMA,LIMA,MINSA,III-1,00006207,NACIONAL ARZOBISPO LOAYZA,241700,HOSPITALIZACIÓN QUIRÚRGICA GINECOLOGÍA GINECOLOGIA ONCOLOGICA,36,37,284,145,8,240,1,30,7.675675675675675,0.02702702702702703,30.0,0.6041666666666666,0.15,4.625,-1,alto,2
2015,11,150101,LIMA,LIMA,LIMA,MINSA,III-1,00006207,NACIONAL ARZOBISPO LOAYZA,241800,HOSPITALIZACIÓN DE MEDICINA MEDICINA GENERAL,31,26,199,97,8,240,1,30,7.653846153846154,0.038461538461538464,30.0,0.4041666666666667,0.12916666666666668,3.25,5,alto,2
2015,11,150101,LIMA,LIMA,LIMA,MINSA,III-1,00006207,NACIONAL ARZOBISPO LOAYZA,241900,HOSPITALIZACIÓN DE MEDICINA MEDICINA INTERNA,616,632,7723,6572,258,7740,52,30,12.219936708860759,0.08227848101265822,30.0,0.8490956072351421,0.07958656330749354,2.449612403100775,-16,medio,1
2015,11,150101,LIMA,LIMA,LIMA,MINSA,III-1,00006207,NACIONAL ARZOBISPO LOAYZA,242300,HOSPITALIZACIÓN DE PEDIATRÍA PEDIATRÍA GENERAL,99,89,588,688,38,1140,0,30,6.606741573033708,0.0,30.0,0.6035087719298246,0.0868421052631579,2.3421052631578947,10,medio,1
2015,11,150101,LIMA,LIMA,LIMA,MINSA,III-1,00006207,NACIONAL ARZOBISPO LOAYZA,243200,HOSPITALIZACIÓN DE PEDIATRÍA PEDIATRIA NEONATOLOGÍA,358,351,1475,1471,76,2280,3,30,4.202279202279202,0.008547008547008548,30.0,0.6451754385964912,0.1570175438596491,4.618421052631579,7,alto,2
2015,11,150101,LIMA,LIMA,LIMA,MINSA,III-1,00006207,NACIONAL ARZOBISPO LOAYZA,250100,UNIDAD DE CUIDADOS CRITICOS UNIDAD DE CUIDADOS INTENSIVOS GENERALES (UCI),17,20,440,168,6,180,0,30,22.0,0.0,30.0,0.9333333333333333,0.09444444444444444,3.3333333333333335,-3,alto,2
2015,11,150101,LIMA,LIMA,LIMA,MINSA,III-1,00006207,NACIONAL ARZOBISPO LOAYZA,250200,UNIDAD DE CUIDADOS CRITICOS UNIDAD DE CUIDADOS INTERMEDIOS GENERAL (UCIN),30,14,384,420,16,480,11,30,27.428571428571427,0.7857142857142857,30.0,0.875,0.0625,0.875,16,alto,2
2015,11,150101,LIMA,LIMA,LIMA,MINSA,III-1,00006215,HOSPITAL NACIONAL DOCENTE MADRE NIÑO SAN BARTOLOME,240100,HOSPITALIZACIÓN QUIRÚRGICA CIRUGÍA GENERAL,47,52,351,563,30,901,0,30,6.75,0.0,30.033333333333335,0.6255555555555555,0.05216426193118757,1.7333333333333334,-5,bajo,0
2015,11,150101,LIMA,LIMA,LIMA,MINSA,III-1,00006215,HOSPITAL NACIONAL DOCENTE MADRE NIÑO SAN BARTOLOME,241400,HOSPITALIZACIÓN QUIRÚRGICA GINECO - OBSTETRICIA,30,3,4,102,4,120,0,30,1.3333333333333333,0.0,30.0,0.85,0.25,0.75,27,alto,2
2015,11,150101,LIMA,LIMA,LIMA,MINSA,III-1,00006215,HOSPITAL NACIONAL DOCENTE MADRE NIÑO SAN BARTOLOME,241600,HOSPITALIZACIÓN QUIRÚRGICA OBSTETRICIA,551,580,2023,1990,78,2351,0,30,3.4879310344827585,0.0,30.141025641025642,0.8504273504273504,0.23436835389196087,7.435897435897436,-29,alto,2
2015,11,150101,LIMA,LIMA,LIMA,MINSA,III-1,00006215,HOSPITAL NACIONAL DOCENTE MADRE NIÑO SAN BARTOLOME,242500,HOSPITALIZACIÓN-PEDIATRÍA GENERAL-,81,88,520,777,31,947,0,30,5.909090909090909,0.0,30.548387096774192,0.8354838709677419,0.08553326293558607,2.838709677419355,-7,medio,1
2015,11,150101,LIMA,LIMA,LIMA,MINSA,III-1,00006215,HOSPITAL NACIONAL DOCENTE MADRE NIÑO SAN BARTOLOME,243200,HOSPITALIZACIÓN DE PEDIATRÍA PEDIATRIA NEONATOLOGÍA,99,91,913,574,19,574,1,30,10.032967032967033,0.01098901098901099,30.210526315789473,1.0070175438596491,0.17247386759581881,4.7894736842105265,8,alto,2
2015,11,150101,LIMA,LIMA,LIMA,MINSA,III-1,00006215,HOSPITAL NACIONAL DOCENTE MADRE NIÑO SAN BARTOLOME,250105,UNIDAD DE CUIDADOS CRITICOS UNIDAD DE CUIDADOS INTENSIVOS (UCI) NEONATOLOGÍA,8,5,30,143,5,145,4,30,6.0,0.8,29.0,0.9533333333333334,0.05517241379310345,1.0,3,alto,2
2015,11,150101,LIMA,LIMA,LIMA,MINSA,III-1,00006215,HOSPITAL NACIONAL DOCENTE MADRE NIÑO SAN BARTOLOME,250108,UNIDAD DE CUIDADOS CRITICOS UNIDAD DE CUIDADOS INTENSIVOS (UCI) PEDIÁTRICA,11,6,21,149,6,179,3,30,3.5,0.5,29.833333333333332,0.8277777777777777,0.061452513966480445,1.0,5,medio,1
2015,11,150101,LIMA,LIMA,LIMA,MINSA,III-2,00006208,INSTITUTO NACIONAL MATERNO PERINATAL,241400,HOSPITALIZACIÓN QUIRÚRGICA GINECO - OBSTETRICIA,2133,2059,7566,6122,235,7425,0,30,3.674599320058281,0.0,31.595744680851062,0.8683687943262411,0.2872727272727273,8.761702127659575,74,alto,2
2015,11,150101,LIMA,LIMA,LIMA,MINSA,III-2,00006208,INSTITUTO NACIONAL MATERNO PERINATAL,241500,HOSPITALIZACIÓN QUIRÚRGICA GINECOLOGÍA,112,125,577,445,20,600,0,30,4.616,0.0,30.0,0.7416666666666667,0.18666666666666668,6.25,-13,alto,2
2015,11,150101,LIMA,LIMA,LIMA,MINSA,III-2,00006208,INSTITUTO NACIONAL MATERNO PERINATAL,243200,HOSPITALIZACIÓN DE PEDIATRÍA PEDIATRIA NEONATOLOGÍA,355,335,2705,2695,95,2850,1,30,8.074626865671641,0.0029850746268656717,30.0,0.9456140350877194,0.12456140350877193,3.526315789473684,20,alto,2
2015,11,150101,LIMA,LIMA,LIMA,MINSA,III-2,00006208,INSTITUTO NACIONAL MATERNO PERINATAL,250102,UNIDAD DE CUIDADOS CRITICOS UNIDAD DE CUIDADOS INTENSIVOS GENERALES (UCI) GINECO-OBSTETRICIA,53,48,233,258,10,300,0,30,4.854166666666667,0.0,30.0,0.86,0.17666666666666667,4.8,5,alto,2
2015,11,150101,LIMA,LIMA,LIMA,MINSA,III-2,00006208,INSTITUTO NACIONAL MATERNO PERINATAL,250105,UNIDAD DE CUIDADOS CRITICOS UNIDAD DE CUIDADOS INTENSIVOS (UCI) NEONATOLOGÍA,46,49,785,757,30,900,11,30,16.020408163265305,0.22448979591836735,30.0,0.8411111111111111,0.051111111111111114,1.6333333333333333,-3,medio,1
2015,11,150101,LIMA,LIMA,LIMA,MINSA,III-2,00006209,INSTITUTO NACIONAL DE CIENCIAS NEUROLOGICAS,240900,HOSPITALIZACIÓN QUIRÚRGICA NEUROCIRUGÍA,169,87,1388,1190,40,1200,1,30,15.954022988505747,0.011494252873563218,30.0,0.9916666666666667,0.14083333333333334,2.175,82,alto,2
2015,11,150101,LIMA,LIMA,LIMA,MINSA,III-2,00006209,INSTITUTO NACIONAL DE CIENCIAS NEUROLOGICAS,241100,HOSPITALIZACIÓN QUIRÚRGICA OTORRINOLARINGOLOGÍA,1,1,3,3,1,30,0,30,3.0,0.0,30.0,0.1,0.03333333333333333,1.0,0,bajo,0
2015,11,150101,LIMA,LIMA,LIMA,MINSA,III-2,00006209,INSTITUTO NACIONAL DE CIENCIAS NEUROLOGICAS,243400,HOSPITALIZACIÓN DE PEDIATRÍA PEDIATRIA NEUROLOGÍA PEDIÁTRICA,16,13,213,255,20,600,0,30,16.384615384615383,0.0,30.0,0.425,0.02666666666666667,0.65,3,bajo,0
2015,11,150101,LIMA,LIMA,LIMA,MINSA,III-2,00006209,INSTITUTO NACIONAL DE CIENCIAS NEUROLOGICAS,244800,HOSPITALIZACIÓN-HOSPITALIZACIÓN DE MEDICINA-GERIATRIA,27,22,320,440,20,600,0,30,14.545454545454545,0.0,30.0,0.7333333333333333,0.045,1.1,5,medio,1
2015,11,150101,LIMA,LIMA,LIMA,MINSA,III-2,00006209,INSTITUTO NACIONAL DE CIENCIAS NEUROLOGICAS,244900,HOSPITALIZACIÓN DE MEDICINA NEUROLOGIA NEURODEGENERATIVAS,39,26,614,697,44,1320,0,30,23.615384615384617,0.0,30.0,0.5280303030303031,0.029545454545454545,0.5909090909090909,13,bajo,0
2015,11,150101,LIMA,LIMA,LIMA,MINSA,III-2,00006209,INSTITUTO NACIONAL DE CIENCIAS NEUROLOGICAS,245000,HOSPITALIZACIÓN DE MEDICINA NEUROLOGIA NEUROVASCULARES Y METABOLICAS,21,17,307,359,13,390,0,30,18.058823529411764,0.0,30.0,0.9205128205128205,0.05384615384615385,1.3076923076923077,4,alto,2
2015,11,150101,LIMA,LIMA,LIMA,MINSA,III-2,00006209,INSTITUTO NACIONAL DE CIENCIAS NEUROLOGICAS,245100,HOSPITALIZACIÓN DE MEDICINA NEUROLOGIA ENFERMEDADES INFECCIOSAS/TRANSMISIBLES DEL SISTEMA NERVIOSO,26,18,425,637,28,840,1,30,23.61111111111111,0.05555555555555555,30.0,0.7583333333333333,0.030952380952380953,0.6428571428571429,8,medio,1
2015,11,150101,LIMA,LIMA,LIMA,MINSA,III-2,00006209,INSTITUTO NACIONAL DE CIENCIAS NEUROLOGICAS,245200,HOSPITALIZACIÓN DE MEDICINA NEUROLOGIA EPILEPSIA/EPILEPTOLOGIA,29,21,214,368,17,510,0,30,10.19047619047619,0.0,30.0,0.7215686274509804,0.056862745098039215,1.2352941176470589,8,medio,1
2015,11,150101,LIMA,LIMA,LIMA,MINSA,III-2,00006209,INSTITUTO NACIONAL DE CIENCIAS NEUROLOGICAS,250106,UNIDAD DE CUIDADOS CRITICOS UNIDAD DE CUIDADOS INTENSIVOS (UCI) NEUROLÓGICA,10,2,18,117,4,120,2,30,9.0,1.0,30.0,0.975,0.08333333333333333,0.5,8,alto,2
2015,11,150101,LIMA,LIMA,LIMA,MINSA,III-2,00006217,INO DR. FRANCISCO CONTRERAS C.,240600,HOSPITALIZACIÓN QUIRÚRGICA CIRUGÍA OFTALMOLÓGICA,45,46,90,46,11,330,0,30,1.9565217391304348,0.0,30.0,0.1393939393939394,0.13636363636363635,4.181818181818182,-1,alto,2
2015,11,150103,LIMA,LIMA,ATE,ESSALUD,II-1,00008353,ESSALUD - HOSPITAL II VITARTE,240100,HOSPITALIZACIÓN QUIRÚRGICA CIRUGÍA GENERAL,134,135,362,403,14,420,0,30,2.6814814814814816,0.0,30.0,0.9595238095238096,0.319047619047619,9.642857142857142,-1,alto,2
2015,11,150103,LIMA,LIMA,ATE,ESSALUD,II-1,00008353,ESSALUD - HOSPITAL II VITARTE,241200,HOSPITALIZACIÓN QUIRÚRGICA TRAUMATOLOGÍA Y ORTOPEDIA,33,26,129,190,7,210,0,30,4.961538461538462,0.0,30.0,0.9047619047619048,0.15714285714285714,3.7142857142857144,7,alto,2
2015,11,150103,LIMA,LIMA,ATE,ESSALUD,II-1,00008353,ESSALUD - HOSPITAL II VITARTE,241300,HOSPITALIZACIÓN QUIRÚRGICA UROLOGÍA,9,8,40,34,2,60,0,30,5.0,0.0,30.0,0.5666666666666667,0.15,4.0,1,alto,2
2015,11,150103,LIMA,LIMA,ATE,ESSALUD,II-1,00008353,ESSALUD - HOSPITAL II VITARTE,241500,HOSPITALIZACIÓN QUIRÚRGICA GINECOLOGÍA,82,78,155,130,5,150,0,30,1.9871794871794872,0.0,30.0,0.8666666666666667,0.5466666666666666,15.6,4,alto,2
2015,11,150103,LIMA,LIMA,ATE,ESSALUD,II-1,00008353,ESSALUD - HOSPITAL II VITARTE,241900,HOSPITALIZACIÓN DE MEDICINA MEDICINA INTERNA,96,97,760,825,28,840,3,30,7.835051546391752,0.030927835051546393,30.0,0.9821428571428571,0.11428571428571428,3.4642857142857144,-1,alto,2
2015,11,150103,LIMA,LIMA,ATE,ESSALUD,II-1,00008353,ESSALUD - HOSPITAL II VITARTE,242300,HOSPITALIZACIÓN DE PEDIATRÍA PEDIATRÍA GENERAL,81,78,260,271,10,300,0,30,3.3333333333333335,0.0,30.0,0.9033333333333333,0.27,7.8,3,alto,2
2015,11,150103,LIMA,LIMA,ATE,ESSALUD,II-1,00008353,ESSALUD - HOSPITAL II VITARTE,250304,HOSPIT. EN UNIDAD DE CUID.INTEN.-UNIDAD DE VIGILANCIA INTENSIVA (UVI)-MEDICINA,14,18,52,61,4,120,4,30,2.888888888888889,0.2222222222222222,30.0,0.5083333333333333,0.11666666666666667,4.5,-4,medio,1
2015,11,150105,LIMA,LIMA,BREÑA,MINSA,III-2,00006216,INSTITUTO NACIONAL DE SALUD DEL NIÑO,240200,HOSPITALIZACIÓN QUIRÚRGICA CIRUGÍA DE CABEZA Y CUELLO / MÁXILO FACIAL,15,23,198,158,8,240,1,30,8.608695652173912,0.043478260869565216,30.0,0.6583333333333333,0.0625,2.875,-8,bajo,0
2015,11,150105,LIMA,LIMA,BREÑA,MINSA,III-2,00006216,INSTITUTO NACIONAL DE SALUD DEL NIÑO,240400,HOSPITALIZACIÓN QUIRÚRGICA CIRUGÍA DE TÓRAX Y CARDIOVASCULAR,15,15,445,500,19,570,1,30,29.666666666666668,0.06666666666666667,30.0,0.8771929824561403,0.02631578947368421,0.7894736842105263,0,alto,2
2015,11,150105,LIMA,LIMA,BREÑA,MINSA,III-2,00006216,INSTITUTO NACIONAL DE SALUD DEL NIÑO,240700,HOSPITALIZACIÓN QUIRÚRGICA CIRUGÍA PEDIÁTRICA,6,47,730,409,19,570,1,30,15.53191489361702,0.02127659574468085,30.0,0.7175438596491228,0.010526315789473684,2.473684210526316,-41,medio,1
2015,11,150105,LIMA,LIMA,BREÑA,MINSA,III-2,00006216,INSTITUTO NACIONAL DE SALUD DEL NIÑO,240801,HOSPITALIZACIÓN QUIRÚRGICA CIRUGÍA PLÁSTICA/RECONSTRUCTIVA/ REPARADORA QUEMADOS,42,56,747,665,26,780,0,30,13.339285714285714,0.0,30.0,0.8525641025641025,0.05384615384615385,2.1538461538461537,-14,alto,2
2015,11,150105,LIMA,LIMA,BREÑA,MINSA,III-2,00006216,INSTITUTO NACIONAL DE SALUD DEL NIÑO,240900,HOSPITALIZACIÓN QUIRÚRGICA NEUROCIRUGÍA,8,23,642,698,24,720,1,30,27.91304347826087,0.043478260869565216,30.0,0.9694444444444444,0.011111111111111112,0.9583333333333334,-15,alto,2
2015,11,150105,LIMA,LIMA,BREÑA,MINSA,III-2,00006216,INSTITUTO NACIONAL DE SALUD DEL NIÑO,241200,HOSPITALIZACIÓN QUIRÚRGICA TRAUMATOLOGÍA Y ORTOPEDIA,17,44,727,765,36,1080,0,30,16.522727272727273,0.0,30.0,0.7083333333333334,0.01574074074074074,1.2222222222222223,-27,medio,1
2015,11,150105,LIMA,LIMA,BREÑA,MINSA,III-2,00006216,INSTITUTO NACIONAL DE SALUD DEL NIÑO,241300,HOSPITALIZACIÓN QUIRÚRGICA UROLOGÍA,22,30,303,223,12,360,0,30,10.1,0.0,30.0,0.6194444444444445,0.06111111111111111,2.5,-8,bajo,0
2015,11,150105,LIMA,LIMA,BREÑA,MINSA,III-2,00006216,INSTITUTO NACIONAL DE SALUD DEL NIÑO,242000,HOSPITALIZACIÓN DE MEDICINA MEDICINA TROPICAL E INFECCIOSAS,9,47,499,600,28,840,1,30,10.617021276595745,0.02127659574468085,30.0,0.7142857142857143,0.010714285714285714,1.6785714285714286,-38,medio,1
2015,11,150105,LIMA,LIMA,BREÑA,MINSA,III-2,00006216,INSTITUTO NACIONAL DE SALUD DEL NIÑO,242300,HOSPITALIZACIÓN DE PEDIATRÍA PEDIATRÍA GENERAL,0,215,2503,2214,77,2310,1,30,11.64186046511628,0.004651162790697674,30.0,0.9584415584415584,0.0,2.792207792207792,-215,alto,2
2015,11,150105,LIMA,LIMA,BREÑA,MINSA,III-2,00006216,INSTITUTO NACIONAL DE SALUD DEL NIÑO,242600,HOSPITALIZACIÓN DE PEDIATRÍA PEDIATRIA CARDIOLOGÍA PEDIÁTRICA,16,23,361,560,24,720,2,30,15.695652173913043,0.08695652173913043,30.0,0.7777777777777778,0.022222222222222223,0.9583333333333334,-7,medio,1
2015,11,150105,LIMA,LIMA,BREÑA,MINSA,III-2,00006216,INSTITUTO NACIONAL DE SALUD DEL NIÑO,242700,HOSPITALIZACIÓN DE PEDIATRÍA PEDIATRIA DERMATOLOGÍA PEDIÁTRICA,4,29,237,278,10,300,0,30,8.172413793103448,0.0,30.0,0.9266666666666666,0.013333333333333334,2.9,-25,alto,2
2015,11,150105,LIMA,LIMA,BREÑA,MINSA,III-2,00006216,INSTITUTO NACIONAL DE SALUD DEL NIÑO,242900,HOSPITALIZACIÓN DE PEDIATRÍA PEDIATRIA GASTROENTEROLOGÍA PEDIÁTRICA,9,13,269,299,10,300,0,30,20.692307692307693,0.0,30.0,0.9966666666666667,0.03,1.3,-4,alto,2
2015,11,150105,LIMA,LIMA,BREÑA,MINSA,III-2,00006216,INSTITUTO NACIONAL DE SALUD DEL NIÑO,243000,HOSPITALIZACIÓN DE PEDIATRÍA PEDIATRIA GINECOLOGÍA PEDIÁTRICA,3,6,16,15,2,60,0,30,2.6666666666666665,0.0,30.0,0.25,0.05,3.0,-3,bajo,0
2015,11,150105,LIMA,LIMA,BREÑA,MINSA,III-2,00006216,INSTITUTO NACIONAL DE SALUD DEL NIÑO,243100,HOSPITALIZACIÓN DE PEDIATRÍA PEDIATRIA NEFROLOGÍA PEDIÁTRICA,3,15,218,163,6,180,0,30,14.533333333333333,0.0,30.0,0.9055555555555556,0.016666666666666666,2.5,-12,alto,2
2015,11,150105,LIMA,LIMA,BREÑA,MINSA,III-2,00006216,INSTITUTO NACIONAL DE SALUD DEL NIÑO,243200,HOSPITALIZACIÓN DE PEDIATRÍA PEDIATRIA NEONATOLOGÍA,0,4,135,284,10,300,1,30,33.75,0.25,30.0,0.9466666666666667,0.0,0.4,-4,alto,2
2015,11,150105,LIMA,LIMA,BREÑA,MINSA,III-2,00006216,INSTITUTO NACIONAL DE SALUD DEL NIÑO,243300,HOSPITALIZACIÓN DE PEDIATRÍA PEDIATRIA NEUMOLOGÍA PEDIÁTRICA,3,18,526,613,23,690,0,30,29.22222222222222,0.0,30.0,0.8884057971014493,0.004347826086956522,0.782608695652174,-15,alto,2
2015,11,150105,LIMA,LIMA,BREÑA,MINSA,III-2,00006216,INSTITUTO NACIONAL DE SALUD DEL NIÑO,243400,HOSPITALIZACIÓN DE PEDIATRÍA PEDIATRIA NEUROLOGÍA PEDIÁTRICA,0,12,317,446,15,450,0,30,26.416666666666668,0.0,30.0,0.9911111111111112,0.0,0.8,-12,alto,2
2015,11,150105,LIMA,LIMA,BREÑA,MINSA,III-2,00006216,INSTITUTO NACIONAL DE SALUD DEL NIÑO,243500,HOSPITALIZACIÓN DE PEDIATRÍA PEDIATRIA OFTALMOLOGÍA PEDIÁTRICA,2,3,8,8,1,30,0,30,2.6666666666666665,0.0,30.0,0.26666666666666666,0.06666666666666667,3.0,-1,bajo,0
2015,11,150105,LIMA,LIMA,BREÑA,MINSA,III-2,00006216,INSTITUTO NACIONAL DE SALUD DEL NIÑO,243700,HOSPITALIZACIÓN DE PEDIATRÍA PEDIATRIA OTORRINOLARINGOLOGÍA PEDIÁTRICA,38,36,112,124,13,390,0,30,3.111111111111111,0.0,30.0,0.31794871794871793,0.09743589743589744,2.769230769230769,2,medio,1
2015,11,150105,LIMA,LIMA,BREÑA,MINSA,III-2,00006216,INSTITUTO NACIONAL DE SALUD DEL NIÑO,244500,HOSPITALIZACIÓN DE MEDICINA HEMATOLOGÍA,1,4,156,92,4,120,1,30,39.0,0.25,30.0,0.7666666666666667,0.008333333333333333,1.0,-3,medio,1
2015,11,150105,LIMA,LIMA,BREÑA,MINSA,III-2,00006216,INSTITUTO NACIONAL DE SALUD DEL NIÑO,250108,UNIDAD DE CUIDADOS CRITICOS UNIDAD DE CUIDADOS INTENSIVOS (UCI) PEDIÁTRICA,0,4,123,360,16,480,4,30,30.75,1.0,30.0,0.75,0.0,0.25,-4,medio,1
2015,11,150108,LIMA,LIMA,CHORRILLOS,MINSA,III-2,00007734,"INSTITUTO NACIONAL DE REHABILITACION ""DRA. ADRIANA REBAZA FLORES"" AMISTAD PERU - JAPON",240000,HOSPITALIZACIÓN,9,5,240,1001,36,1080,0,30,48.0,0.0,30.0,0.9268518518518518,0.008333333333333333,0.1388888888888889,4,alto,2
2015,11,150110,LIMA,LIMA,COMAS,MINSA,III-1,00007634,NACIONAL SERGIO E. BERNALES,240100,HOSPITALIZACIÓN QUIRÚRGICA CIRUGÍA GENERAL,132,179,2304,2240,75,2250,0,30,12.871508379888269,0.0,30.0,0.9955555555555555,0.058666666666666666,2.3866666666666667,-47,alto,2
2015,11,150110,LIMA,LIMA,COMAS,MINSA,III-1,00007634,NACIONAL SERGIO E. BERNALES,241200,HOSPITALIZACIÓN QUIRÚRGICA TRAUMATOLOGÍA Y ORTOPEDIA,20,34,769,658,24,720,0,30,22.61764705882353,0.0,30.0,0.9138888888888889,0.027777777777777776,1.4166666666666667,-14,alto,2
2015,11,150110,LIMA,LIMA,COMAS,MINSA,III-1,00007634,NACIONAL SERGIO E. BERNALES,241500,HOSPITALIZACIÓN QUIRÚRGICA GINECOLOGÍA,48,52,166,412,15,450,0,30,3.1923076923076925,0.0,30.0,0.9155555555555556,0.10666666666666667,3.466666666666667,-4,alto,2
2015,11,150110,LIMA,LIMA,COMAS,MINSA,III-1,00007634,NACIONAL SERGIO E. BERNALES,241600,HOSPITALIZACIÓN QUIRÚRGICA OBSTETRICIA,642,705,1705,2185,80,2400,0,30,2.4184397163120566,0.0,30.0,0.9104166666666667,0.2675,8.8125,-63,alto,2
2015,11,150110,LIMA,LIMA,COMAS,MINSA,III-1,00007634,NACIONAL SERGIO E. BERNALES,241900,HOSPITALIZACIÓN DE MEDICINA MEDICINA INTERNA,100,157,1748,2020,69,2070,8,30,11.13375796178344,0.050955414012738856,30.0,0.9758454106280193,0.04830917874396135,2.2753623188405796,-57,alto,2
2015,11,150110,LIMA,LIMA,COMAS,MINSA,III-1,00007634,NACIONAL SERGIO E. BERNALES,242300,HOSPITALIZACIÓN DE PEDIATRÍA PEDIATRÍA GENERAL,161,188,629,1190,40,1200,0,30,3.345744680851064,0.0,30.0,0.9916666666666667,0.13416666666666666,4.7,-27,alto,2
2015,11,150110,LIMA,LIMA,COMAS,MINSA,III-1,00007634,NACIONAL SERGIO E. BERNALES,243200,HOSPITALIZACIÓN DE PEDIATRÍA PEDIATRIA NEONATOLOGÍA,49,77,576,545,32,960,2,30,7.48051948051948,0.025974025974025976,30.0,0.5677083333333334,0.051041666666666666,2.40625,-28,bajo,0
2015,11,150110,LIMA,LIMA,COMAS,MINSA,III-1,00007634,NACIONAL SERGIO E. BERNALES,250100,UNIDAD DE CUIDADOS CRITICOS UNIDAD DE CUIDADOS INTENSIVOS GENERALES (UCI),1,2,53,24,2,80,2,30,26.5,1.0,40.0,0.4,0.0125,1.0,-1,bajo,0
2015,11,150110,LIMA,LIMA,COMAS,MINSA,III-1,00007634,NACIONAL SERGIO E. BERNALES,250200,UNIDAD DE CUIDADOS CRITICOS UNIDAD DE CUIDADOS INTERMEDIOS GENERAL (UCIN),4,9,178,103,4,120,0,30,19.77777777777778,0.0,30.0,0.8583333333333333,0.03333333333333333,2.25,-5,alto,2
2015,11,150111,LIMA,LIMA,EL AGUSTINO,MINSA,III-1,00005946,HOSPITAL NACIONAL HIPOLITO UNANUE,240100,HOSPITALIZACIÓN QUIRÚRGICA CIRUGÍA GENERAL,254,263,3665,3257,117,3510,3,30,13.935361216730039,0.011406844106463879,30.0,0.9279202279202279,0.07236467236467237,2.247863247863248,-9,alto,2
2015,11,150111,LIMA,LIMA,EL AGUSTINO,MINSA,III-1,00005946,HOSPITAL NACIONAL HIPOLITO UNANUE,240200,HOSPITALIZACIÓN QUIRÚRGICA CIRUGÍA DE CABEZA Y CUELLO / MÁXILO FACIAL,29,29,294,340,12,360,0,30,10.137931034482758,0.0,30.0,0.9444444444444444,0.08055555555555556,2.4166666666666665,0,alto,2
2015,11,150111,LIMA,LIMA,EL AGUSTINO,MINSA,III-1,00005946,HOSPITAL NACIONAL HIPOLITO UNANUE,240600,HOSPITALIZACIÓN QUIRÚRGICA CIRUGÍA OFTALMOLÓGICA,1,1,2,32,6,180,0,30,2.0,0.0,30.0,0.17777777777777778,0.005555555555555556,0.16666666666666666,0,bajo,0
2015,11,150111,LIMA,LIMA,EL AGUSTINO,MINSA,III-1,00005946,HOSPITAL NACIONAL HIPOLITO UNANUE,240700,HOSPITALIZACIÓN QUIRÚRGICA CIRUGÍA PEDIÁTRICA,36,35,171,177,7,210,0,30,4.885714285714286,0.0,30.0,0.8428571428571429,0.17142857142857143,5.0,1,alto,2
2015,11,150111,LIMA,LIMA,EL AGUSTINO,MINSA,III-1,00005946,HOSPITAL NACIONAL HIPOLITO UNANUE,240800,HOSPITALIZACIÓN QUIRÚRGICA CIRUGÍA PLÁSTICA/RECONSTRUCTIVA/ REPARADORA,6,11,229,167,10,300,0,30,20.818181818181817,0.0,30.0,0.5566666666666666,0.02,1.1,-5,bajo,0
2015,11,150111,LIMA,LIMA,EL AGUSTINO,MINSA,III-1,00005946,HOSPITAL NACIONAL HIPOLITO UNANUE,240900,HOSPITALIZACIÓN QUIRÚRGICA NEUROCIRUGÍA,24,29,748,835,22,660,2,30,25.79310344827586,0.06896551724137931,30.0,1.2651515151515151,0.03636363636363636,1.3181818181818181,-5,alto,2
2015,11,150111,LIMA,LIMA,EL AGUSTINO,MINSA,III-1,00005946,HOSPITAL NACIONAL HIPOLITO UNANUE,241100,HOSPITALIZACIÓN QUIRÚRGICA OTORRINOLARINGOLOGÍA,10,9,32,101,6,180,0,30,3.5555555555555554,0.0,30.0,0.5611111111111111,0.05555555555555555,1.5,1,bajo,0
2015,11,150111,LIMA,LIMA,EL AGUSTINO,MINSA,III-1,00005946,HOSPITAL NACIONAL HIPOLITO UNANUE,241200,HOSPITALIZACIÓN QUIRÚRGICA TRAUMATOLOGÍA Y ORTOPEDIA,54,55,1485,1313,50,1500,0,30,27.0,0.0,30.0,0.8753333333333333,0.036,1.1,-1,alto,2
2015,11,150111,LIMA,LIMA,EL AGUSTINO,MINSA,III-1,00005946,HOSPITAL NACIONAL HIPOLITO UNANUE,241300,HOSPITALIZACIÓN QUIRÚRGICA UROLOGÍA,26,22,252,388,12,360,0,30,11.454545454545455,0.0,30.0,1.0777777777777777,0.07222222222222222,1.8333333333333333,4,alto,2
2015,11,150111,LIMA,LIMA,EL AGUSTINO,MINSA,III-1,00005946,HOSPITAL NACIONAL HIPOLITO UNANUE,241400,HOSPITALIZACIÓN QUIRÚRGICA GINECO - OBSTETRICIA,23,28,65,54,6,180,0,30,2.3214285714285716,0.0,30.0,0.3,0.12777777777777777,4.666666666666667,-5,alto,2
2015,11,150111,LIMA,LIMA,EL AGUSTINO,MINSA,III-1,00005946,HOSPITAL NACIONAL HIPOLITO UNANUE,241500,HOSPITALIZACIÓN QUIRÚRGICA GINECOLOGÍA,92,96,443,396,35,1050,0,30,4.614583333333333,0.0,30.0,0.37714285714285717,0.08761904761904762,2.742857142857143,-4,medio,1
2015,11,150111,LIMA,LIMA,EL AGUSTINO,MINSA,III-1,00005946,HOSPITAL NACIONAL HIPOLITO UNANUE,241600,HOSPITALIZACIÓN QUIRÚRGICA OBSTETRICIA,525,542,1470,1360,67,2010,0,30,2.7121771217712176,0.0,30.0,0.6766169154228856,0.26119402985074625,8.08955223880597,-17,alto,2
2015,11,150111,LIMA,LIMA,EL AGUSTINO,MINSA,III-1,00005946,HOSPITAL NACIONAL HIPOLITO UNANUE,241800,HOSPITALIZACIÓN DE MEDICINA MEDICINA GENERAL,50,43,419,710,18,540,3,30,9.744186046511627,0.06976744186046512,30.0,1.3148148148148149,0.09259259259259259,2.388888888888889,7,alto,2
2015,11,150111,LIMA,LIMA,EL AGUSTINO,MINSA,III-1,00005946,HOSPITAL NACIONAL HIPOLITO UNANUE,241900,HOSPITALIZACIÓN DE MEDICINA MEDICINA INTERNA,340,330,5124,4288,170,5100,57,30,15.527272727272727,0.17272727272727273,30.0,0.8407843137254902,0.06666666666666667,1.9411764705882353,10,medio,1
2015,11,150111,LIMA,LIMA,EL AGUSTINO,MINSA,III-1,00005946,HOSPITAL NACIONAL HIPOLITO UNANUE,242200,HOSPITALIZACIÓN DE MEDICINA PSIQUIATRÍA,9,10,44,44,3,90,0,30,4.4,0.0,30.0,0.4888888888888889,0.1,3.3333333333333335,-1,medio,1
2015,11,150111,LIMA,LIMA,EL AGUSTINO,MINSA,III-1,00005946,HOSPITAL NACIONAL HIPOLITO UNANUE,242300,HOSPITALIZACIÓN DE PEDIATRÍA PEDIATRÍA GENERAL,99,97,617,1054,40,1200,2,30,6.360824742268041,0.020618556701030927,30.0,0.8783333333333333,0.0825,2.425,2,alto,2
2015,11,150111,LIMA,LIMA,EL AGUSTINO,MINSA,III-1,00005946,HOSPITAL NACIONAL HIPOLITO UNANUE,243200,HOSPITALIZACIÓN DE PEDIATRÍA PEDIATRIA NEONATOLOGÍA,83,84,729,595,47,1410,7,30,8.678571428571429,0.08333333333333333,30.0,0.4219858156028369,0.058865248226950356,1.7872340425531914,-1,bajo,0
2015,11,150111,LIMA,LIMA,EL AGUSTINO,MINSA,III-1,00005946,HOSPITAL NACIONAL HIPOLITO UNANUE,250200,UNIDAD DE CUIDADOS CRITICOS UNIDAD DE CUIDADOS INTERMEDIOS GENERAL (UCIN),22,10,218,194,7,210,9,30,21.8,0.9,30.0,0.9238095238095239,0.10476190476190476,1.4285714285714286,12,alto,2
2015,11,150113,LIMA,LIMA,JESUS MARIA,ESSALUD,III-2,00008720,HOSPITAL NACIONAL EDGARDO REBAGLIATI MARTINS,240100,HOSPITALIZACIÓN QUIRÚRGICA CIRUGÍA GENERAL,488,374,5957,5024,182,5460,6,30,15.927807486631016,0.016042780748663103,30.0,0.9201465201465201,0.08937728937728938,2.0549450549450547,114,alto,2
2015,11,150113,LIMA,LIMA,JESUS MARIA,ESSALUD,III-2,00008720,HOSPITAL NACIONAL EDGARDO REBAGLIATI MARTINS,240200,HOSPITALIZACIÓN QUIRÚRGICA CIRUGÍA DE CABEZA Y CUELLO / MÁXILO FACIAL,47,40,333,326,11,330,0,30,8.325,0.0,30.0,0.9878787878787879,0.14242424242424243,3.6363636363636362,7,alto,2
2015,11,150113,LIMA,LIMA,JESUS MARIA,ESSALUD,III-2,00008720,HOSPITAL NACIONAL EDGARDO REBAGLIATI MARTINS,240600,HOSPITALIZACIÓN QUIRÚRGICA CIRUGÍA OFTALMOLÓGICA,50,43,268,229,8,240,0,30,6.232558139534884,0.0,30.0,0.9541666666666667,0.20833333333333334,5.375,7,alto,2
2015,11,150113,LIMA,LIMA,JESUS MARIA,ESSALUD,III-2,00008720,HOSPITAL NACIONAL EDGARDO REBAGLIATI MARTINS,240700,HOSPITALIZACIÓN QUIRÚRGICA CIRUGÍA PEDIÁTRICA,117,107,706,680,30,900,0,30,6.598130841121495,0.0,30.0,0.7555555555555555,0.13,3.566666666666667,10,alto,2
2015,11,150113,LIMA,LIMA,JESUS MARIA,ESSALUD,III-2,00008720,HOSPITAL NACIONAL EDGARDO REBAGLIATI MARTINS,240900,HOSPITALIZACIÓN QUIRÚRGICA NEUROCIRUGÍA,295,98,1627,1998,70,2100,8,30,16.602040816326532,0.08163265306122448,30.0,0.9514285714285714,0.14047619047619048,1.4,197,alto,2
2015,11,150113,LIMA,LIMA,JESUS MARIA,ESSALUD,III-2,00008720,HOSPITAL NACIONAL EDGARDO REBAGLIATI MARTINS,241100,HOSPITALIZACIÓN QUIRÚRGICA OTORRINOLARINGOLOGÍA,58,49,333,332,12,360,0,30,6.795918367346939,0.0,30.0,0.9222222222222223,0.16111111111111112,4.083333333333333,9,alto,2
2015,11,150113,LIMA,LIMA,JESUS MARIA,ESSALUD,III-2,00008720,HOSPITAL NACIONAL EDGARDO REBAGLIATI MARTINS,241200,HOSPITALIZACIÓN QUIRÚRGICA TRAUMATOLOGÍA Y ORTOPEDIA,277,256,3309,3022,111,3330,0,30,12.92578125,0.0,30.0,0.9075075075075075,0.08318318318318318,2.3063063063063063,21,alto,2
2015,11,150113,LIMA,LIMA,JESUS MARIA,ESSALUD,III-2,00008720,HOSPITAL NACIONAL EDGARDO REBAGLIATI MARTINS,241300,HOSPITALIZACIÓN QUIRÚRGICA UROLOGÍA,129,105,1688,1412,48,1440,0,30,16.076190476190476,0.0,30.0,0.9805555555555555,0.08958333333333333,2.1875,24,alto,2
2015,11,150113,LIMA,LIMA,JESUS MARIA,ESSALUD,III-2,00008720,HOSPITAL NACIONAL EDGARDO REBAGLIATI MARTINS,241500,HOSPITALIZACIÓN QUIRÚRGICA GINECOLOGÍA,847,825,4506,4395,159,4770,0,30,5.461818181818182,0.0,30.0,0.9213836477987422,0.17756813417190775,5.188679245283019,22,alto,2
2015,11,150113,LIMA,LIMA,JESUS MARIA,ESSALUD,III-2,00008720,HOSPITAL NACIONAL EDGARDO REBAGLIATI MARTINS,241800,HOSPITALIZACIÓN DE MEDICINA MEDICINA GENERAL,422,212,2491,3065,111,3330,5,30,11.75,0.02358490566037736,30.0,0.9204204204204204,0.12672672672672672,1.90990990990991,210,alto,2
2015,11,150113,LIMA,LIMA,JESUS MARIA,ESSALUD,III-2,00008720,HOSPITAL NACIONAL EDGARDO REBAGLIATI MARTINS,241900,HOSPITALIZACIÓN DE MEDICINA MEDICINA INTERNA,1068,816,14112,12682,447,13410,110,30,17.294117647058822,0.13480392156862744,30.0,0.9457121551081282,0.0796420581655481,1.825503355704698,252,alto,2
2015,11,150113,LIMA,LIMA,JESUS MARIA,ESSALUD,III-2,00008720,HOSPITAL NACIONAL EDGARDO REBAGLIATI MARTINS,242100,HOSPITALIZACIÓN DE MEDICINA ONCOLOGÍA MÉDICA,220,199,1651,1421,50,1500,3,30,8.296482412060302,0.01507537688442211,30.0,0.9473333333333334,0.14666666666666667,3.98,21,alto,2
2015,11,150113,LIMA,LIMA,JESUS MARIA,ESSALUD,III-2,00008720,HOSPITAL NACIONAL EDGARDO REBAGLIATI MARTINS,242200,HOSPITALIZACIÓN DE MEDICINA PSIQUIATRÍA,116,122,1729,1695,62,1860,0,30,14.172131147540984,0.0,30.0,0.9112903225806451,0.06236559139784946,1.967741935483871,-6,alto,2
2015,11,150113,LIMA,LIMA,JESUS MARIA,ESSALUD,III-2,00008720,HOSPITAL NACIONAL EDGARDO REBAGLIATI MARTINS,242300,HOSPITALIZACIÓN DE PEDIATRÍA PEDIATRÍA GENERAL,294,183,2957,3032,114,3420,7,30,16.15846994535519,0.03825136612021858,30.0,0.8865497076023392,0.08596491228070176,1.605263157894737,111,alto,2
2015,11,150113,LIMA,LIMA,JESUS MARIA,ESSALUD,III-2,00008720,HOSPITAL NACIONAL EDGARDO REBAGLIATI MARTINS,242800,HOSPITALIZACIÓN DE PEDIATRÍA PEDIATRIA ENDOCRINOLOGÍA PEDIÁTRICA,79,78,740,671,24,720,0,30,9.487179487179487,0.0,30.0,0.9319444444444445,0.10972222222222222,3.25,1,alto,2
2015,11,150113,LIMA,LIMA,JESUS MARIA,ESSALUD,III-2,00008720,HOSPITAL NACIONAL EDGARDO REBAGLIATI MARTINS,250100,UNIDAD DE CUIDADOS CRITICOS UNIDAD DE CUIDADOS INTENSIVOS GENERALES (UCI),108,46,5002,1782,68,2040,33,30,108.73913043478261,0.717391304347826,30.0,0.8735294117647059,0.052941176470588235,0.6764705882352942,62,alto,2
2015,11,150113,LIMA,LIMA,JESUS MARIA,ESSALUD,III-E,00018011,INCOR,241800,HOSPITALIZACIÓN DE MEDICINA MEDICINA GENERAL,170,171,1583,1574,74,2148,8,30,9.257309941520468,0.04678362573099415,29.027027027027028,0.709009009009009,0.07914338919925512,2.310810810810811,-1,medio,1
2015,11,150113,LIMA,LIMA,JESUS MARIA,ESSALUD,III-E,00018011,INCOR,242600,HOSPITALIZACIÓN DE PEDIATRÍA PEDIATRIA CARDIOLOGÍA PEDIÁTRICA,76,79,528,494,21,630,1,30,6.6835443037974684,0.012658227848101266,30.0,0.7841269841269841,0.12063492063492064,3.761904761904762,-3,medio,1
2015,11,150113,LIMA,LIMA,JESUS MARIA,SANIDAD DE LA POLICIA NACIONAL DEL PERU,III-1,00013591,HOSPITAL NACIONAL POLICIA NACIONAL DEL PERU GRAL PNP LUIS N. SAENZ.,221000,CONSULTA EXTERNA-OFTALMOLOGÍA,10,9,150,173,6,180,1,30,16.666666666666668,0.1111111111111111,30.0,0.9611111111111111,0.05555555555555555,1.5,1,alto,2
2015,11,150113,LIMA,LIMA,JESUS MARIA,SANIDAD DE LA POLICIA NACIONAL DEL PERU,III-1,00013591,HOSPITAL NACIONAL POLICIA NACIONAL DEL PERU GRAL PNP LUIS N. SAENZ.,224200,CONSULTA EXTERNA-PSIQUIATRÍA,12,15,251,324,16,480,0,30,16.733333333333334,0.0,30.0,0.675,0.025,0.9375,-3,bajo,0
2015,11,150113,LIMA,LIMA,JESUS MARIA,SANIDAD DE LA POLICIA NACIONAL DEL PERU,III-1,00013591,HOSPITAL NACIONAL POLICIA NACIONAL DEL PERU GRAL PNP LUIS N. SAENZ.,240100,HOSPITALIZACIÓN QUIRÚRGICA CIRUGÍA GENERAL,118,118,944,1105,45,1350,8,30,8.0,0.06779661016949153,30.0,0.8185185185185185,0.0874074074074074,2.6222222222222222,0,medio,1
2015,11,150113,LIMA,LIMA,JESUS MARIA,SANIDAD DE LA POLICIA NACIONAL DEL PERU,III-1,00013591,HOSPITAL NACIONAL POLICIA NACIONAL DEL PERU GRAL PNP LUIS N. SAENZ.,240400,HOSPITALIZACIÓN QUIRÚRGICA CIRUGÍA DE TÓRAX Y CARDIOVASCULAR,20,19,267,226,12,360,0,30,14.052631578947368,0.0,30.0,0.6277777777777778,0.05555555555555555,1.5833333333333333,1,bajo,0
2015,11,150113,LIMA,LIMA,JESUS MARIA,SANIDAD DE LA POLICIA NACIONAL DEL PERU,III-1,00013591,HOSPITAL NACIONAL POLICIA NACIONAL DEL PERU GRAL PNP LUIS N. SAENZ.,240700,HOSPITALIZACIÓN QUIRÚRGICA CIRUGÍA PEDIÁTRICA,27,20,177,188,12,360,0,30,8.85,0.0,30.0,0.5222222222222223,0.075,1.6666666666666667,7,medio,1
2015,11,150113,LIMA,LIMA,JESUS MARIA,SANIDAD DE LA POLICIA NACIONAL DEL PERU,III-1,00013591,HOSPITAL NACIONAL POLICIA NACIONAL DEL PERU GRAL PNP LUIS N. SAENZ.,240801,HOSPITALIZACIÓN QUIRÚRGICA CIRUGÍA PLÁSTICA/RECONSTRUCTIVA/ REPARADORA QUEMADOS,14,14,174,187,8,240,0,30,12.428571428571429,0.0,30.0,0.7791666666666667,0.058333333333333334,1.75,0,medio,1
2015,11,150113,LIMA,LIMA,JESUS MARIA,SANIDAD DE LA POLICIA NACIONAL DEL PERU,III-1,00013591,HOSPITAL NACIONAL POLICIA NACIONAL DEL PERU GRAL PNP LUIS N. SAENZ.,240900,HOSPITALIZACIÓN QUIRÚRGICA NEUROCIRUGÍA,9,16,601,470,16,480,0,30,37.5625,0.0,30.0,0.9791666666666666,0.01875,1.0,-7,alto,2
2015,11,150113,LIMA,LIMA,JESUS MARIA,SANIDAD DE LA POLICIA NACIONAL DEL PERU,III-1,00013591,HOSPITAL NACIONAL POLICIA NACIONAL DEL PERU GRAL PNP LUIS N. SAENZ.,241100,HOSPITALIZACIÓN QUIRÚRGICA OTORRINOLARINGOLOGÍA,27,22,163,287,11,330,0,30,7.409090909090909,0.0,30.0,0.8696969696969697,0.08181818181818182,2.0,5,alto,2
2015,11,150113,LIMA,LIMA,JESUS MARIA,SANIDAD DE LA POLICIA NACIONAL DEL PERU,III-1,00013591,HOSPITAL NACIONAL POLICIA NACIONAL DEL PERU GRAL PNP LUIS N. SAENZ.,241200,HOSPITALIZACIÓN QUIRÚRGICA TRAUMATOLOGÍA Y ORTOPEDIA,38,46,1026,887,36,1080,1,30,22.304347826086957,0.021739130434782608,30.0,0.8212962962962963,0.03518518518518519,1.2777777777777777,-8,medio,1
2015,11,150113,LIMA,LIMA,JESUS MARIA,SANIDAD DE LA POLICIA NACIONAL DEL PERU,III-1,00013591,HOSPITAL NACIONAL POLICIA NACIONAL DEL PERU GRAL PNP LUIS N. SAENZ.,241300,HOSPITALIZACIÓN QUIRÚRGICA UROLOGÍA,42,45,683,587,24,720,2,30,15.177777777777777,0.044444444444444446,30.0,0.8152777777777778,0.058333333333333334,1.875,-3,medio,1
2015,11,150113,LIMA,LIMA,JESUS MARIA,SANIDAD DE LA POLICIA NACIONAL DEL PERU,III-1,00013591,HOSPITAL NACIONAL POLICIA NACIONAL DEL PERU GRAL PNP LUIS N. SAENZ.,241600,HOSPITALIZACIÓN QUIRÚRGICA OBSTETRICIA,186,182,574,588,35,1050,0,30,3.1538461538461537,0.0,30.0,0.56,0.17714285714285713,5.2,4,alto,2
2015,11,150113,LIMA,LIMA,JESUS MARIA,SANIDAD DE LA POLICIA NACIONAL DEL PERU,III-1,00013591,HOSPITAL NACIONAL POLICIA NACIONAL DEL PERU GRAL PNP LUIS N. SAENZ.,241800,HOSPITALIZACIÓN DE MEDICINA MEDICINA GENERAL,191,184,2617,2833,144,4320,9,30,14.222826086956522,0.04891304347826087,30.0,0.655787037037037,0.04421296296296296,1.2777777777777777,7,bajo,0
2015,11,150113,LIMA,LIMA,JESUS MARIA,SANIDAD DE LA POLICIA NACIONAL DEL PERU,III-1,00013591,HOSPITAL NACIONAL POLICIA NACIONAL DEL PERU GRAL PNP LUIS N. SAENZ.,242300,HOSPITALIZACIÓN DE PEDIATRÍA PEDIATRÍA GENERAL,56,45,289,345,29,870,1,30,6.4222222222222225,0.022222222222222223,30.0,0.39655172413793105,0.06436781609195402,1.5517241379310345,11,bajo,0
2015,11,150113,LIMA,LIMA,JESUS MARIA,SANIDAD DE LA POLICIA NACIONAL DEL PERU,III-1,00013591,HOSPITAL NACIONAL POLICIA NACIONAL DEL PERU GRAL PNP LUIS N. SAENZ.,243200,HOSPITALIZACIÓN DE PEDIATRÍA PEDIATRIA NEONATOLOGÍA,13,5,28,101,8,240,0,30,5.6,0.0,30.0,0.42083333333333334,0.05416666666666667,0.625,8,bajo,0
2015,11,150113,LIMA,LIMA,JESUS MARIA,SANIDAD DE LA POLICIA NACIONAL DEL PERU,III-1,00013591,HOSPITAL NACIONAL POLICIA NACIONAL DEL PERU GRAL PNP LUIS N. SAENZ.,244600,HOSPITALIZACIÓN DE MEDICINA NEFROLOGIA,8,11,312,161,6,180,1,30,28.363636363636363,0.09090909090909091,30.0,0.8944444444444445,0.044444444444444446,1.8333333333333333,-3,alto,2
2015,11,150113,LIMA,LIMA,JESUS MARIA,SANIDAD DE LA POLICIA NACIONAL DEL PERU,III-1,00013591,HOSPITAL NACIONAL POLICIA NACIONAL DEL PERU GRAL PNP LUIS N. SAENZ.,244700,HOSPITALIZACIÓN DE MEDICINA NEUROLOGIA,31,27,446,420,15,450,0,30,16.51851851851852,0.0,30.0,0.9333333333333333,0.06888888888888889,1.8,4,alto,2
2015,11,150113,LIMA,LIMA,JESUS MARIA,SANIDAD DE LA POLICIA NACIONAL DEL PERU,III-1,00013591,HOSPITAL NACIONAL POLICIA NACIONAL DEL PERU GRAL PNP LUIS N. SAENZ.,245300,HOSPITALIZACIÓN DE MEDICINA NEUMOLOGÍA,38,24,276,450,22,660,2,30,11.5,0.08333333333333333,30.0,0.6818181818181818,0.05757575757575758,1.0909090909090908,14,bajo,0
2015,11,150113,LIMA,LIMA,JESUS MARIA,SANIDAD DE LA POLICIA NACIONAL DEL PERU,III-1,00013591,HOSPITAL NACIONAL POLICIA NACIONAL DEL PERU GRAL PNP LUIS N. SAENZ.,245400,HOSPITALIZACIÓN DE MEDICINA GINECOLOGIA,35,40,450,317,16,480,0,30,11.25,0.0,30.0,0.6604166666666667,0.07291666666666667,2.5,-5,medio,1
2015,11,150113,LIMA,LIMA,JESUS MARIA,SANIDAD DE LA POLICIA NACIONAL DEL PERU,III-1,00013591,HOSPITAL NACIONAL POLICIA NACIONAL DEL PERU GRAL PNP LUIS N. SAENZ.,245700,HOSPITALIZACIÓN QUIRÚRGICA CARDIOLOGIA,38,33,243,309,12,360,0,30,7.363636363636363,0.0,30.0,0.8583333333333333,0.10555555555555556,2.75,5,alto,2
2015,11,150113,LIMA,LIMA,JESUS MARIA,SANIDAD DE LA POLICIA NACIONAL DEL PERU,III-1,00013591,HOSPITAL NACIONAL POLICIA NACIONAL DEL PERU GRAL PNP LUIS N. SAENZ.,250100,UNIDAD DE CUIDADOS CRITICOS UNIDAD DE CUIDADOS INTENSIVOS GENERALES (UCI),15,7,145,320,17,510,7,30,20.714285714285715,1.0,30.0,0.6274509803921569,0.029411764705882353,0.4117647058823529,8,bajo,0
2015,11,150113,LIMA,LIMA,JESUS MARIA,SANIDAD DEL EJERCITO DEL PERU,III-1,00017024,HOSPITAL MILITAR LUIS ARIAS SCHEREIBER,240100,HOSPITALIZACIÓN QUIRÚRGICA CIRUGÍA GENERAL,102,120,1978,1206,169,2028,2,30,16.483333333333334,0.016666666666666666,12.0,0.2378698224852071,0.05029585798816568,0.7100591715976331,-18,bajo,0
2015,11,150113,LIMA,LIMA,JESUS MARIA,SANIDAD DEL EJERCITO DEL PERU,III-1,00017024,HOSPITAL MILITAR LUIS ARIAS SCHEREIBER,240800,HOSPITALIZACIÓN QUIRÚRGICA CIRUGÍA PLÁSTICA/RECONSTRUCTIVA/ REPARADORA,10,5,176,113,18,216,0,30,35.2,0.0,12.0,0.20925925925925926,0.046296296296296294,0.2777777777777778,5,bajo,0
2015,11,150113,LIMA,LIMA,JESUS MARIA,SANIDAD DEL EJERCITO DEL PERU,III-1,00017024,HOSPITAL MILITAR LUIS ARIAS SCHEREIBER,240900,HOSPITALIZACIÓN QUIRÚRGICA NEUROCIRUGÍA,3,1,16,129,27,324,0,30,16.0,0.0,12.0,0.15925925925925927,0.009259259259259259,0.037037037037037035,2,bajo,0
2015,11,150113,LIMA,LIMA,JESUS MARIA,SANIDAD DEL EJERCITO DEL PERU,III-1,00017024,HOSPITAL MILITAR LUIS ARIAS SCHEREIBER,241200,HOSPITALIZACIÓN QUIRÚRGICA TRAUMATOLOGÍA Y ORTOPEDIA,38,31,1334,295,37,444,5,30,43.03225806451613,0.16129032258064516,12.0,0.26576576576576577,0.08558558558558559,0.8378378378378378,7,medio,1
2015,11,150113,LIMA,LIMA,JESUS MARIA,SANIDAD DEL EJERCITO DEL PERU,III-1,00017024,HOSPITAL MILITAR LUIS ARIAS SCHEREIBER,241400,HOSPITALIZACIÓN QUIRÚRGICA GINECO - OBSTETRICIA,54,49,171,78,16,192,0,30,3.489795918367347,0.0,12.0,0.1625,0.28125,3.0625,5,alto,2
2015,11,150113,LIMA,LIMA,JESUS MARIA,SANIDAD DEL EJERCITO DEL PERU,III-1,00017024,HOSPITAL MILITAR LUIS ARIAS SCHEREIBER,241800,HOSPITALIZACIÓN DE MEDICINA MEDICINA GENERAL,35,39,328,220,32,384,1,30,8.41025641025641,0.02564102564102564,12.0,0.22916666666666666,0.09114583333333333,1.21875,-4,medio,1
2015,11,150113,LIMA,LIMA,JESUS MARIA,SANIDAD DEL EJERCITO DEL PERU,III-1,00017024,HOSPITAL MILITAR LUIS ARIAS SCHEREIBER,241900,HOSPITALIZACIÓN DE MEDICINA MEDICINA INTERNA,150,145,3530,1381,206,2472,9,30,24.344827586206897,0.06206896551724138,12.0,0.22346278317152105,0.06067961165048544,0.7038834951456311,5,bajo,0
2015,11,150113,LIMA,LIMA,JESUS MARIA,SANIDAD DEL EJERCITO DEL PERU,III-1,00017024,HOSPITAL MILITAR LUIS ARIAS SCHEREIBER,242200,HOSPITALIZACIÓN DE MEDICINA PSIQUIATRÍA,18,14,303,150,31,372,0,30,21.642857142857142,0.0,12.0,0.16129032258064516,0.04838709677419355,0.45161290322580644,4,bajo,0
2015,11,150113,LIMA,LIMA,JESUS MARIA,SANIDAD DEL EJERCITO DEL PERU,III-1,00017024,HOSPITAL MILITAR LUIS ARIAS SCHEREIBER,242300,HOSPITALIZACIÓN DE PEDIATRÍA PEDIATRÍA GENERAL,26,27,122,75,20,240,0,30,4.518518518518518,0.0,12.0,0.125,0.10833333333333334,1.35,-1,medio,1
2015,11,150113,LIMA,LIMA,JESUS MARIA,SANIDAD DEL EJERCITO DEL PERU,III-1,00017024,HOSPITAL MILITAR LUIS ARIAS SCHEREIBER,243200,HOSPITALIZACIÓN DE PEDIATRÍA PEDIATRIA NEONATOLOGÍA,22,22,80,30,20,240,0,30,3.6363636363636362,0.0,12.0,0.05,0.09166666666666666,1.1,0,medio,1
2015,11,150113,LIMA,LIMA,JESUS MARIA,SANIDAD DEL EJERCITO DEL PERU,III-1,00017024,HOSPITAL MILITAR LUIS ARIAS SCHEREIBER,250100,UNIDAD DE CUIDADOS CRITICOS UNIDAD DE CUIDADOS INTENSIVOS GENERALES (UCI),20,17,355,74,15,180,7,30,20.88235294117647,0.4117647058823529,12.0,0.16444444444444445,0.1111111111111111,1.1333333333333333,3,medio,1
2015,11,150115,LIMA,LIMA,LA VICTORIA,ESSALUD,III-2,00009251,HOSPITAL NACIONAL GUILLERMO ALMENARA IRIGOYEN,240200,HOSPITALIZACIÓN QUIRÚRGICA CIRUGÍA DE CABEZA Y CUELLO / MÁXILO FACIAL,58,60,557,630,21,630,0,30,9.283333333333333,0.0,30.0,1.0,0.09206349206349207,2.857142857142857,-2,alto,2
2015,11,150115,LIMA,LIMA,LA VICTORIA,ESSALUD,III-2,00009251,HOSPITAL NACIONAL GUILLERMO ALMENARA IRIGOYEN,240300,HOSPITALIZACIÓN QUIRÚRGICA CIRUGÍA DIGESTIVA,225,225,1743,2391,97,2910,5,30,7.746666666666667,0.022222222222222223,30.0,0.8216494845360824,0.07731958762886598,2.3195876288659796,0,medio,1
2015,11,150115,LIMA,LIMA,LA VICTORIA,ESSALUD,III-2,00009251,HOSPITAL NACIONAL GUILLERMO ALMENARA IRIGOYEN,240400,HOSPITALIZACIÓN QUIRÚRGICA CIRUGÍA DE TÓRAX Y CARDIOVASCULAR,45,40,395,502,18,540,0,30,9.875,0.0,30.0,0.9296296296296296,0.08333333333333333,2.2222222222222223,5,alto,2
2015,11,150115,LIMA,LIMA,LA VICTORIA,ESSALUD,III-2,00009251,HOSPITAL NACIONAL GUILLERMO ALMENARA IRIGOYEN,240500,HOSPITALIZACIÓN QUIRÚRGICA CIRUGÍA DE TRANSPLANTES,45,48,365,389,16,480,0,30,7.604166666666667,0.0,30.0,0.8104166666666667,0.09375,3.0,-3,medio,1
2015,11,150115,LIMA,LIMA,LA VICTORIA,ESSALUD,III-2,00009251,HOSPITAL NACIONAL GUILLERMO ALMENARA IRIGOYEN,240600,HOSPITALIZACIÓN QUIRÚRGICA CIRUGÍA OFTALMOLÓGICA,22,25,158,230,10,300,0,30,6.32,0.0,30.0,0.7666666666666667,0.07333333333333333,2.5,-3,medio,1
2015,11,150115,LIMA,LIMA,LA VICTORIA,ESSALUD,III-2,00009251,HOSPITAL NACIONAL GUILLERMO ALMENARA IRIGOYEN,240700,HOSPITALIZACIÓN QUIRÚRGICA CIRUGÍA PEDIÁTRICA,75,74,298,354,13,390,0,30,4.027027027027027,0.0,30.0,0.9076923076923077,0.19230769230769232,5.6923076923076925,1,alto,2
2015,11,150115,LIMA,LIMA,LA VICTORIA,ESSALUD,III-2,00009251,HOSPITAL NACIONAL GUILLERMO ALMENARA IRIGOYEN,240801,HOSPITALIZACIÓN QUIRÚRGICA CIRUGÍA PLÁSTICA/RECONSTRUCTIVA/ REPARADORA QUEMADOS,22,26,204,210,7,210,0,30,7.846153846153846,0.0,30.0,1.0,0.10476190476190476,3.7142857142857144,-4,alto,2
2015,11,150115,LIMA,LIMA,LA VICTORIA,ESSALUD,III-2,00009251,HOSPITAL NACIONAL GUILLERMO ALMENARA IRIGOYEN,240900,HOSPITALIZACIÓN QUIRÚRGICA NEUROCIRUGÍA,79,72,307,619,26,780,0,30,4.263888888888889,0.0,30.0,0.7935897435897435,0.10128205128205128,2.769230769230769,7,medio,1
2015,11,150115,LIMA,LIMA,LA VICTORIA,ESSALUD,III-2,00009251,HOSPITAL NACIONAL GUILLERMO ALMENARA IRIGOYEN,241100,HOSPITALIZACIÓN QUIRÚRGICA OTORRINOLARINGOLOGÍA,73,72,377,400,16,480,0,30,5.236111111111111,0.0,30.0,0.8333333333333334,0.15208333333333332,4.5,1,alto,2
2015,11,150115,LIMA,LIMA,LA VICTORIA,ESSALUD,III-2,00009251,HOSPITAL NACIONAL GUILLERMO ALMENARA IRIGOYEN,241200,HOSPITALIZACIÓN QUIRÚRGICA TRAUMATOLOGÍA Y ORTOPEDIA,143,158,1901,2139,72,2160,1,30,12.031645569620252,0.006329113924050633,30.0,0.9902777777777778,0.06620370370370371,2.1944444444444446,-15,alto,2
2015,11,150115,LIMA,LIMA,LA VICTORIA,ESSALUD,III-2,00009251,HOSPITAL NACIONAL GUILLERMO ALMENARA IRIGOYEN,241300,HOSPITALIZACIÓN QUIRÚRGICA UROLOGÍA,134,128,1036,1239,43,1290,1,30,8.09375,0.0078125,30.0,0.9604651162790697,0.10387596899224806,2.9767441860465116,6,alto,2
2015,11,150115,LIMA,LIMA,LA VICTORIA,ESSALUD,III-2,00009251,HOSPITAL NACIONAL GUILLERMO ALMENARA IRIGOYEN,241500,HOSPITALIZACIÓN QUIRÚRGICA GINECOLOGÍA,115,116,630,650,22,660,2,30,5.431034482758621,0.017241379310344827,30.0,0.9848484848484849,0.17424242424242425,5.2727272727272725,-1,alto,2
2015,11,150115,LIMA,LIMA,LA VICTORIA,ESSALUD,III-2,00009251,HOSPITAL NACIONAL GUILLERMO ALMENARA IRIGOYEN,241600,HOSPITALIZACIÓN QUIRÚRGICA OBSTETRICIA,315,310,1133,1347,52,1560,0,30,3.6548387096774193,0.0,30.0,0.8634615384615385,0.20192307692307693,5.961538461538462,5,alto,2
2015,11,150115,LIMA,LIMA,LA VICTORIA,ESSALUD,III-2,00009251,HOSPITAL NACIONAL GUILLERMO ALMENARA IRIGOYEN,241900,HOSPITALIZACIÓN DE MEDICINA MEDICINA INTERNA,242,239,3067,4204,149,4470,20,30,12.832635983263598,0.08368200836820083,30.0,0.9404921700223714,0.05413870246085011,1.604026845637584,3,alto,2
2015,11,150115,LIMA,LIMA,LA VICTORIA,ESSALUD,III-2,00009251,HOSPITAL NACIONAL GUILLERMO ALMENARA IRIGOYEN,242100,HOSPITALIZACIÓN DE MEDICINA ONCOLOGÍA MÉDICA,119,121,758,682,23,690,2,30,6.264462809917355,0.01652892561983471,30.0,0.9884057971014493,0.17246376811594202,5.260869565217392,-2,alto,2
2015,11,150115,LIMA,LIMA,LA VICTORIA,ESSALUD,III-2,00009251,HOSPITAL NACIONAL GUILLERMO ALMENARA IRIGOYEN,242200,HOSPITALIZACIÓN DE MEDICINA PSIQUIATRÍA,33,31,349,425,18,540,0,30,11.258064516129032,0.0,30.0,0.7870370370370371,0.06111111111111111,1.7222222222222223,2,medio,1
2015,11,150115,LIMA,LIMA,LA VICTORIA,ESSALUD,III-2,00009251,HOSPITAL NACIONAL GUILLERMO ALMENARA IRIGOYEN,242203,HOSPITALIZACIÓN DE MEDICINA PSIQUIATRÍA PSIQUIATRÍA DEL NIÑO Y DEL ADOLESCENTE,14,8,103,150,5,150,0,30,12.875,0.0,30.0,1.0,0.09333333333333334,1.6,6,alto,2
2015,11,150115,LIMA,LIMA,LA VICTORIA,ESSALUD,III-2,00009251,HOSPITAL NACIONAL GUILLERMO ALMENARA IRIGOYEN,242205,HOSPITALIZACIÓN MEDICINA PSIQUIATRÍA PISIQUIATRIA/ SALUD MENTAL Y ADICCIONES,4,6,54,37,3,90,0,30,9.0,0.0,30.0,0.4111111111111111,0.044444444444444446,2.0,-2,bajo,0
2015,11,150115,LIMA,LIMA,LA VICTORIA,ESSALUD,III-2,00009251,HOSPITAL NACIONAL GUILLERMO ALMENARA IRIGOYEN,242300,HOSPITALIZACIÓN DE PEDIATRÍA PEDIATRÍA GENERAL,47,47,423,411,23,690,0,30,9.0,0.0,30.0,0.5956521739130435,0.06811594202898551,2.0434782608695654,0,bajo,0
2015,11,150115,LIMA,LIMA,LA VICTORIA,ESSALUD,III-2,00009251,HOSPITAL NACIONAL GUILLERMO ALMENARA IRIGOYEN,243200,HOSPITALIZACIÓN DE PEDIATRÍA PEDIATRIA NEONATOLOGÍA,46,44,225,292,14,420,1,30,5.113636363636363,0.022727272727272728,30.0,0.6952380952380952,0.10952380952380952,3.142857142857143,2,medio,1
2015,11,150115,LIMA,LIMA,LA VICTORIA,ESSALUD,III-2,00009251,HOSPITAL NACIONAL GUILLERMO ALMENARA IRIGOYEN,244000,HOSPITALIZACIÓN DE MEDICINA CARDIOLOGIA,14,14,83,223,8,240,0,30,5.928571428571429,0.0,30.0,0.9291666666666667,0.058333333333333334,1.75,0,alto,2
2015,11,150115,LIMA,LIMA,LA VICTORIA,ESSALUD,III-2,00009251,HOSPITAL NACIONAL GUILLERMO ALMENARA IRIGOYEN,244100,HOSPITALIZACIÓN DE MEDICINA DERMATOLOGÍA,21,25,320,324,11,330,0,30,12.8,0.0,30.0,0.9818181818181818,0.06363636363636363,2.272727272727273,-4,alto,2
2015,11,150115,LIMA,LIMA,LA VICTORIA,ESSALUD,III-2,00009251,HOSPITAL NACIONAL GUILLERMO ALMENARA IRIGOYEN,244200,HOSPITALIZACIÓN DE MEDICINA ENDOCRINOLOGIA,20,22,270,310,12,360,0,30,12.272727272727273,0.0,30.0,0.8611111111111112,0.05555555555555555,1.8333333333333333,-2,alto,2
2015,11,150115,LIMA,LIMA,LA VICTORIA,ESSALUD,III-2,00009251,HOSPITAL NACIONAL GUILLERMO ALMENARA IRIGOYEN,244300,HOSPITALIZACIÓN DE MEDICINA GASTROENTEROLOGÍA,63,63,601,967,32,960,5,30,9.53968253968254,0.07936507936507936,30.0,1.0072916666666667,0.065625,1.96875,0,alto,2
2015,11,150115,LIMA,LIMA,LA VICTORIA,ESSALUD,III-2,00009251,HOSPITAL NACIONAL GUILLERMO ALMENARA IRIGOYEN,244400,HOSPITALIZACIÓN DE MEDICINA GERIATRIA,34,23,391,477,16,480,7,30,17.0,0.30434782608695654,30.0,0.99375,0.07083333333333333,1.4375,11,alto,2
2015,11,150115,LIMA,LIMA,LA VICTORIA,ESSALUD,III-2,00009251,HOSPITAL NACIONAL GUILLERMO ALMENARA IRIGOYEN,244500,HOSPITALIZACIÓN DE MEDICINA HEMATOLOGÍA,31,32,482,543,20,600,0,30,15.0625,0.0,30.0,0.905,0.051666666666666666,1.6,-1,alto,2
2015,11,150115,LIMA,LIMA,LA VICTORIA,ESSALUD,III-2,00009251,HOSPITAL NACIONAL GUILLERMO ALMENARA IRIGOYEN,244600,HOSPITALIZACIÓN DE MEDICINA NEFROLOGIA,92,93,700,861,30,900,0,30,7.526881720430108,0.0,30.0,0.9566666666666667,0.10222222222222223,3.1,-1,alto,2
2015,11,150115,LIMA,LIMA,LA VICTORIA,ESSALUD,III-2,00009251,HOSPITAL NACIONAL GUILLERMO ALMENARA IRIGOYEN,244700,HOSPITALIZACIÓN DE MEDICINA NEUROLOGIA,33,33,418,567,21,630,0,30,12.666666666666666,0.0,30.0,0.9,0.05238095238095238,1.5714285714285714,0,alto,2
2015,11,150115,LIMA,LIMA,LA VICTORIA,ESSALUD,III-2,00009251,HOSPITAL NACIONAL GUILLERMO ALMENARA IRIGOYEN,245300,HOSPITALIZACIÓN DE MEDICINA NEUMOLOGÍA,46,46,405,663,28,840,3,30,8.804347826086957,0.06521739130434782,30.0,0.7892857142857143,0.05476190476190476,1.6428571428571428,0,medio,1
2015,11,150115,LIMA,LIMA,LA VICTORIA,ESSALUD,III-2,00009251,HOSPITAL NACIONAL GUILLERMO ALMENARA IRIGOYEN,245500,HOSPITALIZACIÓN DE MEDICINA REUMATOLOGÍA,38,40,210,346,12,360,0,30,5.25,0.0,30.0,0.9611111111111111,0.10555555555555556,3.3333333333333335,-2,alto,2
2015,11,150115,LIMA,LIMA,LA VICTORIA,ESSALUD,III-2,00009251,HOSPITAL NACIONAL GUILLERMO ALMENARA IRIGOYEN,250000,UNIDAD DE CUIDADOS CRITICOS,16,14,136,391,14,420,12,30,9.714285714285714,0.8571428571428571,30.0,0.930952380952381,0.0380952380952381,1.0,2,alto,2
2015,11,150115,LIMA,LIMA,LA VICTORIA,ESSALUD,III-2,00009251,HOSPITAL NACIONAL GUILLERMO ALMENARA IRIGOYEN,250101,UNIDAD DE CUIDADOS CRITICOS UNIDAD DE CUIDADOS INTENSIVOS GENERALES (UCI) CARDIOLOGIA,29,34,139,477,18,540,2,30,4.088235294117647,0.058823529411764705,30.0,0.8833333333333333,0.053703703703703705,1.8888888888888888,-5,alto,2
2015,11,150115,LIMA,LIMA,LA VICTORIA,ESSALUD,III-2,00009251,HOSPITAL NACIONAL GUILLERMO ALMENARA IRIGOYEN,250105,UNIDAD DE CUIDADOS CRITICOS UNIDAD DE CUIDADOS INTENSIVOS (UCI) NEONATOLOGÍA,10,9,33,522,18,540,9,30,3.6666666666666665,1.0,30.0,0.9666666666666667,0.018518518518518517,0.5,1,alto,2
2015,11,150115,LIMA,LIMA,LA VICTORIA,ESSALUD,III-2,00009251,HOSPITAL NACIONAL GUILLERMO ALMENARA IRIGOYEN,250107,UNIDAD DE CUIDADOS CRITICOS UNIDAD DE CUIDADOS INTENSIVOS (UCI) NEUROQUIRÚRGICA,19,19,65,460,18,540,3,30,3.4210526315789473,0.15789473684210525,30.0,0.8518518518518519,0.03518518518518519,1.0555555555555556,0,alto,2
2015,11,150115,LIMA,LIMA,LA VICTORIA,ESSALUD,III-2,00009251,HOSPITAL NACIONAL GUILLERMO ALMENARA IRIGOYEN,250108,UNIDAD DE CUIDADOS CRITICOS UNIDAD DE CUIDADOS INTENSIVOS (UCI) PEDIÁTRICA,2,3,28,156,6,180,1,30,9.333333333333334,0.3333333333333333,30.0,0.8666666666666667,0.011111111111111112,0.5,-1,alto,2
2015,11,150115,LIMA,LIMA,LA VICTORIA,ESSALUD,III-2,00009251,HOSPITAL NACIONAL GUILLERMO ALMENARA IRIGOYEN,250111,UNIDAD DE CUIDADOS CRITICOS UNIDAD DE CUIDADOS INTENSIVOS (UCI) CARDIOVASCULAR,24,23,104,347,15,450,1,30,4.521739130434782,0.043478260869565216,30.0,0.7711111111111111,0.05333333333333334,1.5333333333333334,1,medio,1
2015,11,150115,LIMA,LIMA,LA VICTORIA,ESSALUD,III-2,00009251,HOSPITAL NACIONAL GUILLERMO ALMENARA IRIGOYEN,250200,UNIDAD DE CUIDADOS CRITICOS UNIDAD DE CUIDADOS INTERMEDIOS GENERAL (UCIN),10,9,79,208,7,210,7,30,8.777777777777779,0.7777777777777778,30.0,0.9904761904761905,0.047619047619047616,1.2857142857142858,1,alto,2
2015,11,150115,LIMA,LIMA,LA VICTORIA,ESSALUD,III-2,00009251,HOSPITAL NACIONAL GUILLERMO ALMENARA IRIGOYEN,250201,UNIDAD DE CUIDADOS CRITICOS UNIDAD DE CUIDADOS INTERMEDIOS (UCIN) NEONATAL,12,12,151,167,6,180,0,30,12.583333333333334,0.0,30.0,0.9277777777777778,0.06666666666666667,2.0,0,alto,2
2015,11,150115,LIMA,LIMA,LA VICTORIA,ESSALUD,III-2,00009251,HOSPITAL NACIONAL GUILLERMO ALMENARA IRIGOYEN,250202,UNIDAD DE CUIDADOS CRITICOS UNIDAD DE CUIDADOS INTERMEDIOS (UCIN) PEDIÁTRICOS,9,11,64,353,12,360,0,30,5.818181818181818,0.0,30.0,0.9805555555555555,0.025,0.9166666666666666,-2,alto,2
2015,11,150115,LIMA,LIMA,LA VICTORIA,ESSALUD,III-2,00009251,HOSPITAL NACIONAL GUILLERMO ALMENARA IRIGOYEN,250400,UNIDAD DE CUIDADOS CRITICOS UNIDAD DE QUEMADOS (GRAN QUEMADO),12,14,112,229,12,360,1,30,8.0,0.07142857142857142,30.0,0.6361111111111111,0.03333333333333333,1.1666666666666667,-2,bajo,0
2015,11,150115,LIMA,LIMA,LA VICTORIA,MINSA,III-E,00006212,HOSPITAL DE EMERGENCIAS PEDIATRICAS,240700,HOSPITALIZACIÓN QUIRÚRGICA CIRUGÍA PEDIÁTRICA,38,37,203,300,13,390,0,30,5.486486486486487,0.0,30.0,0.7692307692307693,0.09743589743589744,2.8461538461538463,1,medio,1
2015,11,150115,LIMA,LIMA,LA VICTORIA,MINSA,III-E,00006212,HOSPITAL DE EMERGENCIAS PEDIATRICAS,240900,HOSPITALIZACIÓN QUIRÚRGICA NEUROCIRUGÍA,14,16,94,128,6,180,0,30,5.875,0.0,30.0,0.7111111111111111,0.07777777777777778,2.6666666666666665,-2,medio,1
2015,11,150115,LIMA,LIMA,LA VICTORIA,MINSA,III-E,00006212,HOSPITAL DE EMERGENCIAS PEDIATRICAS,241200,HOSPITALIZACIÓN QUIRÚRGICA TRAUMATOLOGÍA Y ORTOPEDIA,21,25,213,143,6,180,0,30,8.52,0.0,30.0,0.7944444444444444,0.11666666666666667,4.166666666666667,-4,medio,1
2015,11,150115,LIMA,LIMA,LA VICTORIA,MINSA,III-E,00006212,HOSPITAL DE EMERGENCIAS PEDIATRICAS,241900,HOSPITALIZACIÓN DE MEDICINA MEDICINA INTERNA,21,9,135,157,8,240,2,30,15.0,0.2222222222222222,30.0,0.6541666666666667,0.0875,1.125,12,medio,1
2015,11,150115,LIMA,LIMA,LA VICTORIA,MINSA,III-E,00006212,HOSPITAL DE EMERGENCIAS PEDIATRICAS,242300,HOSPITALIZACIÓN DE PEDIATRÍA PEDIATRÍA GENERAL,74,80,594,438,15,450,0,30,7.425,0.0,30.0,0.9733333333333334,0.16444444444444445,5.333333333333333,-6,alto,2
2015,11,150115,LIMA,LIMA,LA VICTORIA,MINSA,III-E,00006212,HOSPITAL DE EMERGENCIAS PEDIATRICAS,243200,HOSPITALIZACIÓN DE PEDIATRÍA PEDIATRIA NEONATOLOGÍA,7,3,28,105,4,120,1,30,9.333333333333334,0.3333333333333333,30.0,0.875,0.058333333333333334,0.75,4,alto,2
2015,11,150118,LIMA,LIMA,LURIGANCHO,MINSA,II-2,00005947,HOSPITAL DE MEDIANA COMPLEJIDAD JOSE AGURTO TELLO,240100,HOSPITALIZACIÓN QUIRÚRGICA CIRUGÍA GENERAL,71,74,247,231,14,450,0,30,3.3378378378378377,0.0,32.142857142857146,0.55,0.15777777777777777,5.285714285714286,-3,alto,2
2015,11,150118,LIMA,LIMA,LURIGANCHO,MINSA,II-2,00005947,HOSPITAL DE MEDIANA COMPLEJIDAD JOSE AGURTO TELLO,240600,HOSPITALIZACIÓN QUIRÚRGICA CIRUGÍA OFTALMOLÓGICA,4,4,4,4,0,30,0,30,1.0,0.0,0.0,0.0,0.13333333333333333,0.0,0,alto,2
2015,11,150118,LIMA,LIMA,LURIGANCHO,MINSA,II-2,00005947,HOSPITAL DE MEDIANA COMPLEJIDAD JOSE AGURTO TELLO,241100,HOSPITALIZACIÓN QUIRÚRGICA OTORRINOLARINGOLOGÍA,0,0,0,0,0,30,0,30,0.0,0.0,0.0,0.0,0.0,0.0,0,alto,2
2015,11,150118,LIMA,LIMA,LURIGANCHO,MINSA,II-2,00005947,HOSPITAL DE MEDIANA COMPLEJIDAD JOSE AGURTO TELLO,241200,HOSPITALIZACIÓN QUIRÚRGICA TRAUMATOLOGÍA Y ORTOPEDIA,15,15,92,93,6,150,0,30,6.133333333333334,0.0,25.0,0.5166666666666667,0.1,2.5,0,medio,1
2015,11,150118,LIMA,LIMA,LURIGANCHO,MINSA,II-2,00005947,HOSPITAL DE MEDIANA COMPLEJIDAD JOSE AGURTO TELLO,241500,HOSPITALIZACIÓN QUIRÚRGICA GINECOLOGÍA,1,2,11,8,5,150,0,30,5.5,0.0,30.0,0.05333333333333334,0.006666666666666667,0.4,-1,bajo,0
2015,11,150118,LIMA,LIMA,LURIGANCHO,MINSA,II-2,00005947,HOSPITAL DE MEDIANA COMPLEJIDAD JOSE AGURTO TELLO,241600,HOSPITALIZACIÓN QUIRÚRGICA OBSTETRICIA,116,121,270,259,17,510,0,30,2.231404958677686,0.0,30.0,0.5078431372549019,0.22745098039215686,7.117647058823529,-5,alto,2
2015,11,150118,LIMA,LIMA,LURIGANCHO,MINSA,II-2,00005947,HOSPITAL DE MEDIANA COMPLEJIDAD JOSE AGURTO TELLO,241900,HOSPITALIZACIÓN DE MEDICINA MEDICINA INTERNA,41,40,290,300,11,360,10,30,7.25,0.25,32.72727272727273,0.9090909090909091,0.11388888888888889,3.6363636363636362,1,alto,2
2015,11,150118,LIMA,LIMA,LURIGANCHO,MINSA,II-2,00005947,HOSPITAL DE MEDIANA COMPLEJIDAD JOSE AGURTO TELLO,242300,HOSPITALIZACIÓN DE PEDIATRÍA PEDIATRÍA GENERAL,52,54,206,205,12,360,0,30,3.814814814814815,0.0,30.0,0.5694444444444444,0.14444444444444443,4.5,-2,alto,2
2015,11,150120,LIMA,LIMA,MAGDALENA DEL MAR,MINSA,III-1,00006214,HOSPITAL VICTOR LARCO HERRERA,242200,HOSPITALIZACIÓN DE MEDICINA PSIQUIATRÍA,35,31,13632,13946,590,17700,0,30,439.741935483871,0.0,30.0,0.787909604519774,0.0019774011299435027,0.05254237288135593,4,medio,1
2015,11,150121,LIMA,LIMA,PUEBLO LIBRE,MINSA,III-1,00006211,HOSPITAL DE APOYO SANTA ROSA,240100,HOSPITALIZACIÓN QUIRÚRGICA CIRUGÍA GENERAL,139,144,943,642,27,810,0,30,6.548611111111111,0.0,30.0,0.7925925925925926,0.17160493827160495,5.333333333333333,-5,alto,2
2015,11,150121,LIMA,LIMA,PUEBLO LIBRE,MINSA,III-1,00006211,HOSPITAL DE APOYO SANTA ROSA,240700,HOSPITALIZACIÓN QUIRÚRGICA CIRUGÍA PEDIÁTRICA,51,43,331,294,15,450,0,30,7.6976744186046515,0.0,30.0,0.6533333333333333,0.11333333333333333,2.8666666666666667,8,medio,1
2015,11,150121,LIMA,LIMA,PUEBLO LIBRE,MINSA,III-1,00006211,HOSPITAL DE APOYO SANTA ROSA,241500,HOSPITALIZACIÓN QUIRÚRGICA GINECOLOGÍA,56,46,316,277,12,360,0,30,6.869565217391305,0.0,30.0,0.7694444444444445,0.15555555555555556,3.8333333333333335,10,alto,2
2015,11,150121,LIMA,LIMA,PUEBLO LIBRE,MINSA,III-1,00006211,HOSPITAL DE APOYO SANTA ROSA,241600,HOSPITALIZACIÓN QUIRÚRGICA OBSTETRICIA,241,253,1061,713,56,1680,0,30,4.1936758893280635,0.0,30.0,0.4244047619047619,0.14345238095238094,4.517857142857143,-12,alto,2
2015,11,150121,LIMA,LIMA,PUEBLO LIBRE,MINSA,III-1,00006211,HOSPITAL DE APOYO SANTA ROSA,241900,HOSPITALIZACIÓN DE MEDICINA MEDICINA INTERNA,105,97,986,828,34,1020,14,30,10.164948453608247,0.14432989690721648,30.0,0.8117647058823529,0.10294117647058823,2.8529411764705883,8,medio,1
2015,11,150121,LIMA,LIMA,PUEBLO LIBRE,MINSA,III-1,00006211,HOSPITAL DE APOYO SANTA ROSA,242100,HOSPITALIZACIÓN DE MEDICINA ONCOLOGÍA MÉDICA,73,80,619,446,18,540,2,30,7.7375,0.025,30.0,0.825925925925926,0.13518518518518519,4.444444444444445,-7,alto,2
2015,11,150121,LIMA,LIMA,PUEBLO LIBRE,MINSA,III-1,00006211,HOSPITAL DE APOYO SANTA ROSA,242300,HOSPITALIZACIÓN DE PEDIATRÍA PEDIATRÍA GENERAL,41,39,239,226,16,480,0,30,6.128205128205129,0.0,30.0,0.4708333333333333,0.08541666666666667,2.4375,2,medio,1
2015,11,150121,LIMA,LIMA,PUEBLO LIBRE,MINSA,III-1,00006211,HOSPITAL DE APOYO SANTA ROSA,243200,HOSPITALIZACIÓN DE PEDIATRÍA PEDIATRIA NEONATOLOGÍA,45,46,658,217,15,450,1,30,14.304347826086957,0.021739130434782608,30.0,0.4822222222222222,0.1,3.066666666666667,-1,medio,1
2015,11,150122,LIMA,LIMA,MIRAFLORES,MINSA,III-E,00006213,HOSPITAL DE EMERGENCIAS JOSE CASIMIRO ULLOA,240100,HOSPITALIZACIÓN QUIRÚRGICA CIRUGÍA GENERAL,136,139,609,605,26,780,0,30,4.381294964028777,0.0,30.0,0.7756410256410257,0.17435897435897435,5.346153846153846,-3,alto,2
2015,11,150122,LIMA,LIMA,MIRAFLORES,MINSA,III-E,00006213,HOSPITAL DE EMERGENCIAS JOSE CASIMIRO ULLOA,240900,HOSPITALIZACIÓN QUIRÚRGICA NEUROCIRUGÍA,19,20,165,306,11,330,2,30,8.25,0.1,30.0,0.9272727272727272,0.05757575757575758,1.8181818181818181,-1,alto,2
2015,11,150122,LIMA,LIMA,MIRAFLORES,MINSA,III-E,00006213,HOSPITAL DE EMERGENCIAS JOSE CASIMIRO ULLOA,241200,HOSPITALIZACIÓN QUIRÚRGICA TRAUMATOLOGÍA Y ORTOPEDIA,46,44,270,401,14,420,0,30,6.136363636363637,0.0,30.0,0.9547619047619048,0.10952380952380952,3.142857142857143,2,alto,2
2015,11,150122,LIMA,LIMA,MIRAFLORES,MINSA,III-E,00006213,HOSPITAL DE EMERGENCIAS JOSE CASIMIRO ULLOA,241900,HOSPITALIZACIÓN DE MEDICINA MEDICINA INTERNA,141,133,1041,501,20,600,17,30,7.827067669172933,0.12781954887218044,30.0,0.835,0.235,6.65,8,alto,2
2015,11,150122,LIMA,LIMA,MIRAFLORES,SANIDAD DE LA FUERZA AEREA DEL PERU,III-1,00010751,HOSPITAL CENTRAL DE LA FUERZA AEREA DEL PERU,241800,HOSPITALIZACIÓN DE MEDICINA MEDICINA GENERAL,358,382,3341,3606,283,7280,11,30,8.74607329842932,0.028795811518324606,25.724381625441698,0.42473498233215545,0.049175824175824175,1.3498233215547704,-24,bajo,0
2015,11,150130,LIMA,LIMA,SAN BORJA,MINSA,III-2,00016918,INSTITUTO NACIONAL DE SALUD NIÑO SAN BORJA,240100,HOSPITALIZACIÓN QUIRÚRGICA CIRUGÍA GENERAL,26,74,782,578,30,900,0,30,10.567567567567568,0.0,30.0,0.6422222222222222,0.028888888888888888,2.466666666666667,-48,bajo,0
2015,11,150130,LIMA,LIMA,SAN BORJA,MINSA,III-2,00016918,INSTITUTO NACIONAL DE SALUD NIÑO SAN BORJA,240500,HOSPITALIZACIÓN QUIRÚRGICA CIRUGÍA DE TRANSPLANTES,2,6,86,169,6,180,0,30,14.333333333333334,0.0,30.0,0.9388888888888889,0.011111111111111112,1.0,-4,alto,2
2015,11,150130,LIMA,LIMA,SAN BORJA,MINSA,III-2,00016918,INSTITUTO NACIONAL DE SALUD NIÑO SAN BORJA,240700,HOSPITALIZACIÓN QUIRÚRGICA CIRUGÍA PEDIÁTRICA,13,23,522,491,15,540,0,30,22.695652173913043,0.0,36.0,1.0911111111111111,0.024074074074074074,1.5333333333333334,-10,alto,2
2015,11,150130,LIMA,LIMA,SAN BORJA,MINSA,III-2,00016918,INSTITUTO NACIONAL DE SALUD NIÑO SAN BORJA,240800,HOSPITALIZACIÓN QUIRÚRGICA CIRUGÍA PLÁSTICA/RECONSTRUCTIVA/ REPARADORA,13,20,281,315,18,540,0,30,14.05,0.0,30.0,0.5833333333333334,0.024074074074074074,1.1111111111111112,-7,bajo,0
2015,11,150130,LIMA,LIMA,SAN BORJA,MINSA,III-2,00016918,INSTITUTO NACIONAL DE SALUD NIÑO SAN BORJA,240900,HOSPITALIZACIÓN QUIRÚRGICA NEUROCIRUGÍA,11,16,198,231,12,360,1,30,12.375,0.0625,30.0,0.6416666666666667,0.030555555555555555,1.3333333333333333,-5,bajo,0
2015,11,150130,LIMA,LIMA,SAN BORJA,MINSA,III-2,00016918,INSTITUTO NACIONAL DE SALUD NIÑO SAN BORJA,241900,HOSPITALIZACIÓN DE MEDICINA MEDICINA INTERNA,4,13,322,401,14,402,0,30,24.76923076923077,0.0,28.714285714285715,0.9547619047619048,0.009950248756218905,0.9285714285714286,-9,alto,2
2015,11,150130,LIMA,LIMA,SAN BORJA,MINSA,III-2,00016918,INSTITUTO NACIONAL DE SALUD NIÑO SAN BORJA,243200,HOSPITALIZACIÓN DE PEDIATRÍA PEDIATRIA NEONATOLOGÍA,0,3,92,118,4,123,0,30,30.666666666666668,0.0,30.75,0.9833333333333333,0.0,0.75,-3,alto,2
2015,11,150130,LIMA,LIMA,SAN BORJA,MINSA,III-2,00016918,INSTITUTO NACIONAL DE SALUD NIÑO SAN BORJA,250101,UNIDAD DE CUIDADOS CRITICOS UNIDAD DE CUIDADOS INTENSIVOS GENERALES (UCI) CARDIOLOGIA,0,0,0,244,9,270,0,30,0.0,0.0,30.0,0.9037037037037037,0.0,0.0,0,alto,2
2015,11,150130,LIMA,LIMA,SAN BORJA,MINSA,III-2,00016918,INSTITUTO NACIONAL DE SALUD NIÑO SAN BORJA,250105,UNIDAD DE CUIDADOS CRITICOS UNIDAD DE CUIDADOS INTENSIVOS (UCI) NEONATOLOGÍA,3,3,38,229,8,229,1,30,12.666666666666666,0.3333333333333333,28.625,0.9541666666666667,0.013100436681222707,0.375,0,alto,2
2015,11,150130,LIMA,LIMA,SAN BORJA,MINSA,III-2,00016918,INSTITUTO NACIONAL DE SALUD NIÑO SAN BORJA,250107,UNIDAD DE CUIDADOS CRITICOS UNIDAD DE CUIDADOS INTENSIVOS (UCI) NEUROQUIRÚRGICA,1,2,20,82,4,93,1,30,10.0,0.5,23.25,0.6833333333333333,0.010752688172043012,0.5,-1,bajo,0
2015,11,150130,LIMA,LIMA,SAN BORJA,MINSA,III-2,00016918,INSTITUTO NACIONAL DE SALUD NIÑO SAN BORJA,250109,UNIDAD DE CUIDADOS CRITICOS UNIDAD DE CUIDADOS INTENSIVOS (UCI) QUIRÚRGICA,1,2,48,149,6,180,2,30,24.0,1.0,30.0,0.8277777777777777,0.005555555555555556,0.3333333333333333,-1,medio,1
2015,11,150133,LIMA,LIMA,SAN JUAN DE MIRAFLORES,MINSA,III-1,00005987,HOSPITAL MARIA AUXILIADORA,240100,HOSPITALIZACIÓN QUIRÚRGICA CIRUGÍA GENERAL,340,320,2298,2270,87,2700,3,30,7.18125,0.009375,31.03448275862069,0.8697318007662835,0.1259259259259259,3.67816091954023,20,alto,2
2015,11,150133,LIMA,LIMA,SAN JUAN DE MIRAFLORES,MINSA,III-1,00005987,HOSPITAL MARIA AUXILIADORA,241400,HOSPITALIZACIÓN QUIRÚRGICA GINECO - OBSTETRICIA,697,770,2579,2292,89,2750,0,30,3.3493506493506495,0.0,30.89887640449438,0.8584269662921349,0.25345454545454543,8.651685393258427,-73,alto,2
2015,11,150133,LIMA,LIMA,SAN JUAN DE MIRAFLORES,MINSA,III-1,00005987,HOSPITAL MARIA AUXILIADORA,241900,HOSPITALIZACIÓN DE MEDICINA MEDICINA INTERNA,150,129,1687,1807,68,2100,19,30,13.077519379844961,0.14728682170542637,30.88235294117647,0.8857843137254902,0.07142857142857142,1.8970588235294117,21,alto,2
2015,11,150133,LIMA,LIMA,SAN JUAN DE MIRAFLORES,MINSA,III-1,00005987,HOSPITAL MARIA AUXILIADORA,242100,HOSPITALIZACIÓN DE MEDICINA ONCOLOGÍA MÉDICA,46,47,360,331,14,420,3,30,7.659574468085107,0.06382978723404255,30.0,0.7880952380952381,0.10952380952380952,3.357142857142857,-1,medio,1
2015,11,150133,LIMA,LIMA,SAN JUAN DE MIRAFLORES,MINSA,III-1,00005987,HOSPITAL MARIA AUXILIADORA,242300,HOSPITALIZACIÓN DE PEDIATRÍA PEDIATRÍA GENERAL,139,138,792,784,43,1320,0,30,5.739130434782608,0.0,30.697674418604652,0.6077519379844961,0.1053030303030303,3.2093023255813953,1,medio,1
2015,11,150133,LIMA,LIMA,SAN JUAN DE MIRAFLORES,MINSA,III-1,00005987,HOSPITAL MARIA AUXILIADORA,243200,HOSPITALIZACIÓN DE PEDIATRÍA PEDIATRIA NEONATOLOGÍA,175,197,1995,1526,67,2091,5,30,10.126903553299492,0.025380710659898477,31.208955223880597,0.7592039800995025,0.08369201339072214,2.9402985074626864,-22,medio,1
2015,11,150135,LIMA,LIMA,SAN MARTIN DE PORRES,MINSA,III-1,00007633,HOSPITAL NACIONAL CAYETANO HEREDIA,220100,CONSULTA EXTERNA-CIRUGÍA GENERAL-,265,267,1738,1746,59,1860,2,30,6.50936329588015,0.00749063670411985,31.52542372881356,0.9864406779661017,0.1424731182795699,4.52542372881356,-2,alto,2
2015,11,150135,LIMA,LIMA,SAN MARTIN DE PORRES,MINSA,III-1,00007633,HOSPITAL NACIONAL CAYETANO HEREDIA,221502,CONSULTA EXTERNA-GINECOLOGÍA GENERAL-GINECOLOGÍA,175,122,276,386,16,420,0,30,2.262295081967213,0.0,26.25,0.8041666666666667,0.4166666666666667,7.625,53,alto,2
2015,11,150135,LIMA,LIMA,SAN MARTIN DE PORRES,MINSA,III-1,00007633,HOSPITAL NACIONAL CAYETANO HEREDIA,221601,CONSULTA EXTERNA-OBSTETRICIA / ATENCIÓN DE LA MUJER-OBSTETRICIA,272,307,848,884,34,928,0,30,2.762214983713355,0.0,27.294117647058822,0.8666666666666667,0.29310344827586204,9.029411764705882,-35,alto,2
2015,11,150135,LIMA,LIMA,SAN MARTIN DE PORRES,MINSA,III-1,00007633,HOSPITAL NACIONAL CAYETANO HEREDIA,222400,CONSULTA EXTERNA-MEDICINA GENERAL / ATENCIÓN DEL ADULTO-,114,91,916,1421,47,1497,7,30,10.065934065934066,0.07692307692307693,31.851063829787233,1.0078014184397164,0.07615230460921844,1.9361702127659575,23,alto,2
2015,11,150135,LIMA,LIMA,SAN MARTIN DE PORRES,MINSA,III-1,00007633,HOSPITAL NACIONAL CAYETANO HEREDIA,223200,CONSULTA EXTERNA-INFECTOLOGÍA-,62,60,991,949,33,990,3,30,16.516666666666666,0.05,30.0,0.9585858585858585,0.06262626262626263,1.8181818181818181,2,alto,2
2015,11,150135,LIMA,LIMA,SAN MARTIN DE PORRES,MINSA,III-1,00007633,HOSPITAL NACIONAL CAYETANO HEREDIA,223700,CONSULTA EXTERNA-NEFROLOGÍA-,7,6,52,144,10,300,0,30,8.666666666666666,0.0,30.0,0.48,0.023333333333333334,0.6,1,bajo,0
2015,11,150135,LIMA,LIMA,SAN MARTIN DE PORRES,MINSA,III-1,00007633,HOSPITAL NACIONAL CAYETANO HEREDIA,223800,CONSULTA EXTERNA-NEUMOLOGÍA,14,12,164,306,11,330,1,30,13.666666666666666,0.08333333333333333,30.0,0.9272727272727272,0.04242424242424243,1.0909090909090908,2,alto,2
2015,11,150135,LIMA,LIMA,SAN MARTIN DE PORRES,MINSA,III-1,00007633,HOSPITAL NACIONAL CAYETANO HEREDIA,224700,CONSULTA EXTERNA-PEDIATRÍA GENERAL-,151,152,1073,1466,58,1680,0,30,7.059210526315789,0.0,28.96551724137931,0.8425287356321839,0.08988095238095238,2.6206896551724137,-1,medio,1
2015,11,150135,LIMA,LIMA,SAN MARTIN DE PORRES,MINSA,III-1,00007633,HOSPITAL NACIONAL CAYETANO HEREDIA,225400,CONSULTA EXTERNA-NEONATOLOGÍA-,20,69,541,356,12,360,0,30,7.840579710144928,0.0,30.0,0.9888888888888889,0.05555555555555555,5.75,-49,alto,2
2015,11,150135,LIMA,LIMA,SAN MARTIN DE PORRES,MINSA,III-1,00007633,HOSPITAL NACIONAL CAYETANO HEREDIA,230109,EMERGENCIA-EMERGENCIA / PRIORIDAD 2-TRAUMATOLOGÍA Y ORTOPEDIA,88,91,1600,1398,60,1800,2,30,17.582417582417584,0.02197802197802198,30.0,0.7766666666666666,0.04888888888888889,1.5166666666666666,-3,medio,1
2015,11,150135,LIMA,LIMA,SAN MARTIN DE PORRES,MINSA,III-2,00007733,"INSTITUTO NACIONAL DE SALUD MENTAL ""HONORIO DELGADO - HIDEYO NOGUCHI""",242202,HOSPITALIZACIÓN DE MEDICINA PSIQUIATRÍA PSIQUIATRÍA DEL ADULTO Y GERONTE,33,34,1992,1979,70,2100,0,30,58.588235294117645,0.0,30.0,0.9423809523809524,0.015714285714285715,0.4857142857142857,-1,alto,2
2015,11,150135,LIMA,LIMA,SAN MARTIN DE PORRES,MINSA,III-2,00007733,"INSTITUTO NACIONAL DE SALUD MENTAL ""HONORIO DELGADO - HIDEYO NOGUCHI""",242205,HOSPITALIZACIÓN MEDICINA PSIQUIATRÍA PISIQUIATRIA/ SALUD MENTAL Y ADICCIONES,7,13,570,427,19,570,0,30,43.84615384615385,0.0,30.0,0.7491228070175439,0.012280701754385965,0.6842105263157895,-6,medio,1
2015,11,150136,LIMA,LIMA,SAN MIGUEL,SANIDAD DE LA POLICIA NACIONAL DEL PERU,II-E,00014718,UNIDAD EJECUTORA 020:SANIDAD DE LA PNP,241900,HOSPITALIZACIÓN DE MEDICINA MEDICINA INTERNA,49,31,305,554,554,589,12,30,9.838709677419354,0.3870967741935484,1.0631768953068592,0.03333333333333333,0.0831918505942275,0.05595667870036101,18,medio,1
2015,11,150137,LIMA,LIMA,SANTA ANITA,ESSALUD,II-1,00008318,ESSALUD - HOSPITAL I JORGE VOTO BERNALES CORPANCHO,240100,HOSPITALIZACIÓN QUIRÚRGICA CIRUGÍA GENERAL,82,78,167,207,270,9,0,30,2.141025641025641,0.0,0.03333333333333333,0.025555555555555557,9.11111111111111,0.28888888888888886,4,alto,2
2015,11,150137,LIMA,LIMA,SANTA ANITA,ESSALUD,II-1,00008318,ESSALUD - HOSPITAL I JORGE VOTO BERNALES CORPANCHO,241500,HOSPITALIZACIÓN QUIRÚRGICA GINECOLOGÍA,15,16,42,33,60,2,0,30,2.625,0.0,0.03333333333333333,0.018333333333333333,7.5,0.26666666666666666,-1,alto,2
2015,11,150137,LIMA,LIMA,SANTA ANITA,ESSALUD,II-1,00008318,ESSALUD - HOSPITAL I JORGE VOTO BERNALES CORPANCHO,241600,HOSPITALIZACIÓN QUIRÚRGICA OBSTETRICIA,431,420,900,901,900,30,0,30,2.142857142857143,0.0,0.03333333333333333,0.03337037037037037,14.366666666666667,0.4666666666666667,11,alto,2
2015,11,150137,LIMA,LIMA,SANTA ANITA,ESSALUD,II-1,00008318,ESSALUD - HOSPITAL I JORGE VOTO BERNALES CORPANCHO,241900,HOSPITALIZACIÓN DE MEDICINA MEDICINA INTERNA,11,9,65,104,90,3,0,30,7.222222222222222,0.0,0.03333333333333333,0.03851851851851852,3.6666666666666665,0.1,2,alto,2
2015,11,150137,LIMA,LIMA,SANTA ANITA,ESSALUD,II-1,00008318,ESSALUD - HOSPITAL I JORGE VOTO BERNALES CORPANCHO,242300,HOSPITALIZACIÓN DE PEDIATRÍA PEDIATRÍA GENERAL,10,9,35,46,90,3,0,30,3.888888888888889,0.0,0.03333333333333333,0.017037037037037038,3.3333333333333335,0.1,1,alto,2
2015,11,150137,LIMA,LIMA,SANTA ANITA,ESSALUD,II-1,00008318,ESSALUD - HOSPITAL I JORGE VOTO BERNALES CORPANCHO,250200,UNIDAD DE CUIDADOS CRITICOS UNIDAD DE CUIDADOS INTERMEDIOS GENERAL (UCIN),111,111,278,331,330,11,1,30,2.5045045045045047,0.009009009009009009,0.03333333333333333,0.033434343434343435,10.090909090909092,0.33636363636363636,0,alto,2
2015,11,150137,LIMA,LIMA,SANTA ANITA,ESSALUD,II-E,00010434,ESSALUD - CLINICA GERIATRICA SAN ISIDRO LABRADOR,241800,HOSPITALIZACIÓN DE MEDICINA MEDICINA GENERAL,268,273,4174,4402,158,4740,17,30,15.28937728937729,0.06227106227106227,30.0,0.9286919831223629,0.056540084388185655,1.7278481012658229,-5,alto,2
2015,11,150137,LIMA,LIMA,SANTA ANITA,ESSALUD,II-E,00010434,ESSALUD - CLINICA GERIATRICA SAN ISIDRO LABRADOR,250304,HOSPIT. EN UNIDAD DE CUID.INTEN.-UNIDAD DE VIGILANCIA INTENSIVA (UVI)-MEDICINA,14,11,163,212,8,240,7,30,14.818181818181818,0.6363636363636364,30.0,0.8833333333333333,0.058333333333333334,1.375,3,alto,2
2015,11,150137,LIMA,LIMA,SANTA ANITA,MINSA,III-1,00005948,HOSPITAL HERMILIO VALDIZAN,242200,HOSPITALIZACIÓN DE MEDICINA PSIQUIATRÍA,71,83,5737,4765,183,5490,0,30,69.12048192771084,0.0,30.0,0.8679417122040073,0.012932604735883424,0.453551912568306,-12,alto,2
2015,11,150137,LIMA,LIMA,SANTA ANITA,MINSA,III-1,00005948,HOSPITAL HERMILIO VALDIZAN,242204,HOSPITALIZACIÓN DE MEDICINA PSIQUIATRÍA REHABILITACIÓN PSIQUIÁTRICA / REINSERCIÓN,18,24,787,668,30,900,0,30,32.791666666666664,0.0,30.0,0.7422222222222222,0.02,0.8,-6,medio,1
2015,11,150141,LIMA,LIMA,SURQUILLO,MINSA,III-2,00006210,INSTITUTO NACIONAL DE ENFERMEDADES NEOPLASICAS,240100,HOSPITALIZACIÓN QUIRÚRGICA CIRUGÍA GENERAL,1214,577,4557,4557,208,6240,9,30,7.897746967071058,0.01559792027729636,30.0,0.7302884615384615,0.19455128205128205,2.7740384615384617,637,alto,2
2015,11,150141,LIMA,LIMA,SURQUILLO,MINSA,III-2,00006210,INSTITUTO NACIONAL DE ENFERMEDADES NEOPLASICAS,240800,HOSPITALIZACIÓN QUIRÚRGICA CIRUGÍA PLÁSTICA/RECONSTRUCTIVA/ REPARADORA,22,5,14,14,5,150,0,30,2.8,0.0,30.0,0.09333333333333334,0.14666666666666667,1.0,17,alto,2
2015,11,150141,LIMA,LIMA,SURQUILLO,MINSA,III-2,00006210,INSTITUTO NACIONAL DE ENFERMEDADES NEOPLASICAS,240900,HOSPITALIZACIÓN QUIRÚRGICA NEUROCIRUGÍA,42,41,655,655,24,720,1,30,15.975609756097562,0.024390243902439025,30.0,0.9097222222222222,0.058333333333333334,1.7083333333333333,1,alto,2
2015,11,150141,LIMA,LIMA,SURQUILLO,MINSA,III-2,00006210,INSTITUTO NACIONAL DE ENFERMEDADES NEOPLASICAS,241200,HOSPITALIZACIÓN QUIRÚRGICA TRAUMATOLOGÍA Y ORTOPEDIA,22,15,127,127,12,360,0,30,8.466666666666667,0.0,30.0,0.3527777777777778,0.06111111111111111,1.25,7,bajo,0
2015,11,150141,LIMA,LIMA,SURQUILLO,MINSA,III-2,00006210,INSTITUTO NACIONAL DE ENFERMEDADES NEOPLASICAS,242100,HOSPITALIZACIÓN DE MEDICINA ONCOLOGÍA MÉDICA,198,222,3956,3956,124,3720,24,30,17.81981981981982,0.10810810810810811,30.0,1.0634408602150538,0.0532258064516129,1.7903225806451613,-24,alto,2
2015,11,150141,LIMA,LIMA,SURQUILLO,MINSA,III-2,00006210,INSTITUTO NACIONAL DE ENFERMEDADES NEOPLASICAS,242300,HOSPITALIZACIÓN DE PEDIATRÍA PEDIATRÍA GENERAL,32,3,68,68,2,60,1,30,22.666666666666668,0.3333333333333333,30.0,1.1333333333333333,0.5333333333333333,1.5,29,alto,2
2015,11,150142,LIMA,LIMA,VILLA EL SALVADOR,ESSALUD,II-1,00008741,ULDARICO ROCCA FERNANDEZ,240100,HOSPITALIZACIÓN QUIRÚRGICA CIRUGÍA GENERAL,107,106,193,197,9,270,0,30,1.820754716981132,0.0,30.0,0.7296296296296296,0.3962962962962963,11.777777777777779,1,alto,2
2015,11,150142,LIMA,LIMA,VILLA EL SALVADOR,ESSALUD,II-1,00008741,ULDARICO ROCCA FERNANDEZ,241500,HOSPITALIZACIÓN QUIRÚRGICA GINECOLOGÍA,23,22,73,83,3,90,0,30,3.3181818181818183,0.0,30.0,0.9222222222222223,0.25555555555555554,7.333333333333333,1,alto,2
2015,11,150142,LIMA,LIMA,VILLA EL SALVADOR,ESSALUD,II-1,00008741,ULDARICO ROCCA FERNANDEZ,241600,HOSPITALIZACIÓN QUIRÚRGICA OBSTETRICIA,234,237,455,415,15,450,0,30,1.919831223628692,0.0,30.0,0.9222222222222223,0.52,15.8,-3,alto,2
2015,11,150142,LIMA,LIMA,VILLA EL SALVADOR,ESSALUD,II-1,00008741,ULDARICO ROCCA FERNANDEZ,241900,HOSPITALIZACIÓN DE MEDICINA MEDICINA INTERNA,29,28,208,206,8,240,2,30,7.428571428571429,0.07142857142857142,30.0,0.8583333333333333,0.12083333333333333,3.5,1,alto,2
2015,11,150142,LIMA,LIMA,VILLA EL SALVADOR,ESSALUD,II-1,00008741,ULDARICO ROCCA FERNANDEZ,242300,HOSPITALIZACIÓN DE PEDIATRÍA PEDIATRÍA GENERAL,72,76,241,213,8,240,0,30,3.1710526315789473,0.0,30.0,0.8875,0.3,9.5,-4,alto,2
2015,11,150142,LIMA,LIMA,VILLA EL SALVADOR,ESSALUD,II-1,00008741,ULDARICO ROCCA FERNANDEZ,250304,HOSPIT. EN UNIDAD DE CUID.INTEN.-UNIDAD DE VIGILANCIA INTENSIVA (UVI)-MEDICINA,11,10,40,45,2,60,2,30,4.0,0.2,30.0,0.75,0.18333333333333332,5.0,1,alto,2
2015,12,150101,LIMA,LIMA,LIMA,ESSALUD,II-1,00009188,HOSPITAL II RAMON CASTILLA,240100,HOSPITALIZACIÓN QUIRÚRGICA CIRUGÍA GENERAL,88,95,348,292,10,310,0,31,3.663157894736842,0.0,31.0,0.9419354838709677,0.2838709677419355,9.5,-7,alto,2
2015,12,150101,LIMA,LIMA,LIMA,ESSALUD,II-1,00009188,HOSPITAL II RAMON CASTILLA,241500,HOSPITALIZACIÓN QUIRÚRGICA GINECOLOGÍA,23,26,91,63,4,93,0,31,3.5,0.0,23.25,0.5080645161290323,0.24731182795698925,6.5,-3,alto,2
2015,12,150101,LIMA,LIMA,LIMA,ESSALUD,II-1,00009188,HOSPITAL II RAMON CASTILLA,241600,HOSPITALIZACIÓN QUIRÚRGICA OBSTETRICIA,165,176,554,332,17,558,0,31,3.147727272727273,0.0,32.8235294117647,0.6299810246679317,0.2956989247311828,10.352941176470589,-11,alto,2
2015,12,150101,LIMA,LIMA,LIMA,ESSALUD,II-1,00009188,HOSPITAL II RAMON CASTILLA,241900,HOSPITALIZACIÓN DE MEDICINA MEDICINA INTERNA,28,29,343,198,7,217,2,31,11.827586206896552,0.06896551724137931,31.0,0.9124423963133641,0.12903225806451613,4.142857142857143,-1,alto,2
2015,12,150101,LIMA,LIMA,LIMA,ESSALUD,II-1,00009188,HOSPITAL II RAMON CASTILLA,242300,HOSPITALIZACIÓN DE PEDIATRÍA PEDIATRÍA GENERAL,21,24,148,104,7,217,0,31,6.166666666666667,0.0,31.0,0.4792626728110599,0.0967741935483871,3.4285714285714284,-3,medio,1
2015,12,150101,LIMA,LIMA,LIMA,ESSALUD,II-1,00009188,HOSPITAL II RAMON CASTILLA,243200,HOSPITALIZACIÓN DE PEDIATRÍA PEDIATRIA NEONATOLOGÍA,19,19,61,114,4,124,0,31,3.210526315789474,0.0,31.0,0.9193548387096774,0.1532258064516129,4.75,0,alto,2
2015,12,150101,LIMA,LIMA,LIMA,ESSALUD,II-2,00008502,HOSPITAL III EMERGENCIAS GRAU,240100,HOSPITALIZACIÓN QUIRÚRGICA CIRUGÍA GENERAL,162,149,649,687,30,930,1,31,4.355704697986577,0.006711409395973154,31.0,0.7387096774193549,0.17419354838709677,4.966666666666667,13,alto,2
2015,12,150101,LIMA,LIMA,LIMA,ESSALUD,II-2,00008502,HOSPITAL III EMERGENCIAS GRAU,241200,HOSPITALIZACIÓN QUIRÚRGICA TRAUMATOLOGÍA Y ORTOPEDIA,33,35,555,343,15,465,0,31,15.857142857142858,0.0,31.0,0.7376344086021506,0.07096774193548387,2.3333333333333335,-2,medio,1
2015,12,150101,LIMA,LIMA,LIMA,ESSALUD,II-2,00008502,HOSPITAL III EMERGENCIAS GRAU,241300,HOSPITALIZACIÓN QUIRÚRGICA UROLOGÍA,28,30,202,155,15,465,0,31,6.733333333333333,0.0,31.0,0.3333333333333333,0.060215053763440864,2.0,-2,bajo,0
2015,12,150101,LIMA,LIMA,LIMA,ESSALUD,II-2,00008502,HOSPITAL III EMERGENCIAS GRAU,241400,HOSPITALIZACIÓN QUIRÚRGICA GINECO - OBSTETRICIA,405,396,923,927,36,1138,0,31,2.330808080808081,0.0,31.61111111111111,0.8306451612903226,0.35588752196836554,11.0,9,alto,2
2015,12,150101,LIMA,LIMA,LIMA,ESSALUD,II-2,00008502,HOSPITAL III EMERGENCIAS GRAU,241900,HOSPITALIZACIÓN DE MEDICINA MEDICINA INTERNA,296,300,3032,2881,107,3309,8,31,10.106666666666667,0.02666666666666667,30.925233644859812,0.868555924027736,0.0894530069507404,2.803738317757009,-4,alto,2
2015,12,150101,LIMA,LIMA,LIMA,ESSALUD,II-2,00008502,HOSPITAL III EMERGENCIAS GRAU,242300,HOSPITALIZACIÓN DE PEDIATRÍA PEDIATRÍA GENERAL,106,107,373,337,16,496,0,31,3.485981308411215,0.0,31.0,0.6794354838709677,0.21370967741935484,6.6875,-1,alto,2
2015,12,150101,LIMA,LIMA,LIMA,ESSALUD,II-2,00008502,HOSPITAL III EMERGENCIAS GRAU,243200,HOSPITALIZACIÓN DE PEDIATRÍA PEDIATRIA NEONATOLOGÍA,188,185,430,278,11,336,0,31,2.324324324324324,0.0,30.545454545454547,0.8152492668621701,0.5595238095238095,16.818181818181817,3,alto,2
2015,12,150101,LIMA,LIMA,LIMA,ESSALUD,II-2,00008502,HOSPITAL III EMERGENCIAS GRAU,250100,UNIDAD DE CUIDADOS CRITICOS UNIDAD DE CUIDADOS INTENSIVOS GENERALES (UCI),20,5,43,148,5,155,3,31,8.6,0.6,31.0,0.9548387096774194,0.12903225806451613,1.0,15,alto,2
2015,12,150101,LIMA,LIMA,LIMA,ESSALUD,II-2,00008502,HOSPITAL III EMERGENCIAS GRAU,250200,UNIDAD DE CUIDADOS CRITICOS UNIDAD DE CUIDADOS INTERMEDIOS GENERAL (UCIN),31,6,151,282,10,310,3,31,25.166666666666668,0.5,31.0,0.9096774193548387,0.1,0.6,25,alto,2
2015,12,150101,LIMA,LIMA,LIMA,MINSA,III-1,00006206,NACIONAL DOS DE MAYO,240100,HOSPITALIZACIÓN QUIRÚRGICA CIRUGÍA GENERAL,150,242,2482,2741,97,3007,8,31,10.256198347107437,0.03305785123966942,31.0,0.9115397406052544,0.04988360492184902,2.4948453608247423,-92,alto,2
2015,12,150101,LIMA,LIMA,LIMA,MINSA,III-1,00006206,NACIONAL DOS DE MAYO,240200,HOSPITALIZACIÓN QUIRÚRGICA CIRUGÍA DE CABEZA Y CUELLO / MÁXILO FACIAL,27,24,237,348,12,372,0,31,9.875,0.0,31.0,0.9354838709677419,0.07258064516129033,2.0,3,alto,2
2015,12,150101,LIMA,LIMA,LIMA,MINSA,III-1,00006206,NACIONAL DOS DE MAYO,240400,HOSPITALIZACIÓN QUIRÚRGICA CIRUGÍA DE TÓRAX Y CARDIOVASCULAR,35,41,539,324,14,434,0,31,13.146341463414634,0.0,31.0,0.7465437788018433,0.08064516129032258,2.9285714285714284,-6,medio,1
2015,12,150101,LIMA,LIMA,LIMA,MINSA,III-1,00006206,NACIONAL DOS DE MAYO,240700,HOSPITALIZACIÓN QUIRÚRGICA CIRUGÍA PEDIÁTRICA,25,24,201,151,6,186,0,31,8.375,0.0,31.0,0.8118279569892473,0.13440860215053763,4.0,1,alto,2
2015,12,150101,LIMA,LIMA,LIMA,MINSA,III-1,00006206,NACIONAL DOS DE MAYO,240800,HOSPITALIZACIÓN QUIRÚRGICA CIRUGÍA PLÁSTICA/RECONSTRUCTIVA/ REPARADORA,8,7,143,150,8,248,0,31,20.428571428571427,0.0,31.0,0.6048387096774194,0.03225806451612903,0.875,1,bajo,0
2015,12,150101,LIMA,LIMA,LIMA,MINSA,III-1,00006206,NACIONAL DOS DE MAYO,240900,HOSPITALIZACIÓN QUIRÚRGICA NEUROCIRUGÍA,30,30,473,536,20,620,1,31,15.766666666666667,0.03333333333333333,31.0,0.864516129032258,0.04838709677419355,1.5,0,alto,2
2015,12,150101,LIMA,LIMA,LIMA,MINSA,III-1,00006206,NACIONAL DOS DE MAYO,241100,HOSPITALIZACIÓN QUIRÚRGICA OTORRINOLARINGOLOGÍA,15,15,66,68,3,93,0,31,4.4,0.0,31.0,0.7311827956989247,0.16129032258064516,5.0,0,alto,2
2015,12,150101,LIMA,LIMA,LIMA,MINSA,III-1,00006206,NACIONAL DOS DE MAYO,241200,HOSPITALIZACIÓN QUIRÚRGICA TRAUMATOLOGÍA Y ORTOPEDIA,66,67,1012,1145,40,1240,0,31,15.104477611940299,0.0,31.0,0.9233870967741935,0.0532258064516129,1.675,-1,alto,2
2015,12,150101,LIMA,LIMA,LIMA,MINSA,III-1,00006206,NACIONAL DOS DE MAYO,241300,HOSPITALIZACIÓN QUIRÚRGICA UROLOGÍA,79,82,784,1157,40,1240,0,31,9.560975609756097,0.0,31.0,0.9330645161290323,0.06370967741935483,2.05,-3,alto,2
2015,12,150101,LIMA,LIMA,LIMA,MINSA,III-1,00006206,NACIONAL DOS DE MAYO,241400,HOSPITALIZACIÓN QUIRÚRGICA GINECO - OBSTETRICIA,387,394,1267,1481,54,1674,1,31,3.215736040609137,0.0025380710659898475,31.0,0.8847072879330944,0.23118279569892472,7.296296296296297,-7,alto,2
2015,12,150101,LIMA,LIMA,LIMA,MINSA,III-1,00006206,NACIONAL DOS DE MAYO,241500,HOSPITALIZACIÓN QUIRÚRGICA GINECOLOGÍA,31,31,97,140,6,186,0,31,3.129032258064516,0.0,31.0,0.7526881720430108,0.16666666666666666,5.166666666666667,0,alto,2
2015,12,150101,LIMA,LIMA,LIMA,MINSA,III-1,00006206,NACIONAL DOS DE MAYO,241600,HOSPITALIZACIÓN QUIRÚRGICA OBSTETRICIA,324,332,1021,1125,40,1240,0,31,3.075301204819277,0.0,31.0,0.907258064516129,0.26129032258064516,8.3,-8,alto,2
2015,12,150101,LIMA,LIMA,LIMA,MINSA,III-1,00006206,NACIONAL DOS DE MAYO,241900,HOSPITALIZACIÓN DE MEDICINA MEDICINA INTERNA,434,421,5510,5870,204,6324,30,31,13.087885985748219,0.07125890736342043,31.0,0.9282099936748893,0.06862745098039216,2.0637254901960786,13,alto,2
2015,12,150101,LIMA,LIMA,LIMA,MINSA,III-1,00006206,NACIONAL DOS DE MAYO,242000,HOSPITALIZACIÓN DE MEDICINA MEDICINA TROPICAL E INFECCIOSAS,13,14,494,575,20,620,5,31,35.285714285714285,0.35714285714285715,31.0,0.9274193548387096,0.020967741935483872,0.7,-1,alto,2
2015,12,150101,LIMA,LIMA,LIMA,MINSA,III-1,00006206,NACIONAL DOS DE MAYO,242100,HOSPITALIZACIÓN DE MEDICINA ONCOLOGÍA MÉDICA,20,19,105,108,4,124,1,31,5.526315789473684,0.05263157894736842,31.0,0.8709677419354839,0.16129032258064516,4.75,1,alto,2
2015,12,150101,LIMA,LIMA,LIMA,MINSA,III-1,00006206,NACIONAL DOS DE MAYO,242300,HOSPITALIZACIÓN DE PEDIATRÍA PEDIATRÍA GENERAL,70,76,395,698,24,744,1,31,5.197368421052632,0.013157894736842105,31.0,0.9381720430107527,0.09408602150537634,3.1666666666666665,-6,alto,2
2015,12,150101,LIMA,LIMA,LIMA,MINSA,III-1,00006206,NACIONAL DOS DE MAYO,243200,HOSPITALIZACIÓN DE PEDIATRÍA PEDIATRIA NEONATOLOGÍA,152,153,840,700,23,713,4,31,5.490196078431373,0.026143790849673203,31.0,0.9817671809256662,0.2131837307152875,6.6521739130434785,-1,alto,2
2015,12,150101,LIMA,LIMA,LIMA,MINSA,III-1,00006206,NACIONAL DOS DE MAYO,243400,HOSPITALIZACIÓN DE PEDIATRÍA PEDIATRIA NEUROLOGÍA PEDIÁTRICA,40,34,840,774,28,868,2,31,24.705882352941178,0.058823529411764705,31.0,0.8917050691244239,0.04608294930875576,1.2142857142857142,6,alto,2
2015,12,150101,LIMA,LIMA,LIMA,MINSA,III-1,00006206,NACIONAL DOS DE MAYO,250100,UNIDAD DE CUIDADOS CRITICOS UNIDAD DE CUIDADOS INTENSIVOS GENERALES (UCI),2,1,70,166,6,186,1,31,70.0,1.0,31.0,0.8924731182795699,0.010752688172043012,0.16666666666666666,1,alto,2
2015,12,150101,LIMA,LIMA,LIMA,MINSA,III-1,00006206,NACIONAL DOS DE MAYO,250200,UNIDAD DE CUIDADOS CRITICOS UNIDAD DE CUIDADOS INTERMEDIOS GENERAL (UCIN),7,2,262,167,6,186,1,31,131.0,0.5,31.0,0.8978494623655914,0.03763440860215054,0.3333333333333333,5,alto,2
2015,12,150101,LIMA,LIMA,LIMA,MINSA,III-1,00006207,NACIONAL ARZOBISPO LOAYZA,240100,HOSPITALIZACIÓN QUIRÚRGICA CIRUGÍA GENERAL,422,436,2397,3186,120,3720,1,31,5.497706422018348,0.0022935779816513763,31.0,0.8564516129032258,0.11344086021505376,3.6333333333333333,-14,alto,2
2015,12,150101,LIMA,LIMA,LIMA,MINSA,III-1,00006207,NACIONAL ARZOBISPO LOAYZA,240200,HOSPITALIZACIÓN QUIRÚRGICA CIRUGÍA DE CABEZA Y CUELLO / MÁXILO FACIAL,28,28,157,301,15,465,0,31,5.607142857142857,0.0,31.0,0.6473118279569893,0.060215053763440864,1.8666666666666667,0,bajo,0
2015,12,150101,LIMA,LIMA,LIMA,MINSA,III-1,00006207,NACIONAL ARZOBISPO LOAYZA,240800,HOSPITALIZACIÓN QUIRÚRGICA CIRUGÍA PLÁSTICA/RECONSTRUCTIVA/ REPARADORA,23,24,203,658,23,713,1,31,8.458333333333334,0.041666666666666664,31.0,0.9228611500701263,0.03225806451612903,1.0434782608695652,-1,alto,2
2015,12,150101,LIMA,LIMA,LIMA,MINSA,III-1,00006207,NACIONAL ARZOBISPO LOAYZA,240900,HOSPITALIZACIÓN QUIRÚRGICA NEUROCIRUGÍA,19,20,165,405,15,465,0,31,8.25,0.0,31.0,0.8709677419354839,0.04086021505376344,1.3333333333333333,-1,alto,2
2015,12,150101,LIMA,LIMA,LIMA,MINSA,III-1,00006207,NACIONAL ARZOBISPO LOAYZA,241200,HOSPITALIZACIÓN QUIRÚRGICA TRAUMATOLOGÍA Y ORTOPEDIA,71,71,339,568,30,930,0,31,4.774647887323944,0.0,31.0,0.610752688172043,0.07634408602150537,2.3666666666666667,0,medio,1
2015,12,150101,LIMA,LIMA,LIMA,MINSA,III-1,00006207,NACIONAL ARZOBISPO LOAYZA,241300,HOSPITALIZACIÓN QUIRÚRGICA UROLOGÍA,80,90,490,674,32,992,0,31,5.444444444444445,0.0,31.0,0.6794354838709677,0.08064516129032258,2.8125,-10,medio,1
2015,12,150101,LIMA,LIMA,LIMA,MINSA,III-1,00006207,NACIONAL ARZOBISPO LOAYZA,241500,HOSPITALIZACIÓN QUIRÚRGICA GINECOLOGÍA,179,178,979,1181,49,1519,0,31,5.5,0.0,31.0,0.7774851876234364,0.11784068466096116,3.63265306122449,1,medio,1
2015,12,150101,LIMA,LIMA,LIMA,MINSA,III-1,00006207,NACIONAL ARZOBISPO LOAYZA,241600,HOSPITALIZACIÓN QUIRÚRGICA OBSTETRICIA,469,446,1651,1680,79,2449,0,31,3.701793721973094,0.0,31.0,0.6859942833809718,0.19150673744385463,5.6455696202531644,23,alto,2
2015,12,150101,LIMA,LIMA,LIMA,MINSA,III-1,00006207,NACIONAL ARZOBISPO LOAYZA,241700,HOSPITALIZACIÓN QUIRÚRGICA GINECOLOGÍA GINECOLOGIA ONCOLOGICA,34,33,162,232,8,248,0,31,4.909090909090909,0.0,31.0,0.9354838709677419,0.13709677419354838,4.125,1,alto,2
2015,12,150101,LIMA,LIMA,LIMA,MINSA,III-1,00006207,NACIONAL ARZOBISPO LOAYZA,241800,HOSPITALIZACIÓN DE MEDICINA MEDICINA GENERAL,39,38,213,115,6,186,2,31,5.605263157894737,0.05263157894736842,31.0,0.6182795698924731,0.20967741935483872,6.333333333333333,1,alto,2
2015,12,150101,LIMA,LIMA,LIMA,MINSA,III-1,00006207,NACIONAL ARZOBISPO LOAYZA,241900,HOSPITALIZACIÓN DE MEDICINA MEDICINA INTERNA,689,700,4485,5486,255,7905,65,31,6.4071428571428575,0.09285714285714286,31.0,0.6939911448450348,0.08716002530044276,2.7450980392156863,-11,medio,1
2015,12,150101,LIMA,LIMA,LIMA,MINSA,III-1,00006207,NACIONAL ARZOBISPO LOAYZA,242300,HOSPITALIZACIÓN DE PEDIATRÍA PEDIATRÍA GENERAL,109,107,426,508,38,1178,0,31,3.9813084112149535,0.0,31.0,0.4312393887945671,0.09252971137521222,2.8157894736842106,2,medio,1
2015,12,150101,LIMA,LIMA,LIMA,MINSA,III-1,00006207,NACIONAL ARZOBISPO LOAYZA,243200,HOSPITALIZACIÓN DE PEDIATRÍA PEDIATRIA NEONATOLOGÍA,366,361,1363,1446,76,2356,2,31,3.775623268698061,0.00554016620498615,31.0,0.6137521222410866,0.15534804753820033,4.75,5,alto,2
2015,12,150101,LIMA,LIMA,LIMA,MINSA,III-1,00006207,NACIONAL ARZOBISPO LOAYZA,250100,UNIDAD DE CUIDADOS CRITICOS UNIDAD DE CUIDADOS INTENSIVOS GENERALES (UCI),33,27,159,180,6,186,1,31,5.888888888888889,0.037037037037037035,31.0,0.967741935483871,0.1774193548387097,4.5,6,alto,2
2015,12,150101,LIMA,LIMA,LIMA,MINSA,III-1,00006207,NACIONAL ARZOBISPO LOAYZA,250200,UNIDAD DE CUIDADOS CRITICOS UNIDAD DE CUIDADOS INTERMEDIOS GENERAL (UCIN),55,45,248,466,16,496,17,31,5.511111111111111,0.37777777777777777,31.0,0.9395161290322581,0.11088709677419355,2.8125,10,alto,2
2015,12,150101,LIMA,LIMA,LIMA,MINSA,III-1,00006215,HOSPITAL NACIONAL DOCENTE MADRE NIÑO SAN BARTOLOME,240100,HOSPITALIZACIÓN QUIRÚRGICA CIRUGÍA GENERAL,49,55,686,601,35,1065,0,31,12.472727272727273,0.0,30.428571428571427,0.5539170506912442,0.046009389671361506,1.5714285714285714,-6,bajo,0
2015,12,150101,LIMA,LIMA,LIMA,MINSA,III-1,00006215,HOSPITAL NACIONAL DOCENTE MADRE NIÑO SAN BARTOLOME,241400,HOSPITALIZACIÓN QUIRÚRGICA GINECO - OBSTETRICIA,38,4,9,121,4,121,0,31,2.25,0.0,30.25,0.9758064516129032,0.3140495867768595,1.0,34,alto,2
2015,12,150101,LIMA,LIMA,LIMA,MINSA,III-1,00006215,HOSPITAL NACIONAL DOCENTE MADRE NIÑO SAN BARTOLOME,241600,HOSPITALIZACIÓN QUIRÚRGICA OBSTETRICIA,519,564,1895,2050,70,2158,0,31,3.3599290780141846,0.0,30.82857142857143,0.9447004608294931,0.24050046339202966,8.057142857142857,-45,alto,2
2015,12,150101,LIMA,LIMA,LIMA,MINSA,III-1,00006215,HOSPITAL NACIONAL DOCENTE MADRE NIÑO SAN BARTOLOME,242500,HOSPITALIZACIÓN-PEDIATRÍA GENERAL-,75,83,796,752,31,965,0,31,9.590361445783133,0.0,31.129032258064516,0.7825182101977107,0.07772020725388601,2.6774193548387095,-8,medio,1
2015,12,150101,LIMA,LIMA,LIMA,MINSA,III-1,00006215,HOSPITAL NACIONAL DOCENTE MADRE NIÑO SAN BARTOLOME,243200,HOSPITALIZACIÓN DE PEDIATRÍA PEDIATRIA NEONATOLOGÍA,104,110,805,600,20,600,0,31,7.318181818181818,0.0,30.0,0.967741935483871,0.17333333333333334,5.5,-6,alto,2
2015,12,150101,LIMA,LIMA,LIMA,MINSA,III-1,00006215,HOSPITAL NACIONAL DOCENTE MADRE NIÑO SAN BARTOLOME,250102,UNIDAD DE CUIDADOS CRITICOS UNIDAD DE CUIDADOS INTENSIVOS GENERALES (UCI) GINECO-OBSTETRICIA,3,1,3,49,3,93,0,31,3.0,0.0,31.0,0.5268817204301075,0.03225806451612903,0.3333333333333333,2,bajo,0
2015,12,150101,LIMA,LIMA,LIMA,MINSA,III-1,00006215,HOSPITAL NACIONAL DOCENTE MADRE NIÑO SAN BARTOLOME,250105,UNIDAD DE CUIDADOS CRITICOS UNIDAD DE CUIDADOS INTENSIVOS (UCI) NEONATOLOGÍA,10,3,20,137,5,155,3,31,6.666666666666667,1.0,31.0,0.8838709677419355,0.06451612903225806,0.6,7,alto,2
2015,12,150101,LIMA,LIMA,LIMA,MINSA,III-1,00006215,HOSPITAL NACIONAL DOCENTE MADRE NIÑO SAN BARTOLOME,250108,UNIDAD DE CUIDADOS CRITICOS UNIDAD DE CUIDADOS INTENSIVOS (UCI) PEDIÁTRICA,11,3,169,116,6,189,3,31,56.333333333333336,1.0,31.5,0.6236559139784946,0.0582010582010582,0.5,8,bajo,0
2015,12,150101,LIMA,LIMA,LIMA,MINSA,III-2,00006208,INSTITUTO NACIONAL MATERNO PERINATAL,241400,HOSPITALIZACIÓN QUIRÚRGICA GINECO - OBSTETRICIA,2320,1989,7488,6022,235,7455,0,31,3.764705882352941,0.0,31.72340425531915,0.8266300617707618,0.31120053655264923,8.463829787234042,331,alto,2
2015,12,150101,LIMA,LIMA,LIMA,MINSA,III-2,00006208,INSTITUTO NACIONAL MATERNO PERINATAL,241500,HOSPITALIZACIÓN QUIRÚRGICA GINECOLOGÍA,149,129,567,429,20,620,0,31,4.395348837209302,0.0,31.0,0.6919354838709677,0.2403225806451613,6.45,20,alto,2
2015,12,150101,LIMA,LIMA,LIMA,MINSA,III-2,00006208,INSTITUTO NACIONAL MATERNO PERINATAL,243200,HOSPITALIZACIÓN DE PEDIATRÍA PEDIATRIA NEONATOLOGÍA,449,382,2627,2639,95,2945,3,31,6.87696335078534,0.007853403141361256,31.0,0.8960950764006791,0.15246179966044143,4.021052631578947,67,alto,2
2015,12,150101,LIMA,LIMA,LIMA,MINSA,III-2,00006208,INSTITUTO NACIONAL MATERNO PERINATAL,250102,UNIDAD DE CUIDADOS CRITICOS UNIDAD DE CUIDADOS INTENSIVOS GENERALES (UCI) GINECO-OBSTETRICIA,60,56,246,263,10,310,0,31,4.392857142857143,0.0,31.0,0.8483870967741935,0.1935483870967742,5.6,4,alto,2
2015,12,150101,LIMA,LIMA,LIMA,MINSA,III-2,00006208,INSTITUTO NACIONAL MATERNO PERINATAL,250105,UNIDAD DE CUIDADOS CRITICOS UNIDAD DE CUIDADOS INTENSIVOS (UCI) NEONATOLOGÍA,55,54,871,871,30,930,13,31,16.12962962962963,0.24074074074074073,31.0,0.9365591397849462,0.05913978494623656,1.8,1,alto,2
2015,12,150101,LIMA,LIMA,LIMA,MINSA,III-2,00006209,INSTITUTO NACIONAL DE CIENCIAS NEUROLOGICAS,240900,HOSPITALIZACIÓN QUIRÚRGICA NEUROCIRUGÍA,141,77,1528,1190,41,1271,3,31,19.844155844155843,0.03896103896103896,31.0,0.9362706530291109,0.1109362706530291,1.8780487804878048,64,alto,2
2015,12,150101,LIMA,LIMA,LIMA,MINSA,III-2,00006209,INSTITUTO NACIONAL DE CIENCIAS NEUROLOGICAS,243400,HOSPITALIZACIÓN DE PEDIATRÍA PEDIATRIA NEUROLOGÍA PEDIÁTRICA,15,25,448,233,20,620,0,31,17.92,0.0,31.0,0.3758064516129032,0.024193548387096774,1.25,-10,bajo,0
2015,12,150101,LIMA,LIMA,LIMA,MINSA,III-2,00006209,INSTITUTO NACIONAL DE CIENCIAS NEUROLOGICAS,244800,HOSPITALIZACIÓN-HOSPITALIZACIÓN DE MEDICINA-GERIATRIA,19,14,511,364,20,620,0,31,36.5,0.0,31.0,0.5870967741935483,0.03064516129032258,0.7,5,bajo,0
2015,12,150101,LIMA,LIMA,LIMA,MINSA,III-2,00006209,INSTITUTO NACIONAL DE CIENCIAS NEUROLOGICAS,244900,HOSPITALIZACIÓN DE MEDICINA NEUROLOGIA NEURODEGENERATIVAS,21,28,536,602,36,1116,0,31,19.142857142857142,0.0,31.0,0.5394265232974911,0.01881720430107527,0.7777777777777778,-7,bajo,0
2015,12,150101,LIMA,LIMA,LIMA,MINSA,III-2,00006209,INSTITUTO NACIONAL DE CIENCIAS NEUROLOGICAS,245000,HOSPITALIZACIÓN DE MEDICINA NEUROLOGIA NEUROVASCULARES Y METABOLICAS,19,18,341,370,13,403,0,31,18.944444444444443,0.0,31.0,0.9181141439205955,0.04714640198511166,1.3846153846153846,1,alto,2
2015,12,150101,LIMA,LIMA,LIMA,MINSA,III-2,00006209,INSTITUTO NACIONAL DE CIENCIAS NEUROLOGICAS,245100,HOSPITALIZACIÓN DE MEDICINA NEUROLOGIA ENFERMEDADES INFECCIOSAS/TRANSMISIBLES DEL SISTEMA NERVIOSO,19,25,537,542,28,868,1,31,21.48,0.04,31.0,0.6244239631336406,0.021889400921658985,0.8928571428571429,-6,bajo,0
2015,12,150101,LIMA,LIMA,LIMA,MINSA,III-2,00006209,INSTITUTO NACIONAL DE CIENCIAS NEUROLOGICAS,245200,HOSPITALIZACIÓN DE MEDICINA NEUROLOGIA EPILEPSIA/EPILEPTOLOGIA,19,20,226,257,12,372,0,31,11.3,0.0,31.0,0.6908602150537635,0.051075268817204304,1.6666666666666667,-1,bajo,0
2015,12,150101,LIMA,LIMA,LIMA,MINSA,III-2,00006209,INSTITUTO NACIONAL DE CIENCIAS NEUROLOGICAS,250106,UNIDAD DE CUIDADOS CRITICOS UNIDAD DE CUIDADOS INTENSIVOS (UCI) NEUROLÓGICA,8,3,12,92,5,155,3,31,4.0,1.0,31.0,0.5935483870967742,0.05161290322580645,0.6,5,bajo,0
2015,12,150101,LIMA,LIMA,LIMA,MINSA,III-2,00006217,INO DR. FRANCISCO CONTRERAS C.,240600,HOSPITALIZACIÓN QUIRÚRGICA CIRUGÍA OFTALMOLÓGICA,61,62,130,62,11,341,0,31,2.096774193548387,0.0,31.0,0.18181818181818182,0.17888563049853373,5.636363636363637,-1,alto,2
2015,12,150103,LIMA,LIMA,ATE,ESSALUD,II-1,00008353,ESSALUD - HOSPITAL II VITARTE,240100,HOSPITALIZACIÓN QUIRÚRGICA CIRUGÍA GENERAL,143,141,392,401,14,434,0,31,2.780141843971631,0.0,31.0,0.923963133640553,0.3294930875576037,10.071428571428571,2,alto,2
2015,12,150103,LIMA,LIMA,ATE,ESSALUD,II-1,00008353,ESSALUD - HOSPITAL II VITARTE,241200,HOSPITALIZACIÓN QUIRÚRGICA TRAUMATOLOGÍA Y ORTOPEDIA,37,41,302,249,9,279,0,31,7.365853658536586,0.0,31.0,0.8924731182795699,0.13261648745519714,4.555555555555555,-4,alto,2
2015,12,150103,LIMA,LIMA,ATE,ESSALUD,II-1,00008353,ESSALUD - HOSPITAL II VITARTE,241300,HOSPITALIZACIÓN QUIRÚRGICA UROLOGÍA,11,12,46,40,2,62,0,31,3.8333333333333335,0.0,31.0,0.6451612903225806,0.1774193548387097,6.0,-1,alto,2
2015,12,150103,LIMA,LIMA,ATE,ESSALUD,II-1,00008353,ESSALUD - HOSPITAL II VITARTE,241500,HOSPITALIZACIÓN QUIRÚRGICA GINECOLOGÍA,61,63,142,106,4,124,0,31,2.253968253968254,0.0,31.0,0.8548387096774194,0.49193548387096775,15.75,-2,alto,2
2015,12,150103,LIMA,LIMA,ATE,ESSALUD,II-1,00008353,ESSALUD - HOSPITAL II VITARTE,241900,HOSPITALIZACIÓN DE MEDICINA MEDICINA INTERNA,110,109,833,821,27,837,9,31,7.6422018348623855,0.08256880733944955,31.0,0.980884109916368,0.13142174432497014,4.037037037037037,1,alto,2
2015,12,150103,LIMA,LIMA,ATE,ESSALUD,II-1,00008353,ESSALUD - HOSPITAL II VITARTE,242300,HOSPITALIZACIÓN DE PEDIATRÍA PEDIATRÍA GENERAL,67,74,253,232,10,310,0,31,3.418918918918919,0.0,31.0,0.7483870967741936,0.2161290322580645,7.4,-7,alto,2
2015,12,150103,LIMA,LIMA,ATE,ESSALUD,II-1,00008353,ESSALUD - HOSPITAL II VITARTE,250304,HOSPIT. EN UNIDAD DE CUID.INTEN.-UNIDAD DE VIGILANCIA INTENSIVA (UVI)-MEDICINA,10,12,30,24,4,124,6,31,2.5,0.5,31.0,0.1935483870967742,0.08064516129032258,3.0,-2,medio,1
2015,12,150103,LIMA,LIMA,ATE,MINSA,II-1,00005883,HOSPITAL DE HUAYCAN,241500,HOSPITALIZACIÓN QUIRÚRGICA GINECOLOGÍA,5,5,10,10,1,31,0,31,2.0,0.0,31.0,0.3225806451612903,0.16129032258064516,5.0,0,alto,2
2015,12,150103,LIMA,LIMA,ATE,MINSA,II-1,00005883,HOSPITAL DE HUAYCAN,241600,HOSPITALIZACIÓN QUIRÚRGICA OBSTETRICIA,194,203,400,393,16,496,0,31,1.9704433497536946,0.0,31.0,0.7923387096774194,0.3911290322580645,12.6875,-9,alto,2
2015,12,150105,LIMA,LIMA,BREÑA,MINSA,III-2,00006216,INSTITUTO NACIONAL DE SALUD DEL NIÑO,240200,HOSPITALIZACIÓN QUIRÚRGICA CIRUGÍA DE CABEZA Y CUELLO / MÁXILO FACIAL,15,14,147,182,8,248,0,31,10.5,0.0,31.0,0.7338709677419355,0.06048387096774194,1.75,1,medio,1
2015,12,150105,LIMA,LIMA,BREÑA,MINSA,III-2,00006216,INSTITUTO NACIONAL DE SALUD DEL NIÑO,240400,HOSPITALIZACIÓN QUIRÚRGICA CIRUGÍA DE TÓRAX Y CARDIOVASCULAR,13,27,562,331,19,589,2,31,20.814814814814813,0.07407407407407407,31.0,0.5619694397283531,0.022071307300509338,1.4210526315789473,-14,bajo,0
2015,12,150105,LIMA,LIMA,BREÑA,MINSA,III-2,00006216,INSTITUTO NACIONAL DE SALUD DEL NIÑO,240700,HOSPITALIZACIÓN QUIRÚRGICA CIRUGÍA PEDIÁTRICA,16,57,633,484,16,496,0,31,11.105263157894736,0.0,31.0,0.9758064516129032,0.03225806451612903,3.5625,-41,alto,2
2015,12,150105,LIMA,LIMA,BREÑA,MINSA,III-2,00006216,INSTITUTO NACIONAL DE SALUD DEL NIÑO,240801,HOSPITALIZACIÓN QUIRÚRGICA CIRUGÍA PLÁSTICA/RECONSTRUCTIVA/ REPARADORA QUEMADOS,23,42,596,663,25,775,0,31,14.19047619047619,0.0,31.0,0.8554838709677419,0.02967741935483871,1.68,-19,alto,2
2015,12,150105,LIMA,LIMA,BREÑA,MINSA,III-2,00006216,INSTITUTO NACIONAL DE SALUD DEL NIÑO,240900,HOSPITALIZACIÓN QUIRÚRGICA NEUROCIRUGÍA,5,22,386,706,23,713,0,31,17.545454545454547,0.0,31.0,0.9901823281907434,0.0070126227208976155,0.9565217391304348,-17,alto,2
2015,12,150105,LIMA,LIMA,BREÑA,MINSA,III-2,00006216,INSTITUTO NACIONAL DE SALUD DEL NIÑO,241200,HOSPITALIZACIÓN QUIRÚRGICA TRAUMATOLOGÍA Y ORTOPEDIA,22,57,942,750,36,1116,0,31,16.526315789473685,0.0,31.0,0.6720430107526881,0.01971326164874552,1.5833333333333333,-35,bajo,0
2015,12,150105,LIMA,LIMA,BREÑA,MINSA,III-2,00006216,INSTITUTO NACIONAL DE SALUD DEL NIÑO,241300,HOSPITALIZACIÓN QUIRÚRGICA UROLOGÍA,10,18,165,150,5,155,0,31,9.166666666666666,0.0,31.0,0.967741935483871,0.06451612903225806,3.6,-8,alto,2
2015,12,150105,LIMA,LIMA,BREÑA,MINSA,III-2,00006216,INSTITUTO NACIONAL DE SALUD DEL NIÑO,242000,HOSPITALIZACIÓN DE MEDICINA MEDICINA TROPICAL E INFECCIOSAS,6,50,632,721,28,868,0,31,12.64,0.0,31.0,0.8306451612903226,0.0069124423963133645,1.7857142857142858,-44,medio,1
2015,12,150105,LIMA,LIMA,BREÑA,MINSA,III-2,00006216,INSTITUTO NACIONAL DE SALUD DEL NIÑO,242300,HOSPITALIZACIÓN DE PEDIATRÍA PEDIATRÍA GENERAL,0,223,2646,2230,78,2418,1,31,11.865470852017937,0.004484304932735426,31.0,0.9222497932175352,0.0,2.858974358974359,-223,alto,2
2015,12,150105,LIMA,LIMA,BREÑA,MINSA,III-2,00006216,INSTITUTO NACIONAL DE SALUD DEL NIÑO,242600,HOSPITALIZACIÓN DE PEDIATRÍA PEDIATRIA CARDIOLOGÍA PEDIÁTRICA,21,35,775,520,24,744,0,31,22.142857142857142,0.0,31.0,0.6989247311827957,0.028225806451612902,1.4583333333333333,-14,bajo,0
2015,12,150105,LIMA,LIMA,BREÑA,MINSA,III-2,00006216,INSTITUTO NACIONAL DE SALUD DEL NIÑO,242700,HOSPITALIZACIÓN DE PEDIATRÍA PEDIATRIA DERMATOLOGÍA PEDIÁTRICA,0,27,269,263,10,310,0,31,9.962962962962964,0.0,31.0,0.8483870967741935,0.0,2.7,-27,medio,1
2015,12,150105,LIMA,LIMA,BREÑA,MINSA,III-2,00006216,INSTITUTO NACIONAL DE SALUD DEL NIÑO,242900,HOSPITALIZACIÓN DE PEDIATRÍA PEDIATRIA GASTROENTEROLOGÍA PEDIÁTRICA,11,18,250,306,10,310,1,31,13.88888888888889,0.05555555555555555,31.0,0.9870967741935484,0.035483870967741936,1.8,-7,alto,2
2015,12,150105,LIMA,LIMA,BREÑA,MINSA,III-2,00006216,INSTITUTO NACIONAL DE SALUD DEL NIÑO,243000,HOSPITALIZACIÓN DE PEDIATRÍA PEDIATRIA GINECOLOGÍA PEDIÁTRICA,4,8,35,32,2,62,0,31,4.375,0.0,31.0,0.5161290322580645,0.06451612903225806,4.0,-4,bajo,0
2015,12,150105,LIMA,LIMA,BREÑA,MINSA,III-2,00006216,INSTITUTO NACIONAL DE SALUD DEL NIÑO,243100,HOSPITALIZACIÓN DE PEDIATRÍA PEDIATRIA NEFROLOGÍA PEDIÁTRICA,4,7,83,180,6,186,0,31,11.857142857142858,0.0,31.0,0.967741935483871,0.021505376344086023,1.1666666666666667,-3,alto,2
2015,12,150105,LIMA,LIMA,BREÑA,MINSA,III-2,00006216,INSTITUTO NACIONAL DE SALUD DEL NIÑO,243200,HOSPITALIZACIÓN DE PEDIATRÍA PEDIATRIA NEONATOLOGÍA,0,5,158,307,10,310,0,31,31.6,0.0,31.0,0.9903225806451613,0.0,0.5,-5,alto,2
2015,12,150105,LIMA,LIMA,BREÑA,MINSA,III-2,00006216,INSTITUTO NACIONAL DE SALUD DEL NIÑO,243300,HOSPITALIZACIÓN DE PEDIATRÍA PEDIATRIA NEUMOLOGÍA PEDIÁTRICA,3,20,758,594,23,713,1,31,37.9,0.05,31.0,0.8330995792426368,0.004207573632538569,0.8695652173913043,-17,medio,1
2015,12,150105,LIMA,LIMA,BREÑA,MINSA,III-2,00006216,INSTITUTO NACIONAL DE SALUD DEL NIÑO,243400,HOSPITALIZACIÓN DE PEDIATRÍA PEDIATRIA NEUROLOGÍA PEDIÁTRICA,0,10,220,462,15,465,0,31,22.0,0.0,31.0,0.9935483870967742,0.0,0.6666666666666666,-10,alto,2
2015,12,150105,LIMA,LIMA,BREÑA,MINSA,III-2,00006216,INSTITUTO NACIONAL DE SALUD DEL NIÑO,243700,HOSPITALIZACIÓN DE PEDIATRÍA PEDIATRIA OTORRINOLARINGOLOGÍA PEDIÁTRICA,12,17,70,61,13,403,0,31,4.117647058823529,0.0,31.0,0.1513647642679901,0.02977667493796526,1.3076923076923077,-5,bajo,0
2015,12,150105,LIMA,LIMA,BREÑA,MINSA,III-2,00006216,INSTITUTO NACIONAL DE SALUD DEL NIÑO,244500,HOSPITALIZACIÓN DE MEDICINA HEMATOLOGÍA,0,2,48,24,3,93,0,31,24.0,0.0,31.0,0.25806451612903225,0.0,0.6666666666666666,-2,bajo,0
2015,12,150105,LIMA,LIMA,BREÑA,MINSA,III-2,00006216,INSTITUTO NACIONAL DE SALUD DEL NIÑO,250108,UNIDAD DE CUIDADOS CRITICOS UNIDAD DE CUIDADOS INTENSIVOS (UCI) PEDIÁTRICA,1,5,316,427,16,496,5,31,63.2,1.0,31.0,0.8608870967741935,0.0020161290322580645,0.3125,-4,alto,2
2015,12,150108,LIMA,LIMA,CHORRILLOS,MINSA,III-2,00007734,"INSTITUTO NACIONAL DE REHABILITACION ""DRA. ADRIANA REBAZA FLORES"" AMISTAD PERU - JAPON",240000,HOSPITALIZACIÓN,5,12,1230,960,36,1116,0,31,102.5,0.0,31.0,0.8602150537634409,0.004480286738351254,0.3333333333333333,-7,alto,2
2015,12,150110,LIMA,LIMA,COMAS,MINSA,III-1,00007634,NACIONAL SERGIO E. BERNALES,240100,HOSPITALIZACIÓN QUIRÚRGICA CIRUGÍA GENERAL,202,255,1874,2290,75,2325,2,31,7.349019607843137,0.00784313725490196,31.0,0.9849462365591398,0.08688172043010753,3.4,-53,alto,2
2015,12,150110,LIMA,LIMA,COMAS,MINSA,III-1,00007634,NACIONAL SERGIO E. BERNALES,241200,HOSPITALIZACIÓN QUIRÚRGICA TRAUMATOLOGÍA Y ORTOPEDIA,15,24,348,730,24,744,1,31,14.5,0.041666666666666664,31.0,0.9811827956989247,0.020161290322580645,1.0,-9,alto,2
2015,12,150110,LIMA,LIMA,COMAS,MINSA,III-1,00007634,NACIONAL SERGIO E. BERNALES,241500,HOSPITALIZACIÓN QUIRÚRGICA GINECOLOGÍA,45,57,269,385,15,465,1,31,4.719298245614035,0.017543859649122806,31.0,0.8279569892473119,0.0967741935483871,3.8,-12,medio,1
2015,12,150110,LIMA,LIMA,COMAS,MINSA,III-1,00007634,NACIONAL SERGIO E. BERNALES,241600,HOSPITALIZACIÓN QUIRÚRGICA OBSTETRICIA,661,717,1846,2375,80,2480,0,31,2.5746164574616457,0.0,31.0,0.9576612903225806,0.26653225806451614,8.9625,-56,alto,2
2015,12,150110,LIMA,LIMA,COMAS,MINSA,III-1,00007634,NACIONAL SERGIO E. BERNALES,241900,HOSPITALIZACIÓN DE MEDICINA MEDICINA INTERNA,66,109,1920,2021,69,2139,15,31,17.61467889908257,0.13761467889908258,31.0,0.9448340345956054,0.030855539971949508,1.5797101449275361,-43,alto,2
2015,12,150110,LIMA,LIMA,COMAS,MINSA,III-1,00007634,NACIONAL SERGIO E. BERNALES,242300,HOSPITALIZACIÓN DE PEDIATRÍA PEDIATRÍA GENERAL,146,172,705,998,40,1240,0,31,4.098837209302325,0.0,31.0,0.8048387096774193,0.11774193548387096,4.3,-26,medio,1
2015,12,150110,LIMA,LIMA,COMAS,MINSA,III-1,00007634,NACIONAL SERGIO E. BERNALES,243200,HOSPITALIZACIÓN DE PEDIATRÍA PEDIATRIA NEONATOLOGÍA,44,59,200,620,32,992,2,31,3.389830508474576,0.03389830508474576,31.0,0.625,0.04435483870967742,1.84375,-15,bajo,0
2015,12,150110,LIMA,LIMA,COMAS,MINSA,III-1,00007634,NACIONAL SERGIO E. BERNALES,250100,UNIDAD DE CUIDADOS CRITICOS UNIDAD DE CUIDADOS INTENSIVOS GENERALES (UCI),4,2,51,51,2,62,1,31,25.5,0.5,31.0,0.8225806451612904,0.06451612903225806,1.0,2,medio,1
2015,12,150110,LIMA,LIMA,COMAS,MINSA,III-1,00007634,NACIONAL SERGIO E. BERNALES,250200,UNIDAD DE CUIDADOS CRITICOS UNIDAD DE CUIDADOS INTERMEDIOS GENERAL (UCIN),3,12,143,123,4,123,4,31,11.916666666666666,0.3333333333333333,30.75,0.9919354838709677,0.024390243902439025,3.0,-9,alto,2
2015,12,150111,LIMA,LIMA,EL AGUSTINO,MINSA,III-1,00005946,HOSPITAL NACIONAL HIPOLITO UNANUE,240100,HOSPITALIZACIÓN QUIRÚRGICA CIRUGÍA GENERAL,177,211,3293,3117,117,3627,4,31,15.606635071090047,0.018957345971563982,31.0,0.8593879239040529,0.04880066170388751,1.8034188034188035,-34,alto,2
2015,12,150111,LIMA,LIMA,EL AGUSTINO,MINSA,III-1,00005946,HOSPITAL NACIONAL HIPOLITO UNANUE,240200,HOSPITALIZACIÓN QUIRÚRGICA CIRUGÍA DE CABEZA Y CUELLO / MÁXILO FACIAL,13,14,153,108,12,372,0,31,10.928571428571429,0.0,31.0,0.2903225806451613,0.03494623655913978,1.1666666666666667,-1,bajo,0
2015,12,150111,LIMA,LIMA,EL AGUSTINO,MINSA,III-1,00005946,HOSPITAL NACIONAL HIPOLITO UNANUE,240700,HOSPITALIZACIÓN QUIRÚRGICA CIRUGÍA PEDIÁTRICA,40,37,195,173,7,217,0,31,5.27027027027027,0.0,31.0,0.7972350230414746,0.18433179723502305,5.285714285714286,3,alto,2
2015,12,150111,LIMA,LIMA,EL AGUSTINO,MINSA,III-1,00005946,HOSPITAL NACIONAL HIPOLITO UNANUE,240800,HOSPITALIZACIÓN QUIRÚRGICA CIRUGÍA PLÁSTICA/RECONSTRUCTIVA/ REPARADORA,4,2,42,169,10,310,0,31,21.0,0.0,31.0,0.5451612903225806,0.012903225806451613,0.2,2,bajo,0
2015,12,150111,LIMA,LIMA,EL AGUSTINO,MINSA,III-1,00005946,HOSPITAL NACIONAL HIPOLITO UNANUE,240900,HOSPITALIZACIÓN QUIRÚRGICA NEUROCIRUGÍA,11,19,541,670,22,682,2,31,28.473684210526315,0.10526315789473684,31.0,0.9824046920821115,0.016129032258064516,0.8636363636363636,-8,alto,2
2015,12,150111,LIMA,LIMA,EL AGUSTINO,MINSA,III-1,00005946,HOSPITAL NACIONAL HIPOLITO UNANUE,241100,HOSPITALIZACIÓN QUIRÚRGICA OTORRINOLARINGOLOGÍA,6,7,28,81,6,186,0,31,4.0,0.0,31.0,0.43548387096774194,0.03225806451612903,1.1666666666666667,-1,bajo,0
2015,12,150111,LIMA,LIMA,EL AGUSTINO,MINSA,III-1,00005946,HOSPITAL NACIONAL HIPOLITO UNANUE,241200,HOSPITALIZACIÓN QUIRÚRGICA TRAUMATOLOGÍA Y ORTOPEDIA,39,51,1230,1258,50,1550,1,31,24.11764705882353,0.0196078431372549,31.0,0.8116129032258065,0.025161290322580646,1.02,-12,medio,1
2015,12,150111,LIMA,LIMA,EL AGUSTINO,MINSA,III-1,00005946,HOSPITAL NACIONAL HIPOLITO UNANUE,241300,HOSPITALIZACIÓN QUIRÚRGICA UROLOGÍA,9,11,227,370,12,372,0,31,20.636363636363637,0.0,31.0,0.9946236559139785,0.024193548387096774,0.9166666666666666,-2,alto,2
2015,12,150111,LIMA,LIMA,EL AGUSTINO,MINSA,III-1,00005946,HOSPITAL NACIONAL HIPOLITO UNANUE,241400,HOSPITALIZACIÓN QUIRÚRGICA GINECO - OBSTETRICIA,27,26,51,32,6,186,0,31,1.9615384615384615,0.0,31.0,0.17204301075268819,0.14516129032258066,4.333333333333333,1,alto,2
2015,12,150111,LIMA,LIMA,EL AGUSTINO,MINSA,III-1,00005946,HOSPITAL NACIONAL HIPOLITO UNANUE,241500,HOSPITALIZACIÓN QUIRÚRGICA GINECOLOGÍA,63,69,321,130,35,1085,1,31,4.6521739130434785,0.014492753623188406,31.0,0.11981566820276497,0.05806451612903226,1.9714285714285715,-6,bajo,0
2015,12,150111,LIMA,LIMA,EL AGUSTINO,MINSA,III-1,00005946,HOSPITAL NACIONAL HIPOLITO UNANUE,241600,HOSPITALIZACIÓN QUIRÚRGICA OBSTETRICIA,548,531,1355,1329,67,2077,0,31,2.5517890772128062,0.0,31.0,0.6398651901781416,0.2638420799229658,7.925373134328358,17,alto,2
2015,12,150111,LIMA,LIMA,EL AGUSTINO,MINSA,III-1,00005946,HOSPITAL NACIONAL HIPOLITO UNANUE,241800,HOSPITALIZACIÓN DE MEDICINA MEDICINA GENERAL,45,40,491,880,18,558,4,31,12.275,0.1,31.0,1.5770609318996416,0.08064516129032258,2.2222222222222223,5,alto,2
2015,12,150111,LIMA,LIMA,EL AGUSTINO,MINSA,III-1,00005946,HOSPITAL NACIONAL HIPOLITO UNANUE,241900,HOSPITALIZACIÓN DE MEDICINA MEDICINA INTERNA,302,320,4763,4664,170,5270,42,31,14.884375,0.13125,31.0,0.8850094876660342,0.05730550284629981,1.8823529411764706,-18,alto,2
2015,12,150111,LIMA,LIMA,EL AGUSTINO,MINSA,III-1,00005946,HOSPITAL NACIONAL HIPOLITO UNANUE,242200,HOSPITALIZACIÓN DE MEDICINA PSIQUIATRÍA,13,16,110,133,3,93,0,31,6.875,0.0,31.0,1.4301075268817205,0.13978494623655913,5.333333333333333,-3,alto,2
2015,12,150111,LIMA,LIMA,EL AGUSTINO,MINSA,III-1,00005946,HOSPITAL NACIONAL HIPOLITO UNANUE,242300,HOSPITALIZACIÓN DE PEDIATRÍA PEDIATRÍA GENERAL,85,78,578,1139,40,1240,2,31,7.410256410256411,0.02564102564102564,31.0,0.9185483870967742,0.06854838709677419,1.95,7,alto,2
2015,12,150111,LIMA,LIMA,EL AGUSTINO,MINSA,III-1,00005946,HOSPITAL NACIONAL HIPOLITO UNANUE,243200,HOSPITALIZACIÓN DE PEDIATRÍA PEDIATRIA NEONATOLOGÍA,98,93,1032,1076,47,1457,6,31,11.096774193548388,0.06451612903225806,31.0,0.7385037748798902,0.06726149622512011,1.9787234042553192,5,medio,1
2015,12,150111,LIMA,LIMA,EL AGUSTINO,MINSA,III-1,00005946,HOSPITAL NACIONAL HIPOLITO UNANUE,250200,UNIDAD DE CUIDADOS CRITICOS UNIDAD DE CUIDADOS INTERMEDIOS GENERAL (UCIN),14,6,112,114,7,217,5,31,18.666666666666668,0.8333333333333334,31.0,0.5253456221198156,0.06451612903225806,0.8571428571428571,8,bajo,0
2015,12,150113,LIMA,LIMA,JESUS MARIA,ESSALUD,III-2,00008720,HOSPITAL NACIONAL EDGARDO REBAGLIATI MARTINS,240100,HOSPITALIZACIÓN QUIRÚRGICA CIRUGÍA GENERAL,529,402,7238,5101,182,5642,7,31,18.00497512437811,0.017412935323383085,31.0,0.9041120170152428,0.09376107763204537,2.208791208791209,127,alto,2
2015,12,150113,LIMA,LIMA,JESUS MARIA,ESSALUD,III-2,00008720,HOSPITAL NACIONAL EDGARDO REBAGLIATI MARTINS,240200,HOSPITALIZACIÓN QUIRÚRGICA CIRUGÍA DE CABEZA Y CUELLO / MÁXILO FACIAL,53,38,341,320,11,341,0,31,8.973684210526315,0.0,31.0,0.9384164222873901,0.15542521994134897,3.4545454545454546,15,alto,2
2015,12,150113,LIMA,LIMA,JESUS MARIA,ESSALUD,III-2,00008720,HOSPITAL NACIONAL EDGARDO REBAGLIATI MARTINS,240600,HOSPITALIZACIÓN QUIRÚRGICA CIRUGÍA OFTALMOLÓGICA,60,45,224,229,8,248,1,31,4.977777777777778,0.022222222222222223,31.0,0.9233870967741935,0.24193548387096775,5.625,15,alto,2
2015,12,150113,LIMA,LIMA,JESUS MARIA,ESSALUD,III-2,00008720,HOSPITAL NACIONAL EDGARDO REBAGLIATI MARTINS,240700,HOSPITALIZACIÓN QUIRÚRGICA CIRUGÍA PEDIÁTRICA,145,145,833,797,30,930,0,31,5.744827586206896,0.0,31.0,0.8569892473118279,0.15591397849462366,4.833333333333333,0,alto,2
2015,12,150113,LIMA,LIMA,JESUS MARIA,ESSALUD,III-2,00008720,HOSPITAL NACIONAL EDGARDO REBAGLIATI MARTINS,240900,HOSPITALIZACIÓN QUIRÚRGICA NEUROCIRUGÍA,254,82,1583,2024,70,2170,6,31,19.304878048780488,0.07317073170731707,31.0,0.9327188940092166,0.11705069124423963,1.1714285714285715,172,alto,2
2015,12,150113,LIMA,LIMA,JESUS MARIA,ESSALUD,III-2,00008720,HOSPITAL NACIONAL EDGARDO REBAGLIATI MARTINS,241100,HOSPITALIZACIÓN QUIRÚRGICA OTORRINOLARINGOLOGÍA,73,53,318,291,12,372,0,31,6.0,0.0,31.0,0.782258064516129,0.19623655913978494,4.416666666666667,20,alto,2
2015,12,150113,LIMA,LIMA,JESUS MARIA,ESSALUD,III-2,00008720,HOSPITAL NACIONAL EDGARDO REBAGLIATI MARTINS,241200,HOSPITALIZACIÓN QUIRÚRGICA TRAUMATOLOGÍA Y ORTOPEDIA,268,244,3203,3118,111,3441,3,31,13.12704918032787,0.012295081967213115,31.0,0.906131938390003,0.07788433594885208,2.1981981981981984,24,alto,2
2015,12,150113,LIMA,LIMA,JESUS MARIA,ESSALUD,III-2,00008720,HOSPITAL NACIONAL EDGARDO REBAGLIATI MARTINS,241300,HOSPITALIZACIÓN QUIRÚRGICA UROLOGÍA,99,85,1338,1264,48,1488,0,31,15.741176470588234,0.0,31.0,0.8494623655913979,0.06653225806451613,1.7708333333333333,14,medio,1
2015,12,150113,LIMA,LIMA,JESUS MARIA,ESSALUD,III-2,00008720,HOSPITAL NACIONAL EDGARDO REBAGLIATI MARTINS,241500,HOSPITALIZACIÓN QUIRÚRGICA GINECOLOGÍA,908,885,5090,4478,159,4929,0,31,5.751412429378531,0.0,31.0,0.9085007100831811,0.18421586528707648,5.566037735849057,23,alto,2
2015,12,150113,LIMA,LIMA,JESUS MARIA,ESSALUD,III-2,00008720,HOSPITAL NACIONAL EDGARDO REBAGLIATI MARTINS,241800,HOSPITALIZACIÓN DE MEDICINA MEDICINA GENERAL,464,238,3039,3100,111,3441,11,31,12.768907563025211,0.046218487394957986,31.0,0.9009009009009009,0.13484452194129615,2.144144144144144,226,alto,2
2015,12,150113,LIMA,LIMA,JESUS MARIA,ESSALUD,III-2,00008720,HOSPITAL NACIONAL EDGARDO REBAGLIATI MARTINS,241900,HOSPITALIZACIÓN DE MEDICINA MEDICINA INTERNA,1088,823,13182,12438,447,13857,95,31,16.01701093560146,0.11543134872417983,31.0,0.897596882442087,0.07851627336364292,1.8411633109619687,265,alto,2
2015,12,150113,LIMA,LIMA,JESUS MARIA,ESSALUD,III-2,00008720,HOSPITAL NACIONAL EDGARDO REBAGLIATI MARTINS,242100,HOSPITALIZACIÓN DE MEDICINA ONCOLOGÍA MÉDICA,234,207,1914,1454,50,1550,4,31,9.246376811594203,0.01932367149758454,31.0,0.9380645161290323,0.15096774193548387,4.14,27,alto,2
2015,12,150113,LIMA,LIMA,JESUS MARIA,ESSALUD,III-2,00008720,HOSPITAL NACIONAL EDGARDO REBAGLIATI MARTINS,242200,HOSPITALIZACIÓN DE MEDICINA PSIQUIATRÍA,130,133,1674,1578,62,1922,0,31,12.586466165413533,0.0,31.0,0.8210197710718002,0.06763787721123829,2.1451612903225805,-3,medio,1
2015,12,150113,LIMA,LIMA,JESUS MARIA,ESSALUD,III-2,00008720,HOSPITAL NACIONAL EDGARDO REBAGLIATI MARTINS,242300,HOSPITALIZACIÓN DE PEDIATRÍA PEDIATRÍA GENERAL,274,192,3070,2868,114,3534,8,31,15.989583333333334,0.041666666666666664,31.0,0.8115449915110357,0.07753254102999434,1.6842105263157894,82,medio,1
2015,12,150113,LIMA,LIMA,JESUS MARIA,ESSALUD,III-2,00008720,HOSPITAL NACIONAL EDGARDO REBAGLIATI MARTINS,242800,HOSPITALIZACIÓN DE PEDIATRÍA PEDIATRIA ENDOCRINOLOGÍA PEDIÁTRICA,80,78,769,632,24,744,0,31,9.85897435897436,0.0,31.0,0.8494623655913979,0.10752688172043011,3.25,2,medio,1
2015,12,150113,LIMA,LIMA,JESUS MARIA,ESSALUD,III-2,00008720,HOSPITAL NACIONAL EDGARDO REBAGLIATI MARTINS,250100,UNIDAD DE CUIDADOS CRITICOS UNIDAD DE CUIDADOS INTENSIVOS GENERALES (UCI),110,22,1502,1712,68,2108,20,31,68.27272727272727,0.9090909090909091,31.0,0.8121442125237192,0.05218216318785579,0.3235294117647059,88,medio,1
2015,12,150113,LIMA,LIMA,JESUS MARIA,ESSALUD,III-E,00018011,INCOR,241800,HOSPITALIZACIÓN DE MEDICINA MEDICINA GENERAL,147,153,1388,1429,73,2143,7,31,9.071895424836601,0.0457516339869281,29.356164383561644,0.6314626601855944,0.06859542697153523,2.095890410958904,-6,bajo,0
2015,12,150113,LIMA,LIMA,JESUS MARIA,ESSALUD,III-E,00018011,INCOR,242600,HOSPITALIZACIÓN DE PEDIATRÍA PEDIATRIA CARDIOLOGÍA PEDIÁTRICA,47,56,501,537,21,651,1,31,8.946428571428571,0.017857142857142856,31.0,0.8248847926267281,0.07219662058371736,2.6666666666666665,-9,medio,1
2015,12,150113,LIMA,LIMA,JESUS MARIA,SANIDAD DE LA POLICIA NACIONAL DEL PERU,III-1,00013591,HOSPITAL NACIONAL POLICIA NACIONAL DEL PERU GRAL PNP LUIS N. SAENZ.,240100,HOSPITALIZACIÓN QUIRÚRGICA CIRUGÍA GENERAL,128,148,1573,903,57,1767,1,31,10.628378378378379,0.006756756756756757,31.0,0.5110356536502547,0.0724391624221845,2.5964912280701755,-20,medio,1
2015,12,150113,LIMA,LIMA,JESUS MARIA,SANIDAD DE LA POLICIA NACIONAL DEL PERU,III-1,00013591,HOSPITAL NACIONAL POLICIA NACIONAL DEL PERU GRAL PNP LUIS N. SAENZ.,240600,HOSPITALIZACIÓN QUIRÚRGICA CIRUGÍA OFTALMOLÓGICA,12,8,210,127,6,186,0,31,26.25,0.0,31.0,0.6827956989247311,0.06451612903225806,1.3333333333333333,4,bajo,0
2015,12,150113,LIMA,LIMA,JESUS MARIA,SANIDAD DE LA POLICIA NACIONAL DEL PERU,III-1,00013591,HOSPITAL NACIONAL POLICIA NACIONAL DEL PERU GRAL PNP LUIS N. SAENZ.,240700,HOSPITALIZACIÓN QUIRÚRGICA CIRUGÍA PEDIÁTRICA,20,24,184,152,12,372,0,31,7.666666666666667,0.0,31.0,0.40860215053763443,0.053763440860215055,2.0,-4,bajo,0
2015,12,150113,LIMA,LIMA,JESUS MARIA,SANIDAD DE LA POLICIA NACIONAL DEL PERU,III-1,00013591,HOSPITAL NACIONAL POLICIA NACIONAL DEL PERU GRAL PNP LUIS N. SAENZ.,240800,HOSPITALIZACIÓN QUIRÚRGICA CIRUGÍA PLÁSTICA/RECONSTRUCTIVA/ REPARADORA,12,14,225,194,8,248,0,31,16.071428571428573,0.0,31.0,0.782258064516129,0.04838709677419355,1.75,-2,medio,1
2015,12,150113,LIMA,LIMA,JESUS MARIA,SANIDAD DE LA POLICIA NACIONAL DEL PERU,III-1,00013591,HOSPITAL NACIONAL POLICIA NACIONAL DEL PERU GRAL PNP LUIS N. SAENZ.,240900,HOSPITALIZACIÓN QUIRÚRGICA NEUROCIRUGÍA,6,14,405,407,15,465,0,31,28.928571428571427,0.0,31.0,0.875268817204301,0.012903225806451613,0.9333333333333333,-8,alto,2
2015,12,150113,LIMA,LIMA,JESUS MARIA,SANIDAD DE LA POLICIA NACIONAL DEL PERU,III-1,00013591,HOSPITAL NACIONAL POLICIA NACIONAL DEL PERU GRAL PNP LUIS N. SAENZ.,241100,HOSPITALIZACIÓN QUIRÚRGICA OTORRINOLARINGOLOGÍA,21,18,674,236,11,341,0,31,37.44444444444444,0.0,31.0,0.6920821114369502,0.06158357771260997,1.6363636363636365,3,bajo,0
2015,12,150113,LIMA,LIMA,JESUS MARIA,SANIDAD DE LA POLICIA NACIONAL DEL PERU,III-1,00013591,HOSPITAL NACIONAL POLICIA NACIONAL DEL PERU GRAL PNP LUIS N. SAENZ.,241200,HOSPITALIZACIÓN QUIRÚRGICA TRAUMATOLOGÍA Y ORTOPEDIA,33,38,647,951,36,1116,0,31,17.026315789473685,0.0,31.0,0.8521505376344086,0.02956989247311828,1.0555555555555556,-5,alto,2
2015,12,150113,LIMA,LIMA,JESUS MARIA,SANIDAD DE LA POLICIA NACIONAL DEL PERU,III-1,00013591,HOSPITAL NACIONAL POLICIA NACIONAL DEL PERU GRAL PNP LUIS N. SAENZ.,241300,HOSPITALIZACIÓN QUIRÚRGICA UROLOGÍA,37,37,468,346,24,744,0,31,12.64864864864865,0.0,31.0,0.4650537634408602,0.04973118279569892,1.5416666666666667,0,bajo,0
2015,12,150113,LIMA,LIMA,JESUS MARIA,SANIDAD DE LA POLICIA NACIONAL DEL PERU,III-1,00013591,HOSPITAL NACIONAL POLICIA NACIONAL DEL PERU GRAL PNP LUIS N. SAENZ.,241500,HOSPITALIZACIÓN QUIRÚRGICA GINECOLOGÍA,41,39,182,304,16,496,0,31,4.666666666666667,0.0,31.0,0.6129032258064516,0.08266129032258064,2.4375,2,medio,1
2015,12,150113,LIMA,LIMA,JESUS MARIA,SANIDAD DE LA POLICIA NACIONAL DEL PERU,III-1,00013591,HOSPITAL NACIONAL POLICIA NACIONAL DEL PERU GRAL PNP LUIS N. SAENZ.,241600,HOSPITALIZACIÓN QUIRÚRGICA OBSTETRICIA,152,153,461,475,35,1085,0,31,3.0130718954248366,0.0,31.0,0.4377880184331797,0.1400921658986175,4.371428571428571,-1,alto,2
2015,12,150113,LIMA,LIMA,JESUS MARIA,SANIDAD DE LA POLICIA NACIONAL DEL PERU,III-1,00013591,HOSPITAL NACIONAL POLICIA NACIONAL DEL PERU GRAL PNP LUIS N. SAENZ.,241800,HOSPITALIZACIÓN DE MEDICINA MEDICINA GENERAL,234,219,3313,3322,156,4836,10,31,15.127853881278538,0.045662100456621,31.0,0.6869313482216708,0.04838709677419355,1.4038461538461537,15,bajo,0
2015,12,150113,LIMA,LIMA,JESUS MARIA,SANIDAD DE LA POLICIA NACIONAL DEL PERU,III-1,00013591,HOSPITAL NACIONAL POLICIA NACIONAL DEL PERU GRAL PNP LUIS N. SAENZ.,241900,HOSPITALIZACIÓN DE MEDICINA MEDICINA INTERNA,57,71,1045,892,43,1333,2,31,14.71830985915493,0.028169014084507043,31.0,0.6691672918229558,0.04276069017254314,1.6511627906976745,-14,bajo,0
2015,12,150113,LIMA,LIMA,JESUS MARIA,SANIDAD DE LA POLICIA NACIONAL DEL PERU,III-1,00013591,HOSPITAL NACIONAL POLICIA NACIONAL DEL PERU GRAL PNP LUIS N. SAENZ.,242200,HOSPITALIZACIÓN DE MEDICINA PSIQUIATRÍA,18,20,437,336,16,496,0,31,21.85,0.0,31.0,0.6774193548387096,0.036290322580645164,1.25,-2,bajo,0
2015,12,150113,LIMA,LIMA,JESUS MARIA,SANIDAD DE LA POLICIA NACIONAL DEL PERU,III-1,00013591,HOSPITAL NACIONAL POLICIA NACIONAL DEL PERU GRAL PNP LUIS N. SAENZ.,242300,HOSPITALIZACIÓN DE PEDIATRÍA PEDIATRÍA GENERAL,60,66,373,357,29,899,1,31,5.651515151515151,0.015151515151515152,31.0,0.3971078976640712,0.06674082313681869,2.2758620689655173,-6,bajo,0
2015,12,150113,LIMA,LIMA,JESUS MARIA,SANIDAD DE LA POLICIA NACIONAL DEL PERU,III-1,00013591,HOSPITAL NACIONAL POLICIA NACIONAL DEL PERU GRAL PNP LUIS N. SAENZ.,243200,HOSPITALIZACIÓN DE PEDIATRÍA PEDIATRIA NEONATOLOGÍA,9,8,74,87,8,248,1,31,9.25,0.125,31.0,0.35080645161290325,0.036290322580645164,1.0,1,bajo,0
2015,12,150113,LIMA,LIMA,JESUS MARIA,SANIDAD DE LA POLICIA NACIONAL DEL PERU,III-1,00013591,HOSPITAL NACIONAL POLICIA NACIONAL DEL PERU GRAL PNP LUIS N. SAENZ.,250100,UNIDAD DE CUIDADOS CRITICOS UNIDAD DE CUIDADOS INTENSIVOS GENERALES (UCI),15,7,86,345,17,527,8,31,12.285714285714286,1.1428571428571428,31.0,0.6546489563567363,0.028462998102466792,0.4117647058823529,8,bajo,0
2015,12,150115,LIMA,LIMA,LA VICTORIA,ESSALUD,III-2,00009251,HOSPITAL NACIONAL GUILLERMO ALMENARA IRIGOYEN,240200,HOSPITALIZACIÓN QUIRÚRGICA CIRUGÍA DE CABEZA Y CUELLO / MÁXILO FACIAL,66,70,606,595,21,651,0,31,8.657142857142857,0.0,31.0,0.9139784946236559,0.10138248847926268,3.3333333333333335,-4,alto,2
2015,12,150115,LIMA,LIMA,LA VICTORIA,ESSALUD,III-2,00009251,HOSPITAL NACIONAL GUILLERMO ALMENARA IRIGOYEN,240300,HOSPITALIZACIÓN QUIRÚRGICA CIRUGÍA DIGESTIVA,206,236,2146,2064,99,3069,6,31,9.09322033898305,0.025423728813559324,31.0,0.6725317693059628,0.06712284131638971,2.3838383838383836,-30,bajo,0
2015,12,150115,LIMA,LIMA,LA VICTORIA,ESSALUD,III-2,00009251,HOSPITAL NACIONAL GUILLERMO ALMENARA IRIGOYEN,240400,HOSPITALIZACIÓN QUIRÚRGICA CIRUGÍA DE TÓRAX Y CARDIOVASCULAR,38,46,465,424,18,558,0,31,10.108695652173912,0.0,31.0,0.7598566308243727,0.06810035842293907,2.5555555555555554,-8,medio,1
2015,12,150115,LIMA,LIMA,LA VICTORIA,ESSALUD,III-2,00009251,HOSPITAL NACIONAL GUILLERMO ALMENARA IRIGOYEN,240500,HOSPITALIZACIÓN QUIRÚRGICA CIRUGÍA DE TRANSPLANTES,42,42,291,372,15,465,0,31,6.928571428571429,0.0,31.0,0.8,0.09032258064516129,2.8,0,medio,1
2015,12,150115,LIMA,LIMA,LA VICTORIA,ESSALUD,III-2,00009251,HOSPITAL NACIONAL GUILLERMO ALMENARA IRIGOYEN,240600,HOSPITALIZACIÓN QUIRÚRGICA CIRUGÍA OFTALMOLÓGICA,24,22,135,188,10,310,0,31,6.136363636363637,0.0,31.0,0.6064516129032258,0.07741935483870968,2.2,2,medio,1
2015,12,150115,LIMA,LIMA,LA VICTORIA,ESSALUD,III-2,00009251,HOSPITAL NACIONAL GUILLERMO ALMENARA IRIGOYEN,240700,HOSPITALIZACIÓN QUIRÚRGICA CIRUGÍA PEDIÁTRICA,75,75,319,364,13,403,0,31,4.253333333333333,0.0,31.0,0.9032258064516129,0.18610421836228289,5.769230769230769,0,alto,2
2015,12,150115,LIMA,LIMA,LA VICTORIA,ESSALUD,III-2,00009251,HOSPITAL NACIONAL GUILLERMO ALMENARA IRIGOYEN,240801,HOSPITALIZACIÓN QUIRÚRGICA CIRUGÍA PLÁSTICA/RECONSTRUCTIVA/ REPARADORA QUEMADOS,21,20,133,267,9,279,0,31,6.65,0.0,31.0,0.956989247311828,0.07526881720430108,2.2222222222222223,1,alto,2
2015,12,150115,LIMA,LIMA,LA VICTORIA,ESSALUD,III-2,00009251,HOSPITAL NACIONAL GUILLERMO ALMENARA IRIGOYEN,240900,HOSPITALIZACIÓN QUIRÚRGICA NEUROCIRUGÍA,73,80,281,623,26,806,0,31,3.5125,0.0,31.0,0.7729528535980149,0.09057071960297766,3.076923076923077,-7,medio,1
2015,12,150115,LIMA,LIMA,LA VICTORIA,ESSALUD,III-2,00009251,HOSPITAL NACIONAL GUILLERMO ALMENARA IRIGOYEN,241100,HOSPITALIZACIÓN QUIRÚRGICA OTORRINOLARINGOLOGÍA,60,67,397,362,16,496,0,31,5.925373134328358,0.0,31.0,0.7298387096774194,0.12096774193548387,4.1875,-7,medio,1
2015,12,150115,LIMA,LIMA,LA VICTORIA,ESSALUD,III-2,00009251,HOSPITAL NACIONAL GUILLERMO ALMENARA IRIGOYEN,241200,HOSPITALIZACIÓN QUIRÚRGICA TRAUMATOLOGÍA Y ORTOPEDIA,149,140,1505,2202,72,2232,0,31,10.75,0.0,31.0,0.9865591397849462,0.0667562724014337,1.9444444444444444,9,alto,2
2015,12,150115,LIMA,LIMA,LA VICTORIA,ESSALUD,III-2,00009251,HOSPITAL NACIONAL GUILLERMO ALMENARA IRIGOYEN,241300,HOSPITALIZACIÓN QUIRÚRGICA UROLOGÍA,125,145,1121,1066,43,1333,2,31,7.731034482758621,0.013793103448275862,31.0,0.7996999249812453,0.09377344336084022,3.372093023255814,-20,medio,1
2015,12,150115,LIMA,LIMA,LA VICTORIA,ESSALUD,III-2,00009251,HOSPITAL NACIONAL GUILLERMO ALMENARA IRIGOYEN,241500,HOSPITALIZACIÓN QUIRÚRGICA GINECOLOGÍA,91,90,577,747,26,806,3,31,6.411111111111111,0.03333333333333333,31.0,0.9267990074441688,0.11290322580645161,3.4615384615384617,1,alto,2
2015,12,150115,LIMA,LIMA,LA VICTORIA,ESSALUD,III-2,00009251,HOSPITAL NACIONAL GUILLERMO ALMENARA IRIGOYEN,241600,HOSPITALIZACIÓN QUIRÚRGICA OBSTETRICIA,356,351,1312,1489,52,1612,0,31,3.737891737891738,0.0,31.0,0.923697270471464,0.22084367245657568,6.75,5,alto,2
2015,12,150115,LIMA,LIMA,LA VICTORIA,ESSALUD,III-2,00009251,HOSPITAL NACIONAL GUILLERMO ALMENARA IRIGOYEN,241900,HOSPITALIZACIÓN DE MEDICINA MEDICINA INTERNA,247,265,3074,4232,148,4588,17,31,11.6,0.06415094339622641,31.0,0.9224062772449869,0.0538360941586748,1.7905405405405406,-18,alto,2
2015,12,150115,LIMA,LIMA,LA VICTORIA,ESSALUD,III-2,00009251,HOSPITAL NACIONAL GUILLERMO ALMENARA IRIGOYEN,242100,HOSPITALIZACIÓN DE MEDICINA ONCOLOGÍA MÉDICA,118,116,723,686,23,713,2,31,6.232758620689655,0.017241379310344827,31.0,0.9621318373071529,0.16549789621318373,5.043478260869565,2,alto,2
2015,12,150115,LIMA,LIMA,LA VICTORIA,ESSALUD,III-2,00009251,HOSPITAL NACIONAL GUILLERMO ALMENARA IRIGOYEN,242200,HOSPITALIZACIÓN DE MEDICINA PSIQUIATRÍA,40,39,497,534,18,558,1,31,12.743589743589743,0.02564102564102564,31.0,0.956989247311828,0.07168458781362007,2.1666666666666665,1,alto,2
2015,12,150115,LIMA,LIMA,LA VICTORIA,ESSALUD,III-2,00009251,HOSPITAL NACIONAL GUILLERMO ALMENARA IRIGOYEN,242203,HOSPITALIZACIÓN DE MEDICINA PSIQUIATRÍA PSIQUIATRÍA DEL NIÑO Y DEL ADOLESCENTE,10,14,173,138,5,155,0,31,12.357142857142858,0.0,31.0,0.8903225806451613,0.06451612903225806,2.8,-4,alto,2
2015,12,150115,LIMA,LIMA,LA VICTORIA,ESSALUD,III-2,00009251,HOSPITAL NACIONAL GUILLERMO ALMENARA IRIGOYEN,242205,HOSPITALIZACIÓN MEDICINA PSIQUIATRÍA PISIQUIATRIA/ SALUD MENTAL Y ADICCIONES,3,2,13,29,2,62,0,31,6.5,0.0,31.0,0.46774193548387094,0.04838709677419355,1.0,1,bajo,0
2015,12,150115,LIMA,LIMA,LA VICTORIA,ESSALUD,III-2,00009251,HOSPITAL NACIONAL GUILLERMO ALMENARA IRIGOYEN,242300,HOSPITALIZACIÓN DE PEDIATRÍA PEDIATRÍA GENERAL,44,43,387,490,24,744,0,31,9.0,0.0,31.0,0.6586021505376344,0.05913978494623656,1.7916666666666667,1,bajo,0
2015,12,150115,LIMA,LIMA,LA VICTORIA,ESSALUD,III-2,00009251,HOSPITAL NACIONAL GUILLERMO ALMENARA IRIGOYEN,243200,HOSPITALIZACIÓN DE PEDIATRÍA PEDIATRIA NEONATOLOGÍA,54,68,262,285,15,465,0,31,3.8529411764705883,0.0,31.0,0.6129032258064516,0.11612903225806452,4.533333333333333,-14,medio,1
2015,12,150115,LIMA,LIMA,LA VICTORIA,ESSALUD,III-2,00009251,HOSPITAL NACIONAL GUILLERMO ALMENARA IRIGOYEN,244000,HOSPITALIZACIÓN DE MEDICINA CARDIOLOGIA,21,23,101,184,8,248,0,31,4.391304347826087,0.0,31.0,0.7419354838709677,0.0846774193548387,2.875,-2,medio,1
2015,12,150115,LIMA,LIMA,LA VICTORIA,ESSALUD,III-2,00009251,HOSPITAL NACIONAL GUILLERMO ALMENARA IRIGOYEN,244100,HOSPITALIZACIÓN DE MEDICINA DERMATOLOGÍA,12,16,275,267,11,341,0,31,17.1875,0.0,31.0,0.782991202346041,0.03519061583577713,1.4545454545454546,-4,medio,1
2015,12,150115,LIMA,LIMA,LA VICTORIA,ESSALUD,III-2,00009251,HOSPITAL NACIONAL GUILLERMO ALMENARA IRIGOYEN,244200,HOSPITALIZACIÓN DE MEDICINA ENDOCRINOLOGIA,19,19,265,326,12,372,0,31,13.947368421052632,0.0,31.0,0.8763440860215054,0.051075268817204304,1.5833333333333333,0,alto,2
2015,12,150115,LIMA,LIMA,LA VICTORIA,ESSALUD,III-2,00009251,HOSPITAL NACIONAL GUILLERMO ALMENARA IRIGOYEN,244300,HOSPITALIZACIÓN DE MEDICINA GASTROENTEROLOGÍA,54,54,686,979,32,992,2,31,12.703703703703704,0.037037037037037035,31.0,0.9868951612903226,0.05443548387096774,1.6875,0,alto,2
2015,12,150115,LIMA,LIMA,LA VICTORIA,ESSALUD,III-2,00009251,HOSPITAL NACIONAL GUILLERMO ALMENARA IRIGOYEN,244400,HOSPITALIZACIÓN DE MEDICINA GERIATRIA,41,39,393,485,16,496,9,31,10.076923076923077,0.23076923076923078,31.0,0.9778225806451613,0.08266129032258064,2.4375,2,alto,2
2015,12,150115,LIMA,LIMA,LA VICTORIA,ESSALUD,III-2,00009251,HOSPITAL NACIONAL GUILLERMO ALMENARA IRIGOYEN,244500,HOSPITALIZACIÓN DE MEDICINA HEMATOLOGÍA,29,34,632,553,20,620,2,31,18.58823529411765,0.058823529411764705,31.0,0.8919354838709678,0.0467741935483871,1.7,-5,alto,2
2015,12,150115,LIMA,LIMA,LA VICTORIA,ESSALUD,III-2,00009251,HOSPITAL NACIONAL GUILLERMO ALMENARA IRIGOYEN,244600,HOSPITALIZACIÓN DE MEDICINA NEFROLOGIA,87,91,851,816,30,930,1,31,9.351648351648352,0.01098901098901099,31.0,0.8774193548387097,0.0935483870967742,3.033333333333333,-4,alto,2
2015,12,150115,LIMA,LIMA,LA VICTORIA,ESSALUD,III-2,00009251,HOSPITAL NACIONAL GUILLERMO ALMENARA IRIGOYEN,244700,HOSPITALIZACIÓN DE MEDICINA NEUROLOGIA,43,46,484,568,19,589,1,31,10.521739130434783,0.021739130434782608,31.0,0.9643463497453311,0.0730050933786078,2.4210526315789473,-3,alto,2
2015,12,150115,LIMA,LIMA,LA VICTORIA,ESSALUD,III-2,00009251,HOSPITAL NACIONAL GUILLERMO ALMENARA IRIGOYEN,245300,HOSPITALIZACIÓN DE MEDICINA NEUMOLOGÍA,33,42,565,496,28,868,4,31,13.452380952380953,0.09523809523809523,31.0,0.5714285714285714,0.038018433179723504,1.5,-9,bajo,0
2015,12,150115,LIMA,LIMA,LA VICTORIA,ESSALUD,III-2,00009251,HOSPITAL NACIONAL GUILLERMO ALMENARA IRIGOYEN,245500,HOSPITALIZACIÓN DE MEDICINA REUMATOLOGÍA,31,33,314,308,12,372,0,31,9.515151515151516,0.0,31.0,0.8279569892473119,0.08333333333333333,2.75,-2,medio,1
2015,12,150115,LIMA,LIMA,LA VICTORIA,ESSALUD,III-2,00009251,HOSPITAL NACIONAL GUILLERMO ALMENARA IRIGOYEN,250000,UNIDAD DE CUIDADOS CRITICOS,15,14,143,400,14,434,8,31,10.214285714285714,0.5714285714285714,31.0,0.9216589861751152,0.03456221198156682,1.0,1,alto,2
2015,12,150115,LIMA,LIMA,LA VICTORIA,ESSALUD,III-2,00009251,HOSPITAL NACIONAL GUILLERMO ALMENARA IRIGOYEN,250101,UNIDAD DE CUIDADOS CRITICOS UNIDAD DE CUIDADOS INTENSIVOS GENERALES (UCI) CARDIOLOGIA,23,18,64,406,18,558,2,31,3.5555555555555554,0.1111111111111111,31.0,0.7275985663082437,0.04121863799283154,1.0,5,medio,1
2015,12,150115,LIMA,LIMA,LA VICTORIA,ESSALUD,III-2,00009251,HOSPITAL NACIONAL GUILLERMO ALMENARA IRIGOYEN,250105,UNIDAD DE CUIDADOS CRITICOS UNIDAD DE CUIDADOS INTENSIVOS (UCI) NEONATOLOGÍA,9,8,162,454,15,465,7,31,20.25,0.875,31.0,0.9763440860215054,0.01935483870967742,0.5333333333333333,1,alto,2
2015,12,150115,LIMA,LIMA,LA VICTORIA,ESSALUD,III-2,00009251,HOSPITAL NACIONAL GUILLERMO ALMENARA IRIGOYEN,250107,UNIDAD DE CUIDADOS CRITICOS UNIDAD DE CUIDADOS INTENSIVOS (UCI) NEUROQUIRÚRGICA,19,21,84,488,19,589,4,31,4.0,0.19047619047619047,31.0,0.8285229202037352,0.03225806451612903,1.105263157894737,-2,medio,1
2015,12,150115,LIMA,LIMA,LA VICTORIA,ESSALUD,III-2,00009251,HOSPITAL NACIONAL GUILLERMO ALMENARA IRIGOYEN,250108,UNIDAD DE CUIDADOS CRITICOS UNIDAD DE CUIDADOS INTENSIVOS (UCI) PEDIÁTRICA,4,4,48,148,6,186,1,31,12.0,0.25,31.0,0.7956989247311828,0.021505376344086023,0.6666666666666666,0,medio,1
2015,12,150115,LIMA,LIMA,LA VICTORIA,ESSALUD,III-2,00009251,HOSPITAL NACIONAL GUILLERMO ALMENARA IRIGOYEN,250111,UNIDAD DE CUIDADOS CRITICOS UNIDAD DE CUIDADOS INTENSIVOS (UCI) CARDIOVASCULAR,26,26,96,314,15,465,3,31,3.6923076923076925,0.11538461538461539,31.0,0.6752688172043011,0.05591397849462366,1.7333333333333334,0,bajo,0
2015,12,150115,LIMA,LIMA,LA VICTORIA,ESSALUD,III-2,00009251,HOSPITAL NACIONAL GUILLERMO ALMENARA IRIGOYEN,250200,UNIDAD DE CUIDADOS CRITICOS UNIDAD DE CUIDADOS INTERMEDIOS GENERAL (UCIN),4,5,57,199,7,217,3,31,11.4,0.6,31.0,0.9170506912442397,0.018433179723502304,0.7142857142857143,-1,alto,2
2015,12,150115,LIMA,LIMA,LA VICTORIA,ESSALUD,III-2,00009251,HOSPITAL NACIONAL GUILLERMO ALMENARA IRIGOYEN,250201,UNIDAD DE CUIDADOS CRITICOS UNIDAD DE CUIDADOS INTERMEDIOS (UCIN) NEONATAL,13,14,130,142,6,186,0,31,9.285714285714286,0.0,31.0,0.7634408602150538,0.06989247311827956,2.3333333333333335,-1,medio,1
2015,12,150115,LIMA,LIMA,LA VICTORIA,ESSALUD,III-2,00009251,HOSPITAL NACIONAL GUILLERMO ALMENARA IRIGOYEN,250202,UNIDAD DE CUIDADOS CRITICOS UNIDAD DE CUIDADOS INTERMEDIOS (UCIN) PEDIÁTRICOS,11,11,88,370,12,372,0,31,8.0,0.0,31.0,0.9946236559139785,0.02956989247311828,0.9166666666666666,0,alto,2
2015,12,150115,LIMA,LIMA,LA VICTORIA,ESSALUD,III-2,00009251,HOSPITAL NACIONAL GUILLERMO ALMENARA IRIGOYEN,250400,UNIDAD DE CUIDADOS CRITICOS UNIDAD DE QUEMADOS (GRAN QUEMADO),21,16,126,318,12,372,0,31,7.875,0.0,31.0,0.8548387096774194,0.056451612903225805,1.3333333333333333,5,alto,2
2015,12,150115,LIMA,LIMA,LA VICTORIA,MINSA,III-E,00006212,HOSPITAL DE EMERGENCIAS PEDIATRICAS,240700,HOSPITALIZACIÓN QUIRÚRGICA CIRUGÍA PEDIÁTRICA,49,43,219,330,12,372,0,31,5.093023255813954,0.0,31.0,0.8870967741935484,0.13172043010752688,3.5833333333333335,6,alto,2
2015,12,150115,LIMA,LIMA,LA VICTORIA,MINSA,III-E,00006212,HOSPITAL DE EMERGENCIAS PEDIATRICAS,240900,HOSPITALIZACIÓN QUIRÚRGICA NEUROCIRUGÍA,18,27,195,153,6,186,0,31,7.222222222222222,0.0,31.0,0.8225806451612904,0.0967741935483871,4.5,-9,medio,1
2015,12,150115,LIMA,LIMA,LA VICTORIA,MINSA,III-E,00006212,HOSPITAL DE EMERGENCIAS PEDIATRICAS,241200,HOSPITALIZACIÓN QUIRÚRGICA TRAUMATOLOGÍA Y ORTOPEDIA,24,35,197,125,6,186,0,31,5.628571428571429,0.0,31.0,0.6720430107526881,0.12903225806451613,5.833333333333333,-11,alto,2
2015,12,150115,LIMA,LIMA,LA VICTORIA,MINSA,III-E,00006212,HOSPITAL DE EMERGENCIAS PEDIATRICAS,241900,HOSPITALIZACIÓN DE MEDICINA MEDICINA INTERNA,17,8,149,180,8,248,5,31,18.625,0.625,31.0,0.7258064516129032,0.06854838709677419,1.0,9,medio,1
2015,12,150115,LIMA,LIMA,LA VICTORIA,MINSA,III-E,00006212,HOSPITAL DE EMERGENCIAS PEDIATRICAS,242300,HOSPITALIZACIÓN DE PEDIATRÍA PEDIATRÍA GENERAL,84,84,334,452,15,465,0,31,3.9761904761904763,0.0,31.0,0.9720430107526882,0.18064516129032257,5.6,0,alto,2
2015,12,150115,LIMA,LIMA,LA VICTORIA,MINSA,III-E,00006212,HOSPITAL DE EMERGENCIAS PEDIATRICAS,243200,HOSPITALIZACIÓN DE PEDIATRÍA PEDIATRIA NEONATOLOGÍA,8,6,69,105,4,124,0,31,11.5,0.0,31.0,0.8467741935483871,0.06451612903225806,1.5,2,medio,1
2015,12,150118,LIMA,LIMA,LURIGANCHO,MINSA,II-2,00005947,HOSPITAL DE MEDIANA COMPLEJIDAD JOSE AGURTO TELLO,240100,HOSPITALIZACIÓN QUIRÚRGICA CIRUGÍA GENERAL,17,23,87,82,13,465,0,31,3.782608695652174,0.0,35.76923076923077,0.20347394540942929,0.03655913978494624,1.7692307692307692,-6,bajo,0
2015,12,150118,LIMA,LIMA,LURIGANCHO,MINSA,II-2,00005947,HOSPITAL DE MEDIANA COMPLEJIDAD JOSE AGURTO TELLO,240600,HOSPITALIZACIÓN QUIRÚRGICA CIRUGÍA OFTALMOLÓGICA,4,4,4,4,1,31,0,31,1.0,0.0,31.0,0.12903225806451613,0.12903225806451613,4.0,0,alto,2
2015,12,150118,LIMA,LIMA,LURIGANCHO,MINSA,II-2,00005947,HOSPITAL DE MEDIANA COMPLEJIDAD JOSE AGURTO TELLO,241200,HOSPITALIZACIÓN QUIRÚRGICA TRAUMATOLOGÍA Y ORTOPEDIA,3,6,30,29,5,155,0,31,5.0,0.0,31.0,0.1870967741935484,0.01935483870967742,1.2,-3,bajo,0
2015,12,150118,LIMA,LIMA,LURIGANCHO,MINSA,II-2,00005947,HOSPITAL DE MEDIANA COMPLEJIDAD JOSE AGURTO TELLO,241600,HOSPITALIZACIÓN QUIRÚRGICA OBSTETRICIA,49,47,67,69,17,527,0,31,1.425531914893617,0.0,31.0,0.13092979127134724,0.09297912713472485,2.764705882352941,2,medio,1
2015,12,150118,LIMA,LIMA,LURIGANCHO,MINSA,II-2,00005947,HOSPITAL DE MEDIANA COMPLEJIDAD JOSE AGURTO TELLO,241900,HOSPITALIZACIÓN DE MEDICINA MEDICINA INTERNA,42,45,288,277,11,310,14,31,6.4,0.3111111111111111,28.181818181818183,0.8123167155425219,0.13548387096774195,4.090909090909091,-3,alto,2
2015,12,150118,LIMA,LIMA,LURIGANCHO,MINSA,II-2,00005947,HOSPITAL DE MEDIANA COMPLEJIDAD JOSE AGURTO TELLO,242300,HOSPITALIZACIÓN DE PEDIATRÍA PEDIATRÍA GENERAL,28,31,125,130,12,372,0,31,4.032258064516129,0.0,31.0,0.34946236559139787,0.07526881720430108,2.5833333333333335,-3,medio,1
2015,12,150120,LIMA,LIMA,MAGDALENA DEL MAR,MINSA,III-1,00006214,HOSPITAL VICTOR LARCO HERRERA,242200,HOSPITALIZACIÓN DE MEDICINA PSIQUIATRÍA,28,47,13662,14112,590,18290,0,31,290.6808510638298,0.0,31.0,0.77156916347731,0.0015308911973756151,0.07966101694915254,-19,medio,1
2015,12,150121,LIMA,LIMA,PUEBLO LIBRE,MINSA,III-1,00006211,HOSPITAL DE APOYO SANTA ROSA,240100,HOSPITALIZACIÓN QUIRÚRGICA CIRUGÍA GENERAL,125,125,935,598,27,837,3,31,7.48,0.024,31.0,0.7144563918757467,0.14934289127837516,4.62962962962963,0,alto,2
2015,12,150121,LIMA,LIMA,PUEBLO LIBRE,MINSA,III-1,00006211,HOSPITAL DE APOYO SANTA ROSA,240700,HOSPITALIZACIÓN QUIRÚRGICA CIRUGÍA PEDIÁTRICA,43,53,467,265,15,465,0,31,8.81132075471698,0.0,31.0,0.5698924731182796,0.09247311827956989,3.533333333333333,-10,medio,1
2015,12,150121,LIMA,LIMA,PUEBLO LIBRE,MINSA,III-1,00006211,HOSPITAL DE APOYO SANTA ROSA,241500,HOSPITALIZACIÓN QUIRÚRGICA GINECOLOGÍA,42,33,167,164,12,372,0,31,5.0606060606060606,0.0,31.0,0.44086021505376344,0.11290322580645161,2.75,9,medio,1
2015,12,150121,LIMA,LIMA,PUEBLO LIBRE,MINSA,III-1,00006211,HOSPITAL DE APOYO SANTA ROSA,241600,HOSPITALIZACIÓN QUIRÚRGICA OBSTETRICIA,229,236,1025,764,56,1736,0,31,4.343220338983051,0.0,31.0,0.4400921658986175,0.13191244239631336,4.214285714285714,-7,alto,2
2015,12,150121,LIMA,LIMA,PUEBLO LIBRE,MINSA,III-1,00006211,HOSPITAL DE APOYO SANTA ROSA,241900,HOSPITALIZACIÓN DE MEDICINA MEDICINA INTERNA,98,95,929,855,34,1054,10,31,9.778947368421052,0.10526315789473684,31.0,0.8111954459203036,0.09297912713472485,2.7941176470588234,3,medio,1
2015,12,150121,LIMA,LIMA,PUEBLO LIBRE,MINSA,III-1,00006211,HOSPITAL DE APOYO SANTA ROSA,242100,HOSPITALIZACIÓN DE MEDICINA ONCOLOGÍA MÉDICA,71,73,499,374,18,558,0,31,6.835616438356165,0.0,31.0,0.6702508960573477,0.12724014336917563,4.055555555555555,-2,alto,2
2015,12,150121,LIMA,LIMA,PUEBLO LIBRE,MINSA,III-1,00006211,HOSPITAL DE APOYO SANTA ROSA,242300,HOSPITALIZACIÓN DE PEDIATRÍA PEDIATRÍA GENERAL,42,39,230,201,16,496,0,31,5.897435897435898,0.0,31.0,0.40524193548387094,0.0846774193548387,2.4375,3,medio,1
2015,12,150121,LIMA,LIMA,PUEBLO LIBRE,MINSA,III-1,00006211,HOSPITAL DE APOYO SANTA ROSA,243200,HOSPITALIZACIÓN DE PEDIATRÍA PEDIATRIA NEONATOLOGÍA,42,48,332,240,15,465,0,31,6.916666666666667,0.0,31.0,0.5161290322580645,0.09032258064516129,3.2,-6,medio,1
2015,12,150122,LIMA,LIMA,MIRAFLORES,ESSALUD,II-2,00008489,ESSALUD - HOSPITAL II SUÁREZ ANGAMOS,240100,HOSPITALIZACIÓN QUIRÚRGICA CIRUGÍA GENERAL,205,214,660,482,20,620,0,31,3.0841121495327104,0.0,31.0,0.7774193548387097,0.33064516129032256,10.7,-9,alto,2
2015,12,150122,LIMA,LIMA,MIRAFLORES,ESSALUD,II-2,00008489,ESSALUD - HOSPITAL II SUÁREZ ANGAMOS,241300,HOSPITALIZACIÓN QUIRÚRGICA UROLOGÍA,14,15,107,92,5,155,0,31,7.133333333333334,0.0,31.0,0.5935483870967742,0.09032258064516129,3.0,-1,medio,1
2015,12,150122,LIMA,LIMA,MIRAFLORES,ESSALUD,II-2,00008489,ESSALUD - HOSPITAL II SUÁREZ ANGAMOS,241400,HOSPITALIZACIÓN QUIRÚRGICA GINECO - OBSTETRICIA,338,332,862,529,21,651,0,31,2.5963855421686746,0.0,31.0,0.8125960061443932,0.5192012288786483,15.80952380952381,6,alto,2
2015,12,150122,LIMA,LIMA,MIRAFLORES,ESSALUD,II-2,00008489,ESSALUD - HOSPITAL II SUÁREZ ANGAMOS,241900,HOSPITALIZACIÓN DE MEDICINA MEDICINA INTERNA,55,64,666,651,22,682,6,31,10.40625,0.09375,31.0,0.9545454545454546,0.08064516129032258,2.909090909090909,-9,alto,2
2015,12,150122,LIMA,LIMA,MIRAFLORES,ESSALUD,II-2,00008489,ESSALUD - HOSPITAL II SUÁREZ ANGAMOS,242300,HOSPITALIZACIÓN DE PEDIATRÍA PEDIATRÍA GENERAL,71,74,302,228,12,372,0,31,4.081081081081081,0.0,31.0,0.6129032258064516,0.19086021505376344,6.166666666666667,-3,alto,2
2015,12,150122,LIMA,LIMA,MIRAFLORES,ESSALUD,II-2,00008489,ESSALUD - HOSPITAL II SUÁREZ ANGAMOS,243200,HOSPITALIZACIÓN DE PEDIATRÍA PEDIATRIA NEONATOLOGÍA,20,19,68,49,5,155,0,31,3.5789473684210527,0.0,31.0,0.3161290322580645,0.12903225806451613,3.8,1,alto,2
2015,12,150122,LIMA,LIMA,MIRAFLORES,ESSALUD,II-2,00008489,ESSALUD - HOSPITAL II SUÁREZ ANGAMOS,250304,HOSPIT. EN UNIDAD DE CUID.INTEN.-UNIDAD DE VIGILANCIA INTENSIVA (UVI)-MEDICINA,21,20,101,83,3,93,5,31,5.05,0.25,31.0,0.8924731182795699,0.22580645161290322,6.666666666666667,1,alto,2
2015,12,150122,LIMA,LIMA,MIRAFLORES,MINSA,III-E,00006213,HOSPITAL DE EMERGENCIAS JOSE CASIMIRO ULLOA,240100,HOSPITALIZACIÓN QUIRÚRGICA CIRUGÍA GENERAL,121,121,540,681,26,806,1,31,4.462809917355372,0.008264462809917356,31.0,0.8449131513647643,0.1501240694789082,4.653846153846154,0,alto,2
2015,12,150122,LIMA,LIMA,MIRAFLORES,MINSA,III-E,00006213,HOSPITAL DE EMERGENCIAS JOSE CASIMIRO ULLOA,240900,HOSPITALIZACIÓN QUIRÚRGICA NEUROCIRUGÍA,25,25,232,338,11,341,1,31,9.28,0.04,31.0,0.9912023460410557,0.07331378299120235,2.272727272727273,0,alto,2
2015,12,150122,LIMA,LIMA,MIRAFLORES,MINSA,III-E,00006213,HOSPITAL DE EMERGENCIAS JOSE CASIMIRO ULLOA,241200,HOSPITALIZACIÓN QUIRÚRGICA TRAUMATOLOGÍA Y ORTOPEDIA,41,41,384,427,14,434,0,31,9.365853658536585,0.0,31.0,0.9838709677419355,0.0944700460829493,2.9285714285714284,0,alto,2
2015,12,150122,LIMA,LIMA,MIRAFLORES,MINSA,III-E,00006213,HOSPITAL DE EMERGENCIAS JOSE CASIMIRO ULLOA,241900,HOSPITALIZACIÓN DE MEDICINA MEDICINA INTERNA,141,141,867,423,20,620,13,31,6.148936170212766,0.09219858156028368,31.0,0.682258064516129,0.22741935483870968,7.05,0,alto,2
2015,12,150122,LIMA,LIMA,MIRAFLORES,SANIDAD DE LA FUERZA AEREA DEL PERU,III-1,00010751,HOSPITAL CENTRAL DE LA FUERZA AEREA DEL PERU,241800,HOSPITALIZACIÓN DE MEDICINA MEDICINA GENERAL,302,323,3142,3141,283,7629,21,31,9.727554179566564,0.06501547987616099,26.957597173144876,0.3580303203009233,0.03958579106042732,1.1413427561837455,-21,bajo,0
2015,12,150130,LIMA,LIMA,SAN BORJA,MINSA,III-2,00016918,INSTITUTO NACIONAL DE SALUD NIÑO SAN BORJA,240100,HOSPITALIZACIÓN QUIRÚRGICA CIRUGÍA GENERAL,64,98,647,631,32,986,0,31,6.6020408163265305,0.0,30.8125,0.6360887096774194,0.06490872210953347,3.0625,-34,bajo,0
2015,12,150130,LIMA,LIMA,SAN BORJA,MINSA,III-2,00016918,INSTITUTO NACIONAL DE SALUD NIÑO SAN BORJA,240500,HOSPITALIZACIÓN QUIRÚRGICA CIRUGÍA DE TRANSPLANTES,3,6,81,141,6,186,0,31,13.5,0.0,31.0,0.7580645161290323,0.016129032258064516,1.0,-3,medio,1
2015,12,150130,LIMA,LIMA,SAN BORJA,MINSA,III-2,00016918,INSTITUTO NACIONAL DE SALUD NIÑO SAN BORJA,240700,HOSPITALIZACIÓN QUIRÚRGICA CIRUGÍA PEDIÁTRICA,15,26,455,357,18,560,0,31,17.5,0.0,31.11111111111111,0.6397849462365591,0.026785714285714284,1.4444444444444444,-11,bajo,0
2015,12,150130,LIMA,LIMA,SAN BORJA,MINSA,III-2,00016918,INSTITUTO NACIONAL DE SALUD NIÑO SAN BORJA,240800,HOSPITALIZACIÓN QUIRÚRGICA CIRUGÍA PLÁSTICA/RECONSTRUCTIVA/ REPARADORA,13,32,567,469,18,558,0,31,17.71875,0.0,31.0,0.8405017921146953,0.023297491039426525,1.7777777777777777,-19,medio,1
2015,12,150130,LIMA,LIMA,SAN BORJA,MINSA,III-2,00016918,INSTITUTO NACIONAL DE SALUD NIÑO SAN BORJA,240900,HOSPITALIZACIÓN QUIRÚRGICA NEUROCIRUGÍA,12,14,221,278,12,372,0,31,15.785714285714286,0.0,31.0,0.7473118279569892,0.03225806451612903,1.1666666666666667,-2,medio,1
2015,12,150130,LIMA,LIMA,SAN BORJA,MINSA,III-2,00016918,INSTITUTO NACIONAL DE SALUD NIÑO SAN BORJA,241900,HOSPITALIZACIÓN DE MEDICINA MEDICINA INTERNA,10,13,351,420,14,434,0,31,27.0,0.0,31.0,0.967741935483871,0.02304147465437788,0.9285714285714286,-3,alto,2
2015,12,150130,LIMA,LIMA,SAN BORJA,MINSA,III-2,00016918,INSTITUTO NACIONAL DE SALUD NIÑO SAN BORJA,243200,HOSPITALIZACIÓN DE PEDIATRÍA PEDIATRIA NEONATOLOGÍA,1,5,53,117,4,124,0,31,10.6,0.0,31.0,0.9435483870967742,0.008064516129032258,1.25,-4,alto,2
2015,12,150130,LIMA,LIMA,SAN BORJA,MINSA,III-2,00016918,INSTITUTO NACIONAL DE SALUD NIÑO SAN BORJA,250101,UNIDAD DE CUIDADOS CRITICOS UNIDAD DE CUIDADOS INTENSIVOS GENERALES (UCI) CARDIOLOGIA,0,25,192,276,9,283,1,31,7.68,0.04,31.444444444444443,0.989247311827957,0.0,2.7777777777777777,-25,alto,2
2015,12,150130,LIMA,LIMA,SAN BORJA,MINSA,III-2,00016918,INSTITUTO NACIONAL DE SALUD NIÑO SAN BORJA,250105,UNIDAD DE CUIDADOS CRITICOS UNIDAD DE CUIDADOS INTENSIVOS (UCI) NEONATOLOGÍA,3,10,205,237,8,243,1,31,20.5,0.1,30.375,0.9556451612903226,0.012345679012345678,1.25,-7,alto,2
2015,12,150130,LIMA,LIMA,SAN BORJA,MINSA,III-2,00016918,INSTITUTO NACIONAL DE SALUD NIÑO SAN BORJA,250107,UNIDAD DE CUIDADOS CRITICOS UNIDAD DE CUIDADOS INTENSIVOS (UCI) NEUROQUIRÚRGICA,2,14,78,90,3,98,3,31,5.571428571428571,0.21428571428571427,32.666666666666664,0.967741935483871,0.02040816326530612,4.666666666666667,-12,alto,2
2015,12,150130,LIMA,LIMA,SAN BORJA,MINSA,III-2,00016918,INSTITUTO NACIONAL DE SALUD NIÑO SAN BORJA,250109,UNIDAD DE CUIDADOS CRITICOS UNIDAD DE CUIDADOS INTENSIVOS (UCI) QUIRÚRGICA,3,9,148,157,6,186,2,31,16.444444444444443,0.2222222222222222,31.0,0.8440860215053764,0.016129032258064516,1.5,-6,medio,1
2015,12,150132,LIMA,LIMA,SAN JUAN DE LURIGANCHO,MINSA,II-2,00005617,HOSPITAL SAN JUAN DE LURIGANCHO,240100,HOSPITALIZACIÓN QUIRÚRGICA CIRUGÍA GENERAL,150,158,409,435,20,620,0,31,2.588607594936709,0.0,31.0,0.7016129032258065,0.24193548387096775,7.9,-8,alto,2
2015,12,150132,LIMA,LIMA,SAN JUAN DE LURIGANCHO,MINSA,II-2,00005617,HOSPITAL SAN JUAN DE LURIGANCHO,241500,HOSPITALIZACIÓN QUIRÚRGICA GINECOLOGÍA,61,66,219,232,7,217,0,31,3.3181818181818183,0.0,31.0,1.0691244239631337,0.28110599078341014,9.428571428571429,-5,alto,2
2015,12,150132,LIMA,LIMA,SAN JUAN DE LURIGANCHO,MINSA,II-2,00005617,HOSPITAL SAN JUAN DE LURIGANCHO,241600,HOSPITALIZACIÓN QUIRÚRGICA OBSTETRICIA,537,536,1130,1165,43,1333,0,31,2.1082089552238807,0.0,31.0,0.8739684921230307,0.4028507126781695,12.465116279069768,1,alto,2
2015,12,150132,LIMA,LIMA,SAN JUAN DE LURIGANCHO,MINSA,II-2,00005617,HOSPITAL SAN JUAN DE LURIGANCHO,241900,HOSPITALIZACIÓN DE MEDICINA MEDICINA INTERNA,61,58,275,306,20,620,3,31,4.741379310344827,0.05172413793103448,31.0,0.4935483870967742,0.09838709677419355,2.9,3,medio,1
2015,12,150132,LIMA,LIMA,SAN JUAN DE LURIGANCHO,MINSA,II-2,00005617,HOSPITAL SAN JUAN DE LURIGANCHO,242300,HOSPITALIZACIÓN DE PEDIATRÍA PEDIATRÍA GENERAL,48,51,127,145,20,620,0,31,2.4901960784313726,0.0,31.0,0.23387096774193547,0.07741935483870968,2.55,-3,medio,1
2015,12,150132,LIMA,LIMA,SAN JUAN DE LURIGANCHO,MINSA,II-2,00005617,HOSPITAL SAN JUAN DE LURIGANCHO,243200,HOSPITALIZACIÓN DE PEDIATRÍA PEDIATRIA NEONATOLOGÍA,36,37,118,453,20,620,0,31,3.189189189189189,0.0,31.0,0.7306451612903225,0.05806451612903226,1.85,-1,medio,1
2015,12,150133,LIMA,LIMA,SAN JUAN DE MIRAFLORES,MINSA,III-1,00005987,HOSPITAL MARIA AUXILIADORA,240100,HOSPITALIZACIÓN QUIRÚRGICA CIRUGÍA GENERAL,316,327,2527,2195,88,2734,2,31,7.72782874617737,0.0061162079510703364,31.068181818181817,0.8046187683284457,0.11558156547183614,3.715909090909091,-11,medio,1
2015,12,150133,LIMA,LIMA,SAN JUAN DE MIRAFLORES,MINSA,III-1,00005987,HOSPITAL MARIA AUXILIADORA,241400,HOSPITALIZACIÓN QUIRÚRGICA GINECO - OBSTETRICIA,690,834,2445,2066,91,2815,0,31,2.931654676258993,0.0,30.934065934065934,0.7323644097837646,0.24511545293072823,9.164835164835164,-144,alto,2
2015,12,150133,LIMA,LIMA,SAN JUAN DE MIRAFLORES,MINSA,III-1,00005987,HOSPITAL MARIA AUXILIADORA,241900,HOSPITALIZACIÓN DE MEDICINA MEDICINA INTERNA,160,138,1709,1831,69,2144,20,31,12.384057971014492,0.14492753623188406,31.07246376811594,0.8560074801309023,0.07462686567164178,2.0,22,alto,2
2015,12,150133,LIMA,LIMA,SAN JUAN DE MIRAFLORES,MINSA,III-1,00005987,HOSPITAL MARIA AUXILIADORA,242100,HOSPITALIZACIÓN DE MEDICINA ONCOLOGÍA MÉDICA,42,42,354,334,14,434,3,31,8.428571428571429,0.07142857142857142,31.0,0.7695852534562212,0.0967741935483871,3.0,0,medio,1
2015,12,150133,LIMA,LIMA,SAN JUAN DE MIRAFLORES,MINSA,III-1,00005987,HOSPITAL MARIA AUXILIADORA,242300,HOSPITALIZACIÓN DE PEDIATRÍA PEDIATRÍA GENERAL,136,137,813,810,44,1364,0,31,5.934306569343065,0.0,31.0,0.593841642228739,0.09970674486803519,3.1136363636363638,-1,medio,1
2015,12,150133,LIMA,LIMA,SAN JUAN DE MIRAFLORES,MINSA,III-1,00005987,HOSPITAL MARIA AUXILIADORA,243200,HOSPITALIZACIÓN DE PEDIATRÍA PEDIATRIA NEONATOLOGÍA,125,222,1888,1643,71,2197,10,31,8.504504504504505,0.04504504504504504,30.943661971830984,0.7464788732394366,0.05689576695493855,3.1267605633802815,-97,medio,1
2015,12,150135,LIMA,LIMA,SAN MARTIN DE PORRES,MINSA,III-1,00007633,HOSPITAL NACIONAL CAYETANO HEREDIA,220100,CONSULTA EXTERNA-CIRUGÍA GENERAL-,190,193,1483,1811,62,1922,2,31,7.683937823834197,0.010362694300518135,31.0,0.9422476586888657,0.09885535900104059,3.1129032258064515,-3,alto,2
2015,12,150135,LIMA,LIMA,SAN MARTIN DE PORRES,MINSA,III-1,00007633,HOSPITAL NACIONAL CAYETANO HEREDIA,221502,CONSULTA EXTERNA-GINECOLOGÍA GENERAL-GINECOLOGÍA,120,78,218,312,16,363,0,31,2.7948717948717947,0.0,22.6875,0.6290322580645161,0.3305785123966942,4.875,42,alto,2
2015,12,150135,LIMA,LIMA,SAN MARTIN DE PORRES,MINSA,III-1,00007633,HOSPITAL NACIONAL CAYETANO HEREDIA,221601,CONSULTA EXTERNA-OBSTETRICIA / ATENCIÓN DE LA MUJER-OBSTETRICIA,325,362,928,1034,34,1054,0,31,2.56353591160221,0.0,31.0,0.9810246679316889,0.3083491461100569,10.647058823529411,-37,alto,2
2015,12,150135,LIMA,LIMA,SAN MARTIN DE PORRES,MINSA,III-1,00007633,HOSPITAL NACIONAL CAYETANO HEREDIA,222400,CONSULTA EXTERNA-MEDICINA GENERAL / ATENCIÓN DEL ADULTO-,114,116,1556,1784,62,1864,15,31,13.413793103448276,0.12931034482758622,30.06451612903226,0.9281997918834547,0.0611587982832618,1.8709677419354838,-2,alto,2
2015,12,150135,LIMA,LIMA,SAN MARTIN DE PORRES,MINSA,III-1,00007633,HOSPITAL NACIONAL CAYETANO HEREDIA,223200,CONSULTA EXTERNA-INFECTOLOGÍA-,53,56,990,941,33,1023,3,31,17.678571428571427,0.05357142857142857,31.0,0.9198435972629521,0.05180840664711633,1.696969696969697,-3,alto,2
2015,12,150135,LIMA,LIMA,SAN MARTIN DE PORRES,MINSA,III-1,00007633,HOSPITAL NACIONAL CAYETANO HEREDIA,223700,CONSULTA EXTERNA-NEFROLOGÍA-,4,7,215,120,10,310,0,31,30.714285714285715,0.0,31.0,0.3870967741935484,0.012903225806451613,0.7,-3,bajo,0
2015,12,150135,LIMA,LIMA,SAN MARTIN DE PORRES,MINSA,III-1,00007633,HOSPITAL NACIONAL CAYETANO HEREDIA,223800,CONSULTA EXTERNA-NEUMOLOGÍA,17,18,276,315,11,341,1,31,15.333333333333334,0.05555555555555555,31.0,0.9237536656891495,0.04985337243401759,1.6363636363636365,-1,alto,2
2015,12,150135,LIMA,LIMA,SAN MARTIN DE PORRES,MINSA,III-1,00007633,HOSPITAL NACIONAL CAYETANO HEREDIA,224700,CONSULTA EXTERNA-PEDIATRÍA GENERAL-,112,124,1157,1361,58,1674,0,31,9.330645161290322,0.0,28.862068965517242,0.756952169076752,0.06690561529271206,2.1379310344827585,-12,medio,1
2015,12,150135,LIMA,LIMA,SAN MARTIN DE PORRES,MINSA,III-1,00007633,HOSPITAL NACIONAL CAYETANO HEREDIA,225400,CONSULTA EXTERNA-NEONATOLOGÍA-,71,87,533,338,12,392,0,31,6.126436781609195,0.0,32.666666666666664,0.9086021505376344,0.18112244897959184,7.25,-16,alto,2
2015,12,150135,LIMA,LIMA,SAN MARTIN DE PORRES,MINSA,III-1,00007633,HOSPITAL NACIONAL CAYETANO HEREDIA,230109,EMERGENCIA-EMERGENCIA / PRIORIDAD 2-TRAUMATOLOGÍA Y ORTOPEDIA,83,77,1051,1344,60,1404,1,31,13.64935064935065,0.012987012987012988,23.4,0.7225806451612903,0.05911680911680912,1.2833333333333334,6,medio,1
2015,12,150135,LIMA,LIMA,SAN MARTIN DE PORRES,MINSA,III-2,00007733,"INSTITUTO NACIONAL DE SALUD MENTAL ""HONORIO DELGADO - HIDEYO NOGUCHI""",242202,HOSPITALIZACIÓN DE MEDICINA PSIQUIATRÍA PSIQUIATRÍA DEL ADULTO Y GERONTE,37,33,1686,2105,70,2194,0,31,51.09090909090909,0.0,31.34285714285714,0.9700460829493087,0.016864175022789425,0.4714285714285714,4,alto,2
2015,12,150135,LIMA,LIMA,SAN MARTIN DE PORRES,MINSA,III-2,00007733,"INSTITUTO NACIONAL DE SALUD MENTAL ""HONORIO DELGADO - HIDEYO NOGUCHI""",242205,HOSPITALIZACIÓN MEDICINA PSIQUIATRÍA PISIQUIATRIA/ SALUD MENTAL Y ADICCIONES,11,3,104,481,19,589,0,31,34.666666666666664,0.0,31.0,0.8166383701188455,0.01867572156196944,0.15789473684210525,8,medio,1
2015,12,150136,LIMA,LIMA,SAN MIGUEL,ESSALUD,II-1,00008564,HOSPITAL I OCTAVIO MONGRUT MUÑOZ,240100,HOSPITALIZACIÓN QUIRÚRGICA CIRUGÍA GENERAL,61,61,75,77,4,124,0,31,1.2295081967213115,0.0,31.0,0.6209677419354839,0.49193548387096775,15.25,0,alto,2
2015,12,150136,LIMA,LIMA,SAN MIGUEL,ESSALUD,II-1,00008564,HOSPITAL I OCTAVIO MONGRUT MUÑOZ,241500,HOSPITALIZACIÓN QUIRÚRGICA GINECOLOGÍA,36,44,82,83,5,155,0,31,1.8636363636363635,0.0,31.0,0.535483870967742,0.23225806451612904,8.8,-8,alto,2
2015,12,150136,LIMA,LIMA,SAN MIGUEL,ESSALUD,II-1,00008564,HOSPITAL I OCTAVIO MONGRUT MUÑOZ,241600,HOSPITALIZACIÓN QUIRÚRGICA OBSTETRICIA,108,104,175,185,14,434,0,31,1.6826923076923077,0.0,31.0,0.42626728110599077,0.2488479262672811,7.428571428571429,4,alto,2
2015,12,150136,LIMA,LIMA,SAN MIGUEL,ESSALUD,II-1,00008564,HOSPITAL I OCTAVIO MONGRUT MUÑOZ,241900,HOSPITALIZACIÓN DE MEDICINA MEDICINA INTERNA,52,46,294,327,20,527,3,31,6.391304347826087,0.06521739130434782,26.35,0.5274193548387097,0.09867172675521822,2.3,6,medio,1
2015,12,150136,LIMA,LIMA,SAN MIGUEL,ESSALUD,II-1,00008564,HOSPITAL I OCTAVIO MONGRUT MUÑOZ,242300,HOSPITALIZACIÓN DE PEDIATRÍA PEDIATRÍA GENERAL,17,17,66,63,4,124,0,31,3.8823529411764706,0.0,31.0,0.5080645161290323,0.13709677419354838,4.25,0,alto,2
2015,12,150136,LIMA,LIMA,SAN MIGUEL,ESSALUD,II-1,00008564,HOSPITAL I OCTAVIO MONGRUT MUÑOZ,243200,HOSPITALIZACIÓN DE PEDIATRÍA PEDIATRIA NEONATOLOGÍA,12,15,71,52,3,93,0,31,4.733333333333333,0.0,31.0,0.5591397849462365,0.12903225806451613,5.0,-3,alto,2
2015,12,150137,LIMA,LIMA,SANTA ANITA,ESSALUD,II-1,00008318,ESSALUD - HOSPITAL I JORGE VOTO BERNALES CORPANCHO,240100,HOSPITALIZACIÓN QUIRÚRGICA CIRUGÍA GENERAL,63,70,341,4,9,279,0,31,4.871428571428571,0.0,31.0,0.014336917562724014,0.22580645161290322,7.777777777777778,-7,alto,2
2015,12,150137,LIMA,LIMA,SANTA ANITA,ESSALUD,II-1,00008318,ESSALUD - HOSPITAL I JORGE VOTO BERNALES CORPANCHO,241400,HOSPITALIZACIÓN QUIRÚRGICA GINECO - OBSTETRICIA,5,6,25,0,2,62,0,31,4.166666666666667,0.0,31.0,0.0,0.08064516129032258,3.0,-1,medio,1
2015,12,150137,LIMA,LIMA,SANTA ANITA,ESSALUD,II-1,00008318,ESSALUD - HOSPITAL I JORGE VOTO BERNALES CORPANCHO,241600,HOSPITALIZACIÓN QUIRÚRGICA OBSTETRICIA,167,166,551,7,30,930,0,31,3.319277108433735,0.0,31.0,0.007526881720430108,0.17956989247311828,5.533333333333333,1,alto,2
2015,12,150137,LIMA,LIMA,SANTA ANITA,ESSALUD,II-1,00008318,ESSALUD - HOSPITAL I JORGE VOTO BERNALES CORPANCHO,241900,HOSPITALIZACIÓN DE MEDICINA MEDICINA INTERNA,6,8,81,2,3,93,0,31,10.125,0.0,31.0,0.021505376344086023,0.06451612903225806,2.6666666666666665,-2,bajo,0
2015,12,150137,LIMA,LIMA,SANTA ANITA,ESSALUD,II-1,00008318,ESSALUD - HOSPITAL I JORGE VOTO BERNALES CORPANCHO,242300,HOSPITALIZACIÓN DE PEDIATRÍA PEDIATRÍA GENERAL,10,11,73,2,3,93,0,31,6.636363636363637,0.0,31.0,0.021505376344086023,0.10752688172043011,3.6666666666666665,-1,medio,1
2015,12,150137,LIMA,LIMA,SANTA ANITA,ESSALUD,II-1,00008318,ESSALUD - HOSPITAL I JORGE VOTO BERNALES CORPANCHO,243200,HOSPITALIZACIÓN DE PEDIATRÍA PEDIATRIA NEONATOLOGÍA,52,60,313,2,7,217,0,31,5.216666666666667,0.0,31.0,0.009216589861751152,0.23963133640552994,8.571428571428571,-8,alto,2
2015,12,150137,LIMA,LIMA,SANTA ANITA,ESSALUD,II-1,00008318,ESSALUD - HOSPITAL I JORGE VOTO BERNALES CORPANCHO,250100,UNIDAD DE CUIDADOS CRITICOS UNIDAD DE CUIDADOS INTENSIVOS GENERALES (UCI),8,3,50,8,6,186,1,31,16.666666666666668,0.3333333333333333,31.0,0.043010752688172046,0.043010752688172046,0.5,5,bajo,0
2015,12,150137,LIMA,LIMA,SANTA ANITA,ESSALUD,II-E,00010434,ESSALUD - CLINICA GERIATRICA SAN ISIDRO LABRADOR,241900,HOSPITALIZACIÓN DE MEDICINA MEDICINA INTERNA,231,292,4312,3582,158,4898,28,31,14.767123287671232,0.0958904109589041,31.0,0.7313189056757861,0.04716210698244181,1.8481012658227849,-61,medio,1
2015,12,150137,LIMA,LIMA,SANTA ANITA,ESSALUD,II-E,00010434,ESSALUD - CLINICA GERIATRICA SAN ISIDRO LABRADOR,250304,HOSPIT. EN UNIDAD DE CUID.INTEN.-UNIDAD DE VIGILANCIA INTENSIVA (UVI)-MEDICINA,16,8,99,206,8,248,3,31,12.375,0.375,31.0,0.8306451612903226,0.06451612903225806,1.0,8,medio,1
2015,12,150137,LIMA,LIMA,SANTA ANITA,MINSA,III-1,00005948,HOSPITAL HERMILIO VALDIZAN,242200,HOSPITALIZACIÓN DE MEDICINA PSIQUIATRÍA,75,87,3474,4812,183,5673,0,31,39.93103448275862,0.0,31.0,0.8482284505552617,0.013220518244315178,0.47540983606557374,-12,medio,1
2015,12,150137,LIMA,LIMA,SANTA ANITA,MINSA,III-1,00005948,HOSPITAL HERMILIO VALDIZAN,242204,HOSPITALIZACIÓN DE MEDICINA PSIQUIATRÍA REHABILITACIÓN PSIQUIÁTRICA / REINSERCIÓN,18,18,442,755,30,930,0,31,24.555555555555557,0.0,31.0,0.8118279569892473,0.01935483870967742,0.6,0,medio,1
2015,12,150141,LIMA,LIMA,SURQUILLO,MINSA,III-2,00006210,INSTITUTO NACIONAL DE ENFERMEDADES NEOPLASICAS,240100,HOSPITALIZACIÓN QUIRÚRGICA CIRUGÍA GENERAL,1008,494,4051,4051,197,6107,12,31,8.200404858299596,0.024291497975708502,31.0,0.6633371540854757,0.16505649254953333,2.5076142131979697,514,alto,2
2015,12,150141,LIMA,LIMA,SURQUILLO,MINSA,III-2,00006210,INSTITUTO NACIONAL DE ENFERMEDADES NEOPLASICAS,240800,HOSPITALIZACIÓN QUIRÚRGICA CIRUGÍA PLÁSTICA/RECONSTRUCTIVA/ REPARADORA,18,6,24,24,6,186,0,31,4.0,0.0,31.0,0.12903225806451613,0.0967741935483871,1.0,12,medio,1
2015,12,150141,LIMA,LIMA,SURQUILLO,MINSA,III-2,00006210,INSTITUTO NACIONAL DE ENFERMEDADES NEOPLASICAS,240900,HOSPITALIZACIÓN QUIRÚRGICA NEUROCIRUGÍA,24,37,741,741,24,744,0,31,20.027027027027028,0.0,31.0,0.9959677419354839,0.03225806451612903,1.5416666666666667,-13,alto,2
2015,12,150141,LIMA,LIMA,SURQUILLO,MINSA,III-2,00006210,INSTITUTO NACIONAL DE ENFERMEDADES NEOPLASICAS,241200,HOSPITALIZACIÓN QUIRÚRGICA TRAUMATOLOGÍA Y ORTOPEDIA,25,22,205,205,16,496,1,31,9.318181818181818,0.045454545454545456,31.0,0.41330645161290325,0.05040322580645161,1.375,3,bajo,0
2015,12,150141,LIMA,LIMA,SURQUILLO,MINSA,III-2,00006210,INSTITUTO NACIONAL DE ENFERMEDADES NEOPLASICAS,242100,HOSPITALIZACIÓN DE MEDICINA ONCOLOGÍA MÉDICA,170,224,4495,4495,132,4092,20,31,20.066964285714285,0.08928571428571429,31.0,1.0984848484848484,0.041544477028347994,1.696969696969697,-54,alto,2
2015,12,150141,LIMA,LIMA,SURQUILLO,MINSA,III-2,00006210,INSTITUTO NACIONAL DE ENFERMEDADES NEOPLASICAS,242300,HOSPITALIZACIÓN DE PEDIATRÍA PEDIATRÍA GENERAL,42,10,191,191,4,124,5,31,19.1,0.5,31.0,1.5403225806451613,0.3387096774193548,2.5,32,alto,2
2015,12,150142,LIMA,LIMA,VILLA EL SALVADOR,ESSALUD,II-1,00008741,ULDARICO ROCCA FERNANDEZ,240100,HOSPITALIZACIÓN QUIRÚRGICA CIRUGÍA GENERAL,108,114,210,189,9,279,0,31,1.8421052631578947,0.0,31.0,0.6774193548387096,0.3870967741935484,12.666666666666666,-6,alto,2
2015,12,150142,LIMA,LIMA,VILLA EL SALVADOR,ESSALUD,II-1,00008741,ULDARICO ROCCA FERNANDEZ,241500,HOSPITALIZACIÓN QUIRÚRGICA GINECOLOGÍA,19,21,69,58,3,93,0,31,3.2857142857142856,0.0,31.0,0.6236559139784946,0.20430107526881722,7.0,-2,alto,2
2015,12,150142,LIMA,LIMA,VILLA EL SALVADOR,ESSALUD,II-1,00008741,ULDARICO ROCCA FERNANDEZ,241600,HOSPITALIZACIÓN QUIRÚRGICA OBSTETRICIA,239,239,449,433,15,465,0,31,1.8786610878661087,0.0,31.0,0.9311827956989247,0.513978494623656,15.933333333333334,0,alto,2
2015,12,150142,LIMA,LIMA,VILLA EL SALVADOR,ESSALUD,II-1,00008741,ULDARICO ROCCA FERNANDEZ,241900,HOSPITALIZACIÓN DE MEDICINA MEDICINA INTERNA,30,34,200,210,8,248,0,31,5.882352941176471,0.0,31.0,0.8467741935483871,0.12096774193548387,4.25,-4,medio,1
2015,12,150142,LIMA,LIMA,VILLA EL SALVADOR,ESSALUD,II-1,00008741,ULDARICO ROCCA FERNANDEZ,242300,HOSPITALIZACIÓN DE PEDIATRÍA PEDIATRÍA GENERAL,45,66,198,211,8,248,0,31,3.0,0.0,31.0,0.8508064516129032,0.1814516129032258,8.25,-21,alto,2
2015,12,150142,LIMA,LIMA,VILLA EL SALVADOR,ESSALUD,II-1,00008741,ULDARICO ROCCA FERNANDEZ,250304,HOSPIT. EN UNIDAD DE CUID.INTEN.-UNIDAD DE VIGILANCIA INTENSIVA (UVI)-MEDICINA,13,13,44,39,2,62,2,31,3.3846153846153846,0.15384615384615385,31.0,0.6290322580645161,0.20967741935483872,6.5,0,alto,2
