codigo_ipress,anio,mes,_archivo,_registro,variable,anterior,actual,diferencia
00000025,2016,9,data\raw\Capacidad\ConsultaA_Recurso_Salud_2016_v1.csv,147,CA_CAMAS,8.0,22.0,14.0
00000162,2024,5,data\raw\Capacidad\ConsultaA_2024_v22.csv,17966,CA_CAMAS,2.0,38.0,36.0
00000210,2021,5,data\raw\Capacidad\ConsultaA_Recursos_Salud_2021_v19.csv,17083,CA_CAMAS,62.0,127.0,65.0
00000308,2021,6,data\raw\Capacidad\ConsultaA_Recursos_Salud_2021_v19.csv,19629,CA_CAMAS,96.0,0.0,-96.0
00000308,2021,9,data\raw\Capacidad\ConsultaA_Recursos_Salud_2021_v19.csv,27791,CA_CAMAS,0.0,111.0,111.0
00000308,2021,10,data\raw\Capacidad\ConsultaA_Recursos_Salud_2021_v19.csv,30580,CA_CAMAS,111.0,0.0,-111.0
00000308,2021,11,data\raw\Capacidad\ConsultaA_Recursos_Salud_2021_v19.csv,31186,CA_CAMAS,0.0,111.0,111.0
00000326,2019,3,data\raw\Capacidad\ConsultaA_Recurso_Salud_2019_v7.csv,10873,CA_CAMAS,0.0,20.0,20.0
00000326,2019,4,data\raw\Capacidad\ConsultaA_Recurso_Salud_2019_v7.csv,10686,CA_CAMAS,20.0,0.0,-20.0
00000559,2024,10,data\raw\Capacidad\ConsultaA_2024_v22.csv,43339,CA_CAMAS,0.0,11.0,11.0
00000559,2025,9,data\raw\Capacidad\ConsultaA_2025_v22.csv,37806,CA_CAMAS,17.0,0.0,-17.0
00000671,2025,10,data\raw\Capacidad\ConsultaA_2025_v22.csv,48000,CA_CAMAS,20.0,0.0,-20.0
00000727,2021,3,data\raw\Capacidad\ConsultaA_Recursos_Salud_2021_v19.csv,5756,CA_CAMAS,0.0,10.0,10.0
00000756,2020,7,data\raw\Capacidad\ConsultaA_Recursos_Salud_2020_v7.csv,16361,CA_CAMAS,54.0,115.0,61.0
00000764,2019,5,data\raw\Capacidad\ConsultaA_Recurso_Salud_2019_v7.csv,19768,CA_CAMAS,18.0,0.0,-18.0
00000815,2018,2,data\raw\Capacidad\ConsultaA_Recurso_Salud_2018_v2.csv,2486,CA_CAMAS,0.0,17.0,17.0
00000839,2020,5,data\raw\Capacidad\ConsultaA_Recursos_Salud_2020_v7.csv,19443,CA_CAMAS,13.0,40.0,27.0
00000887,2023,1,data\raw\Capacidad\ConsultaA_Recursos_Salud_2023_v24.csv,5682,CA_CAMAS,10.0,22.0,12.0
00000887,2024,3,data\raw\Capacidad\ConsultaA_2024_v22.csv,21439,CA_CAMAS,11.0,22.0,11.0
00000981,2020,10,data\raw\Capacidad\ConsultaA_Recursos_Salud_2020_v7.csv,27216,CA_CAMAS,31.0,81.0,50.0
00001233,2018,9,data\raw\Capacidad\ConsultaA_Recurso_Salud_2018_v2.csv,19333,CA_CAMAS,0.0,30.0,30.0
00001233,2018,10,data\raw\Capacidad\ConsultaA_Recurso_Salud_2018_v2.csv,14853,CA_CAMAS,30.0,0.0,-30.0
00001233,2022,12,data\raw\Capacidad\ConsultaA_Recursos_Salud_2022_v24.csv,32270,CA_CAMAS,0.0,15.0,15.0
00001233,2023,1,data\raw\Capacidad\ConsultaA_Recursos_Salud_2023_v24.csv,8088,CA_CAMAS,15.0,0.0,-15.0
00001257,2022,11,data\raw\Capacidad\ConsultaA_Recursos_Salud_2022_v24.csv,36719,CA_CAMAS,0.0,15.0,15.0
00001257,2023,1,data\raw\Capacidad\ConsultaA_Recursos_Salud_2023_v24.csv,8847,CA_CAMAS,15.0,0.0,-15.0
00001263,2022,11,data\raw\Capacidad\ConsultaA_Recursos_Salud_2022_v24.csv,36720,CA_CAMAS,0.0,15.0,15.0
00001263,2023,1,data\raw\Capacidad\ConsultaA_Recursos_Salud_2023_v24.csv,8849,CA_CAMAS,15.0,0.0,-15.0
00001264,2022,11,data\raw\Capacidad\ConsultaA_Recursos_Salud_2022_v24.csv,36721,CA_CAMAS,0.0,15.0,15.0
00001264,2023,1,data\raw\Capacidad\ConsultaA_Recursos_Salud_2023_v24.csv,8850,CA_CAMAS,15.0,0.0,-15.0
00001267,2022,11,data\raw\Capacidad\ConsultaA_Recursos_Salud_2022_v24.csv,36722,CA_CAMAS,0.0,15.0,15.0
00001267,2023,1,data\raw\Capacidad\ConsultaA_Recursos_Salud_2023_v24.csv,8851,CA_CAMAS,15.0,0.0,-15.0
00001284,2024,7,data\raw\Capacidad\ConsultaA_2024_v22.csv,7179,CA_CAMAS,0.0,10.0,10.0
00001292,2022,9,data\raw\Capacidad\ConsultaA_Recursos_Salud_2022_v24.csv,24906,CA_CAMAS,12.0,0.0,-12.0
00001299,2022,10,data\raw\Capacidad\ConsultaA_Recursos_Salud_2022_v24.csv,35927,CA_CAMAS,0.0,15.0,15.0
00001299,2023,1,data\raw\Capacidad\ConsultaA_Recursos_Salud_2023_v24.csv,10615,CA_CAMAS,15.0,0.0,-15.0
00001325,2018,2,data\raw\Capacidad\ConsultaA_Recurso_Salud_2018_v2.csv,629,CA_CAMAS,38.0,0.0,-38.0
00001344,2019,12,data\raw\Capacidad\ConsultaA_Recurso_Salud_2019_v7.csv,31742,CA_CAMAS,87.0,261.0,174.0
00001344,2021,7,data\raw\Capacidad\ConsultaA_Recursos_Salud_2021_v19.csv,17976,CA_CAMAS,1.0,261.0,260.0
00001360,2020,2,data\raw\Capacidad\ConsultaA_Recursos_Salud_2020_v7.csv,36361,CA_CAMAS,0.0,10.0,10.0
00001360,2020,3,data\raw\Capacidad\ConsultaA_Recursos_Salud_2020_v7.csv,29700,CA_CAMAS,10.0,0.0,-10.0
00001382,2025,2,data\raw\Capacidad\ConsultaA_2025_v22.csv,20863,CA_CAMAS,49.0,0.0,-49.0
00001382,2025,5,data\raw\Capacidad\ConsultaA_2025_v22.csv,2785,CA_CAMAS,0.0,49.0,49.0
00001389,2022,3,data\raw\Capacidad\ConsultaA_Recursos_Salud_2022_v24.csv,2573,CA_CAMAS,0.0,12.0,12.0
00001389,2022,4,data\raw\Capacidad\ConsultaA_Recursos_Salud_2022_v24.csv,16645,CA_CAMAS,12.0,0.0,-12.0
00001419,2023,2,data\raw\Capacidad\ConsultaA_Recursos_Salud_2023_v24.csv,6598,CA_CAMAS,14.0,0.0,-14.0
00001472,2021,2,data\raw\Capacidad\ConsultaA_Recursos_Salud_2021_v19.csv,9771,CA_CAMAS,7.0,17.0,10.0
00001540,2019,3,data\raw\Capacidad\ConsultaA_Recurso_Salud_2019_v7.csv,4385,CA_CAMAS,48.0,0.0,-48.0
00001633,2020,8,data\raw\Capacidad\ConsultaA_Recursos_Salud_2020_v7.csv,28747,CA_CAMAS,28.0,58.0,30.0
00001741,2021,7,data\raw\Capacidad\ConsultaA_Recursos_Salud_2021_v19.csv,14584,CA_CAMAS,18.0,36.0,18.0
00001783,2019,1,data\raw\Capacidad\ConsultaA_Recurso_Salud_2019_v7.csv,1113,CA_CAMAS,0.0,18.0,18.0
00001795,2021,3,data\raw\Capacidad\ConsultaA_Recursos_Salud_2021_v19.csv,6492,CA_CAMAS,14.0,39.0,25.0
00001796,2026,1,data\raw\Capacidad\ConsultaA_2026_v13.csv,23212,CA_CAMAS,2.0,12.0,10.0
00001796,2026,5,data\raw\Capacidad\ConsultaA_2026_v13.csv,9377,CA_CAMAS,2.0,12.0,10.0
00001813,2021,12,data\raw\Capacidad\ConsultaA_Recursos_Salud_2021_v19.csv,28081,CA_CAMAS,29.0,59.0,30.0
00001856,2026,2,data\raw\Capacidad\ConsultaA_2026_v13.csv,31866,CA_CAMAS,0.0,10.0,10.0
00001866,2023,7,data\raw\Capacidad\ConsultaA_Recursos_Salud_2023_v24.csv,22679,CA_CAMAS,12.0,0.0,-12.0
00001866,2023,9,data\raw\Capacidad\ConsultaA_Recursos_Salud_2023_v24.csv,33529,CA_CAMAS,0.0,10.0,10.0
00001866,2023,10,data\raw\Capacidad\ConsultaA_Recursos_Salud_2023_v24.csv,34754,CA_CAMAS,10.0,30.0,20.0
00001866,2023,11,data\raw\Capacidad\ConsultaA_Recursos_Salud_2023_v24.csv,28215,CA_CAMAS,30.0,0.0,-30.0
00001882,2017,1,data\raw\Capacidad\ConsultaA_Recurso_Salud_2017_v1.csv,858,CA_CAMAS,12.0,0.0,-12.0
00001885,2021,2,data\raw\Capacidad\ConsultaA_Recursos_Salud_2021_v19.csv,385,CA_CAMAS,0.0,10.0,10.0
00001885,2021,3,data\raw\Capacidad\ConsultaA_Recursos_Salud_2021_v19.csv,7542,CA_CAMAS,10.0,0.0,-10.0
00001896,2016,9,data\raw\Capacidad\ConsultaA_Recurso_Salud_2016_v1.csv,4196,CA_CAMAS,8.0,20.0,12.0
00001896,2024,1,data\raw\Capacidad\ConsultaA_2024_v22.csv,37235,CA_CAMAS,10.0,22.0,12.0
00002021,2022,5,data\raw\Capacidad\ConsultaA_Recursos_Salud_2022_v24.csv,13864,CA_CAMAS,12.0,122.0,110.0
00002021,2023,11,data\raw\Capacidad\ConsultaA_Recursos_Salud_2023_v24.csv,27809,CA_CAMAS,12.0,54.0,42.0
00002021,2025,6,data\raw\Capacidad\ConsultaA_2025_v22.csv,31328,CA_CAMAS,12.0,61.0,49.0
00002112,2025,11,data\raw\Capacidad\ConsultaA_2025_v22.csv,56058,CA_CAMAS,17.0,122.0,105.0
00002300,2020,1,data\raw\Capacidad\ConsultaA_Recursos_Salud_2020_v7.csv,33873,CA_CAMAS,15.0,0.0,-15.0
00002300,2024,5,data\raw\Capacidad\ConsultaA_2024_v22.csv,16556,CA_CAMAS,0.0,15.0,15.0
00002317,2020,1,data\raw\Capacidad\ConsultaA_Recursos_Salud_2020_v7.csv,34553,CA_CAMAS,10.0,0.0,-10.0
00002348,2026,6,data\raw\Capacidad\ConsultaA_2026_v13.csv,34770,CA_CAMAS,11.0,0.0,-11.0
00002348,2026,7,data\raw\Capacidad\ConsultaA_2026_v13.csv,7680,CA_CAMAS,0.0,11.0,11.0
00002355,2026,3,data\raw\Capacidad\ConsultaA_2026_v13.csv,652,CA_CAMAS,0.0,10.0,10.0
00002364,2019,8,data\raw\Capacidad\ConsultaA_Recurso_Salud_2019_v7.csv,20673,CA_CAMAS,21.0,0.0,-21.0
00002364,2019,10,data\raw\Capacidad\ConsultaA_Recurso_Salud_2019_v7.csv,28090,CA_CAMAS,0.0,21.0,21.0
00002364,2021,2,data\raw\Capacidad\ConsultaA_Recursos_Salud_2021_v19.csv,2487,CA_CAMAS,21.0,0.0,-21.0
00002386,2019,5,data\raw\Capacidad\ConsultaA_Recurso_Salud_2019_v7.csv,28024,CA_CAMAS,12.0,0.0,-12.0
00002386,2019,10,data\raw\Capacidad\ConsultaA_Recurso_Salud_2019_v7.csv,25282,CA_CAMAS,12.0,0.0,-12.0
00002386,2019,11,data\raw\Capacidad\ConsultaA_Recurso_Salud_2019_v7.csv,29011,CA_CAMAS,0.0,12.0,12.0
00002386,2026,5,data\raw\Capacidad\ConsultaA_2026_v13.csv,26923,CA_CAMAS,0.0,12.0,12.0
00002510,2020,1,data\raw\Capacidad\ConsultaA_Recursos_Salud_2020_v7.csv,34578,CA_CAMAS,10.0,0.0,-10.0
00002510,2025,4,data\raw\Capacidad\ConsultaA_2025_v22.csv,19119,CA_CAMAS,0.0,15.0,15.0
00002520,2020,1,data\raw\Capacidad\ConsultaA_Recursos_Salud_2020_v7.csv,32234,CA_CAMAS,14.0,0.0,-14.0
00002520,2025,4,data\raw\Capacidad\ConsultaA_2025_v22.csv,19126,CA_CAMAS,0.0,12.0,12.0
00002523,2020,1,data\raw\Capacidad\ConsultaA_Recursos_Salud_2020_v7.csv,28924,CA_CAMAS,16.0,0.0,-16.0
00002523,2020,8,data\raw\Capacidad\ConsultaA_Recursos_Salud_2020_v7.csv,38789,CA_CAMAS,0.0,16.0,16.0
00002523,2020,9,data\raw\Capacidad\ConsultaA_Recursos_Salud_2020_v7.csv,38971,CA_CAMAS,16.0,0.0,-16.0
00002523,2025,10,data\raw\Capacidad\ConsultaA_2025_v22.csv,54367,CA_CAMAS,0.0,16.0,16.0
00002523,2026,7,data\raw\Capacidad\ConsultaA_2026_v13.csv,8822,CA_CAMAS,0.0,11.0,11.0
00002528,2025,6,data\raw\Capacidad\ConsultaA_2025_v22.csv,43692,CA_CAMAS,0.0,12.0,12.0
00002528,2026,3,data\raw\Capacidad\ConsultaA_2026_v13.csv,27208,CA_CAMAS,12.0,0.0,-12.0
00002528,2026,5,data\raw\Capacidad\ConsultaA_2026_v13.csv,6920,CA_CAMAS,0.0,12.0,12.0
00002528,2026,6,data\raw\Capacidad\ConsultaA_2026_v13.csv,19779,CA_CAMAS,12.0,0.0,-12.0
00002536,2020,1,data\raw\Capacidad\ConsultaA_Recursos_Salud_2020_v7.csv,34658,CA_CAMAS,17.0,0.0,-17.0
00002536,2025,3,data\raw\Capacidad\ConsultaA_2025_v22.csv,18375,CA_CAMAS,0.0,18.0,18.0
00002536,2025,5,data\raw\Capacidad\ConsultaA_2025_v22.csv,24768,CA_CAMAS,18.0,0.0,-18.0
00002536,2025,6,data\raw\Capacidad\ConsultaA_2025_v22.csv,43697,CA_CAMAS,0.0,18.0,18.0
00002536,2026,3,data\raw\Capacidad\ConsultaA_2026_v13.csv,27212,CA_CAMAS,18.0,0.0,-18.0
00002536,2026,5,data\raw\Capacidad\ConsultaA_2026_v13.csv,14383,CA_CAMAS,0.0,18.0,18.0
00002536,2026,6,data\raw\Capacidad\ConsultaA_2026_v13.csv,19037,CA_CAMAS,18.0,0.0,-18.0
00002538,2025,10,data\raw\Capacidad\ConsultaA_2025_v22.csv,57291,CA_CAMAS,0.0,14.0,14.0
00002540,2026,6,data\raw\Capacidad\ConsultaA_2026_v13.csv,28527,CA_CAMAS,0.0,18.0,18.0
00003366,2024,3,data\raw\Capacidad\ConsultaA_2024_v22.csv,31628,CA_CAMAS,9.0,25.0,16.0
00003394,2024,3,data\raw\Capacidad\ConsultaA_2024_v22.csv,32232,CA_CAMAS,12.0,0.0,-12.0
00003414,2018,11,data\raw\Capacidad\ConsultaA_Recurso_Salud_2018_v2.csv,23628,CA_CAMAS,40.0,97.0,57.0
00003494,2020,5,data\raw\Capacidad\ConsultaA_Recursos_Salud_2020_v7.csv,17861,CA_CAMAS,16.0,46.0,30.0
00003543,2016,9,data\raw\Capacidad\ConsultaA_Recurso_Salud_2016_v1.csv,536,CA_CAMAS,21.0,211.0,190.0
00003575,2019,9,data\raw\Capacidad\ConsultaA_Recurso_Salud_2019_v7.csv,22602,CA_CAMAS,2.0,24.0,22.0
00003576,2024,8,data\raw\Capacidad\ConsultaA_2024_v22.csv,11971,CA_CAMAS,0.0,24.0,24.0
00003598,2018,12,data\raw\Capacidad\ConsultaA_Recurso_Salud_2018_v2.csv,26134,CA_CAMAS,10.0,0.0,-10.0
00003598,2019,1,data\raw\Capacidad\ConsultaA_Recurso_Salud_2019_v7.csv,4273,CA_CAMAS,0.0,10.0,10.0
00003639,2020,6,data\raw\Capacidad\ConsultaA_Recursos_Salud_2020_v7.csv,17529,CA_CAMAS,11.0,0.0,-11.0
00003754,2024,8,data\raw\Capacidad\ConsultaA_2024_v22.csv,11146,CA_CAMAS,43.0,390.0,347.0
00003847,2018,12,data\raw\Capacidad\ConsultaA_Recurso_Salud_2018_v2.csv,23228,CA_CAMAS,12.0,0.0,-12.0
00003917,2019,3,data\raw\Capacidad\ConsultaA_Recurso_Salud_2019_v7.csv,9530,CA_CAMAS,19.0,400.0,381.0
00004128,2024,4,data\raw\Capacidad\ConsultaA_2024_v22.csv,17761,CA_CAMAS,0.0,10.0,10.0
00004128,2025,2,data\raw\Capacidad\ConsultaA_2025_v22.csv,21269,CA_CAMAS,0.0,10.0,10.0
00004129,2025,2,data\raw\Capacidad\ConsultaA_2025_v22.csv,22045,CA_CAMAS,10.0,0.0,-10.0
00004140,2018,6,data\raw\Capacidad\ConsultaA_Recurso_Salud_2018_v2.csv,4260,CA_CAMAS,27.0,115.0,88.0
00004140,2021,6,data\raw\Capacidad\ConsultaA_Recursos_Salud_2021_v19.csv,22252,CA_CAMAS,23.0,53.0,30.0
00004223,2021,2,data\raw\Capacidad\ConsultaA_Recursos_Salud_2021_v19.csv,7862,CA_CAMAS,7.0,21.0,14.0
00004249,2018,8,data\raw\Capacidad\ConsultaA_Recurso_Salud_2018_v2.csv,20036,CA_CAMAS,12.0,0.0,-12.0
00004249,2019,8,data\raw\Capacidad\ConsultaA_Recurso_Salud_2019_v7.csv,22003,CA_CAMAS,0.0,10.0,10.0
00004249,2019,9,data\raw\Capacidad\ConsultaA_Recurso_Salud_2019_v7.csv,21498,CA_CAMAS,10.0,0.0,-10.0
00004249,2020,1,data\raw\Capacidad\ConsultaA_Recursos_Salud_2020_v7.csv,6192,CA_CAMAS,0.0,12.0,12.0
00004249,2023,5,data\raw\Capacidad\ConsultaA_Recursos_Salud_2023_v24.csv,13454,CA_CAMAS,13.0,0.0,-13.0
00004249,2023,6,data\raw\Capacidad\ConsultaA_Recursos_Salud_2023_v24.csv,12213,CA_CAMAS,0.0,13.0,13.0
00004370,2025,6,data\raw\Capacidad\ConsultaA_2025_v22.csv,12333,CA_CAMAS,5.0,134.0,129.0
00004466,2022,3,data\raw\Capacidad\ConsultaA_Recursos_Salud_2022_v24.csv,1995,CA_CAMAS,17.0,35.0,18.0
00004655,2021,1,data\raw\Capacidad\ConsultaA_Recursos_Salud_2021_v19.csv,3859,CA_CAMAS,24.0,52.0,28.0
00004782,2017,3,data\raw\Capacidad\ConsultaA_Recurso_Salud_2017_v1.csv,2489,CA_CAMAS,22.0,107.0,85.0
00005125,2021,5,data\raw\Capacidad\ConsultaA_Recursos_Salud_2021_v19.csv,12647,CA_CAMAS,48.0,148.0,100.0
00005125,2022,2,data\raw\Capacidad\ConsultaA_Recursos_Salud_2022_v24.csv,10390,CA_CAMAS,53.0,153.0,100.0
00005145,2024,1,data\raw\Capacidad\ConsultaA_2024_v22.csv,39637,CA_CAMAS,23.0,0.0,-23.0
00005145,2024,3,data\raw\Capacidad\ConsultaA_2024_v22.csv,30995,CA_CAMAS,0.0,23.0,23.0
00005196,2020,6,data\raw\Capacidad\ConsultaA_Recursos_Salud_2020_v7.csv,32044,CA_CAMAS,87.0,203.0,116.0
00005251,2020,11,data\raw\Capacidad\ConsultaA_Recursos_Salud_2020_v7.csv,26564,CA_CAMAS,20.0,48.0,28.0
00005263,2019,7,data\raw\Capacidad\ConsultaA_Recurso_Salud_2019_v7.csv,26290,CA_CAMAS,8.0,20.0,12.0
00005263,2020,12,data\raw\Capacidad\ConsultaA_Recursos_Salud_2020_v7.csv,39342,CA_CAMAS,8.0,22.0,14.0
00005292,2020,11,data\raw\Capacidad\ConsultaA_Recursos_Salud_2020_v7.csv,32423,CA_CAMAS,51.0,0.0,-51.0
00005292,2021,3,data\raw\Capacidad\ConsultaA_Recursos_Salud_2021_v19.csv,651,CA_CAMAS,0.0,51.0,51.0
00005292,2021,12,data\raw\Capacidad\ConsultaA_Recursos_Salud_2021_v19.csv,37015,CA_CAMAS,51.0,0.0,-51.0
00005292,2022,2,data\raw\Capacidad\ConsultaA_Recursos_Salud_2022_v24.csv,13157,CA_CAMAS,0.0,51.0,51.0
00005292,2022,12,data\raw\Capacidad\ConsultaA_Recursos_Salud_2022_v24.csv,32886,CA_CAMAS,51.0,0.0,-51.0
00005292,2023,2,data\raw\Capacidad\ConsultaA_Recursos_Salud_2023_v24.csv,4975,CA_CAMAS,0.0,51.0,51.0
00005293,2017,2,data\raw\Capacidad\ConsultaA_Recurso_Salud_2017_v1.csv,2424,CA_CAMAS,3.0,51.0,48.0
00005306,2022,12,data\raw\Capacidad\ConsultaA_Recursos_Salud_2022_v24.csv,30963,CA_CAMAS,6.0,17.0,11.0
00005306,2023,5,data\raw\Capacidad\ConsultaA_Recursos_Salud_2023_v24.csv,19855,CA_CAMAS,6.0,19.0,13.0
00005306,2023,11,data\raw\Capacidad\ConsultaA_Recursos_Salud_2023_v24.csv,26461,CA_CAMAS,6.0,17.0,11.0
00005395,2020,1,data\raw\Capacidad\ConsultaA_Recursos_Salud_2020_v7.csv,11674,CA_CAMAS,6.0,30.0,24.0
00005395,2025,2,data\raw\Capacidad\ConsultaA_2025_v22.csv,6003,CA_CAMAS,30.0,0.0,-30.0
00005395,2025,3,data\raw\Capacidad\ConsultaA_2025_v22.csv,16411,CA_CAMAS,0.0,31.0,31.0
00005395,2025,4,data\raw\Capacidad\ConsultaA_2025_v22.csv,25379,CA_CAMAS,31.0,0.0,-31.0
00005398,2026,6,data\raw\Capacidad\ConsultaA_2026_v13.csv,22425,CA_CAMAS,0.0,15.0,15.0
00005502,2020,1,data\raw\Capacidad\ConsultaA_Recursos_Salud_2020_v7.csv,11203,CA_CAMAS,6.0,17.0,11.0
00005502,2025,1,data\raw\Capacidad\ConsultaA_2025_v22.csv,19696,CA_CAMAS,17.0,0.0,-17.0
00005502,2025,11,data\raw\Capacidad\ConsultaA_2025_v22.csv,46388,CA_CAMAS,0.0,17.0,17.0
00005551,2025,1,data\raw\Capacidad\ConsultaA_2025_v22.csv,23265,CA_CAMAS,0.0,15.0,15.0
00005556,2026,6,data\raw\Capacidad\ConsultaA_2026_v13.csv,17423,CA_CAMAS,0.0,15.0,15.0
00005945,2023,1,data\raw\Capacidad\ConsultaA_Recursos_Salud_2023_v24.csv,101,CA_CAMAS,55.0,152.0,97.0
00005945,2023,9,data\raw\Capacidad\ConsultaA_Recursos_Salud_2023_v24.csv,25454,CA_CAMAS,55.0,152.0,97.0
00006000,2025,2,data\raw\Capacidad\ConsultaA_2025_v22.csv,22097,CA_CAMAS,16.0,122.0,106.0
00006164,2025,2,data\raw\Capacidad\ConsultaA_2025_v22.csv,57565,CA_CAMAS,4.0,14.0,10.0
00006209,2016,4,data\raw\Capacidad\ConsultaA_Recurso_Salud_2016_v1.csv,1101,CA_CAMAS,48.0,163.0,115.0
00006212,2026,4,data\raw\Capacidad\ConsultaA_2026_v13.csv,25198,CA_CAMAS,6.0,60.0,54.0
00006213,2024,1,data\raw\Capacidad\ConsultaA_2024_v22.csv,912,CA_CAMAS,23.0,71.0,48.0
00006262,2023,11,data\raw\Capacidad\ConsultaA_Recursos_Salud_2023_v24.csv,28179,CA_CAMAS,0.0,15.0,15.0
00006262,2024,2,data\raw\Capacidad\ConsultaA_2024_v22.csv,40238,CA_CAMAS,15.0,0.0,-15.0
00006262,2024,6,data\raw\Capacidad\ConsultaA_2024_v22.csv,22494,CA_CAMAS,15.0,0.0,-15.0
00006270,2023,3,data\raw\Capacidad\ConsultaA_Recursos_Salud_2023_v24.csv,4690,CA_CAMAS,5.0,15.0,10.0
00006297,2022,6,data\raw\Capacidad\ConsultaA_Recursos_Salud_2022_v24.csv,19877,CA_CAMAS,10.0,0.0,-10.0
00006332,2020,8,data\raw\Capacidad\ConsultaA_Recursos_Salud_2020_v7.csv,22326,CA_CAMAS,0.0,10.0,10.0
00006502,2016,10,data\raw\Capacidad\ConsultaA_Recurso_Salud_2016_v1.csv,1304,CA_CAMAS,10.0,0.0,-10.0
00006502,2016,12,data\raw\Capacidad\ConsultaA_Recurso_Salud_2016_v1.csv,1305,CA_CAMAS,0.0,10.0,10.0
00006502,2020,2,data\raw\Capacidad\ConsultaA_Recursos_Salud_2020_v7.csv,8052,CA_CAMAS,10.0,20.0,10.0
00006502,2020,5,data\raw\Capacidad\ConsultaA_Recursos_Salud_2020_v7.csv,19784,CA_CAMAS,10.0,25.0,15.0
00006502,2021,3,data\raw\Capacidad\ConsultaA_Recursos_Salud_2021_v19.csv,6945,CA_CAMAS,25.0,52.0,27.0
00006529,2021,8,data\raw\Capacidad\ConsultaA_Recursos_Salud_2021_v19.csv,20773,CA_CAMAS,8.0,18.0,10.0
00006733,2020,5,data\raw\Capacidad\ConsultaA_Recursos_Salud_2020_v7.csv,19673,CA_CAMAS,87.0,0.0,-87.0
00006733,2020,6,data\raw\Capacidad\ConsultaA_Recursos_Salud_2020_v7.csv,19674,CA_CAMAS,0.0,113.0,113.0
00006733,2023,11,data\raw\Capacidad\ConsultaA_Recursos_Salud_2023_v24.csv,28812,CA_CAMAS,9.0,116.0,107.0
00007138,2026,6,data\raw\Capacidad\ConsultaA_2026_v13.csv,20204,CA_CAMAS,0.0,10.0,10.0
00007138,2026,7,data\raw\Capacidad\ConsultaA_2026_v13.csv,7030,CA_CAMAS,10.0,0.0,-10.0
00007152,2025,2,data\raw\Capacidad\ConsultaA_2025_v22.csv,20501,CA_CAMAS,12.0,24.0,12.0
00007294,2024,4,data\raw\Capacidad\ConsultaA_2024_v22.csv,32370,CA_CAMAS,10.0,0.0,-10.0
00007314,2023,9,data\raw\Capacidad\ConsultaA_Recursos_Salud_2023_v24.csv,26311,CA_CAMAS,10.0,21.0,11.0
00007636,2019,8,data\raw\Capacidad\ConsultaA_Recurso_Salud_2019_v7.csv,19221,CA_CAMAS,21.0,49.0,28.0
00007636,2022,8,data\raw\Capacidad\ConsultaA_Recursos_Salud_2022_v24.csv,22764,CA_CAMAS,83.0,0.0,-83.0
00007636,2023,2,data\raw\Capacidad\ConsultaA_Recursos_Salud_2023_v24.csv,8429,CA_CAMAS,0.0,50.0,50.0
00007638,2021,10,data\raw\Capacidad\ConsultaA_Recursos_Salud_2021_v19.csv,26903,CA_CAMAS,65.0,0.0,-65.0
00007638,2021,12,data\raw\Capacidad\ConsultaA_Recursos_Salud_2021_v19.csv,36252,CA_CAMAS,0.0,65.0,65.0
00007639,2024,1,data\raw\Capacidad\ConsultaA_2024_v22.csv,4346,CA_CAMAS,169.0,672.0,503.0
00007734,2020,8,data\raw\Capacidad\ConsultaA_Recursos_Salud_2020_v7.csv,40830,CA_CAMAS,9.0,48.0,39.0
00007734,2022,5,data\raw\Capacidad\ConsultaA_Recursos_Salud_2022_v24.csv,23017,CA_CAMAS,28.0,0.0,-28.0
00007734,2022,6,data\raw\Capacidad\ConsultaA_Recursos_Salud_2022_v24.csv,15713,CA_CAMAS,0.0,27.0,27.0
00007734,2023,10,data\raw\Capacidad\ConsultaA_Recursos_Salud_2023_v24.csv,34643,CA_CAMAS,30.0,0.0,-30.0
00007734,2023,11,data\raw\Capacidad\ConsultaA_Recursos_Salud_2023_v24.csv,24192,CA_CAMAS,0.0,37.0,37.0
00007734,2023,12,data\raw\Capacidad\ConsultaA_Recursos_Salud_2023_v24.csv,40769,CA_CAMAS,37.0,0.0,-37.0
00007734,2024,1,data\raw\Capacidad\ConsultaA_2024_v22.csv,5467,CA_CAMAS,0.0,46.0,46.0
00007734,2024,12,data\raw\Capacidad\ConsultaA_2024_v22.csv,104,CA_CAMAS,39.0,0.0,-39.0
00008281,2021,1,data\raw\Capacidad\ConsultaA_Recursos_Salud_2021_v19.csv,5792,CA_CAMAS,56.0,154.0,98.0
00008281,2021,2,data\raw\Capacidad\ConsultaA_Recursos_Salud_2021_v19.csv,5297,CA_CAMAS,154.0,0.0,-154.0
00008281,2021,3,data\raw\Capacidad\ConsultaA_Recursos_Salud_2021_v19.csv,7692,CA_CAMAS,0.0,145.0,145.0
00008281,2024,1,data\raw\Capacidad\ConsultaA_2024_v22.csv,5358,CA_CAMAS,32.0,0.0,-32.0
00008281,2024,2,data\raw\Capacidad\ConsultaA_2024_v22.csv,2697,CA_CAMAS,0.0,32.0,32.0
00008281,2024,5,data\raw\Capacidad\ConsultaA_2024_v22.csv,7464,CA_CAMAS,32.0,0.0,-32.0
00008281,2024,6,data\raw\Capacidad\ConsultaA_2024_v22.csv,18302,CA_CAMAS,0.0,32.0,32.0
00008281,2024,7,data\raw\Capacidad\ConsultaA_2024_v22.csv,22569,CA_CAMAS,32.0,0.0,-32.0
00008281,2024,8,data\raw\Capacidad\ConsultaA_2024_v22.csv,21987,CA_CAMAS,0.0,32.0,32.0
00008281,2024,11,data\raw\Capacidad\ConsultaA_2024_v22.csv,569,CA_CAMAS,32.0,0.0,-32.0
00008281,2025,1,data\raw\Capacidad\ConsultaA_2025_v22.csv,12837,CA_CAMAS,0.0,32.0,32.0
00008281,2025,3,data\raw\Capacidad\ConsultaA_2025_v22.csv,6185,CA_CAMAS,32.0,0.0,-32.0
00008281,2025,4,data\raw\Capacidad\ConsultaA_2025_v22.csv,16026,CA_CAMAS,0.0,32.0,32.0
00008281,2026,4,data\raw\Capacidad\ConsultaA_2026_v13.csv,15255,CA_CAMAS,32.0,0.0,-32.0
00008281,2026,5,data\raw\Capacidad\ConsultaA_2026_v13.csv,31442,CA_CAMAS,0.0,32.0,32.0
00008281,2026,6,data\raw\Capacidad\ConsultaA_2026_v13.csv,36594,CA_CAMAS,32.0,0.0,-32.0
00008281,2026,7,data\raw\Capacidad\ConsultaA_2026_v13.csv,16338,CA_CAMAS,0.0,32.0,32.0
00008292,2024,6,data\raw\Capacidad\ConsultaA_2024_v22.csv,21613,CA_CAMAS,6.0,60.0,54.0
00008353,2015,9,data\raw\Capacidad\ConsultaA_Recurso_Salud_2015_v1.csv,267,CA_CAMAS,26.0,66.0,40.0
00008389,2018,3,data\raw\Capacidad\ConsultaA_Recurso_Salud_2018_v2.csv,9338,CA_CAMAS,0.0,16.0,16.0
00008389,2018,6,data\raw\Capacidad\ConsultaA_Recurso_Salud_2018_v2.csv,15732,CA_CAMAS,16.0,0.0,-16.0
00008389,2018,7,data\raw\Capacidad\ConsultaA_Recurso_Salud_2018_v2.csv,9992,CA_CAMAS,0.0,16.0,16.0
00008389,2018,8,data\raw\Capacidad\ConsultaA_Recurso_Salud_2018_v2.csv,13611,CA_CAMAS,16.0,0.0,-16.0
00008389,2020,11,data\raw\Capacidad\ConsultaA_Recursos_Salud_2020_v7.csv,28769,CA_CAMAS,0.0,16.0,16.0
00008389,2020,12,data\raw\Capacidad\ConsultaA_Recursos_Salud_2020_v7.csv,26894,CA_CAMAS,16.0,0.0,-16.0
00008516,2025,2,data\raw\Capacidad\ConsultaA_2025_v22.csv,41201,CA_CAMAS,9.0,31.0,22.0
00008564,2020,8,data\raw\Capacidad\ConsultaA_Recursos_Salud_2020_v7.csv,35116,CA_CAMAS,45.0,859.0,814.0
00008653,2021,5,data\raw\Capacidad\ConsultaA_Recursos_Salud_2021_v19.csv,16635,CA_CAMAS,15.0,43.0,28.0
00008653,2021,10,data\raw\Capacidad\ConsultaA_Recursos_Salud_2021_v19.csv,27417,CA_CAMAS,15.0,45.0,30.0
00008653,2022,1,data\raw\Capacidad\ConsultaA_Recursos_Salud_2022_v24.csv,10080,CA_CAMAS,15.0,45.0,30.0
00008730,2022,1,data\raw\Capacidad\ConsultaA_Recursos_Salud_2022_v24.csv,3338,CA_CAMAS,5.0,19.0,14.0
00008786,2020,3,data\raw\Capacidad\ConsultaA_Recursos_Salud_2020_v7.csv,40185,CA_CAMAS,24.0,67.0,43.0
00008835,2025,10,data\raw\Capacidad\ConsultaA_2025_v22.csv,9588,CA_CAMAS,0.0,18.0,18.0
00008956,2015,8,data\raw\Capacidad\ConsultaA_Recurso_Salud_2015_v1.csv,238,CA_CAMAS,16.0,34.0,18.0
00008956,2020,10,data\raw\Capacidad\ConsultaA_Recursos_Salud_2020_v7.csv,37059,CA_CAMAS,19.0,0.0,-19.0
00008956,2020,12,data\raw\Capacidad\ConsultaA_Recursos_Salud_2020_v7.csv,39147,CA_CAMAS,0.0,19.0,19.0
00008956,2021,1,data\raw\Capacidad\ConsultaA_Recursos_Salud_2021_v19.csv,6231,CA_CAMAS,19.0,0.0,-19.0
00008956,2021,4,data\raw\Capacidad\ConsultaA_Recursos_Salud_2021_v19.csv,8411,CA_CAMAS,0.0,19.0,19.0
00008956,2021,7,data\raw\Capacidad\ConsultaA_Recursos_Salud_2021_v19.csv,16694,CA_CAMAS,23.0,0.0,-23.0
00008956,2021,8,data\raw\Capacidad\ConsultaA_Recursos_Salud_2021_v19.csv,19870,CA_CAMAS,0.0,18.0,18.0
00008956,2021,9,data\raw\Capacidad\ConsultaA_Recursos_Salud_2021_v19.csv,35740,CA_CAMAS,18.0,0.0,-18.0
00008956,2021,10,data\raw\Capacidad\ConsultaA_Recursos_Salud_2021_v19.csv,33209,CA_CAMAS,0.0,23.0,23.0
00008956,2022,2,data\raw\Capacidad\ConsultaA_Recursos_Salud_2022_v24.csv,6590,CA_CAMAS,0.0,23.0,23.0
00008956,2022,6,data\raw\Capacidad\ConsultaA_Recursos_Salud_2022_v24.csv,23428,CA_CAMAS,23.0,0.0,-23.0
00008956,2022,7,data\raw\Capacidad\ConsultaA_Recursos_Salud_2022_v24.csv,21013,CA_CAMAS,0.0,27.0,27.0
00008956,2025,9,data\raw\Capacidad\ConsultaA_2025_v22.csv,13008,CA_CAMAS,19.0,0.0,-19.0
00008956,2025,10,data\raw\Capacidad\ConsultaA_2025_v22.csv,51705,CA_CAMAS,0.0,19.0,19.0
00008956,2026,4,data\raw\Capacidad\ConsultaA_2026_v13.csv,15564,CA_CAMAS,19.0,0.0,-19.0
00008956,2026,5,data\raw\Capacidad\ConsultaA_2026_v13.csv,11123,CA_CAMAS,0.0,19.0,19.0
00009037,2020,6,data\raw\Capacidad\ConsultaA_Recursos_Salud_2020_v7.csv,30995,CA_CAMAS,32.0,68.0,36.0
00009037,2020,11,data\raw\Capacidad\ConsultaA_Recursos_Salud_2020_v7.csv,32160,CA_CAMAS,25.0,50.0,25.0
00009040,2022,2,data\raw\Capacidad\ConsultaA_Recursos_Salud_2022_v24.csv,9659,CA_CAMAS,10.0,0.0,-10.0
00009040,2022,3,data\raw\Capacidad\ConsultaA_Recursos_Salud_2022_v24.csv,5026,CA_CAMAS,0.0,10.0,10.0
00009042,2024,1,data\raw\Capacidad\ConsultaA_2024_v22.csv,40242,CA_CAMAS,0.0,194.0,194.0
00009053,2016,6,data\raw\Capacidad\ConsultaA_Recurso_Salud_2016_v1.csv,1553,CA_CAMAS,42.0,89.0,47.0
00009054,2021,7,data\raw\Capacidad\ConsultaA_Recursos_Salud_2021_v19.csv,15356,CA_CAMAS,5.0,42.0,37.0
00009068,2021,5,data\raw\Capacidad\ConsultaA_Recursos_Salud_2021_v19.csv,15625,CA_CAMAS,13.0,31.0,18.0
00009145,2019,10,data\raw\Capacidad\ConsultaA_Recurso_Salud_2019_v7.csv,26245,CA_CAMAS,14.0,35.0,21.0
00009145,2021,3,data\raw\Capacidad\ConsultaA_Recursos_Salud_2021_v19.csv,595,CA_CAMAS,14.0,35.0,21.0
00009251,2025,2,data\raw\Capacidad\ConsultaA_2025_v22.csv,22375,CA_CAMAS,116.0,1116.0,1000.0
00009251,2026,3,data\raw\Capacidad\ConsultaA_2026_v13.csv,5074,CA_CAMAS,178.0,1074.0,896.0
00009288,2018,9,data\raw\Capacidad\ConsultaA_Recurso_Salud_2018_v2.csv,21024,CA_CAMAS,4.0,14.0,10.0
00009660,2024,4,data\raw\Capacidad\ConsultaA_2024_v22.csv,16448,CA_CAMAS,12.0,0.0,-12.0
00009660,2025,9,data\raw\Capacidad\ConsultaA_2025_v22.csv,6516,CA_CAMAS,0.0,11.0,11.0
00009749,2016,9,data\raw\Capacidad\ConsultaA_Recurso_Salud_2016_v1.csv,2362,CA_CAMAS,6.0,95.0,89.0
00009751,2018,1,data\raw\Capacidad\ConsultaA_Recurso_Salud_2018_v2.csv,4180,CA_CAMAS,95.0,0.0,-95.0
00009752,2018,1,data\raw\Capacidad\ConsultaA_Recurso_Salud_2018_v2.csv,2121,CA_CAMAS,95.0,0.0,-95.0
00009762,2018,2,data\raw\Capacidad\ConsultaA_Recurso_Salud_2018_v2.csv,4679,CA_CAMAS,95.0,0.0,-95.0
00009954,2020,10,data\raw\Capacidad\ConsultaA_Recursos_Salud_2020_v7.csv,31198,CA_CAMAS,14.0,0.0,-14.0
00009954,2020,11,data\raw\Capacidad\ConsultaA_Recursos_Salud_2020_v7.csv,26819,CA_CAMAS,0.0,20.0,20.0
00009954,2024,4,data\raw\Capacidad\ConsultaA_2024_v22.csv,31646,CA_CAMAS,9.0,20.0,11.0
00010063,2018,8,data\raw\Capacidad\ConsultaA_Recurso_Salud_2018_v2.csv,13773,CA_CAMAS,8.0,18.0,10.0
00010063,2021,6,data\raw\Capacidad\ConsultaA_Recursos_Salud_2021_v19.csv,16672,CA_CAMAS,18.0,43.0,25.0
00010136,2021,5,data\raw\Capacidad\ConsultaA_Recursos_Salud_2021_v19.csv,21944,CA_CAMAS,12.0,44.0,32.0
00010205,2017,2,data\raw\Capacidad\ConsultaA_Recurso_Salud_2017_v1.csv,5463,CA_CAMAS,10.0,0.0,-10.0
00010205,2018,1,data\raw\Capacidad\ConsultaA_Recurso_Salud_2018_v2.csv,3352,CA_CAMAS,0.0,10.0,10.0
00010205,2018,4,data\raw\Capacidad\ConsultaA_Recurso_Salud_2018_v2.csv,2276,CA_CAMAS,10.0,0.0,-10.0
00010244,2017,8,data\raw\Capacidad\ConsultaA_Recurso_Salud_2017_v1.csv,5834,CA_CAMAS,0.0,95.0,95.0
00010244,2017,9,data\raw\Capacidad\ConsultaA_Recurso_Salud_2017_v1.csv,5833,CA_CAMAS,95.0,0.0,-95.0
00010244,2018,9,data\raw\Capacidad\ConsultaA_Recurso_Salud_2018_v2.csv,11087,CA_CAMAS,0.0,85.0,85.0
00010244,2018,10,data\raw\Capacidad\ConsultaA_Recurso_Salud_2018_v2.csv,22143,CA_CAMAS,85.0,0.0,-85.0
00010244,2019,4,data\raw\Capacidad\ConsultaA_Recurso_Salud_2019_v7.csv,14472,CA_CAMAS,0.0,96.0,96.0
00010244,2019,5,data\raw\Capacidad\ConsultaA_Recurso_Salud_2019_v7.csv,13300,CA_CAMAS,96.0,0.0,-96.0
00010244,2019,6,data\raw\Capacidad\ConsultaA_Recurso_Salud_2019_v7.csv,8672,CA_CAMAS,0.0,96.0,96.0
00010244,2019,7,data\raw\Capacidad\ConsultaA_Recurso_Salud_2019_v7.csv,12519,CA_CAMAS,96.0,0.0,-96.0
00010244,2019,8,data\raw\Capacidad\ConsultaA_Recurso_Salud_2019_v7.csv,19303,CA_CAMAS,0.0,96.0,96.0
00010251,2020,10,data\raw\Capacidad\ConsultaA_Recursos_Salud_2020_v7.csv,27054,CA_CAMAS,22.0,49.0,27.0
00010251,2024,11,data\raw\Capacidad\ConsultaA_2024_v22.csv,1964,CA_CAMAS,48.0,0.0,-48.0
00010251,2025,2,data\raw\Capacidad\ConsultaA_2025_v22.csv,35350,CA_CAMAS,0.0,48.0,48.0
00010267,2020,5,data\raw\Capacidad\ConsultaA_Recursos_Salud_2020_v7.csv,19739,CA_CAMAS,16.0,40.0,24.0
00010267,2021,4,data\raw\Capacidad\ConsultaA_Recursos_Salud_2021_v19.csv,648,CA_CAMAS,10.0,24.0,14.0
00010267,2023,5,data\raw\Capacidad\ConsultaA_Recursos_Salud_2023_v24.csv,12357,CA_CAMAS,15.0,44.0,29.0
00010559,2021,2,data\raw\Capacidad\ConsultaA_Recursos_Salud_2021_v19.csv,1326,CA_CAMAS,10.0,0.0,-10.0
00010559,2021,5,data\raw\Capacidad\ConsultaA_Recursos_Salud_2021_v19.csv,22364,CA_CAMAS,0.0,10.0,10.0
00010559,2021,10,data\raw\Capacidad\ConsultaA_Recursos_Salud_2021_v19.csv,30470,CA_CAMAS,10.0,0.0,-10.0
00010559,2021,11,data\raw\Capacidad\ConsultaA_Recursos_Salud_2021_v19.csv,31618,CA_CAMAS,0.0,10.0,10.0
00010679,2024,8,data\raw\Capacidad\ConsultaA_2024_v22.csv,7218,CA_CAMAS,13.0,0.0,-13.0
00010710,2017,6,data\raw\Capacidad\ConsultaA_Recurso_Salud_2017_v1.csv,9733,CA_CAMAS,17.0,0.0,-17.0
00010883,2025,7,data\raw\Capacidad\ConsultaA_2025_v22.csv,39536,CA_CAMAS,20.0,59.0,39.0
00011056,2018,4,data\raw\Capacidad\ConsultaA_Recurso_Salud_2018_v2.csv,934,CA_CAMAS,0.0,28.0,28.0
00011154,2016,12,data\raw\Capacidad\ConsultaA_Recurso_Salud_2016_v1.csv,2614,CA_CAMAS,13.0,0.0,-13.0
00011241,2020,7,data\raw\Capacidad\ConsultaA_Recursos_Salud_2020_v7.csv,14133,CA_CAMAS,6.0,29.0,23.0
00011241,2020,8,data\raw\Capacidad\ConsultaA_Recursos_Salud_2020_v7.csv,13917,CA_CAMAS,29.0,0.0,-29.0
00011241,2020,9,data\raw\Capacidad\ConsultaA_Recursos_Salud_2020_v7.csv,29153,CA_CAMAS,0.0,29.0,29.0
00011241,2021,4,data\raw\Capacidad\ConsultaA_Recursos_Salud_2021_v19.csv,19398,CA_CAMAS,29.0,0.0,-29.0
00011241,2021,11,data\raw\Capacidad\ConsultaA_Recursos_Salud_2021_v19.csv,34326,CA_CAMAS,0.0,23.0,23.0
00011241,2022,2,data\raw\Capacidad\ConsultaA_Recursos_Salud_2022_v24.csv,9967,CA_CAMAS,23.0,0.0,-23.0
00011241,2023,1,data\raw\Capacidad\ConsultaA_Recursos_Salud_2023_v24.csv,8293,CA_CAMAS,0.0,22.0,22.0
00011397,2020,7,data\raw\Capacidad\ConsultaA_Recursos_Salud_2020_v7.csv,19572,CA_CAMAS,0.0,17.0,17.0
00011397,2020,8,data\raw\Capacidad\ConsultaA_Recursos_Salud_2020_v7.csv,22070,CA_CAMAS,17.0,0.0,-17.0
00011833,2023,1,data\raw\Capacidad\ConsultaA_Recursos_Salud_2023_v24.csv,10012,CA_CAMAS,20.0,0.0,-20.0
00011833,2023,2,data\raw\Capacidad\ConsultaA_Recursos_Salud_2023_v24.csv,11020,CA_CAMAS,0.0,19.0,19.0
00012020,2023,10,data\raw\Capacidad\ConsultaA_Recursos_Salud_2023_v24.csv,27528,CA_CAMAS,0.0,25.0,25.0
00012020,2023,11,data\raw\Capacidad\ConsultaA_Recursos_Salud_2023_v24.csv,28518,CA_CAMAS,25.0,0.0,-25.0
00012020,2024,2,data\raw\Capacidad\ConsultaA_2024_v22.csv,38533,CA_CAMAS,0.0,50.0,50.0
00012020,2024,3,data\raw\Capacidad\ConsultaA_2024_v22.csv,2638,CA_CAMAS,50.0,0.0,-50.0
00012206,2023,11,data\raw\Capacidad\ConsultaA_Recursos_Salud_2023_v24.csv,32636,CA_CAMAS,18.0,0.0,-18.0
00012243,2022,12,data\raw\Capacidad\ConsultaA_Recursos_Salud_2022_v24.csv,34140,CA_CAMAS,15.0,38.0,23.0
00012243,2023,8,data\raw\Capacidad\ConsultaA_Recursos_Salud_2023_v24.csv,20366,CA_CAMAS,44.0,0.0,-44.0
00012243,2023,9,data\raw\Capacidad\ConsultaA_Recursos_Salud_2023_v24.csv,31367,CA_CAMAS,0.0,40.0,40.0
00012243,2023,11,data\raw\Capacidad\ConsultaA_Recursos_Salud_2023_v24.csv,30710,CA_CAMAS,43.0,0.0,-43.0
00012243,2023,12,data\raw\Capacidad\ConsultaA_Recursos_Salud_2023_v24.csv,39552,CA_CAMAS,0.0,55.0,55.0
00012261,2025,12,data\raw\Capacidad\ConsultaA_2025_v22.csv,57821,CA_CAMAS,15.0,30.0,15.0
00012272,2020,9,data\raw\Capacidad\ConsultaA_Recursos_Salud_2020_v7.csv,31668,CA_CAMAS,17.0,90.0,73.0
00012301,2018,5,data\raw\Capacidad\ConsultaA_Recurso_Salud_2018_v2.csv,5784,CA_CAMAS,16.0,36.0,20.0
00012671,2022,2,data\raw\Capacidad\ConsultaA_Recursos_Salud_2022_v24.csv,10553,CA_CAMAS,29.0,0.0,-29.0
00012765,2017,7,data\raw\Capacidad\ConsultaA_Recurso_Salud_2017_v1.csv,6851,CA_CAMAS,10.0,20.0,10.0
00012765,2018,5,data\raw\Capacidad\ConsultaA_Recurso_Salud_2018_v2.csv,4245,CA_CAMAS,12.0,25.0,13.0
00012765,2018,7,data\raw\Capacidad\ConsultaA_Recurso_Salud_2018_v2.csv,15282,CA_CAMAS,10.0,20.0,10.0
00012765,2019,5,data\raw\Capacidad\ConsultaA_Recurso_Salud_2019_v7.csv,9222,CA_CAMAS,12.0,25.0,13.0
00012765,2019,7,data\raw\Capacidad\ConsultaA_Recurso_Salud_2019_v7.csv,7903,CA_CAMAS,10.0,20.0,10.0
00012765,2019,11,data\raw\Capacidad\ConsultaA_Recurso_Salud_2019_v7.csv,25602,CA_CAMAS,10.0,24.0,14.0
00012907,2023,9,data\raw\Capacidad\ConsultaA_Recursos_Salud_2023_v24.csv,33102,CA_CAMAS,18.0,0.0,-18.0
00012907,2024,1,data\raw\Capacidad\ConsultaA_2024_v22.csv,272,CA_CAMAS,0.0,27.0,27.0
00012907,2024,12,data\raw\Capacidad\ConsultaA_2024_v22.csv,705,CA_CAMAS,27.0,0.0,-27.0
00012907,2025,1,data\raw\Capacidad\ConsultaA_2025_v22.csv,24935,CA_CAMAS,0.0,27.0,27.0
00012907,2026,7,data\raw\Capacidad\ConsultaA_2026_v13.csv,8502,CA_CAMAS,27.0,0.0,-27.0
00012923,2020,6,data\raw\Capacidad\ConsultaA_Recursos_Salud_2020_v7.csv,25380,CA_CAMAS,0.0,144.0,144.0
00013295,2020,9,data\raw\Capacidad\ConsultaA_Recursos_Salud_2020_v7.csv,33740,CA_CAMAS,30.0,60.0,30.0
00013295,2021,4,data\raw\Capacidad\ConsultaA_Recursos_Salud_2021_v19.csv,1714,CA_CAMAS,30.0,60.0,30.0
00013295,2023,4,data\raw\Capacidad\ConsultaA_Recursos_Salud_2023_v24.csv,249,CA_CAMAS,27.0,69.0,42.0
00013296,2020,10,data\raw\Capacidad\ConsultaA_Recursos_Salud_2020_v7.csv,35808,CA_CAMAS,19.0,0.0,-19.0
00013296,2022,5,data\raw\Capacidad\ConsultaA_Recursos_Salud_2022_v24.csv,22075,CA_CAMAS,0.0,52.0,52.0
00013395,2019,8,data\raw\Capacidad\ConsultaA_Recurso_Salud_2019_v7.csv,23784,CA_CAMAS,20.0,0.0,-20.0
00013395,2019,10,data\raw\Capacidad\ConsultaA_Recurso_Salud_2019_v7.csv,20563,CA_CAMAS,0.0,17.0,17.0
00013722,2025,6,data\raw\Capacidad\ConsultaA_2025_v22.csv,4352,CA_CAMAS,45.0,90.0,45.0
00013722,2025,9,data\raw\Capacidad\ConsultaA_2025_v22.csv,38585,CA_CAMAS,45.0,90.0,45.0
00013911,2017,7,data\raw\Capacidad\ConsultaA_Recurso_Salud_2017_v1.csv,9667,CA_CAMAS,11.0,0.0,-11.0
00013911,2017,8,data\raw\Capacidad\ConsultaA_Recurso_Salud_2017_v1.csv,9666,CA_CAMAS,0.0,11.0,11.0
00013912,2020,8,data\raw\Capacidad\ConsultaA_Recursos_Salud_2020_v7.csv,36220,CA_CAMAS,54.0,145.0,91.0
00013912,2021,1,data\raw\Capacidad\ConsultaA_Recursos_Salud_2021_v19.csv,7028,CA_CAMAS,75.0,183.0,108.0
00013912,2021,2,data\raw\Capacidad\ConsultaA_Recursos_Salud_2021_v19.csv,6629,CA_CAMAS,183.0,0.0,-183.0
00013912,2021,3,data\raw\Capacidad\ConsultaA_Recursos_Salud_2021_v19.csv,10169,CA_CAMAS,0.0,258.0,258.0
00015078,2023,6,data\raw\Capacidad\ConsultaA_Recursos_Salud_2023_v24.csv,15987,CA_CAMAS,2.0,12.0,10.0
00015118,2025,1,data\raw\Capacidad\ConsultaA_2025_v22.csv,25632,CA_CAMAS,52.0,0.0,-52.0
00015118,2025,2,data\raw\Capacidad\ConsultaA_2025_v22.csv,22214,CA_CAMAS,0.0,40.0,40.0
00015118,2026,7,data\raw\Capacidad\ConsultaA_2026_v13.csv,26947,CA_CAMAS,40.0,0.0,-40.0
00015730,2020,3,data\raw\Capacidad\ConsultaA_Recursos_Salud_2020_v7.csv,5632,CA_CAMAS,102.0,316.0,214.0
00016005,2026,3,data\raw\Capacidad\ConsultaA_2026_v13.csv,435,CA_CAMAS,10.0,21.0,11.0
00016094,2024,4,data\raw\Capacidad\ConsultaA_2024_v22.csv,12225,CA_CAMAS,21.0,58.0,37.0
00016094,2024,6,data\raw\Capacidad\ConsultaA_2024_v22.csv,32672,CA_CAMAS,23.0,72.0,49.0
00016153,2020,8,data\raw\Capacidad\ConsultaA_Recursos_Salud_2020_v7.csv,19408,CA_CAMAS,17.0,42.0,25.0
00016157,2020,7,data\raw\Capacidad\ConsultaA_Recursos_Salud_2020_v7.csv,17882,CA_CAMAS,27.0,68.0,41.0
00016291,2020,9,data\raw\Capacidad\ConsultaA_Recursos_Salud_2020_v7.csv,30140,CA_CAMAS,23.0,0.0,-23.0
00016291,2021,1,data\raw\Capacidad\ConsultaA_Recursos_Salud_2021_v19.csv,9843,CA_CAMAS,0.0,23.0,23.0
00016483,2020,12,data\raw\Capacidad\ConsultaA_Recursos_Salud_2020_v7.csv,33673,CA_CAMAS,0.0,150.0,150.0
00016483,2021,1,data\raw\Capacidad\ConsultaA_Recursos_Salud_2021_v19.csv,6895,CA_CAMAS,150.0,0.0,-150.0
00016536,2020,12,data\raw\Capacidad\ConsultaA_Recursos_Salud_2020_v7.csv,26898,CA_CAMAS,5.0,15.0,10.0
00016541,2018,10,data\raw\Capacidad\ConsultaA_Recurso_Salud_2018_v2.csv,5499,CA_CAMAS,30.0,0.0,-30.0
00016541,2018,12,data\raw\Capacidad\ConsultaA_Recurso_Salud_2018_v2.csv,29255,CA_CAMAS,0.0,30.0,30.0
00016541,2019,3,data\raw\Capacidad\ConsultaA_Recurso_Salud_2019_v7.csv,6418,CA_CAMAS,30.0,73.0,43.0
00016541,2024,3,data\raw\Capacidad\ConsultaA_2024_v22.csv,30109,CA_CAMAS,15.0,82.0,67.0
00016551,2018,3,data\raw\Capacidad\ConsultaA_Recurso_Salud_2018_v2.csv,6235,CA_CAMAS,0.0,16.0,16.0
00016552,2018,11,data\raw\Capacidad\ConsultaA_Recurso_Salud_2018_v2.csv,28592,CA_CAMAS,0.0,12.0,12.0
00016552,2019,11,data\raw\Capacidad\ConsultaA_Recurso_Salud_2019_v7.csv,29612,CA_CAMAS,13.0,0.0,-13.0
00016552,2019,12,data\raw\Capacidad\ConsultaA_Recurso_Salud_2019_v7.csv,30669,CA_CAMAS,0.0,13.0,13.0
00016721,2023,5,data\raw\Capacidad\ConsultaA_Recursos_Salud_2023_v24.csv,21687,CA_CAMAS,51.0,0.0,-51.0
00016721,2023,6,data\raw\Capacidad\ConsultaA_Recursos_Salud_2023_v24.csv,11264,CA_CAMAS,0.0,51.0,51.0
00016721,2023,7,data\raw\Capacidad\ConsultaA_Recursos_Salud_2023_v24.csv,18688,CA_CAMAS,51.0,0.0,-51.0
00016721,2023,8,data\raw\Capacidad\ConsultaA_Recursos_Salud_2023_v24.csv,35379,CA_CAMAS,0.0,36.0,36.0
00016721,2024,2,data\raw\Capacidad\ConsultaA_2024_v22.csv,38710,CA_CAMAS,51.0,0.0,-51.0
00016721,2024,3,data\raw\Capacidad\ConsultaA_2024_v22.csv,27521,CA_CAMAS,0.0,51.0,51.0
00016721,2024,5,data\raw\Capacidad\ConsultaA_2024_v22.csv,14065,CA_CAMAS,36.0,0.0,-36.0
00016721,2025,11,data\raw\Capacidad\ConsultaA_2025_v22.csv,57928,CA_CAMAS,0.0,51.0,51.0
00016744,2020,5,data\raw\Capacidad\ConsultaA_Recursos_Salud_2020_v7.csv,18545,CA_CAMAS,20.0,43.0,23.0
00016830,2020,6,data\raw\Capacidad\ConsultaA_Recursos_Salud_2020_v7.csv,15212,CA_CAMAS,6.0,43.0,37.0
00017023,2026,3,data\raw\Capacidad\ConsultaA_2026_v13.csv,26967,CA_CAMAS,10.0,0.0,-10.0
00017075,2020,3,data\raw\Capacidad\ConsultaA_Recursos_Salud_2020_v7.csv,38455,CA_CAMAS,16.0,0.0,-16.0
00017075,2021,6,data\raw\Capacidad\ConsultaA_Recursos_Salud_2021_v19.csv,15651,CA_CAMAS,0.0,16.0,16.0
00017075,2021,7,data\raw\Capacidad\ConsultaA_Recursos_Salud_2021_v19.csv,15791,CA_CAMAS,16.0,0.0,-16.0
00017075,2021,8,data\raw\Capacidad\ConsultaA_Recursos_Salud_2021_v19.csv,17783,CA_CAMAS,0.0,16.0,16.0
00017075,2021,10,data\raw\Capacidad\ConsultaA_Recursos_Salud_2021_v19.csv,35856,CA_CAMAS,16.0,0.0,-16.0
00017075,2022,5,data\raw\Capacidad\ConsultaA_Recursos_Salud_2022_v24.csv,11191,CA_CAMAS,0.0,16.0,16.0
00017883,2024,10,data\raw\Capacidad\ConsultaA_2024_v22.csv,41784,CA_CAMAS,0.0,20.0,20.0
00017883,2025,1,data\raw\Capacidad\ConsultaA_2025_v22.csv,22334,CA_CAMAS,5.0,23.0,18.0
00018230,2018,10,data\raw\Capacidad\ConsultaA_Recurso_Salud_2018_v2.csv,13534,CA_CAMAS,31.0,313.0,282.0
00019264,2019,3,data\raw\Capacidad\ConsultaA_Recurso_Salud_2019_v7.csv,10322,CA_CAMAS,10.0,0.0,-10.0
00020245,2024,9,data\raw\Capacidad\ConsultaA_2024_v22.csv,46793,CA_CAMAS,0.0,26.0,26.0
00020245,2024,10,data\raw\Capacidad\ConsultaA_2024_v22.csv,36362,CA_CAMAS,26.0,0.0,-26.0
00020274,2020,6,data\raw\Capacidad\ConsultaA_Recursos_Salud_2020_v7.csv,26271,CA_CAMAS,10.0,20.0,10.0
00020674,2025,8,data\raw\Capacidad\ConsultaA_2025_v22.csv,43093,CA_CAMAS,3.0,220601.0,220598.0
00020674,2025,12,data\raw\Capacidad\ConsultaA_2025_v22.csv,53600,CA_CAMAS,3.0,220601.0,220598.0
00020674,2026,4,data\raw\Capacidad\ConsultaA_2026_v13.csv,10252,CA_CAMAS,3.0,220601.0,220598.0
00023151,2017,7,data\raw\Capacidad\ConsultaA_Recurso_Salud_2017_v1.csv,13,CA_CAMAS,14.0,29.0,15.0
00023151,2018,1,data\raw\Capacidad\ConsultaA_Recurso_Salud_2018_v2.csv,3263,CA_CAMAS,14.0,29.0,15.0
00023151,2019,1,data\raw\Capacidad\ConsultaA_Recurso_Salud_2019_v7.csv,2120,CA_CAMAS,14.0,29.0,15.0
00023151,2020,3,data\raw\Capacidad\ConsultaA_Recursos_Salud_2020_v7.csv,2385,CA_CAMAS,10.0,20.0,10.0
00023431,2026,1,data\raw\Capacidad\ConsultaA_2026_v13.csv,19354,CA_CAMAS,11.0,0.0,-11.0
00023488,2022,11,data\raw\Capacidad\ConsultaA_Recursos_Salud_2022_v24.csv,36718,CA_CAMAS,0.0,15.0,15.0
00023488,2023,1,data\raw\Capacidad\ConsultaA_Recursos_Salud_2023_v24.csv,8848,CA_CAMAS,15.0,0.0,-15.0
00023833,2023,3,data\raw\Capacidad\ConsultaA_Recursos_Salud_2023_v24.csv,1694,CA_CAMAS,10.0,0.0,-10.0
00023969,2026,5,data\raw\Capacidad\ConsultaA_2026_v13.csv,11577,CA_CAMAS,0.0,12.0,12.0
00023969,2026,6,data\raw\Capacidad\ConsultaA_2026_v13.csv,21691,CA_CAMAS,12.0,0.0,-12.0
00024425,2019,8,data\raw\Capacidad\ConsultaA_Recurso_Salud_2019_v7.csv,33246,CA_CAMAS,4.0,20.0,16.0
00024425,2020,7,data\raw\Capacidad\ConsultaA_Recursos_Salud_2020_v7.csv,16258,CA_CAMAS,14.0,30.0,16.0
00024425,2020,10,data\raw\Capacidad\ConsultaA_Recursos_Salud_2020_v7.csv,30308,CA_CAMAS,14.0,30.0,16.0
00024425,2022,1,data\raw\Capacidad\ConsultaA_Recursos_Salud_2022_v24.csv,6938,CA_CAMAS,4.0,30.0,26.0
00024425,2022,4,data\raw\Capacidad\ConsultaA_Recursos_Salud_2022_v24.csv,15451,CA_CAMAS,4.0,30.0,26.0
00024425,2022,12,data\raw\Capacidad\ConsultaA_Recursos_Salud_2022_v24.csv,24681,CA_CAMAS,4.0,30.0,26.0
00024425,2024,1,data\raw\Capacidad\ConsultaA_2024_v22.csv,3697,CA_CAMAS,4.0,30.0,26.0
00024425,2024,5,data\raw\Capacidad\ConsultaA_2024_v22.csv,32183,CA_CAMAS,4.0,30.0,26.0
00024425,2024,7,data\raw\Capacidad\ConsultaA_2024_v22.csv,10485,CA_CAMAS,4.0,30.0,26.0
00024425,2024,10,data\raw\Capacidad\ConsultaA_2024_v22.csv,2025,CA_CAMAS,4.0,30.0,26.0
00024425,2025,1,data\raw\Capacidad\ConsultaA_2025_v22.csv,19671,CA_CAMAS,4.0,30.0,26.0
00024425,2025,5,data\raw\Capacidad\ConsultaA_2025_v22.csv,27879,CA_CAMAS,4.0,22.0,18.0
00025061,2026,4,data\raw\Capacidad\ConsultaA_2026_v13.csv,21364,CA_CAMAS,10.0,21.0,11.0
00025535,2022,7,data\raw\Capacidad\ConsultaA_Recursos_Salud_2022_v24.csv,33167,CA_CAMAS,0.0,20.0,20.0
00025732,2023,10,data\raw\Capacidad\ConsultaA_Recursos_Salud_2023_v24.csv,28300,CA_CAMAS,2.0,13.0,11.0
00026935,2023,5,data\raw\Capacidad\ConsultaA_Recursos_Salud_2023_v24.csv,20266,CA_CAMAS,6.0,19.0,13.0
00026936,2021,9,data\raw\Capacidad\ConsultaA_Recursos_Salud_2021_v19.csv,25971,CA_CAMAS,20.0,40.0,20.0
00027276,2023,11,data\raw\Capacidad\ConsultaA_Recursos_Salud_2023_v24.csv,31913,CA_CAMAS,0.0,11.0,11.0
00027276,2024,1,data\raw\Capacidad\ConsultaA_2024_v22.csv,37502,CA_CAMAS,13.0,0.0,-13.0
00027478,2025,9,data\raw\Capacidad\ConsultaA_2025_v22.csv,13363,CA_CAMAS,36.0,0.0,-36.0
00027478,2025,10,data\raw\Capacidad\ConsultaA_2025_v22.csv,4468,CA_CAMAS,0.0,33.0,33.0
00027733,2020,11,data\raw\Capacidad\ConsultaA_Recursos_Salud_2020_v7.csv,30099,CA_CAMAS,49.0,106.0,57.0
00028464,2026,3,data\raw\Capacidad\ConsultaA_2026_v13.csv,17077,CA_CAMAS,18.0,0.0,-18.0
00028464,2026,7,data\raw\Capacidad\ConsultaA_2026_v13.csv,7214,CA_CAMAS,0.0,12.0,12.0
00029011,2025,12,data\raw\Capacidad\ConsultaA_2025_v22.csv,50382,CA_CAMAS,47.0,0.0,-47.0
00029518,2024,10,data\raw\Capacidad\ConsultaA_2024_v22.csv,47909,CA_CAMAS,0.0,122.0,122.0
00029518,2024,11,data\raw\Capacidad\ConsultaA_2024_v22.csv,44308,CA_CAMAS,122.0,0.0,-122.0
00030997,2025,3,data\raw\Capacidad\ConsultaA_2025_v22.csv,41694,CA_CAMAS,8.0,19.0,11.0
00032441,2023,10,data\raw\Capacidad\ConsultaA_Recursos_Salud_2023_v24.csv,25281,CA_CAMAS,0.0,11.0,11.0
00032672,2024,1,data\raw\Capacidad\ConsultaA_2024_v22.csv,39098,CA_CAMAS,12.0,0.0,-12.0
00032672,2024,2,data\raw\Capacidad\ConsultaA_2024_v22.csv,2696,CA_CAMAS,0.0,12.0,12.0
00032672,2024,4,data\raw\Capacidad\ConsultaA_2024_v22.csv,30154,CA_CAMAS,12.0,0.0,-12.0
00032672,2024,5,data\raw\Capacidad\ConsultaA_2024_v22.csv,13093,CA_CAMAS,0.0,12.0,12.0
00032672,2024,7,data\raw\Capacidad\ConsultaA_2024_v22.csv,8937,CA_CAMAS,12.0,0.0,-12.0
00032672,2024,8,data\raw\Capacidad\ConsultaA_2024_v22.csv,9337,CA_CAMAS,0.0,12.0,12.0
00032672,2024,11,data\raw\Capacidad\ConsultaA_2024_v22.csv,47258,CA_CAMAS,12.0,0.0,-12.0
00032672,2024,12,data\raw\Capacidad\ConsultaA_2024_v22.csv,47571,CA_CAMAS,0.0,12.0,12.0
00032672,2025,2,data\raw\Capacidad\ConsultaA_2025_v22.csv,22100,CA_CAMAS,12.0,0.0,-12.0
00032672,2025,3,data\raw\Capacidad\ConsultaA_2025_v22.csv,14601,CA_CAMAS,0.0,12.0,12.0
00032672,2025,4,data\raw\Capacidad\ConsultaA_2025_v22.csv,14775,CA_CAMAS,12.0,0.0,-12.0
00032672,2025,5,data\raw\Capacidad\ConsultaA_2025_v22.csv,28194,CA_CAMAS,0.0,12.0,12.0
00032672,2025,8,data\raw\Capacidad\ConsultaA_2025_v22.csv,39541,CA_CAMAS,12.0,0.0,-12.0
00032672,2025,9,data\raw\Capacidad\ConsultaA_2025_v22.csv,3679,CA_CAMAS,0.0,12.0,12.0
00032672,2025,10,data\raw\Capacidad\ConsultaA_2025_v22.csv,12180,CA_CAMAS,12.0,0.0,-12.0
00032672,2025,11,data\raw\Capacidad\ConsultaA_2025_v22.csv,53542,CA_CAMAS,0.0,12.0,12.0
00032672,2026,1,data\raw\Capacidad\ConsultaA_2026_v13.csv,39629,CA_CAMAS,12.0,0.0,-12.0
00032702,2026,6,data\raw\Capacidad\ConsultaA_2026_v13.csv,35062,CA_CAMAS,0.0,10.0,10.0
00033237,2023,9,data\raw\Capacidad\ConsultaA_Recursos_Salud_2023_v24.csv,28266,CA_CAMAS,0.0,13.0,13.0
00033237,2024,12,data\raw\Capacidad\ConsultaA_2024_v22.csv,42633,CA_CAMAS,13.0,0.0,-13.0
00033237,2025,8,data\raw\Capacidad\ConsultaA_2025_v22.csv,31796,CA_CAMAS,0.0,13.0,13.0
00033622,2023,12,data\raw\Capacidad\ConsultaA_Recursos_Salud_2023_v24.csv,40657,CA_CAMAS,0.0,10.0,10.0
00034418,2026,1,data\raw\Capacidad\ConsultaA_2026_v13.csv,10275,CA_CAMAS,0.0,27.0,27.0
00034737,2025,11,data\raw\Capacidad\ConsultaA_2025_v22.csv,48975,CA_CAMAS,12.0,39.0,27.0
00036675,2026,4,data\raw\Capacidad\ConsultaA_2026_v13.csv,21845,CA_CAMAS,19.0,135.0,116.0
00036980,2026,4,data\raw\Capacidad\ConsultaA_2026_v13.csv,15549,CA_CAMAS,5.0,16.0,11.0
00000162,2022,3,data\raw\Capacidad\ConsultaA_Recursos_Salud_2022_v24.csv,10603,CA_MEDICOS_TOTAL,9.0,19.0,10.0
00000162,2024,6,data\raw\Capacidad\ConsultaA_2024_v22.csv,9703,CA_MEDICOS_TOTAL,7.0,17.0,10.0
00000210,2017,8,data\raw\Capacidad\ConsultaA_Recurso_Salud_2017_v1.csv,193,CA_MEDICOS_TOTAL,29.0,58.0,29.0
00000340,2016,9,data\raw\Capacidad\ConsultaA_Recurso_Salud_2016_v1.csv,212,CA_MEDICOS_TOTAL,14.0,145.0,131.0
00000434,2020,1,data\raw\Capacidad\ConsultaA_Recursos_Salud_2020_v7.csv,5477,CA_MEDICOS_TOTAL,3.0,20.0,17.0
00000727,2022,4,data\raw\Capacidad\ConsultaA_Recursos_Salud_2022_v24.csv,3986,CA_MEDICOS_TOTAL,0.0,16.0,16.0
00000754,2025,10,data\raw\Capacidad\ConsultaA_2025_v22.csv,48185,CA_MEDICOS_TOTAL,120.0,298.0,178.0
00000754,2026,3,data\raw\Capacidad\ConsultaA_2026_v13.csv,4105,CA_MEDICOS_TOTAL,120.0,298.0,178.0
00000887,2021,6,data\raw\Capacidad\ConsultaA_Recursos_Salud_2021_v19.csv,25319,CA_MEDICOS_TOTAL,10.0,0.0,-10.0
00000887,2021,7,data\raw\Capacidad\ConsultaA_Recursos_Salud_2021_v19.csv,33718,CA_MEDICOS_TOTAL,0.0,12.0,12.0
00000887,2022,12,data\raw\Capacidad\ConsultaA_Recursos_Salud_2022_v24.csv,30570,CA_MEDICOS_TOTAL,10.0,0.0,-10.0
00000887,2023,1,data\raw\Capacidad\ConsultaA_Recursos_Salud_2023_v24.csv,5682,CA_MEDICOS_TOTAL,0.0,10.0,10.0
00000887,2023,10,data\raw\Capacidad\ConsultaA_Recursos_Salud_2023_v24.csv,26545,CA_MEDICOS_TOTAL,10.0,0.0,-10.0
00000887,2023,11,data\raw\Capacidad\ConsultaA_Recursos_Salud_2023_v24.csv,26088,CA_MEDICOS_TOTAL,0.0,10.0,10.0
00001232,2024,5,data\raw\Capacidad\ConsultaA_2024_v22.csv,13211,CA_MEDICOS_TOTAL,36.0,217.0,181.0
00001233,2022,12,data\raw\Capacidad\ConsultaA_Recursos_Salud_2022_v24.csv,32270,CA_MEDICOS_TOTAL,8.0,18.0,10.0
00001237,2018,2,data\raw\Capacidad\ConsultaA_Recurso_Salud_2018_v2.csv,3564,CA_MEDICOS_TOTAL,13.0,125.0,112.0
00001257,2022,11,data\raw\Capacidad\ConsultaA_Recursos_Salud_2022_v24.csv,36719,CA_MEDICOS_TOTAL,7.0,18.0,11.0
00001263,2022,11,data\raw\Capacidad\ConsultaA_Recursos_Salud_2022_v24.csv,36720,CA_MEDICOS_TOTAL,2.0,18.0,16.0
00001264,2022,11,data\raw\Capacidad\ConsultaA_Recursos_Salud_2022_v24.csv,36721,CA_MEDICOS_TOTAL,2.0,18.0,16.0
00001267,2022,11,data\raw\Capacidad\ConsultaA_Recursos_Salud_2022_v24.csv,36722,CA_MEDICOS_TOTAL,2.0,18.0,16.0
00001294,2023,11,data\raw\Capacidad\ConsultaA_Recursos_Salud_2023_v24.csv,33716,CA_MEDICOS_TOTAL,5.0,18.0,13.0
00001307,2020,11,data\raw\Capacidad\ConsultaA_Recursos_Salud_2020_v7.csv,27400,CA_MEDICOS_TOTAL,2.0,22.0,20.0
00001325,2018,2,data\raw\Capacidad\ConsultaA_Recurso_Salud_2018_v2.csv,629,CA_MEDICOS_TOTAL,0.0,10.0,10.0
00001325,2018,7,data\raw\Capacidad\ConsultaA_Recurso_Salud_2018_v2.csv,21169,CA_MEDICOS_TOTAL,0.0,10.0,10.0
00001325,2019,10,data\raw\Capacidad\ConsultaA_Recurso_Salud_2019_v7.csv,21614,CA_MEDICOS_TOTAL,11.0,0.0,-11.0
00001325,2019,11,data\raw\Capacidad\ConsultaA_Recurso_Salud_2019_v7.csv,28308,CA_MEDICOS_TOTAL,0.0,11.0,11.0
00001325,2025,10,data\raw\Capacidad\ConsultaA_2025_v22.csv,50716,CA_MEDICOS_TOTAL,0.0,11.0,11.0
00001328,2018,9,data\raw\Capacidad\ConsultaA_Recurso_Salud_2018_v2.csv,14793,CA_MEDICOS_TOTAL,1.0,11.0,10.0
00001344,2019,12,data\raw\Capacidad\ConsultaA_Recurso_Salud_2019_v7.csv,31742,CA_MEDICOS_TOTAL,29.0,87.0,58.0
00001344,2021,7,data\raw\Capacidad\ConsultaA_Recursos_Salud_2021_v19.csv,17976,CA_MEDICOS_TOTAL,1.0,32.0,31.0
00001344,2023,7,data\raw\Capacidad\ConsultaA_Recursos_Salud_2023_v24.csv,15012,CA_MEDICOS_TOTAL,1.0,26.0,25.0
00001344,2023,9,data\raw\Capacidad\ConsultaA_Recursos_Salud_2023_v24.csv,33787,CA_MEDICOS_TOTAL,36.0,0.0,-36.0
00001344,2025,8,data\raw\Capacidad\ConsultaA_2025_v22.csv,2177,CA_MEDICOS_TOTAL,0.0,26.0,26.0
00001344,2025,9,data\raw\Capacidad\ConsultaA_2025_v22.csv,37756,CA_MEDICOS_TOTAL,26.0,54.0,28.0
00001344,2025,12,data\raw\Capacidad\ConsultaA_2025_v22.csv,59392,CA_MEDICOS_TOTAL,54.0,0.0,-54.0
00001382,2020,6,data\raw\Capacidad\ConsultaA_Recursos_Salud_2020_v7.csv,15522,CA_MEDICOS_TOTAL,30.0,60.0,30.0
00001444,2018,10,data\raw\Capacidad\ConsultaA_Recurso_Salud_2018_v2.csv,28198,CA_MEDICOS_TOTAL,0.0,11.0,11.0
00001652,2020,7,data\raw\Capacidad\ConsultaA_Recursos_Salud_2020_v7.csv,20006,CA_MEDICOS_TOTAL,45.0,92.0,47.0
00001652,2020,11,data\raw\Capacidad\ConsultaA_Recursos_Salud_2020_v7.csv,36202,CA_MEDICOS_TOTAL,57.0,166.0,109.0
00002021,2016,7,data\raw\Capacidad\ConsultaA_Recurso_Salud_2016_v1.csv,484,CA_MEDICOS_TOTAL,27.0,75.0,48.0
00002084,2019,5,data\raw\Capacidad\ConsultaA_Recurso_Salud_2019_v7.csv,17575,CA_MEDICOS_TOTAL,136.0,413.0,277.0
00002112,2025,11,data\raw\Capacidad\ConsultaA_2025_v22.csv,56058,CA_MEDICOS_TOTAL,12.0,145.0,133.0
00002161,2020,6,data\raw\Capacidad\ConsultaA_Recursos_Salud_2020_v7.csv,26349,CA_MEDICOS_TOTAL,30.0,66.0,36.0
00002305,2021,8,data\raw\Capacidad\ConsultaA_Recursos_Salud_2021_v19.csv,19376,CA_MEDICOS_TOTAL,184.0,387.0,203.0
00002378,2018,7,data\raw\Capacidad\ConsultaA_Recurso_Salud_2018_v2.csv,11894,CA_MEDICOS_TOTAL,29.0,0.0,-29.0
00002378,2018,8,data\raw\Capacidad\ConsultaA_Recurso_Salud_2018_v2.csv,15793,CA_MEDICOS_TOTAL,0.0,35.0,35.0
00002378,2021,3,data\raw\Capacidad\ConsultaA_Recursos_Salud_2021_v19.csv,5714,CA_MEDICOS_TOTAL,39.0,0.0,-39.0
00002378,2021,4,data\raw\Capacidad\ConsultaA_Recursos_Salud_2021_v19.csv,17606,CA_MEDICOS_TOTAL,0.0,33.0,33.0
00002398,2017,10,data\raw\Capacidad\ConsultaA_Recurso_Salud_2017_v1.csv,1560,CA_MEDICOS_TOTAL,9.0,22.0,13.0
00002398,2020,7,data\raw\Capacidad\ConsultaA_Recursos_Salud_2020_v7.csv,20500,CA_MEDICOS_TOTAL,11.0,22.0,11.0
00002523,2026,7,data\raw\Capacidad\ConsultaA_2026_v13.csv,8822,CA_MEDICOS_TOTAL,1.0,11.0,10.0
00002818,2016,5,data\raw\Capacidad\ConsultaA_Recurso_Salud_2016_v1.csv,496,CA_MEDICOS_TOTAL,18.0,56.0,38.0
00002864,2018,9,data\raw\Capacidad\ConsultaA_Recurso_Salud_2018_v2.csv,17488,CA_MEDICOS_TOTAL,11.0,126.0,115.0
00002974,2020,1,data\raw\Capacidad\ConsultaA_Recursos_Salud_2020_v7.csv,3981,CA_MEDICOS_TOTAL,18.0,37.0,19.0
00002990,2018,3,data\raw\Capacidad\ConsultaA_Recurso_Salud_2018_v2.csv,8374,CA_MEDICOS_TOTAL,5.0,15.0,10.0
00003032,2020,12,data\raw\Capacidad\ConsultaA_Recursos_Salud_2020_v7.csv,35718,CA_MEDICOS_TOTAL,22.0,0.0,-22.0
00003032,2021,1,data\raw\Capacidad\ConsultaA_Recursos_Salud_2021_v19.csv,5944,CA_MEDICOS_TOTAL,0.0,21.0,21.0
00003068,2019,5,data\raw\Capacidad\ConsultaA_Recurso_Salud_2019_v7.csv,7171,CA_MEDICOS_TOTAL,13.0,0.0,-13.0
00003068,2019,6,data\raw\Capacidad\ConsultaA_Recurso_Salud_2019_v7.csv,9467,CA_MEDICOS_TOTAL,0.0,12.0,12.0
00003068,2023,7,data\raw\Capacidad\ConsultaA_Recursos_Salud_2023_v24.csv,16553,CA_MEDICOS_TOTAL,19.0,44.0,25.0
00003414,2019,6,data\raw\Capacidad\ConsultaA_Recurso_Salud_2019_v7.csv,15906,CA_MEDICOS_TOTAL,55.0,0.0,-55.0
00003414,2019,7,data\raw\Capacidad\ConsultaA_Recurso_Salud_2019_v7.csv,18139,CA_MEDICOS_TOTAL,0.0,55.0,55.0
00003414,2024,1,data\raw\Capacidad\ConsultaA_2024_v22.csv,39444,CA_MEDICOS_TOTAL,57.0,143.0,86.0
00003494,2016,12,data\raw\Capacidad\ConsultaA_Recurso_Salud_2016_v1.csv,4279,CA_MEDICOS_TOTAL,30.0,0.0,-30.0
00003494,2017,1,data\raw\Capacidad\ConsultaA_Recurso_Salud_2017_v1.csv,9092,CA_MEDICOS_TOTAL,0.0,30.0,30.0
00003494,2019,2,data\raw\Capacidad\ConsultaA_Recurso_Salud_2019_v7.csv,2333,CA_MEDICOS_TOTAL,9.0,24.0,15.0
00003523,2025,2,data\raw\Capacidad\ConsultaA_2025_v22.csv,23152,CA_MEDICOS_TOTAL,25.0,0.0,-25.0
00003523,2025,3,data\raw\Capacidad\ConsultaA_2025_v22.csv,10355,CA_MEDICOS_TOTAL,0.0,27.0,27.0
00003575,2019,9,data\raw\Capacidad\ConsultaA_Recurso_Salud_2019_v7.csv,22602,CA_MEDICOS_TOTAL,2.0,34.0,32.0
00003727,2016,11,data\raw\Capacidad\ConsultaA_Recurso_Salud_2016_v1.csv,649,CA_MEDICOS_TOTAL,15.0,0.0,-15.0
00003727,2016,12,data\raw\Capacidad\ConsultaA_Recurso_Salud_2016_v1.csv,647,CA_MEDICOS_TOTAL,0.0,15.0,15.0
00003727,2024,6,data\raw\Capacidad\ConsultaA_2024_v22.csv,9091,CA_MEDICOS_TOTAL,10.0,39.0,29.0
00003754,2017,6,data\raw\Capacidad\ConsultaA_Recurso_Salud_2017_v1.csv,9938,CA_MEDICOS_TOTAL,26.0,0.0,-26.0
00003754,2017,9,data\raw\Capacidad\ConsultaA_Recurso_Salud_2017_v1.csv,9935,CA_MEDICOS_TOTAL,0.0,28.0,28.0
00003754,2019,2,data\raw\Capacidad\ConsultaA_Recurso_Salud_2019_v7.csv,4862,CA_MEDICOS_TOTAL,13.0,29.0,16.0
00003754,2023,12,data\raw\Capacidad\ConsultaA_Recursos_Salud_2023_v24.csv,39915,CA_MEDICOS_TOTAL,13.0,32.0,19.0
00003754,2025,1,data\raw\Capacidad\ConsultaA_2025_v22.csv,1339,CA_MEDICOS_TOTAL,34.0,0.0,-34.0
00003754,2025,2,data\raw\Capacidad\ConsultaA_2025_v22.csv,21745,CA_MEDICOS_TOTAL,0.0,34.0,34.0
00003754,2025,5,data\raw\Capacidad\ConsultaA_2025_v22.csv,26999,CA_MEDICOS_TOTAL,32.0,0.0,-32.0
00003754,2025,6,data\raw\Capacidad\ConsultaA_2025_v22.csv,4991,CA_MEDICOS_TOTAL,0.0,30.0,30.0
00003754,2025,12,data\raw\Capacidad\ConsultaA_2025_v22.csv,59476,CA_MEDICOS_TOTAL,34.0,0.0,-34.0
00003754,2026,1,data\raw\Capacidad\ConsultaA_2026_v13.csv,30491,CA_MEDICOS_TOTAL,0.0,34.0,34.0
00003754,2026,6,data\raw\Capacidad\ConsultaA_2026_v13.csv,17979,CA_MEDICOS_TOTAL,32.0,0.0,-32.0
00003943,2020,7,data\raw\Capacidad\ConsultaA_Recursos_Salud_2020_v7.csv,15168,CA_MEDICOS_TOTAL,5.0,19.0,14.0
00004131,2021,3,data\raw\Capacidad\ConsultaA_Recursos_Salud_2021_v19.csv,4023,CA_MEDICOS_TOTAL,40.0,91.0,51.0
00004140,2018,6,data\raw\Capacidad\ConsultaA_Recurso_Salud_2018_v2.csv,4260,CA_MEDICOS_TOTAL,9.0,47.0,38.0
00004370,2020,6,data\raw\Capacidad\ConsultaA_Recursos_Salud_2020_v7.csv,39011,CA_MEDICOS_TOTAL,16.0,83.0,67.0
00004370,2020,11,data\raw\Capacidad\ConsultaA_Recursos_Salud_2020_v7.csv,27261,CA_MEDICOS_TOTAL,43.0,88.0,45.0
00004655,2023,1,data\raw\Capacidad\ConsultaA_Recursos_Salud_2023_v24.csv,10644,CA_MEDICOS_TOTAL,19.0,45.0,26.0
00004659,2020,5,data\raw\Capacidad\ConsultaA_Recursos_Salud_2020_v7.csv,17328,CA_MEDICOS_TOTAL,14.0,34.0,20.0
00005217,2021,11,data\raw\Capacidad\ConsultaA_Recursos_Salud_2021_v19.csv,27025,CA_MEDICOS_TOTAL,1.0,13.0,12.0
00005226,2025,10,data\raw\Capacidad\ConsultaA_2025_v22.csv,49669,CA_MEDICOS_TOTAL,7.0,49.0,42.0
00005239,2025,2,data\raw\Capacidad\ConsultaA_2025_v22.csv,16936,CA_MEDICOS_TOTAL,10.0,20.0,10.0
00005239,2025,6,data\raw\Capacidad\ConsultaA_2025_v22.csv,42043,CA_MEDICOS_TOTAL,10.0,21.0,11.0
00005251,2020,7,data\raw\Capacidad\ConsultaA_Recursos_Salud_2020_v7.csv,20480,CA_MEDICOS_TOTAL,10.0,22.0,12.0
00005292,2018,12,data\raw\Capacidad\ConsultaA_Recurso_Salud_2018_v2.csv,27413,CA_MEDICOS_TOTAL,2.0,28.0,26.0
00005293,2017,2,data\raw\Capacidad\ConsultaA_Recurso_Salud_2017_v1.csv,2424,CA_MEDICOS_TOTAL,2.0,31.0,29.0
00005296,2023,5,data\raw\Capacidad\ConsultaA_Recursos_Salud_2023_v24.csv,17907,CA_MEDICOS_TOTAL,4.0,14.0,10.0
00005395,2025,1,data\raw\Capacidad\ConsultaA_2025_v22.csv,4238,CA_MEDICOS_TOTAL,6.0,18.0,12.0
00005556,2026,1,data\raw\Capacidad\ConsultaA_2026_v13.csv,39503,CA_MEDICOS_TOTAL,16.0,0.0,-16.0
00005556,2026,2,data\raw\Capacidad\ConsultaA_2026_v13.csv,1458,CA_MEDICOS_TOTAL,0.0,14.0,14.0
00005577,2024,2,data\raw\Capacidad\ConsultaA_2024_v22.csv,4208,CA_MEDICOS_TOTAL,99.0,223.0,124.0
00005617,2021,3,data\raw\Capacidad\ConsultaA_Recursos_Salud_2021_v19.csv,1835,CA_MEDICOS_TOTAL,87.0,188.0,101.0
00005799,2025,6,data\raw\Capacidad\ConsultaA_2025_v22.csv,3111,CA_MEDICOS_TOTAL,37.0,74.0,37.0
00005850,2025,3,data\raw\Capacidad\ConsultaA_2025_v22.csv,38774,CA_MEDICOS_TOTAL,7.0,18.0,11.0
00005947,2017,1,data\raw\Capacidad\ConsultaA_Recurso_Salud_2017_v1.csv,2576,CA_MEDICOS_TOTAL,111.0,0.0,-111.0
00005947,2017,2,data\raw\Capacidad\ConsultaA_Recurso_Salud_2017_v1.csv,2575,CA_MEDICOS_TOTAL,0.0,111.0,111.0
00005948,2018,1,data\raw\Capacidad\ConsultaA_Recurso_Salud_2018_v2.csv,28844,CA_MEDICOS_TOTAL,43.0,96.0,53.0
00005986,2018,1,data\raw\Capacidad\ConsultaA_Recurso_Salud_2018_v2.csv,9136,CA_MEDICOS_TOTAL,54.0,118.0,64.0
00005987,2016,11,data\raw\Capacidad\ConsultaA_Recurso_Salud_2016_v1.csv,1024,CA_MEDICOS_TOTAL,262.0,524.0,262.0
00006153,2025,6,data\raw\Capacidad\ConsultaA_2025_v22.csv,5670,CA_MEDICOS_TOTAL,15.0,31.0,16.0
00006173,2026,4,data\raw\Capacidad\ConsultaA_2026_v13.csv,7809,CA_MEDICOS_TOTAL,6.0,30.0,24.0
00006206,2015,7,data\raw\Capacidad\ConsultaA_Recurso_Salud_2015_v1.csv,108,CA_MEDICOS_TOTAL,62.0,171.0,109.0
00006214,2021,1,data\raw\Capacidad\ConsultaA_Recursos_Salud_2021_v19.csv,30809,CA_MEDICOS_TOTAL,37.0,82.0,45.0
00006248,2025,12,data\raw\Capacidad\ConsultaA_2025_v22.csv,52886,CA_MEDICOS_TOTAL,4.0,43.0,39.0
00006270,2022,4,data\raw\Capacidad\ConsultaA_Recursos_Salud_2022_v24.csv,536,CA_MEDICOS_TOTAL,3.0,14.0,11.0
00006312,2023,1,data\raw\Capacidad\ConsultaA_Recursos_Salud_2023_v24.csv,8300,CA_MEDICOS_TOTAL,4.0,15.0,11.0
00006361,2023,12,data\raw\Capacidad\ConsultaA_Recursos_Salud_2023_v24.csv,39482,CA_MEDICOS_TOTAL,19.0,0.0,-19.0
00006361,2024,1,data\raw\Capacidad\ConsultaA_2024_v22.csv,2379,CA_MEDICOS_TOTAL,0.0,19.0,19.0
00006502,2022,3,data\raw\Capacidad\ConsultaA_Recursos_Salud_2022_v24.csv,413,CA_MEDICOS_TOTAL,14.0,31.0,17.0
00006575,2023,9,data\raw\Capacidad\ConsultaA_Recursos_Salud_2023_v24.csv,30766,CA_MEDICOS_TOTAL,1.0,13.0,12.0
00006615,2016,2,data\raw\Capacidad\ConsultaA_Recurso_Salud_2016_v1.csv,1301,CA_MEDICOS_TOTAL,22.0,57.0,35.0
00006732,2024,2,data\raw\Capacidad\ConsultaA_2024_v22.csv,29146,CA_MEDICOS_TOTAL,84.0,0.0,-84.0
00006732,2024,3,data\raw\Capacidad\ConsultaA_2024_v22.csv,29267,CA_MEDICOS_TOTAL,0.0,60.0,60.0
00006918,2017,1,data\raw\Capacidad\ConsultaA_Recurso_Salud_2017_v1.csv,3535,CA_MEDICOS_TOTAL,17.0,98.0,81.0
00006919,2020,6,data\raw\Capacidad\ConsultaA_Recursos_Salud_2020_v7.csv,21112,CA_MEDICOS_TOTAL,12.0,25.0,13.0
00007113,2026,3,data\raw\Capacidad\ConsultaA_2026_v13.csv,24562,CA_MEDICOS_TOTAL,1.0,14.0,13.0
00007126,2019,3,data\raw\Capacidad\ConsultaA_Recurso_Salud_2019_v7.csv,20344,CA_MEDICOS_TOTAL,65.0,251.0,186.0
00007126,2025,11,data\raw\Capacidad\ConsultaA_2025_v22.csv,51380,CA_MEDICOS_TOTAL,68.0,209.0,141.0
00007314,2016,10,data\raw\Capacidad\ConsultaA_Recurso_Salud_2016_v1.csv,1393,CA_MEDICOS_TOTAL,10.0,0.0,-10.0
00007314,2016,11,data\raw\Capacidad\ConsultaA_Recurso_Salud_2016_v1.csv,1392,CA_MEDICOS_TOTAL,0.0,10.0,10.0
00007314,2018,12,data\raw\Capacidad\ConsultaA_Recurso_Salud_2018_v2.csv,29828,CA_MEDICOS_TOTAL,16.0,0.0,-16.0
00007314,2019,2,data\raw\Capacidad\ConsultaA_Recurso_Salud_2019_v7.csv,1433,CA_MEDICOS_TOTAL,0.0,16.0,16.0
00007633,2015,9,data\raw\Capacidad\ConsultaA_Recurso_Salud_2015_v1.csv,199,CA_MEDICOS_TOTAL,295.0,717.0,422.0
00007633,2021,1,data\raw\Capacidad\ConsultaA_Recursos_Salud_2021_v19.csv,3768,CA_MEDICOS_TOTAL,434.0,4392.0,3958.0
00007636,2019,8,data\raw\Capacidad\ConsultaA_Recurso_Salud_2019_v7.csv,19221,CA_MEDICOS_TOTAL,11.0,35.0,24.0
00007637,2017,8,data\raw\Capacidad\ConsultaA_Recurso_Salud_2017_v1.csv,8748,CA_MEDICOS_TOTAL,57.0,123.0,66.0
00007637,2021,6,data\raw\Capacidad\ConsultaA_Recursos_Salud_2021_v19.csv,19922,CA_MEDICOS_TOTAL,57.0,134.0,77.0
00007700,2026,5,data\raw\Capacidad\ConsultaA_2026_v13.csv,14280,CA_MEDICOS_TOTAL,4.0,17.0,13.0
00007734,2015,8,data\raw\Capacidad\ConsultaA_Recurso_Salud_2015_v1.csv,178,CA_MEDICOS_TOTAL,41.0,108.0,67.0
00007795,2018,11,data\raw\Capacidad\ConsultaA_Recurso_Salud_2018_v2.csv,22558,CA_MEDICOS_TOTAL,12.0,24.0,12.0
00007874,2016,6,data\raw\Capacidad\ConsultaA_Recurso_Salud_2016_v1.csv,1423,CA_MEDICOS_TOTAL,10.0,21.0,11.0
00008024,2019,9,data\raw\Capacidad\ConsultaA_Recurso_Salud_2019_v7.csv,22431,CA_MEDICOS_TOTAL,80.0,195.0,115.0
00008024,2026,1,data\raw\Capacidad\ConsultaA_2026_v13.csv,29827,CA_MEDICOS_TOTAL,20.0,85.0,65.0
00008108,2018,2,data\raw\Capacidad\ConsultaA_Recurso_Salud_2018_v2.csv,4612,CA_MEDICOS_TOTAL,9.0,25.0,16.0
00008215,2022,1,data\raw\Capacidad\ConsultaA_Recursos_Salud_2022_v24.csv,37763,CA_MEDICOS_TOTAL,45.0,99.0,54.0
00008215,2023,7,data\raw\Capacidad\ConsultaA_Recursos_Salud_2023_v24.csv,14505,CA_MEDICOS_TOTAL,45.0,112.0,67.0
00008271,2021,10,data\raw\Capacidad\ConsultaA_Recursos_Salud_2021_v19.csv,35226,CA_MEDICOS_TOTAL,14.0,34.0,20.0
00008281,2019,5,data\raw\Capacidad\ConsultaA_Recurso_Salud_2019_v7.csv,15212,CA_MEDICOS_TOTAL,181.0,0.0,-181.0
00008281,2019,6,data\raw\Capacidad\ConsultaA_Recurso_Salud_2019_v7.csv,18376,CA_MEDICOS_TOTAL,0.0,175.0,175.0
00008281,2021,1,data\raw\Capacidad\ConsultaA_Recursos_Salud_2021_v19.csv,5792,CA_MEDICOS_TOTAL,81.0,0.0,-81.0
00008281,2021,3,data\raw\Capacidad\ConsultaA_Recursos_Salud_2021_v19.csv,7692,CA_MEDICOS_TOTAL,0.0,47.0,47.0
00008281,2024,4,data\raw\Capacidad\ConsultaA_2024_v22.csv,12273,CA_MEDICOS_TOTAL,122.0,6199.0,6077.0
00008281,2024,12,data\raw\Capacidad\ConsultaA_2024_v22.csv,32521,CA_MEDICOS_TOTAL,52.0,132.0,80.0
00008281,2025,12,data\raw\Capacidad\ConsultaA_2025_v22.csv,50383,CA_MEDICOS_TOTAL,121.0,1286.0,1165.0
00008281,2026,5,data\raw\Capacidad\ConsultaA_2026_v13.csv,31442,CA_MEDICOS_TOTAL,39.0,82.0,43.0
00008281,2026,7,data\raw\Capacidad\ConsultaA_2026_v13.csv,16338,CA_MEDICOS_TOTAL,36.0,0.0,-36.0
00008325,2018,1,data\raw\Capacidad\ConsultaA_Recurso_Salud_2018_v2.csv,6834,CA_MEDICOS_TOTAL,72.0,0.0,-72.0
00008325,2018,2,data\raw\Capacidad\ConsultaA_Recurso_Salud_2018_v2.csv,6106,CA_MEDICOS_TOTAL,0.0,73.0,73.0
00008325,2022,2,data\raw\Capacidad\ConsultaA_Recursos_Salud_2022_v24.csv,37750,CA_MEDICOS_TOTAL,80.0,361.0,281.0
00008353,2017,10,data\raw\Capacidad\ConsultaA_Recurso_Salud_2017_v1.csv,3974,CA_MEDICOS_TOTAL,106.0,1006.0,900.0
00008378,2020,7,data\raw\Capacidad\ConsultaA_Recursos_Salud_2020_v7.csv,16515,CA_MEDICOS_TOTAL,6.0,23.0,17.0
00008398,2016,1,data\raw\Capacidad\ConsultaA_Recurso_Salud_2016_v1.csv,1578,CA_MEDICOS_TOTAL,11.0,175.0,164.0
00008398,2019,6,data\raw\Capacidad\ConsultaA_Recurso_Salud_2019_v7.csv,10544,CA_MEDICOS_TOTAL,114.0,237.0,123.0
00008516,2024,6,data\raw\Capacidad\ConsultaA_2024_v22.csv,23127,CA_MEDICOS_TOTAL,35.0,73.0,38.0
00008516,2024,8,data\raw\Capacidad\ConsultaA_2024_v22.csv,23690,CA_MEDICOS_TOTAL,35.0,73.0,38.0
00008519,2025,5,data\raw\Capacidad\ConsultaA_2025_v22.csv,41835,CA_MEDICOS_TOTAL,12.0,25.0,13.0
00008539,2020,7,data\raw\Capacidad\ConsultaA_Recursos_Salud_2020_v7.csv,16344,CA_MEDICOS_TOTAL,26.0,54.0,28.0
00008564,2020,6,data\raw\Capacidad\ConsultaA_Recursos_Salud_2020_v7.csv,15833,CA_MEDICOS_TOTAL,113.0,303.0,190.0
00008577,2015,9,data\raw\Capacidad\ConsultaA_Recurso_Salud_2015_v1.csv,307,CA_MEDICOS_TOTAL,305.0,0.0,-305.0
00008577,2015,10,data\raw\Capacidad\ConsultaA_Recurso_Salud_2015_v1.csv,309,CA_MEDICOS_TOTAL,0.0,301.0,301.0
00008577,2015,11,data\raw\Capacidad\ConsultaA_Recurso_Salud_2015_v1.csv,306,CA_MEDICOS_TOTAL,301.0,0.0,-301.0
00008577,2015,12,data\raw\Capacidad\ConsultaA_Recurso_Salud_2015_v1.csv,305,CA_MEDICOS_TOTAL,0.0,299.0,299.0
00008577,2016,7,data\raw\Capacidad\ConsultaA_Recurso_Salud_2016_v1.csv,1869,CA_MEDICOS_TOTAL,298.0,0.0,-298.0
00008577,2016,8,data\raw\Capacidad\ConsultaA_Recurso_Salud_2016_v1.csv,1868,CA_MEDICOS_TOTAL,0.0,293.0,293.0
00008577,2017,4,data\raw\Capacidad\ConsultaA_Recurso_Salud_2017_v1.csv,4281,CA_MEDICOS_TOTAL,301.0,0.0,-301.0
00008577,2017,10,data\raw\Capacidad\ConsultaA_Recurso_Salud_2017_v1.csv,4275,CA_MEDICOS_TOTAL,0.0,270.0,270.0
00008577,2018,4,data\raw\Capacidad\ConsultaA_Recurso_Salud_2018_v2.csv,928,CA_MEDICOS_TOTAL,276.0,0.0,-276.0
00008577,2018,6,data\raw\Capacidad\ConsultaA_Recurso_Salud_2018_v2.csv,8480,CA_MEDICOS_TOTAL,0.0,276.0,276.0
00008577,2018,7,data\raw\Capacidad\ConsultaA_Recurso_Salud_2018_v2.csv,13367,CA_MEDICOS_TOTAL,276.0,0.0,-276.0
00008577,2018,8,data\raw\Capacidad\ConsultaA_Recurso_Salud_2018_v2.csv,19949,CA_MEDICOS_TOTAL,0.0,309.0,309.0
00008577,2019,3,data\raw\Capacidad\ConsultaA_Recurso_Salud_2019_v7.csv,6710,CA_MEDICOS_TOTAL,365.0,0.0,-365.0
00008577,2019,4,data\raw\Capacidad\ConsultaA_Recurso_Salud_2019_v7.csv,9712,CA_MEDICOS_TOTAL,0.0,363.0,363.0
00008577,2020,12,data\raw\Capacidad\ConsultaA_Recursos_Salud_2020_v7.csv,40701,CA_MEDICOS_TOTAL,86.0,339.0,253.0
00008577,2021,2,data\raw\Capacidad\ConsultaA_Recursos_Salud_2021_v19.csv,7550,CA_MEDICOS_TOTAL,164.0,374.0,210.0
00008577,2021,9,data\raw\Capacidad\ConsultaA_Recursos_Salud_2021_v19.csv,24779,CA_MEDICOS_TOTAL,104.0,383.0,279.0
00008577,2023,2,data\raw\Capacidad\ConsultaA_Recursos_Salud_2023_v24.csv,728,CA_MEDICOS_TOTAL,98.0,332.0,234.0
00008653,2021,2,data\raw\Capacidad\ConsultaA_Recursos_Salud_2021_v19.csv,16402,CA_MEDICOS_TOTAL,15.0,32.0,17.0
00008653,2021,5,data\raw\Capacidad\ConsultaA_Recursos_Salud_2021_v19.csv,16635,CA_MEDICOS_TOTAL,17.0,41.0,24.0
00008730,2020,1,data\raw\Capacidad\ConsultaA_Recursos_Salud_2020_v7.csv,13213,CA_MEDICOS_TOTAL,3.0,15.0,12.0
00008730,2025,10,data\raw\Capacidad\ConsultaA_2025_v22.csv,50490,CA_MEDICOS_TOTAL,10.0,20.0,10.0
00008746,2025,1,data\raw\Capacidad\ConsultaA_2025_v22.csv,20637,CA_MEDICOS_TOTAL,310.0,738.0,428.0
00008750,2019,6,data\raw\Capacidad\ConsultaA_Recurso_Salud_2019_v7.csv,10208,CA_MEDICOS_TOTAL,318.0,1056.0,738.0
00008750,2024,1,data\raw\Capacidad\ConsultaA_2024_v22.csv,2688,CA_MEDICOS_TOTAL,13.0,73.0,60.0
00008750,2024,8,data\raw\Capacidad\ConsultaA_2024_v22.csv,9183,CA_MEDICOS_TOTAL,10.0,108.0,98.0
00008750,2024,11,data\raw\Capacidad\ConsultaA_2024_v22.csv,35437,CA_MEDICOS_TOTAL,7.0,118.0,111.0
00008750,2025,3,data\raw\Capacidad\ConsultaA_2025_v22.csv,20363,CA_MEDICOS_TOTAL,5.0,113.0,108.0
00008750,2026,2,data\raw\Capacidad\ConsultaA_2026_v13.csv,1517,CA_MEDICOS_TOTAL,4.0,103.0,99.0
00008786,2026,1,data\raw\Capacidad\ConsultaA_2026_v13.csv,7453,CA_MEDICOS_TOTAL,47.0,101.0,54.0
00009010,2022,3,data\raw\Capacidad\ConsultaA_Recursos_Salud_2022_v24.csv,7560,CA_MEDICOS_TOTAL,20.0,45.0,25.0
00009010,2026,4,data\raw\Capacidad\ConsultaA_2026_v13.csv,11243,CA_MEDICOS_TOTAL,6.0,23.0,17.0
00009042,2021,2,data\raw\Capacidad\ConsultaA_Recursos_Salud_2021_v19.csv,22442,CA_MEDICOS_TOTAL,83.0,177.0,94.0
00009042,2021,9,data\raw\Capacidad\ConsultaA_Recursos_Salud_2021_v19.csv,23185,CA_MEDICOS_TOTAL,48.0,209.0,161.0
00009042,2021,12,data\raw\Capacidad\ConsultaA_Recursos_Salud_2021_v19.csv,36465,CA_MEDICOS_TOTAL,87.0,208.0,121.0
00009042,2022,6,data\raw\Capacidad\ConsultaA_Recursos_Salud_2022_v24.csv,16122,CA_MEDICOS_TOTAL,47.0,177.0,130.0
00009053,2018,1,data\raw\Capacidad\ConsultaA_Recurso_Salud_2018_v2.csv,1425,CA_MEDICOS_TOTAL,59.0,0.0,-59.0
00009053,2018,2,data\raw\Capacidad\ConsultaA_Recurso_Salud_2018_v2.csv,4481,CA_MEDICOS_TOTAL,0.0,53.0,53.0
00009054,2021,8,data\raw\Capacidad\ConsultaA_Recursos_Salud_2021_v19.csv,20751,CA_MEDICOS_TOTAL,4.0,34.0,30.0
00009054,2025,4,data\raw\Capacidad\ConsultaA_2025_v22.csv,566,CA_MEDICOS_TOTAL,33.0,0.0,-33.0
00009054,2025,5,data\raw\Capacidad\ConsultaA_2025_v22.csv,567,CA_MEDICOS_TOTAL,0.0,29.0,29.0
00009068,2021,5,data\raw\Capacidad\ConsultaA_Recursos_Salud_2021_v19.csv,15625,CA_MEDICOS_TOTAL,14.0,41.0,27.0
00009093,2024,10,data\raw\Capacidad\ConsultaA_2024_v22.csv,42591,CA_MEDICOS_TOTAL,3.0,15.0,12.0
00009093,2024,12,data\raw\Capacidad\ConsultaA_2024_v22.csv,18716,CA_MEDICOS_TOTAL,3.0,15.0,12.0
00009116,2018,5,data\raw\Capacidad\ConsultaA_Recurso_Salud_2018_v2.csv,2454,CA_MEDICOS_TOTAL,214.0,470.0,256.0
00009116,2018,8,data\raw\Capacidad\ConsultaA_Recurso_Salud_2018_v2.csv,11508,CA_MEDICOS_TOTAL,214.0,480.0,266.0
00009116,2019,6,data\raw\Capacidad\ConsultaA_Recurso_Salud_2019_v7.csv,9472,CA_MEDICOS_TOTAL,221.0,470.0,249.0
00009116,2019,11,data\raw\Capacidad\ConsultaA_Recurso_Salud_2019_v7.csv,33006,CA_MEDICOS_TOTAL,226.0,0.0,-226.0
00009116,2019,12,data\raw\Capacidad\ConsultaA_Recurso_Salud_2019_v7.csv,24054,CA_MEDICOS_TOTAL,0.0,226.0,226.0
00009116,2020,9,data\raw\Capacidad\ConsultaA_Recursos_Salud_2020_v7.csv,34331,CA_MEDICOS_TOTAL,27.0,230.0,203.0
00009145,2019,10,data\raw\Capacidad\ConsultaA_Recurso_Salud_2019_v7.csv,26245,CA_MEDICOS_TOTAL,4.0,19.0,15.0
00009145,2021,11,data\raw\Capacidad\ConsultaA_Recursos_Salud_2021_v19.csv,25344,CA_MEDICOS_TOTAL,6.0,30.0,24.0
00009234,2025,11,data\raw\Capacidad\ConsultaA_2025_v22.csv,57403,CA_MEDICOS_TOTAL,14.0,31.0,17.0
00009288,2023,6,data\raw\Capacidad\ConsultaA_Recursos_Salud_2023_v24.csv,17202,CA_MEDICOS_TOTAL,2.0,50.0,48.0
00009288,2026,5,data\raw\Capacidad\ConsultaA_2026_v13.csv,24010,CA_MEDICOS_TOTAL,24.0,50.0,26.0
00009319,2023,1,data\raw\Capacidad\ConsultaA_Recursos_Salud_2023_v24.csv,7993,CA_MEDICOS_TOTAL,44.0,88.0,44.0
00009319,2026,1,data\raw\Capacidad\ConsultaA_2026_v13.csv,29368,CA_MEDICOS_TOTAL,19.0,41.0,22.0
00009591,2025,8,data\raw\Capacidad\ConsultaA_2025_v22.csv,37272,CA_MEDICOS_TOTAL,12.0,29.0,17.0
00009598,2018,2,data\raw\Capacidad\ConsultaA_Recurso_Salud_2018_v2.csv,11229,CA_MEDICOS_TOTAL,3.0,13.0,10.0
00009599,2024,1,data\raw\Capacidad\ConsultaA_2024_v22.csv,5478,CA_MEDICOS_TOTAL,9.0,25.0,16.0
00009606,2020,5,data\raw\Capacidad\ConsultaA_Recursos_Salud_2020_v7.csv,10,CA_MEDICOS_TOTAL,12.0,28.0,16.0
00009606,2021,3,data\raw\Capacidad\ConsultaA_Recursos_Salud_2021_v19.csv,6191,CA_MEDICOS_TOTAL,10.0,27.0,17.0
00009606,2024,1,data\raw\Capacidad\ConsultaA_2024_v22.csv,37003,CA_MEDICOS_TOTAL,12.0,36.0,24.0
00009620,2019,10,data\raw\Capacidad\ConsultaA_Recurso_Salud_2019_v7.csv,30650,CA_MEDICOS_TOTAL,92.0,0.0,-92.0
00009627,2020,9,data\raw\Capacidad\ConsultaA_Recursos_Salud_2020_v7.csv,37581,CA_MEDICOS_TOTAL,3.0,13.0,10.0
00009645,2024,5,data\raw\Capacidad\ConsultaA_2024_v22.csv,28217,CA_MEDICOS_TOTAL,2.0,14.0,12.0
00009682,2020,7,data\raw\Capacidad\ConsultaA_Recursos_Salud_2020_v7.csv,19032,CA_MEDICOS_TOTAL,441.0,882.0,441.0
00009685,2022,1,data\raw\Capacidad\ConsultaA_Recursos_Salud_2022_v24.csv,32331,CA_MEDICOS_TOTAL,12.0,24.0,12.0
00009748,2023,11,data\raw\Capacidad\ConsultaA_Recursos_Salud_2023_v24.csv,23874,CA_MEDICOS_TOTAL,12.0,24.0,12.0
00009749,2021,6,data\raw\Capacidad\ConsultaA_Recursos_Salud_2021_v19.csv,11123,CA_MEDICOS_TOTAL,9.0,26.0,17.0
00009749,2023,5,data\raw\Capacidad\ConsultaA_Recursos_Salud_2023_v24.csv,19971,CA_MEDICOS_TOTAL,12.0,33.0,21.0
00009749,2025,10,data\raw\Capacidad\ConsultaA_2025_v22.csv,53723,CA_MEDICOS_TOTAL,12.0,33.0,21.0
00009749,2026,7,data\raw\Capacidad\ConsultaA_2026_v13.csv,8452,CA_MEDICOS_TOTAL,8.0,22.0,14.0
00010060,2025,9,data\raw\Capacidad\ConsultaA_2025_v22.csv,2676,CA_MEDICOS_TOTAL,9.0,22.0,13.0
00010060,2025,11,data\raw\Capacidad\ConsultaA_2025_v22.csv,47749,CA_MEDICOS_TOTAL,8.0,18.0,10.0
00010190,2017,12,data\raw\Capacidad\ConsultaA_Recurso_Salud_2017_v1.csv,9575,CA_MEDICOS_TOTAL,5.0,42.0,37.0
00010190,2025,3,data\raw\Capacidad\ConsultaA_2025_v22.csv,17955,CA_MEDICOS_TOTAL,11.0,31.0,20.0
00010228,2017,12,data\raw\Capacidad\ConsultaA_Recurso_Salud_2017_v1.csv,4641,CA_MEDICOS_TOTAL,4.0,28.0,24.0
00010244,2017,11,data\raw\Capacidad\ConsultaA_Recurso_Salud_2017_v1.csv,5836,CA_MEDICOS_TOTAL,20.0,62.0,42.0
00010244,2018,2,data\raw\Capacidad\ConsultaA_Recurso_Salud_2018_v2.csv,348,CA_MEDICOS_TOTAL,36.0,107.0,71.0
00010251,2023,4,data\raw\Capacidad\ConsultaA_Recursos_Salud_2023_v24.csv,5020,CA_MEDICOS_TOTAL,121.0,246.0,125.0
00010251,2023,5,data\raw\Capacidad\ConsultaA_Recursos_Salud_2023_v24.csv,12369,CA_MEDICOS_TOTAL,246.0,6860.0,6614.0
00010251,2025,2,data\raw\Capacidad\ConsultaA_2025_v22.csv,35350,CA_MEDICOS_TOTAL,7.0,114.0,107.0
00010267,2019,8,data\raw\Capacidad\ConsultaA_Recurso_Salud_2019_v7.csv,19136,CA_MEDICOS_TOTAL,14.0,28.0,14.0
00010439,2022,4,data\raw\Capacidad\ConsultaA_Recursos_Salud_2022_v24.csv,37866,CA_MEDICOS_TOTAL,11.0,35.0,24.0
00010464,2017,5,data\raw\Capacidad\ConsultaA_Recurso_Salud_2017_v1.csv,5525,CA_MEDICOS_TOTAL,31.0,74.0,43.0
00010505,2016,8,data\raw\Capacidad\ConsultaA_Recurso_Salud_2016_v1.csv,2588,CA_MEDICOS_TOTAL,9.0,30.0,21.0
00010559,2020,9,data\raw\Capacidad\ConsultaA_Recursos_Salud_2020_v7.csv,32675,CA_MEDICOS_TOTAL,22.0,0.0,-22.0
00010559,2020,10,data\raw\Capacidad\ConsultaA_Recursos_Salud_2020_v7.csv,32676,CA_MEDICOS_TOTAL,0.0,29.0,29.0
00010777,2017,2,data\raw\Capacidad\ConsultaA_Recurso_Salud_2017_v1.csv,6376,CA_MEDICOS_TOTAL,5.0,28.0,23.0
00010777,2026,2,data\raw\Capacidad\ConsultaA_2026_v13.csv,402,CA_MEDICOS_TOTAL,9.0,19.0,10.0
00010883,2026,7,data\raw\Capacidad\ConsultaA_2026_v13.csv,25990,CA_MEDICOS_TOTAL,53.0,143.0,90.0
00010964,2018,7,data\raw\Capacidad\ConsultaA_Recurso_Salud_2018_v2.csv,18884,CA_MEDICOS_TOTAL,12.0,40.0,28.0
00011009,2020,8,data\raw\Capacidad\ConsultaA_Recursos_Salud_2020_v7.csv,24786,CA_MEDICOS_TOTAL,12.0,30.0,18.0
00011056,2016,8,data\raw\Capacidad\ConsultaA_Recurso_Salud_2016_v1.csv,2455,CA_MEDICOS_TOTAL,9.0,24.0,15.0
00011087,2020,6,data\raw\Capacidad\ConsultaA_Recursos_Salud_2020_v7.csv,16043,CA_MEDICOS_TOTAL,30.0,60.0,30.0
00011154,2017,2,data\raw\Capacidad\ConsultaA_Recurso_Salud_2017_v1.csv,5591,CA_MEDICOS_TOTAL,4.0,16.0,12.0
00011154,2023,6,data\raw\Capacidad\ConsultaA_Recursos_Salud_2023_v24.csv,13358,CA_MEDICOS_TOTAL,12.0,0.0,-12.0
00011154,2023,7,data\raw\Capacidad\ConsultaA_Recursos_Salud_2023_v24.csv,22772,CA_MEDICOS_TOTAL,0.0,13.0,13.0
00011154,2023,8,data\raw\Capacidad\ConsultaA_Recursos_Salud_2023_v24.csv,22467,CA_MEDICOS_TOTAL,13.0,0.0,-13.0
00011214,2020,7,data\raw\Capacidad\ConsultaA_Recursos_Salud_2020_v7.csv,15244,CA_MEDICOS_TOTAL,23.0,47.0,24.0
00011214,2025,8,data\raw\Capacidad\ConsultaA_2025_v22.csv,43892,CA_MEDICOS_TOTAL,34.0,87.0,53.0
00011214,2026,4,data\raw\Capacidad\ConsultaA_2026_v13.csv,31553,CA_MEDICOS_TOTAL,24.0,65.0,41.0
00011241,2020,7,data\raw\Capacidad\ConsultaA_Recursos_Salud_2020_v7.csv,14133,CA_MEDICOS_TOTAL,8.0,47.0,39.0
00011241,2020,9,data\raw\Capacidad\ConsultaA_Recursos_Salud_2020_v7.csv,29153,CA_MEDICOS_TOTAL,4.0,47.0,43.0
00011241,2021,11,data\raw\Capacidad\ConsultaA_Recursos_Salud_2021_v19.csv,34326,CA_MEDICOS_TOTAL,4.0,35.0,31.0
00011241,2023,1,data\raw\Capacidad\ConsultaA_Recursos_Salud_2023_v24.csv,8293,CA_MEDICOS_TOTAL,4.0,35.0,31.0
00011339,2023,7,data\raw\Capacidad\ConsultaA_Recursos_Salud_2023_v24.csv,17111,CA_MEDICOS_TOTAL,15.0,51.0,36.0
00011339,2024,10,data\raw\Capacidad\ConsultaA_2024_v22.csv,19774,CA_MEDICOS_TOTAL,14.0,51.0,37.0
00011386,2018,3,data\raw\Capacidad\ConsultaA_Recurso_Salud_2018_v2.csv,5990,CA_MEDICOS_TOTAL,5.0,17.0,12.0
00011386,2019,5,data\raw\Capacidad\ConsultaA_Recurso_Salud_2019_v7.csv,18330,CA_MEDICOS_TOTAL,5.0,20.0,15.0
00011386,2022,11,data\raw\Capacidad\ConsultaA_Recursos_Salud_2022_v24.csv,25678,CA_MEDICOS_TOTAL,12.0,25.0,13.0
00011386,2026,1,data\raw\Capacidad\ConsultaA_2026_v13.csv,38480,CA_MEDICOS_TOTAL,15.0,35.0,20.0
00011395,2026,1,data\raw\Capacidad\ConsultaA_2026_v13.csv,31463,CA_MEDICOS_TOTAL,3.0,13.0,10.0
00011397,2018,3,data\raw\Capacidad\ConsultaA_Recurso_Salud_2018_v2.csv,1376,CA_MEDICOS_TOTAL,5.0,17.0,12.0
00011397,2020,2,data\raw\Capacidad\ConsultaA_Recursos_Salud_2020_v7.csv,12333,CA_MEDICOS_TOTAL,9.0,20.0,11.0
00011408,2018,3,data\raw\Capacidad\ConsultaA_Recurso_Salud_2018_v2.csv,8943,CA_MEDICOS_TOTAL,11.0,26.0,15.0
00011466,2020,6,data\raw\Capacidad\ConsultaA_Recursos_Salud_2020_v7.csv,23399,CA_MEDICOS_TOTAL,30.0,70.0,40.0
00011498,2021,1,data\raw\Capacidad\ConsultaA_Recursos_Salud_2021_v19.csv,8583,CA_MEDICOS_TOTAL,5.0,15.0,10.0
00011659,2019,1,data\raw\Capacidad\ConsultaA_Recurso_Salud_2019_v7.csv,1613,CA_MEDICOS_TOTAL,14.0,0.0,-14.0
00011659,2019,3,data\raw\Capacidad\ConsultaA_Recurso_Salud_2019_v7.csv,3359,CA_MEDICOS_TOTAL,0.0,14.0,14.0
00011659,2019,4,data\raw\Capacidad\ConsultaA_Recurso_Salud_2019_v7.csv,11967,CA_MEDICOS_TOTAL,14.0,0.0,-14.0
00011659,2019,10,data\raw\Capacidad\ConsultaA_Recurso_Salud_2019_v7.csv,20069,CA_MEDICOS_TOTAL,0.0,15.0,15.0
00011737,2022,1,data\raw\Capacidad\ConsultaA_Recursos_Salud_2022_v24.csv,1899,CA_MEDICOS_TOTAL,30.0,63.0,33.0
00011794,2024,12,data\raw\Capacidad\ConsultaA_2024_v22.csv,35185,CA_MEDICOS_TOTAL,10.0,27.0,17.0
00011803,2020,6,data\raw\Capacidad\ConsultaA_Recursos_Salud_2020_v7.csv,15567,CA_MEDICOS_TOTAL,10.0,20.0,10.0
00011803,2023,1,data\raw\Capacidad\ConsultaA_Recursos_Salud_2023_v24.csv,26,CA_MEDICOS_TOTAL,4.0,30.0,26.0
00011833,2016,9,data\raw\Capacidad\ConsultaA_Recurso_Salud_2016_v1.csv,2716,CA_MEDICOS_TOTAL,11.0,35.0,24.0
00011833,2018,3,data\raw\Capacidad\ConsultaA_Recurso_Salud_2018_v2.csv,2503,CA_MEDICOS_TOTAL,12.0,24.0,12.0
00011833,2019,8,data\raw\Capacidad\ConsultaA_Recurso_Salud_2019_v7.csv,18707,CA_MEDICOS_TOTAL,14.0,37.0,23.0
00011833,2020,2,data\raw\Capacidad\ConsultaA_Recursos_Salud_2020_v7.csv,5525,CA_MEDICOS_TOTAL,16.0,34.0,18.0
00011833,2021,2,data\raw\Capacidad\ConsultaA_Recursos_Salud_2021_v19.csv,7974,CA_MEDICOS_TOTAL,11.0,37.0,26.0
00011833,2021,9,data\raw\Capacidad\ConsultaA_Recursos_Salud_2021_v19.csv,26892,CA_MEDICOS_TOTAL,13.0,31.0,18.0
00011833,2021,11,data\raw\Capacidad\ConsultaA_Recursos_Salud_2021_v19.csv,35670,CA_MEDICOS_TOTAL,11.0,32.0,21.0
00011833,2022,4,data\raw\Capacidad\ConsultaA_Recursos_Salud_2022_v24.csv,10023,CA_MEDICOS_TOTAL,11.0,32.0,21.0
00011833,2022,8,data\raw\Capacidad\ConsultaA_Recursos_Salud_2022_v24.csv,19588,CA_MEDICOS_TOTAL,7.0,18.0,11.0
00011833,2022,11,data\raw\Capacidad\ConsultaA_Recursos_Salud_2022_v24.csv,37509,CA_MEDICOS_TOTAL,6.0,21.0,15.0
00011833,2024,5,data\raw\Capacidad\ConsultaA_2024_v22.csv,29625,CA_MEDICOS_TOTAL,7.0,21.0,14.0
00012020,2020,6,data\raw\Capacidad\ConsultaA_Recursos_Salud_2020_v7.csv,16846,CA_MEDICOS_TOTAL,4.0,27.0,23.0
00012020,2022,10,data\raw\Capacidad\ConsultaA_Recursos_Salud_2022_v24.csv,30869,CA_MEDICOS_TOTAL,16.0,54.0,38.0
00012206,2024,3,data\raw\Capacidad\ConsultaA_2024_v22.csv,15392,CA_MEDICOS_TOTAL,4.0,26.0,22.0
00012206,2025,8,data\raw\Capacidad\ConsultaA_2025_v22.csv,11995,CA_MEDICOS_TOTAL,26.0,52.0,26.0
00012219,2021,10,data\raw\Capacidad\ConsultaA_Recursos_Salud_2021_v19.csv,28959,CA_MEDICOS_TOTAL,56.0,99999.0,99943.0
00012220,2025,8,data\raw\Capacidad\ConsultaA_2025_v22.csv,39229,CA_MEDICOS_TOTAL,4.0,27.0,23.0
00012243,2023,12,data\raw\Capacidad\ConsultaA_Recursos_Salud_2023_v24.csv,39552,CA_MEDICOS_TOTAL,15.0,60.0,45.0
00012243,2025,5,data\raw\Capacidad\ConsultaA_2025_v22.csv,11213,CA_MEDICOS_TOTAL,80.0,756.0,676.0
00012243,2026,2,data\raw\Capacidad\ConsultaA_2026_v13.csv,8445,CA_MEDICOS_TOTAL,28.0,59.0,31.0
00012261,2025,10,data\raw\Capacidad\ConsultaA_2025_v22.csv,55495,CA_MEDICOS_TOTAL,12.0,33.0,21.0
00012261,2026,3,data\raw\Capacidad\ConsultaA_2026_v13.csv,27645,CA_MEDICOS_TOTAL,8.0,33.0,25.0
00012267,2020,6,data\raw\Capacidad\ConsultaA_Recursos_Salud_2020_v7.csv,18738,CA_MEDICOS_TOTAL,7.0,20.0,13.0
00012267,2020,11,data\raw\Capacidad\ConsultaA_Recursos_Salud_2020_v7.csv,34842,CA_MEDICOS_TOTAL,18.0,37.0,19.0
00012272,2020,12,data\raw\Capacidad\ConsultaA_Recursos_Salud_2020_v7.csv,39463,CA_MEDICOS_TOTAL,22.0,67.0,45.0
00012301,2018,3,data\raw\Capacidad\ConsultaA_Recurso_Salud_2018_v2.csv,3504,CA_MEDICOS_TOTAL,49.0,108.0,59.0
00012301,2025,7,data\raw\Capacidad\ConsultaA_2025_v22.csv,35414,CA_MEDICOS_TOTAL,14.0,28.0,14.0
00012301,2025,12,data\raw\Capacidad\ConsultaA_2025_v22.csv,60187,CA_MEDICOS_TOTAL,23.0,68.0,45.0
00012666,2025,2,data\raw\Capacidad\ConsultaA_2025_v22.csv,23984,CA_MEDICOS_TOTAL,14.0,345.0,331.0
00012671,2022,2,data\raw\Capacidad\ConsultaA_Recursos_Salud_2022_v24.csv,10553,CA_MEDICOS_TOTAL,43.0,0.0,-43.0
00012671,2025,5,data\raw\Capacidad\ConsultaA_2025_v22.csv,1673,CA_MEDICOS_TOTAL,33.0,84.0,51.0
00012765,2016,9,data\raw\Capacidad\ConsultaA_Recurso_Salud_2016_v1.csv,3203,CA_MEDICOS_TOTAL,24.0,53.0,29.0
00012765,2017,7,data\raw\Capacidad\ConsultaA_Recurso_Salud_2017_v1.csv,6851,CA_MEDICOS_TOTAL,24.0,60.0,36.0
00012765,2018,7,data\raw\Capacidad\ConsultaA_Recurso_Salud_2018_v2.csv,15282,CA_MEDICOS_TOTAL,24.0,50.0,26.0
00012765,2019,7,data\raw\Capacidad\ConsultaA_Recurso_Salud_2019_v7.csv,7903,CA_MEDICOS_TOTAL,24.0,50.0,26.0
00012947,2023,1,data\raw\Capacidad\ConsultaA_Recursos_Salud_2023_v24.csv,10714,CA_MEDICOS_TOTAL,12.0,87.0,75.0
00012975,2024,10,data\raw\Capacidad\ConsultaA_2024_v22.csv,35965,CA_MEDICOS_TOTAL,3.0,87.0,84.0
00013215,2018,2,data\raw\Capacidad\ConsultaA_Recurso_Salud_2018_v2.csv,2990,CA_MEDICOS_TOTAL,19.0,42.0,23.0
00013215,2019,1,data\raw\Capacidad\ConsultaA_Recurso_Salud_2019_v7.csv,4282,CA_MEDICOS_TOTAL,19.0,41.0,22.0
00013215,2019,4,data\raw\Capacidad\ConsultaA_Recurso_Salud_2019_v7.csv,13044,CA_MEDICOS_TOTAL,16.0,45.0,29.0
00013215,2020,2,data\raw\Capacidad\ConsultaA_Recursos_Salud_2020_v7.csv,7918,CA_MEDICOS_TOTAL,24.0,48.0,24.0
00013215,2020,9,data\raw\Capacidad\ConsultaA_Recursos_Salud_2020_v7.csv,16696,CA_MEDICOS_TOTAL,8.0,19.0,11.0
00013295,2024,3,data\raw\Capacidad\ConsultaA_2024_v22.csv,32208,CA_MEDICOS_TOTAL,28.0,73.0,45.0
00013295,2026,5,data\raw\Capacidad\ConsultaA_2026_v13.csv,10767,CA_MEDICOS_TOTAL,31.0,0.0,-31.0
00013296,2023,8,data\raw\Capacidad\ConsultaA_Recursos_Salud_2023_v24.csv,28218,CA_MEDICOS_TOTAL,1.0,141.0,140.0
00013297,2020,10,data\raw\Capacidad\ConsultaA_Recursos_Salud_2020_v7.csv,33809,CA_MEDICOS_TOTAL,12.0,35.0,23.0
00013298,2026,3,data\raw\Capacidad\ConsultaA_2026_v13.csv,4602,CA_MEDICOS_TOTAL,19.0,40.0,21.0
00013373,2015,12,data\raw\Capacidad\ConsultaA_Recurso_Salud_2015_v1.csv,460,CA_MEDICOS_TOTAL,24.0,217.0,193.0
00013373,2025,5,data\raw\Capacidad\ConsultaA_2025_v22.csv,8837,CA_MEDICOS_TOTAL,89.0,193.0,104.0
00013386,2023,7,data\raw\Capacidad\ConsultaA_Recursos_Salud_2023_v24.csv,20445,CA_MEDICOS_TOTAL,3.0,36.0,33.0
00013386,2025,9,data\raw\Capacidad\ConsultaA_2025_v22.csv,9180,CA_MEDICOS_TOTAL,10.0,29.0,19.0
00013395,2019,3,data\raw\Capacidad\ConsultaA_Recurso_Salud_2019_v7.csv,15113,CA_MEDICOS_TOTAL,25.0,56.0,31.0
00013494,2025,1,data\raw\Capacidad\ConsultaA_2025_v22.csv,23240,CA_MEDICOS_TOTAL,19.0,68.0,49.0
00013586,2017,5,data\raw\Capacidad\ConsultaA_Recurso_Salud_2017_v1.csv,5452,CA_MEDICOS_TOTAL,9.0,125.0,116.0
00013722,2025,6,data\raw\Capacidad\ConsultaA_2025_v22.csv,4352,CA_MEDICOS_TOTAL,189.0,0.0,-189.0
00013722,2025,8,data\raw\Capacidad\ConsultaA_2025_v22.csv,10118,CA_MEDICOS_TOTAL,0.0,191.0,191.0
00013722,2025,9,data\raw\Capacidad\ConsultaA_2025_v22.csv,38585,CA_MEDICOS_TOTAL,191.0,0.0,-191.0
00013722,2026,7,data\raw\Capacidad\ConsultaA_2026_v13.csv,7005,CA_MEDICOS_TOTAL,0.0,213.0,213.0
00013910,2022,11,data\raw\Capacidad\ConsultaA_Recursos_Salud_2022_v24.csv,26035,CA_MEDICOS_TOTAL,66.0,147.0,81.0
00013912,2023,5,data\raw\Capacidad\ConsultaA_Recursos_Salud_2023_v24.csv,22115,CA_MEDICOS_TOTAL,128.0,1280.0,1152.0
00014147,2022,8,data\raw\Capacidad\ConsultaA_Recursos_Salud_2022_v24.csv,16934,CA_MEDICOS_TOTAL,35.0,76.0,41.0
00014181,2020,1,data\raw\Capacidad\ConsultaA_Recursos_Salud_2020_v7.csv,216,CA_MEDICOS_TOTAL,4.0,28.0,24.0
00014181,2025,1,data\raw\Capacidad\ConsultaA_2025_v22.csv,43825,CA_MEDICOS_TOTAL,2.0,18.0,16.0
00014501,2020,6,data\raw\Capacidad\ConsultaA_Recursos_Salud_2020_v7.csv,17139,CA_MEDICOS_TOTAL,60.0,125.0,65.0
00015077,2020,5,data\raw\Capacidad\ConsultaA_Recursos_Salud_2020_v7.csv,36907,CA_MEDICOS_TOTAL,9.0,19.0,10.0
00015078,2023,6,data\raw\Capacidad\ConsultaA_Recursos_Salud_2023_v24.csv,15987,CA_MEDICOS_TOTAL,2.0,38.0,36.0
00015118,2025,2,data\raw\Capacidad\ConsultaA_2025_v22.csv,22214,CA_MEDICOS_TOTAL,8.0,145.0,137.0
00015118,2026,6,data\raw\Capacidad\ConsultaA_2026_v13.csv,24129,CA_MEDICOS_TOTAL,155.0,0.0,-155.0
00015230,2025,1,data\raw\Capacidad\ConsultaA_2025_v22.csv,16884,CA_MEDICOS_TOTAL,121.0,253.0,132.0
00015375,2015,12,data\raw\Capacidad\ConsultaA_Recurso_Salud_2015_v1.csv,494,CA_MEDICOS_TOTAL,24.0,78.0,54.0
00015730,2020,4,data\raw\Capacidad\ConsultaA_Recursos_Salud_2020_v7.csv,9877,CA_MEDICOS_TOTAL,47.0,263.0,216.0
00015730,2021,1,data\raw\Capacidad\ConsultaA_Recursos_Salud_2021_v19.csv,1182,CA_MEDICOS_TOTAL,38.0,267.0,229.0
00015730,2021,3,data\raw\Capacidad\ConsultaA_Recursos_Salud_2021_v19.csv,5709,CA_MEDICOS_TOTAL,43.0,264.0,221.0
00015927,2020,4,data\raw\Capacidad\ConsultaA_Recursos_Salud_2020_v7.csv,36909,CA_MEDICOS_TOTAL,34.0,0.0,-34.0
00015927,2020,6,data\raw\Capacidad\ConsultaA_Recursos_Salud_2020_v7.csv,25650,CA_MEDICOS_TOTAL,1.0,19.0,18.0
00015934,2022,7,data\raw\Capacidad\ConsultaA_Recursos_Salud_2022_v24.csv,12960,CA_MEDICOS_TOTAL,1.0,19.0,18.0
00016064,2022,5,data\raw\Capacidad\ConsultaA_Recursos_Salud_2022_v24.csv,18880,CA_MEDICOS_TOTAL,18.0,47.0,29.0
00016064,2024,5,data\raw\Capacidad\ConsultaA_2024_v22.csv,12429,CA_MEDICOS_TOTAL,18.0,42.0,24.0
00016094,2019,2,data\raw\Capacidad\ConsultaA_Recurso_Salud_2019_v7.csv,238,CA_MEDICOS_TOTAL,3.0,44.0,41.0
00016094,2021,1,data\raw\Capacidad\ConsultaA_Recursos_Salud_2021_v19.csv,1307,CA_MEDICOS_TOTAL,12.0,31.0,19.0
00016094,2021,10,data\raw\Capacidad\ConsultaA_Recursos_Salud_2021_v19.csv,24787,CA_MEDICOS_TOTAL,9.0,19.0,10.0
00016094,2022,4,data\raw\Capacidad\ConsultaA_Recursos_Salud_2022_v24.csv,8033,CA_MEDICOS_TOTAL,4.0,16.0,12.0
00016094,2025,2,data\raw\Capacidad\ConsultaA_2025_v22.csv,12855,CA_MEDICOS_TOTAL,14.0,28.0,14.0
00016291,2021,7,data\raw\Capacidad\ConsultaA_Recursos_Salud_2021_v19.csv,12354,CA_MEDICOS_TOTAL,9.0,71.0,62.0
00016291,2023,7,data\raw\Capacidad\ConsultaA_Recursos_Salud_2023_v24.csv,20055,CA_MEDICOS_TOTAL,8.0,22.0,14.0
00016536,2024,1,data\raw\Capacidad\ConsultaA_2024_v22.csv,3238,CA_MEDICOS_TOTAL,6.0,16.0,10.0
00016536,2026,3,data\raw\Capacidad\ConsultaA_2026_v13.csv,27258,CA_MEDICOS_TOTAL,12.0,47.0,35.0
00016541,2019,3,data\raw\Capacidad\ConsultaA_Recurso_Salud_2019_v7.csv,6418,CA_MEDICOS_TOTAL,20.0,49.0,29.0
00016541,2020,5,data\raw\Capacidad\ConsultaA_Recursos_Salud_2020_v7.csv,19231,CA_MEDICOS_TOTAL,4.0,16.0,12.0
00016541,2020,6,data\raw\Capacidad\ConsultaA_Recursos_Salud_2020_v7.csv,17950,CA_MEDICOS_TOTAL,16.0,45.0,29.0
00016551,2018,3,data\raw\Capacidad\ConsultaA_Recurso_Salud_2018_v2.csv,6235,CA_MEDICOS_TOTAL,4.0,60.0,56.0
00016551,2021,2,data\raw\Capacidad\ConsultaA_Recursos_Salud_2021_v19.csv,5137,CA_MEDICOS_TOTAL,10.0,120.0,110.0
00016552,2015,12,data\raw\Capacidad\ConsultaA_Recurso_Salud_2015_v1.csv,438,CA_MEDICOS_TOTAL,14.0,54.0,40.0
00016552,2018,11,data\raw\Capacidad\ConsultaA_Recurso_Salud_2018_v2.csv,28592,CA_MEDICOS_TOTAL,4.0,72.0,68.0
00016552,2019,12,data\raw\Capacidad\ConsultaA_Recurso_Salud_2019_v7.csv,30669,CA_MEDICOS_TOTAL,4.0,72.0,68.0
00016721,2023,6,data\raw\Capacidad\ConsultaA_Recursos_Salud_2023_v24.csv,11264,CA_MEDICOS_TOTAL,5.0,53.0,48.0
00016721,2023,8,data\raw\Capacidad\ConsultaA_Recursos_Salud_2023_v24.csv,35379,CA_MEDICOS_TOTAL,5.0,55.0,50.0
00016830,2020,6,data\raw\Capacidad\ConsultaA_Recursos_Salud_2020_v7.csv,15212,CA_MEDICOS_TOTAL,24.0,205.0,181.0
00017024,2020,5,data\raw\Capacidad\ConsultaA_Recursos_Salud_2020_v7.csv,18732,CA_MEDICOS_TOTAL,46.0,162.0,116.0
00017075,2021,8,data\raw\Capacidad\ConsultaA_Recursos_Salud_2021_v19.csv,17783,CA_MEDICOS_TOTAL,4.0,19.0,15.0
00017099,2020,8,data\raw\Capacidad\ConsultaA_Recursos_Salud_2020_v7.csv,15090,CA_MEDICOS_TOTAL,3.0,14.0,11.0
00017493,2019,4,data\raw\Capacidad\ConsultaA_Recurso_Salud_2019_v7.csv,14259,CA_MEDICOS_TOTAL,4.0,29.0,25.0
00017588,2023,7,data\raw\Capacidad\ConsultaA_Recursos_Salud_2023_v24.csv,17718,CA_MEDICOS_TOTAL,43.0,0.0,-43.0
00017588,2023,8,data\raw\Capacidad\ConsultaA_Recursos_Salud_2023_v24.csv,21948,CA_MEDICOS_TOTAL,0.0,40.0,40.0
00017824,2016,8,data\raw\Capacidad\ConsultaA_Recurso_Salud_2016_v1.csv,3707,CA_MEDICOS_TOTAL,15.0,0.0,-15.0
00017909,2020,6,data\raw\Capacidad\ConsultaA_Recursos_Salud_2020_v7.csv,24924,CA_MEDICOS_TOTAL,26.0,66.0,40.0
00018310,2016,11,data\raw\Capacidad\ConsultaA_Recurso_Salud_2016_v1.csv,16,CA_MEDICOS_TOTAL,21.0,68.0,47.0
00018310,2017,3,data\raw\Capacidad\ConsultaA_Recurso_Salud_2017_v1.csv,66,CA_MEDICOS_TOTAL,21.0,130.0,109.0
00018310,2026,3,data\raw\Capacidad\ConsultaA_2026_v13.csv,4817,CA_MEDICOS_TOTAL,23.0,219.0,196.0
00018404,2016,11,data\raw\Capacidad\ConsultaA_Recurso_Salud_2016_v1.csv,3530,CA_MEDICOS_TOTAL,70.0,252.0,182.0
00018404,2024,1,data\raw\Capacidad\ConsultaA_2024_v22.csv,5302,CA_MEDICOS_TOTAL,70.0,150.0,80.0
00018404,2025,9,data\raw\Capacidad\ConsultaA_2025_v22.csv,13937,CA_MEDICOS_TOTAL,2.0,163.0,161.0
00018704,2023,2,data\raw\Capacidad\ConsultaA_Recursos_Salud_2023_v24.csv,9887,CA_MEDICOS_TOTAL,4.0,15.0,11.0
00018966,2018,3,data\raw\Capacidad\ConsultaA_Recurso_Salud_2018_v2.csv,28152,CA_MEDICOS_TOTAL,30.0,0.0,-30.0
00018985,2018,10,data\raw\Capacidad\ConsultaA_Recurso_Salud_2018_v2.csv,14151,CA_MEDICOS_TOTAL,150.0,385.0,235.0
00018985,2020,5,data\raw\Capacidad\ConsultaA_Recursos_Salud_2020_v7.csv,23010,CA_MEDICOS_TOTAL,61.0,160.0,99.0
00018985,2024,1,data\raw\Capacidad\ConsultaA_2024_v22.csv,37129,CA_MEDICOS_TOTAL,3.0,221.0,218.0
00019360,2018,3,data\raw\Capacidad\ConsultaA_Recurso_Salud_2018_v2.csv,22474,CA_MEDICOS_TOTAL,45.0,0.0,-45.0
00019599,2026,1,data\raw\Capacidad\ConsultaA_2026_v13.csv,14911,CA_MEDICOS_TOTAL,0.0,11.0,11.0
00019748,2020,3,data\raw\Capacidad\ConsultaA_Recursos_Salud_2020_v7.csv,9058,CA_MEDICOS_TOTAL,56.0,0.0,-56.0
00019748,2020,7,data\raw\Capacidad\ConsultaA_Recursos_Salud_2020_v7.csv,16993,CA_MEDICOS_TOTAL,0.0,25.0,25.0
00019748,2021,9,data\raw\Capacidad\ConsultaA_Recursos_Salud_2021_v19.csv,26390,CA_MEDICOS_TOTAL,5.0,25.0,20.0
00019839,2024,6,data\raw\Capacidad\ConsultaA_2024_v22.csv,23879,CA_MEDICOS_TOTAL,4.0,14.0,10.0
00020346,2020,11,data\raw\Capacidad\ConsultaA_Recursos_Salud_2020_v7.csv,33218,CA_MEDICOS_TOTAL,4.0,20.0,16.0
00020346,2020,12,data\raw\Capacidad\ConsultaA_Recursos_Salud_2020_v7.csv,40200,CA_MEDICOS_TOTAL,20.0,0.0,-20.0
00020346,2023,1,data\raw\Capacidad\ConsultaA_Recursos_Salud_2023_v24.csv,1828,CA_MEDICOS_TOTAL,4.0,69.0,65.0
00020674,2021,12,data\raw\Capacidad\ConsultaA_Recursos_Salud_2021_v19.csv,26817,CA_MEDICOS_TOTAL,2.0,145.0,143.0
00020715,2018,9,data\raw\Capacidad\ConsultaA_Recurso_Salud_2018_v2.csv,15307,CA_MEDICOS_TOTAL,5.0,22.0,17.0
00020925,2020,5,data\raw\Capacidad\ConsultaA_Recursos_Salud_2020_v7.csv,16864,CA_MEDICOS_TOTAL,116.0,252.0,136.0
00020979,2022,1,data\raw\Capacidad\ConsultaA_Recursos_Salud_2022_v24.csv,37674,CA_MEDICOS_TOTAL,20.0,45.0,25.0
00021003,2023,7,data\raw\Capacidad\ConsultaA_Recursos_Salud_2023_v24.csv,22083,CA_MEDICOS_TOTAL,10.0,20.0,10.0
00021062,2021,11,data\raw\Capacidad\ConsultaA_Recursos_Salud_2021_v19.csv,30334,CA_MEDICOS_TOTAL,16.0,32.0,16.0
00021508,2023,3,data\raw\Capacidad\ConsultaA_Recursos_Salud_2023_v24.csv,3570,CA_MEDICOS_TOTAL,3.0,88.0,85.0
00021551,2020,7,data\raw\Capacidad\ConsultaA_Recursos_Salud_2020_v7.csv,16551,CA_MEDICOS_TOTAL,12.0,30.0,18.0
00021966,2024,5,data\raw\Capacidad\ConsultaA_2024_v22.csv,17177,CA_MEDICOS_TOTAL,6.0,21.0,15.0
00022016,2024,7,data\raw\Capacidad\ConsultaA_2024_v22.csv,24796,CA_MEDICOS_TOTAL,0.0,10.0,10.0
00023151,2017,7,data\raw\Capacidad\ConsultaA_Recurso_Salud_2017_v1.csv,13,CA_MEDICOS_TOTAL,16.0,47.0,31.0
00023151,2018,1,data\raw\Capacidad\ConsultaA_Recurso_Salud_2018_v2.csv,3263,CA_MEDICOS_TOTAL,16.0,47.0,31.0
00023151,2019,1,data\raw\Capacidad\ConsultaA_Recurso_Salud_2019_v7.csv,2120,CA_MEDICOS_TOTAL,16.0,47.0,31.0
00023488,2022,11,data\raw\Capacidad\ConsultaA_Recursos_Salud_2022_v24.csv,36718,CA_MEDICOS_TOTAL,1.0,18.0,17.0
00023833,2020,7,data\raw\Capacidad\ConsultaA_Recursos_Salud_2020_v7.csv,24581,CA_MEDICOS_TOTAL,2.0,14.0,12.0
00023833,2021,5,data\raw\Capacidad\ConsultaA_Recursos_Salud_2021_v19.csv,22186,CA_MEDICOS_TOTAL,12.0,0.0,-12.0
00023833,2023,3,data\raw\Capacidad\ConsultaA_Recursos_Salud_2023_v24.csv,1694,CA_MEDICOS_TOTAL,0.0,12.0,12.0
00023969,2020,11,data\raw\Capacidad\ConsultaA_Recursos_Salud_2020_v7.csv,32137,CA_MEDICOS_TOTAL,2.0,12.0,10.0
00024173,2023,10,data\raw\Capacidad\ConsultaA_Recursos_Salud_2023_v24.csv,35238,CA_MEDICOS_TOTAL,16.0,40.0,24.0
00024178,2023,3,data\raw\Capacidad\ConsultaA_Recursos_Salud_2023_v24.csv,5361,CA_MEDICOS_TOTAL,14.0,0.0,-14.0
00024178,2023,8,data\raw\Capacidad\ConsultaA_Recursos_Salud_2023_v24.csv,34872,CA_MEDICOS_TOTAL,0.0,14.0,14.0
00024178,2024,1,data\raw\Capacidad\ConsultaA_2024_v22.csv,2887,CA_MEDICOS_TOTAL,14.0,0.0,-14.0
00024299,2018,2,data\raw\Capacidad\ConsultaA_Recurso_Salud_2018_v2.csv,5430,CA_MEDICOS_TOTAL,16.0,90.0,74.0
00024299,2022,1,data\raw\Capacidad\ConsultaA_Recursos_Salud_2022_v24.csv,37739,CA_MEDICOS_TOTAL,90.0,180.0,90.0
00024299,2023,7,data\raw\Capacidad\ConsultaA_Recursos_Salud_2023_v24.csv,16715,CA_MEDICOS_TOTAL,90.0,182.0,92.0
00024425,2019,8,data\raw\Capacidad\ConsultaA_Recurso_Salud_2019_v7.csv,33246,CA_MEDICOS_TOTAL,0.0,30.0,30.0
00024425,2020,1,data\raw\Capacidad\ConsultaA_Recursos_Salud_2020_v7.csv,5973,CA_MEDICOS_TOTAL,6.0,30.0,24.0
00024425,2022,1,data\raw\Capacidad\ConsultaA_Recursos_Salud_2022_v24.csv,6938,CA_MEDICOS_TOTAL,6.0,16.0,10.0
00024425,2022,4,data\raw\Capacidad\ConsultaA_Recursos_Salud_2022_v24.csv,15451,CA_MEDICOS_TOTAL,6.0,16.0,10.0
00024425,2022,12,data\raw\Capacidad\ConsultaA_Recursos_Salud_2022_v24.csv,24681,CA_MEDICOS_TOTAL,6.0,16.0,10.0
00024425,2024,1,data\raw\Capacidad\ConsultaA_2024_v22.csv,3697,CA_MEDICOS_TOTAL,6.0,16.0,10.0
00024425,2024,5,data\raw\Capacidad\ConsultaA_2024_v22.csv,32183,CA_MEDICOS_TOTAL,6.0,16.0,10.0
00024425,2024,7,data\raw\Capacidad\ConsultaA_2024_v22.csv,10485,CA_MEDICOS_TOTAL,6.0,16.0,10.0
00024425,2024,10,data\raw\Capacidad\ConsultaA_2024_v22.csv,2025,CA_MEDICOS_TOTAL,6.0,16.0,10.0
00024425,2025,1,data\raw\Capacidad\ConsultaA_2025_v22.csv,19671,CA_MEDICOS_TOTAL,6.0,16.0,10.0
00024425,2025,5,data\raw\Capacidad\ConsultaA_2025_v22.csv,27879,CA_MEDICOS_TOTAL,6.0,20.0,14.0
00025061,2021,8,data\raw\Capacidad\ConsultaA_Recursos_Salud_2021_v19.csv,20358,CA_MEDICOS_TOTAL,10.0,20.0,10.0
00025061,2023,3,data\raw\Capacidad\ConsultaA_Recursos_Salud_2023_v24.csv,25852,CA_MEDICOS_TOTAL,10.0,20.0,10.0
00025061,2023,11,data\raw\Capacidad\ConsultaA_Recursos_Salud_2023_v24.csv,29628,CA_MEDICOS_TOTAL,9.0,20.0,11.0
00025061,2024,3,data\raw\Capacidad\ConsultaA_2024_v22.csv,12847,CA_MEDICOS_TOTAL,10.0,20.0,10.0
00025061,2024,11,data\raw\Capacidad\ConsultaA_2024_v22.csv,43209,CA_MEDICOS_TOTAL,9.0,20.0,11.0
00025061,2025,3,data\raw\Capacidad\ConsultaA_2025_v22.csv,2827,CA_MEDICOS_TOTAL,10.0,20.0,10.0
00025535,2024,1,data\raw\Capacidad\ConsultaA_2024_v22.csv,39460,CA_MEDICOS_TOTAL,16.0,0.0,-16.0
00025535,2024,2,data\raw\Capacidad\ConsultaA_2024_v22.csv,3110,CA_MEDICOS_TOTAL,0.0,16.0,16.0
00025575,2020,7,data\raw\Capacidad\ConsultaA_Recursos_Salud_2020_v7.csv,17381,CA_MEDICOS_TOTAL,9.0,27.0,18.0
00025575,2024,9,data\raw\Capacidad\ConsultaA_2024_v22.csv,21036,CA_MEDICOS_TOTAL,23.0,50.0,27.0
00025732,2026,4,data\raw\Capacidad\ConsultaA_2026_v13.csv,14667,CA_MEDICOS_TOTAL,5.0,32.0,27.0
00025971,2021,3,data\raw\Capacidad\ConsultaA_Recursos_Salud_2021_v19.csv,299,CA_MEDICOS_TOTAL,18.0,45.0,27.0
00025971,2022,4,data\raw\Capacidad\ConsultaA_Recursos_Salud_2022_v24.csv,11083,CA_MEDICOS_TOTAL,33.0,79.0,46.0
00026079,2023,12,data\raw\Capacidad\ConsultaA_Recursos_Salud_2023_v24.csv,39672,CA_MEDICOS_TOTAL,36.0,76.0,40.0
00026473,2025,7,data\raw\Capacidad\ConsultaA_2025_v22.csv,32932,CA_MEDICOS_TOTAL,58.0,0.0,-58.0
00026473,2025,8,data\raw\Capacidad\ConsultaA_2025_v22.csv,33164,CA_MEDICOS_TOTAL,0.0,39.0,39.0
00026706,2026,6,data\raw\Capacidad\ConsultaA_2026_v13.csv,7413,CA_MEDICOS_TOTAL,16.0,57.0,41.0
00026707,2023,8,data\raw\Capacidad\ConsultaA_Recursos_Salud_2023_v24.csv,19503,CA_MEDICOS_TOTAL,11.0,23.0,12.0
00026935,2025,7,data\raw\Capacidad\ConsultaA_2025_v22.csv,29385,CA_MEDICOS_TOTAL,9.0,30.0,21.0
00027214,2021,4,data\raw\Capacidad\ConsultaA_Recursos_Salud_2021_v19.csv,2667,CA_MEDICOS_TOTAL,6.0,337.0,331.0
00027214,2024,8,data\raw\Capacidad\ConsultaA_2024_v22.csv,7517,CA_MEDICOS_TOTAL,6.0,267.0,261.0
00027276,2023,11,data\raw\Capacidad\ConsultaA_Recursos_Salud_2023_v24.csv,31913,CA_MEDICOS_TOTAL,11.0,0.0,-11.0
00027276,2023,12,data\raw\Capacidad\ConsultaA_Recursos_Salud_2023_v24.csv,40780,CA_MEDICOS_TOTAL,0.0,22.0,22.0
00027312,2025,4,data\raw\Capacidad\ConsultaA_2025_v22.csv,26954,CA_MEDICOS_TOTAL,4.0,15.0,11.0
00027320,2022,2,data\raw\Capacidad\ConsultaA_Recursos_Salud_2022_v24.csv,5239,CA_MEDICOS_TOTAL,51.0,141.0,90.0
00027459,2025,9,data\raw\Capacidad\ConsultaA_2025_v22.csv,38573,CA_MEDICOS_TOTAL,13.0,27.0,14.0
00027459,2026,1,data\raw\Capacidad\ConsultaA_2026_v13.csv,38587,CA_MEDICOS_TOTAL,16.0,0.0,-16.0
00027459,2026,2,data\raw\Capacidad\ConsultaA_2026_v13.csv,1005,CA_MEDICOS_TOTAL,0.0,22.0,22.0
00027462,2022,3,data\raw\Capacidad\ConsultaA_Recursos_Salud_2022_v24.csv,8313,CA_MEDICOS_TOTAL,3.0,110.0,107.0
00027462,2022,5,data\raw\Capacidad\ConsultaA_Recursos_Salud_2022_v24.csv,14249,CA_MEDICOS_TOTAL,3.0,109.0,106.0
00027478,2026,6,data\raw\Capacidad\ConsultaA_2026_v13.csv,25299,CA_MEDICOS_TOTAL,19.0,60.0,41.0
00027694,2022,7,data\raw\Capacidad\ConsultaA_Recursos_Salud_2022_v24.csv,16611,CA_MEDICOS_TOTAL,10.0,73.0,63.0
00027733,2020,12,data\raw\Capacidad\ConsultaA_Recursos_Salud_2020_v7.csv,35624,CA_MEDICOS_TOTAL,27.0,71.0,44.0
00027857,2020,5,data\raw\Capacidad\ConsultaA_Recursos_Salud_2020_v7.csv,26666,CA_MEDICOS_TOTAL,4.0,32.0,28.0
00027857,2020,7,data\raw\Capacidad\ConsultaA_Recursos_Salud_2020_v7.csv,36939,CA_MEDICOS_TOTAL,38.0,89.0,51.0
00028464,2026,4,data\raw\Capacidad\ConsultaA_2026_v13.csv,11750,CA_MEDICOS_TOTAL,10.0,20.0,10.0
00028464,2026,7,data\raw\Capacidad\ConsultaA_2026_v13.csv,7214,CA_MEDICOS_TOTAL,10.0,20.0,10.0
00028966,2024,8,data\raw\Capacidad\ConsultaA_2024_v22.csv,23689,CA_MEDICOS_TOTAL,35.0,73.0,38.0
00029518,2024,10,data\raw\Capacidad\ConsultaA_2024_v22.csv,47909,CA_MEDICOS_TOTAL,2.0,145.0,143.0
00030864,2024,8,data\raw\Capacidad\ConsultaA_2024_v22.csv,19818,CA_MEDICOS_TOTAL,0.0,11.0,11.0
00030864,2024,9,data\raw\Capacidad\ConsultaA_2024_v22.csv,41585,CA_MEDICOS_TOTAL,11.0,0.0,-11.0
00030864,2025,1,data\raw\Capacidad\ConsultaA_2025_v22.csv,23720,CA_MEDICOS_TOTAL,0.0,11.0,11.0
00030864,2025,2,data\raw\Capacidad\ConsultaA_2025_v22.csv,32855,CA_MEDICOS_TOTAL,11.0,0.0,-11.0
00030864,2026,2,data\raw\Capacidad\ConsultaA_2026_v13.csv,35322,CA_MEDICOS_TOTAL,0.0,11.0,11.0
00030864,2026,3,data\raw\Capacidad\ConsultaA_2026_v13.csv,26864,CA_MEDICOS_TOTAL,11.0,0.0,-11.0
00030934,2024,5,data\raw\Capacidad\ConsultaA_2024_v22.csv,31927,CA_MEDICOS_TOTAL,4.0,46.0,42.0
00032615,2026,3,data\raw\Capacidad\ConsultaA_2026_v13.csv,28658,CA_MEDICOS_TOTAL,6.0,22.0,16.0
00032672,2024,9,data\raw\Capacidad\ConsultaA_2024_v22.csv,25840,CA_MEDICOS_TOTAL,9.0,28.0,19.0
00032672,2025,3,data\raw\Capacidad\ConsultaA_2025_v22.csv,14601,CA_MEDICOS_TOTAL,4.0,28.0,24.0
00032672,2025,6,data\raw\Capacidad\ConsultaA_2025_v22.csv,10780,CA_MEDICOS_TOTAL,9.0,28.0,19.0
00033257,2026,5,data\raw\Capacidad\ConsultaA_2026_v13.csv,27743,CA_MEDICOS_TOTAL,10.0,39.0,29.0
00034036,2026,7,data\raw\Capacidad\ConsultaA_2026_v13.csv,36443,CA_MEDICOS_TOTAL,2.0,22.0,20.0
00035881,2025,4,data\raw\Capacidad\ConsultaA_2025_v22.csv,14846,CA_MEDICOS_TOTAL,5.0,16.0,11.0
00035881,2025,8,data\raw\Capacidad\ConsultaA_2025_v22.csv,40772,CA_MEDICOS_TOTAL,1.0,13.0,12.0
00035881,2025,12,data\raw\Capacidad\ConsultaA_2025_v22.csv,59565,CA_MEDICOS_TOTAL,8.0,20.0,12.0
00036675,2025,12,data\raw\Capacidad\ConsultaA_2025_v22.csv,54313,CA_MEDICOS_TOTAL,97.0,237.0,140.0
00037119,2025,10,data\raw\Capacidad\ConsultaA_2025_v22.csv,53062,CA_MEDICOS_TOTAL,22.0,55.0,33.0
00000001,2016,12,data\raw\Capacidad\ConsultaA_Recurso_Salud_2016_v1.csv,116,CA_MEDICOS_RESIDENTES,7.0,17.0,10.0
00000001,2022,1,data\raw\Capacidad\ConsultaA_Recursos_Salud_2022_v24.csv,10856,CA_MEDICOS_RESIDENTES,4.0,14.0,10.0
00000001,2023,4,data\raw\Capacidad\ConsultaA_Recursos_Salud_2023_v24.csv,7884,CA_MEDICOS_RESIDENTES,2.0,12.0,10.0
00000001,2023,9,data\raw\Capacidad\ConsultaA_Recursos_Salud_2023_v24.csv,27524,CA_MEDICOS_RESIDENTES,3.0,14.0,11.0
00000003,2019,3,data\raw\Capacidad\ConsultaA_Recurso_Salud_2019_v7.csv,13635,CA_MEDICOS_RESIDENTES,14.0,48.0,34.0
00000003,2025,1,data\raw\Capacidad\ConsultaA_2025_v22.csv,23325,CA_MEDICOS_RESIDENTES,18.0,0.0,-18.0
00000003,2025,6,data\raw\Capacidad\ConsultaA_2025_v22.csv,25496,CA_MEDICOS_RESIDENTES,0.0,51.0,51.0
00000210,2026,5,data\raw\Capacidad\ConsultaA_2026_v13.csv,12757,CA_MEDICOS_RESIDENTES,6.0,34.0,28.0
00000210,2026,7,data\raw\Capacidad\ConsultaA_2026_v13.csv,18868,CA_MEDICOS_RESIDENTES,6.0,34.0,28.0
00000308,2023,9,data\raw\Capacidad\ConsultaA_Recursos_Salud_2023_v24.csv,34202,CA_MEDICOS_RESIDENTES,13.0,0.0,-13.0
00000308,2023,10,data\raw\Capacidad\ConsultaA_Recursos_Salud_2023_v24.csv,25579,CA_MEDICOS_RESIDENTES,0.0,22.0,22.0
00000340,2016,9,data\raw\Capacidad\ConsultaA_Recurso_Salud_2016_v1.csv,212,CA_MEDICOS_RESIDENTES,0.0,34.0,34.0
00000340,2016,10,data\raw\Capacidad\ConsultaA_Recurso_Salud_2016_v1.csv,210,CA_MEDICOS_RESIDENTES,34.0,0.0,-34.0
00000442,2018,12,data\raw\Capacidad\ConsultaA_Recurso_Salud_2018_v2.csv,26351,CA_MEDICOS_RESIDENTES,3.0,16.0,13.0
00000646,2022,9,data\raw\Capacidad\ConsultaA_Recursos_Salud_2022_v24.csv,26658,CA_MEDICOS_RESIDENTES,12.0,0.0,-12.0
00000646,2023,4,data\raw\Capacidad\ConsultaA_Recursos_Salud_2023_v24.csv,2800,CA_MEDICOS_RESIDENTES,0.0,10.0,10.0
00000646,2023,5,data\raw\Capacidad\ConsultaA_Recursos_Salud_2023_v24.csv,16946,CA_MEDICOS_RESIDENTES,10.0,0.0,-10.0
00000646,2023,6,data\raw\Capacidad\ConsultaA_Recursos_Salud_2023_v24.csv,20932,CA_MEDICOS_RESIDENTES,0.0,10.0,10.0
00000646,2023,7,data\raw\Capacidad\ConsultaA_Recursos_Salud_2023_v24.csv,16981,CA_MEDICOS_RESIDENTES,10.0,0.0,-10.0
00000755,2025,1,data\raw\Capacidad\ConsultaA_2025_v22.csv,23070,CA_MEDICOS_RESIDENTES,0.0,14.0,14.0
00000755,2025,11,data\raw\Capacidad\ConsultaA_2025_v22.csv,47394,CA_MEDICOS_RESIDENTES,14.0,0.0,-14.0
00001232,2025,1,data\raw\Capacidad\ConsultaA_2025_v22.csv,4832,CA_MEDICOS_RESIDENTES,36.0,106.0,70.0
00001232,2025,3,data\raw\Capacidad\ConsultaA_2025_v22.csv,38884,CA_MEDICOS_RESIDENTES,106.0,0.0,-106.0
00001232,2025,6,data\raw\Capacidad\ConsultaA_2025_v22.csv,8457,CA_MEDICOS_RESIDENTES,0.0,36.0,36.0
00001444,2018,9,data\raw\Capacidad\ConsultaA_Recurso_Salud_2018_v2.csv,20368,CA_MEDICOS_RESIDENTES,0.0,10.0,10.0
00001444,2018,10,data\raw\Capacidad\ConsultaA_Recurso_Salud_2018_v2.csv,28198,CA_MEDICOS_RESIDENTES,10.0,0.0,-10.0
00001652,2016,7,data\raw\Capacidad\ConsultaA_Recurso_Salud_2016_v1.csv,286,CA_MEDICOS_RESIDENTES,10.0,0.0,-10.0
00001652,2023,9,data\raw\Capacidad\ConsultaA_Recursos_Salud_2023_v24.csv,24445,CA_MEDICOS_RESIDENTES,6.0,16.0,10.0
00001703,2016,7,data\raw\Capacidad\ConsultaA_Recurso_Salud_2016_v1.csv,343,CA_MEDICOS_RESIDENTES,8.0,21.0,13.0
00002021,2018,6,data\raw\Capacidad\ConsultaA_Recurso_Salud_2018_v2.csv,19137,CA_MEDICOS_RESIDENTES,0.0,34.0,34.0
00002021,2018,8,data\raw\Capacidad\ConsultaA_Recurso_Salud_2018_v2.csv,12632,CA_MEDICOS_RESIDENTES,34.0,0.0,-34.0
00002112,2025,11,data\raw\Capacidad\ConsultaA_2025_v22.csv,56058,CA_MEDICOS_RESIDENTES,0.0,34.0,34.0
00002112,2025,12,data\raw\Capacidad\ConsultaA_2025_v22.csv,53989,CA_MEDICOS_RESIDENTES,34.0,0.0,-34.0
00002289,2017,1,data\raw\Capacidad\ConsultaA_Recurso_Salud_2017_v1.csv,1428,CA_MEDICOS_RESIDENTES,21.0,43.0,22.0
00002289,2021,8,data\raw\Capacidad\ConsultaA_Recursos_Salud_2021_v19.csv,23040,CA_MEDICOS_RESIDENTES,37.0,0.0,-37.0
00002289,2021,10,data\raw\Capacidad\ConsultaA_Recursos_Salud_2021_v19.csv,24314,CA_MEDICOS_RESIDENTES,0.0,36.0,36.0
00002305,2021,2,data\raw\Capacidad\ConsultaA_Recursos_Salud_2021_v19.csv,4782,CA_MEDICOS_RESIDENTES,17.0,0.0,-17.0
00002305,2021,4,data\raw\Capacidad\ConsultaA_Recursos_Salud_2021_v19.csv,22540,CA_MEDICOS_RESIDENTES,0.0,17.0,17.0
00002523,2026,7,data\raw\Capacidad\ConsultaA_2026_v13.csv,8822,CA_MEDICOS_RESIDENTES,0.0,11.0,11.0
00002864,2018,4,data\raw\Capacidad\ConsultaA_Recurso_Salud_2018_v2.csv,660,CA_MEDICOS_RESIDENTES,9.0,19.0,10.0
00002864,2018,10,data\raw\Capacidad\ConsultaA_Recurso_Salud_2018_v2.csv,12308,CA_MEDICOS_RESIDENTES,8.0,19.0,11.0
00002864,2019,8,data\raw\Capacidad\ConsultaA_Recurso_Salud_2019_v7.csv,25330,CA_MEDICOS_RESIDENTES,13.0,27.0,14.0
00002864,2020,3,data\raw\Capacidad\ConsultaA_Recursos_Salud_2020_v7.csv,40348,CA_MEDICOS_RESIDENTES,22.0,0.0,-22.0
00002864,2021,7,data\raw\Capacidad\ConsultaA_Recursos_Salud_2021_v19.csv,19548,CA_MEDICOS_RESIDENTES,0.0,12.0,12.0
00002864,2021,11,data\raw\Capacidad\ConsultaA_Recursos_Salud_2021_v19.csv,23065,CA_MEDICOS_RESIDENTES,12.0,0.0,-12.0
00002864,2022,8,data\raw\Capacidad\ConsultaA_Recursos_Salud_2022_v24.csv,14314,CA_MEDICOS_RESIDENTES,0.0,25.0,25.0
00003299,2025,9,data\raw\Capacidad\ConsultaA_2025_v22.csv,36838,CA_MEDICOS_RESIDENTES,24.0,0.0,-24.0
00003299,2026,1,data\raw\Capacidad\ConsultaA_2026_v13.csv,39964,CA_MEDICOS_RESIDENTES,0.0,28.0,28.0
00003359,2017,12,data\raw\Capacidad\ConsultaA_Recurso_Salud_2017_v1.csv,1787,CA_MEDICOS_RESIDENTES,6.0,21.0,15.0
00003359,2021,8,data\raw\Capacidad\ConsultaA_Recursos_Salud_2021_v19.csv,29618,CA_MEDICOS_RESIDENTES,10.0,26.0,16.0
00003359,2022,2,data\raw\Capacidad\ConsultaA_Recursos_Salud_2022_v24.csv,7655,CA_MEDICOS_RESIDENTES,6.0,21.0,15.0
00003359,2022,12,data\raw\Capacidad\ConsultaA_Recursos_Salud_2022_v24.csv,32792,CA_MEDICOS_RESIDENTES,7.0,34.0,27.0
00003414,2018,10,data\raw\Capacidad\ConsultaA_Recurso_Salud_2018_v2.csv,18537,CA_MEDICOS_RESIDENTES,13.0,0.0,-13.0
00003414,2018,11,data\raw\Capacidad\ConsultaA_Recurso_Salud_2018_v2.csv,23628,CA_MEDICOS_RESIDENTES,0.0,11.0,11.0
00003472,2019,3,data\raw\Capacidad\ConsultaA_Recurso_Salud_2019_v7.csv,28200,CA_MEDICOS_RESIDENTES,8.0,70.0,62.0
00003494,2016,12,data\raw\Capacidad\ConsultaA_Recurso_Salud_2016_v1.csv,4279,CA_MEDICOS_RESIDENTES,0.0,29.0,29.0
00003494,2017,1,data\raw\Capacidad\ConsultaA_Recurso_Salud_2017_v1.csv,9092,CA_MEDICOS_RESIDENTES,29.0,0.0,-29.0
00003507,2019,3,data\raw\Capacidad\ConsultaA_Recurso_Salud_2019_v7.csv,4649,CA_MEDICOS_RESIDENTES,5.0,15.0,10.0
00003754,2017,6,data\raw\Capacidad\ConsultaA_Recurso_Salud_2017_v1.csv,9938,CA_MEDICOS_RESIDENTES,0.0,28.0,28.0
00003754,2017,9,data\raw\Capacidad\ConsultaA_Recurso_Salud_2017_v1.csv,9935,CA_MEDICOS_RESIDENTES,28.0,0.0,-28.0
00003853,2018,6,data\raw\Capacidad\ConsultaA_Recurso_Salud_2018_v2.csv,18554,CA_MEDICOS_RESIDENTES,0.0,14.0,14.0
00004131,2019,4,data\raw\Capacidad\ConsultaA_Recurso_Salud_2019_v7.csv,13577,CA_MEDICOS_RESIDENTES,0.0,11.0,11.0
00004131,2022,5,data\raw\Capacidad\ConsultaA_Recursos_Salud_2022_v24.csv,12485,CA_MEDICOS_RESIDENTES,2.0,26.0,24.0
00004131,2025,5,data\raw\Capacidad\ConsultaA_2025_v22.csv,11214,CA_MEDICOS_RESIDENTES,6.0,18.0,12.0
00004131,2026,7,data\raw\Capacidad\ConsultaA_2026_v13.csv,20936,CA_MEDICOS_RESIDENTES,5.0,17.0,12.0
00004210,2021,9,data\raw\Capacidad\ConsultaA_Recursos_Salud_2021_v19.csv,34310,CA_MEDICOS_RESIDENTES,13.0,0.0,-13.0
00004370,2020,10,data\raw\Capacidad\ConsultaA_Recursos_Salud_2020_v7.csv,34019,CA_MEDICOS_RESIDENTES,16.0,0.0,-16.0
00004370,2020,11,data\raw\Capacidad\ConsultaA_Recursos_Salud_2020_v7.csv,27261,CA_MEDICOS_RESIDENTES,0.0,12.0,12.0
00005195,2019,1,data\raw\Capacidad\ConsultaA_Recurso_Salud_2019_v7.csv,2840,CA_MEDICOS_RESIDENTES,16.0,36.0,20.0
00005195,2020,3,data\raw\Capacidad\ConsultaA_Recursos_Salud_2020_v7.csv,18576,CA_MEDICOS_RESIDENTES,16.0,36.0,20.0
00005195,2020,7,data\raw\Capacidad\ConsultaA_Recursos_Salud_2020_v7.csv,30888,CA_MEDICOS_RESIDENTES,19.0,53.0,34.0
00005195,2021,4,data\raw\Capacidad\ConsultaA_Recursos_Salud_2021_v19.csv,14010,CA_MEDICOS_RESIDENTES,53.0,125.0,72.0
00005196,2015,5,data\raw\Capacidad\ConsultaA_Recurso_Salud_2015_v1.csv,565,CA_MEDICOS_RESIDENTES,55.0,122.0,67.0
00005299,2017,4,data\raw\Capacidad\ConsultaA_Recurso_Salud_2017_v1.csv,2331,CA_MEDICOS_RESIDENTES,5.0,17.0,12.0
00005617,2019,1,data\raw\Capacidad\ConsultaA_Recurso_Salud_2019_v7.csv,2756,CA_MEDICOS_RESIDENTES,3.0,17.0,14.0
00005617,2020,1,data\raw\Capacidad\ConsultaA_Recursos_Salud_2020_v7.csv,1586,CA_MEDICOS_RESIDENTES,8.0,18.0,10.0
00005617,2022,6,data\raw\Capacidad\ConsultaA_Recursos_Salud_2022_v24.csv,22303,CA_MEDICOS_RESIDENTES,22.0,0.0,-22.0
00005617,2022,7,data\raw\Capacidad\ConsultaA_Recursos_Salud_2022_v24.csv,14140,CA_MEDICOS_RESIDENTES,0.0,20.0,20.0
00005947,2017,4,data\raw\Capacidad\ConsultaA_Recurso_Salud_2017_v1.csv,2568,CA_MEDICOS_RESIDENTES,7.0,18.0,11.0
00005947,2017,9,data\raw\Capacidad\ConsultaA_Recurso_Salud_2017_v1.csv,2569,CA_MEDICOS_RESIDENTES,7.0,18.0,11.0
00005947,2022,1,data\raw\Capacidad\ConsultaA_Recursos_Salud_2022_v24.csv,8737,CA_MEDICOS_RESIDENTES,0.0,13.0,13.0
00005987,2021,8,data\raw\Capacidad\ConsultaA_Recursos_Salud_2021_v19.csv,19486,CA_MEDICOS_RESIDENTES,95.0,218.0,123.0
00006092,2026,5,data\raw\Capacidad\ConsultaA_2026_v13.csv,19437,CA_MEDICOS_RESIDENTES,0.0,11.0,11.0
00006092,2026,6,data\raw\Capacidad\ConsultaA_2026_v13.csv,18437,CA_MEDICOS_RESIDENTES,11.0,0.0,-11.0
00006211,2019,3,data\raw\Capacidad\ConsultaA_Recurso_Salud_2019_v7.csv,3986,CA_MEDICOS_RESIDENTES,34.0,83.0,49.0
00006212,2024,12,data\raw\Capacidad\ConsultaA_2024_v22.csv,33407,CA_MEDICOS_RESIDENTES,15.0,146.0,131.0
00006213,2020,6,data\raw\Capacidad\ConsultaA_Recursos_Salud_2020_v7.csv,17070,CA_MEDICOS_RESIDENTES,15.0,31.0,16.0
00006214,2020,4,data\raw\Capacidad\ConsultaA_Recursos_Salud_2020_v7.csv,28110,CA_MEDICOS_RESIDENTES,38.0,0.0,-38.0
00006214,2021,1,data\raw\Capacidad\ConsultaA_Recursos_Salud_2021_v19.csv,30809,CA_MEDICOS_RESIDENTES,0.0,23.0,23.0
00006216,2018,1,data\raw\Capacidad\ConsultaA_Recurso_Salud_2018_v2.csv,4020,CA_MEDICOS_RESIDENTES,13.0,26.0,13.0
00006216,2018,8,data\raw\Capacidad\ConsultaA_Recurso_Salud_2018_v2.csv,19524,CA_MEDICOS_RESIDENTES,23.0,53.0,30.0
00006216,2018,11,data\raw\Capacidad\ConsultaA_Recurso_Salud_2018_v2.csv,23824,CA_MEDICOS_RESIDENTES,33.0,70.0,37.0
00006216,2019,11,data\raw\Capacidad\ConsultaA_Recurso_Salud_2019_v7.csv,30765,CA_MEDICOS_RESIDENTES,28.0,72.0,44.0
00006216,2021,11,data\raw\Capacidad\ConsultaA_Recursos_Salud_2021_v19.csv,30684,CA_MEDICOS_RESIDENTES,60.0,0.0,-60.0
00006216,2021,12,data\raw\Capacidad\ConsultaA_Recursos_Salud_2021_v19.csv,33653,CA_MEDICOS_RESIDENTES,0.0,80.0,80.0
00006216,2023,11,data\raw\Capacidad\ConsultaA_Recursos_Salud_2023_v24.csv,29925,CA_MEDICOS_RESIDENTES,71.0,0.0,-71.0
00006216,2023,12,data\raw\Capacidad\ConsultaA_Recursos_Salud_2023_v24.csv,40158,CA_MEDICOS_RESIDENTES,0.0,76.0,76.0
00006216,2024,8,data\raw\Capacidad\ConsultaA_2024_v22.csv,24168,CA_MEDICOS_RESIDENTES,16.0,112.0,96.0
00006216,2025,1,data\raw\Capacidad\ConsultaA_2025_v22.csv,9686,CA_MEDICOS_RESIDENTES,6.0,186.0,180.0
00006218,2022,2,data\raw\Capacidad\ConsultaA_Recursos_Salud_2022_v24.csv,8812,CA_MEDICOS_RESIDENTES,1.0,264.0,263.0
00006219,2025,1,data\raw\Capacidad\ConsultaA_2025_v22.csv,21850,CA_MEDICOS_RESIDENTES,19.0,49.0,30.0
00006219,2025,12,data\raw\Capacidad\ConsultaA_2025_v22.csv,52599,CA_MEDICOS_RESIDENTES,20.0,54.0,34.0
00006238,2019,3,data\raw\Capacidad\ConsultaA_Recurso_Salud_2019_v7.csv,16853,CA_MEDICOS_RESIDENTES,0.0,12.0,12.0
00006238,2019,4,data\raw\Capacidad\ConsultaA_Recurso_Salud_2019_v7.csv,12865,CA_MEDICOS_RESIDENTES,12.0,0.0,-12.0
00006312,2023,4,data\raw\Capacidad\ConsultaA_Recursos_Salud_2023_v24.csv,15459,CA_MEDICOS_RESIDENTES,0.0,13.0,13.0
00006312,2023,5,data\raw\Capacidad\ConsultaA_Recursos_Salud_2023_v24.csv,21892,CA_MEDICOS_RESIDENTES,13.0,0.0,-13.0
00006352,2023,2,data\raw\Capacidad\ConsultaA_Recursos_Salud_2023_v24.csv,2996,CA_MEDICOS_RESIDENTES,0.0,10.0,10.0
00006352,2023,4,data\raw\Capacidad\ConsultaA_Recursos_Salud_2023_v24.csv,6572,CA_MEDICOS_RESIDENTES,10.0,0.0,-10.0
00006529,2022,2,data\raw\Capacidad\ConsultaA_Recursos_Salud_2022_v24.csv,6434,CA_MEDICOS_RESIDENTES,0.0,20.0,20.0
00006529,2022,3,data\raw\Capacidad\ConsultaA_Recursos_Salud_2022_v24.csv,9379,CA_MEDICOS_RESIDENTES,20.0,0.0,-20.0
00006529,2022,7,data\raw\Capacidad\ConsultaA_Recursos_Salud_2022_v24.csv,20489,CA_MEDICOS_RESIDENTES,0.0,20.0,20.0
00006529,2022,8,data\raw\Capacidad\ConsultaA_Recursos_Salud_2022_v24.csv,14944,CA_MEDICOS_RESIDENTES,20.0,0.0,-20.0
00006529,2022,10,data\raw\Capacidad\ConsultaA_Recursos_Salud_2022_v24.csv,33500,CA_MEDICOS_RESIDENTES,0.0,20.0,20.0
00006529,2022,11,data\raw\Capacidad\ConsultaA_Recursos_Salud_2022_v24.csv,23866,CA_MEDICOS_RESIDENTES,20.0,0.0,-20.0
00006669,2024,2,data\raw\Capacidad\ConsultaA_2024_v22.csv,3843,CA_MEDICOS_RESIDENTES,0.0,12.0,12.0
00006669,2024,3,data\raw\Capacidad\ConsultaA_2024_v22.csv,17927,CA_MEDICOS_RESIDENTES,12.0,0.0,-12.0
00006733,2021,7,data\raw\Capacidad\ConsultaA_Recursos_Salud_2021_v19.csv,14586,CA_MEDICOS_RESIDENTES,2.0,12.0,10.0
00006733,2023,11,data\raw\Capacidad\ConsultaA_Recursos_Salud_2023_v24.csv,28812,CA_MEDICOS_RESIDENTES,2.0,18.0,16.0
00006918,2017,1,data\raw\Capacidad\ConsultaA_Recurso_Salud_2017_v1.csv,3535,CA_MEDICOS_RESIDENTES,0.0,17.0,17.0
00006918,2020,1,data\raw\Capacidad\ConsultaA_Recursos_Salud_2020_v7.csv,1385,CA_MEDICOS_RESIDENTES,26.0,0.0,-26.0
00007126,2020,2,data\raw\Capacidad\ConsultaA_Recursos_Salud_2020_v7.csv,12915,CA_MEDICOS_RESIDENTES,0.0,16.0,16.0
00007126,2021,8,data\raw\Capacidad\ConsultaA_Recursos_Salud_2021_v19.csv,34308,CA_MEDICOS_RESIDENTES,0.0,22.0,22.0
00007126,2023,3,data\raw\Capacidad\ConsultaA_Recursos_Salud_2023_v24.csv,6021,CA_MEDICOS_RESIDENTES,19.0,0.0,-19.0
00007126,2023,6,data\raw\Capacidad\ConsultaA_Recursos_Salud_2023_v24.csv,21540,CA_MEDICOS_RESIDENTES,0.0,19.0,19.0
00007135,2018,7,data\raw\Capacidad\ConsultaA_Recurso_Salud_2018_v2.csv,15984,CA_MEDICOS_RESIDENTES,0.0,36.0,36.0
00007135,2018,8,data\raw\Capacidad\ConsultaA_Recurso_Salud_2018_v2.csv,18466,CA_MEDICOS_RESIDENTES,36.0,0.0,-36.0
00007152,2023,1,data\raw\Capacidad\ConsultaA_Recursos_Salud_2023_v24.csv,7443,CA_MEDICOS_RESIDENTES,0.0,13.0,13.0
00007152,2023,2,data\raw\Capacidad\ConsultaA_Recursos_Salud_2023_v24.csv,9031,CA_MEDICOS_RESIDENTES,13.0,0.0,-13.0
00007397,2019,4,data\raw\Capacidad\ConsultaA_Recurso_Salud_2019_v7.csv,14169,CA_MEDICOS_RESIDENTES,14.0,29.0,15.0
00007633,2015,9,data\raw\Capacidad\ConsultaA_Recurso_Salud_2015_v1.csv,199,CA_MEDICOS_RESIDENTES,0.0,332.0,332.0
00007638,2021,7,data\raw\Capacidad\ConsultaA_Recursos_Salud_2021_v19.csv,35820,CA_MEDICOS_RESIDENTES,18.0,0.0,-18.0
00007638,2022,4,data\raw\Capacidad\ConsultaA_Recursos_Salud_2022_v24.csv,2888,CA_MEDICOS_RESIDENTES,0.0,10.0,10.0
00007638,2022,7,data\raw\Capacidad\ConsultaA_Recursos_Salud_2022_v24.csv,21225,CA_MEDICOS_RESIDENTES,18.0,0.0,-18.0
00007638,2022,11,data\raw\Capacidad\ConsultaA_Recursos_Salud_2022_v24.csv,26554,CA_MEDICOS_RESIDENTES,0.0,21.0,21.0
00007638,2023,1,data\raw\Capacidad\ConsultaA_Recursos_Salud_2023_v24.csv,9290,CA_MEDICOS_RESIDENTES,18.0,0.0,-18.0
00007638,2023,10,data\raw\Capacidad\ConsultaA_Recursos_Salud_2023_v24.csv,34308,CA_MEDICOS_RESIDENTES,4.0,25.0,21.0
00007638,2024,2,data\raw\Capacidad\ConsultaA_2024_v22.csv,4900,CA_MEDICOS_RESIDENTES,6.0,18.0,12.0
00007639,2016,11,data\raw\Capacidad\ConsultaA_Recurso_Salud_2016_v1.csv,1496,CA_MEDICOS_RESIDENTES,15.0,0.0,-15.0
00007639,2016,12,data\raw\Capacidad\ConsultaA_Recurso_Salud_2016_v1.csv,1493,CA_MEDICOS_RESIDENTES,0.0,11.0,11.0
00007639,2019,7,data\raw\Capacidad\ConsultaA_Recurso_Salud_2019_v7.csv,18518,CA_MEDICOS_RESIDENTES,13.0,0.0,-13.0
00007639,2019,8,data\raw\Capacidad\ConsultaA_Recurso_Salud_2019_v7.csv,31009,CA_MEDICOS_RESIDENTES,0.0,20.0,20.0
00007639,2021,1,data\raw\Capacidad\ConsultaA_Recursos_Salud_2021_v19.csv,5641,CA_MEDICOS_RESIDENTES,0.0,18.0,18.0
00007639,2023,10,data\raw\Capacidad\ConsultaA_Recursos_Salud_2023_v24.csv,27048,CA_MEDICOS_RESIDENTES,15.0,30.0,15.0
00007639,2025,11,data\raw\Capacidad\ConsultaA_2025_v22.csv,57270,CA_MEDICOS_RESIDENTES,11.0,29.0,18.0
00007734,2022,7,data\raw\Capacidad\ConsultaA_Recursos_Salud_2022_v24.csv,16608,CA_MEDICOS_RESIDENTES,8.0,19.0,11.0
00008353,2015,2,data\raw\Capacidad\ConsultaA_Recurso_Salud_2015_v1.csv,268,CA_MEDICOS_RESIDENTES,0.0,15.0,15.0
00008398,2016,1,data\raw\Capacidad\ConsultaA_Recurso_Salud_2016_v1.csv,1578,CA_MEDICOS_RESIDENTES,12.0,0.0,-12.0
00008489,2021,8,data\raw\Capacidad\ConsultaA_Recursos_Salud_2021_v19.csv,24441,CA_MEDICOS_RESIDENTES,0.0,20.0,20.0
00008489,2023,3,data\raw\Capacidad\ConsultaA_Recursos_Salud_2023_v24.csv,4599,CA_MEDICOS_RESIDENTES,20.0,44.0,24.0
00008489,2023,7,data\raw\Capacidad\ConsultaA_Recursos_Salud_2023_v24.csv,21281,CA_MEDICOS_RESIDENTES,20.0,46.0,26.0
00008577,2015,9,data\raw\Capacidad\ConsultaA_Recurso_Salud_2015_v1.csv,307,CA_MEDICOS_RESIDENTES,70.0,0.0,-70.0
00008577,2015,10,data\raw\Capacidad\ConsultaA_Recurso_Salud_2015_v1.csv,309,CA_MEDICOS_RESIDENTES,0.0,70.0,70.0
00008577,2015,11,data\raw\Capacidad\ConsultaA_Recurso_Salud_2015_v1.csv,306,CA_MEDICOS_RESIDENTES,70.0,0.0,-70.0
00008577,2015,12,data\raw\Capacidad\ConsultaA_Recurso_Salud_2015_v1.csv,305,CA_MEDICOS_RESIDENTES,0.0,69.0,69.0
00008577,2016,7,data\raw\Capacidad\ConsultaA_Recurso_Salud_2016_v1.csv,1869,CA_MEDICOS_RESIDENTES,69.0,0.0,-69.0
00008577,2016,8,data\raw\Capacidad\ConsultaA_Recurso_Salud_2016_v1.csv,1868,CA_MEDICOS_RESIDENTES,0.0,45.0,45.0
00008577,2017,4,data\raw\Capacidad\ConsultaA_Recurso_Salud_2017_v1.csv,4281,CA_MEDICOS_RESIDENTES,64.0,0.0,-64.0
00008577,2017,10,data\raw\Capacidad\ConsultaA_Recurso_Salud_2017_v1.csv,4275,CA_MEDICOS_RESIDENTES,0.0,36.0,36.0
00008577,2018,4,data\raw\Capacidad\ConsultaA_Recurso_Salud_2018_v2.csv,928,CA_MEDICOS_RESIDENTES,36.0,0.0,-36.0
00008577,2018,6,data\raw\Capacidad\ConsultaA_Recurso_Salud_2018_v2.csv,8480,CA_MEDICOS_RESIDENTES,0.0,36.0,36.0
00008577,2018,7,data\raw\Capacidad\ConsultaA_Recurso_Salud_2018_v2.csv,13367,CA_MEDICOS_RESIDENTES,36.0,0.0,-36.0
00008577,2018,8,data\raw\Capacidad\ConsultaA_Recurso_Salud_2018_v2.csv,19949,CA_MEDICOS_RESIDENTES,0.0,40.0,40.0
00008577,2019,3,data\raw\Capacidad\ConsultaA_Recurso_Salud_2019_v7.csv,6710,CA_MEDICOS_RESIDENTES,66.0,0.0,-66.0
00008577,2019,4,data\raw\Capacidad\ConsultaA_Recurso_Salud_2019_v7.csv,9712,CA_MEDICOS_RESIDENTES,0.0,66.0,66.0
00008652,2016,9,data\raw\Capacidad\ConsultaA_Recurso_Salud_2016_v1.csv,1647,CA_MEDICOS_RESIDENTES,19.0,41.0,22.0
00008652,2020,3,data\raw\Capacidad\ConsultaA_Recursos_Salud_2020_v7.csv,2582,CA_MEDICOS_RESIDENTES,20.0,0.0,-20.0
00008652,2021,3,data\raw\Capacidad\ConsultaA_Recursos_Salud_2021_v19.csv,4236,CA_MEDICOS_RESIDENTES,0.0,12.0,12.0
00008652,2021,4,data\raw\Capacidad\ConsultaA_Recursos_Salud_2021_v19.csv,3099,CA_MEDICOS_RESIDENTES,12.0,24.0,12.0
00008750,2019,6,data\raw\Capacidad\ConsultaA_Recurso_Salud_2019_v7.csv,10208,CA_MEDICOS_RESIDENTES,318.0,1056.0,738.0
00008750,2024,1,data\raw\Capacidad\ConsultaA_2024_v22.csv,2688,CA_MEDICOS_RESIDENTES,13.0,73.0,60.0
00008750,2024,8,data\raw\Capacidad\ConsultaA_2024_v22.csv,9183,CA_MEDICOS_RESIDENTES,10.0,108.0,98.0
00008750,2024,11,data\raw\Capacidad\ConsultaA_2024_v22.csv,35437,CA_MEDICOS_RESIDENTES,7.0,118.0,111.0
00008750,2025,3,data\raw\Capacidad\ConsultaA_2025_v22.csv,20363,CA_MEDICOS_RESIDENTES,5.0,113.0,108.0
00008750,2026,2,data\raw\Capacidad\ConsultaA_2026_v13.csv,1517,CA_MEDICOS_RESIDENTES,4.0,103.0,99.0
00008750,2026,3,data\raw\Capacidad\ConsultaA_2026_v13.csv,33094,CA_MEDICOS_RESIDENTES,103.0,0.0,-103.0
00008786,2016,2,data\raw\Capacidad\ConsultaA_Recurso_Salud_2016_v1.csv,2210,CA_MEDICOS_RESIDENTES,0.0,23.0,23.0
00008786,2020,3,data\raw\Capacidad\ConsultaA_Recursos_Salud_2020_v7.csv,40185,CA_MEDICOS_RESIDENTES,10.0,0.0,-10.0
00008956,2016,2,data\raw\Capacidad\ConsultaA_Recurso_Salud_2016_v1.csv,1620,CA_MEDICOS_RESIDENTES,0.0,10.0,10.0
00008956,2021,1,data\raw\Capacidad\ConsultaA_Recursos_Salud_2021_v19.csv,6231,CA_MEDICOS_RESIDENTES,0.0,20.0,20.0
00008956,2022,5,data\raw\Capacidad\ConsultaA_Recursos_Salud_2022_v24.csv,19145,CA_MEDICOS_RESIDENTES,20.0,0.0,-20.0
00008956,2022,12,data\raw\Capacidad\ConsultaA_Recursos_Salud_2022_v24.csv,29083,CA_MEDICOS_RESIDENTES,0.0,28.0,28.0
00009037,2017,1,data\raw\Capacidad\ConsultaA_Recurso_Salud_2017_v1.csv,3715,CA_MEDICOS_RESIDENTES,32.0,0.0,-32.0
00009037,2017,8,data\raw\Capacidad\ConsultaA_Recurso_Salud_2017_v1.csv,3725,CA_MEDICOS_RESIDENTES,0.0,38.0,38.0
00009037,2018,1,data\raw\Capacidad\ConsultaA_Recurso_Salud_2018_v2.csv,14104,CA_MEDICOS_RESIDENTES,38.0,0.0,-38.0
00009037,2019,1,data\raw\Capacidad\ConsultaA_Recurso_Salud_2019_v7.csv,1621,CA_MEDICOS_RESIDENTES,0.0,39.0,39.0
00009037,2019,5,data\raw\Capacidad\ConsultaA_Recurso_Salud_2019_v7.csv,10212,CA_MEDICOS_RESIDENTES,39.0,0.0,-39.0
00009042,2018,5,data\raw\Capacidad\ConsultaA_Recurso_Salud_2018_v2.csv,3605,CA_MEDICOS_RESIDENTES,15.0,111.0,96.0
00009042,2025,2,data\raw\Capacidad\ConsultaA_2025_v22.csv,21234,CA_MEDICOS_RESIDENTES,9.0,28.0,19.0
00009042,2026,4,data\raw\Capacidad\ConsultaA_2026_v13.csv,885,CA_MEDICOS_RESIDENTES,8.0,39.0,31.0
00009042,2026,6,data\raw\Capacidad\ConsultaA_2026_v13.csv,24516,CA_MEDICOS_RESIDENTES,31.0,83.0,52.0
00009047,2016,3,data\raw\Capacidad\ConsultaA_Recurso_Salud_2016_v1.csv,1636,CA_MEDICOS_RESIDENTES,3.0,15.0,12.0
00009047,2024,1,data\raw\Capacidad\ConsultaA_2024_v22.csv,5479,CA_MEDICOS_RESIDENTES,4.0,16.0,12.0
00009053,2018,1,data\raw\Capacidad\ConsultaA_Recurso_Salud_2018_v2.csv,1425,CA_MEDICOS_RESIDENTES,0.0,52.0,52.0
00009053,2018,2,data\raw\Capacidad\ConsultaA_Recurso_Salud_2018_v2.csv,4481,CA_MEDICOS_RESIDENTES,52.0,0.0,-52.0
00009116,2015,8,data\raw\Capacidad\ConsultaA_Recurso_Salud_2015_v1.csv,354,CA_MEDICOS_RESIDENTES,25.0,0.0,-25.0
00009116,2016,7,data\raw\Capacidad\ConsultaA_Recurso_Salud_2016_v1.csv,2225,CA_MEDICOS_RESIDENTES,7.0,21.0,14.0
00009116,2018,5,data\raw\Capacidad\ConsultaA_Recurso_Salud_2018_v2.csv,2454,CA_MEDICOS_RESIDENTES,7.0,30.0,23.0
00009116,2019,6,data\raw\Capacidad\ConsultaA_Recurso_Salud_2019_v7.csv,9472,CA_MEDICOS_RESIDENTES,2.0,30.0,28.0
00009153,2016,11,data\raw\Capacidad\ConsultaA_Recurso_Salud_2016_v1.csv,2193,CA_MEDICOS_RESIDENTES,10.0,0.0,-10.0
00009234,2022,7,data\raw\Capacidad\ConsultaA_Recursos_Salud_2022_v24.csv,12086,CA_MEDICOS_RESIDENTES,0.0,91.0,91.0
00009234,2023,1,data\raw\Capacidad\ConsultaA_Recursos_Salud_2023_v24.csv,36400,CA_MEDICOS_RESIDENTES,92.0,0.0,-92.0
00009234,2024,1,data\raw\Capacidad\ConsultaA_2024_v22.csv,3422,CA_MEDICOS_RESIDENTES,0.0,91.0,91.0
00009234,2024,2,data\raw\Capacidad\ConsultaA_2024_v22.csv,29481,CA_MEDICOS_RESIDENTES,91.0,0.0,-91.0
00009251,2023,9,data\raw\Capacidad\ConsultaA_Recursos_Salud_2023_v24.csv,35008,CA_MEDICOS_RESIDENTES,282.0,0.0,-282.0
00009251,2023,10,data\raw\Capacidad\ConsultaA_Recursos_Salud_2023_v24.csv,34897,CA_MEDICOS_RESIDENTES,0.0,282.0,282.0
00009251,2024,2,data\raw\Capacidad\ConsultaA_2024_v22.csv,37489,CA_MEDICOS_RESIDENTES,307.0,0.0,-307.0
00009251,2024,4,data\raw\Capacidad\ConsultaA_2024_v22.csv,30878,CA_MEDICOS_RESIDENTES,0.0,306.0,306.0
00009599,2024,8,data\raw\Capacidad\ConsultaA_2024_v22.csv,11479,CA_MEDICOS_RESIDENTES,10.0,0.0,-10.0
00009682,2022,1,data\raw\Capacidad\ConsultaA_Recursos_Salud_2022_v24.csv,37792,CA_MEDICOS_RESIDENTES,1.0,24.0,23.0
00009682,2023,7,data\raw\Capacidad\ConsultaA_Recursos_Salud_2023_v24.csv,14641,CA_MEDICOS_RESIDENTES,1.0,24.0,23.0
00010251,2022,4,data\raw\Capacidad\ConsultaA_Recursos_Salud_2022_v24.csv,4689,CA_MEDICOS_RESIDENTES,0.0,104.0,104.0
00010251,2022,5,data\raw\Capacidad\ConsultaA_Recursos_Salud_2022_v24.csv,13363,CA_MEDICOS_RESIDENTES,104.0,0.0,-104.0
00010434,2016,7,data\raw\Capacidad\ConsultaA_Recurso_Salud_2016_v1.csv,2803,CA_MEDICOS_RESIDENTES,5.0,15.0,10.0
00010515,2026,7,data\raw\Capacidad\ConsultaA_2026_v13.csv,16930,CA_MEDICOS_RESIDENTES,7.0,17.0,10.0
00010533,2017,6,data\raw\Capacidad\ConsultaA_Recurso_Salud_2017_v1.csv,5673,CA_MEDICOS_RESIDENTES,0.0,33.0,33.0
00010883,2018,6,data\raw\Capacidad\ConsultaA_Recurso_Salud_2018_v2.csv,20941,CA_MEDICOS_RESIDENTES,0.0,28.0,28.0
00010883,2018,7,data\raw\Capacidad\ConsultaA_Recurso_Salud_2018_v2.csv,22074,CA_MEDICOS_RESIDENTES,28.0,0.0,-28.0
00010883,2025,7,data\raw\Capacidad\ConsultaA_2025_v22.csv,39536,CA_MEDICOS_RESIDENTES,0.0,10.0,10.0
00010883,2026,7,data\raw\Capacidad\ConsultaA_2026_v13.csv,25990,CA_MEDICOS_RESIDENTES,10.0,0.0,-10.0
00011129,2026,6,data\raw\Capacidad\ConsultaA_2026_v13.csv,17777,CA_MEDICOS_RESIDENTES,0.0,41.0,41.0
00011213,2026,4,data\raw\Capacidad\ConsultaA_2026_v13.csv,35302,CA_MEDICOS_RESIDENTES,0.0,63.0,63.0
00011213,2026,6,data\raw\Capacidad\ConsultaA_2026_v13.csv,17540,CA_MEDICOS_RESIDENTES,61.0,0.0,-61.0
00011338,2019,2,data\raw\Capacidad\ConsultaA_Recurso_Salud_2019_v7.csv,3135,CA_MEDICOS_RESIDENTES,0.0,11.0,11.0
00011338,2019,4,data\raw\Capacidad\ConsultaA_Recurso_Salud_2019_v7.csv,15593,CA_MEDICOS_RESIDENTES,11.0,0.0,-11.0
00011470,2025,9,data\raw\Capacidad\ConsultaA_2025_v22.csv,8054,CA_MEDICOS_RESIDENTES,47.0,95.0,48.0
00013290,2015,7,data\raw\Capacidad\ConsultaA_Recurso_Salud_2015_v1.csv,323,CA_MEDICOS_RESIDENTES,109.0,0.0,-109.0
00013290,2015,8,data\raw\Capacidad\ConsultaA_Recurso_Salud_2015_v1.csv,327,CA_MEDICOS_RESIDENTES,0.0,129.0,129.0
00013291,2020,9,data\raw\Capacidad\ConsultaA_Recursos_Salud_2020_v7.csv,40629,CA_MEDICOS_RESIDENTES,24.0,0.0,-24.0
00013291,2020,10,data\raw\Capacidad\ConsultaA_Recursos_Salud_2020_v7.csv,31642,CA_MEDICOS_RESIDENTES,0.0,24.0,24.0
00013291,2021,7,data\raw\Capacidad\ConsultaA_Recursos_Salud_2021_v19.csv,22306,CA_MEDICOS_RESIDENTES,18.0,0.0,-18.0
00013291,2021,8,data\raw\Capacidad\ConsultaA_Recursos_Salud_2021_v19.csv,29131,CA_MEDICOS_RESIDENTES,0.0,20.0,20.0
00013291,2026,4,data\raw\Capacidad\ConsultaA_2026_v13.csv,35843,CA_MEDICOS_RESIDENTES,36.0,0.0,-36.0
00013291,2026,5,data\raw\Capacidad\ConsultaA_2026_v13.csv,10963,CA_MEDICOS_RESIDENTES,0.0,36.0,36.0
00013494,2016,6,data\raw\Capacidad\ConsultaA_Recurso_Salud_2016_v1.csv,4686,CA_MEDICOS_RESIDENTES,0.0,14.0,14.0
00013494,2016,7,data\raw\Capacidad\ConsultaA_Recurso_Salud_2016_v1.csv,4684,CA_MEDICOS_RESIDENTES,14.0,0.0,-14.0
00013591,2020,11,data\raw\Capacidad\ConsultaA_Recursos_Salud_2020_v7.csv,30801,CA_MEDICOS_RESIDENTES,74.0,162.0,88.0
00013591,2025,6,data\raw\Capacidad\ConsultaA_2025_v22.csv,41712,CA_MEDICOS_RESIDENTES,170.0,377.0,207.0
00014147,2024,8,data\raw\Capacidad\ConsultaA_2024_v22.csv,9626,CA_MEDICOS_RESIDENTES,0.0,68.0,68.0
00014147,2024,9,data\raw\Capacidad\ConsultaA_2024_v22.csv,19586,CA_MEDICOS_RESIDENTES,68.0,0.0,-68.0
00014501,2021,3,data\raw\Capacidad\ConsultaA_Recursos_Salud_2021_v19.csv,649,CA_MEDICOS_RESIDENTES,0.0,13.0,13.0
00014501,2022,12,data\raw\Capacidad\ConsultaA_Recursos_Salud_2022_v24.csv,34026,CA_MEDICOS_RESIDENTES,0.0,15.0,15.0
00015230,2020,12,data\raw\Capacidad\ConsultaA_Recursos_Salud_2020_v7.csv,40094,CA_MEDICOS_RESIDENTES,10.0,21.0,11.0
00015230,2024,10,data\raw\Capacidad\ConsultaA_2024_v22.csv,45301,CA_MEDICOS_RESIDENTES,1.0,15.0,14.0
00015230,2026,4,data\raw\Capacidad\ConsultaA_2026_v13.csv,16039,CA_MEDICOS_RESIDENTES,30.0,0.0,-30.0
00015230,2026,5,data\raw\Capacidad\ConsultaA_2026_v13.csv,26719,CA_MEDICOS_RESIDENTES,0.0,30.0,30.0
00015230,2026,6,data\raw\Capacidad\ConsultaA_2026_v13.csv,24157,CA_MEDICOS_RESIDENTES,30.0,0.0,-30.0
00016374,2023,6,data\raw\Capacidad\ConsultaA_Recursos_Salud_2023_v24.csv,13129,CA_MEDICOS_RESIDENTES,2.0,15.0,13.0
00016374,2023,8,data\raw\Capacidad\ConsultaA_Recursos_Salud_2023_v24.csv,25213,CA_MEDICOS_RESIDENTES,15.0,0.0,-15.0
00016918,2016,1,data\raw\Capacidad\ConsultaA_Recurso_Salud_2016_v1.csv,3975,CA_MEDICOS_RESIDENTES,0.0,21.0,21.0
00016918,2021,1,data\raw\Capacidad\ConsultaA_Recursos_Salud_2021_v19.csv,3767,CA_MEDICOS_RESIDENTES,12.0,30.0,18.0
00017024,2016,2,data\raw\Capacidad\ConsultaA_Recurso_Salud_2016_v1.csv,3755,CA_MEDICOS_RESIDENTES,22.0,115.0,93.0
00017024,2017,6,data\raw\Capacidad\ConsultaA_Recurso_Salud_2017_v1.csv,7889,CA_MEDICOS_RESIDENTES,22.0,106.0,84.0
00017024,2020,5,data\raw\Capacidad\ConsultaA_Recursos_Salud_2020_v7.csv,18732,CA_MEDICOS_RESIDENTES,15.0,65.0,50.0
00017024,2022,7,data\raw\Capacidad\ConsultaA_Recursos_Salud_2022_v24.csv,16923,CA_MEDICOS_RESIDENTES,65.0,0.0,-65.0
00017024,2022,12,data\raw\Capacidad\ConsultaA_Recursos_Salud_2022_v24.csv,32147,CA_MEDICOS_RESIDENTES,0.0,121.0,121.0
00017077,2018,4,data\raw\Capacidad\ConsultaA_Recurso_Salud_2018_v2.csv,4304,CA_MEDICOS_RESIDENTES,40.0,0.0,-40.0
00017077,2018,8,data\raw\Capacidad\ConsultaA_Recurso_Salud_2018_v2.csv,13219,CA_MEDICOS_RESIDENTES,0.0,17.0,17.0
00018310,2016,11,data\raw\Capacidad\ConsultaA_Recurso_Salud_2016_v1.csv,16,CA_MEDICOS_RESIDENTES,13.0,0.0,-13.0
00018310,2016,12,data\raw\Capacidad\ConsultaA_Recurso_Salud_2016_v1.csv,10,CA_MEDICOS_RESIDENTES,0.0,13.0,13.0
00018310,2017,2,data\raw\Capacidad\ConsultaA_Recurso_Salud_2017_v1.csv,67,CA_MEDICOS_RESIDENTES,13.0,0.0,-13.0
00018659,2021,5,data\raw\Capacidad\ConsultaA_Recursos_Salud_2021_v19.csv,22551,CA_MEDICOS_RESIDENTES,0.0,19.0,19.0
00018659,2021,6,data\raw\Capacidad\ConsultaA_Recursos_Salud_2021_v19.csv,18104,CA_MEDICOS_RESIDENTES,19.0,0.0,-19.0
00019787,2018,1,data\raw\Capacidad\ConsultaA_Recurso_Salud_2018_v2.csv,2266,CA_MEDICOS_RESIDENTES,0.0,34.0,34.0
00020230,2023,8,data\raw\Capacidad\ConsultaA_Recursos_Salud_2023_v24.csv,29035,CA_MEDICOS_RESIDENTES,10.0,0.0,-10.0
00020674,2021,12,data\raw\Capacidad\ConsultaA_Recursos_Salud_2021_v19.csv,26817,CA_MEDICOS_RESIDENTES,0.0,34.0,34.0
00020674,2022,1,data\raw\Capacidad\ConsultaA_Recursos_Salud_2022_v24.csv,3171,CA_MEDICOS_RESIDENTES,34.0,0.0,-34.0
00023159,2022,8,data\raw\Capacidad\ConsultaA_Recursos_Salud_2022_v24.csv,20538,CA_MEDICOS_RESIDENTES,0.0,13.0,13.0
00023159,2022,11,data\raw\Capacidad\ConsultaA_Recursos_Salud_2022_v24.csv,26445,CA_MEDICOS_RESIDENTES,13.0,26.0,13.0
00023159,2025,7,data\raw\Capacidad\ConsultaA_2025_v22.csv,31304,CA_MEDICOS_RESIDENTES,27.0,0.0,-27.0
00023159,2025,10,data\raw\Capacidad\ConsultaA_2025_v22.csv,51063,CA_MEDICOS_RESIDENTES,7.0,46.0,39.0
00027276,2023,12,data\raw\Capacidad\ConsultaA_Recursos_Salud_2023_v24.csv,40780,CA_MEDICOS_RESIDENTES,0.0,10.0,10.0
00027276,2024,1,data\raw\Capacidad\ConsultaA_2024_v22.csv,37502,CA_MEDICOS_RESIDENTES,10.0,0.0,-10.0
00027857,2021,1,data\raw\Capacidad\ConsultaA_Recursos_Salud_2021_v19.csv,9243,CA_MEDICOS_RESIDENTES,0.0,16.0,16.0
00027857,2021,12,data\raw\Capacidad\ConsultaA_Recursos_Salud_2021_v19.csv,26818,CA_MEDICOS_RESIDENTES,16.0,36.0,20.0
00027857,2025,5,data\raw\Capacidad\ConsultaA_2025_v22.csv,28717,CA_MEDICOS_RESIDENTES,33.0,0.0,-33.0
00027857,2025,10,data\raw\Capacidad\ConsultaA_2025_v22.csv,45838,CA_MEDICOS_RESIDENTES,0.0,45.0,45.0
00028966,2022,9,data\raw\Capacidad\ConsultaA_Recursos_Salud_2022_v24.csv,34391,CA_MEDICOS_RESIDENTES,45.0,0.0,-45.0
00028966,2022,10,data\raw\Capacidad\ConsultaA_Recursos_Salud_2022_v24.csv,29439,CA_MEDICOS_RESIDENTES,0.0,30.0,30.0
00028966,2022,11,data\raw\Capacidad\ConsultaA_Recursos_Salud_2022_v24.csv,35955,CA_MEDICOS_RESIDENTES,30.0,0.0,-30.0
00029518,2024,10,data\raw\Capacidad\ConsultaA_2024_v22.csv,47909,CA_MEDICOS_RESIDENTES,0.0,34.0,34.0
00029518,2024,11,data\raw\Capacidad\ConsultaA_2024_v22.csv,44308,CA_MEDICOS_RESIDENTES,34.0,0.0,-34.0
00035125,2026,4,data\raw\Capacidad\ConsultaA_2026_v13.csv,9346,CA_MEDICOS_RESIDENTES,14.0,35.0,21.0
00000016,2017,5,data\raw\Capacidad\ConsultaA_Recurso_Salud_2017_v1.csv,232,CA_ENFERMERAS,5.0,15.0,10.0
00000162,2021,2,data\raw\Capacidad\ConsultaA_Recursos_Salud_2021_v19.csv,10185,CA_ENFERMERAS,8.0,19.0,11.0
00000162,2022,2,data\raw\Capacidad\ConsultaA_Recursos_Salud_2022_v24.csv,575,CA_ENFERMERAS,8.0,19.0,11.0
00000210,2018,3,data\raw\Capacidad\ConsultaA_Recurso_Salud_2018_v2.csv,18495,CA_ENFERMERAS,17.0,78.0,61.0
00000210,2018,7,data\raw\Capacidad\ConsultaA_Recurso_Salud_2018_v2.csv,13227,CA_ENFERMERAS,18.0,78.0,60.0
00000210,2018,10,data\raw\Capacidad\ConsultaA_Recurso_Salud_2018_v2.csv,12303,CA_ENFERMERAS,21.0,78.0,57.0
00000340,2016,9,data\raw\Capacidad\ConsultaA_Recurso_Salud_2016_v1.csv,212,CA_ENFERMERAS,27.0,84.0,57.0
00000432,2019,11,data\raw\Capacidad\ConsultaA_Recurso_Salud_2019_v7.csv,28347,CA_ENFERMERAS,10.0,38.0,28.0
00000442,2019,1,data\raw\Capacidad\ConsultaA_Recurso_Salud_2019_v7.csv,2640,CA_ENFERMERAS,11.0,22.0,11.0
00000519,2021,6,data\raw\Capacidad\ConsultaA_Recursos_Salud_2021_v19.csv,13616,CA_ENFERMERAS,16.0,33.0,17.0
00000519,2023,9,data\raw\Capacidad\ConsultaA_Recursos_Salud_2023_v24.csv,33517,CA_ENFERMERAS,16.0,36.0,20.0
00000519,2024,9,data\raw\Capacidad\ConsultaA_2024_v22.csv,537,CA_ENFERMERAS,16.0,39.0,23.0
00000520,2025,7,data\raw\Capacidad\ConsultaA_2025_v22.csv,40970,CA_ENFERMERAS,16.0,125.0,109.0
00000727,2021,7,data\raw\Capacidad\ConsultaA_Recursos_Salud_2021_v19.csv,11345,CA_ENFERMERAS,18.0,0.0,-18.0
00000727,2022,4,data\raw\Capacidad\ConsultaA_Recursos_Salud_2022_v24.csv,3986,CA_ENFERMERAS,0.0,37.0,37.0
00000727,2023,7,data\raw\Capacidad\ConsultaA_Recursos_Salud_2023_v24.csv,15234,CA_ENFERMERAS,18.0,43.0,25.0
00000887,2019,11,data\raw\Capacidad\ConsultaA_Recurso_Salud_2019_v7.csv,25876,CA_ENFERMERAS,18.0,48.0,30.0
00000887,2024,11,data\raw\Capacidad\ConsultaA_2024_v22.csv,41670,CA_ENFERMERAS,19.0,40.0,21.0
00000980,2024,12,data\raw\Capacidad\ConsultaA_2024_v22.csv,45389,CA_ENFERMERAS,16.0,34.0,18.0
00001232,2024,3,data\raw\Capacidad\ConsultaA_2024_v22.csv,15984,CA_ENFERMERAS,267.0,0.0,-267.0
00001232,2024,5,data\raw\Capacidad\ConsultaA_2024_v22.csv,13211,CA_ENFERMERAS,0.0,273.0,273.0
00001232,2025,5,data\raw\Capacidad\ConsultaA_2025_v22.csv,38882,CA_ENFERMERAS,77.0,274.0,197.0
00001253,2022,11,data\raw\Capacidad\ConsultaA_Recursos_Salud_2022_v24.csv,34722,CA_ENFERMERAS,10.0,20.0,10.0
00001253,2023,8,data\raw\Capacidad\ConsultaA_Recursos_Salud_2023_v24.csv,31176,CA_ENFERMERAS,9.0,20.0,11.0
00001325,2025,10,data\raw\Capacidad\ConsultaA_2025_v22.csv,50716,CA_ENFERMERAS,0.0,11.0,11.0
00001344,2016,6,data\raw\Capacidad\ConsultaA_Recurso_Salud_2016_v1.csv,318,CA_ENFERMERAS,4.0,40.0,36.0
00001344,2019,12,data\raw\Capacidad\ConsultaA_Recurso_Salud_2019_v7.csv,31742,CA_ENFERMERAS,36.0,108.0,72.0
00001344,2021,7,data\raw\Capacidad\ConsultaA_Recursos_Salud_2021_v19.csv,17976,CA_ENFERMERAS,1.0,40.0,39.0
00001344,2023,9,data\raw\Capacidad\ConsultaA_Recursos_Salud_2023_v24.csv,33787,CA_ENFERMERAS,52.0,0.0,-52.0
00001344,2023,10,data\raw\Capacidad\ConsultaA_Recursos_Salud_2023_v24.csv,33633,CA_ENFERMERAS,0.0,56.0,56.0
00001344,2024,9,data\raw\Capacidad\ConsultaA_2024_v22.csv,32577,CA_ENFERMERAS,56.0,0.0,-56.0
00001344,2025,1,data\raw\Capacidad\ConsultaA_2025_v22.csv,8307,CA_ENFERMERAS,0.0,61.0,61.0
00001344,2025,5,data\raw\Capacidad\ConsultaA_2025_v22.csv,40015,CA_ENFERMERAS,53.0,0.0,-53.0
00001344,2025,8,data\raw\Capacidad\ConsultaA_2025_v22.csv,2177,CA_ENFERMERAS,0.0,54.0,54.0
00001344,2025,9,data\raw\Capacidad\ConsultaA_2025_v22.csv,37756,CA_ENFERMERAS,54.0,0.0,-54.0
00001344,2026,3,data\raw\Capacidad\ConsultaA_2026_v13.csv,2776,CA_ENFERMERAS,0.0,53.0,53.0
00001382,2016,7,data\raw\Capacidad\ConsultaA_Recurso_Salud_2016_v1.csv,4396,CA_ENFERMERAS,8.0,21.0,13.0
00001445,2024,12,data\raw\Capacidad\ConsultaA_2024_v22.csv,45972,CA_ENFERMERAS,6.0,18.0,12.0
00001445,2025,9,data\raw\Capacidad\ConsultaA_2025_v22.csv,38052,CA_ENFERMERAS,8.0,20.0,12.0
00001445,2026,2,data\raw\Capacidad\ConsultaA_2026_v13.csv,4525,CA_ENFERMERAS,8.0,19.0,11.0
00001543,2018,1,data\raw\Capacidad\ConsultaA_Recurso_Salud_2018_v2.csv,2337,CA_ENFERMERAS,125.0,259.0,134.0
00001557,2024,3,data\raw\Capacidad\ConsultaA_2024_v22.csv,16142,CA_ENFERMERAS,15.0,0.0,-15.0
00001719,2023,6,data\raw\Capacidad\ConsultaA_Recursos_Salud_2023_v24.csv,22721,CA_ENFERMERAS,21.0,46.0,25.0
00001896,2021,2,data\raw\Capacidad\ConsultaA_Recursos_Salud_2021_v19.csv,384,CA_ENFERMERAS,8.0,18.0,10.0
00001896,2024,1,data\raw\Capacidad\ConsultaA_2024_v22.csv,37235,CA_ENFERMERAS,8.0,26.0,18.0
00001900,2024,11,data\raw\Capacidad\ConsultaA_2024_v22.csv,34459,CA_ENFERMERAS,0.0,14.0,14.0
00001900,2024,12,data\raw\Capacidad\ConsultaA_2024_v22.csv,36045,CA_ENFERMERAS,14.0,0.0,-14.0
00001900,2025,1,data\raw\Capacidad\ConsultaA_2025_v22.csv,37230,CA_ENFERMERAS,0.0,14.0,14.0
00002112,2025,11,data\raw\Capacidad\ConsultaA_2025_v22.csv,56058,CA_ENFERMERAS,17.0,84.0,67.0
00002321,2026,5,data\raw\Capacidad\ConsultaA_2026_v13.csv,17172,CA_ENFERMERAS,3.0,17.0,14.0
00003068,2018,9,data\raw\Capacidad\ConsultaA_Recurso_Salud_2018_v2.csv,9654,CA_ENFERMERAS,21.0,50.0,29.0
00003068,2019,3,data\raw\Capacidad\ConsultaA_Recurso_Salud_2019_v7.csv,9690,CA_ENFERMERAS,16.0,38.0,22.0
00003068,2019,10,data\raw\Capacidad\ConsultaA_Recurso_Salud_2019_v7.csv,26301,CA_ENFERMERAS,27.0,60.0,33.0
00003128,2018,8,data\raw\Capacidad\ConsultaA_Recurso_Salud_2018_v2.csv,13433,CA_ENFERMERAS,7.0,33.0,26.0
00003299,2019,1,data\raw\Capacidad\ConsultaA_Recurso_Salud_2019_v7.csv,1948,CA_ENFERMERAS,34.0,160.0,126.0
00003299,2023,8,data\raw\Capacidad\ConsultaA_Recursos_Salud_2023_v24.csv,27522,CA_ENFERMERAS,154.0,309.0,155.0
00003299,2024,9,data\raw\Capacidad\ConsultaA_2024_v22.csv,33030,CA_ENFERMERAS,177.0,356.0,179.0
00003335,2017,6,data\raw\Capacidad\ConsultaA_Recurso_Salud_2017_v1.csv,9040,CA_ENFERMERAS,12.0,25.0,13.0
00003363,2025,1,data\raw\Capacidad\ConsultaA_2025_v22.csv,20595,CA_ENFERMERAS,2.0,12.0,10.0
00003414,2023,4,data\raw\Capacidad\ConsultaA_Recursos_Salud_2023_v24.csv,21180,CA_ENFERMERAS,32.0,81.0,49.0
00003414,2024,1,data\raw\Capacidad\ConsultaA_2024_v22.csv,39444,CA_ENFERMERAS,82.0,242.0,160.0
00003443,2023,1,data\raw\Capacidad\ConsultaA_Recursos_Salud_2023_v24.csv,10555,CA_ENFERMERAS,84.0,174.0,90.0
00003443,2025,1,data\raw\Capacidad\ConsultaA_2025_v22.csv,10933,CA_ENFERMERAS,81.0,981.0,900.0
00003494,2020,6,data\raw\Capacidad\ConsultaA_Recursos_Salud_2020_v7.csv,19962,CA_ENFERMERAS,2.0,30.0,28.0
00003575,2019,9,data\raw\Capacidad\ConsultaA_Recurso_Salud_2019_v7.csv,22602,CA_ENFERMERAS,2.0,40.0,38.0
00003609,2024,2,data\raw\Capacidad\ConsultaA_2024_v22.csv,37865,CA_ENFERMERAS,1.0,20.0,19.0
00004131,2022,4,data\raw\Capacidad\ConsultaA_Recursos_Salud_2022_v24.csv,445,CA_ENFERMERAS,186.0,480.0,294.0
00004140,2018,6,data\raw\Capacidad\ConsultaA_Recurso_Salud_2018_v2.csv,4260,CA_ENFERMERAS,14.0,105.0,91.0
00004370,2020,6,data\raw\Capacidad\ConsultaA_Recursos_Salud_2020_v7.csv,39011,CA_ENFERMERAS,19.0,89.0,70.0
00004395,2026,2,data\raw\Capacidad\ConsultaA_2026_v13.csv,4563,CA_ENFERMERAS,10.0,20.0,10.0
00004429,2026,3,data\raw\Capacidad\ConsultaA_2026_v13.csv,788,CA_ENFERMERAS,7.0,21.0,14.0
00004640,2024,1,data\raw\Capacidad\ConsultaA_2024_v22.csv,37051,CA_ENFERMERAS,0.0,12.0,12.0
00005145,2024,1,data\raw\Capacidad\ConsultaA_2024_v22.csv,39637,CA_ENFERMERAS,18.0,56.0,38.0
00005226,2025,10,data\raw\Capacidad\ConsultaA_2025_v22.csv,49669,CA_ENFERMERAS,5.0,31.0,26.0
00005251,2023,8,data\raw\Capacidad\ConsultaA_Recursos_Salud_2023_v24.csv,27017,CA_ENFERMERAS,17.0,37.0,20.0
00005292,2018,12,data\raw\Capacidad\ConsultaA_Recurso_Salud_2018_v2.csv,27413,CA_ENFERMERAS,2.0,28.0,26.0
00005292,2026,4,data\raw\Capacidad\ConsultaA_2026_v13.csv,15186,CA_ENFERMERAS,14.0,36.0,22.0
00005293,2017,2,data\raw\Capacidad\ConsultaA_Recurso_Salud_2017_v1.csv,2424,CA_ENFERMERAS,4.0,24.0,20.0
00005296,2022,1,data\raw\Capacidad\ConsultaA_Recursos_Salud_2022_v24.csv,590,CA_ENFERMERAS,13.0,28.0,15.0
00005296,2023,5,data\raw\Capacidad\ConsultaA_Recursos_Salud_2023_v24.csv,17907,CA_ENFERMERAS,14.0,30.0,16.0
00005395,2025,1,data\raw\Capacidad\ConsultaA_2025_v22.csv,4238,CA_ENFERMERAS,8.0,32.0,24.0
00005415,2026,5,data\raw\Capacidad\ConsultaA_2026_v13.csv,24341,CA_ENFERMERAS,12.0,0.0,-12.0
00005535,2025,11,data\raw\Capacidad\ConsultaA_2025_v22.csv,49431,CA_ENFERMERAS,5.0,20.0,15.0
00005539,2025,3,data\raw\Capacidad\ConsultaA_2025_v22.csv,35354,CA_ENFERMERAS,0.0,13.0,13.0
00005551,2026,2,data\raw\Capacidad\ConsultaA_2026_v13.csv,4521,CA_ENFERMERAS,1.0,17.0,16.0
00005556,2025,1,data\raw\Capacidad\ConsultaA_2025_v22.csv,22197,CA_ENFERMERAS,7.0,19.0,12.0
00005556,2026,2,data\raw\Capacidad\ConsultaA_2026_v13.csv,1458,CA_ENFERMERAS,1.0,14.0,13.0
00005565,2025,3,data\raw\Capacidad\ConsultaA_2025_v22.csv,35356,CA_ENFERMERAS,10.0,21.0,11.0
00005567,2025,2,data\raw\Capacidad\ConsultaA_2025_v22.csv,23867,CA_ENFERMERAS,4.0,14.0,10.0
00005568,2025,10,data\raw\Capacidad\ConsultaA_2025_v22.csv,12756,CA_ENFERMERAS,12.0,29.0,17.0
00005577,2024,2,data\raw\Capacidad\ConsultaA_2024_v22.csv,4208,CA_ENFERMERAS,162.0,374.0,212.0
00005617,2019,1,data\raw\Capacidad\ConsultaA_Recurso_Salud_2019_v7.csv,2756,CA_ENFERMERAS,66.0,203.0,137.0
00005947,2017,1,data\raw\Capacidad\ConsultaA_Recurso_Salud_2017_v1.csv,2576,CA_ENFERMERAS,90.0,0.0,-90.0
00005947,2017,2,data\raw\Capacidad\ConsultaA_Recurso_Salud_2017_v1.csv,2575,CA_ENFERMERAS,0.0,90.0,90.0
00006092,2026,5,data\raw\Capacidad\ConsultaA_2026_v13.csv,19437,CA_ENFERMERAS,14.0,0.0,-14.0
00006092,2026,6,data\raw\Capacidad\ConsultaA_2026_v13.csv,18437,CA_ENFERMERAS,0.0,14.0,14.0
00006212,2023,5,data\raw\Capacidad\ConsultaA_Recursos_Salud_2023_v24.csv,16080,CA_ENFERMERAS,142.0,0.0,-142.0
00006212,2023,6,data\raw\Capacidad\ConsultaA_Recursos_Salud_2023_v24.csv,18224,CA_ENFERMERAS,0.0,143.0,143.0
00006213,2020,10,data\raw\Capacidad\ConsultaA_Recursos_Salud_2020_v7.csv,31739,CA_ENFERMERAS,141.0,312.0,171.0
00006216,2026,3,data\raw\Capacidad\ConsultaA_2026_v13.csv,33696,CA_ENFERMERAS,22.0,76.0,54.0
00006216,2026,5,data\raw\Capacidad\ConsultaA_2026_v13.csv,29114,CA_ENFERMERAS,68.0,641.0,573.0
00006221,2025,10,data\raw\Capacidad\ConsultaA_2025_v22.csv,57569,CA_ENFERMERAS,2.0,15.0,13.0
00006371,2025,1,data\raw\Capacidad\ConsultaA_2025_v22.csv,22270,CA_ENFERMERAS,3.0,13.0,10.0
00006538,2024,2,data\raw\Capacidad\ConsultaA_2024_v22.csv,2175,CA_ENFERMERAS,2.0,12.0,10.0
00006580,2020,2,data\raw\Capacidad\ConsultaA_Recursos_Salud_2020_v7.csv,11764,CA_ENFERMERAS,28.0,61.0,33.0
00006580,2020,7,data\raw\Capacidad\ConsultaA_Recursos_Salud_2020_v7.csv,25487,CA_ENFERMERAS,23.0,51.0,28.0
00006733,2019,8,data\raw\Capacidad\ConsultaA_Recurso_Salud_2019_v7.csv,33115,CA_ENFERMERAS,43.0,94.0,51.0
00006733,2023,11,data\raw\Capacidad\ConsultaA_Recursos_Salud_2023_v24.csv,28812,CA_ENFERMERAS,40.0,149.0,109.0
00006918,2017,1,data\raw\Capacidad\ConsultaA_Recurso_Salud_2017_v1.csv,3535,CA_ENFERMERAS,81.0,243.0,162.0
00007113,2026,3,data\raw\Capacidad\ConsultaA_2026_v13.csv,24562,CA_ENFERMERAS,2.0,19.0,17.0
00007126,2024,2,data\raw\Capacidad\ConsultaA_2024_v22.csv,4999,CA_ENFERMERAS,27.0,59.0,32.0
00007314,2018,12,data\raw\Capacidad\ConsultaA_Recurso_Salud_2018_v2.csv,29828,CA_ENFERMERAS,15.0,0.0,-15.0
00007314,2019,2,data\raw\Capacidad\ConsultaA_Recurso_Salud_2019_v7.csv,1433,CA_ENFERMERAS,0.0,15.0,15.0
00007637,2017,8,data\raw\Capacidad\ConsultaA_Recurso_Salud_2017_v1.csv,8748,CA_ENFERMERAS,50.0,106.0,56.0
00007637,2021,6,data\raw\Capacidad\ConsultaA_Recursos_Salud_2021_v19.csv,19922,CA_ENFERMERAS,50.0,140.0,90.0
00007639,2021,8,data\raw\Capacidad\ConsultaA_Recursos_Salud_2021_v19.csv,24459,CA_ENFERMERAS,1.0,189.0,188.0
00007734,2024,3,data\raw\Capacidad\ConsultaA_2024_v22.csv,5054,CA_ENFERMERAS,27.0,56.0,29.0
00008024,2019,9,data\raw\Capacidad\ConsultaA_Recurso_Salud_2019_v7.csv,22431,CA_ENFERMERAS,17.0,79.0,62.0
00008024,2026,1,data\raw\Capacidad\ConsultaA_2026_v13.csv,29827,CA_ENFERMERAS,3.0,20.0,17.0
00008108,2024,11,data\raw\Capacidad\ConsultaA_2024_v22.csv,44549,CA_ENFERMERAS,27.0,57.0,30.0
00008215,2023,6,data\raw\Capacidad\ConsultaA_Recursos_Salud_2023_v24.csv,19200,CA_ENFERMERAS,4.0,21.0,17.0
00008269,2025,6,data\raw\Capacidad\ConsultaA_2025_v22.csv,42187,CA_ENFERMERAS,0.0,12.0,12.0
00008269,2025,7,data\raw\Capacidad\ConsultaA_2025_v22.csv,337,CA_ENFERMERAS,12.0,0.0,-12.0
00008281,2021,1,data\raw\Capacidad\ConsultaA_Recursos_Salud_2021_v19.csv,5792,CA_ENFERMERAS,41.0,0.0,-41.0
00008281,2021,3,data\raw\Capacidad\ConsultaA_Recursos_Salud_2021_v19.csv,7692,CA_ENFERMERAS,0.0,127.0,127.0
00008281,2022,8,data\raw\Capacidad\ConsultaA_Recursos_Salud_2022_v24.csv,12778,CA_ENFERMERAS,3.0,44.0,41.0
00008281,2024,11,data\raw\Capacidad\ConsultaA_2024_v22.csv,569,CA_ENFERMERAS,30.0,0.0,-30.0
00008281,2024,12,data\raw\Capacidad\ConsultaA_2024_v22.csv,32521,CA_ENFERMERAS,0.0,33.0,33.0
00008281,2026,4,data\raw\Capacidad\ConsultaA_2026_v13.csv,15255,CA_ENFERMERAS,35.0,0.0,-35.0
00008281,2026,5,data\raw\Capacidad\ConsultaA_2026_v13.csv,31442,CA_ENFERMERAS,0.0,30.0,30.0
00008281,2026,6,data\raw\Capacidad\ConsultaA_2026_v13.csv,36594,CA_ENFERMERAS,30.0,0.0,-30.0
00008281,2026,7,data\raw\Capacidad\ConsultaA_2026_v13.csv,16338,CA_ENFERMERAS,0.0,34.0,34.0
00008378,2020,7,data\raw\Capacidad\ConsultaA_Recursos_Salud_2020_v7.csv,16515,CA_ENFERMERAS,3.0,20.0,17.0
00008378,2023,11,data\raw\Capacidad\ConsultaA_Recursos_Salud_2023_v24.csv,32842,CA_ENFERMERAS,24.0,222.0,198.0
00008564,2020,8,data\raw\Capacidad\ConsultaA_Recursos_Salud_2020_v7.csv,35116,CA_ENFERMERAS,74.0,345.0,271.0
00008564,2022,2,data\raw\Capacidad\ConsultaA_Recursos_Salud_2022_v24.csv,8355,CA_ENFERMERAS,6.0,291.0,285.0
00008577,2015,9,data\raw\Capacidad\ConsultaA_Recurso_Salud_2015_v1.csv,307,CA_ENFERMERAS,417.0,0.0,-417.0
00008577,2015,10,data\raw\Capacidad\ConsultaA_Recurso_Salud_2015_v1.csv,309,CA_ENFERMERAS,0.0,422.0,422.0
00008577,2015,11,data\raw\Capacidad\ConsultaA_Recurso_Salud_2015_v1.csv,306,CA_ENFERMERAS,422.0,0.0,-422.0
00008577,2015,12,data\raw\Capacidad\ConsultaA_Recurso_Salud_2015_v1.csv,305,CA_ENFERMERAS,0.0,423.0,423.0
00008577,2016,7,data\raw\Capacidad\ConsultaA_Recurso_Salud_2016_v1.csv,1869,CA_ENFERMERAS,395.0,0.0,-395.0
00008577,2016,8,data\raw\Capacidad\ConsultaA_Recurso_Salud_2016_v1.csv,1868,CA_ENFERMERAS,0.0,391.0,391.0
00008577,2017,4,data\raw\Capacidad\ConsultaA_Recurso_Salud_2017_v1.csv,4281,CA_ENFERMERAS,393.0,0.0,-393.0
00008577,2017,10,data\raw\Capacidad\ConsultaA_Recurso_Salud_2017_v1.csv,4275,CA_ENFERMERAS,0.0,419.0,419.0
00008577,2018,4,data\raw\Capacidad\ConsultaA_Recurso_Salud_2018_v2.csv,928,CA_ENFERMERAS,421.0,0.0,-421.0
00008577,2018,6,data\raw\Capacidad\ConsultaA_Recurso_Salud_2018_v2.csv,8480,CA_ENFERMERAS,0.0,424.0,424.0
00008577,2018,7,data\raw\Capacidad\ConsultaA_Recurso_Salud_2018_v2.csv,13367,CA_ENFERMERAS,424.0,0.0,-424.0
00008577,2018,8,data\raw\Capacidad\ConsultaA_Recurso_Salud_2018_v2.csv,19949,CA_ENFERMERAS,0.0,424.0,424.0
00008577,2019,3,data\raw\Capacidad\ConsultaA_Recurso_Salud_2019_v7.csv,6710,CA_ENFERMERAS,398.0,0.0,-398.0
00008577,2019,4,data\raw\Capacidad\ConsultaA_Recurso_Salud_2019_v7.csv,9712,CA_ENFERMERAS,0.0,395.0,395.0
00008577,2020,12,data\raw\Capacidad\ConsultaA_Recursos_Salud_2020_v7.csv,40701,CA_ENFERMERAS,69.0,161.0,92.0
00008577,2021,6,data\raw\Capacidad\ConsultaA_Recursos_Salud_2021_v19.csv,12787,CA_ENFERMERAS,141.0,288.0,147.0
00008577,2023,2,data\raw\Capacidad\ConsultaA_Recursos_Salud_2023_v24.csv,728,CA_ENFERMERAS,161.0,341.0,180.0
00008653,2021,11,data\raw\Capacidad\ConsultaA_Recursos_Salud_2021_v19.csv,23912,CA_ENFERMERAS,16.0,34.0,18.0
00008653,2022,1,data\raw\Capacidad\ConsultaA_Recursos_Salud_2022_v24.csv,10080,CA_ENFERMERAS,32.0,151.0,119.0
00008671,2016,6,data\raw\Capacidad\ConsultaA_Recurso_Salud_2016_v1.csv,1919,CA_ENFERMERAS,11.0,111.0,100.0
00008730,2021,3,data\raw\Capacidad\ConsultaA_Recursos_Salud_2021_v19.csv,22889,CA_ENFERMERAS,14.0,40.0,26.0
00008730,2025,10,data\raw\Capacidad\ConsultaA_2025_v22.csv,50490,CA_ENFERMERAS,15.0,30.0,15.0
00008746,2025,1,data\raw\Capacidad\ConsultaA_2025_v22.csv,20637,CA_ENFERMERAS,237.0,712.0,475.0
00008956,2020,4,data\raw\Capacidad\ConsultaA_Recursos_Salud_2020_v7.csv,37138,CA_ENFERMERAS,34.0,0.0,-34.0
00008956,2020,5,data\raw\Capacidad\ConsultaA_Recursos_Salud_2020_v7.csv,20306,CA_ENFERMERAS,0.0,26.0,26.0
00008956,2020,10,data\raw\Capacidad\ConsultaA_Recursos_Salud_2020_v7.csv,37059,CA_ENFERMERAS,38.0,0.0,-38.0
00008956,2020,11,data\raw\Capacidad\ConsultaA_Recursos_Salud_2020_v7.csv,27244,CA_ENFERMERAS,0.0,38.0,38.0
00008956,2022,2,data\raw\Capacidad\ConsultaA_Recursos_Salud_2022_v24.csv,6590,CA_ENFERMERAS,38.0,0.0,-38.0
00008956,2022,3,data\raw\Capacidad\ConsultaA_Recursos_Salud_2022_v24.csv,7253,CA_ENFERMERAS,0.0,39.0,39.0
00008956,2023,2,data\raw\Capacidad\ConsultaA_Recursos_Salud_2023_v24.csv,8113,CA_ENFERMERAS,38.0,0.0,-38.0
00008956,2023,3,data\raw\Capacidad\ConsultaA_Recursos_Salud_2023_v24.csv,4443,CA_ENFERMERAS,0.0,39.0,39.0
00008956,2023,6,data\raw\Capacidad\ConsultaA_Recursos_Salud_2023_v24.csv,15510,CA_ENFERMERAS,39.0,0.0,-39.0
00008956,2023,7,data\raw\Capacidad\ConsultaA_Recursos_Salud_2023_v24.csv,19445,CA_ENFERMERAS,0.0,38.0,38.0
00008956,2024,3,data\raw\Capacidad\ConsultaA_2024_v22.csv,28656,CA_ENFERMERAS,36.0,0.0,-36.0
00008956,2024,4,data\raw\Capacidad\ConsultaA_2024_v22.csv,30012,CA_ENFERMERAS,0.0,38.0,38.0
00009042,2020,5,data\raw\Capacidad\ConsultaA_Recursos_Salud_2020_v7.csv,24787,CA_ENFERMERAS,66.0,227.0,161.0
00009042,2021,2,data\raw\Capacidad\ConsultaA_Recursos_Salud_2021_v19.csv,22442,CA_ENFERMERAS,94.0,205.0,111.0
00009042,2021,9,data\raw\Capacidad\ConsultaA_Recursos_Salud_2021_v19.csv,23185,CA_ENFERMERAS,71.0,208.0,137.0
00009042,2022,6,data\raw\Capacidad\ConsultaA_Recursos_Salud_2022_v24.csv,16122,CA_ENFERMERAS,75.0,180.0,105.0
00009053,2018,1,data\raw\Capacidad\ConsultaA_Recurso_Salud_2018_v2.csv,1425,CA_ENFERMERAS,51.0,0.0,-51.0
00009053,2018,2,data\raw\Capacidad\ConsultaA_Recurso_Salud_2018_v2.csv,4481,CA_ENFERMERAS,0.0,51.0,51.0
00009054,2021,7,data\raw\Capacidad\ConsultaA_Recursos_Salud_2021_v19.csv,15356,CA_ENFERMERAS,26.0,57.0,31.0
00009054,2022,1,data\raw\Capacidad\ConsultaA_Recursos_Salud_2022_v24.csv,6427,CA_ENFERMERAS,4.0,40.0,36.0
00009153,2022,1,data\raw\Capacidad\ConsultaA_Recursos_Salud_2022_v24.csv,37675,CA_ENFERMERAS,5.0,50.0,45.0
00009188,2021,7,data\raw\Capacidad\ConsultaA_Recursos_Salud_2021_v19.csv,20871,CA_ENFERMERAS,51.0,114.0,63.0
00009234,2024,1,data\raw\Capacidad\ConsultaA_2024_v22.csv,3422,CA_ENFERMERAS,18.0,36.0,18.0
00009288,2023,6,data\raw\Capacidad\ConsultaA_Recursos_Salud_2023_v24.csv,17202,CA_ENFERMERAS,2.0,13.0,11.0
00009296,2021,4,data\raw\Capacidad\ConsultaA_Recursos_Salud_2021_v19.csv,10087,CA_ENFERMERAS,11.0,0.0,-11.0
00009296,2021,6,data\raw\Capacidad\ConsultaA_Recursos_Salud_2021_v19.csv,12919,CA_ENFERMERAS,0.0,11.0,11.0
00009599,2023,5,data\raw\Capacidad\ConsultaA_Recursos_Salud_2023_v24.csv,14854,CA_ENFERMERAS,8.0,80.0,72.0
00009600,2023,7,data\raw\Capacidad\ConsultaA_Recursos_Salud_2023_v24.csv,15020,CA_ENFERMERAS,10.0,81.0,71.0
00009749,2016,3,data\raw\Capacidad\ConsultaA_Recurso_Salud_2016_v1.csv,2371,CA_ENFERMERAS,34.0,3133.0,3099.0
00009749,2021,4,data\raw\Capacidad\ConsultaA_Recursos_Salud_2021_v19.csv,3006,CA_ENFERMERAS,28.0,65.0,37.0
00009749,2021,6,data\raw\Capacidad\ConsultaA_Recursos_Salud_2021_v19.csv,11123,CA_ENFERMERAS,23.0,48.0,25.0
00009749,2023,5,data\raw\Capacidad\ConsultaA_Recursos_Salud_2023_v24.csv,19971,CA_ENFERMERAS,23.0,46.0,23.0
00010244,2017,11,data\raw\Capacidad\ConsultaA_Recurso_Salud_2017_v1.csv,5836,CA_ENFERMERAS,17.0,37.0,20.0
00010244,2018,2,data\raw\Capacidad\ConsultaA_Recurso_Salud_2018_v2.csv,348,CA_ENFERMERAS,16.0,34.0,18.0
00010244,2019,6,data\raw\Capacidad\ConsultaA_Recurso_Salud_2019_v7.csv,8672,CA_ENFERMERAS,44.0,98.0,54.0
00010244,2019,8,data\raw\Capacidad\ConsultaA_Recurso_Salud_2019_v7.csv,19303,CA_ENFERMERAS,37.0,94.0,57.0
00010244,2020,7,data\raw\Capacidad\ConsultaA_Recursos_Salud_2020_v7.csv,22759,CA_ENFERMERAS,34.0,135.0,101.0
00010251,2023,10,data\raw\Capacidad\ConsultaA_Recursos_Salud_2023_v24.csv,30188,CA_ENFERMERAS,40.0,0.0,-40.0
00010251,2024,1,data\raw\Capacidad\ConsultaA_2024_v22.csv,37953,CA_ENFERMERAS,0.0,39.0,39.0
00010251,2024,11,data\raw\Capacidad\ConsultaA_2024_v22.csv,1964,CA_ENFERMERAS,36.0,0.0,-36.0
00010251,2025,2,data\raw\Capacidad\ConsultaA_2025_v22.csv,35350,CA_ENFERMERAS,0.0,43.0,43.0
00010272,2019,4,data\raw\Capacidad\ConsultaA_Recurso_Salud_2019_v7.csv,7214,CA_ENFERMERAS,28.0,78.0,50.0
00010272,2022,3,data\raw\Capacidad\ConsultaA_Recursos_Salud_2022_v24.csv,5032,CA_ENFERMERAS,36.0,72.0,36.0
00010272,2022,6,data\raw\Capacidad\ConsultaA_Recursos_Salud_2022_v24.csv,13189,CA_ENFERMERAS,16.0,72.0,56.0
00010710,2019,6,data\raw\Capacidad\ConsultaA_Recurso_Salud_2019_v7.csv,14220,CA_ENFERMERAS,0.0,11.0,11.0
00010777,2023,10,data\raw\Capacidad\ConsultaA_Recursos_Salud_2023_v24.csv,27984,CA_ENFERMERAS,6.0,18.0,12.0
00010777,2024,2,data\raw\Capacidad\ConsultaA_2024_v22.csv,3919,CA_ENFERMERAS,18.0,70.0,52.0
00010827,2021,1,data\raw\Capacidad\ConsultaA_Recursos_Salud_2021_v19.csv,5656,CA_ENFERMERAS,10.0,23.0,13.0
00010883,2025,7,data\raw\Capacidad\ConsultaA_2025_v22.csv,39536,CA_ENFERMERAS,18.0,76.0,58.0
00011213,2019,4,data\raw\Capacidad\ConsultaA_Recurso_Salud_2019_v7.csv,8247,CA_ENFERMERAS,33.0,77.0,44.0
00011241,2020,7,data\raw\Capacidad\ConsultaA_Recursos_Salud_2020_v7.csv,14133,CA_ENFERMERAS,2.0,12.0,10.0
00011241,2020,9,data\raw\Capacidad\ConsultaA_Recursos_Salud_2020_v7.csv,29153,CA_ENFERMERAS,2.0,12.0,10.0
00011421,2025,10,data\raw\Capacidad\ConsultaA_2025_v22.csv,38111,CA_ENFERMERAS,12.0,0.0,-12.0
00011421,2025,11,data\raw\Capacidad\ConsultaA_2025_v22.csv,55003,CA_ENFERMERAS,0.0,11.0,11.0
00011421,2025,12,data\raw\Capacidad\ConsultaA_2025_v22.csv,53125,CA_ENFERMERAS,11.0,0.0,-11.0
00011421,2026,1,data\raw\Capacidad\ConsultaA_2026_v13.csv,39775,CA_ENFERMERAS,0.0,12.0,12.0
00011421,2026,3,data\raw\Capacidad\ConsultaA_2026_v13.csv,5973,CA_ENFERMERAS,12.0,0.0,-12.0
00011421,2026,7,data\raw\Capacidad\ConsultaA_2026_v13.csv,30656,CA_ENFERMERAS,10.0,0.0,-10.0
00011794,2024,12,data\raw\Capacidad\ConsultaA_2024_v22.csv,35185,CA_ENFERMERAS,13.0,31.0,18.0
00011803,2023,1,data\raw\Capacidad\ConsultaA_Recursos_Salud_2023_v24.csv,26,CA_ENFERMERAS,11.0,22.0,11.0
00011833,2021,2,data\raw\Capacidad\ConsultaA_Recursos_Salud_2021_v19.csv,7974,CA_ENFERMERAS,18.0,48.0,30.0
00012206,2024,3,data\raw\Capacidad\ConsultaA_2024_v22.csv,15392,CA_ENFERMERAS,2.0,20.0,18.0
00012219,2018,3,data\raw\Capacidad\ConsultaA_Recurso_Salud_2018_v2.csv,6352,CA_ENFERMERAS,45.0,93.0,48.0
00012219,2021,3,data\raw\Capacidad\ConsultaA_Recursos_Salud_2021_v19.csv,4653,CA_ENFERMERAS,17.0,41.0,24.0
00012219,2023,7,data\raw\Capacidad\ConsultaA_Recursos_Salud_2023_v24.csv,19914,CA_ENFERMERAS,39.0,0.0,-39.0
00012219,2023,8,data\raw\Capacidad\ConsultaA_Recursos_Salud_2023_v24.csv,27614,CA_ENFERMERAS,0.0,40.0,40.0
00012219,2023,9,data\raw\Capacidad\ConsultaA_Recursos_Salud_2023_v24.csv,29560,CA_ENFERMERAS,40.0,0.0,-40.0
00012219,2023,10,data\raw\Capacidad\ConsultaA_Recursos_Salud_2023_v24.csv,34338,CA_ENFERMERAS,0.0,43.0,43.0
00012243,2023,12,data\raw\Capacidad\ConsultaA_Recursos_Salud_2023_v24.csv,39552,CA_ENFERMERAS,17.0,49.0,32.0
00012243,2024,9,data\raw\Capacidad\ConsultaA_2024_v22.csv,21051,CA_ENFERMERAS,46.0,480.0,434.0
00012301,2020,2,data\raw\Capacidad\ConsultaA_Recursos_Salud_2020_v7.csv,34145,CA_ENFERMERAS,13.0,70.0,57.0
00012301,2025,12,data\raw\Capacidad\ConsultaA_2025_v22.csv,60187,CA_ENFERMERAS,6.0,77.0,71.0
00012366,2017,5,data\raw\Capacidad\ConsultaA_Recurso_Salud_2017_v1.csv,6870,CA_ENFERMERAS,13.0,27.0,14.0
00012366,2020,2,data\raw\Capacidad\ConsultaA_Recursos_Salud_2020_v7.csv,12456,CA_ENFERMERAS,10.0,23.0,13.0
00012666,2026,3,data\raw\Capacidad\ConsultaA_2026_v13.csv,4272,CA_ENFERMERAS,76.0,0.0,-76.0
00012666,2026,5,data\raw\Capacidad\ConsultaA_2026_v13.csv,23570,CA_ENFERMERAS,0.0,71.0,71.0
00012765,2016,8,data\raw\Capacidad\ConsultaA_Recurso_Salud_2016_v1.csv,3205,CA_ENFERMERAS,6.0,16.0,10.0
00012765,2016,9,data\raw\Capacidad\ConsultaA_Recurso_Salud_2016_v1.csv,3203,CA_ENFERMERAS,16.0,60.0,44.0
00012765,2016,11,data\raw\Capacidad\ConsultaA_Recurso_Salud_2016_v1.csv,3208,CA_ENFERMERAS,8.0,60.0,52.0
00012765,2017,8,data\raw\Capacidad\ConsultaA_Recurso_Salud_2017_v1.csv,6845,CA_ENFERMERAS,6.0,16.0,10.0
00012765,2017,12,data\raw\Capacidad\ConsultaA_Recurso_Salud_2017_v1.csv,6856,CA_ENFERMERAS,6.0,16.0,10.0
00012765,2018,5,data\raw\Capacidad\ConsultaA_Recurso_Salud_2018_v2.csv,4245,CA_ENFERMERAS,6.0,40.0,34.0
00012765,2018,8,data\raw\Capacidad\ConsultaA_Recurso_Salud_2018_v2.csv,14959,CA_ENFERMERAS,6.0,16.0,10.0
00012765,2018,10,data\raw\Capacidad\ConsultaA_Recurso_Salud_2018_v2.csv,12702,CA_ENFERMERAS,16.0,40.0,24.0
00012765,2019,5,data\raw\Capacidad\ConsultaA_Recurso_Salud_2019_v7.csv,9222,CA_ENFERMERAS,6.0,40.0,34.0
00012765,2019,11,data\raw\Capacidad\ConsultaA_Recurso_Salud_2019_v7.csv,25602,CA_ENFERMERAS,5.0,20.0,15.0
00012907,2021,3,data\raw\Capacidad\ConsultaA_Recursos_Salud_2021_v19.csv,10170,CA_ENFERMERAS,23.0,0.0,-23.0
00012907,2021,4,data\raw\Capacidad\ConsultaA_Recursos_Salud_2021_v19.csv,2703,CA_ENFERMERAS,0.0,22.0,22.0
00012923,2019,5,data\raw\Capacidad\ConsultaA_Recurso_Salud_2019_v7.csv,10017,CA_ENFERMERAS,0.0,10.0,10.0
00012975,2015,12,data\raw\Capacidad\ConsultaA_Recurso_Salud_2015_v1.csv,436,CA_ENFERMERAS,0.0,33.0,33.0
00013012,2020,6,data\raw\Capacidad\ConsultaA_Recursos_Salud_2020_v7.csv,21208,CA_ENFERMERAS,3.0,21.0,18.0
00013290,2016,4,data\raw\Capacidad\ConsultaA_Recurso_Salud_2016_v1.csv,2072,CA_ENFERMERAS,183.0,399.0,216.0
00013291,2020,10,data\raw\Capacidad\ConsultaA_Recursos_Salud_2020_v7.csv,31642,CA_ENFERMERAS,122.0,282.0,160.0
00013296,2023,8,data\raw\Capacidad\ConsultaA_Recursos_Salud_2023_v24.csv,28218,CA_ENFERMERAS,6.0,120.0,114.0
00013395,2019,8,data\raw\Capacidad\ConsultaA_Recurso_Salud_2019_v7.csv,23784,CA_ENFERMERAS,8.0,22.0,14.0
00013494,2025,8,data\raw\Capacidad\ConsultaA_2025_v22.csv,38227,CA_ENFERMERAS,27.0,59.0,32.0
00013494,2026,4,data\raw\Capacidad\ConsultaA_2026_v13.csv,29969,CA_ENFERMERAS,24.0,59.0,35.0
00013494,2026,6,data\raw\Capacidad\ConsultaA_2026_v13.csv,21906,CA_ENFERMERAS,14.0,56.0,42.0
00013722,2017,4,data\raw\Capacidad\ConsultaA_Recurso_Salud_2017_v1.csv,7308,CA_ENFERMERAS,58.0,570.0,512.0
00013722,2025,6,data\raw\Capacidad\ConsultaA_2025_v22.csv,4352,CA_ENFERMERAS,58.0,0.0,-58.0
00013722,2025,8,data\raw\Capacidad\ConsultaA_2025_v22.csv,10118,CA_ENFERMERAS,0.0,58.0,58.0
00013722,2025,9,data\raw\Capacidad\ConsultaA_2025_v22.csv,38585,CA_ENFERMERAS,58.0,0.0,-58.0
00013722,2026,7,data\raw\Capacidad\ConsultaA_2026_v13.csv,7005,CA_ENFERMERAS,0.0,58.0,58.0
00014147,2024,8,data\raw\Capacidad\ConsultaA_2024_v22.csv,9626,CA_ENFERMERAS,68.0,0.0,-68.0
00014147,2024,9,data\raw\Capacidad\ConsultaA_2024_v22.csv,19586,CA_ENFERMERAS,0.0,72.0,72.0
00014501,2018,5,data\raw\Capacidad\ConsultaA_Recurso_Salud_2018_v2.csv,6010,CA_ENFERMERAS,159.0,0.0,-159.0
00014501,2018,6,data\raw\Capacidad\ConsultaA_Recurso_Salud_2018_v2.csv,317,CA_ENFERMERAS,0.0,158.0,158.0
00014718,2021,5,data\raw\Capacidad\ConsultaA_Recursos_Salud_2021_v19.csv,20197,CA_ENFERMERAS,2.0,29.0,27.0
00015118,2016,11,data\raw\Capacidad\ConsultaA_Recurso_Salud_2016_v1.csv,3466,CA_ENFERMERAS,62.0,625.0,563.0
00015118,2025,1,data\raw\Capacidad\ConsultaA_2025_v22.csv,25632,CA_ENFERMERAS,67.0,0.0,-67.0
00015118,2025,2,data\raw\Capacidad\ConsultaA_2025_v22.csv,22214,CA_ENFERMERAS,0.0,66.0,66.0
00015118,2026,7,data\raw\Capacidad\ConsultaA_2026_v13.csv,26947,CA_ENFERMERAS,61.0,0.0,-61.0
00015904,2018,1,data\raw\Capacidad\ConsultaA_Recurso_Salud_2018_v2.csv,2274,CA_ENFERMERAS,10.0,20.0,10.0
00016094,2017,12,data\raw\Capacidad\ConsultaA_Recurso_Salud_2017_v1.csv,7142,CA_ENFERMERAS,5.0,39.0,34.0
00016094,2019,2,data\raw\Capacidad\ConsultaA_Recurso_Salud_2019_v7.csv,238,CA_ENFERMERAS,2.0,51.0,49.0
00016094,2023,1,data\raw\Capacidad\ConsultaA_Recursos_Salud_2023_v24.csv,3180,CA_ENFERMERAS,70.0,0.0,-70.0
00016094,2023,2,data\raw\Capacidad\ConsultaA_Recursos_Salud_2023_v24.csv,4505,CA_ENFERMERAS,0.0,71.0,71.0
00016094,2025,2,data\raw\Capacidad\ConsultaA_2025_v22.csv,12855,CA_ENFERMERAS,1.0,58.0,57.0
00016157,2020,8,data\raw\Capacidad\ConsultaA_Recursos_Salud_2020_v7.csv,20431,CA_ENFERMERAS,62.0,130.0,68.0
00016481,2021,10,data\raw\Capacidad\ConsultaA_Recursos_Salud_2021_v19.csv,25713,CA_ENFERMERAS,6.0,18.0,12.0
00016541,2018,11,data\raw\Capacidad\ConsultaA_Recurso_Salud_2018_v2.csv,28545,CA_ENFERMERAS,2.0,18.0,16.0
00016541,2024,3,data\raw\Capacidad\ConsultaA_2024_v22.csv,30109,CA_ENFERMERAS,11.0,0.0,-11.0
00016541,2025,1,data\raw\Capacidad\ConsultaA_2025_v22.csv,21927,CA_ENFERMERAS,0.0,13.0,13.0
00016552,2018,11,data\raw\Capacidad\ConsultaA_Recurso_Salud_2018_v2.csv,28592,CA_ENFERMERAS,2.0,15.0,13.0
00016552,2019,12,data\raw\Capacidad\ConsultaA_Recurso_Salud_2019_v7.csv,30669,CA_ENFERMERAS,2.0,15.0,13.0
00016721,2023,6,data\raw\Capacidad\ConsultaA_Recursos_Salud_2023_v24.csv,11264,CA_ENFERMERAS,10.0,78.0,68.0
00016721,2023,8,data\raw\Capacidad\ConsultaA_Recursos_Salud_2023_v24.csv,35379,CA_ENFERMERAS,10.0,83.0,73.0
00016744,2020,6,data\raw\Capacidad\ConsultaA_Recursos_Salud_2020_v7.csv,21030,CA_ENFERMERAS,37.0,94.0,57.0
00016830,2020,6,data\raw\Capacidad\ConsultaA_Recursos_Salud_2020_v7.csv,15212,CA_ENFERMERAS,9.0,37.0,28.0
00017024,2020,4,data\raw\Capacidad\ConsultaA_Recursos_Salud_2020_v7.csv,8896,CA_ENFERMERAS,393.0,0.0,-393.0
00017024,2020,5,data\raw\Capacidad\ConsultaA_Recursos_Salud_2020_v7.csv,18732,CA_ENFERMERAS,0.0,393.0,393.0
00017024,2023,1,data\raw\Capacidad\ConsultaA_Recursos_Salud_2023_v24.csv,5038,CA_ENFERMERAS,7.0,406.0,399.0
00017690,2018,10,data\raw\Capacidad\ConsultaA_Recurso_Salud_2018_v2.csv,21737,CA_ENFERMERAS,0.0,11.0,11.0
00017690,2019,4,data\raw\Capacidad\ConsultaA_Recurso_Salud_2019_v7.csv,2371,CA_ENFERMERAS,0.0,10.0,10.0
00017690,2022,3,data\raw\Capacidad\ConsultaA_Recursos_Salud_2022_v24.csv,3799,CA_ENFERMERAS,0.0,11.0,11.0
00017690,2022,4,data\raw\Capacidad\ConsultaA_Recursos_Salud_2022_v24.csv,3075,CA_ENFERMERAS,11.0,0.0,-11.0
00017690,2022,5,data\raw\Capacidad\ConsultaA_Recursos_Salud_2022_v24.csv,18360,CA_ENFERMERAS,0.0,11.0,11.0
00017690,2022,6,data\raw\Capacidad\ConsultaA_Recursos_Salud_2022_v24.csv,23120,CA_ENFERMERAS,11.0,0.0,-11.0
00018985,2024,1,data\raw\Capacidad\ConsultaA_2024_v22.csv,37129,CA_ENFERMERAS,1.0,119.0,118.0
00019748,2021,3,data\raw\Capacidad\ConsultaA_Recursos_Salud_2021_v19.csv,4033,CA_ENFERMERAS,9.0,62.0,53.0
00020346,2020,12,data\raw\Capacidad\ConsultaA_Recursos_Salud_2020_v7.csv,40200,CA_ENFERMERAS,10.0,0.0,-10.0
00020674,2021,12,data\raw\Capacidad\ConsultaA_Recursos_Salud_2021_v19.csv,26817,CA_ENFERMERAS,1.0,84.0,83.0
00021551,2022,5,data\raw\Capacidad\ConsultaA_Recursos_Salud_2022_v24.csv,17365,CA_ENFERMERAS,4.0,16.0,12.0
00021551,2022,10,data\raw\Capacidad\ConsultaA_Recursos_Salud_2022_v24.csv,29173,CA_ENFERMERAS,9.0,20.0,11.0
00023022,2023,10,data\raw\Capacidad\ConsultaA_Recursos_Salud_2023_v24.csv,31089,CA_ENFERMERAS,4.0,16.0,12.0
00024299,2018,2,data\raw\Capacidad\ConsultaA_Recurso_Salud_2018_v2.csv,5430,CA_ENFERMERAS,4.0,41.0,37.0
00024299,2023,6,data\raw\Capacidad\ConsultaA_Recursos_Salud_2023_v24.csv,18276,CA_ENFERMERAS,14.0,41.0,27.0
00024425,2019,8,data\raw\Capacidad\ConsultaA_Recurso_Salud_2019_v7.csv,33246,CA_ENFERMERAS,1.0,12.0,11.0
00024425,2020,1,data\raw\Capacidad\ConsultaA_Recursos_Salud_2020_v7.csv,5973,CA_ENFERMERAS,1.0,12.0,11.0
00024425,2022,4,data\raw\Capacidad\ConsultaA_Recursos_Salud_2022_v24.csv,15451,CA_ENFERMERAS,1.0,12.0,11.0
00025210,2019,6,data\raw\Capacidad\ConsultaA_Recurso_Salud_2019_v7.csv,5982,CA_ENFERMERAS,6.0,19.0,13.0
00025535,2025,4,data\raw\Capacidad\ConsultaA_2025_v22.csv,2329,CA_ENFERMERAS,2.0,40.0,38.0
00025535,2025,8,data\raw\Capacidad\ConsultaA_2025_v22.csv,37321,CA_ENFERMERAS,2.0,40.0,38.0
00025535,2025,11,data\raw\Capacidad\ConsultaA_2025_v22.csv,56254,CA_ENFERMERAS,10.0,20.0,10.0
00025535,2026,1,data\raw\Capacidad\ConsultaA_2026_v13.csv,36469,CA_ENFERMERAS,10.0,40.0,30.0
00025535,2026,5,data\raw\Capacidad\ConsultaA_2026_v13.csv,33256,CA_ENFERMERAS,10.0,40.0,30.0
00025930,2020,7,data\raw\Capacidad\ConsultaA_Recursos_Salud_2020_v7.csv,14590,CA_ENFERMERAS,12.0,0.0,-12.0
00025930,2020,9,data\raw\Capacidad\ConsultaA_Recursos_Salud_2020_v7.csv,38997,CA_ENFERMERAS,0.0,12.0,12.0
00026706,2025,8,data\raw\Capacidad\ConsultaA_2025_v22.csv,44952,CA_ENFERMERAS,15.0,32.0,17.0
00026936,2025,3,data\raw\Capacidad\ConsultaA_2025_v22.csv,9033,CA_ENFERMERAS,40.0,175.0,135.0
00026936,2025,9,data\raw\Capacidad\ConsultaA_2025_v22.csv,9533,CA_ENFERMERAS,20.0,181.0,161.0
00026938,2026,4,data\raw\Capacidad\ConsultaA_2026_v13.csv,14256,CA_ENFERMERAS,4.0,16.0,12.0
00027214,2021,12,data\raw\Capacidad\ConsultaA_Recursos_Salud_2021_v19.csv,35186,CA_ENFERMERAS,11.0,117.0,106.0
00027214,2024,8,data\raw\Capacidad\ConsultaA_2024_v22.csv,7517,CA_ENFERMERAS,1.0,135.0,134.0
00027276,2023,12,data\raw\Capacidad\ConsultaA_Recursos_Salud_2023_v24.csv,40780,CA_ENFERMERAS,0.0,10.0,10.0
00027320,2025,11,data\raw\Capacidad\ConsultaA_2025_v22.csv,56098,CA_ENFERMERAS,31.0,0.0,-31.0
00027320,2025,12,data\raw\Capacidad\ConsultaA_2025_v22.csv,60066,CA_ENFERMERAS,0.0,36.0,36.0
00027478,2025,3,data\raw\Capacidad\ConsultaA_2025_v22.csv,28525,CA_ENFERMERAS,6.0,22.0,16.0
00027478,2025,9,data\raw\Capacidad\ConsultaA_2025_v22.csv,13363,CA_ENFERMERAS,11.0,0.0,-11.0
00027478,2025,10,data\raw\Capacidad\ConsultaA_2025_v22.csv,4468,CA_ENFERMERAS,0.0,14.0,14.0
00027733,2021,2,data\raw\Capacidad\ConsultaA_Recursos_Salud_2021_v19.csv,166,CA_ENFERMERAS,44.0,114.0,70.0
00027733,2021,6,data\raw\Capacidad\ConsultaA_Recursos_Salud_2021_v19.csv,20555,CA_ENFERMERAS,66.0,136.0,70.0
00027857,2020,5,data\raw\Capacidad\ConsultaA_Recursos_Salud_2020_v7.csv,26666,CA_ENFERMERAS,12.0,69.0,57.0
00028448,2025,4,data\raw\Capacidad\ConsultaA_2025_v22.csv,2066,CA_ENFERMERAS,9.0,19.0,10.0
00029518,2024,10,data\raw\Capacidad\ConsultaA_2024_v22.csv,47909,CA_ENFERMERAS,1.0,84.0,83.0
00030864,2024,8,data\raw\Capacidad\ConsultaA_2024_v22.csv,19818,CA_ENFERMERAS,0.0,11.0,11.0
00030864,2024,9,data\raw\Capacidad\ConsultaA_2024_v22.csv,41585,CA_ENFERMERAS,11.0,0.0,-11.0
00030864,2025,1,data\raw\Capacidad\ConsultaA_2025_v22.csv,23720,CA_ENFERMERAS,0.0,18.0,18.0
00030864,2025,2,data\raw\Capacidad\ConsultaA_2025_v22.csv,32855,CA_ENFERMERAS,18.0,0.0,-18.0
00030864,2026,2,data\raw\Capacidad\ConsultaA_2026_v13.csv,35322,CA_ENFERMERAS,1.0,11.0,10.0
00032672,2024,2,data\raw\Capacidad\ConsultaA_2024_v22.csv,2696,CA_ENFERMERAS,2.0,12.0,10.0
00032672,2024,5,data\raw\Capacidad\ConsultaA_2024_v22.csv,13093,CA_ENFERMERAS,2.0,12.0,10.0
00032672,2024,8,data\raw\Capacidad\ConsultaA_2024_v22.csv,9337,CA_ENFERMERAS,2.0,12.0,10.0
00032672,2024,12,data\raw\Capacidad\ConsultaA_2024_v22.csv,47571,CA_ENFERMERAS,2.0,12.0,10.0
00032672,2025,3,data\raw\Capacidad\ConsultaA_2025_v22.csv,14601,CA_ENFERMERAS,2.0,12.0,10.0
00032672,2025,5,data\raw\Capacidad\ConsultaA_2025_v22.csv,28194,CA_ENFERMERAS,2.0,12.0,10.0
00032672,2025,9,data\raw\Capacidad\ConsultaA_2025_v22.csv,3679,CA_ENFERMERAS,2.0,12.0,10.0
00032672,2025,11,data\raw\Capacidad\ConsultaA_2025_v22.csv,53542,CA_ENFERMERAS,2.0,12.0,10.0
00032853,2023,6,data\raw\Capacidad\ConsultaA_Recursos_Salud_2023_v24.csv,40331,CA_ENFERMERAS,3.0,14.0,11.0
00035955,2025,9,data\raw\Capacidad\ConsultaA_2025_v22.csv,8692,CA_ENFERMERAS,4.0,181.0,177.0
