codigo_ipress,anio,mes,servicios_d,servicios_con_camas_validas,suma_total_camas_d,max_total_camas_d,CA_CAMAS,estado_calidad_a,diferencia_suma_total_camas_d,diferencia_pct_suma_total_camas_d,diferencia_max_total_camas_d,diferencia_pct_max_total_camas_d
00005617,2019,1,5,5,169.0,76.0,148.0,UNICA,21.0,14.18918918918919,-72.0,-48.64864864864865
00005617,2019,2,5,5,169.0,76.0,169.0,UNICA,0.0,0.0,-93.0,-55.02958579881657
00005617,2019,3,5,5,169.0,76.0,169.0,UNICA,0.0,0.0,-93.0,-55.02958579881657
00005617,2019,4,6,6,115.0,41.0,169.0,UNICA,-54.0,-31.952662721893493,-128.0,-75.7396449704142
00005617,2019,5,6,6,115.0,41.0,169.0,UNICA,-54.0,-31.952662721893493,-128.0,-75.7396449704142
00005617,2019,6,6,6,115.0,41.0,169.0,UNICA,-54.0,-31.952662721893493,-128.0,-75.7396449704142
00005617,2019,7,6,6,115.0,41.0,145.0,UNICA,-30.0,-20.689655172413794,-104.0,-71.72413793103448
00005617,2019,8,6,6,115.0,41.0,145.0,UNICA,-30.0,-20.689655172413794,-104.0,-71.72413793103448
00005617,2019,9,6,6,115.0,41.0,145.0,UNICA,-30.0,-20.689655172413794,-104.0,-71.72413793103448
00005617,2019,10,6,6,115.0,41.0,145.0,UNICA,-30.0,-20.689655172413794,-104.0,-71.72413793103448
00005617,2019,11,6,6,115.0,41.0,145.0,UNICA,-30.0,-20.689655172413794,-104.0,-71.72413793103448
00005617,2020,1,6,6,115.0,41.0,145.0,UNICA,-30.0,-20.689655172413794,-104.0,-71.72413793103448
00005617,2020,2,6,6,115.0,41.0,145.0,UNICA,-30.0,-20.689655172413794,-104.0,-71.72413793103448
00005617,2020,3,6,6,115.0,41.0,145.0,UNICA,-30.0,-20.689655172413794,-104.0,-71.72413793103448
00005617,2020,4,6,6,115.0,41.0,145.0,UNICA,-30.0,-20.689655172413794,-104.0,-71.72413793103448
00005617,2020,5,6,6,115.0,41.0,145.0,UNICA,-30.0,-20.689655172413794,-104.0,-71.72413793103448
00005617,2020,6,6,6,115.0,41.0,145.0,UNICA,-30.0,-20.689655172413794,-104.0,-71.72413793103448
00005617,2020,7,6,6,115.0,41.0,145.0,UNICA,-30.0,-20.689655172413794,-104.0,-71.72413793103448
00005617,2020,8,6,6,115.0,41.0,145.0,UNICA,-30.0,-20.689655172413794,-104.0,-71.72413793103448
00005617,2020,9,6,6,115.0,41.0,145.0,UNICA,-30.0,-20.689655172413794,-104.0,-71.72413793103448
00005617,2020,10,4,4,93.0,41.0,145.0,UNICA,-52.0,-35.86206896551724,-104.0,-71.72413793103448
00005617,2020,11,4,4,279.0,209.0,145.0,UNICA,134.0,92.41379310344827,64.0,44.13793103448276
00005617,2020,12,4,4,290.0,209.0,145.0,UNICA,145.0,100.0,64.0,44.13793103448276
00005617,2021,1,2,2,205.0,179.0,145.0,UNICA,60.0,41.37931034482759,34.0,23.448275862068964
00005617,2021,2,2,2,237.0,182.0,145.0,UNICA,92.0,63.44827586206897,37.0,25.517241379310345
00005617,2021,3,2,2,243.0,188.0,145.0,UNICA,98.0,67.58620689655173,43.0,29.655172413793103
00005617,2021,4,7,7,470.0,278.0,145.0,UNICA,325.0,224.13793103448273,133.0,91.72413793103448
00005617,2021,5,7,7,342.0,148.0,145.0,UNICA,197.0,135.86206896551724,3.0,2.0689655172413794
00005617,2021,6,7,7,323.0,133.0,145.0,UNICA,178.0,122.75862068965517,-12.0,-8.275862068965518
00005617,2021,7,7,7,322.0,126.0,145.0,UNICA,177.0,122.06896551724138,-19.0,-13.10344827586207
00005617,2021,8,7,7,330.0,127.0,145.0,UNICA,185.0,127.58620689655173,-18.0,-12.413793103448276
00005617,2021,9,7,7,330.0,128.0,145.0,UNICA,185.0,127.58620689655173,-17.0,-11.724137931034482
00005617,2021,10,7,7,335.0,127.0,145.0,UNICA,190.0,131.0344827586207,-18.0,-12.413793103448276
00005617,2021,11,7,7,334.0,122.0,145.0,UNICA,189.0,130.3448275862069,-23.0,-15.862068965517242
00005617,2021,12,7,7,340.0,123.0,145.0,UNICA,195.0,134.48275862068965,-22.0,-15.172413793103448
00005617,2022,1,7,7,329.0,124.0,145.0,UNICA,184.0,126.89655172413794,-21.0,-14.482758620689657
00005617,2022,2,7,7,249.0,80.0,145.0,UNICA,104.0,71.72413793103448,-65.0,-44.827586206896555
00005617,2022,3,7,7,249.0,80.0,145.0,UNICA,104.0,71.72413793103448,-65.0,-44.827586206896555
00005617,2022,4,7,7,241.0,80.0,145.0,UNICA,96.0,66.20689655172414,-65.0,-44.827586206896555
00005617,2022,5,7,7,234.0,69.0,145.0,UNICA,89.0,61.37931034482759,-76.0,-52.41379310344828
00005617,2022,6,7,7,227.0,72.0,145.0,UNICA,82.0,56.55172413793104,-73.0,-50.3448275862069
00005617,2022,7,7,7,227.0,72.0,145.0,UNICA,82.0,56.55172413793104,-73.0,-50.3448275862069
00005617,2022,8,7,7,227.0,72.0,145.0,UNICA,82.0,56.55172413793104,-73.0,-50.3448275862069
00005617,2022,9,7,7,234.0,72.0,145.0,UNICA,89.0,61.37931034482759,-73.0,-50.3448275862069
00005617,2022,10,7,7,233.0,72.0,145.0,UNICA,88.0,60.689655172413794,-73.0,-50.3448275862069
00005617,2022,11,6,6,221.0,72.0,145.0,UNICA,76.0,52.41379310344828,-73.0,-50.3448275862069
00005617,2022,12,5,5,211.0,72.0,145.0,UNICA,66.0,45.51724137931035,-73.0,-50.3448275862069
00005617,2023,1,6,6,114.0,38.0,145.0,UNICA,-31.0,-21.379310344827587,-107.0,-73.79310344827587
00005617,2023,2,6,6,115.0,38.0,145.0,UNICA,-30.0,-20.689655172413794,-107.0,-73.79310344827587
00005617,2023,3,6,6,115.0,38.0,145.0,UNICA,-30.0,-20.689655172413794,-107.0,-73.79310344827587
00005617,2023,4,6,6,113.0,38.0,145.0,UNICA,-32.0,-22.06896551724138,-107.0,-73.79310344827587
00005617,2023,5,6,6,114.0,38.0,145.0,UNICA,-31.0,-21.379310344827587,-107.0,-73.79310344827587
00005617,2023,6,6,6,123.0,42.0,145.0,UNICA,-22.0,-15.172413793103448,-103.0,-71.03448275862068
00005617,2023,7,6,6,109.0,30.0,145.0,UNICA,-36.0,-24.82758620689655,-115.0,-79.3103448275862
00005617,2023,8,6,6,109.0,30.0,145.0,UNICA,-36.0,-24.82758620689655,-115.0,-79.3103448275862
00005617,2023,9,6,6,101.0,24.0,119.0,UNICA,-18.0,-15.126050420168067,-95.0,-79.83193277310924
00005617,2023,10,6,6,101.0,24.0,119.0,UNICA,-18.0,-15.126050420168067,-95.0,-79.83193277310924
00005617,2023,11,6,6,89.0,24.0,89.0,UNICA,0.0,0.0,-65.0,-73.03370786516854
00005617,2023,12,6,6,77.0,20.0,89.0,UNICA,-12.0,-13.48314606741573,-69.0,-77.52808988764045
00005617,2024,1,6,6,86.0,24.0,86.0,UNICA,0.0,0.0,-62.0,-72.09302325581395
00005617,2024,2,6,6,82.0,24.0,82.0,UNICA,0.0,0.0,-58.0,-70.73170731707317
00005617,2024,3,6,6,100.0,28.0,82.0,UNICA,18.0,21.951219512195124,-54.0,-65.85365853658537
00005617,2024,4,6,6,101.0,28.0,82.0,UNICA,19.0,23.170731707317074,-54.0,-65.85365853658537
00005617,2024,5,6,6,96.0,28.0,82.0,UNICA,14.0,17.073170731707318,-54.0,-65.85365853658537
00005617,2024,6,6,6,99.0,24.0,82.0,UNICA,17.0,20.73170731707317,-58.0,-70.73170731707317
00005617,2024,7,6,6,110.0,30.0,82.0,UNICA,28.0,34.146341463414636,-52.0,-63.41463414634146
00005617,2024,8,6,6,104.0,30.0,82.0,UNICA,22.0,26.82926829268293,-52.0,-63.41463414634146
00005617,2024,9,6,6,106.0,28.0,82.0,UNICA,24.0,29.268292682926827,-54.0,-65.85365853658537
00005617,2024,10,6,6,111.0,30.0,82.0,UNICA,29.0,35.36585365853659,-52.0,-63.41463414634146
00005617,2024,11,6,6,112.0,32.0,82.0,UNICA,30.0,36.58536585365854,-50.0,-60.97560975609756
00005617,2024,12,5,5,107.0,31.0,82.0,UNICA,25.0,30.48780487804878,-51.0,-62.19512195121951
00005617,2025,1,5,5,90.0,25.0,82.0,UNICA,8.0,9.75609756097561,-57.0,-69.51219512195121
00005617,2025,2,5,5,109.0,30.0,109.0,UNICA,0.0,0.0,-79.0,-72.47706422018348
00005617,2025,3,5,5,127.0,35.0,109.0,UNICA,18.0,16.51376146788991,-74.0,-67.88990825688074
00005617,2025,4,5,5,124.0,33.0,109.0,UNICA,15.0,13.761467889908257,-76.0,-69.72477064220183
00005617,2025,5,5,5,127.0,36.0,109.0,UNICA,18.0,16.51376146788991,-73.0,-66.97247706422019
00005617,2025,6,5,5,118.0,32.0,109.0,UNICA,9.0,8.256880733944955,-77.0,-70.64220183486239
00005617,2025,7,5,5,123.0,35.0,109.0,UNICA,14.0,12.844036697247708,-74.0,-67.88990825688074
00005617,2025,8,5,5,121.0,32.0,122.0,UNICA,-1.0,-0.819672131147541,-90.0,-73.77049180327869
00005617,2025,9,5,5,112.0,32.0,109.0,UNICA,3.0,2.7522935779816518,-77.0,-70.64220183486239
00005617,2025,10,5,5,119.0,32.0,119.0,UNICA,0.0,0.0,-87.0,-73.10924369747899
00005617,2025,11,5,5,123.0,33.0,119.0,UNICA,4.0,3.361344537815126,-86.0,-72.26890756302521
00005617,2026,1,7,7,125.0,35.0,125.0,UNICA,0.0,0.0,-90.0,-72.0
00005617,2026,2,7,7,123.0,34.0,123.0,UNICA,0.0,0.0,-89.0,-72.35772357723577
00005617,2026,3,7,7,125.0,35.0,125.0,UNICA,0.0,0.0,-90.0,-72.0
00005644,2025,1,1,1,12.0,12.0,0.0,UNICA,12.0,,12.0,
00005644,2025,2,1,1,12.0,12.0,0.0,UNICA,12.0,,12.0,
00005644,2025,3,1,1,12.0,12.0,0.0,UNICA,12.0,,12.0,
00005644,2025,4,1,1,12.0,12.0,0.0,UNICA,12.0,,12.0,
00005644,2025,5,1,1,12.0,12.0,0.0,UNICA,12.0,,12.0,
00005644,2025,6,1,1,12.0,12.0,0.0,UNICA,12.0,,12.0,
00005644,2025,7,1,1,12.0,12.0,0.0,UNICA,12.0,,12.0,
00005644,2025,8,1,1,12.0,12.0,0.0,UNICA,12.0,,12.0,
00005644,2025,9,1,1,12.0,12.0,0.0,UNICA,12.0,,12.0,
00005644,2025,10,1,1,12.0,12.0,0.0,UNICA,12.0,,12.0,
00005644,2025,11,1,1,12.0,12.0,0.0,UNICA,12.0,,12.0,
00005644,2026,1,1,1,12.0,12.0,0.0,UNICA,12.0,,12.0,
00005644,2026,2,1,1,12.0,12.0,0.0,UNICA,12.0,,12.0,
00005644,2026,3,1,1,12.0,12.0,0.0,UNICA,12.0,,12.0,
00005735,2025,2,1,1,12.0,12.0,8.0,UNICA,4.0,50.0,4.0,50.0
00005735,2025,3,1,1,12.0,12.0,8.0,UNICA,4.0,50.0,4.0,50.0
00005735,2025,4,1,1,12.0,12.0,8.0,UNICA,4.0,50.0,4.0,50.0
00005735,2025,5,1,1,12.0,12.0,8.0,UNICA,4.0,50.0,4.0,50.0
00005735,2025,6,1,1,12.0,12.0,8.0,UNICA,4.0,50.0,4.0,50.0
00005735,2025,7,1,1,12.0,12.0,8.0,UNICA,4.0,50.0,4.0,50.0
00005735,2025,8,1,1,12.0,12.0,8.0,UNICA,4.0,50.0,4.0,50.0
00005735,2025,9,1,1,12.0,12.0,10.0,UNICA,2.0,20.0,2.0,20.0
00005735,2025,10,1,1,12.0,12.0,10.0,UNICA,2.0,20.0,2.0,20.0
00005735,2025,11,1,1,12.0,12.0,10.0,UNICA,2.0,20.0,2.0,20.0
00005735,2026,1,1,1,12.0,12.0,10.0,UNICA,2.0,20.0,2.0,20.0
00005735,2026,2,1,1,12.0,12.0,10.0,UNICA,2.0,20.0,2.0,20.0
00005735,2026,3,1,1,12.0,12.0,8.0,UNICA,4.0,50.0,4.0,50.0
00005742,2025,1,1,1,6.0,6.0,6.0,UNICA,0.0,0.0,0.0,0.0
00005742,2025,2,1,1,6.0,6.0,6.0,UNICA,0.0,0.0,0.0,0.0
00005742,2025,3,1,1,6.0,6.0,6.0,UNICA,0.0,0.0,0.0,0.0
00005742,2025,4,1,1,6.0,6.0,6.0,UNICA,0.0,0.0,0.0,0.0
00005742,2025,5,1,1,6.0,6.0,6.0,UNICA,0.0,0.0,0.0,0.0
00005742,2025,6,1,1,6.0,6.0,6.0,UNICA,0.0,0.0,0.0,0.0
00005742,2025,7,1,1,6.0,6.0,6.0,UNICA,0.0,0.0,0.0,0.0
00005742,2025,8,1,1,6.0,6.0,6.0,UNICA,0.0,0.0,0.0,0.0
00005742,2025,9,1,1,6.0,6.0,6.0,UNICA,0.0,0.0,0.0,0.0
00005742,2025,10,1,1,6.0,6.0,6.0,UNICA,0.0,0.0,0.0,0.0
00005742,2025,11,1,1,6.0,6.0,6.0,UNICA,0.0,0.0,0.0,0.0
00005742,2026,1,1,1,6.0,6.0,6.0,UNICA,0.0,0.0,0.0,0.0
00005742,2026,2,1,1,6.0,6.0,6.0,UNICA,0.0,0.0,0.0,0.0
00005742,2026,3,1,1,6.0,6.0,6.0,UNICA,0.0,0.0,0.0,0.0
00005755,2025,1,2,2,44.0,22.0,0.0,UNICA,44.0,,22.0,
00005755,2025,2,2,2,44.0,22.0,0.0,UNICA,44.0,,22.0,
00005755,2025,3,2,2,44.0,22.0,0.0,UNICA,44.0,,22.0,
00005755,2025,4,2,2,44.0,22.0,0.0,UNICA,44.0,,22.0,
00005755,2025,5,2,2,44.0,22.0,0.0,UNICA,44.0,,22.0,
00005755,2025,6,2,2,44.0,22.0,0.0,UNICA,44.0,,22.0,
00005755,2025,7,2,2,44.0,22.0,0.0,UNICA,44.0,,22.0,
00005755,2025,8,2,2,44.0,22.0,0.0,UNICA,44.0,,22.0,
00005755,2025,9,2,2,44.0,22.0,0.0,UNICA,44.0,,22.0,
00005755,2025,10,2,2,44.0,22.0,0.0,UNICA,44.0,,22.0,
00005755,2025,11,2,2,44.0,22.0,0.0,UNICA,44.0,,22.0,
00005755,2026,1,2,2,44.0,22.0,0.0,UNICA,44.0,,22.0,
00005755,2026,2,2,2,44.0,22.0,0.0,UNICA,44.0,,22.0,
00005755,2026,3,2,2,44.0,22.0,0.0,UNICA,44.0,,22.0,
00005772,2025,1,1,1,19.0,19.0,8.0,UNICA,11.0,137.5,11.0,137.5
00005772,2025,2,1,1,19.0,19.0,8.0,UNICA,11.0,137.5,11.0,137.5
00005772,2025,3,1,1,19.0,19.0,8.0,UNICA,11.0,137.5,11.0,137.5
00005772,2025,4,1,1,19.0,19.0,8.0,UNICA,11.0,137.5,11.0,137.5
00005772,2025,5,2,2,57.0,38.0,8.0,UNICA,49.0,612.5,30.0,375.0
00005772,2025,6,1,1,19.0,19.0,8.0,UNICA,11.0,137.5,11.0,137.5
00005772,2025,7,1,1,19.0,19.0,8.0,UNICA,11.0,137.5,11.0,137.5
00005772,2025,8,1,1,19.0,19.0,8.0,UNICA,11.0,137.5,11.0,137.5
00005772,2025,9,1,1,19.0,19.0,8.0,UNICA,11.0,137.5,11.0,137.5
00005772,2025,10,1,1,19.0,19.0,8.0,UNICA,11.0,137.5,11.0,137.5
00005772,2025,11,1,1,19.0,19.0,8.0,UNICA,11.0,137.5,11.0,137.5
00005772,2026,1,1,1,19.0,19.0,8.0,UNICA,11.0,137.5,11.0,137.5
00005772,2026,2,1,1,19.0,19.0,8.0,UNICA,11.0,137.5,11.0,137.5
00005772,2026,3,1,1,19.0,19.0,8.0,UNICA,11.0,137.5,11.0,137.5
00005791,2025,1,1,1,16.0,16.0,15.0,UNICA,1.0,6.666666666666667,1.0,6.666666666666667
00005791,2025,2,1,1,16.0,16.0,15.0,UNICA,1.0,6.666666666666667,1.0,6.666666666666667
00005791,2025,3,1,1,16.0,16.0,15.0,UNICA,1.0,6.666666666666667,1.0,6.666666666666667
00005791,2025,4,1,1,16.0,16.0,15.0,UNICA,1.0,6.666666666666667,1.0,6.666666666666667
00005791,2025,5,1,1,16.0,16.0,15.0,UNICA,1.0,6.666666666666667,1.0,6.666666666666667
00005791,2025,6,1,1,16.0,16.0,15.0,UNICA,1.0,6.666666666666667,1.0,6.666666666666667
00005791,2025,9,1,1,16.0,16.0,15.0,UNICA,1.0,6.666666666666667,1.0,6.666666666666667
00005791,2025,10,1,1,16.0,16.0,15.0,UNICA,1.0,6.666666666666667,1.0,6.666666666666667
00005791,2025,11,1,1,16.0,16.0,15.0,UNICA,1.0,6.666666666666667,1.0,6.666666666666667
00005791,2026,1,1,1,16.0,16.0,15.0,UNICA,1.0,6.666666666666667,1.0,6.666666666666667
00005791,2026,2,1,1,16.0,16.0,15.0,UNICA,1.0,6.666666666666667,1.0,6.666666666666667
00005791,2026,3,1,1,16.0,16.0,15.0,UNICA,1.0,6.666666666666667,1.0,6.666666666666667
00005799,2025,2,1,1,15.0,15.0,3.0,UNICA,12.0,400.0,12.0,400.0
00005799,2025,3,1,1,15.0,15.0,3.0,UNICA,12.0,400.0,12.0,400.0
00005799,2025,4,1,1,15.0,15.0,3.0,UNICA,12.0,400.0,12.0,400.0
00005799,2025,6,1,1,15.0,15.0,7.0,UNICA,8.0,114.28571428571428,8.0,114.28571428571428
00005799,2025,7,1,1,15.0,15.0,3.0,UNICA,12.0,400.0,12.0,400.0
00005799,2025,8,1,1,15.0,15.0,3.0,UNICA,12.0,400.0,12.0,400.0
00005799,2025,9,1,1,15.0,15.0,3.0,UNICA,12.0,400.0,12.0,400.0
00005799,2025,10,1,1,15.0,15.0,3.0,UNICA,12.0,400.0,12.0,400.0
00005799,2025,11,1,1,15.0,15.0,3.0,UNICA,12.0,400.0,12.0,400.0
00005799,2026,1,1,1,15.0,15.0,3.0,UNICA,12.0,400.0,12.0,400.0
00005799,2026,2,1,1,15.0,15.0,3.0,UNICA,12.0,400.0,12.0,400.0
00005814,2025,1,1,1,8.0,8.0,5.0,UNICA,3.0,60.0,3.0,60.0
00005814,2025,2,1,1,8.0,8.0,5.0,UNICA,3.0,60.0,3.0,60.0
00005814,2025,3,1,1,8.0,8.0,5.0,UNICA,3.0,60.0,3.0,60.0
00005814,2025,4,1,1,8.0,8.0,5.0,UNICA,3.0,60.0,3.0,60.0
00005814,2025,5,1,1,8.0,8.0,5.0,UNICA,3.0,60.0,3.0,60.0
00005814,2025,6,1,1,8.0,8.0,5.0,UNICA,3.0,60.0,3.0,60.0
00005814,2025,7,1,1,8.0,8.0,5.0,UNICA,3.0,60.0,3.0,60.0
00005814,2025,8,1,1,8.0,8.0,5.0,UNICA,3.0,60.0,3.0,60.0
00005814,2025,9,1,1,8.0,8.0,5.0,UNICA,3.0,60.0,3.0,60.0
00005814,2025,10,1,1,8.0,8.0,5.0,UNICA,3.0,60.0,3.0,60.0
00005814,2025,11,1,1,8.0,8.0,5.0,UNICA,3.0,60.0,3.0,60.0
00005814,2026,1,1,1,8.0,8.0,5.0,UNICA,3.0,60.0,3.0,60.0
00005814,2026,2,1,1,8.0,8.0,5.0,UNICA,3.0,60.0,3.0,60.0
00005814,2026,3,1,1,8.0,8.0,5.0,UNICA,3.0,60.0,3.0,60.0
00005816,2025,1,2,2,36.0,18.0,12.0,UNICA,24.0,200.0,6.0,50.0
00005816,2025,2,2,2,36.0,18.0,12.0,UNICA,24.0,200.0,6.0,50.0
00005816,2025,3,2,2,36.0,18.0,12.0,UNICA,24.0,200.0,6.0,50.0
00005816,2025,4,2,2,36.0,18.0,12.0,UNICA,24.0,200.0,6.0,50.0
00005816,2025,5,2,2,36.0,18.0,12.0,UNICA,24.0,200.0,6.0,50.0
00005816,2025,6,2,2,36.0,18.0,12.0,UNICA,24.0,200.0,6.0,50.0
00005816,2025,7,1,1,18.0,18.0,12.0,UNICA,6.0,50.0,6.0,50.0
00005816,2025,8,1,1,18.0,18.0,12.0,UNICA,6.0,50.0,6.0,50.0
00005816,2025,9,2,2,36.0,18.0,12.0,UNICA,24.0,200.0,6.0,50.0
00005816,2025,10,1,1,18.0,18.0,12.0,UNICA,6.0,50.0,6.0,50.0
00005816,2025,11,1,1,18.0,18.0,11.0,UNICA,7.0,63.63636363636363,7.0,63.63636363636363
00005816,2026,1,1,1,18.0,18.0,11.0,UNICA,7.0,63.63636363636363,7.0,63.63636363636363
00005816,2026,2,1,1,18.0,18.0,11.0,UNICA,7.0,63.63636363636363,7.0,63.63636363636363
00005816,2026,3,1,1,18.0,18.0,11.0,UNICA,7.0,63.63636363636363,7.0,63.63636363636363
00005817,2025,1,1,1,6.0,6.0,8.0,UNICA,-2.0,-25.0,-2.0,-25.0
00005817,2025,2,1,1,6.0,6.0,8.0,UNICA,-2.0,-25.0,-2.0,-25.0
00005817,2025,3,1,1,6.0,6.0,8.0,UNICA,-2.0,-25.0,-2.0,-25.0
00005817,2025,4,1,1,6.0,6.0,8.0,UNICA,-2.0,-25.0,-2.0,-25.0
00005817,2025,5,1,1,6.0,6.0,8.0,UNICA,-2.0,-25.0,-2.0,-25.0
00005817,2025,6,1,1,6.0,6.0,6.0,UNICA,0.0,0.0,0.0,0.0
00005817,2025,7,1,1,6.0,6.0,6.0,UNICA,0.0,0.0,0.0,0.0
00005817,2025,8,1,1,6.0,6.0,6.0,UNICA,0.0,0.0,0.0,0.0
00005817,2025,9,1,1,6.0,6.0,6.0,UNICA,0.0,0.0,0.0,0.0
00005817,2025,10,1,1,6.0,6.0,6.0,UNICA,0.0,0.0,0.0,0.0
00005817,2025,11,1,1,6.0,6.0,6.0,UNICA,0.0,0.0,0.0,0.0
00005817,2026,1,1,1,6.0,6.0,6.0,UNICA,0.0,0.0,0.0,0.0
00005817,2026,2,1,1,6.0,6.0,6.0,UNICA,0.0,0.0,0.0,0.0
00005817,2026,3,1,1,6.0,6.0,6.0,UNICA,0.0,0.0,0.0,0.0
00005821,2025,1,1,1,12.0,12.0,9.0,UNICA,3.0,33.33333333333333,3.0,33.33333333333333
00005821,2025,2,1,1,12.0,12.0,9.0,UNICA,3.0,33.33333333333333,3.0,33.33333333333333
00005821,2025,3,1,1,12.0,12.0,9.0,UNICA,3.0,33.33333333333333,3.0,33.33333333333333
00005821,2025,4,2,2,24.0,12.0,0.0,UNICA,24.0,,12.0,
00005821,2025,5,2,2,24.0,12.0,0.0,UNICA,24.0,,12.0,
00005821,2025,6,2,2,36.0,24.0,9.0,UNICA,27.0,300.0,15.0,166.66666666666669
00005821,2025,7,1,1,12.0,12.0,9.0,UNICA,3.0,33.33333333333333,3.0,33.33333333333333
00005821,2025,8,1,1,12.0,12.0,9.0,UNICA,3.0,33.33333333333333,3.0,33.33333333333333
00005821,2025,9,1,1,12.0,12.0,9.0,UNICA,3.0,33.33333333333333,3.0,33.33333333333333
00005821,2025,10,1,1,12.0,12.0,9.0,UNICA,3.0,33.33333333333333,3.0,33.33333333333333
00005821,2025,11,1,1,12.0,12.0,9.0,UNICA,3.0,33.33333333333333,3.0,33.33333333333333
00005821,2026,1,1,1,12.0,12.0,9.0,UNICA,3.0,33.33333333333333,3.0,33.33333333333333
00005821,2026,2,1,1,24.0,24.0,9.0,UNICA,15.0,166.66666666666669,15.0,166.66666666666669
00005821,2026,3,1,1,12.0,12.0,9.0,UNICA,3.0,33.33333333333333,3.0,33.33333333333333
00005842,2025,1,1,1,6.0,6.0,0.0,UNICA,6.0,,6.0,
00005842,2025,2,1,1,6.0,6.0,0.0,UNICA,6.0,,6.0,
00005842,2025,3,1,1,6.0,6.0,0.0,UNICA,6.0,,6.0,
00005842,2025,4,1,1,6.0,6.0,0.0,UNICA,6.0,,6.0,
00005842,2025,5,1,1,6.0,6.0,0.0,UNICA,6.0,,6.0,
00005842,2025,6,1,1,6.0,6.0,0.0,UNICA,6.0,,6.0,
00005842,2025,7,1,1,6.0,6.0,0.0,UNICA,6.0,,6.0,
00005842,2025,8,1,1,6.0,6.0,0.0,UNICA,6.0,,6.0,
00005842,2025,9,1,1,6.0,6.0,0.0,UNICA,6.0,,6.0,
00005842,2025,10,1,1,6.0,6.0,0.0,UNICA,6.0,,6.0,
00005842,2025,11,1,1,6.0,6.0,0.0,UNICA,6.0,,6.0,
00005842,2026,1,1,1,6.0,6.0,8.0,UNICA,-2.0,-25.0,-2.0,-25.0
00005842,2026,2,1,1,6.0,6.0,8.0,UNICA,-2.0,-25.0,-2.0,-25.0
00005842,2026,3,1,1,6.0,6.0,8.0,UNICA,-2.0,-25.0,-2.0,-25.0
00005883,2015,12,2,2,17.0,16.0,45.0,UNICA,-28.0,-62.22222222222222,-29.0,-64.44444444444444
00005883,2016,1,6,6,46.0,16.0,45.0,UNICA,1.0,2.2222222222222223,-29.0,-64.44444444444444
00005883,2016,2,6,6,46.0,16.0,45.0,UNICA,1.0,2.2222222222222223,-29.0,-64.44444444444444
00005883,2016,3,6,6,46.0,16.0,45.0,UNICA,1.0,2.2222222222222223,-29.0,-64.44444444444444
00005883,2016,4,6,6,46.0,16.0,46.0,UNICA,0.0,0.0,-30.0,-65.21739130434783
00005883,2016,5,6,6,46.0,16.0,46.0,UNICA,0.0,0.0,-30.0,-65.21739130434783
00005883,2016,6,6,6,46.0,16.0,46.0,UNICA,0.0,0.0,-30.0,-65.21739130434783
00005883,2016,7,6,6,46.0,16.0,46.0,UNICA,0.0,0.0,-30.0,-65.21739130434783
00005883,2016,8,6,6,46.0,16.0,46.0,UNICA,0.0,0.0,-30.0,-65.21739130434783
00005883,2016,9,6,6,51.0,16.0,51.0,UNICA,0.0,0.0,-35.0,-68.62745098039215
00005883,2016,10,6,6,51.0,16.0,51.0,UNICA,0.0,0.0,-35.0,-68.62745098039215
00005883,2016,11,6,6,51.0,16.0,51.0,UNICA,0.0,0.0,-35.0,-68.62745098039215
00005883,2016,12,6,6,51.0,16.0,51.0,UNICA,0.0,0.0,-35.0,-68.62745098039215
00005883,2017,1,4,4,32.0,16.0,51.0,UNICA,-19.0,-37.254901960784316,-35.0,-68.62745098039215
00005883,2017,2,6,6,51.0,16.0,51.0,UNICA,0.0,0.0,-35.0,-68.62745098039215
00005883,2017,3,6,6,51.0,16.0,51.0,UNICA,0.0,0.0,-35.0,-68.62745098039215
00005883,2017,4,6,6,51.0,16.0,51.0,UNICA,0.0,0.0,-35.0,-68.62745098039215
00005883,2017,5,6,6,51.0,16.0,51.0,UNICA,0.0,0.0,-35.0,-68.62745098039215
00005883,2017,6,6,6,51.0,16.0,51.0,UNICA,0.0,0.0,-35.0,-68.62745098039215
00005883,2017,7,6,6,51.0,16.0,51.0,UNICA,0.0,0.0,-35.0,-68.62745098039215
00005883,2017,8,6,6,51.0,16.0,51.0,UNICA,0.0,0.0,-35.0,-68.62745098039215
00005883,2017,9,6,6,51.0,16.0,51.0,UNICA,0.0,0.0,-35.0,-68.62745098039215
00005883,2017,10,6,6,51.0,16.0,51.0,UNICA,0.0,0.0,-35.0,-68.62745098039215
00005883,2017,11,6,6,51.0,16.0,51.0,UNICA,0.0,0.0,-35.0,-68.62745098039215
00005883,2017,12,6,6,51.0,16.0,51.0,UNICA,0.0,0.0,-35.0,-68.62745098039215
00005883,2018,1,6,6,51.0,16.0,51.0,UNICA,0.0,0.0,-35.0,-68.62745098039215
00005883,2018,2,6,6,51.0,16.0,51.0,UNICA,0.0,0.0,-35.0,-68.62745098039215
00005883,2018,3,6,6,51.0,16.0,51.0,UNICA,0.0,0.0,-35.0,-68.62745098039215
00005883,2018,4,6,6,51.0,16.0,51.0,UNICA,0.0,0.0,-35.0,-68.62745098039215
00005883,2018,5,5,5,43.0,16.0,51.0,UNICA,-8.0,-15.686274509803921,-35.0,-68.62745098039215
00005883,2018,6,5,5,43.0,16.0,51.0,UNICA,-8.0,-15.686274509803921,-35.0,-68.62745098039215
00005883,2018,7,5,5,43.0,16.0,51.0,UNICA,-8.0,-15.686274509803921,-35.0,-68.62745098039215
00005883,2018,8,5,5,43.0,16.0,51.0,UNICA,-8.0,-15.686274509803921,-35.0,-68.62745098039215
00005883,2018,9,5,5,43.0,16.0,51.0,UNICA,-8.0,-15.686274509803921,-35.0,-68.62745098039215
00005883,2018,10,5,5,43.0,16.0,51.0,UNICA,-8.0,-15.686274509803921,-35.0,-68.62745098039215
00005883,2018,11,5,5,43.0,16.0,51.0,UNICA,-8.0,-15.686274509803921,-35.0,-68.62745098039215
00005883,2019,1,5,5,43.0,16.0,51.0,UNICA,-8.0,-15.686274509803921,-35.0,-68.62745098039215
00005883,2019,2,5,5,43.0,16.0,51.0,UNICA,-8.0,-15.686274509803921,-35.0,-68.62745098039215
00005883,2019,3,5,5,43.0,16.0,51.0,UNICA,-8.0,-15.686274509803921,-35.0,-68.62745098039215
00005883,2019,4,6,6,51.0,16.0,51.0,UNICA,0.0,0.0,-35.0,-68.62745098039215
00005883,2019,5,6,6,51.0,16.0,51.0,UNICA,0.0,0.0,-35.0,-68.62745098039215
00005883,2019,6,6,6,51.0,16.0,51.0,UNICA,0.0,0.0,-35.0,-68.62745098039215
00005883,2019,7,6,6,51.0,16.0,51.0,UNICA,0.0,0.0,-35.0,-68.62745098039215
00005883,2019,8,6,6,51.0,16.0,51.0,UNICA,0.0,0.0,-35.0,-68.62745098039215
00005883,2019,9,6,6,51.0,16.0,51.0,UNICA,0.0,0.0,-35.0,-68.62745098039215
00005883,2019,10,6,6,51.0,16.0,51.0,UNICA,0.0,0.0,-35.0,-68.62745098039215
00005883,2019,11,5,5,50.0,16.0,51.0,UNICA,-1.0,-1.9607843137254901,-35.0,-68.62745098039215
00005883,2020,1,6,6,51.0,16.0,51.0,UNICA,0.0,0.0,-35.0,-68.62745098039215
00005883,2020,2,6,6,51.0,16.0,51.0,UNICA,0.0,0.0,-35.0,-68.62745098039215
00005883,2020,3,5,5,43.0,16.0,51.0,UNICA,-8.0,-15.686274509803921,-35.0,-68.62745098039215
00005883,2020,4,4,4,42.0,16.0,51.0,UNICA,-9.0,-17.647058823529413,-35.0,-68.62745098039215
00005883,2020,5,5,5,51.0,33.0,57.0,UNICA,-6.0,-10.526315789473683,-24.0,-42.10526315789473
00005883,2020,6,6,6,57.0,34.0,57.0,UNICA,0.0,0.0,-23.0,-40.35087719298245
00005883,2020,7,6,6,59.0,34.0,59.0,UNICA,0.0,0.0,-25.0,-42.3728813559322
00005883,2020,8,6,6,59.0,34.0,59.0,UNICA,0.0,0.0,-25.0,-42.3728813559322
00005883,2020,9,6,6,59.0,32.0,51.0,UNICA,8.0,15.686274509803921,-19.0,-37.254901960784316
00005883,2020,10,6,6,59.0,31.0,59.0,UNICA,0.0,0.0,-28.0,-47.45762711864407
00005883,2020,11,6,6,59.0,29.0,59.0,UNICA,0.0,0.0,-30.0,-50.847457627118644
00005883,2020,12,6,6,59.0,32.0,59.0,UNICA,0.0,0.0,-27.0,-45.76271186440678
00005883,2021,1,6,6,60.0,30.0,60.0,UNICA,0.0,0.0,-30.0,-50.0
00005883,2021,2,6,6,63.0,28.0,53.0,UNICA,10.0,18.867924528301888,-25.0,-47.16981132075472
00005883,2021,3,6,6,57.0,25.0,53.0,UNICA,4.0,7.547169811320755,-28.0,-52.83018867924528
00005883,2021,4,6,6,61.0,29.0,53.0,UNICA,8.0,15.09433962264151,-24.0,-45.28301886792453
00005883,2021,5,6,6,61.0,30.0,60.0,UNICA,1.0,1.6666666666666667,-30.0,-50.0
00005883,2021,6,6,6,61.0,29.0,61.0,UNICA,0.0,0.0,-32.0,-52.459016393442624
00005883,2021,7,6,6,56.0,22.0,61.0,UNICA,-5.0,-8.19672131147541,-39.0,-63.934426229508205
00005883,2021,8,6,6,56.0,22.0,56.0,UNICA,0.0,0.0,-34.0,-60.71428571428571
00005883,2021,9,6,6,56.0,23.0,56.0,UNICA,0.0,0.0,-33.0,-58.92857142857143
00005883,2021,10,6,6,56.0,23.0,56.0,UNICA,0.0,0.0,-33.0,-58.92857142857143
00005883,2021,11,6,6,56.0,22.0,56.0,UNICA,0.0,0.0,-34.0,-60.71428571428571
00005883,2021,12,6,6,56.0,23.0,56.0,UNICA,0.0,0.0,-33.0,-58.92857142857143
00005883,2022,1,6,6,57.0,22.0,56.0,UNICA,1.0,1.7857142857142856,-34.0,-60.71428571428571
00005883,2022,2,6,6,57.0,22.0,59.0,UNICA,-2.0,-3.389830508474576,-37.0,-62.71186440677966
00005883,2022,3,6,6,50.0,22.0,57.0,UNICA,-7.0,-12.280701754385964,-35.0,-61.40350877192983
00005883,2022,4,6,6,57.0,15.0,57.0,UNICA,0.0,0.0,-42.0,-73.68421052631578
00005883,2022,5,6,6,57.0,15.0,57.0,UNICA,0.0,0.0,-42.0,-73.68421052631578
00005883,2022,6,6,6,57.0,15.0,57.0,UNICA,0.0,0.0,-42.0,-73.68421052631578
00005883,2022,7,6,6,57.0,15.0,61.0,UNICA,-4.0,-6.557377049180328,-46.0,-75.40983606557377
00005883,2022,8,6,6,61.0,21.0,61.0,UNICA,0.0,0.0,-40.0,-65.57377049180327
00005883,2022,9,6,6,61.0,21.0,61.0,UNICA,0.0,0.0,-40.0,-65.57377049180327
00005883,2022,10,6,6,61.0,21.0,61.0,UNICA,0.0,0.0,-40.0,-65.57377049180327
00005883,2022,11,6,6,63.0,21.0,61.0,UNICA,2.0,3.278688524590164,-40.0,-65.57377049180327
00005883,2022,12,6,6,63.0,21.0,63.0,UNICA,0.0,0.0,-42.0,-66.66666666666666
00005883,2023,1,6,6,61.0,21.0,61.0,UNICA,0.0,0.0,-40.0,-65.57377049180327
00005883,2023,2,6,6,63.0,21.0,64.0,UNICA,-1.0,-1.5625,-43.0,-67.1875
00005883,2023,3,6,6,64.0,21.0,64.0,UNICA,0.0,0.0,-43.0,-67.1875
00005883,2023,4,6,6,64.0,21.0,64.0,UNICA,0.0,0.0,-43.0,-67.1875
00005883,2023,5,6,6,50.0,16.0,50.0,UNICA,0.0,0.0,-34.0,-68.0
00005883,2023,6,6,6,50.0,16.0,50.0,UNICA,0.0,0.0,-34.0,-68.0
00005883,2023,7,6,6,50.0,16.0,50.0,UNICA,0.0,0.0,-34.0,-68.0
00005883,2023,8,6,6,50.0,16.0,50.0,UNICA,0.0,0.0,-34.0,-68.0
00005883,2023,9,6,6,50.0,16.0,50.0,UNICA,0.0,0.0,-34.0,-68.0
00005883,2023,10,6,6,50.0,16.0,50.0,UNICA,0.0,0.0,-34.0,-68.0
00005883,2023,11,6,6,50.0,16.0,50.0,UNICA,0.0,0.0,-34.0,-68.0
00005883,2023,12,6,6,50.0,16.0,50.0,UNICA,0.0,0.0,-34.0,-68.0
00005883,2024,1,5,5,49.0,16.0,50.0,UNICA,-1.0,-2.0,-34.0,-68.0
00005883,2024,2,5,5,49.0,16.0,50.0,UNICA,-1.0,-2.0,-34.0,-68.0
00005883,2024,3,6,6,50.0,16.0,50.0,UNICA,0.0,0.0,-34.0,-68.0
00005883,2024,4,6,6,58.0,16.0,58.0,UNICA,0.0,0.0,-42.0,-72.41379310344827
00005883,2024,5,6,6,58.0,16.0,58.0,UNICA,0.0,0.0,-42.0,-72.41379310344827
00005883,2024,6,6,6,58.0,16.0,58.0,UNICA,0.0,0.0,-42.0,-72.41379310344827
00005883,2024,7,6,6,50.0,16.0,50.0,UNICA,0.0,0.0,-34.0,-68.0
00005883,2024,8,6,6,50.0,16.0,50.0,UNICA,0.0,0.0,-34.0,-68.0
00005883,2024,9,6,6,50.0,16.0,50.0,UNICA,0.0,0.0,-34.0,-68.0
00005883,2024,10,6,6,50.0,16.0,50.0,UNICA,0.0,0.0,-34.0,-68.0
00005883,2024,11,6,6,50.0,16.0,50.0,UNICA,0.0,0.0,-34.0,-68.0
00005883,2024,12,6,6,50.0,16.0,50.0,UNICA,0.0,0.0,-34.0,-68.0
00005883,2025,1,6,6,50.0,16.0,50.0,UNICA,0.0,0.0,-34.0,-68.0
00005883,2025,2,5,5,49.0,16.0,50.0,UNICA,-1.0,-2.0,-34.0,-68.0
00005883,2025,3,5,5,49.0,16.0,50.0,UNICA,-1.0,-2.0,-34.0,-68.0
00005883,2025,4,6,6,50.0,16.0,50.0,UNICA,0.0,0.0,-34.0,-68.0
00005883,2025,5,6,6,50.0,16.0,50.0,UNICA,0.0,0.0,-34.0,-68.0
00005883,2025,6,6,6,50.0,16.0,50.0,UNICA,0.0,0.0,-34.0,-68.0
00005883,2025,7,6,6,50.0,16.0,50.0,UNICA,0.0,0.0,-34.0,-68.0
00005883,2025,8,5,5,49.0,16.0,50.0,UNICA,-1.0,-2.0,-34.0,-68.0
00005883,2025,9,5,5,49.0,16.0,50.0,UNICA,-1.0,-2.0,-34.0,-68.0
00005883,2025,10,5,5,49.0,16.0,50.0,UNICA,-1.0,-2.0,-34.0,-68.0
00005883,2025,11,5,5,49.0,16.0,50.0,UNICA,-1.0,-2.0,-34.0,-68.0
00005883,2026,1,5,5,49.0,16.0,50.0,UNICA,-1.0,-2.0,-34.0,-68.0
00005883,2026,2,5,5,49.0,16.0,50.0,UNICA,-1.0,-2.0,-34.0,-68.0
00005883,2026,3,5,5,49.0,16.0,50.0,UNICA,-1.0,-2.0,-34.0,-68.0
00005945,2016,1,6,6,55.0,15.0,78.0,UNICA,-23.0,-29.48717948717949,-63.0,-80.76923076923077
00005945,2016,2,5,5,45.0,15.0,78.0,UNICA,-33.0,-42.30769230769231,-63.0,-80.76923076923077
00005945,2016,3,6,6,46.0,15.0,78.0,UNICA,-32.0,-41.02564102564102,-63.0,-80.76923076923077
00005945,2016,4,8,8,78.0,21.0,78.0,UNICA,0.0,0.0,-57.0,-73.07692307692307
00005945,2016,5,8,8,78.0,21.0,78.0,UNICA,0.0,0.0,-57.0,-73.07692307692307
00005945,2016,6,8,8,78.0,21.0,78.0,UNICA,0.0,0.0,-57.0,-73.07692307692307
00005945,2016,7,9,9,78.0,21.0,78.0,UNICA,0.0,0.0,-57.0,-73.07692307692307
00005945,2016,8,7,7,53.0,21.0,78.0,UNICA,-25.0,-32.05128205128205,-57.0,-73.07692307692307
00005945,2016,11,8,8,67.0,21.0,78.0,UNICA,-11.0,-14.102564102564102,-57.0,-73.07692307692307
00005945,2016,12,9,9,78.0,21.0,78.0,UNICA,0.0,0.0,-57.0,-73.07692307692307
00005945,2017,1,9,9,78.0,21.0,78.0,UNICA,0.0,0.0,-57.0,-73.07692307692307
00005945,2017,2,8,8,57.0,15.0,78.0,UNICA,-21.0,-26.923076923076923,-63.0,-80.76923076923077
00005945,2017,3,9,9,77.0,21.0,78.0,UNICA,-1.0,-1.282051282051282,-57.0,-73.07692307692307
00005945,2017,4,8,8,68.0,21.0,78.0,UNICA,-10.0,-12.82051282051282,-57.0,-73.07692307692307
00005945,2017,5,9,9,69.0,21.0,78.0,UNICA,-9.0,-11.538461538461538,-57.0,-73.07692307692307
00005945,2017,6,9,9,57.0,15.0,78.0,UNICA,-21.0,-26.923076923076923,-63.0,-80.76923076923077
00005945,2017,7,7,7,55.0,15.0,78.0,UNICA,-23.0,-29.48717948717949,-63.0,-80.76923076923077
00005945,2017,8,5,5,45.0,15.0,78.0,UNICA,-33.0,-42.30769230769231,-63.0,-80.76923076923077
00005945,2017,9,4,4,41.0,21.0,78.0,UNICA,-37.0,-47.43589743589743,-57.0,-73.07692307692307
00005945,2017,10,5,5,51.0,21.0,78.0,UNICA,-27.0,-34.61538461538461,-57.0,-73.07692307692307
00005945,2017,11,7,7,62.0,21.0,78.0,UNICA,-16.0,-20.51282051282051,-57.0,-73.07692307692307
00005945,2017,12,7,7,67.0,21.0,78.0,UNICA,-11.0,-14.102564102564102,-57.0,-73.07692307692307
00005945,2018,1,6,6,62.0,21.0,78.0,UNICA,-16.0,-20.51282051282051,-57.0,-73.07692307692307
00005945,2018,2,7,7,56.0,15.0,78.0,UNICA,-22.0,-28.205128205128204,-63.0,-80.76923076923077
00005945,2018,3,7,7,67.0,21.0,78.0,UNICA,-11.0,-14.102564102564102,-57.0,-73.07692307692307
00005945,2018,4,5,5,31.0,11.0,78.0,UNICA,-47.0,-60.256410256410255,-67.0,-85.8974358974359
00005945,2018,5,6,6,41.0,11.0,78.0,UNICA,-37.0,-47.43589743589743,-67.0,-85.8974358974359
00005945,2018,6,7,7,67.0,21.0,78.0,UNICA,-11.0,-14.102564102564102,-57.0,-73.07692307692307
00005945,2018,7,6,6,62.0,21.0,78.0,UNICA,-16.0,-20.51282051282051,-57.0,-73.07692307692307
00005945,2018,8,7,7,73.0,21.0,78.0,UNICA,-5.0,-6.41025641025641,-57.0,-73.07692307692307
00005945,2018,9,8,8,78.0,21.0,78.0,UNICA,0.0,0.0,-57.0,-73.07692307692307
00005945,2018,10,8,8,78.0,21.0,78.0,UNICA,0.0,0.0,-57.0,-73.07692307692307
00005945,2018,11,8,8,77.0,21.0,78.0,UNICA,-1.0,-1.282051282051282,-57.0,-73.07692307692307
00005945,2019,1,8,8,78.0,21.0,78.0,UNICA,0.0,0.0,-57.0,-73.07692307692307
00005945,2019,2,7,7,77.0,21.0,78.0,UNICA,-1.0,-1.282051282051282,-57.0,-73.07692307692307
00005945,2019,3,7,7,77.0,21.0,78.0,UNICA,-1.0,-1.282051282051282,-57.0,-73.07692307692307
00005945,2019,4,8,8,78.0,21.0,78.0,UNICA,0.0,0.0,-57.0,-73.07692307692307
00005945,2019,5,6,6,42.0,11.0,78.0,UNICA,-36.0,-46.15384615384615,-67.0,-85.8974358974359
00005945,2019,6,6,6,42.0,11.0,78.0,UNICA,-36.0,-46.15384615384615,-67.0,-85.8974358974359
00005945,2019,7,6,6,53.0,21.0,78.0,UNICA,-25.0,-32.05128205128205,-57.0,-73.07692307692307
00005945,2019,8,7,7,68.0,21.0,78.0,UNICA,-10.0,-12.82051282051282,-57.0,-73.07692307692307
00005945,2019,9,8,8,78.0,21.0,78.0,UNICA,0.0,0.0,-57.0,-73.07692307692307
00005945,2019,10,7,7,77.0,21.0,78.0,UNICA,-1.0,-1.282051282051282,-57.0,-73.07692307692307
00005945,2019,11,7,7,86.0,24.0,78.0,UNICA,8.0,10.256410256410255,-54.0,-69.23076923076923
00005945,2020,1,8,8,80.0,22.0,78.0,UNICA,2.0,2.564102564102564,-56.0,-71.7948717948718
00005945,2020,2,8,8,90.0,25.0,90.0,UNICA,0.0,0.0,-65.0,-72.22222222222221
00005945,2020,3,5,5,63.0,24.0,90.0,UNICA,-27.0,-30.0,-66.0,-73.33333333333333
00005945,2020,4,5,5,62.0,21.0,55.0,UNICA,7.0,12.727272727272727,-34.0,-61.81818181818181
00005945,2020,5,6,6,53.0,16.0,55.0,UNICA,-2.0,-3.6363636363636362,-39.0,-70.9090909090909
00005945,2020,6,7,7,55.0,18.0,55.0,UNICA,0.0,0.0,-37.0,-67.27272727272727
00005945,2020,7,7,7,59.0,21.0,55.0,UNICA,4.0,7.2727272727272725,-34.0,-61.81818181818181
00005945,2020,8,7,7,65.0,26.0,55.0,UNICA,10.0,18.181818181818183,-29.0,-52.72727272727272
00005945,2020,9,7,7,60.0,21.0,55.0,UNICA,5.0,9.090909090909092,-34.0,-61.81818181818181
00005945,2020,10,7,7,67.0,28.0,55.0,UNICA,12.0,21.818181818181817,-27.0,-49.09090909090909
00005945,2020,11,7,7,67.0,24.0,55.0,UNICA,12.0,21.818181818181817,-31.0,-56.36363636363636
00005945,2020,12,7,7,60.0,22.0,55.0,UNICA,5.0,9.090909090909092,-33.0,-60.0
00005945,2021,3,7,7,84.0,48.0,55.0,UNICA,29.0,52.72727272727272,-7.0,-12.727272727272727
00005945,2021,4,7,7,69.0,31.0,55.0,UNICA,14.0,25.454545454545453,-24.0,-43.63636363636363
00005945,2021,5,7,7,74.0,32.0,55.0,UNICA,19.0,34.54545454545455,-23.0,-41.81818181818181
00005945,2021,6,7,7,73.0,26.0,55.0,UNICA,18.0,32.72727272727273,-29.0,-52.72727272727272
00005945,2021,7,7,7,79.0,35.0,55.0,UNICA,24.0,43.63636363636363,-20.0,-36.36363636363637
00005945,2021,8,7,7,70.0,22.0,55.0,UNICA,15.0,27.27272727272727,-33.0,-60.0
00005945,2021,9,7,7,74.0,22.0,55.0,UNICA,19.0,34.54545454545455,-33.0,-60.0
00005945,2021,10,7,7,73.0,24.0,55.0,UNICA,18.0,32.72727272727273,-31.0,-56.36363636363636
00005945,2021,11,7,7,66.0,17.0,55.0,UNICA,11.0,20.0,-38.0,-69.0909090909091
00005945,2021,12,7,7,72.0,22.0,55.0,UNICA,17.0,30.909090909090907,-33.0,-60.0
00005945,2022,1,7,7,62.0,21.0,55.0,UNICA,7.0,12.727272727272727,-34.0,-61.81818181818181
00005945,2022,2,7,7,73.0,25.0,55.0,UNICA,18.0,32.72727272727273,-30.0,-54.54545454545454
00005945,2022,3,7,7,110.0,32.0,55.0,UNICA,55.0,100.0,-23.0,-41.81818181818181
00005945,2022,4,8,8,120.0,31.0,55.0,UNICA,65.0,118.18181818181819,-24.0,-43.63636363636363
00005945,2022,5,9,9,108.0,33.0,55.0,UNICA,53.0,96.36363636363636,-22.0,-40.0
00005945,2022,6,10,10,101.0,35.0,55.0,UNICA,46.0,83.63636363636363,-20.0,-36.36363636363637
00005945,2022,7,10,10,95.0,31.0,55.0,UNICA,40.0,72.72727272727273,-24.0,-43.63636363636363
00005945,2022,8,10,10,105.0,32.0,55.0,UNICA,50.0,90.9090909090909,-23.0,-41.81818181818181
00005945,2022,9,10,10,105.0,35.0,55.0,UNICA,50.0,90.9090909090909,-20.0,-36.36363636363637
00005945,2022,10,10,10,105.0,32.0,55.0,UNICA,50.0,90.9090909090909,-23.0,-41.81818181818181
00005945,2022,11,10,10,111.0,30.0,55.0,UNICA,56.0,101.81818181818181,-25.0,-45.45454545454545
00005945,2022,12,10,10,111.0,31.0,55.0,UNICA,56.0,101.81818181818181,-24.0,-43.63636363636363
00005945,2023,1,10,10,152.0,40.0,152.0,UNICA,0.0,0.0,-112.0,-73.68421052631578
00005945,2023,2,10,10,152.0,40.0,152.0,UNICA,0.0,0.0,-112.0,-73.68421052631578
00005945,2023,3,10,10,152.0,36.0,152.0,UNICA,0.0,0.0,-116.0,-76.31578947368422
00005945,2023,4,10,10,152.0,35.0,152.0,UNICA,0.0,0.0,-117.0,-76.97368421052632
00005945,2023,5,10,10,152.0,33.0,152.0,UNICA,0.0,0.0,-119.0,-78.28947368421053
00005945,2023,6,10,10,152.0,34.0,152.0,UNICA,0.0,0.0,-118.0,-77.63157894736842
00005945,2023,7,10,10,152.0,33.0,55.0,UNICA,97.0,176.36363636363637,-22.0,-40.0
00005945,2023,8,10,10,152.0,34.0,55.0,UNICA,97.0,176.36363636363637,-21.0,-38.18181818181819
00005945,2023,9,10,10,152.0,37.0,152.0,UNICA,0.0,0.0,-115.0,-75.6578947368421
00005945,2023,10,10,10,152.0,40.0,152.0,UNICA,0.0,0.0,-112.0,-73.68421052631578
00005945,2023,11,10,10,152.0,40.0,152.0,UNICA,0.0,0.0,-112.0,-73.68421052631578
00005946,2015,3,14,14,423.0,170.0,648.0,UNICA,-225.0,-34.72222222222222,-478.0,-73.76543209876543
00005946,2015,4,13,13,416.0,170.0,648.0,UNICA,-232.0,-35.80246913580247,-478.0,-73.76543209876543
00005946,2015,5,16,16,517.0,170.0,648.0,UNICA,-131.0,-20.21604938271605,-478.0,-73.76543209876543
00005946,2015,6,13,13,253.0,50.0,648.0,UNICA,-395.0,-60.95679012345679,-598.0,-92.28395061728395
00005946,2015,7,13,13,253.0,50.0,648.0,UNICA,-395.0,-60.95679012345679,-598.0,-92.28395061728395
00005946,2015,8,15,15,494.0,170.0,648.0,UNICA,-154.0,-23.765432098765434,-478.0,-73.76543209876543
00005946,2015,9,14,14,472.0,170.0,648.0,UNICA,-176.0,-27.160493827160494,-478.0,-73.76543209876543
00005946,2015,10,15,15,589.0,170.0,648.0,UNICA,-59.0,-9.104938271604938,-478.0,-73.76543209876543
00005946,2015,11,14,14,586.0,170.0,648.0,UNICA,-62.0,-9.5679012345679,-478.0,-73.76543209876543
00005946,2015,12,15,15,608.0,170.0,648.0,UNICA,-40.0,-6.172839506172839,-478.0,-73.76543209876543
00005946,2016,1,13,13,537.0,170.0,648.0,UNICA,-111.0,-17.12962962962963,-478.0,-73.76543209876543
00005946,2016,2,11,11,410.0,170.0,,,,,,
00005946,2016,3,12,12,450.0,170.0,648.0,UNICA,-198.0,-30.555555555555557,-478.0,-73.76543209876543
00005946,2016,4,16,16,607.0,170.0,648.0,UNICA,-41.0,-6.327160493827161,-478.0,-73.76543209876543
00005946,2016,5,16,16,562.0,170.0,648.0,UNICA,-86.0,-13.271604938271606,-478.0,-73.76543209876543
00005946,2016,6,15,15,563.0,174.0,648.0,UNICA,-85.0,-13.117283950617283,-474.0,-73.14814814814815
00005946,2016,7,15,15,563.0,174.0,652.0,UNICA,-89.0,-13.650306748466257,-478.0,-73.31288343558282
00005946,2016,8,16,16,630.0,174.0,652.0,UNICA,-22.0,-3.374233128834356,-478.0,-73.31288343558282
00005946,2016,9,16,16,630.0,174.0,648.0,UNICA,-18.0,-2.7777777777777777,-474.0,-73.14814814814815
00005946,2016,10,15,15,604.0,170.0,648.0,UNICA,-44.0,-6.790123456790123,-478.0,-73.76543209876543
00005946,2016,11,12,12,478.0,170.0,648.0,UNICA,-170.0,-26.234567901234566,-478.0,-73.76543209876543
00005946,2016,12,10,10,443.0,170.0,648.0,UNICA,-205.0,-31.635802469135804,-478.0,-73.76543209876543
00005946,2017,4,17,17,600.0,122.0,632.0,UNICA,-32.0,-5.063291139240507,-510.0,-80.69620253164557
00005946,2017,5,17,17,600.0,122.0,637.0,UNICA,-37.0,-5.808477237048666,-515.0,-80.84772370486655
00005946,2017,6,17,17,620.0,122.0,637.0,UNICA,-17.0,-2.6687598116169546,-515.0,-80.84772370486655
00005946,2017,7,16,16,608.0,122.0,637.0,UNICA,-29.0,-4.552590266875981,-515.0,-80.84772370486655
00005946,2017,8,17,17,612.0,122.0,637.0,UNICA,-25.0,-3.924646781789639,-515.0,-80.84772370486655
00005946,2017,9,17,17,617.0,122.0,637.0,UNICA,-20.0,-3.139717425431711,-515.0,-80.84772370486655
00005946,2017,10,16,16,613.0,122.0,637.0,UNICA,-24.0,-3.767660910518053,-515.0,-80.84772370486655
00005946,2017,11,17,17,620.0,122.0,637.0,UNICA,-17.0,-2.6687598116169546,-515.0,-80.84772370486655
00005946,2017,12,14,14,520.0,122.0,637.0,UNICA,-117.0,-18.367346938775512,-515.0,-80.84772370486655
00005946,2018,1,13,13,508.0,122.0,640.0,UNICA,-132.0,-20.625,-518.0,-80.9375
00005946,2018,2,15,15,519.0,122.0,640.0,UNICA,-121.0,-18.90625,-518.0,-80.9375
00005946,2018,3,16,16,624.0,132.0,660.0,UNICA,-36.0,-5.454545454545454,-528.0,-80.0
00005946,2018,4,16,16,624.0,132.0,660.0,UNICA,-36.0,-5.454545454545454,-528.0,-80.0
00005946,2018,5,17,17,628.0,132.0,660.0,UNICA,-32.0,-4.848484848484849,-528.0,-80.0
00005946,2018,6,17,17,628.0,132.0,660.0,UNICA,-32.0,-4.848484848484849,-528.0,-80.0
00005946,2018,7,17,17,628.0,132.0,660.0,UNICA,-32.0,-4.848484848484849,-528.0,-80.0
00005946,2018,8,18,18,646.0,132.0,660.0,UNICA,-14.0,-2.1212121212121215,-528.0,-80.0
00005946,2018,9,18,18,646.0,132.0,660.0,UNICA,-14.0,-2.1212121212121215,-528.0,-80.0
00005946,2018,10,16,16,635.0,132.0,654.0,UNICA,-19.0,-2.90519877675841,-522.0,-79.81651376146789
00005946,2018,11,16,16,635.0,132.0,654.0,UNICA,-19.0,-2.90519877675841,-522.0,-79.81651376146789
00005946,2019,1,14,14,630.0,126.0,666.0,UNICA,-36.0,-5.405405405405405,-540.0,-81.08108108108108
00005946,2019,2,17,17,647.0,126.0,666.0,UNICA,-19.0,-2.8528528528528527,-540.0,-81.08108108108108
00005946,2019,3,18,18,651.0,126.0,666.0,UNICA,-15.0,-2.2522522522522523,-540.0,-81.08108108108108
00005946,2019,4,18,18,651.0,126.0,666.0,UNICA,-15.0,-2.2522522522522523,-540.0,-81.08108108108108
00005946,2019,5,18,18,651.0,126.0,666.0,UNICA,-15.0,-2.2522522522522523,-540.0,-81.08108108108108
00005946,2019,6,17,17,584.0,126.0,666.0,UNICA,-82.0,-12.312312312312311,-540.0,-81.08108108108108
00005946,2019,7,16,16,572.0,126.0,666.0,UNICA,-94.0,-14.114114114114114,-540.0,-81.08108108108108
00005946,2019,8,16,16,572.0,126.0,666.0,UNICA,-94.0,-14.114114114114114,-540.0,-81.08108108108108
00005946,2019,9,18,18,651.0,126.0,666.0,UNICA,-15.0,-2.2522522522522523,-540.0,-81.08108108108108
00005946,2019,10,18,18,651.0,126.0,666.0,UNICA,-15.0,-2.2522522522522523,-540.0,-81.08108108108108
00005946,2019,11,18,18,651.0,126.0,666.0,UNICA,-15.0,-2.2522522522522523,-540.0,-81.08108108108108
00005946,2020,1,18,18,651.0,126.0,666.0,UNICA,-15.0,-2.2522522522522523,-540.0,-81.08108108108108
00005946,2020,2,18,18,651.0,126.0,648.0,UNICA,3.0,0.4629629629629629,-522.0,-80.55555555555556
00005946,2020,3,18,18,651.0,126.0,666.0,UNICA,-15.0,-2.2522522522522523,-540.0,-81.08108108108108
00005946,2020,4,16,16,555.0,154.0,666.0,UNICA,-111.0,-16.666666666666664,-512.0,-76.87687687687688
00005946,2020,5,16,16,499.0,165.0,666.0,UNICA,-167.0,-25.075075075075077,-501.0,-75.22522522522522
00005946,2020,6,16,16,489.0,165.0,519.0,UNICA,-30.0,-5.780346820809249,-354.0,-68.20809248554913
00005946,2020,7,15,15,531.0,144.0,528.0,UNICA,3.0,0.5681818181818182,-384.0,-72.72727272727273
00005946,2020,8,13,13,378.0,78.0,393.0,UNICA,-15.0,-3.816793893129771,-315.0,-80.1526717557252
00005946,2020,9,13,13,395.0,84.0,462.0,UNICA,-67.0,-14.502164502164502,-378.0,-81.81818181818183
00005946,2020,10,16,16,420.0,84.0,539.0,UNICA,-119.0,-22.07792207792208,-455.0,-84.4155844155844
00005946,2020,11,16,16,462.0,75.0,525.0,UNICA,-63.0,-12.0,-450.0,-85.71428571428571
00005946,2020,12,17,17,475.0,78.0,523.0,UNICA,-48.0,-9.177820267686425,-445.0,-85.08604206500956
00005946,2021,1,15,15,472.0,75.0,523.0,UNICA,-51.0,-9.751434034416825,-448.0,-85.65965583173997
00005946,2021,2,14,14,482.0,75.0,540.0,UNICA,-58.0,-10.74074074074074,-465.0,-86.11111111111111
00005946,2021,3,16,16,403.0,62.0,690.0,UNICA,-287.0,-41.594202898550726,-628.0,-91.01449275362319
00005946,2021,4,16,16,354.0,64.0,647.0,UNICA,-293.0,-45.28593508500773,-583.0,-90.1081916537867
00005946,2021,5,16,16,363.0,64.0,613.0,UNICA,-250.0,-40.78303425774878,-549.0,-89.55954323001632
00005946,2021,6,16,16,371.0,64.0,567.0,UNICA,-196.0,-34.5679012345679,-503.0,-88.71252204585538
00005946,2021,7,17,17,382.0,64.0,492.0,UNICA,-110.0,-22.35772357723577,-428.0,-86.99186991869918
00005946,2021,8,17,17,409.0,67.0,500.0,UNICA,-91.0,-18.2,-433.0,-86.6
00005946,2021,9,18,18,418.0,74.0,509.0,UNICA,-91.0,-17.87819253438114,-435.0,-85.46168958742632
00005946,2021,10,19,19,470.0,94.0,570.0,UNICA,-100.0,-17.543859649122805,-476.0,-83.50877192982456
00005946,2021,11,18,18,468.0,82.0,570.0,UNICA,-102.0,-17.894736842105264,-488.0,-85.6140350877193
00005946,2021,12,17,17,448.0,82.0,578.0,UNICA,-130.0,-22.491349480968857,-496.0,-85.81314878892734
00005946,2022,1,18,18,432.0,83.0,614.0,UNICA,-182.0,-29.64169381107492,-531.0,-86.48208469055375
00005946,2022,2,19,19,469.0,80.0,622.0,UNICA,-153.0,-24.59807073954984,-542.0,-87.13826366559485
00005946,2022,3,19,19,478.0,82.0,536.0,UNICA,-58.0,-10.820895522388058,-454.0,-84.70149253731343
00005946,2022,4,18,18,485.0,95.0,511.0,UNICA,-26.0,-5.088062622309197,-416.0,-81.40900195694715
00005946,2022,5,18,18,480.0,100.0,502.0,UNICA,-22.0,-4.382470119521913,-402.0,-80.0796812749004
00005946,2022,6,17,17,490.0,105.0,513.0,UNICA,-23.0,-4.483430799220272,-408.0,-79.53216374269006
00005946,2022,7,17,17,511.0,107.0,530.0,UNICA,-19.0,-3.5849056603773586,-423.0,-79.81132075471699
00005946,2022,8,17,17,515.0,107.0,545.0,UNICA,-30.0,-5.5045871559633035,-438.0,-80.36697247706422
00005946,2022,9,18,18,540.0,107.0,568.0,UNICA,-28.0,-4.929577464788732,-461.0,-81.16197183098592
00005946,2022,10,18,18,583.0,109.0,584.0,UNICA,-1.0,-0.17123287671232876,-475.0,-81.33561643835617
00005946,2022,11,18,18,569.0,114.0,581.0,UNICA,-12.0,-2.0654044750430294,-467.0,-80.37865748709122
00005946,2022,12,18,18,553.0,122.0,565.0,UNICA,-12.0,-2.1238938053097343,-443.0,-78.40707964601769
00005946,2023,1,19,19,586.0,112.0,600.0,UNICA,-14.0,-2.3333333333333335,-488.0,-81.33333333333333
00005946,2023,2,19,19,595.0,120.0,595.0,UNICA,0.0,0.0,-475.0,-79.83193277310924
00005946,2023,3,19,19,592.0,118.0,592.0,UNICA,0.0,0.0,-474.0,-80.06756756756756
00005946,2023,4,19,19,593.0,115.0,593.0,UNICA,0.0,0.0,-478.0,-80.6070826306914
00005946,2023,5,19,19,612.0,128.0,612.0,UNICA,0.0,0.0,-484.0,-79.08496732026144
00005946,2023,6,19,19,605.0,126.0,605.0,UNICA,0.0,0.0,-479.0,-79.17355371900825
00005946,2023,7,19,19,603.0,122.0,603.0,UNICA,0.0,0.0,-481.0,-79.76782752902156
00005946,2023,8,19,19,607.0,136.0,648.0,UNICA,-41.0,-6.327160493827161,-512.0,-79.01234567901234
00005946,2023,9,19,19,619.0,133.0,648.0,UNICA,-29.0,-4.4753086419753085,-515.0,-79.4753086419753
00005946,2023,10,13,13,366.0,132.0,633.0,UNICA,-267.0,-42.18009478672986,-501.0,-79.14691943127961
00005946,2023,11,16,16,510.0,132.0,606.0,UNICA,-96.0,-15.841584158415841,-474.0,-78.21782178217822
00005946,2023,12,21,21,560.0,93.0,606.0,UNICA,-46.0,-7.590759075907591,-513.0,-84.65346534653465
00005946,2024,1,20,20,547.0,93.0,606.0,UNICA,-59.0,-9.735973597359736,-513.0,-84.65346534653465
00005946,2024,2,20,20,628.0,90.0,606.0,UNICA,22.0,3.6303630363036308,-516.0,-85.14851485148515
00005946,2024,3,20,20,581.0,90.0,597.0,UNICA,-16.0,-2.680067001675042,-507.0,-84.92462311557789
00005946,2024,4,20,20,728.0,152.0,597.0,UNICA,131.0,21.943048576214405,-445.0,-74.5393634840871
00005946,2024,5,20,20,587.0,92.0,587.0,UNICA,0.0,0.0,-495.0,-84.32708688245314
00005946,2024,6,19,19,543.0,92.0,595.0,UNICA,-52.0,-8.739495798319327,-503.0,-84.53781512605042
00005946,2024,7,19,19,586.0,88.0,595.0,UNICA,-9.0,-1.5126050420168067,-507.0,-85.21008403361344
00005946,2024,8,19,19,590.0,88.0,595.0,UNICA,-5.0,-0.8403361344537815,-507.0,-85.21008403361344
00005946,2024,9,19,19,596.0,87.0,595.0,UNICA,1.0,0.16806722689075632,-508.0,-85.3781512605042
00005946,2024,10,19,19,595.0,88.0,597.0,UNICA,-2.0,-0.33500837520938026,-509.0,-85.25963149078727
00005946,2024,11,19,19,595.0,88.0,597.0,UNICA,-2.0,-0.33500837520938026,-509.0,-85.25963149078727
00005946,2024,12,19,19,595.0,91.0,595.0,UNICA,0.0,0.0,-504.0,-84.70588235294117
00005946,2025,1,19,19,595.0,89.0,595.0,UNICA,0.0,0.0,-506.0,-85.04201680672269
00005946,2025,2,19,19,595.0,89.0,595.0,UNICA,0.0,0.0,-506.0,-85.04201680672269
00005946,2025,3,19,19,603.0,88.0,595.0,UNICA,8.0,1.3445378151260505,-507.0,-85.21008403361344
00005946,2025,4,19,19,605.0,88.0,605.0,UNICA,0.0,0.0,-517.0,-85.45454545454545
00005946,2025,5,19,19,603.0,88.0,603.0,UNICA,0.0,0.0,-515.0,-85.40630182421228
00005946,2025,6,19,19,604.0,92.0,604.0,UNICA,0.0,0.0,-512.0,-84.76821192052981
00005946,2025,7,20,20,603.0,91.0,597.0,UNICA,6.0,1.0050251256281406,-506.0,-84.7571189279732
00005946,2025,8,18,18,579.0,90.0,598.0,UNICA,-19.0,-3.177257525083612,-508.0,-84.94983277591973
00005946,2025,9,22,22,598.0,90.0,598.0,UNICA,0.0,0.0,-508.0,-84.94983277591973
00005946,2025,10,22,22,597.0,89.0,597.0,UNICA,0.0,0.0,-508.0,-85.09212730318258
00005946,2025,11,23,23,596.0,89.0,597.0,UNICA,-1.0,-0.16750418760469013,-508.0,-85.09212730318258
00005946,2025,12,1,1,22.0,22.0,597.0,UNICA,-575.0,-96.31490787269682,-575.0,-96.31490787269682
00005946,2026,1,23,23,596.0,89.0,597.0,UNICA,-1.0,-0.16750418760469013,-508.0,-85.09212730318258
00005946,2026,2,23,23,591.0,87.0,591.0,UNICA,0.0,0.0,-504.0,-85.27918781725889
00005946,2026,3,23,23,570.0,86.0,590.0,UNICA,-20.0,-3.389830508474576,-504.0,-85.42372881355932
00005947,2015,6,6,6,65.0,17.0,,,,,,
00005947,2015,10,6,6,65.0,17.0,67.0,UNICA,-2.0,-2.9850746268656714,-50.0,-74.6268656716418
00005947,2015,11,5,5,60.0,17.0,,,,,,
00005947,2015,12,6,6,59.0,17.0,67.0,UNICA,-8.0,-11.940298507462686,-50.0,-74.6268656716418
00005947,2016,1,7,7,64.0,17.0,67.0,UNICA,-3.0,-4.477611940298507,-50.0,-74.6268656716418
00005947,2016,2,7,7,66.0,17.0,67.0,UNICA,-1.0,-1.4925373134328357,-50.0,-74.6268656716418
00005947,2016,3,9,9,66.0,17.0,67.0,UNICA,-1.0,-1.4925373134328357,-50.0,-74.6268656716418
00005947,2016,4,9,9,67.0,17.0,67.0,UNICA,0.0,0.0,-50.0,-74.6268656716418
00005947,2016,5,9,9,67.0,17.0,67.0,UNICA,0.0,0.0,-50.0,-74.6268656716418
00005947,2016,6,9,9,67.0,17.0,67.0,UNICA,0.0,0.0,-50.0,-74.6268656716418
00005947,2016,7,9,9,67.0,17.0,67.0,UNICA,0.0,0.0,-50.0,-74.6268656716418
00005947,2016,8,9,9,67.0,17.0,67.0,UNICA,0.0,0.0,-50.0,-74.6268656716418
00005947,2016,9,8,8,55.0,17.0,67.0,UNICA,-12.0,-17.91044776119403,-50.0,-74.6268656716418
00005947,2016,10,8,8,55.0,17.0,67.0,UNICA,-12.0,-17.91044776119403,-50.0,-74.6268656716418
00005947,2016,11,9,9,55.0,17.0,67.0,UNICA,-12.0,-17.91044776119403,-50.0,-74.6268656716418
00005947,2016,12,9,9,55.0,17.0,67.0,UNICA,-12.0,-17.91044776119403,-50.0,-74.6268656716418
00005947,2017,1,6,6,66.0,17.0,67.0,UNICA,-1.0,-1.4925373134328357,-50.0,-74.6268656716418
00005947,2017,4,6,6,53.0,17.0,67.0,UNICA,-14.0,-20.8955223880597,-50.0,-74.6268656716418
00005947,2017,5,6,6,54.0,17.0,67.0,UNICA,-13.0,-19.402985074626866,-50.0,-74.6268656716418
00005947,2017,6,9,9,66.0,17.0,67.0,UNICA,-1.0,-1.4925373134328357,-50.0,-74.6268656716418
00005947,2017,7,9,9,66.0,17.0,67.0,UNICA,-1.0,-1.4925373134328357,-50.0,-74.6268656716418
00005947,2017,8,9,9,62.0,17.0,67.0,UNICA,-5.0,-7.462686567164178,-50.0,-74.6268656716418
00005947,2017,9,9,9,62.0,17.0,67.0,UNICA,-5.0,-7.462686567164178,-50.0,-74.6268656716418
00005947,2017,10,10,10,67.0,17.0,67.0,UNICA,0.0,0.0,-50.0,-74.6268656716418
00005947,2017,11,10,10,67.0,17.0,67.0,UNICA,0.0,0.0,-50.0,-74.6268656716418
00005947,2017,12,10,10,67.0,17.0,67.0,UNICA,0.0,0.0,-50.0,-74.6268656716418
00005947,2018,1,10,10,67.0,17.0,67.0,UNICA,0.0,0.0,-50.0,-74.6268656716418
00005947,2018,2,10,10,67.0,17.0,67.0,UNICA,0.0,0.0,-50.0,-74.6268656716418
00005947,2018,3,10,10,67.0,17.0,67.0,UNICA,0.0,0.0,-50.0,-74.6268656716418
00005947,2018,4,10,10,67.0,17.0,67.0,UNICA,0.0,0.0,-50.0,-74.6268656716418
00005947,2018,5,10,10,67.0,17.0,67.0,UNICA,0.0,0.0,-50.0,-74.6268656716418
00005947,2018,6,10,10,67.0,17.0,67.0,UNICA,0.0,0.0,-50.0,-74.6268656716418
00005947,2018,7,10,10,67.0,17.0,67.0,UNICA,0.0,0.0,-50.0,-74.6268656716418
00005947,2018,8,10,10,67.0,17.0,67.0,UNICA,0.0,0.0,-50.0,-74.6268656716418
00005947,2018,9,11,11,67.0,17.0,67.0,UNICA,0.0,0.0,-50.0,-74.6268656716418
00005947,2018,10,11,11,67.0,17.0,67.0,UNICA,0.0,0.0,-50.0,-74.6268656716418
00005947,2018,11,9,9,65.0,17.0,67.0,UNICA,-2.0,-2.9850746268656714,-50.0,-74.6268656716418
00005947,2019,1,9,9,67.0,17.0,67.0,UNICA,0.0,0.0,-50.0,-74.6268656716418
00005947,2019,2,8,8,67.0,17.0,67.0,UNICA,0.0,0.0,-50.0,-74.6268656716418
00005947,2019,3,8,8,66.0,17.0,68.0,UNICA,-2.0,-2.941176470588235,-51.0,-75.0
00005947,2019,4,8,8,67.0,17.0,67.0,UNICA,0.0,0.0,-50.0,-74.6268656716418
00005947,2019,5,8,8,67.0,17.0,67.0,UNICA,0.0,0.0,-50.0,-74.6268656716418
00005947,2019,6,8,8,67.0,17.0,67.0,UNICA,0.0,0.0,-50.0,-74.6268656716418
00005947,2019,7,8,8,67.0,17.0,67.0,UNICA,0.0,0.0,-50.0,-74.6268656716418
00005947,2019,8,9,9,66.0,17.0,67.0,UNICA,-1.0,-1.4925373134328357,-50.0,-74.6268656716418
00005947,2019,9,9,9,67.0,17.0,67.0,UNICA,0.0,0.0,-50.0,-74.6268656716418
00005947,2019,10,9,9,68.0,17.0,67.0,UNICA,1.0,1.4925373134328357,-50.0,-74.6268656716418
00005947,2019,11,10,10,68.0,17.0,67.0,UNICA,1.0,1.4925373134328357,-50.0,-74.6268656716418
00005947,2020,1,8,8,66.0,17.0,67.0,UNICA,-1.0,-1.4925373134328357,-50.0,-74.6268656716418
00005947,2020,2,9,9,67.0,17.0,67.0,UNICA,0.0,0.0,-50.0,-74.6268656716418
00005947,2020,3,7,7,64.0,17.0,67.0,UNICA,-3.0,-4.477611940298507,-50.0,-74.6268656716418
00005947,2020,4,5,5,36.0,17.0,45.0,UNICA,-9.0,-20.0,-28.0,-62.22222222222222
00005947,2020,5,5,5,37.0,17.0,45.0,UNICA,-8.0,-17.77777777777778,-28.0,-62.22222222222222
00005947,2020,6,5,5,38.0,17.0,38.0,UNICA,0.0,0.0,-21.0,-55.26315789473685
00005947,2020,7,5,5,38.0,17.0,38.0,UNICA,0.0,0.0,-21.0,-55.26315789473685
00005947,2020,8,5,5,38.0,17.0,38.0,UNICA,0.0,0.0,-21.0,-55.26315789473685
00005947,2020,9,6,6,40.0,17.0,38.0,UNICA,2.0,5.263157894736842,-21.0,-55.26315789473685
00005947,2020,10,6,6,41.0,17.0,38.0,UNICA,3.0,7.894736842105263,-21.0,-55.26315789473685
00005947,2020,11,7,7,55.0,16.0,38.0,UNICA,17.0,44.73684210526316,-22.0,-57.89473684210527
00005947,2020,12,7,7,56.0,16.0,38.0,UNICA,18.0,47.368421052631575,-22.0,-57.89473684210527
00005947,2021,1,7,7,56.0,16.0,67.0,UNICA,-11.0,-16.417910447761194,-51.0,-76.11940298507463
00005947,2021,2,7,7,56.0,16.0,67.0,UNICA,-11.0,-16.417910447761194,-51.0,-76.11940298507463
00005947,2021,3,7,7,56.0,16.0,67.0,UNICA,-11.0,-16.417910447761194,-51.0,-76.11940298507463
00005947,2021,4,7,7,56.0,16.0,67.0,UNICA,-11.0,-16.417910447761194,-51.0,-76.11940298507463
00005947,2021,5,7,7,56.0,16.0,67.0,UNICA,-11.0,-16.417910447761194,-51.0,-76.11940298507463
00005947,2021,6,7,7,67.0,17.0,67.0,UNICA,0.0,0.0,-50.0,-74.6268656716418
00005947,2021,7,7,7,67.0,17.0,67.0,UNICA,0.0,0.0,-50.0,-74.6268656716418
00005947,2021,8,7,7,67.0,17.0,67.0,UNICA,0.0,0.0,-50.0,-74.6268656716418
00005947,2021,9,7,7,67.0,17.0,67.0,UNICA,0.0,0.0,-50.0,-74.6268656716418
00005947,2021,10,7,7,67.0,17.0,67.0,UNICA,0.0,0.0,-50.0,-74.6268656716418
00005947,2021,11,9,9,66.0,17.0,67.0,UNICA,-1.0,-1.4925373134328357,-50.0,-74.6268656716418
00005947,2021,12,8,8,65.0,17.0,67.0,UNICA,-2.0,-2.9850746268656714,-50.0,-74.6268656716418
00005947,2022,1,8,8,65.0,17.0,67.0,UNICA,-2.0,-2.9850746268656714,-50.0,-74.6268656716418
00005947,2022,2,9,9,66.0,17.0,67.0,UNICA,-1.0,-1.4925373134328357,-50.0,-74.6268656716418
00005947,2022,3,9,9,66.0,17.0,67.0,UNICA,-1.0,-1.4925373134328357,-50.0,-74.6268656716418
00005947,2022,4,9,9,65.0,16.0,67.0,UNICA,-2.0,-2.9850746268656714,-51.0,-76.11940298507463
00005947,2022,5,8,8,66.0,17.0,67.0,UNICA,-1.0,-1.4925373134328357,-50.0,-74.6268656716418
00005947,2022,6,8,8,67.0,17.0,67.0,UNICA,0.0,0.0,-50.0,-74.6268656716418
00005947,2022,7,8,8,67.0,17.0,67.0,UNICA,0.0,0.0,-50.0,-74.6268656716418
00005947,2022,8,9,9,67.0,17.0,67.0,UNICA,0.0,0.0,-50.0,-74.6268656716418
00005947,2022,9,9,9,67.0,17.0,67.0,UNICA,0.0,0.0,-50.0,-74.6268656716418
00005947,2022,10,9,9,67.0,17.0,67.0,UNICA,0.0,0.0,-50.0,-74.6268656716418
00005947,2022,11,8,8,66.0,17.0,67.0,UNICA,-1.0,-1.4925373134328357,-50.0,-74.6268656716418
00005947,2022,12,7,7,65.0,17.0,67.0,UNICA,-2.0,-2.9850746268656714,-50.0,-74.6268656716418
00005947,2023,1,8,8,67.0,17.0,67.0,UNICA,0.0,0.0,-50.0,-74.6268656716418
00005947,2023,2,7,7,66.0,16.0,67.0,UNICA,-1.0,-1.4925373134328357,-51.0,-76.11940298507463
00005947,2023,3,7,7,66.0,16.0,67.0,UNICA,-1.0,-1.4925373134328357,-51.0,-76.11940298507463
00005947,2023,4,9,9,67.0,16.0,67.0,UNICA,0.0,0.0,-51.0,-76.11940298507463
00005947,2023,5,8,8,66.0,16.0,67.0,UNICA,-1.0,-1.4925373134328357,-51.0,-76.11940298507463
00005947,2023,6,7,7,208.0,150.0,67.0,UNICA,141.0,210.44776119402985,83.0,123.88059701492537
00005947,2023,7,7,7,67.0,17.0,67.0,UNICA,0.0,0.0,-50.0,-74.6268656716418
00005947,2023,8,7,7,67.0,17.0,67.0,UNICA,0.0,0.0,-50.0,-74.6268656716418
00005947,2023,9,7,7,66.0,16.0,67.0,UNICA,-1.0,-1.4925373134328357,-51.0,-76.11940298507463
00005947,2023,10,8,8,67.0,16.0,67.0,UNICA,0.0,0.0,-51.0,-76.11940298507463
00005947,2023,11,8,8,66.0,16.0,67.0,UNICA,-1.0,-1.4925373134328357,-51.0,-76.11940298507463
00005947,2023,12,7,7,66.0,16.0,67.0,UNICA,-1.0,-1.4925373134328357,-51.0,-76.11940298507463
00005947,2024,1,7,7,62.0,16.0,63.0,UNICA,-1.0,-1.5873015873015872,-47.0,-74.60317460317461
00005947,2024,2,8,8,63.0,14.0,63.0,UNICA,0.0,0.0,-49.0,-77.77777777777779
00005947,2024,3,7,7,57.0,14.0,63.0,UNICA,-6.0,-9.523809523809524,-49.0,-77.77777777777779
00005947,2024,4,8,8,59.0,16.0,63.0,UNICA,-4.0,-6.349206349206349,-47.0,-74.60317460317461
00005947,2024,5,8,8,59.0,16.0,63.0,UNICA,-4.0,-6.349206349206349,-47.0,-74.60317460317461
00005947,2024,6,7,7,61.0,16.0,63.0,UNICA,-2.0,-3.1746031746031744,-47.0,-74.60317460317461
00005947,2024,7,6,6,50.0,16.0,63.0,UNICA,-13.0,-20.634920634920633,-47.0,-74.60317460317461
00005947,2024,8,8,8,50.0,15.0,63.0,UNICA,-13.0,-20.634920634920633,-48.0,-76.19047619047619
00005947,2024,9,9,9,61.0,15.0,63.0,UNICA,-2.0,-3.1746031746031744,-48.0,-76.19047619047619
00005947,2024,10,9,9,62.0,15.0,63.0,UNICA,-1.0,-1.5873015873015872,-48.0,-76.19047619047619
00005947,2024,11,9,9,62.0,15.0,63.0,UNICA,-1.0,-1.5873015873015872,-48.0,-76.19047619047619
00005947,2024,12,9,9,61.0,15.0,63.0,UNICA,-2.0,-3.1746031746031744,-48.0,-76.19047619047619
00005947,2025,1,9,9,62.0,15.0,63.0,UNICA,-1.0,-1.5873015873015872,-48.0,-76.19047619047619
00005947,2025,2,9,9,61.0,15.0,63.0,UNICA,-2.0,-3.1746031746031744,-48.0,-76.19047619047619
00005947,2025,3,9,9,62.0,15.0,63.0,UNICA,-1.0,-1.5873015873015872,-48.0,-76.19047619047619
00005947,2025,4,9,9,61.0,15.0,63.0,UNICA,-2.0,-3.1746031746031744,-48.0,-76.19047619047619
00005947,2025,7,9,9,62.0,15.0,63.0,UNICA,-1.0,-1.5873015873015872,-48.0,-76.19047619047619
00005947,2025,8,9,9,61.0,15.0,63.0,UNICA,-2.0,-3.1746031746031744,-48.0,-76.19047619047619
00005947,2025,9,9,9,62.0,15.0,63.0,UNICA,-1.0,-1.5873015873015872,-48.0,-76.19047619047619
00005947,2025,10,8,8,50.0,15.0,63.0,UNICA,-13.0,-20.634920634920633,-48.0,-76.19047619047619
00005947,2025,11,8,8,50.0,15.0,62.0,UNICA,-12.0,-19.35483870967742,-47.0,-75.80645161290323
00005947,2026,1,9,9,62.0,15.0,62.0,UNICA,0.0,0.0,-47.0,-75.80645161290323
00005947,2026,2,10,10,62.0,15.0,62.0,UNICA,0.0,0.0,-47.0,-75.80645161290323
00005947,2026,3,10,10,62.0,15.0,62.0,UNICA,0.0,0.0,-47.0,-75.80645161290323
00005948,2015,1,2,2,230.0,210.0,,,,,,
00005948,2015,2,2,2,230.0,210.0,230.0,UNICA,0.0,0.0,-20.0,-8.695652173913043
00005948,2015,3,2,2,230.0,210.0,,,,,,
00005948,2015,4,2,2,230.0,210.0,,,,,,
00005948,2015,5,1,1,210.0,210.0,,,,,,
00005948,2015,6,1,1,230.0,230.0,,,,,,
00005948,2015,7,2,2,212.0,192.0,,,,,,
00005948,2015,8,2,2,212.0,192.0,230.0,UNICA,-18.0,-7.82608695652174,-38.0,-16.52173913043478
00005948,2015,9,2,2,213.0,183.0,213.0,UNICA,0.0,0.0,-30.0,-14.084507042253522
00005948,2015,10,2,2,213.0,183.0,213.0,UNICA,0.0,0.0,-30.0,-14.084507042253522
00005948,2015,11,2,2,213.0,183.0,213.0,UNICA,0.0,0.0,-30.0,-14.084507042253522
00005948,2015,12,2,2,213.0,183.0,213.0,UNICA,0.0,0.0,-30.0,-14.084507042253522
00005948,2016,1,2,2,213.0,183.0,213.0,UNICA,0.0,0.0,-30.0,-14.084507042253522
00005948,2016,2,2,2,213.0,183.0,213.0,UNICA,0.0,0.0,-30.0,-14.084507042253522
00005948,2016,3,2,2,213.0,183.0,213.0,UNICA,0.0,0.0,-30.0,-14.084507042253522
00005948,2016,4,2,2,213.0,183.0,213.0,UNICA,0.0,0.0,-30.0,-14.084507042253522
00005948,2016,5,2,2,213.0,183.0,213.0,UNICA,0.0,0.0,-30.0,-14.084507042253522
00005948,2016,6,2,2,213.0,183.0,213.0,UNICA,0.0,0.0,-30.0,-14.084507042253522
00005948,2016,7,2,2,213.0,183.0,213.0,UNICA,0.0,0.0,-30.0,-14.084507042253522
00005948,2016,8,2,2,213.0,183.0,213.0,UNICA,0.0,0.0,-30.0,-14.084507042253522
00005948,2016,9,2,2,213.0,183.0,213.0,UNICA,0.0,0.0,-30.0,-14.084507042253522
00005948,2016,10,2,2,213.0,183.0,213.0,UNICA,0.0,0.0,-30.0,-14.084507042253522
00005948,2016,11,2,2,213.0,183.0,213.0,UNICA,0.0,0.0,-30.0,-14.084507042253522
00005948,2016,12,2,2,213.0,183.0,213.0,UNICA,0.0,0.0,-30.0,-14.084507042253522
00005948,2017,2,1,1,213.0,213.0,213.0,UNICA,0.0,0.0,0.0,0.0
00005948,2017,3,1,1,213.0,213.0,213.0,UNICA,0.0,0.0,0.0,0.0
00005948,2017,4,1,1,213.0,213.0,213.0,UNICA,0.0,0.0,0.0,0.0
00005948,2017,5,1,1,213.0,213.0,213.0,UNICA,0.0,0.0,0.0,0.0
00005948,2017,6,1,1,213.0,213.0,213.0,UNICA,0.0,0.0,0.0,0.0
00005948,2017,7,1,1,213.0,213.0,213.0,UNICA,0.0,0.0,0.0,0.0
00005948,2017,8,1,1,211.0,211.0,211.0,UNICA,0.0,0.0,0.0,0.0
00005948,2017,9,1,1,211.0,211.0,211.0,UNICA,0.0,0.0,0.0,0.0
00005948,2017,10,1,1,211.0,211.0,211.0,UNICA,0.0,0.0,0.0,0.0
00005948,2017,11,1,1,211.0,211.0,211.0,UNICA,0.0,0.0,0.0,0.0
00005948,2017,12,1,1,211.0,211.0,211.0,UNICA,0.0,0.0,0.0,0.0
00005948,2018,1,1,1,211.0,211.0,211.0,UNICA,0.0,0.0,0.0,0.0
00005948,2018,2,1,1,211.0,211.0,211.0,UNICA,0.0,0.0,0.0,0.0
00005948,2018,3,1,1,211.0,211.0,211.0,UNICA,0.0,0.0,0.0,0.0
00005948,2018,4,1,1,211.0,211.0,211.0,UNICA,0.0,0.0,0.0,0.0
00005948,2018,5,1,1,211.0,211.0,211.0,UNICA,0.0,0.0,0.0,0.0
00005948,2018,6,1,1,211.0,211.0,211.0,UNICA,0.0,0.0,0.0,0.0
00005948,2018,7,1,1,211.0,211.0,211.0,UNICA,0.0,0.0,0.0,0.0
00005948,2018,8,1,1,211.0,211.0,211.0,UNICA,0.0,0.0,0.0,0.0
00005948,2018,9,1,1,211.0,211.0,211.0,UNICA,0.0,0.0,0.0,0.0
00005948,2018,10,1,1,211.0,211.0,211.0,UNICA,0.0,0.0,0.0,0.0
00005948,2018,11,1,1,211.0,211.0,211.0,UNICA,0.0,0.0,0.0,0.0
00005948,2019,1,1,1,211.0,211.0,211.0,UNICA,0.0,0.0,0.0,0.0
00005948,2019,2,1,1,211.0,211.0,211.0,UNICA,0.0,0.0,0.0,0.0
00005948,2019,3,1,1,211.0,211.0,211.0,UNICA,0.0,0.0,0.0,0.0
00005948,2019,4,1,1,211.0,211.0,211.0,UNICA,0.0,0.0,0.0,0.0
00005948,2019,5,1,1,211.0,211.0,211.0,UNICA,0.0,0.0,0.0,0.0
00005948,2019,6,1,1,211.0,211.0,211.0,UNICA,0.0,0.0,0.0,0.0
00005948,2019,7,1,1,211.0,211.0,211.0,UNICA,0.0,0.0,0.0,0.0
00005948,2019,8,1,1,211.0,211.0,211.0,UNICA,0.0,0.0,0.0,0.0
00005948,2019,9,1,1,211.0,211.0,211.0,UNICA,0.0,0.0,0.0,0.0
00005948,2019,10,1,1,211.0,211.0,211.0,UNICA,0.0,0.0,0.0,0.0
00005948,2019,11,1,1,211.0,211.0,211.0,UNICA,0.0,0.0,0.0,0.0
00005948,2020,1,1,1,211.0,211.0,211.0,UNICA,0.0,0.0,0.0,0.0
00005948,2020,2,1,1,211.0,211.0,211.0,UNICA,0.0,0.0,0.0,0.0
00005948,2020,3,1,1,211.0,211.0,211.0,UNICA,0.0,0.0,0.0,0.0
00005948,2020,4,1,1,211.0,211.0,211.0,UNICA,0.0,0.0,0.0,0.0
00005948,2020,5,1,1,211.0,211.0,211.0,UNICA,0.0,0.0,0.0,0.0
00005948,2020,6,1,1,211.0,211.0,211.0,UNICA,0.0,0.0,0.0,0.0
00005948,2020,7,1,1,211.0,211.0,211.0,UNICA,0.0,0.0,0.0,0.0
00005948,2020,8,1,1,211.0,211.0,211.0,UNICA,0.0,0.0,0.0,0.0
00005948,2020,9,1,1,211.0,211.0,211.0,UNICA,0.0,0.0,0.0,0.0
00005948,2020,10,1,1,211.0,211.0,211.0,UNICA,0.0,0.0,0.0,0.0
00005948,2020,11,1,1,211.0,211.0,211.0,UNICA,0.0,0.0,0.0,0.0
00005948,2020,12,1,1,211.0,211.0,211.0,UNICA,0.0,0.0,0.0,0.0
00005948,2021,1,1,1,211.0,211.0,211.0,UNICA,0.0,0.0,0.0,0.0
00005948,2021,2,1,1,146.0,146.0,211.0,UNICA,-65.0,-30.80568720379147,-65.0,-30.80568720379147
00005948,2021,3,1,1,146.0,146.0,211.0,UNICA,-65.0,-30.80568720379147,-65.0,-30.80568720379147
00005948,2021,4,1,1,148.0,148.0,211.0,UNICA,-63.0,-29.85781990521327,-63.0,-29.85781990521327
00005948,2021,5,1,1,148.0,148.0,211.0,UNICA,-63.0,-29.85781990521327,-63.0,-29.85781990521327
00005948,2021,6,1,1,148.0,148.0,211.0,UNICA,-63.0,-29.85781990521327,-63.0,-29.85781990521327
00005948,2021,7,1,1,148.0,148.0,211.0,UNICA,-63.0,-29.85781990521327,-63.0,-29.85781990521327
00005948,2021,8,1,1,148.0,148.0,211.0,UNICA,-63.0,-29.85781990521327,-63.0,-29.85781990521327
00005948,2021,9,1,1,148.0,148.0,211.0,UNICA,-63.0,-29.85781990521327,-63.0,-29.85781990521327
00005948,2021,10,1,1,148.0,148.0,211.0,UNICA,-63.0,-29.85781990521327,-63.0,-29.85781990521327
00005948,2021,11,1,1,148.0,148.0,211.0,UNICA,-63.0,-29.85781990521327,-63.0,-29.85781990521327
00005948,2021,12,1,1,148.0,148.0,211.0,UNICA,-63.0,-29.85781990521327,-63.0,-29.85781990521327
00005948,2022,1,1,1,85.0,85.0,211.0,UNICA,-126.0,-59.71563981042654,-126.0,-59.71563981042654
00005948,2022,2,1,1,89.0,89.0,186.0,UNICA,-97.0,-52.1505376344086,-97.0,-52.1505376344086
00005948,2022,3,1,1,89.0,89.0,211.0,UNICA,-122.0,-57.81990521327014,-122.0,-57.81990521327014
00005948,2022,4,1,1,89.0,89.0,89.0,UNICA,0.0,0.0,0.0,0.0
00005948,2022,5,1,1,89.0,89.0,89.0,UNICA,0.0,0.0,0.0,0.0
00005948,2022,6,1,1,89.0,89.0,89.0,UNICA,0.0,0.0,0.0,0.0
00005948,2022,7,1,1,115.0,115.0,127.0,UNICA,-12.0,-9.448818897637794,-12.0,-9.448818897637794
00005948,2022,8,1,1,115.0,115.0,127.0,UNICA,-12.0,-9.448818897637794,-12.0,-9.448818897637794
00005948,2022,9,1,1,115.0,115.0,127.0,UNICA,-12.0,-9.448818897637794,-12.0,-9.448818897637794
00005948,2022,10,1,1,115.0,115.0,127.0,UNICA,-12.0,-9.448818897637794,-12.0,-9.448818897637794
00005948,2022,11,1,1,115.0,115.0,127.0,UNICA,-12.0,-9.448818897637794,-12.0,-9.448818897637794
00005948,2022,12,1,1,115.0,115.0,127.0,UNICA,-12.0,-9.448818897637794,-12.0,-9.448818897637794
00005948,2023,1,1,1,159.0,159.0,159.0,UNICA,0.0,0.0,0.0,0.0
00005948,2023,2,1,1,159.0,159.0,159.0,UNICA,0.0,0.0,0.0,0.0
00005948,2023,3,1,1,159.0,159.0,159.0,UNICA,0.0,0.0,0.0,0.0
00005948,2023,4,1,1,159.0,159.0,159.0,UNICA,0.0,0.0,0.0,0.0
00005948,2023,5,1,1,159.0,159.0,159.0,UNICA,0.0,0.0,0.0,0.0
00005948,2023,6,1,1,159.0,159.0,211.0,UNICA,-52.0,-24.644549763033176,-52.0,-24.644549763033176
00005948,2023,7,1,1,159.0,159.0,159.0,UNICA,0.0,0.0,0.0,0.0
00005948,2023,8,1,1,159.0,159.0,159.0,UNICA,0.0,0.0,0.0,0.0
00005948,2023,9,1,1,159.0,159.0,159.0,UNICA,0.0,0.0,0.0,0.0
00005948,2023,10,1,1,159.0,159.0,159.0,UNICA,0.0,0.0,0.0,0.0
00005948,2023,11,1,1,159.0,159.0,159.0,UNICA,0.0,0.0,0.0,0.0
00005948,2023,12,1,1,159.0,159.0,159.0,UNICA,0.0,0.0,0.0,0.0
00005948,2024,1,1,1,159.0,159.0,159.0,UNICA,0.0,0.0,0.0,0.0
00005948,2024,2,1,1,159.0,159.0,159.0,UNICA,0.0,0.0,0.0,0.0
00005948,2024,3,1,1,149.0,149.0,209.0,UNICA,-60.0,-28.708133971291865,-60.0,-28.708133971291865
00005948,2024,4,1,1,149.0,149.0,209.0,UNICA,-60.0,-28.708133971291865,-60.0,-28.708133971291865
00005948,2024,5,1,1,149.0,149.0,209.0,UNICA,-60.0,-28.708133971291865,-60.0,-28.708133971291865
00005948,2024,6,1,1,149.0,149.0,209.0,UNICA,-60.0,-28.708133971291865,-60.0,-28.708133971291865
00005948,2024,7,1,1,149.0,149.0,209.0,UNICA,-60.0,-28.708133971291865,-60.0,-28.708133971291865
00005948,2024,8,1,1,149.0,149.0,209.0,UNICA,-60.0,-28.708133971291865,-60.0,-28.708133971291865
00005948,2024,9,1,1,149.0,149.0,209.0,UNICA,-60.0,-28.708133971291865,-60.0,-28.708133971291865
00005948,2024,10,1,1,149.0,149.0,209.0,UNICA,-60.0,-28.708133971291865,-60.0,-28.708133971291865
00005948,2024,11,1,1,149.0,149.0,209.0,UNICA,-60.0,-28.708133971291865,-60.0,-28.708133971291865
00005948,2024,12,1,1,149.0,149.0,209.0,UNICA,-60.0,-28.708133971291865,-60.0,-28.708133971291865
00005948,2025,1,1,1,149.0,149.0,209.0,UNICA,-60.0,-28.708133971291865,-60.0,-28.708133971291865
00005948,2025,2,1,1,149.0,149.0,209.0,UNICA,-60.0,-28.708133971291865,-60.0,-28.708133971291865
00005948,2025,3,1,1,149.0,149.0,209.0,UNICA,-60.0,-28.708133971291865,-60.0,-28.708133971291865
00005948,2025,4,1,1,149.0,149.0,209.0,UNICA,-60.0,-28.708133971291865,-60.0,-28.708133971291865
00005948,2025,5,1,1,149.0,149.0,208.0,UNICA,-59.0,-28.365384615384613,-59.0,-28.365384615384613
00005948,2025,6,1,1,149.0,149.0,209.0,UNICA,-60.0,-28.708133971291865,-60.0,-28.708133971291865
00005948,2025,7,1,1,149.0,149.0,209.0,UNICA,-60.0,-28.708133971291865,-60.0,-28.708133971291865
00005948,2025,8,1,1,149.0,149.0,209.0,UNICA,-60.0,-28.708133971291865,-60.0,-28.708133971291865
00005948,2025,9,1,1,149.0,149.0,209.0,UNICA,-60.0,-28.708133971291865,-60.0,-28.708133971291865
00005948,2025,10,1,1,149.0,149.0,209.0,UNICA,-60.0,-28.708133971291865,-60.0,-28.708133971291865
00005948,2025,11,1,1,149.0,149.0,209.0,UNICA,-60.0,-28.708133971291865,-60.0,-28.708133971291865
00005948,2026,1,1,1,149.0,149.0,209.0,UNICA,-60.0,-28.708133971291865,-60.0,-28.708133971291865
00005948,2026,2,1,1,154.0,154.0,231.0,UNICA,-77.0,-33.33333333333333,-77.0,-33.33333333333333
00005948,2026,3,1,1,154.0,154.0,231.0,UNICA,-77.0,-33.33333333333333,-77.0,-33.33333333333333
00005987,2015,1,6,6,369.0,91.0,329.0,UNICA,40.0,12.158054711246201,-238.0,-72.3404255319149
00005987,2015,2,6,6,382.0,94.0,329.0,UNICA,53.0,16.109422492401215,-235.0,-71.42857142857143
00005987,2015,3,6,6,386.0,94.0,329.0,UNICA,57.0,17.325227963525837,-235.0,-71.42857142857143
00005987,2015,4,6,6,367.0,89.0,329.0,UNICA,38.0,11.55015197568389,-240.0,-72.94832826747721
00005987,2015,5,6,6,381.0,92.0,329.0,UNICA,52.0,15.80547112462006,-237.0,-72.03647416413374
00005987,2015,6,6,6,368.0,87.0,329.0,UNICA,39.0,11.854103343465045,-242.0,-73.55623100303951
00005987,2015,7,6,6,369.0,91.0,329.0,UNICA,40.0,12.158054711246201,-238.0,-72.3404255319149
00005987,2015,8,6,6,398.0,91.0,329.0,UNICA,69.0,20.972644376899694,-238.0,-72.3404255319149
00005987,2015,9,6,6,368.0,88.0,329.0,UNICA,39.0,11.854103343465045,-241.0,-73.25227963525836
00005987,2015,10,6,6,380.0,90.0,345.0,UNICA,35.0,10.144927536231885,-255.0,-73.91304347826086
00005987,2015,11,6,6,368.0,89.0,323.0,UNICA,45.0,13.93188854489164,-234.0,-72.44582043343654
00005987,2015,12,5,5,308.0,91.0,323.0,UNICA,-15.0,-4.643962848297214,-232.0,-71.8266253869969
00005987,2016,1,5,5,307.0,91.0,323.0,UNICA,-16.0,-4.953560371517028,-232.0,-71.8266253869969
00005987,2016,2,6,6,429.0,140.0,334.0,UNICA,95.0,28.443113772455092,-194.0,-58.08383233532935
00005987,2016,3,6,6,483.0,177.0,373.0,UNICA,110.0,29.49061662198391,-196.0,-52.54691689008043
00005987,2016,4,6,6,492.0,187.0,373.0,UNICA,119.0,31.903485254691688,-186.0,-49.865951742627345
00005987,2016,5,6,6,494.0,185.0,373.0,UNICA,121.0,32.43967828418231,-188.0,-50.402144772117964
00005987,2016,6,6,6,518.0,196.0,373.0,UNICA,145.0,38.8739946380697,-177.0,-47.45308310991957
00005987,2016,7,6,6,524.0,196.0,373.0,UNICA,151.0,40.48257372654155,-177.0,-47.45308310991957
00005987,2016,8,6,6,528.0,200.0,373.0,UNICA,155.0,41.55495978552279,-173.0,-46.38069705093834
00005987,2016,9,6,6,522.0,199.0,374.0,UNICA,148.0,39.57219251336899,-175.0,-46.79144385026738
00005987,2016,10,6,6,522.0,199.0,374.0,UNICA,148.0,39.57219251336899,-175.0,-46.79144385026738
00005987,2016,11,5,5,326.0,107.0,374.0,UNICA,-48.0,-12.834224598930483,-267.0,-71.3903743315508
00005987,2016,12,4,4,282.0,107.0,374.0,UNICA,-92.0,-24.598930481283425,-267.0,-71.3903743315508
00005987,2017,1,9,9,414.0,103.0,374.0,UNICA,40.0,10.695187165775401,-271.0,-72.45989304812835
00005987,2017,2,9,9,414.0,103.0,374.0,UNICA,40.0,10.695187165775401,-271.0,-72.45989304812835
00005987,2017,3,9,9,414.0,103.0,377.0,UNICA,37.0,9.814323607427056,-274.0,-72.67904509283821
00005987,2017,4,9,9,414.0,107.0,376.0,UNICA,38.0,10.106382978723403,-269.0,-71.54255319148936
00005987,2017,5,9,9,414.0,107.0,374.0,UNICA,40.0,10.695187165775401,-267.0,-71.3903743315508
00005987,2017,6,9,9,414.0,107.0,374.0,UNICA,40.0,10.695187165775401,-267.0,-71.3903743315508
00005987,2017,7,9,9,414.0,107.0,374.0,UNICA,40.0,10.695187165775401,-267.0,-71.3903743315508
00005987,2017,8,9,9,414.0,107.0,374.0,UNICA,40.0,10.695187165775401,-267.0,-71.3903743315508
00005987,2017,9,9,9,396.0,96.0,374.0,UNICA,22.0,5.88235294117647,-278.0,-74.33155080213903
00005987,2017,10,9,9,396.0,96.0,366.0,UNICA,30.0,8.19672131147541,-270.0,-73.77049180327869
00005987,2017,11,9,9,396.0,96.0,366.0,UNICA,30.0,8.19672131147541,-270.0,-73.77049180327869
00005987,2017,12,10,10,404.0,96.0,366.0,UNICA,38.0,10.382513661202186,-270.0,-73.77049180327869
00005987,2018,1,10,10,404.0,96.0,366.0,UNICA,38.0,10.382513661202186,-270.0,-73.77049180327869
00005987,2018,2,10,10,404.0,96.0,366.0,UNICA,38.0,10.382513661202186,-270.0,-73.77049180327869
00005987,2018,3,10,10,414.0,96.0,366.0,UNICA,48.0,13.114754098360656,-270.0,-73.77049180327869
00005987,2018,4,10,10,404.0,96.0,366.0,UNICA,38.0,10.382513661202186,-270.0,-73.77049180327869
00005987,2018,5,10,10,404.0,96.0,366.0,UNICA,38.0,10.382513661202186,-270.0,-73.77049180327869
00005987,2018,6,10,10,412.0,96.0,366.0,UNICA,46.0,12.568306010928962,-270.0,-73.77049180327869
00005987,2018,7,10,10,404.0,96.0,366.0,UNICA,38.0,10.382513661202186,-270.0,-73.77049180327869
00005987,2018,8,10,10,404.0,96.0,366.0,UNICA,38.0,10.382513661202186,-270.0,-73.77049180327869
00005987,2018,9,9,9,381.0,94.0,376.0,UNICA,5.0,1.3297872340425532,-282.0,-75.0
00005987,2018,10,9,9,380.0,91.0,387.0,UNICA,-7.0,-1.8087855297157622,-296.0,-76.48578811369508
00005987,2018,11,10,10,392.0,92.0,366.0,UNICA,26.0,7.103825136612022,-274.0,-74.86338797814209
00005987,2019,1,10,10,390.0,99.0,366.0,UNICA,24.0,6.557377049180328,-267.0,-72.95081967213115
00005987,2019,2,10,10,355.0,88.0,366.0,UNICA,-11.0,-3.0054644808743167,-278.0,-75.95628415300546
00005987,2019,3,10,10,394.0,99.0,366.0,UNICA,28.0,7.650273224043716,-267.0,-72.95081967213115
00005987,2019,4,10,10,401.0,99.0,366.0,UNICA,35.0,9.562841530054644,-267.0,-72.95081967213115
00005987,2019,5,10,10,393.0,94.0,372.0,UNICA,21.0,5.64516129032258,-278.0,-74.73118279569893
00005987,2019,6,10,10,381.0,95.0,372.0,UNICA,9.0,2.4193548387096775,-277.0,-74.46236559139786
00005987,2019,7,10,10,383.0,89.0,372.0,UNICA,11.0,2.956989247311828,-283.0,-76.0752688172043
00005987,2019,8,10,10,373.0,93.0,372.0,UNICA,1.0,0.2688172043010753,-279.0,-75.0
00005987,2019,9,10,10,383.0,96.0,372.0,UNICA,11.0,2.956989247311828,-276.0,-74.19354838709677
00005987,2019,10,10,10,360.0,93.0,372.0,UNICA,-12.0,-3.225806451612903,-279.0,-75.0
00005987,2019,11,10,10,353.0,91.0,372.0,UNICA,-19.0,-5.10752688172043,-281.0,-75.53763440860214
00005987,2020,1,10,10,356.0,89.0,366.0,UNICA,-10.0,-2.73224043715847,-277.0,-75.68306010928961
00005987,2020,2,10,10,373.0,94.0,372.0,UNICA,1.0,0.2688172043010753,-278.0,-74.73118279569893
00005987,2020,3,9,9,397.0,96.0,373.0,UNICA,24.0,6.434316353887399,-277.0,-74.26273458445041
00005987,2020,4,9,9,375.0,98.0,373.0,UNICA,2.0,0.5361930294906166,-275.0,-73.7265415549598
00005987,2020,5,9,9,373.0,98.0,373.0,UNICA,0.0,0.0,-275.0,-73.7265415549598
00005987,2020,6,9,9,362.0,98.0,373.0,UNICA,-11.0,-2.949061662198391,-275.0,-73.7265415549598
00005987,2020,7,9,9,358.0,98.0,373.0,UNICA,-15.0,-4.021447721179625,-275.0,-73.7265415549598
00005987,2020,8,9,9,355.0,98.0,373.0,UNICA,-18.0,-4.825737265415549,-275.0,-73.7265415549598
00005987,2020,9,9,9,371.0,98.0,373.0,UNICA,-2.0,-0.5361930294906166,-275.0,-73.7265415549598
00005987,2020,10,9,9,360.0,98.0,373.0,UNICA,-13.0,-3.485254691689008,-275.0,-73.7265415549598
00005987,2021,1,8,8,410.0,124.0,373.0,UNICA,37.0,9.919571045576408,-249.0,-66.75603217158177
00005987,2021,2,8,8,418.0,132.0,397.0,UNICA,21.0,5.289672544080604,-265.0,-66.75062972292191
00005987,2021,3,9,9,451.0,138.0,370.0,UNICA,81.0,21.891891891891895,-232.0,-62.70270270270271
00005987,2021,4,9,9,477.0,133.0,363.0,UNICA,114.0,31.40495867768595,-230.0,-63.36088154269972
00005987,2021,5,8,8,406.0,124.0,363.0,UNICA,43.0,11.84573002754821,-239.0,-65.84022038567493
00005987,2021,6,9,9,355.0,97.0,408.0,UNICA,-53.0,-12.990196078431374,-311.0,-76.22549019607843
00005987,2021,7,9,9,394.0,97.0,408.0,UNICA,-14.0,-3.431372549019608,-311.0,-76.22549019607843
00005987,2021,8,9,9,392.0,98.0,406.0,UNICA,-14.0,-3.4482758620689653,-308.0,-75.86206896551724
00005987,2021,9,9,9,383.0,100.0,393.0,UNICA,-10.0,-2.5445292620865136,-293.0,-74.55470737913485
00005987,2021,10,10,10,382.0,99.0,393.0,UNICA,-11.0,-2.7989821882951653,-294.0,-74.80916030534351
00005987,2021,11,10,10,379.0,99.0,407.0,UNICA,-28.0,-6.87960687960688,-308.0,-75.67567567567568
00005987,2021,12,9,9,383.0,100.0,407.0,UNICA,-24.0,-5.896805896805897,-307.0,-75.42997542997543
00005987,2022,1,9,9,423.0,118.0,467.0,UNICA,-44.0,-9.421841541755889,-349.0,-74.7323340471092
00005987,2022,2,9,9,409.0,110.0,467.0,UNICA,-58.0,-12.419700214132762,-357.0,-76.44539614561027
00005987,2022,3,10,10,392.0,100.0,467.0,UNICA,-75.0,-16.059957173447536,-367.0,-78.58672376873662
00005987,2022,4,10,10,386.0,100.0,467.0,UNICA,-81.0,-17.34475374732334,-367.0,-78.58672376873662
00005987,2022,5,10,10,397.0,100.0,467.0,UNICA,-70.0,-14.989293361884368,-367.0,-78.58672376873662
00005987,2022,6,10,10,399.0,100.0,467.0,UNICA,-68.0,-14.5610278372591,-367.0,-78.58672376873662
00005987,2022,7,10,10,395.0,98.0,467.0,UNICA,-72.0,-15.417558886509635,-369.0,-79.01498929336188
00005987,2022,8,10,10,400.0,102.0,467.0,UNICA,-67.0,-14.346895074946467,-365.0,-78.15845824411134
00005987,2022,9,10,10,397.0,106.0,467.0,UNICA,-70.0,-14.989293361884368,-361.0,-77.30192719486081
00005987,2022,10,10,10,391.0,97.0,467.0,UNICA,-76.0,-16.274089935760173,-370.0,-79.22912205567452
00005987,2022,11,10,10,415.0,98.0,467.0,UNICA,-52.0,-11.134903640256958,-369.0,-79.01498929336188
00005987,2022,12,10,10,390.0,103.0,467.0,UNICA,-77.0,-16.488222698072803,-364.0,-77.94432548179871
00005987,2023,1,10,10,375.0,98.0,375.0,UNICA,0.0,0.0,-277.0,-73.86666666666667
00005987,2023,2,10,10,394.0,110.0,386.0,UNICA,8.0,2.072538860103627,-276.0,-71.50259067357513
00005987,2023,3,10,10,417.0,115.0,409.0,UNICA,8.0,1.9559902200488997,-294.0,-71.88264058679707
00005987,2023,4,10,10,431.0,118.0,423.0,UNICA,8.0,1.8912529550827424,-305.0,-72.10401891252955
00005987,2023,5,10,10,425.0,111.0,425.0,UNICA,0.0,0.0,-314.0,-73.88235294117646
00005987,2023,6,10,10,407.0,111.0,399.0,UNICA,8.0,2.0050125313283207,-288.0,-72.18045112781954
00005987,2023,7,10,10,395.0,114.0,388.0,UNICA,7.0,1.804123711340206,-274.0,-70.61855670103093
00005987,2023,8,10,10,389.0,114.0,382.0,UNICA,7.0,1.832460732984293,-268.0,-70.15706806282722
00005987,2023,9,10,10,384.0,111.0,377.0,UNICA,7.0,1.8567639257294428,-266.0,-70.55702917771883
00005987,2023,10,10,10,371.0,103.0,364.0,UNICA,7.0,1.9230769230769231,-261.0,-71.7032967032967
00005987,2023,11,10,10,365.0,103.0,359.0,UNICA,6.0,1.6713091922005572,-256.0,-71.3091922005571
00005987,2023,12,10,10,364.0,98.0,357.0,UNICA,7.0,1.9607843137254901,-259.0,-72.54901960784314
00005987,2024,1,10,10,367.0,102.0,360.0,UNICA,7.0,1.9444444444444444,-258.0,-71.66666666666667
00005987,2024,2,10,10,355.0,110.0,348.0,UNICA,7.0,2.0114942528735633,-238.0,-68.39080459770115
00005987,2024,3,10,10,359.0,111.0,352.0,UNICA,7.0,1.9886363636363635,-241.0,-68.4659090909091
00005987,2024,4,10,10,368.0,113.0,360.0,UNICA,8.0,2.2222222222222223,-247.0,-68.61111111111111
00005987,2024,5,10,10,375.0,113.0,367.0,UNICA,8.0,2.17983651226158,-254.0,-69.20980926430518
00005987,2024,6,10,10,384.0,114.0,376.0,UNICA,8.0,2.127659574468085,-262.0,-69.68085106382979
00005987,2024,7,10,10,373.0,113.0,375.0,UNICA,-2.0,-0.5333333333333333,-262.0,-69.86666666666666
00005987,2024,8,10,10,379.0,114.0,371.0,UNICA,8.0,2.15633423180593,-257.0,-69.2722371967655
00005987,2024,9,10,10,379.0,111.0,374.0,UNICA,5.0,1.3368983957219251,-263.0,-70.32085561497327
00005987,2024,10,10,10,375.0,108.0,372.0,UNICA,3.0,0.8064516129032258,-264.0,-70.96774193548387
00005987,2024,11,10,10,376.0,112.0,370.0,UNICA,6.0,1.6216216216216217,-258.0,-69.72972972972973
00005987,2024,12,10,10,379.0,114.0,376.0,UNICA,3.0,0.7978723404255319,-262.0,-69.68085106382979
00005987,2025,1,10,10,387.0,112.0,388.0,UNICA,-1.0,-0.25773195876288657,-276.0,-71.1340206185567
00005987,2025,2,10,10,391.0,114.0,390.0,UNICA,1.0,0.2564102564102564,-276.0,-70.76923076923077
00005987,2025,3,10,10,391.0,114.0,390.0,UNICA,1.0,0.2564102564102564,-276.0,-70.76923076923077
00005987,2025,4,10,10,381.0,114.0,381.0,UNICA,0.0,0.0,-267.0,-70.07874015748031
00005987,2025,5,10,10,381.0,115.0,381.0,UNICA,0.0,0.0,-266.0,-69.81627296587926
00005987,2025,6,10,10,377.0,114.0,378.0,UNICA,-1.0,-0.26455026455026454,-264.0,-69.84126984126983
00005987,2025,7,10,10,383.0,115.0,382.0,UNICA,1.0,0.2617801047120419,-267.0,-69.89528795811518
00005987,2025,8,10,10,381.0,114.0,409.0,UNICA,-28.0,-6.845965770171149,-295.0,-72.12713936430319
00005987,2025,9,10,10,374.0,111.0,409.0,UNICA,-35.0,-8.557457212713937,-298.0,-72.86063569682152
00005987,2025,10,10,10,360.0,114.0,409.0,UNICA,-49.0,-11.98044009779951,-295.0,-72.12713936430319
00005987,2025,11,10,10,353.0,115.0,409.0,UNICA,-56.0,-13.691931540342297,-294.0,-71.88264058679707
00005987,2025,12,2,2,20.0,12.0,356.0,UNICA,-336.0,-94.3820224719101,-344.0,-96.62921348314607
00005987,2026,1,10,10,371.0,115.0,411.0,UNICA,-40.0,-9.732360097323602,-296.0,-72.01946472019465
00005987,2026,2,10,10,384.0,115.0,428.0,UNICA,-44.0,-10.2803738317757,-313.0,-73.13084112149532
00005987,2026,3,11,11,387.0,114.0,428.0,UNICA,-41.0,-9.579439252336448,-314.0,-73.36448598130842
00005991,2025,1,1,1,9.0,9.0,10.0,UNICA,-1.0,-10.0,-1.0,-10.0
00005991,2025,2,1,1,9.0,9.0,10.0,UNICA,-1.0,-10.0,-1.0,-10.0
00005991,2025,3,1,1,9.0,9.0,10.0,UNICA,-1.0,-10.0,-1.0,-10.0
00005991,2025,4,1,1,9.0,9.0,10.0,UNICA,-1.0,-10.0,-1.0,-10.0
00005991,2025,5,1,1,9.0,9.0,10.0,UNICA,-1.0,-10.0,-1.0,-10.0
00005991,2025,6,1,1,9.0,9.0,10.0,UNICA,-1.0,-10.0,-1.0,-10.0
00005991,2025,7,1,1,9.0,9.0,10.0,UNICA,-1.0,-10.0,-1.0,-10.0
00005991,2025,8,1,1,10.0,10.0,10.0,UNICA,0.0,0.0,0.0,0.0
00005991,2025,9,1,1,9.0,9.0,10.0,UNICA,-1.0,-10.0,-1.0,-10.0
00005991,2025,10,1,1,9.0,9.0,10.0,UNICA,-1.0,-10.0,-1.0,-10.0
00005991,2025,11,1,1,9.0,9.0,10.0,UNICA,-1.0,-10.0,-1.0,-10.0
00005991,2026,1,1,1,9.0,9.0,10.0,UNICA,-1.0,-10.0,-1.0,-10.0
00005991,2026,2,1,1,9.0,9.0,10.0,UNICA,-1.0,-10.0,-1.0,-10.0
00005991,2026,3,1,1,9.0,9.0,10.0,UNICA,-1.0,-10.0,-1.0,-10.0
00006000,2025,1,1,1,4.0,4.0,16.0,UNICA,-12.0,-75.0,-12.0,-75.0
00006000,2025,7,1,1,6.0,6.0,16.0,UNICA,-10.0,-62.5,-10.0,-62.5
00006000,2025,8,1,1,6.0,6.0,16.0,UNICA,-10.0,-62.5,-10.0,-62.5
00006000,2025,9,1,1,6.0,6.0,16.0,UNICA,-10.0,-62.5,-10.0,-62.5
00006000,2025,10,1,1,6.0,6.0,16.0,UNICA,-10.0,-62.5,-10.0,-62.5
00006000,2025,11,1,1,6.0,6.0,16.0,UNICA,-10.0,-62.5,-10.0,-62.5
00006000,2026,1,1,1,6.0,6.0,16.0,UNICA,-10.0,-62.5,-10.0,-62.5
00006000,2026,2,1,1,6.0,6.0,16.0,UNICA,-10.0,-62.5,-10.0,-62.5
00006000,2026,3,1,1,3.0,3.0,16.0,UNICA,-13.0,-81.25,-13.0,-81.25
00006079,2025,4,1,1,5.0,5.0,0.0,UNICA,5.0,,5.0,
00006079,2025,5,1,1,5.0,5.0,0.0,UNICA,5.0,,5.0,
00006079,2025,6,1,1,5.0,5.0,0.0,UNICA,5.0,,5.0,
00006079,2025,7,1,1,5.0,5.0,0.0,UNICA,5.0,,5.0,
00006084,2025,5,1,1,4.0,4.0,4.0,UNICA,0.0,0.0,0.0,0.0
00006084,2025,6,1,1,4.0,4.0,4.0,UNICA,0.0,0.0,0.0,0.0
00006084,2025,7,1,1,4.0,4.0,4.0,UNICA,0.0,0.0,0.0,0.0
00006084,2025,8,1,1,4.0,4.0,4.0,UNICA,0.0,0.0,0.0,0.0
00006084,2026,1,1,1,4.0,4.0,4.0,UNICA,0.0,0.0,0.0,0.0
00006084,2026,2,1,1,4.0,4.0,4.0,UNICA,0.0,0.0,0.0,0.0
00006084,2026,3,1,1,4.0,4.0,4.0,UNICA,0.0,0.0,0.0,0.0
00006088,2025,4,1,1,3.0,3.0,3.0,UNICA,0.0,0.0,0.0,0.0
00006088,2025,5,1,1,3.0,3.0,3.0,UNICA,0.0,0.0,0.0,0.0
00006088,2025,6,1,1,3.0,3.0,3.0,UNICA,0.0,0.0,0.0,0.0
00006088,2025,7,1,1,3.0,3.0,3.0,UNICA,0.0,0.0,0.0,0.0
00006088,2025,8,1,1,3.0,3.0,3.0,UNICA,0.0,0.0,0.0,0.0
00006088,2025,9,1,1,3.0,3.0,3.0,UNICA,0.0,0.0,0.0,0.0
00006088,2025,10,1,1,3.0,3.0,3.0,UNICA,0.0,0.0,0.0,0.0
00006088,2025,11,1,1,3.0,3.0,3.0,UNICA,0.0,0.0,0.0,0.0
00006088,2026,1,1,1,3.0,3.0,3.0,UNICA,0.0,0.0,0.0,0.0
00006088,2026,2,1,1,3.0,3.0,3.0,UNICA,0.0,0.0,0.0,0.0
00006124,2025,1,1,1,9.0,9.0,9.0,UNICA,0.0,0.0,0.0,0.0
00006124,2025,2,1,1,9.0,9.0,9.0,UNICA,0.0,0.0,0.0,0.0
00006124,2025,3,1,1,9.0,9.0,9.0,UNICA,0.0,0.0,0.0,0.0
00006124,2025,4,1,1,9.0,9.0,9.0,UNICA,0.0,0.0,0.0,0.0
00006124,2025,5,1,1,9.0,9.0,9.0,UNICA,0.0,0.0,0.0,0.0
00006124,2025,6,1,1,9.0,9.0,9.0,UNICA,0.0,0.0,0.0,0.0
00006124,2025,7,1,1,9.0,9.0,9.0,UNICA,0.0,0.0,0.0,0.0
00006124,2025,8,1,1,9.0,9.0,9.0,UNICA,0.0,0.0,0.0,0.0
00006124,2025,9,1,1,9.0,9.0,9.0,UNICA,0.0,0.0,0.0,0.0
00006124,2025,10,1,1,9.0,9.0,9.0,UNICA,0.0,0.0,0.0,0.0
00006124,2025,11,1,1,9.0,9.0,9.0,UNICA,0.0,0.0,0.0,0.0
00006124,2026,1,1,1,9.0,9.0,9.0,UNICA,0.0,0.0,0.0,0.0
00006124,2026,2,1,1,9.0,9.0,9.0,UNICA,0.0,0.0,0.0,0.0
00006124,2026,3,1,1,9.0,9.0,9.0,UNICA,0.0,0.0,0.0,0.0
00006151,2025,1,1,1,4.0,4.0,3.0,UNICA,1.0,33.33333333333333,1.0,33.33333333333333
00006151,2025,2,1,1,4.0,4.0,3.0,UNICA,1.0,33.33333333333333,1.0,33.33333333333333
00006151,2025,3,1,1,4.0,4.0,3.0,UNICA,1.0,33.33333333333333,1.0,33.33333333333333
00006151,2025,4,1,1,4.0,4.0,3.0,UNICA,1.0,33.33333333333333,1.0,33.33333333333333
00006151,2025,5,1,1,4.0,4.0,3.0,UNICA,1.0,33.33333333333333,1.0,33.33333333333333
00006151,2025,8,1,1,4.0,4.0,3.0,UNICA,1.0,33.33333333333333,1.0,33.33333333333333
00006151,2025,9,1,1,4.0,4.0,3.0,UNICA,1.0,33.33333333333333,1.0,33.33333333333333
00006151,2025,10,1,1,4.0,4.0,3.0,UNICA,1.0,33.33333333333333,1.0,33.33333333333333
00006164,2025,1,1,1,14.0,14.0,4.0,UNICA,10.0,250.0,10.0,250.0
00006164,2025,2,1,1,14.0,14.0,14.0,UNICA,0.0,0.0,0.0,0.0
00006164,2025,3,1,1,14.0,14.0,14.0,UNICA,0.0,0.0,0.0,0.0
00006164,2025,4,1,1,14.0,14.0,14.0,UNICA,0.0,0.0,0.0,0.0
00006164,2025,5,1,1,14.0,14.0,14.0,UNICA,0.0,0.0,0.0,0.0
00006164,2025,6,1,1,14.0,14.0,14.0,UNICA,0.0,0.0,0.0,0.0
00006164,2025,7,1,1,14.0,14.0,14.0,UNICA,0.0,0.0,0.0,0.0
00006164,2025,8,1,1,14.0,14.0,14.0,UNICA,0.0,0.0,0.0,0.0
00006164,2025,9,1,1,14.0,14.0,14.0,UNICA,0.0,0.0,0.0,0.0
00006164,2025,10,1,1,14.0,14.0,14.0,UNICA,0.0,0.0,0.0,0.0
00006164,2025,11,1,1,14.0,14.0,14.0,UNICA,0.0,0.0,0.0,0.0
00006164,2026,1,1,1,14.0,14.0,14.0,UNICA,0.0,0.0,0.0,0.0
00006164,2026,2,1,1,14.0,14.0,14.0,UNICA,0.0,0.0,0.0,0.0
00006164,2026,3,1,1,14.0,14.0,14.0,UNICA,0.0,0.0,0.0,0.0
00006206,2015,6,14,14,593.0,204.0,641.0,UNICA,-48.0,-7.48829953198128,-437.0,-68.17472698907956
00006206,2015,7,12,12,568.0,252.0,641.0,UNICA,-73.0,-11.388455538221528,-389.0,-60.68642745709828
00006206,2015,10,17,17,609.0,204.0,644.0,UNICA,-35.0,-5.434782608695652,-440.0,-68.32298136645963
00006206,2015,11,15,15,399.0,97.0,644.0,UNICA,-245.0,-38.04347826086957,-547.0,-84.93788819875776
00006206,2015,12,20,20,655.0,204.0,644.0,UNICA,11.0,1.7080745341614907,-440.0,-68.32298136645963
00006206,2016,1,20,20,603.0,204.0,602.0,UNICA,1.0,0.16611295681063123,-398.0,-66.11295681063123
00006206,2016,2,13,13,347.0,97.0,602.0,UNICA,-255.0,-42.35880398671096,-505.0,-83.88704318936877
00006206,2016,3,14,14,599.0,252.0,626.0,UNICA,-27.0,-4.313099041533546,-374.0,-59.7444089456869
00006206,2016,4,14,14,632.0,252.0,629.0,UNICA,3.0,0.47694753577106513,-377.0,-59.93640699523053
00006206,2016,5,14,14,636.0,252.0,578.0,UNICA,58.0,10.034602076124568,-326.0,-56.40138408304498
00006206,2016,6,14,14,636.0,252.0,651.0,UNICA,-15.0,-2.3041474654377883,-399.0,-61.29032258064516
00006206,2016,7,14,14,636.0,252.0,614.0,UNICA,22.0,3.5830618892508146,-362.0,-58.95765472312704
00006206,2016,8,14,14,636.0,252.0,602.0,UNICA,34.0,5.647840531561462,-350.0,-58.139534883720934
00006206,2016,9,14,14,636.0,252.0,648.0,UNICA,-12.0,-1.8518518518518516,-396.0,-61.111111111111114
00006206,2016,10,14,14,636.0,252.0,594.0,UNICA,42.0,7.07070707070707,-342.0,-57.57575757575758
00006206,2016,11,14,14,636.0,252.0,612.0,UNICA,24.0,3.9215686274509802,-360.0,-58.82352941176471
00006206,2016,12,14,14,636.0,252.0,614.0,UNICA,22.0,3.5830618892508146,-362.0,-58.95765472312704
00006206,2017,1,14,14,636.0,252.0,634.0,UNICA,2.0,0.31545741324921134,-382.0,-60.252365930599375
00006206,2017,2,14,14,636.0,252.0,644.0,UNICA,-8.0,-1.2422360248447204,-392.0,-60.86956521739131
00006206,2017,3,14,14,634.0,250.0,640.0,UNICA,-6.0,-0.9375,-390.0,-60.9375
00006206,2017,4,14,14,635.0,251.0,646.0,UNICA,-11.0,-1.7027863777089782,-395.0,-61.145510835913306
00006206,2017,5,14,14,635.0,251.0,641.0,UNICA,-6.0,-0.93603744149766,-390.0,-60.8424336973479
00006206,2017,6,14,14,637.0,253.0,642.0,UNICA,-5.0,-0.778816199376947,-389.0,-60.59190031152648
00006206,2017,7,14,14,641.0,253.0,634.0,UNICA,7.0,1.1041009463722398,-381.0,-60.094637223974765
00006206,2017,8,14,14,642.0,254.0,594.0,UNICA,48.0,8.080808080808081,-340.0,-57.23905723905723
00006206,2017,9,14,14,643.0,253.0,640.0,UNICA,3.0,0.46875,-387.0,-60.46875000000001
00006206,2017,10,14,14,620.0,254.0,621.0,UNICA,-1.0,-0.1610305958132045,-367.0,-59.09822866344605
00006206,2017,11,14,14,627.0,254.0,640.0,UNICA,-13.0,-2.03125,-386.0,-60.3125
00006206,2017,12,14,14,627.0,254.0,615.0,UNICA,12.0,1.951219512195122,-361.0,-58.69918699186992
00006206,2018,1,14,14,642.0,254.0,653.0,UNICA,-11.0,-1.6845329249617151,-399.0,-61.102603369065854
00006206,2018,2,14,14,632.0,253.0,656.0,UNICA,-24.0,-3.6585365853658534,-403.0,-61.4329268292683
00006206,2018,3,14,14,623.0,243.0,649.0,UNICA,-26.0,-4.006163328197227,-406.0,-62.557781201849
00006206,2018,4,14,14,639.0,251.0,668.0,UNICA,-29.0,-4.341317365269461,-417.0,-62.4251497005988
00006206,2018,5,14,14,631.0,243.0,633.0,UNICA,-2.0,-0.315955766192733,-390.0,-61.61137440758294
00006206,2018,6,14,14,650.0,252.0,629.0,UNICA,21.0,3.338632750397456,-377.0,-59.93640699523053
00006206,2018,7,14,14,633.0,244.0,637.0,UNICA,-4.0,-0.6279434850863422,-393.0,-61.69544740973313
00006206,2018,8,14,14,628.0,244.0,631.0,UNICA,-3.0,-0.4754358161648178,-387.0,-61.33122028526149
00006206,2018,9,14,14,628.0,244.0,627.0,UNICA,1.0,0.1594896331738437,-383.0,-61.08452950558214
00006206,2018,10,14,14,637.0,253.0,645.0,UNICA,-8.0,-1.2403100775193798,-392.0,-60.775193798449614
00006206,2018,11,14,14,628.0,246.0,635.0,UNICA,-7.0,-1.1023622047244095,-389.0,-61.25984251968504
00006206,2019,1,14,14,629.0,246.0,604.0,UNICA,25.0,4.13907284768212,-358.0,-59.27152317880795
00006206,2019,2,14,14,626.0,246.0,598.0,UNICA,28.0,4.682274247491638,-352.0,-58.862876254180605
00006206,2019,3,14,14,616.0,246.0,598.0,UNICA,18.0,3.0100334448160537,-352.0,-58.862876254180605
00006206,2019,4,13,13,568.0,246.0,586.0,UNICA,-18.0,-3.0716723549488054,-340.0,-58.02047781569966
00006206,2019,5,13,13,570.0,246.0,604.0,UNICA,-34.0,-5.629139072847682,-358.0,-59.27152317880795
00006206,2019,6,14,14,619.0,246.0,600.0,UNICA,19.0,3.166666666666667,-354.0,-59.0
00006206,2019,7,14,14,619.0,246.0,600.0,UNICA,19.0,3.166666666666667,-354.0,-59.0
00006206,2019,8,13,13,568.0,245.0,636.0,UNICA,-68.0,-10.69182389937107,-391.0,-61.47798742138365
00006206,2019,9,13,13,563.0,245.0,601.0,UNICA,-38.0,-6.322795341098169,-356.0,-59.23460898502496
00006206,2019,10,14,14,629.0,253.0,601.0,UNICA,28.0,4.658901830282862,-348.0,-57.90349417637272
00006206,2019,11,14,14,582.0,245.0,597.0,UNICA,-15.0,-2.512562814070352,-352.0,-58.96147403685092
00006206,2020,1,14,14,582.0,246.0,579.0,UNICA,3.0,0.5181347150259068,-333.0,-57.51295336787565
00006206,2020,2,14,14,582.0,246.0,607.0,UNICA,-25.0,-4.118616144975288,-361.0,-59.472817133443165
00006206,2020,3,11,11,562.0,240.0,582.0,UNICA,-20.0,-3.436426116838488,-342.0,-58.76288659793815
00006206,2020,4,9,9,607.0,246.0,529.0,UNICA,78.0,14.744801512287333,-283.0,-53.497164461247635
00006206,2020,5,8,8,489.0,243.0,496.0,UNICA,-7.0,-1.411290322580645,-253.0,-51.00806451612904
00006206,2020,6,8,8,489.0,243.0,346.0,UNICA,143.0,41.32947976878613,-103.0,-29.76878612716763
00006206,2020,7,10,10,305.0,119.0,300.0,UNICA,5.0,1.6666666666666667,-181.0,-60.333333333333336
00006206,2020,8,10,10,306.0,119.0,325.0,UNICA,-19.0,-5.846153846153846,-206.0,-63.38461538461539
00006206,2020,9,10,10,296.0,119.0,303.0,UNICA,-7.0,-2.31023102310231,-184.0,-60.726072607260726
00006206,2020,10,10,10,325.0,111.0,275.0,UNICA,50.0,18.181818181818183,-164.0,-59.63636363636363
00006206,2020,11,12,12,337.0,111.0,307.0,UNICA,30.0,9.77198697068404,-196.0,-63.84364820846905
00006206,2020,12,10,10,367.0,156.0,291.0,UNICA,76.0,26.11683848797251,-135.0,-46.391752577319586
00006206,2021,1,9,9,360.0,140.0,276.0,UNICA,84.0,30.434782608695656,-136.0,-49.275362318840585
00006206,2021,2,9,9,360.0,140.0,269.0,UNICA,91.0,33.82899628252788,-129.0,-47.95539033457249
00006206,2021,3,9,9,353.0,140.0,288.0,UNICA,65.0,22.569444444444446,-148.0,-51.388888888888886
00006206,2021,4,9,9,403.0,140.0,306.0,UNICA,97.0,31.699346405228756,-166.0,-54.248366013071895
00006206,2021,5,9,9,446.0,156.0,287.0,UNICA,159.0,55.400696864111495,-131.0,-45.64459930313589
00006206,2021,6,9,9,465.0,176.0,323.0,UNICA,142.0,43.962848297213625,-147.0,-45.51083591331269
00006206,2021,7,9,9,503.0,181.0,363.0,UNICA,140.0,38.56749311294766,-182.0,-50.13774104683195
00006206,2021,8,12,12,417.0,185.0,370.0,UNICA,47.0,12.702702702702704,-185.0,-50.0
00006206,2021,9,12,12,557.0,185.0,314.0,UNICA,243.0,77.38853503184714,-129.0,-41.082802547770704
00006206,2021,10,12,12,458.0,195.0,329.0,UNICA,129.0,39.209726443769,-134.0,-40.72948328267477
00006206,2021,11,14,14,468.0,195.0,339.0,UNICA,129.0,38.05309734513274,-144.0,-42.47787610619469
00006206,2021,12,14,14,487.0,203.0,359.0,UNICA,128.0,35.65459610027855,-156.0,-43.45403899721448
00006206,2022,1,14,14,520.0,220.0,331.0,UNICA,189.0,57.09969788519638,-111.0,-33.53474320241692
00006206,2022,2,13,13,319.0,96.0,333.0,UNICA,-14.0,-4.2042042042042045,-237.0,-71.17117117117117
00006206,2022,3,12,12,407.0,137.0,334.0,UNICA,73.0,21.856287425149702,-197.0,-58.982035928143716
00006206,2022,4,13,13,501.0,212.0,334.0,UNICA,167.0,50.0,-122.0,-36.52694610778443
00006206,2022,5,14,14,585.0,266.0,422.0,UNICA,163.0,38.62559241706161,-156.0,-36.96682464454976
00006206,2022,6,14,14,562.0,266.0,410.0,UNICA,152.0,37.073170731707314,-144.0,-35.12195121951219
00006206,2022,7,14,14,548.0,273.0,410.0,UNICA,138.0,33.65853658536586,-137.0,-33.41463414634146
00006206,2022,8,14,14,551.0,273.0,409.0,UNICA,142.0,34.71882640586797,-136.0,-33.251833740831295
00006206,2022,9,14,14,542.0,271.0,406.0,UNICA,136.0,33.497536945812804,-135.0,-33.251231527093594
00006206,2022,10,14,14,563.0,272.0,408.0,UNICA,155.0,37.99019607843137,-136.0,-33.33333333333333
00006206,2022,11,14,14,563.0,272.0,428.0,UNICA,135.0,31.542056074766357,-156.0,-36.44859813084112
00006206,2022,12,13,13,544.0,283.0,412.0,UNICA,132.0,32.038834951456316,-129.0,-31.31067961165049
00006206,2023,1,13,13,571.0,268.0,397.0,UNICA,174.0,43.8287153652393,-129.0,-32.49370277078086
00006206,2023,2,13,13,643.0,300.0,448.0,UNICA,195.0,43.526785714285715,-148.0,-33.035714285714285
00006206,2023,3,13,13,596.0,270.0,443.0,UNICA,153.0,34.537246049661405,-173.0,-39.05191873589165
00006206,2023,4,13,13,602.0,270.0,441.0,UNICA,161.0,36.507936507936506,-171.0,-38.775510204081634
00006206,2023,5,13,13,587.0,270.0,435.0,UNICA,152.0,34.94252873563218,-165.0,-37.93103448275862
00006206,2023,6,13,13,587.0,270.0,479.0,UNICA,108.0,22.546972860125262,-209.0,-43.63256784968685
00006206,2023,7,13,13,620.0,266.0,472.0,UNICA,148.0,31.35593220338983,-206.0,-43.64406779661017
00006206,2023,8,13,13,612.0,266.0,479.0,UNICA,133.0,27.766179540709814,-213.0,-44.46764091858037
00006206,2023,9,13,13,612.0,266.0,494.0,UNICA,118.0,23.88663967611336,-228.0,-46.15384615384615
00006206,2023,10,14,14,631.0,266.0,498.0,UNICA,133.0,26.706827309236946,-232.0,-46.58634538152611
00006206,2023,11,14,14,631.0,266.0,502.0,UNICA,129.0,25.697211155378486,-236.0,-47.01195219123506
00006206,2023,12,14,14,631.0,266.0,301.0,UNICA,330.0,109.63455149501662,-35.0,-11.627906976744185
00006206,2024,1,14,14,638.0,270.0,510.0,UNICA,128.0,25.098039215686274,-240.0,-47.05882352941176
00006206,2024,2,14,14,640.0,272.0,505.0,UNICA,135.0,26.732673267326735,-233.0,-46.13861386138614
00006206,2024,3,14,14,641.0,272.0,505.0,UNICA,136.0,26.930693069306933,-233.0,-46.13861386138614
00006206,2024,4,14,14,643.0,269.0,519.0,UNICA,124.0,23.892100192678228,-250.0,-48.16955684007707
00006206,2024,5,14,14,643.0,269.0,484.0,UNICA,159.0,32.85123966942149,-215.0,-44.421487603305785
00006206,2024,6,14,14,650.0,270.0,483.0,UNICA,167.0,34.57556935817806,-213.0,-44.099378881987576
00006206,2024,7,14,14,648.0,264.0,472.0,UNICA,176.0,37.28813559322034,-208.0,-44.06779661016949
00006206,2024,8,14,14,636.0,264.0,469.0,UNICA,167.0,35.60767590618337,-205.0,-43.71002132196162
00006206,2024,9,14,14,636.0,264.0,416.0,UNICA,220.0,52.88461538461539,-152.0,-36.53846153846153
00006206,2024,10,14,14,636.0,266.0,460.0,UNICA,176.0,38.26086956521739,-194.0,-42.173913043478265
00006206,2024,11,14,14,637.0,267.0,459.0,UNICA,178.0,38.77995642701525,-192.0,-41.830065359477125
00006206,2024,12,14,14,637.0,267.0,458.0,UNICA,179.0,39.082969432314414,-191.0,-41.70305676855895
00006206,2025,1,14,14,641.0,271.0,476.0,UNICA,165.0,34.66386554621849,-205.0,-43.0672268907563
00006206,2025,2,14,14,644.0,274.0,421.0,UNICA,223.0,52.96912114014252,-147.0,-34.91686460807601
00006206,2025,3,14,14,638.0,268.0,465.0,UNICA,173.0,37.204301075268816,-197.0,-42.365591397849464
00006206,2025,4,14,14,638.0,268.0,471.0,UNICA,167.0,35.45647558386412,-203.0,-43.09978768577495
00006206,2025,5,14,14,636.0,266.0,470.0,UNICA,166.0,35.319148936170215,-204.0,-43.40425531914894
00006206,2025,6,14,14,638.0,260.0,476.0,UNICA,162.0,34.03361344537815,-216.0,-45.378151260504204
00006206,2025,7,14,14,637.0,259.0,476.0,UNICA,161.0,33.82352941176471,-217.0,-45.588235294117645
00006206,2025,8,14,14,639.0,261.0,473.0,UNICA,166.0,35.095137420718814,-212.0,-44.82029598308668
00006206,2025,9,14,14,639.0,261.0,445.0,UNICA,194.0,43.59550561797752,-184.0,-41.34831460674157
00006206,2025,10,14,14,650.0,271.0,473.0,UNICA,177.0,37.420718816067655,-202.0,-42.706131078224104
00006206,2025,11,14,14,649.0,270.0,470.0,UNICA,179.0,38.08510638297872,-200.0,-42.5531914893617
00006206,2025,12,1,1,68.0,68.0,470.0,UNICA,-402.0,-85.53191489361703,-402.0,-85.53191489361703
00006206,2026,1,14,14,652.0,270.0,475.0,UNICA,177.0,37.26315789473684,-205.0,-43.15789473684211
00006206,2026,2,14,14,647.0,267.0,474.0,UNICA,173.0,36.49789029535865,-207.0,-43.67088607594937
00006206,2026,3,14,14,645.0,267.0,457.0,UNICA,188.0,41.13785557986871,-190.0,-41.57549234135667
00006207,2015,1,15,15,768.0,253.0,,,,,,
00006207,2015,2,15,15,768.0,253.0,800.0,UNICA,-32.0,-4.0,-547.0,-68.375
00006207,2015,3,15,15,768.0,253.0,800.0,UNICA,-32.0,-4.0,-547.0,-68.375
00006207,2015,4,15,15,762.0,245.0,794.0,UNICA,-32.0,-4.030226700251889,-549.0,-69.14357682619648
00006207,2015,5,15,15,761.0,244.0,793.0,UNICA,-32.0,-4.03530895334174,-549.0,-69.23076923076923
00006207,2015,6,15,15,770.0,248.0,,,,,,
00006207,2015,7,15,15,761.0,244.0,,,,,,
00006207,2015,8,15,15,761.0,244.0,802.0,UNICA,-41.0,-5.112219451371571,-558.0,-69.57605985037407
00006207,2015,9,15,15,761.0,248.0,793.0,UNICA,-32.0,-4.03530895334174,-545.0,-68.7263556116015
00006207,2015,10,15,15,757.0,244.0,793.0,UNICA,-36.0,-4.539722572509458,-549.0,-69.23076923076923
00006207,2015,11,15,15,785.0,258.0,,,,,,
00006207,2015,12,15,15,768.0,255.0,793.0,UNICA,-25.0,-3.1525851197982346,-538.0,-67.84363177805801
00006207,2016,1,12,12,753.0,260.0,808.0,UNICA,-55.0,-6.806930693069307,-548.0,-67.82178217821783
00006207,2016,2,13,13,694.0,252.0,815.0,UNICA,-121.0,-14.846625766871165,-563.0,-69.079754601227
00006207,2016,3,13,13,694.0,252.0,815.0,UNICA,-121.0,-14.846625766871165,-563.0,-69.079754601227
00006207,2016,4,13,13,694.0,252.0,815.0,UNICA,-121.0,-14.846625766871165,-563.0,-69.079754601227
00006207,2016,5,13,13,694.0,252.0,815.0,UNICA,-121.0,-14.846625766871165,-563.0,-69.079754601227
00006207,2016,6,13,13,694.0,252.0,815.0,UNICA,-121.0,-14.846625766871165,-563.0,-69.079754601227
00006207,2016,7,13,13,696.0,252.0,759.0,UNICA,-63.0,-8.300395256916996,-507.0,-66.79841897233202
00006207,2016,8,13,13,694.0,252.0,759.0,UNICA,-65.0,-8.563899868247695,-507.0,-66.79841897233202
00006207,2016,9,13,13,696.0,252.0,759.0,UNICA,-63.0,-8.300395256916996,-507.0,-66.79841897233202
00006207,2016,10,13,13,694.0,252.0,762.0,UNICA,-68.0,-8.923884514435695,-510.0,-66.92913385826772
00006207,2016,11,13,13,696.0,252.0,762.0,UNICA,-66.0,-8.661417322834646,-510.0,-66.92913385826772
00006207,2016,12,12,12,688.0,252.0,763.0,UNICA,-75.0,-9.82961992136304,-511.0,-66.97247706422019
00006207,2017,1,12,12,691.0,261.0,691.0,UNICA,0.0,0.0,-430.0,-62.22865412445731
00006207,2017,2,13,13,684.0,252.0,699.0,UNICA,-15.0,-2.1459227467811157,-447.0,-63.94849785407726
00006207,2017,3,13,13,684.0,252.0,693.0,UNICA,-9.0,-1.2987012987012987,-441.0,-63.63636363636363
00006207,2017,4,13,13,684.0,252.0,693.0,UNICA,-9.0,-1.2987012987012987,-441.0,-63.63636363636363
00006207,2017,5,13,13,684.0,252.0,688.0,UNICA,-4.0,-0.5813953488372093,-436.0,-63.372093023255815
00006207,2017,6,13,13,658.0,226.0,662.0,UNICA,-4.0,-0.6042296072507553,-436.0,-65.86102719033232
00006207,2017,7,13,13,658.0,226.0,662.0,UNICA,-4.0,-0.6042296072507553,-436.0,-65.86102719033232
00006207,2017,8,13,13,658.0,226.0,662.0,UNICA,-4.0,-0.6042296072507553,-436.0,-65.86102719033232
00006207,2017,9,13,13,663.0,231.0,662.0,UNICA,1.0,0.1510574018126888,-431.0,-65.10574018126889
00006207,2017,10,13,13,663.0,231.0,662.0,UNICA,1.0,0.1510574018126888,-431.0,-65.10574018126889
00006207,2017,11,13,13,658.0,226.0,662.0,UNICA,-4.0,-0.6042296072507553,-436.0,-65.86102719033232
00006207,2017,12,13,13,687.0,252.0,662.0,UNICA,25.0,3.7764350453172204,-410.0,-61.933534743202415
00006207,2018,1,10,10,602.0,226.0,662.0,UNICA,-60.0,-9.06344410876133,-436.0,-65.86102719033232
00006207,2018,2,10,10,557.0,245.0,561.0,UNICA,-4.0,-0.7130124777183601,-316.0,-56.32798573975044
00006207,2018,3,10,10,557.0,245.0,561.0,UNICA,-4.0,-0.7130124777183601,-316.0,-56.32798573975044
00006207,2018,4,13,13,593.0,228.0,657.0,UNICA,-64.0,-9.74124809741248,-429.0,-65.29680365296804
00006207,2018,5,13,13,619.0,240.0,561.0,UNICA,58.0,10.338680926916222,-321.0,-57.21925133689839
00006207,2018,6,10,10,552.0,241.0,561.0,UNICA,-9.0,-1.6042780748663104,-320.0,-57.04099821746881
00006207,2018,7,10,10,558.0,241.0,561.0,UNICA,-3.0,-0.53475935828877,-320.0,-57.04099821746881
00006207,2018,8,10,10,568.0,251.0,561.0,UNICA,7.0,1.2477718360071302,-310.0,-55.258467023172905
00006207,2018,9,10,10,547.0,251.0,561.0,UNICA,-14.0,-2.4955436720142603,-310.0,-55.258467023172905
00006207,2018,10,10,10,571.0,251.0,561.0,UNICA,10.0,1.7825311942959003,-310.0,-55.258467023172905
00006207,2018,11,10,10,571.0,251.0,561.0,UNICA,10.0,1.7825311942959003,-310.0,-55.258467023172905
00006207,2019,1,10,10,571.0,251.0,561.0,UNICA,10.0,1.7825311942959003,-310.0,-55.258467023172905
00006207,2019,2,10,10,602.0,248.0,606.0,UNICA,-4.0,-0.6600660066006601,-358.0,-59.07590759075908
00006207,2019,3,10,10,599.0,248.0,606.0,UNICA,-7.0,-1.155115511551155,-358.0,-59.07590759075908
00006207,2019,4,10,10,599.0,248.0,603.0,UNICA,-4.0,-0.6633499170812603,-355.0,-58.872305140961856
00006207,2019,5,10,10,599.0,248.0,603.0,UNICA,-4.0,-0.6633499170812603,-355.0,-58.872305140961856
00006207,2019,6,10,10,599.0,248.0,603.0,UNICA,-4.0,-0.6633499170812603,-355.0,-58.872305140961856
00006207,2019,7,10,10,599.0,248.0,603.0,UNICA,-4.0,-0.6633499170812603,-355.0,-58.872305140961856
00006207,2019,8,10,10,629.0,252.0,603.0,UNICA,26.0,4.311774461028192,-351.0,-58.2089552238806
00006207,2019,9,10,10,629.0,252.0,603.0,UNICA,26.0,4.311774461028192,-351.0,-58.2089552238806
00006207,2019,10,10,10,629.0,252.0,603.0,UNICA,26.0,4.311774461028192,-351.0,-58.2089552238806
00006207,2019,11,10,10,629.0,252.0,633.0,UNICA,-4.0,-0.631911532385466,-381.0,-60.18957345971564
00006207,2020,1,10,10,629.0,252.0,633.0,UNICA,-4.0,-0.631911532385466,-381.0,-60.18957345971564
00006207,2020,2,10,10,629.0,252.0,633.0,UNICA,-4.0,-0.631911532385466,-381.0,-60.18957345971564
00006207,2020,3,10,10,629.0,252.0,633.0,UNICA,-4.0,-0.631911532385466,-381.0,-60.18957345971564
00006207,2020,4,9,9,617.0,252.0,633.0,UNICA,-16.0,-2.527646129541864,-381.0,-60.18957345971564
00006207,2020,5,9,9,617.0,252.0,633.0,UNICA,-16.0,-2.527646129541864,-381.0,-60.18957345971564
00006207,2020,6,9,9,600.0,252.0,616.0,UNICA,-16.0,-2.5974025974025974,-364.0,-59.09090909090909
00006207,2020,7,9,9,588.0,252.0,616.0,UNICA,-28.0,-4.545454545454546,-364.0,-59.09090909090909
00006207,2020,8,9,9,617.0,252.0,616.0,UNICA,1.0,0.16233766233766234,-364.0,-59.09090909090909
00006207,2020,9,10,10,601.0,224.0,616.0,UNICA,-15.0,-2.4350649350649354,-392.0,-63.63636363636363
00006207,2020,10,10,10,366.0,140.0,616.0,UNICA,-250.0,-40.58441558441558,-476.0,-77.27272727272727
00006207,2020,11,6,6,307.0,140.0,616.0,UNICA,-309.0,-50.16233766233766,-476.0,-77.27272727272727
00006207,2020,12,6,6,404.0,152.0,616.0,UNICA,-212.0,-34.41558441558442,-464.0,-75.32467532467533
00006207,2021,1,6,6,398.0,138.0,546.0,UNICA,-148.0,-27.106227106227106,-408.0,-74.72527472527473
00006207,2021,2,6,6,398.0,138.0,546.0,UNICA,-148.0,-27.106227106227106,-408.0,-74.72527472527473
00006207,2021,3,6,6,398.0,138.0,546.0,UNICA,-148.0,-27.106227106227106,-408.0,-74.72527472527473
00006207,2021,4,6,6,398.0,138.0,546.0,UNICA,-148.0,-27.106227106227106,-408.0,-74.72527472527473
00006207,2021,5,6,6,484.0,208.0,624.0,UNICA,-140.0,-22.435897435897438,-416.0,-66.66666666666666
00006207,2021,6,6,6,433.0,221.0,602.0,UNICA,-169.0,-28.07308970099668,-381.0,-63.2890365448505
00006207,2021,7,6,6,476.0,213.0,645.0,UNICA,-169.0,-26.2015503875969,-432.0,-66.97674418604652
00006207,2021,8,6,6,404.0,183.0,573.0,UNICA,-169.0,-29.49389179755672,-390.0,-68.06282722513089
00006207,2021,9,5,5,391.0,183.0,573.0,UNICA,-182.0,-31.762652705061083,-390.0,-68.06282722513089
00006207,2021,10,4,4,365.0,183.0,573.0,UNICA,-208.0,-36.3001745200698,-390.0,-68.06282722513089
00006207,2021,11,5,5,345.0,183.0,573.0,UNICA,-228.0,-39.79057591623037,-390.0,-68.06282722513089
00006207,2021,12,5,5,348.0,190.0,601.0,UNICA,-253.0,-42.09650582362729,-411.0,-68.38602329450914
00006207,2022,1,5,5,338.0,183.0,647.0,UNICA,-309.0,-47.75888717156105,-464.0,-71.71561051004637
00006207,2022,2,5,5,339.0,184.0,662.0,UNICA,-323.0,-48.79154078549849,-478.0,-72.20543806646525
00006207,2022,3,4,4,336.0,184.0,598.0,UNICA,-262.0,-43.812709030100336,-414.0,-69.23076923076923
00006207,2022,4,12,12,486.0,190.0,665.0,UNICA,-179.0,-26.917293233082706,-475.0,-71.42857142857143
00006207,2022,5,12,12,520.0,190.0,565.0,UNICA,-45.0,-7.964601769911504,-375.0,-66.3716814159292
00006207,2022,6,12,12,553.0,192.0,598.0,UNICA,-45.0,-7.5250836120401345,-406.0,-67.89297658862876
00006207,2022,7,12,12,549.0,196.0,594.0,UNICA,-45.0,-7.575757575757576,-398.0,-67.003367003367
00006207,2022,8,12,12,561.0,199.0,607.0,UNICA,-46.0,-7.57825370675453,-408.0,-67.21581548599671
00006207,2022,9,12,12,561.0,199.0,606.0,UNICA,-45.0,-7.425742574257425,-407.0,-67.16171617161716
00006207,2022,10,12,12,576.0,207.0,621.0,UNICA,-45.0,-7.246376811594203,-414.0,-66.66666666666666
00006207,2022,11,11,11,571.0,208.0,622.0,UNICA,-51.0,-8.19935691318328,-414.0,-66.55948553054662
00006207,2022,12,11,11,572.0,209.0,623.0,UNICA,-51.0,-8.186195826645266,-414.0,-66.45264847512038
00006207,2023,1,12,12,586.0,214.0,586.0,UNICA,0.0,0.0,-372.0,-63.48122866894198
00006207,2023,2,12,12,586.0,214.0,586.0,UNICA,0.0,0.0,-372.0,-63.48122866894198
00006207,2023,3,12,12,586.0,214.0,586.0,UNICA,0.0,0.0,-372.0,-63.48122866894198
00006207,2023,4,12,12,586.0,214.0,586.0,UNICA,0.0,0.0,-372.0,-63.48122866894198
00006207,2023,5,12,12,586.0,214.0,586.0,UNICA,0.0,0.0,-372.0,-63.48122866894198
00006207,2023,6,12,12,593.0,214.0,593.0,UNICA,0.0,0.0,-379.0,-63.91231028667791
00006207,2023,7,12,12,618.0,213.0,618.0,UNICA,0.0,0.0,-405.0,-65.53398058252428
00006207,2023,8,12,12,618.0,213.0,618.0,UNICA,0.0,0.0,-405.0,-65.53398058252428
00006207,2023,9,12,12,627.0,222.0,627.0,UNICA,0.0,0.0,-405.0,-64.5933014354067
00006207,2023,10,12,12,616.0,211.0,616.0,UNICA,0.0,0.0,-405.0,-65.74675324675324
00006207,2023,11,12,12,626.0,221.0,626.0,UNICA,0.0,0.0,-405.0,-64.6964856230032
00006207,2023,12,12,12,626.0,221.0,626.0,UNICA,0.0,0.0,-405.0,-64.6964856230032
00006207,2024,1,12,12,618.0,221.0,618.0,UNICA,0.0,0.0,-397.0,-64.23948220064725
00006207,2024,2,12,12,606.0,221.0,606.0,UNICA,0.0,0.0,-385.0,-63.53135313531353
00006207,2024,3,12,12,607.0,222.0,607.0,UNICA,0.0,0.0,-385.0,-63.426688632619445
00006207,2024,4,12,12,604.0,219.0,604.0,UNICA,0.0,0.0,-385.0,-63.741721854304636
00006207,2024,5,12,12,608.0,223.0,608.0,UNICA,0.0,0.0,-385.0,-63.32236842105263
00006207,2024,6,12,12,604.0,219.0,604.0,UNICA,0.0,0.0,-385.0,-63.741721854304636
00006207,2024,7,12,12,608.0,223.0,608.0,UNICA,0.0,0.0,-385.0,-63.32236842105263
00006207,2024,8,12,12,607.0,223.0,607.0,UNICA,0.0,0.0,-384.0,-63.26194398682043
00006207,2024,9,12,12,607.0,223.0,607.0,UNICA,0.0,0.0,-384.0,-63.26194398682043
00006207,2024,10,12,12,607.0,223.0,607.0,UNICA,0.0,0.0,-384.0,-63.26194398682043
00006207,2024,11,12,12,607.0,223.0,607.0,UNICA,0.0,0.0,-384.0,-63.26194398682043
00006207,2024,12,12,12,607.0,223.0,607.0,UNICA,0.0,0.0,-384.0,-63.26194398682043
00006207,2025,1,15,15,623.0,213.0,623.0,UNICA,0.0,0.0,-410.0,-65.81059390048154
00006207,2025,2,15,15,623.0,213.0,623.0,UNICA,0.0,0.0,-410.0,-65.81059390048154
00006207,2025,3,15,15,623.0,213.0,623.0,UNICA,0.0,0.0,-410.0,-65.81059390048154
00006207,2025,4,15,15,623.0,213.0,623.0,UNICA,0.0,0.0,-410.0,-65.81059390048154
00006207,2025,5,15,15,623.0,213.0,623.0,UNICA,0.0,0.0,-410.0,-65.81059390048154
00006207,2025,6,15,15,623.0,213.0,623.0,UNICA,0.0,0.0,-410.0,-65.81059390048154
00006207,2025,7,15,15,623.0,213.0,623.0,UNICA,0.0,0.0,-410.0,-65.81059390048154
00006207,2025,8,15,15,623.0,213.0,623.0,UNICA,0.0,0.0,-410.0,-65.81059390048154
00006207,2025,9,15,15,623.0,213.0,623.0,UNICA,0.0,0.0,-410.0,-65.81059390048154
00006207,2025,10,15,15,623.0,213.0,623.0,UNICA,0.0,0.0,-410.0,-65.81059390048154
00006207,2025,11,15,15,622.0,213.0,622.0,UNICA,0.0,0.0,-409.0,-65.7556270096463
00006207,2025,12,2,2,51.0,45.0,622.0,UNICA,-571.0,-91.80064308681672,-577.0,-92.7652733118971
00006207,2026,1,21,21,618.0,203.0,618.0,UNICA,0.0,0.0,-415.0,-67.15210355987054
00006207,2026,2,21,21,618.0,203.0,618.0,UNICA,0.0,0.0,-415.0,-67.15210355987054
00006207,2026,3,21,21,617.0,203.0,617.0,UNICA,0.0,0.0,-414.0,-67.09886547811993
00006208,2015,8,5,5,390.0,235.0,368.0,UNICA,22.0,5.978260869565218,-133.0,-36.141304347826086
00006208,2015,9,5,5,391.0,236.0,431.0,UNICA,-40.0,-9.280742459396752,-195.0,-45.243619489559165
00006208,2015,10,5,5,403.0,248.0,415.0,UNICA,-12.0,-2.891566265060241,-167.0,-40.24096385542168
00006208,2015,11,5,5,390.0,235.0,416.0,UNICA,-26.0,-6.25,-181.0,-43.50961538461539
00006208,2015,12,5,5,390.0,235.0,416.0,UNICA,-26.0,-6.25,-181.0,-43.50961538461539
00006208,2016,1,5,5,385.0,235.0,398.0,UNICA,-13.0,-3.2663316582914574,-163.0,-40.95477386934673
00006208,2016,2,5,5,388.0,238.0,398.0,UNICA,-10.0,-2.512562814070352,-160.0,-40.20100502512563
00006208,2016,3,5,5,390.0,235.0,398.0,UNICA,-8.0,-2.0100502512562812,-163.0,-40.95477386934673
00006208,2016,4,5,5,390.0,235.0,398.0,UNICA,-8.0,-2.0100502512562812,-163.0,-40.95477386934673
00006208,2016,5,5,5,389.0,234.0,398.0,UNICA,-9.0,-2.261306532663317,-164.0,-41.20603015075377
00006208,2016,6,5,5,390.0,235.0,398.0,UNICA,-8.0,-2.0100502512562812,-163.0,-40.95477386934673
00006208,2016,7,5,5,439.0,274.0,429.0,UNICA,10.0,2.331002331002331,-155.0,-36.13053613053613
00006208,2016,8,5,5,400.0,235.0,429.0,UNICA,-29.0,-6.75990675990676,-194.0,-45.22144522144522
00006208,2016,9,5,5,403.0,248.0,429.0,UNICA,-26.0,-6.0606060606060606,-181.0,-42.19114219114219
00006208,2016,10,1,1,20.0,20.0,429.0,UNICA,-409.0,-95.33799533799534,-409.0,-95.33799533799534
00006208,2016,11,1,1,20.0,20.0,429.0,UNICA,-409.0,-95.33799533799534,-409.0,-95.33799533799534
00006208,2016,12,5,5,403.0,248.0,429.0,UNICA,-26.0,-6.0606060606060606,-181.0,-42.19114219114219
00006208,2017,1,5,5,428.0,278.0,429.0,UNICA,-1.0,-0.2331002331002331,-151.0,-35.1981351981352
00006208,2017,2,5,5,401.0,246.0,433.0,UNICA,-32.0,-7.390300230946882,-187.0,-43.187066974595844
00006208,2017,3,5,5,398.0,248.0,433.0,UNICA,-35.0,-8.083140877598153,-185.0,-42.725173210161664
00006208,2017,4,5,5,429.0,274.0,433.0,UNICA,-4.0,-0.9237875288683602,-159.0,-36.72055427251732
00006208,2017,5,5,5,429.0,274.0,433.0,UNICA,-4.0,-0.9237875288683602,-159.0,-36.72055427251732
00006208,2017,6,5,5,429.0,274.0,433.0,UNICA,-4.0,-0.9237875288683602,-159.0,-36.72055427251732
00006208,2017,7,5,5,413.0,258.0,433.0,UNICA,-20.0,-4.618937644341801,-175.0,-40.415704387990765
00006208,2017,8,5,5,413.0,258.0,433.0,UNICA,-20.0,-4.618937644341801,-175.0,-40.415704387990765
00006208,2017,9,5,5,403.0,248.0,433.0,UNICA,-30.0,-6.928406466512701,-185.0,-42.725173210161664
00006208,2017,10,5,5,400.0,246.0,433.0,UNICA,-33.0,-7.621247113163972,-187.0,-43.187066974595844
00006208,2017,11,5,5,400.0,246.0,433.0,UNICA,-33.0,-7.621247113163972,-187.0,-43.187066974595844
00006208,2017,12,5,5,398.0,243.0,433.0,UNICA,-35.0,-8.083140877598153,-190.0,-43.87990762124711
00006208,2018,1,5,5,400.0,245.0,403.0,UNICA,-3.0,-0.7444168734491315,-158.0,-39.20595533498759
00006208,2018,2,5,5,400.0,245.0,403.0,UNICA,-3.0,-0.7444168734491315,-158.0,-39.20595533498759
00006208,2018,3,5,5,396.0,246.0,398.0,UNICA,-2.0,-0.5025125628140703,-152.0,-38.19095477386934
00006208,2018,4,5,5,396.0,246.0,398.0,UNICA,-2.0,-0.5025125628140703,-152.0,-38.19095477386934
00006208,2018,5,5,5,396.0,246.0,398.0,UNICA,-2.0,-0.5025125628140703,-152.0,-38.19095477386934
00006208,2018,6,5,5,398.0,248.0,398.0,UNICA,0.0,0.0,-150.0,-37.68844221105528
00006208,2018,7,5,5,398.0,248.0,398.0,UNICA,0.0,0.0,-150.0,-37.68844221105528
00006208,2018,8,5,5,398.0,248.0,398.0,UNICA,0.0,0.0,-150.0,-37.68844221105528
00006208,2018,9,5,5,401.0,248.0,398.0,UNICA,3.0,0.7537688442211055,-150.0,-37.68844221105528
00006208,2018,10,5,5,398.0,248.0,398.0,UNICA,0.0,0.0,-150.0,-37.68844221105528
00006208,2018,11,5,5,398.0,248.0,398.0,UNICA,0.0,0.0,-150.0,-37.68844221105528
00006208,2019,1,5,5,398.0,248.0,403.0,UNICA,-5.0,-1.240694789081886,-155.0,-38.46153846153847
00006208,2019,2,5,5,398.0,248.0,403.0,UNICA,-5.0,-1.240694789081886,-155.0,-38.46153846153847
00006208,2019,3,5,5,398.0,248.0,403.0,UNICA,-5.0,-1.240694789081886,-155.0,-38.46153846153847
00006208,2019,4,5,5,398.0,248.0,397.0,UNICA,1.0,0.2518891687657431,-149.0,-37.531486146095716
00006208,2019,5,5,5,398.0,248.0,397.0,UNICA,1.0,0.2518891687657431,-149.0,-37.531486146095716
00006208,2019,6,5,5,398.0,248.0,397.0,UNICA,1.0,0.2518891687657431,-149.0,-37.531486146095716
00006208,2019,7,5,5,398.0,248.0,397.0,UNICA,1.0,0.2518891687657431,-149.0,-37.531486146095716
00006208,2019,8,5,5,398.0,248.0,397.0,UNICA,1.0,0.2518891687657431,-149.0,-37.531486146095716
00006208,2019,9,5,5,398.0,248.0,397.0,UNICA,1.0,0.2518891687657431,-149.0,-37.531486146095716
00006208,2019,10,4,4,308.0,248.0,397.0,UNICA,-89.0,-22.418136020151135,-149.0,-37.531486146095716
00006208,2019,11,4,4,308.0,248.0,397.0,UNICA,-89.0,-22.418136020151135,-149.0,-37.531486146095716
00006208,2020,1,5,5,398.0,248.0,397.0,UNICA,1.0,0.2518891687657431,-149.0,-37.531486146095716
00006208,2020,2,5,5,398.0,248.0,397.0,UNICA,1.0,0.2518891687657431,-149.0,-37.531486146095716
00006208,2020,3,5,5,398.0,248.0,397.0,UNICA,1.0,0.2518891687657431,-149.0,-37.531486146095716
00006208,2020,4,5,5,412.0,262.0,397.0,UNICA,15.0,3.7783375314861463,-135.0,-34.005037783375315
00006208,2020,5,5,5,376.0,230.0,397.0,UNICA,-21.0,-5.289672544080604,-167.0,-42.0654911838791
00006208,2020,6,5,5,388.0,248.0,397.0,UNICA,-9.0,-2.2670025188916876,-149.0,-37.531486146095716
00006208,2020,7,5,5,393.0,248.0,397.0,UNICA,-4.0,-1.0075566750629723,-149.0,-37.531486146095716
00006208,2020,8,5,5,376.0,231.0,397.0,UNICA,-21.0,-5.289672544080604,-166.0,-41.81360201511335
00006208,2020,9,5,5,393.0,248.0,397.0,UNICA,-4.0,-1.0075566750629723,-149.0,-37.531486146095716
00006208,2020,10,5,5,398.0,248.0,397.0,UNICA,1.0,0.2518891687657431,-149.0,-37.531486146095716
00006208,2020,11,5,5,383.0,233.0,397.0,UNICA,-14.0,-3.5264483627204033,-164.0,-41.30982367758186
00006208,2020,12,5,5,383.0,233.0,397.0,UNICA,-14.0,-3.5264483627204033,-164.0,-41.30982367758186
00006208,2021,1,5,5,383.0,233.0,383.0,UNICA,0.0,0.0,-150.0,-39.1644908616188
00006208,2021,2,5,5,383.0,233.0,397.0,UNICA,-14.0,-3.5264483627204033,-164.0,-41.30982367758186
00006208,2021,3,5,5,383.0,233.0,397.0,UNICA,-14.0,-3.5264483627204033,-164.0,-41.30982367758186
00006208,2021,4,5,5,383.0,233.0,397.0,UNICA,-14.0,-3.5264483627204033,-164.0,-41.30982367758186
00006208,2021,5,5,5,383.0,233.0,397.0,UNICA,-14.0,-3.5264483627204033,-164.0,-41.30982367758186
00006208,2021,6,5,5,378.0,233.0,397.0,UNICA,-19.0,-4.785894206549118,-164.0,-41.30982367758186
00006208,2021,7,5,5,378.0,233.0,397.0,UNICA,-19.0,-4.785894206549118,-164.0,-41.30982367758186
00006208,2021,8,5,5,371.0,225.0,397.0,UNICA,-26.0,-6.54911838790932,-172.0,-43.32493702770781
00006208,2021,9,5,5,370.0,225.0,397.0,UNICA,-27.0,-6.801007556675064,-172.0,-43.32493702770781
00006208,2021,10,5,5,370.0,225.0,397.0,UNICA,-27.0,-6.801007556675064,-172.0,-43.32493702770781
00006208,2021,11,5,5,365.0,222.0,397.0,UNICA,-32.0,-8.060453400503778,-175.0,-44.08060453400503
00006208,2021,12,5,5,365.0,222.0,397.0,UNICA,-32.0,-8.060453400503778,-175.0,-44.08060453400503
00006208,2022,1,5,5,351.0,205.0,397.0,UNICA,-46.0,-11.586901763224182,-192.0,-48.36272040302267
00006208,2022,2,5,5,351.0,205.0,397.0,UNICA,-46.0,-11.586901763224182,-192.0,-48.36272040302267
00006208,2022,3,5,5,368.0,222.0,397.0,UNICA,-29.0,-7.304785894206549,-175.0,-44.08060453400503
00006208,2022,4,5,5,370.0,222.0,397.0,UNICA,-27.0,-6.801007556675064,-175.0,-44.08060453400503
00006208,2022,5,5,5,368.0,220.0,397.0,UNICA,-29.0,-7.304785894206549,-177.0,-44.584382871536526
00006208,2022,6,5,5,368.0,220.0,397.0,UNICA,-29.0,-7.304785894206549,-177.0,-44.584382871536526
00006208,2022,7,5,5,367.0,220.0,397.0,UNICA,-30.0,-7.5566750629722925,-177.0,-44.584382871536526
00006208,2022,8,5,5,356.0,208.0,397.0,UNICA,-41.0,-10.327455919395465,-189.0,-47.607052896725435
00006208,2022,9,5,5,356.0,208.0,397.0,UNICA,-41.0,-10.327455919395465,-189.0,-47.607052896725435
00006208,2022,10,5,5,337.0,189.0,397.0,UNICA,-60.0,-15.113350125944585,-208.0,-52.39294710327456
00006208,2022,11,5,5,337.0,189.0,397.0,UNICA,-60.0,-15.113350125944585,-208.0,-52.39294710327456
00006208,2022,12,5,5,338.0,190.0,397.0,UNICA,-59.0,-14.86146095717884,-207.0,-52.141057934508815
00006208,2023,1,5,5,352.0,202.0,397.0,UNICA,-45.0,-11.335012594458437,-195.0,-49.1183879093199
00006208,2023,2,5,5,347.0,202.0,397.0,UNICA,-50.0,-12.594458438287154,-195.0,-49.1183879093199
00006208,2023,3,5,5,353.0,210.0,397.0,UNICA,-44.0,-11.083123425692696,-187.0,-47.103274559193956
00006208,2023,4,5,5,353.0,210.0,397.0,UNICA,-44.0,-11.083123425692696,-187.0,-47.103274559193956
00006208,2023,5,5,5,345.0,202.0,397.0,UNICA,-52.0,-13.09823677581864,-195.0,-49.1183879093199
00006208,2023,6,5,5,345.0,202.0,397.0,UNICA,-52.0,-13.09823677581864,-195.0,-49.1183879093199
00006208,2023,7,5,5,345.0,202.0,397.0,UNICA,-52.0,-13.09823677581864,-195.0,-49.1183879093199
00006208,2023,8,5,5,332.0,189.0,397.0,UNICA,-65.0,-16.3727959697733,-208.0,-52.39294710327456
00006208,2023,9,5,5,332.0,189.0,397.0,UNICA,-65.0,-16.3727959697733,-208.0,-52.39294710327456
00006208,2023,10,5,5,332.0,189.0,397.0,UNICA,-65.0,-16.3727959697733,-208.0,-52.39294710327456
00006208,2023,11,5,5,332.0,189.0,397.0,UNICA,-65.0,-16.3727959697733,-208.0,-52.39294710327456
00006208,2023,12,5,5,332.0,189.0,397.0,UNICA,-65.0,-16.3727959697733,-208.0,-52.39294710327456
00006208,2024,1,5,5,332.0,189.0,397.0,UNICA,-65.0,-16.3727959697733,-208.0,-52.39294710327456
00006208,2024,2,5,5,333.0,189.0,397.0,UNICA,-64.0,-16.120906801007557,-208.0,-52.39294710327456
00006208,2024,3,5,5,327.0,184.0,397.0,UNICA,-70.0,-17.632241813602015,-213.0,-53.65239294710328
00006208,2024,4,5,5,333.0,189.0,397.0,UNICA,-64.0,-16.120906801007557,-208.0,-52.39294710327456
00006208,2024,5,5,5,331.0,189.0,397.0,UNICA,-66.0,-16.624685138539043,-208.0,-52.39294710327456
00006208,2024,6,5,5,331.0,189.0,397.0,UNICA,-66.0,-16.624685138539043,-208.0,-52.39294710327456
00006208,2024,7,5,5,331.0,189.0,397.0,UNICA,-66.0,-16.624685138539043,-208.0,-52.39294710327456
00006208,2024,8,5,5,331.0,189.0,331.0,UNICA,0.0,0.0,-142.0,-42.90030211480362
00006208,2024,9,5,5,331.0,189.0,331.0,UNICA,0.0,0.0,-142.0,-42.90030211480362
00006208,2024,10,5,5,331.0,189.0,331.0,UNICA,0.0,0.0,-142.0,-42.90030211480362
00006208,2024,11,5,5,331.0,189.0,331.0,UNICA,0.0,0.0,-142.0,-42.90030211480362
00006208,2024,12,5,5,329.0,189.0,331.0,UNICA,-2.0,-0.6042296072507553,-142.0,-42.90030211480362
00006208,2025,1,5,5,332.0,189.0,331.0,UNICA,1.0,0.3021148036253776,-142.0,-42.90030211480362
00006208,2025,2,5,5,335.0,189.0,331.0,UNICA,4.0,1.2084592145015105,-142.0,-42.90030211480362
00006208,2025,3,5,5,334.0,189.0,331.0,UNICA,3.0,0.906344410876133,-142.0,-42.90030211480362
00006208,2025,4,5,5,334.0,189.0,331.0,UNICA,3.0,0.906344410876133,-142.0,-42.90030211480362
00006208,2025,5,5,5,334.0,189.0,331.0,UNICA,3.0,0.906344410876133,-142.0,-42.90030211480362
00006208,2025,6,5,5,334.0,189.0,331.0,UNICA,3.0,0.906344410876133,-142.0,-42.90030211480362
00006208,2025,7,5,5,334.0,189.0,331.0,UNICA,3.0,0.906344410876133,-142.0,-42.90030211480362
00006208,2025,8,5,5,334.0,189.0,336.0,UNICA,-2.0,-0.5952380952380952,-147.0,-43.75
00006208,2025,9,5,5,332.0,189.0,336.0,UNICA,-4.0,-1.1904761904761905,-147.0,-43.75
00006208,2025,10,5,5,333.0,189.0,336.0,UNICA,-3.0,-0.8928571428571428,-147.0,-43.75
00006208,2025,11,5,5,331.0,189.0,336.0,UNICA,-5.0,-1.488095238095238,-147.0,-43.75
00006208,2025,12,1,1,10.0,10.0,336.0,UNICA,-326.0,-97.02380952380952,-326.0,-97.02380952380952
00006208,2026,1,5,5,336.0,189.0,336.0,UNICA,0.0,0.0,-147.0,-43.75
00006208,2026,2,5,5,333.0,189.0,336.0,UNICA,-3.0,-0.8928571428571428,-147.0,-43.75
00006208,2026,3,5,5,335.0,189.0,336.0,UNICA,-1.0,-0.2976190476190476,-147.0,-43.75
00006209,2015,1,8,8,182.0,44.0,196.0,UNICA,-14.0,-7.142857142857142,-152.0,-77.55102040816327
00006209,2015,2,9,9,188.0,44.0,196.0,UNICA,-8.0,-4.081632653061225,-152.0,-77.55102040816327
00006209,2015,3,9,9,188.0,44.0,188.0,UNICA,0.0,0.0,-144.0,-76.59574468085107
00006209,2015,4,9,9,192.0,44.0,192.0,UNICA,0.0,0.0,-148.0,-77.08333333333334
00006209,2015,5,9,9,192.0,44.0,192.0,UNICA,0.0,0.0,-148.0,-77.08333333333334
00006209,2015,6,9,9,188.0,44.0,188.0,UNICA,0.0,0.0,-144.0,-76.59574468085107
00006209,2015,7,8,8,187.0,44.0,188.0,UNICA,-1.0,-0.5319148936170213,-144.0,-76.59574468085107
00006209,2015,8,8,8,188.0,44.0,188.0,UNICA,0.0,0.0,-144.0,-76.59574468085107
00006209,2015,9,9,9,188.0,44.0,188.0,UNICA,0.0,0.0,-144.0,-76.59574468085107
00006209,2015,10,9,9,187.0,44.0,187.0,UNICA,0.0,0.0,-143.0,-76.47058823529412
00006209,2015,11,8,8,186.0,44.0,187.0,UNICA,-1.0,-0.53475935828877,-143.0,-76.47058823529412
00006209,2015,12,8,8,175.0,41.0,175.0,UNICA,0.0,0.0,-134.0,-76.57142857142857
00006209,2016,1,8,8,171.0,41.0,171.0,UNICA,0.0,0.0,-130.0,-76.0233918128655
00006209,2016,2,8,8,176.0,41.0,176.0,UNICA,0.0,0.0,-135.0,-76.70454545454545
00006209,2016,3,8,8,175.0,41.0,48.0,UNICA,127.0,264.58333333333337,-7.0,-14.583333333333334
00006209,2016,4,8,8,162.0,40.0,163.0,UNICA,-1.0,-0.6134969325153374,-123.0,-75.4601226993865
00006209,2016,5,8,8,177.0,41.0,177.0,UNICA,0.0,0.0,-136.0,-76.8361581920904
00006209,2016,6,8,8,177.0,40.0,178.0,UNICA,-1.0,-0.5617977528089888,-138.0,-77.52808988764045
00006209,2016,7,8,8,178.0,41.0,178.0,UNICA,0.0,0.0,-137.0,-76.96629213483146
00006209,2016,8,8,8,178.0,41.0,178.0,UNICA,0.0,0.0,-137.0,-76.96629213483146
00006209,2016,9,8,8,178.0,41.0,178.0,UNICA,0.0,0.0,-137.0,-76.96629213483146
00006209,2016,10,8,8,147.0,37.0,147.0,UNICA,0.0,0.0,-110.0,-74.82993197278913
00006209,2016,11,8,8,147.0,36.0,148.0,UNICA,-1.0,-0.6756756756756757,-112.0,-75.67567567567568
00006209,2016,12,8,8,147.0,36.0,148.0,UNICA,-1.0,-0.6756756756756757,-112.0,-75.67567567567568
00006209,2017,1,8,8,147.0,36.0,148.0,UNICA,-1.0,-0.6756756756756757,-112.0,-75.67567567567568
00006209,2017,2,9,9,163.0,39.0,163.0,UNICA,0.0,0.0,-124.0,-76.07361963190185
00006209,2017,3,8,8,160.0,40.0,161.0,UNICA,-1.0,-0.6211180124223602,-121.0,-75.15527950310559
00006209,2017,4,8,8,154.0,39.0,154.0,UNICA,0.0,0.0,-115.0,-74.67532467532467
00006209,2017,5,8,8,162.0,39.0,162.0,UNICA,0.0,0.0,-123.0,-75.92592592592592
00006209,2017,6,9,9,162.0,38.0,162.0,UNICA,0.0,0.0,-124.0,-76.5432098765432
00006209,2017,7,9,9,162.0,38.0,162.0,UNICA,0.0,0.0,-124.0,-76.5432098765432
00006209,2017,8,8,8,161.0,38.0,162.0,UNICA,-1.0,-0.6172839506172839,-124.0,-76.5432098765432
00006209,2017,9,8,8,144.0,37.0,244.0,UNICA,-100.0,-40.98360655737705,-207.0,-84.8360655737705
00006209,2017,10,8,8,143.0,36.0,143.0,UNICA,0.0,0.0,-107.0,-74.82517482517483
00006209,2017,11,8,8,155.0,36.0,155.0,UNICA,0.0,0.0,-119.0,-76.77419354838709
00006209,2017,12,8,8,157.0,36.0,157.0,UNICA,0.0,0.0,-121.0,-77.07006369426752
00006209,2018,1,8,8,158.0,36.0,157.0,UNICA,1.0,0.6369426751592357,-121.0,-77.07006369426752
00006209,2018,2,8,8,145.0,35.0,146.0,UNICA,-1.0,-0.684931506849315,-111.0,-76.02739726027397
00006209,2018,3,8,8,144.0,34.0,144.0,UNICA,0.0,0.0,-110.0,-76.38888888888889
00006209,2018,4,8,8,159.0,35.0,160.0,UNICA,-1.0,-0.625,-125.0,-78.125
00006209,2018,5,8,8,153.0,34.0,153.0,UNICA,0.0,0.0,-119.0,-77.77777777777779
00006209,2018,6,8,8,144.0,36.0,144.0,UNICA,0.0,0.0,-108.0,-75.0
00006209,2018,7,9,9,143.0,36.0,143.0,UNICA,0.0,0.0,-107.0,-74.82517482517483
00006209,2018,8,8,8,133.0,36.0,145.0,UNICA,-12.0,-8.275862068965518,-109.0,-75.17241379310344
00006209,2018,9,8,8,140.0,35.0,140.0,UNICA,0.0,0.0,-105.0,-75.0
00006209,2018,10,8,8,149.0,36.0,150.0,UNICA,-1.0,-0.6666666666666667,-114.0,-76.0
00006209,2018,11,8,8,158.0,36.0,159.0,UNICA,-1.0,-0.628930817610063,-123.0,-77.35849056603774
00006209,2019,1,8,8,158.0,36.0,158.0,UNICA,0.0,0.0,-122.0,-77.21518987341773
00006209,2019,2,8,8,159.0,36.0,159.0,UNICA,0.0,0.0,-123.0,-77.35849056603774
00006209,2019,3,8,8,158.0,35.0,158.0,UNICA,0.0,0.0,-123.0,-77.84810126582279
00006209,2019,4,8,8,156.0,35.0,157.0,UNICA,-1.0,-0.6369426751592357,-122.0,-77.70700636942675
00006209,2019,5,8,8,155.0,35.0,155.0,UNICA,0.0,0.0,-120.0,-77.41935483870968
00006209,2019,6,8,8,156.0,35.0,156.0,UNICA,0.0,0.0,-121.0,-77.56410256410257
00006209,2019,7,8,8,157.0,36.0,157.0,UNICA,0.0,0.0,-121.0,-77.07006369426752
00006209,2019,8,8,8,157.0,36.0,157.0,UNICA,0.0,0.0,-121.0,-77.07006369426752
00006209,2019,9,8,8,156.0,36.0,156.0,UNICA,0.0,0.0,-120.0,-76.92307692307693
00006209,2019,10,8,8,153.0,36.0,153.0,UNICA,0.0,0.0,-117.0,-76.47058823529412
00006209,2019,11,8,8,148.0,37.0,148.0,UNICA,0.0,0.0,-111.0,-75.0
00006209,2020,1,8,8,151.0,37.0,150.0,UNICA,1.0,0.6666666666666667,-113.0,-75.33333333333333
00006209,2020,2,8,8,153.0,37.0,153.0,UNICA,0.0,0.0,-116.0,-75.81699346405229
00006209,2020,3,7,7,122.0,32.0,133.0,UNICA,-11.0,-8.270676691729323,-101.0,-75.93984962406014
00006209,2020,4,7,7,114.0,24.0,82.0,UNICA,32.0,39.02439024390244,-58.0,-70.73170731707317
00006209,2020,5,7,7,102.0,24.0,102.0,UNICA,0.0,0.0,-78.0,-76.47058823529412
00006209,2020,6,7,7,98.0,24.0,97.0,UNICA,1.0,1.0309278350515463,-73.0,-75.25773195876289
00006209,2020,7,7,7,103.0,24.0,108.0,UNICA,-5.0,-4.62962962962963,-84.0,-77.77777777777779
00006209,2020,8,7,7,111.0,34.0,111.0,UNICA,0.0,0.0,-77.0,-69.36936936936937
00006209,2020,9,7,7,106.0,33.0,105.0,UNICA,1.0,0.9523809523809524,-72.0,-68.57142857142857
00006209,2020,10,7,7,106.0,33.0,105.0,UNICA,1.0,0.9523809523809524,-72.0,-68.57142857142857
00006209,2020,11,7,7,124.0,43.0,124.0,UNICA,0.0,0.0,-81.0,-65.32258064516128
00006209,2020,12,7,7,118.0,44.0,118.0,UNICA,0.0,0.0,-74.0,-62.71186440677966
00006209,2021,1,7,7,118.0,44.0,118.0,UNICA,0.0,0.0,-74.0,-62.71186440677966
00006209,2021,2,7,7,119.0,44.0,118.0,UNICA,1.0,0.847457627118644,-74.0,-62.71186440677966
00006209,2021,3,7,7,118.0,44.0,119.0,UNICA,-1.0,-0.8403361344537815,-75.0,-63.02521008403361
00006209,2021,4,7,7,119.0,44.0,119.0,UNICA,0.0,0.0,-75.0,-63.02521008403361
00006209,2021,5,7,7,118.0,43.0,118.0,UNICA,0.0,0.0,-75.0,-63.559322033898304
00006209,2021,6,7,7,117.0,42.0,116.0,UNICA,1.0,0.8620689655172413,-74.0,-63.793103448275865
00006209,2021,7,7,7,117.0,43.0,117.0,UNICA,0.0,0.0,-74.0,-63.24786324786324
00006209,2021,8,7,7,117.0,43.0,117.0,UNICA,0.0,0.0,-74.0,-63.24786324786324
00006209,2021,9,7,7,116.0,42.0,116.0,UNICA,0.0,0.0,-74.0,-63.793103448275865
00006209,2021,10,7,7,117.0,42.0,117.0,UNICA,0.0,0.0,-75.0,-64.1025641025641
00006209,2021,11,8,8,123.0,41.0,123.0,UNICA,0.0,0.0,-82.0,-66.66666666666666
00006209,2021,12,8,8,124.0,43.0,123.0,UNICA,1.0,0.8130081300813009,-80.0,-65.04065040650406
00006209,2022,1,8,8,122.0,42.0,122.0,UNICA,0.0,0.0,-80.0,-65.57377049180327
00006209,2022,2,8,8,121.0,42.0,121.0,UNICA,0.0,0.0,-79.0,-65.28925619834712
00006209,2022,3,8,8,132.0,42.0,132.0,UNICA,0.0,0.0,-90.0,-68.18181818181817
00006209,2022,4,8,8,117.0,32.0,116.0,UNICA,1.0,0.8620689655172413,-84.0,-72.41379310344827
00006209,2022,5,8,8,120.0,33.0,120.0,UNICA,0.0,0.0,-87.0,-72.5
00006209,2022,6,9,9,128.0,33.0,128.0,UNICA,0.0,0.0,-95.0,-74.21875
00006209,2022,7,9,9,139.0,34.0,139.0,UNICA,0.0,0.0,-105.0,-75.53956834532374
00006209,2022,8,9,9,128.0,34.0,128.0,UNICA,0.0,0.0,-94.0,-73.4375
00006209,2022,9,9,9,130.0,33.0,129.0,UNICA,1.0,0.7751937984496124,-96.0,-74.4186046511628
00006209,2022,10,9,9,130.0,33.0,130.0,UNICA,0.0,0.0,-97.0,-74.61538461538461
00006209,2022,11,9,9,130.0,33.0,130.0,UNICA,0.0,0.0,-97.0,-74.61538461538461
00006209,2022,12,9,9,130.0,33.0,129.0,UNICA,1.0,0.7751937984496124,-96.0,-74.4186046511628
00006209,2023,1,9,9,130.0,33.0,129.0,UNICA,1.0,0.7751937984496124,-96.0,-74.4186046511628
00006209,2023,2,9,9,130.0,33.0,130.0,UNICA,0.0,0.0,-97.0,-74.61538461538461
00006209,2023,3,9,9,130.0,33.0,130.0,UNICA,0.0,0.0,-97.0,-74.61538461538461
00006209,2023,4,9,9,130.0,33.0,130.0,UNICA,0.0,0.0,-97.0,-74.61538461538461
00006209,2023,5,9,9,131.0,33.0,131.0,UNICA,0.0,0.0,-98.0,-74.80916030534351
00006209,2023,6,9,9,131.0,33.0,131.0,UNICA,0.0,0.0,-98.0,-74.80916030534351
00006209,2023,7,9,9,131.0,33.0,131.0,UNICA,0.0,0.0,-98.0,-74.80916030534351
00006209,2023,8,9,9,134.0,33.0,134.0,UNICA,0.0,0.0,-101.0,-75.3731343283582
00006209,2023,9,9,9,134.0,33.0,134.0,UNICA,0.0,0.0,-101.0,-75.3731343283582
00006209,2023,10,9,9,135.0,33.0,135.0,UNICA,0.0,0.0,-102.0,-75.55555555555556
00006209,2023,11,8,8,129.0,33.0,135.0,UNICA,-6.0,-4.444444444444445,-102.0,-75.55555555555556
00006209,2023,12,8,8,126.0,33.0,129.0,UNICA,-3.0,-2.3255813953488373,-96.0,-74.4186046511628
00006209,2024,1,9,9,132.0,33.0,131.0,UNICA,1.0,0.7633587786259541,-98.0,-74.80916030534351
00006209,2024,2,9,9,132.0,33.0,132.0,UNICA,0.0,0.0,-99.0,-75.0
00006209,2024,3,9,9,132.0,33.0,131.0,UNICA,1.0,0.7633587786259541,-98.0,-74.80916030534351
00006209,2024,4,9,9,132.0,33.0,131.0,UNICA,1.0,0.7633587786259541,-98.0,-74.80916030534351
00006209,2024,5,9,9,131.0,33.0,131.0,UNICA,0.0,0.0,-98.0,-74.80916030534351
00006209,2024,6,9,9,130.0,33.0,130.0,UNICA,0.0,0.0,-97.0,-74.61538461538461
00006209,2024,7,9,9,131.0,33.0,130.0,UNICA,1.0,0.7692307692307693,-97.0,-74.61538461538461
00006209,2024,8,9,9,131.0,33.0,131.0,UNICA,0.0,0.0,-98.0,-74.80916030534351
00006209,2024,9,9,9,130.0,33.0,130.0,UNICA,0.0,0.0,-97.0,-74.61538461538461
00006209,2024,10,9,9,127.0,33.0,128.0,UNICA,-1.0,-0.78125,-95.0,-74.21875
00006209,2024,11,9,9,120.0,33.0,120.0,UNICA,0.0,0.0,-87.0,-72.5
00006209,2024,12,9,9,121.0,33.0,121.0,UNICA,0.0,0.0,-88.0,-72.72727272727273
00006209,2025,1,9,9,130.0,33.0,130.0,UNICA,0.0,0.0,-97.0,-74.61538461538461
00006209,2025,2,9,9,128.0,33.0,127.0,UNICA,1.0,0.7874015748031495,-94.0,-74.01574803149606
00006209,2025,3,9,9,119.0,33.0,119.0,UNICA,0.0,0.0,-86.0,-72.26890756302521
00006209,2025,4,9,9,126.0,33.0,125.0,UNICA,1.0,0.8,-92.0,-73.6
00006209,2025,5,9,9,130.0,33.0,130.0,UNICA,0.0,0.0,-97.0,-74.61538461538461
00006209,2025,6,9,9,131.0,33.0,131.0,UNICA,0.0,0.0,-98.0,-74.80916030534351
00006209,2025,7,9,9,130.0,33.0,130.0,UNICA,0.0,0.0,-97.0,-74.61538461538461
00006209,2025,8,9,9,130.0,33.0,130.0,UNICA,0.0,0.0,-97.0,-74.61538461538461
00006209,2025,9,9,9,131.0,33.0,131.0,UNICA,0.0,0.0,-98.0,-74.80916030534351
00006209,2025,10,9,9,130.0,33.0,129.0,UNICA,1.0,0.7751937984496124,-96.0,-74.4186046511628
00006209,2025,11,9,9,130.0,33.0,130.0,UNICA,0.0,0.0,-97.0,-74.61538461538461
00006209,2025,12,1,1,6.0,6.0,123.0,UNICA,-117.0,-95.1219512195122,-117.0,-95.1219512195122
00006209,2026,1,9,9,121.0,29.0,121.0,UNICA,0.0,0.0,-92.0,-76.03305785123968
00006209,2026,2,9,9,121.0,28.0,121.0,UNICA,0.0,0.0,-93.0,-76.85950413223141
00006209,2026,3,9,9,121.0,28.0,121.0,UNICA,0.0,0.0,-93.0,-76.85950413223141
00006210,2015,7,5,5,242.0,200.0,411.0,UNICA,-169.0,-41.119221411192214,-211.0,-51.338199513382
00006210,2015,8,4,4,234.0,200.0,352.0,UNICA,-118.0,-33.52272727272727,-152.0,-43.18181818181818
00006210,2015,9,4,4,253.0,211.0,412.0,UNICA,-159.0,-38.592233009708735,-201.0,-48.786407766990294
00006210,2015,10,5,5,250.0,208.0,,,,,,
00006210,2015,11,5,5,373.0,208.0,,,,,,
00006210,2015,12,5,5,375.0,197.0,412.0,UNICA,-37.0,-8.980582524271846,-215.0,-52.18446601941748
00006210,2016,1,5,5,366.0,192.0,412.0,UNICA,-46.0,-11.165048543689322,-220.0,-53.398058252427184
00006210,2016,2,4,4,257.0,214.0,412.0,UNICA,-155.0,-37.62135922330097,-198.0,-48.05825242718447
00006210,2016,3,5,5,266.0,220.0,414.0,UNICA,-148.0,-35.748792270531396,-194.0,-46.85990338164252
00006210,2016,4,5,5,251.0,208.0,414.0,UNICA,-163.0,-39.371980676328505,-206.0,-49.75845410628019
00006210,2016,5,5,5,256.0,205.0,414.0,UNICA,-158.0,-38.164251207729464,-209.0,-50.48309178743962
00006210,2016,6,5,5,248.0,202.0,414.0,UNICA,-166.0,-40.09661835748793,-212.0,-51.20772946859904
00006210,2016,7,6,6,398.0,217.0,414.0,UNICA,-16.0,-3.864734299516908,-197.0,-47.58454106280193
00006210,2016,8,5,5,410.0,221.0,414.0,UNICA,-4.0,-0.966183574879227,-193.0,-46.61835748792271
00006210,2016,9,5,5,387.0,207.0,414.0,UNICA,-27.0,-6.521739130434782,-207.0,-50.0
00006210,2016,10,4,4,253.0,203.0,414.0,UNICA,-161.0,-38.88888888888889,-211.0,-50.96618357487923
00006210,2016,11,4,4,203.0,173.0,414.0,UNICA,-211.0,-50.96618357487923,-241.0,-58.212560386473434
00006210,2016,12,4,4,209.0,188.0,414.0,UNICA,-205.0,-49.51690821256038,-226.0,-54.589371980676326
00006210,2017,1,2,2,17.0,15.0,414.0,UNICA,-397.0,-95.89371980676329,-399.0,-96.37681159420289
00006210,2017,2,5,5,230.0,143.0,414.0,UNICA,-184.0,-44.44444444444444,-271.0,-65.45893719806763
00006210,2017,3,5,5,216.0,142.0,414.0,UNICA,-198.0,-47.82608695652174,-272.0,-65.70048309178745
00006210,2017,4,5,5,227.0,141.0,414.0,UNICA,-187.0,-45.169082125603865,-273.0,-65.94202898550725
00006210,2017,5,7,7,381.0,145.0,424.0,UNICA,-43.0,-10.141509433962264,-279.0,-65.80188679245283
00006210,2017,6,6,6,342.0,149.0,424.0,UNICA,-82.0,-19.339622641509436,-275.0,-64.85849056603774
00006210,2017,7,6,6,302.0,113.0,424.0,UNICA,-122.0,-28.77358490566038,-311.0,-73.34905660377359
00006210,2017,8,7,7,351.0,142.0,426.0,UNICA,-75.0,-17.6056338028169,-284.0,-66.66666666666666
00006210,2017,9,6,6,265.0,155.0,426.0,UNICA,-161.0,-37.79342723004695,-271.0,-63.6150234741784
00006210,2017,10,6,6,265.0,157.0,456.0,UNICA,-191.0,-41.885964912280706,-299.0,-65.5701754385965
00006210,2017,11,7,7,351.0,142.0,424.0,UNICA,-73.0,-17.21698113207547,-282.0,-66.50943396226415
00006210,2017,12,7,7,364.0,155.0,424.0,UNICA,-60.0,-14.150943396226415,-269.0,-63.443396226415096
00006210,2018,1,7,7,370.0,146.0,418.0,UNICA,-48.0,-11.483253588516746,-272.0,-65.07177033492823
00006210,2018,2,6,6,244.0,147.0,418.0,UNICA,-174.0,-41.62679425837321,-271.0,-64.83253588516746
00006210,2018,3,6,6,248.0,143.0,418.0,UNICA,-170.0,-40.66985645933015,-275.0,-65.78947368421053
00006210,2018,4,6,6,363.0,140.0,418.0,UNICA,-55.0,-13.157894736842104,-278.0,-66.50717703349282
00006210,2018,5,5,5,255.0,168.0,419.0,UNICA,-164.0,-39.140811455847256,-251.0,-59.90453460620525
00006210,2018,6,6,6,248.0,152.0,420.0,UNICA,-172.0,-40.95238095238095,-268.0,-63.8095238095238
00006210,2018,7,6,6,262.0,156.0,420.0,UNICA,-158.0,-37.61904761904762,-264.0,-62.857142857142854
00006210,2018,8,5,5,225.0,150.0,420.0,UNICA,-195.0,-46.42857142857143,-270.0,-64.28571428571429
00006210,2018,9,5,5,231.0,152.0,420.0,UNICA,-189.0,-45.0,-268.0,-63.8095238095238
00006210,2018,10,5,5,221.0,145.0,420.0,UNICA,-199.0,-47.38095238095238,-275.0,-65.47619047619048
00006210,2018,11,6,6,230.0,132.0,414.0,UNICA,-184.0,-44.44444444444444,-282.0,-68.11594202898551
00006210,2019,1,5,5,224.0,146.0,410.0,UNICA,-186.0,-45.36585365853659,-264.0,-64.39024390243902
00006210,2019,2,6,6,244.0,150.0,413.0,UNICA,-169.0,-40.92009685230024,-263.0,-63.68038740920097
00006210,2019,3,6,6,247.0,149.0,413.0,UNICA,-166.0,-40.19370460048426,-264.0,-63.922518159806295
00006210,2019,4,7,7,375.0,155.0,413.0,UNICA,-38.0,-9.200968523002421,-258.0,-62.469733656174334
00006210,2019,5,7,7,396.0,159.0,430.0,UNICA,-34.0,-7.906976744186046,-271.0,-63.0232558139535
00006210,2019,6,7,7,384.0,154.0,430.0,UNICA,-46.0,-10.69767441860465,-276.0,-64.18604651162791
00006210,2019,7,7,7,382.0,150.0,430.0,UNICA,-48.0,-11.162790697674419,-280.0,-65.11627906976744
00006210,2019,8,6,6,249.0,147.0,430.0,UNICA,-181.0,-42.093023255813954,-283.0,-65.81395348837209
00006210,2019,9,5,5,212.0,137.0,430.0,UNICA,-218.0,-50.697674418604656,-293.0,-68.13953488372093
00006210,2019,10,5,5,244.0,156.0,430.0,UNICA,-186.0,-43.25581395348837,-274.0,-63.72093023255814
00006210,2019,11,5,5,219.0,146.0,428.0,UNICA,-209.0,-48.831775700934585,-282.0,-65.88785046728972
00006210,2020,1,3,3,265.0,136.0,428.0,UNICA,-163.0,-38.084112149532714,-292.0,-68.22429906542055
00006210,2020,2,4,4,329.0,160.0,428.0,UNICA,-99.0,-23.130841121495326,-268.0,-62.616822429906534
00006210,2020,3,3,3,297.0,166.0,423.0,UNICA,-126.0,-29.78723404255319,-257.0,-60.7565011820331
00006210,2020,4,3,3,142.0,78.0,423.0,UNICA,-281.0,-66.43026004728132,-345.0,-81.56028368794325
00006210,2020,5,3,3,133.0,70.0,423.0,UNICA,-290.0,-68.5579196217494,-353.0,-83.451536643026
00006210,2020,6,4,4,178.0,108.0,429.0,UNICA,-251.0,-58.5081585081585,-321.0,-74.82517482517483
00006210,2020,7,5,5,241.0,127.0,431.0,UNICA,-190.0,-44.08352668213457,-304.0,-70.53364269141531
00006210,2020,8,5,5,269.0,131.0,303.0,UNICA,-34.0,-11.221122112211221,-172.0,-56.76567656765676
00006210,2020,9,4,4,243.0,145.0,341.0,UNICA,-98.0,-28.739002932551323,-196.0,-57.478005865102645
00006210,2020,10,4,4,235.0,136.0,392.0,UNICA,-157.0,-40.05102040816326,-256.0,-65.3061224489796
00006210,2020,11,5,5,344.0,166.0,392.0,UNICA,-48.0,-12.244897959183673,-226.0,-57.6530612244898
00006210,2020,12,5,5,364.0,167.0,392.0,UNICA,-28.0,-7.142857142857142,-225.0,-57.39795918367348
00006210,2021,1,5,5,340.0,164.0,392.0,UNICA,-52.0,-13.26530612244898,-228.0,-58.16326530612245
00006210,2021,2,5,5,329.0,176.0,391.0,UNICA,-62.0,-15.856777493606138,-215.0,-54.987212276214834
00006210,2021,3,5,5,372.0,184.0,391.0,UNICA,-19.0,-4.859335038363171,-207.0,-52.94117647058824
00006210,2021,4,5,5,358.0,185.0,391.0,UNICA,-33.0,-8.439897698209718,-206.0,-52.685421994884905
00006210,2021,5,4,4,372.0,220.0,391.0,UNICA,-19.0,-4.859335038363171,-171.0,-43.73401534526854
00006210,2021,6,4,4,328.0,174.0,391.0,UNICA,-63.0,-16.11253196930946,-217.0,-55.49872122762148
00006210,2021,7,5,5,343.0,179.0,401.0,UNICA,-58.0,-14.463840399002494,-222.0,-55.36159600997507
00006210,2021,8,4,4,345.0,191.0,401.0,UNICA,-56.0,-13.96508728179551,-210.0,-52.36907730673317
00006210,2021,9,4,4,381.0,188.0,401.0,UNICA,-20.0,-4.987531172069826,-213.0,-53.11720698254364
00006210,2021,10,4,4,363.0,173.0,406.0,UNICA,-43.0,-10.591133004926109,-233.0,-57.389162561576356
00006210,2021,11,5,5,341.0,157.0,406.0,UNICA,-65.0,-16.00985221674877,-249.0,-61.330049261083744
00006210,2021,12,5,5,363.0,158.0,406.0,UNICA,-43.0,-10.591133004926109,-248.0,-61.083743842364534
00006210,2022,1,5,5,361.0,161.0,413.0,UNICA,-52.0,-12.590799031477,-252.0,-61.016949152542374
00006210,2022,2,5,5,360.0,166.0,413.0,UNICA,-53.0,-12.832929782082324,-247.0,-59.80629539951574
00006210,2022,3,5,5,370.0,178.0,413.0,UNICA,-43.0,-10.411622276029057,-235.0,-56.90072639225182
00006210,2022,4,5,5,380.0,176.0,413.0,UNICA,-33.0,-7.990314769975787,-237.0,-57.384987893462466
00006210,2022,5,4,4,325.0,164.0,420.0,UNICA,-95.0,-22.61904761904762,-256.0,-60.952380952380956
00006210,2022,6,4,4,312.0,159.0,420.0,UNICA,-108.0,-25.71428571428571,-261.0,-62.142857142857146
00006210,2022,7,5,5,352.0,158.0,425.0,UNICA,-73.0,-17.176470588235293,-267.0,-62.82352941176471
00006210,2022,8,5,5,388.0,190.0,432.0,UNICA,-44.0,-10.185185185185185,-242.0,-56.018518518518526
00006210,2022,9,5,5,403.0,188.0,441.0,UNICA,-38.0,-8.616780045351474,-253.0,-57.36961451247166
00006210,2022,10,5,5,405.0,186.0,445.0,UNICA,-40.0,-8.98876404494382,-259.0,-58.20224719101124
00006210,2022,11,5,5,412.0,176.0,445.0,UNICA,-33.0,-7.415730337078652,-269.0,-60.449438202247194
00006210,2022,12,5,5,436.0,193.0,445.0,UNICA,-9.0,-2.0224719101123596,-252.0,-56.62921348314607
00006210,2023,1,5,5,423.0,189.0,443.0,UNICA,-20.0,-4.514672686230249,-254.0,-57.33634311512416
00006210,2023,2,5,5,378.0,167.0,443.0,UNICA,-65.0,-14.672686230248308,-276.0,-62.30248306997742
00006210,2023,3,4,4,327.0,154.0,443.0,UNICA,-116.0,-26.185101580135438,-289.0,-65.23702031602708
00006210,2023,4,4,4,312.0,140.0,444.0,UNICA,-132.0,-29.72972972972973,-304.0,-68.46846846846847
00006210,2023,5,5,5,315.0,138.0,444.0,UNICA,-129.0,-29.054054054054053,-306.0,-68.91891891891892
00006210,2023,6,4,4,317.0,135.0,445.0,UNICA,-128.0,-28.764044943820227,-310.0,-69.66292134831461
00006210,2023,7,4,4,307.0,132.0,445.0,UNICA,-138.0,-31.011235955056183,-313.0,-70.33707865168539
00006210,2023,8,4,4,269.0,126.0,439.0,UNICA,-170.0,-38.724373576309794,-313.0,-71.29840546697038
00006210,2023,9,4,4,285.0,132.0,440.0,UNICA,-155.0,-35.22727272727273,-308.0,-70.0
00006210,2023,10,5,5,353.0,167.0,431.0,UNICA,-78.0,-18.097447795823665,-264.0,-61.25290023201856
00006210,2023,11,5,5,329.0,153.0,431.0,UNICA,-102.0,-23.665893271461716,-278.0,-64.50116009280742
00006210,2023,12,4,4,297.0,132.0,428.0,UNICA,-131.0,-30.60747663551402,-296.0,-69.1588785046729
00006210,2024,1,6,6,337.0,127.0,428.0,UNICA,-91.0,-21.261682242990652,-301.0,-70.32710280373831
00006210,2024,2,6,6,337.0,127.0,428.0,UNICA,-91.0,-21.261682242990652,-301.0,-70.32710280373831
00006210,2024,3,6,6,337.0,127.0,428.0,UNICA,-91.0,-21.261682242990652,-301.0,-70.32710280373831
00006210,2024,4,5,5,212.0,124.0,430.0,UNICA,-218.0,-50.697674418604656,-306.0,-71.16279069767441
00006210,2024,5,5,5,212.0,124.0,436.0,UNICA,-224.0,-51.37614678899083,-312.0,-71.55963302752293
00006210,2024,6,6,6,339.0,127.0,436.0,UNICA,-97.0,-22.24770642201835,-309.0,-70.87155963302753
00006210,2024,7,6,6,339.0,127.0,439.0,UNICA,-100.0,-22.779043280182233,-312.0,-71.07061503416855
00006210,2024,8,6,6,336.0,127.0,440.0,UNICA,-104.0,-23.636363636363637,-313.0,-71.13636363636363
00006210,2024,9,6,6,338.0,127.0,451.0,UNICA,-113.0,-25.055432372505543,-324.0,-71.84035476718404
00006210,2024,10,6,6,353.0,132.0,472.0,UNICA,-119.0,-25.21186440677966,-340.0,-72.03389830508475
00006210,2024,11,6,6,353.0,132.0,471.0,UNICA,-118.0,-25.05307855626327,-339.0,-71.97452229299363
00006210,2024,12,6,6,353.0,132.0,479.0,UNICA,-126.0,-26.304801670146137,-347.0,-72.44258872651356
00006210,2025,1,6,6,361.0,140.0,480.0,UNICA,-119.0,-24.791666666666668,-340.0,-70.83333333333334
00006210,2025,2,6,6,361.0,140.0,480.0,UNICA,-119.0,-24.791666666666668,-340.0,-70.83333333333334
00006210,2025,3,6,6,361.0,140.0,485.0,UNICA,-124.0,-25.56701030927835,-345.0,-71.1340206185567
00006210,2025,4,6,6,361.0,140.0,485.0,UNICA,-124.0,-25.56701030927835,-345.0,-71.1340206185567
00006210,2025,5,6,6,349.0,128.0,474.0,UNICA,-125.0,-26.371308016877638,-346.0,-72.9957805907173
00006210,2025,6,6,6,349.0,128.0,396.0,UNICA,-47.0,-11.868686868686869,-268.0,-67.67676767676768
00006210,2025,7,5,5,343.0,128.0,396.0,UNICA,-53.0,-13.383838383838384,-268.0,-67.67676767676768
00006210,2025,8,5,5,343.0,128.0,396.0,UNICA,-53.0,-13.383838383838384,-268.0,-67.67676767676768
00006210,2025,9,5,5,341.0,127.0,396.0,UNICA,-55.0,-13.88888888888889,-269.0,-67.92929292929293
00006210,2025,10,4,4,313.0,127.0,396.0,UNICA,-83.0,-20.95959595959596,-269.0,-67.92929292929293
00006210,2025,11,4,4,324.0,127.0,396.0,UNICA,-72.0,-18.181818181818183,-269.0,-67.92929292929293
00006210,2025,12,1,1,20.0,20.0,396.0,UNICA,-376.0,-94.94949494949495,-376.0,-94.94949494949495
00006210,2026,1,4,4,324.0,127.0,396.0,UNICA,-72.0,-18.181818181818183,-269.0,-67.92929292929293
00006210,2026,2,5,5,346.0,131.0,396.0,UNICA,-50.0,-12.626262626262626,-265.0,-66.91919191919192
00006210,2026,3,5,5,345.0,131.0,396.0,UNICA,-51.0,-12.878787878787879,-265.0,-66.91919191919192
00006211,2015,8,8,8,196.0,56.0,193.0,UNICA,3.0,1.5544041450777202,-137.0,-70.98445595854922
00006211,2015,9,8,8,193.0,56.0,,,,,,
00006211,2015,10,8,8,193.0,56.0,,,,,,
00006211,2015,11,8,8,193.0,56.0,,,,,,
00006211,2015,12,8,8,193.0,56.0,193.0,UNICA,0.0,0.0,-137.0,-70.98445595854922
00006211,2016,1,8,8,193.0,56.0,,,,,,
00006211,2016,2,8,8,193.0,56.0,,,,,,
00006211,2016,3,8,8,193.0,56.0,,,,,,
00006211,2016,4,8,8,193.0,56.0,193.0,UNICA,0.0,0.0,-137.0,-70.98445595854922
00006211,2016,5,8,8,193.0,56.0,193.0,UNICA,0.0,0.0,-137.0,-70.98445595854922
00006211,2016,6,8,8,193.0,56.0,193.0,UNICA,0.0,0.0,-137.0,-70.98445595854922
00006211,2016,7,8,8,193.0,56.0,193.0,UNICA,0.0,0.0,-137.0,-70.98445595854922
00006211,2016,8,8,8,193.0,56.0,193.0,UNICA,0.0,0.0,-137.0,-70.98445595854922
00006211,2016,9,8,8,193.0,56.0,193.0,UNICA,0.0,0.0,-137.0,-70.98445595854922
00006211,2016,10,8,8,193.0,56.0,193.0,UNICA,0.0,0.0,-137.0,-70.98445595854922
00006211,2016,11,8,8,193.0,56.0,193.0,UNICA,0.0,0.0,-137.0,-70.98445595854922
00006211,2016,12,6,6,166.0,56.0,193.0,UNICA,-27.0,-13.989637305699482,-137.0,-70.98445595854922
00006211,2017,1,4,4,116.0,56.0,193.0,UNICA,-77.0,-39.89637305699482,-137.0,-70.98445595854922
00006211,2017,2,8,8,193.0,56.0,193.0,UNICA,0.0,0.0,-137.0,-70.98445595854922
00006211,2017,3,8,8,193.0,56.0,193.0,UNICA,0.0,0.0,-137.0,-70.98445595854922
00006211,2017,4,8,8,193.0,56.0,193.0,UNICA,0.0,0.0,-137.0,-70.98445595854922
00006211,2017,5,8,8,193.0,56.0,193.0,UNICA,0.0,0.0,-137.0,-70.98445595854922
00006211,2017,6,8,8,193.0,56.0,193.0,UNICA,0.0,0.0,-137.0,-70.98445595854922
00006211,2017,7,8,8,193.0,56.0,193.0,UNICA,0.0,0.0,-137.0,-70.98445595854922
00006211,2017,8,8,8,193.0,56.0,193.0,UNICA,0.0,0.0,-137.0,-70.98445595854922
00006211,2017,9,6,6,163.0,56.0,193.0,UNICA,-30.0,-15.544041450777202,-137.0,-70.98445595854922
00006211,2017,10,5,5,136.0,56.0,193.0,UNICA,-57.0,-29.533678756476682,-137.0,-70.98445595854922
00006211,2017,11,7,7,166.0,56.0,193.0,UNICA,-27.0,-13.989637305699482,-137.0,-70.98445595854922
00006211,2017,12,8,8,193.0,56.0,193.0,UNICA,0.0,0.0,-137.0,-70.98445595854922
00006211,2018,1,7,7,166.0,56.0,176.0,UNICA,-10.0,-5.681818181818182,-120.0,-68.18181818181817
00006211,2018,2,7,7,166.0,56.0,176.0,UNICA,-10.0,-5.681818181818182,-120.0,-68.18181818181817
00006211,2018,3,7,7,166.0,56.0,176.0,UNICA,-10.0,-5.681818181818182,-120.0,-68.18181818181817
00006211,2018,4,7,7,166.0,56.0,176.0,UNICA,-10.0,-5.681818181818182,-120.0,-68.18181818181817
00006211,2018,5,7,7,178.0,56.0,176.0,UNICA,2.0,1.1363636363636365,-120.0,-68.18181818181817
00006211,2018,6,6,6,134.0,40.0,176.0,UNICA,-42.0,-23.863636363636363,-136.0,-77.27272727272727
00006211,2018,7,6,6,154.0,56.0,176.0,UNICA,-22.0,-12.5,-120.0,-68.18181818181817
00006211,2018,8,7,7,181.0,56.0,176.0,UNICA,5.0,2.840909090909091,-120.0,-68.18181818181817
00006211,2018,9,8,8,193.0,56.0,176.0,UNICA,17.0,9.659090909090908,-120.0,-68.18181818181817
00006211,2018,10,8,8,193.0,56.0,176.0,UNICA,17.0,9.659090909090908,-120.0,-68.18181818181817
00006211,2018,11,8,8,176.0,40.0,176.0,UNICA,0.0,0.0,-136.0,-77.27272727272727
00006211,2019,1,6,6,116.0,40.0,176.0,UNICA,-60.0,-34.090909090909086,-136.0,-77.27272727272727
00006211,2019,2,6,6,116.0,40.0,176.0,UNICA,-60.0,-34.090909090909086,-136.0,-77.27272727272727
00006211,2019,3,7,7,164.0,40.0,176.0,UNICA,-12.0,-6.8181818181818175,-136.0,-77.27272727272727
00006211,2019,4,6,6,137.0,40.0,176.0,UNICA,-39.0,-22.15909090909091,-136.0,-77.27272727272727
00006211,2019,5,7,7,149.0,40.0,176.0,UNICA,-27.0,-15.340909090909092,-136.0,-77.27272727272727
00006211,2019,6,7,7,149.0,40.0,176.0,UNICA,-27.0,-15.340909090909092,-136.0,-77.27272727272727
00006211,2019,7,7,7,149.0,40.0,176.0,UNICA,-27.0,-15.340909090909092,-136.0,-77.27272727272727
00006211,2019,8,6,6,137.0,40.0,176.0,UNICA,-39.0,-22.15909090909091,-136.0,-77.27272727272727
00006211,2019,9,6,6,137.0,40.0,176.0,UNICA,-39.0,-22.15909090909091,-136.0,-77.27272727272727
00006211,2019,10,8,8,176.0,40.0,176.0,UNICA,0.0,0.0,-136.0,-77.27272727272727
00006211,2019,11,8,8,176.0,40.0,176.0,UNICA,0.0,0.0,-136.0,-77.27272727272727
00006211,2020,1,8,8,176.0,40.0,176.0,UNICA,0.0,0.0,-136.0,-77.27272727272727
00006211,2020,2,8,8,176.0,40.0,176.0,UNICA,0.0,0.0,-136.0,-77.27272727272727
00006211,2020,3,8,8,176.0,40.0,176.0,UNICA,0.0,0.0,-136.0,-77.27272727272727
00006211,2020,4,8,8,176.0,40.0,176.0,UNICA,0.0,0.0,-136.0,-77.27272727272727
00006211,2020,5,8,8,120.0,50.0,102.0,UNICA,18.0,17.647058823529413,-52.0,-50.98039215686274
00006211,2020,6,8,8,115.0,50.0,102.0,UNICA,13.0,12.745098039215685,-52.0,-50.98039215686274
00006211,2020,7,8,8,129.0,54.0,102.0,UNICA,27.0,26.47058823529412,-48.0,-47.05882352941176
00006211,2020,8,8,8,129.0,54.0,102.0,UNICA,27.0,26.47058823529412,-48.0,-47.05882352941176
00006211,2020,9,8,8,122.0,52.0,102.0,UNICA,20.0,19.607843137254903,-50.0,-49.01960784313725
00006211,2020,10,8,8,122.0,52.0,102.0,UNICA,20.0,19.607843137254903,-50.0,-49.01960784313725
00006211,2020,11,8,8,122.0,52.0,102.0,UNICA,20.0,19.607843137254903,-50.0,-49.01960784313725
00006211,2020,12,8,8,117.0,46.0,100.0,UNICA,17.0,17.0,-54.0,-54.0
00006211,2021,1,7,7,104.0,39.0,106.0,UNICA,-2.0,-1.8867924528301887,-67.0,-63.20754716981132
00006211,2021,2,7,7,103.0,39.0,106.0,UNICA,-3.0,-2.8301886792452833,-67.0,-63.20754716981132
00006211,2021,3,8,8,106.0,39.0,106.0,UNICA,0.0,0.0,-67.0,-63.20754716981132
00006211,2021,4,7,7,106.0,49.0,114.0,UNICA,-8.0,-7.017543859649122,-65.0,-57.01754385964912
00006211,2021,5,7,7,109.0,49.0,116.0,UNICA,-7.0,-6.0344827586206895,-67.0,-57.758620689655174
00006211,2021,6,8,8,109.0,49.0,116.0,UNICA,-7.0,-6.0344827586206895,-67.0,-57.758620689655174
00006211,2021,7,8,8,117.0,47.0,116.0,UNICA,1.0,0.8620689655172413,-69.0,-59.48275862068966
00006211,2021,8,8,8,117.0,47.0,134.0,UNICA,-17.0,-12.686567164179104,-87.0,-64.92537313432835
00006211,2021,9,8,8,117.0,47.0,134.0,UNICA,-17.0,-12.686567164179104,-87.0,-64.92537313432835
00006211,2021,10,8,8,117.0,47.0,134.0,UNICA,-17.0,-12.686567164179104,-87.0,-64.92537313432835
00006211,2021,11,8,8,121.0,47.0,134.0,UNICA,-13.0,-9.701492537313433,-87.0,-64.92537313432835
00006211,2021,12,8,8,121.0,47.0,134.0,UNICA,-13.0,-9.701492537313433,-87.0,-64.92537313432835
00006211,2022,1,8,8,95.0,20.0,140.0,UNICA,-45.0,-32.142857142857146,-120.0,-85.71428571428571
00006211,2022,2,7,7,89.0,20.0,140.0,UNICA,-51.0,-36.42857142857142,-120.0,-85.71428571428571
00006211,2022,3,7,7,95.0,26.0,140.0,UNICA,-45.0,-32.142857142857146,-114.0,-81.42857142857143
00006211,2022,4,8,8,98.0,30.0,140.0,UNICA,-42.0,-30.0,-110.0,-78.57142857142857
00006211,2022,5,8,8,117.0,34.0,140.0,UNICA,-23.0,-16.428571428571427,-106.0,-75.71428571428571
00006211,2022,6,8,8,119.0,34.0,140.0,UNICA,-21.0,-15.0,-106.0,-75.71428571428571
00006211,2022,7,8,8,119.0,34.0,119.0,UNICA,0.0,0.0,-85.0,-71.42857142857143
00006211,2022,8,8,8,119.0,34.0,122.0,UNICA,-3.0,-2.459016393442623,-88.0,-72.1311475409836
00006211,2022,9,8,8,119.0,34.0,122.0,UNICA,-3.0,-2.459016393442623,-88.0,-72.1311475409836
00006211,2022,10,8,8,119.0,34.0,122.0,UNICA,-3.0,-2.459016393442623,-88.0,-72.1311475409836
00006211,2022,11,8,8,125.0,34.0,122.0,UNICA,3.0,2.459016393442623,-88.0,-72.1311475409836
00006211,2022,12,8,8,125.0,34.0,125.0,UNICA,0.0,0.0,-91.0,-72.8
00006211,2023,1,8,8,128.0,34.0,128.0,UNICA,0.0,0.0,-94.0,-73.4375
00006211,2023,2,8,8,154.0,33.0,128.0,UNICA,26.0,20.3125,-95.0,-74.21875
00006211,2023,3,8,8,153.0,30.0,128.0,UNICA,25.0,19.53125,-98.0,-76.5625
00006211,2023,4,8,8,153.0,30.0,128.0,UNICA,25.0,19.53125,-98.0,-76.5625
00006211,2023,5,8,8,153.0,30.0,148.0,UNICA,5.0,3.3783783783783785,-118.0,-79.72972972972973
00006211,2023,6,8,8,151.0,35.0,151.0,UNICA,0.0,0.0,-116.0,-76.82119205298014
00006211,2023,7,8,8,148.0,34.0,148.0,UNICA,0.0,0.0,-114.0,-77.02702702702703
00006211,2023,8,8,8,142.0,32.0,142.0,UNICA,0.0,0.0,-110.0,-77.46478873239437
00006211,2023,9,8,8,134.0,31.0,134.0,UNICA,0.0,0.0,-103.0,-76.86567164179104
00006211,2023,10,8,8,136.0,29.0,136.0,UNICA,0.0,0.0,-107.0,-78.67647058823529
00006211,2023,11,8,8,132.0,30.0,131.0,UNICA,1.0,0.7633587786259541,-101.0,-77.09923664122137
00006211,2023,12,8,8,137.0,30.0,138.0,UNICA,-1.0,-0.7246376811594203,-108.0,-78.26086956521739
00006211,2024,1,8,8,136.0,31.0,136.0,UNICA,0.0,0.0,-105.0,-77.20588235294117
00006211,2024,2,8,8,138.0,31.0,138.0,UNICA,0.0,0.0,-107.0,-77.53623188405797
00006211,2024,3,8,8,126.0,28.0,126.0,UNICA,0.0,0.0,-98.0,-77.77777777777779
00006211,2024,4,8,8,126.0,30.0,126.0,UNICA,0.0,0.0,-96.0,-76.19047619047619
00006211,2024,5,8,8,129.0,29.0,129.0,UNICA,0.0,0.0,-100.0,-77.51937984496125
00006211,2024,6,8,8,133.0,30.0,133.0,UNICA,0.0,0.0,-103.0,-77.44360902255639
00006211,2024,7,8,8,139.0,34.0,139.0,UNICA,0.0,0.0,-105.0,-75.53956834532374
00006211,2024,8,8,8,142.0,35.0,142.0,UNICA,0.0,0.0,-107.0,-75.35211267605634
00006211,2024,9,8,8,143.0,35.0,143.0,UNICA,0.0,0.0,-108.0,-75.52447552447552
00006211,2024,10,8,8,142.0,36.0,142.0,UNICA,0.0,0.0,-106.0,-74.64788732394366
00006211,2024,11,8,8,144.0,37.0,144.0,UNICA,0.0,0.0,-107.0,-74.30555555555556
00006211,2024,12,8,8,142.0,36.0,142.0,UNICA,0.0,0.0,-106.0,-74.64788732394366
00006211,2025,1,8,8,143.0,38.0,143.0,UNICA,0.0,0.0,-105.0,-73.42657342657343
00006211,2025,2,8,8,144.0,37.0,144.0,UNICA,0.0,0.0,-107.0,-74.30555555555556
00006211,2025,3,8,8,142.0,37.0,142.0,UNICA,0.0,0.0,-105.0,-73.94366197183099
00006211,2025,4,8,8,144.0,37.0,144.0,UNICA,0.0,0.0,-107.0,-74.30555555555556
00006211,2025,5,8,8,144.0,39.0,144.0,UNICA,0.0,0.0,-105.0,-72.91666666666666
00006211,2025,6,8,8,143.0,38.0,143.0,UNICA,0.0,0.0,-105.0,-73.42657342657343
00006211,2025,7,8,8,144.0,37.0,144.0,UNICA,0.0,0.0,-107.0,-74.30555555555556
00006211,2025,8,8,8,138.0,38.0,138.0,UNICA,0.0,0.0,-100.0,-72.46376811594203
00006211,2025,9,8,8,136.0,37.0,137.0,UNICA,-1.0,-0.7299270072992701,-100.0,-72.99270072992701
00006211,2025,10,8,8,139.0,38.0,139.0,UNICA,0.0,0.0,-101.0,-72.66187050359713
00006211,2025,11,8,8,139.0,38.0,139.0,UNICA,0.0,0.0,-101.0,-72.66187050359713
00006211,2026,1,8,8,139.0,35.0,139.0,UNICA,0.0,0.0,-104.0,-74.82014388489209
00006211,2026,2,8,8,141.0,35.0,141.0,UNICA,0.0,0.0,-106.0,-75.177304964539
00006211,2026,3,8,8,141.0,34.0,141.0,UNICA,0.0,0.0,-107.0,-75.88652482269504
00006212,2015,8,6,6,52.0,16.0,,,,,,
00006212,2015,9,6,6,52.0,15.0,,,,,,
00006212,2015,10,6,6,52.0,15.0,,,,,,
00006212,2015,11,6,6,52.0,15.0,52.0,UNICA,0.0,0.0,-37.0,-71.15384615384616
00006212,2015,12,6,6,51.0,15.0,51.0,UNICA,0.0,0.0,-36.0,-70.58823529411765
00006212,2016,1,6,6,51.0,15.0,51.0,UNICA,0.0,0.0,-36.0,-70.58823529411765
00006212,2016,2,6,6,51.0,15.0,,,,,,
00006212,2016,3,6,6,52.0,15.0,52.0,UNICA,0.0,0.0,-37.0,-71.15384615384616
00006212,2016,4,6,6,52.0,15.0,52.0,UNICA,0.0,0.0,-37.0,-71.15384615384616
00006212,2016,5,6,6,52.0,15.0,52.0,UNICA,0.0,0.0,-37.0,-71.15384615384616
00006212,2016,6,6,6,52.0,15.0,52.0,UNICA,0.0,0.0,-37.0,-71.15384615384616
00006212,2016,7,6,6,52.0,15.0,52.0,UNICA,0.0,0.0,-37.0,-71.15384615384616
00006212,2016,8,6,6,52.0,15.0,52.0,UNICA,0.0,0.0,-37.0,-71.15384615384616
00006212,2016,9,6,6,52.0,15.0,52.0,UNICA,0.0,0.0,-37.0,-71.15384615384616
00006212,2016,10,6,6,45.0,15.0,45.0,UNICA,0.0,0.0,-30.0,-66.66666666666666
00006212,2016,11,6,6,45.0,15.0,45.0,UNICA,0.0,0.0,-30.0,-66.66666666666666
00006212,2016,12,6,6,45.0,15.0,45.0,UNICA,0.0,0.0,-30.0,-66.66666666666666
00006212,2017,1,4,4,37.0,15.0,49.0,UNICA,-12.0,-24.489795918367346,-34.0,-69.38775510204081
00006212,2017,2,6,6,51.0,15.0,51.0,UNICA,0.0,0.0,-36.0,-70.58823529411765
00006212,2017,3,6,6,52.0,15.0,52.0,UNICA,0.0,0.0,-37.0,-71.15384615384616
00006212,2017,4,6,6,52.0,15.0,52.0,UNICA,0.0,0.0,-37.0,-71.15384615384616
00006212,2017,5,6,6,52.0,15.0,52.0,UNICA,0.0,0.0,-37.0,-71.15384615384616
00006212,2017,6,6,6,52.0,15.0,52.0,UNICA,0.0,0.0,-37.0,-71.15384615384616
00006212,2017,7,6,6,50.0,15.0,50.0,UNICA,0.0,0.0,-35.0,-70.0
00006212,2017,8,6,6,52.0,15.0,52.0,UNICA,0.0,0.0,-37.0,-71.15384615384616
00006212,2017,9,6,6,52.0,15.0,52.0,UNICA,0.0,0.0,-37.0,-71.15384615384616
00006212,2017,10,6,6,52.0,15.0,52.0,UNICA,0.0,0.0,-37.0,-71.15384615384616
00006212,2017,11,6,6,52.0,15.0,52.0,UNICA,0.0,0.0,-37.0,-71.15384615384616
00006212,2017,12,5,5,39.0,15.0,46.0,UNICA,-7.0,-15.217391304347828,-31.0,-67.3913043478261
00006212,2018,1,5,5,39.0,15.0,48.0,UNICA,-9.0,-18.75,-33.0,-68.75
00006212,2018,2,6,6,42.0,15.0,42.0,UNICA,0.0,0.0,-27.0,-64.28571428571429
00006212,2018,3,6,6,41.0,12.0,41.0,UNICA,0.0,0.0,-29.0,-70.73170731707317
00006212,2018,4,6,6,38.0,8.0,38.0,UNICA,0.0,0.0,-30.0,-78.94736842105263
00006212,2018,5,6,6,52.0,16.0,52.0,UNICA,0.0,0.0,-36.0,-69.23076923076923
00006212,2018,6,6,6,52.0,15.0,52.0,UNICA,0.0,0.0,-37.0,-71.15384615384616
00006212,2018,7,6,6,50.0,15.0,50.0,UNICA,0.0,0.0,-35.0,-70.0
00006212,2018,8,6,6,50.0,15.0,50.0,UNICA,0.0,0.0,-35.0,-70.0
00006212,2018,9,6,6,51.0,15.0,51.0,UNICA,0.0,0.0,-36.0,-70.58823529411765
00006212,2018,10,6,6,51.0,15.0,51.0,UNICA,0.0,0.0,-36.0,-70.58823529411765
00006212,2018,11,6,6,51.0,15.0,51.0,UNICA,0.0,0.0,-36.0,-70.58823529411765
00006212,2019,1,6,6,48.0,15.0,48.0,UNICA,0.0,0.0,-33.0,-68.75
00006212,2019,2,6,6,45.0,15.0,41.0,UNICA,4.0,9.75609756097561,-26.0,-63.41463414634146
00006212,2019,3,6,6,52.0,16.0,52.0,UNICA,0.0,0.0,-36.0,-69.23076923076923
00006212,2019,4,6,6,51.0,15.0,51.0,UNICA,0.0,0.0,-36.0,-70.58823529411765
00006212,2019,5,6,6,51.0,15.0,51.0,UNICA,0.0,0.0,-36.0,-70.58823529411765
00006212,2019,6,6,6,51.0,15.0,51.0,UNICA,0.0,0.0,-36.0,-70.58823529411765
00006212,2019,7,6,6,51.0,15.0,51.0,UNICA,0.0,0.0,-36.0,-70.58823529411765
00006212,2019,8,6,6,51.0,15.0,51.0,UNICA,0.0,0.0,-36.0,-70.58823529411765
00006212,2019,9,6,6,51.0,15.0,51.0,UNICA,0.0,0.0,-36.0,-70.58823529411765
00006212,2019,10,6,6,51.0,15.0,51.0,UNICA,0.0,0.0,-36.0,-70.58823529411765
00006212,2019,11,5,5,38.0,13.0,40.0,UNICA,-2.0,-5.0,-27.0,-67.5
00006212,2020,1,6,6,50.0,15.0,50.0,UNICA,0.0,0.0,-35.0,-70.0
00006212,2020,2,6,6,50.0,15.0,50.0,UNICA,0.0,0.0,-35.0,-70.0
00006212,2020,3,5,5,38.0,15.0,46.0,UNICA,-8.0,-17.391304347826086,-31.0,-67.3913043478261
00006212,2020,4,5,5,37.0,15.0,44.0,UNICA,-7.0,-15.909090909090908,-29.0,-65.9090909090909
00006212,2020,5,8,8,53.0,16.0,53.0,UNICA,0.0,0.0,-37.0,-69.81132075471697
00006212,2020,6,8,8,48.0,10.0,48.0,UNICA,0.0,0.0,-38.0,-79.16666666666666
00006212,2020,7,8,8,48.0,10.0,48.0,UNICA,0.0,0.0,-38.0,-79.16666666666666
00006212,2020,8,8,8,53.0,10.0,53.0,UNICA,0.0,0.0,-43.0,-81.13207547169812
00006212,2020,9,7,7,48.0,10.0,49.0,UNICA,-1.0,-2.0408163265306123,-39.0,-79.59183673469387
00006212,2020,10,7,7,48.0,10.0,48.0,UNICA,0.0,0.0,-38.0,-79.16666666666666
00006212,2020,11,7,7,50.0,13.0,50.0,UNICA,0.0,0.0,-37.0,-74.0
00006212,2020,12,7,7,45.0,13.0,,,,,,
00006212,2021,1,6,6,42.0,13.0,48.0,UNICA,-6.0,-12.5,-35.0,-72.91666666666666
00006212,2021,2,6,6,48.0,19.0,48.0,UNICA,0.0,0.0,-29.0,-60.416666666666664
00006212,2021,3,6,6,48.0,19.0,48.0,UNICA,0.0,0.0,-29.0,-60.416666666666664
00006212,2021,4,6,6,47.0,18.0,47.0,UNICA,0.0,0.0,-29.0,-61.702127659574465
00006212,2021,5,7,7,46.0,13.0,46.0,UNICA,0.0,0.0,-33.0,-71.73913043478261
00006212,2021,6,7,7,46.0,13.0,46.0,UNICA,0.0,0.0,-33.0,-71.73913043478261
00006212,2021,7,7,7,46.0,13.0,46.0,UNICA,0.0,0.0,-33.0,-71.73913043478261
00006212,2021,8,7,7,44.0,13.0,44.0,UNICA,0.0,0.0,-31.0,-70.45454545454545
00006212,2021,9,7,7,47.0,13.0,47.0,UNICA,0.0,0.0,-34.0,-72.3404255319149
00006212,2021,10,7,7,47.0,13.0,47.0,UNICA,0.0,0.0,-34.0,-72.3404255319149
00006212,2021,11,7,7,46.0,13.0,46.0,UNICA,0.0,0.0,-33.0,-71.73913043478261
00006212,2021,12,7,7,45.0,13.0,45.0,UNICA,0.0,0.0,-32.0,-71.11111111111111
00006212,2022,1,8,8,47.0,13.0,46.0,UNICA,1.0,2.1739130434782608,-33.0,-71.73913043478261
00006212,2022,2,7,7,47.0,18.0,52.0,UNICA,-5.0,-9.615384615384617,-34.0,-65.38461538461539
00006212,2022,3,6,6,55.0,26.0,57.0,UNICA,-2.0,-3.508771929824561,-31.0,-54.385964912280706
00006212,2022,4,6,6,56.0,27.0,56.0,UNICA,0.0,0.0,-29.0,-51.78571428571429
00006212,2022,5,6,6,51.0,22.0,51.0,UNICA,0.0,0.0,-29.0,-56.86274509803921
00006212,2022,6,6,6,52.0,23.0,46.0,UNICA,6.0,13.043478260869565,-23.0,-50.0
00006212,2022,7,6,6,48.0,19.0,48.0,UNICA,0.0,0.0,-29.0,-60.416666666666664
00006212,2022,8,6,6,50.0,21.0,50.0,UNICA,0.0,0.0,-29.0,-57.99999999999999
00006212,2022,9,7,7,62.0,16.0,62.0,UNICA,0.0,0.0,-46.0,-74.19354838709677
00006212,2022,10,7,7,55.0,14.0,55.0,UNICA,0.0,0.0,-41.0,-74.54545454545455
00006212,2022,11,7,7,54.0,14.0,54.0,UNICA,0.0,0.0,-40.0,-74.07407407407408
00006212,2022,12,7,7,53.0,14.0,53.0,UNICA,0.0,0.0,-39.0,-73.58490566037736
00006212,2023,1,7,7,53.0,14.0,53.0,UNICA,0.0,0.0,-39.0,-73.58490566037736
00006212,2023,2,7,7,54.0,14.0,54.0,UNICA,0.0,0.0,-40.0,-74.07407407407408
00006212,2023,3,7,7,51.0,13.0,51.0,UNICA,0.0,0.0,-38.0,-74.50980392156863
00006212,2023,4,6,6,44.0,14.0,52.0,UNICA,-8.0,-15.384615384615385,-38.0,-73.07692307692307
00006212,2023,5,6,6,53.0,24.0,53.0,UNICA,0.0,0.0,-29.0,-54.71698113207547
00006212,2023,6,6,6,56.0,25.0,56.0,UNICA,0.0,0.0,-31.0,-55.35714285714286
00006212,2023,7,6,6,55.0,24.0,55.0,UNICA,0.0,0.0,-31.0,-56.36363636363636
00006212,2023,8,6,6,56.0,25.0,56.0,UNICA,0.0,0.0,-31.0,-55.35714285714286
00006212,2023,9,6,6,55.0,25.0,55.0,UNICA,0.0,0.0,-30.0,-54.54545454545454
00006212,2023,10,6,6,57.0,26.0,55.0,UNICA,2.0,3.6363636363636362,-29.0,-52.72727272727272
00006212,2023,11,6,6,56.0,25.0,56.0,UNICA,0.0,0.0,-31.0,-55.35714285714286
00006212,2023,12,6,6,56.0,25.0,56.0,UNICA,0.0,0.0,-31.0,-55.35714285714286
00006212,2024,1,6,6,56.0,25.0,56.0,UNICA,0.0,0.0,-31.0,-55.35714285714286
00006212,2024,2,6,6,56.0,25.0,56.0,UNICA,0.0,0.0,-31.0,-55.35714285714286
00006212,2024,3,6,6,57.0,24.0,57.0,UNICA,0.0,0.0,-33.0,-57.89473684210527
00006212,2024,4,6,6,59.0,25.0,57.0,UNICA,2.0,3.508771929824561,-32.0,-56.14035087719298
00006212,2024,5,6,6,60.0,25.0,60.0,UNICA,0.0,0.0,-35.0,-58.333333333333336
00006212,2024,6,6,6,56.0,25.0,56.0,UNICA,0.0,0.0,-31.0,-55.35714285714286
00006212,2024,7,6,6,56.0,25.0,56.0,UNICA,0.0,0.0,-31.0,-55.35714285714286
00006212,2024,8,6,6,57.0,26.0,57.0,UNICA,0.0,0.0,-31.0,-54.385964912280706
00006212,2024,9,6,6,56.0,25.0,56.0,UNICA,0.0,0.0,-31.0,-55.35714285714286
00006212,2024,10,6,6,56.0,25.0,57.0,UNICA,-1.0,-1.7543859649122806,-32.0,-56.14035087719298
00006212,2024,11,6,6,47.0,20.0,47.0,UNICA,0.0,0.0,-27.0,-57.446808510638306
00006212,2024,12,7,7,59.0,21.0,59.0,UNICA,0.0,0.0,-38.0,-64.40677966101694
00006212,2025,1,6,6,60.0,25.0,61.0,UNICA,-1.0,-1.639344262295082,-36.0,-59.01639344262295
00006212,2025,2,6,6,60.0,25.0,60.0,UNICA,0.0,0.0,-35.0,-58.333333333333336
00006212,2025,3,6,6,59.0,24.0,59.0,UNICA,0.0,0.0,-35.0,-59.32203389830508
00006212,2025,4,6,6,59.0,24.0,59.0,UNICA,0.0,0.0,-35.0,-59.32203389830508
00006212,2025,5,6,6,60.0,25.0,60.0,UNICA,0.0,0.0,-35.0,-58.333333333333336
00006212,2025,6,6,6,60.0,25.0,60.0,UNICA,0.0,0.0,-35.0,-58.333333333333336
00006212,2025,7,6,6,67.0,32.0,67.0,UNICA,0.0,0.0,-35.0,-52.23880597014925
00006212,2025,8,6,6,64.0,30.0,64.0,UNICA,0.0,0.0,-34.0,-53.125
00006212,2025,9,6,6,65.0,30.0,64.0,UNICA,1.0,1.5625,-34.0,-53.125
00006212,2025,10,6,6,65.0,30.0,65.0,UNICA,0.0,0.0,-35.0,-53.84615384615385
00006212,2025,11,6,6,61.0,26.0,47.0,UNICA,14.0,29.78723404255319,-21.0,-44.680851063829785
00006212,2026,1,6,6,60.0,25.0,61.0,UNICA,-1.0,-1.639344262295082,-36.0,-59.01639344262295
00006212,2026,2,6,6,60.0,25.0,60.0,UNICA,0.0,0.0,-35.0,-58.333333333333336
00006212,2026,3,6,6,60.0,25.0,6.0,UNICA,54.0,900.0,19.0,316.66666666666663
00006213,2015,7,3,3,51.0,26.0,71.0,UNICA,-20.0,-28.169014084507044,-45.0,-63.38028169014085
00006213,2015,8,4,4,71.0,26.0,71.0,UNICA,0.0,0.0,-45.0,-63.38028169014085
00006213,2015,9,4,4,71.0,26.0,71.0,UNICA,0.0,0.0,-45.0,-63.38028169014085
00006213,2015,10,4,4,71.0,26.0,71.0,UNICA,0.0,0.0,-45.0,-63.38028169014085
00006213,2015,11,4,4,71.0,26.0,,,,,,
00006213,2015,12,3,3,51.0,26.0,71.0,UNICA,-20.0,-28.169014084507044,-45.0,-63.38028169014085
00006213,2016,1,4,4,71.0,26.0,71.0,UNICA,0.0,0.0,-45.0,-63.38028169014085
00006213,2016,2,4,4,71.0,26.0,71.0,UNICA,0.0,0.0,-45.0,-63.38028169014085
00006213,2016,3,4,4,71.0,26.0,71.0,UNICA,0.0,0.0,-45.0,-63.38028169014085
00006213,2016,4,4,4,71.0,26.0,71.0,UNICA,0.0,0.0,-45.0,-63.38028169014085
00006213,2016,5,4,4,71.0,26.0,71.0,UNICA,0.0,0.0,-45.0,-63.38028169014085
00006213,2016,6,4,4,71.0,26.0,71.0,UNICA,0.0,0.0,-45.0,-63.38028169014085
00006213,2016,7,3,3,51.0,26.0,71.0,UNICA,-20.0,-28.169014084507044,-45.0,-63.38028169014085
00006213,2016,8,4,4,71.0,26.0,71.0,UNICA,0.0,0.0,-45.0,-63.38028169014085
00006213,2016,9,4,4,71.0,26.0,71.0,UNICA,0.0,0.0,-45.0,-63.38028169014085
00006213,2016,10,4,4,71.0,26.0,71.0,UNICA,0.0,0.0,-45.0,-63.38028169014085
00006213,2016,11,4,4,71.0,26.0,71.0,UNICA,0.0,0.0,-45.0,-63.38028169014085
00006213,2016,12,3,3,51.0,26.0,71.0,UNICA,-20.0,-28.169014084507044,-45.0,-63.38028169014085
00006213,2017,1,4,4,71.0,26.0,71.0,UNICA,0.0,0.0,-45.0,-63.38028169014085
00006213,2017,2,4,4,71.0,26.0,71.0,UNICA,0.0,0.0,-45.0,-63.38028169014085
00006213,2017,3,4,4,71.0,26.0,71.0,UNICA,0.0,0.0,-45.0,-63.38028169014085
00006213,2017,4,6,6,82.0,26.0,82.0,UNICA,0.0,0.0,-56.0,-68.29268292682927
00006213,2017,5,6,6,82.0,26.0,71.0,UNICA,11.0,15.492957746478872,-45.0,-63.38028169014085
00006213,2017,6,6,6,82.0,26.0,71.0,UNICA,11.0,15.492957746478872,-45.0,-63.38028169014085
00006213,2017,7,6,6,82.0,26.0,71.0,UNICA,11.0,15.492957746478872,-45.0,-63.38028169014085
00006213,2017,8,6,6,82.0,26.0,71.0,UNICA,11.0,15.492957746478872,-45.0,-63.38028169014085
00006213,2017,9,6,6,82.0,26.0,71.0,UNICA,11.0,15.492957746478872,-45.0,-63.38028169014085
00006213,2017,10,6,6,82.0,26.0,71.0,UNICA,11.0,15.492957746478872,-45.0,-63.38028169014085
00006213,2017,11,6,6,82.0,26.0,71.0,UNICA,11.0,15.492957746478872,-45.0,-63.38028169014085
00006213,2017,12,6,6,82.0,26.0,71.0,UNICA,11.0,15.492957746478872,-45.0,-63.38028169014085
00006213,2018,1,6,6,82.0,26.0,71.0,UNICA,11.0,15.492957746478872,-45.0,-63.38028169014085
00006213,2018,2,6,6,82.0,26.0,71.0,UNICA,11.0,15.492957746478872,-45.0,-63.38028169014085
00006213,2018,3,6,6,82.0,26.0,71.0,UNICA,11.0,15.492957746478872,-45.0,-63.38028169014085
00006213,2018,4,6,6,82.0,26.0,71.0,UNICA,11.0,15.492957746478872,-45.0,-63.38028169014085
00006213,2018,5,5,5,76.0,26.0,71.0,UNICA,5.0,7.042253521126761,-45.0,-63.38028169014085
00006213,2018,6,5,5,76.0,26.0,71.0,UNICA,5.0,7.042253521126761,-45.0,-63.38028169014085
00006213,2018,7,6,6,82.0,26.0,71.0,UNICA,11.0,15.492957746478872,-45.0,-63.38028169014085
00006213,2018,8,6,6,82.0,26.0,71.0,UNICA,11.0,15.492957746478872,-45.0,-63.38028169014085
00006213,2018,9,6,6,82.0,26.0,71.0,UNICA,11.0,15.492957746478872,-45.0,-63.38028169014085
00006213,2018,10,6,6,82.0,26.0,71.0,UNICA,11.0,15.492957746478872,-45.0,-63.38028169014085
00006213,2018,11,6,6,82.0,26.0,71.0,UNICA,11.0,15.492957746478872,-45.0,-63.38028169014085
00006213,2019,1,6,6,81.0,26.0,71.0,UNICA,10.0,14.084507042253522,-45.0,-63.38028169014085
00006213,2019,2,6,6,81.0,26.0,71.0,UNICA,10.0,14.084507042253522,-45.0,-63.38028169014085
00006213,2019,3,6,6,81.0,26.0,71.0,UNICA,10.0,14.084507042253522,-45.0,-63.38028169014085
00006213,2019,4,6,6,79.0,26.0,71.0,UNICA,8.0,11.267605633802818,-45.0,-63.38028169014085
00006213,2019,5,6,6,79.0,26.0,71.0,UNICA,8.0,11.267605633802818,-45.0,-63.38028169014085
00006213,2019,6,6,6,80.0,26.0,71.0,UNICA,9.0,12.676056338028168,-45.0,-63.38028169014085
00006213,2019,7,6,6,80.0,26.0,71.0,UNICA,9.0,12.676056338028168,-45.0,-63.38028169014085
00006213,2019,8,6,6,80.0,26.0,71.0,UNICA,9.0,12.676056338028168,-45.0,-63.38028169014085
00006213,2019,9,6,6,81.0,26.0,71.0,UNICA,10.0,14.084507042253522,-45.0,-63.38028169014085
00006213,2019,10,6,6,80.0,26.0,71.0,UNICA,9.0,12.676056338028168,-45.0,-63.38028169014085
00006213,2019,11,6,6,80.0,26.0,71.0,UNICA,9.0,12.676056338028168,-45.0,-63.38028169014085
00006213,2020,1,6,6,80.0,26.0,71.0,UNICA,9.0,12.676056338028168,-45.0,-63.38028169014085
00006213,2020,2,6,6,79.0,26.0,71.0,UNICA,8.0,11.267605633802818,-45.0,-63.38028169014085
00006213,2020,3,6,6,79.0,26.0,71.0,UNICA,8.0,11.267605633802818,-45.0,-63.38028169014085
00006213,2020,4,6,6,66.0,32.0,71.0,UNICA,-5.0,-7.042253521126761,-39.0,-54.929577464788736
00006213,2020,5,5,5,60.0,32.0,71.0,UNICA,-11.0,-15.492957746478872,-39.0,-54.929577464788736
00006213,2020,6,5,5,61.0,38.0,71.0,UNICA,-10.0,-14.084507042253522,-33.0,-46.478873239436616
00006213,2020,7,5,5,62.0,38.0,71.0,UNICA,-9.0,-12.676056338028168,-33.0,-46.478873239436616
00006213,2020,8,5,5,62.0,39.0,71.0,UNICA,-9.0,-12.676056338028168,-32.0,-45.07042253521127
00006213,2020,9,5,5,62.0,38.0,71.0,UNICA,-9.0,-12.676056338028168,-33.0,-46.478873239436616
00006213,2020,10,5,5,62.0,35.0,71.0,UNICA,-9.0,-12.676056338028168,-36.0,-50.70422535211267
00006213,2020,11,5,5,62.0,31.0,71.0,UNICA,-9.0,-12.676056338028168,-40.0,-56.33802816901409
00006213,2020,12,5,5,62.0,29.0,,,,,,
00006213,2021,1,5,5,62.0,31.0,71.0,UNICA,-9.0,-12.676056338028168,-40.0,-56.33802816901409
00006213,2021,2,5,5,63.0,42.0,71.0,UNICA,-8.0,-11.267605633802818,-29.0,-40.845070422535215
00006213,2021,3,5,5,63.0,38.0,71.0,UNICA,-8.0,-11.267605633802818,-33.0,-46.478873239436616
00006213,2021,4,5,5,68.0,42.0,71.0,UNICA,-3.0,-4.225352112676056,-29.0,-40.845070422535215
00006213,2021,5,5,5,68.0,46.0,71.0,UNICA,-3.0,-4.225352112676056,-25.0,-35.2112676056338
00006213,2021,6,5,5,68.0,44.0,71.0,UNICA,-3.0,-4.225352112676056,-27.0,-38.028169014084504
00006213,2021,7,5,5,65.0,40.0,71.0,UNICA,-6.0,-8.450704225352112,-31.0,-43.66197183098591
00006213,2021,8,5,5,79.0,43.0,71.0,UNICA,8.0,11.267605633802818,-28.0,-39.436619718309856
00006213,2021,9,5,5,78.0,45.0,71.0,UNICA,7.0,9.859154929577464,-26.0,-36.61971830985916
00006213,2021,10,5,5,70.0,34.0,71.0,UNICA,-1.0,-1.4084507042253522,-37.0,-52.112676056338024
00006213,2021,11,6,6,67.0,26.0,71.0,UNICA,-4.0,-5.633802816901409,-45.0,-63.38028169014085
00006213,2021,12,6,6,63.0,23.0,71.0,UNICA,-8.0,-11.267605633802818,-48.0,-67.6056338028169
00006213,2022,1,6,6,49.0,20.0,71.0,UNICA,-22.0,-30.985915492957744,-51.0,-71.83098591549296
00006213,2022,2,6,6,69.0,21.0,71.0,UNICA,-2.0,-2.8169014084507045,-50.0,-70.4225352112676
00006213,2022,3,6,6,82.0,26.0,71.0,UNICA,11.0,15.492957746478872,-45.0,-63.38028169014085
00006213,2022,4,6,6,92.0,30.0,71.0,UNICA,21.0,29.577464788732392,-41.0,-57.74647887323944
00006213,2022,5,6,6,93.0,31.0,71.0,UNICA,22.0,30.985915492957744,-40.0,-56.33802816901409
00006213,2022,6,6,6,96.0,29.0,71.0,UNICA,25.0,35.2112676056338,-42.0,-59.154929577464785
00006213,2022,7,6,6,95.0,28.0,71.0,UNICA,24.0,33.80281690140845,-43.0,-60.56338028169014
00006213,2022,8,6,6,94.0,27.0,71.0,UNICA,23.0,32.3943661971831,-44.0,-61.97183098591549
00006213,2022,9,6,6,91.0,26.0,71.0,UNICA,20.0,28.169014084507044,-45.0,-63.38028169014085
00006213,2022,10,6,6,91.0,26.0,71.0,UNICA,20.0,28.169014084507044,-45.0,-63.38028169014085
00006213,2022,11,7,7,87.0,26.0,71.0,UNICA,16.0,22.535211267605636,-45.0,-63.38028169014085
00006213,2022,12,7,7,101.0,26.0,23.0,UNICA,78.0,339.1304347826087,3.0,13.043478260869565
00006213,2023,1,7,7,96.0,26.0,23.0,UNICA,73.0,317.39130434782606,3.0,13.043478260869565
00006213,2023,2,7,7,91.0,26.0,23.0,UNICA,68.0,295.65217391304344,3.0,13.043478260869565
00006213,2023,3,7,7,91.0,26.0,23.0,UNICA,68.0,295.65217391304344,3.0,13.043478260869565
00006213,2023,4,7,7,91.0,26.0,23.0,UNICA,68.0,295.65217391304344,3.0,13.043478260869565
00006213,2023,5,7,7,91.0,26.0,23.0,UNICA,68.0,295.65217391304344,3.0,13.043478260869565
00006213,2023,6,6,6,87.0,26.0,23.0,UNICA,64.0,278.2608695652174,3.0,13.043478260869565
00006213,2023,7,6,6,87.0,26.0,23.0,UNICA,64.0,278.2608695652174,3.0,13.043478260869565
00006213,2023,8,6,6,87.0,26.0,23.0,UNICA,64.0,278.2608695652174,3.0,13.043478260869565
00006213,2023,9,6,6,87.0,26.0,23.0,UNICA,64.0,278.2608695652174,3.0,13.043478260869565
00006213,2023,10,6,6,87.0,26.0,23.0,UNICA,64.0,278.2608695652174,3.0,13.043478260869565
00006213,2023,11,6,6,87.0,26.0,23.0,UNICA,64.0,278.2608695652174,3.0,13.043478260869565
00006213,2023,12,6,6,87.0,26.0,23.0,UNICA,64.0,278.2608695652174,3.0,13.043478260869565
00006213,2024,1,6,6,87.0,26.0,71.0,UNICA,16.0,22.535211267605636,-45.0,-63.38028169014085
00006213,2024,2,6,6,84.0,26.0,71.0,UNICA,13.0,18.30985915492958,-45.0,-63.38028169014085
00006213,2024,3,6,6,84.0,26.0,68.0,UNICA,16.0,23.52941176470588,-42.0,-61.76470588235294
00006213,2024,4,6,6,86.0,26.0,70.0,UNICA,16.0,22.857142857142858,-44.0,-62.857142857142854
00006213,2024,5,6,6,86.0,26.0,70.0,UNICA,16.0,22.857142857142858,-44.0,-62.857142857142854
00006213,2024,6,6,6,86.0,26.0,70.0,UNICA,16.0,22.857142857142858,-44.0,-62.857142857142854
00006213,2024,7,6,6,86.0,26.0,70.0,UNICA,16.0,22.857142857142858,-44.0,-62.857142857142854
00006213,2024,8,6,6,87.0,26.0,71.0,UNICA,16.0,22.535211267605636,-45.0,-63.38028169014085
00006213,2024,9,6,6,87.0,26.0,71.0,UNICA,16.0,22.535211267605636,-45.0,-63.38028169014085
00006213,2024,10,7,7,91.0,26.0,71.0,UNICA,20.0,28.169014084507044,-45.0,-63.38028169014085
00006213,2024,11,7,7,91.0,26.0,71.0,UNICA,20.0,28.169014084507044,-45.0,-63.38028169014085
00006213,2024,12,7,7,91.0,26.0,71.0,UNICA,20.0,28.169014084507044,-45.0,-63.38028169014085
00006213,2025,1,7,7,91.0,26.0,71.0,UNICA,20.0,28.169014084507044,-45.0,-63.38028169014085
00006213,2025,2,7,7,91.0,26.0,71.0,UNICA,20.0,28.169014084507044,-45.0,-63.38028169014085
00006213,2025,3,7,7,91.0,26.0,71.0,UNICA,20.0,28.169014084507044,-45.0,-63.38028169014085
00006213,2025,4,7,7,91.0,26.0,71.0,UNICA,20.0,28.169014084507044,-45.0,-63.38028169014085
00006213,2025,5,7,7,88.0,23.0,71.0,UNICA,17.0,23.943661971830984,-48.0,-67.6056338028169
00006213,2025,6,7,7,88.0,23.0,71.0,UNICA,17.0,23.943661971830984,-48.0,-67.6056338028169
00006213,2025,7,7,7,88.0,23.0,71.0,UNICA,17.0,23.943661971830984,-48.0,-67.6056338028169
00006213,2025,8,7,7,88.0,23.0,68.0,UNICA,20.0,29.411764705882355,-45.0,-66.17647058823529
00006213,2025,9,7,7,90.0,26.0,70.0,UNICA,20.0,28.57142857142857,-44.0,-62.857142857142854
00006213,2025,10,7,7,89.0,26.0,69.0,UNICA,20.0,28.985507246376812,-43.0,-62.31884057971014
00006213,2025,11,7,7,89.0,26.0,69.0,UNICA,20.0,28.985507246376812,-43.0,-62.31884057971014
00006213,2025,12,3,3,20.0,9.0,67.0,UNICA,-47.0,-70.1492537313433,-58.0,-86.56716417910447
00006213,2026,1,7,7,89.0,26.0,69.0,UNICA,20.0,28.985507246376812,-43.0,-62.31884057971014
00006213,2026,2,7,7,88.0,26.0,68.0,UNICA,20.0,29.411764705882355,-42.0,-61.76470588235294
00006213,2026,3,7,7,90.0,26.0,70.0,UNICA,20.0,28.57142857142857,-44.0,-62.857142857142854
00006214,2015,1,1,1,590.0,590.0,,,,,,
00006214,2015,2,1,1,590.0,590.0,,,,,,
00006214,2015,3,1,1,590.0,590.0,,,,,,
00006214,2015,4,1,1,590.0,590.0,,,,,,
00006214,2015,5,1,1,590.0,590.0,,,,,,
00006214,2015,8,1,1,590.0,590.0,,,,,,
00006214,2015,9,1,1,590.0,590.0,,,,,,
00006214,2015,10,1,1,590.0,590.0,,,,,,
00006214,2015,11,1,1,590.0,590.0,590.0,UNICA,0.0,0.0,0.0,0.0
00006214,2015,12,1,1,590.0,590.0,,,,,,
00006214,2016,1,1,1,590.0,590.0,,,,,,
00006214,2016,2,1,1,590.0,590.0,590.0,UNICA,0.0,0.0,0.0,0.0
00006214,2016,3,1,1,590.0,590.0,590.0,UNICA,0.0,0.0,0.0,0.0
00006214,2016,4,1,1,590.0,590.0,590.0,UNICA,0.0,0.0,0.0,0.0
00006214,2016,5,1,1,590.0,590.0,590.0,UNICA,0.0,0.0,0.0,0.0
00006214,2016,6,1,1,590.0,590.0,590.0,UNICA,0.0,0.0,0.0,0.0
00006214,2016,7,1,1,590.0,590.0,590.0,UNICA,0.0,0.0,0.0,0.0
00006214,2016,8,1,1,590.0,590.0,590.0,UNICA,0.0,0.0,0.0,0.0
00006214,2016,9,1,1,590.0,590.0,590.0,UNICA,0.0,0.0,0.0,0.0
00006214,2016,10,1,1,590.0,590.0,590.0,UNICA,0.0,0.0,0.0,0.0
00006214,2016,11,1,1,590.0,590.0,590.0,UNICA,0.0,0.0,0.0,0.0
00006214,2016,12,1,1,590.0,590.0,590.0,UNICA,0.0,0.0,0.0,0.0
00006214,2017,2,1,1,590.0,590.0,590.0,UNICA,0.0,0.0,0.0,0.0
00006214,2017,3,1,1,590.0,590.0,590.0,UNICA,0.0,0.0,0.0,0.0
00006214,2017,4,1,1,590.0,590.0,590.0,UNICA,0.0,0.0,0.0,0.0
00006214,2017,5,1,1,590.0,590.0,590.0,UNICA,0.0,0.0,0.0,0.0
00006214,2017,6,1,1,590.0,590.0,590.0,UNICA,0.0,0.0,0.0,0.0
00006214,2017,7,1,1,590.0,590.0,590.0,UNICA,0.0,0.0,0.0,0.0
00006214,2017,8,1,1,590.0,590.0,590.0,UNICA,0.0,0.0,0.0,0.0
00006214,2017,9,1,1,590.0,590.0,590.0,UNICA,0.0,0.0,0.0,0.0
00006214,2017,10,1,1,590.0,590.0,590.0,UNICA,0.0,0.0,0.0,0.0
00006214,2017,11,1,1,590.0,590.0,590.0,UNICA,0.0,0.0,0.0,0.0
00006214,2017,12,1,1,590.0,590.0,590.0,UNICA,0.0,0.0,0.0,0.0
00006214,2018,1,1,1,590.0,590.0,590.0,UNICA,0.0,0.0,0.0,0.0
00006214,2018,2,1,1,590.0,590.0,590.0,UNICA,0.0,0.0,0.0,0.0
00006214,2018,3,1,1,590.0,590.0,590.0,UNICA,0.0,0.0,0.0,0.0
00006214,2018,4,1,1,590.0,590.0,590.0,UNICA,0.0,0.0,0.0,0.0
00006214,2018,5,1,1,590.0,590.0,590.0,UNICA,0.0,0.0,0.0,0.0
00006214,2018,6,1,1,590.0,590.0,590.0,UNICA,0.0,0.0,0.0,0.0
00006214,2018,7,1,1,590.0,590.0,590.0,UNICA,0.0,0.0,0.0,0.0
00006214,2018,8,1,1,97.0,97.0,590.0,UNICA,-493.0,-83.55932203389831,-493.0,-83.55932203389831
00006214,2018,9,1,1,97.0,97.0,590.0,UNICA,-493.0,-83.55932203389831,-493.0,-83.55932203389831
00006214,2018,10,1,1,90.0,90.0,590.0,UNICA,-500.0,-84.7457627118644,-500.0,-84.7457627118644
00006214,2018,11,1,1,90.0,90.0,590.0,UNICA,-500.0,-84.7457627118644,-500.0,-84.7457627118644
00006214,2019,1,1,1,90.0,90.0,590.0,UNICA,-500.0,-84.7457627118644,-500.0,-84.7457627118644
00006214,2019,2,1,1,90.0,90.0,590.0,UNICA,-500.0,-84.7457627118644,-500.0,-84.7457627118644
00006214,2019,3,1,1,90.0,90.0,590.0,UNICA,-500.0,-84.7457627118644,-500.0,-84.7457627118644
00006214,2019,4,1,1,90.0,90.0,590.0,UNICA,-500.0,-84.7457627118644,-500.0,-84.7457627118644
00006214,2019,5,1,1,90.0,90.0,590.0,UNICA,-500.0,-84.7457627118644,-500.0,-84.7457627118644
00006214,2019,6,1,1,90.0,90.0,590.0,UNICA,-500.0,-84.7457627118644,-500.0,-84.7457627118644
00006214,2019,7,1,1,90.0,90.0,590.0,UNICA,-500.0,-84.7457627118644,-500.0,-84.7457627118644
00006214,2019,8,1,1,90.0,90.0,590.0,UNICA,-500.0,-84.7457627118644,-500.0,-84.7457627118644
00006214,2019,9,1,1,90.0,90.0,590.0,UNICA,-500.0,-84.7457627118644,-500.0,-84.7457627118644
00006214,2019,10,1,1,90.0,90.0,590.0,UNICA,-500.0,-84.7457627118644,-500.0,-84.7457627118644
00006214,2019,11,1,1,90.0,90.0,590.0,UNICA,-500.0,-84.7457627118644,-500.0,-84.7457627118644
00006214,2020,1,1,1,90.0,90.0,590.0,UNICA,-500.0,-84.7457627118644,-500.0,-84.7457627118644
00006214,2020,2,1,1,90.0,90.0,590.0,UNICA,-500.0,-84.7457627118644,-500.0,-84.7457627118644
00006214,2022,7,1,1,90.0,90.0,590.0,UNICA,-500.0,-84.7457627118644,-500.0,-84.7457627118644
00006214,2022,8,1,1,90.0,90.0,590.0,UNICA,-500.0,-84.7457627118644,-500.0,-84.7457627118644
00006214,2022,9,1,1,90.0,90.0,590.0,UNICA,-500.0,-84.7457627118644,-500.0,-84.7457627118644
00006214,2022,10,1,1,90.0,90.0,590.0,UNICA,-500.0,-84.7457627118644,-500.0,-84.7457627118644
00006214,2023,1,1,1,90.0,90.0,590.0,UNICA,-500.0,-84.7457627118644,-500.0,-84.7457627118644
00006214,2023,2,1,1,90.0,90.0,590.0,UNICA,-500.0,-84.7457627118644,-500.0,-84.7457627118644
00006214,2023,5,1,1,88.0,88.0,590.0,UNICA,-502.0,-85.08474576271186,-502.0,-85.08474576271186
00006214,2023,6,1,1,84.0,84.0,590.0,UNICA,-506.0,-85.76271186440678,-506.0,-85.76271186440678
00006214,2023,7,1,1,84.0,84.0,590.0,UNICA,-506.0,-85.76271186440678,-506.0,-85.76271186440678
00006214,2023,8,1,1,84.0,84.0,590.0,UNICA,-506.0,-85.76271186440678,-506.0,-85.76271186440678
00006214,2023,9,1,1,84.0,84.0,590.0,UNICA,-506.0,-85.76271186440678,-506.0,-85.76271186440678
00006214,2023,10,1,1,84.0,84.0,590.0,UNICA,-506.0,-85.76271186440678,-506.0,-85.76271186440678
00006214,2023,11,1,1,84.0,84.0,590.0,UNICA,-506.0,-85.76271186440678,-506.0,-85.76271186440678
00006214,2023,12,1,1,100.0,100.0,590.0,UNICA,-490.0,-83.05084745762711,-490.0,-83.05084745762711
00006214,2024,1,1,1,100.0,100.0,590.0,UNICA,-490.0,-83.05084745762711,-490.0,-83.05084745762711
00006214,2024,2,1,1,100.0,100.0,590.0,UNICA,-490.0,-83.05084745762711,-490.0,-83.05084745762711
00006214,2024,3,1,1,120.0,120.0,590.0,UNICA,-470.0,-79.66101694915254,-470.0,-79.66101694915254
00006214,2024,4,1,1,120.0,120.0,590.0,UNICA,-470.0,-79.66101694915254,-470.0,-79.66101694915254
00006214,2024,5,1,1,120.0,120.0,590.0,UNICA,-470.0,-79.66101694915254,-470.0,-79.66101694915254
00006214,2024,6,1,1,120.0,120.0,590.0,UNICA,-470.0,-79.66101694915254,-470.0,-79.66101694915254
00006214,2024,7,1,1,120.0,120.0,590.0,UNICA,-470.0,-79.66101694915254,-470.0,-79.66101694915254
00006214,2024,8,1,1,120.0,120.0,590.0,UNICA,-470.0,-79.66101694915254,-470.0,-79.66101694915254
00006214,2024,9,1,1,100.0,100.0,590.0,UNICA,-490.0,-83.05084745762711,-490.0,-83.05084745762711
00006214,2024,10,1,1,100.0,100.0,590.0,UNICA,-490.0,-83.05084745762711,-490.0,-83.05084745762711
00006214,2024,11,1,1,100.0,100.0,590.0,UNICA,-490.0,-83.05084745762711,-490.0,-83.05084745762711
00006214,2024,12,1,1,78.0,78.0,590.0,UNICA,-512.0,-86.77966101694915,-512.0,-86.77966101694915
00006214,2025,1,1,1,77.0,77.0,590.0,UNICA,-513.0,-86.94915254237287,-513.0,-86.94915254237287
00006214,2025,2,1,1,77.0,77.0,590.0,UNICA,-513.0,-86.94915254237287,-513.0,-86.94915254237287
00006214,2025,3,1,1,77.0,77.0,590.0,UNICA,-513.0,-86.94915254237287,-513.0,-86.94915254237287
00006214,2025,4,1,1,77.0,77.0,590.0,UNICA,-513.0,-86.94915254237287,-513.0,-86.94915254237287
00006214,2025,5,1,1,76.0,76.0,590.0,UNICA,-514.0,-87.11864406779661,-514.0,-87.11864406779661
00006214,2025,6,1,1,76.0,76.0,590.0,UNICA,-514.0,-87.11864406779661,-514.0,-87.11864406779661
00006214,2025,7,1,1,73.0,73.0,590.0,UNICA,-517.0,-87.62711864406779,-517.0,-87.62711864406779
00006214,2025,8,1,1,73.0,73.0,590.0,UNICA,-517.0,-87.62711864406779,-517.0,-87.62711864406779
00006214,2025,9,1,1,74.0,74.0,590.0,UNICA,-516.0,-87.45762711864407,-516.0,-87.45762711864407
00006214,2025,10,1,1,97.0,97.0,406.0,UNICA,-309.0,-76.10837438423646,-309.0,-76.10837438423646
00006214,2025,11,2,2,127.0,97.0,406.0,UNICA,-279.0,-68.7192118226601,-309.0,-76.10837438423646
00006214,2026,1,1,1,97.0,97.0,416.0,UNICA,-319.0,-76.6826923076923,-319.0,-76.6826923076923
00006214,2026,2,1,1,97.0,97.0,416.0,UNICA,-319.0,-76.6826923076923,-319.0,-76.6826923076923
00006214,2026,3,2,2,132.0,97.0,416.0,UNICA,-284.0,-68.26923076923077,-319.0,-76.6826923076923
00006215,2015,8,9,9,232.0,100.0,232.0,UNICA,0.0,0.0,-132.0,-56.896551724137936
00006215,2015,9,10,10,212.0,84.0,212.0,UNICA,0.0,0.0,-128.0,-60.37735849056604
00006215,2015,10,7,7,189.0,83.0,202.0,UNICA,-13.0,-6.435643564356436,-119.0,-58.91089108910891
00006215,2015,11,7,7,173.0,78.0,175.0,UNICA,-2.0,-1.1428571428571428,-97.0,-55.42857142857143
00006215,2015,12,8,8,174.0,70.0,174.0,UNICA,0.0,0.0,-104.0,-59.77011494252874
00006215,2016,1,9,9,175.0,65.0,175.0,UNICA,0.0,0.0,-110.0,-62.857142857142854
00006215,2016,2,9,9,177.0,66.0,177.0,UNICA,0.0,0.0,-111.0,-62.71186440677966
00006215,2016,3,5,5,83.0,34.0,222.0,UNICA,-139.0,-62.612612612612615,-188.0,-84.68468468468468
00006215,2016,4,6,6,150.0,96.0,218.0,UNICA,-68.0,-31.19266055045872,-122.0,-55.96330275229357
00006215,2016,5,10,10,203.0,82.0,203.0,UNICA,0.0,0.0,-121.0,-59.60591133004927
00006215,2016,6,10,10,209.0,89.0,201.0,UNICA,8.0,3.9800995024875623,-112.0,-55.72139303482587
00006215,2016,7,10,10,203.0,82.0,203.0,UNICA,0.0,0.0,-121.0,-59.60591133004927
00006215,2016,8,10,10,217.0,90.0,216.0,UNICA,1.0,0.4629629629629629,-126.0,-58.333333333333336
00006215,2016,9,5,5,153.0,98.0,231.0,UNICA,-78.0,-33.76623376623377,-133.0,-57.57575757575758
00006215,2016,10,5,5,158.0,97.0,228.0,UNICA,-70.0,-30.701754385964914,-131.0,-57.45614035087719
00006215,2016,11,8,8,208.0,86.0,211.0,UNICA,-3.0,-1.4218009478672986,-125.0,-59.241706161137444
00006215,2016,12,8,8,208.0,87.0,209.0,UNICA,-1.0,-0.4784688995215311,-122.0,-58.3732057416268
00006215,2017,1,8,8,210.0,88.0,213.0,UNICA,-3.0,-1.4084507042253522,-125.0,-58.68544600938967
00006215,2017,2,9,9,222.0,91.0,222.0,UNICA,0.0,0.0,-131.0,-59.009009009009006
00006215,2017,3,9,9,218.0,87.0,218.0,UNICA,0.0,0.0,-131.0,-60.09174311926605
00006215,2017,4,10,10,222.0,88.0,222.0,UNICA,0.0,0.0,-134.0,-60.36036036036037
00006215,2017,5,9,9,222.0,91.0,226.0,UNICA,-4.0,-1.7699115044247788,-135.0,-59.73451327433629
00006215,2017,6,8,8,232.0,98.0,235.0,UNICA,-3.0,-1.276595744680851,-137.0,-58.29787234042553
00006215,2017,7,9,9,224.0,89.0,224.0,UNICA,0.0,0.0,-135.0,-60.26785714285714
00006215,2017,8,8,8,213.0,88.0,221.0,UNICA,-8.0,-3.619909502262444,-133.0,-60.18099547511312
00006215,2017,9,8,8,183.0,81.0,183.0,UNICA,0.0,0.0,-102.0,-55.73770491803278
00006215,2017,10,9,9,203.0,84.0,203.0,UNICA,0.0,0.0,-119.0,-58.620689655172406
00006215,2017,11,9,9,203.0,87.0,206.0,UNICA,-3.0,-1.4563106796116505,-119.0,-57.76699029126213
00006215,2017,12,9,9,200.0,80.0,200.0,UNICA,0.0,0.0,-120.0,-60.0
00006215,2018,1,9,9,220.0,90.0,220.0,UNICA,0.0,0.0,-130.0,-59.09090909090909
00006215,2018,2,10,10,217.0,80.0,220.0,UNICA,-3.0,-1.3636363636363635,-140.0,-63.63636363636363
00006215,2018,3,10,10,217.0,80.0,220.0,UNICA,-3.0,-1.3636363636363635,-140.0,-63.63636363636363
00006215,2018,4,10,10,217.0,80.0,220.0,UNICA,-3.0,-1.3636363636363635,-140.0,-63.63636363636363
00006215,2018,5,9,9,216.0,80.0,220.0,UNICA,-4.0,-1.8181818181818181,-140.0,-63.63636363636363
00006215,2018,6,9,9,213.0,80.0,220.0,UNICA,-7.0,-3.1818181818181817,-140.0,-63.63636363636363
00006215,2018,7,10,10,217.0,80.0,220.0,UNICA,-3.0,-1.3636363636363635,-140.0,-63.63636363636363
00006215,2018,8,9,9,212.0,80.0,220.0,UNICA,-8.0,-3.6363636363636362,-140.0,-63.63636363636363
00006215,2018,9,9,9,212.0,80.0,220.0,UNICA,-8.0,-3.6363636363636362,-140.0,-63.63636363636363
00006215,2018,10,9,9,205.0,80.0,220.0,UNICA,-15.0,-6.8181818181818175,-140.0,-63.63636363636363
00006215,2018,11,9,9,200.0,80.0,183.0,UNICA,17.0,9.289617486338798,-103.0,-56.284153005464475
00006215,2019,1,9,9,208.0,80.0,210.0,UNICA,-2.0,-0.9523809523809524,-130.0,-61.904761904761905
00006215,2019,2,9,9,205.0,71.0,201.0,UNICA,4.0,1.9900497512437811,-130.0,-64.6766169154229
00006215,2019,3,8,8,187.0,64.0,199.0,UNICA,-12.0,-6.030150753768844,-135.0,-67.8391959798995
00006215,2019,4,8,8,189.0,71.0,189.0,UNICA,0.0,0.0,-118.0,-62.43386243386243
00006215,2019,5,7,7,185.0,73.0,211.0,UNICA,-26.0,-12.322274881516588,-138.0,-65.40284360189574
00006215,2019,6,7,7,186.0,78.0,218.0,UNICA,-32.0,-14.678899082568808,-140.0,-64.22018348623854
00006215,2019,7,9,9,197.0,78.0,206.0,UNICA,-9.0,-4.368932038834951,-128.0,-62.13592233009708
00006215,2019,8,8,8,118.0,35.0,206.0,UNICA,-88.0,-42.71844660194174,-171.0,-83.00970873786407
00006215,2019,9,8,8,124.0,33.0,206.0,UNICA,-82.0,-39.80582524271845,-173.0,-83.98058252427184
00006215,2019,10,8,8,196.0,79.0,208.0,UNICA,-12.0,-5.769230769230769,-129.0,-62.019230769230774
00006215,2019,11,8,8,191.0,79.0,203.0,UNICA,-12.0,-5.911330049261084,-124.0,-61.083743842364534
00006215,2020,1,7,7,164.0,69.0,180.0,UNICA,-16.0,-8.88888888888889,-111.0,-61.66666666666667
00006215,2020,2,5,5,156.0,71.0,184.0,UNICA,-28.0,-15.217391304347828,-113.0,-61.41304347826087
00006215,2020,3,6,6,155.0,68.0,179.0,UNICA,-24.0,-13.40782122905028,-111.0,-62.01117318435754
00006215,2020,4,6,6,142.0,62.0,179.0,UNICA,-37.0,-20.670391061452513,-117.0,-65.36312849162012
00006215,2020,5,5,5,119.0,62.0,162.0,UNICA,-43.0,-26.543209876543212,-100.0,-61.72839506172839
00006215,2020,6,6,6,130.0,64.0,153.0,UNICA,-23.0,-15.032679738562091,-89.0,-58.16993464052288
00006215,2020,7,6,6,163.0,65.0,176.0,UNICA,-13.0,-7.386363636363637,-111.0,-63.06818181818182
00006215,2020,8,6,6,154.0,65.0,185.0,UNICA,-31.0,-16.756756756756758,-120.0,-64.86486486486487
00006215,2020,9,8,8,176.0,66.0,186.0,UNICA,-10.0,-5.376344086021505,-120.0,-64.51612903225806
00006215,2020,10,8,8,178.0,66.0,182.0,UNICA,-4.0,-2.197802197802198,-116.0,-63.73626373626373
00006215,2020,11,8,8,154.0,69.0,190.0,UNICA,-36.0,-18.947368421052634,-121.0,-63.68421052631579
00006215,2020,12,8,8,157.0,69.0,189.0,UNICA,-32.0,-16.93121693121693,-120.0,-63.49206349206349
00006215,2021,1,8,8,185.0,67.0,189.0,UNICA,-4.0,-2.1164021164021163,-122.0,-64.55026455026454
00006215,2021,2,9,9,191.0,69.0,183.0,UNICA,8.0,4.371584699453552,-114.0,-62.295081967213115
00006215,2021,3,9,9,193.0,70.0,206.0,UNICA,-13.0,-6.310679611650485,-136.0,-66.01941747572816
00006215,2021,4,9,9,200.0,73.0,207.0,UNICA,-7.0,-3.3816425120772946,-134.0,-64.73429951690821
00006215,2021,5,9,9,198.0,71.0,198.0,UNICA,0.0,0.0,-127.0,-64.14141414141415
00006215,2021,6,9,9,197.0,69.0,209.0,UNICA,-12.0,-5.741626794258373,-140.0,-66.98564593301435
00006215,2021,7,9,9,194.0,70.0,209.0,UNICA,-15.0,-7.177033492822966,-139.0,-66.50717703349282
00006215,2021,8,9,9,193.0,66.0,207.0,UNICA,-14.0,-6.763285024154589,-141.0,-68.11594202898551
00006215,2021,9,9,9,192.0,66.0,201.0,UNICA,-9.0,-4.477611940298507,-135.0,-67.16417910447761
00006215,2021,10,9,9,187.0,65.0,199.0,UNICA,-12.0,-6.030150753768844,-134.0,-67.33668341708542
00006215,2021,11,9,9,189.0,65.0,201.0,UNICA,-12.0,-5.970149253731343,-136.0,-67.66169154228857
00006215,2021,12,8,8,188.0,65.0,205.0,UNICA,-17.0,-8.292682926829269,-140.0,-68.29268292682927
00006215,2022,1,8,8,183.0,65.0,207.0,UNICA,-24.0,-11.594202898550725,-142.0,-68.59903381642512
00006215,2022,2,8,8,190.0,66.0,207.0,UNICA,-17.0,-8.212560386473431,-141.0,-68.11594202898551
00006215,2022,3,9,9,192.0,65.0,208.0,UNICA,-16.0,-7.6923076923076925,-143.0,-68.75
00006215,2022,4,8,8,173.0,60.0,206.0,UNICA,-33.0,-16.019417475728158,-146.0,-70.87378640776699
00006215,2022,5,8,8,179.0,60.0,203.0,UNICA,-24.0,-11.822660098522167,-143.0,-70.44334975369459
00006215,2022,6,9,9,179.0,60.0,203.0,UNICA,-24.0,-11.822660098522167,-143.0,-70.44334975369459
00006215,2022,7,9,9,170.0,60.0,185.0,UNICA,-15.0,-8.108108108108109,-125.0,-67.56756756756756
00006215,2022,8,7,7,165.0,61.0,187.0,UNICA,-22.0,-11.76470588235294,-126.0,-67.37967914438502
00006215,2022,9,7,7,167.0,61.0,192.0,UNICA,-25.0,-13.020833333333334,-131.0,-68.22916666666666
00006215,2022,10,7,7,185.0,62.0,204.0,UNICA,-19.0,-9.313725490196079,-142.0,-69.6078431372549
00006215,2022,11,7,7,199.0,70.0,222.0,UNICA,-23.0,-10.36036036036036,-152.0,-68.46846846846847
00006215,2022,12,10,10,212.0,70.0,221.0,UNICA,-9.0,-4.072398190045249,-151.0,-68.32579185520362
00006215,2023,1,8,8,206.0,69.0,225.0,UNICA,-19.0,-8.444444444444445,-156.0,-69.33333333333334
00006215,2023,2,8,8,207.0,67.0,224.0,UNICA,-17.0,-7.5892857142857135,-157.0,-70.08928571428571
00006215,2023,3,9,9,207.0,67.0,217.0,UNICA,-10.0,-4.6082949308755765,-150.0,-69.12442396313364
00006215,2023,4,9,9,209.0,65.0,219.0,UNICA,-10.0,-4.5662100456621,-154.0,-70.31963470319634
00006215,2023,5,9,9,190.0,65.0,219.0,UNICA,-29.0,-13.24200913242009,-154.0,-70.31963470319634
00006215,2023,6,7,7,148.0,39.0,198.0,UNICA,-50.0,-25.252525252525253,-159.0,-80.3030303030303
00006215,2023,7,7,7,169.0,70.0,198.0,UNICA,-29.0,-14.646464646464647,-128.0,-64.64646464646465
00006215,2023,8,9,9,186.0,70.0,196.0,UNICA,-10.0,-5.1020408163265305,-126.0,-64.28571428571429
00006215,2023,9,9,9,192.0,70.0,202.0,UNICA,-10.0,-4.9504950495049505,-132.0,-65.34653465346535
00006215,2023,10,8,8,186.0,70.0,200.0,UNICA,-14.0,-7.000000000000001,-130.0,-65.0
00006215,2023,11,7,7,182.0,74.0,198.0,UNICA,-16.0,-8.080808080808081,-124.0,-62.62626262626263
00006215,2023,12,7,7,182.0,71.0,198.0,UNICA,-16.0,-8.080808080808081,-127.0,-64.14141414141415
00006215,2024,1,7,7,174.0,63.0,179.0,UNICA,-5.0,-2.793296089385475,-116.0,-64.80446927374301
00006215,2024,2,6,6,160.0,63.0,181.0,UNICA,-21.0,-11.602209944751381,-118.0,-65.19337016574586
00006215,2024,3,6,6,158.0,63.0,179.0,UNICA,-21.0,-11.731843575418994,-116.0,-64.80446927374301
00006215,2024,4,7,7,168.0,63.0,177.0,UNICA,-9.0,-5.084745762711865,-114.0,-64.40677966101694
00006215,2024,5,7,7,170.0,63.0,179.0,UNICA,-9.0,-5.027932960893855,-116.0,-64.80446927374301
00006215,2024,6,6,6,185.0,81.0,177.0,UNICA,8.0,4.519774011299435,-96.0,-54.23728813559322
00006215,2024,7,7,7,173.0,65.0,181.0,UNICA,-8.0,-4.41988950276243,-116.0,-64.08839779005525
00006215,2024,8,6,6,161.0,63.0,178.0,UNICA,-17.0,-9.550561797752808,-115.0,-64.60674157303372
00006215,2024,9,6,6,160.0,63.0,177.0,UNICA,-17.0,-9.6045197740113,-114.0,-64.40677966101694
00006215,2024,10,6,6,159.0,63.0,176.0,UNICA,-17.0,-9.659090909090908,-113.0,-64.20454545454545
00006215,2024,11,8,8,167.0,63.0,174.0,UNICA,-7.0,-4.022988505747127,-111.0,-63.793103448275865
00006215,2024,12,7,7,158.0,63.0,177.0,UNICA,-19.0,-10.734463276836157,-114.0,-64.40677966101694
00006215,2025,1,7,7,167.0,69.0,189.0,UNICA,-22.0,-11.64021164021164,-120.0,-63.49206349206349
00006215,2025,2,8,8,182.0,71.0,192.0,UNICA,-10.0,-5.208333333333334,-121.0,-63.020833333333336
00006215,2025,3,7,7,174.0,71.0,371.0,UNICA,-197.0,-53.09973045822103,-300.0,-80.86253369272237
00006215,2025,4,7,7,186.0,71.0,195.0,UNICA,-9.0,-4.615384615384616,-124.0,-63.589743589743584
00006215,2025,5,8,8,187.0,71.0,197.0,UNICA,-10.0,-5.0761421319796955,-126.0,-63.95939086294417
00006215,2025,6,7,7,173.0,71.0,188.0,UNICA,-15.0,-7.9787234042553195,-117.0,-62.23404255319149
00006215,2025,7,8,8,181.0,71.0,189.0,UNICA,-8.0,-4.232804232804233,-118.0,-62.43386243386243
00006215,2025,8,7,7,178.0,71.0,189.0,UNICA,-11.0,-5.82010582010582,-118.0,-62.43386243386243
00006215,2025,9,7,7,175.0,71.0,186.0,UNICA,-11.0,-5.913978494623656,-115.0,-61.82795698924731
00006215,2025,10,7,7,168.0,65.0,184.0,UNICA,-16.0,-8.695652173913043,-119.0,-64.67391304347827
00006215,2025,11,7,7,176.0,71.0,186.0,UNICA,-10.0,-5.376344086021505,-115.0,-61.82795698924731
00006215,2026,1,7,7,182.0,71.0,193.0,UNICA,-11.0,-5.699481865284974,-122.0,-63.212435233160626
00006215,2026,2,7,7,175.0,71.0,188.0,UNICA,-13.0,-6.914893617021277,-117.0,-62.23404255319149
00006215,2026,3,7,7,172.0,67.0,186.0,UNICA,-14.0,-7.526881720430108,-119.0,-63.97849462365591
00006216,2015,1,19,19,377.0,82.0,,,,,,
00006216,2015,2,21,21,390.0,82.0,,,,,,
00006216,2015,3,21,21,376.0,79.0,,,,,,
00006216,2015,4,21,21,388.0,83.0,,,,,,
00006216,2015,5,21,21,379.0,82.0,379.0,UNICA,0.0,0.0,-297.0,-78.3641160949868
00006216,2015,6,21,21,379.0,81.0,379.0,UNICA,0.0,0.0,-298.0,-78.62796833773086
00006216,2015,7,20,20,377.0,81.0,379.0,UNICA,-2.0,-0.5277044854881267,-298.0,-78.62796833773086
00006216,2015,8,20,20,376.0,81.0,379.0,UNICA,-3.0,-0.79155672823219,-298.0,-78.62796833773086
00006216,2015,9,21,21,379.0,81.0,379.0,UNICA,0.0,0.0,-298.0,-78.62796833773086
00006216,2015,10,21,21,383.0,77.0,379.0,UNICA,4.0,1.0554089709762533,-302.0,-79.68337730870712
00006216,2015,11,20,20,382.0,77.0,,,,,,
00006216,2015,12,19,19,367.0,78.0,383.0,UNICA,-16.0,-4.177545691906006,-305.0,-79.63446475195822
00006216,2016,1,19,19,369.0,77.0,388.0,UNICA,-19.0,-4.896907216494846,-311.0,-80.15463917525774
00006216,2016,2,19,19,369.0,76.0,388.0,UNICA,-19.0,-4.896907216494846,-312.0,-80.41237113402062
00006216,2016,3,19,19,371.0,79.0,392.0,UNICA,-21.0,-5.357142857142857,-313.0,-79.8469387755102
00006216,2016,4,19,19,368.0,79.0,390.0,UNICA,-22.0,-5.641025641025641,-311.0,-79.74358974358975
00006216,2016,5,19,19,371.0,80.0,390.0,UNICA,-19.0,-4.871794871794872,-310.0,-79.48717948717949
00006216,2016,6,19,19,380.0,79.0,400.0,UNICA,-20.0,-5.0,-321.0,-80.25
00006216,2016,7,20,20,384.0,79.0,404.0,UNICA,-20.0,-4.9504950495049505,-325.0,-80.44554455445545
00006216,2016,8,20,20,378.0,80.0,398.0,UNICA,-20.0,-5.025125628140704,-318.0,-79.89949748743719
00006216,2016,9,20,20,388.0,85.0,409.0,UNICA,-21.0,-5.134474327628362,-324.0,-79.21760391198043
00006216,2016,10,20,20,393.0,85.0,413.0,UNICA,-20.0,-4.842615012106537,-328.0,-79.41888619854721
00006216,2016,11,21,21,364.0,77.0,384.0,UNICA,-20.0,-5.208333333333334,-307.0,-79.94791666666666
00006216,2016,12,21,21,365.0,71.0,392.0,UNICA,-27.0,-6.887755102040815,-321.0,-81.88775510204081
00006216,2017,1,21,21,367.0,71.0,387.0,UNICA,-20.0,-5.167958656330749,-316.0,-81.65374677002583
00006216,2017,2,21,21,365.0,73.0,385.0,UNICA,-20.0,-5.194805194805195,-312.0,-81.03896103896105
00006216,2017,3,21,21,372.0,84.0,392.0,UNICA,-20.0,-5.1020408163265305,-308.0,-78.57142857142857
00006216,2017,4,20,20,371.0,84.0,392.0,UNICA,-21.0,-5.357142857142857,-308.0,-78.57142857142857
00006216,2017,5,20,20,365.0,82.0,386.0,UNICA,-21.0,-5.4404145077720205,-304.0,-78.75647668393782
00006216,2017,6,18,18,257.0,36.0,386.0,UNICA,-129.0,-33.41968911917099,-350.0,-90.67357512953367
00006216,2017,7,18,18,257.0,36.0,364.0,UNICA,-107.0,-29.395604395604398,-328.0,-90.10989010989012
00006216,2017,8,20,20,364.0,82.0,364.0,UNICA,0.0,0.0,-282.0,-77.47252747252747
00006216,2017,9,20,20,358.0,81.0,359.0,UNICA,-1.0,-0.2785515320334262,-278.0,-77.43732590529248
00006216,2017,10,20,20,367.0,85.0,367.0,UNICA,0.0,0.0,-282.0,-76.83923705722071
00006216,2017,11,21,21,385.0,81.0,385.0,UNICA,0.0,0.0,-304.0,-78.96103896103897
00006216,2017,12,21,21,379.0,81.0,379.0,UNICA,0.0,0.0,-298.0,-78.62796833773086
00006216,2018,1,21,21,386.0,83.0,386.0,UNICA,0.0,0.0,-303.0,-78.49740932642487
00006216,2018,2,21,21,387.0,83.0,386.0,UNICA,1.0,0.2590673575129534,-303.0,-78.49740932642487
00006216,2018,3,21,21,384.0,75.0,384.0,UNICA,0.0,0.0,-309.0,-80.46875
00006216,2018,4,20,20,378.0,81.0,379.0,UNICA,-1.0,-0.2638522427440633,-298.0,-78.62796833773086
00006216,2018,5,20,20,388.0,82.0,388.0,UNICA,0.0,0.0,-306.0,-78.8659793814433
00006216,2018,6,21,21,386.0,81.0,386.0,UNICA,0.0,0.0,-305.0,-79.01554404145078
00006216,2018,7,21,21,387.0,79.0,387.0,UNICA,0.0,0.0,-308.0,-79.58656330749353
00006216,2018,8,21,21,383.0,78.0,383.0,UNICA,0.0,0.0,-305.0,-79.63446475195822
00006216,2018,9,21,21,379.0,78.0,379.0,UNICA,0.0,0.0,-301.0,-79.41952506596306
00006216,2018,10,21,21,381.0,78.0,381.0,UNICA,0.0,0.0,-303.0,-79.52755905511812
00006216,2018,11,21,21,379.0,79.0,379.0,UNICA,0.0,0.0,-300.0,-79.15567282321899
00006216,2019,1,20,20,381.0,82.0,382.0,UNICA,-1.0,-0.2617801047120419,-300.0,-78.53403141361257
00006216,2019,2,20,20,380.0,82.0,380.0,UNICA,0.0,0.0,-298.0,-78.42105263157895
00006216,2019,3,21,21,379.0,82.0,379.0,UNICA,0.0,0.0,-297.0,-78.3641160949868
00006216,2019,4,21,21,384.0,82.0,384.0,UNICA,0.0,0.0,-302.0,-78.64583333333334
00006216,2019,5,21,21,382.0,82.0,382.0,UNICA,0.0,0.0,-300.0,-78.53403141361257
00006216,2019,6,21,21,380.0,81.0,380.0,UNICA,0.0,0.0,-299.0,-78.6842105263158
00006216,2019,7,20,20,380.0,82.0,381.0,UNICA,-1.0,-0.26246719160104987,-299.0,-78.4776902887139
00006216,2019,8,20,20,364.0,77.0,364.0,UNICA,0.0,0.0,-287.0,-78.84615384615384
00006216,2019,9,18,18,278.0,36.0,367.0,UNICA,-89.0,-24.250681198910083,-331.0,-90.19073569482289
00006216,2019,10,17,17,278.0,36.0,368.0,UNICA,-90.0,-24.456521739130434,-332.0,-90.21739130434783
00006216,2019,11,19,19,365.0,77.0,368.0,UNICA,-3.0,-0.8152173913043478,-291.0,-79.07608695652173
00006216,2020,1,20,20,370.0,78.0,370.0,UNICA,0.0,0.0,-292.0,-78.91891891891892
00006216,2020,2,21,21,377.0,82.0,377.0,UNICA,0.0,0.0,-295.0,-78.24933687002653
00006216,2020,3,17,17,357.0,82.0,377.0,UNICA,-20.0,-5.305039787798409,-295.0,-78.24933687002653
00006216,2020,4,17,17,200.0,54.0,385.0,UNICA,-185.0,-48.05194805194805,-331.0,-85.97402597402596
00006216,2020,5,15,15,182.0,52.0,365.0,UNICA,-183.0,-50.136986301369866,-313.0,-85.75342465753425
00006216,2020,6,15,15,202.0,57.0,371.0,UNICA,-169.0,-45.55256064690027,-314.0,-84.63611859838275
00006216,2020,7,18,18,213.0,56.0,371.0,UNICA,-158.0,-42.58760107816711,-315.0,-84.90566037735849
00006216,2020,8,19,19,206.0,56.0,371.0,UNICA,-165.0,-44.474393530997304,-315.0,-84.90566037735849
00006216,2020,9,19,19,256.0,64.0,371.0,UNICA,-115.0,-30.997304582210244,-307.0,-82.74932614555256
00006216,2020,10,20,20,279.0,58.0,371.0,UNICA,-92.0,-24.797843665768195,-313.0,-84.36657681940702
00006216,2020,11,21,21,261.0,65.0,371.0,UNICA,-110.0,-29.649595687331537,-306.0,-82.47978436657682
00006216,2020,12,20,20,277.0,67.0,371.0,UNICA,-94.0,-25.336927223719673,-304.0,-81.94070080862534
00006216,2021,1,20,20,290.0,66.0,371.0,UNICA,-81.0,-21.83288409703504,-305.0,-82.21024258760107
00006216,2021,2,19,19,271.0,66.0,371.0,UNICA,-100.0,-26.954177897574123,-305.0,-82.21024258760107
00006216,2021,3,18,18,259.0,69.0,371.0,UNICA,-112.0,-30.18867924528302,-302.0,-81.40161725067385
00006216,2021,4,19,19,264.0,69.0,371.0,UNICA,-107.0,-28.84097035040431,-302.0,-81.40161725067385
00006216,2021,5,20,20,267.0,68.0,371.0,UNICA,-104.0,-28.03234501347709,-303.0,-81.6711590296496
00006216,2021,6,20,20,265.0,69.0,371.0,UNICA,-106.0,-28.57142857142857,-302.0,-81.40161725067385
00006216,2021,7,20,20,271.0,70.0,371.0,UNICA,-100.0,-26.954177897574123,-301.0,-81.13207547169812
00006216,2021,8,20,20,287.0,75.0,371.0,UNICA,-84.0,-22.641509433962266,-296.0,-79.78436657681941
00006216,2021,9,20,20,291.0,77.0,371.0,UNICA,-80.0,-21.563342318059302,-294.0,-79.24528301886792
00006216,2021,10,20,20,292.0,78.0,371.0,UNICA,-79.0,-21.293800539083556,-293.0,-78.97574123989219
00006216,2021,11,20,20,292.0,81.0,371.0,UNICA,-79.0,-21.293800539083556,-290.0,-78.16711590296495
00006216,2021,12,19,19,285.0,79.0,371.0,UNICA,-86.0,-23.180592991913745,-292.0,-78.70619946091644
00006216,2022,1,19,19,279.0,81.0,371.0,UNICA,-92.0,-24.797843665768195,-290.0,-78.16711590296495
00006216,2022,2,19,19,273.0,80.0,371.0,UNICA,-98.0,-26.41509433962264,-291.0,-78.4366576819407
00006216,2022,3,19,19,304.0,84.0,371.0,UNICA,-67.0,-18.059299191374663,-287.0,-77.35849056603774
00006216,2022,4,19,19,303.0,82.0,303.0,UNICA,0.0,0.0,-221.0,-72.93729372937293
00006216,2022,5,19,19,320.0,90.0,320.0,UNICA,0.0,0.0,-230.0,-71.875
00006216,2022,6,19,19,324.0,77.0,320.0,UNICA,4.0,1.25,-243.0,-75.9375
00006216,2022,7,19,19,322.0,78.0,322.0,UNICA,0.0,0.0,-244.0,-75.77639751552795
00006216,2022,8,20,20,330.0,83.0,330.0,UNICA,0.0,0.0,-247.0,-74.84848484848486
00006216,2022,9,21,21,330.0,79.0,330.0,UNICA,0.0,0.0,-251.0,-76.06060606060606
00006216,2022,10,20,20,328.0,79.0,329.0,UNICA,-1.0,-0.303951367781155,-250.0,-75.98784194528876
00006216,2022,11,19,19,346.0,83.0,349.0,UNICA,-3.0,-0.8595988538681949,-266.0,-76.21776504297995
00006216,2022,12,18,18,309.0,81.0,318.0,UNICA,-9.0,-2.8301886792452833,-237.0,-74.52830188679245
00006216,2023,1,19,19,326.0,80.0,371.0,UNICA,-45.0,-12.129380053908356,-291.0,-78.4366576819407
00006216,2023,2,19,19,346.0,83.0,346.0,UNICA,0.0,0.0,-263.0,-76.01156069364163
00006216,2023,3,19,19,345.0,86.0,397.0,UNICA,-52.0,-13.09823677581864,-311.0,-78.33753148614609
00006216,2023,4,20,20,353.0,89.0,409.0,UNICA,-56.0,-13.691931540342297,-320.0,-78.239608801956
00006216,2023,5,20,20,344.0,92.0,400.0,UNICA,-56.0,-14.000000000000002,-308.0,-77.0
00006216,2023,6,20,20,343.0,92.0,399.0,UNICA,-56.0,-14.035087719298245,-307.0,-76.94235588972431
00006216,2023,7,20,20,342.0,92.0,398.0,UNICA,-56.0,-14.07035175879397,-306.0,-76.88442211055276
00006216,2023,8,20,20,338.0,92.0,395.0,UNICA,-57.0,-14.430379746835442,-303.0,-76.70886075949367
00006216,2023,9,20,20,323.0,92.0,395.0,UNICA,-72.0,-18.227848101265824,-303.0,-76.70886075949367
00006216,2023,10,20,20,326.0,92.0,398.0,UNICA,-72.0,-18.090452261306535,-306.0,-76.88442211055276
00006216,2023,11,20,20,322.0,83.0,398.0,UNICA,-76.0,-19.09547738693467,-315.0,-79.14572864321609
00006216,2023,12,20,20,313.0,82.0,398.0,UNICA,-85.0,-21.35678391959799,-316.0,-79.39698492462311
00006216,2024,1,20,20,338.0,91.0,368.0,UNICA,-30.0,-8.152173913043478,-277.0,-75.27173913043478
00006216,2024,2,20,20,342.0,91.0,400.0,UNICA,-58.0,-14.499999999999998,-309.0,-77.25
00006216,2024,3,20,20,342.0,91.0,400.0,UNICA,-58.0,-14.499999999999998,-309.0,-77.25
00006216,2024,4,20,20,330.0,90.0,387.0,UNICA,-57.0,-14.728682170542637,-297.0,-76.74418604651163
00006216,2024,5,20,20,330.0,90.0,387.0,UNICA,-57.0,-14.728682170542637,-297.0,-76.74418604651163
00006216,2024,6,20,20,330.0,90.0,387.0,UNICA,-57.0,-14.728682170542637,-297.0,-76.74418604651163
00006216,2024,7,20,20,332.0,90.0,391.0,UNICA,-59.0,-15.089514066496163,-301.0,-76.98209718670077
00006216,2024,8,20,20,332.0,90.0,391.0,UNICA,-59.0,-15.089514066496163,-301.0,-76.98209718670077
00006216,2024,9,20,20,332.0,90.0,391.0,UNICA,-59.0,-15.089514066496163,-301.0,-76.98209718670077
00006216,2024,10,20,20,332.0,90.0,391.0,UNICA,-59.0,-15.089514066496163,-301.0,-76.98209718670077
00006216,2024,11,20,20,332.0,90.0,391.0,UNICA,-59.0,-15.089514066496163,-301.0,-76.98209718670077
00006216,2024,12,20,20,332.0,90.0,391.0,UNICA,-59.0,-15.089514066496163,-301.0,-76.98209718670077
00006216,2025,1,20,20,332.0,90.0,392.0,UNICA,-60.0,-15.306122448979592,-302.0,-77.04081632653062
00006216,2025,2,20,20,332.0,90.0,392.0,UNICA,-60.0,-15.306122448979592,-302.0,-77.04081632653062
00006216,2025,3,20,20,332.0,90.0,392.0,UNICA,-60.0,-15.306122448979592,-302.0,-77.04081632653062
00006216,2025,4,20,20,330.0,88.0,392.0,UNICA,-62.0,-15.816326530612246,-304.0,-77.55102040816327
00006216,2025,5,19,19,329.0,90.0,392.0,UNICA,-63.0,-16.071428571428573,-302.0,-77.04081632653062
00006216,2025,6,19,19,329.0,90.0,392.0,UNICA,-63.0,-16.071428571428573,-302.0,-77.04081632653062
00006216,2025,7,20,20,332.0,90.0,392.0,UNICA,-60.0,-15.306122448979592,-302.0,-77.04081632653062
00006216,2025,8,20,20,332.0,90.0,394.0,UNICA,-62.0,-15.736040609137056,-304.0,-77.15736040609137
00006216,2025,9,19,19,329.0,90.0,394.0,UNICA,-65.0,-16.49746192893401,-304.0,-77.15736040609137
00006216,2025,10,19,19,329.0,90.0,394.0,UNICA,-65.0,-16.49746192893401,-304.0,-77.15736040609137
00006216,2025,11,20,20,332.0,91.0,394.0,UNICA,-62.0,-15.736040609137056,-303.0,-76.90355329949239
00006216,2026,1,20,20,332.0,90.0,394.0,UNICA,-62.0,-15.736040609137056,-304.0,-77.15736040609137
00006216,2026,2,20,20,332.0,90.0,394.0,UNICA,-62.0,-15.736040609137056,-304.0,-77.15736040609137
00006216,2026,3,20,20,332.0,90.0,394.0,UNICA,-62.0,-15.736040609137056,-304.0,-77.15736040609137
00006217,2015,6,1,1,11.0,11.0,,,,,,
00006217,2015,7,1,1,11.0,11.0,,,,,,
00006217,2015,8,1,1,11.0,11.0,,,,,,
00006217,2015,9,1,1,11.0,11.0,11.0,UNICA,0.0,0.0,0.0,0.0
00006217,2015,10,1,1,11.0,11.0,,,,,,
00006217,2015,11,1,1,11.0,11.0,,,,,,
00006217,2015,12,1,1,11.0,11.0,,,,,,
00006217,2016,1,1,1,11.0,11.0,,,,,,
00006217,2016,2,1,1,11.0,11.0,11.0,UNICA,0.0,0.0,0.0,0.0
00006217,2016,3,1,1,11.0,11.0,,,,,,
00006217,2016,4,1,1,11.0,11.0,11.0,UNICA,0.0,0.0,0.0,0.0
00006217,2016,5,1,1,11.0,11.0,11.0,UNICA,0.0,0.0,0.0,0.0
00006217,2016,6,1,1,11.0,11.0,11.0,UNICA,0.0,0.0,0.0,0.0
00006217,2016,7,1,1,11.0,11.0,11.0,UNICA,0.0,0.0,0.0,0.0
00006217,2016,8,1,1,11.0,11.0,11.0,UNICA,0.0,0.0,0.0,0.0
00006217,2016,9,1,1,11.0,11.0,11.0,UNICA,0.0,0.0,0.0,0.0
00006217,2016,10,1,1,11.0,11.0,11.0,UNICA,0.0,0.0,0.0,0.0
00006217,2016,11,1,1,11.0,11.0,11.0,UNICA,0.0,0.0,0.0,0.0
00006217,2016,12,1,1,11.0,11.0,11.0,UNICA,0.0,0.0,0.0,0.0
00006217,2017,1,1,1,11.0,11.0,11.0,UNICA,0.0,0.0,0.0,0.0
00006217,2017,2,1,1,11.0,11.0,11.0,UNICA,0.0,0.0,0.0,0.0
00006217,2017,3,1,1,11.0,11.0,11.0,UNICA,0.0,0.0,0.0,0.0
00006217,2017,4,1,1,11.0,11.0,11.0,UNICA,0.0,0.0,0.0,0.0
00006217,2017,5,1,1,11.0,11.0,11.0,UNICA,0.0,0.0,0.0,0.0
00006217,2017,6,1,1,11.0,11.0,11.0,UNICA,0.0,0.0,0.0,0.0
00006217,2017,7,1,1,11.0,11.0,11.0,UNICA,0.0,0.0,0.0,0.0
00006217,2017,8,1,1,11.0,11.0,11.0,UNICA,0.0,0.0,0.0,0.0
00006217,2017,9,1,1,11.0,11.0,11.0,UNICA,0.0,0.0,0.0,0.0
00006217,2017,10,1,1,11.0,11.0,11.0,UNICA,0.0,0.0,0.0,0.0
00006217,2017,11,1,1,11.0,11.0,11.0,UNICA,0.0,0.0,0.0,0.0
00006217,2017,12,1,1,11.0,11.0,11.0,UNICA,0.0,0.0,0.0,0.0
00006217,2018,1,1,1,11.0,11.0,11.0,UNICA,0.0,0.0,0.0,0.0
00006217,2018,2,1,1,11.0,11.0,11.0,UNICA,0.0,0.0,0.0,0.0
00006217,2018,3,1,1,11.0,11.0,11.0,UNICA,0.0,0.0,0.0,0.0
00006217,2018,4,1,1,11.0,11.0,11.0,UNICA,0.0,0.0,0.0,0.0
00006217,2018,5,1,1,11.0,11.0,11.0,UNICA,0.0,0.0,0.0,0.0
00006217,2018,6,1,1,11.0,11.0,11.0,UNICA,0.0,0.0,0.0,0.0
00006217,2018,7,1,1,11.0,11.0,11.0,UNICA,0.0,0.0,0.0,0.0
00006217,2018,8,1,1,11.0,11.0,11.0,UNICA,0.0,0.0,0.0,0.0
00006217,2018,9,1,1,11.0,11.0,11.0,UNICA,0.0,0.0,0.0,0.0
00006217,2018,10,1,1,11.0,11.0,11.0,UNICA,0.0,0.0,0.0,0.0
00006217,2018,11,1,1,11.0,11.0,11.0,UNICA,0.0,0.0,0.0,0.0
00006217,2019,1,1,1,11.0,11.0,11.0,UNICA,0.0,0.0,0.0,0.0
00006217,2019,2,1,1,11.0,11.0,11.0,UNICA,0.0,0.0,0.0,0.0
00006217,2019,3,1,1,11.0,11.0,11.0,UNICA,0.0,0.0,0.0,0.0
00006217,2019,4,1,1,11.0,11.0,11.0,UNICA,0.0,0.0,0.0,0.0
00006217,2019,5,1,1,11.0,11.0,11.0,UNICA,0.0,0.0,0.0,0.0
00006217,2019,6,1,1,11.0,11.0,11.0,UNICA,0.0,0.0,0.0,0.0
00006217,2019,7,1,1,11.0,11.0,11.0,UNICA,0.0,0.0,0.0,0.0
00006217,2019,8,1,1,11.0,11.0,11.0,UNICA,0.0,0.0,0.0,0.0
00006217,2019,9,1,1,11.0,11.0,11.0,UNICA,0.0,0.0,0.0,0.0
00006217,2019,10,1,1,11.0,11.0,11.0,UNICA,0.0,0.0,0.0,0.0
00006217,2019,11,1,1,11.0,11.0,11.0,UNICA,0.0,0.0,0.0,0.0
00006217,2020,1,1,1,11.0,11.0,11.0,UNICA,0.0,0.0,0.0,0.0
00006217,2020,2,1,1,11.0,11.0,11.0,UNICA,0.0,0.0,0.0,0.0
00006217,2020,3,1,1,11.0,11.0,11.0,UNICA,0.0,0.0,0.0,0.0
00006217,2020,12,1,1,11.0,11.0,11.0,UNICA,0.0,0.0,0.0,0.0
00006217,2021,6,1,1,11.0,11.0,11.0,UNICA,0.0,0.0,0.0,0.0
00006217,2021,7,1,1,11.0,11.0,11.0,UNICA,0.0,0.0,0.0,0.0
00006217,2021,8,1,1,7.0,7.0,7.0,UNICA,0.0,0.0,0.0,0.0
00006217,2021,11,1,1,7.0,7.0,7.0,UNICA,0.0,0.0,0.0,0.0
00006217,2021,12,1,1,7.0,7.0,7.0,UNICA,0.0,0.0,0.0,0.0
00006217,2022,12,1,1,7.0,7.0,7.0,UNICA,0.0,0.0,0.0,0.0
00006217,2023,1,1,1,7.0,7.0,7.0,UNICA,0.0,0.0,0.0,0.0
00006217,2023,2,1,1,7.0,7.0,7.0,UNICA,0.0,0.0,0.0,0.0
00006217,2023,3,1,1,7.0,7.0,7.0,UNICA,0.0,0.0,0.0,0.0
00006217,2023,4,1,1,7.0,7.0,7.0,UNICA,0.0,0.0,0.0,0.0
00006217,2023,5,1,1,7.0,7.0,7.0,UNICA,0.0,0.0,0.0,0.0
00006217,2023,6,1,1,7.0,7.0,7.0,UNICA,0.0,0.0,0.0,0.0
00006217,2023,7,1,1,7.0,7.0,7.0,UNICA,0.0,0.0,0.0,0.0
00006217,2023,8,1,1,7.0,7.0,7.0,UNICA,0.0,0.0,0.0,0.0
00006217,2023,9,1,1,7.0,7.0,7.0,UNICA,0.0,0.0,0.0,0.0
00006217,2023,10,1,1,7.0,7.0,7.0,UNICA,0.0,0.0,0.0,0.0
00006217,2023,11,1,1,7.0,7.0,7.0,UNICA,0.0,0.0,0.0,0.0
00006217,2023,12,1,1,7.0,7.0,7.0,UNICA,0.0,0.0,0.0,0.0
00006217,2024,1,1,1,7.0,7.0,7.0,UNICA,0.0,0.0,0.0,0.0
00006217,2024,2,1,1,7.0,7.0,7.0,UNICA,0.0,0.0,0.0,0.0
00006217,2024,3,1,1,7.0,7.0,7.0,UNICA,0.0,0.0,0.0,0.0
00006217,2024,4,1,1,7.0,7.0,7.0,UNICA,0.0,0.0,0.0,0.0
00006217,2024,5,1,1,7.0,7.0,7.0,UNICA,0.0,0.0,0.0,0.0
00006217,2024,6,1,1,7.0,7.0,7.0,UNICA,0.0,0.0,0.0,0.0
00006217,2024,7,1,1,7.0,7.0,7.0,UNICA,0.0,0.0,0.0,0.0
00006217,2024,8,1,1,7.0,7.0,7.0,UNICA,0.0,0.0,0.0,0.0
00006217,2024,9,1,1,7.0,7.0,7.0,UNICA,0.0,0.0,0.0,0.0
00006217,2024,10,1,1,7.0,7.0,7.0,UNICA,0.0,0.0,0.0,0.0
00006217,2024,11,1,1,7.0,7.0,7.0,UNICA,0.0,0.0,0.0,0.0
00006217,2024,12,1,1,7.0,7.0,7.0,UNICA,0.0,0.0,0.0,0.0
00006217,2025,1,1,1,7.0,7.0,7.0,UNICA,0.0,0.0,0.0,0.0
00006217,2025,2,1,1,7.0,7.0,7.0,UNICA,0.0,0.0,0.0,0.0
00006217,2025,3,1,1,7.0,7.0,7.0,UNICA,0.0,0.0,0.0,0.0
00006217,2025,4,1,1,7.0,7.0,7.0,UNICA,0.0,0.0,0.0,0.0
00006217,2025,5,1,1,7.0,7.0,7.0,UNICA,0.0,0.0,0.0,0.0
00006217,2025,6,1,1,7.0,7.0,7.0,UNICA,0.0,0.0,0.0,0.0
00006217,2025,7,1,1,7.0,7.0,7.0,UNICA,0.0,0.0,0.0,0.0
00006217,2025,8,1,1,7.0,7.0,7.0,UNICA,0.0,0.0,0.0,0.0
00006217,2025,9,1,1,7.0,7.0,7.0,UNICA,0.0,0.0,0.0,0.0
00006217,2025,10,1,1,7.0,7.0,7.0,UNICA,0.0,0.0,0.0,0.0
00006217,2025,11,1,1,7.0,7.0,7.0,UNICA,0.0,0.0,0.0,0.0
00006217,2026,1,1,1,7.0,7.0,7.0,UNICA,0.0,0.0,0.0,0.0
00006217,2026,2,1,1,7.0,7.0,7.0,UNICA,0.0,0.0,0.0,0.0
00006217,2026,3,1,1,7.0,7.0,7.0,UNICA,0.0,0.0,0.0,0.0
00007632,2016,1,9,9,90.0,19.0,113.0,UNICA,-23.0,-20.353982300884958,-94.0,-83.1858407079646
00007632,2016,2,9,9,90.0,19.0,113.0,UNICA,-23.0,-20.353982300884958,-94.0,-83.1858407079646
00007632,2016,3,10,10,108.0,19.0,113.0,UNICA,-5.0,-4.424778761061947,-94.0,-83.1858407079646
00007632,2016,4,10,10,110.0,19.0,113.0,UNICA,-3.0,-2.6548672566371683,-94.0,-83.1858407079646
00007632,2016,5,10,10,110.0,19.0,110.0,UNICA,0.0,0.0,-91.0,-82.72727272727273
00007632,2016,6,9,9,108.0,19.0,110.0,UNICA,-2.0,-1.8181818181818181,-91.0,-82.72727272727273
00007632,2016,7,5,5,84.0,22.0,110.0,UNICA,-26.0,-23.636363636363637,-88.0,-80.0
00007632,2016,8,4,4,76.0,24.0,108.0,UNICA,-32.0,-29.629629629629626,-84.0,-77.77777777777779
00007632,2016,9,4,4,69.0,24.0,108.0,UNICA,-39.0,-36.11111111111111,-84.0,-77.77777777777779
00007632,2016,10,4,4,46.0,24.0,73.0,UNICA,-27.0,-36.986301369863014,-49.0,-67.12328767123287
00007632,2016,11,3,3,52.0,24.0,102.0,UNICA,-50.0,-49.01960784313725,-78.0,-76.47058823529412
00007632,2016,12,3,3,52.0,24.0,102.0,UNICA,-50.0,-49.01960784313725,-78.0,-76.47058823529412
00007632,2017,1,4,4,65.0,24.0,102.0,UNICA,-37.0,-36.27450980392157,-78.0,-76.47058823529412
00007632,2017,2,5,5,80.0,24.0,102.0,UNICA,-22.0,-21.568627450980394,-78.0,-76.47058823529412
00007632,2017,3,4,4,69.0,28.0,102.0,UNICA,-33.0,-32.35294117647059,-74.0,-72.54901960784314
00007632,2017,4,4,4,69.0,28.0,102.0,UNICA,-33.0,-32.35294117647059,-74.0,-72.54901960784314
00007632,2017,5,4,4,69.0,28.0,102.0,UNICA,-33.0,-32.35294117647059,-74.0,-72.54901960784314
00007632,2017,6,4,4,69.0,28.0,102.0,UNICA,-33.0,-32.35294117647059,-74.0,-72.54901960784314
00007632,2017,7,4,4,63.0,22.0,102.0,UNICA,-39.0,-38.23529411764706,-80.0,-78.43137254901961
00007632,2017,8,3,3,41.0,15.0,102.0,UNICA,-61.0,-59.80392156862745,-87.0,-85.29411764705883
00007632,2017,9,3,3,41.0,15.0,102.0,UNICA,-61.0,-59.80392156862745,-87.0,-85.29411764705883
00007632,2017,10,3,3,40.0,15.0,102.0,UNICA,-62.0,-60.78431372549019,-87.0,-85.29411764705883
00007632,2017,11,4,4,62.0,22.0,102.0,UNICA,-40.0,-39.21568627450981,-80.0,-78.43137254901961
00007632,2017,12,4,4,62.0,22.0,108.0,UNICA,-46.0,-42.592592592592595,-86.0,-79.62962962962963
00007632,2018,1,3,3,40.0,15.0,108.0,UNICA,-68.0,-62.96296296296296,-93.0,-86.11111111111111
00007632,2018,2,3,3,40.0,15.0,102.0,UNICA,-62.0,-60.78431372549019,-87.0,-85.29411764705883
00007632,2018,3,3,3,40.0,15.0,102.0,UNICA,-62.0,-60.78431372549019,-87.0,-85.29411764705883
00007632,2018,4,4,4,62.0,22.0,102.0,UNICA,-40.0,-39.21568627450981,-80.0,-78.43137254901961
00007632,2018,5,4,4,62.0,22.0,102.0,UNICA,-40.0,-39.21568627450981,-80.0,-78.43137254901961
00007632,2018,6,3,3,40.0,15.0,102.0,UNICA,-62.0,-60.78431372549019,-87.0,-85.29411764705883
00007632,2018,7,4,4,64.0,24.0,102.0,UNICA,-38.0,-37.254901960784316,-78.0,-76.47058823529412
00007632,2018,8,4,4,62.0,22.0,102.0,UNICA,-40.0,-39.21568627450981,-80.0,-78.43137254901961
00007632,2018,9,3,3,40.0,15.0,102.0,UNICA,-62.0,-60.78431372549019,-87.0,-85.29411764705883
00007632,2018,10,4,4,64.0,24.0,102.0,UNICA,-38.0,-37.254901960784316,-78.0,-76.47058823529412
00007632,2018,11,4,4,64.0,24.0,102.0,UNICA,-38.0,-37.254901960784316,-78.0,-76.47058823529412
00007632,2019,1,4,4,64.0,24.0,102.0,UNICA,-38.0,-37.254901960784316,-78.0,-76.47058823529412
00007632,2019,2,4,4,64.0,24.0,102.0,UNICA,-38.0,-37.254901960784316,-78.0,-76.47058823529412
00007632,2019,3,3,3,40.0,15.0,102.0,UNICA,-62.0,-60.78431372549019,-87.0,-85.29411764705883
00007632,2019,4,4,4,68.0,28.0,100.0,UNICA,-32.0,-32.0,-72.0,-72.0
00007632,2019,5,4,4,68.0,28.0,100.0,UNICA,-32.0,-32.0,-72.0,-72.0
00007632,2019,6,3,3,53.0,28.0,100.0,UNICA,-47.0,-47.0,-72.0,-72.0
00007632,2019,7,3,3,53.0,28.0,100.0,UNICA,-47.0,-47.0,-72.0,-72.0
00007632,2019,8,4,4,56.0,28.0,100.0,UNICA,-44.0,-44.0,-72.0,-72.0
00007632,2019,9,6,6,111.0,30.0,100.0,UNICA,11.0,11.0,-70.0,-70.0
00007632,2019,10,6,6,111.0,29.0,111.0,UNICA,0.0,0.0,-82.0,-73.87387387387388
00007632,2019,11,6,6,111.0,29.0,111.0,UNICA,0.0,0.0,-82.0,-73.87387387387388
00007632,2020,1,6,6,111.0,29.0,111.0,UNICA,0.0,0.0,-82.0,-73.87387387387388
00007632,2020,2,6,6,111.0,29.0,111.0,UNICA,0.0,0.0,-82.0,-73.87387387387388
00007632,2020,3,6,6,111.0,30.0,,,,,,
00007632,2020,4,6,6,89.0,24.0,,,,,,
00007632,2020,5,6,6,78.0,24.0,,,,,,
00007632,2020,6,6,6,78.0,24.0,,,,,,
00007632,2020,7,6,6,78.0,24.0,,,,,,
00007632,2020,8,6,6,151.0,102.0,,,,,,
00007632,2020,9,6,6,157.0,89.0,,,,,,
00007632,2020,10,6,6,111.0,29.0,,,,,,
00007632,2020,11,6,6,157.0,89.0,,,,,,
00007632,2020,12,6,6,157.0,89.0,,UNICA,,,,
00007632,2021,1,6,6,157.0,89.0,157.0,UNICA,0.0,0.0,-68.0,-43.31210191082803
00007632,2021,2,6,6,157.0,89.0,157.0,UNICA,0.0,0.0,-68.0,-43.31210191082803
00007632,2021,3,6,6,157.0,89.0,157.0,UNICA,0.0,0.0,-68.0,-43.31210191082803
00007632,2021,4,6,6,157.0,89.0,157.0,UNICA,0.0,0.0,-68.0,-43.31210191082803
00007632,2021,5,6,6,157.0,89.0,157.0,UNICA,0.0,0.0,-68.0,-43.31210191082803
00007632,2021,6,6,6,157.0,89.0,157.0,UNICA,0.0,0.0,-68.0,-43.31210191082803
00007632,2021,7,6,6,157.0,89.0,157.0,UNICA,0.0,0.0,-68.0,-43.31210191082803
00007632,2021,8,6,6,157.0,89.0,157.0,UNICA,0.0,0.0,-68.0,-43.31210191082803
00007632,2021,9,6,6,157.0,89.0,157.0,UNICA,0.0,0.0,-68.0,-43.31210191082803
00007632,2021,10,6,6,157.0,89.0,157.0,UNICA,0.0,0.0,-68.0,-43.31210191082803
00007632,2021,11,6,6,157.0,89.0,157.0,UNICA,0.0,0.0,-68.0,-43.31210191082803
00007632,2021,12,6,6,157.0,89.0,157.0,UNICA,0.0,0.0,-68.0,-43.31210191082803
00007632,2022,1,6,6,157.0,89.0,157.0,UNICA,0.0,0.0,-68.0,-43.31210191082803
00007632,2022,2,6,6,157.0,89.0,157.0,UNICA,0.0,0.0,-68.0,-43.31210191082803
00007632,2022,3,6,6,157.0,89.0,157.0,UNICA,0.0,0.0,-68.0,-43.31210191082803
00007632,2022,4,6,6,157.0,89.0,157.0,UNICA,0.0,0.0,-68.0,-43.31210191082803
00007632,2022,5,6,6,108.0,34.0,108.0,UNICA,0.0,0.0,-74.0,-68.51851851851852
00007632,2022,6,6,6,108.0,34.0,108.0,UNICA,0.0,0.0,-74.0,-68.51851851851852
00007632,2022,7,6,6,108.0,34.0,108.0,UNICA,0.0,0.0,-74.0,-68.51851851851852
00007632,2022,8,4,4,76.0,34.0,108.0,UNICA,-32.0,-29.629629629629626,-74.0,-68.51851851851852
00007632,2022,9,5,5,108.0,34.0,108.0,UNICA,0.0,0.0,-74.0,-68.51851851851852
00007632,2022,10,5,5,108.0,34.0,108.0,UNICA,0.0,0.0,-74.0,-68.51851851851852
00007632,2022,11,5,5,108.0,34.0,108.0,UNICA,0.0,0.0,-74.0,-68.51851851851852
00007632,2022,12,5,5,108.0,34.0,108.0,UNICA,0.0,0.0,-74.0,-68.51851851851852
00007632,2023,1,5,5,108.0,34.0,108.0,UNICA,0.0,0.0,-74.0,-68.51851851851852
00007632,2023,2,5,5,108.0,34.0,108.0,UNICA,0.0,0.0,-74.0,-68.51851851851852
00007632,2023,3,5,5,108.0,34.0,108.0,UNICA,0.0,0.0,-74.0,-68.51851851851852
00007632,2023,4,5,5,114.0,34.0,114.0,UNICA,0.0,0.0,-80.0,-70.17543859649122
00007632,2023,5,5,5,114.0,34.0,114.0,UNICA,0.0,0.0,-80.0,-70.17543859649122
00007632,2023,6,5,5,114.0,34.0,114.0,UNICA,0.0,0.0,-80.0,-70.17543859649122
00007632,2023,7,5,5,114.0,34.0,114.0,UNICA,0.0,0.0,-80.0,-70.17543859649122
00007632,2023,8,5,5,114.0,34.0,114.0,UNICA,0.0,0.0,-80.0,-70.17543859649122
00007632,2023,9,5,5,114.0,34.0,114.0,UNICA,0.0,0.0,-80.0,-70.17543859649122
00007632,2023,10,5,5,114.0,34.0,114.0,UNICA,0.0,0.0,-80.0,-70.17543859649122
00007632,2023,11,5,5,114.0,34.0,114.0,UNICA,0.0,0.0,-80.0,-70.17543859649122
00007632,2023,12,5,5,114.0,34.0,114.0,UNICA,0.0,0.0,-80.0,-70.17543859649122
00007632,2024,1,5,5,114.0,34.0,114.0,UNICA,0.0,0.0,-80.0,-70.17543859649122
00007632,2024,2,5,5,114.0,34.0,114.0,UNICA,0.0,0.0,-80.0,-70.17543859649122
00007632,2024,3,5,5,114.0,34.0,114.0,UNICA,0.0,0.0,-80.0,-70.17543859649122
00007632,2024,4,5,5,114.0,34.0,114.0,UNICA,0.0,0.0,-80.0,-70.17543859649122
00007632,2024,5,5,5,114.0,34.0,114.0,UNICA,0.0,0.0,-80.0,-70.17543859649122
00007632,2024,6,5,5,114.0,34.0,114.0,UNICA,0.0,0.0,-80.0,-70.17543859649122
00007632,2024,7,5,5,111.0,35.0,111.0,UNICA,0.0,0.0,-76.0,-68.46846846846847
00007632,2024,8,5,5,111.0,35.0,111.0,UNICA,0.0,0.0,-76.0,-68.46846846846847
00007632,2024,9,5,5,111.0,35.0,111.0,UNICA,0.0,0.0,-76.0,-68.46846846846847
00007632,2024,10,5,5,111.0,35.0,111.0,UNICA,0.0,0.0,-76.0,-68.46846846846847
00007632,2024,11,5,5,111.0,35.0,111.0,UNICA,0.0,0.0,-76.0,-68.46846846846847
00007632,2024,12,5,5,111.0,35.0,111.0,UNICA,0.0,0.0,-76.0,-68.46846846846847
00007632,2025,1,5,5,111.0,35.0,111.0,UNICA,0.0,0.0,-76.0,-68.46846846846847
00007632,2025,2,5,5,111.0,35.0,111.0,UNICA,0.0,0.0,-76.0,-68.46846846846847
00007632,2025,3,5,5,111.0,35.0,111.0,UNICA,0.0,0.0,-76.0,-68.46846846846847
00007632,2025,4,5,5,111.0,35.0,111.0,UNICA,0.0,0.0,-76.0,-68.46846846846847
00007632,2025,5,5,5,111.0,35.0,111.0,UNICA,0.0,0.0,-76.0,-68.46846846846847
00007632,2025,6,5,5,109.0,35.0,109.0,UNICA,0.0,0.0,-74.0,-67.88990825688074
00007632,2025,7,5,5,109.0,35.0,109.0,UNICA,0.0,0.0,-74.0,-67.88990825688074
00007632,2025,8,5,5,109.0,35.0,109.0,UNICA,0.0,0.0,-74.0,-67.88990825688074
00007632,2025,9,5,5,109.0,35.0,109.0,UNICA,0.0,0.0,-74.0,-67.88990825688074
00007632,2025,10,5,5,109.0,35.0,109.0,UNICA,0.0,0.0,-74.0,-67.88990825688074
00007632,2025,11,5,5,109.0,35.0,109.0,UNICA,0.0,0.0,-74.0,-67.88990825688074
00007632,2026,1,5,5,109.0,35.0,109.0,UNICA,0.0,0.0,-74.0,-67.88990825688074
00007632,2026,2,5,5,109.0,35.0,109.0,UNICA,0.0,0.0,-74.0,-67.88990825688074
00007632,2026,3,5,5,109.0,35.0,109.0,UNICA,0.0,0.0,-74.0,-67.88990825688074
00007633,2016,1,8,8,336.0,62.0,362.0,UNICA,-26.0,-7.18232044198895,-300.0,-82.87292817679558
00007633,2017,2,7,7,274.0,62.0,358.0,UNICA,-84.0,-23.463687150837988,-296.0,-82.68156424581005
00007633,2017,3,10,10,354.0,62.0,354.0,UNICA,0.0,0.0,-292.0,-82.48587570621469
00007633,2017,4,10,10,353.0,62.0,353.0,UNICA,0.0,0.0,-291.0,-82.43626062322946
00007633,2017,5,10,10,367.0,62.0,367.0,UNICA,0.0,0.0,-305.0,-83.10626702997274
00007633,2017,6,10,10,373.0,68.0,373.0,UNICA,0.0,0.0,-305.0,-81.76943699731903
00007633,2017,7,10,10,376.0,68.0,376.0,UNICA,0.0,0.0,-308.0,-81.91489361702128
00007633,2017,8,10,10,374.0,68.0,374.0,UNICA,0.0,0.0,-306.0,-81.81818181818183
00007633,2017,9,10,10,373.0,68.0,373.0,UNICA,0.0,0.0,-305.0,-81.76943699731903
00007633,2017,10,10,10,374.0,68.0,374.0,UNICA,0.0,0.0,-306.0,-81.81818181818183
00007633,2017,11,10,10,375.0,68.0,375.0,UNICA,0.0,0.0,-307.0,-81.86666666666666
00007633,2017,12,10,10,374.0,68.0,374.0,UNICA,0.0,0.0,-306.0,-81.81818181818183
00007633,2018,1,10,10,376.0,68.0,376.0,UNICA,0.0,0.0,-308.0,-81.91489361702128
00007633,2018,2,9,9,364.0,68.0,376.0,UNICA,-12.0,-3.1914893617021276,-308.0,-81.91489361702128
00007633,2018,3,9,9,361.0,67.0,370.0,UNICA,-9.0,-2.4324324324324325,-303.0,-81.89189189189189
00007633,2018,4,10,10,371.0,68.0,371.0,UNICA,0.0,0.0,-303.0,-81.6711590296496
00007633,2018,5,10,10,370.0,68.0,370.0,UNICA,0.0,0.0,-302.0,-81.62162162162161
00007633,2018,6,10,10,373.0,68.0,373.0,UNICA,0.0,0.0,-305.0,-81.76943699731903
00007633,2018,7,10,10,375.0,68.0,375.0,UNICA,0.0,0.0,-307.0,-81.86666666666666
00007633,2018,8,10,10,373.0,68.0,373.0,UNICA,0.0,0.0,-305.0,-81.76943699731903
00007633,2018,9,10,10,370.0,68.0,370.0,UNICA,0.0,0.0,-302.0,-81.62162162162161
00007633,2018,10,10,10,370.0,68.0,370.0,UNICA,0.0,0.0,-302.0,-81.62162162162161
00007633,2018,11,10,10,372.0,68.0,372.0,UNICA,0.0,0.0,-304.0,-81.72043010752688
00007633,2019,1,9,9,347.0,68.0,347.0,UNICA,0.0,0.0,-279.0,-80.40345821325649
00007633,2019,2,9,9,346.0,68.0,346.0,UNICA,0.0,0.0,-278.0,-80.34682080924856
00007633,2019,3,9,9,356.0,68.0,356.0,UNICA,0.0,0.0,-288.0,-80.89887640449437
00007633,2019,4,9,9,355.0,68.0,355.0,UNICA,0.0,0.0,-287.0,-80.84507042253522
00007633,2019,5,9,9,351.0,68.0,351.0,UNICA,0.0,0.0,-283.0,-80.62678062678063
00007633,2019,6,9,9,354.0,68.0,354.0,UNICA,0.0,0.0,-286.0,-80.7909604519774
00007633,2019,7,9,9,350.0,68.0,350.0,UNICA,0.0,0.0,-282.0,-80.57142857142857
00007633,2019,8,1,1,62.0,62.0,344.0,UNICA,-282.0,-81.97674418604652,-282.0,-81.97674418604652
00007633,2019,9,1,1,347.0,347.0,347.0,UNICA,0.0,0.0,0.0,0.0
00007633,2019,10,8,8,353.0,73.0,349.0,UNICA,4.0,1.146131805157593,-276.0,-79.08309455587393
00007633,2019,11,8,8,350.0,73.0,350.0,UNICA,0.0,0.0,-277.0,-79.14285714285715
00007633,2020,1,8,8,337.0,64.0,348.0,UNICA,-11.0,-3.1609195402298855,-284.0,-81.60919540229885
00007633,2020,2,8,8,318.0,71.0,348.0,UNICA,-30.0,-8.620689655172415,-277.0,-79.59770114942529
00007633,2020,3,8,8,310.0,61.0,321.0,UNICA,-11.0,-3.4267912772585665,-260.0,-80.99688473520249
00007633,2020,4,8,8,320.0,122.0,320.0,UNICA,0.0,0.0,-198.0,-61.875
00007633,2020,5,8,8,360.0,172.0,360.0,UNICA,0.0,0.0,-188.0,-52.22222222222223
00007633,2020,6,8,8,311.0,150.0,311.0,UNICA,0.0,0.0,-161.0,-51.76848874598071
00007633,2020,7,7,7,161.0,60.0,361.0,UNICA,-200.0,-55.4016620498615,-301.0,-83.37950138504155
00007633,2020,8,7,7,387.0,284.0,387.0,UNICA,0.0,0.0,-103.0,-26.614987080103358
00007633,2020,9,8,8,390.0,191.0,390.0,UNICA,0.0,0.0,-199.0,-51.02564102564102
00007633,2020,10,8,8,388.0,133.0,388.0,UNICA,0.0,0.0,-255.0,-65.72164948453609
00007633,2020,11,8,8,367.0,118.0,357.0,UNICA,10.0,2.801120448179272,-239.0,-66.94677871148458
00007633,2020,12,8,8,376.0,113.0,376.0,UNICA,0.0,0.0,-263.0,-69.9468085106383
00007633,2021,1,8,8,385.0,145.0,385.0,UNICA,0.0,0.0,-240.0,-62.33766233766234
00007633,2021,2,8,8,428.0,213.0,428.0,UNICA,0.0,0.0,-215.0,-50.23364485981309
00007633,2021,3,8,8,470.0,242.0,470.0,UNICA,0.0,0.0,-228.0,-48.51063829787234
00007633,2021,4,8,8,477.0,237.0,477.0,UNICA,0.0,0.0,-240.0,-50.314465408805034
00007633,2021,5,8,8,416.0,169.0,416.0,UNICA,0.0,0.0,-247.0,-59.375
00007633,2021,6,8,8,388.0,108.0,388.0,UNICA,0.0,0.0,-280.0,-72.16494845360825
00007633,2021,7,8,8,388.0,109.0,388.0,UNICA,0.0,0.0,-279.0,-71.90721649484536
00007633,2021,8,8,8,350.0,107.0,350.0,UNICA,0.0,0.0,-243.0,-69.42857142857143
00007633,2021,9,8,8,342.0,96.0,342.0,UNICA,0.0,0.0,-246.0,-71.9298245614035
00007633,2021,10,8,8,357.0,112.0,357.0,UNICA,0.0,0.0,-245.0,-68.62745098039215
00007633,2021,11,8,8,395.0,120.0,395.0,UNICA,0.0,0.0,-275.0,-69.62025316455697
00007633,2021,12,8,8,369.0,126.0,369.0,UNICA,0.0,0.0,-243.0,-65.85365853658537
00007633,2022,1,8,8,460.0,126.0,460.0,UNICA,0.0,0.0,-334.0,-72.60869565217392
00007633,2022,2,8,8,421.0,114.0,421.0,UNICA,0.0,0.0,-307.0,-72.92161520190024
00007633,2022,3,8,8,366.0,114.0,366.0,UNICA,0.0,0.0,-252.0,-68.85245901639344
00007633,2022,4,8,8,361.0,115.0,361.0,UNICA,0.0,0.0,-246.0,-68.14404432132964
00007633,2022,5,8,8,343.0,103.0,343.0,UNICA,0.0,0.0,-240.0,-69.97084548104957
00007633,2022,6,8,8,352.0,106.0,352.0,UNICA,0.0,0.0,-246.0,-69.88636363636364
00007633,2022,7,8,8,377.0,109.0,377.0,UNICA,0.0,0.0,-268.0,-71.08753315649867
00007633,2022,8,8,8,383.0,108.0,383.0,UNICA,0.0,0.0,-275.0,-71.80156657963447
00007633,2022,9,8,8,373.0,110.0,373.0,UNICA,0.0,0.0,-263.0,-70.50938337801608
00007633,2022,10,8,8,378.0,118.0,378.0,UNICA,0.0,0.0,-260.0,-68.78306878306879
00007633,2022,11,8,8,360.0,108.0,360.0,UNICA,0.0,0.0,-252.0,-70.0
00007633,2022,12,8,8,359.0,112.0,359.0,UNICA,0.0,0.0,-247.0,-68.80222841225627
00007633,2023,1,9,9,358.0,92.0,358.0,UNICA,0.0,0.0,-266.0,-74.30167597765363
00007633,2023,2,9,9,363.0,92.0,363.0,UNICA,0.0,0.0,-271.0,-74.65564738292011
00007633,2023,3,9,9,366.0,92.0,366.0,UNICA,0.0,0.0,-274.0,-74.86338797814209
00007633,2023,4,9,9,361.0,87.0,361.0,UNICA,0.0,0.0,-274.0,-75.90027700831024
00007633,2023,5,9,9,370.0,87.0,370.0,UNICA,0.0,0.0,-283.0,-76.48648648648648
00007633,2023,6,9,9,371.0,87.0,371.0,UNICA,0.0,0.0,-284.0,-76.54986522911051
00007633,2023,7,9,9,369.0,86.0,369.0,UNICA,0.0,0.0,-283.0,-76.69376693766937
00007633,2023,8,9,9,356.0,79.0,356.0,UNICA,0.0,0.0,-277.0,-77.80898876404494
00007633,2023,9,9,9,376.0,83.0,376.0,UNICA,0.0,0.0,-293.0,-77.92553191489363
00007633,2023,10,9,9,386.0,88.0,386.0,UNICA,0.0,0.0,-298.0,-77.2020725388601
00007633,2023,11,9,9,378.0,87.0,378.0,UNICA,0.0,0.0,-291.0,-76.98412698412699
00007633,2023,12,9,9,379.0,87.0,379.0,UNICA,0.0,0.0,-292.0,-77.04485488126649
00007633,2024,1,9,9,393.0,101.0,393.0,UNICA,0.0,0.0,-292.0,-74.30025445292621
00007633,2024,2,9,9,397.0,96.0,397.0,UNICA,0.0,0.0,-301.0,-75.81863979848866
00007633,2024,3,9,9,391.0,99.0,391.0,UNICA,0.0,0.0,-292.0,-74.68030690537084
00007633,2024,4,9,9,381.0,99.0,391.0,UNICA,-10.0,-2.557544757033248,-292.0,-74.68030690537084
00007633,2024,5,9,9,386.0,100.0,386.0,UNICA,0.0,0.0,-286.0,-74.09326424870466
00007633,2024,6,9,9,381.0,95.0,381.0,UNICA,0.0,0.0,-286.0,-75.06561679790026
00007633,2024,7,9,9,380.0,96.0,380.0,UNICA,0.0,0.0,-284.0,-74.73684210526315
00007633,2024,8,9,9,377.0,96.0,377.0,UNICA,0.0,0.0,-281.0,-74.53580901856765
00007633,2024,9,9,9,384.0,99.0,384.0,UNICA,0.0,0.0,-285.0,-74.21875
00007633,2024,10,9,9,382.0,96.0,382.0,UNICA,0.0,0.0,-286.0,-74.86910994764398
00007633,2024,11,9,9,378.0,97.0,378.0,UNICA,0.0,0.0,-281.0,-74.33862433862434
00007633,2024,12,9,9,379.0,98.0,379.0,UNICA,0.0,0.0,-281.0,-74.14248021108179
00007633,2025,1,9,9,385.0,96.0,385.0,UNICA,0.0,0.0,-289.0,-75.06493506493507
00007633,2025,2,10,10,395.0,99.0,395.0,UNICA,0.0,0.0,-296.0,-74.9367088607595
00007633,2025,3,10,10,400.0,96.0,400.0,UNICA,0.0,0.0,-304.0,-76.0
00007633,2025,4,10,10,396.0,95.0,396.0,UNICA,0.0,0.0,-301.0,-76.01010101010101
00007633,2025,5,10,10,395.0,95.0,395.0,UNICA,0.0,0.0,-300.0,-75.9493670886076
00007633,2025,6,10,10,402.0,97.0,402.0,UNICA,0.0,0.0,-305.0,-75.87064676616916
00007633,2025,7,10,10,390.0,88.0,390.0,UNICA,0.0,0.0,-302.0,-77.43589743589745
00007633,2025,8,10,10,380.0,86.0,380.0,UNICA,0.0,0.0,-294.0,-77.36842105263158
00007633,2025,9,10,10,386.0,89.0,386.0,UNICA,0.0,0.0,-297.0,-76.94300518134715
00007633,2025,10,10,10,383.0,86.0,383.0,UNICA,0.0,0.0,-297.0,-77.54569190600522
00007633,2025,11,10,10,378.0,86.0,378.0,UNICA,0.0,0.0,-292.0,-77.24867724867724
00007633,2026,1,10,10,388.0,88.0,388.0,UNICA,0.0,0.0,-300.0,-77.31958762886599
00007633,2026,2,10,10,387.0,87.0,387.0,UNICA,0.0,0.0,-300.0,-77.51937984496125
00007633,2026,3,10,10,384.0,87.0,384.0,UNICA,0.0,0.0,-297.0,-77.34375
00007634,2015,8,8,8,293.0,80.0,,,,,,
00007634,2015,9,7,7,323.0,80.0,335.0,UNICA,-12.0,-3.582089552238806,-255.0,-76.11940298507463
00007634,2015,10,8,8,339.0,80.0,335.0,UNICA,4.0,1.1940298507462688,-255.0,-76.11940298507463
00007634,2015,11,9,9,341.0,80.0,335.0,UNICA,6.0,1.791044776119403,-255.0,-76.11940298507463
00007634,2015,12,7,7,335.0,80.0,335.0,UNICA,0.0,0.0,-255.0,-76.11940298507463
00007634,2016,1,7,7,330.0,80.0,330.0,UNICA,0.0,0.0,-250.0,-75.75757575757575
00007634,2016,2,9,9,322.0,90.0,340.0,UNICA,-18.0,-5.294117647058823,-250.0,-73.52941176470588
00007634,2016,3,9,9,336.0,80.0,340.0,UNICA,-4.0,-1.1764705882352942,-260.0,-76.47058823529412
00007634,2016,4,7,7,330.0,80.0,330.0,UNICA,0.0,0.0,-250.0,-75.75757575757575
00007634,2016,5,7,7,330.0,80.0,340.0,UNICA,-10.0,-2.941176470588235,-260.0,-76.47058823529412
00007634,2016,6,7,7,330.0,80.0,335.0,UNICA,-5.0,-1.4925373134328357,-255.0,-76.11940298507463
00007634,2016,7,7,7,330.0,80.0,335.0,UNICA,-5.0,-1.4925373134328357,-255.0,-76.11940298507463
00007634,2016,8,7,7,330.0,80.0,330.0,UNICA,0.0,0.0,-250.0,-75.75757575757575
00007634,2016,9,7,7,330.0,80.0,330.0,UNICA,0.0,0.0,-250.0,-75.75757575757575
00007634,2016,10,7,7,327.0,80.0,330.0,UNICA,-3.0,-0.9090909090909091,-250.0,-75.75757575757575
00007634,2016,11,7,7,330.0,80.0,330.0,UNICA,0.0,0.0,-250.0,-75.75757575757575
00007634,2016,12,7,7,330.0,80.0,330.0,UNICA,0.0,0.0,-250.0,-75.75757575757575
00007634,2017,1,6,6,268.0,80.0,330.0,UNICA,-62.0,-18.787878787878785,-250.0,-75.75757575757575
00007634,2017,2,7,7,316.0,80.0,330.0,UNICA,-14.0,-4.242424242424243,-250.0,-75.75757575757575
00007634,2017,3,7,7,316.0,80.0,330.0,UNICA,-14.0,-4.242424242424243,-250.0,-75.75757575757575
00007634,2017,4,7,7,316.0,80.0,330.0,UNICA,-14.0,-4.242424242424243,-250.0,-75.75757575757575
00007634,2017,5,7,7,316.0,80.0,330.0,UNICA,-14.0,-4.242424242424243,-250.0,-75.75757575757575
00007634,2017,6,6,6,268.0,80.0,330.0,UNICA,-62.0,-18.787878787878785,-250.0,-75.75757575757575
00007634,2017,7,10,10,356.0,80.0,353.0,UNICA,3.0,0.84985835694051,-273.0,-77.33711048158641
00007634,2017,8,10,10,351.0,80.0,353.0,UNICA,-2.0,-0.56657223796034,-273.0,-77.33711048158641
00007634,2017,9,10,10,347.0,80.0,353.0,UNICA,-6.0,-1.69971671388102,-273.0,-77.33711048158641
00007634,2017,10,10,10,348.0,80.0,348.0,UNICA,0.0,0.0,-268.0,-77.01149425287356
00007634,2017,11,10,10,347.0,80.0,341.0,UNICA,6.0,1.7595307917888565,-261.0,-76.53958944281524
00007634,2017,12,10,10,339.0,80.0,339.0,UNICA,0.0,0.0,-259.0,-76.40117994100295
00007634,2018,1,10,10,347.0,80.0,339.0,UNICA,8.0,2.359882005899705,-259.0,-76.40117994100295
00007634,2018,2,8,8,341.0,80.0,341.0,UNICA,0.0,0.0,-261.0,-76.53958944281524
00007634,2018,3,4,4,165.0,80.0,341.0,UNICA,-176.0,-51.61290322580645,-261.0,-76.53958944281524
00007634,2018,4,4,4,165.0,80.0,341.0,UNICA,-176.0,-51.61290322580645,-261.0,-76.53958944281524
00007634,2018,5,8,8,271.0,80.0,271.0,UNICA,0.0,0.0,-191.0,-70.47970479704797
00007634,2018,6,9,9,277.0,80.0,271.0,UNICA,6.0,2.214022140221402,-191.0,-70.47970479704797
00007634,2018,7,8,8,267.0,80.0,273.0,UNICA,-6.0,-2.197802197802198,-193.0,-70.6959706959707
00007634,2018,8,8,8,271.0,80.0,271.0,UNICA,0.0,0.0,-191.0,-70.47970479704797
00007634,2018,9,8,8,271.0,56.0,271.0,UNICA,0.0,0.0,-215.0,-79.33579335793358
00007634,2018,10,8,8,253.0,54.0,253.0,UNICA,0.0,0.0,-199.0,-78.65612648221344
00007634,2018,11,8,8,272.0,66.0,272.0,UNICA,0.0,0.0,-206.0,-75.73529411764706
00007634,2019,1,8,8,330.0,77.0,330.0,UNICA,0.0,0.0,-253.0,-76.66666666666667
00007634,2019,2,8,8,330.0,77.0,330.0,UNICA,0.0,0.0,-253.0,-76.66666666666667
00007634,2019,3,9,9,331.0,77.0,330.0,UNICA,1.0,0.30303030303030304,-253.0,-76.66666666666667
00007634,2019,4,9,9,339.0,77.0,330.0,UNICA,9.0,2.727272727272727,-253.0,-76.66666666666667
00007634,2019,5,9,9,329.0,77.0,330.0,UNICA,-1.0,-0.30303030303030304,-253.0,-76.66666666666667
00007634,2019,6,9,9,340.0,77.0,330.0,UNICA,10.0,3.0303030303030303,-253.0,-76.66666666666667
00007634,2019,7,9,9,334.0,77.0,330.0,UNICA,4.0,1.2121212121212122,-253.0,-76.66666666666667
00007634,2019,8,9,9,334.0,77.0,330.0,UNICA,4.0,1.2121212121212122,-253.0,-76.66666666666667
00007634,2019,9,9,9,338.0,77.0,338.0,UNICA,0.0,0.0,-261.0,-77.2189349112426
00007634,2019,10,8,8,335.0,77.0,338.0,UNICA,-3.0,-0.8875739644970414,-261.0,-77.2189349112426
00007634,2019,11,8,8,333.0,77.0,338.0,UNICA,-5.0,-1.4792899408284024,-261.0,-77.2189349112426
00007634,2020,1,8,8,333.0,77.0,330.0,UNICA,3.0,0.9090909090909091,-253.0,-76.66666666666667
00007634,2020,2,8,8,329.0,80.0,330.0,UNICA,-1.0,-0.30303030303030304,-250.0,-75.75757575757575
00007634,2020,3,8,8,333.0,77.0,330.0,UNICA,3.0,0.9090909090909091,-253.0,-76.66666666666667
00007634,2020,4,8,8,333.0,77.0,330.0,UNICA,3.0,0.9090909090909091,-253.0,-76.66666666666667
00007634,2020,5,8,8,333.0,77.0,330.0,UNICA,3.0,0.9090909090909091,-253.0,-76.66666666666667
00007634,2020,6,8,8,333.0,77.0,330.0,UNICA,3.0,0.9090909090909091,-253.0,-76.66666666666667
00007634,2020,7,8,8,333.0,77.0,347.0,UNICA,-14.0,-4.034582132564841,-270.0,-77.80979827089337
00007634,2020,8,8,8,333.0,77.0,347.0,UNICA,-14.0,-4.034582132564841,-270.0,-77.80979827089337
00007634,2020,9,8,8,333.0,77.0,347.0,UNICA,-14.0,-4.034582132564841,-270.0,-77.80979827089337
00007634,2020,10,8,8,333.0,77.0,347.0,UNICA,-14.0,-4.034582132564841,-270.0,-77.80979827089337
00007634,2020,11,8,8,333.0,77.0,347.0,UNICA,-14.0,-4.034582132564841,-270.0,-77.80979827089337
00007634,2020,12,8,8,333.0,77.0,347.0,UNICA,-14.0,-4.034582132564841,-270.0,-77.80979827089337
00007634,2021,1,8,8,333.0,77.0,347.0,UNICA,-14.0,-4.034582132564841,-270.0,-77.80979827089337
00007634,2021,2,6,6,232.0,73.0,347.0,UNICA,-115.0,-33.14121037463977,-274.0,-78.96253602305475
00007634,2021,3,6,6,322.0,128.0,215.0,UNICA,107.0,49.76744186046512,-87.0,-40.46511627906977
00007634,2021,4,6,6,280.0,118.0,215.0,UNICA,65.0,30.23255813953488,-97.0,-45.11627906976744
00007634,2021,5,6,6,280.0,118.0,215.0,UNICA,65.0,30.23255813953488,-97.0,-45.11627906976744
00007634,2021,6,6,6,252.0,81.0,215.0,UNICA,37.0,17.209302325581397,-134.0,-62.32558139534884
00007634,2021,7,6,6,252.0,81.0,215.0,UNICA,37.0,17.209302325581397,-134.0,-62.32558139534884
00007634,2021,8,5,5,196.0,73.0,215.0,UNICA,-19.0,-8.837209302325581,-142.0,-66.04651162790698
00007634,2021,9,5,5,215.0,71.0,215.0,UNICA,0.0,0.0,-144.0,-66.97674418604652
00007634,2021,10,6,6,283.0,86.0,215.0,UNICA,68.0,31.627906976744185,-129.0,-60.0
00007634,2021,11,6,6,283.0,86.0,215.0,UNICA,68.0,31.627906976744185,-129.0,-60.0
00007634,2021,12,6,6,283.0,86.0,215.0,UNICA,68.0,31.627906976744185,-129.0,-60.0
00007634,2022,1,6,6,283.0,86.0,215.0,UNICA,68.0,31.627906976744185,-129.0,-60.0
00007634,2022,2,6,6,195.0,56.0,215.0,UNICA,-20.0,-9.30232558139535,-159.0,-73.95348837209302
00007634,2022,3,6,6,195.0,56.0,215.0,UNICA,-20.0,-9.30232558139535,-159.0,-73.95348837209302
00007634,2022,4,6,6,195.0,56.0,215.0,UNICA,-20.0,-9.30232558139535,-159.0,-73.95348837209302
00007634,2022,5,5,5,159.0,56.0,215.0,UNICA,-56.0,-26.046511627906977,-159.0,-73.95348837209302
00007634,2022,6,5,5,305.0,106.0,215.0,UNICA,90.0,41.86046511627907,-109.0,-50.697674418604656
00007634,2022,7,5,5,305.0,106.0,215.0,UNICA,90.0,41.86046511627907,-109.0,-50.697674418604656
00007634,2022,8,8,8,342.0,89.0,215.0,UNICA,127.0,59.06976744186046,-126.0,-58.6046511627907
00007634,2022,9,8,8,342.0,89.0,215.0,UNICA,127.0,59.06976744186046,-126.0,-58.6046511627907
00007634,2022,10,8,8,342.0,89.0,215.0,UNICA,127.0,59.06976744186046,-126.0,-58.6046511627907
00007634,2022,11,8,8,342.0,89.0,215.0,UNICA,127.0,59.06976744186046,-126.0,-58.6046511627907
00007634,2022,12,8,8,342.0,89.0,215.0,UNICA,127.0,59.06976744186046,-126.0,-58.6046511627907
00007634,2023,1,8,8,303.0,66.0,311.0,UNICA,-8.0,-2.572347266881029,-245.0,-78.77813504823152
00007634,2023,2,8,8,303.0,66.0,311.0,UNICA,-8.0,-2.572347266881029,-245.0,-78.77813504823152
00007634,2023,3,8,8,299.0,66.0,311.0,UNICA,-12.0,-3.858520900321544,-245.0,-78.77813504823152
00007634,2023,4,8,8,299.0,66.0,311.0,UNICA,-12.0,-3.858520900321544,-245.0,-78.77813504823152
00007634,2023,5,8,8,324.0,83.0,311.0,UNICA,13.0,4.180064308681672,-228.0,-73.31189710610933
00007634,2023,6,8,8,293.0,65.0,293.0,UNICA,0.0,0.0,-228.0,-77.81569965870307
00007634,2023,7,8,8,293.0,65.0,289.0,UNICA,4.0,1.384083044982699,-224.0,-77.50865051903114
00007634,2023,8,8,8,289.0,65.0,289.0,UNICA,0.0,0.0,-224.0,-77.50865051903114
00007634,2023,9,8,8,289.0,65.0,289.0,UNICA,0.0,0.0,-224.0,-77.50865051903114
00007634,2023,10,8,8,289.0,65.0,289.0,UNICA,0.0,0.0,-224.0,-77.50865051903114
00007634,2023,11,8,8,289.0,65.0,289.0,UNICA,0.0,0.0,-224.0,-77.50865051903114
00007634,2023,12,8,8,289.0,65.0,289.0,UNICA,0.0,0.0,-224.0,-77.50865051903114
00007634,2024,1,8,8,289.0,65.0,289.0,UNICA,0.0,0.0,-224.0,-77.50865051903114
00007634,2024,2,8,8,289.0,65.0,289.0,UNICA,0.0,0.0,-224.0,-77.50865051903114
00007634,2024,3,8,8,289.0,65.0,289.0,UNICA,0.0,0.0,-224.0,-77.50865051903114
00007634,2024,4,8,8,289.0,65.0,289.0,UNICA,0.0,0.0,-224.0,-77.50865051903114
00007634,2024,5,8,8,289.0,65.0,289.0,UNICA,0.0,0.0,-224.0,-77.50865051903114
00007634,2024,6,8,8,289.0,65.0,289.0,UNICA,0.0,0.0,-224.0,-77.50865051903114
00007634,2024,7,8,8,289.0,65.0,289.0,UNICA,0.0,0.0,-224.0,-77.50865051903114
00007634,2024,8,8,8,289.0,65.0,289.0,UNICA,0.0,0.0,-224.0,-77.50865051903114
00007634,2024,9,9,9,291.0,65.0,291.0,UNICA,0.0,0.0,-226.0,-77.66323024054984
00007634,2024,10,9,9,291.0,65.0,291.0,UNICA,0.0,0.0,-226.0,-77.66323024054984
00007634,2024,11,9,9,291.0,65.0,291.0,UNICA,0.0,0.0,-226.0,-77.66323024054984
00007634,2024,12,9,9,291.0,65.0,291.0,UNICA,0.0,0.0,-226.0,-77.66323024054984
00007634,2025,1,9,9,291.0,65.0,291.0,UNICA,0.0,0.0,-226.0,-77.66323024054984
00007634,2025,2,9,9,291.0,65.0,291.0,UNICA,0.0,0.0,-226.0,-77.66323024054984
00007634,2025,3,9,9,291.0,65.0,291.0,UNICA,0.0,0.0,-226.0,-77.66323024054984
00007634,2025,4,12,12,305.0,55.0,291.0,UNICA,14.0,4.810996563573884,-236.0,-81.09965635738831
00007634,2025,5,12,12,305.0,55.0,291.0,UNICA,14.0,4.810996563573884,-236.0,-81.09965635738831
00007634,2025,6,12,12,305.0,55.0,287.0,UNICA,18.0,6.2717770034843205,-232.0,-80.8362369337979
00007634,2025,7,12,12,301.0,55.0,287.0,UNICA,14.0,4.878048780487805,-232.0,-80.8362369337979
00007634,2025,8,12,12,291.0,55.0,277.0,UNICA,14.0,5.054151624548736,-222.0,-80.14440433212997
00007634,2025,9,12,12,291.0,55.0,229.0,UNICA,62.0,27.074235807860266,-174.0,-75.9825327510917
00007634,2025,10,12,12,280.0,55.0,280.0,UNICA,0.0,0.0,-225.0,-80.35714285714286
00007634,2025,11,12,12,280.0,55.0,280.0,UNICA,0.0,0.0,-225.0,-80.35714285714286
00007634,2025,12,1,1,6.0,6.0,281.0,UNICA,-275.0,-97.86476868327402,-275.0,-97.86476868327402
00007634,2026,1,12,12,281.0,55.0,281.0,UNICA,0.0,0.0,-226.0,-80.42704626334519
00007634,2026,2,12,12,281.0,55.0,281.0,UNICA,0.0,0.0,-226.0,-80.42704626334519
00007634,2026,3,13,13,282.0,55.0,281.0,UNICA,1.0,0.3558718861209964,-226.0,-80.42704626334519
00007733,2015,3,2,2,81.0,62.0,96.0,UNICA,-15.0,-15.625,-34.0,-35.41666666666667
00007733,2015,4,2,2,81.0,62.0,96.0,UNICA,-15.0,-15.625,-34.0,-35.41666666666667
00007733,2015,5,2,2,81.0,62.0,96.0,UNICA,-15.0,-15.625,-34.0,-35.41666666666667
00007733,2015,6,2,2,81.0,62.0,96.0,UNICA,-15.0,-15.625,-34.0,-35.41666666666667
00007733,2015,7,2,2,89.0,70.0,104.0,UNICA,-15.0,-14.423076923076922,-34.0,-32.69230769230769
00007733,2015,8,2,2,89.0,70.0,104.0,UNICA,-15.0,-14.423076923076922,-34.0,-32.69230769230769
00007733,2015,9,2,2,89.0,70.0,104.0,UNICA,-15.0,-14.423076923076922,-34.0,-32.69230769230769
00007733,2015,10,2,2,89.0,70.0,104.0,UNICA,-15.0,-14.423076923076922,-34.0,-32.69230769230769
00007733,2015,11,2,2,89.0,70.0,104.0,UNICA,-15.0,-14.423076923076922,-34.0,-32.69230769230769
00007733,2015,12,2,2,89.0,70.0,104.0,UNICA,-15.0,-14.423076923076922,-34.0,-32.69230769230769
00007733,2016,1,2,2,92.0,73.0,107.0,UNICA,-15.0,-14.018691588785046,-34.0,-31.775700934579437
00007733,2016,2,2,2,92.0,73.0,107.0,UNICA,-15.0,-14.018691588785046,-34.0,-31.775700934579437
00007733,2016,3,2,2,92.0,73.0,107.0,UNICA,-15.0,-14.018691588785046,-34.0,-31.775700934579437
00007733,2016,4,2,2,92.0,73.0,107.0,UNICA,-15.0,-14.018691588785046,-34.0,-31.775700934579437
00007733,2016,5,2,2,92.0,73.0,107.0,UNICA,-15.0,-14.018691588785046,-34.0,-31.775700934579437
00007733,2016,6,2,2,92.0,73.0,107.0,UNICA,-15.0,-14.018691588785046,-34.0,-31.775700934579437
00007733,2016,7,2,2,92.0,73.0,107.0,UNICA,-15.0,-14.018691588785046,-34.0,-31.775700934579437
00007733,2016,8,2,2,92.0,73.0,107.0,UNICA,-15.0,-14.018691588785046,-34.0,-31.775700934579437
00007733,2016,9,2,2,92.0,73.0,107.0,UNICA,-15.0,-14.018691588785046,-34.0,-31.775700934579437
00007733,2016,10,2,2,92.0,73.0,107.0,UNICA,-15.0,-14.018691588785046,-34.0,-31.775700934579437
00007733,2016,11,2,2,89.0,70.0,104.0,UNICA,-15.0,-14.423076923076922,-34.0,-32.69230769230769
00007733,2016,12,2,2,84.0,65.0,99.0,UNICA,-15.0,-15.151515151515152,-34.0,-34.34343434343434
00007733,2017,1,3,3,82.0,52.0,97.0,UNICA,-15.0,-15.463917525773196,-45.0,-46.391752577319586
00007733,2017,2,3,3,79.0,52.0,94.0,UNICA,-15.0,-15.957446808510639,-42.0,-44.680851063829785
00007733,2017,3,3,3,79.0,52.0,94.0,UNICA,-15.0,-15.957446808510639,-42.0,-44.680851063829785
00007733,2017,4,3,3,79.0,52.0,94.0,UNICA,-15.0,-15.957446808510639,-42.0,-44.680851063829785
00007733,2017,5,3,3,79.0,52.0,94.0,UNICA,-15.0,-15.957446808510639,-42.0,-44.680851063829785
00007733,2017,6,3,3,79.0,52.0,94.0,UNICA,-15.0,-15.957446808510639,-42.0,-44.680851063829785
00007733,2017,7,3,3,79.0,52.0,94.0,UNICA,-15.0,-15.957446808510639,-42.0,-44.680851063829785
00007733,2017,8,3,3,79.0,52.0,94.0,UNICA,-15.0,-15.957446808510639,-42.0,-44.680851063829785
00007733,2017,9,3,3,70.0,42.0,95.0,UNICA,-25.0,-26.31578947368421,-53.0,-55.78947368421052
00007733,2017,10,3,3,65.0,36.0,96.0,UNICA,-31.0,-32.29166666666667,-60.0,-62.5
00007733,2017,11,3,3,65.0,37.0,92.0,UNICA,-27.0,-29.347826086956523,-55.0,-59.78260869565217
00007733,2017,12,3,3,64.0,36.0,79.0,UNICA,-15.0,-18.9873417721519,-43.0,-54.43037974683544
00007733,2018,1,3,3,64.0,36.0,79.0,UNICA,-15.0,-18.9873417721519,-43.0,-54.43037974683544
00007733,2018,2,3,3,64.0,36.0,79.0,UNICA,-15.0,-18.9873417721519,-43.0,-54.43037974683544
00007733,2018,3,3,3,73.0,45.0,88.0,UNICA,-15.0,-17.045454545454543,-43.0,-48.86363636363637
00007733,2018,4,3,3,79.0,50.0,94.0,UNICA,-15.0,-15.957446808510639,-44.0,-46.808510638297875
00007733,2018,5,3,3,81.0,50.0,96.0,UNICA,-15.0,-15.625,-46.0,-47.91666666666667
00007733,2018,6,3,3,81.0,50.0,96.0,UNICA,-15.0,-15.625,-46.0,-47.91666666666667
00007733,2018,7,3,3,81.0,50.0,96.0,UNICA,-15.0,-15.625,-46.0,-47.91666666666667
00007733,2018,8,3,3,81.0,50.0,81.0,UNICA,0.0,0.0,-31.0,-38.2716049382716
00007733,2018,9,3,3,81.0,50.0,81.0,UNICA,0.0,0.0,-31.0,-38.2716049382716
00007733,2018,10,3,3,81.0,50.0,81.0,UNICA,0.0,0.0,-31.0,-38.2716049382716
00007733,2018,11,3,3,81.0,50.0,81.0,UNICA,0.0,0.0,-31.0,-38.2716049382716
00007733,2019,1,3,3,81.0,50.0,81.0,UNICA,0.0,0.0,-31.0,-38.2716049382716
00007733,2019,2,3,3,81.0,50.0,81.0,UNICA,0.0,0.0,-31.0,-38.2716049382716
00007733,2019,3,3,3,81.0,50.0,81.0,UNICA,0.0,0.0,-31.0,-38.2716049382716
00007733,2019,4,3,3,81.0,50.0,81.0,UNICA,0.0,0.0,-31.0,-38.2716049382716
00007733,2019,5,3,3,81.0,50.0,81.0,UNICA,0.0,0.0,-31.0,-38.2716049382716
00007733,2019,6,3,3,81.0,50.0,81.0,UNICA,0.0,0.0,-31.0,-38.2716049382716
00007733,2019,7,3,3,81.0,50.0,81.0,UNICA,0.0,0.0,-31.0,-38.2716049382716
00007733,2019,8,3,3,81.0,50.0,81.0,UNICA,0.0,0.0,-31.0,-38.2716049382716
00007733,2019,9,3,3,81.0,50.0,81.0,UNICA,0.0,0.0,-31.0,-38.2716049382716
00007733,2019,10,3,3,81.0,50.0,81.0,UNICA,0.0,0.0,-31.0,-38.2716049382716
00007733,2019,11,3,3,81.0,50.0,81.0,UNICA,0.0,0.0,-31.0,-38.2716049382716
00007733,2020,1,3,3,81.0,50.0,81.0,UNICA,0.0,0.0,-31.0,-38.2716049382716
00007733,2020,2,3,3,81.0,50.0,81.0,UNICA,0.0,0.0,-31.0,-38.2716049382716
00007733,2020,3,3,3,81.0,50.0,81.0,UNICA,0.0,0.0,-31.0,-38.2716049382716
00007733,2020,4,1,1,42.0,42.0,59.0,UNICA,-17.0,-28.8135593220339,-17.0,-28.8135593220339
00007733,2020,5,1,1,27.0,27.0,27.0,UNICA,0.0,0.0,0.0,0.0
00007733,2020,6,1,1,26.0,26.0,26.0,UNICA,0.0,0.0,0.0,0.0
00007733,2020,7,1,1,25.0,25.0,25.0,UNICA,0.0,0.0,0.0,0.0
00007733,2020,8,1,1,19.0,19.0,19.0,UNICA,0.0,0.0,0.0,0.0
00007733,2020,9,1,1,22.0,22.0,22.0,UNICA,0.0,0.0,0.0,0.0
00007733,2020,10,1,1,22.0,22.0,22.0,UNICA,0.0,0.0,0.0,0.0
00007733,2020,11,1,1,22.0,22.0,22.0,UNICA,0.0,0.0,0.0,0.0
00007733,2020,12,1,1,22.0,22.0,22.0,UNICA,0.0,0.0,0.0,0.0
00007733,2021,1,1,1,22.0,22.0,22.0,UNICA,0.0,0.0,0.0,0.0
00007733,2021,2,1,1,22.0,22.0,22.0,UNICA,0.0,0.0,0.0,0.0
00007733,2021,3,1,1,22.0,22.0,22.0,UNICA,0.0,0.0,0.0,0.0
00007733,2021,4,1,1,23.0,23.0,23.0,UNICA,0.0,0.0,0.0,0.0
00007733,2021,5,1,1,24.0,24.0,24.0,UNICA,0.0,0.0,0.0,0.0
00007733,2021,6,1,1,25.0,25.0,25.0,UNICA,0.0,0.0,0.0,0.0
00007733,2021,7,1,1,26.0,26.0,26.0,UNICA,0.0,0.0,0.0,0.0
00007733,2021,8,1,1,26.0,26.0,26.0,UNICA,0.0,0.0,0.0,0.0
00007733,2021,9,1,1,26.0,26.0,26.0,UNICA,0.0,0.0,0.0,0.0
00007733,2021,10,1,1,26.0,26.0,26.0,UNICA,0.0,0.0,0.0,0.0
00007733,2021,11,1,1,26.0,26.0,26.0,UNICA,0.0,0.0,0.0,0.0
00007733,2021,12,1,1,26.0,26.0,26.0,UNICA,0.0,0.0,0.0,0.0
00007733,2022,1,1,1,26.0,26.0,26.0,UNICA,0.0,0.0,0.0,0.0
00007733,2022,2,1,1,32.0,32.0,32.0,UNICA,0.0,0.0,0.0,0.0
00007733,2022,3,3,3,44.0,32.0,44.0,UNICA,0.0,0.0,-12.0,-27.27272727272727
00007733,2022,4,3,3,52.0,36.0,52.0,UNICA,0.0,0.0,-16.0,-30.76923076923077
00007733,2022,5,3,3,53.0,36.0,53.0,UNICA,0.0,0.0,-17.0,-32.075471698113205
00007733,2022,6,3,3,55.0,36.0,55.0,UNICA,0.0,0.0,-19.0,-34.54545454545455
00007733,2022,7,3,3,55.0,36.0,55.0,UNICA,0.0,0.0,-19.0,-34.54545454545455
00007733,2022,8,3,3,56.0,36.0,56.0,UNICA,0.0,0.0,-20.0,-35.714285714285715
00007733,2022,9,3,3,56.0,36.0,56.0,UNICA,0.0,0.0,-20.0,-35.714285714285715
00007733,2022,10,3,3,57.0,36.0,57.0,UNICA,0.0,0.0,-21.0,-36.84210526315789
00007733,2022,11,3,3,64.0,40.0,64.0,UNICA,0.0,0.0,-24.0,-37.5
00007733,2022,12,3,3,75.0,49.0,75.0,UNICA,0.0,0.0,-26.0,-34.66666666666667
00007733,2023,1,3,3,80.0,49.0,81.0,UNICA,-1.0,-1.2345679012345678,-32.0,-39.50617283950617
00007733,2023,2,3,3,86.0,49.0,86.0,UNICA,0.0,0.0,-37.0,-43.02325581395349
00007733,2023,3,3,3,88.0,49.0,88.0,UNICA,0.0,0.0,-39.0,-44.31818181818182
00007733,2023,4,3,3,88.0,49.0,88.0,UNICA,0.0,0.0,-39.0,-44.31818181818182
00007733,2023,5,3,3,88.0,49.0,88.0,UNICA,0.0,0.0,-39.0,-44.31818181818182
00007733,2023,6,3,3,88.0,49.0,88.0,UNICA,0.0,0.0,-39.0,-44.31818181818182
00007733,2023,7,3,3,88.0,49.0,88.0,UNICA,0.0,0.0,-39.0,-44.31818181818182
00007733,2023,8,3,3,90.0,49.0,90.0,UNICA,0.0,0.0,-41.0,-45.55555555555556
00007733,2023,9,3,3,91.0,49.0,91.0,UNICA,0.0,0.0,-42.0,-46.15384615384615
00007733,2023,10,3,3,91.0,49.0,91.0,UNICA,0.0,0.0,-42.0,-46.15384615384615
00007733,2023,11,3,3,91.0,49.0,91.0,UNICA,0.0,0.0,-42.0,-46.15384615384615
00007733,2023,12,3,3,91.0,49.0,91.0,UNICA,0.0,0.0,-42.0,-46.15384615384615
00007733,2024,1,3,3,91.0,49.0,91.0,UNICA,0.0,0.0,-42.0,-46.15384615384615
00007733,2024,2,3,3,91.0,49.0,91.0,UNICA,0.0,0.0,-42.0,-46.15384615384615
00007733,2024,3,3,3,91.0,49.0,91.0,UNICA,0.0,0.0,-42.0,-46.15384615384615
00007733,2024,4,3,3,91.0,49.0,91.0,UNICA,0.0,0.0,-42.0,-46.15384615384615
00007733,2024,5,3,3,89.0,49.0,89.0,UNICA,0.0,0.0,-40.0,-44.9438202247191
00007733,2024,6,3,3,86.0,49.0,86.0,UNICA,0.0,0.0,-37.0,-43.02325581395349
00007733,2024,7,3,3,90.0,49.0,90.0,UNICA,0.0,0.0,-41.0,-45.55555555555556
00007733,2024,8,3,3,91.0,49.0,91.0,UNICA,0.0,0.0,-42.0,-46.15384615384615
00007733,2024,9,3,3,91.0,49.0,91.0,UNICA,0.0,0.0,-42.0,-46.15384615384615
00007733,2024,10,3,3,90.0,48.0,90.0,UNICA,0.0,0.0,-42.0,-46.666666666666664
00007733,2024,11,3,3,90.0,48.0,90.0,UNICA,0.0,0.0,-42.0,-46.666666666666664
00007733,2024,12,3,3,90.0,48.0,90.0,UNICA,0.0,0.0,-42.0,-46.666666666666664
00007733,2025,1,3,3,90.0,48.0,90.0,UNICA,0.0,0.0,-42.0,-46.666666666666664
00007733,2025,2,3,3,90.0,48.0,90.0,UNICA,0.0,0.0,-42.0,-46.666666666666664
00007733,2025,3,3,3,90.0,48.0,90.0,UNICA,0.0,0.0,-42.0,-46.666666666666664
00007733,2025,4,3,3,90.0,48.0,90.0,UNICA,0.0,0.0,-42.0,-46.666666666666664
00007733,2025,5,3,3,90.0,48.0,90.0,UNICA,0.0,0.0,-42.0,-46.666666666666664
00007733,2025,6,3,3,90.0,48.0,90.0,UNICA,0.0,0.0,-42.0,-46.666666666666664
00007733,2025,7,3,3,90.0,48.0,90.0,UNICA,0.0,0.0,-42.0,-46.666666666666664
00007733,2025,8,3,3,90.0,48.0,90.0,UNICA,0.0,0.0,-42.0,-46.666666666666664
00007733,2025,9,3,3,90.0,48.0,90.0,UNICA,0.0,0.0,-42.0,-46.666666666666664
00007733,2025,10,3,3,90.0,48.0,90.0,UNICA,0.0,0.0,-42.0,-46.666666666666664
00007733,2025,11,3,3,90.0,48.0,90.0,UNICA,0.0,0.0,-42.0,-46.666666666666664
00007733,2026,1,3,3,90.0,48.0,90.0,UNICA,0.0,0.0,-42.0,-46.666666666666664
00007733,2026,2,3,3,90.0,48.0,90.0,UNICA,0.0,0.0,-42.0,-46.666666666666664
00007733,2026,3,3,3,90.0,48.0,90.0,UNICA,0.0,0.0,-42.0,-46.666666666666664
00007734,2015,1,1,1,36.0,36.0,36.0,UNICA,0.0,0.0,0.0,0.0
00007734,2015,2,1,1,36.0,36.0,36.0,UNICA,0.0,0.0,0.0,0.0
00007734,2015,3,1,1,36.0,36.0,36.0,UNICA,0.0,0.0,0.0,0.0
00007734,2015,4,1,1,36.0,36.0,36.0,UNICA,0.0,0.0,0.0,0.0
00007734,2015,5,1,1,36.0,36.0,36.0,UNICA,0.0,0.0,0.0,0.0
00007734,2015,6,1,1,36.0,36.0,36.0,UNICA,0.0,0.0,0.0,0.0
00007734,2015,7,1,1,36.0,36.0,36.0,UNICA,0.0,0.0,0.0,0.0
00007734,2015,8,1,1,32.0,32.0,32.0,UNICA,0.0,0.0,0.0,0.0
00007734,2015,9,1,1,36.0,36.0,36.0,UNICA,0.0,0.0,0.0,0.0
00007734,2015,10,1,1,36.0,36.0,36.0,UNICA,0.0,0.0,0.0,0.0
00007734,2015,11,1,1,36.0,36.0,36.0,UNICA,0.0,0.0,0.0,0.0
00007734,2015,12,1,1,36.0,36.0,36.0,UNICA,0.0,0.0,0.0,0.0
00007734,2016,1,1,1,36.0,36.0,36.0,UNICA,0.0,0.0,0.0,0.0
00007734,2016,2,1,1,36.0,36.0,36.0,UNICA,0.0,0.0,0.0,0.0
00007734,2016,3,1,1,36.0,36.0,36.0,UNICA,0.0,0.0,0.0,0.0
00007734,2016,4,1,1,36.0,36.0,36.0,UNICA,0.0,0.0,0.0,0.0
00007734,2016,5,1,1,36.0,36.0,36.0,UNICA,0.0,0.0,0.0,0.0
00007734,2016,6,1,1,36.0,36.0,36.0,UNICA,0.0,0.0,0.0,0.0
00007734,2016,7,1,1,36.0,36.0,36.0,UNICA,0.0,0.0,0.0,0.0
00007734,2016,8,1,1,36.0,36.0,36.0,UNICA,0.0,0.0,0.0,0.0
00007734,2016,9,1,1,36.0,36.0,36.0,UNICA,0.0,0.0,0.0,0.0
00007734,2016,10,1,1,36.0,36.0,36.0,UNICA,0.0,0.0,0.0,0.0
00007734,2016,11,1,1,36.0,36.0,36.0,UNICA,0.0,0.0,0.0,0.0
00007734,2016,12,1,1,36.0,36.0,36.0,UNICA,0.0,0.0,0.0,0.0
00007734,2017,1,1,1,36.0,36.0,36.0,UNICA,0.0,0.0,0.0,0.0
00007734,2017,2,1,1,36.0,36.0,36.0,UNICA,0.0,0.0,0.0,0.0
00007734,2017,3,1,1,36.0,36.0,36.0,UNICA,0.0,0.0,0.0,0.0
00007734,2017,4,1,1,36.0,36.0,36.0,UNICA,0.0,0.0,0.0,0.0
00007734,2017,5,1,1,36.0,36.0,36.0,UNICA,0.0,0.0,0.0,0.0
00007734,2017,6,1,1,36.0,36.0,36.0,UNICA,0.0,0.0,0.0,0.0
00007734,2017,7,1,1,36.0,36.0,36.0,UNICA,0.0,0.0,0.0,0.0
00007734,2017,8,1,1,36.0,36.0,36.0,UNICA,0.0,0.0,0.0,0.0
00007734,2017,9,1,1,36.0,36.0,36.0,UNICA,0.0,0.0,0.0,0.0
00007734,2017,10,1,1,36.0,36.0,36.0,UNICA,0.0,0.0,0.0,0.0
00007734,2017,11,1,1,36.0,36.0,36.0,UNICA,0.0,0.0,0.0,0.0
00007734,2017,12,1,1,36.0,36.0,36.0,UNICA,0.0,0.0,0.0,0.0
00007734,2018,1,1,1,36.0,36.0,36.0,UNICA,0.0,0.0,0.0,0.0
00007734,2018,2,1,1,36.0,36.0,36.0,UNICA,0.0,0.0,0.0,0.0
00007734,2018,3,1,1,36.0,36.0,36.0,UNICA,0.0,0.0,0.0,0.0
00007734,2018,4,1,1,36.0,36.0,36.0,UNICA,0.0,0.0,0.0,0.0
00007734,2018,5,1,1,36.0,36.0,36.0,UNICA,0.0,0.0,0.0,0.0
00007734,2018,6,1,1,36.0,36.0,36.0,UNICA,0.0,0.0,0.0,0.0
00007734,2018,7,1,1,36.0,36.0,36.0,UNICA,0.0,0.0,0.0,0.0
00007734,2018,8,1,1,36.0,36.0,36.0,UNICA,0.0,0.0,0.0,0.0
00007734,2018,9,1,1,36.0,36.0,36.0,UNICA,0.0,0.0,0.0,0.0
00007734,2018,10,1,1,36.0,36.0,36.0,UNICA,0.0,0.0,0.0,0.0
00007734,2018,11,1,1,36.0,36.0,36.0,UNICA,0.0,0.0,0.0,0.0
00007734,2019,1,1,1,36.0,36.0,36.0,UNICA,0.0,0.0,0.0,0.0
00007734,2019,2,1,1,36.0,36.0,36.0,UNICA,0.0,0.0,0.0,0.0
00007734,2019,3,1,1,36.0,36.0,36.0,UNICA,0.0,0.0,0.0,0.0
00007734,2019,4,1,1,36.0,36.0,36.0,UNICA,0.0,0.0,0.0,0.0
00007734,2019,5,1,1,36.0,36.0,36.0,UNICA,0.0,0.0,0.0,0.0
00007734,2019,6,1,1,36.0,36.0,36.0,UNICA,0.0,0.0,0.0,0.0
00007734,2019,7,1,1,36.0,36.0,36.0,UNICA,0.0,0.0,0.0,0.0
00007734,2019,8,1,1,36.0,36.0,36.0,UNICA,0.0,0.0,0.0,0.0
00007734,2019,9,1,1,36.0,36.0,36.0,UNICA,0.0,0.0,0.0,0.0
00007734,2019,10,1,1,36.0,36.0,36.0,UNICA,0.0,0.0,0.0,0.0
00007734,2019,11,1,1,36.0,36.0,36.0,UNICA,0.0,0.0,0.0,0.0
00007734,2020,1,1,1,41.0,41.0,41.0,UNICA,0.0,0.0,0.0,0.0
00007734,2020,2,1,1,43.0,43.0,43.0,UNICA,0.0,0.0,0.0,0.0
00007734,2020,3,1,1,44.0,44.0,44.0,UNICA,0.0,0.0,0.0,0.0
00007734,2020,4,1,1,48.0,48.0,48.0,UNICA,0.0,0.0,0.0,0.0
00007734,2020,5,1,1,26.0,26.0,26.0,UNICA,0.0,0.0,0.0,0.0
00007734,2020,6,1,1,9.0,9.0,9.0,UNICA,0.0,0.0,0.0,0.0
00007734,2020,7,1,1,9.0,9.0,9.0,UNICA,0.0,0.0,0.0,0.0
00007734,2020,8,1,1,48.0,48.0,48.0,UNICA,0.0,0.0,0.0,0.0
00007734,2020,9,1,1,48.0,48.0,48.0,UNICA,0.0,0.0,0.0,0.0
00007734,2021,1,1,1,29.0,29.0,29.0,UNICA,0.0,0.0,0.0,0.0
00007734,2021,2,1,1,29.0,29.0,29.0,UNICA,0.0,0.0,0.0,0.0
00007734,2021,3,1,1,29.0,29.0,29.0,UNICA,0.0,0.0,0.0,0.0
00007734,2021,4,1,1,29.0,29.0,29.0,UNICA,0.0,0.0,0.0,0.0
00007734,2021,5,1,1,29.0,29.0,29.0,UNICA,0.0,0.0,0.0,0.0
00007734,2021,6,1,1,21.0,21.0,21.0,UNICA,0.0,0.0,0.0,0.0
00007734,2021,7,1,1,23.0,23.0,23.0,UNICA,0.0,0.0,0.0,0.0
00007734,2021,8,1,1,24.0,24.0,24.0,UNICA,0.0,0.0,0.0,0.0
00007734,2021,9,1,1,24.0,24.0,24.0,UNICA,0.0,0.0,0.0,0.0
00007734,2021,10,1,1,24.0,24.0,24.0,UNICA,0.0,0.0,0.0,0.0
00007734,2021,11,1,1,25.0,25.0,25.0,UNICA,0.0,0.0,0.0,0.0
00007734,2021,12,1,1,28.0,28.0,28.0,UNICA,0.0,0.0,0.0,0.0
00007734,2022,1,1,1,19.0,19.0,19.0,UNICA,0.0,0.0,0.0,0.0
00007734,2022,2,1,1,17.0,17.0,17.0,UNICA,0.0,0.0,0.0,0.0
00007734,2022,3,1,1,23.0,23.0,23.0,UNICA,0.0,0.0,0.0,0.0
00007734,2022,4,1,1,28.0,28.0,28.0,UNICA,0.0,0.0,0.0,0.0
00007734,2022,5,1,1,28.0,28.0,0.0,UNICA,28.0,,28.0,
00007734,2022,6,1,1,27.0,27.0,27.0,UNICA,0.0,0.0,0.0,0.0
00007734,2022,7,1,1,28.0,28.0,28.0,UNICA,0.0,0.0,0.0,0.0
00007734,2022,8,1,1,27.0,27.0,27.0,UNICA,0.0,0.0,0.0,0.0
00007734,2022,9,1,1,28.0,28.0,28.0,UNICA,0.0,0.0,0.0,0.0
00007734,2022,10,1,1,20.0,20.0,20.0,UNICA,0.0,0.0,0.0,0.0
00007734,2022,11,1,1,20.0,20.0,20.0,UNICA,0.0,0.0,0.0,0.0
00007734,2022,12,1,1,20.0,20.0,20.0,UNICA,0.0,0.0,0.0,0.0
00007734,2023,1,1,1,21.0,21.0,21.0,UNICA,0.0,0.0,0.0,0.0
00007734,2023,2,1,1,24.0,24.0,24.0,UNICA,0.0,0.0,0.0,0.0
00007734,2023,3,1,1,24.0,24.0,24.0,UNICA,0.0,0.0,0.0,0.0
00007734,2023,4,1,1,24.0,24.0,24.0,UNICA,0.0,0.0,0.0,0.0
00007734,2023,5,1,1,24.0,24.0,24.0,UNICA,0.0,0.0,0.0,0.0
00007734,2023,6,1,1,24.0,24.0,24.0,UNICA,0.0,0.0,0.0,0.0
00007734,2023,7,1,1,24.0,24.0,24.0,UNICA,0.0,0.0,0.0,0.0
00007734,2023,8,1,1,24.0,24.0,24.0,UNICA,0.0,0.0,0.0,0.0
00007734,2023,9,1,1,30.0,30.0,30.0,UNICA,0.0,0.0,0.0,0.0
00007734,2023,10,1,1,32.0,32.0,0.0,UNICA,32.0,,32.0,
00007734,2023,11,1,1,37.0,37.0,37.0,UNICA,0.0,0.0,0.0,0.0
00007734,2023,12,1,1,46.0,46.0,0.0,UNICA,46.0,,46.0,
00007734,2024,1,1,1,46.0,46.0,46.0,UNICA,0.0,0.0,0.0,0.0
00007734,2024,2,1,1,46.0,46.0,46.0,UNICA,0.0,0.0,0.0,0.0
00007734,2024,3,1,1,45.0,45.0,45.0,UNICA,0.0,0.0,0.0,0.0
00007734,2024,4,1,1,39.0,39.0,39.0,UNICA,0.0,0.0,0.0,0.0
00007734,2024,5,1,1,39.0,39.0,39.0,UNICA,0.0,0.0,0.0,0.0
00007734,2024,6,1,1,39.0,39.0,39.0,UNICA,0.0,0.0,0.0,0.0
00007734,2024,7,1,1,36.0,36.0,36.0,UNICA,0.0,0.0,0.0,0.0
00007734,2024,8,1,1,36.0,36.0,36.0,UNICA,0.0,0.0,0.0,0.0
00007734,2024,9,1,1,36.0,36.0,36.0,UNICA,0.0,0.0,0.0,0.0
00007734,2024,10,1,1,38.0,38.0,38.0,UNICA,0.0,0.0,0.0,0.0
00007734,2024,11,1,1,39.0,39.0,39.0,UNICA,0.0,0.0,0.0,0.0
00007734,2024,12,1,1,40.0,40.0,0.0,UNICA,40.0,,40.0,
00007734,2025,1,1,1,40.0,40.0,0.0,UNICA,40.0,,40.0,
00007734,2025,2,1,1,40.0,40.0,0.0,UNICA,40.0,,40.0,
00007734,2025,3,1,1,42.0,42.0,0.0,UNICA,42.0,,42.0,
00007734,2025,4,1,1,42.0,42.0,0.0,UNICA,42.0,,42.0,
00007734,2025,5,1,1,42.0,42.0,0.0,UNICA,42.0,,42.0,
00007734,2025,6,1,1,42.0,42.0,0.0,UNICA,42.0,,42.0,
00007734,2025,7,1,1,42.0,42.0,0.0,UNICA,42.0,,42.0,
00007734,2025,8,1,1,42.0,42.0,0.0,UNICA,42.0,,42.0,
00007734,2025,9,1,1,42.0,42.0,0.0,UNICA,42.0,,42.0,
00007734,2025,10,1,1,42.0,42.0,0.0,UNICA,42.0,,42.0,
00007734,2025,11,1,1,42.0,42.0,0.0,UNICA,42.0,,42.0,
00007734,2026,1,1,1,42.0,42.0,0.0,UNICA,42.0,,42.0,
00007734,2026,2,1,1,42.0,42.0,0.0,UNICA,42.0,,42.0,
00007734,2026,3,1,1,42.0,42.0,0.0,UNICA,42.0,,42.0,
00008317,2016,1,7,7,56.0,17.0,56.0,UNICA,0.0,0.0,-39.0,-69.64285714285714
00008317,2016,2,7,7,56.0,17.0,56.0,UNICA,0.0,0.0,-39.0,-69.64285714285714
00008317,2016,3,7,7,56.0,18.0,56.0,UNICA,0.0,0.0,-38.0,-67.85714285714286
00008317,2016,4,7,7,56.0,17.0,56.0,UNICA,0.0,0.0,-39.0,-69.64285714285714
00008317,2016,5,7,7,56.0,18.0,56.0,UNICA,0.0,0.0,-38.0,-67.85714285714286
00008317,2016,6,7,7,56.0,16.0,56.0,UNICA,0.0,0.0,-40.0,-71.42857142857143
00008317,2016,7,7,7,56.0,17.0,56.0,UNICA,0.0,0.0,-39.0,-69.64285714285714
00008317,2016,8,7,7,56.0,17.0,56.0,UNICA,0.0,0.0,-39.0,-69.64285714285714
00008317,2016,9,7,7,56.0,18.0,56.0,UNICA,0.0,0.0,-38.0,-67.85714285714286
00008317,2016,10,7,7,54.0,18.0,51.0,UNICA,3.0,5.88235294117647,-33.0,-64.70588235294117
00008317,2016,11,7,7,54.0,18.0,54.0,UNICA,0.0,0.0,-36.0,-66.66666666666666
00008317,2016,12,7,7,55.0,18.0,55.0,UNICA,0.0,0.0,-37.0,-67.27272727272727
00008317,2017,1,7,7,55.0,18.0,55.0,UNICA,0.0,0.0,-37.0,-67.27272727272727
00008317,2017,2,7,7,54.0,17.0,54.0,UNICA,0.0,0.0,-37.0,-68.51851851851852
00008317,2017,3,7,7,54.0,17.0,54.0,UNICA,0.0,0.0,-37.0,-68.51851851851852
00008317,2017,4,7,7,54.0,17.0,54.0,UNICA,0.0,0.0,-37.0,-68.51851851851852
00008317,2017,5,7,7,54.0,17.0,54.0,UNICA,0.0,0.0,-37.0,-68.51851851851852
00008317,2017,6,7,7,54.0,17.0,54.0,UNICA,0.0,0.0,-37.0,-68.51851851851852
00008317,2017,7,7,7,54.0,17.0,54.0,UNICA,0.0,0.0,-37.0,-68.51851851851852
00008317,2017,8,7,7,54.0,17.0,54.0,UNICA,0.0,0.0,-37.0,-68.51851851851852
00008317,2017,9,7,7,54.0,16.0,54.0,UNICA,0.0,0.0,-38.0,-70.37037037037037
00008317,2017,10,6,6,44.0,17.0,54.0,UNICA,-10.0,-18.51851851851852,-37.0,-68.51851851851852
00008317,2017,11,6,6,43.0,17.0,54.0,UNICA,-11.0,-20.37037037037037,-37.0,-68.51851851851852
00008317,2017,12,7,7,54.0,17.0,54.0,UNICA,0.0,0.0,-37.0,-68.51851851851852
00008317,2018,1,7,7,53.0,17.0,53.0,UNICA,0.0,0.0,-36.0,-67.9245283018868
00008317,2018,2,7,7,53.0,17.0,53.0,UNICA,0.0,0.0,-36.0,-67.9245283018868
00008317,2018,3,6,6,51.0,17.0,52.0,UNICA,-1.0,-1.9230769230769231,-35.0,-67.3076923076923
00008317,2018,4,6,6,50.0,17.0,52.0,UNICA,-2.0,-3.8461538461538463,-35.0,-67.3076923076923
00008317,2018,5,7,7,53.0,16.0,52.0,UNICA,1.0,1.9230769230769231,-36.0,-69.23076923076923
00008317,2018,6,7,7,53.0,17.0,52.0,UNICA,1.0,1.9230769230769231,-35.0,-67.3076923076923
00008317,2018,7,7,7,53.0,16.0,52.0,UNICA,1.0,1.9230769230769231,-36.0,-69.23076923076923
00008317,2018,8,7,7,52.0,17.0,52.0,UNICA,0.0,0.0,-35.0,-67.3076923076923
00008317,2018,9,7,7,53.0,17.0,53.0,UNICA,0.0,0.0,-36.0,-67.9245283018868
00008317,2018,10,7,7,53.0,17.0,53.0,UNICA,0.0,0.0,-36.0,-67.9245283018868
00008317,2018,11,7,7,53.0,17.0,53.0,UNICA,0.0,0.0,-36.0,-67.9245283018868
00008317,2019,1,7,7,55.0,17.0,55.0,UNICA,0.0,0.0,-38.0,-69.0909090909091
00008317,2019,2,6,6,45.0,18.0,54.0,UNICA,-9.0,-16.666666666666664,-36.0,-66.66666666666666
00008317,2019,3,6,6,46.0,17.0,53.0,UNICA,-7.0,-13.20754716981132,-36.0,-67.9245283018868
00008317,2019,4,7,7,56.0,18.0,56.0,UNICA,0.0,0.0,-38.0,-67.85714285714286
00008317,2019,5,7,7,56.0,18.0,56.0,UNICA,0.0,0.0,-38.0,-67.85714285714286
00008317,2019,6,7,7,56.0,18.0,56.0,UNICA,0.0,0.0,-38.0,-67.85714285714286
00008317,2019,7,7,7,55.0,17.0,55.0,UNICA,0.0,0.0,-38.0,-69.0909090909091
00008317,2019,8,7,7,56.0,18.0,56.0,UNICA,0.0,0.0,-38.0,-67.85714285714286
00008317,2019,9,7,7,56.0,17.0,56.0,UNICA,0.0,0.0,-39.0,-69.64285714285714
00008317,2019,10,7,7,56.0,18.0,56.0,UNICA,0.0,0.0,-38.0,-67.85714285714286
00008317,2019,11,7,7,55.0,17.0,55.0,UNICA,0.0,0.0,-38.0,-69.0909090909091
00008317,2020,1,7,7,55.0,17.0,55.0,UNICA,0.0,0.0,-38.0,-69.0909090909091
00008317,2020,2,7,7,55.0,17.0,55.0,UNICA,0.0,0.0,-38.0,-69.0909090909091
00008317,2020,3,6,6,54.0,18.0,55.0,UNICA,-1.0,-1.8181818181818181,-37.0,-67.27272727272727
00008317,2020,4,3,3,43.0,29.0,51.0,UNICA,-8.0,-15.686274509803921,-22.0,-43.13725490196079
00008317,2020,5,2,2,57.0,49.0,58.0,UNICA,-1.0,-1.7241379310344827,-9.0,-15.517241379310345
00008317,2020,6,2,2,53.0,49.0,53.0,UNICA,0.0,0.0,-4.0,-7.547169811320755
00008317,2020,7,1,1,65.0,65.0,69.0,UNICA,-4.0,-5.797101449275362,-4.0,-5.797101449275362
00008317,2020,8,1,1,110.0,110.0,114.0,UNICA,-4.0,-3.508771929824561,-4.0,-3.508771929824561
00008317,2020,9,2,2,120.0,110.0,120.0,UNICA,0.0,0.0,-10.0,-8.333333333333332
00008317,2020,10,6,6,87.0,52.0,87.0,UNICA,0.0,0.0,-35.0,-40.229885057471265
00008317,2020,11,6,6,96.0,54.0,96.0,UNICA,0.0,0.0,-42.0,-43.75
00008317,2020,12,5,5,104.0,64.0,106.0,UNICA,-2.0,-1.8867924528301887,-42.0,-39.62264150943396
00008317,2021,1,5,5,110.0,80.0,110.0,UNICA,0.0,0.0,-30.0,-27.27272727272727
00008317,2021,2,6,6,121.0,80.0,118.0,UNICA,3.0,2.5423728813559325,-38.0,-32.20338983050847
00008317,2021,3,6,6,98.0,60.0,98.0,UNICA,0.0,0.0,-38.0,-38.775510204081634
00008317,2021,4,6,6,98.0,60.0,98.0,UNICA,0.0,0.0,-38.0,-38.775510204081634
00008317,2021,5,6,6,108.0,70.0,108.0,UNICA,0.0,0.0,-38.0,-35.18518518518518
00008317,2021,6,6,6,108.0,70.0,108.0,UNICA,0.0,0.0,-38.0,-35.18518518518518
00008317,2021,7,6,6,108.0,70.0,108.0,UNICA,0.0,0.0,-38.0,-35.18518518518518
00008317,2021,8,6,6,108.0,70.0,108.0,UNICA,0.0,0.0,-38.0,-35.18518518518518
00008317,2021,9,6,6,108.0,70.0,108.0,UNICA,0.0,0.0,-38.0,-35.18518518518518
00008317,2021,10,6,6,108.0,70.0,108.0,UNICA,0.0,0.0,-38.0,-35.18518518518518
00008317,2021,11,6,6,98.0,60.0,98.0,UNICA,0.0,0.0,-38.0,-38.775510204081634
00008317,2021,12,6,6,98.0,60.0,98.0,UNICA,0.0,0.0,-38.0,-38.775510204081634
00008317,2022,1,6,6,76.0,30.0,76.0,UNICA,0.0,0.0,-46.0,-60.526315789473685
00008317,2022,2,6,6,76.0,30.0,76.0,UNICA,0.0,0.0,-46.0,-60.526315789473685
00008317,2022,3,6,6,48.0,17.0,48.0,UNICA,0.0,0.0,-31.0,-64.58333333333334
00008317,2022,4,6,6,48.0,18.0,48.0,UNICA,0.0,0.0,-30.0,-62.5
00008317,2022,5,6,6,48.0,17.0,48.0,UNICA,0.0,0.0,-31.0,-64.58333333333334
00008317,2022,6,6,6,48.0,17.0,48.0,UNICA,0.0,0.0,-31.0,-64.58333333333334
00008317,2022,7,6,6,48.0,18.0,48.0,UNICA,0.0,0.0,-30.0,-62.5
00008317,2022,8,6,6,48.0,18.0,48.0,UNICA,0.0,0.0,-30.0,-62.5
00008317,2022,9,6,6,48.0,17.0,48.0,UNICA,0.0,0.0,-31.0,-64.58333333333334
00008317,2022,10,6,6,43.0,12.0,43.0,UNICA,0.0,0.0,-31.0,-72.09302325581395
00008317,2022,11,6,6,43.0,13.0,43.0,UNICA,0.0,0.0,-30.0,-69.76744186046511
00008317,2022,12,6,6,43.0,13.0,43.0,UNICA,0.0,0.0,-30.0,-69.76744186046511
00008317,2023,1,6,6,43.0,13.0,43.0,UNICA,0.0,0.0,-30.0,-69.76744186046511
00008317,2023,2,6,6,43.0,13.0,43.0,UNICA,0.0,0.0,-30.0,-69.76744186046511
00008317,2023,3,6,6,43.0,13.0,43.0,UNICA,0.0,0.0,-30.0,-69.76744186046511
00008317,2023,4,6,6,43.0,13.0,43.0,UNICA,0.0,0.0,-30.0,-69.76744186046511
00008317,2023,5,6,6,43.0,13.0,43.0,UNICA,0.0,0.0,-30.0,-69.76744186046511
00008317,2023,6,6,6,43.0,12.0,43.0,UNICA,0.0,0.0,-31.0,-72.09302325581395
00008317,2023,7,6,6,43.0,13.0,43.0,UNICA,0.0,0.0,-30.0,-69.76744186046511
00008317,2023,8,6,6,43.0,11.0,43.0,UNICA,0.0,0.0,-32.0,-74.4186046511628
00008317,2023,9,6,6,43.0,13.0,43.0,UNICA,0.0,0.0,-30.0,-69.76744186046511
00008317,2023,10,6,6,43.0,12.0,43.0,UNICA,0.0,0.0,-31.0,-72.09302325581395
00008317,2023,11,6,6,43.0,12.0,43.0,UNICA,0.0,0.0,-31.0,-72.09302325581395
00008317,2023,12,6,6,43.0,13.0,43.0,UNICA,0.0,0.0,-30.0,-69.76744186046511
00008317,2024,1,6,6,43.0,12.0,43.0,UNICA,0.0,0.0,-31.0,-72.09302325581395
00008317,2024,2,6,6,43.0,12.0,43.0,UNICA,0.0,0.0,-31.0,-72.09302325581395
00008317,2024,3,6,6,43.0,12.0,43.0,UNICA,0.0,0.0,-31.0,-72.09302325581395
00008317,2024,4,6,6,44.0,12.0,43.0,UNICA,1.0,2.3255813953488373,-31.0,-72.09302325581395
00008317,2024,5,6,6,43.0,12.0,43.0,UNICA,0.0,0.0,-31.0,-72.09302325581395
00008317,2024,6,6,6,43.0,12.0,43.0,UNICA,0.0,0.0,-31.0,-72.09302325581395
00008317,2024,7,6,6,43.0,12.0,43.0,UNICA,0.0,0.0,-31.0,-72.09302325581395
00008317,2024,8,6,6,43.0,13.0,43.0,UNICA,0.0,0.0,-30.0,-69.76744186046511
00008317,2024,9,6,6,43.0,12.0,43.0,UNICA,0.0,0.0,-31.0,-72.09302325581395
00008317,2024,10,6,6,43.0,12.0,43.0,UNICA,0.0,0.0,-31.0,-72.09302325581395
00008317,2024,11,6,6,43.0,12.0,43.0,UNICA,0.0,0.0,-31.0,-72.09302325581395
00008317,2024,12,6,6,43.0,13.0,43.0,UNICA,0.0,0.0,-30.0,-69.76744186046511
00008317,2025,1,6,6,43.0,12.0,43.0,UNICA,0.0,0.0,-31.0,-72.09302325581395
00008317,2025,2,6,6,43.0,11.0,43.0,UNICA,0.0,0.0,-32.0,-74.4186046511628
00008317,2025,3,6,6,43.0,11.0,43.0,UNICA,0.0,0.0,-32.0,-74.4186046511628
00008317,2025,4,6,6,43.0,10.0,43.0,UNICA,0.0,0.0,-33.0,-76.74418604651163
00008317,2025,5,6,6,43.0,10.0,43.0,UNICA,0.0,0.0,-33.0,-76.74418604651163
00008317,2025,6,6,6,43.0,10.0,43.0,UNICA,0.0,0.0,-33.0,-76.74418604651163
00008317,2025,7,6,6,43.0,10.0,43.0,UNICA,0.0,0.0,-33.0,-76.74418604651163
00008317,2025,8,6,6,43.0,11.0,43.0,UNICA,0.0,0.0,-32.0,-74.4186046511628
00008317,2025,9,6,6,43.0,11.0,43.0,UNICA,0.0,0.0,-32.0,-74.4186046511628
00008317,2025,10,6,6,43.0,12.0,43.0,UNICA,0.0,0.0,-31.0,-72.09302325581395
00008317,2025,11,6,6,44.0,12.0,43.0,UNICA,1.0,2.3255813953488373,-31.0,-72.09302325581395
00008317,2026,1,6,6,43.0,12.0,43.0,UNICA,0.0,0.0,-31.0,-72.09302325581395
00008317,2026,2,5,5,33.0,11.0,43.0,UNICA,-10.0,-23.25581395348837,-32.0,-74.4186046511628
00008317,2026,3,5,5,32.0,11.0,43.0,UNICA,-11.0,-25.581395348837212,-32.0,-74.4186046511628
00008318,2015,12,7,7,60.0,30.0,58.0,UNICA,2.0,3.4482758620689653,-28.0,-48.275862068965516
00008318,2016,1,5,5,48.0,30.0,47.0,UNICA,1.0,2.127659574468085,-17.0,-36.17021276595745
00008318,2016,2,5,5,45.0,30.0,58.0,UNICA,-13.0,-22.413793103448278,-28.0,-48.275862068965516
00008318,2016,3,7,7,60.0,30.0,59.0,UNICA,1.0,1.694915254237288,-29.0,-49.152542372881356
00008318,2016,4,7,7,58.0,30.0,59.0,UNICA,-1.0,-1.694915254237288,-29.0,-49.152542372881356
00008318,2016,5,7,7,58.0,30.0,59.0,UNICA,-1.0,-1.694915254237288,-29.0,-49.152542372881356
00008318,2016,6,7,7,58.0,30.0,58.0,UNICA,0.0,0.0,-28.0,-48.275862068965516
00008318,2016,7,7,7,58.0,30.0,58.0,UNICA,0.0,0.0,-28.0,-48.275862068965516
00008318,2016,8,7,7,58.0,30.0,58.0,UNICA,0.0,0.0,-28.0,-48.275862068965516
00008318,2016,9,6,6,55.0,30.0,57.0,UNICA,-2.0,-3.508771929824561,-27.0,-47.368421052631575
00008318,2016,10,6,6,55.0,30.0,46.0,UNICA,9.0,19.565217391304348,-16.0,-34.78260869565217
00008318,2016,11,6,6,55.0,30.0,58.0,UNICA,-3.0,-5.172413793103448,-28.0,-48.275862068965516
00008318,2016,12,6,6,55.0,30.0,57.0,UNICA,-2.0,-3.508771929824561,-27.0,-47.368421052631575
00008318,2017,1,4,4,49.0,30.0,57.0,UNICA,-8.0,-14.035087719298245,-27.0,-47.368421052631575
00008318,2017,2,6,6,55.0,30.0,57.0,UNICA,-2.0,-3.508771929824561,-27.0,-47.368421052631575
00008318,2017,3,4,4,49.0,30.0,55.0,UNICA,-6.0,-10.909090909090908,-25.0,-45.45454545454545
00008318,2017,4,7,7,56.0,30.0,55.0,UNICA,1.0,1.8181818181818181,-25.0,-45.45454545454545
00008318,2017,5,7,7,56.0,30.0,57.0,UNICA,-1.0,-1.7543859649122806,-27.0,-47.368421052631575
00008318,2017,6,7,7,56.0,30.0,57.0,UNICA,-1.0,-1.7543859649122806,-27.0,-47.368421052631575
00008318,2017,7,7,7,56.0,29.0,56.0,UNICA,0.0,0.0,-27.0,-48.214285714285715
00008318,2017,8,7,7,56.0,29.0,57.0,UNICA,-1.0,-1.7543859649122806,-28.0,-49.122807017543856
00008318,2017,9,7,7,56.0,29.0,56.0,UNICA,0.0,0.0,-27.0,-48.214285714285715
00008318,2017,10,7,7,56.0,29.0,56.0,UNICA,0.0,0.0,-27.0,-48.214285714285715
00008318,2017,11,7,7,56.0,28.0,56.0,UNICA,0.0,0.0,-28.0,-50.0
00008318,2017,12,7,7,54.0,26.0,54.0,UNICA,0.0,0.0,-28.0,-51.85185185185185
00008318,2018,1,7,7,55.0,27.0,55.0,UNICA,0.0,0.0,-28.0,-50.90909090909091
00008318,2018,2,7,7,55.0,27.0,55.0,UNICA,0.0,0.0,-28.0,-50.90909090909091
00008318,2018,3,7,7,55.0,27.0,55.0,UNICA,0.0,0.0,-28.0,-50.90909090909091
00008318,2018,4,6,6,54.0,29.0,46.0,UNICA,8.0,17.391304347826086,-17.0,-36.95652173913043
00008318,2018,5,6,6,54.0,29.0,46.0,UNICA,8.0,17.391304347826086,-17.0,-36.95652173913043
00008318,2018,6,7,7,57.0,29.0,46.0,UNICA,11.0,23.91304347826087,-17.0,-36.95652173913043
00008318,2018,7,7,7,57.0,29.0,46.0,UNICA,11.0,23.91304347826087,-17.0,-36.95652173913043
00008318,2018,8,7,7,57.0,29.0,46.0,UNICA,11.0,23.91304347826087,-17.0,-36.95652173913043
00008318,2018,9,7,7,57.0,29.0,46.0,UNICA,11.0,23.91304347826087,-17.0,-36.95652173913043
00008318,2018,10,6,6,50.0,29.0,46.0,UNICA,4.0,8.695652173913043,-17.0,-36.95652173913043
00008318,2018,11,6,6,50.0,29.0,46.0,UNICA,4.0,8.695652173913043,-17.0,-36.95652173913043
00008318,2019,1,7,7,50.0,29.0,46.0,UNICA,4.0,8.695652173913043,-17.0,-36.95652173913043
00008318,2019,2,5,5,24.0,9.0,46.0,UNICA,-22.0,-47.82608695652174,-37.0,-80.43478260869566
00008318,2019,3,3,3,13.0,7.0,57.0,UNICA,-44.0,-77.19298245614034,-50.0,-87.71929824561403
00008318,2019,4,4,4,42.0,29.0,57.0,UNICA,-15.0,-26.31578947368421,-28.0,-49.122807017543856
00008318,2019,5,6,6,55.0,29.0,57.0,UNICA,-2.0,-3.508771929824561,-28.0,-49.122807017543856
00008318,2019,6,6,6,48.0,29.0,58.0,UNICA,-10.0,-17.24137931034483,-29.0,-50.0
00008318,2019,7,7,7,57.0,29.0,57.0,UNICA,0.0,0.0,-28.0,-49.122807017543856
00008318,2019,8,6,6,50.0,29.0,57.0,UNICA,-7.0,-12.280701754385964,-28.0,-49.122807017543856
00008318,2019,9,7,7,57.0,27.0,57.0,UNICA,0.0,0.0,-30.0,-52.63157894736842
00008318,2019,10,7,7,60.0,29.0,60.0,UNICA,0.0,0.0,-31.0,-51.66666666666667
00008318,2019,11,7,7,60.0,29.0,60.0,UNICA,0.0,0.0,-31.0,-51.66666666666667
00008318,2020,1,7,7,59.0,24.0,59.0,UNICA,0.0,0.0,-35.0,-59.32203389830508
00008318,2020,2,6,6,55.0,28.0,59.0,UNICA,-4.0,-6.779661016949152,-31.0,-52.54237288135594
00008318,2020,3,6,6,56.0,29.0,59.0,UNICA,-3.0,-5.084745762711865,-30.0,-50.847457627118644
00008318,2020,4,1,1,8.0,8.0,59.0,UNICA,-51.0,-86.4406779661017,-51.0,-86.4406779661017
00008318,2020,5,1,1,30.0,30.0,59.0,UNICA,-29.0,-49.152542372881356,-29.0,-49.152542372881356
00008318,2020,7,1,1,30.0,30.0,30.0,UNICA,0.0,0.0,0.0,0.0
00008318,2020,8,1,1,30.0,30.0,30.0,UNICA,0.0,0.0,0.0,0.0
00008318,2020,9,3,3,33.0,21.0,37.0,UNICA,-4.0,-10.81081081081081,-16.0,-43.24324324324324
00008318,2020,10,4,4,38.0,21.0,37.0,UNICA,1.0,2.7027027027027026,-16.0,-43.24324324324324
00008318,2020,11,4,4,21.0,10.0,46.0,UNICA,-25.0,-54.347826086956516,-36.0,-78.26086956521739
00008318,2020,12,3,3,39.0,23.0,38.0,UNICA,1.0,2.631578947368421,-15.0,-39.473684210526315
00008318,2021,1,5,5,43.0,21.0,38.0,UNICA,5.0,13.157894736842104,-17.0,-44.73684210526316
00008318,2021,2,4,4,39.0,21.0,38.0,UNICA,1.0,2.631578947368421,-17.0,-44.73684210526316
00008318,2021,3,4,4,39.0,21.0,38.0,UNICA,1.0,2.631578947368421,-17.0,-44.73684210526316
00008318,2021,4,4,4,39.0,21.0,38.0,UNICA,1.0,2.631578947368421,-17.0,-44.73684210526316
00008318,2021,5,6,6,50.0,14.0,38.0,UNICA,12.0,31.57894736842105,-24.0,-63.1578947368421
00008318,2021,6,6,6,50.0,15.0,38.0,UNICA,12.0,31.57894736842105,-23.0,-60.526315789473685
00008318,2021,7,6,6,50.0,16.0,38.0,UNICA,12.0,31.57894736842105,-22.0,-57.89473684210527
00008318,2021,8,6,6,50.0,17.0,38.0,UNICA,12.0,31.57894736842105,-21.0,-55.26315789473685
00008318,2021,9,6,6,46.0,18.0,38.0,UNICA,8.0,21.052631578947366,-20.0,-52.63157894736842
00008318,2021,10,6,6,46.0,16.0,38.0,UNICA,8.0,21.052631578947366,-22.0,-57.89473684210527
00008318,2021,11,6,6,50.0,15.0,38.0,UNICA,12.0,31.57894736842105,-23.0,-60.526315789473685
00008318,2021,12,6,6,50.0,16.0,38.0,UNICA,12.0,31.57894736842105,-22.0,-57.89473684210527
00008318,2022,1,6,6,50.0,17.0,38.0,UNICA,12.0,31.57894736842105,-21.0,-55.26315789473685
00008318,2022,2,6,6,50.0,17.0,38.0,UNICA,12.0,31.57894736842105,-21.0,-55.26315789473685
00008318,2022,3,6,6,52.0,19.0,40.0,UNICA,12.0,30.0,-21.0,-52.5
00008318,2022,4,5,5,34.0,11.0,40.0,UNICA,-6.0,-15.0,-29.0,-72.5
00008318,2022,5,5,5,27.0,10.0,40.0,UNICA,-13.0,-32.5,-30.0,-75.0
00008318,2022,6,7,7,52.0,18.0,40.0,UNICA,12.0,30.0,-22.0,-55.00000000000001
00008318,2022,7,6,6,34.0,10.0,40.0,UNICA,-6.0,-15.0,-30.0,-75.0
00008318,2022,8,7,7,48.0,17.0,40.0,UNICA,8.0,20.0,-23.0,-57.49999999999999
00008318,2022,9,7,7,43.0,18.0,48.0,UNICA,-5.0,-10.416666666666668,-30.0,-62.5
00008318,2022,10,7,7,48.0,17.0,48.0,UNICA,0.0,0.0,-31.0,-64.58333333333334
00008318,2022,11,6,6,43.0,17.0,48.0,UNICA,-5.0,-10.416666666666668,-31.0,-64.58333333333334
00008318,2022,12,6,6,43.0,17.0,48.0,UNICA,-5.0,-10.416666666666668,-31.0,-64.58333333333334
00008318,2023,1,7,7,48.0,17.0,38.0,UNICA,10.0,26.31578947368421,-21.0,-55.26315789473685
00008318,2023,2,7,7,48.0,17.0,38.0,UNICA,10.0,26.31578947368421,-21.0,-55.26315789473685
00008318,2023,3,7,7,47.0,17.0,38.0,UNICA,9.0,23.684210526315788,-21.0,-55.26315789473685
00008318,2023,4,7,7,48.0,16.0,38.0,UNICA,10.0,26.31578947368421,-22.0,-57.89473684210527
00008318,2023,5,7,7,48.0,17.0,38.0,UNICA,10.0,26.31578947368421,-21.0,-55.26315789473685
00008318,2023,6,7,7,48.0,17.0,38.0,UNICA,10.0,26.31578947368421,-21.0,-55.26315789473685
00008318,2023,7,7,7,48.0,17.0,38.0,UNICA,10.0,26.31578947368421,-21.0,-55.26315789473685
00008318,2023,8,7,7,48.0,17.0,38.0,UNICA,10.0,26.31578947368421,-21.0,-55.26315789473685
00008318,2023,9,7,7,48.0,17.0,38.0,UNICA,10.0,26.31578947368421,-21.0,-55.26315789473685
00008318,2023,10,7,7,48.0,17.0,38.0,UNICA,10.0,26.31578947368421,-21.0,-55.26315789473685
00008318,2023,11,5,5,27.0,11.0,40.0,UNICA,-13.0,-32.5,-29.0,-72.5
00008318,2023,12,7,7,50.0,17.0,40.0,UNICA,10.0,25.0,-23.0,-57.49999999999999
00008318,2024,1,7,7,50.0,17.0,40.0,UNICA,10.0,25.0,-23.0,-57.49999999999999
00008318,2024,2,7,7,50.0,17.0,40.0,UNICA,10.0,25.0,-23.0,-57.49999999999999
00008318,2024,3,7,7,50.0,17.0,40.0,UNICA,10.0,25.0,-23.0,-57.49999999999999
00008318,2024,4,7,7,50.0,17.0,40.0,UNICA,10.0,25.0,-23.0,-57.49999999999999
00008318,2024,5,7,7,50.0,17.0,42.0,UNICA,8.0,19.047619047619047,-25.0,-59.523809523809526
00008318,2024,6,6,6,45.0,17.0,42.0,UNICA,3.0,7.142857142857142,-25.0,-59.523809523809526
00008318,2024,7,6,6,38.0,15.0,42.0,UNICA,-4.0,-9.523809523809524,-27.0,-64.28571428571429
00008318,2024,8,7,7,44.0,13.0,40.0,UNICA,4.0,10.0,-27.0,-67.5
00008318,2024,9,7,7,47.0,16.0,40.0,UNICA,7.0,17.5,-24.0,-60.0
00008318,2024,10,7,7,48.0,17.0,40.0,UNICA,8.0,20.0,-23.0,-57.49999999999999
00008318,2024,11,7,7,48.0,17.0,40.0,UNICA,8.0,20.0,-23.0,-57.49999999999999
00008318,2024,12,7,7,48.0,17.0,40.0,UNICA,8.0,20.0,-23.0,-57.49999999999999
00008318,2025,1,7,7,48.0,16.0,40.0,UNICA,8.0,20.0,-24.0,-60.0
00008318,2025,2,7,7,48.0,16.0,40.0,UNICA,8.0,20.0,-24.0,-60.0
00008318,2025,3,7,7,48.0,18.0,40.0,UNICA,8.0,20.0,-22.0,-55.00000000000001
00008318,2025,4,7,7,48.0,15.0,40.0,UNICA,8.0,20.0,-25.0,-62.5
00008318,2025,5,7,7,48.0,17.0,40.0,UNICA,8.0,20.0,-23.0,-57.49999999999999
00008318,2025,6,7,7,49.0,17.0,40.0,UNICA,9.0,22.5,-23.0,-57.49999999999999
00008318,2025,7,6,6,38.0,15.0,40.0,UNICA,-2.0,-5.0,-25.0,-62.5
00008318,2025,8,6,6,46.0,20.0,40.0,UNICA,6.0,15.0,-20.0,-50.0
00008318,2025,9,7,7,48.0,16.0,40.0,UNICA,8.0,20.0,-24.0,-60.0
00008318,2025,10,7,7,148.0,115.0,40.0,UNICA,108.0,270.0,75.0,187.5
00008318,2025,11,7,7,48.0,15.0,40.0,UNICA,8.0,20.0,-25.0,-62.5
00008318,2026,1,6,6,48.0,15.0,40.0,UNICA,8.0,20.0,-25.0,-62.5
00008318,2026,2,6,6,54.0,14.0,40.0,UNICA,14.0,35.0,-26.0,-65.0
00008318,2026,3,6,6,48.0,15.0,40.0,UNICA,8.0,20.0,-25.0,-62.5
00008353,2015,1,7,7,72.0,30.0,68.0,UNICA,4.0,5.88235294117647,-38.0,-55.88235294117647
00008353,2015,2,7,7,71.0,30.0,67.0,UNICA,4.0,5.970149253731343,-37.0,-55.223880597014926
00008353,2015,3,7,7,72.0,31.0,68.0,UNICA,4.0,5.88235294117647,-37.0,-54.41176470588235
00008353,2015,4,7,7,66.0,28.0,62.0,UNICA,4.0,6.451612903225806,-34.0,-54.83870967741935
00008353,2015,5,7,7,70.0,31.0,,,,,,
00008353,2015,6,7,7,70.0,29.0,66.0,UNICA,4.0,6.0606060606060606,-37.0,-56.060606060606055
00008353,2015,7,7,7,66.0,29.0,62.0,UNICA,4.0,6.451612903225806,-33.0,-53.2258064516129
00008353,2015,8,7,7,69.0,29.0,26.0,UNICA,43.0,165.3846153846154,3.0,11.538461538461538
00008353,2015,9,7,7,70.0,28.0,66.0,UNICA,4.0,6.0606060606060606,-38.0,-57.57575757575758
00008353,2015,10,7,7,73.0,29.0,65.0,UNICA,8.0,12.307692307692308,-36.0,-55.38461538461539
00008353,2015,11,7,7,70.0,28.0,70.0,UNICA,0.0,0.0,-42.0,-60.0
00008353,2015,12,7,7,70.0,27.0,70.0,UNICA,0.0,0.0,-43.0,-61.42857142857143
00008353,2016,1,7,7,70.0,31.0,70.0,UNICA,0.0,0.0,-39.0,-55.714285714285715
00008353,2016,2,6,6,67.0,29.0,70.0,UNICA,-3.0,-4.285714285714286,-41.0,-58.57142857142858
00008353,2016,3,6,6,70.0,31.0,70.0,UNICA,0.0,0.0,-39.0,-55.714285714285715
00008353,2016,4,6,6,70.0,30.0,70.0,UNICA,0.0,0.0,-40.0,-57.14285714285714
00008353,2016,5,4,4,37.0,14.0,70.0,UNICA,-33.0,-47.14285714285714,-56.0,-80.0
00008353,2016,6,4,4,37.0,15.0,70.0,UNICA,-33.0,-47.14285714285714,-55.0,-78.57142857142857
00008353,2016,7,4,4,35.0,12.0,70.0,UNICA,-35.0,-50.0,-58.0,-82.85714285714286
00008353,2016,8,7,7,70.0,31.0,70.0,UNICA,0.0,0.0,-39.0,-55.714285714285715
00008353,2016,9,6,6,69.0,30.0,70.0,UNICA,-1.0,-1.4285714285714286,-40.0,-57.14285714285714
00008353,2016,10,4,4,36.0,11.0,70.0,UNICA,-34.0,-48.57142857142857,-59.0,-84.28571428571429
00008353,2016,11,6,6,70.0,30.0,66.0,UNICA,4.0,6.0606060606060606,-36.0,-54.54545454545454
00008353,2016,12,6,6,69.0,30.0,66.0,UNICA,3.0,4.545454545454546,-36.0,-54.54545454545454
00008353,2017,1,4,4,36.0,12.0,66.0,UNICA,-30.0,-45.45454545454545,-54.0,-81.81818181818183
00008353,2017,2,6,6,70.0,31.0,66.0,UNICA,4.0,6.0606060606060606,-35.0,-53.03030303030303
00008353,2017,3,6,6,70.0,31.0,66.0,UNICA,4.0,6.0606060606060606,-35.0,-53.03030303030303
00008353,2017,4,6,6,70.0,31.0,66.0,UNICA,4.0,6.0606060606060606,-35.0,-53.03030303030303
00008353,2017,5,7,7,70.0,29.0,66.0,UNICA,4.0,6.0606060606060606,-37.0,-56.060606060606055
00008353,2017,6,7,7,72.0,29.0,68.0,UNICA,4.0,5.88235294117647,-39.0,-57.35294117647059
00008353,2017,7,7,7,72.0,30.0,68.0,UNICA,4.0,5.88235294117647,-38.0,-55.88235294117647
00008353,2017,8,7,7,72.0,28.0,68.0,UNICA,4.0,5.88235294117647,-40.0,-58.82352941176471
00008353,2017,9,7,7,72.0,30.0,68.0,UNICA,4.0,5.88235294117647,-38.0,-55.88235294117647
00008353,2017,10,6,6,68.0,30.0,68.0,UNICA,0.0,0.0,-38.0,-55.88235294117647
00008353,2017,11,7,7,72.0,29.0,68.0,UNICA,4.0,5.88235294117647,-39.0,-57.35294117647059
00008353,2017,12,7,7,72.0,30.0,68.0,UNICA,4.0,5.88235294117647,-38.0,-55.88235294117647
00008353,2018,1,7,7,72.0,31.0,68.0,UNICA,4.0,5.88235294117647,-37.0,-54.41176470588235
00008353,2018,2,7,7,72.0,31.0,68.0,UNICA,4.0,5.88235294117647,-37.0,-54.41176470588235
00008353,2018,3,7,7,72.0,31.0,68.0,UNICA,4.0,5.88235294117647,-37.0,-54.41176470588235
00008353,2018,4,7,7,72.0,29.0,68.0,UNICA,4.0,5.88235294117647,-39.0,-57.35294117647059
00008353,2018,5,7,7,72.0,29.0,68.0,UNICA,4.0,5.88235294117647,-39.0,-57.35294117647059
00008353,2018,6,7,7,72.0,30.0,68.0,UNICA,4.0,5.88235294117647,-38.0,-55.88235294117647
00008353,2018,7,7,7,72.0,30.0,68.0,UNICA,4.0,5.88235294117647,-38.0,-55.88235294117647
00008353,2018,8,7,7,72.0,30.0,68.0,UNICA,4.0,5.88235294117647,-38.0,-55.88235294117647
00008353,2018,9,7,7,72.0,30.0,68.0,UNICA,4.0,5.88235294117647,-38.0,-55.88235294117647
00008353,2018,10,7,7,72.0,30.0,68.0,UNICA,4.0,5.88235294117647,-38.0,-55.88235294117647
00008353,2018,11,7,7,72.0,30.0,68.0,UNICA,4.0,5.88235294117647,-38.0,-55.88235294117647
00008353,2019,1,7,7,72.0,30.0,68.0,UNICA,4.0,5.88235294117647,-38.0,-55.88235294117647
00008353,2019,2,7,7,72.0,30.0,68.0,UNICA,4.0,5.88235294117647,-38.0,-55.88235294117647
00008353,2019,3,7,7,72.0,30.0,68.0,UNICA,4.0,5.88235294117647,-38.0,-55.88235294117647
00008353,2019,4,7,7,72.0,30.0,68.0,UNICA,4.0,5.88235294117647,-38.0,-55.88235294117647
00008353,2019,5,7,7,72.0,30.0,68.0,UNICA,4.0,5.88235294117647,-38.0,-55.88235294117647
00008353,2019,6,6,6,71.0,30.0,68.0,UNICA,3.0,4.411764705882353,-38.0,-55.88235294117647
00008353,2019,7,6,6,72.0,30.0,68.0,UNICA,4.0,5.88235294117647,-38.0,-55.88235294117647
00008353,2019,8,7,7,72.0,30.0,68.0,UNICA,4.0,5.88235294117647,-38.0,-55.88235294117647
00008353,2019,9,7,7,72.0,30.0,68.0,UNICA,4.0,5.88235294117647,-38.0,-55.88235294117647
00008353,2019,10,7,7,72.0,30.0,68.0,UNICA,4.0,5.88235294117647,-38.0,-55.88235294117647
00008353,2019,11,7,7,72.0,30.0,68.0,UNICA,4.0,5.88235294117647,-38.0,-55.88235294117647
00008353,2020,1,7,7,72.0,30.0,68.0,UNICA,4.0,5.88235294117647,-38.0,-55.88235294117647
00008353,2020,2,7,7,72.0,30.0,68.0,UNICA,4.0,5.88235294117647,-38.0,-55.88235294117647
00008353,2020,3,7,7,72.0,30.0,68.0,UNICA,4.0,5.88235294117647,-38.0,-55.88235294117647
00008353,2020,4,3,3,49.0,36.0,68.0,UNICA,-19.0,-27.941176470588236,-32.0,-47.05882352941176
00008353,2020,5,1,1,39.0,39.0,68.0,UNICA,-29.0,-42.64705882352941,-29.0,-42.64705882352941
00008353,2020,6,1,1,48.0,48.0,68.0,UNICA,-20.0,-29.411764705882355,-20.0,-29.411764705882355
00008353,2020,7,1,1,42.0,42.0,68.0,UNICA,-26.0,-38.23529411764706,-26.0,-38.23529411764706
00008353,2020,8,1,1,43.0,43.0,43.0,UNICA,0.0,0.0,0.0,0.0
00008353,2020,9,3,3,50.0,43.0,50.0,UNICA,0.0,0.0,-7.0,-14.000000000000002
00008353,2020,10,5,5,45.0,16.0,50.0,UNICA,-5.0,-10.0,-34.0,-68.0
00008353,2020,11,5,5,46.0,20.0,50.0,UNICA,-4.0,-8.0,-30.0,-60.0
00008353,2020,12,5,5,55.0,29.0,50.0,UNICA,5.0,10.0,-21.0,-42.0
00008353,2021,1,6,6,65.0,40.0,61.0,UNICA,4.0,6.557377049180328,-21.0,-34.42622950819672
00008353,2021,2,4,4,69.0,53.0,68.0,UNICA,1.0,1.4705882352941175,-15.0,-22.058823529411764
00008353,2021,3,4,4,68.0,55.0,61.0,UNICA,7.0,11.475409836065573,-6.0,-9.836065573770492
00008353,2021,4,6,6,87.0,66.0,72.0,UNICA,15.0,20.833333333333336,-6.0,-8.333333333333332
00008353,2021,5,6,6,76.0,34.0,66.0,UNICA,10.0,15.151515151515152,-32.0,-48.484848484848484
00008353,2021,6,6,6,60.0,22.0,53.0,UNICA,7.0,13.20754716981132,-31.0,-58.490566037735846
00008353,2021,7,5,5,53.0,22.0,53.0,UNICA,0.0,0.0,-31.0,-58.490566037735846
00008353,2021,8,6,6,56.0,22.0,53.0,UNICA,3.0,5.660377358490567,-31.0,-58.490566037735846
00008353,2021,9,6,6,61.0,33.0,51.0,UNICA,10.0,19.607843137254903,-18.0,-35.294117647058826
00008353,2021,10,6,6,59.0,22.0,51.0,UNICA,8.0,15.686274509803921,-29.0,-56.86274509803921
00008353,2021,11,6,6,67.0,30.0,51.0,UNICA,16.0,31.372549019607842,-21.0,-41.17647058823529
00008353,2021,12,6,6,68.0,30.0,51.0,UNICA,17.0,33.33333333333333,-21.0,-41.17647058823529
00008353,2022,1,6,6,68.0,30.0,51.0,UNICA,17.0,33.33333333333333,-21.0,-41.17647058823529
00008353,2022,2,6,6,68.0,30.0,51.0,UNICA,17.0,33.33333333333333,-21.0,-41.17647058823529
00008353,2022,3,6,6,68.0,30.0,51.0,UNICA,17.0,33.33333333333333,-21.0,-41.17647058823529
00008353,2022,4,6,6,69.0,30.0,51.0,UNICA,18.0,35.294117647058826,-21.0,-41.17647058823529
00008353,2022,5,6,6,66.0,30.0,51.0,UNICA,15.0,29.411764705882355,-21.0,-41.17647058823529
00008353,2022,6,6,6,69.0,30.0,51.0,UNICA,18.0,35.294117647058826,-21.0,-41.17647058823529
00008353,2022,7,7,7,72.0,30.0,51.0,UNICA,21.0,41.17647058823529,-21.0,-41.17647058823529
00008353,2022,8,7,7,69.0,30.0,51.0,UNICA,18.0,35.294117647058826,-21.0,-41.17647058823529
00008353,2022,9,7,7,69.0,30.0,51.0,UNICA,18.0,35.294117647058826,-21.0,-41.17647058823529
00008353,2022,10,7,7,69.0,30.0,51.0,UNICA,18.0,35.294117647058826,-21.0,-41.17647058823529
00008353,2022,11,7,7,69.0,30.0,51.0,UNICA,18.0,35.294117647058826,-21.0,-41.17647058823529
00008353,2022,12,6,6,66.0,30.0,51.0,UNICA,15.0,29.411764705882355,-21.0,-41.17647058823529
00008353,2023,1,6,6,66.0,30.0,66.0,UNICA,0.0,0.0,-36.0,-54.54545454545454
00008353,2023,2,6,6,66.0,30.0,66.0,UNICA,0.0,0.0,-36.0,-54.54545454545454
00008353,2023,3,7,7,69.0,30.0,66.0,UNICA,3.0,4.545454545454546,-36.0,-54.54545454545454
00008353,2023,4,7,7,69.0,30.0,66.0,UNICA,3.0,4.545454545454546,-36.0,-54.54545454545454
00008353,2023,5,8,8,72.0,30.0,66.0,UNICA,6.0,9.090909090909092,-36.0,-54.54545454545454
00008353,2023,6,8,8,72.0,30.0,66.0,UNICA,6.0,9.090909090909092,-36.0,-54.54545454545454
00008353,2023,7,8,8,72.0,30.0,66.0,UNICA,6.0,9.090909090909092,-36.0,-54.54545454545454
00008353,2023,8,8,8,72.0,30.0,66.0,UNICA,6.0,9.090909090909092,-36.0,-54.54545454545454
00008353,2023,9,8,8,72.0,30.0,66.0,UNICA,6.0,9.090909090909092,-36.0,-54.54545454545454
00008353,2023,10,8,8,72.0,30.0,66.0,UNICA,6.0,9.090909090909092,-36.0,-54.54545454545454
00008353,2023,11,6,6,66.0,30.0,66.0,UNICA,0.0,0.0,-36.0,-54.54545454545454
00008353,2023,12,7,7,72.0,30.0,66.0,UNICA,6.0,9.090909090909092,-36.0,-54.54545454545454
00008353,2024,1,7,7,72.0,30.0,66.0,UNICA,6.0,9.090909090909092,-36.0,-54.54545454545454
00008353,2024,2,7,7,72.0,30.0,66.0,UNICA,6.0,9.090909090909092,-36.0,-54.54545454545454
00008353,2024,3,7,7,72.0,30.0,66.0,UNICA,6.0,9.090909090909092,-36.0,-54.54545454545454
00008353,2024,4,7,7,72.0,30.0,66.0,UNICA,6.0,9.090909090909092,-36.0,-54.54545454545454
00008353,2024,5,7,7,72.0,30.0,66.0,UNICA,6.0,9.090909090909092,-36.0,-54.54545454545454
00008353,2024,6,7,7,72.0,30.0,66.0,UNICA,6.0,9.090909090909092,-36.0,-54.54545454545454
00008353,2024,7,7,7,72.0,30.0,66.0,UNICA,6.0,9.090909090909092,-36.0,-54.54545454545454
00008353,2024,8,7,7,72.0,30.0,66.0,UNICA,6.0,9.090909090909092,-36.0,-54.54545454545454
00008353,2024,9,7,7,72.0,30.0,66.0,UNICA,6.0,9.090909090909092,-36.0,-54.54545454545454
00008353,2024,10,7,7,72.0,30.0,66.0,UNICA,6.0,9.090909090909092,-36.0,-54.54545454545454
00008353,2024,11,7,7,72.0,30.0,66.0,UNICA,6.0,9.090909090909092,-36.0,-54.54545454545454
00008353,2024,12,7,7,72.0,30.0,66.0,UNICA,6.0,9.090909090909092,-36.0,-54.54545454545454
00008353,2025,1,7,7,72.0,30.0,66.0,UNICA,6.0,9.090909090909092,-36.0,-54.54545454545454
00008353,2025,2,7,7,72.0,30.0,66.0,UNICA,6.0,9.090909090909092,-36.0,-54.54545454545454
00008353,2025,3,7,7,72.0,30.0,66.0,UNICA,6.0,9.090909090909092,-36.0,-54.54545454545454
00008353,2025,4,7,7,72.0,30.0,66.0,UNICA,6.0,9.090909090909092,-36.0,-54.54545454545454
00008353,2025,5,7,7,72.0,30.0,66.0,UNICA,6.0,9.090909090909092,-36.0,-54.54545454545454
00008353,2025,6,7,7,72.0,30.0,66.0,UNICA,6.0,9.090909090909092,-36.0,-54.54545454545454
00008353,2025,7,7,7,72.0,30.0,66.0,UNICA,6.0,9.090909090909092,-36.0,-54.54545454545454
00008353,2025,8,7,7,72.0,30.0,66.0,UNICA,6.0,9.090909090909092,-36.0,-54.54545454545454
00008353,2025,9,7,7,51.0,15.0,66.0,UNICA,-15.0,-22.727272727272727,-51.0,-77.27272727272727
00008353,2025,10,7,7,51.0,15.0,66.0,UNICA,-15.0,-22.727272727272727,-51.0,-77.27272727272727
00008353,2025,11,7,7,50.0,15.0,66.0,UNICA,-16.0,-24.242424242424242,-51.0,-77.27272727272727
00008353,2025,12,1,1,6.0,6.0,66.0,UNICA,-60.0,-90.9090909090909,-60.0,-90.9090909090909
00008353,2026,1,7,7,72.0,30.0,66.0,UNICA,6.0,9.090909090909092,-36.0,-54.54545454545454
00008353,2026,2,7,7,72.0,30.0,66.0,UNICA,6.0,9.090909090909092,-36.0,-54.54545454545454
00008353,2026,3,7,7,72.0,30.0,66.0,UNICA,6.0,9.090909090909092,-36.0,-54.54545454545454
00008489,2015,12,7,7,88.0,22.0,88.0,UNICA,0.0,0.0,-66.0,-75.0
00008489,2016,1,7,7,87.0,23.0,87.0,UNICA,0.0,0.0,-64.0,-73.5632183908046
00008489,2016,2,7,7,87.0,23.0,87.0,UNICA,0.0,0.0,-64.0,-73.5632183908046
00008489,2016,3,7,7,86.0,22.0,86.0,UNICA,0.0,0.0,-64.0,-74.4186046511628
00008489,2016,4,7,7,87.0,22.0,87.0,UNICA,0.0,0.0,-65.0,-74.71264367816092
00008489,2016,5,7,7,87.0,22.0,87.0,UNICA,0.0,0.0,-65.0,-74.71264367816092
00008489,2016,6,7,7,87.0,23.0,87.0,UNICA,0.0,0.0,-64.0,-73.5632183908046
00008489,2016,7,7,7,87.0,22.0,87.0,UNICA,0.0,0.0,-65.0,-74.71264367816092
00008489,2016,8,7,7,88.0,23.0,88.0,UNICA,0.0,0.0,-65.0,-73.86363636363636
00008489,2016,9,7,7,88.0,23.0,88.0,UNICA,0.0,0.0,-65.0,-73.86363636363636
00008489,2016,10,7,7,88.0,23.0,88.0,UNICA,0.0,0.0,-65.0,-73.86363636363636
00008489,2016,11,7,7,88.0,23.0,88.0,UNICA,0.0,0.0,-65.0,-73.86363636363636
00008489,2016,12,7,7,88.0,23.0,88.0,UNICA,0.0,0.0,-65.0,-73.86363636363636
00008489,2017,1,6,6,65.0,21.0,88.0,UNICA,-23.0,-26.136363636363637,-67.0,-76.13636363636364
00008489,2017,2,8,8,88.0,23.0,88.0,UNICA,0.0,0.0,-65.0,-73.86363636363636
00008489,2017,3,8,8,87.0,22.0,87.0,UNICA,0.0,0.0,-65.0,-74.71264367816092
00008489,2017,4,8,8,86.0,21.0,86.0,UNICA,0.0,0.0,-65.0,-75.5813953488372
00008489,2017,5,8,8,87.0,22.0,87.0,UNICA,0.0,0.0,-65.0,-74.71264367816092
00008489,2017,6,8,8,88.0,23.0,88.0,UNICA,0.0,0.0,-65.0,-73.86363636363636
00008489,2017,7,8,8,85.0,21.0,85.0,UNICA,0.0,0.0,-64.0,-75.29411764705883
00008489,2017,8,8,8,84.0,21.0,84.0,UNICA,0.0,0.0,-63.0,-75.0
00008489,2017,9,8,8,86.0,22.0,86.0,UNICA,0.0,0.0,-64.0,-74.4186046511628
00008489,2017,10,8,8,88.0,23.0,88.0,UNICA,0.0,0.0,-65.0,-73.86363636363636
00008489,2017,11,8,8,88.0,23.0,88.0,UNICA,0.0,0.0,-65.0,-73.86363636363636
00008489,2017,12,8,8,86.0,22.0,86.0,UNICA,0.0,0.0,-64.0,-74.4186046511628
00008489,2018,1,8,8,87.0,23.0,87.0,UNICA,0.0,0.0,-64.0,-73.5632183908046
00008489,2018,2,8,8,87.0,23.0,87.0,UNICA,0.0,0.0,-64.0,-73.5632183908046
00008489,2018,3,8,8,87.0,23.0,87.0,UNICA,0.0,0.0,-64.0,-73.5632183908046
00008489,2018,4,8,8,86.0,21.0,86.0,UNICA,0.0,0.0,-65.0,-75.5813953488372
00008489,2018,5,8,8,84.0,21.0,84.0,UNICA,0.0,0.0,-63.0,-75.0
00008489,2018,6,8,8,84.0,21.0,84.0,UNICA,0.0,0.0,-63.0,-75.0
00008489,2018,7,8,8,88.0,28.0,88.0,UNICA,0.0,0.0,-60.0,-68.18181818181817
00008489,2018,8,8,8,87.0,26.0,87.0,UNICA,0.0,0.0,-61.0,-70.11494252873564
00008489,2018,9,8,8,86.0,27.0,86.0,UNICA,0.0,0.0,-59.0,-68.6046511627907
00008489,2018,10,8,8,88.0,27.0,88.0,UNICA,0.0,0.0,-61.0,-69.31818181818183
00008489,2018,11,8,8,88.0,27.0,88.0,UNICA,0.0,0.0,-61.0,-69.31818181818183
00008489,2019,1,8,8,88.0,28.0,88.0,UNICA,0.0,0.0,-60.0,-68.18181818181817
00008489,2019,2,8,8,88.0,29.0,88.0,UNICA,0.0,0.0,-59.0,-67.04545454545455
00008489,2019,3,8,8,88.0,27.0,88.0,UNICA,0.0,0.0,-61.0,-69.31818181818183
00008489,2019,4,8,8,88.0,26.0,88.0,UNICA,0.0,0.0,-62.0,-70.45454545454545
00008489,2019,5,8,8,86.0,23.0,86.0,UNICA,0.0,0.0,-63.0,-73.25581395348837
00008489,2019,6,8,8,86.0,23.0,86.0,UNICA,0.0,0.0,-63.0,-73.25581395348837
00008489,2019,7,8,8,87.0,23.0,86.0,UNICA,1.0,1.1627906976744187,-63.0,-73.25581395348837
00008489,2019,8,8,8,87.0,24.0,87.0,UNICA,0.0,0.0,-63.0,-72.41379310344827
00008489,2019,9,8,8,88.0,27.0,88.0,UNICA,0.0,0.0,-61.0,-69.31818181818183
00008489,2019,10,8,8,88.0,29.0,87.0,UNICA,1.0,1.1494252873563218,-58.0,-66.66666666666666
00008489,2019,11,8,8,87.0,27.0,83.0,UNICA,4.0,4.819277108433735,-56.0,-67.46987951807229
00008489,2020,1,9,9,96.0,27.0,96.0,UNICA,0.0,0.0,-69.0,-71.875
00008489,2020,2,9,9,96.0,26.0,96.0,UNICA,0.0,0.0,-70.0,-72.91666666666666
00008489,2020,3,8,8,87.0,27.0,90.0,UNICA,-3.0,-3.3333333333333335,-63.0,-70.0
00008489,2020,4,8,8,91.0,27.0,91.0,UNICA,0.0,0.0,-64.0,-70.32967032967034
00008489,2020,5,6,6,68.0,28.0,84.0,UNICA,-16.0,-19.047619047619047,-56.0,-66.66666666666666
00008489,2020,6,6,6,67.0,28.0,67.0,UNICA,0.0,0.0,-39.0,-58.2089552238806
00008489,2020,7,7,7,68.0,27.0,68.0,UNICA,0.0,0.0,-41.0,-60.29411764705882
00008489,2020,8,7,7,64.0,22.0,64.0,UNICA,0.0,0.0,-42.0,-65.625
00008489,2020,9,7,7,63.0,20.0,63.0,UNICA,0.0,0.0,-43.0,-68.25396825396825
00008489,2020,10,8,8,73.0,22.0,73.0,UNICA,0.0,0.0,-51.0,-69.86301369863014
00008489,2020,11,9,9,70.0,18.0,70.0,UNICA,0.0,0.0,-52.0,-74.28571428571429
00008489,2020,12,9,9,69.0,18.0,69.0,UNICA,0.0,0.0,-51.0,-73.91304347826086
00008489,2021,1,7,7,67.0,28.0,69.0,UNICA,-2.0,-2.898550724637681,-41.0,-59.42028985507246
00008489,2021,2,7,7,64.0,26.0,64.0,UNICA,0.0,0.0,-38.0,-59.375
00008489,2021,3,7,7,64.0,26.0,64.0,UNICA,0.0,0.0,-38.0,-59.375
00008489,2021,4,8,8,68.0,26.0,68.0,UNICA,0.0,0.0,-42.0,-61.76470588235294
00008489,2021,5,8,8,69.0,24.0,69.0,UNICA,0.0,0.0,-45.0,-65.21739130434783
00008489,2021,6,8,8,71.0,24.0,71.0,UNICA,0.0,0.0,-47.0,-66.19718309859155
00008489,2021,7,9,9,71.0,20.0,71.0,UNICA,0.0,0.0,-51.0,-71.83098591549296
00008489,2021,8,9,9,72.0,18.0,72.0,UNICA,0.0,0.0,-54.0,-75.0
00008489,2021,9,9,9,73.0,18.0,73.0,UNICA,0.0,0.0,-55.0,-75.34246575342466
00008489,2021,10,9,9,74.0,19.0,74.0,UNICA,0.0,0.0,-55.0,-74.32432432432432
00008489,2021,11,9,9,76.0,21.0,74.0,UNICA,2.0,2.7027027027027026,-53.0,-71.62162162162163
00008489,2021,12,9,9,79.0,24.0,79.0,UNICA,0.0,0.0,-55.0,-69.62025316455697
00008489,2022,1,9,9,78.0,24.0,78.0,UNICA,0.0,0.0,-54.0,-69.23076923076923
00008489,2022,2,9,9,78.0,24.0,78.0,UNICA,0.0,0.0,-54.0,-69.23076923076923
00008489,2022,3,9,9,73.0,21.0,73.0,UNICA,0.0,0.0,-52.0,-71.23287671232876
00008489,2022,4,9,9,77.0,21.0,77.0,UNICA,0.0,0.0,-56.0,-72.72727272727273
00008489,2022,5,9,9,82.0,23.0,82.0,UNICA,0.0,0.0,-59.0,-71.95121951219512
00008489,2022,6,9,9,83.0,24.0,83.0,UNICA,0.0,0.0,-59.0,-71.08433734939759
00008489,2022,7,9,9,83.0,24.0,83.0,UNICA,0.0,0.0,-59.0,-71.08433734939759
00008489,2022,8,9,9,83.0,24.0,83.0,UNICA,0.0,0.0,-59.0,-71.08433734939759
00008489,2022,9,9,9,83.0,24.0,83.0,UNICA,0.0,0.0,-59.0,-71.08433734939759
00008489,2022,10,9,9,83.0,24.0,83.0,UNICA,0.0,0.0,-59.0,-71.08433734939759
00008489,2022,11,8,8,78.0,24.0,83.0,UNICA,-5.0,-6.024096385542169,-59.0,-71.08433734939759
00008489,2022,12,8,8,76.0,23.0,76.0,UNICA,0.0,0.0,-53.0,-69.73684210526315
00008489,2023,1,8,8,84.0,24.0,84.0,UNICA,0.0,0.0,-60.0,-71.42857142857143
00008489,2023,2,8,8,86.0,24.0,86.0,UNICA,0.0,0.0,-62.0,-72.09302325581395
00008489,2023,3,8,8,87.0,24.0,87.0,UNICA,0.0,0.0,-63.0,-72.41379310344827
00008489,2023,4,8,8,88.0,24.0,88.0,UNICA,0.0,0.0,-64.0,-72.72727272727273
00008489,2023,5,8,8,88.0,24.0,88.0,UNICA,0.0,0.0,-64.0,-72.72727272727273
00008489,2023,6,8,8,88.0,24.0,88.0,UNICA,0.0,0.0,-64.0,-72.72727272727273
00008489,2023,7,8,8,88.0,24.0,88.0,UNICA,0.0,0.0,-64.0,-72.72727272727273
00008489,2023,8,8,8,88.0,24.0,88.0,UNICA,0.0,0.0,-64.0,-72.72727272727273
00008489,2023,9,8,8,88.0,24.0,88.0,UNICA,0.0,0.0,-64.0,-72.72727272727273
00008489,2023,10,8,8,88.0,24.0,88.0,UNICA,0.0,0.0,-64.0,-72.72727272727273
00008489,2023,11,8,8,89.0,24.0,89.0,UNICA,0.0,0.0,-65.0,-73.03370786516854
00008489,2023,12,8,8,88.0,24.0,89.0,UNICA,-1.0,-1.1235955056179776,-65.0,-73.03370786516854
00008489,2024,1,8,8,89.0,24.0,88.0,UNICA,1.0,1.1363636363636365,-64.0,-72.72727272727273
00008489,2024,2,8,8,88.0,24.0,88.0,UNICA,0.0,0.0,-64.0,-72.72727272727273
00008489,2024,3,8,8,86.0,24.0,86.0,UNICA,0.0,0.0,-62.0,-72.09302325581395
00008489,2024,4,8,8,83.0,24.0,83.0,UNICA,0.0,0.0,-59.0,-71.08433734939759
00008489,2024,5,8,8,85.0,24.0,85.0,UNICA,0.0,0.0,-61.0,-71.76470588235294
00008489,2024,6,8,8,81.0,22.0,83.0,UNICA,-2.0,-2.4096385542168677,-61.0,-73.49397590361446
00008489,2024,7,8,8,83.0,23.0,83.0,UNICA,0.0,0.0,-60.0,-72.28915662650603
00008489,2024,8,8,8,84.0,23.0,84.0,UNICA,0.0,0.0,-61.0,-72.61904761904762
00008489,2024,9,8,8,85.0,24.0,85.0,UNICA,0.0,0.0,-61.0,-71.76470588235294
00008489,2024,10,8,8,85.0,24.0,85.0,UNICA,0.0,0.0,-61.0,-71.76470588235294
00008489,2024,11,8,8,85.0,25.0,85.0,UNICA,0.0,0.0,-60.0,-70.58823529411765
00008489,2024,12,8,8,85.0,27.0,85.0,UNICA,0.0,0.0,-58.0,-68.23529411764706
00008489,2025,1,8,8,87.0,27.0,85.0,UNICA,2.0,2.3529411764705883,-58.0,-68.23529411764706
00008489,2025,2,8,8,85.0,26.0,85.0,UNICA,0.0,0.0,-59.0,-69.41176470588235
00008489,2025,3,8,8,85.0,27.0,85.0,UNICA,0.0,0.0,-58.0,-68.23529411764706
00008489,2025,4,8,8,84.0,27.0,84.0,UNICA,0.0,0.0,-57.0,-67.85714285714286
00008489,2025,5,8,8,85.0,27.0,85.0,UNICA,0.0,0.0,-58.0,-68.23529411764706
00008489,2025,6,8,8,85.0,26.0,85.0,UNICA,0.0,0.0,-59.0,-69.41176470588235
00008489,2025,7,8,8,84.0,26.0,84.0,UNICA,0.0,0.0,-58.0,-69.04761904761905
00008489,2025,8,8,8,81.0,27.0,81.0,UNICA,0.0,0.0,-54.0,-66.66666666666666
00008489,2025,9,8,8,85.0,28.0,85.0,UNICA,0.0,0.0,-57.0,-67.05882352941175
00008489,2025,10,8,8,85.0,27.0,85.0,UNICA,0.0,0.0,-58.0,-68.23529411764706
00008489,2025,11,8,8,84.0,26.0,84.0,UNICA,0.0,0.0,-58.0,-69.04761904761905
00008489,2025,12,2,2,13.0,7.0,84.0,UNICA,-71.0,-84.52380952380952,-77.0,-91.66666666666666
00008489,2026,1,8,8,85.0,27.0,85.0,UNICA,0.0,0.0,-58.0,-68.23529411764706
00008489,2026,2,8,8,85.0,27.0,85.0,UNICA,0.0,0.0,-58.0,-68.23529411764706
00008489,2026,3,8,8,85.0,26.0,85.0,UNICA,0.0,0.0,-59.0,-69.41176470588235
00008502,2015,10,9,9,245.0,107.0,230.0,UNICA,15.0,6.521739130434782,-123.0,-53.47826086956522
00008502,2015,11,9,9,245.0,107.0,246.0,UNICA,-1.0,-0.40650406504065045,-139.0,-56.50406504065041
00008502,2015,12,9,9,245.0,107.0,244.0,UNICA,1.0,0.4098360655737705,-137.0,-56.14754098360656
00008502,2016,1,9,9,150.0,37.0,245.0,UNICA,-95.0,-38.775510204081634,-208.0,-84.89795918367346
00008502,2016,2,9,9,247.0,107.0,247.0,UNICA,0.0,0.0,-140.0,-56.68016194331984
00008502,2016,3,9,9,246.0,107.0,246.0,UNICA,0.0,0.0,-139.0,-56.50406504065041
00008502,2016,4,9,9,245.0,107.0,245.0,UNICA,0.0,0.0,-138.0,-56.326530612244895
00008502,2016,5,9,9,245.0,107.0,245.0,UNICA,0.0,0.0,-138.0,-56.326530612244895
00008502,2016,6,9,9,244.0,107.0,245.0,UNICA,-1.0,-0.40816326530612246,-138.0,-56.326530612244895
00008502,2016,7,9,9,244.0,107.0,244.0,UNICA,0.0,0.0,-137.0,-56.14754098360656
00008502,2016,8,9,9,243.0,107.0,244.0,UNICA,-1.0,-0.4098360655737705,-137.0,-56.14754098360656
00008502,2016,9,9,9,245.0,107.0,245.0,UNICA,0.0,0.0,-138.0,-56.326530612244895
00008502,2016,10,9,9,244.0,107.0,244.0,UNICA,0.0,0.0,-137.0,-56.14754098360656
00008502,2016,11,9,9,240.0,107.0,226.0,UNICA,14.0,6.1946902654867255,-119.0,-52.654867256637175
00008502,2016,12,9,9,239.0,107.0,226.0,UNICA,13.0,5.752212389380531,-119.0,-52.654867256637175
00008502,2017,1,8,8,230.0,107.0,240.0,UNICA,-10.0,-4.166666666666666,-133.0,-55.41666666666667
00008502,2017,2,10,10,247.0,95.0,232.0,UNICA,15.0,6.4655172413793105,-137.0,-59.05172413793104
00008502,2017,3,10,10,248.0,95.0,233.0,UNICA,15.0,6.437768240343347,-138.0,-59.227467811158796
00008502,2017,4,10,10,249.0,95.0,234.0,UNICA,15.0,6.41025641025641,-139.0,-59.401709401709404
00008502,2017,5,10,10,249.0,95.0,234.0,UNICA,15.0,6.41025641025641,-139.0,-59.401709401709404
00008502,2017,6,10,10,244.0,95.0,230.0,UNICA,14.0,6.086956521739131,-135.0,-58.69565217391305
00008502,2017,7,10,10,249.0,95.0,233.0,UNICA,16.0,6.866952789699571,-138.0,-59.227467811158796
00008502,2017,8,10,10,247.0,95.0,231.0,UNICA,16.0,6.926406926406926,-136.0,-58.87445887445888
00008502,2017,9,10,10,245.0,95.0,230.0,UNICA,15.0,6.521739130434782,-135.0,-58.69565217391305
00008502,2017,10,10,10,243.0,95.0,228.0,UNICA,15.0,6.578947368421052,-133.0,-58.333333333333336
00008502,2017,11,10,10,246.0,95.0,231.0,UNICA,15.0,6.493506493506493,-136.0,-58.87445887445888
00008502,2017,12,10,10,246.0,95.0,231.0,UNICA,15.0,6.493506493506493,-136.0,-58.87445887445888
00008502,2018,1,10,10,245.0,95.0,230.0,UNICA,15.0,6.521739130434782,-135.0,-58.69565217391305
00008502,2018,2,10,10,243.0,95.0,229.0,UNICA,14.0,6.11353711790393,-134.0,-58.515283842794766
00008502,2018,3,10,10,243.0,94.0,229.0,UNICA,14.0,6.11353711790393,-135.0,-58.951965065502186
00008502,2018,4,10,10,243.0,95.0,228.0,UNICA,15.0,6.578947368421052,-133.0,-58.333333333333336
00008502,2018,5,10,10,243.0,95.0,228.0,UNICA,15.0,6.578947368421052,-133.0,-58.333333333333336
00008502,2018,6,10,10,243.0,95.0,228.0,UNICA,15.0,6.578947368421052,-133.0,-58.333333333333336
00008502,2018,7,10,10,243.0,95.0,228.0,UNICA,15.0,6.578947368421052,-133.0,-58.333333333333336
00008502,2018,8,10,10,243.0,95.0,228.0,UNICA,15.0,6.578947368421052,-133.0,-58.333333333333336
00008502,2018,9,10,10,243.0,95.0,229.0,UNICA,14.0,6.11353711790393,-134.0,-58.515283842794766
00008502,2018,10,10,10,242.0,95.0,228.0,UNICA,14.0,6.140350877192982,-133.0,-58.333333333333336
00008502,2018,11,10,10,244.0,95.0,228.0,UNICA,16.0,7.017543859649122,-133.0,-58.333333333333336
00008502,2019,1,10,10,243.0,95.0,228.0,UNICA,15.0,6.578947368421052,-133.0,-58.333333333333336
00008502,2019,2,10,10,245.0,95.0,228.0,UNICA,17.0,7.456140350877193,-133.0,-58.333333333333336
00008502,2019,3,10,10,245.0,95.0,230.0,UNICA,15.0,6.521739130434782,-135.0,-58.69565217391305
00008502,2019,4,10,10,244.0,95.0,229.0,UNICA,15.0,6.550218340611353,-134.0,-58.515283842794766
00008502,2019,5,10,10,244.0,95.0,230.0,UNICA,14.0,6.086956521739131,-135.0,-58.69565217391305
00008502,2019,6,10,10,246.0,95.0,230.0,UNICA,16.0,6.956521739130435,-135.0,-58.69565217391305
00008502,2019,7,10,10,246.0,95.0,230.0,UNICA,16.0,6.956521739130435,-135.0,-58.69565217391305
00008502,2019,8,10,10,246.0,95.0,231.0,UNICA,15.0,6.493506493506493,-136.0,-58.87445887445888
00008502,2019,9,10,10,244.0,95.0,229.0,UNICA,15.0,6.550218340611353,-134.0,-58.515283842794766
00008502,2019,10,10,10,245.0,95.0,231.0,UNICA,14.0,6.0606060606060606,-136.0,-58.87445887445888
00008502,2019,11,10,10,245.0,94.0,230.0,UNICA,15.0,6.521739130434782,-136.0,-59.130434782608695
00008502,2020,1,10,10,246.0,95.0,230.0,UNICA,16.0,6.956521739130435,-135.0,-58.69565217391305
00008502,2020,2,10,10,245.0,94.0,230.0,UNICA,15.0,6.521739130434782,-136.0,-59.130434782608695
00008502,2020,3,8,8,215.0,95.0,230.0,UNICA,-15.0,-6.521739130434782,-135.0,-58.69565217391305
00008502,2020,4,7,7,187.0,82.0,187.0,UNICA,0.0,0.0,-105.0,-56.14973262032086
00008502,2020,5,7,7,127.0,70.0,117.0,UNICA,10.0,8.547008547008547,-47.0,-40.17094017094017
00008502,2020,6,7,7,75.0,25.0,67.0,UNICA,8.0,11.940298507462686,-42.0,-62.68656716417911
00008502,2020,7,7,7,105.0,39.0,97.0,UNICA,8.0,8.24742268041237,-58.0,-59.79381443298969
00008502,2020,8,7,7,96.0,30.0,88.0,UNICA,8.0,9.090909090909092,-58.0,-65.9090909090909
00008502,2020,9,7,7,107.0,30.0,99.0,UNICA,8.0,8.080808080808081,-69.0,-69.6969696969697
00008502,2020,10,9,9,132.0,30.0,124.0,UNICA,8.0,6.451612903225806,-94.0,-75.80645161290323
00008502,2020,11,9,9,135.0,30.0,125.0,UNICA,10.0,8.0,-95.0,-76.0
00008502,2020,12,10,10,150.0,30.0,132.0,UNICA,18.0,13.636363636363635,-102.0,-77.27272727272727
00008502,2021,1,10,10,159.0,45.0,143.0,UNICA,16.0,11.188811188811188,-98.0,-68.53146853146853
00008502,2021,2,10,10,161.0,45.0,145.0,UNICA,16.0,11.03448275862069,-100.0,-68.96551724137932
00008502,2021,3,10,10,162.0,46.0,146.0,UNICA,16.0,10.95890410958904,-100.0,-68.4931506849315
00008502,2021,4,10,10,161.0,61.0,144.0,UNICA,17.0,11.805555555555555,-83.0,-57.638888888888886
00008502,2021,5,10,10,166.0,53.0,149.0,UNICA,17.0,11.409395973154362,-96.0,-64.42953020134227
00008502,2021,6,10,10,157.0,46.0,145.0,UNICA,12.0,8.275862068965518,-99.0,-68.27586206896552
00008502,2021,7,10,10,158.0,52.0,146.0,UNICA,12.0,8.21917808219178,-94.0,-64.38356164383562
00008502,2021,8,10,10,157.0,52.0,145.0,UNICA,12.0,8.275862068965518,-93.0,-64.13793103448275
00008502,2021,9,10,10,155.0,52.0,144.0,UNICA,11.0,7.638888888888889,-92.0,-63.888888888888886
00008502,2021,10,10,10,153.0,52.0,141.0,UNICA,12.0,8.51063829787234,-89.0,-63.12056737588653
00008502,2021,11,10,10,157.0,52.0,145.0,UNICA,12.0,8.275862068965518,-93.0,-64.13793103448275
00008502,2021,12,10,10,154.0,52.0,145.0,UNICA,9.0,6.206896551724138,-93.0,-64.13793103448275
00008502,2022,1,10,10,159.0,52.0,147.0,UNICA,12.0,8.16326530612245,-95.0,-64.62585034013605
00008502,2022,2,10,10,156.0,51.0,145.0,UNICA,11.0,7.586206896551724,-94.0,-64.82758620689654
00008502,2022,3,10,10,159.0,51.0,145.0,UNICA,14.0,9.655172413793103,-94.0,-64.82758620689654
00008502,2022,4,10,10,158.0,51.0,145.0,UNICA,13.0,8.96551724137931,-94.0,-64.82758620689654
00008502,2022,5,10,10,158.0,51.0,145.0,UNICA,13.0,8.96551724137931,-94.0,-64.82758620689654
00008502,2022,6,10,10,160.0,51.0,146.0,UNICA,14.0,9.58904109589041,-95.0,-65.06849315068493
00008502,2022,7,10,10,164.0,51.0,151.0,UNICA,13.0,8.609271523178808,-100.0,-66.22516556291392
00008502,2022,8,10,10,166.0,53.0,152.0,UNICA,14.0,9.210526315789473,-99.0,-65.13157894736842
00008502,2022,9,10,10,165.0,51.0,152.0,UNICA,13.0,8.552631578947368,-101.0,-66.44736842105263
00008502,2022,10,10,10,176.0,55.0,163.0,UNICA,13.0,7.975460122699387,-108.0,-66.25766871165644
00008502,2022,11,10,10,177.0,56.0,164.0,UNICA,13.0,7.926829268292683,-108.0,-65.85365853658537
00008502,2022,12,10,10,179.0,53.0,166.0,UNICA,13.0,7.83132530120482,-113.0,-68.07228915662651
00008502,2023,1,10,10,179.0,57.0,179.0,UNICA,0.0,0.0,-122.0,-68.15642458100558
00008502,2023,2,10,10,179.0,56.0,179.0,UNICA,0.0,0.0,-123.0,-68.71508379888269
00008502,2023,3,10,10,179.0,53.0,179.0,UNICA,0.0,0.0,-126.0,-70.39106145251397
00008502,2023,4,10,10,179.0,52.0,179.0,UNICA,0.0,0.0,-127.0,-70.94972067039106
00008502,2023,5,10,10,179.0,54.0,179.0,UNICA,0.0,0.0,-125.0,-69.83240223463687
00008502,2023,6,10,10,179.0,54.0,179.0,UNICA,0.0,0.0,-125.0,-69.83240223463687
00008502,2023,7,10,10,179.0,52.0,179.0,UNICA,0.0,0.0,-127.0,-70.94972067039106
00008502,2023,8,10,10,176.0,54.0,164.0,UNICA,12.0,7.317073170731707,-110.0,-67.07317073170732
00008502,2023,9,10,10,178.0,51.0,166.0,UNICA,12.0,7.228915662650602,-115.0,-69.27710843373494
00008502,2023,10,9,9,168.0,52.0,166.0,UNICA,2.0,1.2048192771084338,-114.0,-68.67469879518072
00008502,2023,11,9,9,178.0,52.0,156.0,UNICA,22.0,14.102564102564102,-104.0,-66.66666666666666
00008502,2023,12,9,9,184.0,57.0,162.0,UNICA,22.0,13.580246913580247,-105.0,-64.81481481481481
00008502,2024,1,9,9,186.0,51.0,163.0,UNICA,23.0,14.11042944785276,-112.0,-68.71165644171779
00008502,2024,2,9,9,187.0,54.0,164.0,UNICA,23.0,14.02439024390244,-110.0,-67.07317073170732
00008502,2024,3,9,9,186.0,52.0,163.0,UNICA,23.0,14.11042944785276,-111.0,-68.09815950920245
00008502,2024,4,9,9,184.0,56.0,158.0,UNICA,26.0,16.455696202531644,-102.0,-64.55696202531645
00008502,2024,5,9,9,182.0,55.0,156.0,UNICA,26.0,16.666666666666664,-101.0,-64.74358974358975
00008502,2024,6,9,9,194.0,63.0,168.0,UNICA,26.0,15.476190476190476,-105.0,-62.5
00008502,2024,7,9,9,194.0,62.0,168.0,UNICA,26.0,15.476190476190476,-106.0,-63.095238095238095
00008502,2024,8,9,9,194.0,60.0,168.0,UNICA,26.0,15.476190476190476,-108.0,-64.28571428571429
00008502,2024,9,9,9,194.0,61.0,168.0,UNICA,26.0,15.476190476190476,-107.0,-63.69047619047619
00008502,2024,10,9,9,194.0,61.0,168.0,UNICA,26.0,15.476190476190476,-107.0,-63.69047619047619
00008502,2024,11,9,9,196.0,60.0,170.0,UNICA,26.0,15.294117647058824,-110.0,-64.70588235294117
00008502,2024,12,9,9,206.0,63.0,180.0,UNICA,26.0,14.444444444444443,-117.0,-65.0
00008502,2025,1,9,9,206.0,65.0,180.0,UNICA,26.0,14.444444444444443,-115.0,-63.888888888888886
00008502,2025,2,9,9,206.0,64.0,180.0,UNICA,26.0,14.444444444444443,-116.0,-64.44444444444444
00008502,2025,3,9,9,206.0,63.0,180.0,UNICA,26.0,14.444444444444443,-117.0,-65.0
00008502,2025,4,9,9,206.0,61.0,180.0,UNICA,26.0,14.444444444444443,-119.0,-66.11111111111111
00008502,2025,5,9,9,206.0,61.0,180.0,UNICA,26.0,14.444444444444443,-119.0,-66.11111111111111
00008502,2025,6,9,9,206.0,62.0,180.0,UNICA,26.0,14.444444444444443,-118.0,-65.55555555555556
00008502,2025,7,9,9,206.0,61.0,180.0,UNICA,26.0,14.444444444444443,-119.0,-66.11111111111111
00008502,2025,8,9,9,206.0,62.0,180.0,UNICA,26.0,14.444444444444443,-118.0,-65.55555555555556
00008502,2025,9,9,9,206.0,62.0,180.0,UNICA,26.0,14.444444444444443,-118.0,-65.55555555555556
00008502,2025,10,9,9,206.0,63.0,180.0,UNICA,26.0,14.444444444444443,-117.0,-65.0
00008502,2025,11,9,9,208.0,60.0,180.0,UNICA,28.0,15.555555555555555,-120.0,-66.66666666666666
00008502,2025,12,2,2,26.0,18.0,180.0,UNICA,-154.0,-85.55555555555556,-162.0,-90.0
00008502,2026,1,9,9,206.0,62.0,180.0,UNICA,26.0,14.444444444444443,-118.0,-65.55555555555556
00008502,2026,2,9,9,205.0,65.0,179.0,UNICA,26.0,14.52513966480447,-114.0,-63.687150837988824
00008502,2026,3,9,9,204.0,67.0,178.0,UNICA,26.0,14.606741573033707,-111.0,-62.35955056179775
00008564,2015,12,6,6,50.0,20.0,50.0,UNICA,0.0,0.0,-30.0,-60.0
00008564,2016,1,6,6,48.0,18.0,50.0,UNICA,-2.0,-4.0,-32.0,-64.0
00008564,2016,2,6,6,48.0,18.0,48.0,UNICA,0.0,0.0,-30.0,-62.5
00008564,2016,3,6,6,49.0,19.0,48.0,UNICA,1.0,2.083333333333333,-29.0,-60.416666666666664
00008564,2016,4,6,6,49.0,19.0,49.0,UNICA,0.0,0.0,-30.0,-61.224489795918366
00008564,2016,5,6,6,49.0,19.0,49.0,UNICA,0.0,0.0,-30.0,-61.224489795918366
00008564,2016,6,6,6,49.0,19.0,49.0,UNICA,0.0,0.0,-30.0,-61.224489795918366
00008564,2016,7,6,6,49.0,19.0,49.0,UNICA,0.0,0.0,-30.0,-61.224489795918366
00008564,2016,8,6,6,49.0,19.0,49.0,UNICA,0.0,0.0,-30.0,-61.224489795918366
00008564,2016,9,6,6,49.0,19.0,49.0,UNICA,0.0,0.0,-30.0,-61.224489795918366
00008564,2016,10,6,6,49.0,19.0,49.0,UNICA,0.0,0.0,-30.0,-61.224489795918366
00008564,2016,11,6,6,49.0,19.0,49.0,UNICA,0.0,0.0,-30.0,-61.224489795918366
00008564,2016,12,6,6,49.0,19.0,49.0,UNICA,0.0,0.0,-30.0,-61.224489795918366
00008564,2017,1,6,6,49.0,19.0,49.0,UNICA,0.0,0.0,-30.0,-61.224489795918366
00008564,2017,2,6,6,49.0,19.0,49.0,UNICA,0.0,0.0,-30.0,-61.224489795918366
00008564,2017,3,6,6,49.0,19.0,49.0,UNICA,0.0,0.0,-30.0,-61.224489795918366
00008564,2017,4,6,6,49.0,19.0,49.0,UNICA,0.0,0.0,-30.0,-61.224489795918366
00008564,2017,5,6,6,49.0,19.0,49.0,UNICA,0.0,0.0,-30.0,-61.224489795918366
00008564,2017,6,6,6,49.0,19.0,49.0,UNICA,0.0,0.0,-30.0,-61.224489795918366
00008564,2017,7,6,6,49.0,19.0,49.0,UNICA,0.0,0.0,-30.0,-61.224489795918366
00008564,2017,8,6,6,49.0,19.0,49.0,UNICA,0.0,0.0,-30.0,-61.224489795918366
00008564,2017,9,6,6,48.0,18.0,48.0,UNICA,0.0,0.0,-30.0,-62.5
00008564,2017,10,6,6,48.0,18.0,48.0,UNICA,0.0,0.0,-30.0,-62.5
00008564,2017,11,6,6,44.0,18.0,44.0,UNICA,0.0,0.0,-26.0,-59.09090909090909
00008564,2017,12,6,6,44.0,18.0,44.0,UNICA,0.0,0.0,-26.0,-59.09090909090909
00008564,2018,1,6,6,45.0,19.0,45.0,UNICA,0.0,0.0,-26.0,-57.77777777777777
00008564,2018,2,6,6,45.0,19.0,45.0,UNICA,0.0,0.0,-26.0,-57.77777777777777
00008564,2018,3,6,6,42.0,16.0,42.0,UNICA,0.0,0.0,-26.0,-61.904761904761905
00008564,2018,4,6,6,43.0,17.0,43.0,UNICA,0.0,0.0,-26.0,-60.46511627906976
00008564,2018,5,6,6,47.0,21.0,47.0,UNICA,0.0,0.0,-26.0,-55.319148936170215
00008564,2018,6,6,6,46.0,20.0,46.0,UNICA,0.0,0.0,-26.0,-56.52173913043478
00008564,2018,7,6,6,47.0,21.0,47.0,UNICA,0.0,0.0,-26.0,-55.319148936170215
00008564,2018,8,6,6,48.0,21.0,47.0,UNICA,1.0,2.127659574468085,-26.0,-55.319148936170215
00008564,2018,9,6,6,47.0,21.0,47.0,UNICA,0.0,0.0,-26.0,-55.319148936170215
00008564,2018,10,6,6,46.0,20.0,47.0,UNICA,-1.0,-2.127659574468085,-27.0,-57.446808510638306
00008564,2018,11,6,6,47.0,21.0,47.0,UNICA,0.0,0.0,-26.0,-55.319148936170215
00008564,2019,1,6,6,47.0,20.0,47.0,UNICA,0.0,0.0,-27.0,-57.446808510638306
00008564,2019,2,6,6,46.0,19.0,46.0,UNICA,0.0,0.0,-27.0,-58.69565217391305
00008564,2019,3,6,6,47.0,19.0,47.0,UNICA,0.0,0.0,-28.0,-59.57446808510638
00008564,2019,4,6,6,47.0,21.0,47.0,UNICA,0.0,0.0,-26.0,-55.319148936170215
00008564,2019,5,6,6,47.0,20.0,47.0,UNICA,0.0,0.0,-27.0,-57.446808510638306
00008564,2019,6,6,6,47.0,21.0,47.0,UNICA,0.0,0.0,-26.0,-55.319148936170215
00008564,2019,7,6,6,47.0,20.0,47.0,UNICA,0.0,0.0,-27.0,-57.446808510638306
00008564,2019,8,6,6,48.0,21.0,47.0,UNICA,1.0,2.127659574468085,-26.0,-55.319148936170215
00008564,2019,9,6,6,47.0,21.0,47.0,UNICA,0.0,0.0,-26.0,-55.319148936170215
00008564,2019,10,6,6,47.0,21.0,47.0,UNICA,0.0,0.0,-26.0,-55.319148936170215
00008564,2019,11,6,6,46.0,20.0,47.0,UNICA,-1.0,-2.127659574468085,-27.0,-57.446808510638306
00008564,2020,1,6,6,45.0,19.0,45.0,UNICA,0.0,0.0,-26.0,-57.77777777777777
00008564,2020,2,6,6,45.0,18.0,45.0,UNICA,0.0,0.0,-27.0,-60.0
00008564,2020,3,6,6,45.0,19.0,45.0,UNICA,0.0,0.0,-26.0,-57.77777777777777
00008564,2020,4,1,1,19.0,19.0,45.0,UNICA,-26.0,-57.77777777777777,-26.0,-57.77777777777777
00008564,2020,5,1,1,45.0,45.0,45.0,UNICA,0.0,0.0,0.0,0.0
00008564,2020,6,1,1,26.0,26.0,45.0,UNICA,-19.0,-42.22222222222222,-19.0,-42.22222222222222
00008564,2020,7,1,1,31.0,31.0,45.0,UNICA,-14.0,-31.11111111111111,-14.0,-31.11111111111111
00008564,2020,8,1,1,859.0,859.0,859.0,UNICA,0.0,0.0,0.0,0.0
00008564,2020,9,1,1,835.0,835.0,859.0,UNICA,-24.0,-2.7939464493597206,-24.0,-2.7939464493597206
00008564,2020,10,1,1,492.0,492.0,488.0,UNICA,4.0,0.819672131147541,4.0,0.819672131147541
00008564,2020,11,1,1,366.0,366.0,366.0,UNICA,0.0,0.0,0.0,0.0
00008564,2020,12,1,1,362.0,362.0,366.0,UNICA,-4.0,-1.092896174863388,-4.0,-1.092896174863388
00008564,2021,1,1,1,356.0,356.0,356.0,UNICA,0.0,0.0,0.0,0.0
00008564,2021,2,1,1,397.0,397.0,397.0,UNICA,0.0,0.0,0.0,0.0
00008564,2021,3,1,1,451.0,451.0,451.0,UNICA,0.0,0.0,0.0,0.0
00008564,2021,4,1,1,540.0,540.0,540.0,UNICA,0.0,0.0,0.0,0.0
00008564,2021,5,1,1,541.0,541.0,541.0,UNICA,0.0,0.0,0.0,0.0
00008564,2021,6,1,1,561.0,561.0,561.0,UNICA,0.0,0.0,0.0,0.0
00008564,2021,7,1,1,557.0,557.0,560.0,UNICA,-3.0,-0.5357142857142857,-3.0,-0.5357142857142857
00008564,2021,8,1,1,496.0,496.0,496.0,UNICA,0.0,0.0,0.0,0.0
00008564,2021,9,1,1,485.0,485.0,485.0,UNICA,0.0,0.0,0.0,0.0
00008564,2021,10,1,1,544.0,544.0,544.0,UNICA,0.0,0.0,0.0,0.0
00008564,2021,11,1,1,537.0,537.0,541.0,UNICA,-4.0,-0.7393715341959335,-4.0,-0.7393715341959335
00008564,2021,12,1,1,50.0,50.0,500.0,UNICA,-450.0,-90.0,-450.0,-90.0
00008564,2022,1,1,1,248.0,248.0,248.0,UNICA,0.0,0.0,0.0,0.0
00008564,2022,2,1,1,245.0,245.0,245.0,UNICA,0.0,0.0,0.0,0.0
00008564,2022,3,1,1,117.0,117.0,117.0,UNICA,0.0,0.0,0.0,0.0
00008564,2022,4,1,1,33.0,33.0,33.0,UNICA,0.0,0.0,0.0,0.0
00008564,2022,5,1,1,33.0,33.0,33.0,UNICA,0.0,0.0,0.0,0.0
00008564,2022,6,1,1,18.0,18.0,23.0,UNICA,-5.0,-21.73913043478261,-5.0,-21.73913043478261
00008564,2022,7,1,1,20.0,20.0,20.0,UNICA,0.0,0.0,0.0,0.0
00008564,2022,8,1,1,20.0,20.0,20.0,UNICA,0.0,0.0,0.0,0.0
00008564,2022,9,1,1,20.0,20.0,20.0,UNICA,0.0,0.0,0.0,0.0
00008564,2022,10,1,1,20.0,20.0,20.0,UNICA,0.0,0.0,0.0,0.0
00008564,2022,11,1,1,20.0,20.0,24.0,UNICA,-4.0,-16.666666666666664,-4.0,-16.666666666666664
00008564,2022,12,1,1,24.0,24.0,24.0,UNICA,0.0,0.0,0.0,0.0
00008564,2023,1,1,1,30.0,30.0,30.0,UNICA,0.0,0.0,0.0,0.0
00008564,2023,2,5,5,44.0,20.0,44.0,UNICA,0.0,0.0,-24.0,-54.54545454545454
00008564,2023,3,5,5,46.0,21.0,46.0,UNICA,0.0,0.0,-25.0,-54.347826086956516
00008564,2023,4,5,5,47.0,21.0,47.0,UNICA,0.0,0.0,-26.0,-55.319148936170215
00008564,2023,5,5,5,48.0,21.0,59.0,UNICA,-11.0,-18.64406779661017,-38.0,-64.40677966101694
00008564,2023,6,5,5,51.0,21.0,62.0,UNICA,-11.0,-17.741935483870968,-41.0,-66.12903225806451
00008564,2023,7,5,5,52.0,21.0,63.0,UNICA,-11.0,-17.46031746031746,-42.0,-66.66666666666666
00008564,2023,8,5,5,46.0,18.0,55.0,UNICA,-9.0,-16.363636363636363,-37.0,-67.27272727272727
00008564,2023,9,5,5,36.0,14.0,42.0,UNICA,-6.0,-14.285714285714285,-28.0,-66.66666666666666
00008564,2023,10,5,5,44.0,19.0,44.0,UNICA,0.0,0.0,-25.0,-56.81818181818182
00008564,2023,11,5,5,49.0,20.0,49.0,UNICA,0.0,0.0,-29.0,-59.183673469387756
00008564,2023,12,5,5,49.0,20.0,49.0,UNICA,0.0,0.0,-29.0,-59.183673469387756
00008564,2024,1,5,5,49.0,20.0,49.0,UNICA,0.0,0.0,-29.0,-59.183673469387756
00008564,2024,2,5,5,49.0,20.0,49.0,UNICA,0.0,0.0,-29.0,-59.183673469387756
00008564,2024,3,5,5,49.0,20.0,49.0,UNICA,0.0,0.0,-29.0,-59.183673469387756
00008564,2024,4,5,5,49.0,20.0,49.0,UNICA,0.0,0.0,-29.0,-59.183673469387756
00008564,2024,5,5,5,48.0,20.0,48.0,UNICA,0.0,0.0,-28.0,-58.333333333333336
00008564,2024,6,5,5,48.0,20.0,48.0,UNICA,0.0,0.0,-28.0,-58.333333333333336
00008564,2024,7,5,5,47.0,20.0,47.0,UNICA,0.0,0.0,-27.0,-57.446808510638306
00008564,2024,8,5,5,46.0,20.0,46.0,UNICA,0.0,0.0,-26.0,-56.52173913043478
00008564,2024,9,5,5,46.0,20.0,46.0,UNICA,0.0,0.0,-26.0,-56.52173913043478
00008564,2024,10,5,5,46.0,20.0,46.0,UNICA,0.0,0.0,-26.0,-56.52173913043478
00008564,2024,11,5,5,46.0,20.0,46.0,UNICA,0.0,0.0,-26.0,-56.52173913043478
00008564,2024,12,5,5,46.0,20.0,46.0,UNICA,0.0,0.0,-26.0,-56.52173913043478
00008564,2025,1,5,5,40.0,20.0,46.0,UNICA,-6.0,-13.043478260869565,-26.0,-56.52173913043478
00008564,2025,2,6,6,46.0,20.0,46.0,UNICA,0.0,0.0,-26.0,-56.52173913043478
00008564,2025,3,6,6,46.0,20.0,46.0,UNICA,0.0,0.0,-26.0,-56.52173913043478
00008564,2025,4,6,6,46.0,20.0,46.0,UNICA,0.0,0.0,-26.0,-56.52173913043478
00008564,2025,5,6,6,47.0,20.0,47.0,UNICA,0.0,0.0,-27.0,-57.446808510638306
00008564,2025,6,6,6,47.0,20.0,47.0,UNICA,0.0,0.0,-27.0,-57.446808510638306
00008564,2025,7,6,6,46.0,20.0,47.0,UNICA,-1.0,-2.127659574468085,-27.0,-57.446808510638306
00008564,2025,8,6,6,46.0,20.0,46.0,UNICA,0.0,0.0,-26.0,-56.52173913043478
00008564,2025,9,6,6,46.0,20.0,46.0,UNICA,0.0,0.0,-26.0,-56.52173913043478
00008564,2025,10,6,6,46.0,20.0,46.0,UNICA,0.0,0.0,-26.0,-56.52173913043478
00008564,2025,11,6,6,46.0,20.0,46.0,UNICA,0.0,0.0,-26.0,-56.52173913043478
00008564,2026,1,6,6,46.0,20.0,46.0,UNICA,0.0,0.0,-26.0,-56.52173913043478
00008564,2026,2,6,6,46.0,20.0,46.0,UNICA,0.0,0.0,-26.0,-56.52173913043478
00008564,2026,3,6,6,46.0,20.0,46.0,UNICA,0.0,0.0,-26.0,-56.52173913043478
00008671,2016,1,6,6,98.0,35.0,108.0,UNICA,-10.0,-9.25925925925926,-73.0,-67.5925925925926
00008671,2016,2,6,6,105.0,35.0,105.0,UNICA,0.0,0.0,-70.0,-66.66666666666666
00008671,2016,3,6,6,106.0,35.0,106.0,UNICA,0.0,0.0,-71.0,-66.98113207547169
00008671,2016,4,6,6,106.0,36.0,106.0,UNICA,0.0,0.0,-70.0,-66.0377358490566
00008671,2016,5,6,6,105.0,35.0,105.0,UNICA,0.0,0.0,-70.0,-66.66666666666666
00008671,2016,6,6,6,105.0,35.0,105.0,UNICA,0.0,0.0,-70.0,-66.66666666666666
00008671,2016,7,6,6,106.0,36.0,106.0,UNICA,0.0,0.0,-70.0,-66.0377358490566
00008671,2016,8,6,6,104.0,35.0,104.0,UNICA,0.0,0.0,-69.0,-66.34615384615384
00008671,2016,9,6,6,107.0,36.0,107.0,UNICA,0.0,0.0,-71.0,-66.35514018691589
00008671,2016,10,6,6,105.0,35.0,105.0,UNICA,0.0,0.0,-70.0,-66.66666666666666
00008671,2017,1,4,4,63.0,31.0,102.0,UNICA,-39.0,-38.23529411764706,-71.0,-69.6078431372549
00008671,2017,4,6,6,106.0,37.0,105.0,UNICA,1.0,0.9523809523809524,-68.0,-64.76190476190476
00008671,2017,5,6,6,105.0,35.0,105.0,UNICA,0.0,0.0,-70.0,-66.66666666666666
00008671,2017,6,6,6,106.0,36.0,106.0,UNICA,0.0,0.0,-70.0,-66.0377358490566
00008671,2017,7,6,6,106.0,36.0,106.0,UNICA,0.0,0.0,-70.0,-66.0377358490566
00008671,2017,8,6,6,106.0,37.0,106.0,UNICA,0.0,0.0,-69.0,-65.09433962264151
00008671,2017,9,6,6,106.0,36.0,106.0,UNICA,0.0,0.0,-70.0,-66.0377358490566
00008671,2017,10,6,6,105.0,37.0,105.0,UNICA,0.0,0.0,-68.0,-64.76190476190476
00008671,2017,11,6,6,105.0,36.0,105.0,UNICA,0.0,0.0,-69.0,-65.71428571428571
00008671,2017,12,6,6,105.0,36.0,142.0,UNICA,-37.0,-26.056338028169012,-106.0,-74.64788732394366
00008671,2018,1,6,6,105.0,35.0,105.0,UNICA,0.0,0.0,-70.0,-66.66666666666666
00008671,2018,2,6,6,105.0,35.0,105.0,UNICA,0.0,0.0,-70.0,-66.66666666666666
00008671,2018,3,6,6,105.0,35.0,105.0,UNICA,0.0,0.0,-70.0,-66.66666666666666
00008671,2018,4,6,6,105.0,35.0,105.0,UNICA,0.0,0.0,-70.0,-66.66666666666666
00008671,2018,5,6,6,111.0,41.0,111.0,UNICA,0.0,0.0,-70.0,-63.06306306306306
00008671,2018,6,6,6,114.0,44.0,114.0,UNICA,0.0,0.0,-70.0,-61.40350877192983
00008671,2018,7,6,6,114.0,44.0,114.0,UNICA,0.0,0.0,-70.0,-61.40350877192983
00008671,2018,8,6,6,114.0,44.0,114.0,UNICA,0.0,0.0,-70.0,-61.40350877192983
00008671,2018,9,6,6,115.0,43.0,115.0,UNICA,0.0,0.0,-72.0,-62.60869565217392
00008671,2018,10,6,6,115.0,43.0,115.0,UNICA,0.0,0.0,-72.0,-62.60869565217392
00008671,2018,11,6,6,115.0,43.0,115.0,UNICA,0.0,0.0,-72.0,-62.60869565217392
00008671,2019,1,6,6,116.0,43.0,116.0,UNICA,0.0,0.0,-73.0,-62.93103448275862
00008671,2019,2,6,6,116.0,43.0,116.0,UNICA,0.0,0.0,-73.0,-62.93103448275862
00008671,2019,3,6,6,116.0,43.0,116.0,UNICA,0.0,0.0,-73.0,-62.93103448275862
00008671,2019,4,6,6,116.0,43.0,116.0,UNICA,0.0,0.0,-73.0,-62.93103448275862
00008671,2019,5,6,6,117.0,44.0,116.0,UNICA,1.0,0.8620689655172413,-72.0,-62.06896551724138
00008671,2019,6,6,6,117.0,44.0,117.0,UNICA,0.0,0.0,-73.0,-62.39316239316239
00008671,2019,7,6,6,112.0,44.0,112.0,UNICA,0.0,0.0,-68.0,-60.71428571428571
00008671,2019,8,6,6,115.0,44.0,115.0,UNICA,0.0,0.0,-71.0,-61.73913043478261
00008671,2019,9,6,6,115.0,44.0,115.0,UNICA,0.0,0.0,-71.0,-61.73913043478261
00008671,2019,10,6,6,113.0,43.0,113.0,UNICA,0.0,0.0,-70.0,-61.94690265486725
00008671,2019,11,6,6,115.0,43.0,113.0,UNICA,2.0,1.7699115044247788,-70.0,-61.94690265486725
00008671,2020,1,6,6,114.0,43.0,114.0,UNICA,0.0,0.0,-71.0,-62.28070175438597
00008671,2020,2,6,6,114.0,43.0,114.0,UNICA,0.0,0.0,-71.0,-62.28070175438597
00008671,2020,3,6,6,114.0,43.0,114.0,UNICA,0.0,0.0,-71.0,-62.28070175438597
00008671,2020,4,6,6,102.0,51.0,69.0,UNICA,33.0,47.82608695652174,-18.0,-26.08695652173913
00008671,2020,5,8,8,104.0,29.0,111.0,UNICA,-7.0,-6.306306306306306,-82.0,-73.87387387387388
00008671,2020,6,8,8,113.0,47.0,113.0,UNICA,0.0,0.0,-66.0,-58.4070796460177
00008671,2020,7,8,8,123.0,75.0,122.0,UNICA,1.0,0.819672131147541,-47.0,-38.52459016393443
00008671,2020,8,8,8,122.0,75.0,122.0,UNICA,0.0,0.0,-47.0,-38.52459016393443
00008671,2020,9,7,7,146.0,75.0,143.0,UNICA,3.0,2.097902097902098,-68.0,-47.55244755244755
00008671,2020,10,7,7,113.0,36.0,116.0,UNICA,-3.0,-2.586206896551724,-80.0,-68.96551724137932
00008671,2020,11,8,8,106.0,33.0,94.0,UNICA,12.0,12.76595744680851,-61.0,-64.8936170212766
00008671,2020,12,8,8,106.0,33.0,94.0,UNICA,12.0,12.76595744680851,-61.0,-64.8936170212766
00008671,2021,1,8,8,106.0,33.0,106.0,UNICA,0.0,0.0,-73.0,-68.86792452830188
00008671,2021,2,8,8,105.0,33.0,105.0,UNICA,0.0,0.0,-72.0,-68.57142857142857
00008671,2021,3,8,8,109.0,33.0,109.0,UNICA,0.0,0.0,-76.0,-69.72477064220183
00008671,2021,4,7,7,107.0,33.0,109.0,UNICA,-2.0,-1.834862385321101,-76.0,-69.72477064220183
00008671,2021,5,7,7,111.0,36.0,111.0,UNICA,0.0,0.0,-75.0,-67.56756756756756
00008671,2021,6,7,7,112.0,34.0,114.0,UNICA,-2.0,-1.7543859649122806,-80.0,-70.17543859649122
00008671,2021,7,7,7,114.0,36.0,114.0,UNICA,0.0,0.0,-78.0,-68.42105263157895
00008671,2021,8,7,7,114.0,36.0,114.0,UNICA,0.0,0.0,-78.0,-68.42105263157895
00008671,2021,9,7,7,115.0,36.0,115.0,UNICA,0.0,0.0,-79.0,-68.69565217391305
00008671,2021,10,7,7,104.0,30.0,104.0,UNICA,0.0,0.0,-74.0,-71.15384615384616
00008671,2021,11,7,7,104.0,30.0,104.0,UNICA,0.0,0.0,-74.0,-71.15384615384616
00008671,2021,12,7,7,104.0,30.0,104.0,UNICA,0.0,0.0,-74.0,-71.15384615384616
00008671,2022,1,7,7,104.0,30.0,104.0,UNICA,0.0,0.0,-74.0,-71.15384615384616
00008671,2022,2,7,7,109.0,32.0,109.0,UNICA,0.0,0.0,-77.0,-70.64220183486239
00008709,2025,7,1,1,34.0,34.0,34.0,UNICA,0.0,0.0,0.0,0.0
00008709,2025,8,1,1,34.0,34.0,34.0,UNICA,0.0,0.0,0.0,0.0
00008709,2025,9,1,1,34.0,34.0,34.0,UNICA,0.0,0.0,0.0,0.0
00008709,2025,10,1,1,34.0,34.0,34.0,UNICA,0.0,0.0,0.0,0.0
00008709,2025,11,1,1,34.0,34.0,34.0,UNICA,0.0,0.0,0.0,0.0
00008709,2026,1,1,1,34.0,34.0,34.0,UNICA,0.0,0.0,0.0,0.0
00008709,2026,2,1,1,34.0,34.0,34.0,UNICA,0.0,0.0,0.0,0.0
00008709,2026,3,1,1,34.0,34.0,34.0,UNICA,0.0,0.0,0.0,0.0
00008720,2015,8,16,16,1507.0,447.0,1507.0,UNICA,0.0,0.0,-1060.0,-70.3384207033842
00008720,2015,9,16,16,1507.0,447.0,1507.0,UNICA,0.0,0.0,-1060.0,-70.3384207033842
00008720,2015,10,16,16,1507.0,447.0,1507.0,UNICA,0.0,0.0,-1060.0,-70.3384207033842
00008720,2015,11,16,16,1507.0,447.0,1507.0,UNICA,0.0,0.0,-1060.0,-70.3384207033842
00008720,2015,12,16,16,1507.0,447.0,1507.0,UNICA,0.0,0.0,-1060.0,-70.3384207033842
00008720,2016,1,16,16,1507.0,447.0,1507.0,UNICA,0.0,0.0,-1060.0,-70.3384207033842
00008720,2016,2,16,16,1507.0,447.0,1507.0,UNICA,0.0,0.0,-1060.0,-70.3384207033842
00008720,2016,3,16,16,1507.0,447.0,1507.0,UNICA,0.0,0.0,-1060.0,-70.3384207033842
00008720,2016,4,16,16,1507.0,447.0,1507.0,UNICA,0.0,0.0,-1060.0,-70.3384207033842
00008720,2016,5,16,16,1507.0,447.0,1507.0,UNICA,0.0,0.0,-1060.0,-70.3384207033842
00008720,2016,6,16,16,1507.0,447.0,1507.0,UNICA,0.0,0.0,-1060.0,-70.3384207033842
00008720,2016,7,16,16,1507.0,447.0,1507.0,UNICA,0.0,0.0,-1060.0,-70.3384207033842
00008720,2016,8,16,16,1507.0,447.0,1507.0,UNICA,0.0,0.0,-1060.0,-70.3384207033842
00008720,2016,9,16,16,1507.0,447.0,1507.0,UNICA,0.0,0.0,-1060.0,-70.3384207033842
00008720,2016,10,16,16,1507.0,447.0,1507.0,UNICA,0.0,0.0,-1060.0,-70.3384207033842
00008720,2016,11,16,16,1511.0,447.0,1511.0,UNICA,0.0,0.0,-1064.0,-70.41694242223693
00008720,2016,12,16,16,1511.0,447.0,1511.0,UNICA,0.0,0.0,-1064.0,-70.41694242223693
00008720,2017,1,13,13,1262.0,447.0,1511.0,UNICA,-249.0,-16.479152878888154,-1064.0,-70.41694242223693
00008720,2017,2,24,24,1497.0,288.0,1511.0,UNICA,-14.0,-0.9265387160820648,-1223.0,-80.93977498345467
00008720,2017,3,28,28,1511.0,302.0,1511.0,UNICA,0.0,0.0,-1209.0,-80.0132362673726
00008720,2017,4,29,29,1511.0,302.0,1511.0,UNICA,0.0,0.0,-1209.0,-80.0132362673726
00008720,2017,5,28,28,1497.0,302.0,1511.0,UNICA,-14.0,-0.9265387160820648,-1209.0,-80.0132362673726
00008720,2017,6,28,28,1511.0,302.0,1508.0,UNICA,3.0,0.1989389920424403,-1206.0,-79.973474801061
00008720,2017,7,28,28,1505.0,302.0,1505.0,UNICA,0.0,0.0,-1203.0,-79.93355481727575
00008720,2017,8,27,27,1501.0,302.0,1505.0,UNICA,-4.0,-0.26578073089701,-1203.0,-79.93355481727575
00008720,2017,9,27,27,1505.0,302.0,1505.0,UNICA,0.0,0.0,-1203.0,-79.93355481727575
00008720,2017,10,27,27,1501.0,302.0,1505.0,UNICA,-4.0,-0.26578073089701,-1203.0,-79.93355481727575
00008720,2017,11,27,27,1505.0,302.0,1505.0,UNICA,0.0,0.0,-1203.0,-79.93355481727575
00008720,2017,12,27,27,1505.0,302.0,1505.0,UNICA,0.0,0.0,-1203.0,-79.93355481727575
00008720,2018,1,27,27,1505.0,302.0,1505.0,UNICA,0.0,0.0,-1203.0,-79.93355481727575
00008720,2018,2,27,27,1505.0,302.0,1505.0,UNICA,0.0,0.0,-1203.0,-79.93355481727575
00008720,2018,3,27,27,1505.0,302.0,1505.0,UNICA,0.0,0.0,-1203.0,-79.93355481727575
00008720,2018,4,27,27,1505.0,302.0,1505.0,UNICA,0.0,0.0,-1203.0,-79.93355481727575
00008720,2018,5,27,27,1505.0,302.0,1505.0,UNICA,0.0,0.0,-1203.0,-79.93355481727575
00008720,2018,6,27,27,1505.0,302.0,1505.0,UNICA,0.0,0.0,-1203.0,-79.93355481727575
00008720,2018,7,27,27,1504.0,302.0,1504.0,UNICA,0.0,0.0,-1202.0,-79.92021276595744
00008720,2018,8,27,27,1505.0,302.0,1505.0,UNICA,0.0,0.0,-1203.0,-79.93355481727575
00008720,2018,9,27,27,1505.0,302.0,1505.0,UNICA,0.0,0.0,-1203.0,-79.93355481727575
00008720,2018,10,1,1,24.0,24.0,1505.0,UNICA,-1481.0,-98.40531561461793,-1481.0,-98.40531561461793
00008720,2018,11,1,1,1505.0,1505.0,1505.0,UNICA,0.0,0.0,0.0,0.0
00008720,2019,1,23,23,1417.0,302.0,1497.0,UNICA,-80.0,-5.344021376085505,-1195.0,-79.82631930527721
00008720,2019,2,27,27,1489.0,301.0,1467.0,UNICA,22.0,1.499659168370825,-1166.0,-79.48193592365371
00008720,2019,3,27,27,1484.0,301.0,1484.0,UNICA,0.0,0.0,-1183.0,-79.71698113207547
00008720,2019,4,27,27,1484.0,301.0,1484.0,UNICA,0.0,0.0,-1183.0,-79.71698113207547
00008720,2019,5,27,27,1481.0,301.0,1481.0,UNICA,0.0,0.0,-1180.0,-79.67589466576638
00008720,2019,6,27,27,1511.0,302.0,1511.0,UNICA,0.0,0.0,-1209.0,-80.0132362673726
00008720,2019,7,27,27,1512.0,302.0,1512.0,UNICA,0.0,0.0,-1210.0,-80.02645502645503
00008720,2019,8,27,27,1512.0,302.0,1512.0,UNICA,0.0,0.0,-1210.0,-80.02645502645503
00008720,2019,9,27,27,1514.0,304.0,1514.0,UNICA,0.0,0.0,-1210.0,-79.92073976221928
00008720,2019,10,27,27,1514.0,304.0,1514.0,UNICA,0.0,0.0,-1210.0,-79.92073976221928
00008720,2019,11,27,27,1514.0,304.0,1514.0,UNICA,0.0,0.0,-1210.0,-79.92073976221928
00008720,2020,1,27,27,1496.0,300.0,1496.0,UNICA,0.0,0.0,-1196.0,-79.94652406417111
00008720,2020,2,27,27,1449.0,269.0,1449.0,UNICA,0.0,0.0,-1180.0,-81.43547273982057
00008720,2020,3,24,24,1391.0,269.0,1449.0,UNICA,-58.0,-4.002760524499656,-1180.0,-81.43547273982057
00008720,2020,4,14,14,951.0,246.0,1134.0,UNICA,-183.0,-16.137566137566136,-888.0,-78.3068783068783
00008720,2020,5,14,14,1380.0,542.0,1389.0,UNICA,-9.0,-0.6479481641468683,-847.0,-60.97912167026638
00008720,2020,6,20,20,1379.0,591.0,1382.0,UNICA,-3.0,-0.21707670043415342,-791.0,-57.23589001447178
00008720,2020,7,20,20,1270.0,442.0,1270.0,UNICA,0.0,0.0,-828.0,-65.19685039370079
00008720,2020,8,25,25,1284.0,448.0,1309.0,UNICA,-25.0,-1.9098548510313216,-861.0,-65.77540106951871
00008720,2020,9,25,25,1363.0,376.0,1363.0,UNICA,0.0,0.0,-987.0,-72.41379310344827
00008720,2020,10,25,25,1335.0,382.0,1332.0,UNICA,3.0,0.22522522522522523,-950.0,-71.32132132132132
00008720,2020,11,26,26,1342.0,376.0,1342.0,UNICA,0.0,0.0,-966.0,-71.98211624441133
00008720,2020,12,26,26,1340.0,358.0,1340.0,UNICA,0.0,0.0,-982.0,-73.28358208955224
00008720,2021,1,25,25,1326.0,353.0,1376.0,UNICA,-50.0,-3.6337209302325584,-1023.0,-74.34593023255815
00008720,2021,2,25,25,1362.0,467.0,1362.0,UNICA,0.0,0.0,-895.0,-65.71218795888399
00008720,2021,3,25,25,1375.0,458.0,1375.0,UNICA,0.0,0.0,-917.0,-66.69090909090909
00008720,2021,4,26,26,1373.0,392.0,1373.0,UNICA,0.0,0.0,-981.0,-71.44938091769846
00008720,2021,5,26,26,1403.0,374.0,1405.0,UNICA,-2.0,-0.1423487544483986,-1031.0,-73.38078291814946
00008720,2021,6,26,26,1411.0,355.0,1411.0,UNICA,0.0,0.0,-1056.0,-74.8405386250886
00008720,2021,7,26,26,1398.0,325.0,1434.0,UNICA,-36.0,-2.510460251046025,-1109.0,-77.33612273361229
00008720,2021,8,26,26,1444.0,361.0,1435.0,UNICA,9.0,0.627177700348432,-1074.0,-74.8432055749129
00008720,2021,9,26,26,1457.0,337.0,1457.0,UNICA,0.0,0.0,-1120.0,-76.87028140013726
00008720,2021,10,26,26,1459.0,337.0,1459.0,UNICA,0.0,0.0,-1122.0,-76.90198766278272
00008720,2021,11,26,26,1462.0,316.0,1462.0,UNICA,0.0,0.0,-1146.0,-78.38577291381668
00008720,2021,12,26,26,1475.0,316.0,1475.0,UNICA,0.0,0.0,-1159.0,-78.57627118644068
00008720,2022,1,25,25,1459.0,323.0,1463.0,UNICA,-4.0,-0.2734107997265892,-1140.0,-77.92207792207793
00008720,2022,2,25,25,1487.0,328.0,1487.0,UNICA,0.0,0.0,-1159.0,-77.94216543375924
00008720,2022,3,25,25,1475.0,318.0,1470.0,UNICA,5.0,0.3401360544217687,-1152.0,-78.36734693877551
00008720,2022,4,25,25,1498.0,318.0,1498.0,UNICA,0.0,0.0,-1180.0,-78.7716955941255
00008720,2022,5,26,26,1500.0,322.0,1500.0,UNICA,0.0,0.0,-1178.0,-78.53333333333333
00008720,2022,6,26,26,1510.0,322.0,1510.0,UNICA,0.0,0.0,-1188.0,-78.67549668874172
00008720,2022,7,26,26,1506.0,323.0,1506.0,UNICA,0.0,0.0,-1183.0,-78.55245683930943
00008720,2022,8,26,26,1505.0,319.0,1505.0,UNICA,0.0,0.0,-1186.0,-78.80398671096346
00008720,2022,9,26,26,1506.0,323.0,1506.0,UNICA,0.0,0.0,-1183.0,-78.55245683930943
00008720,2022,10,26,26,1518.0,321.0,1518.0,UNICA,0.0,0.0,-1197.0,-78.85375494071147
00008720,2022,11,26,26,1518.0,311.0,1518.0,UNICA,0.0,0.0,-1207.0,-79.5125164690382
00008720,2022,12,26,26,1523.0,311.0,1523.0,UNICA,0.0,0.0,-1212.0,-79.57977675640184
00008720,2023,1,26,26,1519.0,311.0,1533.0,UNICA,-14.0,-0.91324200913242,-1222.0,-79.7129810828441
00008720,2023,2,26,26,1532.0,311.0,1505.0,UNICA,27.0,1.7940199335548173,-1194.0,-79.33554817275747
00008720,2023,3,26,26,1532.0,311.0,1532.0,UNICA,0.0,0.0,-1221.0,-79.69973890339426
00008720,2023,4,26,26,1532.0,311.0,1532.0,UNICA,0.0,0.0,-1221.0,-79.69973890339426
00008720,2023,5,26,26,1532.0,311.0,1532.0,UNICA,0.0,0.0,-1221.0,-79.69973890339426
00008720,2023,6,26,26,1536.0,311.0,1536.0,UNICA,0.0,0.0,-1225.0,-79.75260416666666
00008720,2023,7,26,26,1534.0,310.0,1534.0,UNICA,0.0,0.0,-1224.0,-79.79139504563233
00008720,2023,8,26,26,1539.0,293.0,1537.0,UNICA,2.0,0.13012361743656475,-1244.0,-80.93689004554327
00008720,2023,9,26,26,1539.0,293.0,1539.0,UNICA,0.0,0.0,-1246.0,-80.96166341780376
00008720,2023,10,26,26,1537.0,293.0,1545.0,UNICA,-8.0,-0.517799352750809,-1252.0,-81.03559870550163
00008720,2023,11,26,26,1537.0,293.0,1537.0,UNICA,0.0,0.0,-1244.0,-80.93689004554327
00008720,2023,12,26,26,1535.0,293.0,1535.0,UNICA,0.0,0.0,-1242.0,-80.91205211726384
00008720,2024,1,26,26,1537.0,295.0,1537.0,UNICA,0.0,0.0,-1242.0,-80.8067664281067
00008720,2024,2,26,26,1537.0,295.0,1537.0,UNICA,0.0,0.0,-1242.0,-80.8067664281067
00008720,2024,3,26,26,1537.0,295.0,1537.0,UNICA,0.0,0.0,-1242.0,-80.8067664281067
00008720,2024,4,26,26,1528.0,295.0,1528.0,UNICA,0.0,0.0,-1233.0,-80.69371727748691
00008720,2024,5,26,26,1537.0,295.0,1537.0,UNICA,0.0,0.0,-1242.0,-80.8067664281067
00008720,2024,6,26,26,1537.0,295.0,1537.0,UNICA,0.0,0.0,-1242.0,-80.8067664281067
00008720,2024,7,26,26,1537.0,295.0,1537.0,UNICA,0.0,0.0,-1242.0,-80.8067664281067
00008720,2024,8,26,26,1537.0,295.0,1537.0,UNICA,0.0,0.0,-1242.0,-80.8067664281067
00008720,2024,9,26,26,1537.0,295.0,1537.0,UNICA,0.0,0.0,-1242.0,-80.8067664281067
00008720,2024,10,26,26,1527.0,285.0,1527.0,UNICA,0.0,0.0,-1242.0,-81.33595284872298
00008720,2024,11,26,26,1527.0,285.0,1527.0,UNICA,0.0,0.0,-1242.0,-81.33595284872298
00008720,2024,12,26,26,1537.0,295.0,1537.0,UNICA,0.0,0.0,-1242.0,-80.8067664281067
00008720,2025,1,26,26,1534.0,292.0,1534.0,UNICA,0.0,0.0,-1242.0,-80.96479791395046
00008720,2025,2,26,26,1535.0,293.0,1535.0,UNICA,0.0,0.0,-1242.0,-80.91205211726384
00008720,2025,3,26,26,1535.0,293.0,1535.0,UNICA,0.0,0.0,-1242.0,-80.91205211726384
00008720,2025,4,26,26,1535.0,293.0,1535.0,UNICA,0.0,0.0,-1242.0,-80.91205211726384
00008720,2025,5,26,26,1535.0,293.0,1535.0,UNICA,0.0,0.0,-1242.0,-80.91205211726384
00008720,2025,6,26,26,1535.0,293.0,1535.0,UNICA,0.0,0.0,-1242.0,-80.91205211726384
00008720,2025,7,26,26,1535.0,293.0,1535.0,UNICA,0.0,0.0,-1242.0,-80.91205211726384
00008720,2025,8,26,26,1535.0,293.0,1526.0,UNICA,9.0,0.5897771952817824,-1233.0,-80.79947575360418
00008720,2025,9,26,26,1525.0,293.0,1525.0,UNICA,0.0,0.0,-1232.0,-80.78688524590164
00008720,2025,10,26,26,1525.0,293.0,1525.0,UNICA,0.0,0.0,-1232.0,-80.78688524590164
00008720,2025,11,26,26,1522.0,294.0,1522.0,UNICA,0.0,0.0,-1228.0,-80.6833114323259
00008720,2025,12,3,3,100.0,61.0,1522.0,UNICA,-1422.0,-93.42969776609723,-1461.0,-95.99211563731932
00008720,2026,1,26,26,1526.0,291.0,1526.0,UNICA,0.0,0.0,-1235.0,-80.9305373525557
00008720,2026,2,26,26,1534.0,292.0,1534.0,UNICA,0.0,0.0,-1242.0,-80.96479791395046
00008720,2026,3,26,26,1536.0,294.0,1536.0,UNICA,0.0,0.0,-1242.0,-80.859375
00008741,2015,8,5,5,37.0,15.0,,,,,,
00008741,2015,9,5,5,37.0,15.0,,,,,,
00008741,2015,10,6,6,45.0,15.0,,,,,,
00008741,2015,11,6,6,45.0,15.0,43.0,UNICA,2.0,4.651162790697675,-28.0,-65.11627906976744
00008741,2015,12,6,6,45.0,15.0,43.0,UNICA,2.0,4.651162790697675,-28.0,-65.11627906976744
00008741,2016,1,6,6,45.0,15.0,54.0,UNICA,-9.0,-16.666666666666664,-39.0,-72.22222222222221
00008741,2016,2,6,6,45.0,15.0,54.0,UNICA,-9.0,-16.666666666666664,-39.0,-72.22222222222221
00008741,2016,3,6,6,45.0,15.0,54.0,UNICA,-9.0,-16.666666666666664,-39.0,-72.22222222222221
00008741,2016,4,6,6,45.0,15.0,54.0,UNICA,-9.0,-16.666666666666664,-39.0,-72.22222222222221
00008741,2016,5,6,6,45.0,15.0,54.0,UNICA,-9.0,-16.666666666666664,-39.0,-72.22222222222221
00008741,2016,6,6,6,45.0,15.0,54.0,UNICA,-9.0,-16.666666666666664,-39.0,-72.22222222222221
00008741,2016,7,6,6,45.0,15.0,54.0,UNICA,-9.0,-16.666666666666664,-39.0,-72.22222222222221
00008741,2016,8,6,6,45.0,15.0,54.0,UNICA,-9.0,-16.666666666666664,-39.0,-72.22222222222221
00008741,2016,9,6,6,45.0,15.0,54.0,UNICA,-9.0,-16.666666666666664,-39.0,-72.22222222222221
00008741,2016,10,6,6,45.0,15.0,54.0,UNICA,-9.0,-16.666666666666664,-39.0,-72.22222222222221
00008741,2016,11,6,6,45.0,15.0,54.0,UNICA,-9.0,-16.666666666666664,-39.0,-72.22222222222221
00008741,2016,12,6,6,45.0,15.0,54.0,UNICA,-9.0,-16.666666666666664,-39.0,-72.22222222222221
00008741,2017,1,5,5,37.0,15.0,54.0,UNICA,-17.0,-31.48148148148148,-39.0,-72.22222222222221
00008741,2017,2,6,6,45.0,15.0,54.0,UNICA,-9.0,-16.666666666666664,-39.0,-72.22222222222221
00008741,2017,3,6,6,45.0,15.0,54.0,UNICA,-9.0,-16.666666666666664,-39.0,-72.22222222222221
00008741,2017,4,6,6,45.0,15.0,54.0,UNICA,-9.0,-16.666666666666664,-39.0,-72.22222222222221
00008741,2017,5,6,6,45.0,15.0,54.0,UNICA,-9.0,-16.666666666666664,-39.0,-72.22222222222221
00008741,2017,6,6,6,45.0,15.0,54.0,UNICA,-9.0,-16.666666666666664,-39.0,-72.22222222222221
00008741,2017,7,6,6,45.0,15.0,54.0,UNICA,-9.0,-16.666666666666664,-39.0,-72.22222222222221
00008741,2017,8,6,6,45.0,15.0,54.0,UNICA,-9.0,-16.666666666666664,-39.0,-72.22222222222221
00008741,2017,9,6,6,45.0,15.0,54.0,UNICA,-9.0,-16.666666666666664,-39.0,-72.22222222222221
00008741,2017,10,6,6,45.0,15.0,54.0,UNICA,-9.0,-16.666666666666664,-39.0,-72.22222222222221
00008741,2017,11,6,6,45.0,15.0,54.0,UNICA,-9.0,-16.666666666666664,-39.0,-72.22222222222221
00008741,2017,12,6,6,45.0,15.0,54.0,UNICA,-9.0,-16.666666666666664,-39.0,-72.22222222222221
00008741,2018,1,6,6,45.0,15.0,54.0,UNICA,-9.0,-16.666666666666664,-39.0,-72.22222222222221
00008741,2018,2,6,6,45.0,15.0,54.0,UNICA,-9.0,-16.666666666666664,-39.0,-72.22222222222221
00008741,2018,3,6,6,45.0,15.0,63.0,UNICA,-18.0,-28.57142857142857,-48.0,-76.19047619047619
00008741,2018,4,6,6,45.0,15.0,63.0,UNICA,-18.0,-28.57142857142857,-48.0,-76.19047619047619
00008741,2018,5,6,6,45.0,15.0,63.0,UNICA,-18.0,-28.57142857142857,-48.0,-76.19047619047619
00008741,2018,6,6,6,45.0,15.0,63.0,UNICA,-18.0,-28.57142857142857,-48.0,-76.19047619047619
00008741,2018,7,6,6,45.0,15.0,63.0,UNICA,-18.0,-28.57142857142857,-48.0,-76.19047619047619
00008741,2018,8,6,6,45.0,15.0,76.0,UNICA,-31.0,-40.78947368421053,-61.0,-80.26315789473685
00008741,2018,9,6,6,45.0,15.0,76.0,UNICA,-31.0,-40.78947368421053,-61.0,-80.26315789473685
00008741,2018,10,6,6,45.0,15.0,76.0,UNICA,-31.0,-40.78947368421053,-61.0,-80.26315789473685
00008741,2018,11,6,6,45.0,15.0,76.0,UNICA,-31.0,-40.78947368421053,-61.0,-80.26315789473685
00008741,2019,1,6,6,45.0,15.0,54.0,UNICA,-9.0,-16.666666666666664,-39.0,-72.22222222222221
00008741,2019,2,6,6,45.0,15.0,54.0,UNICA,-9.0,-16.666666666666664,-39.0,-72.22222222222221
00008741,2019,3,6,6,45.0,15.0,54.0,UNICA,-9.0,-16.666666666666664,-39.0,-72.22222222222221
00008741,2019,4,6,6,45.0,15.0,54.0,UNICA,-9.0,-16.666666666666664,-39.0,-72.22222222222221
00008741,2019,5,6,6,45.0,15.0,54.0,UNICA,-9.0,-16.666666666666664,-39.0,-72.22222222222221
00008741,2019,6,6,6,45.0,15.0,54.0,UNICA,-9.0,-16.666666666666664,-39.0,-72.22222222222221
00008741,2019,7,6,6,45.0,15.0,54.0,UNICA,-9.0,-16.666666666666664,-39.0,-72.22222222222221
00008741,2019,8,6,6,45.0,15.0,54.0,UNICA,-9.0,-16.666666666666664,-39.0,-72.22222222222221
00008741,2019,9,6,6,45.0,15.0,54.0,UNICA,-9.0,-16.666666666666664,-39.0,-72.22222222222221
00008741,2019,10,6,6,45.0,15.0,54.0,UNICA,-9.0,-16.666666666666664,-39.0,-72.22222222222221
00008741,2019,11,6,6,45.0,15.0,54.0,UNICA,-9.0,-16.666666666666664,-39.0,-72.22222222222221
00008741,2020,1,6,6,45.0,15.0,54.0,UNICA,-9.0,-16.666666666666664,-39.0,-72.22222222222221
00008741,2020,2,6,6,45.0,15.0,54.0,UNICA,-9.0,-16.666666666666664,-39.0,-72.22222222222221
00008741,2020,3,5,5,42.0,15.0,54.0,UNICA,-12.0,-22.22222222222222,-39.0,-72.22222222222221
00008741,2020,4,3,3,31.0,20.0,37.0,UNICA,-6.0,-16.216216216216218,-17.0,-45.94594594594595
00008741,2020,5,4,4,37.0,24.0,37.0,UNICA,0.0,0.0,-13.0,-35.13513513513514
00008741,2020,6,5,5,35.0,13.0,,,,,,
00008741,2020,7,6,6,37.0,13.0,,,,,,
00008741,2020,8,6,6,40.0,13.0,40.0,UNICA,0.0,0.0,-27.0,-67.5
00008741,2020,9,6,6,40.0,13.0,39.0,UNICA,1.0,2.564102564102564,-26.0,-66.66666666666666
00008741,2020,10,5,5,38.0,13.0,40.0,UNICA,-2.0,-5.0,-27.0,-67.5
00008741,2020,11,5,5,38.0,13.0,39.0,UNICA,-1.0,-2.564102564102564,-26.0,-66.66666666666666
00008741,2020,12,5,5,30.0,11.0,32.0,UNICA,-2.0,-6.25,-21.0,-65.625
00008741,2021,1,5,5,39.0,12.0,53.0,UNICA,-14.0,-26.41509433962264,-41.0,-77.35849056603774
00008741,2021,2,5,5,39.0,12.0,53.0,UNICA,-14.0,-26.41509433962264,-41.0,-77.35849056603774
00008741,2021,3,5,5,38.0,13.0,53.0,UNICA,-15.0,-28.30188679245283,-40.0,-75.47169811320755
00008741,2021,4,5,5,38.0,13.0,53.0,UNICA,-15.0,-28.30188679245283,-40.0,-75.47169811320755
00008741,2021,5,5,5,38.0,13.0,53.0,UNICA,-15.0,-28.30188679245283,-40.0,-75.47169811320755
00008741,2021,6,6,6,33.0,11.0,45.0,UNICA,-12.0,-26.666666666666668,-34.0,-75.55555555555556
00008741,2021,7,6,6,60.0,18.0,69.0,UNICA,-9.0,-13.043478260869565,-51.0,-73.91304347826086
00008741,2021,8,7,7,61.0,18.0,72.0,UNICA,-11.0,-15.277777777777779,-54.0,-75.0
00008741,2021,9,8,8,61.0,18.0,72.0,UNICA,-11.0,-15.277777777777779,-54.0,-75.0
00008741,2021,10,8,8,61.0,18.0,72.0,UNICA,-11.0,-15.277777777777779,-54.0,-75.0
00008741,2021,11,8,8,61.0,18.0,72.0,UNICA,-11.0,-15.277777777777779,-54.0,-75.0
00008741,2021,12,8,8,61.0,18.0,72.0,UNICA,-11.0,-15.277777777777779,-54.0,-75.0
00008741,2022,1,8,8,61.0,18.0,72.0,UNICA,-11.0,-15.277777777777779,-54.0,-75.0
00008741,2022,2,8,8,54.0,15.0,72.0,UNICA,-18.0,-25.0,-57.0,-79.16666666666666
00008741,2022,3,8,8,54.0,15.0,72.0,UNICA,-18.0,-25.0,-57.0,-79.16666666666666
00008741,2022,4,6,6,44.0,15.0,72.0,UNICA,-28.0,-38.88888888888889,-57.0,-79.16666666666666
00008741,2022,5,6,6,56.0,16.0,74.0,UNICA,-18.0,-24.324324324324326,-58.0,-78.37837837837837
00008741,2022,6,6,6,56.0,16.0,74.0,UNICA,-18.0,-24.324324324324326,-58.0,-78.37837837837837
00008741,2022,7,6,6,57.0,17.0,68.0,UNICA,-11.0,-16.176470588235293,-51.0,-75.0
00008741,2022,8,6,6,57.0,17.0,68.0,UNICA,-11.0,-16.176470588235293,-51.0,-75.0
00008741,2022,9,6,6,57.0,17.0,67.0,UNICA,-10.0,-14.925373134328357,-50.0,-74.6268656716418
00008741,2022,10,6,6,54.0,15.0,64.0,UNICA,-10.0,-15.625,-49.0,-76.5625
00008741,2022,11,6,6,57.0,17.0,67.0,UNICA,-10.0,-14.925373134328357,-50.0,-74.6268656716418
00008741,2022,12,6,6,57.0,17.0,67.0,UNICA,-10.0,-14.925373134328357,-50.0,-74.6268656716418
00008741,2023,1,6,6,55.0,15.0,65.0,UNICA,-10.0,-15.384615384615385,-50.0,-76.92307692307693
00008741,2023,2,6,6,54.0,15.0,64.0,UNICA,-10.0,-15.625,-49.0,-76.5625
00008741,2023,3,6,6,54.0,15.0,64.0,UNICA,-10.0,-15.625,-49.0,-76.5625
00008741,2023,4,6,6,54.0,15.0,64.0,UNICA,-10.0,-15.625,-49.0,-76.5625
00008741,2023,5,6,6,54.0,15.0,64.0,UNICA,-10.0,-15.625,-49.0,-76.5625
00008741,2023,6,6,6,54.0,15.0,64.0,UNICA,-10.0,-15.625,-49.0,-76.5625
00008741,2023,7,6,6,62.0,16.0,71.0,UNICA,-9.0,-12.676056338028168,-55.0,-77.46478873239437
00008741,2023,8,6,6,62.0,16.0,65.0,UNICA,-3.0,-4.615384615384616,-49.0,-75.38461538461539
00008741,2023,9,6,6,62.0,16.0,65.0,UNICA,-3.0,-4.615384615384616,-49.0,-75.38461538461539
00008741,2023,10,6,6,62.0,16.0,72.0,UNICA,-10.0,-13.88888888888889,-56.0,-77.77777777777779
00008741,2023,11,6,6,62.0,16.0,72.0,UNICA,-10.0,-13.88888888888889,-56.0,-77.77777777777779
00008741,2023,12,5,5,58.0,16.0,72.0,UNICA,-14.0,-19.444444444444446,-56.0,-77.77777777777779
00008741,2024,1,6,6,62.0,16.0,72.0,UNICA,-10.0,-13.88888888888889,-56.0,-77.77777777777779
00008741,2024,2,6,6,62.0,16.0,72.0,UNICA,-10.0,-13.88888888888889,-56.0,-77.77777777777779
00008741,2024,3,6,6,62.0,16.0,72.0,UNICA,-10.0,-13.88888888888889,-56.0,-77.77777777777779
00008741,2024,4,6,6,56.0,16.0,66.0,UNICA,-10.0,-15.151515151515152,-50.0,-75.75757575757575
00008741,2024,5,6,6,56.0,16.0,66.0,UNICA,-10.0,-15.151515151515152,-50.0,-75.75757575757575
00008741,2024,6,6,6,56.0,16.0,66.0,UNICA,-10.0,-15.151515151515152,-50.0,-75.75757575757575
00008741,2024,7,6,6,54.0,16.0,64.0,UNICA,-10.0,-15.625,-48.0,-75.0
00008741,2024,8,6,6,54.0,16.0,64.0,UNICA,-10.0,-15.625,-48.0,-75.0
00008741,2024,9,6,6,54.0,16.0,64.0,UNICA,-10.0,-15.625,-48.0,-75.0
00008741,2024,10,6,6,54.0,16.0,64.0,UNICA,-10.0,-15.625,-48.0,-75.0
00008741,2024,11,6,6,54.0,16.0,64.0,UNICA,-10.0,-15.625,-48.0,-75.0
00008741,2024,12,6,6,54.0,16.0,64.0,UNICA,-10.0,-15.625,-48.0,-75.0
00008741,2025,1,6,6,54.0,16.0,64.0,UNICA,-10.0,-15.625,-48.0,-75.0
00008741,2025,2,6,6,54.0,16.0,64.0,UNICA,-10.0,-15.625,-48.0,-75.0
00008741,2025,3,6,6,54.0,16.0,64.0,UNICA,-10.0,-15.625,-48.0,-75.0
00008741,2025,4,6,6,54.0,16.0,64.0,UNICA,-10.0,-15.625,-48.0,-75.0
00008741,2025,5,6,6,54.0,16.0,64.0,UNICA,-10.0,-15.625,-48.0,-75.0
00008741,2025,6,6,6,54.0,16.0,64.0,UNICA,-10.0,-15.625,-48.0,-75.0
00008741,2025,7,6,6,54.0,16.0,64.0,UNICA,-10.0,-15.625,-48.0,-75.0
00008741,2025,8,6,6,54.0,16.0,64.0,UNICA,-10.0,-15.625,-48.0,-75.0
00008741,2025,9,6,6,54.0,16.0,64.0,UNICA,-10.0,-15.625,-48.0,-75.0
00008741,2025,10,6,6,54.0,16.0,64.0,UNICA,-10.0,-15.625,-48.0,-75.0
00008741,2025,11,6,6,54.0,16.0,64.0,UNICA,-10.0,-15.625,-48.0,-75.0
00008741,2025,12,1,1,4.0,4.0,64.0,UNICA,-60.0,-93.75,-60.0,-93.75
00008741,2026,1,6,6,54.0,16.0,64.0,UNICA,-10.0,-15.625,-48.0,-75.0
00008741,2026,2,6,6,54.0,16.0,64.0,UNICA,-10.0,-15.625,-48.0,-75.0
00008741,2026,3,6,6,54.0,16.0,64.0,UNICA,-10.0,-15.625,-48.0,-75.0
00009188,2015,12,4,4,32.0,17.0,49.0,UNICA,-17.0,-34.69387755102041,-32.0,-65.3061224489796
00009188,2016,1,4,4,32.0,18.0,,,,,,
00009188,2016,2,6,6,49.0,18.0,,,,,,
00009188,2016,3,6,6,49.0,18.0,49.0,UNICA,0.0,0.0,-31.0,-63.26530612244898
00009188,2016,4,4,4,39.0,18.0,49.0,UNICA,-10.0,-20.408163265306122,-31.0,-63.26530612244898
00009188,2016,5,4,4,39.0,18.0,49.0,UNICA,-10.0,-20.408163265306122,-31.0,-63.26530612244898
00009188,2016,6,6,6,49.0,18.0,49.0,UNICA,0.0,0.0,-31.0,-63.26530612244898
00009188,2016,7,6,6,49.0,18.0,49.0,UNICA,0.0,0.0,-31.0,-63.26530612244898
00009188,2016,8,6,6,147.0,108.0,49.0,UNICA,98.0,200.0,59.0,120.40816326530613
00009188,2016,9,6,6,49.0,18.0,49.0,UNICA,0.0,0.0,-31.0,-63.26530612244898
00009188,2016,10,6,6,49.0,18.0,49.0,UNICA,0.0,0.0,-31.0,-63.26530612244898
00009188,2016,11,6,6,49.0,18.0,49.0,UNICA,0.0,0.0,-31.0,-63.26530612244898
00009188,2016,12,6,6,49.0,18.0,49.0,UNICA,0.0,0.0,-31.0,-63.26530612244898
00009188,2017,1,4,4,39.0,18.0,49.0,UNICA,-10.0,-20.408163265306122,-31.0,-63.26530612244898
00009188,2017,2,6,6,49.0,18.0,49.0,UNICA,0.0,0.0,-31.0,-63.26530612244898
00009188,2017,3,6,6,49.0,18.0,49.0,UNICA,0.0,0.0,-31.0,-63.26530612244898
00009188,2017,4,6,6,49.0,18.0,49.0,UNICA,0.0,0.0,-31.0,-63.26530612244898
00009188,2017,5,6,6,49.0,18.0,49.0,UNICA,0.0,0.0,-31.0,-63.26530612244898
00009188,2017,6,6,6,49.0,18.0,49.0,UNICA,0.0,0.0,-31.0,-63.26530612244898
00009188,2017,7,6,6,0.0,0.0,49.0,UNICA,-49.0,-100.0,-49.0,-100.0
00009188,2017,8,6,6,0.0,0.0,49.0,UNICA,-49.0,-100.0,-49.0,-100.0
00009188,2017,9,6,6,0.0,0.0,49.0,UNICA,-49.0,-100.0,-49.0,-100.0
00009188,2017,10,6,6,49.0,18.0,49.0,UNICA,0.0,0.0,-31.0,-63.26530612244898
00009188,2017,11,6,6,49.0,18.0,49.0,UNICA,0.0,0.0,-31.0,-63.26530612244898
00009188,2017,12,6,6,49.0,18.0,49.0,UNICA,0.0,0.0,-31.0,-63.26530612244898
00009188,2018,1,6,6,49.0,18.0,49.0,UNICA,0.0,0.0,-31.0,-63.26530612244898
00009188,2018,2,5,5,44.0,18.0,49.0,UNICA,-5.0,-10.204081632653061,-31.0,-63.26530612244898
00009188,2018,3,5,5,44.0,18.0,49.0,UNICA,-5.0,-10.204081632653061,-31.0,-63.26530612244898
00009188,2018,4,6,6,48.0,18.0,49.0,UNICA,-1.0,-2.0408163265306123,-31.0,-63.26530612244898
00009188,2018,5,6,6,48.0,18.0,49.0,UNICA,-1.0,-2.0408163265306123,-31.0,-63.26530612244898
00009188,2018,6,6,6,48.0,18.0,49.0,UNICA,-1.0,-2.0408163265306123,-31.0,-63.26530612244898
00009188,2018,7,6,6,47.0,18.0,49.0,UNICA,-2.0,-4.081632653061225,-31.0,-63.26530612244898
00009188,2018,8,3,3,19.0,10.0,47.0,UNICA,-28.0,-59.57446808510638,-37.0,-78.72340425531915
00009188,2018,9,2,2,9.0,7.0,47.0,UNICA,-38.0,-80.85106382978722,-40.0,-85.1063829787234
00009188,2018,10,2,2,9.0,7.0,47.0,UNICA,-38.0,-80.85106382978722,-40.0,-85.1063829787234
00009188,2018,11,3,3,39.0,30.0,47.0,UNICA,-8.0,-17.02127659574468,-17.0,-36.17021276595745
00009188,2019,1,6,6,47.0,16.0,49.0,UNICA,-2.0,-4.081632653061225,-33.0,-67.3469387755102
00009188,2019,2,6,6,43.0,12.0,49.0,UNICA,-6.0,-12.244897959183673,-37.0,-75.51020408163265
00009188,2019,3,6,6,43.0,12.0,43.0,UNICA,0.0,0.0,-31.0,-72.09302325581395
00009188,2019,4,6,6,43.0,12.0,43.0,UNICA,0.0,0.0,-31.0,-72.09302325581395
00009188,2019,5,6,6,43.0,12.0,43.0,UNICA,0.0,0.0,-31.0,-72.09302325581395
00009188,2019,6,5,5,33.0,12.0,40.0,UNICA,-7.0,-17.5,-28.0,-70.0
00009188,2019,7,4,4,31.0,12.0,40.0,UNICA,-9.0,-22.5,-28.0,-70.0
00009188,2019,8,5,5,35.0,12.0,35.0,UNICA,0.0,0.0,-23.0,-65.71428571428571
00009188,2019,9,5,5,27.0,8.0,27.0,UNICA,0.0,0.0,-19.0,-70.37037037037037
00009188,2019,10,5,5,30.0,11.0,27.0,UNICA,3.0,11.11111111111111,-16.0,-59.25925925925925
00009188,2019,11,5,5,35.0,12.0,35.0,UNICA,0.0,0.0,-23.0,-65.71428571428571
00009188,2020,1,6,6,45.0,15.0,45.0,UNICA,0.0,0.0,-30.0,-66.66666666666666
00009188,2020,2,6,6,44.0,15.0,44.0,UNICA,0.0,0.0,-29.0,-65.9090909090909
00009188,2020,3,5,5,41.0,15.0,44.0,UNICA,-3.0,-6.8181818181818175,-29.0,-65.9090909090909
00009188,2020,4,5,5,41.0,15.0,44.0,UNICA,-3.0,-6.8181818181818175,-29.0,-65.9090909090909
00009188,2020,5,5,5,42.0,15.0,44.0,UNICA,-2.0,-4.545454545454546,-29.0,-65.9090909090909
00009188,2020,6,5,5,42.0,15.0,45.0,UNICA,-3.0,-6.666666666666667,-30.0,-66.66666666666666
00009188,2020,7,5,5,42.0,15.0,45.0,UNICA,-3.0,-6.666666666666667,-30.0,-66.66666666666666
00009188,2020,8,5,5,42.0,15.0,45.0,UNICA,-3.0,-6.666666666666667,-30.0,-66.66666666666666
00009188,2020,9,5,5,42.0,15.0,45.0,UNICA,-3.0,-6.666666666666667,-30.0,-66.66666666666666
00009188,2020,10,6,6,45.0,15.0,45.0,UNICA,0.0,0.0,-30.0,-66.66666666666666
00009188,2021,1,6,6,48.0,16.0,45.0,UNICA,3.0,6.666666666666667,-29.0,-64.44444444444444
00009188,2021,2,6,6,45.0,15.0,53.0,UNICA,-8.0,-15.09433962264151,-38.0,-71.69811320754717
00009188,2021,3,6,6,51.0,15.0,51.0,UNICA,0.0,0.0,-36.0,-70.58823529411765
00009188,2021,4,6,6,66.0,23.0,66.0,UNICA,0.0,0.0,-43.0,-65.15151515151516
00009188,2021,5,6,6,56.0,18.0,76.0,UNICA,-20.0,-26.31578947368421,-58.0,-76.31578947368422
00009188,2021,6,6,6,56.0,18.0,76.0,UNICA,-20.0,-26.31578947368421,-58.0,-76.31578947368422
00009188,2021,7,6,6,56.0,18.0,76.0,UNICA,-20.0,-26.31578947368421,-58.0,-76.31578947368422
00009188,2021,8,6,6,56.0,18.0,76.0,UNICA,-20.0,-26.31578947368421,-58.0,-76.31578947368422
00009188,2021,9,7,7,65.0,18.0,64.0,UNICA,1.0,1.5625,-46.0,-71.875
00009188,2021,10,6,6,55.0,18.0,64.0,UNICA,-9.0,-14.0625,-46.0,-71.875
00009188,2021,11,6,6,55.0,18.0,64.0,UNICA,-9.0,-14.0625,-46.0,-71.875
00009188,2021,12,7,7,65.0,18.0,64.0,UNICA,1.0,1.5625,-46.0,-71.875
00009188,2022,1,7,7,80.0,25.0,64.0,UNICA,16.0,25.0,-39.0,-60.9375
00009188,2022,2,7,7,85.0,30.0,63.0,UNICA,22.0,34.92063492063492,-33.0,-52.38095238095239
00009188,2022,3,7,7,85.0,30.0,73.0,UNICA,12.0,16.43835616438356,-43.0,-58.9041095890411
00009188,2022,4,7,7,85.0,30.0,73.0,UNICA,12.0,16.43835616438356,-43.0,-58.9041095890411
00009188,2022,5,7,7,73.0,22.0,65.0,UNICA,8.0,12.307692307692308,-43.0,-66.15384615384615
00009188,2022,6,7,7,56.0,18.0,63.0,UNICA,-7.0,-11.11111111111111,-45.0,-71.42857142857143
00009188,2022,7,7,7,56.0,18.0,50.0,UNICA,6.0,12.0,-32.0,-64.0
00009188,2022,8,7,7,56.0,18.0,50.0,UNICA,6.0,12.0,-32.0,-64.0
00009188,2022,9,7,7,56.0,18.0,50.0,UNICA,6.0,12.0,-32.0,-64.0
00009188,2022,10,7,7,56.0,18.0,50.0,UNICA,6.0,12.0,-32.0,-64.0
00009188,2022,11,7,7,56.0,18.0,50.0,UNICA,6.0,12.0,-32.0,-64.0
00009188,2022,12,7,7,56.0,18.0,50.0,UNICA,6.0,12.0,-32.0,-64.0
00009188,2023,1,7,7,56.0,18.0,50.0,UNICA,6.0,12.0,-32.0,-64.0
00009188,2023,2,7,7,56.0,18.0,50.0,UNICA,6.0,12.0,-32.0,-64.0
00009188,2023,3,7,7,56.0,18.0,50.0,UNICA,6.0,12.0,-32.0,-64.0
00009188,2023,4,7,7,56.0,18.0,50.0,UNICA,6.0,12.0,-32.0,-64.0
00009188,2023,5,7,7,58.0,18.0,52.0,UNICA,6.0,11.538461538461538,-34.0,-65.38461538461539
00009188,2023,6,7,7,58.0,18.0,52.0,UNICA,6.0,11.538461538461538,-34.0,-65.38461538461539
00009188,2023,7,6,6,53.0,18.0,53.0,UNICA,0.0,0.0,-35.0,-66.0377358490566
00009188,2023,8,6,6,53.0,18.0,53.0,UNICA,0.0,0.0,-35.0,-66.0377358490566
00009188,2023,9,6,6,53.0,18.0,53.0,UNICA,0.0,0.0,-35.0,-66.0377358490566
00009188,2023,10,7,7,59.0,18.0,53.0,UNICA,6.0,11.320754716981133,-35.0,-66.0377358490566
00009188,2023,11,7,7,56.0,18.0,53.0,UNICA,3.0,5.660377358490567,-35.0,-66.0377358490566
00009188,2023,12,7,7,56.0,18.0,53.0,UNICA,3.0,5.660377358490567,-35.0,-66.0377358490566
00009188,2024,1,7,7,53.0,15.0,50.0,UNICA,3.0,6.0,-35.0,-70.0
00009188,2024,2,7,7,53.0,15.0,50.0,UNICA,3.0,6.0,-35.0,-70.0
00009188,2024,3,7,7,53.0,15.0,50.0,UNICA,3.0,6.0,-35.0,-70.0
00009188,2024,4,7,7,53.0,15.0,50.0,UNICA,3.0,6.0,-35.0,-70.0
00009188,2024,5,7,7,53.0,15.0,50.0,UNICA,3.0,6.0,-35.0,-70.0
00009188,2024,6,7,7,53.0,15.0,50.0,UNICA,3.0,6.0,-35.0,-70.0
00009188,2024,7,7,7,53.0,15.0,50.0,UNICA,3.0,6.0,-35.0,-70.0
00009188,2024,8,7,7,53.0,15.0,50.0,UNICA,3.0,6.0,-35.0,-70.0
00009188,2024,9,7,7,53.0,15.0,50.0,UNICA,3.0,6.0,-35.0,-70.0
00009188,2024,10,7,7,53.0,15.0,50.0,UNICA,3.0,6.0,-35.0,-70.0
00009188,2024,11,7,7,53.0,15.0,50.0,UNICA,3.0,6.0,-35.0,-70.0
00009188,2024,12,7,7,53.0,15.0,50.0,UNICA,3.0,6.0,-35.0,-70.0
00009188,2025,1,7,7,53.0,15.0,50.0,UNICA,3.0,6.0,-35.0,-70.0
00009188,2025,2,7,7,53.0,15.0,50.0,UNICA,3.0,6.0,-35.0,-70.0
00009188,2025,3,7,7,53.0,15.0,53.0,UNICA,0.0,0.0,-38.0,-71.69811320754717
00009188,2025,4,7,7,63.0,22.0,60.0,UNICA,3.0,5.0,-38.0,-63.33333333333333
00009188,2025,5,7,7,63.0,22.0,60.0,UNICA,3.0,5.0,-38.0,-63.33333333333333
00009188,2025,6,6,6,51.0,22.0,60.0,UNICA,-9.0,-15.0,-38.0,-63.33333333333333
00009188,2025,7,7,7,60.0,22.0,60.0,UNICA,0.0,0.0,-38.0,-63.33333333333333
00009188,2025,8,6,6,57.0,22.0,58.0,UNICA,-1.0,-1.7241379310344827,-36.0,-62.06896551724138
00009188,2025,9,7,7,60.0,22.0,60.0,UNICA,0.0,0.0,-38.0,-63.33333333333333
00009188,2025,10,7,7,61.0,23.0,61.0,UNICA,0.0,0.0,-38.0,-62.295081967213115
00009188,2025,11,7,7,64.0,23.0,60.0,UNICA,4.0,6.666666666666667,-37.0,-61.66666666666667
00009188,2025,12,1,1,3.0,3.0,59.0,UNICA,-56.0,-94.91525423728814,-56.0,-94.91525423728814
00009188,2026,1,7,7,62.0,22.0,59.0,UNICA,3.0,5.084745762711865,-37.0,-62.71186440677966
00009188,2026,2,7,7,62.0,22.0,59.0,UNICA,3.0,5.084745762711865,-37.0,-62.71186440677966
00009188,2026,3,7,7,62.0,22.0,62.0,UNICA,0.0,0.0,-40.0,-64.51612903225806
00009251,2015,6,40,40,972.0,148.0,,,,,,
00009251,2015,7,40,40,964.0,145.0,815.0,UNICA,149.0,18.282208588957054,-670.0,-82.20858895705521
00009251,2015,8,40,40,967.0,150.0,816.0,UNICA,151.0,18.504901960784316,-666.0,-81.61764705882352
00009251,2015,9,40,40,961.0,148.0,793.0,UNICA,168.0,21.185372005044137,-645.0,-81.33669609079445
00009251,2015,10,40,40,969.0,144.0,812.0,UNICA,157.0,19.334975369458128,-668.0,-82.26600985221675
00009251,2015,11,40,40,964.0,149.0,953.0,UNICA,11.0,1.154249737670514,-804.0,-84.36516264428123
00009251,2015,12,40,40,967.0,148.0,946.0,UNICA,21.0,2.2198731501057085,-798.0,-84.35517970401692
00009251,2016,1,40,40,956.0,147.0,960.0,UNICA,-4.0,-0.4166666666666667,-813.0,-84.6875
00009251,2016,2,40,40,963.0,147.0,963.0,UNICA,0.0,0.0,-816.0,-84.73520249221184
00009251,2016,3,40,40,957.0,147.0,953.0,UNICA,4.0,0.4197271773347324,-806.0,-84.57502623294857
00009251,2016,4,40,40,962.0,147.0,956.0,UNICA,6.0,0.6276150627615062,-809.0,-84.6234309623431
00009251,2016,5,40,40,960.0,147.0,956.0,UNICA,4.0,0.41841004184100417,-809.0,-84.6234309623431
00009251,2016,6,40,40,963.0,147.0,963.0,UNICA,0.0,0.0,-816.0,-84.73520249221184
00009251,2016,7,40,40,959.0,147.0,959.0,UNICA,0.0,0.0,-812.0,-84.67153284671532
00009251,2016,8,40,40,959.0,147.0,959.0,UNICA,0.0,0.0,-812.0,-84.67153284671532
00009251,2016,9,40,40,952.0,147.0,952.0,UNICA,0.0,0.0,-805.0,-84.55882352941177
00009251,2016,10,40,40,952.0,147.0,952.0,UNICA,0.0,0.0,-805.0,-84.55882352941177
00009251,2016,11,40,40,952.0,147.0,952.0,UNICA,0.0,0.0,-805.0,-84.55882352941177
00009251,2016,12,40,40,952.0,147.0,952.0,UNICA,0.0,0.0,-805.0,-84.55882352941177
00009251,2017,1,40,40,956.0,142.0,952.0,UNICA,4.0,0.42016806722689076,-810.0,-85.08403361344537
00009251,2017,2,40,40,953.0,144.0,953.0,UNICA,0.0,0.0,-809.0,-84.88982161594963
00009251,2017,3,40,40,953.0,143.0,952.0,UNICA,1.0,0.10504201680672269,-809.0,-84.97899159663865
00009251,2017,4,40,40,950.0,145.0,950.0,UNICA,0.0,0.0,-805.0,-84.73684210526315
00009251,2017,5,38,38,921.0,144.0,946.0,UNICA,-25.0,-2.6427061310782243,-802.0,-84.77801268498943
00009251,2017,6,38,38,921.0,144.0,938.0,UNICA,-17.0,-1.812366737739872,-794.0,-84.64818763326227
00009251,2017,7,38,38,921.0,144.0,939.0,UNICA,-18.0,-1.9169329073482428,-795.0,-84.66453674121406
00009251,2017,8,39,39,924.0,144.0,939.0,UNICA,-15.0,-1.5974440894568689,-795.0,-84.66453674121406
00009251,2017,9,39,39,924.0,144.0,939.0,UNICA,-15.0,-1.5974440894568689,-795.0,-84.66453674121406
00009251,2017,10,40,40,954.0,145.0,954.0,UNICA,0.0,0.0,-809.0,-84.80083857442348
00009251,2017,11,40,40,947.0,144.0,947.0,UNICA,0.0,0.0,-803.0,-84.79408658922914
00009251,2017,12,40,40,947.0,140.0,947.0,UNICA,0.0,0.0,-807.0,-85.21647307286166
00009251,2018,1,40,40,950.0,141.0,950.0,UNICA,0.0,0.0,-809.0,-85.15789473684211
00009251,2018,2,40,40,969.0,143.0,969.0,UNICA,0.0,0.0,-826.0,-85.24251805985553
00009251,2018,3,40,40,946.0,140.0,946.0,UNICA,0.0,0.0,-806.0,-85.20084566596195
00009251,2018,4,40,40,955.0,143.0,955.0,UNICA,0.0,0.0,-812.0,-85.02617801047121
00009251,2018,5,40,40,957.0,141.0,957.0,UNICA,0.0,0.0,-816.0,-85.26645768025078
00009251,2018,6,40,40,956.0,143.0,956.0,UNICA,0.0,0.0,-813.0,-85.0418410041841
00009251,2018,7,40,40,956.0,143.0,956.0,UNICA,0.0,0.0,-813.0,-85.0418410041841
00009251,2018,8,40,40,954.0,144.0,954.0,UNICA,0.0,0.0,-810.0,-84.90566037735849
00009251,2018,9,40,40,958.0,144.0,958.0,UNICA,0.0,0.0,-814.0,-84.96868475991648
00009251,2018,10,40,40,955.0,144.0,955.0,UNICA,0.0,0.0,-811.0,-84.92146596858639
00009251,2018,11,40,40,965.0,144.0,965.0,UNICA,0.0,0.0,-821.0,-85.07772020725388
00009251,2019,1,40,40,958.0,144.0,958.0,UNICA,0.0,0.0,-814.0,-84.96868475991648
00009251,2019,2,40,40,962.0,144.0,962.0,UNICA,0.0,0.0,-818.0,-85.03118503118503
00009251,2019,3,40,40,960.0,144.0,960.0,UNICA,0.0,0.0,-816.0,-85.0
00009251,2019,4,40,40,949.0,144.0,969.0,UNICA,-20.0,-2.063983488132095,-825.0,-85.13931888544892
00009251,2019,5,40,40,963.0,144.0,967.0,UNICA,-4.0,-0.4136504653567736,-823.0,-85.10858324715616
00009251,2019,6,40,40,964.0,144.0,964.0,UNICA,0.0,0.0,-820.0,-85.06224066390041
00009251,2019,7,39,39,938.0,144.0,961.0,UNICA,-23.0,-2.3933402705515086,-817.0,-85.0156087408949
00009251,2019,8,39,39,939.0,144.0,963.0,UNICA,-24.0,-2.4922118380062304,-819.0,-85.04672897196261
00009251,2019,9,37,37,915.0,144.0,957.0,UNICA,-42.0,-4.38871473354232,-813.0,-84.95297805642633
00009251,2019,10,37,37,911.0,144.0,953.0,UNICA,-42.0,-4.4071353620146905,-809.0,-84.88982161594963
00009251,2019,11,40,40,957.0,144.0,957.0,UNICA,0.0,0.0,-813.0,-84.95297805642633
00009251,2020,1,40,40,969.0,144.0,969.0,UNICA,0.0,0.0,-825.0,-85.13931888544892
00009251,2020,2,40,40,966.0,144.0,966.0,UNICA,0.0,0.0,-822.0,-85.09316770186336
00009251,2020,3,40,40,961.0,144.0,961.0,UNICA,0.0,0.0,-817.0,-85.0156087408949
00009251,2020,4,40,40,961.0,144.0,961.0,UNICA,0.0,0.0,-817.0,-85.0156087408949
00009251,2020,5,37,37,926.0,144.0,961.0,UNICA,-35.0,-3.6420395421436007,-817.0,-85.0156087408949
00009251,2020,6,37,37,926.0,144.0,926.0,UNICA,0.0,0.0,-782.0,-84.44924406047517
00009251,2020,7,38,38,943.0,144.0,943.0,UNICA,0.0,0.0,-799.0,-84.72958642629904
00009251,2020,8,38,38,1283.0,247.0,1290.0,UNICA,-7.0,-0.5426356589147286,-1043.0,-80.85271317829458
00009251,2020,9,39,39,1289.0,247.0,1289.0,UNICA,0.0,0.0,-1042.0,-80.8378588052754
00009251,2020,10,38,38,1238.0,247.0,1257.0,UNICA,-19.0,-1.511535401750199,-1010.0,-80.35003977724742
00009251,2020,11,38,38,1263.0,252.0,1263.0,UNICA,0.0,0.0,-1011.0,-80.04750593824228
00009251,2020,12,39,39,1143.0,156.0,1143.0,UNICA,0.0,0.0,-987.0,-86.3517060367454
00009251,2021,1,37,37,1330.0,250.0,1340.0,UNICA,-10.0,-0.7462686567164178,-1090.0,-81.34328358208955
00009251,2021,2,37,37,1397.0,282.0,1397.0,UNICA,0.0,0.0,-1115.0,-79.81388690050107
00009251,2021,3,27,27,979.0,221.0,1265.0,UNICA,-286.0,-22.608695652173914,-1044.0,-82.5296442687747
00009251,2021,4,29,29,1257.0,221.0,1265.0,UNICA,-8.0,-0.6324110671936759,-1044.0,-82.5296442687747
00009251,2021,5,34,34,1155.0,187.0,1204.0,UNICA,-49.0,-4.069767441860465,-1017.0,-84.46843853820599
00009251,2021,6,37,37,992.0,157.0,996.0,UNICA,-4.0,-0.4016064257028112,-839.0,-84.23694779116467
00009251,2021,7,37,37,970.0,157.0,990.0,UNICA,-20.0,-2.0202020202020203,-833.0,-84.14141414141415
00009251,2021,8,36,36,926.0,141.0,952.0,UNICA,-26.0,-2.73109243697479,-811.0,-85.18907563025209
00009251,2021,9,36,36,985.0,150.0,998.0,UNICA,-13.0,-1.3026052104208417,-848.0,-84.96993987975952
00009251,2021,10,31,31,909.0,162.0,1040.0,UNICA,-131.0,-12.596153846153847,-878.0,-84.42307692307692
00009251,2021,11,32,32,1039.0,162.0,1039.0,UNICA,0.0,0.0,-877.0,-84.40808469682388
00009251,2021,12,29,29,914.0,162.0,1021.0,UNICA,-107.0,-10.479921645445641,-859.0,-84.13320274240941
00009251,2022,1,40,40,1045.0,206.0,1045.0,UNICA,0.0,0.0,-839.0,-80.28708133971291
00009251,2022,2,40,40,1045.0,206.0,1045.0,UNICA,0.0,0.0,-839.0,-80.28708133971291
00009251,2022,3,40,40,863.0,126.0,863.0,UNICA,0.0,0.0,-737.0,-85.39976825028968
00009251,2022,4,40,40,1043.0,268.0,1043.0,UNICA,0.0,0.0,-775.0,-74.30488974113135
00009251,2022,5,40,40,1011.0,233.0,1011.0,UNICA,0.0,0.0,-778.0,-76.95351137487636
00009251,2022,6,40,40,1048.0,234.0,1048.0,UNICA,0.0,0.0,-814.0,-77.67175572519083
00009251,2022,7,40,40,1068.0,264.0,1068.0,UNICA,0.0,0.0,-804.0,-75.28089887640449
00009251,2022,8,40,40,1062.0,259.0,1062.0,UNICA,0.0,0.0,-803.0,-75.6120527306968
00009251,2022,9,40,40,1021.0,265.0,1021.0,UNICA,0.0,0.0,-756.0,-74.04505386875611
00009251,2022,10,40,40,1007.0,253.0,1007.0,UNICA,0.0,0.0,-754.0,-74.87586891757697
00009251,2022,11,40,40,1009.0,256.0,1009.0,UNICA,0.0,0.0,-753.0,-74.62834489593658
00009251,2022,12,38,38,931.0,259.0,972.0,UNICA,-41.0,-4.218106995884774,-713.0,-73.35390946502058
00009251,2023,1,40,40,1006.0,268.0,1006.0,UNICA,0.0,0.0,-738.0,-73.35984095427436
00009251,2023,2,40,40,1034.0,280.0,1044.0,UNICA,-10.0,-0.9578544061302682,-764.0,-73.18007662835248
00009251,2023,3,39,39,960.0,282.0,1041.0,UNICA,-81.0,-7.780979827089338,-759.0,-72.91066282420749
00009251,2023,4,40,40,1073.0,294.0,1073.0,UNICA,0.0,0.0,-779.0,-72.60018639328985
00009251,2023,5,40,40,1097.0,292.0,1097.0,UNICA,0.0,0.0,-805.0,-73.38195077484048
00009251,2023,6,40,40,1098.0,292.0,1098.0,UNICA,0.0,0.0,-806.0,-73.40619307832422
00009251,2023,7,40,40,1107.0,291.0,1107.0,UNICA,0.0,0.0,-816.0,-73.71273712737127
00009251,2023,8,40,40,1113.0,285.0,1113.0,UNICA,0.0,0.0,-828.0,-74.39353099730458
00009251,2023,9,40,40,1107.0,283.0,1107.0,UNICA,0.0,0.0,-824.0,-74.43541102077688
00009251,2023,10,40,40,1115.0,280.0,1115.0,UNICA,0.0,0.0,-835.0,-74.88789237668162
00009251,2023,11,40,40,1125.0,251.0,1125.0,UNICA,0.0,0.0,-874.0,-77.68888888888888
00009251,2023,12,40,40,1115.0,257.0,1115.0,UNICA,0.0,0.0,-858.0,-76.95067264573991
00009251,2024,1,40,40,1115.0,247.0,1115.0,UNICA,0.0,0.0,-868.0,-77.847533632287
00009251,2024,2,40,40,1115.0,247.0,1115.0,UNICA,0.0,0.0,-868.0,-77.847533632287
00009251,2024,3,40,40,1117.0,248.0,1117.0,UNICA,0.0,0.0,-869.0,-77.79767233661593
00009251,2024,4,40,40,1121.0,248.0,1121.0,UNICA,0.0,0.0,-873.0,-77.87689562890276
00009251,2024,5,40,40,1121.0,248.0,1121.0,UNICA,0.0,0.0,-873.0,-77.87689562890276
00009251,2024,6,40,40,1119.0,248.0,1119.0,UNICA,0.0,0.0,-871.0,-77.83735478105451
00009251,2024,7,40,40,1116.0,248.0,1116.0,UNICA,0.0,0.0,-868.0,-77.77777777777779
00009251,2024,8,40,40,1116.0,248.0,1116.0,UNICA,0.0,0.0,-868.0,-77.77777777777779
00009251,2024,9,40,40,1116.0,248.0,1116.0,UNICA,0.0,0.0,-868.0,-77.77777777777779
00009251,2024,10,40,40,1116.0,248.0,1116.0,UNICA,0.0,0.0,-868.0,-77.77777777777779
00009251,2024,11,40,40,1116.0,248.0,1116.0,UNICA,0.0,0.0,-868.0,-77.77777777777779
00009251,2024,12,40,40,1116.0,248.0,116.0,UNICA,1000.0,862.0689655172415,132.0,113.79310344827587
00009251,2025,1,40,40,1117.0,248.0,116.0,UNICA,1001.0,862.9310344827585,132.0,113.79310344827587
00009251,2025,2,40,40,1116.0,248.0,1116.0,UNICA,0.0,0.0,-868.0,-77.77777777777779
00009251,2025,3,40,40,1120.0,248.0,1120.0,UNICA,0.0,0.0,-872.0,-77.85714285714286
00009251,2025,4,40,40,1088.0,227.0,1088.0,UNICA,0.0,0.0,-861.0,-79.13602941176471
00009251,2025,5,40,40,1021.0,194.0,1021.0,UNICA,0.0,0.0,-827.0,-80.99902056807052
00009251,2025,6,40,40,1021.0,194.0,1020.0,UNICA,1.0,0.09803921568627451,-826.0,-80.98039215686275
00009251,2025,7,40,40,1022.0,195.0,1022.0,UNICA,0.0,0.0,-827.0,-80.91976516634051
00009251,2025,8,40,40,1023.0,195.0,1023.0,UNICA,0.0,0.0,-828.0,-80.93841642228739
00009251,2025,9,40,40,1023.0,195.0,1023.0,UNICA,0.0,0.0,-828.0,-80.93841642228739
00009251,2025,10,40,40,1046.0,209.0,1046.0,UNICA,0.0,0.0,-837.0,-80.01912045889101
00009251,2025,11,40,40,1092.0,225.0,1092.0,UNICA,0.0,0.0,-867.0,-79.3956043956044
00009251,2025,12,6,6,111.0,56.0,1067.0,UNICA,-956.0,-89.59700093720713,-1011.0,-94.75164011246486
00009251,2026,1,40,40,1068.0,227.0,1068.0,UNICA,0.0,0.0,-841.0,-78.74531835205993
00009251,2026,2,40,40,1078.0,233.0,178.0,UNICA,900.0,505.6179775280899,55.0,30.89887640449438
00009251,2026,3,40,40,1074.0,226.0,1074.0,UNICA,0.0,0.0,-848.0,-78.95716945996276
00010098,2016,5,1,1,20.0,20.0,20.0,UNICA,0.0,0.0,0.0,0.0
00010098,2016,6,1,1,20.0,20.0,20.0,UNICA,0.0,0.0,0.0,0.0
00010098,2016,7,1,1,20.0,20.0,20.0,UNICA,0.0,0.0,0.0,0.0
00010098,2016,8,1,1,20.0,20.0,20.0,UNICA,0.0,0.0,0.0,0.0
00010098,2016,9,1,1,20.0,20.0,20.0,UNICA,0.0,0.0,0.0,0.0
00010098,2016,11,1,1,20.0,20.0,20.0,UNICA,0.0,0.0,0.0,0.0
00010098,2016,12,1,1,20.0,20.0,20.0,UNICA,0.0,0.0,0.0,0.0
00010098,2017,2,1,1,20.0,20.0,20.0,UNICA,0.0,0.0,0.0,0.0
00010098,2017,3,1,1,20.0,20.0,20.0,UNICA,0.0,0.0,0.0,0.0
00010098,2017,4,1,1,20.0,20.0,20.0,UNICA,0.0,0.0,0.0,0.0
00010098,2017,5,1,1,20.0,20.0,20.0,UNICA,0.0,0.0,0.0,0.0
00010098,2017,6,1,1,20.0,20.0,20.0,UNICA,0.0,0.0,0.0,0.0
00010098,2017,7,1,1,20.0,20.0,20.0,UNICA,0.0,0.0,0.0,0.0
00010098,2017,8,1,1,20.0,20.0,20.0,UNICA,0.0,0.0,0.0,0.0
00010098,2017,9,1,1,20.0,20.0,20.0,UNICA,0.0,0.0,0.0,0.0
00010098,2017,10,1,1,20.0,20.0,20.0,UNICA,0.0,0.0,0.0,0.0
00010098,2017,11,1,1,20.0,20.0,20.0,UNICA,0.0,0.0,0.0,0.0
00010098,2017,12,1,1,20.0,20.0,20.0,UNICA,0.0,0.0,0.0,0.0
00010098,2019,1,1,1,21.0,21.0,21.0,UNICA,0.0,0.0,0.0,0.0
00010098,2019,2,1,1,21.0,21.0,21.0,UNICA,0.0,0.0,0.0,0.0
00010098,2019,3,1,1,21.0,21.0,21.0,UNICA,0.0,0.0,0.0,0.0
00010098,2019,4,1,1,21.0,21.0,21.0,UNICA,0.0,0.0,0.0,0.0
00010098,2019,5,1,1,21.0,21.0,21.0,UNICA,0.0,0.0,0.0,0.0
00010098,2019,9,1,1,21.0,21.0,21.0,UNICA,0.0,0.0,0.0,0.0
00010098,2019,10,1,1,21.0,21.0,21.0,UNICA,0.0,0.0,0.0,0.0
00010098,2019,11,1,1,21.0,21.0,21.0,UNICA,0.0,0.0,0.0,0.0
00010098,2020,1,1,1,21.0,21.0,21.0,UNICA,0.0,0.0,0.0,0.0
00010098,2020,2,1,1,21.0,21.0,21.0,UNICA,0.0,0.0,0.0,0.0
00010098,2020,5,1,1,21.0,21.0,21.0,UNICA,0.0,0.0,0.0,0.0
00010098,2020,6,1,1,7.0,7.0,21.0,UNICA,-14.0,-66.66666666666666,-14.0,-66.66666666666666
00010098,2020,7,1,1,21.0,21.0,21.0,UNICA,0.0,0.0,0.0,0.0
00010098,2020,8,1,1,21.0,21.0,21.0,UNICA,0.0,0.0,0.0,0.0
00010098,2020,9,1,1,21.0,21.0,21.0,UNICA,0.0,0.0,0.0,0.0
00010098,2020,10,1,1,9.0,9.0,21.0,UNICA,-12.0,-57.14285714285714,-12.0,-57.14285714285714
00010098,2020,11,1,1,7.0,7.0,21.0,UNICA,-14.0,-66.66666666666666,-14.0,-66.66666666666666
00010098,2020,12,1,1,9.0,9.0,21.0,UNICA,-12.0,-57.14285714285714,-12.0,-57.14285714285714
00010098,2021,1,1,1,9.0,9.0,21.0,UNICA,-12.0,-57.14285714285714,-12.0,-57.14285714285714
00010098,2021,2,1,1,9.0,9.0,21.0,UNICA,-12.0,-57.14285714285714,-12.0,-57.14285714285714
00010098,2021,3,1,1,9.0,9.0,21.0,UNICA,-12.0,-57.14285714285714,-12.0,-57.14285714285714
00010098,2021,4,1,1,9.0,9.0,21.0,UNICA,-12.0,-57.14285714285714,-12.0,-57.14285714285714
00010098,2021,5,1,1,9.0,9.0,21.0,UNICA,-12.0,-57.14285714285714,-12.0,-57.14285714285714
00010098,2021,6,1,1,9.0,9.0,21.0,UNICA,-12.0,-57.14285714285714,-12.0,-57.14285714285714
00010098,2021,7,1,1,9.0,9.0,21.0,UNICA,-12.0,-57.14285714285714,-12.0,-57.14285714285714
00010098,2021,8,1,1,9.0,9.0,21.0,UNICA,-12.0,-57.14285714285714,-12.0,-57.14285714285714
00010098,2021,9,1,1,9.0,9.0,21.0,UNICA,-12.0,-57.14285714285714,-12.0,-57.14285714285714
00010098,2021,10,1,1,9.0,9.0,21.0,UNICA,-12.0,-57.14285714285714,-12.0,-57.14285714285714
00010098,2021,11,1,1,9.0,9.0,21.0,UNICA,-12.0,-57.14285714285714,-12.0,-57.14285714285714
00010098,2021,12,1,1,9.0,9.0,21.0,UNICA,-12.0,-57.14285714285714,-12.0,-57.14285714285714
00010098,2022,1,1,1,9.0,9.0,9.0,UNICA,0.0,0.0,0.0,0.0
00010098,2022,2,1,1,9.0,9.0,9.0,UNICA,0.0,0.0,0.0,0.0
00010098,2022,3,1,1,9.0,9.0,9.0,UNICA,0.0,0.0,0.0,0.0
00010098,2022,4,1,1,9.0,9.0,9.0,UNICA,0.0,0.0,0.0,0.0
00010098,2022,5,1,1,9.0,9.0,9.0,UNICA,0.0,0.0,0.0,0.0
00010098,2022,6,1,1,9.0,9.0,9.0,UNICA,0.0,0.0,0.0,0.0
00010098,2022,7,1,1,12.0,12.0,12.0,UNICA,0.0,0.0,0.0,0.0
00010098,2022,8,1,1,9.0,9.0,12.0,UNICA,-3.0,-25.0,-3.0,-25.0
00010098,2022,9,1,1,9.0,9.0,12.0,UNICA,-3.0,-25.0,-3.0,-25.0
00010098,2022,10,1,1,12.0,12.0,12.0,UNICA,0.0,0.0,0.0,0.0
00010098,2023,1,1,1,15.0,15.0,15.0,UNICA,0.0,0.0,0.0,0.0
00010098,2023,2,1,1,15.0,15.0,15.0,UNICA,0.0,0.0,0.0,0.0
00010098,2023,3,1,1,15.0,15.0,15.0,UNICA,0.0,0.0,0.0,0.0
00010098,2023,4,1,1,15.0,15.0,15.0,UNICA,0.0,0.0,0.0,0.0
00010098,2023,5,1,1,15.0,15.0,15.0,UNICA,0.0,0.0,0.0,0.0
00010098,2023,6,1,1,15.0,15.0,15.0,UNICA,0.0,0.0,0.0,0.0
00010098,2023,7,1,1,15.0,15.0,15.0,UNICA,0.0,0.0,0.0,0.0
00010098,2023,8,1,1,15.0,15.0,15.0,UNICA,0.0,0.0,0.0,0.0
00010098,2023,9,1,1,15.0,15.0,15.0,UNICA,0.0,0.0,0.0,0.0
00010098,2023,10,1,1,15.0,15.0,15.0,UNICA,0.0,0.0,0.0,0.0
00010098,2023,11,1,1,15.0,15.0,15.0,UNICA,0.0,0.0,0.0,0.0
00010098,2023,12,1,1,15.0,15.0,15.0,UNICA,0.0,0.0,0.0,0.0
00010098,2024,1,1,1,15.0,15.0,15.0,UNICA,0.0,0.0,0.0,0.0
00010098,2024,2,1,1,15.0,15.0,15.0,UNICA,0.0,0.0,0.0,0.0
00010098,2024,3,1,1,15.0,15.0,15.0,UNICA,0.0,0.0,0.0,0.0
00010098,2024,4,1,1,15.0,15.0,15.0,UNICA,0.0,0.0,0.0,0.0
00010098,2024,5,1,1,15.0,15.0,15.0,UNICA,0.0,0.0,0.0,0.0
00010098,2024,6,1,1,15.0,15.0,15.0,UNICA,0.0,0.0,0.0,0.0
00010098,2024,7,1,1,15.0,15.0,15.0,UNICA,0.0,0.0,0.0,0.0
00010098,2024,8,1,1,15.0,15.0,15.0,UNICA,0.0,0.0,0.0,0.0
00010098,2024,9,1,1,15.0,15.0,15.0,UNICA,0.0,0.0,0.0,0.0
00010098,2024,10,1,1,15.0,15.0,15.0,UNICA,0.0,0.0,0.0,0.0
00010098,2024,11,1,1,15.0,15.0,15.0,UNICA,0.0,0.0,0.0,0.0
00010098,2024,12,1,1,15.0,15.0,15.0,UNICA,0.0,0.0,0.0,0.0
00010098,2025,1,1,1,15.0,15.0,15.0,UNICA,0.0,0.0,0.0,0.0
00010098,2025,2,1,1,15.0,15.0,15.0,UNICA,0.0,0.0,0.0,0.0
00010098,2025,3,1,1,15.0,15.0,15.0,UNICA,0.0,0.0,0.0,0.0
00010098,2025,4,1,1,15.0,15.0,15.0,UNICA,0.0,0.0,0.0,0.0
00010098,2025,5,1,1,15.0,15.0,15.0,UNICA,0.0,0.0,0.0,0.0
00010098,2025,6,1,1,15.0,15.0,15.0,UNICA,0.0,0.0,0.0,0.0
00010098,2025,7,1,1,15.0,15.0,15.0,UNICA,0.0,0.0,0.0,0.0
00010098,2025,8,1,1,15.0,15.0,15.0,UNICA,0.0,0.0,0.0,0.0
00010098,2025,9,1,1,15.0,15.0,15.0,UNICA,0.0,0.0,0.0,0.0
00010098,2025,10,1,1,15.0,15.0,15.0,UNICA,0.0,0.0,0.0,0.0
00010098,2025,11,1,1,15.0,15.0,15.0,UNICA,0.0,0.0,0.0,0.0
00010098,2026,1,1,1,15.0,15.0,15.0,UNICA,0.0,0.0,0.0,0.0
00010098,2026,2,1,1,15.0,15.0,15.0,UNICA,0.0,0.0,0.0,0.0
00010098,2026,3,1,1,15.0,15.0,15.0,UNICA,0.0,0.0,0.0,0.0
00010135,2016,1,5,5,48.0,13.0,50.0,UNICA,-2.0,-4.0,-37.0,-74.0
00010135,2016,2,3,3,33.0,14.0,50.0,UNICA,-17.0,-34.0,-36.0,-72.0
00010135,2016,3,5,5,48.0,14.0,50.0,UNICA,-2.0,-4.0,-36.0,-72.0
00010135,2016,4,3,3,30.0,14.0,50.0,UNICA,-20.0,-40.0,-36.0,-72.0
00010135,2016,5,5,5,47.0,14.0,50.0,UNICA,-3.0,-6.0,-36.0,-72.0
00010135,2016,6,5,5,46.0,14.0,50.0,UNICA,-4.0,-8.0,-36.0,-72.0
00010135,2016,7,5,5,47.0,14.0,50.0,UNICA,-3.0,-6.0,-36.0,-72.0
00010135,2016,8,5,5,44.0,14.0,50.0,UNICA,-6.0,-12.0,-36.0,-72.0
00010135,2016,9,5,5,45.0,14.0,50.0,UNICA,-5.0,-10.0,-36.0,-72.0
00010135,2016,10,5,5,48.0,13.0,50.0,UNICA,-2.0,-4.0,-37.0,-74.0
00010135,2016,11,5,5,48.0,15.0,50.0,UNICA,-2.0,-4.0,-35.0,-70.0
00010135,2016,12,5,5,49.0,14.0,50.0,UNICA,-1.0,-2.0,-36.0,-72.0
00010135,2017,1,3,3,33.0,15.0,50.0,UNICA,-17.0,-34.0,-35.0,-70.0
00010135,2017,2,5,5,48.0,14.0,50.0,UNICA,-2.0,-4.0,-36.0,-72.0
00010135,2017,3,5,5,49.0,14.0,50.0,UNICA,-1.0,-2.0,-36.0,-72.0
00010135,2017,4,5,5,50.0,14.0,50.0,UNICA,0.0,0.0,-36.0,-72.0
00010135,2017,5,5,5,47.0,14.0,50.0,UNICA,-3.0,-6.0,-36.0,-72.0
00010135,2017,6,5,5,47.0,14.0,50.0,UNICA,-3.0,-6.0,-36.0,-72.0
00010135,2017,7,5,5,47.0,14.0,50.0,UNICA,-3.0,-6.0,-36.0,-72.0
00010135,2017,8,5,5,48.0,14.0,50.0,UNICA,-2.0,-4.0,-36.0,-72.0
00010135,2017,9,5,5,48.0,15.0,50.0,UNICA,-2.0,-4.0,-35.0,-70.0
00010135,2017,10,5,5,48.0,15.0,50.0,UNICA,-2.0,-4.0,-35.0,-70.0
00010135,2017,11,5,5,47.0,13.0,50.0,UNICA,-3.0,-6.0,-37.0,-74.0
00010135,2017,12,5,5,49.0,14.0,50.0,UNICA,-1.0,-2.0,-36.0,-72.0
00010135,2018,1,5,5,49.0,14.0,50.0,UNICA,-1.0,-2.0,-36.0,-72.0
00010135,2018,2,5,5,48.0,14.0,50.0,UNICA,-2.0,-4.0,-36.0,-72.0
00010135,2018,3,5,5,43.0,13.0,50.0,UNICA,-7.0,-14.000000000000002,-37.0,-74.0
00010135,2018,4,5,5,49.0,14.0,50.0,UNICA,-1.0,-2.0,-36.0,-72.0
00010135,2018,5,5,5,50.0,14.0,50.0,UNICA,0.0,0.0,-36.0,-72.0
00010135,2018,6,5,5,49.0,14.0,50.0,UNICA,-1.0,-2.0,-36.0,-72.0
00010135,2018,7,5,5,48.0,15.0,50.0,UNICA,-2.0,-4.0,-35.0,-70.0
00010135,2018,8,5,5,49.0,13.0,50.0,UNICA,-1.0,-2.0,-37.0,-74.0
00010135,2018,9,5,5,49.0,15.0,50.0,UNICA,-1.0,-2.0,-35.0,-70.0
00010135,2018,10,5,5,48.0,13.0,50.0,UNICA,-2.0,-4.0,-37.0,-74.0
00010135,2018,11,5,5,49.0,14.0,50.0,UNICA,-1.0,-2.0,-36.0,-72.0
00010135,2019,1,5,5,50.0,14.0,50.0,UNICA,0.0,0.0,-36.0,-72.0
00010135,2019,2,5,5,49.0,14.0,50.0,UNICA,-1.0,-2.0,-36.0,-72.0
00010135,2019,3,5,5,49.0,14.0,50.0,UNICA,-1.0,-2.0,-36.0,-72.0
00010135,2019,4,5,5,47.0,13.0,50.0,UNICA,-3.0,-6.0,-37.0,-74.0
00010135,2019,5,5,5,43.0,13.0,50.0,UNICA,-7.0,-14.000000000000002,-37.0,-74.0
00010135,2019,6,5,5,46.0,13.0,50.0,UNICA,-4.0,-8.0,-37.0,-74.0
00010135,2019,7,5,5,47.0,14.0,50.0,UNICA,-3.0,-6.0,-36.0,-72.0
00010135,2019,8,5,5,46.0,14.0,50.0,UNICA,-4.0,-8.0,-36.0,-72.0
00010135,2019,9,5,5,46.0,14.0,50.0,UNICA,-4.0,-8.0,-36.0,-72.0
00010135,2019,10,5,5,49.0,15.0,50.0,UNICA,-1.0,-2.0,-35.0,-70.0
00010135,2019,11,5,5,49.0,14.0,50.0,UNICA,-1.0,-2.0,-36.0,-72.0
00010135,2020,1,5,5,48.0,14.0,50.0,UNICA,-2.0,-4.0,-36.0,-72.0
00010135,2020,2,5,5,50.0,15.0,50.0,UNICA,0.0,0.0,-35.0,-70.0
00010135,2020,3,5,5,50.0,14.0,35.0,UNICA,15.0,42.857142857142854,-21.0,-60.0
00010135,2020,4,5,5,37.0,11.0,37.0,UNICA,0.0,0.0,-26.0,-70.27027027027027
00010135,2020,5,5,5,50.0,14.0,50.0,UNICA,0.0,0.0,-36.0,-72.0
00010135,2020,6,5,5,37.0,13.0,37.0,UNICA,0.0,0.0,-24.0,-64.86486486486487
00010135,2020,7,5,5,37.0,13.0,37.0,UNICA,0.0,0.0,-24.0,-64.86486486486487
00010135,2020,8,5,5,33.0,13.0,33.0,UNICA,0.0,0.0,-20.0,-60.60606060606061
00010135,2020,9,5,5,33.0,13.0,33.0,UNICA,0.0,0.0,-20.0,-60.60606060606061
00010135,2020,10,5,5,36.0,13.0,36.0,UNICA,0.0,0.0,-23.0,-63.888888888888886
00010135,2020,11,5,5,35.0,14.0,35.0,UNICA,0.0,0.0,-21.0,-60.0
00010135,2020,12,5,5,36.0,14.0,35.0,UNICA,1.0,2.857142857142857,-21.0,-60.0
00010135,2021,1,5,5,36.0,14.0,36.0,UNICA,0.0,0.0,-22.0,-61.111111111111114
00010135,2021,2,5,5,36.0,14.0,36.0,UNICA,0.0,0.0,-22.0,-61.111111111111114
00010135,2021,3,5,5,36.0,14.0,36.0,UNICA,0.0,0.0,-22.0,-61.111111111111114
00010135,2021,4,5,5,36.0,14.0,36.0,UNICA,0.0,0.0,-22.0,-61.111111111111114
00010135,2021,5,4,4,34.0,12.0,36.0,UNICA,-2.0,-5.555555555555555,-24.0,-66.66666666666666
00010135,2021,6,4,4,36.0,15.0,36.0,UNICA,0.0,0.0,-21.0,-58.333333333333336
00010135,2021,7,4,4,36.0,15.0,36.0,UNICA,0.0,0.0,-21.0,-58.333333333333336
00010135,2021,8,3,3,32.0,17.0,36.0,UNICA,-4.0,-11.11111111111111,-19.0,-52.77777777777778
00010135,2021,9,3,3,36.0,17.0,36.0,UNICA,0.0,0.0,-19.0,-52.77777777777778
00010135,2021,10,4,4,41.0,18.0,41.0,UNICA,0.0,0.0,-23.0,-56.09756097560976
00010135,2021,11,4,4,41.0,18.0,41.0,UNICA,0.0,0.0,-23.0,-56.09756097560976
00010135,2021,12,3,3,26.0,13.0,41.0,UNICA,-15.0,-36.58536585365854,-28.0,-68.29268292682927
00010135,2022,1,3,3,37.0,18.0,41.0,UNICA,-4.0,-9.75609756097561,-23.0,-56.09756097560976
00010135,2022,2,4,4,41.0,18.0,41.0,UNICA,0.0,0.0,-23.0,-56.09756097560976
00010135,2022,3,4,4,41.0,18.0,41.0,UNICA,0.0,0.0,-23.0,-56.09756097560976
00010135,2022,4,4,4,41.0,18.0,41.0,UNICA,0.0,0.0,-23.0,-56.09756097560976
00010135,2022,5,4,4,41.0,18.0,41.0,UNICA,0.0,0.0,-23.0,-56.09756097560976
00010135,2022,6,4,4,41.0,18.0,41.0,UNICA,0.0,0.0,-23.0,-56.09756097560976
00010135,2022,7,4,4,39.0,18.0,39.0,UNICA,0.0,0.0,-21.0,-53.84615384615385
00010135,2022,8,4,4,39.0,18.0,39.0,UNICA,0.0,0.0,-21.0,-53.84615384615385
00010135,2022,9,4,4,37.0,18.0,41.0,UNICA,-4.0,-9.75609756097561,-23.0,-56.09756097560976
00010135,2022,10,4,4,37.0,18.0,41.0,UNICA,-4.0,-9.75609756097561,-23.0,-56.09756097560976
00010135,2022,11,4,4,37.0,18.0,37.0,UNICA,0.0,0.0,-19.0,-51.35135135135135
00010135,2022,12,4,4,38.0,18.0,38.0,UNICA,0.0,0.0,-20.0,-52.63157894736842
00010135,2023,1,4,4,37.0,18.0,37.0,UNICA,0.0,0.0,-19.0,-51.35135135135135
00010135,2023,2,4,4,38.0,18.0,38.0,UNICA,0.0,0.0,-20.0,-52.63157894736842
00010135,2023,3,3,3,29.0,18.0,37.0,UNICA,-8.0,-21.62162162162162,-19.0,-51.35135135135135
00010135,2023,4,3,3,26.0,14.0,38.0,UNICA,-12.0,-31.57894736842105,-24.0,-63.1578947368421
00010135,2023,5,4,4,39.0,18.0,39.0,UNICA,0.0,0.0,-21.0,-53.84615384615385
00010135,2023,6,4,4,41.0,18.0,41.0,UNICA,0.0,0.0,-23.0,-56.09756097560976
00010135,2023,7,4,4,41.0,19.0,41.0,UNICA,0.0,0.0,-22.0,-53.65853658536586
00010135,2023,8,5,5,48.0,19.0,41.0,UNICA,7.0,17.073170731707318,-22.0,-53.65853658536586
00010135,2023,9,5,5,48.0,19.0,41.0,UNICA,7.0,17.073170731707318,-22.0,-53.65853658536586
00010135,2023,10,5,5,49.0,20.0,42.0,UNICA,7.0,16.666666666666664,-22.0,-52.38095238095239
00010135,2023,11,5,5,57.0,23.0,42.0,UNICA,15.0,35.714285714285715,-19.0,-45.23809523809524
00010135,2023,12,5,5,57.0,22.0,50.0,UNICA,7.0,14.000000000000002,-28.0,-56.00000000000001
00010135,2024,1,5,5,61.0,23.0,54.0,UNICA,7.0,12.962962962962962,-31.0,-57.407407407407405
00010135,2024,2,5,5,52.0,20.0,54.0,UNICA,-2.0,-3.7037037037037033,-34.0,-62.96296296296296
00010135,2024,3,5,5,56.0,21.0,54.0,UNICA,2.0,3.7037037037037033,-33.0,-61.111111111111114
00010135,2024,4,5,5,54.0,22.0,54.0,UNICA,0.0,0.0,-32.0,-59.25925925925925
00010135,2024,5,5,5,61.0,21.0,54.0,UNICA,7.0,12.962962962962962,-33.0,-61.111111111111114
00010135,2024,6,5,5,51.0,18.0,54.0,UNICA,-3.0,-5.555555555555555,-36.0,-66.66666666666666
00010135,2024,7,5,5,52.0,20.0,45.0,UNICA,7.0,15.555555555555555,-25.0,-55.55555555555556
00010135,2024,8,5,5,53.0,22.0,46.0,UNICA,7.0,15.217391304347828,-24.0,-52.17391304347826
00010135,2024,9,5,5,52.0,18.0,45.0,UNICA,7.0,15.555555555555555,-27.0,-60.0
00010135,2024,10,5,5,50.0,19.0,43.0,UNICA,7.0,16.27906976744186,-24.0,-55.81395348837209
00010135,2024,11,5,5,54.0,21.0,47.0,UNICA,7.0,14.893617021276595,-26.0,-55.319148936170215
00010135,2024,12,5,5,55.0,20.0,48.0,UNICA,7.0,14.583333333333334,-28.0,-58.333333333333336
00010135,2025,1,5,5,53.0,22.0,55.0,UNICA,-2.0,-3.6363636363636362,-33.0,-60.0
00010135,2025,2,5,5,55.0,20.0,48.0,UNICA,7.0,14.583333333333334,-28.0,-58.333333333333336
00010135,2025,3,5,5,62.0,22.0,55.0,UNICA,7.0,12.727272727272727,-33.0,-60.0
00010135,2025,4,5,5,56.0,21.0,51.0,UNICA,5.0,9.803921568627452,-30.0,-58.82352941176471
00010135,2025,5,5,5,59.0,22.0,52.0,UNICA,7.0,13.461538461538462,-30.0,-57.692307692307686
00010135,2025,6,5,5,58.0,23.0,51.0,UNICA,7.0,13.725490196078432,-28.0,-54.90196078431373
00010135,2025,7,5,5,62.0,23.0,55.0,UNICA,7.0,12.727272727272727,-32.0,-58.18181818181818
00010135,2025,8,5,5,61.0,24.0,54.0,UNICA,7.0,12.962962962962962,-30.0,-55.55555555555556
00010135,2025,9,5,5,56.0,20.0,51.0,UNICA,5.0,9.803921568627452,-31.0,-60.78431372549019
00010135,2025,10,5,5,63.0,23.0,55.0,UNICA,8.0,14.545454545454545,-32.0,-58.18181818181818
00010135,2025,11,5,5,62.0,26.0,55.0,UNICA,7.0,12.727272727272727,-29.0,-52.72727272727272
00010135,2025,12,1,1,6.0,6.0,50.0,UNICA,-44.0,-88.0,-44.0,-88.0
00010135,2026,1,5,5,58.0,25.0,52.0,UNICA,6.0,11.538461538461538,-27.0,-51.92307692307693
00010135,2026,2,6,6,61.0,21.0,55.0,UNICA,6.0,10.909090909090908,-34.0,-61.81818181818181
00010135,2026,3,5,5,55.0,20.0,55.0,UNICA,0.0,0.0,-35.0,-63.63636363636363
00010434,2015,11,1,1,8.0,8.0,166.0,UNICA,-158.0,-95.18072289156626,-158.0,-95.18072289156626
00010434,2015,12,2,2,166.0,158.0,166.0,UNICA,0.0,0.0,-8.0,-4.819277108433735
00010434,2016,1,2,2,166.0,158.0,166.0,UNICA,0.0,0.0,-8.0,-4.819277108433735
00010434,2016,2,2,2,166.0,158.0,166.0,UNICA,0.0,0.0,-8.0,-4.819277108433735
00010434,2016,3,2,2,166.0,158.0,166.0,UNICA,0.0,0.0,-8.0,-4.819277108433735
00010434,2016,4,2,2,166.0,158.0,166.0,UNICA,0.0,0.0,-8.0,-4.819277108433735
00010434,2016,5,2,2,166.0,158.0,166.0,UNICA,0.0,0.0,-8.0,-4.819277108433735
00010434,2016,6,2,2,166.0,158.0,166.0,UNICA,0.0,0.0,-8.0,-4.819277108433735
00010434,2016,7,2,2,149.0,144.0,149.0,UNICA,0.0,0.0,-5.0,-3.3557046979865772
00010434,2016,8,2,2,148.0,144.0,148.0,UNICA,0.0,0.0,-4.0,-2.7027027027027026
00010434,2016,9,2,2,150.0,144.0,148.0,UNICA,2.0,1.3513513513513513,-4.0,-2.7027027027027026
00010434,2016,10,2,2,150.0,144.0,148.0,UNICA,2.0,1.3513513513513513,-4.0,-2.7027027027027026
00010434,2016,11,2,2,152.0,144.0,148.0,UNICA,4.0,2.7027027027027026,-4.0,-2.7027027027027026
00010434,2016,12,2,2,148.0,144.0,148.0,UNICA,0.0,0.0,-4.0,-2.7027027027027026
00010434,2017,1,1,1,4.0,4.0,148.0,UNICA,-144.0,-97.2972972972973,-144.0,-97.2972972972973
00010434,2017,2,2,2,148.0,144.0,148.0,UNICA,0.0,0.0,-4.0,-2.7027027027027026
00010434,2017,3,2,2,164.0,156.0,164.0,UNICA,0.0,0.0,-8.0,-4.878048780487805
00010434,2017,4,2,2,164.0,156.0,164.0,UNICA,0.0,0.0,-8.0,-4.878048780487805
00010434,2017,5,2,2,164.0,156.0,164.0,UNICA,0.0,0.0,-8.0,-4.878048780487805
00010434,2017,6,2,2,164.0,156.0,148.0,UNICA,16.0,10.81081081081081,8.0,5.405405405405405
00010434,2017,7,2,2,164.0,156.0,164.0,UNICA,0.0,0.0,-8.0,-4.878048780487805
00010434,2017,8,2,2,164.0,156.0,164.0,UNICA,0.0,0.0,-8.0,-4.878048780487805
00010434,2017,9,2,2,164.0,156.0,164.0,UNICA,0.0,0.0,-8.0,-4.878048780487805
00010434,2017,10,2,2,164.0,156.0,164.0,UNICA,0.0,0.0,-8.0,-4.878048780487805
00010434,2017,11,2,2,164.0,156.0,164.0,UNICA,0.0,0.0,-8.0,-4.878048780487805
00010434,2017,12,2,2,164.0,156.0,164.0,UNICA,0.0,0.0,-8.0,-4.878048780487805
00010434,2018,1,2,2,164.0,156.0,164.0,UNICA,0.0,0.0,-8.0,-4.878048780487805
00010434,2018,2,2,2,164.0,156.0,164.0,UNICA,0.0,0.0,-8.0,-4.878048780487805
00010434,2018,3,2,2,142.0,134.0,142.0,UNICA,0.0,0.0,-8.0,-5.633802816901409
00010434,2018,4,2,2,164.0,156.0,142.0,UNICA,22.0,15.492957746478872,14.0,9.859154929577464
00010434,2018,5,2,2,164.0,156.0,142.0,UNICA,22.0,15.492957746478872,14.0,9.859154929577464
00010434,2018,6,2,2,164.0,156.0,142.0,UNICA,22.0,15.492957746478872,14.0,9.859154929577464
00010434,2018,7,2,2,164.0,156.0,142.0,UNICA,22.0,15.492957746478872,14.0,9.859154929577464
00010434,2018,8,2,2,164.0,156.0,142.0,UNICA,22.0,15.492957746478872,14.0,9.859154929577464
00010434,2018,9,2,2,164.0,156.0,142.0,UNICA,22.0,15.492957746478872,14.0,9.859154929577464
00010434,2018,10,2,2,164.0,156.0,164.0,UNICA,0.0,0.0,-8.0,-4.878048780487805
00010434,2018,11,2,2,164.0,156.0,164.0,UNICA,0.0,0.0,-8.0,-4.878048780487805
00010434,2019,1,2,2,164.0,156.0,164.0,UNICA,0.0,0.0,-8.0,-4.878048780487805
00010434,2019,2,2,2,162.0,158.0,162.0,UNICA,0.0,0.0,-4.0,-2.4691358024691357
00010434,2019,3,2,2,162.0,158.0,162.0,UNICA,0.0,0.0,-4.0,-2.4691358024691357
00010434,2019,4,2,2,162.0,158.0,162.0,UNICA,0.0,0.0,-4.0,-2.4691358024691357
00010434,2019,5,2,2,162.0,158.0,162.0,UNICA,0.0,0.0,-4.0,-2.4691358024691357
00010434,2019,6,2,2,162.0,158.0,162.0,UNICA,0.0,0.0,-4.0,-2.4691358024691357
00010434,2019,7,2,2,163.0,158.0,163.0,UNICA,0.0,0.0,-5.0,-3.067484662576687
00010434,2019,8,2,2,163.0,158.0,163.0,UNICA,0.0,0.0,-5.0,-3.067484662576687
00010434,2019,9,2,2,163.0,158.0,163.0,UNICA,0.0,0.0,-5.0,-3.067484662576687
00010434,2019,10,2,2,166.0,158.0,166.0,UNICA,0.0,0.0,-8.0,-4.819277108433735
00010434,2019,11,2,2,166.0,158.0,166.0,UNICA,0.0,0.0,-8.0,-4.819277108433735
00010434,2020,1,2,2,166.0,158.0,166.0,UNICA,0.0,0.0,-8.0,-4.819277108433735
00010434,2020,2,2,2,166.0,158.0,166.0,UNICA,0.0,0.0,-8.0,-4.819277108433735
00010434,2020,4,1,1,126.0,126.0,126.0,UNICA,0.0,0.0,0.0,0.0
00010434,2020,5,2,2,236.0,230.0,230.0,UNICA,6.0,2.608695652173913,0.0,0.0
00010434,2020,6,2,2,235.0,230.0,235.0,UNICA,0.0,0.0,-5.0,-2.127659574468085
00010434,2020,7,2,2,241.0,230.0,241.0,UNICA,0.0,0.0,-11.0,-4.564315352697095
00010434,2020,8,2,2,241.0,230.0,241.0,UNICA,0.0,0.0,-11.0,-4.564315352697095
00010434,2020,9,2,2,206.0,190.0,206.0,UNICA,0.0,0.0,-16.0,-7.766990291262135
00010434,2020,10,2,2,136.0,118.0,134.0,UNICA,2.0,1.4925373134328357,-16.0,-11.940298507462686
00010434,2020,11,2,2,136.0,118.0,136.0,UNICA,0.0,0.0,-18.0,-13.23529411764706
00010434,2020,12,2,2,146.0,128.0,146.0,UNICA,0.0,0.0,-18.0,-12.32876712328767
00010434,2021,1,3,3,165.0,137.0,169.0,UNICA,-4.0,-2.366863905325444,-32.0,-18.93491124260355
00010434,2021,2,3,3,202.0,158.0,202.0,UNICA,0.0,0.0,-44.0,-21.782178217821784
00010434,2021,3,3,3,202.0,158.0,202.0,UNICA,0.0,0.0,-44.0,-21.782178217821784
00010434,2021,4,3,3,213.0,169.0,213.0,UNICA,0.0,0.0,-44.0,-20.657276995305164
00010434,2021,5,3,3,230.0,186.0,213.0,UNICA,17.0,7.981220657276995,-27.0,-12.676056338028168
00010434,2021,6,3,3,250.0,204.0,250.0,UNICA,0.0,0.0,-46.0,-18.4
00010434,2021,7,3,3,250.0,204.0,250.0,UNICA,0.0,0.0,-46.0,-18.4
00010434,2021,8,3,3,211.0,171.0,211.0,UNICA,0.0,0.0,-40.0,-18.95734597156398
00010434,2021,9,3,3,132.0,102.0,132.0,UNICA,0.0,0.0,-30.0,-22.727272727272727
00010434,2021,10,3,3,134.0,104.0,134.0,UNICA,0.0,0.0,-30.0,-22.388059701492537
00010434,2021,11,3,3,140.0,110.0,140.0,UNICA,0.0,0.0,-30.0,-21.428571428571427
00010434,2021,12,3,3,141.0,111.0,141.0,UNICA,0.0,0.0,-30.0,-21.27659574468085
00010434,2022,1,3,3,220.0,190.0,220.0,UNICA,0.0,0.0,-30.0,-13.636363636363635
00010434,2022,2,3,3,196.0,167.0,196.0,UNICA,0.0,0.0,-29.0,-14.795918367346939
00010434,2022,3,3,3,194.0,166.0,194.0,UNICA,0.0,0.0,-28.0,-14.432989690721648
00010434,2022,4,3,3,151.0,131.0,184.0,UNICA,-33.0,-17.934782608695652,-53.0,-28.804347826086957
00010434,2022,5,3,3,172.0,152.0,172.0,UNICA,0.0,0.0,-20.0,-11.627906976744185
00010434,2022,6,3,3,179.0,152.0,179.0,UNICA,0.0,0.0,-27.0,-15.083798882681565
00010434,2022,7,3,3,188.0,154.0,188.0,UNICA,0.0,0.0,-34.0,-18.085106382978726
00010434,2022,8,3,3,198.0,171.0,198.0,UNICA,0.0,0.0,-27.0,-13.636363636363635
00010434,2022,9,3,3,171.0,148.0,171.0,UNICA,0.0,0.0,-23.0,-13.450292397660817
00010434,2022,10,3,3,187.0,166.0,187.0,UNICA,0.0,0.0,-21.0,-11.229946524064172
00010434,2022,11,3,3,196.0,174.0,196.0,UNICA,0.0,0.0,-22.0,-11.224489795918368
00010434,2022,12,3,3,190.0,168.0,190.0,UNICA,0.0,0.0,-22.0,-11.578947368421053
00010434,2023,1,3,3,167.0,145.0,167.0,UNICA,0.0,0.0,-22.0,-13.17365269461078
00010434,2023,2,3,3,175.0,155.0,175.0,UNICA,0.0,0.0,-20.0,-11.428571428571429
00010434,2023,3,3,3,200.0,180.0,200.0,UNICA,0.0,0.0,-20.0,-10.0
00010434,2023,4,3,3,200.0,180.0,200.0,UNICA,0.0,0.0,-20.0,-10.0
00010434,2023,5,3,3,200.0,180.0,200.0,UNICA,0.0,0.0,-20.0,-10.0
00010434,2023,6,3,3,200.0,180.0,200.0,UNICA,0.0,0.0,-20.0,-10.0
00010434,2023,7,3,3,200.0,180.0,200.0,UNICA,0.0,0.0,-20.0,-10.0
00010434,2023,8,2,2,20.0,12.0,200.0,UNICA,-180.0,-90.0,-188.0,-94.0
00010434,2023,9,3,3,200.0,180.0,200.0,UNICA,0.0,0.0,-20.0,-10.0
00010434,2023,10,3,3,200.0,180.0,200.0,UNICA,0.0,0.0,-20.0,-10.0
00010434,2023,11,3,3,200.0,180.0,200.0,UNICA,0.0,0.0,-20.0,-10.0
00010434,2023,12,3,3,200.0,180.0,200.0,UNICA,0.0,0.0,-20.0,-10.0
00010434,2024,1,3,3,188.0,170.0,188.0,UNICA,0.0,0.0,-18.0,-9.574468085106384
00010434,2024,2,3,3,190.0,172.0,190.0,UNICA,0.0,0.0,-18.0,-9.473684210526317
00010434,2024,3,3,3,186.0,172.0,190.0,UNICA,-4.0,-2.1052631578947367,-18.0,-9.473684210526317
00010434,2024,4,3,3,184.0,170.0,190.0,UNICA,-6.0,-3.1578947368421053,-20.0,-10.526315789473683
00010434,2024,5,3,3,180.0,166.0,180.0,UNICA,0.0,0.0,-14.0,-7.777777777777778
00010434,2024,6,3,3,187.0,173.0,187.0,UNICA,0.0,0.0,-14.0,-7.4866310160427805
00010434,2024,7,3,3,190.0,176.0,190.0,UNICA,0.0,0.0,-14.0,-7.368421052631578
00010434,2024,8,3,3,180.0,166.0,180.0,UNICA,0.0,0.0,-14.0,-7.777777777777778
00010434,2024,9,3,3,190.0,176.0,190.0,UNICA,0.0,0.0,-14.0,-7.368421052631578
00010434,2024,10,3,3,186.0,174.0,186.0,UNICA,0.0,0.0,-12.0,-6.451612903225806
00010434,2024,11,3,3,190.0,176.0,190.0,UNICA,0.0,0.0,-14.0,-7.368421052631578
00010434,2024,12,3,3,187.0,173.0,187.0,UNICA,0.0,0.0,-14.0,-7.4866310160427805
00010434,2025,1,3,3,187.0,173.0,190.0,UNICA,-3.0,-1.5789473684210527,-17.0,-8.947368421052632
00010434,2025,2,3,3,190.0,176.0,190.0,UNICA,0.0,0.0,-14.0,-7.368421052631578
00010434,2025,3,3,3,190.0,176.0,190.0,UNICA,0.0,0.0,-14.0,-7.368421052631578
00010434,2025,4,3,3,190.0,176.0,190.0,UNICA,0.0,0.0,-14.0,-7.368421052631578
00010434,2025,5,3,3,190.0,176.0,190.0,UNICA,0.0,0.0,-14.0,-7.368421052631578
00010434,2025,6,3,3,190.0,176.0,190.0,UNICA,0.0,0.0,-14.0,-7.368421052631578
00010434,2025,7,3,3,190.0,176.0,190.0,UNICA,0.0,0.0,-14.0,-7.368421052631578
00010434,2025,8,3,3,190.0,176.0,190.0,UNICA,0.0,0.0,-14.0,-7.368421052631578
00010434,2025,9,3,3,190.0,176.0,190.0,UNICA,0.0,0.0,-14.0,-7.368421052631578
00010434,2025,10,3,3,193.0,179.0,193.0,UNICA,0.0,0.0,-14.0,-7.253886010362693
00010434,2025,11,3,3,200.0,186.0,200.0,UNICA,0.0,0.0,-14.0,-7.000000000000001
00010434,2025,12,2,2,14.0,8.0,200.0,UNICA,-186.0,-93.0,-192.0,-96.0
00010434,2026,1,3,3,200.0,186.0,200.0,UNICA,0.0,0.0,-14.0,-7.000000000000001
00010434,2026,2,3,3,200.0,186.0,200.0,UNICA,0.0,0.0,-14.0,-7.000000000000001
00010434,2026,3,3,3,200.0,186.0,200.0,UNICA,0.0,0.0,-14.0,-7.000000000000001
00010751,2015,8,1,1,283.0,283.0,283.0,UNICA,0.0,0.0,0.0,0.0
00010751,2015,9,1,1,283.0,283.0,283.0,UNICA,0.0,0.0,0.0,0.0
00010751,2015,10,1,1,283.0,283.0,,,,,,
00010751,2015,11,1,1,283.0,283.0,283.0,UNICA,0.0,0.0,0.0,0.0
00010751,2015,12,1,1,283.0,283.0,283.0,UNICA,0.0,0.0,0.0,0.0
00010751,2016,1,1,1,283.0,283.0,283.0,UNICA,0.0,0.0,0.0,0.0
00010751,2016,2,1,1,283.0,283.0,283.0,UNICA,0.0,0.0,0.0,0.0
00010751,2016,3,1,1,283.0,283.0,283.0,UNICA,0.0,0.0,0.0,0.0
00010751,2016,4,1,1,283.0,283.0,283.0,UNICA,0.0,0.0,0.0,0.0
00010751,2016,5,1,1,283.0,283.0,283.0,UNICA,0.0,0.0,0.0,0.0
00010751,2016,6,1,1,283.0,283.0,283.0,UNICA,0.0,0.0,0.0,0.0
00010751,2016,7,1,1,283.0,283.0,283.0,UNICA,0.0,0.0,0.0,0.0
00010751,2016,8,1,1,283.0,283.0,283.0,UNICA,0.0,0.0,0.0,0.0
00010751,2016,9,1,1,283.0,283.0,283.0,UNICA,0.0,0.0,0.0,0.0
00010751,2016,10,1,1,283.0,283.0,283.0,UNICA,0.0,0.0,0.0,0.0
00010751,2016,11,1,1,283.0,283.0,283.0,UNICA,0.0,0.0,0.0,0.0
00010751,2016,12,1,1,283.0,283.0,283.0,UNICA,0.0,0.0,0.0,0.0
00010751,2017,2,1,1,283.0,283.0,283.0,UNICA,0.0,0.0,0.0,0.0
00010751,2017,3,1,1,283.0,283.0,283.0,UNICA,0.0,0.0,0.0,0.0
00010751,2017,4,1,1,283.0,283.0,283.0,UNICA,0.0,0.0,0.0,0.0
00010751,2017,5,1,1,283.0,283.0,283.0,UNICA,0.0,0.0,0.0,0.0
00010751,2017,6,1,1,283.0,283.0,283.0,UNICA,0.0,0.0,0.0,0.0
00010751,2017,7,1,1,283.0,283.0,283.0,UNICA,0.0,0.0,0.0,0.0
00010751,2017,8,1,1,283.0,283.0,283.0,UNICA,0.0,0.0,0.0,0.0
00010751,2017,9,1,1,283.0,283.0,283.0,UNICA,0.0,0.0,0.0,0.0
00010751,2017,10,1,1,283.0,283.0,283.0,UNICA,0.0,0.0,0.0,0.0
00010751,2017,11,1,1,283.0,283.0,283.0,UNICA,0.0,0.0,0.0,0.0
00010751,2017,12,1,1,283.0,283.0,283.0,UNICA,0.0,0.0,0.0,0.0
00010751,2018,1,1,1,283.0,283.0,283.0,UNICA,0.0,0.0,0.0,0.0
00010751,2018,2,1,1,283.0,283.0,283.0,UNICA,0.0,0.0,0.0,0.0
00010751,2018,3,1,1,283.0,283.0,283.0,UNICA,0.0,0.0,0.0,0.0
00010751,2018,4,1,1,283.0,283.0,283.0,UNICA,0.0,0.0,0.0,0.0
00010751,2018,5,1,1,283.0,283.0,283.0,UNICA,0.0,0.0,0.0,0.0
00010751,2018,6,1,1,283.0,283.0,283.0,UNICA,0.0,0.0,0.0,0.0
00010751,2018,7,1,1,283.0,283.0,283.0,UNICA,0.0,0.0,0.0,0.0
00010751,2018,8,1,1,283.0,283.0,283.0,UNICA,0.0,0.0,0.0,0.0
00010751,2018,9,1,1,283.0,283.0,283.0,UNICA,0.0,0.0,0.0,0.0
00010751,2018,10,1,1,283.0,283.0,283.0,UNICA,0.0,0.0,0.0,0.0
00010751,2018,11,1,1,283.0,283.0,283.0,UNICA,0.0,0.0,0.0,0.0
00010751,2019,1,1,1,283.0,283.0,283.0,UNICA,0.0,0.0,0.0,0.0
00010751,2019,2,1,1,283.0,283.0,283.0,UNICA,0.0,0.0,0.0,0.0
00010751,2019,3,1,1,283.0,283.0,283.0,UNICA,0.0,0.0,0.0,0.0
00010751,2019,4,1,1,283.0,283.0,283.0,UNICA,0.0,0.0,0.0,0.0
00010751,2019,5,1,1,283.0,283.0,283.0,UNICA,0.0,0.0,0.0,0.0
00010751,2019,6,1,1,283.0,283.0,283.0,UNICA,0.0,0.0,0.0,0.0
00010751,2019,7,1,1,283.0,283.0,283.0,UNICA,0.0,0.0,0.0,0.0
00010751,2019,8,1,1,283.0,283.0,283.0,UNICA,0.0,0.0,0.0,0.0
00010751,2019,9,1,1,283.0,283.0,283.0,UNICA,0.0,0.0,0.0,0.0
00010751,2019,10,1,1,283.0,283.0,283.0,UNICA,0.0,0.0,0.0,0.0
00010751,2019,11,1,1,283.0,283.0,283.0,UNICA,0.0,0.0,0.0,0.0
00010751,2020,1,1,1,283.0,283.0,283.0,UNICA,0.0,0.0,0.0,0.0
00010751,2021,1,1,1,250.0,250.0,250.0,UNICA,0.0,0.0,0.0,0.0
00010751,2021,2,1,1,242.0,242.0,242.0,UNICA,0.0,0.0,0.0,0.0
00010751,2021,3,1,1,242.0,242.0,242.0,UNICA,0.0,0.0,0.0,0.0
00010751,2021,4,1,1,242.0,242.0,242.0,UNICA,0.0,0.0,0.0,0.0
00010751,2021,5,1,1,242.0,242.0,242.0,UNICA,0.0,0.0,0.0,0.0
00010751,2021,6,1,1,283.0,283.0,242.0,UNICA,41.0,16.94214876033058,41.0,16.94214876033058
00010751,2021,7,1,1,242.0,242.0,242.0,UNICA,0.0,0.0,0.0,0.0
00010751,2021,8,1,1,250.0,250.0,250.0,UNICA,0.0,0.0,0.0,0.0
00010751,2021,9,1,1,250.0,250.0,250.0,UNICA,0.0,0.0,0.0,0.0
00010751,2021,10,1,1,250.0,250.0,250.0,UNICA,0.0,0.0,0.0,0.0
00010751,2021,11,1,1,250.0,250.0,250.0,UNICA,0.0,0.0,0.0,0.0
00010751,2021,12,1,1,250.0,250.0,250.0,UNICA,0.0,0.0,0.0,0.0
00010751,2022,1,1,1,250.0,250.0,250.0,UNICA,0.0,0.0,0.0,0.0
00010751,2022,2,1,1,250.0,250.0,250.0,UNICA,0.0,0.0,0.0,0.0
00010751,2022,3,1,1,250.0,250.0,250.0,UNICA,0.0,0.0,0.0,0.0
00010751,2022,4,1,1,250.0,250.0,250.0,UNICA,0.0,0.0,0.0,0.0
00010751,2022,5,1,1,250.0,250.0,250.0,UNICA,0.0,0.0,0.0,0.0
00010751,2022,6,1,1,250.0,250.0,250.0,UNICA,0.0,0.0,0.0,0.0
00010751,2022,7,1,1,250.0,250.0,250.0,UNICA,0.0,0.0,0.0,0.0
00010751,2022,8,1,1,250.0,250.0,250.0,UNICA,0.0,0.0,0.0,0.0
00010751,2022,9,1,1,250.0,250.0,250.0,UNICA,0.0,0.0,0.0,0.0
00010751,2022,10,1,1,250.0,250.0,250.0,UNICA,0.0,0.0,0.0,0.0
00010751,2022,11,1,1,250.0,250.0,264.0,UNICA,-14.0,-5.303030303030303,-14.0,-5.303030303030303
00010751,2022,12,1,1,250.0,250.0,264.0,UNICA,-14.0,-5.303030303030303,-14.0,-5.303030303030303
00010751,2023,1,1,1,264.0,264.0,264.0,UNICA,0.0,0.0,0.0,0.0
00010751,2023,2,1,1,264.0,264.0,264.0,UNICA,0.0,0.0,0.0,0.0
00010751,2023,3,1,1,264.0,264.0,264.0,UNICA,0.0,0.0,0.0,0.0
00010751,2023,4,1,1,264.0,264.0,264.0,UNICA,0.0,0.0,0.0,0.0
00010751,2023,5,1,1,264.0,264.0,264.0,UNICA,0.0,0.0,0.0,0.0
00010751,2023,6,1,1,264.0,264.0,264.0,UNICA,0.0,0.0,0.0,0.0
00010751,2023,7,1,1,264.0,264.0,264.0,UNICA,0.0,0.0,0.0,0.0
00010751,2023,8,1,1,264.0,264.0,264.0,UNICA,0.0,0.0,0.0,0.0
00010751,2023,9,1,1,264.0,264.0,264.0,UNICA,0.0,0.0,0.0,0.0
00010751,2023,10,1,1,264.0,264.0,264.0,UNICA,0.0,0.0,0.0,0.0
00010751,2023,11,1,1,264.0,264.0,264.0,UNICA,0.0,0.0,0.0,0.0
00010751,2023,12,1,1,264.0,264.0,264.0,UNICA,0.0,0.0,0.0,0.0
00010751,2024,1,1,1,247.0,247.0,247.0,UNICA,0.0,0.0,0.0,0.0
00010751,2024,2,1,1,247.0,247.0,247.0,UNICA,0.0,0.0,0.0,0.0
00010751,2024,3,1,1,247.0,247.0,247.0,UNICA,0.0,0.0,0.0,0.0
00010751,2024,4,1,1,229.0,229.0,229.0,UNICA,0.0,0.0,0.0,0.0
00010751,2024,5,1,1,229.0,229.0,229.0,UNICA,0.0,0.0,0.0,0.0
00010751,2024,6,1,1,229.0,229.0,229.0,UNICA,0.0,0.0,0.0,0.0
00010751,2024,7,1,1,270.0,270.0,270.0,UNICA,0.0,0.0,0.0,0.0
00010751,2024,8,1,1,229.0,229.0,,,,,,
00010751,2024,9,1,1,229.0,229.0,229.0,UNICA,0.0,0.0,0.0,0.0
00010751,2024,10,1,1,229.0,229.0,229.0,UNICA,0.0,0.0,0.0,0.0
00010751,2024,11,1,1,227.0,227.0,227.0,UNICA,0.0,0.0,0.0,0.0
00010751,2024,12,1,1,227.0,227.0,227.0,UNICA,0.0,0.0,0.0,0.0
00010751,2025,1,1,1,242.0,242.0,242.0,UNICA,0.0,0.0,0.0,0.0
00010751,2025,2,1,1,242.0,242.0,242.0,UNICA,0.0,0.0,0.0,0.0
00010751,2025,3,1,1,242.0,242.0,242.0,UNICA,0.0,0.0,0.0,0.0
00010751,2025,4,1,1,242.0,242.0,242.0,UNICA,0.0,0.0,0.0,0.0
00010751,2025,5,1,1,242.0,242.0,242.0,UNICA,0.0,0.0,0.0,0.0
00010751,2025,6,1,1,242.0,242.0,242.0,UNICA,0.0,0.0,0.0,0.0
00010751,2025,7,1,1,256.0,256.0,256.0,UNICA,0.0,0.0,0.0,0.0
00010751,2025,8,1,1,256.0,256.0,256.0,UNICA,0.0,0.0,0.0,0.0
00010751,2025,9,1,1,256.0,256.0,256.0,UNICA,0.0,0.0,0.0,0.0
00010751,2025,10,1,1,256.0,256.0,256.0,UNICA,0.0,0.0,0.0,0.0
00010751,2025,11,1,1,256.0,256.0,256.0,UNICA,0.0,0.0,0.0,0.0
00010751,2026,1,1,1,246.0,246.0,246.0,UNICA,0.0,0.0,0.0,0.0
00010751,2026,2,1,1,239.0,239.0,239.0,UNICA,0.0,0.0,0.0,0.0
00010751,2026,3,1,1,237.0,237.0,237.0,UNICA,0.0,0.0,0.0,0.0
00012923,2020,6,1,1,144.0,144.0,144.0,UNICA,0.0,0.0,0.0,0.0
00012923,2020,7,1,1,144.0,144.0,144.0,UNICA,0.0,0.0,0.0,0.0
00012923,2020,8,1,1,144.0,144.0,144.0,UNICA,0.0,0.0,0.0,0.0
00012923,2020,9,1,1,144.0,144.0,144.0,UNICA,0.0,0.0,0.0,0.0
00012923,2020,10,1,1,144.0,144.0,144.0,UNICA,0.0,0.0,0.0,0.0
00012923,2020,11,1,1,144.0,144.0,144.0,UNICA,0.0,0.0,0.0,0.0
00012923,2020,12,1,1,144.0,144.0,144.0,UNICA,0.0,0.0,0.0,0.0
00012923,2021,1,1,1,144.0,144.0,144.0,UNICA,0.0,0.0,0.0,0.0
00012923,2021,2,1,1,144.0,144.0,144.0,UNICA,0.0,0.0,0.0,0.0
00012923,2021,3,1,1,144.0,144.0,144.0,UNICA,0.0,0.0,0.0,0.0
00012923,2021,4,1,1,144.0,144.0,144.0,UNICA,0.0,0.0,0.0,0.0
00013591,2015,8,13,13,278.0,57.0,489.0,UNICA,-211.0,-43.149284253578735,-432.0,-88.34355828220859
00013591,2015,9,19,19,346.0,45.0,488.0,UNICA,-142.0,-29.098360655737704,-443.0,-90.77868852459017
00013591,2015,10,17,17,324.0,45.0,490.0,UNICA,-166.0,-33.87755102040816,-445.0,-90.81632653061224
00013591,2015,11,11,11,377.0,144.0,490.0,UNICA,-113.0,-23.06122448979592,-346.0,-70.61224489795919
00013591,2015,12,16,16,489.0,156.0,489.0,UNICA,0.0,0.0,-333.0,-68.09815950920245
00013591,2016,1,13,13,309.0,57.0,489.0,UNICA,-180.0,-36.809815950920246,-432.0,-88.34355828220859
00013591,2016,2,13,13,394.0,144.0,485.0,UNICA,-91.0,-18.762886597938145,-341.0,-70.30927835051546
00013591,2016,3,13,13,309.0,57.0,489.0,UNICA,-180.0,-36.809815950920246,-432.0,-88.34355828220859
00013591,2016,4,20,20,490.0,144.0,490.0,UNICA,0.0,0.0,-346.0,-70.61224489795919
00013591,2016,5,20,20,388.0,68.0,388.0,UNICA,0.0,0.0,-320.0,-82.4742268041237
00013591,2016,6,20,20,372.0,58.0,372.0,UNICA,0.0,0.0,-314.0,-84.40860215053763
00013591,2016,7,20,20,363.0,58.0,363.0,UNICA,0.0,0.0,-305.0,-84.02203856749311
00013591,2016,8,20,20,367.0,63.0,367.0,UNICA,0.0,0.0,-304.0,-82.83378746594006
00013591,2016,9,20,20,366.0,65.0,366.0,UNICA,0.0,0.0,-301.0,-82.24043715846994
00013591,2016,10,17,17,283.0,43.0,368.0,UNICA,-85.0,-23.097826086956523,-325.0,-88.31521739130434
00013591,2016,11,11,11,269.0,63.0,376.0,UNICA,-107.0,-28.45744680851064,-313.0,-83.24468085106383
00013591,2016,12,15,15,301.0,55.0,371.0,UNICA,-70.0,-18.867924528301888,-316.0,-85.17520215633422
00013591,2017,1,16,16,369.0,113.0,369.0,UNICA,0.0,0.0,-256.0,-69.37669376693766
00013591,2017,2,16,16,341.0,114.0,341.0,UNICA,0.0,0.0,-227.0,-66.56891495601172
00013591,2017,3,21,21,308.0,56.0,308.0,UNICA,0.0,0.0,-252.0,-81.81818181818183
00013591,2017,4,20,20,292.0,58.0,294.0,UNICA,-2.0,-0.6802721088435374,-236.0,-80.27210884353741
00013591,2017,5,20,20,288.0,54.0,288.0,UNICA,0.0,0.0,-234.0,-81.25
00013591,2017,6,20,20,295.0,52.0,295.0,UNICA,0.0,0.0,-243.0,-82.37288135593221
00013591,2017,7,20,20,276.0,52.0,289.0,UNICA,-13.0,-4.498269896193772,-237.0,-82.00692041522491
00013591,2017,8,20,20,267.0,53.0,267.0,UNICA,0.0,0.0,-214.0,-80.14981273408239
00013591,2017,9,20,20,273.0,55.0,273.0,UNICA,0.0,0.0,-218.0,-79.85347985347985
00013591,2017,10,20,20,276.0,56.0,276.0,UNICA,0.0,0.0,-220.0,-79.71014492753623
00013591,2017,11,20,20,283.0,56.0,286.0,UNICA,-3.0,-1.048951048951049,-230.0,-80.41958041958041
00013591,2017,12,20,20,287.0,67.0,287.0,UNICA,0.0,0.0,-220.0,-76.65505226480836
00013591,2018,1,20,20,327.0,66.0,287.0,UNICA,40.0,13.937282229965156,-221.0,-77.00348432055749
00013591,2018,2,20,20,332.0,67.0,332.0,UNICA,0.0,0.0,-265.0,-79.81927710843374
00013591,2018,3,19,19,260.0,42.0,334.0,UNICA,-74.0,-22.15568862275449,-292.0,-87.42514970059881
00013591,2018,4,19,19,373.0,87.0,373.0,UNICA,0.0,0.0,-286.0,-76.67560321715817
00013591,2018,5,19,19,340.0,80.0,340.0,UNICA,0.0,0.0,-260.0,-76.47058823529412
00013591,2018,6,19,19,322.0,77.0,322.0,UNICA,0.0,0.0,-245.0,-76.08695652173914
00013591,2018,7,18,18,302.0,76.0,330.0,UNICA,-28.0,-8.484848484848486,-254.0,-76.96969696969697
00013591,2018,8,18,18,354.0,77.0,390.0,UNICA,-36.0,-9.230769230769232,-313.0,-80.25641025641026
00013591,2018,9,19,19,484.0,155.0,484.0,UNICA,0.0,0.0,-329.0,-67.97520661157024
00013591,2018,10,19,19,345.0,83.0,345.0,UNICA,0.0,0.0,-262.0,-75.94202898550725
00013591,2018,11,20,20,385.0,87.0,484.0,UNICA,-99.0,-20.454545454545457,-397.0,-82.02479338842976
00013591,2019,1,17,17,372.0,100.0,484.0,UNICA,-112.0,-23.140495867768596,-384.0,-79.33884297520662
00013591,2019,2,17,17,376.0,101.0,484.0,UNICA,-108.0,-22.31404958677686,-383.0,-79.13223140495867
00013591,2019,3,20,20,420.0,100.0,484.0,UNICA,-64.0,-13.223140495867769,-384.0,-79.33884297520662
00013591,2019,4,20,20,415.0,100.0,484.0,UNICA,-69.0,-14.256198347107437,-384.0,-79.33884297520662
00013591,2019,5,20,20,393.0,96.0,484.0,UNICA,-91.0,-18.801652892561986,-388.0,-80.16528925619835
00013591,2019,6,20,20,466.0,126.0,411.0,UNICA,55.0,13.381995133819952,-285.0,-69.34306569343066
00013591,2019,7,20,20,487.0,144.0,411.0,UNICA,76.0,18.491484184914842,-267.0,-64.96350364963503
00013591,2019,8,19,19,344.0,45.0,488.0,UNICA,-144.0,-29.508196721311474,-443.0,-90.77868852459017
00013591,2019,9,19,19,488.0,158.0,488.0,UNICA,0.0,0.0,-330.0,-67.62295081967213
00013591,2019,10,19,19,347.0,45.0,411.0,UNICA,-64.0,-15.571776155717762,-366.0,-89.05109489051095
00013591,2019,11,19,19,486.0,158.0,411.0,UNICA,75.0,18.248175182481752,-253.0,-61.55717761557178
00013591,2020,1,20,20,486.0,144.0,411.0,UNICA,75.0,18.248175182481752,-267.0,-64.96350364963503
00013591,2020,2,20,20,415.0,100.0,486.0,UNICA,-71.0,-14.609053497942387,-386.0,-79.42386831275721
00013591,2020,3,20,20,486.0,144.0,486.0,UNICA,0.0,0.0,-342.0,-70.37037037037037
00013591,2020,4,20,20,375.0,70.0,486.0,UNICA,-111.0,-22.839506172839506,-416.0,-85.59670781893004
00013591,2020,5,12,12,252.0,70.0,486.0,UNICA,-234.0,-48.148148148148145,-416.0,-85.59670781893004
00013591,2020,6,8,8,161.0,39.0,411.0,UNICA,-250.0,-60.82725060827251,-372.0,-90.51094890510949
00013591,2020,7,8,8,250.0,104.0,411.0,UNICA,-161.0,-39.17274939172749,-307.0,-74.69586374695864
00013591,2020,8,11,11,340.0,104.0,411.0,UNICA,-71.0,-17.27493917274939,-307.0,-74.69586374695864
00013591,2020,9,10,10,252.0,104.0,411.0,UNICA,-159.0,-38.68613138686132,-307.0,-74.69586374695864
00013591,2020,10,10,10,217.0,74.0,411.0,UNICA,-194.0,-47.201946472019465,-337.0,-81.99513381995133
00013591,2020,11,12,12,214.0,74.0,411.0,UNICA,-197.0,-47.93187347931874,-337.0,-81.99513381995133
00013591,2020,12,12,12,273.0,104.0,411.0,UNICA,-138.0,-33.57664233576642,-307.0,-74.69586374695864
00013591,2021,1,12,12,273.0,104.0,411.0,UNICA,-138.0,-33.57664233576642,-307.0,-74.69586374695864
00013591,2021,2,12,12,328.0,95.0,411.0,UNICA,-83.0,-20.194647201946474,-316.0,-76.88564476885644
00013591,2021,3,12,12,328.0,95.0,411.0,UNICA,-83.0,-20.194647201946474,-316.0,-76.88564476885644
00013591,2021,4,11,11,233.0,84.0,411.0,UNICA,-178.0,-43.30900243309003,-327.0,-79.56204379562044
00013591,2021,5,12,12,342.0,95.0,411.0,UNICA,-69.0,-16.78832116788321,-316.0,-76.88564476885644
00013591,2021,6,12,12,330.0,95.0,411.0,UNICA,-81.0,-19.708029197080293,-316.0,-76.88564476885644
00013591,2021,7,12,12,330.0,95.0,411.0,UNICA,-81.0,-19.708029197080293,-316.0,-76.88564476885644
00013591,2021,8,11,11,310.0,95.0,411.0,UNICA,-101.0,-24.574209245742093,-316.0,-76.88564476885644
00013591,2021,9,14,14,285.0,64.0,411.0,UNICA,-126.0,-30.656934306569344,-347.0,-84.42822384428223
00013591,2021,10,14,14,277.0,64.0,411.0,UNICA,-134.0,-32.60340632603406,-347.0,-84.42822384428223
00013591,2021,11,14,14,277.0,64.0,411.0,UNICA,-134.0,-32.60340632603406,-347.0,-84.42822384428223
00013591,2021,12,11,11,186.0,45.0,411.0,UNICA,-225.0,-54.74452554744526,-366.0,-89.05109489051095
00013591,2022,1,11,11,260.0,56.0,411.0,UNICA,-151.0,-36.73965936739659,-355.0,-86.37469586374696
00013591,2022,2,13,13,336.0,95.0,411.0,UNICA,-75.0,-18.248175182481752,-316.0,-76.88564476885644
00013591,2022,3,13,13,283.0,73.0,411.0,UNICA,-128.0,-31.143552311435524,-338.0,-82.23844282238443
00013591,2022,4,13,13,310.0,76.0,411.0,UNICA,-101.0,-24.574209245742093,-335.0,-81.50851581508516
00013591,2022,5,13,13,298.0,76.0,298.0,UNICA,0.0,0.0,-222.0,-74.49664429530202
00013591,2022,6,13,13,305.0,77.0,411.0,UNICA,-106.0,-25.790754257907544,-334.0,-81.26520681265207
00013591,2022,7,13,13,314.0,72.0,411.0,UNICA,-97.0,-23.600973236009732,-339.0,-82.48175182481752
00013591,2022,8,13,13,303.0,77.0,411.0,UNICA,-108.0,-26.277372262773724,-334.0,-81.26520681265207
00013591,2022,9,13,13,294.0,62.0,411.0,UNICA,-117.0,-28.467153284671532,-349.0,-84.91484184914842
00013591,2022,10,13,13,309.0,77.0,411.0,UNICA,-102.0,-24.817518248175183,-334.0,-81.26520681265207
00013591,2022,11,13,13,301.0,77.0,411.0,UNICA,-110.0,-26.763990267639905,-334.0,-81.26520681265207
00013591,2022,12,13,13,322.0,94.0,411.0,UNICA,-89.0,-21.654501216545015,-317.0,-77.12895377128953
00013591,2023,1,20,20,313.0,64.0,406.0,UNICA,-93.0,-22.906403940886698,-342.0,-84.23645320197043
00013591,2023,2,21,21,334.0,64.0,341.0,UNICA,-7.0,-2.0527859237536656,-277.0,-81.23167155425219
00013591,2023,3,21,21,337.0,70.0,384.0,UNICA,-47.0,-12.239583333333332,-314.0,-81.77083333333334
00013591,2023,4,20,20,357.0,70.0,318.0,UNICA,39.0,12.264150943396226,-248.0,-77.9874213836478
00013591,2023,5,19,19,327.0,74.0,331.0,UNICA,-4.0,-1.2084592145015105,-257.0,-77.64350453172206
00013591,2023,6,19,19,329.0,79.0,331.0,UNICA,-2.0,-0.6042296072507553,-252.0,-76.13293051359517
00013591,2023,7,19,19,336.0,80.0,331.0,UNICA,5.0,1.5105740181268883,-251.0,-75.83081570996978
00013591,2023,8,19,19,332.0,80.0,327.0,UNICA,5.0,1.529051987767584,-247.0,-75.53516819571865
00013591,2023,9,20,20,332.0,80.0,313.0,UNICA,19.0,6.070287539936102,-233.0,-74.4408945686901
00013591,2023,10,20,20,332.0,80.0,321.0,UNICA,11.0,3.4267912772585665,-241.0,-75.0778816199377
00013591,2023,11,20,20,339.0,80.0,337.0,UNICA,2.0,0.5934718100890208,-257.0,-76.26112759643917
00013591,2023,12,13,13,273.0,80.0,354.0,UNICA,-81.0,-22.88135593220339,-274.0,-77.40112994350282
00013591,2024,1,13,13,331.0,95.0,354.0,UNICA,-23.0,-6.497175141242938,-259.0,-73.1638418079096
00013591,2024,2,21,21,336.0,86.0,330.0,UNICA,6.0,1.8181818181818181,-244.0,-73.93939393939394
00013591,2024,3,21,21,343.0,86.0,343.0,UNICA,0.0,0.0,-257.0,-74.9271137026239
00013591,2024,4,21,21,355.0,98.0,438.0,UNICA,-83.0,-18.949771689497716,-340.0,-77.6255707762557
00013591,2024,5,21,21,355.0,98.0,355.0,UNICA,0.0,0.0,-257.0,-72.3943661971831
00013591,2024,6,21,21,359.0,98.0,355.0,UNICA,4.0,1.1267605633802817,-257.0,-72.3943661971831
00013591,2024,7,21,21,355.0,98.0,355.0,UNICA,0.0,0.0,-257.0,-72.3943661971831
00013591,2024,8,21,21,355.0,98.0,355.0,UNICA,0.0,0.0,-257.0,-72.3943661971831
00013591,2024,9,21,21,355.0,98.0,355.0,UNICA,0.0,0.0,-257.0,-72.3943661971831
00013591,2024,10,21,21,355.0,98.0,355.0,UNICA,0.0,0.0,-257.0,-72.3943661971831
00013591,2024,11,21,21,355.0,98.0,355.0,UNICA,0.0,0.0,-257.0,-72.3943661971831
00013591,2024,12,20,20,352.0,98.0,355.0,UNICA,-3.0,-0.8450704225352111,-257.0,-72.3943661971831
00013591,2025,1,20,20,352.0,98.0,355.0,UNICA,-3.0,-0.8450704225352111,-257.0,-72.3943661971831
00013591,2025,2,21,21,386.0,104.0,386.0,UNICA,0.0,0.0,-282.0,-73.05699481865285
00013591,2025,3,14,14,300.0,104.0,358.0,UNICA,-58.0,-16.201117318435752,-254.0,-70.94972067039106
00013591,2025,4,15,15,294.0,86.0,348.0,UNICA,-54.0,-15.517241379310345,-262.0,-75.28735632183908
00013591,2025,5,22,22,386.0,86.0,373.0,UNICA,13.0,3.485254691689008,-287.0,-76.94369973190348
00013591,2025,6,22,22,386.0,86.0,383.0,UNICA,3.0,0.7832898172323759,-297.0,-77.54569190600522
00013591,2025,7,23,23,392.0,86.0,360.0,UNICA,32.0,8.88888888888889,-274.0,-76.11111111111111
00013591,2025,8,23,23,392.0,86.0,342.0,UNICA,50.0,14.619883040935672,-256.0,-74.85380116959064
00013591,2025,9,23,23,380.0,74.0,380.0,UNICA,0.0,0.0,-306.0,-80.52631578947368
00013591,2025,10,22,22,374.0,74.0,384.0,UNICA,-10.0,-2.604166666666667,-310.0,-80.72916666666666
00013591,2025,11,22,22,368.0,86.0,368.0,UNICA,0.0,0.0,-282.0,-76.63043478260869
00013591,2025,12,2,2,23.0,20.0,356.0,UNICA,-333.0,-93.53932584269663,-336.0,-94.3820224719101
00013591,2026,1,22,22,368.0,86.0,356.0,UNICA,12.0,3.3707865168539324,-270.0,-75.84269662921348
00013591,2026,2,24,24,373.0,76.0,373.0,UNICA,0.0,0.0,-297.0,-79.62466487935657
00013591,2026,3,24,24,396.0,76.0,396.0,UNICA,0.0,0.0,-320.0,-80.8080808080808
00013914,2023,8,1,1,1.0,1.0,4.0,UNICA,-3.0,-75.0,-3.0,-75.0
00013914,2023,9,1,1,1.0,1.0,4.0,UNICA,-3.0,-75.0,-3.0,-75.0
00013914,2023,10,1,1,2.0,2.0,4.0,UNICA,-2.0,-50.0,-2.0,-50.0
00013914,2023,11,1,1,2.0,2.0,4.0,UNICA,-2.0,-50.0,-2.0,-50.0
00013914,2023,12,1,1,2.0,2.0,4.0,UNICA,-2.0,-50.0,-2.0,-50.0
00013914,2024,1,1,1,3.0,3.0,4.0,UNICA,-1.0,-25.0,-1.0,-25.0
00013914,2024,2,1,1,3.0,3.0,4.0,UNICA,-1.0,-25.0,-1.0,-25.0
00013914,2024,3,1,1,3.0,3.0,4.0,UNICA,-1.0,-25.0,-1.0,-25.0
00013914,2024,4,1,1,3.0,3.0,4.0,UNICA,-1.0,-25.0,-1.0,-25.0
00013914,2024,7,1,1,2.0,2.0,4.0,UNICA,-2.0,-50.0,-2.0,-50.0
00013914,2024,8,1,1,1.0,1.0,4.0,UNICA,-3.0,-75.0,-3.0,-75.0
00013914,2024,10,1,1,3.0,3.0,4.0,UNICA,-1.0,-25.0,-1.0,-25.0
00013914,2025,2,1,1,4.0,4.0,4.0,UNICA,0.0,0.0,0.0,0.0
00013914,2025,3,1,1,3.0,3.0,4.0,UNICA,-1.0,-25.0,-1.0,-25.0
00013914,2025,4,1,1,3.0,3.0,4.0,UNICA,-1.0,-25.0,-1.0,-25.0
00013914,2025,5,1,1,1.0,1.0,4.0,UNICA,-3.0,-75.0,-3.0,-75.0
00014718,2015,10,1,1,1129.0,1129.0,46.0,UNICA,1083.0,2354.3478260869565,1083.0,2354.3478260869565
00014718,2016,2,1,1,46.0,46.0,46.0,UNICA,0.0,0.0,0.0,0.0
00014718,2016,4,1,1,43.0,43.0,46.0,UNICA,-3.0,-6.521739130434782,-3.0,-6.521739130434782
00014718,2016,5,1,1,43.0,43.0,43.0,UNICA,0.0,0.0,0.0,0.0
00014718,2016,7,1,1,46.0,46.0,45.0,UNICA,1.0,2.2222222222222223,1.0,2.2222222222222223
00014718,2016,11,1,1,43.0,43.0,43.0,UNICA,0.0,0.0,0.0,0.0
00014718,2016,12,1,1,43.0,43.0,43.0,UNICA,0.0,0.0,0.0,0.0
00014718,2017,3,1,1,40.0,40.0,43.0,UNICA,-3.0,-6.976744186046512,-3.0,-6.976744186046512
00014718,2017,4,1,1,40.0,40.0,43.0,UNICA,-3.0,-6.976744186046512,-3.0,-6.976744186046512
00014718,2017,5,1,1,40.0,40.0,40.0,UNICA,0.0,0.0,0.0,0.0
00014718,2017,6,1,1,40.0,40.0,40.0,UNICA,0.0,0.0,0.0,0.0
00014718,2017,7,1,1,40.0,40.0,40.0,UNICA,0.0,0.0,0.0,0.0
00014718,2017,8,1,1,40.0,40.0,40.0,UNICA,0.0,0.0,0.0,0.0
00014718,2017,9,1,1,39.0,39.0,39.0,UNICA,0.0,0.0,0.0,0.0
00014718,2017,10,1,1,40.0,40.0,40.0,UNICA,0.0,0.0,0.0,0.0
00014718,2017,11,1,1,46.0,46.0,46.0,UNICA,0.0,0.0,0.0,0.0
00014718,2017,12,1,1,35.0,35.0,35.0,UNICA,0.0,0.0,0.0,0.0
00014718,2018,1,1,1,40.0,40.0,40.0,UNICA,0.0,0.0,0.0,0.0
00014718,2018,2,1,1,40.0,40.0,40.0,UNICA,0.0,0.0,0.0,0.0
00014718,2018,3,1,1,36.0,36.0,36.0,UNICA,0.0,0.0,0.0,0.0
00014718,2018,4,1,1,38.0,38.0,38.0,UNICA,0.0,0.0,0.0,0.0
00014718,2018,5,1,1,38.0,38.0,38.0,UNICA,0.0,0.0,0.0,0.0
00014718,2018,6,1,1,38.0,38.0,38.0,UNICA,0.0,0.0,0.0,0.0
00014718,2018,7,1,1,38.0,38.0,38.0,UNICA,0.0,0.0,0.0,0.0
00014718,2018,8,1,1,39.0,39.0,38.0,UNICA,1.0,2.631578947368421,1.0,2.631578947368421
00014718,2018,9,1,1,38.0,38.0,38.0,UNICA,0.0,0.0,0.0,0.0
00014718,2018,10,1,1,39.0,39.0,38.0,UNICA,1.0,2.631578947368421,1.0,2.631578947368421
00014718,2018,11,1,1,38.0,38.0,38.0,UNICA,0.0,0.0,0.0,0.0
00014718,2019,1,1,1,39.0,39.0,39.0,UNICA,0.0,0.0,0.0,0.0
00014718,2019,2,1,1,39.0,39.0,39.0,UNICA,0.0,0.0,0.0,0.0
00014718,2019,3,1,1,39.0,39.0,39.0,UNICA,0.0,0.0,0.0,0.0
00014718,2019,4,1,1,39.0,39.0,39.0,UNICA,0.0,0.0,0.0,0.0
00014718,2019,5,1,1,37.0,37.0,37.0,UNICA,0.0,0.0,0.0,0.0
00014718,2019,6,1,1,37.0,37.0,37.0,UNICA,0.0,0.0,0.0,0.0
00014718,2019,7,1,1,37.0,37.0,37.0,UNICA,0.0,0.0,0.0,0.0
00014718,2019,8,1,1,39.0,39.0,37.0,UNICA,2.0,5.405405405405405,2.0,5.405405405405405
00014718,2019,9,1,1,39.0,39.0,37.0,UNICA,2.0,5.405405405405405,2.0,5.405405405405405
00014718,2019,10,1,1,39.0,39.0,26.0,UNICA,13.0,50.0,13.0,50.0
00014718,2019,11,1,1,39.0,39.0,39.0,UNICA,0.0,0.0,0.0,0.0
00014718,2020,1,1,1,34.0,34.0,35.0,UNICA,-1.0,-2.857142857142857,-1.0,-2.857142857142857
00014718,2020,2,1,1,32.0,32.0,32.0,UNICA,0.0,0.0,0.0,0.0
00014718,2020,3,1,1,33.0,33.0,33.0,UNICA,0.0,0.0,0.0,0.0
00014718,2020,4,1,1,28.0,28.0,38.0,UNICA,-10.0,-26.31578947368421,-10.0,-26.31578947368421
00014718,2020,5,1,1,28.0,28.0,28.0,UNICA,0.0,0.0,0.0,0.0
00014718,2020,7,1,1,28.0,28.0,28.0,UNICA,0.0,0.0,0.0,0.0
00014718,2020,8,1,1,28.0,28.0,28.0,UNICA,0.0,0.0,0.0,0.0
00014718,2020,9,1,1,28.0,28.0,28.0,UNICA,0.0,0.0,0.0,0.0
00014718,2020,10,1,1,28.0,28.0,28.0,UNICA,0.0,0.0,0.0,0.0
00014718,2020,11,1,1,16.0,16.0,28.0,UNICA,-12.0,-42.857142857142854,-12.0,-42.857142857142854
00014718,2020,12,1,1,28.0,28.0,28.0,UNICA,0.0,0.0,0.0,0.0
00014718,2021,1,1,1,28.0,28.0,28.0,UNICA,0.0,0.0,0.0,0.0
00014718,2021,2,1,1,28.0,28.0,28.0,UNICA,0.0,0.0,0.0,0.0
00014718,2021,3,1,1,28.0,28.0,28.0,UNICA,0.0,0.0,0.0,0.0
00014718,2021,4,1,1,28.0,28.0,28.0,UNICA,0.0,0.0,0.0,0.0
00014718,2021,5,1,1,28.0,28.0,28.0,UNICA,0.0,0.0,0.0,0.0
00014718,2021,6,1,1,28.0,28.0,28.0,UNICA,0.0,0.0,0.0,0.0
00014718,2021,7,1,1,23.0,23.0,28.0,UNICA,-5.0,-17.857142857142858,-5.0,-17.857142857142858
00014718,2021,8,1,1,23.0,23.0,23.0,UNICA,0.0,0.0,0.0,0.0
00014718,2021,9,1,1,23.0,23.0,23.0,UNICA,0.0,0.0,0.0,0.0
00014718,2021,10,1,1,23.0,23.0,23.0,UNICA,0.0,0.0,0.0,0.0
00014718,2021,11,1,1,23.0,23.0,23.0,UNICA,0.0,0.0,0.0,0.0
00014718,2021,12,1,1,26.0,26.0,26.0,UNICA,0.0,0.0,0.0,0.0
00014718,2022,1,1,1,26.0,26.0,26.0,UNICA,0.0,0.0,0.0,0.0
00014718,2022,2,1,1,23.0,23.0,26.0,UNICA,-3.0,-11.538461538461538,-3.0,-11.538461538461538
00014718,2022,3,1,1,21.0,21.0,21.0,UNICA,0.0,0.0,0.0,0.0
00014718,2022,4,1,1,21.0,21.0,21.0,UNICA,0.0,0.0,0.0,0.0
00014718,2022,5,1,1,21.0,21.0,21.0,UNICA,0.0,0.0,0.0,0.0
00014718,2022,7,1,1,21.0,21.0,21.0,UNICA,0.0,0.0,0.0,0.0
00014718,2022,8,1,1,21.0,21.0,21.0,UNICA,0.0,0.0,0.0,0.0
00014718,2022,9,1,1,21.0,21.0,21.0,UNICA,0.0,0.0,0.0,0.0
00014718,2022,10,1,1,21.0,21.0,21.0,UNICA,0.0,0.0,0.0,0.0
00014718,2022,11,1,1,21.0,21.0,21.0,UNICA,0.0,0.0,0.0,0.0
00014718,2022,12,1,1,21.0,21.0,21.0,UNICA,0.0,0.0,0.0,0.0
00014718,2023,1,1,1,21.0,21.0,21.0,UNICA,0.0,0.0,0.0,0.0
00014718,2023,2,1,1,21.0,21.0,21.0,UNICA,0.0,0.0,0.0,0.0
00014718,2023,3,1,1,21.0,21.0,21.0,UNICA,0.0,0.0,0.0,0.0
00014718,2023,4,1,1,26.0,26.0,26.0,UNICA,0.0,0.0,0.0,0.0
00014718,2023,5,1,1,26.0,26.0,26.0,UNICA,0.0,0.0,0.0,0.0
00014718,2023,6,1,1,26.0,26.0,26.0,UNICA,0.0,0.0,0.0,0.0
00014718,2023,7,1,1,26.0,26.0,26.0,UNICA,0.0,0.0,0.0,0.0
00014718,2023,8,1,1,26.0,26.0,26.0,UNICA,0.0,0.0,0.0,0.0
00014718,2023,9,1,1,26.0,26.0,26.0,UNICA,0.0,0.0,0.0,0.0
00014718,2023,10,1,1,26.0,26.0,26.0,UNICA,0.0,0.0,0.0,0.0
00014718,2023,11,1,1,26.0,26.0,26.0,UNICA,0.0,0.0,0.0,0.0
00014718,2023,12,1,1,26.0,26.0,26.0,UNICA,0.0,0.0,0.0,0.0
00014718,2024,1,1,1,26.0,26.0,26.0,UNICA,0.0,0.0,0.0,0.0
00014718,2024,2,1,1,24.0,24.0,24.0,UNICA,0.0,0.0,0.0,0.0
00014718,2024,3,1,1,24.0,24.0,24.0,UNICA,0.0,0.0,0.0,0.0
00014718,2024,4,1,1,25.0,25.0,25.0,UNICA,0.0,0.0,0.0,0.0
00014718,2024,5,1,1,24.0,24.0,24.0,UNICA,0.0,0.0,0.0,0.0
00014718,2024,6,1,1,24.0,24.0,24.0,UNICA,0.0,0.0,0.0,0.0
00014718,2024,7,1,1,26.0,26.0,26.0,UNICA,0.0,0.0,0.0,0.0
00014718,2024,8,1,1,26.0,26.0,26.0,UNICA,0.0,0.0,0.0,0.0
00014718,2024,9,1,1,24.0,24.0,26.0,UNICA,-2.0,-7.6923076923076925,-2.0,-7.6923076923076925
00014718,2024,10,1,1,24.0,24.0,24.0,UNICA,0.0,0.0,0.0,0.0
00014718,2024,11,1,1,24.0,24.0,24.0,UNICA,0.0,0.0,0.0,0.0
00014718,2024,12,1,1,24.0,24.0,24.0,UNICA,0.0,0.0,0.0,0.0
00014718,2025,1,1,1,24.0,24.0,24.0,UNICA,0.0,0.0,0.0,0.0
00014718,2025,2,1,1,23.0,23.0,23.0,UNICA,0.0,0.0,0.0,0.0
00014718,2025,3,1,1,23.0,23.0,23.0,UNICA,0.0,0.0,0.0,0.0
00014718,2025,4,1,1,24.0,24.0,24.0,UNICA,0.0,0.0,0.0,0.0
00014718,2025,5,1,1,24.0,24.0,24.0,UNICA,0.0,0.0,0.0,0.0
00014718,2025,6,1,1,240.0,240.0,24.0,UNICA,216.0,900.0,216.0,900.0
00014718,2025,7,1,1,22.0,22.0,22.0,UNICA,0.0,0.0,0.0,0.0
00014718,2025,8,1,1,21.0,21.0,21.0,UNICA,0.0,0.0,0.0,0.0
00014718,2025,9,1,1,21.0,21.0,21.0,UNICA,0.0,0.0,0.0,0.0
00014718,2025,10,1,1,21.0,21.0,21.0,UNICA,0.0,0.0,0.0,0.0
00014718,2025,11,1,1,20.0,20.0,20.0,UNICA,0.0,0.0,0.0,0.0
00014718,2026,1,1,1,23.0,23.0,23.0,UNICA,0.0,0.0,0.0,0.0
00014718,2026,2,1,1,22.0,22.0,22.0,UNICA,0.0,0.0,0.0,0.0
00014718,2026,3,1,1,22.0,22.0,22.0,UNICA,0.0,0.0,0.0,0.0
00016094,2016,5,3,3,30.0,16.0,83.0,UNICA,-53.0,-63.85542168674698,-67.0,-80.72289156626506
00016094,2016,8,3,3,100.0,70.0,83.0,UNICA,17.0,20.481927710843372,-13.0,-15.66265060240964
00016094,2016,9,5,5,80.0,35.0,83.0,UNICA,-3.0,-3.614457831325301,-48.0,-57.831325301204814
00016094,2016,10,4,4,72.0,35.0,83.0,UNICA,-11.0,-13.253012048192772,-48.0,-57.831325301204814
00016094,2016,11,4,4,72.0,35.0,83.0,UNICA,-11.0,-13.253012048192772,-48.0,-57.831325301204814
00016094,2016,12,5,5,80.0,35.0,83.0,UNICA,-3.0,-3.614457831325301,-48.0,-57.831325301204814
00016094,2017,1,5,5,80.0,35.0,83.0,UNICA,-3.0,-3.614457831325301,-48.0,-57.831325301204814
00016094,2017,2,5,5,80.0,35.0,83.0,UNICA,-3.0,-3.614457831325301,-48.0,-57.831325301204814
00016094,2017,3,5,5,83.0,35.0,83.0,UNICA,0.0,0.0,-48.0,-57.831325301204814
00016094,2017,4,5,5,80.0,35.0,83.0,UNICA,-3.0,-3.614457831325301,-48.0,-57.831325301204814
00016094,2017,5,5,5,80.0,35.0,83.0,UNICA,-3.0,-3.614457831325301,-48.0,-57.831325301204814
00016094,2017,6,5,5,80.0,35.0,83.0,UNICA,-3.0,-3.614457831325301,-48.0,-57.831325301204814
00016094,2017,7,5,5,80.0,35.0,83.0,UNICA,-3.0,-3.614457831325301,-48.0,-57.831325301204814
00016094,2017,8,4,4,76.0,35.0,83.0,UNICA,-7.0,-8.433734939759036,-48.0,-57.831325301204814
00016094,2017,9,4,4,76.0,35.0,83.0,UNICA,-7.0,-8.433734939759036,-48.0,-57.831325301204814
00016094,2017,10,5,5,83.0,35.0,83.0,UNICA,0.0,0.0,-48.0,-57.831325301204814
00016094,2017,11,5,5,83.0,35.0,83.0,UNICA,0.0,0.0,-48.0,-57.831325301204814
00016094,2017,12,5,5,83.0,35.0,83.0,UNICA,0.0,0.0,-48.0,-57.831325301204814
00016094,2018,1,4,4,72.0,35.0,83.0,UNICA,-11.0,-13.253012048192772,-48.0,-57.831325301204814
00016094,2018,2,4,4,72.0,35.0,83.0,UNICA,-11.0,-13.253012048192772,-48.0,-57.831325301204814
00016094,2018,3,5,5,83.0,35.0,83.0,UNICA,0.0,0.0,-48.0,-57.831325301204814
00016094,2018,4,5,5,83.0,35.0,83.0,UNICA,0.0,0.0,-48.0,-57.831325301204814
00016094,2018,5,4,4,72.0,35.0,83.0,UNICA,-11.0,-13.253012048192772,-48.0,-57.831325301204814
00016094,2018,6,4,4,72.0,35.0,83.0,UNICA,-11.0,-13.253012048192772,-48.0,-57.831325301204814
00016094,2018,7,4,4,72.0,35.0,83.0,UNICA,-11.0,-13.253012048192772,-48.0,-57.831325301204814
00016094,2018,8,4,4,72.0,35.0,83.0,UNICA,-11.0,-13.253012048192772,-48.0,-57.831325301204814
00016094,2018,9,5,5,83.0,35.0,83.0,UNICA,0.0,0.0,-48.0,-57.831325301204814
00016094,2018,10,4,4,72.0,35.0,83.0,UNICA,-11.0,-13.253012048192772,-48.0,-57.831325301204814
00016094,2018,11,4,4,72.0,35.0,83.0,UNICA,-11.0,-13.253012048192772,-48.0,-57.831325301204814
00016094,2019,1,4,4,72.0,35.0,83.0,UNICA,-11.0,-13.253012048192772,-48.0,-57.831325301204814
00016094,2019,2,4,4,72.0,35.0,83.0,UNICA,-11.0,-13.253012048192772,-48.0,-57.831325301204814
00016094,2019,3,4,4,72.0,35.0,83.0,UNICA,-11.0,-13.253012048192772,-48.0,-57.831325301204814
00016094,2019,4,4,4,72.0,35.0,83.0,UNICA,-11.0,-13.253012048192772,-48.0,-57.831325301204814
00016094,2019,5,4,4,72.0,35.0,83.0,UNICA,-11.0,-13.253012048192772,-48.0,-57.831325301204814
00016094,2019,6,4,4,72.0,35.0,83.0,UNICA,-11.0,-13.253012048192772,-48.0,-57.831325301204814
00016094,2019,7,4,4,72.0,35.0,83.0,UNICA,-11.0,-13.253012048192772,-48.0,-57.831325301204814
00016094,2019,8,4,4,72.0,35.0,83.0,UNICA,-11.0,-13.253012048192772,-48.0,-57.831325301204814
00016094,2019,9,4,4,72.0,35.0,83.0,UNICA,-11.0,-13.253012048192772,-48.0,-57.831325301204814
00016094,2019,10,4,4,72.0,35.0,83.0,UNICA,-11.0,-13.253012048192772,-48.0,-57.831325301204814
00016094,2019,11,4,4,72.0,35.0,83.0,UNICA,-11.0,-13.253012048192772,-48.0,-57.831325301204814
00016094,2020,1,4,4,72.0,35.0,83.0,UNICA,-11.0,-13.253012048192772,-48.0,-57.831325301204814
00016094,2020,2,4,4,72.0,35.0,83.0,UNICA,-11.0,-13.253012048192772,-48.0,-57.831325301204814
00016094,2020,3,1,1,22.0,22.0,83.0,UNICA,-61.0,-73.49397590361446,-61.0,-73.49397590361446
00016094,2020,4,1,1,57.0,57.0,83.0,UNICA,-26.0,-31.32530120481928,-26.0,-31.32530120481928
00016094,2020,5,1,1,57.0,57.0,83.0,UNICA,-26.0,-31.32530120481928,-26.0,-31.32530120481928
00016094,2020,6,1,1,57.0,57.0,83.0,UNICA,-26.0,-31.32530120481928,-26.0,-31.32530120481928
00016094,2020,7,1,1,57.0,57.0,83.0,UNICA,-26.0,-31.32530120481928,-26.0,-31.32530120481928
00016094,2020,8,1,1,54.0,54.0,83.0,UNICA,-29.0,-34.93975903614458,-29.0,-34.93975903614458
00016094,2020,9,1,1,54.0,54.0,83.0,UNICA,-29.0,-34.93975903614458,-29.0,-34.93975903614458
00016094,2020,10,1,1,54.0,54.0,83.0,UNICA,-29.0,-34.93975903614458,-29.0,-34.93975903614458
00016094,2020,11,1,1,54.0,54.0,83.0,UNICA,-29.0,-34.93975903614458,-29.0,-34.93975903614458
00016094,2020,12,1,1,57.0,57.0,83.0,UNICA,-26.0,-31.32530120481928,-26.0,-31.32530120481928
00016094,2021,1,1,1,51.0,51.0,63.0,UNICA,-12.0,-19.047619047619047,-12.0,-19.047619047619047
00016094,2021,2,1,1,51.0,51.0,63.0,UNICA,-12.0,-19.047619047619047,-12.0,-19.047619047619047
00016094,2021,3,1,1,51.0,51.0,63.0,UNICA,-12.0,-19.047619047619047,-12.0,-19.047619047619047
00016094,2021,4,1,1,51.0,51.0,63.0,UNICA,-12.0,-19.047619047619047,-12.0,-19.047619047619047
00016094,2021,5,1,1,51.0,51.0,63.0,UNICA,-12.0,-19.047619047619047,-12.0,-19.047619047619047
00016094,2021,6,1,1,51.0,51.0,63.0,UNICA,-12.0,-19.047619047619047,-12.0,-19.047619047619047
00016094,2021,7,1,1,51.0,51.0,36.0,UNICA,15.0,41.66666666666667,15.0,41.66666666666667
00016094,2021,8,1,1,51.0,51.0,65.0,UNICA,-14.0,-21.53846153846154,-14.0,-21.53846153846154
00016094,2021,9,1,1,51.0,51.0,65.0,UNICA,-14.0,-21.53846153846154,-14.0,-21.53846153846154
00016094,2021,10,1,1,51.0,51.0,65.0,UNICA,-14.0,-21.53846153846154,-14.0,-21.53846153846154
00016094,2021,11,1,1,64.0,64.0,64.0,UNICA,0.0,0.0,0.0,0.0
00016094,2021,12,1,1,64.0,64.0,64.0,UNICA,0.0,0.0,0.0,0.0
00016094,2022,1,1,1,51.0,51.0,51.0,UNICA,0.0,0.0,0.0,0.0
00016094,2022,2,1,1,51.0,51.0,69.0,UNICA,-18.0,-26.08695652173913,-18.0,-26.08695652173913
00016094,2022,3,1,1,51.0,51.0,69.0,UNICA,-18.0,-26.08695652173913,-18.0,-26.08695652173913
00016094,2022,4,2,2,69.0,45.0,69.0,UNICA,0.0,0.0,-24.0,-34.78260869565217
00016094,2022,5,2,2,69.0,45.0,67.0,UNICA,2.0,2.9850746268656714,-22.0,-32.83582089552239
00016094,2022,6,2,2,67.0,43.0,67.0,UNICA,0.0,0.0,-24.0,-35.82089552238806
00016094,2022,7,2,2,67.0,43.0,67.0,UNICA,0.0,0.0,-24.0,-35.82089552238806
00016094,2022,8,2,2,67.0,43.0,65.0,UNICA,2.0,3.076923076923077,-22.0,-33.84615384615385
00016094,2022,9,2,2,67.0,43.0,65.0,UNICA,2.0,3.076923076923077,-22.0,-33.84615384615385
00016094,2022,10,2,2,67.0,43.0,65.0,UNICA,2.0,3.076923076923077,-22.0,-33.84615384615385
00016094,2022,11,2,2,67.0,43.0,65.0,UNICA,2.0,3.076923076923077,-22.0,-33.84615384615385
00016094,2022,12,2,2,42.0,21.0,63.0,UNICA,-21.0,-33.33333333333333,-42.0,-66.66666666666666
00016094,2023,1,2,2,42.0,21.0,60.0,UNICA,-18.0,-30.0,-39.0,-65.0
00016094,2023,2,2,2,30.0,22.0,74.0,UNICA,-44.0,-59.45945945945946,-52.0,-70.27027027027027
00016094,2023,3,2,2,61.0,39.0,58.0,UNICA,3.0,5.172413793103448,-19.0,-32.758620689655174
00016094,2023,4,2,2,61.0,39.0,64.0,UNICA,-3.0,-4.6875,-25.0,-39.0625
00016094,2023,5,2,2,61.0,39.0,80.0,UNICA,-19.0,-23.75,-41.0,-51.24999999999999
00016094,2023,6,2,2,61.0,39.0,61.0,UNICA,0.0,0.0,-22.0,-36.0655737704918
00016094,2023,7,2,2,61.0,39.0,80.0,UNICA,-19.0,-23.75,-41.0,-51.24999999999999
00016094,2023,8,2,2,61.0,39.0,80.0,UNICA,-19.0,-23.75,-41.0,-51.24999999999999
00016094,2023,9,2,2,61.0,39.0,80.0,UNICA,-19.0,-23.75,-41.0,-51.24999999999999
00016094,2023,10,2,2,61.0,39.0,80.0,UNICA,-19.0,-23.75,-41.0,-51.24999999999999
00016094,2023,11,2,2,61.0,39.0,55.0,UNICA,6.0,10.909090909090908,-16.0,-29.09090909090909
00016094,2023,12,2,2,61.0,39.0,55.0,UNICA,6.0,10.909090909090908,-16.0,-29.09090909090909
00016094,2024,1,2,2,61.0,39.0,24.0,UNICA,37.0,154.16666666666669,15.0,62.5
00016094,2024,2,2,2,61.0,39.0,21.0,UNICA,40.0,190.47619047619045,18.0,85.71428571428571
00016094,2024,3,2,2,19.0,11.0,21.0,UNICA,-2.0,-9.523809523809524,-10.0,-47.61904761904761
00016094,2024,4,2,2,19.0,11.0,58.0,UNICA,-39.0,-67.24137931034483,-47.0,-81.03448275862068
00016094,2024,5,2,2,19.0,11.0,23.0,UNICA,-4.0,-17.391304347826086,-12.0,-52.17391304347826
00016094,2024,6,2,2,19.0,11.0,72.0,UNICA,-53.0,-73.61111111111111,-61.0,-84.72222222222221
00016094,2024,7,2,2,56.0,34.0,72.0,UNICA,-16.0,-22.22222222222222,-38.0,-52.77777777777778
00016094,2024,8,2,2,56.0,34.0,76.0,UNICA,-20.0,-26.31578947368421,-42.0,-55.26315789473685
00016094,2024,9,2,2,56.0,34.0,76.0,UNICA,-20.0,-26.31578947368421,-42.0,-55.26315789473685
00016094,2024,10,2,2,56.0,34.0,76.0,UNICA,-20.0,-26.31578947368421,-42.0,-55.26315789473685
00016094,2024,11,2,2,56.0,34.0,76.0,UNICA,-20.0,-26.31578947368421,-42.0,-55.26315789473685
00016094,2024,12,2,2,56.0,34.0,76.0,UNICA,-20.0,-26.31578947368421,-42.0,-55.26315789473685
00016094,2025,1,2,2,56.0,34.0,76.0,UNICA,-20.0,-26.31578947368421,-42.0,-55.26315789473685
00016094,2025,2,2,2,56.0,34.0,76.0,UNICA,-20.0,-26.31578947368421,-42.0,-55.26315789473685
00016094,2025,3,2,2,56.0,34.0,76.0,UNICA,-20.0,-26.31578947368421,-42.0,-55.26315789473685
00016094,2025,4,3,3,61.0,34.0,73.0,UNICA,-12.0,-16.43835616438356,-39.0,-53.42465753424658
00016094,2025,5,3,3,61.0,34.0,73.0,UNICA,-12.0,-16.43835616438356,-39.0,-53.42465753424658
00016094,2025,6,2,2,56.0,34.0,73.0,UNICA,-17.0,-23.28767123287671,-39.0,-53.42465753424658
00016094,2025,7,2,2,56.0,34.0,84.0,UNICA,-28.0,-33.33333333333333,-50.0,-59.523809523809526
00016094,2025,8,2,2,57.0,35.0,84.0,UNICA,-27.0,-32.142857142857146,-49.0,-58.333333333333336
00016094,2025,9,3,3,62.0,35.0,84.0,UNICA,-22.0,-26.190476190476193,-49.0,-58.333333333333336
00016094,2025,10,2,2,57.0,35.0,84.0,UNICA,-27.0,-32.142857142857146,-49.0,-58.333333333333336
00016094,2025,11,2,2,57.0,35.0,83.0,UNICA,-26.0,-31.32530120481928,-48.0,-57.831325301204814
00016094,2026,1,3,3,62.0,35.0,74.0,UNICA,-12.0,-16.216216216216218,-39.0,-52.702702702702695
00016094,2026,2,3,3,62.0,35.0,73.0,UNICA,-11.0,-15.068493150684931,-38.0,-52.054794520547944
00016094,2026,3,3,3,62.0,35.0,74.0,UNICA,-12.0,-16.216216216216218,-39.0,-52.702702702702695
00016918,2015,8,3,3,34.0,14.0,253.0,UNICA,-219.0,-86.56126482213439,-239.0,-94.46640316205533
00016918,2015,9,8,8,88.0,18.0,253.0,UNICA,-165.0,-65.21739130434783,-235.0,-92.88537549407114
00016918,2015,10,8,8,101.0,30.0,253.0,UNICA,-152.0,-60.079051383399204,-223.0,-88.14229249011858
00016918,2015,11,11,11,126.0,30.0,253.0,UNICA,-127.0,-50.19762845849802,-223.0,-88.14229249011858
00016918,2015,12,11,11,130.0,32.0,253.0,UNICA,-123.0,-48.616600790513836,-221.0,-87.35177865612648
00016918,2016,1,6,6,61.0,18.0,253.0,UNICA,-192.0,-75.8893280632411,-235.0,-92.88537549407114
00016918,2016,2,6,6,78.0,36.0,253.0,UNICA,-175.0,-69.1699604743083,-217.0,-85.7707509881423
00016918,2016,3,10,10,143.0,36.0,253.0,UNICA,-110.0,-43.47826086956522,-217.0,-85.7707509881423
00016918,2016,4,6,6,100.0,36.0,253.0,UNICA,-153.0,-60.47430830039525,-217.0,-85.7707509881423
00016918,2016,5,7,7,89.0,24.0,253.0,UNICA,-164.0,-64.82213438735178,-229.0,-90.51383399209486
00016918,2016,6,11,11,170.0,42.0,253.0,UNICA,-83.0,-32.80632411067194,-211.0,-83.399209486166
00016918,2016,7,11,11,159.0,36.0,253.0,UNICA,-94.0,-37.15415019762846,-217.0,-85.7707509881423
00016918,2016,8,11,11,168.0,42.0,253.0,UNICA,-85.0,-33.59683794466403,-211.0,-83.399209486166
00016918,2016,9,11,11,201.0,56.0,253.0,UNICA,-52.0,-20.55335968379447,-197.0,-77.86561264822134
00016918,2016,10,11,11,200.0,56.0,253.0,UNICA,-53.0,-20.948616600790515,-197.0,-77.86561264822134
00016918,2016,11,11,11,221.0,72.0,253.0,UNICA,-32.0,-12.648221343873518,-181.0,-71.54150197628458
00016918,2016,12,11,11,230.0,70.0,253.0,UNICA,-23.0,-9.090909090909092,-183.0,-72.33201581027669
00016918,2017,1,7,7,159.0,61.0,253.0,UNICA,-94.0,-37.15415019762846,-192.0,-75.8893280632411
00016918,2017,2,10,10,175.0,43.0,253.0,UNICA,-78.0,-30.8300395256917,-210.0,-83.00395256916995
00016918,2017,3,13,13,206.0,37.0,253.0,UNICA,-47.0,-18.57707509881423,-216.0,-85.37549407114624
00016918,2017,4,13,13,212.0,39.0,154.0,UNICA,58.0,37.66233766233766,-115.0,-74.67532467532467
00016918,2017,5,13,13,235.0,48.0,189.0,UNICA,46.0,24.33862433862434,-141.0,-74.60317460317461
00016918,2017,6,13,13,238.0,48.0,189.0,UNICA,49.0,25.925925925925924,-141.0,-74.60317460317461
00016918,2017,7,13,13,243.0,48.0,189.0,UNICA,54.0,28.57142857142857,-141.0,-74.60317460317461
00016918,2017,8,13,13,243.0,48.0,189.0,UNICA,54.0,28.57142857142857,-141.0,-74.60317460317461
00016918,2017,9,13,13,243.0,48.0,189.0,UNICA,54.0,28.57142857142857,-141.0,-74.60317460317461
00016918,2017,10,13,13,255.0,60.0,189.0,UNICA,66.0,34.92063492063492,-129.0,-68.25396825396825
00016918,2017,11,13,13,267.0,61.0,196.0,UNICA,71.0,36.224489795918366,-135.0,-68.87755102040816
00016918,2017,12,13,13,267.0,61.0,222.0,UNICA,45.0,20.27027027027027,-161.0,-72.52252252252252
00016918,2018,1,13,13,281.0,69.0,222.0,UNICA,59.0,26.576576576576578,-153.0,-68.91891891891892
00016918,2018,2,14,14,286.0,35.0,222.0,UNICA,64.0,28.82882882882883,-187.0,-84.23423423423422
00016918,2018,3,14,14,289.0,35.0,222.0,UNICA,67.0,30.180180180180184,-187.0,-84.23423423423422
00016918,2018,4,14,14,289.0,35.0,230.0,UNICA,59.0,25.65217391304348,-195.0,-84.78260869565217
00016918,2018,5,14,14,289.0,35.0,236.0,UNICA,53.0,22.45762711864407,-201.0,-85.16949152542372
00016918,2018,6,14,14,301.0,35.0,236.0,UNICA,65.0,27.54237288135593,-201.0,-85.16949152542372
00016918,2018,7,14,14,301.0,35.0,236.0,UNICA,65.0,27.54237288135593,-201.0,-85.16949152542372
00016918,2018,8,14,14,301.0,35.0,236.0,UNICA,65.0,27.54237288135593,-201.0,-85.16949152542372
00016918,2018,9,14,14,301.0,35.0,236.0,UNICA,65.0,27.54237288135593,-201.0,-85.16949152542372
00016918,2018,10,14,14,301.0,35.0,236.0,UNICA,65.0,27.54237288135593,-201.0,-85.16949152542372
00016918,2018,11,14,14,301.0,35.0,236.0,UNICA,65.0,27.54237288135593,-201.0,-85.16949152542372
00016918,2019,1,8,8,242.0,35.0,236.0,UNICA,6.0,2.5423728813559325,-201.0,-85.16949152542372
00016918,2019,2,8,8,242.0,35.0,236.0,UNICA,6.0,2.5423728813559325,-201.0,-85.16949152542372
00016918,2019,3,8,8,242.0,35.0,236.0,UNICA,6.0,2.5423728813559325,-201.0,-85.16949152542372
00016918,2019,4,12,12,287.0,35.0,236.0,UNICA,51.0,21.610169491525426,-201.0,-85.16949152542372
00016918,2019,5,13,13,295.0,35.0,236.0,UNICA,59.0,25.0,-201.0,-85.16949152542372
00016918,2019,6,13,13,295.0,35.0,236.0,UNICA,59.0,25.0,-201.0,-85.16949152542372
00016918,2019,7,13,13,296.0,35.0,236.0,UNICA,60.0,25.423728813559322,-201.0,-85.16949152542372
00016918,2019,8,12,12,286.0,35.0,236.0,UNICA,50.0,21.1864406779661,-201.0,-85.16949152542372
00016918,2019,9,12,12,286.0,35.0,236.0,UNICA,50.0,21.1864406779661,-201.0,-85.16949152542372
00016918,2019,10,11,11,272.0,35.0,236.0,UNICA,36.0,15.254237288135593,-201.0,-85.16949152542372
00016918,2019,11,11,11,274.0,35.0,236.0,UNICA,38.0,16.101694915254235,-201.0,-85.16949152542372
00016918,2020,1,16,16,292.0,35.0,236.0,UNICA,56.0,23.728813559322035,-201.0,-85.16949152542372
00016918,2020,2,16,16,279.0,35.0,236.0,UNICA,43.0,18.220338983050848,-201.0,-85.16949152542372
00016918,2020,3,17,17,285.0,34.0,236.0,UNICA,49.0,20.76271186440678,-202.0,-85.59322033898306
00016918,2020,4,17,17,249.0,31.0,236.0,UNICA,13.0,5.508474576271186,-205.0,-86.86440677966102
00016918,2020,5,17,17,265.0,31.0,236.0,UNICA,29.0,12.288135593220339,-205.0,-86.86440677966102
00016918,2020,6,17,17,258.0,28.0,236.0,UNICA,22.0,9.322033898305085,-208.0,-88.13559322033898
00016918,2020,7,17,17,260.0,28.0,236.0,UNICA,24.0,10.16949152542373,-208.0,-88.13559322033898
00016918,2020,8,17,17,267.0,30.0,236.0,UNICA,31.0,13.135593220338984,-206.0,-87.28813559322035
00016918,2020,9,17,17,298.0,35.0,236.0,UNICA,62.0,26.27118644067797,-201.0,-85.16949152542372
00016918,2020,10,17,17,300.0,35.0,236.0,UNICA,64.0,27.11864406779661,-201.0,-85.16949152542372
00016918,2020,11,17,17,300.0,35.0,236.0,UNICA,64.0,27.11864406779661,-201.0,-85.16949152542372
00016918,2020,12,17,17,298.0,34.0,236.0,UNICA,62.0,26.27118644067797,-202.0,-85.59322033898306
00016918,2021,1,17,17,282.0,33.0,236.0,UNICA,46.0,19.491525423728813,-203.0,-86.01694915254238
00016918,2021,2,17,17,282.0,33.0,236.0,UNICA,46.0,19.491525423728813,-203.0,-86.01694915254238
00016918,2021,3,17,17,288.0,35.0,236.0,UNICA,52.0,22.033898305084744,-201.0,-85.16949152542372
00016918,2021,4,17,17,287.0,34.0,236.0,UNICA,51.0,21.610169491525426,-202.0,-85.59322033898306
00016918,2021,5,17,17,283.0,33.0,236.0,UNICA,47.0,19.915254237288135,-203.0,-86.01694915254238
00016918,2021,6,17,17,278.0,35.0,236.0,UNICA,42.0,17.796610169491526,-201.0,-85.16949152542372
00016918,2021,7,15,15,239.0,34.0,236.0,UNICA,3.0,1.2711864406779663,-202.0,-85.59322033898306
00016918,2021,8,15,15,239.0,34.0,236.0,UNICA,3.0,1.2711864406779663,-202.0,-85.59322033898306
00016918,2021,9,17,17,290.0,34.0,236.0,UNICA,54.0,22.88135593220339,-202.0,-85.59322033898306
00016918,2021,10,17,17,288.0,33.0,236.0,UNICA,52.0,22.033898305084744,-203.0,-86.01694915254238
00016918,2021,11,17,17,287.0,34.0,236.0,UNICA,51.0,21.610169491525426,-202.0,-85.59322033898306
00016918,2021,12,17,17,295.0,35.0,236.0,UNICA,59.0,25.0,-201.0,-85.16949152542372
00016918,2022,1,17,17,292.0,34.0,236.0,UNICA,56.0,23.728813559322035,-202.0,-85.59322033898306
00016918,2022,2,17,17,294.0,34.0,236.0,UNICA,58.0,24.576271186440678,-202.0,-85.59322033898306
00016918,2022,3,17,17,297.0,35.0,236.0,UNICA,61.0,25.847457627118644,-201.0,-85.16949152542372
00016918,2022,4,17,17,296.0,34.0,236.0,UNICA,60.0,25.423728813559322,-202.0,-85.59322033898306
00016918,2022,5,17,17,293.0,35.0,236.0,UNICA,57.0,24.152542372881356,-201.0,-85.16949152542372
00016918,2022,6,16,16,285.0,35.0,236.0,UNICA,49.0,20.76271186440678,-201.0,-85.16949152542372
00016918,2022,7,16,16,285.0,35.0,236.0,UNICA,49.0,20.76271186440678,-201.0,-85.16949152542372
00016918,2022,8,16,16,287.0,35.0,236.0,UNICA,51.0,21.610169491525426,-201.0,-85.16949152542372
00016918,2022,9,16,16,284.0,35.0,241.0,UNICA,43.0,17.842323651452283,-206.0,-85.47717842323651
00016918,2022,10,17,17,291.0,35.0,241.0,UNICA,50.0,20.74688796680498,-206.0,-85.47717842323651
00016918,2022,11,17,17,296.0,35.0,241.0,UNICA,55.0,22.821576763485478,-206.0,-85.47717842323651
00016918,2022,12,17,17,297.0,35.0,241.0,UNICA,56.0,23.236514522821576,-206.0,-85.47717842323651
00016918,2023,1,16,16,282.0,35.0,241.0,UNICA,41.0,17.012448132780083,-206.0,-85.47717842323651
00016918,2023,2,16,16,281.0,35.0,241.0,UNICA,40.0,16.59751037344398,-206.0,-85.47717842323651
00016918,2023,3,17,17,293.0,35.0,241.0,UNICA,52.0,21.57676348547718,-206.0,-85.47717842323651
00016918,2023,4,17,17,295.0,35.0,241.0,UNICA,54.0,22.40663900414938,-206.0,-85.47717842323651
00016918,2023,5,17,17,294.0,35.0,241.0,UNICA,53.0,21.991701244813278,-206.0,-85.47717842323651
00016918,2023,6,17,17,294.0,35.0,241.0,UNICA,53.0,21.991701244813278,-206.0,-85.47717842323651
00016918,2023,7,16,16,281.0,35.0,241.0,UNICA,40.0,16.59751037344398,-206.0,-85.47717842323651
00016918,2023,8,10,10,230.0,35.0,241.0,UNICA,-11.0,-4.564315352697095,-206.0,-85.47717842323651
00016918,2023,9,10,10,229.0,35.0,241.0,UNICA,-12.0,-4.979253112033195,-206.0,-85.47717842323651
00016918,2023,10,10,10,234.0,35.0,241.0,UNICA,-7.0,-2.904564315352697,-206.0,-85.47717842323651
00016918,2023,11,10,10,231.0,35.0,241.0,UNICA,-10.0,-4.149377593360995,-206.0,-85.47717842323651
00016918,2023,12,10,10,228.0,35.0,241.0,UNICA,-13.0,-5.394190871369295,-206.0,-85.47717842323651
00016918,2024,1,10,10,232.0,34.0,241.0,UNICA,-9.0,-3.7344398340248963,-207.0,-85.89211618257261
00016918,2024,2,10,10,232.0,35.0,241.0,UNICA,-9.0,-3.7344398340248963,-206.0,-85.47717842323651
00016918,2024,3,10,10,233.0,35.0,241.0,UNICA,-8.0,-3.319502074688797,-206.0,-85.47717842323651
00016918,2024,4,10,10,231.0,35.0,241.0,UNICA,-10.0,-4.149377593360995,-206.0,-85.47717842323651
00016918,2024,5,10,10,232.0,35.0,241.0,UNICA,-9.0,-3.7344398340248963,-206.0,-85.47717842323651
00016918,2024,6,10,10,232.0,35.0,241.0,UNICA,-9.0,-3.7344398340248963,-206.0,-85.47717842323651
00016918,2024,7,10,10,238.0,35.0,241.0,UNICA,-3.0,-1.2448132780082988,-206.0,-85.47717842323651
00016918,2024,8,10,10,235.0,35.0,241.0,UNICA,-6.0,-2.4896265560165975,-206.0,-85.47717842323651
00016918,2024,9,10,10,233.0,35.0,241.0,UNICA,-8.0,-3.319502074688797,-206.0,-85.47717842323651
00016918,2024,10,10,10,232.0,35.0,241.0,UNICA,-9.0,-3.7344398340248963,-206.0,-85.47717842323651
00016918,2024,11,10,10,234.0,35.0,241.0,UNICA,-7.0,-2.904564315352697,-206.0,-85.47717842323651
00016918,2024,12,10,10,235.0,35.0,241.0,UNICA,-6.0,-2.4896265560165975,-206.0,-85.47717842323651
00016918,2025,1,10,10,232.0,35.0,241.0,UNICA,-9.0,-3.7344398340248963,-206.0,-85.47717842323651
00016918,2025,2,10,10,228.0,35.0,241.0,UNICA,-13.0,-5.394190871369295,-206.0,-85.47717842323651
00016918,2025,3,10,10,229.0,35.0,241.0,UNICA,-12.0,-4.979253112033195,-206.0,-85.47717842323651
00016918,2025,4,10,10,231.0,35.0,241.0,UNICA,-10.0,-4.149377593360995,-206.0,-85.47717842323651
00016918,2025,5,10,10,227.0,35.0,241.0,UNICA,-14.0,-5.809128630705394,-206.0,-85.47717842323651
00016918,2025,6,10,10,234.0,35.0,241.0,UNICA,-7.0,-2.904564315352697,-206.0,-85.47717842323651
00016918,2025,7,10,10,235.0,35.0,241.0,UNICA,-6.0,-2.4896265560165975,-206.0,-85.47717842323651
00016918,2025,8,10,10,235.0,35.0,241.0,UNICA,-6.0,-2.4896265560165975,-206.0,-85.47717842323651
00016918,2025,9,10,10,236.0,35.0,241.0,UNICA,-5.0,-2.0746887966804977,-206.0,-85.47717842323651
00016918,2025,10,10,10,238.0,35.0,241.0,UNICA,-3.0,-1.2448132780082988,-206.0,-85.47717842323651
00016918,2025,11,10,10,239.0,35.0,241.0,UNICA,-2.0,-0.8298755186721992,-206.0,-85.47717842323651
00016918,2026,1,10,10,236.0,35.0,241.0,UNICA,-5.0,-2.0746887966804977,-206.0,-85.47717842323651
00016918,2026,2,10,10,238.0,35.0,241.0,UNICA,-3.0,-1.2448132780082988,-206.0,-85.47717842323651
00016918,2026,3,10,10,238.0,35.0,241.0,UNICA,-3.0,-1.2448132780082988,-206.0,-85.47717842323651
00017024,2015,8,7,7,298.0,169.0,697.0,UNICA,-399.0,-57.24533715925395,-528.0,-75.7532281205165
00017024,2015,9,11,11,665.0,262.0,697.0,UNICA,-32.0,-4.591104734576758,-435.0,-62.4103299856528
00017024,2015,10,11,11,615.0,230.0,,,,,,
00017024,2016,1,7,7,306.0,169.0,658.0,UNICA,-352.0,-53.49544072948328,-489.0,-74.3161094224924
00017024,2016,2,6,6,219.0,130.0,658.0,UNICA,-439.0,-66.71732522796353,-528.0,-80.24316109422493
00017024,2016,3,2,2,38.0,22.0,658.0,UNICA,-620.0,-94.22492401215806,-636.0,-96.65653495440729
00017024,2016,4,2,2,38.0,22.0,658.0,UNICA,-620.0,-94.22492401215806,-636.0,-96.65653495440729
00017024,2016,5,9,9,566.0,306.0,658.0,UNICA,-92.0,-13.98176291793313,-352.0,-53.49544072948328
00017024,2016,6,9,9,280.0,130.0,658.0,UNICA,-378.0,-57.446808510638306,-528.0,-80.24316109422493
00017024,2016,7,7,7,202.0,82.0,658.0,UNICA,-456.0,-69.30091185410335,-576.0,-87.53799392097264
00017024,2016,8,5,5,105.0,27.0,658.0,UNICA,-553.0,-84.04255319148936,-631.0,-95.8966565349544
00017024,2016,9,5,5,101.0,27.0,658.0,UNICA,-557.0,-84.65045592705167,-631.0,-95.8966565349544
00017024,2016,10,7,7,232.0,99.0,658.0,UNICA,-426.0,-64.74164133738601,-559.0,-84.95440729483282
00017024,2016,11,6,6,131.0,32.0,658.0,UNICA,-527.0,-80.09118541033435,-626.0,-95.13677811550151
00017024,2016,12,3,3,145.0,112.0,658.0,UNICA,-513.0,-77.96352583586626,-546.0,-82.97872340425532
00017024,2017,2,2,2,18.0,12.0,691.0,UNICA,-673.0,-97.39507959479016,-679.0,-98.26338639652677
00017024,2017,3,6,6,95.0,22.0,691.0,UNICA,-596.0,-86.25180897250362,-669.0,-96.81620839363242
00017024,2017,4,10,10,417.0,106.0,691.0,UNICA,-274.0,-39.65267727930535,-585.0,-84.65991316931982
00017024,2017,5,3,3,142.0,99.0,691.0,UNICA,-549.0,-79.45007235890014,-592.0,-85.67293777134589
00017024,2017,6,3,3,142.0,99.0,691.0,UNICA,-549.0,-79.45007235890014,-592.0,-85.67293777134589
00017024,2017,7,11,11,508.0,145.0,691.0,UNICA,-183.0,-26.483357452966715,-546.0,-79.01591895803183
00017024,2017,8,11,11,471.0,145.0,691.0,UNICA,-220.0,-31.83791606367583,-546.0,-79.01591895803183
00017024,2017,9,11,11,434.0,114.0,691.0,UNICA,-257.0,-37.192474674384954,-577.0,-83.50217076700434
00017024,2017,10,11,11,521.0,145.0,691.0,UNICA,-170.0,-24.60202604920405,-546.0,-79.01591895803183
00017024,2017,11,11,11,527.0,145.0,691.0,UNICA,-164.0,-23.733719247467437,-546.0,-79.01591895803183
00017024,2017,12,11,11,498.0,122.0,691.0,UNICA,-193.0,-27.930535455861072,-569.0,-82.34442836468887
00017024,2018,1,11,11,499.0,123.0,573.0,UNICA,-74.0,-12.914485165794066,-450.0,-78.53403141361257
00017024,2018,2,11,11,490.0,146.0,573.0,UNICA,-83.0,-14.485165794066319,-427.0,-74.52006980802793
00017024,2018,3,11,11,523.0,146.0,573.0,UNICA,-50.0,-8.726003490401396,-427.0,-74.52006980802793
00017024,2018,4,11,11,498.0,122.0,573.0,UNICA,-75.0,-13.089005235602095,-451.0,-78.70855148342059
00017024,2018,5,11,11,522.0,146.0,573.0,UNICA,-51.0,-8.900523560209423,-427.0,-74.52006980802793
00017024,2018,6,7,7,423.0,146.0,671.0,UNICA,-248.0,-36.95976154992549,-525.0,-78.2414307004471
00017024,2018,7,16,16,635.0,146.0,671.0,UNICA,-36.0,-5.365126676602086,-525.0,-78.2414307004471
00017024,2018,8,14,14,598.0,146.0,649.0,UNICA,-51.0,-7.858243451463791,-503.0,-77.50385208012327
00017024,2018,9,16,16,647.0,182.0,649.0,UNICA,-2.0,-0.30816640986132515,-467.0,-71.9568567026194
00017024,2018,10,16,16,643.0,182.0,649.0,UNICA,-6.0,-0.9244992295839755,-467.0,-71.9568567026194
00017024,2018,11,16,16,643.0,182.0,649.0,UNICA,-6.0,-0.9244992295839755,-467.0,-71.9568567026194
00017024,2019,1,15,15,583.0,156.0,634.0,UNICA,-51.0,-8.04416403785489,-478.0,-75.39432176656152
00017024,2019,2,16,16,601.0,201.0,633.0,UNICA,-32.0,-5.055292259083728,-432.0,-68.24644549763033
00017024,2019,3,16,16,629.0,184.0,626.0,UNICA,3.0,0.4792332268370607,-442.0,-70.6070287539936
00017024,2019,4,16,16,629.0,184.0,631.0,UNICA,-2.0,-0.31695721077654515,-447.0,-70.83993660855784
00017024,2019,5,16,16,629.0,184.0,629.0,UNICA,0.0,0.0,-445.0,-70.74721780604133
00017024,2019,6,16,16,629.0,184.0,626.0,UNICA,3.0,0.4792332268370607,-442.0,-70.6070287539936
00017024,2019,7,16,16,629.0,184.0,629.0,UNICA,0.0,0.0,-445.0,-70.74721780604133
00017024,2019,8,16,16,629.0,184.0,629.0,UNICA,0.0,0.0,-445.0,-70.74721780604133
00017024,2019,9,16,16,622.0,177.0,635.0,UNICA,-13.0,-2.047244094488189,-458.0,-72.1259842519685
00017024,2019,10,16,16,606.0,158.0,635.0,UNICA,-29.0,-4.566929133858268,-477.0,-75.11811023622047
00017024,2019,11,16,16,576.0,128.0,635.0,UNICA,-59.0,-9.291338582677165,-507.0,-79.84251968503938
00017024,2020,1,16,16,595.0,158.0,635.0,UNICA,-40.0,-6.299212598425196,-477.0,-75.11811023622047
00017024,2020,2,16,16,595.0,158.0,635.0,UNICA,-40.0,-6.299212598425196,-477.0,-75.11811023622047
00017024,2020,3,10,10,356.0,133.0,589.0,UNICA,-233.0,-39.55857385398981,-456.0,-77.41935483870968
00017024,2020,4,10,10,282.0,98.0,589.0,UNICA,-307.0,-52.12224108658744,-491.0,-83.3616298811545
00017024,2020,5,10,10,288.0,98.0,589.0,UNICA,-301.0,-51.103565365025474,-491.0,-83.3616298811545
00017024,2020,6,10,10,289.0,103.0,589.0,UNICA,-300.0,-50.93378607809848,-486.0,-82.51273344651952
00017024,2020,7,15,15,583.0,162.0,589.0,UNICA,-6.0,-1.0186757215619695,-427.0,-72.49575551782682
00017024,2020,8,14,14,564.0,162.0,589.0,UNICA,-25.0,-4.244482173174872,-427.0,-72.49575551782682
00017024,2020,9,14,14,564.0,162.0,589.0,UNICA,-25.0,-4.244482173174872,-427.0,-72.49575551782682
00017024,2020,10,16,16,595.0,158.0,595.0,UNICA,0.0,0.0,-437.0,-73.44537815126051
00017024,2020,11,16,16,595.0,158.0,595.0,UNICA,0.0,0.0,-437.0,-73.44537815126051
00017024,2020,12,16,16,595.0,158.0,595.0,UNICA,0.0,0.0,-437.0,-73.44537815126051
00017024,2021,1,14,14,566.0,158.0,595.0,UNICA,-29.0,-4.873949579831933,-437.0,-73.44537815126051
00017024,2021,2,14,14,566.0,158.0,595.0,UNICA,-29.0,-4.873949579831933,-437.0,-73.44537815126051
00017024,2021,3,13,13,534.0,158.0,595.0,UNICA,-61.0,-10.252100840336134,-437.0,-73.44537815126051
00017024,2021,4,13,13,534.0,158.0,595.0,UNICA,-61.0,-10.252100840336134,-437.0,-73.44537815126051
00017024,2021,5,14,14,585.0,158.0,595.0,UNICA,-10.0,-1.680672268907563,-437.0,-73.44537815126051
00017024,2021,6,14,14,585.0,158.0,595.0,UNICA,-10.0,-1.680672268907563,-437.0,-73.44537815126051
00017024,2021,7,13,13,534.0,158.0,595.0,UNICA,-61.0,-10.252100840336134,-437.0,-73.44537815126051
00017024,2021,8,13,13,554.0,161.0,595.0,UNICA,-41.0,-6.890756302521009,-434.0,-72.94117647058823
00017024,2021,9,13,13,554.0,161.0,595.0,UNICA,-41.0,-6.890756302521009,-434.0,-72.94117647058823
00017024,2021,10,12,12,537.0,161.0,595.0,UNICA,-58.0,-9.747899159663866,-434.0,-72.94117647058823
00017024,2021,11,12,12,537.0,161.0,595.0,UNICA,-58.0,-9.747899159663866,-434.0,-72.94117647058823
00017024,2021,12,13,13,582.0,161.0,595.0,UNICA,-13.0,-2.1848739495798317,-434.0,-72.94117647058823
00017024,2022,1,13,13,534.0,158.0,595.0,UNICA,-61.0,-10.252100840336134,-437.0,-73.44537815126051
00017024,2022,2,12,12,518.0,158.0,595.0,UNICA,-77.0,-12.941176470588237,-437.0,-73.44537815126051
00017024,2022,3,13,13,524.0,158.0,595.0,UNICA,-71.0,-11.932773109243698,-437.0,-73.44537815126051
00017024,2022,4,13,13,535.0,158.0,595.0,UNICA,-60.0,-10.084033613445378,-437.0,-73.44537815126051
00017024,2022,5,12,12,522.0,158.0,595.0,UNICA,-73.0,-12.26890756302521,-437.0,-73.44537815126051
00017024,2022,6,12,12,518.0,158.0,595.0,UNICA,-77.0,-12.941176470588237,-437.0,-73.44537815126051
00017024,2022,7,13,13,524.0,158.0,595.0,UNICA,-71.0,-11.932773109243698,-437.0,-73.44537815126051
00017024,2022,8,13,13,558.0,201.0,595.0,UNICA,-37.0,-6.218487394957983,-394.0,-66.21848739495798
00017024,2022,9,13,13,539.0,158.0,595.0,UNICA,-56.0,-9.411764705882353,-437.0,-73.44537815126051
00017024,2022,10,14,14,669.0,158.0,595.0,UNICA,74.0,12.436974789915967,-437.0,-73.44537815126051
00017024,2022,11,15,15,558.0,128.0,595.0,UNICA,-37.0,-6.218487394957983,-467.0,-78.4873949579832
00017024,2022,12,16,16,601.0,156.0,722.0,UNICA,-121.0,-16.759002770083104,-566.0,-78.39335180055402
00017024,2023,1,16,16,680.0,240.0,681.0,UNICA,-1.0,-0.14684287812041116,-441.0,-64.75770925110133
00017024,2023,2,16,16,376.0,80.0,376.0,UNICA,0.0,0.0,-296.0,-78.72340425531915
00017024,2023,3,16,16,376.0,80.0,376.0,UNICA,0.0,0.0,-296.0,-78.72340425531915
00017024,2023,4,16,16,376.0,80.0,376.0,UNICA,0.0,0.0,-296.0,-78.72340425531915
00017024,2023,5,16,16,376.0,80.0,376.0,UNICA,0.0,0.0,-296.0,-78.72340425531915
00017024,2023,6,16,16,376.0,80.0,376.0,UNICA,0.0,0.0,-296.0,-78.72340425531915
00017024,2023,7,16,16,376.0,80.0,376.0,UNICA,0.0,0.0,-296.0,-78.72340425531915
00017024,2023,8,16,16,376.0,80.0,376.0,UNICA,0.0,0.0,-296.0,-78.72340425531915
00017024,2023,9,16,16,376.0,80.0,376.0,UNICA,0.0,0.0,-296.0,-78.72340425531915
00017024,2023,10,16,16,376.0,80.0,376.0,UNICA,0.0,0.0,-296.0,-78.72340425531915
00017024,2023,11,16,16,376.0,80.0,376.0,UNICA,0.0,0.0,-296.0,-78.72340425531915
00017024,2023,12,16,16,376.0,80.0,376.0,UNICA,0.0,0.0,-296.0,-78.72340425531915
00017024,2024,1,16,16,376.0,80.0,376.0,UNICA,0.0,0.0,-296.0,-78.72340425531915
00017024,2024,2,16,16,376.0,80.0,376.0,UNICA,0.0,0.0,-296.0,-78.72340425531915
00017024,2024,3,16,16,376.0,80.0,376.0,UNICA,0.0,0.0,-296.0,-78.72340425531915
00017024,2024,4,16,16,376.0,80.0,376.0,UNICA,0.0,0.0,-296.0,-78.72340425531915
00017024,2024,5,16,16,376.0,80.0,376.0,UNICA,0.0,0.0,-296.0,-78.72340425531915
00017024,2024,6,16,16,376.0,80.0,376.0,UNICA,0.0,0.0,-296.0,-78.72340425531915
00017024,2024,7,16,16,376.0,80.0,376.0,UNICA,0.0,0.0,-296.0,-78.72340425531915
00017024,2024,8,16,16,376.0,80.0,376.0,UNICA,0.0,0.0,-296.0,-78.72340425531915
00017024,2024,9,16,16,376.0,80.0,376.0,UNICA,0.0,0.0,-296.0,-78.72340425531915
00017024,2024,10,16,16,376.0,80.0,376.0,UNICA,0.0,0.0,-296.0,-78.72340425531915
00017024,2024,11,16,16,376.0,80.0,376.0,UNICA,0.0,0.0,-296.0,-78.72340425531915
00017024,2024,12,15,15,368.0,80.0,376.0,UNICA,-8.0,-2.127659574468085,-296.0,-78.72340425531915
00017024,2025,1,15,15,368.0,80.0,376.0,UNICA,-8.0,-2.127659574468085,-296.0,-78.72340425531915
00017024,2025,2,16,16,376.0,80.0,376.0,UNICA,0.0,0.0,-296.0,-78.72340425531915
00017024,2025,3,16,16,376.0,80.0,376.0,UNICA,0.0,0.0,-296.0,-78.72340425531915
00017024,2025,4,16,16,376.0,80.0,376.0,UNICA,0.0,0.0,-296.0,-78.72340425531915
00017024,2025,5,16,16,376.0,80.0,376.0,UNICA,0.0,0.0,-296.0,-78.72340425531915
00017024,2025,6,16,16,376.0,80.0,376.0,UNICA,0.0,0.0,-296.0,-78.72340425531915
00017024,2025,7,16,16,376.0,80.0,376.0,UNICA,0.0,0.0,-296.0,-78.72340425531915
00017024,2025,8,16,16,452.0,93.0,376.0,UNICA,76.0,20.212765957446805,-283.0,-75.2659574468085
00017024,2025,9,16,16,452.0,93.0,376.0,UNICA,76.0,20.212765957446805,-283.0,-75.2659574468085
00017024,2025,10,16,16,452.0,93.0,376.0,UNICA,76.0,20.212765957446805,-283.0,-75.2659574468085
00017024,2025,11,16,16,452.0,93.0,376.0,UNICA,76.0,20.212765957446805,-283.0,-75.2659574468085
00017024,2025,12,2,2,14.0,8.0,376.0,UNICA,-362.0,-96.27659574468085,-368.0,-97.87234042553192
00017024,2026,1,15,15,439.0,93.0,376.0,UNICA,63.0,16.75531914893617,-283.0,-75.2659574468085
00017024,2026,2,15,15,439.0,93.0,376.0,UNICA,63.0,16.75531914893617,-283.0,-75.2659574468085
00017024,2026,3,15,15,439.0,93.0,376.0,UNICA,63.0,16.75531914893617,-283.0,-75.2659574468085
00018011,2015,8,2,2,95.0,72.0,95.0,UNICA,0.0,0.0,-23.0,-24.210526315789473
00018011,2015,9,2,2,94.0,72.0,94.0,UNICA,0.0,0.0,-22.0,-23.404255319148938
00018011,2015,10,2,2,95.0,72.0,95.0,UNICA,0.0,0.0,-23.0,-24.210526315789473
00018011,2015,11,2,2,95.0,74.0,95.0,UNICA,0.0,0.0,-21.0,-22.105263157894736
00018011,2015,12,2,2,94.0,73.0,94.0,UNICA,0.0,0.0,-21.0,-22.340425531914892
00018011,2016,1,2,2,95.0,73.0,95.0,UNICA,0.0,0.0,-22.0,-23.157894736842106
00018011,2016,2,2,2,97.0,74.0,97.0,UNICA,0.0,0.0,-23.0,-23.711340206185564
00018011,2016,3,2,2,90.0,73.0,90.0,UNICA,0.0,0.0,-17.0,-18.88888888888889
00018011,2016,4,2,2,88.0,66.0,88.0,UNICA,0.0,0.0,-22.0,-25.0
00018011,2016,5,2,2,91.0,68.0,91.0,UNICA,0.0,0.0,-23.0,-25.274725274725274
00018011,2016,6,2,2,91.0,68.0,91.0,UNICA,0.0,0.0,-23.0,-25.274725274725274
00018011,2016,7,2,2,89.0,67.0,89.0,UNICA,0.0,0.0,-22.0,-24.719101123595504
00018011,2016,8,2,2,90.0,69.0,90.0,UNICA,0.0,0.0,-21.0,-23.333333333333332
00018011,2016,9,2,2,94.0,73.0,94.0,UNICA,0.0,0.0,-21.0,-22.340425531914892
00018011,2016,10,2,2,93.0,72.0,93.0,UNICA,0.0,0.0,-21.0,-22.58064516129032
00018011,2016,11,2,2,97.0,73.0,97.0,UNICA,0.0,0.0,-24.0,-24.742268041237114
00018011,2016,12,2,2,97.0,73.0,97.0,UNICA,0.0,0.0,-24.0,-24.742268041237114
00018011,2017,1,1,1,24.0,24.0,96.0,UNICA,-72.0,-75.0,-72.0,-75.0
00018011,2017,2,3,3,100.0,38.0,100.0,UNICA,0.0,0.0,-62.0,-62.0
00018011,2017,3,3,3,97.0,38.0,97.0,UNICA,0.0,0.0,-59.0,-60.824742268041234
00018011,2017,4,3,3,98.0,38.0,98.0,UNICA,0.0,0.0,-60.0,-61.224489795918366
00018011,2017,5,3,3,96.0,38.0,96.0,UNICA,0.0,0.0,-58.0,-60.416666666666664
00018011,2017,6,3,3,96.0,38.0,96.0,UNICA,0.0,0.0,-58.0,-60.416666666666664
00018011,2017,7,3,3,96.0,38.0,96.0,UNICA,0.0,0.0,-58.0,-60.416666666666664
00018011,2017,8,3,3,96.0,38.0,96.0,UNICA,0.0,0.0,-58.0,-60.416666666666664
00018011,2017,9,3,3,109.0,38.0,109.0,UNICA,0.0,0.0,-71.0,-65.13761467889908
00018011,2017,10,3,3,110.0,38.0,110.0,UNICA,0.0,0.0,-72.0,-65.45454545454545
00018011,2017,11,3,3,107.0,39.0,107.0,UNICA,0.0,0.0,-68.0,-63.55140186915887
00018011,2017,12,3,3,105.0,38.0,105.0,UNICA,0.0,0.0,-67.0,-63.8095238095238
00018011,2018,1,3,3,110.0,38.0,110.0,UNICA,0.0,0.0,-72.0,-65.45454545454545
00018011,2018,2,3,3,110.0,38.0,110.0,UNICA,0.0,0.0,-72.0,-65.45454545454545
00018011,2018,3,3,3,110.0,38.0,110.0,UNICA,0.0,0.0,-72.0,-65.45454545454545
00018011,2018,4,3,3,110.0,38.0,110.0,UNICA,0.0,0.0,-72.0,-65.45454545454545
00018011,2018,5,3,3,111.0,38.0,111.0,UNICA,0.0,0.0,-73.0,-65.76576576576578
00018011,2018,6,3,3,109.0,38.0,109.0,UNICA,0.0,0.0,-71.0,-65.13761467889908
00018011,2018,7,3,3,110.0,38.0,110.0,UNICA,0.0,0.0,-72.0,-65.45454545454545
00018011,2018,8,3,3,109.0,39.0,109.0,UNICA,0.0,0.0,-70.0,-64.22018348623854
00018011,2018,9,3,3,116.0,40.0,116.0,UNICA,0.0,0.0,-76.0,-65.51724137931035
00018011,2018,10,3,3,116.0,40.0,116.0,UNICA,0.0,0.0,-76.0,-65.51724137931035
00018011,2018,11,3,3,113.0,38.0,113.0,UNICA,0.0,0.0,-75.0,-66.3716814159292
00018011,2019,1,3,3,110.0,38.0,110.0,UNICA,0.0,0.0,-72.0,-65.45454545454545
00018011,2019,2,3,3,110.0,38.0,110.0,UNICA,0.0,0.0,-72.0,-65.45454545454545
00018011,2019,3,3,3,108.0,38.0,108.0,UNICA,0.0,0.0,-70.0,-64.81481481481481
00018011,2019,4,3,3,109.0,38.0,109.0,UNICA,0.0,0.0,-71.0,-65.13761467889908
00018011,2019,5,3,3,110.0,38.0,110.0,UNICA,0.0,0.0,-72.0,-65.45454545454545
00018011,2019,6,3,3,108.0,36.0,108.0,UNICA,0.0,0.0,-72.0,-66.66666666666666
00018011,2019,7,3,3,108.0,36.0,108.0,UNICA,0.0,0.0,-72.0,-66.66666666666666
00018011,2019,8,3,3,107.0,36.0,108.0,UNICA,-1.0,-0.9259259259259258,-72.0,-66.66666666666666
00018011,2019,9,3,3,107.0,37.0,107.0,UNICA,0.0,0.0,-70.0,-65.42056074766354
00018011,2019,10,3,3,109.0,39.0,109.0,UNICA,0.0,0.0,-70.0,-64.22018348623854
00018011,2019,11,3,3,106.0,36.0,106.0,UNICA,0.0,0.0,-70.0,-66.0377358490566
00018011,2020,1,3,3,103.0,35.0,103.0,UNICA,0.0,0.0,-68.0,-66.01941747572816
00018011,2020,2,3,3,103.0,35.0,103.0,UNICA,0.0,0.0,-68.0,-66.01941747572816
00018011,2020,3,3,3,99.0,34.0,99.0,UNICA,0.0,0.0,-65.0,-65.65656565656566
00018011,2020,4,3,3,65.0,24.0,64.0,UNICA,1.0,1.5625,-40.0,-62.5
00018011,2020,5,3,3,63.0,24.0,64.0,UNICA,-1.0,-1.5625,-40.0,-62.5
00018011,2020,6,3,3,56.0,27.0,56.0,UNICA,0.0,0.0,-29.0,-51.78571428571429
00018011,2020,7,3,3,69.0,26.0,69.0,UNICA,0.0,0.0,-43.0,-62.31884057971014
00018011,2020,8,3,3,80.0,31.0,80.0,UNICA,0.0,0.0,-49.0,-61.25000000000001
00018011,2020,9,3,3,81.0,31.0,81.0,UNICA,0.0,0.0,-50.0,-61.72839506172839
00018011,2020,10,3,3,94.0,32.0,94.0,UNICA,0.0,0.0,-62.0,-65.95744680851064
00018011,2020,11,3,3,97.0,33.0,97.0,UNICA,0.0,0.0,-64.0,-65.97938144329896
00018011,2020,12,3,3,98.0,34.0,98.0,UNICA,0.0,0.0,-64.0,-65.3061224489796
00018011,2021,1,3,3,95.0,34.0,95.0,UNICA,0.0,0.0,-61.0,-64.21052631578948
00018011,2021,2,3,3,97.0,34.0,97.0,UNICA,0.0,0.0,-63.0,-64.94845360824742
00018011,2021,3,3,3,100.0,37.0,100.0,UNICA,0.0,0.0,-63.0,-63.0
00018011,2021,4,3,3,108.0,44.0,108.0,UNICA,0.0,0.0,-64.0,-59.25925925925925
00018011,2021,5,3,3,106.0,41.0,106.0,UNICA,0.0,0.0,-65.0,-61.32075471698113
00018011,2021,6,3,3,104.0,41.0,104.0,UNICA,0.0,0.0,-63.0,-60.57692307692307
00018011,2021,7,3,3,101.0,40.0,101.0,UNICA,0.0,0.0,-61.0,-60.396039603960396
00018011,2021,8,3,3,98.0,35.0,98.0,UNICA,0.0,0.0,-63.0,-64.28571428571429
00018011,2021,9,3,3,99.0,34.0,99.0,UNICA,0.0,0.0,-65.0,-65.65656565656566
00018011,2021,10,3,3,100.0,34.0,100.0,UNICA,0.0,0.0,-66.0,-66.0
00018011,2021,11,3,3,100.0,34.0,100.0,UNICA,0.0,0.0,-66.0,-66.0
00018011,2021,12,3,3,100.0,34.0,100.0,UNICA,0.0,0.0,-66.0,-66.0
00018011,2022,1,3,3,98.0,34.0,98.0,UNICA,0.0,0.0,-64.0,-65.3061224489796
00018011,2022,2,3,3,100.0,34.0,100.0,UNICA,0.0,0.0,-66.0,-66.0
00018011,2022,3,3,3,95.0,34.0,95.0,UNICA,0.0,0.0,-61.0,-64.21052631578948
00018011,2022,4,3,3,97.0,34.0,97.0,UNICA,0.0,0.0,-63.0,-64.94845360824742
00018011,2022,5,3,3,100.0,34.0,100.0,UNICA,0.0,0.0,-66.0,-66.0
00018011,2022,6,3,3,100.0,34.0,100.0,UNICA,0.0,0.0,-66.0,-66.0
00018011,2022,7,3,3,98.0,34.0,98.0,UNICA,0.0,0.0,-64.0,-65.3061224489796
00018011,2022,8,3,3,96.0,34.0,96.0,UNICA,0.0,0.0,-62.0,-64.58333333333334
00018011,2022,9,3,3,96.0,34.0,96.0,UNICA,0.0,0.0,-62.0,-64.58333333333334
00018011,2022,10,3,3,103.0,35.0,103.0,UNICA,0.0,0.0,-68.0,-66.01941747572816
00018011,2022,11,3,3,110.0,38.0,103.0,UNICA,7.0,6.796116504854369,-65.0,-63.10679611650486
00018011,2022,12,3,3,110.0,38.0,110.0,UNICA,0.0,0.0,-72.0,-65.45454545454545
00018011,2023,1,3,3,110.0,38.0,110.0,UNICA,0.0,0.0,-72.0,-65.45454545454545
00018011,2023,2,3,3,110.0,38.0,110.0,UNICA,0.0,0.0,-72.0,-65.45454545454545
00018011,2023,3,3,3,111.0,39.0,111.0,UNICA,0.0,0.0,-72.0,-64.86486486486487
00018011,2023,4,3,3,112.0,39.0,112.0,UNICA,0.0,0.0,-73.0,-65.17857142857143
00018011,2023,5,3,3,111.0,39.0,111.0,UNICA,0.0,0.0,-72.0,-64.86486486486487
00018011,2023,6,3,3,111.0,37.0,111.0,UNICA,0.0,0.0,-74.0,-66.66666666666666
00018011,2023,7,3,3,111.0,38.0,111.0,UNICA,0.0,0.0,-73.0,-65.76576576576578
00018011,2023,8,3,3,111.0,38.0,111.0,UNICA,0.0,0.0,-73.0,-65.76576576576578
00018011,2023,9,3,3,110.0,38.0,110.0,UNICA,0.0,0.0,-72.0,-65.45454545454545
00018011,2023,10,3,3,108.0,36.0,108.0,UNICA,0.0,0.0,-72.0,-66.66666666666666
00018011,2023,11,3,3,99.0,36.0,99.0,UNICA,0.0,0.0,-63.0,-63.63636363636363
00018011,2023,12,3,3,92.0,36.0,92.0,UNICA,0.0,0.0,-56.0,-60.86956521739131
00018011,2024,1,3,3,100.0,36.0,100.0,UNICA,0.0,0.0,-64.0,-64.0
00018011,2024,2,3,3,115.0,46.0,115.0,UNICA,0.0,0.0,-69.0,-60.0
00018011,2024,3,3,3,115.0,45.0,115.0,UNICA,0.0,0.0,-70.0,-60.86956521739131
00018011,2024,4,3,3,116.0,46.0,116.0,UNICA,0.0,0.0,-70.0,-60.3448275862069
00018011,2024,5,3,3,114.0,46.0,114.0,UNICA,0.0,0.0,-68.0,-59.64912280701754
00018011,2024,6,3,3,118.0,46.0,118.0,UNICA,0.0,0.0,-72.0,-61.016949152542374
00018011,2024,7,3,3,118.0,46.0,118.0,UNICA,0.0,0.0,-72.0,-61.016949152542374
00018011,2024,8,3,3,116.0,45.0,116.0,UNICA,0.0,0.0,-71.0,-61.206896551724135
00018011,2024,9,3,3,116.0,46.0,116.0,UNICA,0.0,0.0,-70.0,-60.3448275862069
00018011,2024,10,3,3,117.0,46.0,117.0,UNICA,0.0,0.0,-71.0,-60.68376068376068
00018011,2024,11,3,3,118.0,46.0,118.0,UNICA,0.0,0.0,-72.0,-61.016949152542374
00018011,2024,12,3,3,120.0,48.0,120.0,UNICA,0.0,0.0,-72.0,-60.0
00018011,2025,1,3,3,120.0,48.0,120.0,UNICA,0.0,0.0,-72.0,-60.0
00018011,2025,2,3,3,118.0,47.0,120.0,UNICA,-2.0,-1.6666666666666667,-73.0,-60.83333333333333
00018011,2025,3,3,3,117.0,47.0,117.0,UNICA,0.0,0.0,-70.0,-59.82905982905983
00018011,2025,4,3,3,119.0,48.0,119.0,UNICA,0.0,0.0,-71.0,-59.66386554621849
00018011,2025,5,3,3,119.0,47.0,119.0,UNICA,0.0,0.0,-72.0,-60.50420168067227
00018011,2025,6,3,3,118.0,46.0,118.0,UNICA,0.0,0.0,-72.0,-61.016949152542374
00018011,2025,7,3,3,118.0,46.0,118.0,UNICA,0.0,0.0,-72.0,-61.016949152542374
00018011,2025,8,3,3,116.0,45.0,116.0,UNICA,0.0,0.0,-71.0,-61.206896551724135
00018011,2025,9,3,3,118.0,46.0,118.0,UNICA,0.0,0.0,-72.0,-61.016949152542374
00018011,2025,10,3,3,117.0,46.0,117.0,UNICA,0.0,0.0,-71.0,-60.68376068376068
00018011,2025,11,3,3,118.0,46.0,118.0,UNICA,0.0,0.0,-72.0,-61.016949152542374
00018011,2026,1,3,3,118.0,46.0,118.0,UNICA,0.0,0.0,-72.0,-61.016949152542374
00018011,2026,2,3,3,120.0,46.0,120.0,UNICA,0.0,0.0,-74.0,-61.66666666666667
00018011,2026,3,3,3,120.0,46.0,120.0,UNICA,0.0,0.0,-74.0,-61.66666666666667
00018580,2016,1,4,4,129.0,46.0,201.0,UNICA,-72.0,-35.82089552238806,-155.0,-77.11442786069652
00018580,2016,2,3,3,111.0,46.0,201.0,UNICA,-90.0,-44.776119402985074,-155.0,-77.11442786069652
00018580,2016,3,2,2,64.0,37.0,199.0,UNICA,-135.0,-67.8391959798995,-162.0,-81.4070351758794
00018580,2016,4,3,3,83.0,37.0,199.0,UNICA,-116.0,-58.291457286432156,-162.0,-81.4070351758794
00018580,2016,5,5,5,199.0,70.0,199.0,UNICA,0.0,0.0,-129.0,-64.82412060301507
00018580,2016,6,5,5,199.0,70.0,199.0,UNICA,0.0,0.0,-129.0,-64.82412060301507
00018580,2016,7,5,5,199.0,70.0,199.0,UNICA,0.0,0.0,-129.0,-64.82412060301507
00018580,2016,8,5,5,199.0,70.0,200.0,UNICA,-1.0,-0.5,-130.0,-65.0
00018580,2016,9,5,5,199.0,70.0,200.0,UNICA,-1.0,-0.5,-130.0,-65.0
00018580,2016,10,5,5,199.0,70.0,199.0,UNICA,0.0,0.0,-129.0,-64.82412060301507
00018580,2017,1,3,3,83.0,37.0,199.0,UNICA,-116.0,-58.291457286432156,-162.0,-81.4070351758794
00018580,2017,2,5,5,171.0,78.0,199.0,UNICA,-28.0,-14.07035175879397,-121.0,-60.80402010050251
00018580,2017,3,5,5,153.0,50.0,199.0,UNICA,-46.0,-23.115577889447238,-149.0,-74.87437185929649
00018580,2017,4,6,6,199.0,50.0,199.0,UNICA,0.0,0.0,-149.0,-74.87437185929649
00018580,2017,5,6,6,199.0,50.0,199.0,UNICA,0.0,0.0,-149.0,-74.87437185929649
00018580,2017,6,6,6,199.0,50.0,199.0,UNICA,0.0,0.0,-149.0,-74.87437185929649
00018580,2017,7,6,6,199.0,50.0,199.0,UNICA,0.0,0.0,-149.0,-74.87437185929649
00018580,2017,8,6,6,199.0,50.0,199.0,UNICA,0.0,0.0,-149.0,-74.87437185929649
00018580,2017,9,6,6,199.0,50.0,199.0,UNICA,0.0,0.0,-149.0,-74.87437185929649
00018580,2017,10,6,6,199.0,50.0,199.0,UNICA,0.0,0.0,-149.0,-74.87437185929649
00018580,2017,11,6,6,199.0,50.0,199.0,UNICA,0.0,0.0,-149.0,-74.87437185929649
00023159,2017,5,7,7,95.0,24.0,79.0,UNICA,16.0,20.253164556962027,-55.0,-69.62025316455697
00023159,2017,6,7,7,98.0,24.0,88.0,UNICA,10.0,11.363636363636363,-64.0,-72.72727272727273
00023159,2017,7,7,7,98.0,24.0,88.0,UNICA,10.0,11.363636363636363,-64.0,-72.72727272727273
00023159,2017,8,7,7,122.0,32.0,112.0,UNICA,10.0,8.928571428571429,-80.0,-71.42857142857143
00023159,2017,9,9,9,137.0,32.0,112.0,UNICA,25.0,22.321428571428573,-80.0,-71.42857142857143
00023159,2017,10,9,9,142.0,32.0,112.0,UNICA,30.0,26.785714285714285,-80.0,-71.42857142857143
00023159,2017,11,9,9,152.0,36.0,122.0,UNICA,30.0,24.59016393442623,-86.0,-70.49180327868852
00023159,2017,12,3,3,50.0,31.0,122.0,UNICA,-72.0,-59.01639344262295,-91.0,-74.59016393442623
00023159,2018,1,2,2,30.0,21.0,126.0,UNICA,-96.0,-76.19047619047619,-105.0,-83.33333333333334
00023159,2018,2,2,2,30.0,21.0,126.0,UNICA,-96.0,-76.19047619047619,-105.0,-83.33333333333334
00023159,2018,3,3,3,28.0,11.0,126.0,UNICA,-98.0,-77.77777777777779,-115.0,-91.26984126984127
00023159,2018,4,3,3,32.0,19.0,126.0,UNICA,-94.0,-74.60317460317461,-107.0,-84.92063492063492
00023159,2018,5,3,3,30.0,16.0,126.0,UNICA,-96.0,-76.19047619047619,-110.0,-87.3015873015873
00023159,2018,6,3,3,28.0,14.0,126.0,UNICA,-98.0,-77.77777777777779,-112.0,-88.88888888888889
00023159,2018,7,3,3,31.0,18.0,140.0,UNICA,-109.0,-77.85714285714286,-122.0,-87.14285714285714
00023159,2018,8,3,3,19.0,9.0,140.0,UNICA,-121.0,-86.42857142857143,-131.0,-93.57142857142857
00023159,2018,9,2,2,27.0,18.0,194.0,UNICA,-167.0,-86.08247422680412,-176.0,-90.72164948453609
00023159,2018,10,2,2,24.0,15.0,194.0,UNICA,-170.0,-87.62886597938144,-179.0,-92.26804123711341
00023159,2018,11,4,4,24.0,11.0,194.0,UNICA,-170.0,-87.62886597938144,-183.0,-94.3298969072165
00023159,2019,1,12,12,200.0,36.0,194.0,UNICA,6.0,3.0927835051546393,-158.0,-81.44329896907216
00023159,2019,2,12,12,200.0,36.0,194.0,UNICA,6.0,3.0927835051546393,-158.0,-81.44329896907216
00023159,2019,3,11,11,206.0,44.0,224.0,UNICA,-18.0,-8.035714285714286,-180.0,-80.35714285714286
00023159,2019,4,11,11,209.0,44.0,224.0,UNICA,-15.0,-6.696428571428571,-180.0,-80.35714285714286
00023159,2019,5,12,12,200.0,36.0,203.0,UNICA,-3.0,-1.477832512315271,-167.0,-82.26600985221675
00023159,2019,6,12,12,223.0,44.0,203.0,UNICA,20.0,9.852216748768473,-159.0,-78.32512315270937
00023159,2019,7,12,12,200.0,36.0,203.0,UNICA,-3.0,-1.477832512315271,-167.0,-82.26600985221675
00023159,2019,8,12,12,200.0,36.0,200.0,UNICA,0.0,0.0,-164.0,-82.0
00023159,2019,9,12,12,200.0,36.0,200.0,UNICA,0.0,0.0,-164.0,-82.0
00023159,2019,10,12,12,223.0,42.0,200.0,UNICA,23.0,11.5,-158.0,-79.0
00023159,2019,11,12,12,222.0,48.0,200.0,UNICA,22.0,11.0,-152.0,-76.0
00023159,2020,1,12,12,232.0,48.0,209.0,UNICA,23.0,11.004784688995215,-161.0,-77.03349282296651
00023159,2020,2,12,12,228.0,48.0,209.0,UNICA,19.0,9.090909090909092,-161.0,-77.03349282296651
00023159,2020,3,9,9,206.0,48.0,232.0,UNICA,-26.0,-11.206896551724139,-184.0,-79.3103448275862
00023159,2020,4,6,6,144.0,92.0,231.0,UNICA,-87.0,-37.66233766233766,-139.0,-60.17316017316018
00023159,2020,5,6,6,124.0,80.0,238.0,UNICA,-114.0,-47.89915966386555,-158.0,-66.38655462184873
00023159,2020,6,7,7,128.0,85.0,272.0,UNICA,-144.0,-52.94117647058824,-187.0,-68.75
00023159,2020,7,8,8,126.0,59.0,353.0,UNICA,-227.0,-64.30594900849859,-294.0,-83.28611898016997
00023159,2020,8,8,8,129.0,60.0,323.0,UNICA,-194.0,-60.06191950464397,-263.0,-81.42414860681114
00023159,2020,9,8,8,133.0,56.0,398.0,UNICA,-265.0,-66.58291457286433,-342.0,-85.92964824120602
00023159,2020,10,8,8,235.0,114.0,385.0,UNICA,-150.0,-38.961038961038966,-271.0,-70.3896103896104
00023159,2020,11,8,8,226.0,97.0,387.0,UNICA,-161.0,-41.60206718346253,-290.0,-74.93540051679587
00023159,2020,12,8,8,232.0,93.0,387.0,UNICA,-155.0,-40.05167958656331,-294.0,-75.96899224806202
00023159,2021,1,8,8,277.0,126.0,325.0,UNICA,-48.0,-14.76923076923077,-199.0,-61.23076923076923
00023159,2021,2,8,8,334.0,183.0,325.0,UNICA,9.0,2.769230769230769,-142.0,-43.69230769230769
00023159,2021,3,8,8,332.0,178.0,339.0,UNICA,-7.0,-2.0648967551622417,-161.0,-47.49262536873156
00023159,2021,4,8,8,317.0,163.0,339.0,UNICA,-22.0,-6.489675516224189,-176.0,-51.91740412979351
00023159,2021,5,8,8,305.0,150.0,298.0,UNICA,7.0,2.348993288590604,-148.0,-49.664429530201346
00023159,2021,6,8,8,267.0,104.0,296.0,UNICA,-29.0,-9.797297297297296,-192.0,-64.86486486486487
00023159,2021,7,8,8,264.0,105.0,286.0,UNICA,-22.0,-7.6923076923076925,-181.0,-63.286713286713294
00023159,2021,8,8,8,261.0,103.0,279.0,UNICA,-18.0,-6.451612903225806,-176.0,-63.08243727598566
00023159,2021,9,8,8,246.0,87.0,257.0,UNICA,-11.0,-4.280155642023346,-170.0,-66.14785992217898
00023159,2021,10,8,8,284.0,76.0,258.0,UNICA,26.0,10.077519379844961,-182.0,-70.54263565891473
00023159,2021,11,8,8,236.0,58.0,249.0,UNICA,-13.0,-5.220883534136546,-191.0,-76.70682730923694
00023159,2021,12,8,8,238.0,61.0,245.0,UNICA,-7.0,-2.857142857142857,-184.0,-75.10204081632654
00023159,2022,1,8,8,246.0,59.0,286.0,UNICA,-40.0,-13.986013986013987,-227.0,-79.37062937062937
00023159,2022,2,8,8,262.0,78.0,286.0,UNICA,-24.0,-8.391608391608392,-208.0,-72.72727272727273
00023159,2022,3,8,8,231.0,53.0,231.0,UNICA,0.0,0.0,-178.0,-77.05627705627705
00023159,2022,4,9,9,235.0,48.0,337.0,UNICA,-102.0,-30.267062314540063,-289.0,-85.7566765578635
00023159,2022,5,10,10,232.0,48.0,358.0,UNICA,-126.0,-35.19553072625698,-310.0,-86.59217877094973
00023159,2022,6,10,10,240.0,48.0,358.0,UNICA,-118.0,-32.960893854748605,-310.0,-86.59217877094973
00023159,2022,7,10,10,241.0,53.0,358.0,UNICA,-117.0,-32.68156424581006,-305.0,-85.19553072625699
00023159,2022,8,10,10,240.0,51.0,358.0,UNICA,-118.0,-32.960893854748605,-307.0,-85.75418994413407
00023159,2022,9,8,8,211.0,49.0,354.0,UNICA,-143.0,-40.3954802259887,-305.0,-86.15819209039547
00023159,2022,10,8,8,212.0,52.0,354.0,UNICA,-142.0,-40.11299435028249,-302.0,-85.31073446327684
00023159,2022,11,10,10,242.0,52.0,354.0,UNICA,-112.0,-31.63841807909605,-302.0,-85.31073446327684
00023159,2022,12,10,10,239.0,49.0,357.0,UNICA,-118.0,-33.0532212885154,-308.0,-86.27450980392157
00023159,2023,1,10,10,240.0,49.0,297.0,UNICA,-57.0,-19.19191919191919,-248.0,-83.5016835016835
00023159,2023,2,10,10,239.0,48.0,297.0,UNICA,-58.0,-19.52861952861953,-249.0,-83.83838383838383
00023159,2023,3,10,10,240.0,49.0,297.0,UNICA,-57.0,-19.19191919191919,-248.0,-83.5016835016835
00023159,2023,4,5,5,117.0,49.0,297.0,UNICA,-180.0,-60.60606060606061,-248.0,-83.5016835016835
00023159,2023,5,8,8,190.0,49.0,297.0,UNICA,-107.0,-36.02693602693603,-248.0,-83.5016835016835
00023159,2023,6,9,9,241.0,52.0,297.0,UNICA,-56.0,-18.855218855218855,-245.0,-82.49158249158249
00023159,2023,7,10,10,245.0,54.0,297.0,UNICA,-52.0,-17.50841750841751,-243.0,-81.81818181818183
00023159,2023,8,10,10,237.0,54.0,297.0,UNICA,-60.0,-20.2020202020202,-243.0,-81.81818181818183
00023159,2023,9,9,9,224.0,58.0,309.0,UNICA,-85.0,-27.508090614886733,-251.0,-81.22977346278317
00023159,2023,10,13,13,260.0,58.0,260.0,UNICA,0.0,0.0,-202.0,-77.6923076923077
00023159,2023,11,13,13,255.0,53.0,260.0,UNICA,-5.0,-1.9230769230769231,-207.0,-79.61538461538461
00023159,2023,12,13,13,256.0,54.0,260.0,UNICA,-4.0,-1.5384615384615385,-206.0,-79.23076923076923
00023159,2024,1,13,13,256.0,54.0,260.0,UNICA,-4.0,-1.5384615384615385,-206.0,-79.23076923076923
00023159,2024,2,13,13,256.0,56.0,260.0,UNICA,-4.0,-1.5384615384615385,-204.0,-78.46153846153847
00023159,2024,3,13,13,254.0,52.0,260.0,UNICA,-6.0,-2.307692307692308,-208.0,-80.0
00023159,2024,4,13,13,256.0,53.0,260.0,UNICA,-4.0,-1.5384615384615385,-207.0,-79.61538461538461
00023159,2024,5,14,14,256.0,53.0,260.0,UNICA,-4.0,-1.5384615384615385,-207.0,-79.61538461538461
00023159,2024,6,14,14,256.0,53.0,260.0,UNICA,-4.0,-1.5384615384615385,-207.0,-79.61538461538461
00023159,2024,7,14,14,256.0,53.0,260.0,UNICA,-4.0,-1.5384615384615385,-207.0,-79.61538461538461
00023159,2024,8,14,14,255.0,53.0,260.0,UNICA,-5.0,-1.9230769230769231,-207.0,-79.61538461538461
00023159,2024,9,14,14,255.0,53.0,260.0,UNICA,-5.0,-1.9230769230769231,-207.0,-79.61538461538461
00023159,2024,10,14,14,255.0,53.0,260.0,UNICA,-5.0,-1.9230769230769231,-207.0,-79.61538461538461
00023159,2024,11,14,14,251.0,53.0,260.0,UNICA,-9.0,-3.4615384615384617,-207.0,-79.61538461538461
00023159,2024,12,14,14,251.0,53.0,260.0,UNICA,-9.0,-3.4615384615384617,-207.0,-79.61538461538461
00023159,2025,1,14,14,251.0,53.0,260.0,UNICA,-9.0,-3.4615384615384617,-207.0,-79.61538461538461
00023159,2025,2,14,14,251.0,53.0,260.0,UNICA,-9.0,-3.4615384615384617,-207.0,-79.61538461538461
00023159,2025,3,14,14,251.0,53.0,260.0,UNICA,-9.0,-3.4615384615384617,-207.0,-79.61538461538461
00023159,2025,4,14,14,259.0,55.0,260.0,UNICA,-1.0,-0.38461538461538464,-205.0,-78.84615384615384
00023159,2025,5,14,14,253.0,53.0,260.0,UNICA,-7.0,-2.6923076923076925,-207.0,-79.61538461538461
00023159,2025,6,14,14,252.0,54.0,260.0,UNICA,-8.0,-3.076923076923077,-206.0,-79.23076923076923
00023159,2025,7,14,14,252.0,54.0,260.0,UNICA,-8.0,-3.076923076923077,-206.0,-79.23076923076923
00023159,2025,8,14,14,258.0,54.0,260.0,UNICA,-2.0,-0.7692307692307693,-206.0,-79.23076923076923
00023159,2025,9,14,14,252.0,54.0,260.0,UNICA,-8.0,-3.076923076923077,-206.0,-79.23076923076923
00023159,2025,10,14,14,252.0,54.0,260.0,UNICA,-8.0,-3.076923076923077,-206.0,-79.23076923076923
00023159,2025,11,14,14,253.0,55.0,260.0,UNICA,-7.0,-2.6923076923076925,-205.0,-78.84615384615384
00023159,2025,12,3,3,44.0,18.0,260.0,UNICA,-216.0,-83.07692307692308,-242.0,-93.07692307692308
00023159,2026,1,14,14,253.0,55.0,260.0,UNICA,-7.0,-2.6923076923076925,-205.0,-78.84615384615384
00023159,2026,2,14,14,253.0,55.0,260.0,UNICA,-7.0,-2.6923076923076925,-205.0,-78.84615384615384
00023159,2026,3,14,14,253.0,55.0,260.0,UNICA,-7.0,-2.6923076923076925,-205.0,-78.84615384615384
00027565,2022,1,7,7,104.0,30.0,104.0,UNICA,0.0,0.0,-74.0,-71.15384615384616
00027565,2022,2,7,7,109.0,32.0,109.0,UNICA,0.0,0.0,-77.0,-70.64220183486239
00027565,2022,3,7,7,99.0,30.0,106.0,UNICA,-7.0,-6.60377358490566,-76.0,-71.69811320754717
00027565,2022,4,7,7,100.0,30.0,107.0,UNICA,-7.0,-6.5420560747663545,-77.0,-71.96261682242991
00027565,2022,5,7,7,104.0,30.0,111.0,UNICA,-7.0,-6.306306306306306,-81.0,-72.97297297297297
00027565,2022,6,7,7,104.0,30.0,111.0,UNICA,-7.0,-6.306306306306306,-81.0,-72.97297297297297
00027565,2022,7,7,7,104.0,30.0,111.0,UNICA,-7.0,-6.306306306306306,-81.0,-72.97297297297297
00027565,2022,8,7,7,104.0,30.0,111.0,UNICA,-7.0,-6.306306306306306,-81.0,-72.97297297297297
00027565,2022,9,7,7,111.0,30.0,111.0,UNICA,0.0,0.0,-81.0,-72.97297297297297
00027565,2022,10,7,7,104.0,30.0,111.0,UNICA,-7.0,-6.306306306306306,-81.0,-72.97297297297297
00027565,2022,11,7,7,105.0,30.0,112.0,UNICA,-7.0,-6.25,-82.0,-73.21428571428571
00027565,2022,12,6,6,95.0,30.0,112.0,UNICA,-17.0,-15.178571428571427,-82.0,-73.21428571428571
00027565,2023,1,6,6,95.0,30.0,112.0,UNICA,-17.0,-15.178571428571427,-82.0,-73.21428571428571
00027565,2023,2,6,6,95.0,30.0,112.0,UNICA,-17.0,-15.178571428571427,-82.0,-73.21428571428571
00027565,2023,3,6,6,95.0,30.0,112.0,UNICA,-17.0,-15.178571428571427,-82.0,-73.21428571428571
00027565,2023,4,6,6,95.0,30.0,112.0,UNICA,-17.0,-15.178571428571427,-82.0,-73.21428571428571
00027565,2023,5,6,6,95.0,30.0,102.0,UNICA,-7.0,-6.862745098039216,-72.0,-70.58823529411765
00027565,2023,6,6,6,97.0,30.0,102.0,UNICA,-5.0,-4.901960784313726,-72.0,-70.58823529411765
00027565,2023,7,6,6,108.0,37.0,108.0,UNICA,0.0,0.0,-71.0,-65.74074074074075
00027565,2023,8,6,6,108.0,37.0,108.0,UNICA,0.0,0.0,-71.0,-65.74074074074075
00027565,2023,9,5,5,89.0,37.0,108.0,UNICA,-19.0,-17.59259259259259,-71.0,-65.74074074074075
00027565,2023,10,5,5,89.0,37.0,108.0,UNICA,-19.0,-17.59259259259259,-71.0,-65.74074074074075
00027565,2023,11,6,6,108.0,37.0,108.0,UNICA,0.0,0.0,-71.0,-65.74074074074075
00027565,2023,12,5,5,89.0,37.0,108.0,UNICA,-19.0,-17.59259259259259,-71.0,-65.74074074074075
00027565,2024,1,5,5,89.0,37.0,108.0,UNICA,-19.0,-17.59259259259259,-71.0,-65.74074074074075
00027565,2024,2,6,6,108.0,37.0,108.0,UNICA,0.0,0.0,-71.0,-65.74074074074075
00027565,2024,3,6,6,121.0,50.0,121.0,UNICA,0.0,0.0,-71.0,-58.67768595041323
00027565,2024,4,6,6,122.0,51.0,122.0,UNICA,0.0,0.0,-71.0,-58.19672131147541
00027565,2024,5,6,6,122.0,51.0,122.0,UNICA,0.0,0.0,-71.0,-58.19672131147541
00027565,2024,6,6,6,122.0,51.0,122.0,UNICA,0.0,0.0,-71.0,-58.19672131147541
00027565,2024,7,6,6,108.0,37.0,108.0,UNICA,0.0,0.0,-71.0,-65.74074074074075
00027565,2024,8,6,6,108.0,37.0,108.0,UNICA,0.0,0.0,-71.0,-65.74074074074075
00027565,2024,9,6,6,108.0,37.0,108.0,UNICA,0.0,0.0,-71.0,-65.74074074074075
00027565,2024,10,6,6,108.0,37.0,108.0,UNICA,0.0,0.0,-71.0,-65.74074074074075
00027565,2024,11,6,6,108.0,37.0,108.0,UNICA,0.0,0.0,-71.0,-65.74074074074075
00027565,2024,12,6,6,108.0,37.0,108.0,UNICA,0.0,0.0,-71.0,-65.74074074074075
00027565,2025,1,6,6,108.0,37.0,108.0,UNICA,0.0,0.0,-71.0,-65.74074074074075
00027565,2025,2,6,6,108.0,37.0,108.0,UNICA,0.0,0.0,-71.0,-65.74074074074075
00027565,2025,3,6,6,108.0,37.0,108.0,UNICA,0.0,0.0,-71.0,-65.74074074074075
00027565,2025,4,6,6,108.0,37.0,108.0,UNICA,0.0,0.0,-71.0,-65.74074074074075
00027565,2025,5,6,6,108.0,37.0,108.0,UNICA,0.0,0.0,-71.0,-65.74074074074075
00027565,2025,6,6,6,108.0,37.0,108.0,UNICA,0.0,0.0,-71.0,-65.74074074074075
00027565,2025,7,6,6,108.0,37.0,108.0,UNICA,0.0,0.0,-71.0,-65.74074074074075
00027565,2025,8,6,6,108.0,37.0,108.0,UNICA,0.0,0.0,-71.0,-65.74074074074075
00027565,2025,9,6,6,108.0,37.0,108.0,UNICA,0.0,0.0,-71.0,-65.74074074074075
00027565,2025,10,6,6,108.0,37.0,108.0,UNICA,0.0,0.0,-71.0,-65.74074074074075
00027565,2025,11,6,6,108.0,37.0,108.0,UNICA,0.0,0.0,-71.0,-65.74074074074075
00027565,2026,1,6,6,108.0,37.0,108.0,UNICA,0.0,0.0,-71.0,-65.74074074074075
00027565,2026,2,6,6,108.0,37.0,108.0,UNICA,0.0,0.0,-71.0,-65.74074074074075
00027565,2026,3,6,6,108.0,37.0,108.0,UNICA,0.0,0.0,-71.0,-65.74074074074075
00028025,2022,1,6,6,141.0,40.0,122.0,UNICA,19.0,15.573770491803279,-82.0,-67.21311475409836
00028025,2022,2,6,6,141.0,40.0,122.0,UNICA,19.0,15.573770491803279,-82.0,-67.21311475409836
00028025,2022,3,6,6,141.0,40.0,122.0,UNICA,19.0,15.573770491803279,-82.0,-67.21311475409836
00028025,2022,4,3,3,91.0,40.0,122.0,UNICA,-31.0,-25.40983606557377,-82.0,-67.21311475409836
00028025,2022,5,3,3,91.0,40.0,122.0,UNICA,-31.0,-25.40983606557377,-82.0,-67.21311475409836
00028025,2022,6,3,3,91.0,40.0,122.0,UNICA,-31.0,-25.40983606557377,-82.0,-67.21311475409836
00028025,2022,7,5,5,103.0,40.0,122.0,UNICA,-19.0,-15.573770491803279,-82.0,-67.21311475409836
00028025,2022,8,4,4,124.0,40.0,122.0,UNICA,2.0,1.639344262295082,-82.0,-67.21311475409836
00028025,2022,9,3,3,48.0,25.0,122.0,UNICA,-74.0,-60.65573770491803,-97.0,-79.50819672131148
00028025,2022,10,3,3,57.0,30.0,122.0,UNICA,-65.0,-53.278688524590166,-92.0,-75.40983606557377
00028025,2022,11,4,4,55.0,24.0,122.0,UNICA,-67.0,-54.91803278688525,-98.0,-80.32786885245902
00028025,2022,12,4,4,62.0,26.0,122.0,UNICA,-60.0,-49.18032786885246,-96.0,-78.68852459016394
00028025,2023,1,4,4,75.0,30.0,100.0,UNICA,-25.0,-25.0,-70.0,-70.0
00028025,2023,2,3,3,63.0,29.0,100.0,UNICA,-37.0,-37.0,-71.0,-71.0
00028025,2023,3,3,3,65.0,25.0,100.0,UNICA,-35.0,-35.0,-75.0,-75.0
00028025,2023,4,3,3,91.0,40.0,100.0,UNICA,-9.0,-9.0,-60.0,-60.0
00028025,2023,5,3,3,91.0,40.0,100.0,UNICA,-9.0,-9.0,-60.0,-60.0
00028025,2023,6,3,3,91.0,40.0,100.0,UNICA,-9.0,-9.0,-60.0,-60.0
00028025,2023,7,3,3,50.0,25.0,100.0,UNICA,-50.0,-50.0,-75.0,-75.0
00028025,2023,8,4,4,41.0,18.0,100.0,UNICA,-59.0,-59.0,-82.0,-82.0
00028025,2023,9,3,3,90.0,40.0,100.0,UNICA,-10.0,-10.0,-60.0,-60.0
00028025,2023,10,3,3,40.0,18.0,100.0,UNICA,-60.0,-60.0,-82.0,-82.0
00028025,2023,11,3,3,102.0,45.0,100.0,UNICA,2.0,2.0,-55.0,-55.00000000000001
00033381,2024,1,12,12,169.0,54.0,252.0,UNICA,-83.0,-32.93650793650794,-198.0,-78.57142857142857
00033381,2024,2,11,11,170.0,57.0,252.0,UNICA,-82.0,-32.53968253968254,-195.0,-77.38095238095238
00033381,2024,3,12,12,188.0,46.0,252.0,UNICA,-64.0,-25.396825396825395,-206.0,-81.74603174603175
00033381,2024,4,12,12,179.0,45.0,252.0,UNICA,-73.0,-28.968253968253972,-207.0,-82.14285714285714
00033381,2024,5,12,12,189.0,45.0,252.0,UNICA,-63.0,-25.0,-207.0,-82.14285714285714
00033381,2024,6,10,10,172.0,36.0,252.0,UNICA,-80.0,-31.746031746031743,-216.0,-85.71428571428571
00033381,2024,7,10,10,151.0,40.0,252.0,UNICA,-101.0,-40.07936507936508,-212.0,-84.12698412698413
00033381,2024,8,12,12,150.0,36.0,252.0,UNICA,-102.0,-40.476190476190474,-216.0,-85.71428571428571
00033381,2024,9,12,12,165.0,47.0,252.0,UNICA,-87.0,-34.523809523809526,-205.0,-81.34920634920636
00033381,2024,10,12,12,151.0,39.0,252.0,UNICA,-101.0,-40.07936507936508,-213.0,-84.52380952380952
00033381,2024,11,12,12,175.0,39.0,252.0,UNICA,-77.0,-30.555555555555557,-213.0,-84.52380952380952
00033381,2024,12,12,12,165.0,38.0,252.0,UNICA,-87.0,-34.523809523809526,-214.0,-84.92063492063492
00033381,2025,1,12,12,173.0,43.0,208.0,UNICA,-35.0,-16.826923076923077,-165.0,-79.32692307692307
00033381,2025,2,12,12,160.0,43.0,208.0,UNICA,-48.0,-23.076923076923077,-165.0,-79.32692307692307
00033381,2025,3,12,12,156.0,37.0,208.0,UNICA,-52.0,-25.0,-171.0,-82.21153846153845
00033381,2025,4,12,12,146.0,40.0,208.0,UNICA,-62.0,-29.807692307692307,-168.0,-80.76923076923077
00033381,2025,5,12,12,160.0,43.0,208.0,UNICA,-48.0,-23.076923076923077,-165.0,-79.32692307692307
00033381,2025,6,13,13,151.0,32.0,208.0,UNICA,-57.0,-27.403846153846157,-176.0,-84.61538461538461
00033381,2025,7,13,13,151.0,34.0,208.0,UNICA,-57.0,-27.403846153846157,-174.0,-83.65384615384616
00033381,2025,8,13,13,158.0,36.0,208.0,UNICA,-50.0,-24.03846153846154,-172.0,-82.6923076923077
00033381,2025,9,13,13,168.0,41.0,208.0,UNICA,-40.0,-19.230769230769234,-167.0,-80.28846153846155
00033381,2025,10,13,13,160.0,38.0,208.0,UNICA,-48.0,-23.076923076923077,-170.0,-81.73076923076923
00033381,2025,11,13,13,160.0,36.0,208.0,UNICA,-48.0,-23.076923076923077,-172.0,-82.6923076923077
00033381,2026,1,13,13,155.0,43.0,208.0,UNICA,-53.0,-25.48076923076923,-165.0,-79.32692307692307
00033381,2026,2,13,13,151.0,40.0,208.0,UNICA,-57.0,-27.403846153846157,-168.0,-80.76923076923077
00033381,2026,3,13,13,152.0,39.0,208.0,UNICA,-56.0,-26.923076923076923,-169.0,-81.25
00035628,2026,1,2,2,56.0,42.0,56.0,UNICA,0.0,0.0,-14.0,-25.0
00035628,2026,2,2,2,42.0,28.0,42.0,UNICA,0.0,0.0,-14.0,-33.33333333333333
00035628,2026,3,2,2,42.0,28.0,42.0,UNICA,0.0,0.0,-14.0,-33.33333333333333
