codigo_ipress,anio,mes,filas_originales,versiones_distintas,estado_calidad_a,cantidad_eliminada
00000213,2025,8,2,1,DUPLICADO_EXACTO,1
00000213,2026,3,2,1,DUPLICADO_EXACTO,1
00000226,2026,1,2,1,DUPLICADO_EXACTO,1
00000227,2026,1,2,1,DUPLICADO_EXACTO,1
00000310,2020,6,2,1,DUPLICADO_EXACTO,1
00000310,2020,8,2,1,DUPLICADO_EXACTO,1
00000310,2020,9,3,1,DUPLICADO_EXACTO,2
00000310,2020,10,2,1,DUPLICADO_EXACTO,1
00000310,2020,11,2,1,DUPLICADO_EXACTO,1
00000310,2020,12,2,1,DUPLICADO_EXACTO,1
00000310,2021,1,2,1,DUPLICADO_EXACTO,1
00000310,2021,2,3,1,DUPLICADO_EXACTO,2
00000310,2021,5,2,1,DUPLICADO_EXACTO,1
00000310,2021,10,2,1,DUPLICADO_EXACTO,1
00000310,2022,7,3,1,DUPLICADO_EXACTO,2
00000310,2023,1,2,1,DUPLICADO_EXACTO,1
00000310,2024,4,2,1,DUPLICADO_EXACTO,1
00000310,2024,10,2,1,DUPLICADO_EXACTO,1
00000311,2019,8,2,1,DUPLICADO_EXACTO,1
00000317,2019,8,2,1,DUPLICADO_EXACTO,1
00000318,2020,6,2,1,DUPLICADO_EXACTO,1
00000318,2020,8,2,1,DUPLICADO_EXACTO,1
00000318,2020,9,3,1,DUPLICADO_EXACTO,2
00000318,2020,10,2,1,DUPLICADO_EXACTO,1
00000318,2020,11,2,1,DUPLICADO_EXACTO,1
00000318,2021,1,2,1,DUPLICADO_EXACTO,1
00000318,2021,2,3,1,DUPLICADO_EXACTO,2
00000318,2021,5,2,1,DUPLICADO_EXACTO,1
00000318,2021,10,2,1,DUPLICADO_EXACTO,1
00000318,2022,1,2,1,DUPLICADO_EXACTO,1
00000318,2022,7,3,1,DUPLICADO_EXACTO,2
00000318,2023,1,2,1,DUPLICADO_EXACTO,1
00000318,2024,4,2,1,DUPLICADO_EXACTO,1
00000318,2024,10,2,1,DUPLICADO_EXACTO,1
00000319,2020,6,2,1,DUPLICADO_EXACTO,1
00000319,2020,8,2,1,DUPLICADO_EXACTO,1
00000319,2020,9,3,1,DUPLICADO_EXACTO,2
00000319,2020,10,2,1,DUPLICADO_EXACTO,1
00000319,2020,11,2,1,DUPLICADO_EXACTO,1
00000319,2020,12,2,1,DUPLICADO_EXACTO,1
00000319,2021,1,2,1,DUPLICADO_EXACTO,1
00000319,2021,2,3,1,DUPLICADO_EXACTO,2
00000319,2021,5,2,1,DUPLICADO_EXACTO,1
00000319,2021,10,2,1,DUPLICADO_EXACTO,1
00000319,2022,1,2,1,DUPLICADO_EXACTO,1
00000319,2022,7,3,1,DUPLICADO_EXACTO,2
00000319,2023,1,2,1,DUPLICADO_EXACTO,1
00000319,2024,4,2,1,DUPLICADO_EXACTO,1
00000319,2024,10,2,1,DUPLICADO_EXACTO,1
00000320,2019,12,2,1,DUPLICADO_EXACTO,1
00000320,2020,6,2,1,DUPLICADO_EXACTO,1
00000320,2020,8,2,1,DUPLICADO_EXACTO,1
00000320,2020,9,3,1,DUPLICADO_EXACTO,2
00000320,2020,10,2,1,DUPLICADO_EXACTO,1
00000320,2020,11,2,1,DUPLICADO_EXACTO,1
00000320,2020,12,2,1,DUPLICADO_EXACTO,1
00000320,2021,1,2,1,DUPLICADO_EXACTO,1
00000320,2021,2,3,1,DUPLICADO_EXACTO,2
00000320,2021,5,2,1,DUPLICADO_EXACTO,1
00000320,2021,10,2,1,DUPLICADO_EXACTO,1
00000320,2022,1,2,1,DUPLICADO_EXACTO,1
00000320,2022,5,2,1,DUPLICADO_EXACTO,1
00000320,2022,7,3,1,DUPLICADO_EXACTO,2
00000320,2023,1,2,1,DUPLICADO_EXACTO,1
00000320,2024,4,2,1,DUPLICADO_EXACTO,1
00000320,2024,10,2,1,DUPLICADO_EXACTO,1
00000320,2025,1,2,1,DUPLICADO_EXACTO,1
00000320,2025,2,2,1,DUPLICADO_EXACTO,1
00000320,2025,3,2,1,DUPLICADO_EXACTO,1
00000320,2025,4,2,1,DUPLICADO_EXACTO,1
00000320,2025,7,3,1,DUPLICADO_EXACTO,2
00000320,2025,9,2,1,DUPLICADO_EXACTO,1
00000320,2025,10,2,1,DUPLICADO_EXACTO,1
00000320,2025,11,2,1,DUPLICADO_EXACTO,1
00000320,2025,12,2,1,DUPLICADO_EXACTO,1
00000320,2026,1,2,1,DUPLICADO_EXACTO,1
00000320,2026,2,2,1,DUPLICADO_EXACTO,1
00000320,2026,4,2,1,DUPLICADO_EXACTO,1
00000320,2026,5,2,1,DUPLICADO_EXACTO,1
00000320,2026,7,2,1,DUPLICADO_EXACTO,1
00000321,2020,6,2,1,DUPLICADO_EXACTO,1
00000321,2021,5,2,1,DUPLICADO_EXACTO,1
00000321,2021,10,2,1,DUPLICADO_EXACTO,1
00000321,2022,1,2,1,DUPLICADO_EXACTO,1
00000321,2022,5,2,1,DUPLICADO_EXACTO,1
00000321,2022,7,3,1,DUPLICADO_EXACTO,2
00000321,2023,1,2,1,DUPLICADO_EXACTO,1
00000321,2024,4,2,1,DUPLICADO_EXACTO,1
00000321,2024,10,2,1,DUPLICADO_EXACTO,1
00000321,2025,2,2,1,DUPLICADO_EXACTO,1
00000321,2025,3,2,1,DUPLICADO_EXACTO,1
00000321,2025,4,2,1,DUPLICADO_EXACTO,1
00000321,2025,7,3,1,DUPLICADO_EXACTO,2
00000321,2025,9,2,1,DUPLICADO_EXACTO,1
00000321,2025,10,2,1,DUPLICADO_EXACTO,1
00000321,2025,11,2,1,DUPLICADO_EXACTO,1
00000321,2025,12,2,1,DUPLICADO_EXACTO,1
00000321,2026,1,2,1,DUPLICADO_EXACTO,1
00000321,2026,2,2,1,DUPLICADO_EXACTO,1
00000321,2026,4,2,1,DUPLICADO_EXACTO,1
00000321,2026,5,2,1,DUPLICADO_EXACTO,1
00000321,2026,7,2,1,DUPLICADO_EXACTO,1
00000322,2020,6,2,1,DUPLICADO_EXACTO,1
00000322,2020,8,2,1,DUPLICADO_EXACTO,1
00000322,2020,9,3,1,DUPLICADO_EXACTO,2
00000322,2020,10,2,1,DUPLICADO_EXACTO,1
00000322,2020,11,2,1,DUPLICADO_EXACTO,1
00000322,2020,12,2,1,DUPLICADO_EXACTO,1
00000322,2021,1,2,1,DUPLICADO_EXACTO,1
00000322,2021,2,3,1,DUPLICADO_EXACTO,2
00000322,2021,5,2,1,DUPLICADO_EXACTO,1
00000322,2021,10,2,1,DUPLICADO_EXACTO,1
00000322,2022,1,2,1,DUPLICADO_EXACTO,1
00000322,2022,5,2,1,DUPLICADO_EXACTO,1
00000322,2023,1,2,1,DUPLICADO_EXACTO,1
00000322,2024,4,2,1,DUPLICADO_EXACTO,1
00000322,2024,10,2,1,DUPLICADO_EXACTO,1
00000323,2020,6,2,1,DUPLICADO_EXACTO,1
00000323,2020,8,2,1,DUPLICADO_EXACTO,1
00000323,2020,9,3,1,DUPLICADO_EXACTO,2
00000323,2020,10,2,1,DUPLICADO_EXACTO,1
00000323,2020,11,2,1,DUPLICADO_EXACTO,1
00000323,2020,12,2,1,DUPLICADO_EXACTO,1
00000323,2021,1,2,1,DUPLICADO_EXACTO,1
00000323,2021,2,3,1,DUPLICADO_EXACTO,2
00000323,2021,5,2,1,DUPLICADO_EXACTO,1
00000323,2021,10,2,1,DUPLICADO_EXACTO,1
00000323,2022,1,2,1,DUPLICADO_EXACTO,1
00000323,2022,5,2,1,DUPLICADO_EXACTO,1
00000323,2022,7,3,1,DUPLICADO_EXACTO,2
00000323,2023,1,2,1,DUPLICADO_EXACTO,1
00000323,2024,4,2,1,DUPLICADO_EXACTO,1
00000323,2024,10,2,1,DUPLICADO_EXACTO,1
00000323,2025,12,2,1,DUPLICADO_EXACTO,1
00000324,2020,6,2,1,DUPLICADO_EXACTO,1
00000324,2020,8,2,1,DUPLICADO_EXACTO,1
00000324,2020,9,2,1,DUPLICADO_EXACTO,1
00000324,2020,10,2,1,DUPLICADO_EXACTO,1
00000324,2020,11,2,1,DUPLICADO_EXACTO,1
00000324,2020,12,2,1,DUPLICADO_EXACTO,1
00000324,2021,1,2,1,DUPLICADO_EXACTO,1
00000324,2021,5,2,1,DUPLICADO_EXACTO,1
00000324,2021,10,2,1,DUPLICADO_EXACTO,1
00000324,2022,1,2,1,DUPLICADO_EXACTO,1
00000324,2022,5,2,1,DUPLICADO_EXACTO,1
00000324,2022,7,3,1,DUPLICADO_EXACTO,2
00000324,2024,4,2,1,DUPLICADO_EXACTO,1
00000324,2024,10,2,1,DUPLICADO_EXACTO,1
00000324,2025,6,2,1,DUPLICADO_EXACTO,1
00000324,2025,7,2,1,DUPLICADO_EXACTO,1
00000324,2025,12,2,1,DUPLICADO_EXACTO,1
00000325,2020,6,2,1,DUPLICADO_EXACTO,1
00000325,2020,8,2,1,DUPLICADO_EXACTO,1
00000325,2020,9,2,1,DUPLICADO_EXACTO,1
00000325,2022,1,2,1,DUPLICADO_EXACTO,1
00000325,2022,5,2,1,DUPLICADO_EXACTO,1
00000325,2022,7,3,1,DUPLICADO_EXACTO,2
00000325,2023,1,2,1,DUPLICADO_EXACTO,1
00000326,2020,6,2,1,DUPLICADO_EXACTO,1
00000326,2020,8,2,1,DUPLICADO_EXACTO,1
00000326,2020,9,3,1,DUPLICADO_EXACTO,2
00000326,2020,10,2,1,DUPLICADO_EXACTO,1
00000326,2020,11,2,1,DUPLICADO_EXACTO,1
00000326,2020,12,2,1,DUPLICADO_EXACTO,1
00000326,2021,1,2,1,DUPLICADO_EXACTO,1
00000326,2021,2,3,1,DUPLICADO_EXACTO,2
00000326,2021,5,2,1,DUPLICADO_EXACTO,1
00000326,2021,10,2,1,DUPLICADO_EXACTO,1
00000326,2022,1,2,1,DUPLICADO_EXACTO,1
00000326,2022,5,2,1,DUPLICADO_EXACTO,1
00000326,2022,7,3,1,DUPLICADO_EXACTO,2
00000326,2023,1,2,1,DUPLICADO_EXACTO,1
00000326,2024,4,2,1,DUPLICADO_EXACTO,1
00000326,2024,10,2,1,DUPLICADO_EXACTO,1
00000326,2025,1,2,1,DUPLICADO_EXACTO,1
00000326,2025,2,2,1,DUPLICADO_EXACTO,1
00000326,2025,3,2,1,DUPLICADO_EXACTO,1
00000326,2025,4,2,1,DUPLICADO_EXACTO,1
00000326,2025,7,3,1,DUPLICADO_EXACTO,2
00000326,2025,9,2,1,DUPLICADO_EXACTO,1
00000326,2025,10,2,1,DUPLICADO_EXACTO,1
00000326,2025,11,2,1,DUPLICADO_EXACTO,1
00000326,2025,12,2,1,DUPLICADO_EXACTO,1
00000326,2026,1,2,1,DUPLICADO_EXACTO,1
00000326,2026,2,2,1,DUPLICADO_EXACTO,1
00000326,2026,4,2,1,DUPLICADO_EXACTO,1
00000326,2026,7,2,1,DUPLICADO_EXACTO,1
00000327,2020,6,2,1,DUPLICADO_EXACTO,1
00000327,2020,8,2,1,DUPLICADO_EXACTO,1
00000327,2020,9,3,1,DUPLICADO_EXACTO,2
00000327,2020,10,2,1,DUPLICADO_EXACTO,1
00000327,2020,11,2,1,DUPLICADO_EXACTO,1
00000327,2020,12,2,1,DUPLICADO_EXACTO,1
00000327,2021,1,2,1,DUPLICADO_EXACTO,1
00000327,2021,2,3,1,DUPLICADO_EXACTO,2
00000327,2021,5,2,1,DUPLICADO_EXACTO,1
00000327,2021,10,2,1,DUPLICADO_EXACTO,1
00000327,2022,1,2,1,DUPLICADO_EXACTO,1
00000327,2022,5,2,1,DUPLICADO_EXACTO,1
00000327,2022,7,3,1,DUPLICADO_EXACTO,2
00000327,2023,1,2,1,DUPLICADO_EXACTO,1
00000327,2024,4,2,1,DUPLICADO_EXACTO,1
00000327,2024,10,2,1,DUPLICADO_EXACTO,1
00000327,2025,1,2,1,DUPLICADO_EXACTO,1
00000327,2025,2,2,1,DUPLICADO_EXACTO,1
00000327,2025,3,2,1,DUPLICADO_EXACTO,1
00000327,2025,4,2,1,DUPLICADO_EXACTO,1
00000327,2025,7,3,1,DUPLICADO_EXACTO,2
00000327,2025,9,2,1,DUPLICADO_EXACTO,1
00000327,2025,10,2,1,DUPLICADO_EXACTO,1
00000327,2025,11,2,1,DUPLICADO_EXACTO,1
00000327,2025,12,2,1,DUPLICADO_EXACTO,1
00000327,2026,1,2,1,DUPLICADO_EXACTO,1
00000327,2026,2,2,1,DUPLICADO_EXACTO,1
00000327,2026,4,2,1,DUPLICADO_EXACTO,1
00000327,2026,5,2,1,DUPLICADO_EXACTO,1
00000327,2026,7,2,1,DUPLICADO_EXACTO,1
00000328,2020,6,2,1,DUPLICADO_EXACTO,1
00000328,2020,8,2,1,DUPLICADO_EXACTO,1
00000328,2020,9,3,1,DUPLICADO_EXACTO,2
00000328,2020,10,2,1,DUPLICADO_EXACTO,1
00000328,2020,11,2,1,DUPLICADO_EXACTO,1
00000328,2020,12,2,1,DUPLICADO_EXACTO,1
00000328,2021,1,2,1,DUPLICADO_EXACTO,1
00000328,2021,2,3,1,DUPLICADO_EXACTO,2
00000328,2021,5,2,1,DUPLICADO_EXACTO,1
00000328,2021,10,2,1,DUPLICADO_EXACTO,1
00000328,2022,1,2,1,DUPLICADO_EXACTO,1
00000328,2022,5,2,1,DUPLICADO_EXACTO,1
00000328,2022,7,3,1,DUPLICADO_EXACTO,2
00000328,2023,1,2,1,DUPLICADO_EXACTO,1
00000328,2024,4,2,1,DUPLICADO_EXACTO,1
00000328,2024,10,2,1,DUPLICADO_EXACTO,1
00000328,2025,6,2,1,DUPLICADO_EXACTO,1
00000328,2025,7,2,1,DUPLICADO_EXACTO,1
00000328,2025,12,2,1,DUPLICADO_EXACTO,1
00000329,2020,6,2,1,DUPLICADO_EXACTO,1
00000329,2020,8,2,1,DUPLICADO_EXACTO,1
00000329,2020,9,3,1,DUPLICADO_EXACTO,2
00000329,2020,10,2,1,DUPLICADO_EXACTO,1
00000329,2020,11,2,1,DUPLICADO_EXACTO,1
00000329,2020,12,2,1,DUPLICADO_EXACTO,1
00000329,2021,1,2,1,DUPLICADO_EXACTO,1
00000329,2021,2,3,1,DUPLICADO_EXACTO,2
00000329,2021,5,2,1,DUPLICADO_EXACTO,1
00000329,2021,10,2,1,DUPLICADO_EXACTO,1
00000329,2022,1,2,1,DUPLICADO_EXACTO,1
00000329,2022,5,2,1,DUPLICADO_EXACTO,1
00000329,2022,7,3,1,DUPLICADO_EXACTO,2
00000329,2023,1,2,1,DUPLICADO_EXACTO,1
00000329,2024,4,2,1,DUPLICADO_EXACTO,1
00000329,2024,10,2,1,DUPLICADO_EXACTO,1
00000329,2025,6,2,1,DUPLICADO_EXACTO,1
00000329,2025,7,2,1,DUPLICADO_EXACTO,1
00000329,2025,12,2,1,DUPLICADO_EXACTO,1
00000330,2020,6,2,1,DUPLICADO_EXACTO,1
00000330,2020,8,2,1,DUPLICADO_EXACTO,1
00000330,2020,9,3,1,DUPLICADO_EXACTO,2
00000330,2020,10,2,1,DUPLICADO_EXACTO,1
00000330,2020,11,2,1,DUPLICADO_EXACTO,1
00000330,2020,12,2,1,DUPLICADO_EXACTO,1
00000330,2021,1,2,1,DUPLICADO_EXACTO,1
00000330,2021,2,3,1,DUPLICADO_EXACTO,2
00000330,2021,5,2,1,DUPLICADO_EXACTO,1
00000330,2021,10,2,1,DUPLICADO_EXACTO,1
00000330,2022,1,2,1,DUPLICADO_EXACTO,1
00000330,2022,5,2,1,DUPLICADO_EXACTO,1
00000330,2022,7,3,1,DUPLICADO_EXACTO,2
00000330,2023,1,2,1,DUPLICADO_EXACTO,1
00000330,2024,4,2,1,DUPLICADO_EXACTO,1
00000330,2024,10,2,1,DUPLICADO_EXACTO,1
00000330,2025,6,2,1,DUPLICADO_EXACTO,1
00000330,2025,7,2,1,DUPLICADO_EXACTO,1
00000330,2025,12,2,1,DUPLICADO_EXACTO,1
00000331,2020,6,2,1,DUPLICADO_EXACTO,1
00000331,2020,8,2,1,DUPLICADO_EXACTO,1
00000331,2020,9,3,1,DUPLICADO_EXACTO,2
00000331,2020,10,2,1,DUPLICADO_EXACTO,1
00000331,2020,11,2,1,DUPLICADO_EXACTO,1
00000331,2020,12,2,1,DUPLICADO_EXACTO,1
00000331,2021,1,2,1,DUPLICADO_EXACTO,1
00000331,2021,2,3,1,DUPLICADO_EXACTO,2
00000331,2021,5,2,1,DUPLICADO_EXACTO,1
00000331,2021,10,2,1,DUPLICADO_EXACTO,1
00000331,2022,1,2,1,DUPLICADO_EXACTO,1
00000331,2022,5,2,1,DUPLICADO_EXACTO,1
00000331,2022,7,3,1,DUPLICADO_EXACTO,2
00000331,2023,1,2,1,DUPLICADO_EXACTO,1
00000331,2024,4,2,1,DUPLICADO_EXACTO,1
00000331,2024,10,2,1,DUPLICADO_EXACTO,1
00000332,2018,4,2,1,DUPLICADO_EXACTO,1
00000332,2020,8,2,1,DUPLICADO_EXACTO,1
00000332,2020,9,3,1,DUPLICADO_EXACTO,2
00000332,2020,10,2,1,DUPLICADO_EXACTO,1
00000332,2020,11,2,1,DUPLICADO_EXACTO,1
00000332,2020,12,2,1,DUPLICADO_EXACTO,1
00000332,2021,1,2,1,DUPLICADO_EXACTO,1
00000332,2021,2,3,1,DUPLICADO_EXACTO,2
00000332,2021,5,2,1,DUPLICADO_EXACTO,1
00000332,2021,10,2,1,DUPLICADO_EXACTO,1
00000332,2022,1,2,1,DUPLICADO_EXACTO,1
00000332,2022,5,2,1,DUPLICADO_EXACTO,1
00000332,2022,7,3,1,DUPLICADO_EXACTO,2
00000332,2023,1,2,1,DUPLICADO_EXACTO,1
00000332,2024,4,2,1,DUPLICADO_EXACTO,1
00000332,2024,10,2,1,DUPLICADO_EXACTO,1
00000332,2025,1,2,1,DUPLICADO_EXACTO,1
00000332,2025,2,2,1,DUPLICADO_EXACTO,1
00000332,2025,3,2,1,DUPLICADO_EXACTO,1
00000332,2025,4,2,1,DUPLICADO_EXACTO,1
00000332,2025,7,3,1,DUPLICADO_EXACTO,2
00000332,2025,9,2,1,DUPLICADO_EXACTO,1
00000332,2025,10,2,1,DUPLICADO_EXACTO,1
00000332,2025,11,2,1,DUPLICADO_EXACTO,1
00000332,2025,12,2,1,DUPLICADO_EXACTO,1
00000332,2026,1,2,1,DUPLICADO_EXACTO,1
00000332,2026,2,2,1,DUPLICADO_EXACTO,1
00000332,2026,4,2,1,DUPLICADO_EXACTO,1
00000332,2026,5,2,1,DUPLICADO_EXACTO,1
00000332,2026,7,2,1,DUPLICADO_EXACTO,1
00000333,2020,6,2,1,DUPLICADO_EXACTO,1
00000333,2020,8,2,1,DUPLICADO_EXACTO,1
00000333,2020,9,3,1,DUPLICADO_EXACTO,2
00000333,2020,10,2,1,DUPLICADO_EXACTO,1
00000333,2020,11,2,1,DUPLICADO_EXACTO,1
00000333,2020,12,2,1,DUPLICADO_EXACTO,1
00000333,2021,1,2,1,DUPLICADO_EXACTO,1
00000333,2021,2,3,1,DUPLICADO_EXACTO,2
00000333,2021,5,2,1,DUPLICADO_EXACTO,1
00000333,2021,10,2,1,DUPLICADO_EXACTO,1
00000333,2022,1,2,1,DUPLICADO_EXACTO,1
00000333,2022,5,2,1,DUPLICADO_EXACTO,1
00000333,2022,7,3,1,DUPLICADO_EXACTO,2
00000333,2023,1,2,1,DUPLICADO_EXACTO,1
00000333,2024,4,2,1,DUPLICADO_EXACTO,1
00000333,2024,10,2,1,DUPLICADO_EXACTO,1
00000334,2020,6,2,1,DUPLICADO_EXACTO,1
00000334,2020,8,2,1,DUPLICADO_EXACTO,1
00000334,2020,9,3,1,DUPLICADO_EXACTO,2
00000334,2020,10,2,1,DUPLICADO_EXACTO,1
00000334,2020,11,2,1,DUPLICADO_EXACTO,1
00000334,2020,12,2,1,DUPLICADO_EXACTO,1
00000334,2021,1,2,1,DUPLICADO_EXACTO,1
00000334,2021,2,3,1,DUPLICADO_EXACTO,2
00000334,2021,5,2,1,DUPLICADO_EXACTO,1
00000334,2021,10,2,1,DUPLICADO_EXACTO,1
00000334,2022,1,2,1,DUPLICADO_EXACTO,1
00000334,2022,5,2,1,DUPLICADO_EXACTO,1
00000334,2022,7,3,1,DUPLICADO_EXACTO,2
00000334,2023,1,2,1,DUPLICADO_EXACTO,1
00000334,2024,4,2,1,DUPLICADO_EXACTO,1
00000334,2024,10,2,1,DUPLICADO_EXACTO,1
00000334,2025,6,2,1,DUPLICADO_EXACTO,1
00000334,2025,7,2,1,DUPLICADO_EXACTO,1
00000335,2020,6,2,1,DUPLICADO_EXACTO,1
00000335,2020,8,2,1,DUPLICADO_EXACTO,1
00000335,2020,9,3,1,DUPLICADO_EXACTO,2
00000335,2020,10,2,1,DUPLICADO_EXACTO,1
00000335,2020,11,2,1,DUPLICADO_EXACTO,1
00000335,2020,12,2,1,DUPLICADO_EXACTO,1
00000335,2021,1,2,1,DUPLICADO_EXACTO,1
00000335,2021,2,3,1,DUPLICADO_EXACTO,2
00000335,2021,5,2,1,DUPLICADO_EXACTO,1
00000335,2021,10,2,1,DUPLICADO_EXACTO,1
00000335,2022,1,2,1,DUPLICADO_EXACTO,1
00000335,2022,5,2,1,DUPLICADO_EXACTO,1
00000335,2022,7,3,1,DUPLICADO_EXACTO,2
00000335,2023,1,2,1,DUPLICADO_EXACTO,1
00000335,2024,4,2,1,DUPLICADO_EXACTO,1
00000335,2024,10,2,1,DUPLICADO_EXACTO,1
00000336,2018,10,3,1,DUPLICADO_EXACTO,2
00000336,2020,6,2,1,DUPLICADO_EXACTO,1
00000336,2020,8,2,1,DUPLICADO_EXACTO,1
00000336,2020,9,3,1,DUPLICADO_EXACTO,2
00000336,2020,10,2,1,DUPLICADO_EXACTO,1
00000336,2020,11,2,1,DUPLICADO_EXACTO,1
00000336,2020,12,2,1,DUPLICADO_EXACTO,1
00000336,2021,1,2,1,DUPLICADO_EXACTO,1
00000336,2021,2,3,1,DUPLICADO_EXACTO,2
00000336,2021,5,2,1,DUPLICADO_EXACTO,1
00000336,2021,10,2,1,DUPLICADO_EXACTO,1
00000336,2022,1,2,1,DUPLICADO_EXACTO,1
00000336,2022,5,2,1,DUPLICADO_EXACTO,1
00000336,2022,7,3,1,DUPLICADO_EXACTO,2
00000336,2023,1,2,1,DUPLICADO_EXACTO,1
00000336,2024,4,2,1,DUPLICADO_EXACTO,1
00000336,2024,10,2,1,DUPLICADO_EXACTO,1
00000337,2019,9,2,1,DUPLICADO_EXACTO,1
00000337,2021,6,3,1,DUPLICADO_EXACTO,2
00000337,2025,9,2,1,DUPLICADO_EXACTO,1
00000338,2019,8,2,1,DUPLICADO_EXACTO,1
00000338,2020,1,2,1,DUPLICADO_EXACTO,1
00000338,2020,4,2,1,DUPLICADO_EXACTO,1
00000338,2021,6,3,1,DUPLICADO_EXACTO,2
00000338,2024,9,2,1,DUPLICADO_EXACTO,1
00000338,2025,9,2,1,DUPLICADO_EXACTO,1
00000339,2020,1,2,1,DUPLICADO_EXACTO,1
00000339,2020,4,2,1,DUPLICADO_EXACTO,1
00000339,2024,9,2,1,DUPLICADO_EXACTO,1
00000340,2019,12,6,1,DUPLICADO_EXACTO,5
00000341,2025,12,2,1,DUPLICADO_EXACTO,1
00000342,2025,12,2,1,DUPLICADO_EXACTO,1
00000344,2020,6,2,1,DUPLICADO_EXACTO,1
00000344,2025,12,2,1,DUPLICADO_EXACTO,1
00000345,2025,12,2,1,DUPLICADO_EXACTO,1
00000346,2019,12,7,1,DUPLICADO_EXACTO,6
00000346,2022,2,2,1,DUPLICADO_EXACTO,1
00000347,2019,6,2,1,DUPLICADO_EXACTO,1
00000348,2022,2,2,1,DUPLICADO_EXACTO,1
00000349,2022,2,2,1,DUPLICADO_EXACTO,1
00000350,2019,3,2,1,DUPLICADO_EXACTO,1
00000350,2019,9,2,1,DUPLICADO_EXACTO,1
00000351,2022,2,2,1,DUPLICADO_EXACTO,1
00000352,2019,12,2,1,DUPLICADO_EXACTO,1
00000352,2025,12,2,1,DUPLICADO_EXACTO,1
00000353,2021,8,2,1,DUPLICADO_EXACTO,1
00000354,2020,1,2,1,DUPLICADO_EXACTO,1
00000354,2020,8,2,1,DUPLICADO_EXACTO,1
00000354,2021,1,3,1,DUPLICADO_EXACTO,2
00000354,2021,8,2,1,DUPLICADO_EXACTO,1
00000354,2025,11,2,1,DUPLICADO_EXACTO,1
00000354,2026,4,2,1,DUPLICADO_EXACTO,1
00000355,2020,1,2,1,DUPLICADO_EXACTO,1
00000355,2020,8,2,1,DUPLICADO_EXACTO,1
00000355,2021,1,2,1,DUPLICADO_EXACTO,1
00000355,2021,8,2,1,DUPLICADO_EXACTO,1
00000355,2021,11,2,1,DUPLICADO_EXACTO,1
00000355,2021,12,2,1,DUPLICADO_EXACTO,1
00000355,2025,6,2,1,DUPLICADO_EXACTO,1
00000355,2025,11,2,1,DUPLICADO_EXACTO,1
00000356,2019,8,2,1,DUPLICADO_EXACTO,1
00000356,2020,1,2,1,DUPLICADO_EXACTO,1
00000356,2020,8,2,1,DUPLICADO_EXACTO,1
00000356,2021,1,3,1,DUPLICADO_EXACTO,2
00000356,2021,8,2,1,DUPLICADO_EXACTO,1
00000356,2021,11,2,1,DUPLICADO_EXACTO,1
00000356,2021,12,2,1,DUPLICADO_EXACTO,1
00000356,2025,6,2,1,DUPLICADO_EXACTO,1
00000357,2020,1,2,1,DUPLICADO_EXACTO,1
00000357,2020,8,2,1,DUPLICADO_EXACTO,1
00000357,2021,1,3,1,DUPLICADO_EXACTO,2
00000357,2021,8,2,1,DUPLICADO_EXACTO,1
00000357,2021,11,2,1,DUPLICADO_EXACTO,1
00000357,2021,12,2,1,DUPLICADO_EXACTO,1
00000357,2025,6,2,1,DUPLICADO_EXACTO,1
00000357,2025,11,2,1,DUPLICADO_EXACTO,1
00000357,2026,4,2,1,DUPLICADO_EXACTO,1
00000358,2019,8,2,1,DUPLICADO_EXACTO,1
00000358,2020,1,2,1,DUPLICADO_EXACTO,1
00000358,2020,8,2,1,DUPLICADO_EXACTO,1
00000358,2021,1,3,1,DUPLICADO_EXACTO,2
00000358,2021,8,2,1,DUPLICADO_EXACTO,1
00000358,2021,11,2,1,DUPLICADO_EXACTO,1
00000358,2021,12,2,1,DUPLICADO_EXACTO,1
00000358,2025,6,2,1,DUPLICADO_EXACTO,1
00000358,2025,11,2,1,DUPLICADO_EXACTO,1
00000358,2026,4,2,1,DUPLICADO_EXACTO,1
00000359,2019,6,2,1,DUPLICADO_EXACTO,1
00000359,2020,1,2,1,DUPLICADO_EXACTO,1
00000359,2020,8,2,1,DUPLICADO_EXACTO,1
00000359,2021,1,3,1,DUPLICADO_EXACTO,2
00000359,2021,8,2,1,DUPLICADO_EXACTO,1
00000359,2021,11,2,1,DUPLICADO_EXACTO,1
00000359,2021,12,2,1,DUPLICADO_EXACTO,1
00000359,2025,6,2,1,DUPLICADO_EXACTO,1
00000359,2025,11,2,1,DUPLICADO_EXACTO,1
00000359,2026,4,2,1,DUPLICADO_EXACTO,1
00000360,2020,1,2,1,DUPLICADO_EXACTO,1
00000360,2020,8,2,1,DUPLICADO_EXACTO,1
00000360,2021,1,3,1,DUPLICADO_EXACTO,2
00000360,2021,8,2,1,DUPLICADO_EXACTO,1
00000360,2021,11,2,1,DUPLICADO_EXACTO,1
00000360,2021,12,2,1,DUPLICADO_EXACTO,1
00000360,2025,6,2,1,DUPLICADO_EXACTO,1
00000360,2025,11,2,1,DUPLICADO_EXACTO,1
00000360,2026,4,2,1,DUPLICADO_EXACTO,1
00000361,2020,1,2,1,DUPLICADO_EXACTO,1
00000361,2020,8,2,1,DUPLICADO_EXACTO,1
00000361,2021,1,2,1,DUPLICADO_EXACTO,1
00000361,2021,8,2,1,DUPLICADO_EXACTO,1
00000361,2021,11,2,1,DUPLICADO_EXACTO,1
00000361,2021,12,2,1,DUPLICADO_EXACTO,1
00000361,2025,6,2,1,DUPLICADO_EXACTO,1
00000361,2025,11,2,1,DUPLICADO_EXACTO,1
00000361,2026,4,3,1,DUPLICADO_EXACTO,2
00000362,2019,6,2,1,DUPLICADO_EXACTO,1
00000362,2019,11,3,1,DUPLICADO_EXACTO,2
00000362,2020,1,2,1,DUPLICADO_EXACTO,1
00000362,2020,8,2,1,DUPLICADO_EXACTO,1
00000362,2021,1,3,1,DUPLICADO_EXACTO,2
00000362,2021,8,2,1,DUPLICADO_EXACTO,1
00000362,2021,11,2,1,DUPLICADO_EXACTO,1
00000362,2021,12,2,1,DUPLICADO_EXACTO,1
00000362,2025,6,2,1,DUPLICADO_EXACTO,1
00000362,2026,4,2,1,DUPLICADO_EXACTO,1
00000363,2019,7,2,1,DUPLICADO_EXACTO,1
00000363,2021,11,2,1,DUPLICADO_EXACTO,1
00000363,2021,12,2,1,DUPLICADO_EXACTO,1
00000363,2025,6,2,1,DUPLICADO_EXACTO,1
00000363,2025,11,2,1,DUPLICADO_EXACTO,1
00000363,2026,4,2,1,DUPLICADO_EXACTO,1
00000367,2020,1,3,1,DUPLICADO_EXACTO,2
00000367,2020,8,6,1,DUPLICADO_EXACTO,5
00000367,2020,10,6,1,DUPLICADO_EXACTO,5
00000367,2020,12,3,1,DUPLICADO_EXACTO,2
00000367,2021,1,3,1,DUPLICADO_EXACTO,2
00000367,2021,4,7,1,DUPLICADO_EXACTO,6
00000367,2022,5,4,1,DUPLICADO_EXACTO,3
00000367,2023,2,2,1,DUPLICADO_EXACTO,1
00000367,2026,5,2,1,DUPLICADO_EXACTO,1
00000368,2020,1,3,1,DUPLICADO_EXACTO,2
00000368,2020,8,6,1,DUPLICADO_EXACTO,5
00000368,2020,10,6,1,DUPLICADO_EXACTO,5
00000368,2020,12,3,1,DUPLICADO_EXACTO,2
00000368,2021,4,7,1,DUPLICADO_EXACTO,6
00000368,2022,5,4,1,DUPLICADO_EXACTO,3
00000368,2026,4,2,1,DUPLICADO_EXACTO,1
00000368,2026,5,2,1,DUPLICADO_EXACTO,1
00000369,2020,12,3,1,DUPLICADO_EXACTO,2
00000369,2021,1,3,1,DUPLICADO_EXACTO,2
00000369,2021,4,2,1,DUPLICADO_EXACTO,1
00000369,2022,5,4,1,DUPLICADO_EXACTO,3
00000369,2026,4,2,1,DUPLICADO_EXACTO,1
00000369,2026,5,2,1,DUPLICADO_EXACTO,1
00000370,2020,1,3,1,DUPLICADO_EXACTO,2
00000370,2020,8,6,1,DUPLICADO_EXACTO,5
00000370,2020,10,6,1,DUPLICADO_EXACTO,5
00000370,2021,1,3,1,DUPLICADO_EXACTO,2
00000370,2021,4,7,1,DUPLICADO_EXACTO,6
00000370,2022,5,4,1,DUPLICADO_EXACTO,3
00000370,2023,2,2,1,DUPLICADO_EXACTO,1
00000370,2026,4,2,1,DUPLICADO_EXACTO,1
00000370,2026,5,2,1,DUPLICADO_EXACTO,1
00000371,2019,11,2,1,DUPLICADO_EXACTO,1
00000371,2020,1,3,1,DUPLICADO_EXACTO,2
00000371,2020,8,6,1,DUPLICADO_EXACTO,5
00000371,2020,10,6,1,DUPLICADO_EXACTO,5
00000371,2020,12,3,1,DUPLICADO_EXACTO,2
00000371,2021,1,3,1,DUPLICADO_EXACTO,2
00000371,2021,4,7,1,DUPLICADO_EXACTO,6
00000371,2022,5,4,1,DUPLICADO_EXACTO,3
00000371,2023,2,2,1,DUPLICADO_EXACTO,1
00000371,2026,4,2,1,DUPLICADO_EXACTO,1
00000371,2026,5,2,1,DUPLICADO_EXACTO,1
00000372,2020,1,3,1,DUPLICADO_EXACTO,2
00000372,2020,8,6,1,DUPLICADO_EXACTO,5
00000372,2020,10,6,1,DUPLICADO_EXACTO,5
00000372,2020,12,3,1,DUPLICADO_EXACTO,2
00000372,2021,1,3,1,DUPLICADO_EXACTO,2
00000372,2022,5,4,1,DUPLICADO_EXACTO,3
00000372,2023,2,2,1,DUPLICADO_EXACTO,1
00000372,2026,4,2,1,DUPLICADO_EXACTO,1
00000372,2026,5,2,1,DUPLICADO_EXACTO,1
00000373,2019,6,2,1,DUPLICADO_EXACTO,1
00000373,2020,1,3,1,DUPLICADO_EXACTO,2
00000373,2020,8,6,1,DUPLICADO_EXACTO,5
00000373,2020,10,6,1,DUPLICADO_EXACTO,5
00000373,2020,12,3,1,DUPLICADO_EXACTO,2
00000373,2021,1,3,1,DUPLICADO_EXACTO,2
00000373,2021,4,7,1,DUPLICADO_EXACTO,6
00000373,2022,5,4,1,DUPLICADO_EXACTO,3
00000373,2023,2,2,1,DUPLICADO_EXACTO,1
00000373,2026,4,2,1,DUPLICADO_EXACTO,1
00000373,2026,5,2,1,DUPLICADO_EXACTO,1
00000374,2019,5,2,1,DUPLICADO_EXACTO,1
00000374,2021,6,2,1,DUPLICADO_EXACTO,1
00000374,2021,7,2,1,DUPLICADO_EXACTO,1
00000374,2022,7,2,1,DUPLICADO_EXACTO,1
00000374,2022,9,2,1,DUPLICADO_EXACTO,1
00000374,2023,7,5,1,DUPLICADO_EXACTO,4
00000374,2023,8,3,1,DUPLICADO_EXACTO,2
00000374,2023,9,2,1,DUPLICADO_EXACTO,1
00000374,2023,10,2,1,DUPLICADO_EXACTO,1
00000374,2023,11,3,1,DUPLICADO_EXACTO,2
00000374,2023,12,3,1,DUPLICADO_EXACTO,2
00000374,2024,1,5,1,DUPLICADO_EXACTO,4
00000374,2024,2,2,1,DUPLICADO_EXACTO,1
00000374,2024,5,2,1,DUPLICADO_EXACTO,1
00000374,2025,3,2,1,DUPLICADO_EXACTO,1
00000374,2025,4,2,1,DUPLICADO_EXACTO,1
00000374,2025,5,2,1,DUPLICADO_EXACTO,1
00000374,2025,6,2,1,DUPLICADO_EXACTO,1
00000375,2019,11,5,1,DUPLICADO_EXACTO,4
00000375,2020,3,2,1,DUPLICADO_EXACTO,1
00000375,2021,6,2,1,DUPLICADO_EXACTO,1
00000375,2021,7,2,1,DUPLICADO_EXACTO,1
00000375,2022,7,2,1,DUPLICADO_EXACTO,1
00000375,2022,9,2,1,DUPLICADO_EXACTO,1
00000375,2023,7,5,1,DUPLICADO_EXACTO,4
00000375,2023,9,2,1,DUPLICADO_EXACTO,1
00000375,2023,10,2,1,DUPLICADO_EXACTO,1
00000375,2023,11,3,1,DUPLICADO_EXACTO,2
00000375,2023,12,3,1,DUPLICADO_EXACTO,2
00000375,2024,1,5,1,DUPLICADO_EXACTO,4
00000375,2024,2,2,1,DUPLICADO_EXACTO,1
00000375,2024,5,2,1,DUPLICADO_EXACTO,1
00000375,2025,3,2,1,DUPLICADO_EXACTO,1
00000375,2025,4,2,1,DUPLICADO_EXACTO,1
00000375,2025,5,2,1,DUPLICADO_EXACTO,1
00000375,2025,6,2,1,DUPLICADO_EXACTO,1
00000376,2020,1,3,1,DUPLICADO_EXACTO,2
00000376,2020,8,5,1,DUPLICADO_EXACTO,4
00000376,2020,10,6,1,DUPLICADO_EXACTO,5
00000376,2020,12,3,1,DUPLICADO_EXACTO,2
00000376,2021,1,3,1,DUPLICADO_EXACTO,2
00000376,2021,4,7,1,DUPLICADO_EXACTO,6
00000376,2023,2,2,1,DUPLICADO_EXACTO,1
00000376,2026,4,2,1,DUPLICADO_EXACTO,1
00000377,2020,1,3,1,DUPLICADO_EXACTO,2
00000377,2020,8,6,1,DUPLICADO_EXACTO,5
00000377,2020,10,6,1,DUPLICADO_EXACTO,5
00000377,2020,12,3,1,DUPLICADO_EXACTO,2
00000377,2021,1,3,1,DUPLICADO_EXACTO,2
00000377,2021,4,7,1,DUPLICADO_EXACTO,6
00000377,2022,5,4,1,DUPLICADO_EXACTO,3
00000377,2023,2,2,1,DUPLICADO_EXACTO,1
00000377,2026,4,2,1,DUPLICADO_EXACTO,1
00000377,2026,5,2,1,DUPLICADO_EXACTO,1
00000378,2019,10,2,1,DUPLICADO_EXACTO,1
00000378,2020,1,3,1,DUPLICADO_EXACTO,2
00000378,2020,8,6,1,DUPLICADO_EXACTO,5
00000378,2020,10,6,1,DUPLICADO_EXACTO,5
00000378,2020,12,3,1,DUPLICADO_EXACTO,2
00000378,2021,1,3,1,DUPLICADO_EXACTO,2
00000378,2021,4,7,1,DUPLICADO_EXACTO,6
00000378,2022,5,4,1,DUPLICADO_EXACTO,3
00000378,2023,2,2,1,DUPLICADO_EXACTO,1
00000378,2026,4,2,1,DUPLICADO_EXACTO,1
00000378,2026,5,2,1,DUPLICADO_EXACTO,1
00000379,2021,10,3,1,DUPLICADO_EXACTO,2
00000379,2024,7,4,1,DUPLICADO_EXACTO,3
00000379,2024,8,4,1,DUPLICADO_EXACTO,3
00000380,2021,10,3,1,DUPLICADO_EXACTO,2
00000380,2024,7,3,1,DUPLICADO_EXACTO,2
00000380,2024,8,4,1,DUPLICADO_EXACTO,3
00000381,2021,10,3,1,DUPLICADO_EXACTO,2
00000381,2024,7,3,1,DUPLICADO_EXACTO,2
00000381,2024,8,4,1,DUPLICADO_EXACTO,3
00000382,2024,7,3,1,DUPLICADO_EXACTO,2
00000382,2024,8,4,1,DUPLICADO_EXACTO,3
00000383,2021,10,3,1,DUPLICADO_EXACTO,2
00000384,2024,7,3,1,DUPLICADO_EXACTO,2
00000384,2024,8,4,1,DUPLICADO_EXACTO,3
00000385,2021,10,3,1,DUPLICADO_EXACTO,2
00000385,2024,7,3,1,DUPLICADO_EXACTO,2
00000385,2024,8,4,1,DUPLICADO_EXACTO,3
00000386,2021,10,3,1,DUPLICADO_EXACTO,2
00000386,2024,7,3,1,DUPLICADO_EXACTO,2
00000386,2024,8,4,1,DUPLICADO_EXACTO,3
00000388,2021,10,3,1,DUPLICADO_EXACTO,2
00000388,2024,7,3,1,DUPLICADO_EXACTO,2
00000388,2024,8,4,1,DUPLICADO_EXACTO,3
00000389,2021,10,3,1,DUPLICADO_EXACTO,2
00000389,2024,7,3,1,DUPLICADO_EXACTO,2
00000389,2024,8,4,1,DUPLICADO_EXACTO,3
00000390,2021,10,3,1,DUPLICADO_EXACTO,2
00000390,2024,7,3,1,DUPLICADO_EXACTO,2
00000390,2024,8,4,1,DUPLICADO_EXACTO,3
00000391,2021,10,3,1,DUPLICADO_EXACTO,2
00000391,2024,7,3,1,DUPLICADO_EXACTO,2
00000391,2024,8,4,1,DUPLICADO_EXACTO,3
00000393,2020,6,2,1,DUPLICADO_EXACTO,1
00000393,2020,7,6,1,DUPLICADO_EXACTO,5
00000393,2020,8,2,1,DUPLICADO_EXACTO,1
00000393,2020,10,2,1,DUPLICADO_EXACTO,1
00000393,2021,1,2,1,DUPLICADO_EXACTO,1
00000393,2023,10,2,1,DUPLICADO_EXACTO,1
00000393,2024,5,5,1,DUPLICADO_EXACTO,4
00000393,2025,5,2,1,DUPLICADO_EXACTO,1
00000393,2025,9,2,1,DUPLICADO_EXACTO,1
00000394,2020,10,2,1,DUPLICADO_EXACTO,1
00000394,2021,1,2,1,DUPLICADO_EXACTO,1
00000394,2023,10,2,1,DUPLICADO_EXACTO,1
00000394,2024,5,5,1,DUPLICADO_EXACTO,4
00000394,2025,5,2,1,DUPLICADO_EXACTO,1
00000394,2025,9,2,1,DUPLICADO_EXACTO,1
00000395,2020,6,2,1,DUPLICADO_EXACTO,1
00000395,2020,7,6,1,DUPLICADO_EXACTO,5
00000395,2020,8,2,1,DUPLICADO_EXACTO,1
00000395,2020,10,2,1,DUPLICADO_EXACTO,1
00000395,2021,1,2,1,DUPLICADO_EXACTO,1
00000395,2023,10,2,1,DUPLICADO_EXACTO,1
00000395,2024,5,5,1,DUPLICADO_EXACTO,4
00000395,2025,5,2,1,DUPLICADO_EXACTO,1
00000395,2025,9,2,1,DUPLICADO_EXACTO,1
00000397,2020,6,2,1,DUPLICADO_EXACTO,1
00000397,2020,7,6,1,DUPLICADO_EXACTO,5
00000397,2020,8,2,1,DUPLICADO_EXACTO,1
00000397,2020,10,2,1,DUPLICADO_EXACTO,1
00000397,2021,1,2,1,DUPLICADO_EXACTO,1
00000397,2023,10,2,1,DUPLICADO_EXACTO,1
00000397,2025,5,2,1,DUPLICADO_EXACTO,1
00000397,2025,9,2,1,DUPLICADO_EXACTO,1
00000398,2020,6,2,1,DUPLICADO_EXACTO,1
00000398,2020,7,6,1,DUPLICADO_EXACTO,5
00000398,2020,8,2,1,DUPLICADO_EXACTO,1
00000398,2020,10,2,1,DUPLICADO_EXACTO,1
00000398,2021,1,2,1,DUPLICADO_EXACTO,1
00000398,2023,10,2,1,DUPLICADO_EXACTO,1
00000398,2024,5,5,1,DUPLICADO_EXACTO,4
00000398,2025,5,2,1,DUPLICADO_EXACTO,1
00000398,2025,9,2,1,DUPLICADO_EXACTO,1
00000399,2020,6,2,1,DUPLICADO_EXACTO,1
00000399,2024,5,5,1,DUPLICADO_EXACTO,4
00000400,2019,5,2,1,DUPLICADO_EXACTO,1
00000400,2025,2,2,1,DUPLICADO_EXACTO,1
00000400,2026,3,2,1,DUPLICADO_EXACTO,1
00000401,2022,8,2,1,DUPLICADO_EXACTO,1
00000401,2025,2,2,1,DUPLICADO_EXACTO,1
00000401,2026,3,2,1,DUPLICADO_EXACTO,1
00000402,2022,8,2,1,DUPLICADO_EXACTO,1
00000402,2025,2,2,1,DUPLICADO_EXACTO,1
00000402,2026,3,2,1,DUPLICADO_EXACTO,1
00000403,2022,8,2,1,DUPLICADO_EXACTO,1
00000403,2026,3,2,1,DUPLICADO_EXACTO,1
00000404,2022,8,2,1,DUPLICADO_EXACTO,1
00000404,2025,2,2,1,DUPLICADO_EXACTO,1
00000404,2026,3,2,1,DUPLICADO_EXACTO,1
00000405,2022,8,2,1,DUPLICADO_EXACTO,1
00000405,2025,2,2,1,DUPLICADO_EXACTO,1
00000405,2026,3,2,1,DUPLICADO_EXACTO,1
00000406,2022,8,2,1,DUPLICADO_EXACTO,1
00000406,2025,2,2,1,DUPLICADO_EXACTO,1
00000406,2026,3,2,1,DUPLICADO_EXACTO,1
00000407,2022,8,2,1,DUPLICADO_EXACTO,1
00000407,2025,2,2,1,DUPLICADO_EXACTO,1
00000407,2026,3,2,1,DUPLICADO_EXACTO,1
00000408,2019,11,2,1,DUPLICADO_EXACTO,1
00000408,2022,8,2,1,DUPLICADO_EXACTO,1
00000408,2025,2,2,1,DUPLICADO_EXACTO,1
00000409,2023,7,3,1,DUPLICADO_EXACTO,2
00000409,2024,6,2,1,DUPLICADO_EXACTO,1
00000409,2024,8,2,1,DUPLICADO_EXACTO,1
00000409,2024,11,2,1,DUPLICADO_EXACTO,1
00000409,2025,1,2,1,DUPLICADO_EXACTO,1
00000409,2025,9,3,1,DUPLICADO_EXACTO,2
00000409,2025,11,2,1,DUPLICADO_EXACTO,1
00000409,2026,1,2,1,DUPLICADO_EXACTO,1
00000409,2026,4,2,1,DUPLICADO_EXACTO,1
00000410,2023,6,2,1,DUPLICADO_EXACTO,1
00000410,2023,7,3,1,DUPLICADO_EXACTO,2
00000410,2024,5,2,1,DUPLICADO_EXACTO,1
00000410,2024,6,2,1,DUPLICADO_EXACTO,1
00000410,2024,8,2,1,DUPLICADO_EXACTO,1
00000410,2024,11,2,1,DUPLICADO_EXACTO,1
00000410,2025,1,2,1,DUPLICADO_EXACTO,1
00000410,2025,9,3,1,DUPLICADO_EXACTO,2
00000410,2025,11,2,1,DUPLICADO_EXACTO,1
00000410,2026,1,2,1,DUPLICADO_EXACTO,1
00000410,2026,4,2,1,DUPLICADO_EXACTO,1
00000411,2023,7,3,1,DUPLICADO_EXACTO,2
00000411,2024,5,2,1,DUPLICADO_EXACTO,1
00000411,2024,6,2,1,DUPLICADO_EXACTO,1
00000411,2024,8,2,1,DUPLICADO_EXACTO,1
00000411,2024,11,2,1,DUPLICADO_EXACTO,1
00000411,2025,1,2,1,DUPLICADO_EXACTO,1
00000411,2025,9,3,1,DUPLICADO_EXACTO,2
00000411,2025,11,2,1,DUPLICADO_EXACTO,1
00000411,2026,1,2,1,DUPLICADO_EXACTO,1
00000411,2026,4,2,1,DUPLICADO_EXACTO,1
00000412,2023,6,2,1,DUPLICADO_EXACTO,1
00000412,2023,7,3,1,DUPLICADO_EXACTO,2
00000412,2024,5,2,1,DUPLICADO_EXACTO,1
00000412,2024,6,2,1,DUPLICADO_EXACTO,1
00000412,2024,8,2,1,DUPLICADO_EXACTO,1
00000412,2024,11,2,1,DUPLICADO_EXACTO,1
00000412,2025,1,2,1,DUPLICADO_EXACTO,1
00000412,2025,9,3,1,DUPLICADO_EXACTO,2
00000412,2025,11,2,1,DUPLICADO_EXACTO,1
00000412,2026,1,2,1,DUPLICADO_EXACTO,1
00000412,2026,4,2,1,DUPLICADO_EXACTO,1
00000413,2023,6,2,1,DUPLICADO_EXACTO,1
00000413,2023,7,3,1,DUPLICADO_EXACTO,2
00000413,2024,5,2,1,DUPLICADO_EXACTO,1
00000413,2024,6,2,1,DUPLICADO_EXACTO,1
00000413,2024,8,2,1,DUPLICADO_EXACTO,1
00000413,2024,11,2,1,DUPLICADO_EXACTO,1
00000413,2025,1,2,1,DUPLICADO_EXACTO,1
00000413,2025,9,3,1,DUPLICADO_EXACTO,2
00000413,2025,11,2,1,DUPLICADO_EXACTO,1
00000413,2026,1,2,1,DUPLICADO_EXACTO,1
00000413,2026,4,2,1,DUPLICADO_EXACTO,1
00000414,2019,10,2,1,DUPLICADO_EXACTO,1
00000414,2023,7,3,1,DUPLICADO_EXACTO,2
00000414,2024,5,2,1,DUPLICADO_EXACTO,1
00000414,2024,6,2,1,DUPLICADO_EXACTO,1
00000414,2024,8,2,1,DUPLICADO_EXACTO,1
00000414,2024,11,2,1,DUPLICADO_EXACTO,1
00000414,2025,1,2,1,DUPLICADO_EXACTO,1
00000414,2025,11,2,1,DUPLICADO_EXACTO,1
00000414,2026,1,2,1,DUPLICADO_EXACTO,1
00000414,2026,4,2,1,DUPLICADO_EXACTO,1
00000415,2023,7,3,1,DUPLICADO_EXACTO,2
00000415,2024,5,2,1,DUPLICADO_EXACTO,1
00000415,2024,6,2,1,DUPLICADO_EXACTO,1
00000415,2024,8,2,1,DUPLICADO_EXACTO,1
00000415,2024,11,2,1,DUPLICADO_EXACTO,1
00000415,2025,1,2,1,DUPLICADO_EXACTO,1
00000415,2025,9,3,1,DUPLICADO_EXACTO,2
00000415,2025,11,2,1,DUPLICADO_EXACTO,1
00000415,2026,1,2,1,DUPLICADO_EXACTO,1
00000415,2026,4,2,1,DUPLICADO_EXACTO,1
00000416,2024,5,2,1,DUPLICADO_EXACTO,1
00000416,2025,9,2,1,DUPLICADO_EXACTO,1
00000417,2020,9,2,1,DUPLICADO_EXACTO,1
00000417,2020,10,2,1,DUPLICADO_EXACTO,1
00000417,2020,11,2,1,DUPLICADO_EXACTO,1
00000417,2020,12,2,1,DUPLICADO_EXACTO,1
00000417,2021,1,3,1,DUPLICADO_EXACTO,2
00000417,2021,2,2,1,DUPLICADO_EXACTO,1
00000417,2021,3,2,1,DUPLICADO_EXACTO,1
00000417,2021,4,2,1,DUPLICADO_EXACTO,1
00000417,2021,7,2,1,DUPLICADO_EXACTO,1
00000417,2021,10,2,1,DUPLICADO_EXACTO,1
00000417,2021,11,2,1,DUPLICADO_EXACTO,1
00000417,2022,1,2,1,DUPLICADO_EXACTO,1
00000417,2022,2,2,1,DUPLICADO_EXACTO,1
00000417,2022,4,2,1,DUPLICADO_EXACTO,1
00000417,2022,6,3,1,DUPLICADO_EXACTO,2
00000417,2022,7,2,1,DUPLICADO_EXACTO,1
00000417,2022,9,2,1,DUPLICADO_EXACTO,1
00000417,2022,10,2,1,DUPLICADO_EXACTO,1
00000417,2023,1,6,1,DUPLICADO_EXACTO,5
00000417,2023,3,2,1,DUPLICADO_EXACTO,1
00000417,2023,4,2,1,DUPLICADO_EXACTO,1
00000417,2023,5,2,1,DUPLICADO_EXACTO,1
00000417,2023,6,4,1,DUPLICADO_EXACTO,3
00000417,2023,7,3,1,DUPLICADO_EXACTO,2
00000417,2023,8,2,1,DUPLICADO_EXACTO,1
00000417,2023,9,2,1,DUPLICADO_EXACTO,1
00000417,2023,10,3,1,DUPLICADO_EXACTO,2
00000417,2023,11,2,1,DUPLICADO_EXACTO,1
00000417,2023,12,4,1,DUPLICADO_EXACTO,3
00000417,2024,1,2,1,DUPLICADO_EXACTO,1
00000417,2025,4,2,1,DUPLICADO_EXACTO,1
00000417,2026,2,2,1,DUPLICADO_EXACTO,1
00000417,2026,3,2,1,DUPLICADO_EXACTO,1
00000417,2026,4,2,1,DUPLICADO_EXACTO,1
00000417,2026,5,2,1,DUPLICADO_EXACTO,1
00000417,2026,6,2,1,DUPLICADO_EXACTO,1
00000417,2026,7,2,1,DUPLICADO_EXACTO,1
00000418,2019,8,2,1,DUPLICADO_EXACTO,1
00000418,2020,9,2,1,DUPLICADO_EXACTO,1
00000418,2020,10,2,1,DUPLICADO_EXACTO,1
00000418,2020,11,2,1,DUPLICADO_EXACTO,1
00000418,2020,12,2,1,DUPLICADO_EXACTO,1
00000418,2021,1,3,1,DUPLICADO_EXACTO,2
00000418,2021,2,2,1,DUPLICADO_EXACTO,1
00000418,2021,3,2,1,DUPLICADO_EXACTO,1
00000418,2021,4,2,1,DUPLICADO_EXACTO,1
00000418,2021,7,2,1,DUPLICADO_EXACTO,1
00000418,2021,10,2,1,DUPLICADO_EXACTO,1
00000418,2021,11,2,1,DUPLICADO_EXACTO,1
00000418,2022,1,2,1,DUPLICADO_EXACTO,1
00000418,2022,2,2,1,DUPLICADO_EXACTO,1
00000418,2022,3,4,1,DUPLICADO_EXACTO,3
00000418,2022,4,2,1,DUPLICADO_EXACTO,1
00000418,2022,6,3,1,DUPLICADO_EXACTO,2
00000418,2022,7,2,1,DUPLICADO_EXACTO,1
00000418,2022,9,2,1,DUPLICADO_EXACTO,1
00000418,2022,10,2,1,DUPLICADO_EXACTO,1
00000418,2023,1,6,1,DUPLICADO_EXACTO,5
00000418,2023,3,2,1,DUPLICADO_EXACTO,1
00000418,2023,4,2,1,DUPLICADO_EXACTO,1
00000418,2023,5,2,1,DUPLICADO_EXACTO,1
00000418,2023,6,4,1,DUPLICADO_EXACTO,3
00000418,2023,7,3,1,DUPLICADO_EXACTO,2
00000418,2023,8,2,1,DUPLICADO_EXACTO,1
00000418,2023,9,2,1,DUPLICADO_EXACTO,1
00000418,2023,11,2,1,DUPLICADO_EXACTO,1
00000418,2023,12,4,1,DUPLICADO_EXACTO,3
00000418,2024,1,2,1,DUPLICADO_EXACTO,1
00000418,2025,4,2,1,DUPLICADO_EXACTO,1
00000418,2026,2,2,1,DUPLICADO_EXACTO,1
00000418,2026,3,2,1,DUPLICADO_EXACTO,1
00000418,2026,4,2,1,DUPLICADO_EXACTO,1
00000418,2026,5,2,1,DUPLICADO_EXACTO,1
00000418,2026,6,2,1,DUPLICADO_EXACTO,1
00000418,2026,7,2,1,DUPLICADO_EXACTO,1
00000419,2023,1,3,1,DUPLICADO_EXACTO,2
00000421,2019,8,3,1,DUPLICADO_EXACTO,2
00000421,2020,9,2,1,DUPLICADO_EXACTO,1
00000421,2020,10,2,1,DUPLICADO_EXACTO,1
00000421,2020,11,2,1,DUPLICADO_EXACTO,1
00000421,2020,12,2,1,DUPLICADO_EXACTO,1
00000421,2021,1,3,1,DUPLICADO_EXACTO,2
00000421,2021,2,2,1,DUPLICADO_EXACTO,1
00000421,2021,3,2,1,DUPLICADO_EXACTO,1
00000421,2021,4,2,1,DUPLICADO_EXACTO,1
00000421,2021,7,2,1,DUPLICADO_EXACTO,1
00000421,2021,10,2,1,DUPLICADO_EXACTO,1
00000421,2021,11,2,1,DUPLICADO_EXACTO,1
00000421,2022,1,2,1,DUPLICADO_EXACTO,1
00000421,2022,2,2,1,DUPLICADO_EXACTO,1
00000421,2022,3,4,1,DUPLICADO_EXACTO,3
00000421,2022,4,2,1,DUPLICADO_EXACTO,1
00000421,2022,6,2,1,DUPLICADO_EXACTO,1
00000421,2022,7,2,1,DUPLICADO_EXACTO,1
00000421,2022,9,2,1,DUPLICADO_EXACTO,1
00000421,2022,10,2,1,DUPLICADO_EXACTO,1
00000421,2023,1,6,1,DUPLICADO_EXACTO,5
00000421,2023,3,2,1,DUPLICADO_EXACTO,1
00000421,2023,4,2,1,DUPLICADO_EXACTO,1
00000421,2023,5,2,1,DUPLICADO_EXACTO,1
00000421,2023,6,4,1,DUPLICADO_EXACTO,3
00000421,2023,7,3,1,DUPLICADO_EXACTO,2
00000421,2023,8,2,1,DUPLICADO_EXACTO,1
00000421,2023,9,2,1,DUPLICADO_EXACTO,1
00000421,2023,10,3,1,DUPLICADO_EXACTO,2
00000421,2023,11,2,1,DUPLICADO_EXACTO,1
00000421,2023,12,4,1,DUPLICADO_EXACTO,3
00000421,2024,1,2,1,DUPLICADO_EXACTO,1
00000421,2025,4,2,1,DUPLICADO_EXACTO,1
00000421,2026,2,2,1,DUPLICADO_EXACTO,1
00000421,2026,3,2,1,DUPLICADO_EXACTO,1
00000421,2026,4,2,1,DUPLICADO_EXACTO,1
00000421,2026,5,2,1,DUPLICADO_EXACTO,1
00000421,2026,6,2,1,DUPLICADO_EXACTO,1
00000421,2026,7,2,1,DUPLICADO_EXACTO,1
00000422,2019,4,2,1,DUPLICADO_EXACTO,1
00000422,2020,9,2,1,DUPLICADO_EXACTO,1
00000422,2020,10,2,1,DUPLICADO_EXACTO,1
00000422,2020,11,2,1,DUPLICADO_EXACTO,1
00000422,2020,12,2,1,DUPLICADO_EXACTO,1
00000422,2021,1,3,1,DUPLICADO_EXACTO,2
00000422,2021,2,2,1,DUPLICADO_EXACTO,1
00000422,2021,3,2,1,DUPLICADO_EXACTO,1
00000422,2021,4,2,1,DUPLICADO_EXACTO,1
00000422,2021,7,2,1,DUPLICADO_EXACTO,1
00000422,2021,10,2,1,DUPLICADO_EXACTO,1
00000422,2021,11,2,1,DUPLICADO_EXACTO,1
00000422,2022,1,2,1,DUPLICADO_EXACTO,1
00000422,2022,2,2,1,DUPLICADO_EXACTO,1
00000422,2022,3,4,1,DUPLICADO_EXACTO,3
00000422,2022,4,2,1,DUPLICADO_EXACTO,1
00000422,2022,6,3,1,DUPLICADO_EXACTO,2
00000422,2022,7,2,1,DUPLICADO_EXACTO,1
00000422,2022,9,2,1,DUPLICADO_EXACTO,1
00000422,2022,10,2,1,DUPLICADO_EXACTO,1
00000422,2023,1,6,1,DUPLICADO_EXACTO,5
00000422,2023,3,2,1,DUPLICADO_EXACTO,1
00000422,2023,4,2,1,DUPLICADO_EXACTO,1
00000422,2023,5,2,1,DUPLICADO_EXACTO,1
00000422,2023,6,4,1,DUPLICADO_EXACTO,3
00000422,2023,7,3,1,DUPLICADO_EXACTO,2
00000422,2023,8,2,1,DUPLICADO_EXACTO,1
00000422,2023,9,2,1,DUPLICADO_EXACTO,1
00000422,2023,10,3,1,DUPLICADO_EXACTO,2
00000422,2023,11,2,1,DUPLICADO_EXACTO,1
00000422,2023,12,4,1,DUPLICADO_EXACTO,3
00000422,2024,1,2,1,DUPLICADO_EXACTO,1
00000422,2025,4,2,1,DUPLICADO_EXACTO,1
00000422,2026,2,2,1,DUPLICADO_EXACTO,1
00000422,2026,3,2,1,DUPLICADO_EXACTO,1
00000422,2026,4,2,1,DUPLICADO_EXACTO,1
00000422,2026,5,2,1,DUPLICADO_EXACTO,1
00000422,2026,6,2,1,DUPLICADO_EXACTO,1
00000422,2026,7,2,1,DUPLICADO_EXACTO,1
00000423,2020,9,2,1,DUPLICADO_EXACTO,1
00000423,2020,10,2,1,DUPLICADO_EXACTO,1
00000423,2020,11,2,1,DUPLICADO_EXACTO,1
00000423,2020,12,2,1,DUPLICADO_EXACTO,1
00000423,2021,1,3,1,DUPLICADO_EXACTO,2
00000423,2021,2,2,1,DUPLICADO_EXACTO,1
00000423,2021,3,2,1,DUPLICADO_EXACTO,1
00000423,2021,4,2,1,DUPLICADO_EXACTO,1
00000423,2021,7,2,1,DUPLICADO_EXACTO,1
00000423,2021,10,2,1,DUPLICADO_EXACTO,1
00000423,2021,11,2,1,DUPLICADO_EXACTO,1
00000423,2022,1,2,1,DUPLICADO_EXACTO,1
00000423,2022,2,2,1,DUPLICADO_EXACTO,1
00000423,2022,3,4,1,DUPLICADO_EXACTO,3
00000423,2022,4,2,1,DUPLICADO_EXACTO,1
00000423,2022,6,3,1,DUPLICADO_EXACTO,2
00000423,2022,7,2,1,DUPLICADO_EXACTO,1
00000423,2022,9,2,1,DUPLICADO_EXACTO,1
00000423,2022,10,2,1,DUPLICADO_EXACTO,1
00000423,2023,3,2,1,DUPLICADO_EXACTO,1
00000423,2023,4,2,1,DUPLICADO_EXACTO,1
00000423,2023,5,2,1,DUPLICADO_EXACTO,1
00000423,2023,6,4,1,DUPLICADO_EXACTO,3
00000423,2023,8,2,1,DUPLICADO_EXACTO,1
00000423,2023,9,2,1,DUPLICADO_EXACTO,1
00000423,2023,10,3,1,DUPLICADO_EXACTO,2
00000423,2023,11,2,1,DUPLICADO_EXACTO,1
00000423,2023,12,4,1,DUPLICADO_EXACTO,3
00000423,2024,1,2,1,DUPLICADO_EXACTO,1
00000423,2025,4,2,1,DUPLICADO_EXACTO,1
00000423,2026,2,2,1,DUPLICADO_EXACTO,1
00000423,2026,3,2,1,DUPLICADO_EXACTO,1
00000423,2026,4,2,1,DUPLICADO_EXACTO,1
00000423,2026,5,2,1,DUPLICADO_EXACTO,1
00000423,2026,6,2,1,DUPLICADO_EXACTO,1
00000423,2026,7,2,1,DUPLICADO_EXACTO,1
00000424,2019,5,2,1,DUPLICADO_EXACTO,1
00000424,2019,11,2,1,DUPLICADO_EXACTO,1
00000424,2020,3,2,1,DUPLICADO_EXACTO,1
00000424,2021,6,2,1,DUPLICADO_EXACTO,1
00000424,2021,7,2,1,DUPLICADO_EXACTO,1
00000424,2022,7,2,1,DUPLICADO_EXACTO,1
00000424,2022,9,2,1,DUPLICADO_EXACTO,1
00000424,2023,7,3,1,DUPLICADO_EXACTO,2
00000424,2023,8,2,1,DUPLICADO_EXACTO,1
00000424,2023,11,3,1,DUPLICADO_EXACTO,2
00000424,2023,12,2,1,DUPLICADO_EXACTO,1
00000424,2024,2,2,1,DUPLICADO_EXACTO,1
00000424,2025,3,2,1,DUPLICADO_EXACTO,1
00000424,2025,4,2,1,DUPLICADO_EXACTO,1
00000424,2025,5,2,1,DUPLICADO_EXACTO,1
00000424,2025,6,2,1,DUPLICADO_EXACTO,1
00000425,2019,11,4,1,DUPLICADO_EXACTO,3
00000425,2020,3,2,1,DUPLICADO_EXACTO,1
00000425,2021,7,2,1,DUPLICADO_EXACTO,1
00000425,2022,7,2,1,DUPLICADO_EXACTO,1
00000425,2022,9,2,1,DUPLICADO_EXACTO,1
00000425,2023,11,2,1,DUPLICADO_EXACTO,1
00000425,2024,1,4,1,DUPLICADO_EXACTO,3
00000425,2024,5,2,1,DUPLICADO_EXACTO,1
00000426,2020,3,2,1,DUPLICADO_EXACTO,1
00000426,2021,6,2,1,DUPLICADO_EXACTO,1
00000426,2023,7,5,1,DUPLICADO_EXACTO,4
00000426,2023,8,2,1,DUPLICADO_EXACTO,1
00000426,2023,12,2,1,DUPLICADO_EXACTO,1
00000426,2024,1,4,1,DUPLICADO_EXACTO,3
00000426,2025,4,2,1,DUPLICADO_EXACTO,1
00000426,2025,5,2,1,DUPLICADO_EXACTO,1
00000426,2025,6,2,1,DUPLICADO_EXACTO,1
00000427,2019,11,2,1,DUPLICADO_EXACTO,1
00000427,2020,3,2,1,DUPLICADO_EXACTO,1
00000427,2021,6,2,1,DUPLICADO_EXACTO,1
00000427,2021,7,2,1,DUPLICADO_EXACTO,1
00000427,2022,7,2,1,DUPLICADO_EXACTO,1
00000427,2022,9,2,1,DUPLICADO_EXACTO,1
00000427,2023,7,5,1,DUPLICADO_EXACTO,4
00000427,2023,9,2,1,DUPLICADO_EXACTO,1
00000427,2023,10,2,1,DUPLICADO_EXACTO,1
00000427,2024,1,5,1,DUPLICADO_EXACTO,4
00000427,2024,2,2,1,DUPLICADO_EXACTO,1
00000427,2025,3,2,1,DUPLICADO_EXACTO,1
00000427,2025,4,2,1,DUPLICADO_EXACTO,1
00000427,2025,5,2,1,DUPLICADO_EXACTO,1
00000427,2025,6,2,1,DUPLICADO_EXACTO,1
00000428,2020,3,2,1,DUPLICADO_EXACTO,1
00000428,2021,6,2,1,DUPLICADO_EXACTO,1
00000428,2021,7,2,1,DUPLICADO_EXACTO,1
00000428,2022,7,2,1,DUPLICADO_EXACTO,1
00000428,2022,9,2,1,DUPLICADO_EXACTO,1
00000428,2023,7,5,1,DUPLICADO_EXACTO,4
00000428,2023,8,3,1,DUPLICADO_EXACTO,2
00000428,2023,9,2,1,DUPLICADO_EXACTO,1
00000428,2023,10,2,1,DUPLICADO_EXACTO,1
00000428,2023,11,3,1,DUPLICADO_EXACTO,2
00000428,2023,12,3,1,DUPLICADO_EXACTO,2
00000428,2024,1,5,1,DUPLICADO_EXACTO,4
00000428,2024,2,2,1,DUPLICADO_EXACTO,1
00000428,2024,5,2,1,DUPLICADO_EXACTO,1
00000428,2025,3,2,1,DUPLICADO_EXACTO,1
00000428,2025,4,2,1,DUPLICADO_EXACTO,1
00000428,2025,5,2,1,DUPLICADO_EXACTO,1
00000428,2025,6,2,1,DUPLICADO_EXACTO,1
00000429,2020,2,2,1,DUPLICADO_EXACTO,1
00000429,2020,4,2,1,DUPLICADO_EXACTO,1
00000429,2020,5,2,1,DUPLICADO_EXACTO,1
00000429,2020,6,2,1,DUPLICADO_EXACTO,1
00000429,2020,7,2,1,DUPLICADO_EXACTO,1
00000429,2022,4,2,1,DUPLICADO_EXACTO,1
00000429,2022,7,3,1,DUPLICADO_EXACTO,2
00000429,2022,8,2,1,DUPLICADO_EXACTO,1
00000429,2022,11,2,1,DUPLICADO_EXACTO,1
00000429,2026,3,2,1,DUPLICADO_EXACTO,1
00000430,2019,11,3,1,DUPLICADO_EXACTO,2
00000430,2020,2,2,1,DUPLICADO_EXACTO,1
00000430,2020,4,2,1,DUPLICADO_EXACTO,1
00000430,2020,5,2,1,DUPLICADO_EXACTO,1
00000430,2020,6,2,1,DUPLICADO_EXACTO,1
00000430,2020,7,2,1,DUPLICADO_EXACTO,1
00000430,2022,4,2,1,DUPLICADO_EXACTO,1
00000430,2022,7,3,1,DUPLICADO_EXACTO,2
00000430,2022,8,2,1,DUPLICADO_EXACTO,1
00000430,2022,11,2,1,DUPLICADO_EXACTO,1
00000430,2026,3,2,1,DUPLICADO_EXACTO,1
00000431,2020,2,2,1,DUPLICADO_EXACTO,1
00000431,2020,4,2,1,DUPLICADO_EXACTO,1
00000431,2020,5,2,1,DUPLICADO_EXACTO,1
00000431,2020,6,2,1,DUPLICADO_EXACTO,1
00000431,2020,7,2,1,DUPLICADO_EXACTO,1
00000431,2022,4,2,1,DUPLICADO_EXACTO,1
00000431,2022,7,2,1,DUPLICADO_EXACTO,1
00000433,2019,6,3,1,DUPLICADO_EXACTO,2
00000433,2022,2,2,1,DUPLICADO_EXACTO,1
00000433,2022,7,3,1,DUPLICADO_EXACTO,2
00000433,2022,10,2,1,DUPLICADO_EXACTO,1
00000433,2022,11,2,1,DUPLICADO_EXACTO,1
00000433,2022,12,2,1,DUPLICADO_EXACTO,1
00000433,2024,8,2,1,DUPLICADO_EXACTO,1
00000433,2025,5,2,1,DUPLICADO_EXACTO,1
00000434,2022,2,2,1,DUPLICADO_EXACTO,1
00000434,2022,7,3,1,DUPLICADO_EXACTO,2
00000434,2022,10,2,1,DUPLICADO_EXACTO,1
00000434,2022,11,2,1,DUPLICADO_EXACTO,1
00000434,2022,12,2,1,DUPLICADO_EXACTO,1
00000434,2024,8,2,1,DUPLICADO_EXACTO,1
00000434,2025,5,2,1,DUPLICADO_EXACTO,1
00000435,2019,5,2,1,DUPLICADO_EXACTO,1
00000435,2022,2,2,1,DUPLICADO_EXACTO,1
00000435,2022,7,3,1,DUPLICADO_EXACTO,2
00000435,2022,10,2,1,DUPLICADO_EXACTO,1
00000435,2022,11,2,1,DUPLICADO_EXACTO,1
00000435,2022,12,2,1,DUPLICADO_EXACTO,1
00000435,2024,8,2,1,DUPLICADO_EXACTO,1
00000435,2025,5,2,1,DUPLICADO_EXACTO,1
00000436,2022,2,2,1,DUPLICADO_EXACTO,1
00000436,2022,7,3,1,DUPLICADO_EXACTO,2
00000436,2022,10,2,1,DUPLICADO_EXACTO,1
00000436,2022,11,2,1,DUPLICADO_EXACTO,1
00000436,2022,12,2,1,DUPLICADO_EXACTO,1
00000436,2024,8,2,1,DUPLICADO_EXACTO,1
00000436,2025,5,2,1,DUPLICADO_EXACTO,1
00000437,2022,2,2,1,DUPLICADO_EXACTO,1
00000437,2022,7,3,1,DUPLICADO_EXACTO,2
00000437,2022,10,2,1,DUPLICADO_EXACTO,1
00000437,2022,11,2,1,DUPLICADO_EXACTO,1
00000437,2022,12,2,1,DUPLICADO_EXACTO,1
00000437,2024,8,2,1,DUPLICADO_EXACTO,1
00000438,2022,2,2,1,DUPLICADO_EXACTO,1
00000438,2022,7,3,1,DUPLICADO_EXACTO,2
00000438,2022,10,2,1,DUPLICADO_EXACTO,1
00000438,2022,11,2,1,DUPLICADO_EXACTO,1
00000438,2022,12,2,1,DUPLICADO_EXACTO,1
00000438,2024,8,2,1,DUPLICADO_EXACTO,1
00000438,2025,5,2,1,DUPLICADO_EXACTO,1
00000439,2019,8,2,1,DUPLICADO_EXACTO,1
00000439,2022,2,2,1,DUPLICADO_EXACTO,1
00000439,2022,7,3,1,DUPLICADO_EXACTO,2
00000439,2022,10,2,1,DUPLICADO_EXACTO,1
00000439,2022,11,2,1,DUPLICADO_EXACTO,1
00000439,2022,12,2,1,DUPLICADO_EXACTO,1
00000439,2024,8,2,1,DUPLICADO_EXACTO,1
00000439,2025,5,2,1,DUPLICADO_EXACTO,1
00000440,2019,4,2,1,DUPLICADO_EXACTO,1
00000440,2022,5,2,1,DUPLICADO_EXACTO,1
00000440,2022,6,3,1,DUPLICADO_EXACTO,2
00000440,2023,6,2,1,DUPLICADO_EXACTO,1
00000443,2023,6,2,1,DUPLICADO_EXACTO,1
00000444,2022,5,2,1,DUPLICADO_EXACTO,1
00000444,2022,6,3,1,DUPLICADO_EXACTO,2
00000444,2023,6,2,1,DUPLICADO_EXACTO,1
00000445,2020,7,2,1,DUPLICADO_EXACTO,1
00000445,2023,7,2,1,DUPLICADO_EXACTO,1
00000445,2025,7,2,1,DUPLICADO_EXACTO,1
00000445,2026,1,2,1,DUPLICADO_EXACTO,1
00000445,2026,5,2,1,DUPLICADO_EXACTO,1
00000445,2026,7,2,1,DUPLICADO_EXACTO,1
00000446,2020,2,2,1,DUPLICADO_EXACTO,1
00000446,2020,9,3,1,DUPLICADO_EXACTO,2
00000446,2020,11,7,1,DUPLICADO_EXACTO,6
00000447,2022,5,2,1,DUPLICADO_EXACTO,1
00000447,2022,6,3,1,DUPLICADO_EXACTO,2
00000448,2020,7,2,1,DUPLICADO_EXACTO,1
00000448,2021,6,2,1,DUPLICADO_EXACTO,1
00000448,2022,3,4,1,DUPLICADO_EXACTO,3
00000448,2023,5,2,1,DUPLICADO_EXACTO,1
00000448,2023,7,2,1,DUPLICADO_EXACTO,1
00000448,2025,7,2,1,DUPLICADO_EXACTO,1
00000448,2026,1,2,1,DUPLICADO_EXACTO,1
00000448,2026,5,2,1,DUPLICADO_EXACTO,1
00000448,2026,7,2,1,DUPLICADO_EXACTO,1
00000449,2020,2,2,1,DUPLICADO_EXACTO,1
00000449,2020,9,3,1,DUPLICADO_EXACTO,2
00000449,2020,11,7,1,DUPLICADO_EXACTO,6
00000450,2022,5,2,1,DUPLICADO_EXACTO,1
00000450,2022,6,3,1,DUPLICADO_EXACTO,2
00000450,2023,6,2,1,DUPLICADO_EXACTO,1
00000452,2020,2,2,1,DUPLICADO_EXACTO,1
00000452,2020,11,7,1,DUPLICADO_EXACTO,6
00000453,2022,5,2,1,DUPLICADO_EXACTO,1
00000453,2022,6,3,1,DUPLICADO_EXACTO,2
00000453,2023,6,2,1,DUPLICADO_EXACTO,1
00000454,2020,2,2,1,DUPLICADO_EXACTO,1
00000454,2020,9,3,1,DUPLICADO_EXACTO,2
00000454,2020,11,7,1,DUPLICADO_EXACTO,6
00000455,2020,2,2,1,DUPLICADO_EXACTO,1
00000455,2020,9,3,1,DUPLICADO_EXACTO,2
00000455,2020,11,7,1,DUPLICADO_EXACTO,6
00000456,2022,5,2,1,DUPLICADO_EXACTO,1
00000456,2022,6,3,1,DUPLICADO_EXACTO,2
00000456,2023,6,2,1,DUPLICADO_EXACTO,1
00000457,2020,2,2,1,DUPLICADO_EXACTO,1
00000457,2020,11,7,1,DUPLICADO_EXACTO,6
00000458,2022,5,2,1,DUPLICADO_EXACTO,1
00000458,2022,6,3,1,DUPLICADO_EXACTO,2
00000458,2023,6,2,1,DUPLICADO_EXACTO,1
00000459,2020,4,4,1,DUPLICADO_EXACTO,3
00000459,2020,5,2,1,DUPLICADO_EXACTO,1
00000459,2020,6,6,1,DUPLICADO_EXACTO,5
00000459,2020,8,4,1,DUPLICADO_EXACTO,3
00000459,2021,1,2,1,DUPLICADO_EXACTO,1
00000459,2021,3,2,1,DUPLICADO_EXACTO,1
00000459,2021,4,8,1,DUPLICADO_EXACTO,7
00000459,2021,5,2,1,DUPLICADO_EXACTO,1
00000459,2021,6,3,1,DUPLICADO_EXACTO,2
00000459,2021,7,2,1,DUPLICADO_EXACTO,1
00000459,2021,8,2,1,DUPLICADO_EXACTO,1
00000459,2021,9,2,1,DUPLICADO_EXACTO,1
00000459,2021,10,2,1,DUPLICADO_EXACTO,1
00000459,2022,4,3,1,DUPLICADO_EXACTO,2
00000459,2022,5,3,1,DUPLICADO_EXACTO,2
00000459,2022,8,3,1,DUPLICADO_EXACTO,2
00000459,2022,10,4,1,DUPLICADO_EXACTO,3
00000459,2023,1,2,1,DUPLICADO_EXACTO,1
00000459,2023,2,4,1,DUPLICADO_EXACTO,3
00000459,2023,3,2,1,DUPLICADO_EXACTO,1
00000459,2023,4,2,1,DUPLICADO_EXACTO,1
00000459,2023,5,2,1,DUPLICADO_EXACTO,1
00000459,2023,6,2,1,DUPLICADO_EXACTO,1
00000459,2023,8,2,1,DUPLICADO_EXACTO,1
00000459,2023,9,2,1,DUPLICADO_EXACTO,1
00000459,2023,10,2,1,DUPLICADO_EXACTO,1
00000459,2023,11,3,1,DUPLICADO_EXACTO,2
00000459,2023,12,2,1,DUPLICADO_EXACTO,1
00000459,2024,1,2,1,DUPLICADO_EXACTO,1
00000459,2024,5,2,1,DUPLICADO_EXACTO,1
00000459,2024,6,2,1,DUPLICADO_EXACTO,1
00000459,2024,8,2,1,DUPLICADO_EXACTO,1
00000459,2024,9,2,1,DUPLICADO_EXACTO,1
00000459,2024,11,2,1,DUPLICADO_EXACTO,1
00000459,2025,1,2,1,DUPLICADO_EXACTO,1
00000459,2025,12,2,1,DUPLICADO_EXACTO,1
00000459,2026,1,2,1,DUPLICADO_EXACTO,1
00000460,2020,4,4,1,DUPLICADO_EXACTO,3
00000460,2020,5,2,1,DUPLICADO_EXACTO,1
00000460,2020,6,6,1,DUPLICADO_EXACTO,5
00000460,2020,8,4,1,DUPLICADO_EXACTO,3
00000460,2021,1,2,1,DUPLICADO_EXACTO,1
00000460,2021,3,2,1,DUPLICADO_EXACTO,1
00000460,2021,4,8,1,DUPLICADO_EXACTO,7
00000460,2021,5,2,1,DUPLICADO_EXACTO,1
00000460,2021,6,3,1,DUPLICADO_EXACTO,2
00000460,2021,7,2,1,DUPLICADO_EXACTO,1
00000460,2021,8,2,1,DUPLICADO_EXACTO,1
00000460,2021,9,2,1,DUPLICADO_EXACTO,1
00000460,2021,10,2,1,DUPLICADO_EXACTO,1
00000460,2022,4,3,1,DUPLICADO_EXACTO,2
00000460,2022,5,3,1,DUPLICADO_EXACTO,2
00000460,2022,8,3,1,DUPLICADO_EXACTO,2
00000460,2022,10,4,1,DUPLICADO_EXACTO,3
00000460,2023,1,2,1,DUPLICADO_EXACTO,1
00000460,2023,2,4,1,DUPLICADO_EXACTO,3
00000460,2023,3,2,1,DUPLICADO_EXACTO,1
00000460,2023,4,2,1,DUPLICADO_EXACTO,1
00000460,2023,5,2,1,DUPLICADO_EXACTO,1
00000460,2023,6,2,1,DUPLICADO_EXACTO,1
00000460,2023,8,2,1,DUPLICADO_EXACTO,1
00000460,2023,9,2,1,DUPLICADO_EXACTO,1
00000460,2023,10,2,1,DUPLICADO_EXACTO,1
00000460,2023,11,3,1,DUPLICADO_EXACTO,2
00000460,2023,12,2,1,DUPLICADO_EXACTO,1
00000460,2024,1,2,1,DUPLICADO_EXACTO,1
00000460,2024,5,2,1,DUPLICADO_EXACTO,1
00000460,2024,6,2,1,DUPLICADO_EXACTO,1
00000460,2024,8,2,1,DUPLICADO_EXACTO,1
00000460,2024,9,2,1,DUPLICADO_EXACTO,1
00000460,2025,1,2,1,DUPLICADO_EXACTO,1
00000460,2025,12,2,1,DUPLICADO_EXACTO,1
00000460,2026,1,2,1,DUPLICADO_EXACTO,1
00000461,2020,4,4,1,DUPLICADO_EXACTO,3
00000461,2020,5,2,1,DUPLICADO_EXACTO,1
00000461,2020,6,6,1,DUPLICADO_EXACTO,5
00000461,2020,8,4,1,DUPLICADO_EXACTO,3
00000461,2021,1,2,1,DUPLICADO_EXACTO,1
00000461,2021,3,2,1,DUPLICADO_EXACTO,1
00000461,2021,4,8,1,DUPLICADO_EXACTO,7
00000461,2021,5,2,1,DUPLICADO_EXACTO,1
00000461,2021,6,3,1,DUPLICADO_EXACTO,2
00000461,2021,7,2,1,DUPLICADO_EXACTO,1
00000461,2021,8,2,1,DUPLICADO_EXACTO,1
00000461,2021,9,2,1,DUPLICADO_EXACTO,1
00000461,2021,10,2,1,DUPLICADO_EXACTO,1
00000461,2022,4,3,1,DUPLICADO_EXACTO,2
00000461,2022,5,3,1,DUPLICADO_EXACTO,2
00000461,2022,8,3,1,DUPLICADO_EXACTO,2
00000461,2022,10,4,1,DUPLICADO_EXACTO,3
00000461,2023,1,2,1,DUPLICADO_EXACTO,1
00000461,2023,2,4,1,DUPLICADO_EXACTO,3
00000461,2023,3,2,1,DUPLICADO_EXACTO,1
00000461,2023,4,2,1,DUPLICADO_EXACTO,1
00000461,2023,5,2,1,DUPLICADO_EXACTO,1
00000461,2023,6,2,1,DUPLICADO_EXACTO,1
00000461,2023,8,2,1,DUPLICADO_EXACTO,1
00000461,2023,9,2,1,DUPLICADO_EXACTO,1
00000461,2023,10,2,1,DUPLICADO_EXACTO,1
00000461,2023,11,3,1,DUPLICADO_EXACTO,2
00000461,2023,12,2,1,DUPLICADO_EXACTO,1
00000461,2024,1,2,1,DUPLICADO_EXACTO,1
00000461,2024,5,2,1,DUPLICADO_EXACTO,1
00000461,2024,6,2,1,DUPLICADO_EXACTO,1
00000461,2024,8,2,1,DUPLICADO_EXACTO,1
00000461,2024,9,2,1,DUPLICADO_EXACTO,1
00000461,2024,11,4,1,DUPLICADO_EXACTO,3
00000461,2025,1,2,1,DUPLICADO_EXACTO,1
00000461,2025,12,2,1,DUPLICADO_EXACTO,1
00000461,2026,1,2,1,DUPLICADO_EXACTO,1
00000462,2019,12,4,1,DUPLICADO_EXACTO,3
00000462,2020,5,2,1,DUPLICADO_EXACTO,1
00000462,2021,1,2,1,DUPLICADO_EXACTO,1
00000462,2021,3,2,1,DUPLICADO_EXACTO,1
00000462,2021,4,8,1,DUPLICADO_EXACTO,7
00000462,2021,5,2,1,DUPLICADO_EXACTO,1
00000462,2021,6,3,1,DUPLICADO_EXACTO,2
00000462,2021,7,2,1,DUPLICADO_EXACTO,1
00000462,2021,8,2,1,DUPLICADO_EXACTO,1
00000462,2021,9,2,1,DUPLICADO_EXACTO,1
00000462,2021,10,2,1,DUPLICADO_EXACTO,1
00000462,2022,4,3,1,DUPLICADO_EXACTO,2
00000462,2022,5,3,1,DUPLICADO_EXACTO,2
00000462,2022,8,3,1,DUPLICADO_EXACTO,2
00000462,2022,10,4,1,DUPLICADO_EXACTO,3
00000462,2023,1,2,1,DUPLICADO_EXACTO,1
00000462,2023,2,4,1,DUPLICADO_EXACTO,3
00000462,2023,3,2,1,DUPLICADO_EXACTO,1
00000462,2023,4,2,1,DUPLICADO_EXACTO,1
00000462,2023,5,2,1,DUPLICADO_EXACTO,1
00000462,2023,6,2,1,DUPLICADO_EXACTO,1
00000462,2023,8,2,1,DUPLICADO_EXACTO,1
00000462,2023,9,2,1,DUPLICADO_EXACTO,1
00000462,2023,10,2,1,DUPLICADO_EXACTO,1
00000462,2023,11,3,1,DUPLICADO_EXACTO,2
00000462,2023,12,2,1,DUPLICADO_EXACTO,1
00000462,2024,1,2,1,DUPLICADO_EXACTO,1
00000462,2024,5,2,1,DUPLICADO_EXACTO,1
00000462,2024,6,2,1,DUPLICADO_EXACTO,1
00000462,2024,8,2,1,DUPLICADO_EXACTO,1
00000462,2024,9,2,1,DUPLICADO_EXACTO,1
00000462,2024,11,4,1,DUPLICADO_EXACTO,3
00000462,2025,1,2,1,DUPLICADO_EXACTO,1
00000462,2025,12,2,1,DUPLICADO_EXACTO,1
00000462,2026,1,2,1,DUPLICADO_EXACTO,1
00000463,2020,4,4,1,DUPLICADO_EXACTO,3
00000463,2020,5,2,1,DUPLICADO_EXACTO,1
00000463,2020,6,6,1,DUPLICADO_EXACTO,5
00000463,2020,8,4,1,DUPLICADO_EXACTO,3
00000463,2021,1,2,1,DUPLICADO_EXACTO,1
00000463,2021,3,2,1,DUPLICADO_EXACTO,1
00000463,2021,4,8,1,DUPLICADO_EXACTO,7
00000463,2021,5,2,1,DUPLICADO_EXACTO,1
00000463,2021,6,3,1,DUPLICADO_EXACTO,2
00000463,2021,7,2,1,DUPLICADO_EXACTO,1
00000463,2021,8,2,1,DUPLICADO_EXACTO,1
00000463,2021,9,2,1,DUPLICADO_EXACTO,1
00000463,2021,10,2,1,DUPLICADO_EXACTO,1
00000463,2022,4,3,1,DUPLICADO_EXACTO,2
00000463,2022,5,3,1,DUPLICADO_EXACTO,2
00000463,2022,8,3,1,DUPLICADO_EXACTO,2
00000463,2022,10,4,1,DUPLICADO_EXACTO,3
00000463,2023,1,2,1,DUPLICADO_EXACTO,1
00000463,2023,2,4,1,DUPLICADO_EXACTO,3
00000463,2023,3,2,1,DUPLICADO_EXACTO,1
00000463,2023,4,2,1,DUPLICADO_EXACTO,1
00000463,2023,5,2,1,DUPLICADO_EXACTO,1
00000463,2023,6,2,1,DUPLICADO_EXACTO,1
00000463,2023,8,2,1,DUPLICADO_EXACTO,1
00000463,2023,9,2,1,DUPLICADO_EXACTO,1
00000463,2023,10,2,1,DUPLICADO_EXACTO,1
00000463,2023,11,3,1,DUPLICADO_EXACTO,2
00000463,2023,12,2,1,DUPLICADO_EXACTO,1
00000463,2024,1,2,1,DUPLICADO_EXACTO,1
00000463,2024,5,2,1,DUPLICADO_EXACTO,1
00000463,2024,6,2,1,DUPLICADO_EXACTO,1
00000463,2024,8,2,1,DUPLICADO_EXACTO,1
00000463,2024,9,2,1,DUPLICADO_EXACTO,1
00000463,2024,11,4,1,DUPLICADO_EXACTO,3
00000463,2025,1,2,1,DUPLICADO_EXACTO,1
00000463,2025,12,2,1,DUPLICADO_EXACTO,1
00000463,2026,1,2,1,DUPLICADO_EXACTO,1
00000464,2019,9,2,1,DUPLICADO_EXACTO,1
00000464,2020,4,4,1,DUPLICADO_EXACTO,3
00000464,2020,5,2,1,DUPLICADO_EXACTO,1
00000464,2020,6,6,1,DUPLICADO_EXACTO,5
00000464,2020,8,4,1,DUPLICADO_EXACTO,3
00000464,2021,1,2,1,DUPLICADO_EXACTO,1
00000464,2021,3,2,1,DUPLICADO_EXACTO,1
00000464,2021,4,8,1,DUPLICADO_EXACTO,7
00000464,2021,5,2,1,DUPLICADO_EXACTO,1
00000464,2021,6,3,1,DUPLICADO_EXACTO,2
00000464,2021,7,2,1,DUPLICADO_EXACTO,1
00000464,2021,8,2,1,DUPLICADO_EXACTO,1
00000464,2021,9,2,1,DUPLICADO_EXACTO,1
00000464,2021,10,2,1,DUPLICADO_EXACTO,1
00000464,2022,4,3,1,DUPLICADO_EXACTO,2
00000464,2022,5,3,1,DUPLICADO_EXACTO,2
00000464,2022,8,3,1,DUPLICADO_EXACTO,2
00000464,2022,10,4,1,DUPLICADO_EXACTO,3
00000464,2023,1,2,1,DUPLICADO_EXACTO,1
00000464,2023,2,4,1,DUPLICADO_EXACTO,3
00000464,2023,3,2,1,DUPLICADO_EXACTO,1
00000464,2023,4,2,1,DUPLICADO_EXACTO,1
00000464,2023,5,2,1,DUPLICADO_EXACTO,1
00000464,2023,6,2,1,DUPLICADO_EXACTO,1
00000464,2023,8,2,1,DUPLICADO_EXACTO,1
00000464,2023,9,2,1,DUPLICADO_EXACTO,1
00000464,2023,10,2,1,DUPLICADO_EXACTO,1
00000464,2023,11,3,1,DUPLICADO_EXACTO,2
00000464,2023,12,2,1,DUPLICADO_EXACTO,1
00000464,2024,1,2,1,DUPLICADO_EXACTO,1
00000464,2024,5,2,1,DUPLICADO_EXACTO,1
00000464,2024,6,2,1,DUPLICADO_EXACTO,1
00000464,2024,8,2,1,DUPLICADO_EXACTO,1
00000464,2024,9,2,1,DUPLICADO_EXACTO,1
00000464,2024,11,4,1,DUPLICADO_EXACTO,3
00000464,2025,1,2,1,DUPLICADO_EXACTO,1
00000464,2025,12,2,1,DUPLICADO_EXACTO,1
00000464,2026,1,2,1,DUPLICADO_EXACTO,1
00000465,2020,4,4,1,DUPLICADO_EXACTO,3
00000465,2020,5,2,1,DUPLICADO_EXACTO,1
00000465,2020,6,6,1,DUPLICADO_EXACTO,5
00000465,2020,8,4,1,DUPLICADO_EXACTO,3
00000465,2021,1,2,1,DUPLICADO_EXACTO,1
00000465,2021,3,2,1,DUPLICADO_EXACTO,1
00000465,2021,4,8,1,DUPLICADO_EXACTO,7
00000465,2021,5,2,1,DUPLICADO_EXACTO,1
00000465,2021,6,3,1,DUPLICADO_EXACTO,2
00000465,2021,7,2,1,DUPLICADO_EXACTO,1
00000465,2021,8,2,1,DUPLICADO_EXACTO,1
00000465,2021,9,2,1,DUPLICADO_EXACTO,1
00000465,2021,10,2,1,DUPLICADO_EXACTO,1
00000465,2022,4,2,1,DUPLICADO_EXACTO,1
00000465,2022,5,3,1,DUPLICADO_EXACTO,2
00000465,2022,8,3,1,DUPLICADO_EXACTO,2
00000465,2022,10,4,1,DUPLICADO_EXACTO,3
00000465,2023,1,2,1,DUPLICADO_EXACTO,1
00000465,2023,2,4,1,DUPLICADO_EXACTO,3
00000465,2023,3,2,1,DUPLICADO_EXACTO,1
00000465,2023,4,2,1,DUPLICADO_EXACTO,1
00000465,2023,5,2,1,DUPLICADO_EXACTO,1
00000465,2023,6,2,1,DUPLICADO_EXACTO,1
00000465,2023,8,2,1,DUPLICADO_EXACTO,1
00000465,2023,9,2,1,DUPLICADO_EXACTO,1
00000465,2023,10,2,1,DUPLICADO_EXACTO,1
00000465,2023,11,3,1,DUPLICADO_EXACTO,2
00000465,2023,12,2,1,DUPLICADO_EXACTO,1
00000465,2024,1,2,1,DUPLICADO_EXACTO,1
00000465,2024,5,2,1,DUPLICADO_EXACTO,1
00000465,2024,6,2,1,DUPLICADO_EXACTO,1
00000465,2024,8,2,1,DUPLICADO_EXACTO,1
00000465,2024,9,2,1,DUPLICADO_EXACTO,1
00000465,2024,11,2,1,DUPLICADO_EXACTO,1
00000465,2025,12,2,1,DUPLICADO_EXACTO,1
00000466,2019,12,6,1,DUPLICADO_EXACTO,5
00000466,2020,4,4,1,DUPLICADO_EXACTO,3
00000466,2020,5,2,1,DUPLICADO_EXACTO,1
00000466,2020,6,6,1,DUPLICADO_EXACTO,5
00000466,2020,8,4,1,DUPLICADO_EXACTO,3
00000466,2021,1,2,1,DUPLICADO_EXACTO,1
00000466,2021,3,2,1,DUPLICADO_EXACTO,1
00000466,2021,4,8,1,DUPLICADO_EXACTO,7
00000466,2021,5,2,1,DUPLICADO_EXACTO,1
00000466,2021,6,3,1,DUPLICADO_EXACTO,2
00000466,2021,7,2,1,DUPLICADO_EXACTO,1
00000466,2021,8,2,1,DUPLICADO_EXACTO,1
00000466,2021,9,2,1,DUPLICADO_EXACTO,1
00000466,2021,10,2,1,DUPLICADO_EXACTO,1
00000466,2022,4,3,1,DUPLICADO_EXACTO,2
00000466,2022,5,3,1,DUPLICADO_EXACTO,2
00000466,2022,8,3,1,DUPLICADO_EXACTO,2
00000466,2022,10,4,1,DUPLICADO_EXACTO,3
00000466,2023,1,2,1,DUPLICADO_EXACTO,1
00000466,2023,2,4,1,DUPLICADO_EXACTO,3
00000466,2023,3,2,1,DUPLICADO_EXACTO,1
00000466,2023,4,2,1,DUPLICADO_EXACTO,1
00000466,2023,5,2,1,DUPLICADO_EXACTO,1
00000466,2023,6,2,1,DUPLICADO_EXACTO,1
00000466,2023,8,2,1,DUPLICADO_EXACTO,1
00000466,2023,9,2,1,DUPLICADO_EXACTO,1
00000466,2023,10,2,1,DUPLICADO_EXACTO,1
00000466,2023,11,3,1,DUPLICADO_EXACTO,2
00000466,2023,12,2,1,DUPLICADO_EXACTO,1
00000466,2024,1,2,1,DUPLICADO_EXACTO,1
00000466,2024,5,2,1,DUPLICADO_EXACTO,1
00000466,2024,6,2,1,DUPLICADO_EXACTO,1
00000466,2024,8,2,1,DUPLICADO_EXACTO,1
00000466,2024,9,2,1,DUPLICADO_EXACTO,1
00000466,2024,11,4,1,DUPLICADO_EXACTO,3
00000466,2025,1,2,1,DUPLICADO_EXACTO,1
00000466,2025,12,2,1,DUPLICADO_EXACTO,1
00000466,2026,1,2,1,DUPLICADO_EXACTO,1
00000467,2019,4,2,1,DUPLICADO_EXACTO,1
00000467,2019,11,2,1,DUPLICADO_EXACTO,1
00000467,2020,4,4,1,DUPLICADO_EXACTO,3
00000467,2020,5,2,1,DUPLICADO_EXACTO,1
00000467,2020,6,6,1,DUPLICADO_EXACTO,5
00000467,2020,8,4,1,DUPLICADO_EXACTO,3
00000467,2021,1,2,1,DUPLICADO_EXACTO,1
00000467,2021,3,2,1,DUPLICADO_EXACTO,1
00000467,2021,4,8,1,DUPLICADO_EXACTO,7
00000467,2021,5,2,1,DUPLICADO_EXACTO,1
00000467,2021,6,3,1,DUPLICADO_EXACTO,2
00000467,2021,7,2,1,DUPLICADO_EXACTO,1
00000467,2021,8,2,1,DUPLICADO_EXACTO,1
00000467,2021,9,2,1,DUPLICADO_EXACTO,1
00000467,2021,10,2,1,DUPLICADO_EXACTO,1
00000467,2022,4,3,1,DUPLICADO_EXACTO,2
00000467,2022,5,3,1,DUPLICADO_EXACTO,2
00000467,2022,8,3,1,DUPLICADO_EXACTO,2
00000467,2022,10,4,1,DUPLICADO_EXACTO,3
00000467,2023,1,2,1,DUPLICADO_EXACTO,1
00000467,2023,2,4,1,DUPLICADO_EXACTO,3
00000467,2023,3,2,1,DUPLICADO_EXACTO,1
00000467,2023,4,2,1,DUPLICADO_EXACTO,1
00000467,2023,5,2,1,DUPLICADO_EXACTO,1
00000467,2023,6,2,1,DUPLICADO_EXACTO,1
00000467,2023,8,2,1,DUPLICADO_EXACTO,1
00000467,2023,9,2,1,DUPLICADO_EXACTO,1
00000467,2023,10,2,1,DUPLICADO_EXACTO,1
00000467,2023,11,3,1,DUPLICADO_EXACTO,2
00000467,2023,12,2,1,DUPLICADO_EXACTO,1
00000467,2024,1,2,1,DUPLICADO_EXACTO,1
00000467,2024,5,2,1,DUPLICADO_EXACTO,1
00000467,2024,6,2,1,DUPLICADO_EXACTO,1
00000467,2024,8,2,1,DUPLICADO_EXACTO,1
00000467,2024,9,2,1,DUPLICADO_EXACTO,1
00000467,2024,11,4,1,DUPLICADO_EXACTO,3
00000467,2025,1,2,1,DUPLICADO_EXACTO,1
00000467,2025,12,2,1,DUPLICADO_EXACTO,1
00000467,2026,1,2,1,DUPLICADO_EXACTO,1
00000468,2020,2,2,1,DUPLICADO_EXACTO,1
00000468,2020,3,2,1,DUPLICADO_EXACTO,1
00000468,2020,7,2,1,DUPLICADO_EXACTO,1
00000468,2022,7,3,1,DUPLICADO_EXACTO,2
00000468,2022,8,3,1,DUPLICADO_EXACTO,2
00000469,2020,4,4,1,DUPLICADO_EXACTO,3
00000469,2020,6,6,1,DUPLICADO_EXACTO,5
00000469,2020,8,4,1,DUPLICADO_EXACTO,3
00000469,2021,1,2,1,DUPLICADO_EXACTO,1
00000469,2021,3,2,1,DUPLICADO_EXACTO,1
00000469,2021,4,8,1,DUPLICADO_EXACTO,7
00000469,2021,5,2,1,DUPLICADO_EXACTO,1
00000469,2021,6,3,1,DUPLICADO_EXACTO,2
00000469,2021,7,2,1,DUPLICADO_EXACTO,1
00000469,2021,8,2,1,DUPLICADO_EXACTO,1
00000469,2021,9,2,1,DUPLICADO_EXACTO,1
00000469,2021,10,2,1,DUPLICADO_EXACTO,1
00000469,2022,4,3,1,DUPLICADO_EXACTO,2
00000469,2022,5,3,1,DUPLICADO_EXACTO,2
00000469,2022,8,3,1,DUPLICADO_EXACTO,2
00000469,2022,10,2,1,DUPLICADO_EXACTO,1
00000469,2023,1,2,1,DUPLICADO_EXACTO,1
00000469,2023,2,4,1,DUPLICADO_EXACTO,3
00000469,2023,3,2,1,DUPLICADO_EXACTO,1
00000469,2023,4,2,1,DUPLICADO_EXACTO,1
00000469,2023,6,2,1,DUPLICADO_EXACTO,1
00000469,2023,8,2,1,DUPLICADO_EXACTO,1
00000469,2023,11,3,1,DUPLICADO_EXACTO,2
00000469,2023,12,2,1,DUPLICADO_EXACTO,1
00000469,2024,5,2,1,DUPLICADO_EXACTO,1
00000469,2024,8,2,1,DUPLICADO_EXACTO,1
00000469,2024,9,2,1,DUPLICADO_EXACTO,1
00000469,2024,11,4,1,DUPLICADO_EXACTO,3
00000469,2025,1,2,1,DUPLICADO_EXACTO,1
00000469,2025,12,2,1,DUPLICADO_EXACTO,1
00000469,2026,1,2,1,DUPLICADO_EXACTO,1
00000470,2020,4,4,1,DUPLICADO_EXACTO,3
00000470,2020,5,2,1,DUPLICADO_EXACTO,1
00000470,2020,6,6,1,DUPLICADO_EXACTO,5
00000470,2020,8,4,1,DUPLICADO_EXACTO,3
00000470,2021,1,2,1,DUPLICADO_EXACTO,1
00000470,2021,3,2,1,DUPLICADO_EXACTO,1
00000470,2021,4,8,1,DUPLICADO_EXACTO,7
00000470,2021,7,2,1,DUPLICADO_EXACTO,1
00000470,2021,8,2,1,DUPLICADO_EXACTO,1
00000470,2021,9,2,1,DUPLICADO_EXACTO,1
00000470,2021,10,2,1,DUPLICADO_EXACTO,1
00000470,2022,4,3,1,DUPLICADO_EXACTO,2
00000470,2022,5,3,1,DUPLICADO_EXACTO,2
00000470,2022,8,3,1,DUPLICADO_EXACTO,2
00000470,2022,10,4,1,DUPLICADO_EXACTO,3
00000470,2023,1,2,1,DUPLICADO_EXACTO,1
00000470,2023,2,4,1,DUPLICADO_EXACTO,3
00000470,2023,3,2,1,DUPLICADO_EXACTO,1
00000470,2023,4,2,1,DUPLICADO_EXACTO,1
00000470,2023,5,2,1,DUPLICADO_EXACTO,1
00000470,2023,6,2,1,DUPLICADO_EXACTO,1
00000470,2023,8,2,1,DUPLICADO_EXACTO,1
00000470,2023,9,2,1,DUPLICADO_EXACTO,1
00000470,2023,10,2,1,DUPLICADO_EXACTO,1
00000470,2023,11,3,1,DUPLICADO_EXACTO,2
00000470,2023,12,2,1,DUPLICADO_EXACTO,1
00000470,2024,1,2,1,DUPLICADO_EXACTO,1
00000470,2024,5,2,1,DUPLICADO_EXACTO,1
00000470,2024,6,2,1,DUPLICADO_EXACTO,1
00000470,2024,8,2,1,DUPLICADO_EXACTO,1
00000470,2024,9,2,1,DUPLICADO_EXACTO,1
00000470,2024,11,4,1,DUPLICADO_EXACTO,3
00000470,2025,1,2,1,DUPLICADO_EXACTO,1
00000470,2026,1,2,1,DUPLICADO_EXACTO,1
00000471,2020,7,2,1,DUPLICADO_EXACTO,1
00000471,2022,8,3,1,DUPLICADO_EXACTO,2
00000472,2019,9,2,1,DUPLICADO_EXACTO,1
00000472,2020,4,4,1,DUPLICADO_EXACTO,3
00000472,2020,5,2,1,DUPLICADO_EXACTO,1
00000472,2020,6,6,1,DUPLICADO_EXACTO,5
00000472,2020,8,4,1,DUPLICADO_EXACTO,3
00000472,2021,1,2,1,DUPLICADO_EXACTO,1
00000472,2021,3,2,1,DUPLICADO_EXACTO,1
00000472,2021,4,8,1,DUPLICADO_EXACTO,7
00000472,2021,5,2,1,DUPLICADO_EXACTO,1
00000472,2021,6,3,1,DUPLICADO_EXACTO,2
00000472,2021,7,2,1,DUPLICADO_EXACTO,1
00000472,2021,8,2,1,DUPLICADO_EXACTO,1
00000472,2021,9,2,1,DUPLICADO_EXACTO,1
00000472,2021,10,2,1,DUPLICADO_EXACTO,1
00000472,2022,8,3,1,DUPLICADO_EXACTO,2
00000472,2022,10,4,1,DUPLICADO_EXACTO,3
00000472,2023,1,2,1,DUPLICADO_EXACTO,1
00000472,2023,2,4,1,DUPLICADO_EXACTO,3
00000472,2023,3,2,1,DUPLICADO_EXACTO,1
00000472,2023,4,2,1,DUPLICADO_EXACTO,1
00000472,2023,5,2,1,DUPLICADO_EXACTO,1
00000472,2023,6,2,1,DUPLICADO_EXACTO,1
00000472,2023,8,2,1,DUPLICADO_EXACTO,1
00000472,2023,9,2,1,DUPLICADO_EXACTO,1
00000472,2023,10,2,1,DUPLICADO_EXACTO,1
00000472,2023,11,3,1,DUPLICADO_EXACTO,2
00000472,2023,12,2,1,DUPLICADO_EXACTO,1
00000472,2024,1,2,1,DUPLICADO_EXACTO,1
00000472,2024,5,2,1,DUPLICADO_EXACTO,1
00000472,2024,6,2,1,DUPLICADO_EXACTO,1
00000472,2024,8,2,1,DUPLICADO_EXACTO,1
00000472,2024,9,2,1,DUPLICADO_EXACTO,1
00000472,2024,11,4,1,DUPLICADO_EXACTO,3
00000472,2025,1,2,1,DUPLICADO_EXACTO,1
00000472,2025,12,2,1,DUPLICADO_EXACTO,1
00000472,2026,1,2,1,DUPLICADO_EXACTO,1
00000473,2020,4,4,1,DUPLICADO_EXACTO,3
00000473,2020,5,2,1,DUPLICADO_EXACTO,1
00000473,2020,6,6,1,DUPLICADO_EXACTO,5
00000473,2020,8,4,1,DUPLICADO_EXACTO,3
00000473,2021,1,2,1,DUPLICADO_EXACTO,1
00000473,2021,3,2,1,DUPLICADO_EXACTO,1
00000473,2021,5,2,1,DUPLICADO_EXACTO,1
00000473,2021,6,3,1,DUPLICADO_EXACTO,2
00000473,2021,7,2,1,DUPLICADO_EXACTO,1
00000473,2021,8,2,1,DUPLICADO_EXACTO,1
00000473,2021,10,2,1,DUPLICADO_EXACTO,1
00000473,2022,4,3,1,DUPLICADO_EXACTO,2
00000473,2022,5,3,1,DUPLICADO_EXACTO,2
00000473,2022,8,3,1,DUPLICADO_EXACTO,2
00000473,2022,10,4,1,DUPLICADO_EXACTO,3
00000473,2023,1,2,1,DUPLICADO_EXACTO,1
00000473,2023,2,4,1,DUPLICADO_EXACTO,3
00000473,2023,3,2,1,DUPLICADO_EXACTO,1
00000473,2023,4,2,1,DUPLICADO_EXACTO,1
00000473,2023,5,2,1,DUPLICADO_EXACTO,1
00000473,2023,6,2,1,DUPLICADO_EXACTO,1
00000473,2023,8,2,1,DUPLICADO_EXACTO,1
00000473,2023,10,2,1,DUPLICADO_EXACTO,1
00000473,2023,11,3,1,DUPLICADO_EXACTO,2
00000473,2023,12,2,1,DUPLICADO_EXACTO,1
00000473,2024,1,2,1,DUPLICADO_EXACTO,1
00000473,2024,5,2,1,DUPLICADO_EXACTO,1
00000473,2024,6,2,1,DUPLICADO_EXACTO,1
00000473,2024,8,2,1,DUPLICADO_EXACTO,1
00000473,2024,9,2,1,DUPLICADO_EXACTO,1
00000473,2024,11,4,1,DUPLICADO_EXACTO,3
00000473,2025,1,2,1,DUPLICADO_EXACTO,1
00000473,2025,12,2,1,DUPLICADO_EXACTO,1
00000473,2026,1,2,1,DUPLICADO_EXACTO,1
00000474,2019,12,3,1,DUPLICADO_EXACTO,2
00000474,2020,4,4,1,DUPLICADO_EXACTO,3
00000474,2020,5,2,1,DUPLICADO_EXACTO,1
00000474,2020,6,6,1,DUPLICADO_EXACTO,5
00000474,2020,8,4,1,DUPLICADO_EXACTO,3
00000474,2021,1,2,1,DUPLICADO_EXACTO,1
00000474,2021,3,2,1,DUPLICADO_EXACTO,1
00000474,2021,5,2,1,DUPLICADO_EXACTO,1
00000474,2021,6,3,1,DUPLICADO_EXACTO,2
00000474,2021,7,2,1,DUPLICADO_EXACTO,1
00000474,2021,8,2,1,DUPLICADO_EXACTO,1
00000474,2021,9,2,1,DUPLICADO_EXACTO,1
00000474,2021,10,2,1,DUPLICADO_EXACTO,1
00000474,2022,4,3,1,DUPLICADO_EXACTO,2
00000474,2022,5,3,1,DUPLICADO_EXACTO,2
00000474,2023,5,2,1,DUPLICADO_EXACTO,1
00000474,2023,10,2,1,DUPLICADO_EXACTO,1
00000474,2023,12,2,1,DUPLICADO_EXACTO,1
00000474,2024,1,2,1,DUPLICADO_EXACTO,1
00000474,2025,1,2,1,DUPLICADO_EXACTO,1
00000474,2025,12,2,1,DUPLICADO_EXACTO,1
00000474,2026,1,2,1,DUPLICADO_EXACTO,1
00000475,2019,12,4,1,DUPLICADO_EXACTO,3
00000475,2020,4,4,1,DUPLICADO_EXACTO,3
00000475,2020,5,2,1,DUPLICADO_EXACTO,1
00000475,2020,6,6,1,DUPLICADO_EXACTO,5
00000475,2020,8,4,1,DUPLICADO_EXACTO,3
00000475,2021,1,2,1,DUPLICADO_EXACTO,1
00000475,2021,3,2,1,DUPLICADO_EXACTO,1
00000475,2021,4,8,1,DUPLICADO_EXACTO,7
00000475,2021,5,2,1,DUPLICADO_EXACTO,1
00000475,2021,6,3,1,DUPLICADO_EXACTO,2
00000475,2021,7,2,1,DUPLICADO_EXACTO,1
00000475,2021,8,2,1,DUPLICADO_EXACTO,1
00000475,2021,9,2,1,DUPLICADO_EXACTO,1
00000475,2021,10,2,1,DUPLICADO_EXACTO,1
00000475,2022,4,3,1,DUPLICADO_EXACTO,2
00000475,2022,5,3,1,DUPLICADO_EXACTO,2
00000475,2022,8,3,1,DUPLICADO_EXACTO,2
00000475,2022,10,4,1,DUPLICADO_EXACTO,3
00000475,2023,1,2,1,DUPLICADO_EXACTO,1
00000475,2023,2,4,1,DUPLICADO_EXACTO,3
00000475,2023,3,2,1,DUPLICADO_EXACTO,1
00000475,2023,4,2,1,DUPLICADO_EXACTO,1
00000475,2023,5,2,1,DUPLICADO_EXACTO,1
00000475,2023,6,2,1,DUPLICADO_EXACTO,1
00000475,2023,8,2,1,DUPLICADO_EXACTO,1
00000475,2023,9,2,1,DUPLICADO_EXACTO,1
00000475,2023,10,2,1,DUPLICADO_EXACTO,1
00000475,2023,11,3,1,DUPLICADO_EXACTO,2
00000475,2023,12,2,1,DUPLICADO_EXACTO,1
00000475,2024,1,2,1,DUPLICADO_EXACTO,1
00000475,2024,5,2,1,DUPLICADO_EXACTO,1
00000475,2024,6,2,1,DUPLICADO_EXACTO,1
00000475,2024,8,2,1,DUPLICADO_EXACTO,1
00000475,2024,9,2,1,DUPLICADO_EXACTO,1
00000475,2024,11,4,1,DUPLICADO_EXACTO,3
00000475,2025,1,2,1,DUPLICADO_EXACTO,1
00000475,2025,12,2,1,DUPLICADO_EXACTO,1
00000475,2026,1,2,1,DUPLICADO_EXACTO,1
00000477,2021,12,2,1,DUPLICADO_EXACTO,1
00000477,2022,5,2,1,DUPLICADO_EXACTO,1
00000477,2022,7,2,1,DUPLICADO_EXACTO,1
00000477,2024,2,2,1,DUPLICADO_EXACTO,1
00000477,2024,7,2,1,DUPLICADO_EXACTO,1
00000477,2025,1,3,1,DUPLICADO_EXACTO,2
00000477,2025,2,2,1,DUPLICADO_EXACTO,1
00000477,2025,3,2,1,DUPLICADO_EXACTO,1
00000477,2026,2,2,1,DUPLICADO_EXACTO,1
00000477,2026,5,2,1,DUPLICADO_EXACTO,1
00000478,2021,12,2,1,DUPLICADO_EXACTO,1
00000478,2022,5,2,1,DUPLICADO_EXACTO,1
00000478,2022,7,2,1,DUPLICADO_EXACTO,1
00000478,2024,2,2,1,DUPLICADO_EXACTO,1
00000478,2024,7,2,1,DUPLICADO_EXACTO,1
00000478,2025,1,3,1,DUPLICADO_EXACTO,2
00000478,2025,2,2,1,DUPLICADO_EXACTO,1
00000478,2025,3,2,1,DUPLICADO_EXACTO,1
00000478,2026,2,2,1,DUPLICADO_EXACTO,1
00000478,2026,5,2,1,DUPLICADO_EXACTO,1
00000479,2019,2,2,1,DUPLICADO_EXACTO,1
00000479,2019,12,3,1,DUPLICADO_EXACTO,2
00000479,2021,12,2,1,DUPLICADO_EXACTO,1
00000479,2022,5,2,1,DUPLICADO_EXACTO,1
00000479,2022,7,2,1,DUPLICADO_EXACTO,1
00000479,2024,2,2,1,DUPLICADO_EXACTO,1
00000479,2024,7,2,1,DUPLICADO_EXACTO,1
00000479,2025,1,3,1,DUPLICADO_EXACTO,2
00000479,2025,2,2,1,DUPLICADO_EXACTO,1
00000479,2025,3,2,1,DUPLICADO_EXACTO,1
00000479,2026,2,2,1,DUPLICADO_EXACTO,1
00000479,2026,5,2,1,DUPLICADO_EXACTO,1
00000480,2019,2,2,1,DUPLICADO_EXACTO,1
00000480,2021,12,2,1,DUPLICADO_EXACTO,1
00000480,2022,5,2,1,DUPLICADO_EXACTO,1
00000480,2022,7,2,1,DUPLICADO_EXACTO,1
00000480,2024,2,2,1,DUPLICADO_EXACTO,1
00000480,2024,7,2,1,DUPLICADO_EXACTO,1
00000480,2025,1,3,1,DUPLICADO_EXACTO,2
00000480,2025,2,2,1,DUPLICADO_EXACTO,1
00000480,2025,3,2,1,DUPLICADO_EXACTO,1
00000480,2026,2,2,1,DUPLICADO_EXACTO,1
00000480,2026,5,2,1,DUPLICADO_EXACTO,1
00000481,2021,12,2,1,DUPLICADO_EXACTO,1
00000481,2022,5,2,1,DUPLICADO_EXACTO,1
00000481,2022,7,2,1,DUPLICADO_EXACTO,1
00000481,2024,7,2,1,DUPLICADO_EXACTO,1
00000481,2025,1,3,1,DUPLICADO_EXACTO,2
00000481,2025,2,2,1,DUPLICADO_EXACTO,1
00000481,2025,3,2,1,DUPLICADO_EXACTO,1
00000481,2026,2,2,1,DUPLICADO_EXACTO,1
00000481,2026,5,2,1,DUPLICADO_EXACTO,1
00000482,2021,12,2,1,DUPLICADO_EXACTO,1
00000482,2022,5,2,1,DUPLICADO_EXACTO,1
00000482,2022,7,2,1,DUPLICADO_EXACTO,1
00000482,2024,2,2,1,DUPLICADO_EXACTO,1
00000482,2024,7,2,1,DUPLICADO_EXACTO,1
00000482,2025,1,3,1,DUPLICADO_EXACTO,2
00000482,2025,2,2,1,DUPLICADO_EXACTO,1
00000482,2025,3,2,1,DUPLICADO_EXACTO,1
00000482,2026,2,2,1,DUPLICADO_EXACTO,1
00000483,2019,12,2,1,DUPLICADO_EXACTO,1
00000483,2021,12,2,1,DUPLICADO_EXACTO,1
00000483,2022,5,2,1,DUPLICADO_EXACTO,1
00000483,2022,7,2,1,DUPLICADO_EXACTO,1
00000483,2024,2,2,1,DUPLICADO_EXACTO,1
00000483,2024,7,2,1,DUPLICADO_EXACTO,1
00000483,2025,1,3,1,DUPLICADO_EXACTO,2
00000483,2025,2,2,1,DUPLICADO_EXACTO,1
00000483,2025,3,2,1,DUPLICADO_EXACTO,1
00000483,2026,2,2,1,DUPLICADO_EXACTO,1
00000483,2026,5,2,1,DUPLICADO_EXACTO,1
00000484,2021,12,2,1,DUPLICADO_EXACTO,1
00000484,2022,5,2,1,DUPLICADO_EXACTO,1
00000484,2022,7,2,1,DUPLICADO_EXACTO,1
00000484,2024,2,2,1,DUPLICADO_EXACTO,1
00000484,2024,7,2,1,DUPLICADO_EXACTO,1
00000484,2025,1,3,1,DUPLICADO_EXACTO,2
00000484,2025,2,2,1,DUPLICADO_EXACTO,1
00000484,2025,3,2,1,DUPLICADO_EXACTO,1
00000484,2026,2,2,1,DUPLICADO_EXACTO,1
00000484,2026,5,2,1,DUPLICADO_EXACTO,1
00000485,2020,3,2,1,DUPLICADO_EXACTO,1
00000485,2020,5,2,1,DUPLICADO_EXACTO,1
00000485,2020,6,3,1,DUPLICADO_EXACTO,2
00000485,2021,4,2,1,DUPLICADO_EXACTO,1
00000485,2021,8,3,1,DUPLICADO_EXACTO,2
00000485,2021,11,2,1,DUPLICADO_EXACTO,1
00000485,2022,3,3,1,DUPLICADO_EXACTO,2
00000485,2022,4,2,1,DUPLICADO_EXACTO,1
00000485,2022,8,3,1,DUPLICADO_EXACTO,2
00000485,2022,11,2,1,DUPLICADO_EXACTO,1
00000485,2023,1,2,1,DUPLICADO_EXACTO,1
00000485,2023,3,2,1,DUPLICADO_EXACTO,1
00000485,2023,7,3,1,DUPLICADO_EXACTO,2
00000485,2023,9,2,1,DUPLICADO_EXACTO,1
00000485,2024,4,2,1,DUPLICADO_EXACTO,1
00000485,2024,5,2,1,DUPLICADO_EXACTO,1
00000485,2024,6,3,1,DUPLICADO_EXACTO,2
00000485,2024,7,2,1,DUPLICADO_EXACTO,1
00000485,2024,9,2,1,DUPLICADO_EXACTO,1
00000485,2024,10,2,1,DUPLICADO_EXACTO,1
00000485,2024,11,2,1,DUPLICADO_EXACTO,1
00000485,2024,12,2,1,DUPLICADO_EXACTO,1
00000485,2025,10,2,1,DUPLICADO_EXACTO,1
00000486,2020,3,2,1,DUPLICADO_EXACTO,1
00000486,2021,4,2,1,DUPLICADO_EXACTO,1
00000486,2021,8,3,1,DUPLICADO_EXACTO,2
00000486,2021,11,2,1,DUPLICADO_EXACTO,1
00000486,2022,8,2,1,DUPLICADO_EXACTO,1
00000486,2024,6,2,1,DUPLICADO_EXACTO,1
00000486,2024,7,2,1,DUPLICADO_EXACTO,1
00000486,2025,10,2,1,DUPLICADO_EXACTO,1
00000487,2020,3,2,1,DUPLICADO_EXACTO,1
00000487,2020,5,2,1,DUPLICADO_EXACTO,1
00000487,2020,6,3,1,DUPLICADO_EXACTO,2
00000487,2021,4,2,1,DUPLICADO_EXACTO,1
00000487,2021,8,3,1,DUPLICADO_EXACTO,2
00000487,2021,11,2,1,DUPLICADO_EXACTO,1
00000487,2022,3,3,1,DUPLICADO_EXACTO,2
00000487,2022,4,2,1,DUPLICADO_EXACTO,1
00000487,2022,8,3,1,DUPLICADO_EXACTO,2
00000487,2022,11,2,1,DUPLICADO_EXACTO,1
00000487,2023,1,2,1,DUPLICADO_EXACTO,1
00000487,2023,3,2,1,DUPLICADO_EXACTO,1
00000487,2023,7,3,1,DUPLICADO_EXACTO,2
00000487,2023,9,2,1,DUPLICADO_EXACTO,1
00000487,2024,4,2,1,DUPLICADO_EXACTO,1
00000487,2024,5,2,1,DUPLICADO_EXACTO,1
00000487,2024,7,2,1,DUPLICADO_EXACTO,1
00000487,2024,9,2,1,DUPLICADO_EXACTO,1
00000487,2024,10,2,1,DUPLICADO_EXACTO,1
00000487,2024,11,2,1,DUPLICADO_EXACTO,1
00000487,2024,12,2,1,DUPLICADO_EXACTO,1
00000487,2025,10,2,1,DUPLICADO_EXACTO,1
00000488,2020,3,2,1,DUPLICADO_EXACTO,1
00000488,2020,5,2,1,DUPLICADO_EXACTO,1
00000488,2020,6,3,1,DUPLICADO_EXACTO,2
00000488,2021,4,2,1,DUPLICADO_EXACTO,1
00000488,2021,8,3,1,DUPLICADO_EXACTO,2
00000488,2021,11,2,1,DUPLICADO_EXACTO,1
00000488,2022,3,3,1,DUPLICADO_EXACTO,2
00000488,2022,4,2,1,DUPLICADO_EXACTO,1
00000488,2022,8,3,1,DUPLICADO_EXACTO,2
00000488,2022,11,2,1,DUPLICADO_EXACTO,1
00000488,2023,1,2,1,DUPLICADO_EXACTO,1
00000488,2023,3,2,1,DUPLICADO_EXACTO,1
00000488,2023,7,3,1,DUPLICADO_EXACTO,2
00000488,2023,9,2,1,DUPLICADO_EXACTO,1
00000488,2024,4,2,1,DUPLICADO_EXACTO,1
00000488,2024,5,2,1,DUPLICADO_EXACTO,1
00000488,2024,6,3,1,DUPLICADO_EXACTO,2
00000488,2024,7,2,1,DUPLICADO_EXACTO,1
00000488,2024,9,2,1,DUPLICADO_EXACTO,1
00000488,2024,10,2,1,DUPLICADO_EXACTO,1
00000488,2024,11,2,1,DUPLICADO_EXACTO,1
00000488,2024,12,2,1,DUPLICADO_EXACTO,1
00000489,2020,3,2,1,DUPLICADO_EXACTO,1
00000489,2020,5,2,1,DUPLICADO_EXACTO,1
00000489,2020,6,3,1,DUPLICADO_EXACTO,2
00000489,2021,4,2,1,DUPLICADO_EXACTO,1
00000489,2021,8,3,1,DUPLICADO_EXACTO,2
00000489,2021,11,2,1,DUPLICADO_EXACTO,1
00000489,2022,3,3,1,DUPLICADO_EXACTO,2
00000489,2022,4,2,1,DUPLICADO_EXACTO,1
00000489,2022,8,3,1,DUPLICADO_EXACTO,2
00000489,2022,11,2,1,DUPLICADO_EXACTO,1
00000489,2023,1,2,1,DUPLICADO_EXACTO,1
00000489,2023,3,2,1,DUPLICADO_EXACTO,1
00000489,2023,7,3,1,DUPLICADO_EXACTO,2
00000489,2023,9,2,1,DUPLICADO_EXACTO,1
00000489,2024,4,2,1,DUPLICADO_EXACTO,1
00000489,2024,5,2,1,DUPLICADO_EXACTO,1
00000489,2024,6,3,1,DUPLICADO_EXACTO,2
00000489,2024,7,2,1,DUPLICADO_EXACTO,1
00000489,2024,9,2,1,DUPLICADO_EXACTO,1
00000489,2024,10,2,1,DUPLICADO_EXACTO,1
00000489,2024,11,2,1,DUPLICADO_EXACTO,1
00000489,2024,12,2,1,DUPLICADO_EXACTO,1
00000489,2025,10,2,1,DUPLICADO_EXACTO,1
00000490,2022,2,2,1,DUPLICADO_EXACTO,1
00000490,2022,7,3,1,DUPLICADO_EXACTO,2
00000490,2022,10,2,1,DUPLICADO_EXACTO,1
00000490,2022,11,2,1,DUPLICADO_EXACTO,1
00000490,2022,12,2,1,DUPLICADO_EXACTO,1
00000490,2024,8,2,1,DUPLICADO_EXACTO,1
00000490,2025,5,2,1,DUPLICADO_EXACTO,1
00000491,2019,6,2,1,DUPLICADO_EXACTO,1
00000491,2022,2,2,1,DUPLICADO_EXACTO,1
00000491,2024,8,2,1,DUPLICADO_EXACTO,1
00000491,2025,5,2,1,DUPLICADO_EXACTO,1
00000492,2020,3,2,1,DUPLICADO_EXACTO,1
00000492,2021,4,2,1,DUPLICADO_EXACTO,1
00000492,2021,8,3,1,DUPLICADO_EXACTO,2
00000492,2021,11,2,1,DUPLICADO_EXACTO,1
00000492,2022,3,3,1,DUPLICADO_EXACTO,2
00000492,2022,4,2,1,DUPLICADO_EXACTO,1
00000492,2022,8,3,1,DUPLICADO_EXACTO,2
00000492,2022,11,2,1,DUPLICADO_EXACTO,1
00000492,2023,1,2,1,DUPLICADO_EXACTO,1
00000492,2023,3,2,1,DUPLICADO_EXACTO,1
00000492,2023,7,3,1,DUPLICADO_EXACTO,2
00000492,2023,9,2,1,DUPLICADO_EXACTO,1
00000492,2024,4,2,1,DUPLICADO_EXACTO,1
00000492,2024,5,2,1,DUPLICADO_EXACTO,1
00000492,2024,6,3,1,DUPLICADO_EXACTO,2
00000492,2024,7,2,1,DUPLICADO_EXACTO,1
00000492,2024,9,2,1,DUPLICADO_EXACTO,1
00000492,2024,10,2,1,DUPLICADO_EXACTO,1
00000492,2024,11,2,1,DUPLICADO_EXACTO,1
00000492,2024,12,2,1,DUPLICADO_EXACTO,1
00000492,2025,10,2,1,DUPLICADO_EXACTO,1
00000493,2020,3,2,1,DUPLICADO_EXACTO,1
00000493,2020,5,2,1,DUPLICADO_EXACTO,1
00000493,2020,6,3,1,DUPLICADO_EXACTO,2
00000493,2021,4,2,1,DUPLICADO_EXACTO,1
00000493,2021,8,3,1,DUPLICADO_EXACTO,2
00000493,2022,3,3,1,DUPLICADO_EXACTO,2
00000493,2022,4,2,1,DUPLICADO_EXACTO,1
00000493,2022,8,3,1,DUPLICADO_EXACTO,2
00000493,2022,11,2,1,DUPLICADO_EXACTO,1
00000493,2023,1,2,1,DUPLICADO_EXACTO,1
00000493,2023,3,2,1,DUPLICADO_EXACTO,1
00000493,2023,7,3,1,DUPLICADO_EXACTO,2
00000493,2023,9,2,1,DUPLICADO_EXACTO,1
00000493,2024,4,2,1,DUPLICADO_EXACTO,1
00000493,2024,5,2,1,DUPLICADO_EXACTO,1
00000493,2024,6,3,1,DUPLICADO_EXACTO,2
00000493,2024,7,2,1,DUPLICADO_EXACTO,1
00000493,2024,9,2,1,DUPLICADO_EXACTO,1
00000493,2024,10,2,1,DUPLICADO_EXACTO,1
00000493,2024,11,2,1,DUPLICADO_EXACTO,1
00000493,2024,12,2,1,DUPLICADO_EXACTO,1
00000493,2025,10,2,1,DUPLICADO_EXACTO,1
00000494,2019,11,3,1,DUPLICADO_EXACTO,2
00000494,2020,3,2,1,DUPLICADO_EXACTO,1
00000494,2020,5,2,1,DUPLICADO_EXACTO,1
00000494,2020,6,3,1,DUPLICADO_EXACTO,2
00000494,2021,4,2,1,DUPLICADO_EXACTO,1
00000494,2021,8,3,1,DUPLICADO_EXACTO,2
00000494,2021,11,2,1,DUPLICADO_EXACTO,1
00000494,2022,3,3,1,DUPLICADO_EXACTO,2
00000494,2022,4,2,1,DUPLICADO_EXACTO,1
00000494,2022,8,3,1,DUPLICADO_EXACTO,2
00000494,2022,11,2,1,DUPLICADO_EXACTO,1
00000494,2023,1,2,1,DUPLICADO_EXACTO,1
00000494,2023,3,2,1,DUPLICADO_EXACTO,1
00000494,2023,7,3,1,DUPLICADO_EXACTO,2
00000494,2023,9,2,1,DUPLICADO_EXACTO,1
00000494,2024,4,2,1,DUPLICADO_EXACTO,1
00000494,2024,5,2,1,DUPLICADO_EXACTO,1
00000494,2024,6,3,1,DUPLICADO_EXACTO,2
00000494,2024,7,2,1,DUPLICADO_EXACTO,1
00000494,2024,9,2,1,DUPLICADO_EXACTO,1
00000494,2024,10,2,1,DUPLICADO_EXACTO,1
00000494,2024,11,2,1,DUPLICADO_EXACTO,1
00000494,2024,12,2,1,DUPLICADO_EXACTO,1
00000494,2025,10,2,1,DUPLICADO_EXACTO,1
00000495,2021,12,2,1,DUPLICADO_EXACTO,1
00000495,2022,5,2,1,DUPLICADO_EXACTO,1
00000495,2022,7,2,1,DUPLICADO_EXACTO,1
00000495,2024,2,2,1,DUPLICADO_EXACTO,1
00000495,2024,7,2,1,DUPLICADO_EXACTO,1
00000495,2025,3,2,1,DUPLICADO_EXACTO,1
00000495,2026,2,2,1,DUPLICADO_EXACTO,1
00000495,2026,5,2,1,DUPLICADO_EXACTO,1
00000496,2021,12,2,1,DUPLICADO_EXACTO,1
00000496,2022,5,2,1,DUPLICADO_EXACTO,1
00000496,2022,7,2,1,DUPLICADO_EXACTO,1
00000496,2024,2,2,1,DUPLICADO_EXACTO,1
00000496,2024,7,2,1,DUPLICADO_EXACTO,1
00000496,2025,1,3,1,DUPLICADO_EXACTO,2
00000496,2025,2,2,1,DUPLICADO_EXACTO,1
00000496,2025,3,2,1,DUPLICADO_EXACTO,1
00000496,2026,2,2,1,DUPLICADO_EXACTO,1
00000496,2026,5,2,1,DUPLICADO_EXACTO,1
00000497,2021,12,2,1,DUPLICADO_EXACTO,1
00000497,2022,5,2,1,DUPLICADO_EXACTO,1
00000497,2022,7,2,1,DUPLICADO_EXACTO,1
00000497,2024,2,2,1,DUPLICADO_EXACTO,1
00000497,2024,7,2,1,DUPLICADO_EXACTO,1
00000497,2025,1,3,1,DUPLICADO_EXACTO,2
00000497,2025,2,2,1,DUPLICADO_EXACTO,1
00000497,2025,3,2,1,DUPLICADO_EXACTO,1
00000497,2026,5,2,1,DUPLICADO_EXACTO,1
00000498,2021,12,2,1,DUPLICADO_EXACTO,1
00000498,2022,5,2,1,DUPLICADO_EXACTO,1
00000498,2022,7,2,1,DUPLICADO_EXACTO,1
00000498,2024,2,2,1,DUPLICADO_EXACTO,1
00000498,2024,7,2,1,DUPLICADO_EXACTO,1
00000498,2025,1,3,1,DUPLICADO_EXACTO,2
00000498,2025,2,2,1,DUPLICADO_EXACTO,1
00000498,2025,3,2,1,DUPLICADO_EXACTO,1
00000498,2026,2,2,1,DUPLICADO_EXACTO,1
00000498,2026,5,2,1,DUPLICADO_EXACTO,1
00000499,2021,12,2,1,DUPLICADO_EXACTO,1
00000499,2022,7,2,1,DUPLICADO_EXACTO,1
00000499,2024,2,2,1,DUPLICADO_EXACTO,1
00000499,2024,7,2,1,DUPLICADO_EXACTO,1
00000499,2025,1,3,1,DUPLICADO_EXACTO,2
00000499,2025,2,2,1,DUPLICADO_EXACTO,1
00000499,2025,3,2,1,DUPLICADO_EXACTO,1
00000499,2026,5,2,1,DUPLICADO_EXACTO,1
00000500,2021,12,2,1,DUPLICADO_EXACTO,1
00000500,2022,5,2,1,DUPLICADO_EXACTO,1
00000500,2022,7,2,1,DUPLICADO_EXACTO,1
00000500,2025,1,2,1,DUPLICADO_EXACTO,1
00000500,2026,2,2,1,DUPLICADO_EXACTO,1
00000500,2026,5,2,1,DUPLICADO_EXACTO,1
00000501,2021,12,2,1,DUPLICADO_EXACTO,1
00000501,2022,5,2,1,DUPLICADO_EXACTO,1
00000501,2022,7,2,1,DUPLICADO_EXACTO,1
00000501,2024,2,2,1,DUPLICADO_EXACTO,1
00000501,2024,7,2,1,DUPLICADO_EXACTO,1
00000501,2025,1,3,1,DUPLICADO_EXACTO,2
00000501,2025,2,2,1,DUPLICADO_EXACTO,1
00000501,2025,3,2,1,DUPLICADO_EXACTO,1
00000501,2026,2,2,1,DUPLICADO_EXACTO,1
00000501,2026,5,2,1,DUPLICADO_EXACTO,1
00000502,2019,2,2,1,DUPLICADO_EXACTO,1
00000502,2021,12,2,1,DUPLICADO_EXACTO,1
00000502,2022,5,2,1,DUPLICADO_EXACTO,1
00000502,2022,7,2,1,DUPLICADO_EXACTO,1
00000502,2024,2,2,1,DUPLICADO_EXACTO,1
00000502,2024,7,2,1,DUPLICADO_EXACTO,1
00000502,2025,1,3,1,DUPLICADO_EXACTO,2
00000502,2025,2,2,1,DUPLICADO_EXACTO,1
00000502,2025,3,2,1,DUPLICADO_EXACTO,1
00000502,2026,2,2,1,DUPLICADO_EXACTO,1
00000502,2026,5,2,1,DUPLICADO_EXACTO,1
00000503,2019,8,2,1,DUPLICADO_EXACTO,1
00000503,2021,12,2,1,DUPLICADO_EXACTO,1
00000503,2022,5,2,1,DUPLICADO_EXACTO,1
00000503,2022,7,2,1,DUPLICADO_EXACTO,1
00000503,2024,2,2,1,DUPLICADO_EXACTO,1
00000503,2024,7,2,1,DUPLICADO_EXACTO,1
00000503,2025,1,3,1,DUPLICADO_EXACTO,2
00000503,2025,2,2,1,DUPLICADO_EXACTO,1
00000503,2025,3,2,1,DUPLICADO_EXACTO,1
00000503,2026,2,2,1,DUPLICADO_EXACTO,1
00000503,2026,5,2,1,DUPLICADO_EXACTO,1
00000504,2021,12,2,1,DUPLICADO_EXACTO,1
00000504,2022,5,2,1,DUPLICADO_EXACTO,1
00000504,2022,7,2,1,DUPLICADO_EXACTO,1
00000504,2024,2,2,1,DUPLICADO_EXACTO,1
00000504,2024,7,2,1,DUPLICADO_EXACTO,1
00000504,2025,1,3,1,DUPLICADO_EXACTO,2
00000504,2025,2,2,1,DUPLICADO_EXACTO,1
00000504,2025,3,2,1,DUPLICADO_EXACTO,1
00000504,2026,2,2,1,DUPLICADO_EXACTO,1
00000504,2026,5,2,1,DUPLICADO_EXACTO,1
00000505,2022,5,2,1,DUPLICADO_EXACTO,1
00000505,2022,7,2,1,DUPLICADO_EXACTO,1
00000505,2024,2,2,1,DUPLICADO_EXACTO,1
00000505,2024,7,2,1,DUPLICADO_EXACTO,1
00000505,2025,1,3,1,DUPLICADO_EXACTO,2
00000505,2025,2,2,1,DUPLICADO_EXACTO,1
00000505,2025,3,2,1,DUPLICADO_EXACTO,1
00000505,2026,2,2,1,DUPLICADO_EXACTO,1
00000505,2026,5,2,1,DUPLICADO_EXACTO,1
00000506,2019,8,2,1,DUPLICADO_EXACTO,1
00000506,2021,12,2,1,DUPLICADO_EXACTO,1
00000506,2022,5,2,1,DUPLICADO_EXACTO,1
00000506,2022,7,2,1,DUPLICADO_EXACTO,1
00000506,2024,2,2,1,DUPLICADO_EXACTO,1
00000506,2024,7,2,1,DUPLICADO_EXACTO,1
00000506,2025,1,3,1,DUPLICADO_EXACTO,2
00000506,2025,2,2,1,DUPLICADO_EXACTO,1
00000506,2025,3,2,1,DUPLICADO_EXACTO,1
00000506,2026,2,2,1,DUPLICADO_EXACTO,1
00000506,2026,5,2,1,DUPLICADO_EXACTO,1
00000507,2020,2,2,1,DUPLICADO_EXACTO,1
00000507,2020,3,2,1,DUPLICADO_EXACTO,1
00000507,2020,7,2,1,DUPLICADO_EXACTO,1
00000507,2022,7,3,1,DUPLICADO_EXACTO,2
00000507,2022,8,3,1,DUPLICADO_EXACTO,2
00000509,2020,2,2,1,DUPLICADO_EXACTO,1
00000509,2020,3,2,1,DUPLICADO_EXACTO,1
00000509,2020,7,2,1,DUPLICADO_EXACTO,1
00000509,2022,7,3,1,DUPLICADO_EXACTO,2
00000510,2020,2,2,1,DUPLICADO_EXACTO,1
00000510,2020,3,2,1,DUPLICADO_EXACTO,1
00000510,2020,7,2,1,DUPLICADO_EXACTO,1
00000510,2022,7,3,1,DUPLICADO_EXACTO,2
00000510,2022,8,3,1,DUPLICADO_EXACTO,2
00000511,2020,2,2,1,DUPLICADO_EXACTO,1
00000511,2020,3,2,1,DUPLICADO_EXACTO,1
00000511,2020,7,2,1,DUPLICADO_EXACTO,1
00000511,2022,7,3,1,DUPLICADO_EXACTO,2
00000511,2022,8,3,1,DUPLICADO_EXACTO,2
00000512,2020,2,2,1,DUPLICADO_EXACTO,1
00000512,2020,3,2,1,DUPLICADO_EXACTO,1
00000512,2020,7,2,1,DUPLICADO_EXACTO,1
00000512,2022,7,3,1,DUPLICADO_EXACTO,2
00000512,2022,8,3,1,DUPLICADO_EXACTO,2
00000513,2020,2,2,1,DUPLICADO_EXACTO,1
00000513,2020,3,2,1,DUPLICADO_EXACTO,1
00000513,2020,7,2,1,DUPLICADO_EXACTO,1
00000513,2022,7,3,1,DUPLICADO_EXACTO,2
00000513,2022,8,3,1,DUPLICADO_EXACTO,2
00000514,2019,9,2,1,DUPLICADO_EXACTO,1
00000514,2020,2,2,1,DUPLICADO_EXACTO,1
00000514,2020,3,2,1,DUPLICADO_EXACTO,1
00000514,2020,7,2,1,DUPLICADO_EXACTO,1
00000514,2022,7,3,1,DUPLICADO_EXACTO,2
00000514,2022,8,3,1,DUPLICADO_EXACTO,2
00000515,2019,11,2,1,DUPLICADO_EXACTO,1
00000515,2020,2,2,1,DUPLICADO_EXACTO,1
00000515,2020,3,2,1,DUPLICADO_EXACTO,1
00000515,2020,7,2,1,DUPLICADO_EXACTO,1
00000515,2022,7,3,1,DUPLICADO_EXACTO,2
00000515,2022,8,3,1,DUPLICADO_EXACTO,2
00000516,2020,2,2,1,DUPLICADO_EXACTO,1
00000516,2020,3,2,1,DUPLICADO_EXACTO,1
00000516,2020,7,2,1,DUPLICADO_EXACTO,1
00000516,2022,7,3,1,DUPLICADO_EXACTO,2
00000516,2022,8,3,1,DUPLICADO_EXACTO,2
00000517,2020,2,2,1,DUPLICADO_EXACTO,1
00000517,2020,3,2,1,DUPLICADO_EXACTO,1
00000517,2020,7,3,1,DUPLICADO_EXACTO,2
00000517,2022,7,3,1,DUPLICADO_EXACTO,2
00000517,2022,8,3,1,DUPLICADO_EXACTO,2
00000518,2019,8,2,1,DUPLICADO_EXACTO,1
00000518,2020,2,2,1,DUPLICADO_EXACTO,1
00000518,2020,3,2,1,DUPLICADO_EXACTO,1
00000518,2020,7,2,1,DUPLICADO_EXACTO,1
00000518,2022,7,3,1,DUPLICADO_EXACTO,2
00000518,2022,8,3,1,DUPLICADO_EXACTO,2
00000521,2019,12,3,1,DUPLICADO_EXACTO,2
00000523,2019,3,2,1,DUPLICADO_EXACTO,1
00000523,2019,9,2,1,DUPLICADO_EXACTO,1
00000529,2019,11,2,1,DUPLICADO_EXACTO,1
00000533,2019,11,2,1,DUPLICADO_EXACTO,1
00000535,2021,1,3,1,DUPLICADO_EXACTO,2
00000536,2019,6,2,1,DUPLICADO_EXACTO,1
00000536,2022,6,2,1,DUPLICADO_EXACTO,1
00000537,2022,6,2,1,DUPLICADO_EXACTO,1
00000538,2022,6,2,1,DUPLICADO_EXACTO,1
00000539,2022,6,3,1,DUPLICADO_EXACTO,2
00000541,2022,6,3,1,DUPLICADO_EXACTO,2
00000542,2020,1,2,1,DUPLICADO_EXACTO,1
00000542,2020,3,2,1,DUPLICADO_EXACTO,1
00000543,2020,1,2,1,DUPLICADO_EXACTO,1
00000543,2020,3,2,1,DUPLICADO_EXACTO,1
00000544,2019,1,2,1,DUPLICADO_EXACTO,1
00000544,2019,7,3,1,DUPLICADO_EXACTO,2
00000544,2020,1,2,1,DUPLICADO_EXACTO,1
00000544,2020,3,2,1,DUPLICADO_EXACTO,1
00000545,2019,12,2,1,DUPLICADO_EXACTO,1
00000545,2020,1,2,1,DUPLICADO_EXACTO,1
00000545,2020,3,2,1,DUPLICADO_EXACTO,1
00000547,2020,1,2,1,DUPLICADO_EXACTO,1
00000547,2020,3,2,1,DUPLICADO_EXACTO,1
00000548,2020,1,2,1,DUPLICADO_EXACTO,1
00000548,2020,3,2,1,DUPLICADO_EXACTO,1
00000550,2021,2,4,1,DUPLICADO_EXACTO,3
00000550,2021,4,2,1,DUPLICADO_EXACTO,1
00000550,2022,3,7,1,DUPLICADO_EXACTO,6
00000550,2022,7,2,1,DUPLICADO_EXACTO,1
00000551,2021,2,3,1,DUPLICADO_EXACTO,2
00000551,2022,3,7,1,DUPLICADO_EXACTO,6
00000551,2022,7,2,1,DUPLICADO_EXACTO,1
00000552,2019,11,3,1,DUPLICADO_EXACTO,2
00000552,2021,2,4,1,DUPLICADO_EXACTO,3
00000552,2021,4,2,1,DUPLICADO_EXACTO,1
00000552,2022,3,7,1,DUPLICADO_EXACTO,6
00000552,2022,7,2,1,DUPLICADO_EXACTO,1
00000553,2021,2,4,1,DUPLICADO_EXACTO,3
00000553,2021,4,2,1,DUPLICADO_EXACTO,1
00000553,2022,3,7,1,DUPLICADO_EXACTO,6
00000553,2022,7,2,1,DUPLICADO_EXACTO,1
00000554,2021,2,4,1,DUPLICADO_EXACTO,3
00000554,2021,4,2,1,DUPLICADO_EXACTO,1
00000554,2022,3,7,1,DUPLICADO_EXACTO,6
00000554,2022,7,2,1,DUPLICADO_EXACTO,1
00000555,2021,4,2,1,DUPLICADO_EXACTO,1
00000555,2022,3,7,1,DUPLICADO_EXACTO,6
00000555,2022,7,2,1,DUPLICADO_EXACTO,1
00000556,2021,2,4,1,DUPLICADO_EXACTO,3
00000556,2021,4,2,1,DUPLICADO_EXACTO,1
00000556,2022,3,7,1,DUPLICADO_EXACTO,6
00000556,2022,7,2,1,DUPLICADO_EXACTO,1
00000557,2021,2,4,1,DUPLICADO_EXACTO,3
00000557,2021,4,2,1,DUPLICADO_EXACTO,1
00000557,2022,7,2,1,DUPLICADO_EXACTO,1
00000558,2021,2,4,1,DUPLICADO_EXACTO,3
00000558,2021,4,2,1,DUPLICADO_EXACTO,1
00000558,2022,3,7,1,DUPLICADO_EXACTO,6
00000559,2020,2,2,1,DUPLICADO_EXACTO,1
00000559,2020,4,2,1,DUPLICADO_EXACTO,1
00000559,2020,5,2,1,DUPLICADO_EXACTO,1
00000559,2020,6,2,1,DUPLICADO_EXACTO,1
00000559,2020,7,2,1,DUPLICADO_EXACTO,1
00000559,2022,4,2,1,DUPLICADO_EXACTO,1
00000559,2022,7,3,1,DUPLICADO_EXACTO,2
00000559,2022,8,2,1,DUPLICADO_EXACTO,1
00000559,2022,11,2,1,DUPLICADO_EXACTO,1
00000559,2026,3,2,1,DUPLICADO_EXACTO,1
00000560,2020,2,2,1,DUPLICADO_EXACTO,1
00000560,2020,4,2,1,DUPLICADO_EXACTO,1
00000560,2020,5,2,1,DUPLICADO_EXACTO,1
00000560,2020,6,2,1,DUPLICADO_EXACTO,1
00000560,2020,7,2,1,DUPLICADO_EXACTO,1
00000560,2022,4,2,1,DUPLICADO_EXACTO,1
00000560,2026,3,2,1,DUPLICADO_EXACTO,1
00000561,2019,12,3,1,DUPLICADO_EXACTO,2
00000561,2020,2,2,1,DUPLICADO_EXACTO,1
00000561,2020,4,2,1,DUPLICADO_EXACTO,1
00000561,2020,5,2,1,DUPLICADO_EXACTO,1
00000561,2020,6,2,1,DUPLICADO_EXACTO,1
00000561,2020,7,2,1,DUPLICADO_EXACTO,1
00000561,2026,3,2,1,DUPLICADO_EXACTO,1
00000562,2019,11,2,1,DUPLICADO_EXACTO,1
00000562,2020,2,2,1,DUPLICADO_EXACTO,1
00000562,2020,4,2,1,DUPLICADO_EXACTO,1
00000562,2020,5,2,1,DUPLICADO_EXACTO,1
00000562,2020,6,2,1,DUPLICADO_EXACTO,1
00000562,2020,7,2,1,DUPLICADO_EXACTO,1
00000562,2022,4,2,1,DUPLICADO_EXACTO,1
00000562,2022,7,3,1,DUPLICADO_EXACTO,2
00000562,2022,8,2,1,DUPLICADO_EXACTO,1
00000562,2022,11,2,1,DUPLICADO_EXACTO,1
00000562,2026,3,2,1,DUPLICADO_EXACTO,1
00000563,2019,10,2,1,DUPLICADO_EXACTO,1
00000563,2020,2,2,1,DUPLICADO_EXACTO,1
00000563,2020,4,2,1,DUPLICADO_EXACTO,1
00000563,2020,5,2,1,DUPLICADO_EXACTO,1
00000563,2020,6,2,1,DUPLICADO_EXACTO,1
00000563,2020,7,2,1,DUPLICADO_EXACTO,1
00000563,2022,4,2,1,DUPLICADO_EXACTO,1
00000563,2022,7,3,1,DUPLICADO_EXACTO,2
00000563,2022,8,2,1,DUPLICADO_EXACTO,1
00000563,2022,11,2,1,DUPLICADO_EXACTO,1
00000563,2026,3,2,1,DUPLICADO_EXACTO,1
00000564,2020,2,2,1,DUPLICADO_EXACTO,1
00000564,2020,4,2,1,DUPLICADO_EXACTO,1
00000564,2020,5,2,1,DUPLICADO_EXACTO,1
00000564,2020,6,2,1,DUPLICADO_EXACTO,1
00000564,2020,7,2,1,DUPLICADO_EXACTO,1
00000564,2022,4,2,1,DUPLICADO_EXACTO,1
00000564,2022,7,2,1,DUPLICADO_EXACTO,1
00000564,2022,11,2,1,DUPLICADO_EXACTO,1
00000565,2021,2,4,1,DUPLICADO_EXACTO,3
00000565,2021,4,2,1,DUPLICADO_EXACTO,1
00000565,2022,3,7,1,DUPLICADO_EXACTO,6
00000565,2022,7,2,1,DUPLICADO_EXACTO,1
00000566,2019,11,3,1,DUPLICADO_EXACTO,2
00000566,2022,4,2,1,DUPLICADO_EXACTO,1
00000566,2022,7,3,1,DUPLICADO_EXACTO,2
00000566,2022,8,2,1,DUPLICADO_EXACTO,1
00000566,2022,11,2,1,DUPLICADO_EXACTO,1
00000566,2026,3,2,1,DUPLICADO_EXACTO,1
00000567,2019,12,2,1,DUPLICADO_EXACTO,1
00000567,2020,2,2,1,DUPLICADO_EXACTO,1
00000567,2020,4,2,1,DUPLICADO_EXACTO,1
00000567,2020,5,2,1,DUPLICADO_EXACTO,1
00000567,2020,6,2,1,DUPLICADO_EXACTO,1
00000567,2020,7,2,1,DUPLICADO_EXACTO,1
00000567,2022,4,2,1,DUPLICADO_EXACTO,1
00000567,2022,7,3,1,DUPLICADO_EXACTO,2
00000567,2022,8,2,1,DUPLICADO_EXACTO,1
00000567,2022,11,2,1,DUPLICADO_EXACTO,1
00000567,2026,3,2,1,DUPLICADO_EXACTO,1
00000572,2019,3,2,1,DUPLICADO_EXACTO,1
00000574,2019,9,2,1,DUPLICADO_EXACTO,1
00000576,2019,11,3,1,DUPLICADO_EXACTO,2
00000580,2019,11,2,1,DUPLICADO_EXACTO,1
00000581,2019,7,2,1,DUPLICADO_EXACTO,1
00000582,2019,11,2,1,DUPLICADO_EXACTO,1
00000584,2024,1,2,1,DUPLICADO_EXACTO,1
00000585,2024,1,2,1,DUPLICADO_EXACTO,1
00000586,2024,1,2,1,DUPLICADO_EXACTO,1
00000587,2024,1,2,1,DUPLICADO_EXACTO,1
00000588,2024,1,2,1,DUPLICADO_EXACTO,1
00000589,2024,1,2,1,DUPLICADO_EXACTO,1
00000590,2019,5,2,1,DUPLICADO_EXACTO,1
00000590,2024,1,2,1,DUPLICADO_EXACTO,1
00000591,2024,1,2,1,DUPLICADO_EXACTO,1
00000593,2024,1,2,1,DUPLICADO_EXACTO,1
00000597,2019,12,3,1,DUPLICADO_EXACTO,2
00000597,2022,1,2,1,DUPLICADO_EXACTO,1
00000598,2019,5,2,1,DUPLICADO_EXACTO,1
00000598,2020,7,3,1,DUPLICADO_EXACTO,2
00000598,2020,8,2,1,DUPLICADO_EXACTO,1
00000598,2020,11,2,1,DUPLICADO_EXACTO,1
00000598,2020,12,2,1,DUPLICADO_EXACTO,1
00000598,2021,1,2,1,DUPLICADO_EXACTO,1
00000598,2022,1,2,1,DUPLICADO_EXACTO,1
00000598,2022,11,2,1,DUPLICADO_EXACTO,1
00000598,2022,12,2,1,DUPLICADO_EXACTO,1
00000598,2023,1,2,1,DUPLICADO_EXACTO,1
00000598,2023,9,2,1,DUPLICADO_EXACTO,1
00000598,2024,1,2,1,DUPLICADO_EXACTO,1
00000598,2026,4,3,1,DUPLICADO_EXACTO,2
00000599,2020,7,3,1,DUPLICADO_EXACTO,2
00000599,2020,8,2,1,DUPLICADO_EXACTO,1
00000599,2020,11,2,1,DUPLICADO_EXACTO,1
00000599,2020,12,2,1,DUPLICADO_EXACTO,1
00000599,2021,1,2,1,DUPLICADO_EXACTO,1
00000599,2022,1,2,1,DUPLICADO_EXACTO,1
00000599,2022,11,2,1,DUPLICADO_EXACTO,1
00000599,2022,12,2,1,DUPLICADO_EXACTO,1
00000599,2023,1,2,1,DUPLICADO_EXACTO,1
00000599,2023,9,2,1,DUPLICADO_EXACTO,1
00000599,2024,1,2,1,DUPLICADO_EXACTO,1
00000599,2026,4,3,1,DUPLICADO_EXACTO,2
00000600,2020,7,3,1,DUPLICADO_EXACTO,2
00000600,2020,8,2,1,DUPLICADO_EXACTO,1
00000600,2020,11,2,1,DUPLICADO_EXACTO,1
00000600,2020,12,2,1,DUPLICADO_EXACTO,1
00000600,2021,1,2,1,DUPLICADO_EXACTO,1
00000600,2022,11,2,1,DUPLICADO_EXACTO,1
00000600,2022,12,2,1,DUPLICADO_EXACTO,1
00000600,2023,1,2,1,DUPLICADO_EXACTO,1
00000600,2023,9,2,1,DUPLICADO_EXACTO,1
00000600,2024,1,2,1,DUPLICADO_EXACTO,1
00000600,2026,4,3,1,DUPLICADO_EXACTO,2
00000601,2021,2,7,1,DUPLICADO_EXACTO,6
00000601,2021,5,2,1,DUPLICADO_EXACTO,1
00000601,2021,7,2,1,DUPLICADO_EXACTO,1
00000601,2021,8,2,1,DUPLICADO_EXACTO,1
00000601,2023,9,2,1,DUPLICADO_EXACTO,1
00000601,2023,10,2,1,DUPLICADO_EXACTO,1
00000601,2023,11,2,1,DUPLICADO_EXACTO,1
00000601,2023,12,3,1,DUPLICADO_EXACTO,2
00000602,2023,1,5,1,DUPLICADO_EXACTO,4
00000603,2021,2,8,1,DUPLICADO_EXACTO,7
00000603,2021,5,2,1,DUPLICADO_EXACTO,1
00000603,2021,7,2,1,DUPLICADO_EXACTO,1
00000603,2021,8,2,1,DUPLICADO_EXACTO,1
00000603,2023,1,5,1,DUPLICADO_EXACTO,4
00000603,2023,9,2,1,DUPLICADO_EXACTO,1
00000603,2023,10,2,1,DUPLICADO_EXACTO,1
00000603,2023,11,2,1,DUPLICADO_EXACTO,1
00000604,2021,2,8,1,DUPLICADO_EXACTO,7
00000604,2021,5,2,1,DUPLICADO_EXACTO,1
00000604,2021,7,2,1,DUPLICADO_EXACTO,1
00000604,2021,8,2,1,DUPLICADO_EXACTO,1
00000604,2023,1,5,1,DUPLICADO_EXACTO,4
00000604,2023,9,2,1,DUPLICADO_EXACTO,1
00000604,2023,10,2,1,DUPLICADO_EXACTO,1
00000604,2023,11,2,1,DUPLICADO_EXACTO,1
00000605,2021,2,8,1,DUPLICADO_EXACTO,7
00000605,2021,5,2,1,DUPLICADO_EXACTO,1
00000605,2021,7,2,1,DUPLICADO_EXACTO,1
00000605,2021,8,2,1,DUPLICADO_EXACTO,1
00000605,2023,1,5,1,DUPLICADO_EXACTO,4
00000605,2023,9,2,1,DUPLICADO_EXACTO,1
00000605,2023,10,2,1,DUPLICADO_EXACTO,1
00000605,2023,11,2,1,DUPLICADO_EXACTO,1
00000605,2023,12,3,1,DUPLICADO_EXACTO,2
00000606,2019,6,3,1,DUPLICADO_EXACTO,2
00000606,2019,10,2,1,DUPLICADO_EXACTO,1
00000606,2019,12,3,1,DUPLICADO_EXACTO,2
00000606,2021,2,8,1,DUPLICADO_EXACTO,7
00000606,2021,5,2,1,DUPLICADO_EXACTO,1
00000606,2021,7,2,1,DUPLICADO_EXACTO,1
00000606,2021,8,2,1,DUPLICADO_EXACTO,1
00000606,2023,1,5,1,DUPLICADO_EXACTO,4
00000606,2023,9,2,1,DUPLICADO_EXACTO,1
00000606,2023,10,2,1,DUPLICADO_EXACTO,1
00000606,2023,11,2,1,DUPLICADO_EXACTO,1
00000606,2023,12,3,1,DUPLICADO_EXACTO,2
00000607,2021,2,8,1,DUPLICADO_EXACTO,7
00000607,2021,5,2,1,DUPLICADO_EXACTO,1
00000607,2021,7,2,1,DUPLICADO_EXACTO,1
00000607,2021,8,2,1,DUPLICADO_EXACTO,1
00000607,2023,1,5,1,DUPLICADO_EXACTO,4
00000607,2023,9,2,1,DUPLICADO_EXACTO,1
00000607,2023,10,2,1,DUPLICADO_EXACTO,1
00000607,2023,11,2,1,DUPLICADO_EXACTO,1
00000607,2023,12,3,1,DUPLICADO_EXACTO,2
00000608,2020,6,4,1,DUPLICADO_EXACTO,3
00000608,2020,10,4,1,DUPLICADO_EXACTO,3
00000608,2025,3,3,1,DUPLICADO_EXACTO,2
00000608,2025,4,2,1,DUPLICADO_EXACTO,1
00000608,2025,6,3,1,DUPLICADO_EXACTO,2
00000608,2025,7,2,1,DUPLICADO_EXACTO,1
00000608,2025,8,2,1,DUPLICADO_EXACTO,1
00000608,2025,12,2,1,DUPLICADO_EXACTO,1
00000608,2026,1,2,1,DUPLICADO_EXACTO,1
00000608,2026,2,2,1,DUPLICADO_EXACTO,1
00000608,2026,4,2,1,DUPLICADO_EXACTO,1
00000608,2026,5,2,1,DUPLICADO_EXACTO,1
00000608,2026,6,2,1,DUPLICADO_EXACTO,1
00000608,2026,7,2,1,DUPLICADO_EXACTO,1
00000609,2020,6,4,1,DUPLICADO_EXACTO,3
00000609,2025,3,3,1,DUPLICADO_EXACTO,2
00000609,2025,4,2,1,DUPLICADO_EXACTO,1
00000609,2025,6,3,1,DUPLICADO_EXACTO,2
00000609,2025,7,2,1,DUPLICADO_EXACTO,1
00000609,2025,8,2,1,DUPLICADO_EXACTO,1
00000609,2025,11,2,1,DUPLICADO_EXACTO,1
00000609,2025,12,2,1,DUPLICADO_EXACTO,1
00000609,2026,1,2,1,DUPLICADO_EXACTO,1
00000609,2026,2,2,1,DUPLICADO_EXACTO,1
00000609,2026,3,2,1,DUPLICADO_EXACTO,1
00000609,2026,4,2,1,DUPLICADO_EXACTO,1
00000609,2026,5,2,1,DUPLICADO_EXACTO,1
00000609,2026,6,2,1,DUPLICADO_EXACTO,1
00000609,2026,7,2,1,DUPLICADO_EXACTO,1
00000610,2020,6,4,1,DUPLICADO_EXACTO,3
00000610,2025,3,2,1,DUPLICADO_EXACTO,1
00000610,2025,6,3,1,DUPLICADO_EXACTO,2
00000610,2025,7,2,1,DUPLICADO_EXACTO,1
00000610,2025,8,2,1,DUPLICADO_EXACTO,1
00000610,2025,11,2,1,DUPLICADO_EXACTO,1
00000610,2025,12,2,1,DUPLICADO_EXACTO,1
00000610,2026,1,2,1,DUPLICADO_EXACTO,1
00000610,2026,2,2,1,DUPLICADO_EXACTO,1
00000610,2026,3,2,1,DUPLICADO_EXACTO,1
00000610,2026,4,2,1,DUPLICADO_EXACTO,1
00000610,2026,5,2,1,DUPLICADO_EXACTO,1
00000610,2026,6,2,1,DUPLICADO_EXACTO,1
00000610,2026,7,2,1,DUPLICADO_EXACTO,1
00000611,2020,6,4,1,DUPLICADO_EXACTO,3
00000611,2025,11,2,1,DUPLICADO_EXACTO,1
00000611,2025,12,2,1,DUPLICADO_EXACTO,1
00000611,2026,4,2,1,DUPLICADO_EXACTO,1
00000611,2026,5,2,1,DUPLICADO_EXACTO,1
00000611,2026,6,2,1,DUPLICADO_EXACTO,1
00000611,2026,7,2,1,DUPLICADO_EXACTO,1
00000612,2020,6,2,1,DUPLICADO_EXACTO,1
00000612,2025,4,2,1,DUPLICADO_EXACTO,1
00000612,2025,7,2,1,DUPLICADO_EXACTO,1
00000612,2025,8,2,1,DUPLICADO_EXACTO,1
00000612,2025,11,2,1,DUPLICADO_EXACTO,1
00000612,2025,12,2,1,DUPLICADO_EXACTO,1
00000612,2026,1,2,1,DUPLICADO_EXACTO,1
00000612,2026,2,2,1,DUPLICADO_EXACTO,1
00000612,2026,3,2,1,DUPLICADO_EXACTO,1
00000612,2026,4,2,1,DUPLICADO_EXACTO,1
00000612,2026,5,2,1,DUPLICADO_EXACTO,1
00000612,2026,6,2,1,DUPLICADO_EXACTO,1
00000612,2026,7,2,1,DUPLICADO_EXACTO,1
00000613,2020,6,4,1,DUPLICADO_EXACTO,3
00000613,2025,4,2,1,DUPLICADO_EXACTO,1
00000613,2025,6,3,1,DUPLICADO_EXACTO,2
00000613,2025,7,2,1,DUPLICADO_EXACTO,1
00000613,2025,8,2,1,DUPLICADO_EXACTO,1
00000613,2025,11,2,1,DUPLICADO_EXACTO,1
00000613,2025,12,2,1,DUPLICADO_EXACTO,1
00000613,2026,1,2,1,DUPLICADO_EXACTO,1
00000613,2026,2,2,1,DUPLICADO_EXACTO,1
00000613,2026,3,2,1,DUPLICADO_EXACTO,1
00000613,2026,4,2,1,DUPLICADO_EXACTO,1
00000613,2026,5,2,1,DUPLICADO_EXACTO,1
00000613,2026,6,2,1,DUPLICADO_EXACTO,1
00000613,2026,7,2,1,DUPLICADO_EXACTO,1
00000614,2025,4,2,1,DUPLICADO_EXACTO,1
00000614,2025,6,3,1,DUPLICADO_EXACTO,2
00000614,2025,7,2,1,DUPLICADO_EXACTO,1
00000614,2025,8,2,1,DUPLICADO_EXACTO,1
00000614,2025,11,2,1,DUPLICADO_EXACTO,1
00000614,2025,12,2,1,DUPLICADO_EXACTO,1
00000614,2026,1,2,1,DUPLICADO_EXACTO,1
00000614,2026,2,2,1,DUPLICADO_EXACTO,1
00000614,2026,3,2,1,DUPLICADO_EXACTO,1
00000614,2026,4,2,1,DUPLICADO_EXACTO,1
00000614,2026,5,2,1,DUPLICADO_EXACTO,1
00000614,2026,6,2,1,DUPLICADO_EXACTO,1
00000614,2026,7,2,1,DUPLICADO_EXACTO,1
00000615,2020,6,4,1,DUPLICADO_EXACTO,3
00000615,2025,3,2,1,DUPLICADO_EXACTO,1
00000615,2026,4,2,1,DUPLICADO_EXACTO,1
00000615,2026,5,2,1,DUPLICADO_EXACTO,1
00000615,2026,6,2,1,DUPLICADO_EXACTO,1
00000615,2026,7,2,1,DUPLICADO_EXACTO,1
00000616,2020,6,4,1,DUPLICADO_EXACTO,3
00000616,2025,4,2,1,DUPLICADO_EXACTO,1
00000616,2025,6,3,1,DUPLICADO_EXACTO,2
00000616,2025,7,2,1,DUPLICADO_EXACTO,1
00000616,2025,8,2,1,DUPLICADO_EXACTO,1
00000616,2025,11,2,1,DUPLICADO_EXACTO,1
00000616,2025,12,2,1,DUPLICADO_EXACTO,1
00000616,2026,1,2,1,DUPLICADO_EXACTO,1
00000616,2026,2,2,1,DUPLICADO_EXACTO,1
00000616,2026,3,2,1,DUPLICADO_EXACTO,1
00000616,2026,4,2,1,DUPLICADO_EXACTO,1
00000616,2026,5,2,1,DUPLICADO_EXACTO,1
00000616,2026,6,2,1,DUPLICADO_EXACTO,1
00000616,2026,7,2,1,DUPLICADO_EXACTO,1
00000617,2020,6,4,1,DUPLICADO_EXACTO,3
00000617,2025,3,3,1,DUPLICADO_EXACTO,2
00000617,2025,4,2,1,DUPLICADO_EXACTO,1
00000617,2025,6,3,1,DUPLICADO_EXACTO,2
00000617,2025,7,2,1,DUPLICADO_EXACTO,1
00000617,2025,8,2,1,DUPLICADO_EXACTO,1
00000617,2025,11,2,1,DUPLICADO_EXACTO,1
00000617,2025,12,2,1,DUPLICADO_EXACTO,1
00000617,2026,1,2,1,DUPLICADO_EXACTO,1
00000617,2026,2,2,1,DUPLICADO_EXACTO,1
00000617,2026,3,2,1,DUPLICADO_EXACTO,1
00000617,2026,4,2,1,DUPLICADO_EXACTO,1
00000617,2026,5,2,1,DUPLICADO_EXACTO,1
00000617,2026,6,2,1,DUPLICADO_EXACTO,1
00000617,2026,7,2,1,DUPLICADO_EXACTO,1
00000619,2020,6,4,1,DUPLICADO_EXACTO,3
00000619,2025,3,3,1,DUPLICADO_EXACTO,2
00000619,2025,4,2,1,DUPLICADO_EXACTO,1
00000619,2025,6,3,1,DUPLICADO_EXACTO,2
00000619,2025,7,2,1,DUPLICADO_EXACTO,1
00000619,2025,8,2,1,DUPLICADO_EXACTO,1
00000619,2025,11,2,1,DUPLICADO_EXACTO,1
00000619,2025,12,2,1,DUPLICADO_EXACTO,1
00000619,2026,1,2,1,DUPLICADO_EXACTO,1
00000619,2026,2,2,1,DUPLICADO_EXACTO,1
00000619,2026,3,2,1,DUPLICADO_EXACTO,1
00000619,2026,4,2,1,DUPLICADO_EXACTO,1
00000619,2026,5,2,1,DUPLICADO_EXACTO,1
00000619,2026,6,2,1,DUPLICADO_EXACTO,1
00000619,2026,7,2,1,DUPLICADO_EXACTO,1
00000620,2020,6,4,1,DUPLICADO_EXACTO,3
00000620,2025,3,3,1,DUPLICADO_EXACTO,2
00000620,2025,4,2,1,DUPLICADO_EXACTO,1
00000620,2025,6,3,1,DUPLICADO_EXACTO,2
00000620,2025,7,2,1,DUPLICADO_EXACTO,1
00000620,2025,8,2,1,DUPLICADO_EXACTO,1
00000620,2025,11,2,1,DUPLICADO_EXACTO,1
00000620,2025,12,2,1,DUPLICADO_EXACTO,1
00000620,2026,1,2,1,DUPLICADO_EXACTO,1
00000620,2026,2,2,1,DUPLICADO_EXACTO,1
00000620,2026,3,2,1,DUPLICADO_EXACTO,1
00000620,2026,4,2,1,DUPLICADO_EXACTO,1
00000620,2026,5,2,1,DUPLICADO_EXACTO,1
00000620,2026,6,2,1,DUPLICADO_EXACTO,1
00000620,2026,7,2,1,DUPLICADO_EXACTO,1
00000621,2020,6,4,1,DUPLICADO_EXACTO,3
00000621,2025,3,2,1,DUPLICADO_EXACTO,1
00000621,2025,6,3,1,DUPLICADO_EXACTO,2
00000621,2025,7,2,1,DUPLICADO_EXACTO,1
00000621,2025,8,2,1,DUPLICADO_EXACTO,1
00000621,2025,11,2,1,DUPLICADO_EXACTO,1
00000621,2025,12,2,1,DUPLICADO_EXACTO,1
00000621,2026,1,2,1,DUPLICADO_EXACTO,1
00000621,2026,2,2,1,DUPLICADO_EXACTO,1
00000621,2026,3,2,1,DUPLICADO_EXACTO,1
00000621,2026,4,2,1,DUPLICADO_EXACTO,1
00000621,2026,5,2,1,DUPLICADO_EXACTO,1
00000621,2026,6,2,1,DUPLICADO_EXACTO,1
00000621,2026,7,2,1,DUPLICADO_EXACTO,1
00000622,2020,6,4,1,DUPLICADO_EXACTO,3
00000622,2025,3,3,1,DUPLICADO_EXACTO,2
00000622,2025,4,2,1,DUPLICADO_EXACTO,1
00000622,2025,6,3,1,DUPLICADO_EXACTO,2
00000622,2025,7,2,1,DUPLICADO_EXACTO,1
00000622,2025,8,2,1,DUPLICADO_EXACTO,1
00000622,2025,11,2,1,DUPLICADO_EXACTO,1
00000622,2025,12,2,1,DUPLICADO_EXACTO,1
00000622,2026,1,2,1,DUPLICADO_EXACTO,1
00000622,2026,2,2,1,DUPLICADO_EXACTO,1
00000622,2026,3,2,1,DUPLICADO_EXACTO,1
00000622,2026,4,2,1,DUPLICADO_EXACTO,1
00000622,2026,5,2,1,DUPLICADO_EXACTO,1
00000622,2026,6,2,1,DUPLICADO_EXACTO,1
00000622,2026,7,2,1,DUPLICADO_EXACTO,1
00000623,2020,6,4,1,DUPLICADO_EXACTO,3
00000623,2025,3,3,1,DUPLICADO_EXACTO,2
00000623,2025,4,2,1,DUPLICADO_EXACTO,1
00000623,2025,6,3,1,DUPLICADO_EXACTO,2
00000623,2025,7,2,1,DUPLICADO_EXACTO,1
00000623,2025,8,2,1,DUPLICADO_EXACTO,1
00000623,2025,11,2,1,DUPLICADO_EXACTO,1
00000623,2025,12,2,1,DUPLICADO_EXACTO,1
00000623,2026,1,2,1,DUPLICADO_EXACTO,1
00000623,2026,2,2,1,DUPLICADO_EXACTO,1
00000623,2026,3,2,1,DUPLICADO_EXACTO,1
00000623,2026,4,2,1,DUPLICADO_EXACTO,1
00000623,2026,5,2,1,DUPLICADO_EXACTO,1
00000623,2026,6,2,1,DUPLICADO_EXACTO,1
00000623,2026,7,2,1,DUPLICADO_EXACTO,1
00000624,2020,6,4,1,DUPLICADO_EXACTO,3
00000624,2025,4,2,1,DUPLICADO_EXACTO,1
00000624,2025,6,3,1,DUPLICADO_EXACTO,2
00000624,2025,7,2,1,DUPLICADO_EXACTO,1
00000624,2025,8,2,1,DUPLICADO_EXACTO,1
00000624,2025,11,2,1,DUPLICADO_EXACTO,1
00000624,2025,12,2,1,DUPLICADO_EXACTO,1
00000624,2026,1,2,1,DUPLICADO_EXACTO,1
00000624,2026,2,2,1,DUPLICADO_EXACTO,1
00000624,2026,3,2,1,DUPLICADO_EXACTO,1
00000624,2026,4,2,1,DUPLICADO_EXACTO,1
00000624,2026,5,2,1,DUPLICADO_EXACTO,1
00000624,2026,6,2,1,DUPLICADO_EXACTO,1
00000624,2026,7,2,1,DUPLICADO_EXACTO,1
00000625,2020,6,4,1,DUPLICADO_EXACTO,3
00000625,2025,3,2,1,DUPLICADO_EXACTO,1
00000625,2025,6,3,1,DUPLICADO_EXACTO,2
00000625,2025,7,2,1,DUPLICADO_EXACTO,1
00000625,2025,8,2,1,DUPLICADO_EXACTO,1
00000625,2025,11,2,1,DUPLICADO_EXACTO,1
00000625,2025,12,2,1,DUPLICADO_EXACTO,1
00000625,2026,1,2,1,DUPLICADO_EXACTO,1
00000625,2026,2,2,1,DUPLICADO_EXACTO,1
00000625,2026,3,2,1,DUPLICADO_EXACTO,1
00000626,2020,6,4,1,DUPLICADO_EXACTO,3
00000626,2025,3,2,1,DUPLICADO_EXACTO,1
00000626,2025,6,3,1,DUPLICADO_EXACTO,2
00000626,2025,7,2,1,DUPLICADO_EXACTO,1
00000626,2025,8,2,1,DUPLICADO_EXACTO,1
00000626,2025,11,2,1,DUPLICADO_EXACTO,1
00000626,2025,12,2,1,DUPLICADO_EXACTO,1
00000626,2026,1,2,1,DUPLICADO_EXACTO,1
00000626,2026,2,2,1,DUPLICADO_EXACTO,1
00000626,2026,3,2,1,DUPLICADO_EXACTO,1
00000626,2026,4,2,1,DUPLICADO_EXACTO,1
00000626,2026,5,2,1,DUPLICADO_EXACTO,1
00000626,2026,6,2,1,DUPLICADO_EXACTO,1
00000626,2026,7,2,1,DUPLICADO_EXACTO,1
00000627,2020,6,4,1,DUPLICADO_EXACTO,3
00000627,2025,3,2,1,DUPLICADO_EXACTO,1
00000627,2025,6,3,1,DUPLICADO_EXACTO,2
00000627,2025,7,2,1,DUPLICADO_EXACTO,1
00000627,2025,8,2,1,DUPLICADO_EXACTO,1
00000627,2025,11,2,1,DUPLICADO_EXACTO,1
00000627,2025,12,2,1,DUPLICADO_EXACTO,1
00000627,2026,1,2,1,DUPLICADO_EXACTO,1
00000627,2026,2,2,1,DUPLICADO_EXACTO,1
00000627,2026,3,2,1,DUPLICADO_EXACTO,1
00000627,2026,4,2,1,DUPLICADO_EXACTO,1
00000627,2026,5,2,1,DUPLICADO_EXACTO,1
00000627,2026,6,2,1,DUPLICADO_EXACTO,1
00000627,2026,7,2,1,DUPLICADO_EXACTO,1
00000628,2025,4,2,1,DUPLICADO_EXACTO,1
00000628,2025,6,3,1,DUPLICADO_EXACTO,2
00000628,2025,7,2,1,DUPLICADO_EXACTO,1
00000628,2025,8,2,1,DUPLICADO_EXACTO,1
00000628,2025,11,2,1,DUPLICADO_EXACTO,1
00000628,2025,12,2,1,DUPLICADO_EXACTO,1
00000628,2026,1,2,1,DUPLICADO_EXACTO,1
00000628,2026,2,2,1,DUPLICADO_EXACTO,1
00000628,2026,3,2,1,DUPLICADO_EXACTO,1
00000628,2026,4,2,1,DUPLICADO_EXACTO,1
00000628,2026,5,2,1,DUPLICADO_EXACTO,1
00000628,2026,6,2,1,DUPLICADO_EXACTO,1
00000628,2026,7,2,1,DUPLICADO_EXACTO,1
00000629,2020,6,4,1,DUPLICADO_EXACTO,3
00000629,2025,3,2,1,DUPLICADO_EXACTO,1
00000629,2025,6,3,1,DUPLICADO_EXACTO,2
00000629,2025,7,2,1,DUPLICADO_EXACTO,1
00000629,2025,8,2,1,DUPLICADO_EXACTO,1
00000629,2025,12,2,1,DUPLICADO_EXACTO,1
00000629,2026,1,2,1,DUPLICADO_EXACTO,1
00000629,2026,2,2,1,DUPLICADO_EXACTO,1
00000629,2026,3,2,1,DUPLICADO_EXACTO,1
00000629,2026,4,2,1,DUPLICADO_EXACTO,1
00000629,2026,5,2,1,DUPLICADO_EXACTO,1
00000629,2026,6,2,1,DUPLICADO_EXACTO,1
00000629,2026,7,2,1,DUPLICADO_EXACTO,1
00000630,2025,3,3,1,DUPLICADO_EXACTO,2
00000630,2025,4,2,1,DUPLICADO_EXACTO,1
00000630,2025,6,3,1,DUPLICADO_EXACTO,2
00000630,2025,7,2,1,DUPLICADO_EXACTO,1
00000630,2025,8,2,1,DUPLICADO_EXACTO,1
00000630,2025,11,2,1,DUPLICADO_EXACTO,1
00000630,2025,12,2,1,DUPLICADO_EXACTO,1
00000630,2026,1,2,1,DUPLICADO_EXACTO,1
00000630,2026,2,2,1,DUPLICADO_EXACTO,1
00000630,2026,3,2,1,DUPLICADO_EXACTO,1
00000630,2026,4,2,1,DUPLICADO_EXACTO,1
00000630,2026,5,2,1,DUPLICADO_EXACTO,1
00000631,2020,6,4,1,DUPLICADO_EXACTO,3
00000631,2025,3,3,1,DUPLICADO_EXACTO,2
00000631,2025,4,2,1,DUPLICADO_EXACTO,1
00000631,2025,6,3,1,DUPLICADO_EXACTO,2
00000631,2025,7,2,1,DUPLICADO_EXACTO,1
00000631,2025,8,2,1,DUPLICADO_EXACTO,1
00000631,2025,11,2,1,DUPLICADO_EXACTO,1
00000631,2025,12,2,1,DUPLICADO_EXACTO,1
00000631,2026,1,2,1,DUPLICADO_EXACTO,1
00000631,2026,2,2,1,DUPLICADO_EXACTO,1
00000631,2026,3,2,1,DUPLICADO_EXACTO,1
00000631,2026,4,2,1,DUPLICADO_EXACTO,1
00000631,2026,5,2,1,DUPLICADO_EXACTO,1
00000631,2026,6,2,1,DUPLICADO_EXACTO,1
00000631,2026,7,2,1,DUPLICADO_EXACTO,1
00000632,2020,6,4,1,DUPLICADO_EXACTO,3
00000632,2025,3,3,1,DUPLICADO_EXACTO,2
00000632,2025,4,2,1,DUPLICADO_EXACTO,1
00000632,2025,6,3,1,DUPLICADO_EXACTO,2
00000632,2025,7,2,1,DUPLICADO_EXACTO,1
00000632,2025,8,2,1,DUPLICADO_EXACTO,1
00000632,2025,11,2,1,DUPLICADO_EXACTO,1
00000632,2025,12,2,1,DUPLICADO_EXACTO,1
00000632,2026,1,2,1,DUPLICADO_EXACTO,1
00000632,2026,2,2,1,DUPLICADO_EXACTO,1
00000632,2026,3,2,1,DUPLICADO_EXACTO,1
00000632,2026,4,2,1,DUPLICADO_EXACTO,1
00000632,2026,5,2,1,DUPLICADO_EXACTO,1
00000632,2026,6,2,1,DUPLICADO_EXACTO,1
00000632,2026,7,2,1,DUPLICADO_EXACTO,1
00000633,2020,6,4,1,DUPLICADO_EXACTO,3
00000633,2025,3,3,1,DUPLICADO_EXACTO,2
00000633,2025,4,2,1,DUPLICADO_EXACTO,1
00000633,2025,6,3,1,DUPLICADO_EXACTO,2
00000633,2025,7,2,1,DUPLICADO_EXACTO,1
00000633,2025,8,2,1,DUPLICADO_EXACTO,1
00000633,2025,11,2,1,DUPLICADO_EXACTO,1
00000633,2025,12,2,1,DUPLICADO_EXACTO,1
00000633,2026,1,2,1,DUPLICADO_EXACTO,1
00000633,2026,2,2,1,DUPLICADO_EXACTO,1
00000633,2026,3,2,1,DUPLICADO_EXACTO,1
00000633,2026,4,2,1,DUPLICADO_EXACTO,1
00000633,2026,5,2,1,DUPLICADO_EXACTO,1
00000633,2026,6,2,1,DUPLICADO_EXACTO,1
00000633,2026,7,2,1,DUPLICADO_EXACTO,1
00000634,2020,6,4,1,DUPLICADO_EXACTO,3
00000634,2025,3,3,1,DUPLICADO_EXACTO,2
00000634,2025,4,2,1,DUPLICADO_EXACTO,1
00000634,2025,6,3,1,DUPLICADO_EXACTO,2
00000634,2025,7,2,1,DUPLICADO_EXACTO,1
00000634,2025,8,2,1,DUPLICADO_EXACTO,1
00000634,2025,11,2,1,DUPLICADO_EXACTO,1
00000634,2025,12,2,1,DUPLICADO_EXACTO,1
00000634,2026,1,2,1,DUPLICADO_EXACTO,1
00000634,2026,2,2,1,DUPLICADO_EXACTO,1
00000634,2026,3,2,1,DUPLICADO_EXACTO,1
00000634,2026,4,2,1,DUPLICADO_EXACTO,1
00000634,2026,5,2,1,DUPLICADO_EXACTO,1
00000634,2026,6,2,1,DUPLICADO_EXACTO,1
00000634,2026,7,2,1,DUPLICADO_EXACTO,1
00000635,2020,6,4,1,DUPLICADO_EXACTO,3
00000635,2025,4,2,1,DUPLICADO_EXACTO,1
00000635,2025,6,3,1,DUPLICADO_EXACTO,2
00000635,2025,7,2,1,DUPLICADO_EXACTO,1
00000635,2025,8,2,1,DUPLICADO_EXACTO,1
00000635,2025,11,2,1,DUPLICADO_EXACTO,1
00000635,2025,12,2,1,DUPLICADO_EXACTO,1
00000635,2026,1,2,1,DUPLICADO_EXACTO,1
00000635,2026,2,2,1,DUPLICADO_EXACTO,1
00000635,2026,3,2,1,DUPLICADO_EXACTO,1
00000635,2026,4,2,1,DUPLICADO_EXACTO,1
00000635,2026,5,2,1,DUPLICADO_EXACTO,1
00000635,2026,6,2,1,DUPLICADO_EXACTO,1
00000635,2026,7,2,1,DUPLICADO_EXACTO,1
00000637,2019,6,2,1,DUPLICADO_EXACTO,1
00000637,2020,1,4,1,DUPLICADO_EXACTO,3
00000637,2020,3,2,1,DUPLICADO_EXACTO,1
00000638,2020,1,4,1,DUPLICADO_EXACTO,3
00000638,2020,3,2,1,DUPLICADO_EXACTO,1
00000639,2020,1,4,1,DUPLICADO_EXACTO,3
00000639,2020,3,2,1,DUPLICADO_EXACTO,1
00000640,2020,1,4,1,DUPLICADO_EXACTO,3
00000640,2020,3,2,1,DUPLICADO_EXACTO,1
00000641,2020,1,2,1,DUPLICADO_EXACTO,1
00000641,2021,8,2,1,DUPLICADO_EXACTO,1
00000641,2021,9,2,1,DUPLICADO_EXACTO,1
00000641,2022,12,3,1,DUPLICADO_EXACTO,2
00000641,2023,7,2,1,DUPLICADO_EXACTO,1
00000642,2019,5,2,1,DUPLICADO_EXACTO,1
00000642,2021,8,2,1,DUPLICADO_EXACTO,1
00000642,2021,9,2,1,DUPLICADO_EXACTO,1
00000643,2020,1,2,1,DUPLICADO_EXACTO,1
00000643,2020,2,2,1,DUPLICADO_EXACTO,1
00000643,2021,8,2,1,DUPLICADO_EXACTO,1
00000643,2022,12,3,1,DUPLICADO_EXACTO,2
00000643,2023,7,2,1,DUPLICADO_EXACTO,1
00000644,2020,1,2,1,DUPLICADO_EXACTO,1
00000644,2020,2,2,1,DUPLICADO_EXACTO,1
00000644,2021,8,2,1,DUPLICADO_EXACTO,1
00000644,2021,9,2,1,DUPLICADO_EXACTO,1
00000644,2022,12,3,1,DUPLICADO_EXACTO,2
00000644,2023,7,2,1,DUPLICADO_EXACTO,1
00000645,2019,12,2,1,DUPLICADO_EXACTO,1
00000645,2020,1,2,1,DUPLICADO_EXACTO,1
00000645,2021,8,2,1,DUPLICADO_EXACTO,1
00000645,2021,9,2,1,DUPLICADO_EXACTO,1
00000645,2022,12,3,1,DUPLICADO_EXACTO,2
00000645,2023,7,2,1,DUPLICADO_EXACTO,1
00000646,2021,8,3,1,DUPLICADO_EXACTO,2
00000646,2022,7,2,1,DUPLICADO_EXACTO,1
00000646,2025,6,2,1,DUPLICADO_EXACTO,1
00000646,2025,8,2,1,DUPLICADO_EXACTO,1
00000647,2021,8,3,1,DUPLICADO_EXACTO,2
00000647,2022,7,2,1,DUPLICADO_EXACTO,1
00000647,2025,6,2,1,DUPLICADO_EXACTO,1
00000647,2025,8,2,1,DUPLICADO_EXACTO,1
00000648,2021,8,3,1,DUPLICADO_EXACTO,2
00000648,2022,7,2,1,DUPLICADO_EXACTO,1
00000648,2025,6,2,1,DUPLICADO_EXACTO,1
00000648,2025,8,2,1,DUPLICADO_EXACTO,1
00000649,2021,8,3,1,DUPLICADO_EXACTO,2
00000649,2022,7,2,1,DUPLICADO_EXACTO,1
00000650,2021,8,3,1,DUPLICADO_EXACTO,2
00000650,2022,7,2,1,DUPLICADO_EXACTO,1
00000650,2025,6,2,1,DUPLICADO_EXACTO,1
00000650,2025,8,2,1,DUPLICADO_EXACTO,1
00000651,2020,3,2,1,DUPLICADO_EXACTO,1
00000652,2020,1,4,1,DUPLICADO_EXACTO,3
00000652,2020,3,2,1,DUPLICADO_EXACTO,1
00000653,2020,1,4,1,DUPLICADO_EXACTO,3
00000653,2020,3,2,1,DUPLICADO_EXACTO,1
00000654,2020,1,4,1,DUPLICADO_EXACTO,3
00000654,2020,3,2,1,DUPLICADO_EXACTO,1
00000655,2021,8,3,1,DUPLICADO_EXACTO,2
00000655,2022,7,2,1,DUPLICADO_EXACTO,1
00000655,2025,6,2,1,DUPLICADO_EXACTO,1
00000655,2025,8,2,1,DUPLICADO_EXACTO,1
00000656,2025,6,2,1,DUPLICADO_EXACTO,1
00000656,2025,8,2,1,DUPLICADO_EXACTO,1
00000657,2021,8,3,1,DUPLICADO_EXACTO,2
00000657,2022,7,2,1,DUPLICADO_EXACTO,1
00000657,2025,6,2,1,DUPLICADO_EXACTO,1
00000657,2025,8,2,1,DUPLICADO_EXACTO,1
00000658,2021,8,3,1,DUPLICADO_EXACTO,2
00000658,2022,7,2,1,DUPLICADO_EXACTO,1
00000658,2025,6,2,1,DUPLICADO_EXACTO,1
00000658,2025,8,2,1,DUPLICADO_EXACTO,1
00000659,2019,12,2,1,DUPLICADO_EXACTO,1
00000659,2020,2,2,1,DUPLICADO_EXACTO,1
00000659,2020,3,2,1,DUPLICADO_EXACTO,1
00000659,2020,6,2,1,DUPLICADO_EXACTO,1
00000659,2020,7,2,1,DUPLICADO_EXACTO,1
00000659,2020,8,2,1,DUPLICADO_EXACTO,1
00000659,2020,9,2,1,DUPLICADO_EXACTO,1
00000659,2020,10,2,1,DUPLICADO_EXACTO,1
00000659,2021,1,2,1,DUPLICADO_EXACTO,1
00000659,2021,2,2,1,DUPLICADO_EXACTO,1
00000659,2022,7,2,1,DUPLICADO_EXACTO,1
00000659,2023,4,2,1,DUPLICADO_EXACTO,1
00000659,2023,5,2,1,DUPLICADO_EXACTO,1
00000659,2024,3,2,1,DUPLICADO_EXACTO,1
00000660,2021,8,3,1,DUPLICADO_EXACTO,2
00000660,2022,7,2,1,DUPLICADO_EXACTO,1
00000660,2025,8,2,1,DUPLICADO_EXACTO,1
00000661,2021,6,2,1,DUPLICADO_EXACTO,1
00000661,2023,4,2,1,DUPLICADO_EXACTO,1
00000661,2024,5,3,1,DUPLICADO_EXACTO,2
00000662,2019,12,2,1,DUPLICADO_EXACTO,1
00000662,2020,1,2,1,DUPLICADO_EXACTO,1
00000662,2020,2,2,1,DUPLICADO_EXACTO,1
00000662,2020,3,2,1,DUPLICADO_EXACTO,1
00000662,2020,6,2,1,DUPLICADO_EXACTO,1
00000662,2020,7,2,1,DUPLICADO_EXACTO,1
00000662,2020,8,2,1,DUPLICADO_EXACTO,1
00000662,2020,9,2,1,DUPLICADO_EXACTO,1
00000662,2020,10,2,1,DUPLICADO_EXACTO,1
00000662,2021,1,2,1,DUPLICADO_EXACTO,1
00000662,2021,2,2,1,DUPLICADO_EXACTO,1
00000662,2021,6,2,1,DUPLICADO_EXACTO,1
00000662,2022,7,2,1,DUPLICADO_EXACTO,1
00000662,2023,5,2,1,DUPLICADO_EXACTO,1
00000662,2024,5,3,1,DUPLICADO_EXACTO,2
00000662,2024,12,5,1,DUPLICADO_EXACTO,4
00000664,2023,2,3,1,DUPLICADO_EXACTO,2
00000664,2026,7,2,1,DUPLICADO_EXACTO,1
00000665,2022,10,2,1,DUPLICADO_EXACTO,1
00000666,2025,8,3,1,DUPLICADO_EXACTO,2
00000667,2025,8,3,1,DUPLICADO_EXACTO,2
00000668,2025,8,3,1,DUPLICADO_EXACTO,2
00000669,2025,8,3,1,DUPLICADO_EXACTO,2
00000670,2025,8,3,1,DUPLICADO_EXACTO,2
00000671,2022,10,2,1,DUPLICADO_EXACTO,1
00000671,2023,2,3,1,DUPLICADO_EXACTO,2
00000672,2025,8,3,1,DUPLICADO_EXACTO,2
00000673,2025,8,3,1,DUPLICADO_EXACTO,2
00000676,2025,8,3,1,DUPLICADO_EXACTO,2
00000677,2025,8,3,1,DUPLICADO_EXACTO,2
00000679,2025,8,3,1,DUPLICADO_EXACTO,2
00000680,2025,8,3,1,DUPLICADO_EXACTO,2
00000681,2025,8,3,1,DUPLICADO_EXACTO,2
00000682,2025,8,3,1,DUPLICADO_EXACTO,2
00000683,2025,8,3,1,DUPLICADO_EXACTO,2
00000684,2025,8,3,1,DUPLICADO_EXACTO,2
00000685,2022,10,2,1,DUPLICADO_EXACTO,1
00000685,2023,2,3,1,DUPLICADO_EXACTO,2
00000685,2026,7,2,1,DUPLICADO_EXACTO,1
00000686,2025,8,3,1,DUPLICADO_EXACTO,2
00000687,2022,10,2,1,DUPLICADO_EXACTO,1
00000688,2022,10,2,1,DUPLICADO_EXACTO,1
00000688,2023,2,3,1,DUPLICADO_EXACTO,2
00000688,2026,7,2,1,DUPLICADO_EXACTO,1
00000689,2022,10,2,1,DUPLICADO_EXACTO,1
00000689,2023,2,3,1,DUPLICADO_EXACTO,2
00000689,2026,7,2,1,DUPLICADO_EXACTO,1
00000690,2022,10,2,1,DUPLICADO_EXACTO,1
00000691,2022,10,2,1,DUPLICADO_EXACTO,1
00000692,2022,10,2,1,DUPLICADO_EXACTO,1
00000692,2023,2,3,1,DUPLICADO_EXACTO,2
00000692,2026,7,2,1,DUPLICADO_EXACTO,1
00000695,2019,12,2,1,DUPLICADO_EXACTO,1
00000702,2020,6,4,1,DUPLICADO_EXACTO,3
00000702,2025,4,2,1,DUPLICADO_EXACTO,1
00000702,2025,6,3,1,DUPLICADO_EXACTO,2
00000702,2025,7,2,1,DUPLICADO_EXACTO,1
00000702,2025,8,2,1,DUPLICADO_EXACTO,1
00000702,2025,11,2,1,DUPLICADO_EXACTO,1
00000702,2025,12,2,1,DUPLICADO_EXACTO,1
00000702,2026,1,2,1,DUPLICADO_EXACTO,1
00000702,2026,2,2,1,DUPLICADO_EXACTO,1
00000702,2026,3,2,1,DUPLICADO_EXACTO,1
00000702,2026,4,2,1,DUPLICADO_EXACTO,1
00000702,2026,5,2,1,DUPLICADO_EXACTO,1
00000702,2026,6,2,1,DUPLICADO_EXACTO,1
00000702,2026,7,2,1,DUPLICADO_EXACTO,1
00000705,2020,6,2,1,DUPLICADO_EXACTO,1
00000705,2020,8,3,1,DUPLICADO_EXACTO,2
00000705,2021,5,3,1,DUPLICADO_EXACTO,2
00000705,2021,6,2,1,DUPLICADO_EXACTO,1
00000705,2021,8,3,1,DUPLICADO_EXACTO,2
00000705,2021,10,3,1,DUPLICADO_EXACTO,2
00000705,2021,12,4,1,DUPLICADO_EXACTO,3
00000705,2022,1,2,1,DUPLICADO_EXACTO,1
00000705,2022,2,2,1,DUPLICADO_EXACTO,1
00000705,2022,4,2,1,DUPLICADO_EXACTO,1
00000705,2022,7,2,1,DUPLICADO_EXACTO,1
00000705,2022,8,2,1,DUPLICADO_EXACTO,1
00000705,2023,2,3,1,DUPLICADO_EXACTO,2
00000705,2023,3,2,1,DUPLICADO_EXACTO,1
00000705,2023,4,2,1,DUPLICADO_EXACTO,1
00000705,2023,5,2,1,DUPLICADO_EXACTO,1
00000705,2023,7,2,1,DUPLICADO_EXACTO,1
00000705,2023,11,2,1,DUPLICADO_EXACTO,1
00000705,2023,12,2,1,DUPLICADO_EXACTO,1
00000705,2024,1,2,1,DUPLICADO_EXACTO,1
00000705,2024,4,2,1,DUPLICADO_EXACTO,1
00000705,2024,5,2,1,DUPLICADO_EXACTO,1
00000705,2024,7,2,1,DUPLICADO_EXACTO,1
00000705,2024,11,2,1,DUPLICADO_EXACTO,1
00000705,2025,1,2,1,DUPLICADO_EXACTO,1
00000705,2025,4,2,1,DUPLICADO_EXACTO,1
00000705,2025,9,2,1,DUPLICADO_EXACTO,1
00000705,2025,10,2,1,DUPLICADO_EXACTO,1
00000706,2019,12,3,1,DUPLICADO_EXACTO,2
00000706,2020,6,2,1,DUPLICADO_EXACTO,1
00000706,2020,8,3,1,DUPLICADO_EXACTO,2
00000706,2021,5,3,1,DUPLICADO_EXACTO,2
00000706,2021,6,2,1,DUPLICADO_EXACTO,1
00000706,2021,8,3,1,DUPLICADO_EXACTO,2
00000706,2021,9,3,1,DUPLICADO_EXACTO,2
00000706,2021,10,3,1,DUPLICADO_EXACTO,2
00000706,2021,12,4,1,DUPLICADO_EXACTO,3
00000706,2022,1,2,1,DUPLICADO_EXACTO,1
00000706,2022,2,2,1,DUPLICADO_EXACTO,1
00000706,2022,4,2,1,DUPLICADO_EXACTO,1
00000706,2022,5,3,1,DUPLICADO_EXACTO,2
00000706,2022,6,2,1,DUPLICADO_EXACTO,1
00000706,2022,7,2,1,DUPLICADO_EXACTO,1
00000706,2022,8,2,1,DUPLICADO_EXACTO,1
00000706,2023,2,3,1,DUPLICADO_EXACTO,2
00000706,2023,3,2,1,DUPLICADO_EXACTO,1
00000706,2023,4,2,1,DUPLICADO_EXACTO,1
00000706,2023,5,2,1,DUPLICADO_EXACTO,1
00000706,2023,7,2,1,DUPLICADO_EXACTO,1
00000706,2023,11,2,1,DUPLICADO_EXACTO,1
00000706,2023,12,2,1,DUPLICADO_EXACTO,1
00000706,2024,1,2,1,DUPLICADO_EXACTO,1
00000706,2024,4,2,1,DUPLICADO_EXACTO,1
00000706,2024,5,2,1,DUPLICADO_EXACTO,1
00000706,2024,7,2,1,DUPLICADO_EXACTO,1
00000706,2024,11,2,1,DUPLICADO_EXACTO,1
00000706,2025,1,2,1,DUPLICADO_EXACTO,1
00000706,2025,4,2,1,DUPLICADO_EXACTO,1
00000706,2025,9,2,1,DUPLICADO_EXACTO,1
00000706,2025,10,2,1,DUPLICADO_EXACTO,1
00000707,2020,6,2,1,DUPLICADO_EXACTO,1
00000707,2020,8,3,1,DUPLICADO_EXACTO,2
00000707,2021,5,3,1,DUPLICADO_EXACTO,2
00000707,2021,6,2,1,DUPLICADO_EXACTO,1
00000707,2021,8,3,1,DUPLICADO_EXACTO,2
00000707,2021,9,2,1,DUPLICADO_EXACTO,1
00000707,2021,10,3,1,DUPLICADO_EXACTO,2
00000707,2021,12,4,1,DUPLICADO_EXACTO,3
00000707,2022,1,2,1,DUPLICADO_EXACTO,1
00000707,2022,2,2,1,DUPLICADO_EXACTO,1
00000707,2022,4,2,1,DUPLICADO_EXACTO,1
00000707,2022,7,2,1,DUPLICADO_EXACTO,1
00000707,2022,8,2,1,DUPLICADO_EXACTO,1
00000707,2023,2,3,1,DUPLICADO_EXACTO,2
00000707,2023,3,2,1,DUPLICADO_EXACTO,1
00000707,2023,4,2,1,DUPLICADO_EXACTO,1
00000707,2023,5,2,1,DUPLICADO_EXACTO,1
00000707,2023,7,2,1,DUPLICADO_EXACTO,1
00000707,2023,12,2,1,DUPLICADO_EXACTO,1
00000707,2024,1,2,1,DUPLICADO_EXACTO,1
00000707,2024,4,2,1,DUPLICADO_EXACTO,1
00000707,2024,7,2,1,DUPLICADO_EXACTO,1
00000707,2024,11,2,1,DUPLICADO_EXACTO,1
00000707,2025,1,2,1,DUPLICADO_EXACTO,1
00000707,2025,4,2,1,DUPLICADO_EXACTO,1
00000707,2025,9,2,1,DUPLICADO_EXACTO,1
00000707,2025,10,2,1,DUPLICADO_EXACTO,1
00000708,2019,12,3,1,DUPLICADO_EXACTO,2
00000708,2020,6,2,1,DUPLICADO_EXACTO,1
00000708,2020,8,3,1,DUPLICADO_EXACTO,2
00000708,2021,5,3,1,DUPLICADO_EXACTO,2
00000708,2021,6,2,1,DUPLICADO_EXACTO,1
00000708,2021,8,3,1,DUPLICADO_EXACTO,2
00000708,2021,9,2,1,DUPLICADO_EXACTO,1
00000708,2021,10,3,1,DUPLICADO_EXACTO,2
00000708,2021,12,4,1,DUPLICADO_EXACTO,3
00000708,2022,1,2,1,DUPLICADO_EXACTO,1
00000708,2022,2,2,1,DUPLICADO_EXACTO,1
00000708,2022,4,2,1,DUPLICADO_EXACTO,1
00000708,2022,5,3,1,DUPLICADO_EXACTO,2
00000708,2022,6,2,1,DUPLICADO_EXACTO,1
00000708,2022,7,2,1,DUPLICADO_EXACTO,1
00000708,2022,8,2,1,DUPLICADO_EXACTO,1
00000708,2023,2,3,1,DUPLICADO_EXACTO,2
00000708,2023,3,2,1,DUPLICADO_EXACTO,1
00000708,2023,4,2,1,DUPLICADO_EXACTO,1
00000708,2023,5,2,1,DUPLICADO_EXACTO,1
00000708,2023,7,2,1,DUPLICADO_EXACTO,1
00000708,2023,11,2,1,DUPLICADO_EXACTO,1
00000708,2023,12,2,1,DUPLICADO_EXACTO,1
00000708,2024,1,2,1,DUPLICADO_EXACTO,1
00000708,2024,4,2,1,DUPLICADO_EXACTO,1
00000708,2024,5,2,1,DUPLICADO_EXACTO,1
00000708,2024,7,2,1,DUPLICADO_EXACTO,1
00000708,2024,11,2,1,DUPLICADO_EXACTO,1
00000708,2025,1,2,1,DUPLICADO_EXACTO,1
00000708,2025,4,2,1,DUPLICADO_EXACTO,1
00000708,2025,9,2,1,DUPLICADO_EXACTO,1
00000708,2025,10,2,1,DUPLICADO_EXACTO,1
00000709,2020,6,2,1,DUPLICADO_EXACTO,1
00000709,2020,8,3,1,DUPLICADO_EXACTO,2
00000709,2021,5,3,1,DUPLICADO_EXACTO,2
00000709,2021,6,2,1,DUPLICADO_EXACTO,1
00000709,2021,8,3,1,DUPLICADO_EXACTO,2
00000709,2021,10,3,1,DUPLICADO_EXACTO,2
00000709,2021,12,4,1,DUPLICADO_EXACTO,3
00000709,2022,1,2,1,DUPLICADO_EXACTO,1
00000709,2022,2,2,1,DUPLICADO_EXACTO,1
00000709,2022,4,2,1,DUPLICADO_EXACTO,1
00000709,2022,5,3,1,DUPLICADO_EXACTO,2
00000709,2022,6,2,1,DUPLICADO_EXACTO,1
00000709,2022,7,2,1,DUPLICADO_EXACTO,1
00000709,2022,8,2,1,DUPLICADO_EXACTO,1
00000709,2023,2,3,1,DUPLICADO_EXACTO,2
00000709,2023,3,2,1,DUPLICADO_EXACTO,1
00000709,2023,4,2,1,DUPLICADO_EXACTO,1
00000709,2023,5,2,1,DUPLICADO_EXACTO,1
00000709,2023,7,2,1,DUPLICADO_EXACTO,1
00000709,2023,11,2,1,DUPLICADO_EXACTO,1
00000709,2023,12,2,1,DUPLICADO_EXACTO,1
00000709,2024,1,2,1,DUPLICADO_EXACTO,1
00000709,2024,4,2,1,DUPLICADO_EXACTO,1
00000709,2024,5,2,1,DUPLICADO_EXACTO,1
00000709,2024,7,2,1,DUPLICADO_EXACTO,1
00000709,2024,11,2,1,DUPLICADO_EXACTO,1
00000709,2025,4,2,1,DUPLICADO_EXACTO,1
00000709,2025,9,2,1,DUPLICADO_EXACTO,1
00000709,2025,10,2,1,DUPLICADO_EXACTO,1
00000710,2020,6,2,1,DUPLICADO_EXACTO,1
00000710,2020,8,3,1,DUPLICADO_EXACTO,2
00000710,2021,6,2,1,DUPLICADO_EXACTO,1
00000710,2021,8,3,1,DUPLICADO_EXACTO,2
00000710,2021,9,2,1,DUPLICADO_EXACTO,1
00000710,2021,10,3,1,DUPLICADO_EXACTO,2
00000710,2021,12,4,1,DUPLICADO_EXACTO,3
00000710,2022,1,2,1,DUPLICADO_EXACTO,1
00000710,2022,2,2,1,DUPLICADO_EXACTO,1
00000710,2022,4,2,1,DUPLICADO_EXACTO,1
00000710,2022,5,3,1,DUPLICADO_EXACTO,2
00000710,2022,6,2,1,DUPLICADO_EXACTO,1
00000710,2022,7,2,1,DUPLICADO_EXACTO,1
00000710,2022,8,2,1,DUPLICADO_EXACTO,1
00000710,2023,2,3,1,DUPLICADO_EXACTO,2
00000710,2023,3,2,1,DUPLICADO_EXACTO,1
00000710,2023,4,2,1,DUPLICADO_EXACTO,1
00000710,2023,5,2,1,DUPLICADO_EXACTO,1
00000710,2023,7,2,1,DUPLICADO_EXACTO,1
00000710,2023,11,2,1,DUPLICADO_EXACTO,1
00000710,2023,12,2,1,DUPLICADO_EXACTO,1
00000710,2024,1,2,1,DUPLICADO_EXACTO,1
00000710,2024,4,2,1,DUPLICADO_EXACTO,1
00000710,2024,5,2,1,DUPLICADO_EXACTO,1
00000710,2024,7,2,1,DUPLICADO_EXACTO,1
00000710,2024,11,2,1,DUPLICADO_EXACTO,1
00000710,2025,1,2,1,DUPLICADO_EXACTO,1
00000710,2025,4,2,1,DUPLICADO_EXACTO,1
00000710,2025,9,2,1,DUPLICADO_EXACTO,1
00000710,2025,10,2,1,DUPLICADO_EXACTO,1
00000711,2020,6,2,1,DUPLICADO_EXACTO,1
00000711,2020,8,3,1,DUPLICADO_EXACTO,2
00000711,2021,5,3,1,DUPLICADO_EXACTO,2
00000711,2021,6,2,1,DUPLICADO_EXACTO,1
00000711,2021,8,3,1,DUPLICADO_EXACTO,2
00000711,2021,9,3,1,DUPLICADO_EXACTO,2
00000711,2021,10,3,1,DUPLICADO_EXACTO,2
00000711,2021,12,4,1,DUPLICADO_EXACTO,3
00000711,2022,1,2,1,DUPLICADO_EXACTO,1
00000711,2022,2,2,1,DUPLICADO_EXACTO,1
00000711,2022,4,2,1,DUPLICADO_EXACTO,1
00000711,2022,5,3,1,DUPLICADO_EXACTO,2
00000711,2022,7,2,1,DUPLICADO_EXACTO,1
00000711,2022,8,2,1,DUPLICADO_EXACTO,1
00000711,2023,2,3,1,DUPLICADO_EXACTO,2
00000711,2023,3,2,1,DUPLICADO_EXACTO,1
00000711,2023,4,2,1,DUPLICADO_EXACTO,1
00000711,2023,5,2,1,DUPLICADO_EXACTO,1
00000711,2023,7,2,1,DUPLICADO_EXACTO,1
00000711,2023,11,2,1,DUPLICADO_EXACTO,1
00000711,2023,12,2,1,DUPLICADO_EXACTO,1
00000711,2024,1,2,1,DUPLICADO_EXACTO,1
00000711,2024,4,2,1,DUPLICADO_EXACTO,1
00000711,2024,5,2,1,DUPLICADO_EXACTO,1
00000711,2024,7,2,1,DUPLICADO_EXACTO,1
00000711,2024,11,2,1,DUPLICADO_EXACTO,1
00000711,2025,1,2,1,DUPLICADO_EXACTO,1
00000711,2025,4,2,1,DUPLICADO_EXACTO,1
00000711,2025,9,2,1,DUPLICADO_EXACTO,1
00000711,2025,10,2,1,DUPLICADO_EXACTO,1
00000712,2020,6,2,1,DUPLICADO_EXACTO,1
00000712,2020,8,3,1,DUPLICADO_EXACTO,2
00000712,2021,5,3,1,DUPLICADO_EXACTO,2
00000712,2021,6,2,1,DUPLICADO_EXACTO,1
00000712,2021,8,3,1,DUPLICADO_EXACTO,2
00000712,2021,10,3,1,DUPLICADO_EXACTO,2
00000712,2021,12,4,1,DUPLICADO_EXACTO,3
00000712,2022,1,2,1,DUPLICADO_EXACTO,1
00000712,2022,2,2,1,DUPLICADO_EXACTO,1
00000712,2022,4,2,1,DUPLICADO_EXACTO,1
00000712,2022,5,3,1,DUPLICADO_EXACTO,2
00000712,2022,6,2,1,DUPLICADO_EXACTO,1
00000712,2022,7,2,1,DUPLICADO_EXACTO,1
00000712,2022,8,2,1,DUPLICADO_EXACTO,1
00000712,2023,2,3,1,DUPLICADO_EXACTO,2
00000712,2023,3,2,1,DUPLICADO_EXACTO,1
00000712,2023,4,2,1,DUPLICADO_EXACTO,1
00000712,2023,5,2,1,DUPLICADO_EXACTO,1
00000712,2023,7,2,1,DUPLICADO_EXACTO,1
00000712,2023,11,2,1,DUPLICADO_EXACTO,1
00000712,2023,12,2,1,DUPLICADO_EXACTO,1
00000712,2024,1,2,1,DUPLICADO_EXACTO,1
00000712,2024,4,2,1,DUPLICADO_EXACTO,1
00000712,2024,5,2,1,DUPLICADO_EXACTO,1
00000712,2024,7,2,1,DUPLICADO_EXACTO,1
00000712,2024,11,2,1,DUPLICADO_EXACTO,1
00000712,2025,1,2,1,DUPLICADO_EXACTO,1
00000712,2025,4,2,1,DUPLICADO_EXACTO,1
00000712,2025,9,2,1,DUPLICADO_EXACTO,1
00000712,2025,10,2,1,DUPLICADO_EXACTO,1
00000713,2020,6,2,1,DUPLICADO_EXACTO,1
00000713,2020,8,3,1,DUPLICADO_EXACTO,2
00000713,2021,5,2,1,DUPLICADO_EXACTO,1
00000713,2021,6,2,1,DUPLICADO_EXACTO,1
00000713,2021,8,3,1,DUPLICADO_EXACTO,2
00000713,2021,9,3,1,DUPLICADO_EXACTO,2
00000713,2021,10,3,1,DUPLICADO_EXACTO,2
00000713,2021,12,4,1,DUPLICADO_EXACTO,3
00000713,2022,1,2,1,DUPLICADO_EXACTO,1
00000713,2022,2,2,1,DUPLICADO_EXACTO,1
00000713,2022,4,2,1,DUPLICADO_EXACTO,1
00000713,2022,5,3,1,DUPLICADO_EXACTO,2
00000713,2022,6,2,1,DUPLICADO_EXACTO,1
00000713,2022,7,2,1,DUPLICADO_EXACTO,1
00000713,2022,8,2,1,DUPLICADO_EXACTO,1
00000713,2023,3,2,1,DUPLICADO_EXACTO,1
00000713,2023,4,2,1,DUPLICADO_EXACTO,1
00000713,2023,5,2,1,DUPLICADO_EXACTO,1
00000713,2023,7,2,1,DUPLICADO_EXACTO,1
00000713,2023,11,2,1,DUPLICADO_EXACTO,1
00000713,2023,12,2,1,DUPLICADO_EXACTO,1
00000713,2024,1,2,1,DUPLICADO_EXACTO,1
00000713,2024,4,2,1,DUPLICADO_EXACTO,1
00000713,2024,5,2,1,DUPLICADO_EXACTO,1
00000713,2024,7,2,1,DUPLICADO_EXACTO,1
00000713,2024,11,2,1,DUPLICADO_EXACTO,1
00000713,2025,1,2,1,DUPLICADO_EXACTO,1
00000713,2025,4,2,1,DUPLICADO_EXACTO,1
00000713,2025,9,2,1,DUPLICADO_EXACTO,1
00000713,2025,10,2,1,DUPLICADO_EXACTO,1
00000714,2020,6,2,1,DUPLICADO_EXACTO,1
00000714,2020,8,3,1,DUPLICADO_EXACTO,2
00000714,2021,5,3,1,DUPLICADO_EXACTO,2
00000714,2021,6,2,1,DUPLICADO_EXACTO,1
00000714,2021,8,3,1,DUPLICADO_EXACTO,2
00000714,2021,10,3,1,DUPLICADO_EXACTO,2
00000714,2021,12,4,1,DUPLICADO_EXACTO,3
00000714,2022,1,2,1,DUPLICADO_EXACTO,1
00000714,2022,2,2,1,DUPLICADO_EXACTO,1
00000714,2022,4,2,1,DUPLICADO_EXACTO,1
00000714,2022,7,2,1,DUPLICADO_EXACTO,1
00000714,2022,8,2,1,DUPLICADO_EXACTO,1
00000714,2023,2,3,1,DUPLICADO_EXACTO,2
00000714,2023,3,2,1,DUPLICADO_EXACTO,1
00000714,2023,4,2,1,DUPLICADO_EXACTO,1
00000714,2023,5,2,1,DUPLICADO_EXACTO,1
00000714,2023,7,2,1,DUPLICADO_EXACTO,1
00000714,2023,11,2,1,DUPLICADO_EXACTO,1
00000714,2023,12,2,1,DUPLICADO_EXACTO,1
00000714,2024,1,2,1,DUPLICADO_EXACTO,1
00000714,2024,4,2,1,DUPLICADO_EXACTO,1
00000714,2024,5,2,1,DUPLICADO_EXACTO,1
00000714,2024,7,2,1,DUPLICADO_EXACTO,1
00000714,2024,11,2,1,DUPLICADO_EXACTO,1
00000714,2025,1,2,1,DUPLICADO_EXACTO,1
00000714,2025,4,2,1,DUPLICADO_EXACTO,1
00000714,2025,9,2,1,DUPLICADO_EXACTO,1
00000714,2025,10,2,1,DUPLICADO_EXACTO,1
00000715,2020,6,2,1,DUPLICADO_EXACTO,1
00000715,2020,8,3,1,DUPLICADO_EXACTO,2
00000715,2021,5,3,1,DUPLICADO_EXACTO,2
00000715,2021,6,2,1,DUPLICADO_EXACTO,1
00000715,2021,8,3,1,DUPLICADO_EXACTO,2
00000715,2021,9,2,1,DUPLICADO_EXACTO,1
00000715,2021,10,3,1,DUPLICADO_EXACTO,2
00000715,2021,12,4,1,DUPLICADO_EXACTO,3
00000715,2022,1,2,1,DUPLICADO_EXACTO,1
00000715,2022,2,2,1,DUPLICADO_EXACTO,1
00000715,2022,4,2,1,DUPLICADO_EXACTO,1
00000715,2022,7,2,1,DUPLICADO_EXACTO,1
00000715,2022,8,2,1,DUPLICADO_EXACTO,1
00000715,2023,2,3,1,DUPLICADO_EXACTO,2
00000715,2023,3,2,1,DUPLICADO_EXACTO,1
00000715,2023,4,2,1,DUPLICADO_EXACTO,1
00000715,2023,5,2,1,DUPLICADO_EXACTO,1
00000715,2023,7,2,1,DUPLICADO_EXACTO,1
00000715,2023,11,2,1,DUPLICADO_EXACTO,1
00000715,2023,12,2,1,DUPLICADO_EXACTO,1
00000715,2024,1,2,1,DUPLICADO_EXACTO,1
00000715,2024,4,2,1,DUPLICADO_EXACTO,1
00000715,2024,5,2,1,DUPLICADO_EXACTO,1
00000715,2024,7,2,1,DUPLICADO_EXACTO,1
00000715,2024,11,2,1,DUPLICADO_EXACTO,1
00000715,2025,1,2,1,DUPLICADO_EXACTO,1
00000715,2025,4,2,1,DUPLICADO_EXACTO,1
00000715,2025,9,2,1,DUPLICADO_EXACTO,1
00000715,2025,10,2,1,DUPLICADO_EXACTO,1
00000716,2020,6,2,1,DUPLICADO_EXACTO,1
00000716,2020,8,3,1,DUPLICADO_EXACTO,2
00000716,2021,5,3,1,DUPLICADO_EXACTO,2
00000716,2021,6,2,1,DUPLICADO_EXACTO,1
00000716,2021,8,3,1,DUPLICADO_EXACTO,2
00000716,2021,10,3,1,DUPLICADO_EXACTO,2
00000716,2021,12,4,1,DUPLICADO_EXACTO,3
00000716,2022,1,2,1,DUPLICADO_EXACTO,1
00000716,2022,2,2,1,DUPLICADO_EXACTO,1
00000716,2022,4,2,1,DUPLICADO_EXACTO,1
00000716,2022,5,3,1,DUPLICADO_EXACTO,2
00000716,2022,6,2,1,DUPLICADO_EXACTO,1
00000716,2022,7,2,1,DUPLICADO_EXACTO,1
00000716,2022,8,2,1,DUPLICADO_EXACTO,1
00000716,2023,2,2,1,DUPLICADO_EXACTO,1
00000716,2023,3,2,1,DUPLICADO_EXACTO,1
00000716,2023,4,2,1,DUPLICADO_EXACTO,1
00000716,2023,5,2,1,DUPLICADO_EXACTO,1
00000716,2023,7,2,1,DUPLICADO_EXACTO,1
00000716,2023,11,2,1,DUPLICADO_EXACTO,1
00000716,2023,12,2,1,DUPLICADO_EXACTO,1
00000716,2024,1,2,1,DUPLICADO_EXACTO,1
00000716,2024,4,2,1,DUPLICADO_EXACTO,1
00000716,2024,5,2,1,DUPLICADO_EXACTO,1
00000716,2024,7,2,1,DUPLICADO_EXACTO,1
00000716,2024,11,2,1,DUPLICADO_EXACTO,1
00000716,2025,1,2,1,DUPLICADO_EXACTO,1
00000716,2025,4,2,1,DUPLICADO_EXACTO,1
00000716,2025,9,2,1,DUPLICADO_EXACTO,1
00000716,2025,10,2,1,DUPLICADO_EXACTO,1
00000717,2020,8,3,1,DUPLICADO_EXACTO,2
00000717,2021,5,3,1,DUPLICADO_EXACTO,2
00000717,2021,6,2,1,DUPLICADO_EXACTO,1
00000717,2021,8,3,1,DUPLICADO_EXACTO,2
00000717,2021,9,2,1,DUPLICADO_EXACTO,1
00000717,2021,10,3,1,DUPLICADO_EXACTO,2
00000717,2021,12,4,1,DUPLICADO_EXACTO,3
00000717,2022,1,2,1,DUPLICADO_EXACTO,1
00000717,2022,2,2,1,DUPLICADO_EXACTO,1
00000717,2022,4,2,1,DUPLICADO_EXACTO,1
00000717,2022,5,3,1,DUPLICADO_EXACTO,2
00000717,2022,6,2,1,DUPLICADO_EXACTO,1
00000717,2022,7,2,1,DUPLICADO_EXACTO,1
00000717,2022,8,2,1,DUPLICADO_EXACTO,1
00000717,2023,2,3,1,DUPLICADO_EXACTO,2
00000717,2023,3,2,1,DUPLICADO_EXACTO,1
00000717,2023,4,2,1,DUPLICADO_EXACTO,1
00000717,2023,5,2,1,DUPLICADO_EXACTO,1
00000717,2023,7,2,1,DUPLICADO_EXACTO,1
00000717,2023,11,2,1,DUPLICADO_EXACTO,1
00000717,2023,12,2,1,DUPLICADO_EXACTO,1
00000717,2024,1,2,1,DUPLICADO_EXACTO,1
00000717,2024,4,2,1,DUPLICADO_EXACTO,1
00000717,2024,5,2,1,DUPLICADO_EXACTO,1
00000717,2024,7,2,1,DUPLICADO_EXACTO,1
00000717,2024,11,2,1,DUPLICADO_EXACTO,1
00000717,2025,1,2,1,DUPLICADO_EXACTO,1
00000717,2025,4,2,1,DUPLICADO_EXACTO,1
00000717,2025,9,2,1,DUPLICADO_EXACTO,1
00000717,2025,10,2,1,DUPLICADO_EXACTO,1
00000718,2020,6,2,1,DUPLICADO_EXACTO,1
00000718,2020,8,3,1,DUPLICADO_EXACTO,2
00000718,2021,5,3,1,DUPLICADO_EXACTO,2
00000718,2021,6,2,1,DUPLICADO_EXACTO,1
00000718,2021,8,3,1,DUPLICADO_EXACTO,2
00000718,2021,9,3,1,DUPLICADO_EXACTO,2
00000718,2022,8,2,1,DUPLICADO_EXACTO,1
00000718,2023,2,3,1,DUPLICADO_EXACTO,2
00000718,2023,4,2,1,DUPLICADO_EXACTO,1
00000718,2023,5,2,1,DUPLICADO_EXACTO,1
00000718,2023,7,2,1,DUPLICADO_EXACTO,1
00000718,2023,11,2,1,DUPLICADO_EXACTO,1
00000718,2023,12,2,1,DUPLICADO_EXACTO,1
00000718,2024,4,2,1,DUPLICADO_EXACTO,1
00000718,2024,5,2,1,DUPLICADO_EXACTO,1
00000718,2024,7,2,1,DUPLICADO_EXACTO,1
00000718,2024,11,2,1,DUPLICADO_EXACTO,1
00000718,2025,1,2,1,DUPLICADO_EXACTO,1
00000718,2025,4,2,1,DUPLICADO_EXACTO,1
00000718,2025,9,2,1,DUPLICADO_EXACTO,1
00000718,2025,10,2,1,DUPLICADO_EXACTO,1
00000719,2020,8,3,1,DUPLICADO_EXACTO,2
00000719,2021,5,2,1,DUPLICADO_EXACTO,1
00000719,2021,6,2,1,DUPLICADO_EXACTO,1
00000719,2021,8,3,1,DUPLICADO_EXACTO,2
00000719,2021,10,3,1,DUPLICADO_EXACTO,2
00000719,2021,12,4,1,DUPLICADO_EXACTO,3
00000719,2022,1,2,1,DUPLICADO_EXACTO,1
00000719,2022,2,2,1,DUPLICADO_EXACTO,1
00000719,2022,4,2,1,DUPLICADO_EXACTO,1
00000719,2022,7,2,1,DUPLICADO_EXACTO,1
00000719,2022,8,2,1,DUPLICADO_EXACTO,1
00000719,2023,2,3,1,DUPLICADO_EXACTO,2
00000719,2023,3,2,1,DUPLICADO_EXACTO,1
00000719,2023,4,2,1,DUPLICADO_EXACTO,1
00000719,2023,7,2,1,DUPLICADO_EXACTO,1
00000719,2023,11,2,1,DUPLICADO_EXACTO,1
00000719,2023,12,2,1,DUPLICADO_EXACTO,1
00000719,2024,1,2,1,DUPLICADO_EXACTO,1
00000719,2024,4,2,1,DUPLICADO_EXACTO,1
00000719,2024,5,2,1,DUPLICADO_EXACTO,1
00000719,2024,7,2,1,DUPLICADO_EXACTO,1
00000719,2024,11,2,1,DUPLICADO_EXACTO,1
00000719,2025,1,2,1,DUPLICADO_EXACTO,1
00000719,2025,4,2,1,DUPLICADO_EXACTO,1
00000719,2025,9,2,1,DUPLICADO_EXACTO,1
00000719,2025,10,2,1,DUPLICADO_EXACTO,1
00000720,2020,6,2,1,DUPLICADO_EXACTO,1
00000720,2020,8,3,1,DUPLICADO_EXACTO,2
00000720,2021,5,3,1,DUPLICADO_EXACTO,2
00000720,2021,6,2,1,DUPLICADO_EXACTO,1
00000720,2021,8,3,1,DUPLICADO_EXACTO,2
00000720,2021,9,3,1,DUPLICADO_EXACTO,2
00000720,2021,10,3,1,DUPLICADO_EXACTO,2
00000720,2021,12,4,1,DUPLICADO_EXACTO,3
00000720,2022,1,2,1,DUPLICADO_EXACTO,1
00000720,2022,2,2,1,DUPLICADO_EXACTO,1
00000720,2022,4,2,1,DUPLICADO_EXACTO,1
00000720,2022,7,2,1,DUPLICADO_EXACTO,1
00000720,2022,8,2,1,DUPLICADO_EXACTO,1
00000720,2023,2,3,1,DUPLICADO_EXACTO,2
00000720,2023,3,2,1,DUPLICADO_EXACTO,1
00000720,2023,4,2,1,DUPLICADO_EXACTO,1
00000720,2023,5,2,1,DUPLICADO_EXACTO,1
00000720,2023,7,2,1,DUPLICADO_EXACTO,1
00000720,2023,11,2,1,DUPLICADO_EXACTO,1
00000720,2023,12,2,1,DUPLICADO_EXACTO,1
00000720,2024,1,2,1,DUPLICADO_EXACTO,1
00000720,2024,4,2,1,DUPLICADO_EXACTO,1
00000720,2024,5,2,1,DUPLICADO_EXACTO,1
00000720,2024,11,2,1,DUPLICADO_EXACTO,1
00000720,2025,1,2,1,DUPLICADO_EXACTO,1
00000720,2025,4,2,1,DUPLICADO_EXACTO,1
00000720,2025,9,2,1,DUPLICADO_EXACTO,1
00000720,2025,10,2,1,DUPLICADO_EXACTO,1
00000721,2019,12,2,1,DUPLICADO_EXACTO,1
00000721,2020,6,2,1,DUPLICADO_EXACTO,1
00000721,2021,5,3,1,DUPLICADO_EXACTO,2
00000721,2021,6,2,1,DUPLICADO_EXACTO,1
00000721,2021,8,3,1,DUPLICADO_EXACTO,2
00000721,2021,9,2,1,DUPLICADO_EXACTO,1
00000721,2021,10,3,1,DUPLICADO_EXACTO,2
00000721,2021,12,4,1,DUPLICADO_EXACTO,3
00000721,2022,1,2,1,DUPLICADO_EXACTO,1
00000721,2022,2,2,1,DUPLICADO_EXACTO,1
00000721,2022,4,2,1,DUPLICADO_EXACTO,1
00000721,2022,5,3,1,DUPLICADO_EXACTO,2
00000721,2022,7,2,1,DUPLICADO_EXACTO,1
00000721,2022,8,2,1,DUPLICADO_EXACTO,1
00000721,2023,2,3,1,DUPLICADO_EXACTO,2
00000721,2023,3,2,1,DUPLICADO_EXACTO,1
00000721,2023,11,2,1,DUPLICADO_EXACTO,1
00000721,2024,1,2,1,DUPLICADO_EXACTO,1
00000721,2024,4,2,1,DUPLICADO_EXACTO,1
00000721,2024,5,2,1,DUPLICADO_EXACTO,1
00000721,2024,7,2,1,DUPLICADO_EXACTO,1
00000721,2024,11,2,1,DUPLICADO_EXACTO,1
00000721,2025,1,2,1,DUPLICADO_EXACTO,1
00000721,2025,4,2,1,DUPLICADO_EXACTO,1
00000721,2025,9,2,1,DUPLICADO_EXACTO,1
00000721,2025,10,2,1,DUPLICADO_EXACTO,1
00000722,2020,6,2,1,DUPLICADO_EXACTO,1
00000722,2020,8,3,1,DUPLICADO_EXACTO,2
00000722,2021,5,3,1,DUPLICADO_EXACTO,2
00000722,2021,8,3,1,DUPLICADO_EXACTO,2
00000722,2021,9,2,1,DUPLICADO_EXACTO,1
00000722,2021,10,3,1,DUPLICADO_EXACTO,2
00000722,2021,12,4,1,DUPLICADO_EXACTO,3
00000722,2022,1,2,1,DUPLICADO_EXACTO,1
00000722,2022,2,2,1,DUPLICADO_EXACTO,1
00000722,2022,4,2,1,DUPLICADO_EXACTO,1
00000722,2022,7,2,1,DUPLICADO_EXACTO,1
00000722,2022,8,2,1,DUPLICADO_EXACTO,1
00000722,2023,2,3,1,DUPLICADO_EXACTO,2
00000722,2023,3,2,1,DUPLICADO_EXACTO,1
00000722,2023,4,2,1,DUPLICADO_EXACTO,1
00000722,2023,5,2,1,DUPLICADO_EXACTO,1
00000722,2023,7,2,1,DUPLICADO_EXACTO,1
00000722,2023,11,2,1,DUPLICADO_EXACTO,1
00000722,2023,12,2,1,DUPLICADO_EXACTO,1
00000722,2024,1,2,1,DUPLICADO_EXACTO,1
00000722,2024,4,2,1,DUPLICADO_EXACTO,1
00000722,2024,5,2,1,DUPLICADO_EXACTO,1
00000722,2024,7,2,1,DUPLICADO_EXACTO,1
00000722,2024,11,2,1,DUPLICADO_EXACTO,1
00000722,2025,1,2,1,DUPLICADO_EXACTO,1
00000722,2025,4,2,1,DUPLICADO_EXACTO,1
00000722,2025,9,2,1,DUPLICADO_EXACTO,1
00000722,2025,10,2,1,DUPLICADO_EXACTO,1
00000723,2020,6,2,1,DUPLICADO_EXACTO,1
00000723,2020,8,3,1,DUPLICADO_EXACTO,2
00000723,2021,5,3,1,DUPLICADO_EXACTO,2
00000723,2021,6,2,1,DUPLICADO_EXACTO,1
00000723,2021,8,3,1,DUPLICADO_EXACTO,2
00000723,2021,9,2,1,DUPLICADO_EXACTO,1
00000723,2021,10,3,1,DUPLICADO_EXACTO,2
00000723,2021,12,4,1,DUPLICADO_EXACTO,3
00000723,2022,1,2,1,DUPLICADO_EXACTO,1
00000723,2022,2,2,1,DUPLICADO_EXACTO,1
00000723,2022,4,2,1,DUPLICADO_EXACTO,1
00000723,2022,5,3,1,DUPLICADO_EXACTO,2
00000723,2022,6,2,1,DUPLICADO_EXACTO,1
00000723,2022,7,2,1,DUPLICADO_EXACTO,1
00000723,2022,8,2,1,DUPLICADO_EXACTO,1
00000723,2023,2,3,1,DUPLICADO_EXACTO,2
00000723,2023,3,2,1,DUPLICADO_EXACTO,1
00000723,2023,4,2,1,DUPLICADO_EXACTO,1
00000723,2023,5,2,1,DUPLICADO_EXACTO,1
00000723,2023,7,2,1,DUPLICADO_EXACTO,1
00000723,2023,11,2,1,DUPLICADO_EXACTO,1
00000723,2023,12,2,1,DUPLICADO_EXACTO,1
00000723,2024,1,2,1,DUPLICADO_EXACTO,1
00000723,2024,4,2,1,DUPLICADO_EXACTO,1
00000723,2024,5,2,1,DUPLICADO_EXACTO,1
00000723,2024,7,2,1,DUPLICADO_EXACTO,1
00000723,2024,11,2,1,DUPLICADO_EXACTO,1
00000723,2025,1,2,1,DUPLICADO_EXACTO,1
00000723,2025,4,2,1,DUPLICADO_EXACTO,1
00000723,2025,9,2,1,DUPLICADO_EXACTO,1
00000723,2025,10,2,1,DUPLICADO_EXACTO,1
00000724,2019,12,4,1,DUPLICADO_EXACTO,3
00000724,2020,8,3,1,DUPLICADO_EXACTO,2
00000724,2021,5,3,1,DUPLICADO_EXACTO,2
00000724,2021,6,2,1,DUPLICADO_EXACTO,1
00000724,2021,9,3,1,DUPLICADO_EXACTO,2
00000724,2021,10,3,1,DUPLICADO_EXACTO,2
00000724,2021,12,4,1,DUPLICADO_EXACTO,3
00000724,2022,1,2,1,DUPLICADO_EXACTO,1
00000724,2022,4,2,1,DUPLICADO_EXACTO,1
00000724,2023,2,3,1,DUPLICADO_EXACTO,2
00000724,2023,3,2,1,DUPLICADO_EXACTO,1
00000724,2023,4,2,1,DUPLICADO_EXACTO,1
00000724,2023,5,2,1,DUPLICADO_EXACTO,1
00000724,2023,7,2,1,DUPLICADO_EXACTO,1
00000724,2023,11,2,1,DUPLICADO_EXACTO,1
00000724,2023,12,2,1,DUPLICADO_EXACTO,1
00000724,2024,1,2,1,DUPLICADO_EXACTO,1
00000724,2024,5,2,1,DUPLICADO_EXACTO,1
00000724,2024,7,2,1,DUPLICADO_EXACTO,1
00000724,2025,1,2,1,DUPLICADO_EXACTO,1
00000724,2025,4,2,1,DUPLICADO_EXACTO,1
00000724,2025,9,2,1,DUPLICADO_EXACTO,1
00000724,2025,10,2,1,DUPLICADO_EXACTO,1
00000725,2020,6,2,1,DUPLICADO_EXACTO,1
00000725,2020,8,3,1,DUPLICADO_EXACTO,2
00000725,2021,5,3,1,DUPLICADO_EXACTO,2
00000725,2021,6,2,1,DUPLICADO_EXACTO,1
00000725,2021,8,3,1,DUPLICADO_EXACTO,2
00000725,2021,10,3,1,DUPLICADO_EXACTO,2
00000725,2022,1,2,1,DUPLICADO_EXACTO,1
00000725,2022,2,2,1,DUPLICADO_EXACTO,1
00000725,2022,4,2,1,DUPLICADO_EXACTO,1
00000725,2022,7,2,1,DUPLICADO_EXACTO,1
00000725,2022,8,2,1,DUPLICADO_EXACTO,1
00000725,2023,2,3,1,DUPLICADO_EXACTO,2
00000725,2023,3,2,1,DUPLICADO_EXACTO,1
00000725,2023,4,2,1,DUPLICADO_EXACTO,1
00000725,2023,5,2,1,DUPLICADO_EXACTO,1
00000725,2023,7,2,1,DUPLICADO_EXACTO,1
00000725,2023,11,2,1,DUPLICADO_EXACTO,1
00000725,2023,12,2,1,DUPLICADO_EXACTO,1
00000725,2024,1,2,1,DUPLICADO_EXACTO,1
00000725,2024,4,2,1,DUPLICADO_EXACTO,1
00000725,2024,5,2,1,DUPLICADO_EXACTO,1
00000725,2024,7,2,1,DUPLICADO_EXACTO,1
00000725,2024,11,2,1,DUPLICADO_EXACTO,1
00000725,2025,1,2,1,DUPLICADO_EXACTO,1
00000725,2025,4,2,1,DUPLICADO_EXACTO,1
00000725,2025,9,2,1,DUPLICADO_EXACTO,1
00000725,2025,10,2,1,DUPLICADO_EXACTO,1
00000726,2020,6,2,1,DUPLICADO_EXACTO,1
00000726,2020,8,3,1,DUPLICADO_EXACTO,2
00000726,2021,5,3,1,DUPLICADO_EXACTO,2
00000726,2021,6,2,1,DUPLICADO_EXACTO,1
00000726,2021,8,3,1,DUPLICADO_EXACTO,2
00000726,2021,10,3,1,DUPLICADO_EXACTO,2
00000726,2021,12,4,1,DUPLICADO_EXACTO,3
00000726,2022,1,2,1,DUPLICADO_EXACTO,1
00000726,2022,2,2,1,DUPLICADO_EXACTO,1
00000726,2022,4,2,1,DUPLICADO_EXACTO,1
00000726,2022,5,3,1,DUPLICADO_EXACTO,2
00000726,2022,7,2,1,DUPLICADO_EXACTO,1
00000726,2022,8,2,1,DUPLICADO_EXACTO,1
00000726,2023,2,3,1,DUPLICADO_EXACTO,2
00000726,2023,3,2,1,DUPLICADO_EXACTO,1
00000726,2023,4,2,1,DUPLICADO_EXACTO,1
00000726,2023,5,2,1,DUPLICADO_EXACTO,1
00000726,2023,7,2,1,DUPLICADO_EXACTO,1
00000726,2023,11,2,1,DUPLICADO_EXACTO,1
00000726,2023,12,2,1,DUPLICADO_EXACTO,1
00000726,2024,1,2,1,DUPLICADO_EXACTO,1
00000726,2024,4,2,1,DUPLICADO_EXACTO,1
00000726,2024,5,2,1,DUPLICADO_EXACTO,1
00000726,2024,7,2,1,DUPLICADO_EXACTO,1
00000726,2024,11,2,1,DUPLICADO_EXACTO,1
00000726,2025,1,2,1,DUPLICADO_EXACTO,1
00000726,2025,10,2,1,DUPLICADO_EXACTO,1
00000727,2020,1,2,1,DUPLICADO_EXACTO,1
00000727,2020,4,2,1,DUPLICADO_EXACTO,1
00000727,2020,7,2,1,DUPLICADO_EXACTO,1
00000727,2020,8,2,1,DUPLICADO_EXACTO,1
00000727,2020,9,2,1,DUPLICADO_EXACTO,1
00000727,2020,10,2,1,DUPLICADO_EXACTO,1
00000727,2020,12,2,1,DUPLICADO_EXACTO,1
00000727,2021,1,2,1,DUPLICADO_EXACTO,1
00000727,2022,5,3,1,DUPLICADO_EXACTO,2
00000727,2022,7,2,1,DUPLICADO_EXACTO,1
00000727,2022,9,2,1,DUPLICADO_EXACTO,1
00000727,2022,10,2,1,DUPLICADO_EXACTO,1
00000727,2023,4,2,1,DUPLICADO_EXACTO,1
00000727,2023,5,2,1,DUPLICADO_EXACTO,1
00000727,2023,8,2,1,DUPLICADO_EXACTO,1
00000728,2020,1,2,1,DUPLICADO_EXACTO,1
00000728,2020,7,2,1,DUPLICADO_EXACTO,1
00000728,2020,8,2,1,DUPLICADO_EXACTO,1
00000728,2020,9,2,1,DUPLICADO_EXACTO,1
00000728,2020,10,2,1,DUPLICADO_EXACTO,1
00000728,2020,12,2,1,DUPLICADO_EXACTO,1
00000728,2021,1,2,1,DUPLICADO_EXACTO,1
00000728,2022,5,3,1,DUPLICADO_EXACTO,2
00000728,2022,7,2,1,DUPLICADO_EXACTO,1
00000728,2022,9,2,1,DUPLICADO_EXACTO,1
00000728,2022,10,2,1,DUPLICADO_EXACTO,1
00000728,2023,4,2,1,DUPLICADO_EXACTO,1
00000728,2023,5,2,1,DUPLICADO_EXACTO,1
00000728,2023,8,2,1,DUPLICADO_EXACTO,1
00000729,2020,1,2,1,DUPLICADO_EXACTO,1
00000729,2020,4,2,1,DUPLICADO_EXACTO,1
00000729,2020,7,2,1,DUPLICADO_EXACTO,1
00000729,2020,8,2,1,DUPLICADO_EXACTO,1
00000729,2020,9,2,1,DUPLICADO_EXACTO,1
00000729,2020,10,2,1,DUPLICADO_EXACTO,1
00000729,2020,12,2,1,DUPLICADO_EXACTO,1
00000729,2021,1,2,1,DUPLICADO_EXACTO,1
00000729,2022,5,3,1,DUPLICADO_EXACTO,2
00000729,2022,7,2,1,DUPLICADO_EXACTO,1
00000729,2022,9,2,1,DUPLICADO_EXACTO,1
00000729,2022,10,2,1,DUPLICADO_EXACTO,1
00000729,2023,4,2,1,DUPLICADO_EXACTO,1
00000729,2023,5,2,1,DUPLICADO_EXACTO,1
00000729,2023,8,2,1,DUPLICADO_EXACTO,1
00000730,2020,1,2,1,DUPLICADO_EXACTO,1
00000730,2020,4,2,1,DUPLICADO_EXACTO,1
00000730,2020,7,2,1,DUPLICADO_EXACTO,1
00000730,2020,8,2,1,DUPLICADO_EXACTO,1
00000730,2020,9,2,1,DUPLICADO_EXACTO,1
00000730,2020,10,2,1,DUPLICADO_EXACTO,1
00000730,2020,12,2,1,DUPLICADO_EXACTO,1
00000730,2021,1,2,1,DUPLICADO_EXACTO,1
00000730,2022,5,3,1,DUPLICADO_EXACTO,2
00000730,2022,7,2,1,DUPLICADO_EXACTO,1
00000730,2022,9,2,1,DUPLICADO_EXACTO,1
00000730,2022,10,2,1,DUPLICADO_EXACTO,1
00000730,2023,4,2,1,DUPLICADO_EXACTO,1
00000730,2023,5,2,1,DUPLICADO_EXACTO,1
00000730,2023,8,2,1,DUPLICADO_EXACTO,1
00000731,2020,4,2,1,DUPLICADO_EXACTO,1
00000731,2020,7,2,1,DUPLICADO_EXACTO,1
00000731,2020,8,2,1,DUPLICADO_EXACTO,1
00000731,2020,10,2,1,DUPLICADO_EXACTO,1
00000731,2020,12,2,1,DUPLICADO_EXACTO,1
00000731,2021,1,2,1,DUPLICADO_EXACTO,1
00000731,2022,5,3,1,DUPLICADO_EXACTO,2
00000731,2022,7,2,1,DUPLICADO_EXACTO,1
00000731,2022,9,2,1,DUPLICADO_EXACTO,1
00000731,2022,10,2,1,DUPLICADO_EXACTO,1
00000731,2023,4,2,1,DUPLICADO_EXACTO,1
00000731,2023,5,2,1,DUPLICADO_EXACTO,1
00000731,2023,8,2,1,DUPLICADO_EXACTO,1
00000732,2020,1,2,1,DUPLICADO_EXACTO,1
00000732,2020,4,2,1,DUPLICADO_EXACTO,1
00000732,2020,7,2,1,DUPLICADO_EXACTO,1
00000732,2020,8,2,1,DUPLICADO_EXACTO,1
00000732,2020,9,2,1,DUPLICADO_EXACTO,1
00000732,2020,10,2,1,DUPLICADO_EXACTO,1
00000732,2020,12,2,1,DUPLICADO_EXACTO,1
00000732,2021,1,2,1,DUPLICADO_EXACTO,1
00000732,2022,5,3,1,DUPLICADO_EXACTO,2
00000732,2022,7,2,1,DUPLICADO_EXACTO,1
00000732,2022,9,2,1,DUPLICADO_EXACTO,1
00000732,2022,10,2,1,DUPLICADO_EXACTO,1
00000732,2023,4,2,1,DUPLICADO_EXACTO,1
00000732,2023,5,2,1,DUPLICADO_EXACTO,1
00000732,2023,8,2,1,DUPLICADO_EXACTO,1
00000733,2020,6,2,1,DUPLICADO_EXACTO,1
00000733,2020,8,3,1,DUPLICADO_EXACTO,2
00000733,2021,5,3,1,DUPLICADO_EXACTO,2
00000733,2021,6,2,1,DUPLICADO_EXACTO,1
00000733,2021,8,3,1,DUPLICADO_EXACTO,2
00000733,2021,10,3,1,DUPLICADO_EXACTO,2
00000733,2021,12,4,1,DUPLICADO_EXACTO,3
00000733,2022,1,2,1,DUPLICADO_EXACTO,1
00000733,2022,2,2,1,DUPLICADO_EXACTO,1
00000733,2022,4,2,1,DUPLICADO_EXACTO,1
00000733,2022,5,3,1,DUPLICADO_EXACTO,2
00000733,2022,6,2,1,DUPLICADO_EXACTO,1
00000733,2022,7,2,1,DUPLICADO_EXACTO,1
00000733,2022,8,2,1,DUPLICADO_EXACTO,1
00000733,2023,2,3,1,DUPLICADO_EXACTO,2
00000733,2023,3,2,1,DUPLICADO_EXACTO,1
00000733,2023,4,2,1,DUPLICADO_EXACTO,1
00000733,2023,5,2,1,DUPLICADO_EXACTO,1
00000733,2023,7,2,1,DUPLICADO_EXACTO,1
00000733,2023,11,2,1,DUPLICADO_EXACTO,1
00000733,2023,12,2,1,DUPLICADO_EXACTO,1
00000733,2024,1,2,1,DUPLICADO_EXACTO,1
00000733,2024,4,2,1,DUPLICADO_EXACTO,1
00000733,2024,5,2,1,DUPLICADO_EXACTO,1
00000733,2024,7,2,1,DUPLICADO_EXACTO,1
00000733,2024,11,2,1,DUPLICADO_EXACTO,1
00000733,2025,1,2,1,DUPLICADO_EXACTO,1
00000733,2025,9,2,1,DUPLICADO_EXACTO,1
00000734,2020,6,2,1,DUPLICADO_EXACTO,1
00000734,2020,8,3,1,DUPLICADO_EXACTO,2
00000734,2021,5,3,1,DUPLICADO_EXACTO,2
00000734,2021,6,2,1,DUPLICADO_EXACTO,1
00000734,2021,8,3,1,DUPLICADO_EXACTO,2
00000734,2021,10,3,1,DUPLICADO_EXACTO,2
00000734,2021,12,4,1,DUPLICADO_EXACTO,3
00000734,2022,1,2,1,DUPLICADO_EXACTO,1
00000734,2022,2,2,1,DUPLICADO_EXACTO,1
00000734,2022,4,2,1,DUPLICADO_EXACTO,1
00000734,2022,5,3,1,DUPLICADO_EXACTO,2
00000734,2022,7,2,1,DUPLICADO_EXACTO,1
00000734,2022,8,2,1,DUPLICADO_EXACTO,1
00000734,2023,2,3,1,DUPLICADO_EXACTO,2
00000734,2023,3,2,1,DUPLICADO_EXACTO,1
00000734,2023,4,2,1,DUPLICADO_EXACTO,1
00000734,2023,5,2,1,DUPLICADO_EXACTO,1
00000734,2023,7,2,1,DUPLICADO_EXACTO,1
00000734,2023,11,2,1,DUPLICADO_EXACTO,1
00000734,2023,12,2,1,DUPLICADO_EXACTO,1
00000734,2024,1,2,1,DUPLICADO_EXACTO,1
00000734,2024,4,2,1,DUPLICADO_EXACTO,1
00000734,2024,5,2,1,DUPLICADO_EXACTO,1
00000734,2024,7,2,1,DUPLICADO_EXACTO,1
00000734,2024,11,2,1,DUPLICADO_EXACTO,1
00000734,2025,1,2,1,DUPLICADO_EXACTO,1
00000734,2025,4,2,1,DUPLICADO_EXACTO,1
00000734,2025,9,2,1,DUPLICADO_EXACTO,1
00000734,2025,10,2,1,DUPLICADO_EXACTO,1
00000735,2019,12,3,1,DUPLICADO_EXACTO,2
00000735,2020,6,2,1,DUPLICADO_EXACTO,1
00000735,2020,8,3,1,DUPLICADO_EXACTO,2
00000735,2021,5,3,1,DUPLICADO_EXACTO,2
00000735,2021,6,2,1,DUPLICADO_EXACTO,1
00000735,2021,8,3,1,DUPLICADO_EXACTO,2
00000735,2021,9,3,1,DUPLICADO_EXACTO,2
00000735,2021,10,3,1,DUPLICADO_EXACTO,2
00000735,2021,12,4,1,DUPLICADO_EXACTO,3
00000735,2022,1,2,1,DUPLICADO_EXACTO,1
00000735,2022,2,2,1,DUPLICADO_EXACTO,1
00000735,2022,4,2,1,DUPLICADO_EXACTO,1
00000735,2022,5,3,1,DUPLICADO_EXACTO,2
00000735,2022,6,2,1,DUPLICADO_EXACTO,1
00000735,2022,7,2,1,DUPLICADO_EXACTO,1
00000735,2022,8,2,1,DUPLICADO_EXACTO,1
00000735,2023,2,3,1,DUPLICADO_EXACTO,2
00000735,2023,3,2,1,DUPLICADO_EXACTO,1
00000735,2023,4,2,1,DUPLICADO_EXACTO,1
00000735,2023,5,2,1,DUPLICADO_EXACTO,1
00000735,2023,7,2,1,DUPLICADO_EXACTO,1
00000735,2023,11,2,1,DUPLICADO_EXACTO,1
00000735,2023,12,2,1,DUPLICADO_EXACTO,1
00000735,2024,1,2,1,DUPLICADO_EXACTO,1
00000735,2024,4,2,1,DUPLICADO_EXACTO,1
00000735,2024,5,2,1,DUPLICADO_EXACTO,1
00000735,2024,7,2,1,DUPLICADO_EXACTO,1
00000735,2024,11,2,1,DUPLICADO_EXACTO,1
00000735,2025,1,2,1,DUPLICADO_EXACTO,1
00000735,2025,4,2,1,DUPLICADO_EXACTO,1
00000735,2025,9,2,1,DUPLICADO_EXACTO,1
00000735,2025,10,2,1,DUPLICADO_EXACTO,1
00000736,2020,1,2,1,DUPLICADO_EXACTO,1
00000737,2020,1,2,1,DUPLICADO_EXACTO,1
00000738,2020,1,2,1,DUPLICADO_EXACTO,1
00000738,2020,4,2,1,DUPLICADO_EXACTO,1
00000738,2020,7,2,1,DUPLICADO_EXACTO,1
00000738,2020,8,2,1,DUPLICADO_EXACTO,1
00000738,2020,9,2,1,DUPLICADO_EXACTO,1
00000738,2020,10,2,1,DUPLICADO_EXACTO,1
00000738,2020,12,2,1,DUPLICADO_EXACTO,1
00000738,2021,1,2,1,DUPLICADO_EXACTO,1
00000738,2022,5,3,1,DUPLICADO_EXACTO,2
00000738,2022,7,2,1,DUPLICADO_EXACTO,1
00000738,2022,9,2,1,DUPLICADO_EXACTO,1
00000738,2022,10,2,1,DUPLICADO_EXACTO,1
00000738,2023,4,2,1,DUPLICADO_EXACTO,1
00000738,2023,5,2,1,DUPLICADO_EXACTO,1
00000738,2023,8,2,1,DUPLICADO_EXACTO,1
00000739,2020,1,2,1,DUPLICADO_EXACTO,1
00000739,2020,7,2,1,DUPLICADO_EXACTO,1
00000739,2020,8,2,1,DUPLICADO_EXACTO,1
00000739,2020,9,2,1,DUPLICADO_EXACTO,1
00000739,2020,10,2,1,DUPLICADO_EXACTO,1
00000739,2020,12,2,1,DUPLICADO_EXACTO,1
00000739,2021,1,2,1,DUPLICADO_EXACTO,1
00000739,2022,5,3,1,DUPLICADO_EXACTO,2
00000739,2022,7,2,1,DUPLICADO_EXACTO,1
00000739,2022,9,2,1,DUPLICADO_EXACTO,1
00000739,2022,10,2,1,DUPLICADO_EXACTO,1
00000739,2023,4,2,1,DUPLICADO_EXACTO,1
00000739,2023,5,2,1,DUPLICADO_EXACTO,1
00000739,2023,8,2,1,DUPLICADO_EXACTO,1
00000740,2020,1,2,1,DUPLICADO_EXACTO,1
00000740,2020,4,2,1,DUPLICADO_EXACTO,1
00000740,2020,7,2,1,DUPLICADO_EXACTO,1
00000740,2020,8,2,1,DUPLICADO_EXACTO,1
00000740,2020,9,2,1,DUPLICADO_EXACTO,1
00000740,2020,10,2,1,DUPLICADO_EXACTO,1
00000740,2020,12,2,1,DUPLICADO_EXACTO,1
00000740,2021,1,2,1,DUPLICADO_EXACTO,1
00000740,2022,5,3,1,DUPLICADO_EXACTO,2
00000740,2022,7,2,1,DUPLICADO_EXACTO,1
00000740,2022,9,2,1,DUPLICADO_EXACTO,1
00000740,2022,10,2,1,DUPLICADO_EXACTO,1
00000740,2023,4,2,1,DUPLICADO_EXACTO,1
00000740,2023,5,2,1,DUPLICADO_EXACTO,1
00000740,2023,8,2,1,DUPLICADO_EXACTO,1
00000741,2020,1,2,1,DUPLICADO_EXACTO,1
00000741,2020,4,2,1,DUPLICADO_EXACTO,1
00000741,2020,7,2,1,DUPLICADO_EXACTO,1
00000741,2020,8,2,1,DUPLICADO_EXACTO,1
00000741,2020,9,2,1,DUPLICADO_EXACTO,1
00000741,2020,10,2,1,DUPLICADO_EXACTO,1
00000741,2020,12,2,1,DUPLICADO_EXACTO,1
00000741,2021,1,2,1,DUPLICADO_EXACTO,1
00000741,2022,5,3,1,DUPLICADO_EXACTO,2
00000741,2022,7,2,1,DUPLICADO_EXACTO,1
00000741,2022,9,2,1,DUPLICADO_EXACTO,1
00000741,2022,10,2,1,DUPLICADO_EXACTO,1
00000741,2023,4,2,1,DUPLICADO_EXACTO,1
00000741,2023,5,2,1,DUPLICADO_EXACTO,1
00000741,2023,8,2,1,DUPLICADO_EXACTO,1
00000742,2020,1,2,1,DUPLICADO_EXACTO,1
00000742,2020,4,2,1,DUPLICADO_EXACTO,1
00000742,2020,7,2,1,DUPLICADO_EXACTO,1
00000742,2020,8,2,1,DUPLICADO_EXACTO,1
00000742,2020,9,2,1,DUPLICADO_EXACTO,1
00000742,2020,10,2,1,DUPLICADO_EXACTO,1
00000742,2020,12,2,1,DUPLICADO_EXACTO,1
00000742,2021,1,2,1,DUPLICADO_EXACTO,1
00000742,2022,5,3,1,DUPLICADO_EXACTO,2
00000742,2022,7,2,1,DUPLICADO_EXACTO,1
00000742,2022,9,2,1,DUPLICADO_EXACTO,1
00000742,2022,10,2,1,DUPLICADO_EXACTO,1
00000742,2023,4,2,1,DUPLICADO_EXACTO,1
00000742,2023,5,2,1,DUPLICADO_EXACTO,1
00000742,2023,8,2,1,DUPLICADO_EXACTO,1
00000743,2020,1,2,1,DUPLICADO_EXACTO,1
00000743,2020,7,2,1,DUPLICADO_EXACTO,1
00000743,2020,8,2,1,DUPLICADO_EXACTO,1
00000743,2020,9,2,1,DUPLICADO_EXACTO,1
00000743,2020,10,2,1,DUPLICADO_EXACTO,1
00000743,2020,12,2,1,DUPLICADO_EXACTO,1
00000743,2021,1,2,1,DUPLICADO_EXACTO,1
00000743,2022,5,3,1,DUPLICADO_EXACTO,2
00000743,2022,7,2,1,DUPLICADO_EXACTO,1
00000743,2022,9,2,1,DUPLICADO_EXACTO,1
00000743,2022,10,2,1,DUPLICADO_EXACTO,1
00000743,2023,4,2,1,DUPLICADO_EXACTO,1
00000743,2023,5,2,1,DUPLICADO_EXACTO,1
00000743,2023,8,2,1,DUPLICADO_EXACTO,1
00000744,2025,8,3,1,DUPLICADO_EXACTO,2
00000745,2022,10,2,1,DUPLICADO_EXACTO,1
00000746,2022,10,2,1,DUPLICADO_EXACTO,1
00000746,2023,2,3,1,DUPLICADO_EXACTO,2
00000746,2026,7,2,1,DUPLICADO_EXACTO,1
00000747,2022,10,2,1,DUPLICADO_EXACTO,1
00000747,2023,2,3,1,DUPLICADO_EXACTO,2
00000747,2026,7,2,1,DUPLICADO_EXACTO,1
00000748,2022,10,2,1,DUPLICADO_EXACTO,1
00000748,2023,2,3,1,DUPLICADO_EXACTO,2
00000748,2026,7,2,1,DUPLICADO_EXACTO,1
00000749,2022,10,2,1,DUPLICADO_EXACTO,1
00000749,2023,2,3,1,DUPLICADO_EXACTO,2
00000749,2026,7,2,1,DUPLICADO_EXACTO,1
00000750,2022,10,2,1,DUPLICADO_EXACTO,1
00000750,2023,2,3,1,DUPLICADO_EXACTO,2
00000750,2026,7,2,1,DUPLICADO_EXACTO,1
00000751,2022,10,2,1,DUPLICADO_EXACTO,1
00000752,2022,10,2,1,DUPLICADO_EXACTO,1
00000752,2023,2,3,1,DUPLICADO_EXACTO,2
00000752,2026,7,2,1,DUPLICADO_EXACTO,1
00000754,2019,3,2,1,DUPLICADO_EXACTO,1
00000755,2020,4,2,1,DUPLICADO_EXACTO,1
00000758,2021,2,2,1,DUPLICADO_EXACTO,1
00000759,2024,1,3,1,DUPLICADO_EXACTO,2
00000759,2024,6,2,1,DUPLICADO_EXACTO,1
00000759,2024,7,2,1,DUPLICADO_EXACTO,1
00000759,2025,2,2,1,DUPLICADO_EXACTO,1
00000759,2025,3,2,1,DUPLICADO_EXACTO,1
00000759,2025,7,2,1,DUPLICADO_EXACTO,1
00000759,2025,9,2,1,DUPLICADO_EXACTO,1
00000759,2025,10,2,1,DUPLICADO_EXACTO,1
00000760,2024,8,2,1,DUPLICADO_EXACTO,1
00000760,2025,10,3,1,DUPLICADO_EXACTO,2
00000761,2019,7,2,1,DUPLICADO_EXACTO,1
00000761,2020,4,2,1,DUPLICADO_EXACTO,1
00000761,2024,8,2,1,DUPLICADO_EXACTO,1
00000761,2025,10,3,1,DUPLICADO_EXACTO,2
00000762,2019,7,3,1,DUPLICADO_EXACTO,2
00000762,2020,4,2,1,DUPLICADO_EXACTO,1
00000762,2024,8,2,1,DUPLICADO_EXACTO,1
00000762,2025,10,3,1,DUPLICADO_EXACTO,2
00000763,2019,7,2,1,DUPLICADO_EXACTO,1
00000763,2020,4,2,1,DUPLICADO_EXACTO,1
00000763,2024,8,2,1,DUPLICADO_EXACTO,1
00000763,2025,10,3,1,DUPLICADO_EXACTO,2
00000766,2019,9,2,1,DUPLICADO_EXACTO,1
00000770,2019,11,2,1,DUPLICADO_EXACTO,1
00000770,2020,7,2,1,DUPLICADO_EXACTO,1
00000771,2020,7,2,1,DUPLICADO_EXACTO,1
00000772,2020,7,2,1,DUPLICADO_EXACTO,1
00000773,2020,7,2,1,DUPLICADO_EXACTO,1
00000775,2020,1,2,1,DUPLICADO_EXACTO,1
00000775,2020,2,14,1,DUPLICADO_EXACTO,13
00000775,2020,3,2,1,DUPLICADO_EXACTO,1
00000775,2020,4,3,1,DUPLICADO_EXACTO,2
00000775,2020,7,2,1,DUPLICADO_EXACTO,1
00000775,2020,8,2,1,DUPLICADO_EXACTO,1
00000775,2020,9,2,1,DUPLICADO_EXACTO,1
00000775,2020,10,2,1,DUPLICADO_EXACTO,1
00000775,2020,11,2,1,DUPLICADO_EXACTO,1
00000775,2020,12,2,1,DUPLICADO_EXACTO,1
00000775,2021,1,2,1,DUPLICADO_EXACTO,1
00000775,2021,7,2,1,DUPLICADO_EXACTO,1
00000775,2021,8,2,1,DUPLICADO_EXACTO,1
00000775,2022,10,2,1,DUPLICADO_EXACTO,1
00000775,2022,11,2,1,DUPLICADO_EXACTO,1
00000775,2025,2,2,1,DUPLICADO_EXACTO,1
00000776,2022,10,2,1,DUPLICADO_EXACTO,1
00000776,2022,11,2,1,DUPLICADO_EXACTO,1
00000776,2025,2,2,1,DUPLICADO_EXACTO,1
00000785,2020,1,2,1,DUPLICADO_EXACTO,1
00000785,2020,2,2,1,DUPLICADO_EXACTO,1
00000785,2020,4,2,1,DUPLICADO_EXACTO,1
00000785,2020,10,2,1,DUPLICADO_EXACTO,1
00000787,2020,1,2,1,DUPLICADO_EXACTO,1
00000787,2020,2,2,1,DUPLICADO_EXACTO,1
00000787,2020,4,2,1,DUPLICADO_EXACTO,1
00000787,2020,6,2,1,DUPLICADO_EXACTO,1
00000787,2020,10,2,1,DUPLICADO_EXACTO,1
00000787,2024,1,2,1,DUPLICADO_EXACTO,1
00000787,2025,3,2,1,DUPLICADO_EXACTO,1
00000788,2019,9,2,1,DUPLICADO_EXACTO,1
00000788,2020,1,2,1,DUPLICADO_EXACTO,1
00000788,2020,2,2,1,DUPLICADO_EXACTO,1
00000788,2020,4,2,1,DUPLICADO_EXACTO,1
00000788,2020,6,2,1,DUPLICADO_EXACTO,1
00000788,2020,10,2,1,DUPLICADO_EXACTO,1
00000788,2024,1,2,1,DUPLICADO_EXACTO,1
00000788,2025,3,2,1,DUPLICADO_EXACTO,1
00000789,2020,7,2,1,DUPLICADO_EXACTO,1
00000789,2024,11,2,1,DUPLICADO_EXACTO,1
00000789,2025,4,7,1,DUPLICADO_EXACTO,6
00000794,2020,7,3,1,DUPLICADO_EXACTO,2
00000794,2024,1,2,1,DUPLICADO_EXACTO,1
00000794,2024,11,2,1,DUPLICADO_EXACTO,1
00000795,2020,1,2,1,DUPLICADO_EXACTO,1
00000795,2020,2,2,1,DUPLICADO_EXACTO,1
00000795,2020,3,2,1,DUPLICADO_EXACTO,1
00000795,2020,9,2,1,DUPLICADO_EXACTO,1
00000795,2024,7,2,1,DUPLICADO_EXACTO,1
00000795,2025,6,2,1,DUPLICADO_EXACTO,1
00000796,2020,3,8,1,DUPLICADO_EXACTO,7
00000796,2024,1,2,1,DUPLICADO_EXACTO,1
00000797,2021,8,2,1,DUPLICADO_EXACTO,1
00000800,2019,10,2,1,DUPLICADO_EXACTO,1
00000808,2025,10,4,1,DUPLICADO_EXACTO,3
00000811,2025,10,4,1,DUPLICADO_EXACTO,3
00000821,2019,3,3,1,DUPLICADO_EXACTO,2
00000841,2025,10,4,1,DUPLICADO_EXACTO,3
00000842,2025,10,4,1,DUPLICADO_EXACTO,3
00000844,2025,6,2,1,DUPLICADO_EXACTO,1
00000846,2025,10,2,1,DUPLICADO_EXACTO,1
00000851,2025,3,2,1,DUPLICADO_EXACTO,1
00000851,2025,6,2,1,DUPLICADO_EXACTO,1
00000853,2025,3,2,1,DUPLICADO_EXACTO,1
00000853,2025,6,2,1,DUPLICADO_EXACTO,1
00000878,2026,7,2,1,DUPLICADO_EXACTO,1
00000882,2019,9,2,1,DUPLICADO_EXACTO,1
00000883,2020,5,3,1,DUPLICADO_EXACTO,2
00000883,2020,7,2,1,DUPLICADO_EXACTO,1
00000883,2026,2,3,1,DUPLICADO_EXACTO,2
00000883,2026,6,2,1,DUPLICADO_EXACTO,1
00000884,2020,12,2,1,DUPLICADO_EXACTO,1
00000884,2026,2,3,1,DUPLICADO_EXACTO,2
00000885,2020,5,3,1,DUPLICADO_EXACTO,2
00000885,2020,7,2,1,DUPLICADO_EXACTO,1
00000885,2020,12,2,1,DUPLICADO_EXACTO,1
00000885,2026,6,2,1,DUPLICADO_EXACTO,1
00000887,2020,1,3,1,DUPLICADO_EXACTO,2
00000887,2020,3,2,1,DUPLICADO_EXACTO,1
00000887,2020,4,3,1,DUPLICADO_EXACTO,2
00000887,2020,10,3,1,DUPLICADO_EXACTO,2
00000887,2021,4,2,1,DUPLICADO_EXACTO,1
00000887,2022,2,2,1,DUPLICADO_EXACTO,1
00000888,2019,11,2,1,DUPLICADO_EXACTO,1
00000888,2019,12,2,1,DUPLICADO_EXACTO,1
00000888,2020,1,3,1,DUPLICADO_EXACTO,2
00000888,2020,3,2,1,DUPLICADO_EXACTO,1
00000888,2020,4,3,1,DUPLICADO_EXACTO,2
00000888,2021,1,2,1,DUPLICADO_EXACTO,1
00000888,2021,4,2,1,DUPLICADO_EXACTO,1
00000889,2019,5,2,1,DUPLICADO_EXACTO,1
00000889,2019,11,2,1,DUPLICADO_EXACTO,1
00000889,2020,3,2,1,DUPLICADO_EXACTO,1
00000889,2020,4,3,1,DUPLICADO_EXACTO,2
00000889,2020,10,3,1,DUPLICADO_EXACTO,2
00000889,2021,1,2,1,DUPLICADO_EXACTO,1
00000890,2020,10,3,1,DUPLICADO_EXACTO,2
00000890,2021,1,2,1,DUPLICADO_EXACTO,1
00000890,2021,4,2,1,DUPLICADO_EXACTO,1
00000890,2022,2,2,1,DUPLICADO_EXACTO,1
00000891,2020,4,3,1,DUPLICADO_EXACTO,2
00000891,2021,1,2,1,DUPLICADO_EXACTO,1
00000891,2021,4,2,1,DUPLICADO_EXACTO,1
00000897,2019,5,2,1,DUPLICADO_EXACTO,1
00000897,2020,4,2,1,DUPLICADO_EXACTO,1
00000897,2020,6,4,1,DUPLICADO_EXACTO,3
00000898,2020,1,3,1,DUPLICADO_EXACTO,2
00000898,2020,4,2,1,DUPLICADO_EXACTO,1
00000898,2020,5,7,1,DUPLICADO_EXACTO,6
00000898,2020,6,4,1,DUPLICADO_EXACTO,3
00000899,2026,7,2,1,DUPLICADO_EXACTO,1
00000902,2019,8,2,1,DUPLICADO_EXACTO,1
00000904,2019,12,3,1,DUPLICADO_EXACTO,2
00000906,2019,11,2,1,DUPLICADO_EXACTO,1
00000978,2025,2,2,1,DUPLICADO_EXACTO,1
00000995,2025,10,2,1,DUPLICADO_EXACTO,1
00000995,2026,2,3,1,DUPLICADO_EXACTO,2
00000995,2026,5,2,1,DUPLICADO_EXACTO,1
00000995,2026,6,2,1,DUPLICADO_EXACTO,1
00000995,2026,7,4,1,DUPLICADO_EXACTO,3
00000996,2025,8,7,1,DUPLICADO_EXACTO,6
00000996,2025,10,2,1,DUPLICADO_EXACTO,1
00000996,2026,2,3,1,DUPLICADO_EXACTO,2
00000996,2026,5,2,1,DUPLICADO_EXACTO,1
00000996,2026,6,2,1,DUPLICADO_EXACTO,1
00000996,2026,7,5,1,DUPLICADO_EXACTO,4
00000997,2025,8,7,1,DUPLICADO_EXACTO,6
00000997,2025,10,2,1,DUPLICADO_EXACTO,1
00000997,2026,2,3,1,DUPLICADO_EXACTO,2
00000997,2026,5,2,1,DUPLICADO_EXACTO,1
00000997,2026,6,2,1,DUPLICADO_EXACTO,1
00000997,2026,7,5,1,DUPLICADO_EXACTO,4
00000998,2025,8,7,1,DUPLICADO_EXACTO,6
00000998,2025,10,2,1,DUPLICADO_EXACTO,1
00000998,2026,2,3,1,DUPLICADO_EXACTO,2
00000998,2026,5,2,1,DUPLICADO_EXACTO,1
00000998,2026,6,2,1,DUPLICADO_EXACTO,1
00000998,2026,7,5,1,DUPLICADO_EXACTO,4
00000999,2025,8,7,1,DUPLICADO_EXACTO,6
00000999,2025,10,2,1,DUPLICADO_EXACTO,1
00000999,2026,2,3,1,DUPLICADO_EXACTO,2
00000999,2026,5,2,1,DUPLICADO_EXACTO,1
00000999,2026,6,2,1,DUPLICADO_EXACTO,1
00000999,2026,7,5,1,DUPLICADO_EXACTO,4
00001000,2025,8,7,1,DUPLICADO_EXACTO,6
00001000,2025,10,2,1,DUPLICADO_EXACTO,1
00001000,2026,2,3,1,DUPLICADO_EXACTO,2
00001000,2026,5,2,1,DUPLICADO_EXACTO,1
00001000,2026,6,2,1,DUPLICADO_EXACTO,1
00001000,2026,7,5,1,DUPLICADO_EXACTO,4
00001001,2025,8,7,1,DUPLICADO_EXACTO,6
00001001,2025,10,2,1,DUPLICADO_EXACTO,1
00001001,2026,2,3,1,DUPLICADO_EXACTO,2
00001001,2026,5,2,1,DUPLICADO_EXACTO,1
00001001,2026,6,2,1,DUPLICADO_EXACTO,1
00001001,2026,7,5,1,DUPLICADO_EXACTO,4
00001002,2025,8,7,1,DUPLICADO_EXACTO,6
00001002,2025,10,2,1,DUPLICADO_EXACTO,1
00001002,2026,2,3,1,DUPLICADO_EXACTO,2
00001002,2026,5,2,1,DUPLICADO_EXACTO,1
00001002,2026,6,2,1,DUPLICADO_EXACTO,1
00001002,2026,7,5,1,DUPLICADO_EXACTO,4
00001003,2025,8,7,1,DUPLICADO_EXACTO,6
00001003,2025,10,2,1,DUPLICADO_EXACTO,1
00001003,2026,2,3,1,DUPLICADO_EXACTO,2
00001003,2026,5,2,1,DUPLICADO_EXACTO,1
00001003,2026,6,2,1,DUPLICADO_EXACTO,1
00001003,2026,7,5,1,DUPLICADO_EXACTO,4
00001004,2025,8,7,1,DUPLICADO_EXACTO,6
00001004,2025,10,2,1,DUPLICADO_EXACTO,1
00001004,2026,2,3,1,DUPLICADO_EXACTO,2
00001004,2026,5,2,1,DUPLICADO_EXACTO,1
00001004,2026,6,2,1,DUPLICADO_EXACTO,1
00001004,2026,7,5,1,DUPLICADO_EXACTO,4
00001005,2025,8,7,1,DUPLICADO_EXACTO,6
00001005,2025,10,2,1,DUPLICADO_EXACTO,1
00001005,2026,2,3,1,DUPLICADO_EXACTO,2
00001005,2026,5,2,1,DUPLICADO_EXACTO,1
00001005,2026,6,2,1,DUPLICADO_EXACTO,1
00001005,2026,7,5,1,DUPLICADO_EXACTO,4
00001006,2025,8,7,1,DUPLICADO_EXACTO,6
00001006,2025,10,2,1,DUPLICADO_EXACTO,1
00001006,2026,2,3,1,DUPLICADO_EXACTO,2
00001006,2026,5,2,1,DUPLICADO_EXACTO,1
00001006,2026,6,2,1,DUPLICADO_EXACTO,1
00001006,2026,7,5,1,DUPLICADO_EXACTO,4
00001007,2025,8,7,1,DUPLICADO_EXACTO,6
00001007,2025,10,2,1,DUPLICADO_EXACTO,1
00001007,2026,2,3,1,DUPLICADO_EXACTO,2
00001007,2026,5,2,1,DUPLICADO_EXACTO,1
00001007,2026,6,2,1,DUPLICADO_EXACTO,1
00001007,2026,7,5,1,DUPLICADO_EXACTO,4
00001036,2025,8,7,1,DUPLICADO_EXACTO,6
00001036,2025,10,2,1,DUPLICADO_EXACTO,1
00001036,2026,2,3,1,DUPLICADO_EXACTO,2
00001036,2026,5,2,1,DUPLICADO_EXACTO,1
00001036,2026,6,2,1,DUPLICADO_EXACTO,1
00001036,2026,7,5,1,DUPLICADO_EXACTO,4
00001051,2025,2,2,1,DUPLICADO_EXACTO,1
00001052,2025,2,2,1,DUPLICADO_EXACTO,1
00001053,2025,2,2,1,DUPLICADO_EXACTO,1
00001055,2025,2,2,1,DUPLICADO_EXACTO,1
00001058,2025,2,2,1,DUPLICADO_EXACTO,1
00001059,2025,2,2,1,DUPLICADO_EXACTO,1
00001061,2024,12,2,1,DUPLICADO_EXACTO,1
00001063,2024,12,2,1,DUPLICADO_EXACTO,1
00001064,2024,12,2,1,DUPLICADO_EXACTO,1
00001064,2025,7,2,1,DUPLICADO_EXACTO,1
00001064,2025,10,3,1,DUPLICADO_EXACTO,2
00001065,2024,12,2,1,DUPLICADO_EXACTO,1
00001066,2025,10,3,1,DUPLICADO_EXACTO,2
00001067,2024,12,2,1,DUPLICADO_EXACTO,1
00001069,2024,12,2,1,DUPLICADO_EXACTO,1
00001073,2023,12,2,1,DUPLICADO_EXACTO,1
00001074,2023,12,2,1,DUPLICADO_EXACTO,1
00001075,2023,12,2,1,DUPLICADO_EXACTO,1
00001077,2023,12,2,1,DUPLICADO_EXACTO,1
00001079,2023,12,2,1,DUPLICADO_EXACTO,1
00001081,2025,7,2,1,DUPLICADO_EXACTO,1
00001082,2025,4,2,1,DUPLICADO_EXACTO,1
00001082,2025,5,2,1,DUPLICADO_EXACTO,1
00001082,2025,7,2,1,DUPLICADO_EXACTO,1
00001082,2026,4,2,1,DUPLICADO_EXACTO,1
00001083,2025,4,2,1,DUPLICADO_EXACTO,1
00001083,2025,5,2,1,DUPLICADO_EXACTO,1
00001083,2025,7,2,1,DUPLICADO_EXACTO,1
00001083,2026,4,2,1,DUPLICADO_EXACTO,1
00001084,2025,4,2,1,DUPLICADO_EXACTO,1
00001084,2025,5,2,1,DUPLICADO_EXACTO,1
00001084,2025,7,2,1,DUPLICADO_EXACTO,1
00001084,2026,4,2,1,DUPLICADO_EXACTO,1
00001086,2025,4,2,1,DUPLICADO_EXACTO,1
00001086,2025,5,2,1,DUPLICADO_EXACTO,1
00001086,2025,7,2,1,DUPLICADO_EXACTO,1
00001086,2026,4,2,1,DUPLICADO_EXACTO,1
00001087,2023,12,2,1,DUPLICADO_EXACTO,1
00001088,2023,12,2,1,DUPLICADO_EXACTO,1
00001089,2023,12,2,1,DUPLICADO_EXACTO,1
00001090,2023,12,2,1,DUPLICADO_EXACTO,1
00001091,2023,12,2,1,DUPLICADO_EXACTO,1
00001092,2023,12,2,1,DUPLICADO_EXACTO,1
00001093,2024,1,2,1,DUPLICADO_EXACTO,1
00001093,2025,6,2,1,DUPLICADO_EXACTO,1
00001094,2023,12,2,1,DUPLICADO_EXACTO,1
00001094,2024,1,2,1,DUPLICADO_EXACTO,1
00001094,2025,6,2,1,DUPLICADO_EXACTO,1
00001095,2023,12,2,1,DUPLICADO_EXACTO,1
00001095,2024,1,2,1,DUPLICADO_EXACTO,1
00001095,2025,6,2,1,DUPLICADO_EXACTO,1
00001096,2024,6,2,1,DUPLICADO_EXACTO,1
00001096,2024,7,24,1,DUPLICADO_EXACTO,23
00001096,2024,8,2,1,DUPLICADO_EXACTO,1
00001096,2025,2,2,1,DUPLICADO_EXACTO,1
00001096,2026,4,8,1,DUPLICADO_EXACTO,7
00001097,2025,6,2,1,DUPLICADO_EXACTO,1
00001098,2023,12,2,1,DUPLICADO_EXACTO,1
00001098,2024,1,2,1,DUPLICADO_EXACTO,1
00001098,2025,6,2,1,DUPLICADO_EXACTO,1
00001099,2023,12,2,1,DUPLICADO_EXACTO,1
00001099,2024,1,2,1,DUPLICADO_EXACTO,1
00001099,2025,6,2,1,DUPLICADO_EXACTO,1
00001100,2023,12,2,1,DUPLICADO_EXACTO,1
00001100,2024,1,2,1,DUPLICADO_EXACTO,1
00001100,2025,6,2,1,DUPLICADO_EXACTO,1
00001101,2023,12,2,1,DUPLICADO_EXACTO,1
00001101,2024,1,2,1,DUPLICADO_EXACTO,1
00001102,2025,6,2,1,DUPLICADO_EXACTO,1
00001103,2025,6,2,1,DUPLICADO_EXACTO,1
00001104,2023,12,2,1,DUPLICADO_EXACTO,1
00001104,2024,1,2,1,DUPLICADO_EXACTO,1
00001104,2025,6,2,1,DUPLICADO_EXACTO,1
00001107,2023,12,3,1,DUPLICADO_EXACTO,2
00001107,2024,6,2,1,DUPLICADO_EXACTO,1
00001107,2024,7,24,1,DUPLICADO_EXACTO,23
00001107,2024,8,2,1,DUPLICADO_EXACTO,1
00001107,2025,1,6,1,DUPLICADO_EXACTO,5
00001107,2025,2,2,1,DUPLICADO_EXACTO,1
00001107,2026,4,8,1,DUPLICADO_EXACTO,7
00001108,2026,5,2,1,DUPLICADO_EXACTO,1
00001118,2023,12,2,1,DUPLICADO_EXACTO,1
00001118,2024,6,2,1,DUPLICADO_EXACTO,1
00001118,2024,8,2,1,DUPLICADO_EXACTO,1
00001119,2023,12,2,1,DUPLICADO_EXACTO,1
00001119,2024,6,2,1,DUPLICADO_EXACTO,1
00001119,2024,8,2,1,DUPLICADO_EXACTO,1
00001120,2024,6,2,1,DUPLICADO_EXACTO,1
00001120,2024,8,2,1,DUPLICADO_EXACTO,1
00001121,2023,12,2,1,DUPLICADO_EXACTO,1
00001121,2024,6,2,1,DUPLICADO_EXACTO,1
00001121,2024,8,2,1,DUPLICADO_EXACTO,1
00001122,2023,12,2,1,DUPLICADO_EXACTO,1
00001123,2024,6,2,1,DUPLICADO_EXACTO,1
00001125,2023,12,2,1,DUPLICADO_EXACTO,1
00001125,2024,6,2,1,DUPLICADO_EXACTO,1
00001125,2024,8,2,1,DUPLICADO_EXACTO,1
00001126,2024,6,2,1,DUPLICADO_EXACTO,1
00001126,2024,8,2,1,DUPLICADO_EXACTO,1
00001128,2023,12,2,1,DUPLICADO_EXACTO,1
00001128,2024,6,2,1,DUPLICADO_EXACTO,1
00001128,2024,8,2,1,DUPLICADO_EXACTO,1
00001129,2023,12,2,1,DUPLICADO_EXACTO,1
00001129,2024,6,2,1,DUPLICADO_EXACTO,1
00001129,2024,8,2,1,DUPLICADO_EXACTO,1
00001130,2023,12,2,1,DUPLICADO_EXACTO,1
00001130,2024,6,2,1,DUPLICADO_EXACTO,1
00001130,2024,8,2,1,DUPLICADO_EXACTO,1
00001131,2024,6,2,1,DUPLICADO_EXACTO,1
00001131,2024,8,2,1,DUPLICADO_EXACTO,1
00001132,2023,12,2,1,DUPLICADO_EXACTO,1
00001132,2024,6,2,1,DUPLICADO_EXACTO,1
00001132,2024,8,2,1,DUPLICADO_EXACTO,1
00001133,2024,6,2,1,DUPLICADO_EXACTO,1
00001133,2024,7,24,1,DUPLICADO_EXACTO,23
00001133,2024,8,2,1,DUPLICADO_EXACTO,1
00001133,2026,4,8,1,DUPLICADO_EXACTO,7
00001134,2023,12,3,1,DUPLICADO_EXACTO,2
00001134,2024,6,2,1,DUPLICADO_EXACTO,1
00001134,2024,7,24,1,DUPLICADO_EXACTO,23
00001134,2024,8,2,1,DUPLICADO_EXACTO,1
00001134,2025,1,6,1,DUPLICADO_EXACTO,5
00001134,2025,2,2,1,DUPLICADO_EXACTO,1
00001134,2026,4,8,1,DUPLICADO_EXACTO,7
00001135,2023,12,3,1,DUPLICADO_EXACTO,2
00001135,2024,6,2,1,DUPLICADO_EXACTO,1
00001135,2024,7,24,1,DUPLICADO_EXACTO,23
00001135,2024,8,2,1,DUPLICADO_EXACTO,1
00001135,2025,1,6,1,DUPLICADO_EXACTO,5
00001135,2026,4,8,1,DUPLICADO_EXACTO,7
00001136,2023,12,3,1,DUPLICADO_EXACTO,2
00001136,2024,6,2,1,DUPLICADO_EXACTO,1
00001136,2024,7,24,1,DUPLICADO_EXACTO,23
00001136,2024,8,2,1,DUPLICADO_EXACTO,1
00001136,2025,1,6,1,DUPLICADO_EXACTO,5
00001136,2025,2,2,1,DUPLICADO_EXACTO,1
00001136,2026,4,8,1,DUPLICADO_EXACTO,7
00001137,2023,12,3,1,DUPLICADO_EXACTO,2
00001137,2024,6,2,1,DUPLICADO_EXACTO,1
00001137,2024,7,24,1,DUPLICADO_EXACTO,23
00001137,2024,8,2,1,DUPLICADO_EXACTO,1
00001137,2025,1,6,1,DUPLICADO_EXACTO,5
00001137,2025,2,2,1,DUPLICADO_EXACTO,1
00001137,2026,4,8,1,DUPLICADO_EXACTO,7
00001138,2023,12,3,1,DUPLICADO_EXACTO,2
00001138,2024,6,2,1,DUPLICADO_EXACTO,1
00001138,2024,7,24,1,DUPLICADO_EXACTO,23
00001138,2024,8,2,1,DUPLICADO_EXACTO,1
00001138,2025,1,6,1,DUPLICADO_EXACTO,5
00001138,2026,4,8,1,DUPLICADO_EXACTO,7
00001139,2024,6,2,1,DUPLICADO_EXACTO,1
00001139,2024,7,24,1,DUPLICADO_EXACTO,23
00001139,2024,8,2,1,DUPLICADO_EXACTO,1
00001139,2025,2,2,1,DUPLICADO_EXACTO,1
00001139,2026,4,8,1,DUPLICADO_EXACTO,7
00001140,2023,12,3,1,DUPLICADO_EXACTO,2
00001140,2024,6,2,1,DUPLICADO_EXACTO,1
00001140,2024,7,24,1,DUPLICADO_EXACTO,23
00001140,2024,8,2,1,DUPLICADO_EXACTO,1
00001140,2025,1,6,1,DUPLICADO_EXACTO,5
00001140,2025,2,2,1,DUPLICADO_EXACTO,1
00001140,2026,4,8,1,DUPLICADO_EXACTO,7
00001141,2023,12,3,1,DUPLICADO_EXACTO,2
00001141,2024,6,2,1,DUPLICADO_EXACTO,1
00001141,2024,7,24,1,DUPLICADO_EXACTO,23
00001141,2024,8,2,1,DUPLICADO_EXACTO,1
00001141,2025,1,6,1,DUPLICADO_EXACTO,5
00001141,2025,2,2,1,DUPLICADO_EXACTO,1
00001141,2026,4,8,1,DUPLICADO_EXACTO,7
00001142,2023,12,3,1,DUPLICADO_EXACTO,2
00001142,2025,1,6,1,DUPLICADO_EXACTO,5
00001142,2025,2,2,1,DUPLICADO_EXACTO,1
00001142,2026,4,8,1,DUPLICADO_EXACTO,7
00001143,2024,6,2,1,DUPLICADO_EXACTO,1
00001143,2024,7,24,1,DUPLICADO_EXACTO,23
00001143,2024,8,2,1,DUPLICADO_EXACTO,1
00001143,2025,2,2,1,DUPLICADO_EXACTO,1
00001144,2024,6,2,1,DUPLICADO_EXACTO,1
00001144,2024,7,24,1,DUPLICADO_EXACTO,23
00001144,2024,8,2,1,DUPLICADO_EXACTO,1
00001144,2025,2,2,1,DUPLICADO_EXACTO,1
00001145,2023,12,3,1,DUPLICADO_EXACTO,2
00001145,2024,6,2,1,DUPLICADO_EXACTO,1
00001145,2024,7,24,1,DUPLICADO_EXACTO,23
00001145,2024,8,2,1,DUPLICADO_EXACTO,1
00001145,2025,2,2,1,DUPLICADO_EXACTO,1
00001145,2026,4,8,1,DUPLICADO_EXACTO,7
00001146,2023,12,3,1,DUPLICADO_EXACTO,2
00001146,2024,6,2,1,DUPLICADO_EXACTO,1
00001146,2024,7,24,1,DUPLICADO_EXACTO,23
00001146,2024,8,2,1,DUPLICADO_EXACTO,1
00001146,2025,1,6,1,DUPLICADO_EXACTO,5
00001146,2025,2,2,1,DUPLICADO_EXACTO,1
00001146,2026,4,8,1,DUPLICADO_EXACTO,7
00001147,2023,12,3,1,DUPLICADO_EXACTO,2
00001147,2024,6,2,1,DUPLICADO_EXACTO,1
00001147,2024,7,24,1,DUPLICADO_EXACTO,23
00001147,2024,8,2,1,DUPLICADO_EXACTO,1
00001147,2025,1,6,1,DUPLICADO_EXACTO,5
00001147,2025,2,2,1,DUPLICADO_EXACTO,1
00001147,2026,4,8,1,DUPLICADO_EXACTO,7
00001148,2023,12,3,1,DUPLICADO_EXACTO,2
00001148,2024,6,2,1,DUPLICADO_EXACTO,1
00001148,2024,7,24,1,DUPLICADO_EXACTO,23
00001148,2024,8,2,1,DUPLICADO_EXACTO,1
00001148,2025,1,6,1,DUPLICADO_EXACTO,5
00001148,2025,2,2,1,DUPLICADO_EXACTO,1
00001148,2026,4,8,1,DUPLICADO_EXACTO,7
00001149,2023,12,3,1,DUPLICADO_EXACTO,2
00001149,2024,6,2,1,DUPLICADO_EXACTO,1
00001149,2024,7,24,1,DUPLICADO_EXACTO,23
00001149,2024,8,2,1,DUPLICADO_EXACTO,1
00001149,2025,1,6,1,DUPLICADO_EXACTO,5
00001149,2025,2,2,1,DUPLICADO_EXACTO,1
00001149,2026,4,8,1,DUPLICADO_EXACTO,7
00001150,2023,12,3,1,DUPLICADO_EXACTO,2
00001150,2024,6,2,1,DUPLICADO_EXACTO,1
00001150,2024,7,24,1,DUPLICADO_EXACTO,23
00001150,2024,8,2,1,DUPLICADO_EXACTO,1
00001150,2025,1,6,1,DUPLICADO_EXACTO,5
00001150,2025,2,2,1,DUPLICADO_EXACTO,1
00001150,2026,4,8,1,DUPLICADO_EXACTO,7
00001151,2023,12,3,1,DUPLICADO_EXACTO,2
00001151,2024,6,2,1,DUPLICADO_EXACTO,1
00001151,2024,7,24,1,DUPLICADO_EXACTO,23
00001151,2024,8,2,1,DUPLICADO_EXACTO,1
00001151,2025,1,6,1,DUPLICADO_EXACTO,5
00001151,2025,2,2,1,DUPLICADO_EXACTO,1
00001151,2026,4,8,1,DUPLICADO_EXACTO,7
00001152,2023,12,3,1,DUPLICADO_EXACTO,2
00001152,2024,6,2,1,DUPLICADO_EXACTO,1
00001152,2024,7,24,1,DUPLICADO_EXACTO,23
00001152,2024,8,2,1,DUPLICADO_EXACTO,1
00001152,2025,1,6,1,DUPLICADO_EXACTO,5
00001152,2025,2,2,1,DUPLICADO_EXACTO,1
00001152,2026,4,8,1,DUPLICADO_EXACTO,7
00001153,2023,12,3,1,DUPLICADO_EXACTO,2
00001153,2024,6,2,1,DUPLICADO_EXACTO,1
00001153,2024,7,24,1,DUPLICADO_EXACTO,23
00001153,2024,8,2,1,DUPLICADO_EXACTO,1
00001153,2025,1,6,1,DUPLICADO_EXACTO,5
00001153,2025,2,2,1,DUPLICADO_EXACTO,1
00001153,2026,4,8,1,DUPLICADO_EXACTO,7
00001154,2023,12,3,1,DUPLICADO_EXACTO,2
00001154,2024,6,2,1,DUPLICADO_EXACTO,1
00001154,2024,7,24,1,DUPLICADO_EXACTO,23
00001154,2024,8,2,1,DUPLICADO_EXACTO,1
00001154,2025,1,6,1,DUPLICADO_EXACTO,5
00001154,2025,2,2,1,DUPLICADO_EXACTO,1
00001154,2026,4,8,1,DUPLICADO_EXACTO,7
00001155,2024,6,2,1,DUPLICADO_EXACTO,1
00001155,2024,7,24,1,DUPLICADO_EXACTO,23
00001155,2024,8,2,1,DUPLICADO_EXACTO,1
00001155,2025,2,2,1,DUPLICADO_EXACTO,1
00001155,2026,4,8,1,DUPLICADO_EXACTO,7
00001156,2023,12,2,1,DUPLICADO_EXACTO,1
00001157,2023,12,2,1,DUPLICADO_EXACTO,1
00001158,2023,12,2,1,DUPLICADO_EXACTO,1
00001158,2024,6,2,1,DUPLICADO_EXACTO,1
00001158,2024,8,2,1,DUPLICADO_EXACTO,1
00001160,2023,12,2,1,DUPLICADO_EXACTO,1
00001163,2023,12,2,1,DUPLICADO_EXACTO,1
00001167,2023,12,2,1,DUPLICADO_EXACTO,1
00001168,2023,12,2,1,DUPLICADO_EXACTO,1
00001169,2023,12,2,1,DUPLICADO_EXACTO,1
00001170,2023,12,2,1,DUPLICADO_EXACTO,1
00001171,2023,12,2,1,DUPLICADO_EXACTO,1
00001172,2023,12,2,1,DUPLICADO_EXACTO,1
00001173,2024,6,2,1,DUPLICADO_EXACTO,1
00001173,2024,8,2,1,DUPLICADO_EXACTO,1
00001174,2023,12,2,1,DUPLICADO_EXACTO,1
00001176,2025,10,3,1,DUPLICADO_EXACTO,2
00001177,2025,10,3,1,DUPLICADO_EXACTO,2
00001178,2025,10,3,1,DUPLICADO_EXACTO,2
00001179,2025,10,3,1,DUPLICADO_EXACTO,2
00001180,2025,10,3,1,DUPLICADO_EXACTO,2
00001181,2025,10,3,1,DUPLICADO_EXACTO,2
00001182,2025,10,3,1,DUPLICADO_EXACTO,2
00001183,2025,10,3,1,DUPLICADO_EXACTO,2
00001184,2025,10,3,1,DUPLICADO_EXACTO,2
00001186,2025,10,3,1,DUPLICADO_EXACTO,2
00001187,2025,10,3,1,DUPLICADO_EXACTO,2
00001190,2025,10,3,1,DUPLICADO_EXACTO,2
00001206,2024,12,2,1,DUPLICADO_EXACTO,1
00001217,2024,12,2,1,DUPLICADO_EXACTO,1
00001233,2018,11,2,1,DUPLICADO_EXACTO,1
00001233,2026,3,2,1,DUPLICADO_EXACTO,1
00001234,2026,2,2,1,DUPLICADO_EXACTO,1
00001236,2025,12,2,1,DUPLICADO_EXACTO,1
00001237,2021,2,2,1,DUPLICADO_EXACTO,1
00001237,2022,1,2,1,DUPLICADO_EXACTO,1
00001238,2020,4,2,1,DUPLICADO_EXACTO,1
00001238,2021,7,2,1,DUPLICADO_EXACTO,1
00001241,2019,11,2,1,DUPLICADO_EXACTO,1
00001243,2019,5,2,1,DUPLICADO_EXACTO,1
00001247,2022,1,2,1,DUPLICADO_EXACTO,1
00001247,2024,8,2,1,DUPLICADO_EXACTO,1
00001248,2025,12,2,1,DUPLICADO_EXACTO,1
00001249,2020,4,2,1,DUPLICADO_EXACTO,1
00001249,2021,7,2,1,DUPLICADO_EXACTO,1
00001251,2021,2,2,1,DUPLICADO_EXACTO,1
00001251,2022,1,2,1,DUPLICADO_EXACTO,1
00001251,2024,8,2,1,DUPLICADO_EXACTO,1
00001252,2021,7,2,1,DUPLICADO_EXACTO,1
00001254,2019,10,2,1,DUPLICADO_EXACTO,1
00001257,2020,4,2,1,DUPLICADO_EXACTO,1
00001257,2023,5,2,1,DUPLICADO_EXACTO,1
00001257,2026,2,2,1,DUPLICADO_EXACTO,1
00001258,2025,4,2,1,DUPLICADO_EXACTO,1
00001258,2025,9,2,1,DUPLICADO_EXACTO,1
00001258,2025,10,2,1,DUPLICADO_EXACTO,1
00001258,2025,11,2,1,DUPLICADO_EXACTO,1
00001258,2026,1,2,1,DUPLICADO_EXACTO,1
00001258,2026,2,2,1,DUPLICADO_EXACTO,1
00001258,2026,5,2,1,DUPLICADO_EXACTO,1
00001259,2020,10,2,1,DUPLICADO_EXACTO,1
00001259,2022,1,3,1,DUPLICADO_EXACTO,2
00001261,2025,1,2,1,DUPLICADO_EXACTO,1
00001262,2025,1,2,1,DUPLICADO_EXACTO,1
00001263,2020,4,2,1,DUPLICADO_EXACTO,1
00001263,2023,3,2,1,DUPLICADO_EXACTO,1
00001263,2023,5,2,1,DUPLICADO_EXACTO,1
00001263,2026,2,2,1,DUPLICADO_EXACTO,1
00001264,2020,4,2,1,DUPLICADO_EXACTO,1
00001264,2023,3,2,1,DUPLICADO_EXACTO,1
00001264,2023,5,2,1,DUPLICADO_EXACTO,1
00001264,2026,2,2,1,DUPLICADO_EXACTO,1
00001267,2020,4,2,1,DUPLICADO_EXACTO,1
00001267,2023,3,2,1,DUPLICADO_EXACTO,1
00001267,2023,5,2,1,DUPLICADO_EXACTO,1
00001267,2026,2,2,1,DUPLICADO_EXACTO,1
00001268,2025,4,2,1,DUPLICADO_EXACTO,1
00001268,2025,9,2,1,DUPLICADO_EXACTO,1
00001268,2025,10,2,1,DUPLICADO_EXACTO,1
00001268,2025,11,2,1,DUPLICADO_EXACTO,1
00001268,2026,1,2,1,DUPLICADO_EXACTO,1
00001268,2026,2,2,1,DUPLICADO_EXACTO,1
00001268,2026,5,2,1,DUPLICADO_EXACTO,1
00001269,2025,10,2,1,DUPLICADO_EXACTO,1
00001269,2026,5,2,1,DUPLICADO_EXACTO,1
00001270,2019,9,3,1,DUPLICADO_EXACTO,2
00001270,2025,4,2,1,DUPLICADO_EXACTO,1
00001270,2025,11,2,1,DUPLICADO_EXACTO,1
00001270,2026,1,2,1,DUPLICADO_EXACTO,1
00001270,2026,2,2,1,DUPLICADO_EXACTO,1
00001270,2026,5,2,1,DUPLICADO_EXACTO,1
00001271,2019,9,2,1,DUPLICADO_EXACTO,1
00001271,2025,4,2,1,DUPLICADO_EXACTO,1
00001271,2025,9,2,1,DUPLICADO_EXACTO,1
00001271,2025,10,2,1,DUPLICADO_EXACTO,1
00001271,2025,11,2,1,DUPLICADO_EXACTO,1
00001271,2026,1,2,1,DUPLICADO_EXACTO,1
00001271,2026,2,2,1,DUPLICADO_EXACTO,1
00001271,2026,5,2,1,DUPLICADO_EXACTO,1
00001272,2025,4,2,1,DUPLICADO_EXACTO,1
00001272,2025,9,2,1,DUPLICADO_EXACTO,1
00001272,2025,10,2,1,DUPLICADO_EXACTO,1
00001272,2025,11,2,1,DUPLICADO_EXACTO,1
00001272,2026,1,2,1,DUPLICADO_EXACTO,1
00001272,2026,5,2,1,DUPLICADO_EXACTO,1
00001273,2019,12,2,1,DUPLICADO_EXACTO,1
00001273,2020,10,2,1,DUPLICADO_EXACTO,1
00001273,2022,1,3,1,DUPLICADO_EXACTO,2
00001274,2020,10,2,1,DUPLICADO_EXACTO,1
00001274,2022,1,3,1,DUPLICADO_EXACTO,2
00001275,2020,10,2,1,DUPLICADO_EXACTO,1
00001275,2022,1,3,1,DUPLICADO_EXACTO,2
00001276,2019,6,2,1,DUPLICADO_EXACTO,1
00001276,2020,10,2,1,DUPLICADO_EXACTO,1
00001276,2022,1,3,1,DUPLICADO_EXACTO,2
00001277,2020,10,2,1,DUPLICADO_EXACTO,1
00001277,2022,1,3,1,DUPLICADO_EXACTO,2
00001279,2020,10,2,1,DUPLICADO_EXACTO,1
00001279,2022,1,3,1,DUPLICADO_EXACTO,2
00001281,2022,12,2,1,DUPLICADO_EXACTO,1
00001282,2026,3,2,1,DUPLICADO_EXACTO,1
00001284,2025,1,2,1,DUPLICADO_EXACTO,1
00001286,2025,1,2,1,DUPLICADO_EXACTO,1
00001287,2025,1,2,1,DUPLICADO_EXACTO,1
00001288,2025,1,2,1,DUPLICADO_EXACTO,1
00001289,2025,1,2,1,DUPLICADO_EXACTO,1
00001290,2022,12,2,1,DUPLICADO_EXACTO,1
00001291,2020,4,5,1,DUPLICADO_EXACTO,4
00001291,2022,1,2,1,DUPLICADO_EXACTO,1
00001291,2022,2,2,1,DUPLICADO_EXACTO,1
00001292,2022,10,2,1,DUPLICADO_EXACTO,1
00001292,2024,2,2,1,DUPLICADO_EXACTO,1
00001292,2026,1,3,1,DUPLICADO_EXACTO,2
00001292,2026,2,2,1,DUPLICADO_EXACTO,1
00001293,2022,9,4,1,DUPLICADO_EXACTO,3
00001293,2022,10,2,1,DUPLICADO_EXACTO,1
00001293,2026,1,3,1,DUPLICADO_EXACTO,2
00001293,2026,2,2,1,DUPLICADO_EXACTO,1
00001297,2020,3,2,1,DUPLICADO_EXACTO,1
00001298,2019,3,2,1,DUPLICADO_EXACTO,1
00001299,2024,1,4,1,DUPLICADO_EXACTO,3
00001299,2024,12,2,1,DUPLICADO_EXACTO,1
00001299,2025,8,2,1,DUPLICADO_EXACTO,1
00001300,2020,4,5,1,DUPLICADO_EXACTO,4
00001300,2022,1,2,1,DUPLICADO_EXACTO,1
00001300,2022,2,2,1,DUPLICADO_EXACTO,1
00001301,2022,1,2,1,DUPLICADO_EXACTO,1
00001301,2022,2,2,1,DUPLICADO_EXACTO,1
00001302,2019,6,2,1,DUPLICADO_EXACTO,1
00001302,2019,12,4,1,DUPLICADO_EXACTO,3
00001302,2020,4,5,1,DUPLICADO_EXACTO,4
00001302,2022,1,2,1,DUPLICADO_EXACTO,1
00001302,2022,2,2,1,DUPLICADO_EXACTO,1
00001303,2022,1,2,1,DUPLICADO_EXACTO,1
00001303,2022,2,2,1,DUPLICADO_EXACTO,1
00001304,2022,1,2,1,DUPLICADO_EXACTO,1
00001304,2022,2,2,1,DUPLICADO_EXACTO,1
00001305,2022,9,4,1,DUPLICADO_EXACTO,3
00001305,2024,2,2,1,DUPLICADO_EXACTO,1
00001306,2022,9,4,1,DUPLICADO_EXACTO,3
00001306,2022,10,2,1,DUPLICADO_EXACTO,1
00001306,2024,2,2,1,DUPLICADO_EXACTO,1
00001306,2026,1,3,1,DUPLICADO_EXACTO,2
00001306,2026,2,2,1,DUPLICADO_EXACTO,1
00001307,2022,9,4,1,DUPLICADO_EXACTO,3
00001307,2022,10,2,1,DUPLICADO_EXACTO,1
00001307,2024,2,2,1,DUPLICADO_EXACTO,1
00001307,2026,1,3,1,DUPLICADO_EXACTO,2
00001307,2026,2,2,1,DUPLICADO_EXACTO,1
00001310,2019,5,2,1,DUPLICADO_EXACTO,1
00001310,2019,6,5,1,DUPLICADO_EXACTO,4
00001311,2020,3,2,1,DUPLICADO_EXACTO,1
00001312,2020,3,2,1,DUPLICADO_EXACTO,1
00001314,2020,3,2,1,DUPLICADO_EXACTO,1
00001315,2019,7,2,1,DUPLICADO_EXACTO,1
00001316,2019,3,2,1,DUPLICADO_EXACTO,1
00001318,2019,3,2,1,DUPLICADO_EXACTO,1
00001320,2024,1,4,1,DUPLICADO_EXACTO,3
00001321,2024,1,4,1,DUPLICADO_EXACTO,3
00001321,2024,12,2,1,DUPLICADO_EXACTO,1
00001322,2021,4,3,1,DUPLICADO_EXACTO,2
00001324,2024,1,2,1,DUPLICADO_EXACTO,1
00001325,2020,6,3,1,DUPLICADO_EXACTO,2
00001325,2020,9,2,1,DUPLICADO_EXACTO,1
00001325,2020,11,3,1,DUPLICADO_EXACTO,2
00001325,2021,2,3,1,DUPLICADO_EXACTO,2
00001325,2021,6,2,1,DUPLICADO_EXACTO,1
00001325,2022,10,2,1,DUPLICADO_EXACTO,1
00001325,2023,11,3,1,DUPLICADO_EXACTO,2
00001325,2024,1,4,1,DUPLICADO_EXACTO,3
00001325,2025,4,2,1,DUPLICADO_EXACTO,1
00001325,2025,7,3,1,DUPLICADO_EXACTO,2
00001326,2020,6,3,1,DUPLICADO_EXACTO,2
00001326,2020,9,2,1,DUPLICADO_EXACTO,1
00001326,2020,11,3,1,DUPLICADO_EXACTO,2
00001326,2021,2,3,1,DUPLICADO_EXACTO,2
00001326,2021,6,2,1,DUPLICADO_EXACTO,1
00001326,2022,10,2,1,DUPLICADO_EXACTO,1
00001326,2023,11,3,1,DUPLICADO_EXACTO,2
00001326,2024,1,4,1,DUPLICADO_EXACTO,3
00001326,2025,4,2,1,DUPLICADO_EXACTO,1
00001326,2025,7,3,1,DUPLICADO_EXACTO,2
00001328,2021,4,3,1,DUPLICADO_EXACTO,2
00001329,2021,4,3,1,DUPLICADO_EXACTO,2
00001330,2019,5,2,1,DUPLICADO_EXACTO,1
00001330,2021,4,3,1,DUPLICADO_EXACTO,2
00001334,2019,5,2,1,DUPLICADO_EXACTO,1
00001335,2024,1,2,1,DUPLICADO_EXACTO,1
00001336,2020,6,3,1,DUPLICADO_EXACTO,2
00001336,2020,9,2,1,DUPLICADO_EXACTO,1
00001336,2020,11,3,1,DUPLICADO_EXACTO,2
00001336,2021,2,2,1,DUPLICADO_EXACTO,1
00001336,2021,6,2,1,DUPLICADO_EXACTO,1
00001336,2022,10,2,1,DUPLICADO_EXACTO,1
00001336,2025,7,2,1,DUPLICADO_EXACTO,1
00001337,2020,6,3,1,DUPLICADO_EXACTO,2
00001337,2020,9,2,1,DUPLICADO_EXACTO,1
00001337,2020,11,3,1,DUPLICADO_EXACTO,2
00001337,2021,2,3,1,DUPLICADO_EXACTO,2
00001337,2021,6,2,1,DUPLICADO_EXACTO,1
00001337,2022,10,2,1,DUPLICADO_EXACTO,1
00001337,2023,11,3,1,DUPLICADO_EXACTO,2
00001337,2024,1,4,1,DUPLICADO_EXACTO,3
00001337,2025,4,2,1,DUPLICADO_EXACTO,1
00001337,2025,7,3,1,DUPLICADO_EXACTO,2
00001339,2020,6,3,1,DUPLICADO_EXACTO,2
00001339,2020,9,2,1,DUPLICADO_EXACTO,1
00001339,2020,11,3,1,DUPLICADO_EXACTO,2
00001339,2021,2,3,1,DUPLICADO_EXACTO,2
00001339,2021,6,2,1,DUPLICADO_EXACTO,1
00001339,2022,10,2,1,DUPLICADO_EXACTO,1
00001339,2023,11,3,1,DUPLICADO_EXACTO,2
00001339,2024,1,4,1,DUPLICADO_EXACTO,3
00001339,2025,4,2,1,DUPLICADO_EXACTO,1
00001339,2025,7,3,1,DUPLICADO_EXACTO,2
00001340,2020,6,3,1,DUPLICADO_EXACTO,2
00001340,2020,9,2,1,DUPLICADO_EXACTO,1
00001340,2020,11,3,1,DUPLICADO_EXACTO,2
00001340,2021,2,3,1,DUPLICADO_EXACTO,2
00001340,2021,6,2,1,DUPLICADO_EXACTO,1
00001340,2023,11,3,1,DUPLICADO_EXACTO,2
00001340,2024,1,4,1,DUPLICADO_EXACTO,3
00001340,2025,4,2,1,DUPLICADO_EXACTO,1
00001340,2025,7,2,1,DUPLICADO_EXACTO,1
00001341,2020,6,3,1,DUPLICADO_EXACTO,2
00001341,2020,11,3,1,DUPLICADO_EXACTO,2
00001341,2021,2,3,1,DUPLICADO_EXACTO,2
00001341,2021,6,2,1,DUPLICADO_EXACTO,1
00001341,2022,10,2,1,DUPLICADO_EXACTO,1
00001341,2023,11,3,1,DUPLICADO_EXACTO,2
00001341,2024,1,4,1,DUPLICADO_EXACTO,3
00001341,2025,4,2,1,DUPLICADO_EXACTO,1
00001341,2025,7,3,1,DUPLICADO_EXACTO,2
00001342,2020,6,3,1,DUPLICADO_EXACTO,2
00001342,2020,9,2,1,DUPLICADO_EXACTO,1
00001342,2021,2,3,1,DUPLICADO_EXACTO,2
00001342,2021,6,2,1,DUPLICADO_EXACTO,1
00001342,2022,10,2,1,DUPLICADO_EXACTO,1
00001342,2023,11,3,1,DUPLICADO_EXACTO,2
00001342,2024,1,4,1,DUPLICADO_EXACTO,3
00001342,2025,4,2,1,DUPLICADO_EXACTO,1
00001342,2025,7,3,1,DUPLICADO_EXACTO,2
00001353,2022,4,2,1,DUPLICADO_EXACTO,1
00001354,2022,4,2,1,DUPLICADO_EXACTO,1
00001355,2019,11,2,1,DUPLICADO_EXACTO,1
00001355,2022,4,2,1,DUPLICADO_EXACTO,1
00001358,2019,5,3,1,DUPLICADO_EXACTO,2
00001359,2019,5,2,1,DUPLICADO_EXACTO,1
00001363,2025,7,2,1,DUPLICADO_EXACTO,1
00001364,2025,7,2,1,DUPLICADO_EXACTO,1
00001366,2025,7,2,1,DUPLICADO_EXACTO,1
00001378,2020,9,2,1,DUPLICADO_EXACTO,1
00001378,2020,11,3,1,DUPLICADO_EXACTO,2
00001378,2021,2,3,1,DUPLICADO_EXACTO,2
00001378,2021,6,2,1,DUPLICADO_EXACTO,1
00001378,2022,10,2,1,DUPLICADO_EXACTO,1
00001378,2023,11,3,1,DUPLICADO_EXACTO,2
00001378,2024,1,4,1,DUPLICADO_EXACTO,3
00001378,2025,4,2,1,DUPLICADO_EXACTO,1
00001383,2025,9,2,1,DUPLICADO_EXACTO,1
00001385,2021,2,4,1,DUPLICADO_EXACTO,3
00001385,2021,3,5,1,DUPLICADO_EXACTO,4
00001385,2021,4,2,1,DUPLICADO_EXACTO,1
00001386,2022,5,2,1,DUPLICADO_EXACTO,1
00001388,2021,5,3,1,DUPLICADO_EXACTO,2
00001388,2021,7,2,1,DUPLICADO_EXACTO,1
00001388,2025,10,3,1,DUPLICADO_EXACTO,2
00001389,2019,8,2,1,DUPLICADO_EXACTO,1
00001389,2021,5,3,1,DUPLICADO_EXACTO,2
00001389,2021,7,2,1,DUPLICADO_EXACTO,1
00001389,2025,10,3,1,DUPLICADO_EXACTO,2
00001390,2019,11,2,1,DUPLICADO_EXACTO,1
00001391,2019,3,3,1,DUPLICADO_EXACTO,2
00001393,2019,11,3,1,DUPLICADO_EXACTO,2
00001399,2021,2,4,1,DUPLICADO_EXACTO,3
00001399,2021,3,5,1,DUPLICADO_EXACTO,4
00001399,2021,4,2,1,DUPLICADO_EXACTO,1
00001401,2022,5,2,1,DUPLICADO_EXACTO,1
00001402,2022,5,2,1,DUPLICADO_EXACTO,1
00001403,2022,5,2,1,DUPLICADO_EXACTO,1
00001409,2019,10,3,1,DUPLICADO_EXACTO,2
00001409,2021,5,3,1,DUPLICADO_EXACTO,2
00001409,2025,10,3,1,DUPLICADO_EXACTO,2
00001410,2025,10,3,1,DUPLICADO_EXACTO,2
00001411,2021,5,3,1,DUPLICADO_EXACTO,2
00001411,2025,10,3,1,DUPLICADO_EXACTO,2
00001412,2019,10,2,1,DUPLICADO_EXACTO,1
00001412,2021,5,3,1,DUPLICADO_EXACTO,2
00001412,2025,10,3,1,DUPLICADO_EXACTO,2
00001413,2021,5,3,1,DUPLICADO_EXACTO,2
00001413,2021,7,2,1,DUPLICADO_EXACTO,1
00001413,2025,10,3,1,DUPLICADO_EXACTO,2
00001414,2021,5,3,1,DUPLICADO_EXACTO,2
00001414,2025,10,2,1,DUPLICADO_EXACTO,1
00001415,2019,10,3,1,DUPLICADO_EXACTO,2
00001415,2021,5,3,1,DUPLICADO_EXACTO,2
00001416,2021,5,3,1,DUPLICADO_EXACTO,2
00001416,2021,7,2,1,DUPLICADO_EXACTO,1
00001416,2025,10,3,1,DUPLICADO_EXACTO,2
00001418,2020,8,2,1,DUPLICADO_EXACTO,1
00001418,2022,3,2,1,DUPLICADO_EXACTO,1
00001418,2025,3,2,1,DUPLICADO_EXACTO,1
00001418,2025,11,2,1,DUPLICADO_EXACTO,1
00001419,2020,2,2,1,DUPLICADO_EXACTO,1
00001419,2026,7,2,1,DUPLICADO_EXACTO,1
00001420,2021,8,2,1,DUPLICADO_EXACTO,1
00001420,2021,10,2,1,DUPLICADO_EXACTO,1
00001420,2021,12,2,1,DUPLICADO_EXACTO,1
00001420,2022,1,2,1,DUPLICADO_EXACTO,1
00001421,2020,10,2,1,DUPLICADO_EXACTO,1
00001421,2021,1,3,1,DUPLICADO_EXACTO,2
00001421,2022,7,2,1,DUPLICADO_EXACTO,1
00001422,2020,8,2,1,DUPLICADO_EXACTO,1
00001422,2024,6,2,1,DUPLICADO_EXACTO,1
00001422,2025,3,2,1,DUPLICADO_EXACTO,1
00001422,2025,11,2,1,DUPLICADO_EXACTO,1
00001423,2020,2,2,1,DUPLICADO_EXACTO,1
00001423,2026,7,2,1,DUPLICADO_EXACTO,1
00001424,2026,7,2,1,DUPLICADO_EXACTO,1
00001425,2020,2,2,1,DUPLICADO_EXACTO,1
00001425,2026,7,2,1,DUPLICADO_EXACTO,1
00001426,2020,2,2,1,DUPLICADO_EXACTO,1
00001426,2026,7,2,1,DUPLICADO_EXACTO,1
00001427,2020,2,2,1,DUPLICADO_EXACTO,1
00001427,2026,7,2,1,DUPLICADO_EXACTO,1
00001428,2020,2,2,1,DUPLICADO_EXACTO,1
00001428,2026,7,2,1,DUPLICADO_EXACTO,1
00001429,2020,2,2,1,DUPLICADO_EXACTO,1
00001429,2026,7,2,1,DUPLICADO_EXACTO,1
00001430,2020,2,2,1,DUPLICADO_EXACTO,1
00001430,2026,7,2,1,DUPLICADO_EXACTO,1
00001431,2022,4,2,1,DUPLICADO_EXACTO,1
00001431,2022,7,2,1,DUPLICADO_EXACTO,1
00001432,2020,1,2,1,DUPLICADO_EXACTO,1
00001432,2021,8,2,1,DUPLICADO_EXACTO,1
00001432,2021,12,2,1,DUPLICADO_EXACTO,1
00001432,2022,1,2,1,DUPLICADO_EXACTO,1
00001433,2019,6,2,1,DUPLICADO_EXACTO,1
00001433,2020,1,2,1,DUPLICADO_EXACTO,1
00001433,2021,8,2,1,DUPLICADO_EXACTO,1
00001433,2021,10,2,1,DUPLICADO_EXACTO,1
00001433,2021,12,2,1,DUPLICADO_EXACTO,1
00001434,2020,1,2,1,DUPLICADO_EXACTO,1
00001434,2021,8,2,1,DUPLICADO_EXACTO,1
00001434,2021,10,2,1,DUPLICADO_EXACTO,1
00001434,2022,1,2,1,DUPLICADO_EXACTO,1
00001435,2020,10,2,1,DUPLICADO_EXACTO,1
00001435,2022,4,2,1,DUPLICADO_EXACTO,1
00001436,2019,11,2,1,DUPLICADO_EXACTO,1
00001436,2022,4,2,1,DUPLICADO_EXACTO,1
00001436,2022,7,2,1,DUPLICADO_EXACTO,1
00001437,2020,10,2,1,DUPLICADO_EXACTO,1
00001437,2022,4,2,1,DUPLICADO_EXACTO,1
00001437,2022,7,2,1,DUPLICADO_EXACTO,1
00001438,2019,12,3,1,DUPLICADO_EXACTO,2
00001438,2020,10,2,1,DUPLICADO_EXACTO,1
00001438,2022,4,2,1,DUPLICADO_EXACTO,1
00001438,2022,7,2,1,DUPLICADO_EXACTO,1
00001440,2020,8,2,1,DUPLICADO_EXACTO,1
00001440,2022,3,2,1,DUPLICADO_EXACTO,1
00001440,2024,6,2,1,DUPLICADO_EXACTO,1
00001440,2025,3,2,1,DUPLICADO_EXACTO,1
00001441,2020,1,2,1,DUPLICADO_EXACTO,1
00001442,2020,8,2,1,DUPLICADO_EXACTO,1
00001442,2025,11,2,1,DUPLICADO_EXACTO,1
00001443,2019,10,2,1,DUPLICADO_EXACTO,1
00001443,2024,6,2,1,DUPLICADO_EXACTO,1
00001443,2024,10,3,1,DUPLICADO_EXACTO,2
00001443,2026,7,2,1,DUPLICADO_EXACTO,1
00001445,2020,9,2,1,DUPLICADO_EXACTO,1
00001445,2025,5,2,1,DUPLICADO_EXACTO,1
00001446,2020,1,2,1,DUPLICADO_EXACTO,1
00001446,2020,2,2,1,DUPLICADO_EXACTO,1
00001446,2020,7,2,1,DUPLICADO_EXACTO,1
00001446,2020,8,2,1,DUPLICADO_EXACTO,1
00001446,2020,11,2,1,DUPLICADO_EXACTO,1
00001446,2021,4,2,1,DUPLICADO_EXACTO,1
00001446,2021,10,4,1,DUPLICADO_EXACTO,3
00001446,2025,6,2,1,DUPLICADO_EXACTO,1
00001446,2025,9,2,1,DUPLICADO_EXACTO,1
00001447,2024,6,2,1,DUPLICADO_EXACTO,1
00001447,2024,10,3,1,DUPLICADO_EXACTO,2
00001448,2026,7,2,1,DUPLICADO_EXACTO,1
00001449,2020,1,2,1,DUPLICADO_EXACTO,1
00001449,2020,2,2,1,DUPLICADO_EXACTO,1
00001449,2020,7,2,1,DUPLICADO_EXACTO,1
00001449,2020,8,2,1,DUPLICADO_EXACTO,1
00001449,2020,11,2,1,DUPLICADO_EXACTO,1
00001449,2021,4,2,1,DUPLICADO_EXACTO,1
00001449,2021,10,4,1,DUPLICADO_EXACTO,3
00001449,2025,6,2,1,DUPLICADO_EXACTO,1
00001449,2025,9,2,1,DUPLICADO_EXACTO,1
00001451,2020,1,2,1,DUPLICADO_EXACTO,1
00001451,2020,2,2,1,DUPLICADO_EXACTO,1
00001451,2020,7,2,1,DUPLICADO_EXACTO,1
00001451,2020,8,2,1,DUPLICADO_EXACTO,1
00001451,2020,11,2,1,DUPLICADO_EXACTO,1
00001451,2021,4,2,1,DUPLICADO_EXACTO,1
00001451,2021,10,4,1,DUPLICADO_EXACTO,3
00001452,2020,9,2,1,DUPLICADO_EXACTO,1
00001453,2019,9,2,1,DUPLICADO_EXACTO,1
00001455,2020,1,2,1,DUPLICADO_EXACTO,1
00001456,2019,12,2,1,DUPLICADO_EXACTO,1
00001456,2020,1,2,1,DUPLICADO_EXACTO,1
00001457,2019,7,2,1,DUPLICADO_EXACTO,1
00001457,2020,1,2,1,DUPLICADO_EXACTO,1
00001458,2019,7,3,1,DUPLICADO_EXACTO,2
00001458,2020,1,2,1,DUPLICADO_EXACTO,1
00001459,2019,7,2,1,DUPLICADO_EXACTO,1
00001459,2020,1,2,1,DUPLICADO_EXACTO,1
00001461,2024,5,3,1,DUPLICADO_EXACTO,2
00001462,2019,7,2,1,DUPLICADO_EXACTO,1
00001462,2020,1,2,1,DUPLICADO_EXACTO,1
00001463,2019,3,2,1,DUPLICADO_EXACTO,1
00001463,2024,5,3,1,DUPLICADO_EXACTO,2
00001465,2019,3,2,1,DUPLICADO_EXACTO,1
00001465,2024,5,3,1,DUPLICADO_EXACTO,2
00001466,2020,1,2,1,DUPLICADO_EXACTO,1
00001467,2019,12,3,1,DUPLICADO_EXACTO,2
00001467,2020,1,2,1,DUPLICADO_EXACTO,1
00001468,2020,1,2,1,DUPLICADO_EXACTO,1
00001469,2019,4,2,1,DUPLICADO_EXACTO,1
00001469,2019,12,2,1,DUPLICADO_EXACTO,1
00001469,2020,1,2,1,DUPLICADO_EXACTO,1
00001470,2019,12,3,1,DUPLICADO_EXACTO,2
00001470,2020,1,2,1,DUPLICADO_EXACTO,1
00001471,2019,11,2,1,DUPLICADO_EXACTO,1
00001471,2024,5,3,1,DUPLICADO_EXACTO,2
00001473,2019,1,3,1,DUPLICADO_EXACTO,2
00001473,2020,2,2,1,DUPLICADO_EXACTO,1
00001473,2021,11,3,1,DUPLICADO_EXACTO,2
00001473,2023,10,2,1,DUPLICADO_EXACTO,1
00001473,2024,4,3,1,DUPLICADO_EXACTO,2
00001474,2019,1,3,1,DUPLICADO_EXACTO,2
00001474,2020,2,2,1,DUPLICADO_EXACTO,1
00001474,2021,11,3,1,DUPLICADO_EXACTO,2
00001474,2023,10,2,1,DUPLICADO_EXACTO,1
00001475,2019,1,4,1,DUPLICADO_EXACTO,3
00001475,2020,2,2,1,DUPLICADO_EXACTO,1
00001475,2021,11,3,1,DUPLICADO_EXACTO,2
00001475,2023,10,2,1,DUPLICADO_EXACTO,1
00001475,2024,4,3,1,DUPLICADO_EXACTO,2
00001476,2019,1,3,1,DUPLICADO_EXACTO,2
00001476,2019,3,2,1,DUPLICADO_EXACTO,1
00001476,2023,10,2,1,DUPLICADO_EXACTO,1
00001476,2024,4,3,1,DUPLICADO_EXACTO,2
00001477,2019,1,3,1,DUPLICADO_EXACTO,2
00001477,2021,11,3,1,DUPLICADO_EXACTO,2
00001477,2023,10,2,1,DUPLICADO_EXACTO,1
00001478,2019,1,2,1,DUPLICADO_EXACTO,1
00001478,2021,11,3,1,DUPLICADO_EXACTO,2
00001478,2023,10,2,1,DUPLICADO_EXACTO,1
00001478,2024,4,3,1,DUPLICADO_EXACTO,2
00001479,2019,1,3,1,DUPLICADO_EXACTO,2
00001479,2020,2,2,1,DUPLICADO_EXACTO,1
00001479,2021,11,3,1,DUPLICADO_EXACTO,2
00001479,2023,10,2,1,DUPLICADO_EXACTO,1
00001479,2024,4,3,1,DUPLICADO_EXACTO,2
00001480,2019,1,3,1,DUPLICADO_EXACTO,2
00001480,2020,2,2,1,DUPLICADO_EXACTO,1
00001480,2021,11,3,1,DUPLICADO_EXACTO,2
00001480,2023,10,2,1,DUPLICADO_EXACTO,1
00001480,2024,4,3,1,DUPLICADO_EXACTO,2
00001481,2019,1,4,1,DUPLICADO_EXACTO,3
00001481,2020,2,2,1,DUPLICADO_EXACTO,1
00001481,2021,11,3,1,DUPLICADO_EXACTO,2
00001481,2023,10,2,1,DUPLICADO_EXACTO,1
00001481,2024,4,3,1,DUPLICADO_EXACTO,2
00001482,2019,1,3,1,DUPLICADO_EXACTO,2
00001482,2020,2,2,1,DUPLICADO_EXACTO,1
00001482,2021,11,3,1,DUPLICADO_EXACTO,2
00001482,2023,10,2,1,DUPLICADO_EXACTO,1
00001482,2024,4,3,1,DUPLICADO_EXACTO,2
00001483,2019,1,3,1,DUPLICADO_EXACTO,2
00001483,2020,2,2,1,DUPLICADO_EXACTO,1
00001483,2021,11,3,1,DUPLICADO_EXACTO,2
00001483,2023,10,2,1,DUPLICADO_EXACTO,1
00001483,2024,4,3,1,DUPLICADO_EXACTO,2
00001484,2019,1,3,1,DUPLICADO_EXACTO,2
00001484,2020,2,2,1,DUPLICADO_EXACTO,1
00001484,2021,11,3,1,DUPLICADO_EXACTO,2
00001484,2023,10,2,1,DUPLICADO_EXACTO,1
00001484,2024,4,3,1,DUPLICADO_EXACTO,2
00001485,2019,1,3,1,DUPLICADO_EXACTO,2
00001485,2020,2,2,1,DUPLICADO_EXACTO,1
00001485,2021,11,2,1,DUPLICADO_EXACTO,1
00001485,2023,10,2,1,DUPLICADO_EXACTO,1
00001485,2024,4,3,1,DUPLICADO_EXACTO,2
00001486,2019,1,3,1,DUPLICADO_EXACTO,2
00001486,2020,2,2,1,DUPLICADO_EXACTO,1
00001486,2021,11,3,1,DUPLICADO_EXACTO,2
00001486,2023,10,2,1,DUPLICADO_EXACTO,1
00001486,2024,4,3,1,DUPLICADO_EXACTO,2
00001487,2019,1,3,1,DUPLICADO_EXACTO,2
00001487,2019,3,2,1,DUPLICADO_EXACTO,1
00001487,2020,2,2,1,DUPLICADO_EXACTO,1
00001487,2021,11,3,1,DUPLICADO_EXACTO,2
00001487,2023,10,2,1,DUPLICADO_EXACTO,1
00001487,2024,4,3,1,DUPLICADO_EXACTO,2
00001487,2026,2,2,1,DUPLICADO_EXACTO,1
00001488,2019,1,3,1,DUPLICADO_EXACTO,2
00001488,2020,2,2,1,DUPLICADO_EXACTO,1
00001488,2021,11,3,1,DUPLICADO_EXACTO,2
00001488,2023,10,2,1,DUPLICADO_EXACTO,1
00001488,2024,4,3,1,DUPLICADO_EXACTO,2
00001488,2026,2,2,1,DUPLICADO_EXACTO,1
00001489,2019,1,2,1,DUPLICADO_EXACTO,1
00001489,2021,11,3,1,DUPLICADO_EXACTO,2
00001489,2023,10,2,1,DUPLICADO_EXACTO,1
00001489,2024,4,3,1,DUPLICADO_EXACTO,2
00001490,2019,1,3,1,DUPLICADO_EXACTO,2
00001490,2020,2,2,1,DUPLICADO_EXACTO,1
00001490,2021,11,3,1,DUPLICADO_EXACTO,2
00001490,2023,10,2,1,DUPLICADO_EXACTO,1
00001490,2024,4,3,1,DUPLICADO_EXACTO,2
00001490,2026,2,2,1,DUPLICADO_EXACTO,1
00001491,2019,1,2,1,DUPLICADO_EXACTO,1
00001491,2020,2,2,1,DUPLICADO_EXACTO,1
00001491,2021,11,3,1,DUPLICADO_EXACTO,2
00001491,2023,10,2,1,DUPLICADO_EXACTO,1
00001491,2026,2,2,1,DUPLICADO_EXACTO,1
00001492,2019,1,3,1,DUPLICADO_EXACTO,2
00001492,2020,2,2,1,DUPLICADO_EXACTO,1
00001492,2021,11,3,1,DUPLICADO_EXACTO,2
00001492,2023,10,2,1,DUPLICADO_EXACTO,1
00001492,2024,4,3,1,DUPLICADO_EXACTO,2
00001492,2026,2,2,1,DUPLICADO_EXACTO,1
00001493,2019,1,3,1,DUPLICADO_EXACTO,2
00001493,2019,6,2,1,DUPLICADO_EXACTO,1
00001493,2020,2,2,1,DUPLICADO_EXACTO,1
00001493,2021,11,3,1,DUPLICADO_EXACTO,2
00001493,2023,10,2,1,DUPLICADO_EXACTO,1
00001493,2024,4,3,1,DUPLICADO_EXACTO,2
00001493,2025,5,2,1,DUPLICADO_EXACTO,1
00001494,2019,1,3,1,DUPLICADO_EXACTO,2
00001494,2020,2,2,1,DUPLICADO_EXACTO,1
00001494,2021,11,3,1,DUPLICADO_EXACTO,2
00001494,2023,10,2,1,DUPLICADO_EXACTO,1
00001494,2024,4,3,1,DUPLICADO_EXACTO,2
00001494,2025,5,2,1,DUPLICADO_EXACTO,1
00001495,2019,1,3,1,DUPLICADO_EXACTO,2
00001495,2020,2,2,1,DUPLICADO_EXACTO,1
00001495,2021,11,3,1,DUPLICADO_EXACTO,2
00001495,2023,10,2,1,DUPLICADO_EXACTO,1
00001495,2024,4,3,1,DUPLICADO_EXACTO,2
00001495,2025,5,2,1,DUPLICADO_EXACTO,1
00001496,2019,1,3,1,DUPLICADO_EXACTO,2
00001496,2019,6,2,1,DUPLICADO_EXACTO,1
00001496,2021,11,3,1,DUPLICADO_EXACTO,2
00001496,2023,10,2,1,DUPLICADO_EXACTO,1
00001496,2024,4,3,1,DUPLICADO_EXACTO,2
00001496,2025,5,2,1,DUPLICADO_EXACTO,1
00001497,2021,11,2,1,DUPLICADO_EXACTO,1
00001497,2023,10,2,1,DUPLICADO_EXACTO,1
00001497,2024,4,3,1,DUPLICADO_EXACTO,2
00001498,2019,1,3,1,DUPLICADO_EXACTO,2
00001498,2020,2,2,1,DUPLICADO_EXACTO,1
00001498,2021,11,3,1,DUPLICADO_EXACTO,2
00001498,2023,10,2,1,DUPLICADO_EXACTO,1
00001498,2024,4,3,1,DUPLICADO_EXACTO,2
00001498,2025,5,2,1,DUPLICADO_EXACTO,1
00001499,2019,1,3,1,DUPLICADO_EXACTO,2
00001499,2020,2,2,1,DUPLICADO_EXACTO,1
00001499,2021,11,3,1,DUPLICADO_EXACTO,2
00001499,2023,10,2,1,DUPLICADO_EXACTO,1
00001499,2024,4,3,1,DUPLICADO_EXACTO,2
00001499,2025,5,2,1,DUPLICADO_EXACTO,1
00001500,2019,1,4,1,DUPLICADO_EXACTO,3
00001500,2020,2,2,1,DUPLICADO_EXACTO,1
00001500,2021,11,3,1,DUPLICADO_EXACTO,2
00001500,2023,10,2,1,DUPLICADO_EXACTO,1
00001500,2024,4,3,1,DUPLICADO_EXACTO,2
00001500,2025,5,2,1,DUPLICADO_EXACTO,1
00001501,2019,1,3,1,DUPLICADO_EXACTO,2
00001501,2020,2,2,1,DUPLICADO_EXACTO,1
00001501,2021,11,3,1,DUPLICADO_EXACTO,2
00001501,2023,10,2,1,DUPLICADO_EXACTO,1
00001501,2024,4,3,1,DUPLICADO_EXACTO,2
00001501,2025,4,2,1,DUPLICADO_EXACTO,1
00001502,2019,1,3,1,DUPLICADO_EXACTO,2
00001502,2020,2,2,1,DUPLICADO_EXACTO,1
00001502,2021,11,3,1,DUPLICADO_EXACTO,2
00001502,2023,10,2,1,DUPLICADO_EXACTO,1
00001502,2024,4,3,1,DUPLICADO_EXACTO,2
00001502,2025,4,2,1,DUPLICADO_EXACTO,1
00001503,2019,1,3,1,DUPLICADO_EXACTO,2
00001503,2020,2,2,1,DUPLICADO_EXACTO,1
00001503,2021,11,3,1,DUPLICADO_EXACTO,2
00001503,2023,10,2,1,DUPLICADO_EXACTO,1
00001503,2024,4,3,1,DUPLICADO_EXACTO,2
00001503,2025,4,2,1,DUPLICADO_EXACTO,1
00001504,2019,1,3,1,DUPLICADO_EXACTO,2
00001504,2020,2,2,1,DUPLICADO_EXACTO,1
00001504,2021,11,2,1,DUPLICADO_EXACTO,1
00001504,2023,10,2,1,DUPLICADO_EXACTO,1
00001504,2024,4,3,1,DUPLICADO_EXACTO,2
00001505,2019,1,2,1,DUPLICADO_EXACTO,1
00001505,2021,11,2,1,DUPLICADO_EXACTO,1
00001505,2023,10,2,1,DUPLICADO_EXACTO,1
00001505,2025,4,2,1,DUPLICADO_EXACTO,1
00001506,2019,1,3,1,DUPLICADO_EXACTO,2
00001506,2020,2,2,1,DUPLICADO_EXACTO,1
00001506,2021,11,3,1,DUPLICADO_EXACTO,2
00001506,2023,10,2,1,DUPLICADO_EXACTO,1
00001506,2024,4,3,1,DUPLICADO_EXACTO,2
00001506,2025,4,2,1,DUPLICADO_EXACTO,1
00001507,2019,1,3,1,DUPLICADO_EXACTO,2
00001507,2020,2,2,1,DUPLICADO_EXACTO,1
00001507,2021,11,3,1,DUPLICADO_EXACTO,2
00001507,2023,10,2,1,DUPLICADO_EXACTO,1
00001507,2024,4,3,1,DUPLICADO_EXACTO,2
00001508,2019,1,3,1,DUPLICADO_EXACTO,2
00001508,2020,2,2,1,DUPLICADO_EXACTO,1
00001508,2021,11,3,1,DUPLICADO_EXACTO,2
00001508,2023,10,2,1,DUPLICADO_EXACTO,1
00001508,2024,4,2,1,DUPLICADO_EXACTO,1
00001508,2025,8,2,1,DUPLICADO_EXACTO,1
00001508,2026,4,2,1,DUPLICADO_EXACTO,1
00001508,2026,5,2,1,DUPLICADO_EXACTO,1
00001508,2026,7,2,1,DUPLICADO_EXACTO,1
00001509,2019,1,3,1,DUPLICADO_EXACTO,2
00001509,2019,7,2,1,DUPLICADO_EXACTO,1
00001509,2020,2,2,1,DUPLICADO_EXACTO,1
00001509,2021,11,3,1,DUPLICADO_EXACTO,2
00001510,2019,1,3,1,DUPLICADO_EXACTO,2
00001510,2020,2,2,1,DUPLICADO_EXACTO,1
00001510,2021,11,3,1,DUPLICADO_EXACTO,2
00001510,2023,10,2,1,DUPLICADO_EXACTO,1
00001510,2024,4,3,1,DUPLICADO_EXACTO,2
00001510,2025,8,2,1,DUPLICADO_EXACTO,1
00001510,2026,1,2,1,DUPLICADO_EXACTO,1
00001510,2026,4,2,1,DUPLICADO_EXACTO,1
00001510,2026,5,2,1,DUPLICADO_EXACTO,1
00001510,2026,7,2,1,DUPLICADO_EXACTO,1
00001511,2019,1,3,1,DUPLICADO_EXACTO,2
00001511,2020,2,2,1,DUPLICADO_EXACTO,1
00001511,2021,11,3,1,DUPLICADO_EXACTO,2
00001511,2023,10,2,1,DUPLICADO_EXACTO,1
00001511,2024,4,3,1,DUPLICADO_EXACTO,2
00001511,2025,8,2,1,DUPLICADO_EXACTO,1
00001511,2026,1,2,1,DUPLICADO_EXACTO,1
00001511,2026,4,2,1,DUPLICADO_EXACTO,1
00001511,2026,5,2,1,DUPLICADO_EXACTO,1
00001511,2026,7,2,1,DUPLICADO_EXACTO,1
00001512,2019,1,3,1,DUPLICADO_EXACTO,2
00001512,2020,2,2,1,DUPLICADO_EXACTO,1
00001512,2021,11,3,1,DUPLICADO_EXACTO,2
00001512,2023,10,2,1,DUPLICADO_EXACTO,1
00001512,2024,4,3,1,DUPLICADO_EXACTO,2
00001512,2025,8,2,1,DUPLICADO_EXACTO,1
00001512,2026,1,2,1,DUPLICADO_EXACTO,1
00001512,2026,4,2,1,DUPLICADO_EXACTO,1
00001512,2026,5,2,1,DUPLICADO_EXACTO,1
00001512,2026,7,2,1,DUPLICADO_EXACTO,1
00001513,2021,11,2,1,DUPLICADO_EXACTO,1
00001513,2023,10,2,1,DUPLICADO_EXACTO,1
00001513,2024,4,3,1,DUPLICADO_EXACTO,2
00001514,2019,1,3,1,DUPLICADO_EXACTO,2
00001514,2019,6,2,1,DUPLICADO_EXACTO,1
00001514,2020,2,2,1,DUPLICADO_EXACTO,1
00001514,2021,11,3,1,DUPLICADO_EXACTO,2
00001514,2023,10,2,1,DUPLICADO_EXACTO,1
00001514,2024,4,3,1,DUPLICADO_EXACTO,2
00001514,2025,8,2,1,DUPLICADO_EXACTO,1
00001514,2026,1,2,1,DUPLICADO_EXACTO,1
00001514,2026,4,2,1,DUPLICADO_EXACTO,1
00001514,2026,5,2,1,DUPLICADO_EXACTO,1
00001514,2026,7,2,1,DUPLICADO_EXACTO,1
00001515,2019,1,2,1,DUPLICADO_EXACTO,1
00001515,2021,11,3,1,DUPLICADO_EXACTO,2
00001515,2023,10,2,1,DUPLICADO_EXACTO,1
00001515,2024,4,3,1,DUPLICADO_EXACTO,2
00001515,2025,8,2,1,DUPLICADO_EXACTO,1
00001515,2026,1,2,1,DUPLICADO_EXACTO,1
00001515,2026,4,2,1,DUPLICADO_EXACTO,1
00001515,2026,5,2,1,DUPLICADO_EXACTO,1
00001515,2026,7,2,1,DUPLICADO_EXACTO,1
00001516,2019,12,3,1,DUPLICADO_EXACTO,2
00001517,2019,1,3,1,DUPLICADO_EXACTO,2
00001517,2020,2,2,1,DUPLICADO_EXACTO,1
00001517,2021,11,3,1,DUPLICADO_EXACTO,2
00001517,2023,10,2,1,DUPLICADO_EXACTO,1
00001517,2024,4,3,1,DUPLICADO_EXACTO,2
00001517,2026,2,2,1,DUPLICADO_EXACTO,1
00001517,2026,4,3,1,DUPLICADO_EXACTO,2
00001518,2019,1,3,1,DUPLICADO_EXACTO,2
00001518,2020,2,2,1,DUPLICADO_EXACTO,1
00001518,2021,11,3,1,DUPLICADO_EXACTO,2
00001518,2023,10,2,1,DUPLICADO_EXACTO,1
00001518,2024,4,3,1,DUPLICADO_EXACTO,2
00001518,2026,2,2,1,DUPLICADO_EXACTO,1
00001518,2026,4,3,1,DUPLICADO_EXACTO,2
00001519,2019,1,3,1,DUPLICADO_EXACTO,2
00001519,2019,5,2,1,DUPLICADO_EXACTO,1
00001519,2020,2,2,1,DUPLICADO_EXACTO,1
00001519,2021,11,3,1,DUPLICADO_EXACTO,2
00001519,2023,10,2,1,DUPLICADO_EXACTO,1
00001519,2024,4,3,1,DUPLICADO_EXACTO,2
00001519,2026,2,2,1,DUPLICADO_EXACTO,1
00001519,2026,4,3,1,DUPLICADO_EXACTO,2
00001520,2019,1,3,1,DUPLICADO_EXACTO,2
00001520,2020,2,2,1,DUPLICADO_EXACTO,1
00001520,2021,11,3,1,DUPLICADO_EXACTO,2
00001520,2023,10,2,1,DUPLICADO_EXACTO,1
00001520,2024,4,3,1,DUPLICADO_EXACTO,2
00001520,2026,2,2,1,DUPLICADO_EXACTO,1
00001520,2026,4,3,1,DUPLICADO_EXACTO,2
00001521,2019,1,3,1,DUPLICADO_EXACTO,2
00001521,2020,2,2,1,DUPLICADO_EXACTO,1
00001521,2021,11,3,1,DUPLICADO_EXACTO,2
00001521,2023,10,2,1,DUPLICADO_EXACTO,1
00001521,2024,4,3,1,DUPLICADO_EXACTO,2
00001521,2026,2,2,1,DUPLICADO_EXACTO,1
00001521,2026,4,3,1,DUPLICADO_EXACTO,2
00001522,2019,1,3,1,DUPLICADO_EXACTO,2
00001522,2020,2,2,1,DUPLICADO_EXACTO,1
00001522,2021,11,3,1,DUPLICADO_EXACTO,2
00001522,2023,10,2,1,DUPLICADO_EXACTO,1
00001522,2024,4,3,1,DUPLICADO_EXACTO,2
00001522,2026,2,2,1,DUPLICADO_EXACTO,1
00001522,2026,4,3,1,DUPLICADO_EXACTO,2
00001523,2019,1,3,1,DUPLICADO_EXACTO,2
00001523,2020,2,2,1,DUPLICADO_EXACTO,1
00001523,2021,11,3,1,DUPLICADO_EXACTO,2
00001523,2023,10,2,1,DUPLICADO_EXACTO,1
00001523,2024,4,3,1,DUPLICADO_EXACTO,2
00001524,2019,1,4,1,DUPLICADO_EXACTO,3
00001524,2020,2,2,1,DUPLICADO_EXACTO,1
00001524,2021,11,3,1,DUPLICADO_EXACTO,2
00001524,2023,10,2,1,DUPLICADO_EXACTO,1
00001524,2024,4,3,1,DUPLICADO_EXACTO,2
00001525,2019,1,3,1,DUPLICADO_EXACTO,2
00001525,2020,2,2,1,DUPLICADO_EXACTO,1
00001525,2021,11,3,1,DUPLICADO_EXACTO,2
00001525,2023,10,2,1,DUPLICADO_EXACTO,1
00001525,2024,4,3,1,DUPLICADO_EXACTO,2
00001526,2021,11,2,1,DUPLICADO_EXACTO,1
00001526,2023,10,2,1,DUPLICADO_EXACTO,1
00001526,2024,4,3,1,DUPLICADO_EXACTO,2
00001527,2019,1,3,1,DUPLICADO_EXACTO,2
00001527,2020,2,2,1,DUPLICADO_EXACTO,1
00001527,2021,11,3,1,DUPLICADO_EXACTO,2
00001527,2023,10,2,1,DUPLICADO_EXACTO,1
00001527,2024,4,3,1,DUPLICADO_EXACTO,2
00001528,2019,1,3,1,DUPLICADO_EXACTO,2
00001528,2020,2,2,1,DUPLICADO_EXACTO,1
00001528,2023,10,2,1,DUPLICADO_EXACTO,1
00001528,2024,4,3,1,DUPLICADO_EXACTO,2
00001528,2026,3,2,1,DUPLICADO_EXACTO,1
00001529,2020,2,2,1,DUPLICADO_EXACTO,1
00001529,2021,11,3,1,DUPLICADO_EXACTO,2
00001529,2023,10,2,1,DUPLICADO_EXACTO,1
00001529,2024,4,3,1,DUPLICADO_EXACTO,2
00001529,2025,8,3,1,DUPLICADO_EXACTO,2
00001529,2026,3,2,1,DUPLICADO_EXACTO,1
00001529,2026,5,2,1,DUPLICADO_EXACTO,1
00001529,2026,7,2,1,DUPLICADO_EXACTO,1
00001530,2019,1,3,1,DUPLICADO_EXACTO,2
00001530,2020,2,2,1,DUPLICADO_EXACTO,1
00001530,2021,11,3,1,DUPLICADO_EXACTO,2
00001530,2023,10,2,1,DUPLICADO_EXACTO,1
00001530,2025,8,3,1,DUPLICADO_EXACTO,2
00001530,2026,3,2,1,DUPLICADO_EXACTO,1
00001530,2026,7,2,1,DUPLICADO_EXACTO,1
00001531,2019,1,3,1,DUPLICADO_EXACTO,2
00001531,2020,2,2,1,DUPLICADO_EXACTO,1
00001531,2021,11,3,1,DUPLICADO_EXACTO,2
00001531,2023,10,2,1,DUPLICADO_EXACTO,1
00001531,2024,4,3,1,DUPLICADO_EXACTO,2
00001531,2025,8,3,1,DUPLICADO_EXACTO,2
00001531,2026,3,2,1,DUPLICADO_EXACTO,1
00001531,2026,5,2,1,DUPLICADO_EXACTO,1
00001531,2026,7,2,1,DUPLICADO_EXACTO,1
00001532,2019,1,3,1,DUPLICADO_EXACTO,2
00001532,2020,2,2,1,DUPLICADO_EXACTO,1
00001532,2021,11,3,1,DUPLICADO_EXACTO,2
00001532,2023,10,2,1,DUPLICADO_EXACTO,1
00001532,2024,4,3,1,DUPLICADO_EXACTO,2
00001532,2025,8,3,1,DUPLICADO_EXACTO,2
00001532,2026,5,2,1,DUPLICADO_EXACTO,1
00001532,2026,7,2,1,DUPLICADO_EXACTO,1
00001533,2019,1,3,1,DUPLICADO_EXACTO,2
00001533,2020,2,2,1,DUPLICADO_EXACTO,1
00001533,2021,11,3,1,DUPLICADO_EXACTO,2
00001533,2023,10,2,1,DUPLICADO_EXACTO,1
00001533,2024,4,3,1,DUPLICADO_EXACTO,2
00001533,2025,4,2,1,DUPLICADO_EXACTO,1
00001533,2026,2,2,1,DUPLICADO_EXACTO,1
00001534,2019,1,3,1,DUPLICADO_EXACTO,2
00001534,2019,5,2,1,DUPLICADO_EXACTO,1
00001534,2020,2,2,1,DUPLICADO_EXACTO,1
00001534,2021,11,3,1,DUPLICADO_EXACTO,2
00001534,2023,10,2,1,DUPLICADO_EXACTO,1
00001534,2024,4,3,1,DUPLICADO_EXACTO,2
00001534,2026,4,2,1,DUPLICADO_EXACTO,1
00001534,2026,7,2,1,DUPLICADO_EXACTO,1
00001535,2019,1,3,1,DUPLICADO_EXACTO,2
00001535,2020,2,2,1,DUPLICADO_EXACTO,1
00001535,2021,11,3,1,DUPLICADO_EXACTO,2
00001535,2023,10,2,1,DUPLICADO_EXACTO,1
00001535,2024,4,3,1,DUPLICADO_EXACTO,2
00001535,2026,4,2,1,DUPLICADO_EXACTO,1
00001535,2026,7,2,1,DUPLICADO_EXACTO,1
00001536,2019,1,3,1,DUPLICADO_EXACTO,2
00001536,2020,2,2,1,DUPLICADO_EXACTO,1
00001536,2021,11,3,1,DUPLICADO_EXACTO,2
00001536,2023,10,2,1,DUPLICADO_EXACTO,1
00001536,2024,4,3,1,DUPLICADO_EXACTO,2
00001536,2026,4,2,1,DUPLICADO_EXACTO,1
00001536,2026,7,2,1,DUPLICADO_EXACTO,1
00001537,2019,1,3,1,DUPLICADO_EXACTO,2
00001537,2020,2,2,1,DUPLICADO_EXACTO,1
00001537,2021,11,3,1,DUPLICADO_EXACTO,2
00001537,2023,10,2,1,DUPLICADO_EXACTO,1
00001537,2024,4,3,1,DUPLICADO_EXACTO,2
00001537,2026,4,2,1,DUPLICADO_EXACTO,1
00001537,2026,7,2,1,DUPLICADO_EXACTO,1
00001538,2019,1,3,1,DUPLICADO_EXACTO,2
00001538,2019,3,2,1,DUPLICADO_EXACTO,1
00001538,2020,2,2,1,DUPLICADO_EXACTO,1
00001538,2021,11,3,1,DUPLICADO_EXACTO,2
00001538,2023,10,2,1,DUPLICADO_EXACTO,1
00001538,2024,4,3,1,DUPLICADO_EXACTO,2
00001539,2019,1,2,1,DUPLICADO_EXACTO,1
00001539,2019,5,2,1,DUPLICADO_EXACTO,1
00001539,2021,11,3,1,DUPLICADO_EXACTO,2
00001539,2023,10,2,1,DUPLICADO_EXACTO,1
00001539,2024,4,3,1,DUPLICADO_EXACTO,2
00001539,2026,4,2,1,DUPLICADO_EXACTO,1
00001539,2026,7,2,1,DUPLICADO_EXACTO,1
00001540,2019,1,3,1,DUPLICADO_EXACTO,2
00001540,2020,2,2,1,DUPLICADO_EXACTO,1
00001540,2021,11,3,1,DUPLICADO_EXACTO,2
00001540,2023,10,2,1,DUPLICADO_EXACTO,1
00001540,2024,4,3,1,DUPLICADO_EXACTO,2
00001540,2025,5,2,1,DUPLICADO_EXACTO,1
00001540,2025,6,2,1,DUPLICADO_EXACTO,1
00001540,2025,11,2,1,DUPLICADO_EXACTO,1
00001540,2025,12,2,1,DUPLICADO_EXACTO,1
00001540,2026,1,2,1,DUPLICADO_EXACTO,1
00001541,2019,1,2,1,DUPLICADO_EXACTO,1
00001541,2020,2,2,1,DUPLICADO_EXACTO,1
00001541,2021,11,2,1,DUPLICADO_EXACTO,1
00001541,2023,10,2,1,DUPLICADO_EXACTO,1
00001541,2024,4,3,1,DUPLICADO_EXACTO,2
00001541,2025,5,2,1,DUPLICADO_EXACTO,1
00001541,2025,6,2,1,DUPLICADO_EXACTO,1
00001541,2025,7,2,1,DUPLICADO_EXACTO,1
00001541,2025,8,2,1,DUPLICADO_EXACTO,1
00001541,2025,9,2,1,DUPLICADO_EXACTO,1
00001541,2025,11,2,1,DUPLICADO_EXACTO,1
00001541,2025,12,2,1,DUPLICADO_EXACTO,1
00001541,2026,1,2,1,DUPLICADO_EXACTO,1
00001542,2019,1,2,1,DUPLICADO_EXACTO,1
00001542,2021,11,2,1,DUPLICADO_EXACTO,1
00001542,2023,10,2,1,DUPLICADO_EXACTO,1
00001544,2019,1,2,1,DUPLICADO_EXACTO,1
00001544,2021,11,2,1,DUPLICADO_EXACTO,1
00001544,2023,10,2,1,DUPLICADO_EXACTO,1
00001544,2024,4,3,1,DUPLICADO_EXACTO,2
00001545,2019,1,3,1,DUPLICADO_EXACTO,2
00001545,2019,3,2,1,DUPLICADO_EXACTO,1
00001545,2020,2,2,1,DUPLICADO_EXACTO,1
00001545,2021,11,3,1,DUPLICADO_EXACTO,2
00001545,2023,10,2,1,DUPLICADO_EXACTO,1
00001545,2024,4,3,1,DUPLICADO_EXACTO,2
00001546,2019,1,3,1,DUPLICADO_EXACTO,2
00001546,2020,2,2,1,DUPLICADO_EXACTO,1
00001546,2021,11,3,1,DUPLICADO_EXACTO,2
00001546,2023,10,2,1,DUPLICADO_EXACTO,1
00001546,2024,4,3,1,DUPLICADO_EXACTO,2
00001547,2019,1,3,1,DUPLICADO_EXACTO,2
00001547,2020,2,2,1,DUPLICADO_EXACTO,1
00001547,2021,11,3,1,DUPLICADO_EXACTO,2
00001547,2023,10,2,1,DUPLICADO_EXACTO,1
00001548,2019,1,3,1,DUPLICADO_EXACTO,2
00001548,2019,3,2,1,DUPLICADO_EXACTO,1
00001548,2020,2,2,1,DUPLICADO_EXACTO,1
00001548,2021,11,3,1,DUPLICADO_EXACTO,2
00001548,2023,10,2,1,DUPLICADO_EXACTO,1
00001548,2024,4,3,1,DUPLICADO_EXACTO,2
00001549,2019,1,3,1,DUPLICADO_EXACTO,2
00001549,2019,3,3,1,DUPLICADO_EXACTO,2
00001549,2020,2,2,1,DUPLICADO_EXACTO,1
00001549,2021,11,3,1,DUPLICADO_EXACTO,2
00001549,2023,10,2,1,DUPLICADO_EXACTO,1
00001550,2019,1,3,1,DUPLICADO_EXACTO,2
00001550,2020,2,2,1,DUPLICADO_EXACTO,1
00001550,2021,11,3,1,DUPLICADO_EXACTO,2
00001550,2023,10,2,1,DUPLICADO_EXACTO,1
00001551,2019,1,3,1,DUPLICADO_EXACTO,2
00001551,2020,2,2,1,DUPLICADO_EXACTO,1
00001551,2021,11,3,1,DUPLICADO_EXACTO,2
00001551,2023,10,2,1,DUPLICADO_EXACTO,1
00001551,2024,4,3,1,DUPLICADO_EXACTO,2
00001552,2019,1,3,1,DUPLICADO_EXACTO,2
00001552,2020,2,2,1,DUPLICADO_EXACTO,1
00001552,2021,11,3,1,DUPLICADO_EXACTO,2
00001552,2023,10,2,1,DUPLICADO_EXACTO,1
00001552,2024,4,3,1,DUPLICADO_EXACTO,2
00001553,2019,1,3,1,DUPLICADO_EXACTO,2
00001553,2020,2,2,1,DUPLICADO_EXACTO,1
00001553,2021,11,3,1,DUPLICADO_EXACTO,2
00001553,2023,10,2,1,DUPLICADO_EXACTO,1
00001553,2024,4,3,1,DUPLICADO_EXACTO,2
00001555,2019,1,3,1,DUPLICADO_EXACTO,2
00001555,2020,2,2,1,DUPLICADO_EXACTO,1
00001555,2021,11,3,1,DUPLICADO_EXACTO,2
00001555,2023,10,2,1,DUPLICADO_EXACTO,1
00001555,2024,4,3,1,DUPLICADO_EXACTO,2
00001556,2019,1,3,1,DUPLICADO_EXACTO,2
00001556,2020,2,2,1,DUPLICADO_EXACTO,1
00001556,2021,11,3,1,DUPLICADO_EXACTO,2
00001556,2023,10,2,1,DUPLICADO_EXACTO,1
00001556,2024,4,3,1,DUPLICADO_EXACTO,2
00001557,2019,1,3,1,DUPLICADO_EXACTO,2
00001557,2020,2,2,1,DUPLICADO_EXACTO,1
00001557,2021,11,3,1,DUPLICADO_EXACTO,2
00001557,2023,10,2,1,DUPLICADO_EXACTO,1
00001557,2025,5,3,1,DUPLICADO_EXACTO,2
00001558,2020,2,2,1,DUPLICADO_EXACTO,1
00001558,2021,11,3,1,DUPLICADO_EXACTO,2
00001558,2023,10,2,1,DUPLICADO_EXACTO,1
00001558,2024,4,3,1,DUPLICADO_EXACTO,2
00001559,2019,1,3,1,DUPLICADO_EXACTO,2
00001559,2020,2,2,1,DUPLICADO_EXACTO,1
00001559,2021,11,3,1,DUPLICADO_EXACTO,2
00001559,2023,10,2,1,DUPLICADO_EXACTO,1
00001559,2024,4,2,1,DUPLICADO_EXACTO,1
00001560,2019,1,3,1,DUPLICADO_EXACTO,2
00001560,2020,2,2,1,DUPLICADO_EXACTO,1
00001560,2021,11,3,1,DUPLICADO_EXACTO,2
00001560,2023,10,2,1,DUPLICADO_EXACTO,1
00001560,2024,4,3,1,DUPLICADO_EXACTO,2
00001561,2019,1,3,1,DUPLICADO_EXACTO,2
00001561,2020,2,2,1,DUPLICADO_EXACTO,1
00001561,2021,11,3,1,DUPLICADO_EXACTO,2
00001561,2023,10,2,1,DUPLICADO_EXACTO,1
00001561,2024,4,3,1,DUPLICADO_EXACTO,2
00001562,2019,1,3,1,DUPLICADO_EXACTO,2
00001562,2019,5,2,1,DUPLICADO_EXACTO,1
00001562,2020,2,2,1,DUPLICADO_EXACTO,1
00001562,2021,11,3,1,DUPLICADO_EXACTO,2
00001562,2023,10,2,1,DUPLICADO_EXACTO,1
00001562,2024,4,3,1,DUPLICADO_EXACTO,2
00001562,2025,2,4,1,DUPLICADO_EXACTO,3
00001563,2019,1,4,1,DUPLICADO_EXACTO,3
00001563,2020,2,2,1,DUPLICADO_EXACTO,1
00001563,2021,11,3,1,DUPLICADO_EXACTO,2
00001563,2023,10,2,1,DUPLICADO_EXACTO,1
00001563,2024,4,3,1,DUPLICADO_EXACTO,2
00001563,2025,2,4,1,DUPLICADO_EXACTO,3
00001563,2025,12,2,1,DUPLICADO_EXACTO,1
00001563,2026,1,2,1,DUPLICADO_EXACTO,1
00001563,2026,4,2,1,DUPLICADO_EXACTO,1
00001564,2019,1,4,1,DUPLICADO_EXACTO,3
00001564,2020,2,2,1,DUPLICADO_EXACTO,1
00001564,2021,11,3,1,DUPLICADO_EXACTO,2
00001564,2023,10,2,1,DUPLICADO_EXACTO,1
00001564,2024,4,3,1,DUPLICADO_EXACTO,2
00001564,2025,2,4,1,DUPLICADO_EXACTO,3
00001564,2025,12,2,1,DUPLICADO_EXACTO,1
00001564,2026,1,2,1,DUPLICADO_EXACTO,1
00001564,2026,4,2,1,DUPLICADO_EXACTO,1
00001565,2019,1,3,1,DUPLICADO_EXACTO,2
00001565,2020,2,2,1,DUPLICADO_EXACTO,1
00001565,2021,11,3,1,DUPLICADO_EXACTO,2
00001565,2023,10,2,1,DUPLICADO_EXACTO,1
00001565,2024,4,3,1,DUPLICADO_EXACTO,2
00001565,2025,12,2,1,DUPLICADO_EXACTO,1
00001565,2026,1,2,1,DUPLICADO_EXACTO,1
00001565,2026,4,2,1,DUPLICADO_EXACTO,1
00001568,2019,1,3,1,DUPLICADO_EXACTO,2
00001568,2020,2,2,1,DUPLICADO_EXACTO,1
00001568,2021,11,3,1,DUPLICADO_EXACTO,2
00001568,2023,10,2,1,DUPLICADO_EXACTO,1
00001568,2026,6,2,1,DUPLICADO_EXACTO,1
00001568,2026,7,2,1,DUPLICADO_EXACTO,1
00001569,2019,1,4,1,DUPLICADO_EXACTO,3
00001569,2020,2,2,1,DUPLICADO_EXACTO,1
00001569,2021,11,3,1,DUPLICADO_EXACTO,2
00001569,2023,10,2,1,DUPLICADO_EXACTO,1
00001569,2026,6,2,1,DUPLICADO_EXACTO,1
00001569,2026,7,2,1,DUPLICADO_EXACTO,1
00001570,2019,1,3,1,DUPLICADO_EXACTO,2
00001570,2020,2,2,1,DUPLICADO_EXACTO,1
00001570,2021,11,3,1,DUPLICADO_EXACTO,2
00001570,2023,10,2,1,DUPLICADO_EXACTO,1
00001570,2026,6,2,1,DUPLICADO_EXACTO,1
00001570,2026,7,2,1,DUPLICADO_EXACTO,1
00001572,2019,1,3,1,DUPLICADO_EXACTO,2
00001572,2020,2,2,1,DUPLICADO_EXACTO,1
00001572,2021,11,3,1,DUPLICADO_EXACTO,2
00001572,2023,10,2,1,DUPLICADO_EXACTO,1
00001572,2026,6,2,1,DUPLICADO_EXACTO,1
00001572,2026,7,2,1,DUPLICADO_EXACTO,1
00001573,2019,1,3,1,DUPLICADO_EXACTO,2
00001573,2020,2,2,1,DUPLICADO_EXACTO,1
00001573,2021,11,3,1,DUPLICADO_EXACTO,2
00001573,2023,10,2,1,DUPLICADO_EXACTO,1
00001574,2019,1,3,1,DUPLICADO_EXACTO,2
00001574,2020,2,2,1,DUPLICADO_EXACTO,1
00001574,2021,11,3,1,DUPLICADO_EXACTO,2
00001574,2023,10,2,1,DUPLICADO_EXACTO,1
00001574,2025,4,2,1,DUPLICADO_EXACTO,1
00001574,2026,2,2,1,DUPLICADO_EXACTO,1
00001575,2019,1,3,1,DUPLICADO_EXACTO,2
00001575,2020,2,2,1,DUPLICADO_EXACTO,1
00001575,2021,11,3,1,DUPLICADO_EXACTO,2
00001575,2023,10,2,1,DUPLICADO_EXACTO,1
00001575,2024,4,3,1,DUPLICADO_EXACTO,2
00001575,2025,4,2,1,DUPLICADO_EXACTO,1
00001575,2026,2,2,1,DUPLICADO_EXACTO,1
00001576,2019,1,3,1,DUPLICADO_EXACTO,2
00001576,2020,2,2,1,DUPLICADO_EXACTO,1
00001576,2021,11,3,1,DUPLICADO_EXACTO,2
00001576,2023,10,2,1,DUPLICADO_EXACTO,1
00001576,2024,4,3,1,DUPLICADO_EXACTO,2
00001576,2025,4,2,1,DUPLICADO_EXACTO,1
00001576,2026,2,2,1,DUPLICADO_EXACTO,1
00001577,2019,1,3,1,DUPLICADO_EXACTO,2
00001577,2020,2,2,1,DUPLICADO_EXACTO,1
00001577,2021,11,3,1,DUPLICADO_EXACTO,2
00001577,2023,10,2,1,DUPLICADO_EXACTO,1
00001577,2025,4,2,1,DUPLICADO_EXACTO,1
00001577,2026,2,2,1,DUPLICADO_EXACTO,1
00001578,2019,1,4,1,DUPLICADO_EXACTO,3
00001578,2020,2,2,1,DUPLICADO_EXACTO,1
00001578,2021,11,3,1,DUPLICADO_EXACTO,2
00001578,2023,10,2,1,DUPLICADO_EXACTO,1
00001578,2024,4,3,1,DUPLICADO_EXACTO,2
00001578,2025,4,2,1,DUPLICADO_EXACTO,1
00001578,2026,2,2,1,DUPLICADO_EXACTO,1
00001579,2019,1,3,1,DUPLICADO_EXACTO,2
00001579,2020,2,2,1,DUPLICADO_EXACTO,1
00001579,2021,11,3,1,DUPLICADO_EXACTO,2
00001579,2023,10,2,1,DUPLICADO_EXACTO,1
00001579,2024,4,3,1,DUPLICADO_EXACTO,2
00001579,2025,4,2,1,DUPLICADO_EXACTO,1
00001579,2026,2,2,1,DUPLICADO_EXACTO,1
00001580,2019,1,3,1,DUPLICADO_EXACTO,2
00001580,2019,7,2,1,DUPLICADO_EXACTO,1
00001580,2020,2,2,1,DUPLICADO_EXACTO,1
00001580,2021,11,3,1,DUPLICADO_EXACTO,2
00001580,2023,10,2,1,DUPLICADO_EXACTO,1
00001580,2024,4,3,1,DUPLICADO_EXACTO,2
00001580,2025,4,2,1,DUPLICADO_EXACTO,1
00001580,2026,2,2,1,DUPLICADO_EXACTO,1
00001581,2019,1,3,1,DUPLICADO_EXACTO,2
00001581,2020,2,2,1,DUPLICADO_EXACTO,1
00001581,2021,11,3,1,DUPLICADO_EXACTO,2
00001581,2023,10,2,1,DUPLICADO_EXACTO,1
00001581,2024,4,3,1,DUPLICADO_EXACTO,2
00001581,2025,4,2,1,DUPLICADO_EXACTO,1
00001581,2026,2,2,1,DUPLICADO_EXACTO,1
00001582,2019,1,3,1,DUPLICADO_EXACTO,2
00001582,2020,2,2,1,DUPLICADO_EXACTO,1
00001582,2021,11,3,1,DUPLICADO_EXACTO,2
00001582,2023,10,2,1,DUPLICADO_EXACTO,1
00001582,2024,4,2,1,DUPLICADO_EXACTO,1
00001583,2019,1,2,1,DUPLICADO_EXACTO,1
00001583,2021,11,2,1,DUPLICADO_EXACTO,1
00001583,2024,4,2,1,DUPLICADO_EXACTO,1
00001583,2025,12,3,1,DUPLICADO_EXACTO,2
00001583,2026,4,3,1,DUPLICADO_EXACTO,2
00001584,2019,1,2,1,DUPLICADO_EXACTO,1
00001584,2020,2,2,1,DUPLICADO_EXACTO,1
00001584,2021,11,2,1,DUPLICADO_EXACTO,1
00001584,2024,4,2,1,DUPLICADO_EXACTO,1
00001584,2025,12,3,1,DUPLICADO_EXACTO,2
00001584,2026,4,3,1,DUPLICADO_EXACTO,2
00001585,2019,1,4,1,DUPLICADO_EXACTO,3
00001585,2020,2,2,1,DUPLICADO_EXACTO,1
00001585,2021,11,3,1,DUPLICADO_EXACTO,2
00001585,2024,4,2,1,DUPLICADO_EXACTO,1
00001586,2019,1,3,1,DUPLICADO_EXACTO,2
00001586,2020,2,2,1,DUPLICADO_EXACTO,1
00001586,2021,11,3,1,DUPLICADO_EXACTO,2
00001586,2024,4,2,1,DUPLICADO_EXACTO,1
00001586,2025,12,3,1,DUPLICADO_EXACTO,2
00001618,2019,11,2,1,DUPLICADO_EXACTO,1
00001634,2019,2,2,1,DUPLICADO_EXACTO,1
00001634,2019,5,2,1,DUPLICADO_EXACTO,1
00001639,2019,5,2,1,DUPLICADO_EXACTO,1
00001640,2019,8,2,1,DUPLICADO_EXACTO,1
00001640,2026,1,2,1,DUPLICADO_EXACTO,1
00001640,2026,2,2,1,DUPLICADO_EXACTO,1
00001640,2026,3,2,1,DUPLICADO_EXACTO,1
00001641,2026,1,2,1,DUPLICADO_EXACTO,1
00001641,2026,2,2,1,DUPLICADO_EXACTO,1
00001641,2026,3,2,1,DUPLICADO_EXACTO,1
00001643,2026,1,2,1,DUPLICADO_EXACTO,1
00001643,2026,2,2,1,DUPLICADO_EXACTO,1
00001643,2026,3,2,1,DUPLICADO_EXACTO,1
00001644,2026,1,2,1,DUPLICADO_EXACTO,1
00001644,2026,2,2,1,DUPLICADO_EXACTO,1
00001644,2026,3,2,1,DUPLICADO_EXACTO,1
00001645,2026,1,2,1,DUPLICADO_EXACTO,1
00001645,2026,2,2,1,DUPLICADO_EXACTO,1
00001645,2026,3,2,1,DUPLICADO_EXACTO,1
00001647,2019,3,3,1,DUPLICADO_EXACTO,2
00001647,2026,1,2,1,DUPLICADO_EXACTO,1
00001647,2026,2,2,1,DUPLICADO_EXACTO,1
00001647,2026,3,2,1,DUPLICADO_EXACTO,1
00001649,2019,5,2,1,DUPLICADO_EXACTO,1
00001650,2019,8,2,1,DUPLICADO_EXACTO,1
00001703,2019,12,5,1,DUPLICADO_EXACTO,4
00001704,2022,12,2,1,DUPLICADO_EXACTO,1
00001705,2022,12,2,1,DUPLICADO_EXACTO,1
00001706,2022,12,2,1,DUPLICADO_EXACTO,1
00001707,2022,12,2,1,DUPLICADO_EXACTO,1
00001708,2022,12,2,1,DUPLICADO_EXACTO,1
00001709,2022,12,2,1,DUPLICADO_EXACTO,1
00001710,2022,12,2,1,DUPLICADO_EXACTO,1
00001711,2022,12,2,1,DUPLICADO_EXACTO,1
00001712,2022,12,2,1,DUPLICADO_EXACTO,1
00001713,2022,12,2,1,DUPLICADO_EXACTO,1
00001714,2022,12,2,1,DUPLICADO_EXACTO,1
00001715,2022,12,2,1,DUPLICADO_EXACTO,1
00001716,2022,12,2,1,DUPLICADO_EXACTO,1
00001717,2022,12,2,1,DUPLICADO_EXACTO,1
00001719,2018,3,2,1,DUPLICADO_EXACTO,1
00001719,2018,4,2,1,DUPLICADO_EXACTO,1
00001720,2022,12,2,1,DUPLICADO_EXACTO,1
00001721,2022,12,2,1,DUPLICADO_EXACTO,1
00001722,2022,12,2,1,DUPLICADO_EXACTO,1
00001723,2022,12,2,1,DUPLICADO_EXACTO,1
00001724,2022,12,2,1,DUPLICADO_EXACTO,1
00001725,2022,12,2,1,DUPLICADO_EXACTO,1
00001726,2022,12,2,1,DUPLICADO_EXACTO,1
00001727,2022,12,2,1,DUPLICADO_EXACTO,1
00001728,2022,12,2,1,DUPLICADO_EXACTO,1
00001729,2022,12,2,1,DUPLICADO_EXACTO,1
00001730,2022,12,2,1,DUPLICADO_EXACTO,1
00001731,2022,12,2,1,DUPLICADO_EXACTO,1
00001732,2022,12,2,1,DUPLICADO_EXACTO,1
00001733,2022,12,2,1,DUPLICADO_EXACTO,1
00001734,2022,12,2,1,DUPLICADO_EXACTO,1
00001735,2022,12,2,1,DUPLICADO_EXACTO,1
00001736,2022,12,2,1,DUPLICADO_EXACTO,1
00001737,2022,12,2,1,DUPLICADO_EXACTO,1
00001738,2022,12,2,1,DUPLICADO_EXACTO,1
00001739,2022,12,2,1,DUPLICADO_EXACTO,1
00001742,2022,12,2,1,DUPLICADO_EXACTO,1
00001743,2022,12,2,1,DUPLICADO_EXACTO,1
00001744,2022,12,2,1,DUPLICADO_EXACTO,1
00001745,2022,12,2,1,DUPLICADO_EXACTO,1
00001746,2022,12,2,1,DUPLICADO_EXACTO,1
00001747,2022,12,2,1,DUPLICADO_EXACTO,1
00001748,2022,12,2,1,DUPLICADO_EXACTO,1
00001749,2019,1,3,1,DUPLICADO_EXACTO,2
00001749,2020,2,2,1,DUPLICADO_EXACTO,1
00001749,2021,11,3,1,DUPLICADO_EXACTO,2
00001749,2023,10,2,1,DUPLICADO_EXACTO,1
00001749,2024,4,3,1,DUPLICADO_EXACTO,2
00001751,2022,12,2,1,DUPLICADO_EXACTO,1
00001752,2022,12,2,1,DUPLICADO_EXACTO,1
00001753,2022,12,2,1,DUPLICADO_EXACTO,1
00001754,2020,9,2,1,DUPLICADO_EXACTO,1
00001754,2022,4,2,1,DUPLICADO_EXACTO,1
00001754,2022,7,3,1,DUPLICADO_EXACTO,2
00001754,2022,8,4,1,DUPLICADO_EXACTO,3
00001754,2022,9,2,1,DUPLICADO_EXACTO,1
00001754,2022,10,2,1,DUPLICADO_EXACTO,1
00001754,2022,11,3,1,DUPLICADO_EXACTO,2
00001754,2022,12,4,1,DUPLICADO_EXACTO,3
00001754,2023,3,3,1,DUPLICADO_EXACTO,2
00001754,2023,6,3,1,DUPLICADO_EXACTO,2
00001755,2021,11,2,1,DUPLICADO_EXACTO,1
00001755,2023,10,2,1,DUPLICADO_EXACTO,1
00001755,2024,4,2,1,DUPLICADO_EXACTO,1
00001755,2025,6,2,1,DUPLICADO_EXACTO,1
00001755,2025,9,2,1,DUPLICADO_EXACTO,1
00001755,2025,11,2,1,DUPLICADO_EXACTO,1
00001755,2026,1,2,1,DUPLICADO_EXACTO,1
00001755,2026,5,3,1,DUPLICADO_EXACTO,2
00001756,2019,1,3,1,DUPLICADO_EXACTO,2
00001756,2020,2,2,1,DUPLICADO_EXACTO,1
00001756,2021,11,3,1,DUPLICADO_EXACTO,2
00001756,2023,10,2,1,DUPLICADO_EXACTO,1
00001756,2024,4,3,1,DUPLICADO_EXACTO,2
00001756,2025,5,2,1,DUPLICADO_EXACTO,1
00001756,2025,6,2,1,DUPLICADO_EXACTO,1
00001756,2025,9,2,1,DUPLICADO_EXACTO,1
00001756,2025,11,2,1,DUPLICADO_EXACTO,1
00001756,2026,5,3,1,DUPLICADO_EXACTO,2
00001757,2019,1,3,1,DUPLICADO_EXACTO,2
00001757,2020,2,2,1,DUPLICADO_EXACTO,1
00001757,2021,11,3,1,DUPLICADO_EXACTO,2
00001757,2023,10,2,1,DUPLICADO_EXACTO,1
00001757,2024,4,3,1,DUPLICADO_EXACTO,2
00001757,2025,5,2,1,DUPLICADO_EXACTO,1
00001757,2025,6,2,1,DUPLICADO_EXACTO,1
00001757,2025,11,2,1,DUPLICADO_EXACTO,1
00001757,2026,1,2,1,DUPLICADO_EXACTO,1
00001758,2019,1,3,1,DUPLICADO_EXACTO,2
00001758,2020,2,2,1,DUPLICADO_EXACTO,1
00001758,2021,11,2,1,DUPLICADO_EXACTO,1
00001758,2023,10,2,1,DUPLICADO_EXACTO,1
00001758,2024,4,3,1,DUPLICADO_EXACTO,2
00001758,2025,5,2,1,DUPLICADO_EXACTO,1
00001758,2025,9,2,1,DUPLICADO_EXACTO,1
00001758,2026,1,2,1,DUPLICADO_EXACTO,1
00001758,2026,5,3,1,DUPLICADO_EXACTO,2
00001759,2019,1,2,1,DUPLICADO_EXACTO,1
00001759,2021,11,3,1,DUPLICADO_EXACTO,2
00001759,2023,10,2,1,DUPLICADO_EXACTO,1
00001759,2024,4,2,1,DUPLICADO_EXACTO,1
00001759,2025,5,2,1,DUPLICADO_EXACTO,1
00001759,2025,6,2,1,DUPLICADO_EXACTO,1
00001759,2025,9,2,1,DUPLICADO_EXACTO,1
00001759,2025,11,2,1,DUPLICADO_EXACTO,1
00001759,2026,1,2,1,DUPLICADO_EXACTO,1
00001759,2026,5,3,1,DUPLICADO_EXACTO,2
00001760,2019,1,2,1,DUPLICADO_EXACTO,1
00001760,2020,2,2,1,DUPLICADO_EXACTO,1
00001760,2021,11,3,1,DUPLICADO_EXACTO,2
00001760,2023,10,2,1,DUPLICADO_EXACTO,1
00001760,2024,4,3,1,DUPLICADO_EXACTO,2
00001760,2025,5,2,1,DUPLICADO_EXACTO,1
00001760,2025,6,2,1,DUPLICADO_EXACTO,1
00001760,2025,9,2,1,DUPLICADO_EXACTO,1
00001760,2025,11,2,1,DUPLICADO_EXACTO,1
00001760,2026,1,2,1,DUPLICADO_EXACTO,1
00001760,2026,5,3,1,DUPLICADO_EXACTO,2
00001761,2019,1,4,1,DUPLICADO_EXACTO,3
00001761,2020,2,2,1,DUPLICADO_EXACTO,1
00001761,2021,11,3,1,DUPLICADO_EXACTO,2
00001761,2023,10,2,1,DUPLICADO_EXACTO,1
00001761,2024,4,2,1,DUPLICADO_EXACTO,1
00001761,2025,5,2,1,DUPLICADO_EXACTO,1
00001761,2025,6,2,1,DUPLICADO_EXACTO,1
00001761,2025,9,2,1,DUPLICADO_EXACTO,1
00001761,2025,11,2,1,DUPLICADO_EXACTO,1
00001761,2026,1,2,1,DUPLICADO_EXACTO,1
00001761,2026,5,3,1,DUPLICADO_EXACTO,2
00001762,2019,1,3,1,DUPLICADO_EXACTO,2
00001762,2020,2,2,1,DUPLICADO_EXACTO,1
00001762,2021,11,3,1,DUPLICADO_EXACTO,2
00001762,2023,10,2,1,DUPLICADO_EXACTO,1
00001762,2024,4,2,1,DUPLICADO_EXACTO,1
00001762,2025,5,2,1,DUPLICADO_EXACTO,1
00001762,2025,6,2,1,DUPLICADO_EXACTO,1
00001762,2025,9,2,1,DUPLICADO_EXACTO,1
00001762,2025,11,2,1,DUPLICADO_EXACTO,1
00001762,2026,1,2,1,DUPLICADO_EXACTO,1
00001762,2026,5,3,1,DUPLICADO_EXACTO,2
00001763,2019,1,2,1,DUPLICADO_EXACTO,1
00001763,2021,11,2,1,DUPLICADO_EXACTO,1
00001763,2023,10,2,1,DUPLICADO_EXACTO,1
00001763,2024,4,3,1,DUPLICADO_EXACTO,2
00001763,2025,5,2,1,DUPLICADO_EXACTO,1
00001763,2025,9,2,1,DUPLICADO_EXACTO,1
00001763,2025,11,2,1,DUPLICADO_EXACTO,1
00001763,2026,1,2,1,DUPLICADO_EXACTO,1
00001763,2026,5,3,1,DUPLICADO_EXACTO,2
00001764,2019,1,3,1,DUPLICADO_EXACTO,2
00001764,2020,2,2,1,DUPLICADO_EXACTO,1
00001764,2021,11,3,1,DUPLICADO_EXACTO,2
00001764,2023,10,2,1,DUPLICADO_EXACTO,1
00001764,2024,4,3,1,DUPLICADO_EXACTO,2
00001764,2025,5,2,1,DUPLICADO_EXACTO,1
00001764,2025,6,2,1,DUPLICADO_EXACTO,1
00001764,2025,9,2,1,DUPLICADO_EXACTO,1
00001764,2025,11,2,1,DUPLICADO_EXACTO,1
00001764,2026,1,2,1,DUPLICADO_EXACTO,1
00001764,2026,5,3,1,DUPLICADO_EXACTO,2
00001766,2020,5,2,1,DUPLICADO_EXACTO,1
00001766,2024,1,3,1,DUPLICADO_EXACTO,2
00001767,2020,5,2,1,DUPLICADO_EXACTO,1
00001767,2024,1,3,1,DUPLICADO_EXACTO,2
00001768,2020,5,2,1,DUPLICADO_EXACTO,1
00001768,2024,1,3,1,DUPLICADO_EXACTO,2
00001769,2020,5,2,1,DUPLICADO_EXACTO,1
00001769,2024,1,3,1,DUPLICADO_EXACTO,2
00001770,2020,5,2,1,DUPLICADO_EXACTO,1
00001770,2024,1,3,1,DUPLICADO_EXACTO,2
00001771,2019,7,3,1,DUPLICADO_EXACTO,2
00001771,2020,1,3,1,DUPLICADO_EXACTO,2
00001771,2020,2,2,1,DUPLICADO_EXACTO,1
00001771,2020,3,4,1,DUPLICADO_EXACTO,3
00001771,2020,4,4,1,DUPLICADO_EXACTO,3
00001771,2023,8,2,1,DUPLICADO_EXACTO,1
00001771,2023,9,2,1,DUPLICADO_EXACTO,1
00001771,2023,10,2,1,DUPLICADO_EXACTO,1
00001772,2020,5,2,1,DUPLICADO_EXACTO,1
00001773,2020,5,2,1,DUPLICADO_EXACTO,1
00001773,2024,1,3,1,DUPLICADO_EXACTO,2
00001774,2020,5,2,1,DUPLICADO_EXACTO,1
00001774,2024,1,3,1,DUPLICADO_EXACTO,2
00001775,2019,7,2,1,DUPLICADO_EXACTO,1
00001775,2020,2,2,1,DUPLICADO_EXACTO,1
00001775,2020,3,3,1,DUPLICADO_EXACTO,2
00001775,2020,4,4,1,DUPLICADO_EXACTO,3
00001775,2023,8,2,1,DUPLICADO_EXACTO,1
00001775,2023,9,2,1,DUPLICADO_EXACTO,1
00001775,2023,10,2,1,DUPLICADO_EXACTO,1
00001775,2025,4,2,1,DUPLICADO_EXACTO,1
00001776,2019,7,2,1,DUPLICADO_EXACTO,1
00001776,2020,3,3,1,DUPLICADO_EXACTO,2
00001776,2020,4,4,1,DUPLICADO_EXACTO,3
00001776,2023,8,2,1,DUPLICADO_EXACTO,1
00001776,2023,9,2,1,DUPLICADO_EXACTO,1
00001776,2023,10,2,1,DUPLICADO_EXACTO,1
00001776,2025,4,2,1,DUPLICADO_EXACTO,1
00001777,2020,1,2,1,DUPLICADO_EXACTO,1
00001777,2020,3,3,1,DUPLICADO_EXACTO,2
00001777,2023,8,2,1,DUPLICADO_EXACTO,1
00001777,2023,9,2,1,DUPLICADO_EXACTO,1
00001777,2023,10,2,1,DUPLICADO_EXACTO,1
00001778,2020,1,3,1,DUPLICADO_EXACTO,2
00001778,2020,2,2,1,DUPLICADO_EXACTO,1
00001778,2020,3,3,1,DUPLICADO_EXACTO,2
00001778,2020,4,4,1,DUPLICADO_EXACTO,3
00001778,2023,8,2,1,DUPLICADO_EXACTO,1
00001778,2023,9,2,1,DUPLICADO_EXACTO,1
00001778,2023,10,2,1,DUPLICADO_EXACTO,1
00001779,2020,1,2,1,DUPLICADO_EXACTO,1
00001779,2020,3,4,1,DUPLICADO_EXACTO,3
00001779,2023,8,2,1,DUPLICADO_EXACTO,1
00001779,2023,9,2,1,DUPLICADO_EXACTO,1
00001779,2023,10,2,1,DUPLICADO_EXACTO,1
00001780,2020,1,2,1,DUPLICADO_EXACTO,1
00001780,2020,3,4,1,DUPLICADO_EXACTO,3
00001781,2020,1,2,1,DUPLICADO_EXACTO,1
00001781,2020,2,2,1,DUPLICADO_EXACTO,1
00001781,2020,3,3,1,DUPLICADO_EXACTO,2
00001781,2020,4,4,1,DUPLICADO_EXACTO,3
00001781,2023,8,2,1,DUPLICADO_EXACTO,1
00001781,2023,9,2,1,DUPLICADO_EXACTO,1
00001781,2023,10,2,1,DUPLICADO_EXACTO,1
00001782,2020,1,2,1,DUPLICADO_EXACTO,1
00001782,2020,3,3,1,DUPLICADO_EXACTO,2
00001783,2019,10,2,1,DUPLICADO_EXACTO,1
00001783,2020,1,2,1,DUPLICADO_EXACTO,1
00001783,2021,5,2,1,DUPLICADO_EXACTO,1
00001783,2021,6,2,1,DUPLICADO_EXACTO,1
00001783,2021,7,2,1,DUPLICADO_EXACTO,1
00001783,2021,9,2,1,DUPLICADO_EXACTO,1
00001783,2021,10,2,1,DUPLICADO_EXACTO,1
00001783,2021,11,2,1,DUPLICADO_EXACTO,1
00001783,2022,1,4,1,DUPLICADO_EXACTO,3
00001783,2022,3,3,1,DUPLICADO_EXACTO,2
00001783,2022,5,2,1,DUPLICADO_EXACTO,1
00001783,2022,6,2,1,DUPLICADO_EXACTO,1
00001783,2022,7,3,1,DUPLICADO_EXACTO,2
00001783,2022,8,2,1,DUPLICADO_EXACTO,1
00001783,2022,9,2,1,DUPLICADO_EXACTO,1
00001783,2022,11,2,1,DUPLICADO_EXACTO,1
00001783,2022,12,2,1,DUPLICADO_EXACTO,1
00001783,2023,2,2,1,DUPLICADO_EXACTO,1
00001783,2023,4,2,1,DUPLICADO_EXACTO,1
00001783,2023,5,2,1,DUPLICADO_EXACTO,1
00001783,2023,6,2,1,DUPLICADO_EXACTO,1
00001783,2023,7,2,1,DUPLICADO_EXACTO,1
00001783,2025,3,2,1,DUPLICADO_EXACTO,1
00001783,2025,4,3,1,DUPLICADO_EXACTO,2
00001783,2025,5,4,1,DUPLICADO_EXACTO,3
00001783,2025,6,2,1,DUPLICADO_EXACTO,1
00001783,2025,7,2,1,DUPLICADO_EXACTO,1
00001784,2021,5,2,1,DUPLICADO_EXACTO,1
00001784,2021,6,2,1,DUPLICADO_EXACTO,1
00001784,2021,7,2,1,DUPLICADO_EXACTO,1
00001784,2021,9,2,1,DUPLICADO_EXACTO,1
00001784,2021,10,2,1,DUPLICADO_EXACTO,1
00001784,2021,11,2,1,DUPLICADO_EXACTO,1
00001784,2022,1,4,1,DUPLICADO_EXACTO,3
00001784,2022,3,3,1,DUPLICADO_EXACTO,2
00001784,2022,5,2,1,DUPLICADO_EXACTO,1
00001784,2022,6,2,1,DUPLICADO_EXACTO,1
00001784,2022,7,3,1,DUPLICADO_EXACTO,2
00001784,2022,8,2,1,DUPLICADO_EXACTO,1
00001784,2022,9,2,1,DUPLICADO_EXACTO,1
00001784,2022,11,2,1,DUPLICADO_EXACTO,1
00001784,2022,12,2,1,DUPLICADO_EXACTO,1
00001784,2023,2,2,1,DUPLICADO_EXACTO,1
00001784,2023,4,2,1,DUPLICADO_EXACTO,1
00001784,2023,5,2,1,DUPLICADO_EXACTO,1
00001784,2023,6,2,1,DUPLICADO_EXACTO,1
00001784,2023,7,2,1,DUPLICADO_EXACTO,1
00001784,2023,9,2,1,DUPLICADO_EXACTO,1
00001784,2023,11,2,1,DUPLICADO_EXACTO,1
00001784,2024,1,2,1,DUPLICADO_EXACTO,1
00001784,2024,2,4,1,DUPLICADO_EXACTO,3
00001784,2024,3,2,1,DUPLICADO_EXACTO,1
00001784,2024,4,2,1,DUPLICADO_EXACTO,1
00001784,2025,3,2,1,DUPLICADO_EXACTO,1
00001784,2025,4,3,1,DUPLICADO_EXACTO,2
00001784,2025,5,4,1,DUPLICADO_EXACTO,3
00001784,2025,6,2,1,DUPLICADO_EXACTO,1
00001784,2025,7,2,1,DUPLICADO_EXACTO,1
00001785,2019,4,2,1,DUPLICADO_EXACTO,1
00001785,2020,5,2,1,DUPLICADO_EXACTO,1
00001785,2024,1,3,1,DUPLICADO_EXACTO,2
00001786,2021,5,2,1,DUPLICADO_EXACTO,1
00001786,2021,6,2,1,DUPLICADO_EXACTO,1
00001786,2021,7,2,1,DUPLICADO_EXACTO,1
00001786,2021,9,2,1,DUPLICADO_EXACTO,1
00001786,2021,10,2,1,DUPLICADO_EXACTO,1
00001786,2021,11,2,1,DUPLICADO_EXACTO,1
00001786,2022,1,4,1,DUPLICADO_EXACTO,3
00001786,2022,3,3,1,DUPLICADO_EXACTO,2
00001786,2022,5,2,1,DUPLICADO_EXACTO,1
00001786,2022,6,2,1,DUPLICADO_EXACTO,1
00001786,2022,7,3,1,DUPLICADO_EXACTO,2
00001786,2022,8,2,1,DUPLICADO_EXACTO,1
00001786,2022,9,2,1,DUPLICADO_EXACTO,1
00001786,2022,11,2,1,DUPLICADO_EXACTO,1
00001786,2022,12,2,1,DUPLICADO_EXACTO,1
00001786,2023,2,2,1,DUPLICADO_EXACTO,1
00001786,2023,4,2,1,DUPLICADO_EXACTO,1
00001786,2023,5,2,1,DUPLICADO_EXACTO,1
00001786,2023,6,2,1,DUPLICADO_EXACTO,1
00001786,2023,7,2,1,DUPLICADO_EXACTO,1
00001786,2023,9,2,1,DUPLICADO_EXACTO,1
00001786,2023,11,2,1,DUPLICADO_EXACTO,1
00001786,2024,1,2,1,DUPLICADO_EXACTO,1
00001786,2024,2,4,1,DUPLICADO_EXACTO,3
00001786,2024,3,2,1,DUPLICADO_EXACTO,1
00001786,2024,4,2,1,DUPLICADO_EXACTO,1
00001786,2025,3,2,1,DUPLICADO_EXACTO,1
00001787,2021,5,2,1,DUPLICADO_EXACTO,1
00001787,2021,6,2,1,DUPLICADO_EXACTO,1
00001787,2021,7,2,1,DUPLICADO_EXACTO,1
00001787,2021,10,2,1,DUPLICADO_EXACTO,1
00001787,2021,11,2,1,DUPLICADO_EXACTO,1
00001787,2022,1,4,1,DUPLICADO_EXACTO,3
00001787,2022,3,3,1,DUPLICADO_EXACTO,2
00001787,2022,5,2,1,DUPLICADO_EXACTO,1
00001787,2022,6,2,1,DUPLICADO_EXACTO,1
00001787,2022,7,3,1,DUPLICADO_EXACTO,2
00001787,2022,8,2,1,DUPLICADO_EXACTO,1
00001787,2022,9,2,1,DUPLICADO_EXACTO,1
00001787,2022,11,2,1,DUPLICADO_EXACTO,1
00001787,2022,12,2,1,DUPLICADO_EXACTO,1
00001787,2023,2,2,1,DUPLICADO_EXACTO,1
00001787,2023,4,2,1,DUPLICADO_EXACTO,1
00001787,2023,5,2,1,DUPLICADO_EXACTO,1
00001787,2023,6,2,1,DUPLICADO_EXACTO,1
00001787,2023,7,2,1,DUPLICADO_EXACTO,1
00001787,2023,9,2,1,DUPLICADO_EXACTO,1
00001787,2023,11,2,1,DUPLICADO_EXACTO,1
00001787,2024,1,2,1,DUPLICADO_EXACTO,1
00001787,2024,2,4,1,DUPLICADO_EXACTO,3
00001787,2024,3,2,1,DUPLICADO_EXACTO,1
00001787,2024,4,2,1,DUPLICADO_EXACTO,1
00001787,2025,3,2,1,DUPLICADO_EXACTO,1
00001787,2025,4,3,1,DUPLICADO_EXACTO,2
00001787,2025,5,4,1,DUPLICADO_EXACTO,3
00001787,2025,6,2,1,DUPLICADO_EXACTO,1
00001787,2025,7,2,1,DUPLICADO_EXACTO,1
00001788,2023,9,2,1,DUPLICADO_EXACTO,1
00001788,2023,11,2,1,DUPLICADO_EXACTO,1
00001788,2024,1,2,1,DUPLICADO_EXACTO,1
00001788,2024,2,4,1,DUPLICADO_EXACTO,3
00001788,2024,3,2,1,DUPLICADO_EXACTO,1
00001788,2024,4,2,1,DUPLICADO_EXACTO,1
00001788,2025,3,2,1,DUPLICADO_EXACTO,1
00001788,2025,5,4,1,DUPLICADO_EXACTO,3
00001788,2025,6,2,1,DUPLICADO_EXACTO,1
00001788,2025,7,2,1,DUPLICADO_EXACTO,1
00001789,2021,5,2,1,DUPLICADO_EXACTO,1
00001789,2021,6,2,1,DUPLICADO_EXACTO,1
00001789,2021,7,2,1,DUPLICADO_EXACTO,1
00001789,2021,9,2,1,DUPLICADO_EXACTO,1
00001789,2021,10,2,1,DUPLICADO_EXACTO,1
00001789,2021,11,2,1,DUPLICADO_EXACTO,1
00001789,2022,1,4,1,DUPLICADO_EXACTO,3
00001789,2022,3,3,1,DUPLICADO_EXACTO,2
00001789,2022,5,2,1,DUPLICADO_EXACTO,1
00001789,2022,6,2,1,DUPLICADO_EXACTO,1
00001789,2022,7,3,1,DUPLICADO_EXACTO,2
00001789,2022,8,2,1,DUPLICADO_EXACTO,1
00001789,2023,5,2,1,DUPLICADO_EXACTO,1
00001789,2023,6,2,1,DUPLICADO_EXACTO,1
00001789,2023,7,2,1,DUPLICADO_EXACTO,1
00001789,2023,9,2,1,DUPLICADO_EXACTO,1
00001789,2023,11,2,1,DUPLICADO_EXACTO,1
00001789,2024,1,2,1,DUPLICADO_EXACTO,1
00001789,2024,2,4,1,DUPLICADO_EXACTO,3
00001789,2024,3,2,1,DUPLICADO_EXACTO,1
00001789,2024,4,2,1,DUPLICADO_EXACTO,1
00001789,2025,3,2,1,DUPLICADO_EXACTO,1
00001789,2025,4,3,1,DUPLICADO_EXACTO,2
00001789,2025,5,4,1,DUPLICADO_EXACTO,3
00001789,2025,6,2,1,DUPLICADO_EXACTO,1
00001789,2025,7,2,1,DUPLICADO_EXACTO,1
00001790,2020,5,2,1,DUPLICADO_EXACTO,1
00001790,2024,1,3,1,DUPLICADO_EXACTO,2
00001792,2021,5,2,1,DUPLICADO_EXACTO,1
00001792,2021,6,2,1,DUPLICADO_EXACTO,1
00001792,2021,7,2,1,DUPLICADO_EXACTO,1
00001792,2021,9,2,1,DUPLICADO_EXACTO,1
00001792,2021,10,2,1,DUPLICADO_EXACTO,1
00001792,2021,11,2,1,DUPLICADO_EXACTO,1
00001792,2022,1,4,1,DUPLICADO_EXACTO,3
00001792,2022,3,3,1,DUPLICADO_EXACTO,2
00001792,2022,5,2,1,DUPLICADO_EXACTO,1
00001792,2022,6,2,1,DUPLICADO_EXACTO,1
00001792,2022,7,3,1,DUPLICADO_EXACTO,2
00001792,2022,8,2,1,DUPLICADO_EXACTO,1
00001792,2022,9,2,1,DUPLICADO_EXACTO,1
00001792,2022,11,2,1,DUPLICADO_EXACTO,1
00001792,2022,12,2,1,DUPLICADO_EXACTO,1
00001792,2023,2,2,1,DUPLICADO_EXACTO,1
00001792,2023,4,2,1,DUPLICADO_EXACTO,1
00001792,2023,5,2,1,DUPLICADO_EXACTO,1
00001792,2023,6,2,1,DUPLICADO_EXACTO,1
00001792,2023,7,2,1,DUPLICADO_EXACTO,1
00001792,2023,9,2,1,DUPLICADO_EXACTO,1
00001792,2023,11,2,1,DUPLICADO_EXACTO,1
00001792,2024,1,2,1,DUPLICADO_EXACTO,1
00001792,2024,2,4,1,DUPLICADO_EXACTO,3
00001792,2024,3,2,1,DUPLICADO_EXACTO,1
00001792,2024,4,2,1,DUPLICADO_EXACTO,1
00001792,2025,3,2,1,DUPLICADO_EXACTO,1
00001792,2025,4,3,1,DUPLICADO_EXACTO,2
00001792,2025,5,4,1,DUPLICADO_EXACTO,3
00001792,2025,6,2,1,DUPLICADO_EXACTO,1
00001792,2025,7,2,1,DUPLICADO_EXACTO,1
00001793,2021,6,2,1,DUPLICADO_EXACTO,1
00001793,2021,10,2,1,DUPLICADO_EXACTO,1
00001793,2021,11,2,1,DUPLICADO_EXACTO,1
00001793,2022,1,4,1,DUPLICADO_EXACTO,3
00001793,2022,3,3,1,DUPLICADO_EXACTO,2
00001793,2022,5,2,1,DUPLICADO_EXACTO,1
00001793,2022,6,2,1,DUPLICADO_EXACTO,1
00001793,2022,7,3,1,DUPLICADO_EXACTO,2
00001793,2022,8,2,1,DUPLICADO_EXACTO,1
00001793,2022,9,2,1,DUPLICADO_EXACTO,1
00001793,2022,11,2,1,DUPLICADO_EXACTO,1
00001793,2022,12,2,1,DUPLICADO_EXACTO,1
00001793,2023,2,2,1,DUPLICADO_EXACTO,1
00001793,2023,4,2,1,DUPLICADO_EXACTO,1
00001793,2023,5,2,1,DUPLICADO_EXACTO,1
00001793,2023,6,2,1,DUPLICADO_EXACTO,1
00001793,2023,9,2,1,DUPLICADO_EXACTO,1
00001793,2023,11,2,1,DUPLICADO_EXACTO,1
00001793,2024,1,2,1,DUPLICADO_EXACTO,1
00001793,2024,2,4,1,DUPLICADO_EXACTO,3
00001793,2024,3,2,1,DUPLICADO_EXACTO,1
00001793,2024,4,2,1,DUPLICADO_EXACTO,1
00001793,2025,3,2,1,DUPLICADO_EXACTO,1
00001793,2025,4,3,1,DUPLICADO_EXACTO,2
00001793,2025,5,4,1,DUPLICADO_EXACTO,3
00001793,2025,6,2,1,DUPLICADO_EXACTO,1
00001793,2025,7,2,1,DUPLICADO_EXACTO,1
00001794,2019,4,2,1,DUPLICADO_EXACTO,1
00001794,2021,5,2,1,DUPLICADO_EXACTO,1
00001794,2021,6,2,1,DUPLICADO_EXACTO,1
00001794,2021,7,2,1,DUPLICADO_EXACTO,1
00001794,2021,9,2,1,DUPLICADO_EXACTO,1
00001794,2021,10,2,1,DUPLICADO_EXACTO,1
00001794,2021,11,2,1,DUPLICADO_EXACTO,1
00001794,2022,1,4,1,DUPLICADO_EXACTO,3
00001794,2022,3,3,1,DUPLICADO_EXACTO,2
00001794,2022,5,2,1,DUPLICADO_EXACTO,1
00001794,2022,6,2,1,DUPLICADO_EXACTO,1
00001794,2022,7,3,1,DUPLICADO_EXACTO,2
00001794,2022,8,2,1,DUPLICADO_EXACTO,1
00001794,2022,9,2,1,DUPLICADO_EXACTO,1
00001794,2022,11,2,1,DUPLICADO_EXACTO,1
00001794,2022,12,2,1,DUPLICADO_EXACTO,1
00001794,2023,2,2,1,DUPLICADO_EXACTO,1
00001794,2023,4,2,1,DUPLICADO_EXACTO,1
00001794,2023,5,2,1,DUPLICADO_EXACTO,1
00001794,2023,6,2,1,DUPLICADO_EXACTO,1
00001794,2023,7,2,1,DUPLICADO_EXACTO,1
00001794,2023,9,2,1,DUPLICADO_EXACTO,1
00001794,2023,11,2,1,DUPLICADO_EXACTO,1
00001794,2024,1,2,1,DUPLICADO_EXACTO,1
00001794,2024,2,4,1,DUPLICADO_EXACTO,3
00001794,2024,3,2,1,DUPLICADO_EXACTO,1
00001794,2024,4,2,1,DUPLICADO_EXACTO,1
00001794,2025,4,3,1,DUPLICADO_EXACTO,2
00001794,2025,5,4,1,DUPLICADO_EXACTO,3
00001794,2025,6,2,1,DUPLICADO_EXACTO,1
00001794,2025,7,2,1,DUPLICADO_EXACTO,1
00001796,2021,5,2,1,DUPLICADO_EXACTO,1
00001796,2026,3,2,1,DUPLICADO_EXACTO,1
00001797,2020,1,2,1,DUPLICADO_EXACTO,1
00001797,2021,5,2,1,DUPLICADO_EXACTO,1
00001797,2026,3,2,1,DUPLICADO_EXACTO,1
00001798,2019,4,2,1,DUPLICADO_EXACTO,1
00001798,2021,5,2,1,DUPLICADO_EXACTO,1
00001798,2026,3,2,1,DUPLICADO_EXACTO,1
00001799,2020,9,2,1,DUPLICADO_EXACTO,1
00001799,2021,1,2,1,DUPLICADO_EXACTO,1
00001799,2021,2,2,1,DUPLICADO_EXACTO,1
00001799,2022,4,2,1,DUPLICADO_EXACTO,1
00001799,2022,7,3,1,DUPLICADO_EXACTO,2
00001799,2022,8,2,1,DUPLICADO_EXACTO,1
00001799,2023,3,3,1,DUPLICADO_EXACTO,2
00001799,2023,6,3,1,DUPLICADO_EXACTO,2
00001800,2019,4,2,1,DUPLICADO_EXACTO,1
00001800,2020,9,2,1,DUPLICADO_EXACTO,1
00001800,2021,1,2,1,DUPLICADO_EXACTO,1
00001800,2021,2,2,1,DUPLICADO_EXACTO,1
00001800,2022,12,2,1,DUPLICADO_EXACTO,1
00001801,2022,12,2,1,DUPLICADO_EXACTO,1
00001802,2026,3,2,1,DUPLICADO_EXACTO,1
00001803,2021,5,2,1,DUPLICADO_EXACTO,1
00001803,2026,3,2,1,DUPLICADO_EXACTO,1
00001804,2021,5,2,1,DUPLICADO_EXACTO,1
00001805,2021,1,2,1,DUPLICADO_EXACTO,1
00001805,2021,2,2,1,DUPLICADO_EXACTO,1
00001805,2022,4,2,1,DUPLICADO_EXACTO,1
00001805,2022,7,3,1,DUPLICADO_EXACTO,2
00001805,2022,8,4,1,DUPLICADO_EXACTO,3
00001805,2022,9,2,1,DUPLICADO_EXACTO,1
00001805,2022,10,2,1,DUPLICADO_EXACTO,1
00001805,2022,11,3,1,DUPLICADO_EXACTO,2
00001805,2022,12,4,1,DUPLICADO_EXACTO,3
00001805,2023,3,3,1,DUPLICADO_EXACTO,2
00001805,2023,6,3,1,DUPLICADO_EXACTO,2
00001806,2020,9,2,1,DUPLICADO_EXACTO,1
00001806,2021,1,2,1,DUPLICADO_EXACTO,1
00001806,2021,2,2,1,DUPLICADO_EXACTO,1
00001806,2022,4,2,1,DUPLICADO_EXACTO,1
00001806,2022,7,3,1,DUPLICADO_EXACTO,2
00001806,2022,8,4,1,DUPLICADO_EXACTO,3
00001806,2022,9,2,1,DUPLICADO_EXACTO,1
00001806,2022,10,2,1,DUPLICADO_EXACTO,1
00001806,2022,11,3,1,DUPLICADO_EXACTO,2
00001806,2023,3,3,1,DUPLICADO_EXACTO,2
00001806,2023,6,3,1,DUPLICADO_EXACTO,2
00001807,2020,9,2,1,DUPLICADO_EXACTO,1
00001807,2021,1,2,1,DUPLICADO_EXACTO,1
00001807,2021,2,2,1,DUPLICADO_EXACTO,1
00001807,2022,4,2,1,DUPLICADO_EXACTO,1
00001807,2022,7,3,1,DUPLICADO_EXACTO,2
00001807,2022,8,4,1,DUPLICADO_EXACTO,3
00001807,2022,9,2,1,DUPLICADO_EXACTO,1
00001807,2022,10,2,1,DUPLICADO_EXACTO,1
00001807,2022,11,3,1,DUPLICADO_EXACTO,2
00001807,2022,12,4,1,DUPLICADO_EXACTO,3
00001807,2023,3,3,1,DUPLICADO_EXACTO,2
00001807,2023,6,3,1,DUPLICADO_EXACTO,2
00001808,2021,5,2,1,DUPLICADO_EXACTO,1
00001808,2026,3,2,1,DUPLICADO_EXACTO,1
00001809,2021,5,2,1,DUPLICADO_EXACTO,1
00001809,2026,3,2,1,DUPLICADO_EXACTO,1
00001810,2020,1,2,1,DUPLICADO_EXACTO,1
00001810,2021,5,2,1,DUPLICADO_EXACTO,1
00001810,2026,3,2,1,DUPLICADO_EXACTO,1
00001811,2021,5,2,1,DUPLICADO_EXACTO,1
00001811,2026,3,2,1,DUPLICADO_EXACTO,1
00001812,2020,1,2,1,DUPLICADO_EXACTO,1
00001812,2021,5,2,1,DUPLICADO_EXACTO,1
00001812,2026,3,2,1,DUPLICADO_EXACTO,1
00001847,2026,3,2,1,DUPLICADO_EXACTO,1
00001847,2026,5,3,1,DUPLICADO_EXACTO,2
00001848,2026,3,2,1,DUPLICADO_EXACTO,1
00001849,2026,3,2,1,DUPLICADO_EXACTO,1
00001849,2026,5,3,1,DUPLICADO_EXACTO,2
00001850,2026,3,2,1,DUPLICADO_EXACTO,1
00001850,2026,5,3,1,DUPLICADO_EXACTO,2
00001851,2026,3,2,1,DUPLICADO_EXACTO,1
00001852,2026,3,2,1,DUPLICADO_EXACTO,1
00001852,2026,5,3,1,DUPLICADO_EXACTO,2
00001853,2026,3,2,1,DUPLICADO_EXACTO,1
00001853,2026,5,3,1,DUPLICADO_EXACTO,2
00001854,2026,5,2,1,DUPLICADO_EXACTO,1
00001855,2026,5,3,1,DUPLICADO_EXACTO,2
00001856,2025,11,2,1,DUPLICADO_EXACTO,1
00001856,2026,3,2,1,DUPLICADO_EXACTO,1
00001856,2026,5,2,1,DUPLICADO_EXACTO,1
00001856,2026,6,3,1,DUPLICADO_EXACTO,2
00001857,2026,3,2,1,DUPLICADO_EXACTO,1
00001858,2026,3,2,1,DUPLICADO_EXACTO,1
00001858,2026,5,2,1,DUPLICADO_EXACTO,1
00001858,2026,6,3,1,DUPLICADO_EXACTO,2
00001859,2025,11,2,1,DUPLICADO_EXACTO,1
00001860,2025,11,2,1,DUPLICADO_EXACTO,1
00001860,2026,3,2,1,DUPLICADO_EXACTO,1
00001860,2026,5,2,1,DUPLICADO_EXACTO,1
00001860,2026,6,3,1,DUPLICADO_EXACTO,2
00001863,2026,5,2,1,DUPLICADO_EXACTO,1
00001866,2022,12,2,1,DUPLICADO_EXACTO,1
00001866,2026,2,3,1,DUPLICADO_EXACTO,2
00001867,2022,12,2,1,DUPLICADO_EXACTO,1
00001867,2026,2,3,1,DUPLICADO_EXACTO,2
00001868,2022,12,2,1,DUPLICADO_EXACTO,1
00001869,2026,2,3,1,DUPLICADO_EXACTO,2
00001870,2022,12,2,1,DUPLICADO_EXACTO,1
00001870,2026,2,3,1,DUPLICADO_EXACTO,2
00001871,2022,12,2,1,DUPLICADO_EXACTO,1
00001871,2026,2,3,1,DUPLICADO_EXACTO,2
00001872,2022,12,2,1,DUPLICADO_EXACTO,1
00001872,2026,2,3,1,DUPLICADO_EXACTO,2
00001873,2022,12,2,1,DUPLICADO_EXACTO,1
00001873,2026,2,3,1,DUPLICADO_EXACTO,2
00001874,2022,12,2,1,DUPLICADO_EXACTO,1
00001874,2026,2,3,1,DUPLICADO_EXACTO,2
00001875,2020,9,2,1,DUPLICADO_EXACTO,1
00001875,2020,10,2,1,DUPLICADO_EXACTO,1
00001875,2020,12,2,1,DUPLICADO_EXACTO,1
00001875,2021,1,2,1,DUPLICADO_EXACTO,1
00001875,2021,2,2,1,DUPLICADO_EXACTO,1
00001875,2021,4,2,1,DUPLICADO_EXACTO,1
00001875,2021,6,2,1,DUPLICADO_EXACTO,1
00001875,2021,8,2,1,DUPLICADO_EXACTO,1
00001875,2021,12,2,1,DUPLICADO_EXACTO,1
00001875,2022,9,2,1,DUPLICADO_EXACTO,1
00001875,2025,4,2,1,DUPLICADO_EXACTO,1
00001876,2020,9,2,1,DUPLICADO_EXACTO,1
00001876,2020,10,2,1,DUPLICADO_EXACTO,1
00001876,2020,12,2,1,DUPLICADO_EXACTO,1
00001876,2021,1,2,1,DUPLICADO_EXACTO,1
00001876,2021,2,2,1,DUPLICADO_EXACTO,1
00001876,2021,4,2,1,DUPLICADO_EXACTO,1
00001876,2021,6,2,1,DUPLICADO_EXACTO,1
00001876,2021,8,2,1,DUPLICADO_EXACTO,1
00001876,2021,12,2,1,DUPLICADO_EXACTO,1
00001876,2022,9,2,1,DUPLICADO_EXACTO,1
00001876,2025,4,2,1,DUPLICADO_EXACTO,1
00001877,2020,9,2,1,DUPLICADO_EXACTO,1
00001877,2020,10,2,1,DUPLICADO_EXACTO,1
00001877,2020,12,2,1,DUPLICADO_EXACTO,1
00001877,2021,1,2,1,DUPLICADO_EXACTO,1
00001877,2021,2,2,1,DUPLICADO_EXACTO,1
00001877,2021,4,2,1,DUPLICADO_EXACTO,1
00001877,2021,6,2,1,DUPLICADO_EXACTO,1
00001877,2021,8,2,1,DUPLICADO_EXACTO,1
00001877,2021,12,2,1,DUPLICADO_EXACTO,1
00001877,2022,9,2,1,DUPLICADO_EXACTO,1
00001877,2025,4,2,1,DUPLICADO_EXACTO,1
00001878,2020,9,2,1,DUPLICADO_EXACTO,1
00001878,2020,10,2,1,DUPLICADO_EXACTO,1
00001878,2020,12,2,1,DUPLICADO_EXACTO,1
00001878,2021,1,2,1,DUPLICADO_EXACTO,1
00001878,2021,2,2,1,DUPLICADO_EXACTO,1
00001878,2021,4,2,1,DUPLICADO_EXACTO,1
00001878,2021,6,2,1,DUPLICADO_EXACTO,1
00001878,2021,8,2,1,DUPLICADO_EXACTO,1
00001878,2021,12,2,1,DUPLICADO_EXACTO,1
00001878,2022,9,2,1,DUPLICADO_EXACTO,1
00001878,2025,4,2,1,DUPLICADO_EXACTO,1
00001879,2019,5,2,1,DUPLICADO_EXACTO,1
00001879,2020,9,2,1,DUPLICADO_EXACTO,1
00001879,2020,10,2,1,DUPLICADO_EXACTO,1
00001879,2020,12,2,1,DUPLICADO_EXACTO,1
00001879,2021,1,2,1,DUPLICADO_EXACTO,1
00001879,2021,2,2,1,DUPLICADO_EXACTO,1
00001879,2021,4,2,1,DUPLICADO_EXACTO,1
00001879,2021,6,2,1,DUPLICADO_EXACTO,1
00001879,2021,8,2,1,DUPLICADO_EXACTO,1
00001879,2022,9,2,1,DUPLICADO_EXACTO,1
00001879,2025,4,2,1,DUPLICADO_EXACTO,1
00001880,2021,6,2,1,DUPLICADO_EXACTO,1
00001880,2021,8,2,1,DUPLICADO_EXACTO,1
00001880,2021,12,2,1,DUPLICADO_EXACTO,1
00001880,2022,9,2,1,DUPLICADO_EXACTO,1
00001880,2025,4,2,1,DUPLICADO_EXACTO,1
00001881,2020,9,2,1,DUPLICADO_EXACTO,1
00001881,2020,10,2,1,DUPLICADO_EXACTO,1
00001881,2020,12,2,1,DUPLICADO_EXACTO,1
00001881,2021,1,2,1,DUPLICADO_EXACTO,1
00001881,2021,2,2,1,DUPLICADO_EXACTO,1
00001881,2021,4,2,1,DUPLICADO_EXACTO,1
00001881,2021,6,2,1,DUPLICADO_EXACTO,1
00001881,2021,8,2,1,DUPLICADO_EXACTO,1
00001881,2021,12,2,1,DUPLICADO_EXACTO,1
00001881,2022,9,2,1,DUPLICADO_EXACTO,1
00001881,2025,4,2,1,DUPLICADO_EXACTO,1
00001882,2020,9,2,1,DUPLICADO_EXACTO,1
00001882,2020,10,2,1,DUPLICADO_EXACTO,1
00001882,2020,12,2,1,DUPLICADO_EXACTO,1
00001882,2021,1,2,1,DUPLICADO_EXACTO,1
00001882,2021,2,2,1,DUPLICADO_EXACTO,1
00001882,2021,4,2,1,DUPLICADO_EXACTO,1
00001882,2021,6,2,1,DUPLICADO_EXACTO,1
00001882,2021,8,2,1,DUPLICADO_EXACTO,1
00001882,2021,12,2,1,DUPLICADO_EXACTO,1
00001882,2022,9,2,1,DUPLICADO_EXACTO,1
00001882,2025,4,2,1,DUPLICADO_EXACTO,1
00001883,2020,9,2,1,DUPLICADO_EXACTO,1
00001883,2020,10,2,1,DUPLICADO_EXACTO,1
00001883,2020,12,2,1,DUPLICADO_EXACTO,1
00001883,2021,1,2,1,DUPLICADO_EXACTO,1
00001883,2021,2,2,1,DUPLICADO_EXACTO,1
00001883,2021,4,2,1,DUPLICADO_EXACTO,1
00001883,2021,6,2,1,DUPLICADO_EXACTO,1
00001883,2021,8,2,1,DUPLICADO_EXACTO,1
00001883,2021,12,2,1,DUPLICADO_EXACTO,1
00001883,2025,4,2,1,DUPLICADO_EXACTO,1
00001884,2020,9,2,1,DUPLICADO_EXACTO,1
00001884,2020,10,2,1,DUPLICADO_EXACTO,1
00001884,2020,12,2,1,DUPLICADO_EXACTO,1
00001884,2021,1,2,1,DUPLICADO_EXACTO,1
00001884,2021,2,2,1,DUPLICADO_EXACTO,1
00001884,2021,4,2,1,DUPLICADO_EXACTO,1
00001884,2021,12,2,1,DUPLICADO_EXACTO,1
00001884,2022,9,2,1,DUPLICADO_EXACTO,1
00001884,2025,4,2,1,DUPLICADO_EXACTO,1
00001885,2019,10,2,1,DUPLICADO_EXACTO,1
00001885,2020,2,2,1,DUPLICADO_EXACTO,1
00001886,2020,2,2,1,DUPLICADO_EXACTO,1
00001887,2020,2,2,1,DUPLICADO_EXACTO,1
00001889,2020,2,2,1,DUPLICADO_EXACTO,1
00001890,2020,2,2,1,DUPLICADO_EXACTO,1
00001891,2020,2,2,1,DUPLICADO_EXACTO,1
00001892,2019,9,2,1,DUPLICADO_EXACTO,1
00001892,2019,10,2,1,DUPLICADO_EXACTO,1
00001892,2020,2,2,1,DUPLICADO_EXACTO,1
00001893,2020,2,2,1,DUPLICADO_EXACTO,1
00001894,2019,10,2,1,DUPLICADO_EXACTO,1
00001894,2020,2,2,1,DUPLICADO_EXACTO,1
00001896,2020,2,2,1,DUPLICADO_EXACTO,1
00001897,2020,1,2,1,DUPLICADO_EXACTO,1
00001897,2022,5,2,1,DUPLICADO_EXACTO,1
00001897,2023,6,2,1,DUPLICADO_EXACTO,1
00001897,2023,7,2,1,DUPLICADO_EXACTO,1
00001897,2023,8,2,1,DUPLICADO_EXACTO,1
00001897,2023,9,3,1,DUPLICADO_EXACTO,2
00001897,2023,10,2,1,DUPLICADO_EXACTO,1
00001897,2023,12,2,1,DUPLICADO_EXACTO,1
00001898,2020,1,2,1,DUPLICADO_EXACTO,1
00001898,2022,5,2,1,DUPLICADO_EXACTO,1
00001898,2023,1,2,1,DUPLICADO_EXACTO,1
00001898,2023,2,2,1,DUPLICADO_EXACTO,1
00001898,2023,6,2,1,DUPLICADO_EXACTO,1
00001898,2023,7,2,1,DUPLICADO_EXACTO,1
00001898,2023,8,2,1,DUPLICADO_EXACTO,1
00001898,2023,9,3,1,DUPLICADO_EXACTO,2
00001898,2023,10,2,1,DUPLICADO_EXACTO,1
00001898,2023,12,2,1,DUPLICADO_EXACTO,1
00001898,2024,2,2,1,DUPLICADO_EXACTO,1
00001899,2019,5,2,1,DUPLICADO_EXACTO,1
00001899,2020,1,2,1,DUPLICADO_EXACTO,1
00001899,2022,5,2,1,DUPLICADO_EXACTO,1
00001899,2023,1,2,1,DUPLICADO_EXACTO,1
00001899,2023,2,2,1,DUPLICADO_EXACTO,1
00001899,2023,6,2,1,DUPLICADO_EXACTO,1
00001899,2023,7,2,1,DUPLICADO_EXACTO,1
00001899,2023,8,2,1,DUPLICADO_EXACTO,1
00001899,2023,9,3,1,DUPLICADO_EXACTO,2
00001899,2024,2,2,1,DUPLICADO_EXACTO,1
00001900,2020,1,2,1,DUPLICADO_EXACTO,1
00001900,2022,5,2,1,DUPLICADO_EXACTO,1
00001900,2023,1,2,1,DUPLICADO_EXACTO,1
00001900,2023,2,2,1,DUPLICADO_EXACTO,1
00001900,2023,6,2,1,DUPLICADO_EXACTO,1
00001900,2023,7,2,1,DUPLICADO_EXACTO,1
00001900,2023,8,2,1,DUPLICADO_EXACTO,1
00001900,2023,9,3,1,DUPLICADO_EXACTO,2
00001900,2023,10,2,1,DUPLICADO_EXACTO,1
00001900,2023,12,2,1,DUPLICADO_EXACTO,1
00001900,2024,2,2,1,DUPLICADO_EXACTO,1
00001901,2020,1,2,1,DUPLICADO_EXACTO,1
00001901,2022,5,2,1,DUPLICADO_EXACTO,1
00001901,2023,1,2,1,DUPLICADO_EXACTO,1
00001901,2023,2,2,1,DUPLICADO_EXACTO,1
00001901,2023,10,2,1,DUPLICADO_EXACTO,1
00001901,2023,12,2,1,DUPLICADO_EXACTO,1
00001901,2024,2,2,1,DUPLICADO_EXACTO,1
00001902,2022,5,2,1,DUPLICADO_EXACTO,1
00001902,2023,1,2,1,DUPLICADO_EXACTO,1
00001902,2023,2,2,1,DUPLICADO_EXACTO,1
00001902,2023,6,2,1,DUPLICADO_EXACTO,1
00001902,2023,7,2,1,DUPLICADO_EXACTO,1
00001902,2023,8,2,1,DUPLICADO_EXACTO,1
00001902,2023,9,3,1,DUPLICADO_EXACTO,2
00001902,2023,10,2,1,DUPLICADO_EXACTO,1
00001902,2023,12,2,1,DUPLICADO_EXACTO,1
00001902,2024,2,2,1,DUPLICADO_EXACTO,1
00001903,2020,1,2,1,DUPLICADO_EXACTO,1
00001903,2023,1,2,1,DUPLICADO_EXACTO,1
00001903,2023,2,2,1,DUPLICADO_EXACTO,1
00001903,2023,6,2,1,DUPLICADO_EXACTO,1
00001903,2023,7,2,1,DUPLICADO_EXACTO,1
00001903,2023,8,2,1,DUPLICADO_EXACTO,1
00001903,2023,9,3,1,DUPLICADO_EXACTO,2
00001903,2023,10,2,1,DUPLICADO_EXACTO,1
00001903,2023,12,2,1,DUPLICADO_EXACTO,1
00001903,2024,2,2,1,DUPLICADO_EXACTO,1
00001904,2020,1,2,1,DUPLICADO_EXACTO,1
00001904,2022,5,2,1,DUPLICADO_EXACTO,1
00001904,2023,1,2,1,DUPLICADO_EXACTO,1
00001904,2023,2,2,1,DUPLICADO_EXACTO,1
00001904,2023,6,2,1,DUPLICADO_EXACTO,1
00001904,2023,7,2,1,DUPLICADO_EXACTO,1
00001904,2023,8,2,1,DUPLICADO_EXACTO,1
00001904,2023,9,3,1,DUPLICADO_EXACTO,2
00001904,2023,10,2,1,DUPLICADO_EXACTO,1
00001904,2023,12,2,1,DUPLICADO_EXACTO,1
00001904,2024,2,2,1,DUPLICADO_EXACTO,1
00001905,2019,6,2,1,DUPLICADO_EXACTO,1
00001905,2020,1,2,1,DUPLICADO_EXACTO,1
00001905,2022,5,2,1,DUPLICADO_EXACTO,1
00001905,2023,1,2,1,DUPLICADO_EXACTO,1
00001905,2023,2,2,1,DUPLICADO_EXACTO,1
00001905,2023,6,2,1,DUPLICADO_EXACTO,1
00001905,2023,7,2,1,DUPLICADO_EXACTO,1
00001905,2023,8,2,1,DUPLICADO_EXACTO,1
00001905,2023,9,3,1,DUPLICADO_EXACTO,2
00001905,2023,10,2,1,DUPLICADO_EXACTO,1
00001905,2023,12,2,1,DUPLICADO_EXACTO,1
00001905,2024,2,2,1,DUPLICADO_EXACTO,1
00001906,2020,1,2,1,DUPLICADO_EXACTO,1
00001906,2022,5,2,1,DUPLICADO_EXACTO,1
00001906,2023,1,2,1,DUPLICADO_EXACTO,1
00001906,2023,2,2,1,DUPLICADO_EXACTO,1
00001906,2023,6,2,1,DUPLICADO_EXACTO,1
00001906,2023,7,2,1,DUPLICADO_EXACTO,1
00001906,2023,8,2,1,DUPLICADO_EXACTO,1
00001906,2023,9,3,1,DUPLICADO_EXACTO,2
00001906,2023,10,2,1,DUPLICADO_EXACTO,1
00001906,2023,12,2,1,DUPLICADO_EXACTO,1
00001906,2024,2,2,1,DUPLICADO_EXACTO,1
00001907,2019,6,2,1,DUPLICADO_EXACTO,1
00001907,2020,1,2,1,DUPLICADO_EXACTO,1
00001907,2022,5,2,1,DUPLICADO_EXACTO,1
00001907,2023,1,2,1,DUPLICADO_EXACTO,1
00001907,2023,2,2,1,DUPLICADO_EXACTO,1
00001907,2023,6,2,1,DUPLICADO_EXACTO,1
00001907,2023,7,2,1,DUPLICADO_EXACTO,1
00001907,2023,8,2,1,DUPLICADO_EXACTO,1
00001907,2023,9,3,1,DUPLICADO_EXACTO,2
00001907,2023,10,2,1,DUPLICADO_EXACTO,1
00001907,2023,12,2,1,DUPLICADO_EXACTO,1
00001907,2024,2,2,1,DUPLICADO_EXACTO,1
00002300,2020,3,2,1,DUPLICADO_EXACTO,1
00002301,2020,3,2,1,DUPLICADO_EXACTO,1
00002301,2020,9,2,1,DUPLICADO_EXACTO,1
00002301,2026,5,2,1,DUPLICADO_EXACTO,1
00002303,2020,3,2,1,DUPLICADO_EXACTO,1
00002303,2020,9,2,1,DUPLICADO_EXACTO,1
00002303,2026,5,2,1,DUPLICADO_EXACTO,1
00002314,2019,11,2,1,DUPLICADO_EXACTO,1
00002314,2020,9,2,1,DUPLICADO_EXACTO,1
00002314,2026,5,2,1,DUPLICADO_EXACTO,1
00002318,2019,11,2,1,DUPLICADO_EXACTO,1
00002320,2020,3,2,1,DUPLICADO_EXACTO,1
00002320,2020,4,2,1,DUPLICADO_EXACTO,1
00002320,2020,5,2,1,DUPLICADO_EXACTO,1
00002320,2020,6,2,1,DUPLICADO_EXACTO,1
00002320,2021,1,2,1,DUPLICADO_EXACTO,1
00002320,2021,2,2,1,DUPLICADO_EXACTO,1
00002320,2021,3,3,1,DUPLICADO_EXACTO,2
00002320,2021,5,2,1,DUPLICADO_EXACTO,1
00002320,2021,6,2,1,DUPLICADO_EXACTO,1
00002320,2021,11,2,1,DUPLICADO_EXACTO,1
00002320,2021,12,2,1,DUPLICADO_EXACTO,1
00002320,2022,2,2,1,DUPLICADO_EXACTO,1
00002320,2022,5,4,1,DUPLICADO_EXACTO,3
00002320,2022,6,2,1,DUPLICADO_EXACTO,1
00002320,2022,7,3,1,DUPLICADO_EXACTO,2
00002320,2022,8,2,1,DUPLICADO_EXACTO,1
00002320,2022,9,2,1,DUPLICADO_EXACTO,1
00002320,2023,11,2,1,DUPLICADO_EXACTO,1
00002320,2024,2,2,1,DUPLICADO_EXACTO,1
00002320,2025,1,2,1,DUPLICADO_EXACTO,1
00002320,2025,5,2,1,DUPLICADO_EXACTO,1
00002320,2025,6,2,1,DUPLICADO_EXACTO,1
00002320,2025,7,2,1,DUPLICADO_EXACTO,1
00002320,2025,8,2,1,DUPLICADO_EXACTO,1
00002320,2025,9,2,1,DUPLICADO_EXACTO,1
00002320,2026,3,2,1,DUPLICADO_EXACTO,1
00002320,2026,7,2,1,DUPLICADO_EXACTO,1
00002321,2019,5,2,1,DUPLICADO_EXACTO,1
00002323,2019,11,6,1,DUPLICADO_EXACTO,5
00002323,2020,3,2,1,DUPLICADO_EXACTO,1
00002323,2020,9,2,1,DUPLICADO_EXACTO,1
00002323,2026,5,2,1,DUPLICADO_EXACTO,1
00002336,2026,5,7,1,DUPLICADO_EXACTO,6
00002338,2026,5,7,1,DUPLICADO_EXACTO,6
00002341,2026,3,2,1,DUPLICADO_EXACTO,1
00002341,2026,5,3,1,DUPLICADO_EXACTO,2
00002342,2026,3,2,1,DUPLICADO_EXACTO,1
00002342,2026,5,3,1,DUPLICADO_EXACTO,2
00002343,2026,3,2,1,DUPLICADO_EXACTO,1
00002344,2026,3,2,1,DUPLICADO_EXACTO,1
00002345,2026,3,2,1,DUPLICADO_EXACTO,1
00002345,2026,5,3,1,DUPLICADO_EXACTO,2
00002346,2026,3,2,1,DUPLICADO_EXACTO,1
00002346,2026,5,3,1,DUPLICADO_EXACTO,2
00002347,2026,3,2,1,DUPLICADO_EXACTO,1
00002347,2026,5,3,1,DUPLICADO_EXACTO,2
00002348,2026,3,2,1,DUPLICADO_EXACTO,1
00002349,2026,3,2,1,DUPLICADO_EXACTO,1
00002350,2026,3,2,1,DUPLICADO_EXACTO,1
00002351,2026,3,2,1,DUPLICADO_EXACTO,1
00002352,2026,3,2,1,DUPLICADO_EXACTO,1
00002354,2026,3,2,1,DUPLICADO_EXACTO,1
00002364,2019,11,4,1,DUPLICADO_EXACTO,3
00002364,2020,2,2,1,DUPLICADO_EXACTO,1
00002364,2020,5,3,1,DUPLICADO_EXACTO,2
00002364,2020,6,2,1,DUPLICADO_EXACTO,1
00002364,2021,4,3,1,DUPLICADO_EXACTO,2
00002364,2021,9,2,1,DUPLICADO_EXACTO,1
00002364,2021,12,3,1,DUPLICADO_EXACTO,2
00002364,2023,2,2,1,DUPLICADO_EXACTO,1
00002364,2023,3,2,1,DUPLICADO_EXACTO,1
00002364,2023,6,2,1,DUPLICADO_EXACTO,1
00002364,2024,9,2,1,DUPLICADO_EXACTO,1
00002364,2026,3,3,1,DUPLICADO_EXACTO,2
00002364,2026,6,2,1,DUPLICADO_EXACTO,1
00002364,2026,7,2,1,DUPLICADO_EXACTO,1
00002365,2020,5,2,1,DUPLICADO_EXACTO,1
00002365,2023,2,2,1,DUPLICADO_EXACTO,1
00002365,2023,3,2,1,DUPLICADO_EXACTO,1
00002365,2023,6,2,1,DUPLICADO_EXACTO,1
00002365,2024,9,2,1,DUPLICADO_EXACTO,1
00002365,2026,3,3,1,DUPLICADO_EXACTO,2
00002365,2026,6,2,1,DUPLICADO_EXACTO,1
00002365,2026,7,2,1,DUPLICADO_EXACTO,1
00002366,2021,10,2,1,DUPLICADO_EXACTO,1
00002366,2021,12,2,1,DUPLICADO_EXACTO,1
00002366,2023,2,2,1,DUPLICADO_EXACTO,1
00002366,2024,4,2,1,DUPLICADO_EXACTO,1
00002366,2024,7,2,1,DUPLICADO_EXACTO,1
00002366,2024,9,2,1,DUPLICADO_EXACTO,1
00002366,2024,10,2,1,DUPLICADO_EXACTO,1
00002366,2025,1,2,1,DUPLICADO_EXACTO,1
00002366,2025,12,2,1,DUPLICADO_EXACTO,1
00002366,2026,6,2,1,DUPLICADO_EXACTO,1
00002367,2021,10,2,1,DUPLICADO_EXACTO,1
00002367,2021,12,2,1,DUPLICADO_EXACTO,1
00002367,2023,2,2,1,DUPLICADO_EXACTO,1
00002369,2020,3,5,1,DUPLICADO_EXACTO,4
00002369,2020,4,2,1,DUPLICADO_EXACTO,1
00002369,2020,5,2,1,DUPLICADO_EXACTO,1
00002369,2020,6,2,1,DUPLICADO_EXACTO,1
00002369,2021,1,2,1,DUPLICADO_EXACTO,1
00002369,2021,2,2,1,DUPLICADO_EXACTO,1
00002369,2021,3,2,1,DUPLICADO_EXACTO,1
00002369,2021,4,3,1,DUPLICADO_EXACTO,2
00002369,2021,5,2,1,DUPLICADO_EXACTO,1
00002369,2021,6,2,1,DUPLICADO_EXACTO,1
00002369,2021,7,2,1,DUPLICADO_EXACTO,1
00002369,2021,8,3,1,DUPLICADO_EXACTO,2
00002369,2021,9,3,1,DUPLICADO_EXACTO,2
00002369,2021,10,2,1,DUPLICADO_EXACTO,1
00002369,2021,11,2,1,DUPLICADO_EXACTO,1
00002369,2021,12,2,1,DUPLICADO_EXACTO,1
00002369,2022,1,2,1,DUPLICADO_EXACTO,1
00002369,2022,3,2,1,DUPLICADO_EXACTO,1
00002369,2022,4,2,1,DUPLICADO_EXACTO,1
00002369,2022,5,3,1,DUPLICADO_EXACTO,2
00002369,2022,7,2,1,DUPLICADO_EXACTO,1
00002369,2022,9,2,1,DUPLICADO_EXACTO,1
00002369,2022,10,2,1,DUPLICADO_EXACTO,1
00002369,2023,4,2,1,DUPLICADO_EXACTO,1
00002369,2023,5,2,1,DUPLICADO_EXACTO,1
00002369,2024,4,2,1,DUPLICADO_EXACTO,1
00002369,2024,9,2,1,DUPLICADO_EXACTO,1
00002369,2025,11,2,1,DUPLICADO_EXACTO,1
00002369,2026,1,2,1,DUPLICADO_EXACTO,1
00002369,2026,2,2,1,DUPLICADO_EXACTO,1
00002369,2026,3,2,1,DUPLICADO_EXACTO,1
00002370,2020,3,5,1,DUPLICADO_EXACTO,4
00002370,2020,4,2,1,DUPLICADO_EXACTO,1
00002370,2020,5,2,1,DUPLICADO_EXACTO,1
00002370,2020,6,2,1,DUPLICADO_EXACTO,1
00002370,2021,1,2,1,DUPLICADO_EXACTO,1
00002370,2021,2,2,1,DUPLICADO_EXACTO,1
00002370,2021,3,2,1,DUPLICADO_EXACTO,1
00002370,2021,4,3,1,DUPLICADO_EXACTO,2
00002370,2021,6,2,1,DUPLICADO_EXACTO,1
00002370,2021,7,2,1,DUPLICADO_EXACTO,1
00002370,2021,8,3,1,DUPLICADO_EXACTO,2
00002370,2021,9,2,1,DUPLICADO_EXACTO,1
00002370,2021,10,2,1,DUPLICADO_EXACTO,1
00002370,2021,11,2,1,DUPLICADO_EXACTO,1
00002370,2021,12,2,1,DUPLICADO_EXACTO,1
00002370,2022,1,2,1,DUPLICADO_EXACTO,1
00002370,2022,3,2,1,DUPLICADO_EXACTO,1
00002370,2022,4,2,1,DUPLICADO_EXACTO,1
00002370,2022,5,3,1,DUPLICADO_EXACTO,2
00002370,2022,7,2,1,DUPLICADO_EXACTO,1
00002370,2022,9,2,1,DUPLICADO_EXACTO,1
00002370,2022,10,2,1,DUPLICADO_EXACTO,1
00002370,2023,4,2,1,DUPLICADO_EXACTO,1
00002370,2023,5,2,1,DUPLICADO_EXACTO,1
00002370,2024,4,2,1,DUPLICADO_EXACTO,1
00002370,2024,9,2,1,DUPLICADO_EXACTO,1
00002370,2025,11,2,1,DUPLICADO_EXACTO,1
00002370,2026,1,2,1,DUPLICADO_EXACTO,1
00002370,2026,2,2,1,DUPLICADO_EXACTO,1
00002370,2026,3,2,1,DUPLICADO_EXACTO,1
00002371,2020,2,2,1,DUPLICADO_EXACTO,1
00002371,2020,3,5,1,DUPLICADO_EXACTO,4
00002371,2020,4,2,1,DUPLICADO_EXACTO,1
00002371,2020,5,2,1,DUPLICADO_EXACTO,1
00002371,2020,6,2,1,DUPLICADO_EXACTO,1
00002371,2021,1,2,1,DUPLICADO_EXACTO,1
00002371,2021,2,2,1,DUPLICADO_EXACTO,1
00002371,2021,3,2,1,DUPLICADO_EXACTO,1
00002371,2021,4,3,1,DUPLICADO_EXACTO,2
00002371,2021,5,2,1,DUPLICADO_EXACTO,1
00002371,2021,6,2,1,DUPLICADO_EXACTO,1
00002371,2021,7,2,1,DUPLICADO_EXACTO,1
00002371,2021,8,3,1,DUPLICADO_EXACTO,2
00002371,2021,9,3,1,DUPLICADO_EXACTO,2
00002371,2021,10,2,1,DUPLICADO_EXACTO,1
00002371,2021,11,2,1,DUPLICADO_EXACTO,1
00002371,2021,12,2,1,DUPLICADO_EXACTO,1
00002371,2022,3,2,1,DUPLICADO_EXACTO,1
00002371,2022,4,2,1,DUPLICADO_EXACTO,1
00002371,2022,5,3,1,DUPLICADO_EXACTO,2
00002371,2022,7,2,1,DUPLICADO_EXACTO,1
00002371,2022,9,2,1,DUPLICADO_EXACTO,1
00002371,2022,10,2,1,DUPLICADO_EXACTO,1
00002371,2023,4,2,1,DUPLICADO_EXACTO,1
00002371,2024,4,2,1,DUPLICADO_EXACTO,1
00002371,2024,9,2,1,DUPLICADO_EXACTO,1
00002371,2025,11,2,1,DUPLICADO_EXACTO,1
00002371,2026,1,2,1,DUPLICADO_EXACTO,1
00002372,2020,2,2,1,DUPLICADO_EXACTO,1
00002372,2020,5,3,1,DUPLICADO_EXACTO,2
00002372,2020,6,2,1,DUPLICADO_EXACTO,1
00002372,2021,4,3,1,DUPLICADO_EXACTO,2
00002372,2021,9,2,1,DUPLICADO_EXACTO,1
00002372,2021,12,3,1,DUPLICADO_EXACTO,2
00002372,2023,2,2,1,DUPLICADO_EXACTO,1
00002372,2023,3,2,1,DUPLICADO_EXACTO,1
00002372,2023,6,2,1,DUPLICADO_EXACTO,1
00002372,2024,9,2,1,DUPLICADO_EXACTO,1
00002372,2026,3,3,1,DUPLICADO_EXACTO,2
00002373,2020,2,2,1,DUPLICADO_EXACTO,1
00002373,2020,5,3,1,DUPLICADO_EXACTO,2
00002373,2020,6,2,1,DUPLICADO_EXACTO,1
00002373,2021,4,3,1,DUPLICADO_EXACTO,2
00002373,2021,9,2,1,DUPLICADO_EXACTO,1
00002373,2021,12,3,1,DUPLICADO_EXACTO,2
00002373,2023,2,2,1,DUPLICADO_EXACTO,1
00002373,2023,3,2,1,DUPLICADO_EXACTO,1
00002373,2023,6,2,1,DUPLICADO_EXACTO,1
00002373,2024,9,2,1,DUPLICADO_EXACTO,1
00002373,2026,3,3,1,DUPLICADO_EXACTO,2
00002373,2026,6,2,1,DUPLICADO_EXACTO,1
00002373,2026,7,2,1,DUPLICADO_EXACTO,1
00002374,2020,2,2,1,DUPLICADO_EXACTO,1
00002374,2020,5,3,1,DUPLICADO_EXACTO,2
00002374,2020,6,2,1,DUPLICADO_EXACTO,1
00002374,2021,4,3,1,DUPLICADO_EXACTO,2
00002374,2021,9,2,1,DUPLICADO_EXACTO,1
00002374,2021,12,3,1,DUPLICADO_EXACTO,2
00002374,2023,2,2,1,DUPLICADO_EXACTO,1
00002374,2023,3,2,1,DUPLICADO_EXACTO,1
00002374,2024,9,2,1,DUPLICADO_EXACTO,1
00002374,2026,3,3,1,DUPLICADO_EXACTO,2
00002374,2026,6,2,1,DUPLICADO_EXACTO,1
00002374,2026,7,2,1,DUPLICADO_EXACTO,1
00002375,2019,6,3,1,DUPLICADO_EXACTO,2
00002375,2021,4,3,1,DUPLICADO_EXACTO,2
00002375,2021,9,2,1,DUPLICADO_EXACTO,1
00002375,2021,12,3,1,DUPLICADO_EXACTO,2
00002375,2023,2,2,1,DUPLICADO_EXACTO,1
00002375,2023,3,2,1,DUPLICADO_EXACTO,1
00002375,2023,6,2,1,DUPLICADO_EXACTO,1
00002375,2024,9,2,1,DUPLICADO_EXACTO,1
00002375,2026,3,3,1,DUPLICADO_EXACTO,2
00002375,2026,6,2,1,DUPLICADO_EXACTO,1
00002375,2026,7,2,1,DUPLICADO_EXACTO,1
00002376,2019,11,2,1,DUPLICADO_EXACTO,1
00002376,2020,2,2,1,DUPLICADO_EXACTO,1
00002376,2020,5,3,1,DUPLICADO_EXACTO,2
00002376,2020,6,2,1,DUPLICADO_EXACTO,1
00002376,2021,4,3,1,DUPLICADO_EXACTO,2
00002376,2021,9,2,1,DUPLICADO_EXACTO,1
00002376,2021,12,3,1,DUPLICADO_EXACTO,2
00002376,2023,6,2,1,DUPLICADO_EXACTO,1
00002376,2024,9,2,1,DUPLICADO_EXACTO,1
00002376,2026,3,3,1,DUPLICADO_EXACTO,2
00002376,2026,6,2,1,DUPLICADO_EXACTO,1
00002376,2026,7,2,1,DUPLICADO_EXACTO,1
00002377,2020,2,2,1,DUPLICADO_EXACTO,1
00002377,2020,5,3,1,DUPLICADO_EXACTO,2
00002377,2020,6,2,1,DUPLICADO_EXACTO,1
00002377,2021,4,3,1,DUPLICADO_EXACTO,2
00002377,2021,9,2,1,DUPLICADO_EXACTO,1
00002377,2021,12,3,1,DUPLICADO_EXACTO,2
00002377,2023,2,2,1,DUPLICADO_EXACTO,1
00002377,2023,3,2,1,DUPLICADO_EXACTO,1
00002377,2023,6,2,1,DUPLICADO_EXACTO,1
00002377,2024,9,2,1,DUPLICADO_EXACTO,1
00002377,2026,6,2,1,DUPLICADO_EXACTO,1
00002377,2026,7,2,1,DUPLICADO_EXACTO,1
00002379,2020,4,2,1,DUPLICADO_EXACTO,1
00002379,2020,5,2,1,DUPLICADO_EXACTO,1
00002379,2020,6,2,1,DUPLICADO_EXACTO,1
00002379,2021,1,2,1,DUPLICADO_EXACTO,1
00002379,2021,2,2,1,DUPLICADO_EXACTO,1
00002379,2021,3,2,1,DUPLICADO_EXACTO,1
00002379,2021,4,3,1,DUPLICADO_EXACTO,2
00002379,2021,5,2,1,DUPLICADO_EXACTO,1
00002379,2021,6,2,1,DUPLICADO_EXACTO,1
00002379,2021,7,2,1,DUPLICADO_EXACTO,1
00002379,2021,8,3,1,DUPLICADO_EXACTO,2
00002379,2021,9,3,1,DUPLICADO_EXACTO,2
00002379,2021,10,2,1,DUPLICADO_EXACTO,1
00002379,2021,11,2,1,DUPLICADO_EXACTO,1
00002379,2021,12,2,1,DUPLICADO_EXACTO,1
00002379,2022,1,2,1,DUPLICADO_EXACTO,1
00002379,2022,3,2,1,DUPLICADO_EXACTO,1
00002379,2022,4,2,1,DUPLICADO_EXACTO,1
00002379,2022,5,3,1,DUPLICADO_EXACTO,2
00002379,2022,7,2,1,DUPLICADO_EXACTO,1
00002379,2022,9,2,1,DUPLICADO_EXACTO,1
00002379,2022,10,2,1,DUPLICADO_EXACTO,1
00002379,2023,4,2,1,DUPLICADO_EXACTO,1
00002379,2023,5,2,1,DUPLICADO_EXACTO,1
00002379,2024,4,2,1,DUPLICADO_EXACTO,1
00002379,2024,9,2,1,DUPLICADO_EXACTO,1
00002379,2025,11,2,1,DUPLICADO_EXACTO,1
00002379,2026,1,2,1,DUPLICADO_EXACTO,1
00002379,2026,2,2,1,DUPLICADO_EXACTO,1
00002379,2026,3,2,1,DUPLICADO_EXACTO,1
00002380,2020,2,2,1,DUPLICADO_EXACTO,1
00002380,2020,3,2,1,DUPLICADO_EXACTO,1
00002380,2020,4,2,1,DUPLICADO_EXACTO,1
00002380,2020,5,2,1,DUPLICADO_EXACTO,1
00002380,2020,6,2,1,DUPLICADO_EXACTO,1
00002380,2021,1,2,1,DUPLICADO_EXACTO,1
00002380,2021,2,2,1,DUPLICADO_EXACTO,1
00002380,2021,3,2,1,DUPLICADO_EXACTO,1
00002380,2021,4,3,1,DUPLICADO_EXACTO,2
00002380,2021,5,2,1,DUPLICADO_EXACTO,1
00002380,2021,6,2,1,DUPLICADO_EXACTO,1
00002380,2021,7,2,1,DUPLICADO_EXACTO,1
00002380,2021,8,3,1,DUPLICADO_EXACTO,2
00002380,2021,9,3,1,DUPLICADO_EXACTO,2
00002380,2021,10,2,1,DUPLICADO_EXACTO,1
00002380,2021,11,2,1,DUPLICADO_EXACTO,1
00002380,2021,12,2,1,DUPLICADO_EXACTO,1
00002380,2022,1,2,1,DUPLICADO_EXACTO,1
00002380,2022,3,2,1,DUPLICADO_EXACTO,1
00002380,2022,9,2,1,DUPLICADO_EXACTO,1
00002380,2022,10,2,1,DUPLICADO_EXACTO,1
00002380,2023,4,2,1,DUPLICADO_EXACTO,1
00002380,2023,5,2,1,DUPLICADO_EXACTO,1
00002380,2024,4,2,1,DUPLICADO_EXACTO,1
00002380,2024,9,2,1,DUPLICADO_EXACTO,1
00002380,2025,11,2,1,DUPLICADO_EXACTO,1
00002380,2026,2,2,1,DUPLICADO_EXACTO,1
00002380,2026,3,2,1,DUPLICADO_EXACTO,1
00002381,2020,8,4,1,DUPLICADO_EXACTO,3
00002381,2021,1,2,1,DUPLICADO_EXACTO,1
00002381,2021,3,2,1,DUPLICADO_EXACTO,1
00002381,2021,8,2,1,DUPLICADO_EXACTO,1
00002381,2021,9,2,1,DUPLICADO_EXACTO,1
00002381,2025,6,2,1,DUPLICADO_EXACTO,1
00002381,2025,7,2,1,DUPLICADO_EXACTO,1
00002381,2025,11,2,1,DUPLICADO_EXACTO,1
00002382,2020,8,4,1,DUPLICADO_EXACTO,3
00002382,2021,1,2,1,DUPLICADO_EXACTO,1
00002382,2021,3,2,1,DUPLICADO_EXACTO,1
00002382,2021,8,2,1,DUPLICADO_EXACTO,1
00002382,2021,9,2,1,DUPLICADO_EXACTO,1
00002382,2025,7,2,1,DUPLICADO_EXACTO,1
00002382,2025,11,2,1,DUPLICADO_EXACTO,1
00002383,2020,5,3,1,DUPLICADO_EXACTO,2
00002383,2020,8,4,1,DUPLICADO_EXACTO,3
00002383,2021,1,2,1,DUPLICADO_EXACTO,1
00002383,2021,3,2,1,DUPLICADO_EXACTO,1
00002383,2021,8,2,1,DUPLICADO_EXACTO,1
00002383,2021,9,2,1,DUPLICADO_EXACTO,1
00002383,2022,5,2,1,DUPLICADO_EXACTO,1
00002383,2022,8,2,1,DUPLICADO_EXACTO,1
00002383,2022,9,2,1,DUPLICADO_EXACTO,1
00002383,2023,1,3,1,DUPLICADO_EXACTO,2
00002383,2025,6,2,1,DUPLICADO_EXACTO,1
00002383,2025,11,2,1,DUPLICADO_EXACTO,1
00002384,2020,5,3,1,DUPLICADO_EXACTO,2
00002384,2020,8,4,1,DUPLICADO_EXACTO,3
00002384,2021,1,2,1,DUPLICADO_EXACTO,1
00002384,2021,3,2,1,DUPLICADO_EXACTO,1
00002384,2021,8,2,1,DUPLICADO_EXACTO,1
00002384,2021,9,2,1,DUPLICADO_EXACTO,1
00002384,2022,5,2,1,DUPLICADO_EXACTO,1
00002384,2022,8,2,1,DUPLICADO_EXACTO,1
00002384,2022,9,2,1,DUPLICADO_EXACTO,1
00002384,2023,1,3,1,DUPLICADO_EXACTO,2
00002385,2020,2,2,1,DUPLICADO_EXACTO,1
00002385,2020,5,2,1,DUPLICADO_EXACTO,1
00002385,2020,6,2,1,DUPLICADO_EXACTO,1
00002385,2021,2,2,1,DUPLICADO_EXACTO,1
00002385,2021,3,3,1,DUPLICADO_EXACTO,2
00002385,2021,5,2,1,DUPLICADO_EXACTO,1
00002385,2021,6,2,1,DUPLICADO_EXACTO,1
00002385,2021,11,2,1,DUPLICADO_EXACTO,1
00002385,2021,12,2,1,DUPLICADO_EXACTO,1
00002385,2022,2,2,1,DUPLICADO_EXACTO,1
00002385,2022,5,4,1,DUPLICADO_EXACTO,3
00002385,2022,6,2,1,DUPLICADO_EXACTO,1
00002385,2022,7,3,1,DUPLICADO_EXACTO,2
00002385,2022,8,2,1,DUPLICADO_EXACTO,1
00002385,2022,9,2,1,DUPLICADO_EXACTO,1
00002385,2023,11,2,1,DUPLICADO_EXACTO,1
00002386,2020,2,2,1,DUPLICADO_EXACTO,1
00002386,2021,1,2,1,DUPLICADO_EXACTO,1
00002386,2021,2,2,1,DUPLICADO_EXACTO,1
00002386,2021,3,3,1,DUPLICADO_EXACTO,2
00002386,2021,5,2,1,DUPLICADO_EXACTO,1
00002386,2021,6,2,1,DUPLICADO_EXACTO,1
00002386,2021,11,2,1,DUPLICADO_EXACTO,1
00002386,2021,12,2,1,DUPLICADO_EXACTO,1
00002386,2022,2,2,1,DUPLICADO_EXACTO,1
00002386,2022,6,2,1,DUPLICADO_EXACTO,1
00002386,2022,7,3,1,DUPLICADO_EXACTO,2
00002386,2022,8,2,1,DUPLICADO_EXACTO,1
00002386,2022,9,2,1,DUPLICADO_EXACTO,1
00002386,2023,11,2,1,DUPLICADO_EXACTO,1
00002386,2024,2,2,1,DUPLICADO_EXACTO,1
00002386,2025,1,2,1,DUPLICADO_EXACTO,1
00002386,2025,5,2,1,DUPLICADO_EXACTO,1
00002386,2025,6,2,1,DUPLICADO_EXACTO,1
00002386,2025,7,2,1,DUPLICADO_EXACTO,1
00002386,2025,8,2,1,DUPLICADO_EXACTO,1
00002386,2025,9,2,1,DUPLICADO_EXACTO,1
00002386,2026,3,2,1,DUPLICADO_EXACTO,1
00002386,2026,7,2,1,DUPLICADO_EXACTO,1
00002387,2020,2,2,1,DUPLICADO_EXACTO,1
00002387,2020,3,2,1,DUPLICADO_EXACTO,1
00002387,2020,4,2,1,DUPLICADO_EXACTO,1
00002387,2020,5,2,1,DUPLICADO_EXACTO,1
00002387,2020,6,2,1,DUPLICADO_EXACTO,1
00002387,2022,5,4,1,DUPLICADO_EXACTO,3
00002387,2022,7,2,1,DUPLICADO_EXACTO,1
00002387,2023,11,2,1,DUPLICADO_EXACTO,1
00002388,2020,3,5,1,DUPLICADO_EXACTO,4
00002388,2021,3,2,1,DUPLICADO_EXACTO,1
00002388,2021,4,3,1,DUPLICADO_EXACTO,2
00002388,2021,5,2,1,DUPLICADO_EXACTO,1
00002388,2021,6,2,1,DUPLICADO_EXACTO,1
00002388,2021,7,2,1,DUPLICADO_EXACTO,1
00002388,2021,8,3,1,DUPLICADO_EXACTO,2
00002388,2021,9,3,1,DUPLICADO_EXACTO,2
00002388,2021,10,2,1,DUPLICADO_EXACTO,1
00002388,2021,11,2,1,DUPLICADO_EXACTO,1
00002388,2021,12,2,1,DUPLICADO_EXACTO,1
00002388,2022,1,2,1,DUPLICADO_EXACTO,1
00002388,2022,3,2,1,DUPLICADO_EXACTO,1
00002388,2022,4,2,1,DUPLICADO_EXACTO,1
00002388,2022,5,3,1,DUPLICADO_EXACTO,2
00002388,2022,7,2,1,DUPLICADO_EXACTO,1
00002388,2022,9,2,1,DUPLICADO_EXACTO,1
00002388,2022,10,2,1,DUPLICADO_EXACTO,1
00002388,2023,4,2,1,DUPLICADO_EXACTO,1
00002388,2023,5,2,1,DUPLICADO_EXACTO,1
00002388,2024,4,2,1,DUPLICADO_EXACTO,1
00002388,2024,9,2,1,DUPLICADO_EXACTO,1
00002388,2026,1,2,1,DUPLICADO_EXACTO,1
00002388,2026,2,2,1,DUPLICADO_EXACTO,1
00002388,2026,3,2,1,DUPLICADO_EXACTO,1
00002389,2020,3,5,1,DUPLICADO_EXACTO,4
00002389,2020,4,2,1,DUPLICADO_EXACTO,1
00002389,2020,5,2,1,DUPLICADO_EXACTO,1
00002389,2020,6,2,1,DUPLICADO_EXACTO,1
00002389,2021,1,2,1,DUPLICADO_EXACTO,1
00002389,2021,2,2,1,DUPLICADO_EXACTO,1
00002389,2021,3,2,1,DUPLICADO_EXACTO,1
00002389,2021,4,3,1,DUPLICADO_EXACTO,2
00002389,2021,5,2,1,DUPLICADO_EXACTO,1
00002389,2021,6,2,1,DUPLICADO_EXACTO,1
00002389,2021,7,2,1,DUPLICADO_EXACTO,1
00002389,2021,8,3,1,DUPLICADO_EXACTO,2
00002389,2021,9,3,1,DUPLICADO_EXACTO,2
00002389,2021,10,2,1,DUPLICADO_EXACTO,1
00002389,2021,11,2,1,DUPLICADO_EXACTO,1
00002389,2021,12,2,1,DUPLICADO_EXACTO,1
00002389,2022,1,2,1,DUPLICADO_EXACTO,1
00002389,2022,3,2,1,DUPLICADO_EXACTO,1
00002389,2022,4,2,1,DUPLICADO_EXACTO,1
00002389,2022,5,3,1,DUPLICADO_EXACTO,2
00002389,2022,7,2,1,DUPLICADO_EXACTO,1
00002389,2022,9,2,1,DUPLICADO_EXACTO,1
00002389,2022,10,2,1,DUPLICADO_EXACTO,1
00002389,2023,4,2,1,DUPLICADO_EXACTO,1
00002389,2023,5,2,1,DUPLICADO_EXACTO,1
00002389,2024,9,2,1,DUPLICADO_EXACTO,1
00002389,2025,11,2,1,DUPLICADO_EXACTO,1
00002389,2026,1,2,1,DUPLICADO_EXACTO,1
00002389,2026,2,2,1,DUPLICADO_EXACTO,1
00002389,2026,3,2,1,DUPLICADO_EXACTO,1
00002390,2021,8,2,1,DUPLICADO_EXACTO,1
00002390,2022,1,2,1,DUPLICADO_EXACTO,1
00002390,2022,4,2,1,DUPLICADO_EXACTO,1
00002390,2022,5,3,1,DUPLICADO_EXACTO,2
00002390,2022,7,2,1,DUPLICADO_EXACTO,1
00002390,2022,10,2,1,DUPLICADO_EXACTO,1
00002390,2023,5,2,1,DUPLICADO_EXACTO,1
00002390,2024,4,2,1,DUPLICADO_EXACTO,1
00002390,2025,11,2,1,DUPLICADO_EXACTO,1
00002390,2026,1,2,1,DUPLICADO_EXACTO,1
00002390,2026,2,2,1,DUPLICADO_EXACTO,1
00002390,2026,3,2,1,DUPLICADO_EXACTO,1
00002391,2020,3,5,1,DUPLICADO_EXACTO,4
00002391,2020,4,2,1,DUPLICADO_EXACTO,1
00002391,2020,5,2,1,DUPLICADO_EXACTO,1
00002391,2021,1,2,1,DUPLICADO_EXACTO,1
00002391,2021,2,2,1,DUPLICADO_EXACTO,1
00002391,2021,3,2,1,DUPLICADO_EXACTO,1
00002391,2021,5,2,1,DUPLICADO_EXACTO,1
00002391,2021,6,2,1,DUPLICADO_EXACTO,1
00002391,2021,7,2,1,DUPLICADO_EXACTO,1
00002391,2021,9,3,1,DUPLICADO_EXACTO,2
00002391,2021,10,2,1,DUPLICADO_EXACTO,1
00002391,2021,11,2,1,DUPLICADO_EXACTO,1
00002391,2021,12,2,1,DUPLICADO_EXACTO,1
00002391,2022,1,2,1,DUPLICADO_EXACTO,1
00002391,2022,3,2,1,DUPLICADO_EXACTO,1
00002391,2022,4,2,1,DUPLICADO_EXACTO,1
00002391,2022,5,2,1,DUPLICADO_EXACTO,1
00002391,2022,7,2,1,DUPLICADO_EXACTO,1
00002391,2022,9,2,1,DUPLICADO_EXACTO,1
00002391,2023,4,2,1,DUPLICADO_EXACTO,1
00002391,2023,5,2,1,DUPLICADO_EXACTO,1
00002391,2024,4,2,1,DUPLICADO_EXACTO,1
00002391,2024,9,2,1,DUPLICADO_EXACTO,1
00002391,2025,11,2,1,DUPLICADO_EXACTO,1
00002391,2026,1,2,1,DUPLICADO_EXACTO,1
00002391,2026,2,2,1,DUPLICADO_EXACTO,1
00002391,2026,3,2,1,DUPLICADO_EXACTO,1
00002392,2020,2,2,1,DUPLICADO_EXACTO,1
00002392,2020,3,2,1,DUPLICADO_EXACTO,1
00002392,2020,4,2,1,DUPLICADO_EXACTO,1
00002392,2020,5,2,1,DUPLICADO_EXACTO,1
00002392,2020,6,2,1,DUPLICADO_EXACTO,1
00002392,2021,1,2,1,DUPLICADO_EXACTO,1
00002392,2021,2,2,1,DUPLICADO_EXACTO,1
00002392,2021,3,3,1,DUPLICADO_EXACTO,2
00002392,2021,5,2,1,DUPLICADO_EXACTO,1
00002392,2021,6,2,1,DUPLICADO_EXACTO,1
00002392,2021,11,2,1,DUPLICADO_EXACTO,1
00002392,2021,12,2,1,DUPLICADO_EXACTO,1
00002392,2022,2,2,1,DUPLICADO_EXACTO,1
00002392,2022,5,4,1,DUPLICADO_EXACTO,3
00002392,2022,6,2,1,DUPLICADO_EXACTO,1
00002392,2022,7,3,1,DUPLICADO_EXACTO,2
00002392,2022,8,2,1,DUPLICADO_EXACTO,1
00002392,2022,9,2,1,DUPLICADO_EXACTO,1
00002392,2024,2,2,1,DUPLICADO_EXACTO,1
00002393,2020,4,4,1,DUPLICADO_EXACTO,3
00002393,2020,5,3,1,DUPLICADO_EXACTO,2
00002393,2020,8,4,1,DUPLICADO_EXACTO,3
00002393,2021,1,2,1,DUPLICADO_EXACTO,1
00002393,2021,3,2,1,DUPLICADO_EXACTO,1
00002393,2021,8,2,1,DUPLICADO_EXACTO,1
00002393,2021,9,2,1,DUPLICADO_EXACTO,1
00002393,2022,5,2,1,DUPLICADO_EXACTO,1
00002393,2022,8,2,1,DUPLICADO_EXACTO,1
00002393,2022,9,2,1,DUPLICADO_EXACTO,1
00002393,2023,1,3,1,DUPLICADO_EXACTO,2
00002393,2025,6,2,1,DUPLICADO_EXACTO,1
00002393,2025,7,2,1,DUPLICADO_EXACTO,1
00002393,2025,11,2,1,DUPLICADO_EXACTO,1
00002394,2020,5,3,1,DUPLICADO_EXACTO,2
00002394,2020,8,4,1,DUPLICADO_EXACTO,3
00002394,2021,1,2,1,DUPLICADO_EXACTO,1
00002394,2021,3,2,1,DUPLICADO_EXACTO,1
00002394,2021,8,2,1,DUPLICADO_EXACTO,1
00002394,2021,9,2,1,DUPLICADO_EXACTO,1
00002394,2022,5,2,1,DUPLICADO_EXACTO,1
00002394,2022,8,2,1,DUPLICADO_EXACTO,1
00002394,2022,9,2,1,DUPLICADO_EXACTO,1
00002394,2023,1,3,1,DUPLICADO_EXACTO,2
00002394,2025,6,2,1,DUPLICADO_EXACTO,1
00002394,2025,7,2,1,DUPLICADO_EXACTO,1
00002394,2025,11,2,1,DUPLICADO_EXACTO,1
00002395,2020,5,2,1,DUPLICADO_EXACTO,1
00002395,2025,6,2,1,DUPLICADO_EXACTO,1
00002395,2025,7,2,1,DUPLICADO_EXACTO,1
00002395,2025,11,2,1,DUPLICADO_EXACTO,1
00002396,2020,5,3,1,DUPLICADO_EXACTO,2
00002396,2020,8,4,1,DUPLICADO_EXACTO,3
00002396,2021,1,2,1,DUPLICADO_EXACTO,1
00002396,2021,3,2,1,DUPLICADO_EXACTO,1
00002396,2021,8,2,1,DUPLICADO_EXACTO,1
00002396,2021,9,2,1,DUPLICADO_EXACTO,1
00002396,2022,5,2,1,DUPLICADO_EXACTO,1
00002396,2022,8,2,1,DUPLICADO_EXACTO,1
00002396,2022,9,2,1,DUPLICADO_EXACTO,1
00002396,2023,1,3,1,DUPLICADO_EXACTO,2
00002396,2025,6,2,1,DUPLICADO_EXACTO,1
00002396,2025,7,2,1,DUPLICADO_EXACTO,1
00002396,2025,11,2,1,DUPLICADO_EXACTO,1
00002397,2020,2,2,1,DUPLICADO_EXACTO,1
00002397,2020,3,2,1,DUPLICADO_EXACTO,1
00002397,2020,4,2,1,DUPLICADO_EXACTO,1
00002397,2020,5,2,1,DUPLICADO_EXACTO,1
00002397,2020,6,2,1,DUPLICADO_EXACTO,1
00002397,2021,1,2,1,DUPLICADO_EXACTO,1
00002397,2021,2,2,1,DUPLICADO_EXACTO,1
00002397,2021,3,2,1,DUPLICADO_EXACTO,1
00002397,2021,5,2,1,DUPLICADO_EXACTO,1
00002397,2021,6,2,1,DUPLICADO_EXACTO,1
00002397,2021,11,2,1,DUPLICADO_EXACTO,1
00002397,2021,12,2,1,DUPLICADO_EXACTO,1
00002397,2022,2,2,1,DUPLICADO_EXACTO,1
00002397,2022,5,4,1,DUPLICADO_EXACTO,3
00002397,2022,6,2,1,DUPLICADO_EXACTO,1
00002397,2022,8,2,1,DUPLICADO_EXACTO,1
00002397,2022,9,2,1,DUPLICADO_EXACTO,1
00002397,2023,11,2,1,DUPLICADO_EXACTO,1
00002397,2024,2,2,1,DUPLICADO_EXACTO,1
00002397,2025,1,2,1,DUPLICADO_EXACTO,1
00002397,2025,5,2,1,DUPLICADO_EXACTO,1
00002397,2025,6,2,1,DUPLICADO_EXACTO,1
00002397,2025,7,2,1,DUPLICADO_EXACTO,1
00002397,2025,8,2,1,DUPLICADO_EXACTO,1
00002397,2025,9,2,1,DUPLICADO_EXACTO,1
00002397,2026,3,2,1,DUPLICADO_EXACTO,1
00002397,2026,7,2,1,DUPLICADO_EXACTO,1
00002399,2020,11,2,1,DUPLICADO_EXACTO,1
00002399,2020,12,4,1,DUPLICADO_EXACTO,3
00002399,2023,9,3,1,DUPLICADO_EXACTO,2
00002400,2021,2,2,1,DUPLICADO_EXACTO,1
00002400,2021,8,2,1,DUPLICADO_EXACTO,1
00002400,2023,3,3,1,DUPLICADO_EXACTO,2
00002402,2020,10,4,1,DUPLICADO_EXACTO,3
00002402,2021,1,2,1,DUPLICADO_EXACTO,1
00002402,2022,8,2,1,DUPLICADO_EXACTO,1
00002402,2023,4,3,1,DUPLICADO_EXACTO,2
00002403,2020,10,4,1,DUPLICADO_EXACTO,3
00002403,2021,1,2,1,DUPLICADO_EXACTO,1
00002403,2022,8,2,1,DUPLICADO_EXACTO,1
00002403,2023,4,3,1,DUPLICADO_EXACTO,2
00002405,2019,12,3,1,DUPLICADO_EXACTO,2
00002405,2024,12,2,1,DUPLICADO_EXACTO,1
00002406,2020,10,4,1,DUPLICADO_EXACTO,3
00002406,2021,1,2,1,DUPLICADO_EXACTO,1
00002406,2022,8,2,1,DUPLICADO_EXACTO,1
00002406,2023,4,3,1,DUPLICADO_EXACTO,2
00002406,2024,7,2,1,DUPLICADO_EXACTO,1
00002406,2025,4,2,1,DUPLICADO_EXACTO,1
00002406,2026,4,2,1,DUPLICADO_EXACTO,1
00002407,2020,2,2,1,DUPLICADO_EXACTO,1
00002407,2020,3,3,1,DUPLICADO_EXACTO,2
00002407,2020,5,2,1,DUPLICADO_EXACTO,1
00002407,2020,12,2,1,DUPLICADO_EXACTO,1
00002408,2020,3,3,1,DUPLICADO_EXACTO,2
00002408,2020,12,2,1,DUPLICADO_EXACTO,1
00002408,2024,2,3,1,DUPLICADO_EXACTO,2
00002408,2025,4,2,1,DUPLICADO_EXACTO,1
00002409,2020,11,2,1,DUPLICADO_EXACTO,1
00002409,2020,12,4,1,DUPLICADO_EXACTO,3
00002409,2021,3,2,1,DUPLICADO_EXACTO,1
00002409,2023,9,3,1,DUPLICADO_EXACTO,2
00002410,2020,2,2,1,DUPLICADO_EXACTO,1
00002410,2020,3,3,1,DUPLICADO_EXACTO,2
00002410,2020,4,4,1,DUPLICADO_EXACTO,3
00002410,2020,5,2,1,DUPLICADO_EXACTO,1
00002410,2021,2,2,1,DUPLICADO_EXACTO,1
00002410,2021,3,2,1,DUPLICADO_EXACTO,1
00002410,2021,4,2,1,DUPLICADO_EXACTO,1
00002410,2021,11,2,1,DUPLICADO_EXACTO,1
00002410,2021,12,3,1,DUPLICADO_EXACTO,2
00002410,2022,1,2,1,DUPLICADO_EXACTO,1
00002410,2022,3,2,1,DUPLICADO_EXACTO,1
00002410,2022,5,2,1,DUPLICADO_EXACTO,1
00002410,2024,7,3,1,DUPLICADO_EXACTO,2
00002410,2024,11,2,1,DUPLICADO_EXACTO,1
00002410,2024,12,3,1,DUPLICADO_EXACTO,2
00002410,2025,2,2,1,DUPLICADO_EXACTO,1
00002410,2025,4,2,1,DUPLICADO_EXACTO,1
00002410,2026,1,2,1,DUPLICADO_EXACTO,1
00002410,2026,3,2,1,DUPLICADO_EXACTO,1
00002410,2026,5,3,1,DUPLICADO_EXACTO,2
00002411,2020,3,2,1,DUPLICADO_EXACTO,1
00002411,2020,5,2,1,DUPLICADO_EXACTO,1
00002411,2021,4,2,1,DUPLICADO_EXACTO,1
00002411,2021,12,2,1,DUPLICADO_EXACTO,1
00002411,2022,1,2,1,DUPLICADO_EXACTO,1
00002411,2022,7,3,1,DUPLICADO_EXACTO,2
00002411,2023,5,2,1,DUPLICADO_EXACTO,1
00002411,2024,7,3,1,DUPLICADO_EXACTO,2
00002411,2024,11,2,1,DUPLICADO_EXACTO,1
00002411,2024,12,3,1,DUPLICADO_EXACTO,2
00002411,2025,2,2,1,DUPLICADO_EXACTO,1
00002411,2025,4,2,1,DUPLICADO_EXACTO,1
00002411,2026,5,3,1,DUPLICADO_EXACTO,2
00002412,2020,2,2,1,DUPLICADO_EXACTO,1
00002412,2020,3,3,1,DUPLICADO_EXACTO,2
00002412,2020,5,2,1,DUPLICADO_EXACTO,1
00002412,2021,2,2,1,DUPLICADO_EXACTO,1
00002412,2021,3,2,1,DUPLICADO_EXACTO,1
00002412,2021,4,2,1,DUPLICADO_EXACTO,1
00002412,2021,11,2,1,DUPLICADO_EXACTO,1
00002412,2021,12,3,1,DUPLICADO_EXACTO,2
00002412,2022,1,2,1,DUPLICADO_EXACTO,1
00002412,2022,3,2,1,DUPLICADO_EXACTO,1
00002412,2022,5,2,1,DUPLICADO_EXACTO,1
00002412,2022,7,3,1,DUPLICADO_EXACTO,2
00002412,2023,5,2,1,DUPLICADO_EXACTO,1
00002412,2024,7,3,1,DUPLICADO_EXACTO,2
00002412,2024,11,2,1,DUPLICADO_EXACTO,1
00002412,2024,12,3,1,DUPLICADO_EXACTO,2
00002412,2025,2,2,1,DUPLICADO_EXACTO,1
00002412,2025,4,2,1,DUPLICADO_EXACTO,1
00002412,2026,1,2,1,DUPLICADO_EXACTO,1
00002412,2026,3,2,1,DUPLICADO_EXACTO,1
00002412,2026,5,3,1,DUPLICADO_EXACTO,2
00002413,2020,3,2,1,DUPLICADO_EXACTO,1
00002413,2020,4,3,1,DUPLICADO_EXACTO,2
00002413,2021,2,2,1,DUPLICADO_EXACTO,1
00002413,2021,3,2,1,DUPLICADO_EXACTO,1
00002413,2021,4,2,1,DUPLICADO_EXACTO,1
00002413,2021,11,2,1,DUPLICADO_EXACTO,1
00002413,2022,1,2,1,DUPLICADO_EXACTO,1
00002413,2022,5,2,1,DUPLICADO_EXACTO,1
00002413,2022,7,2,1,DUPLICADO_EXACTO,1
00002413,2023,5,2,1,DUPLICADO_EXACTO,1
00002413,2024,7,3,1,DUPLICADO_EXACTO,2
00002413,2024,11,2,1,DUPLICADO_EXACTO,1
00002413,2024,12,3,1,DUPLICADO_EXACTO,2
00002413,2025,2,2,1,DUPLICADO_EXACTO,1
00002413,2025,4,2,1,DUPLICADO_EXACTO,1
00002413,2026,1,2,1,DUPLICADO_EXACTO,1
00002413,2026,3,2,1,DUPLICADO_EXACTO,1
00002414,2020,3,2,1,DUPLICADO_EXACTO,1
00002414,2021,3,2,1,DUPLICADO_EXACTO,1
00002414,2021,4,2,1,DUPLICADO_EXACTO,1
00002414,2021,11,2,1,DUPLICADO_EXACTO,1
00002414,2021,12,3,1,DUPLICADO_EXACTO,2
00002414,2022,1,2,1,DUPLICADO_EXACTO,1
00002414,2022,3,2,1,DUPLICADO_EXACTO,1
00002414,2023,5,2,1,DUPLICADO_EXACTO,1
00002414,2024,7,3,1,DUPLICADO_EXACTO,2
00002414,2024,11,2,1,DUPLICADO_EXACTO,1
00002414,2024,12,3,1,DUPLICADO_EXACTO,2
00002414,2025,2,2,1,DUPLICADO_EXACTO,1
00002414,2025,4,2,1,DUPLICADO_EXACTO,1
00002414,2026,1,2,1,DUPLICADO_EXACTO,1
00002414,2026,3,2,1,DUPLICADO_EXACTO,1
00002414,2026,5,3,1,DUPLICADO_EXACTO,2
00002415,2020,2,2,1,DUPLICADO_EXACTO,1
00002415,2020,3,3,1,DUPLICADO_EXACTO,2
00002415,2020,5,2,1,DUPLICADO_EXACTO,1
00002415,2021,4,2,1,DUPLICADO_EXACTO,1
00002415,2021,12,2,1,DUPLICADO_EXACTO,1
00002415,2023,5,2,1,DUPLICADO_EXACTO,1
00002415,2024,7,3,1,DUPLICADO_EXACTO,2
00002415,2024,11,2,1,DUPLICADO_EXACTO,1
00002415,2024,12,3,1,DUPLICADO_EXACTO,2
00002415,2025,2,2,1,DUPLICADO_EXACTO,1
00002415,2026,1,2,1,DUPLICADO_EXACTO,1
00002415,2026,3,2,1,DUPLICADO_EXACTO,1
00002415,2026,5,3,1,DUPLICADO_EXACTO,2
00002416,2020,2,2,1,DUPLICADO_EXACTO,1
00002416,2020,3,3,1,DUPLICADO_EXACTO,2
00002416,2020,5,2,1,DUPLICADO_EXACTO,1
00002416,2021,2,2,1,DUPLICADO_EXACTO,1
00002416,2021,3,2,1,DUPLICADO_EXACTO,1
00002416,2021,11,2,1,DUPLICADO_EXACTO,1
00002416,2021,12,3,1,DUPLICADO_EXACTO,2
00002416,2022,1,2,1,DUPLICADO_EXACTO,1
00002416,2022,3,2,1,DUPLICADO_EXACTO,1
00002416,2022,5,2,1,DUPLICADO_EXACTO,1
00002416,2022,7,3,1,DUPLICADO_EXACTO,2
00002416,2023,5,2,1,DUPLICADO_EXACTO,1
00002416,2024,7,3,1,DUPLICADO_EXACTO,2
00002416,2024,11,2,1,DUPLICADO_EXACTO,1
00002416,2024,12,3,1,DUPLICADO_EXACTO,2
00002416,2025,2,2,1,DUPLICADO_EXACTO,1
00002416,2025,4,2,1,DUPLICADO_EXACTO,1
00002416,2026,1,2,1,DUPLICADO_EXACTO,1
00002416,2026,3,2,1,DUPLICADO_EXACTO,1
00002416,2026,5,3,1,DUPLICADO_EXACTO,2
00002417,2020,2,2,1,DUPLICADO_EXACTO,1
00002417,2020,3,3,1,DUPLICADO_EXACTO,2
00002417,2020,4,4,1,DUPLICADO_EXACTO,3
00002417,2020,5,2,1,DUPLICADO_EXACTO,1
00002417,2021,2,2,1,DUPLICADO_EXACTO,1
00002417,2021,3,2,1,DUPLICADO_EXACTO,1
00002417,2021,4,2,1,DUPLICADO_EXACTO,1
00002417,2021,12,3,1,DUPLICADO_EXACTO,2
00002417,2022,1,2,1,DUPLICADO_EXACTO,1
00002417,2022,3,2,1,DUPLICADO_EXACTO,1
00002417,2022,5,2,1,DUPLICADO_EXACTO,1
00002417,2022,7,3,1,DUPLICADO_EXACTO,2
00002417,2023,5,2,1,DUPLICADO_EXACTO,1
00002418,2020,3,2,1,DUPLICADO_EXACTO,1
00002418,2021,4,2,1,DUPLICADO_EXACTO,1
00002418,2021,11,2,1,DUPLICADO_EXACTO,1
00002418,2021,12,2,1,DUPLICADO_EXACTO,1
00002418,2022,1,2,1,DUPLICADO_EXACTO,1
00002418,2023,5,2,1,DUPLICADO_EXACTO,1
00002418,2024,7,3,1,DUPLICADO_EXACTO,2
00002418,2024,11,2,1,DUPLICADO_EXACTO,1
00002418,2024,12,3,1,DUPLICADO_EXACTO,2
00002418,2025,2,2,1,DUPLICADO_EXACTO,1
00002418,2025,4,2,1,DUPLICADO_EXACTO,1
00002418,2026,1,2,1,DUPLICADO_EXACTO,1
00002418,2026,3,2,1,DUPLICADO_EXACTO,1
00002418,2026,5,3,1,DUPLICADO_EXACTO,2
00002419,2021,4,2,1,DUPLICADO_EXACTO,1
00002419,2021,11,2,1,DUPLICADO_EXACTO,1
00002419,2021,12,2,1,DUPLICADO_EXACTO,1
00002419,2022,1,2,1,DUPLICADO_EXACTO,1
00002419,2023,5,2,1,DUPLICADO_EXACTO,1
00002419,2025,4,2,1,DUPLICADO_EXACTO,1
00002419,2026,1,2,1,DUPLICADO_EXACTO,1
00002419,2026,3,2,1,DUPLICADO_EXACTO,1
00002419,2026,5,3,1,DUPLICADO_EXACTO,2
00002420,2020,3,2,1,DUPLICADO_EXACTO,1
00002420,2021,2,2,1,DUPLICADO_EXACTO,1
00002420,2021,3,2,1,DUPLICADO_EXACTO,1
00002420,2021,4,2,1,DUPLICADO_EXACTO,1
00002420,2021,11,2,1,DUPLICADO_EXACTO,1
00002420,2021,12,3,1,DUPLICADO_EXACTO,2
00002420,2022,1,2,1,DUPLICADO_EXACTO,1
00002420,2022,3,2,1,DUPLICADO_EXACTO,1
00002420,2022,5,2,1,DUPLICADO_EXACTO,1
00002420,2022,7,3,1,DUPLICADO_EXACTO,2
00002420,2023,5,2,1,DUPLICADO_EXACTO,1
00002420,2024,7,3,1,DUPLICADO_EXACTO,2
00002420,2024,11,2,1,DUPLICADO_EXACTO,1
00002420,2024,12,3,1,DUPLICADO_EXACTO,2
00002420,2025,2,2,1,DUPLICADO_EXACTO,1
00002420,2025,4,2,1,DUPLICADO_EXACTO,1
00002420,2026,1,2,1,DUPLICADO_EXACTO,1
00002420,2026,3,2,1,DUPLICADO_EXACTO,1
00002420,2026,5,3,1,DUPLICADO_EXACTO,2
00002422,2020,9,2,1,DUPLICADO_EXACTO,1
00002423,2020,9,2,1,DUPLICADO_EXACTO,1
00002424,2020,9,2,1,DUPLICADO_EXACTO,1
00002425,2020,9,2,1,DUPLICADO_EXACTO,1
00002430,2020,9,2,1,DUPLICADO_EXACTO,1
00002431,2020,9,2,1,DUPLICADO_EXACTO,1
00002432,2020,9,2,1,DUPLICADO_EXACTO,1
00002434,2020,9,2,1,DUPLICADO_EXACTO,1
00002438,2020,9,2,1,DUPLICADO_EXACTO,1
00002440,2020,9,2,1,DUPLICADO_EXACTO,1
00002443,2020,9,2,1,DUPLICADO_EXACTO,1
00002446,2020,9,2,1,DUPLICADO_EXACTO,1
00002447,2020,9,2,1,DUPLICADO_EXACTO,1
00002451,2020,9,2,1,DUPLICADO_EXACTO,1
00002470,2019,10,3,1,DUPLICADO_EXACTO,2
00002470,2024,1,2,1,DUPLICADO_EXACTO,1
00002472,2022,1,3,1,DUPLICADO_EXACTO,2
00002473,2022,1,3,1,DUPLICADO_EXACTO,2
00002474,2022,1,3,1,DUPLICADO_EXACTO,2
00002475,2022,1,3,1,DUPLICADO_EXACTO,2
00002479,2022,1,3,1,DUPLICADO_EXACTO,2
00002488,2022,1,3,1,DUPLICADO_EXACTO,2
00002489,2020,9,2,1,DUPLICADO_EXACTO,1
00002493,2020,9,2,1,DUPLICADO_EXACTO,1
00002494,2019,10,4,1,DUPLICADO_EXACTO,3
00002499,2026,1,2,1,DUPLICADO_EXACTO,1
00002499,2026,2,2,1,DUPLICADO_EXACTO,1
00002500,2019,9,3,1,DUPLICADO_EXACTO,2
00002500,2019,12,2,1,DUPLICADO_EXACTO,1
00002500,2026,1,2,1,DUPLICADO_EXACTO,1
00002500,2026,2,2,1,DUPLICADO_EXACTO,1
00002501,2019,12,3,1,DUPLICADO_EXACTO,2
00002501,2026,1,2,1,DUPLICADO_EXACTO,1
00002501,2026,2,2,1,DUPLICADO_EXACTO,1
00002502,2019,12,2,1,DUPLICADO_EXACTO,1
00002502,2026,1,2,1,DUPLICADO_EXACTO,1
00002502,2026,2,2,1,DUPLICADO_EXACTO,1
00002503,2019,12,2,1,DUPLICADO_EXACTO,1
00002503,2026,1,2,1,DUPLICADO_EXACTO,1
00002503,2026,2,2,1,DUPLICADO_EXACTO,1
00002504,2026,1,2,1,DUPLICADO_EXACTO,1
00002504,2026,2,2,1,DUPLICADO_EXACTO,1
00002505,2026,1,2,1,DUPLICADO_EXACTO,1
00002505,2026,2,2,1,DUPLICADO_EXACTO,1
00002506,2019,12,2,1,DUPLICADO_EXACTO,1
00002506,2026,1,2,1,DUPLICADO_EXACTO,1
00002506,2026,2,2,1,DUPLICADO_EXACTO,1
00002507,2026,1,2,1,DUPLICADO_EXACTO,1
00002507,2026,2,2,1,DUPLICADO_EXACTO,1
00002508,2019,5,2,1,DUPLICADO_EXACTO,1
00002509,2026,1,2,1,DUPLICADO_EXACTO,1
00002509,2026,2,2,1,DUPLICADO_EXACTO,1
00002510,2022,9,2,1,DUPLICADO_EXACTO,1
00002510,2023,7,2,1,DUPLICADO_EXACTO,1
00002510,2026,3,3,1,DUPLICADO_EXACTO,2
00002510,2026,6,2,1,DUPLICADO_EXACTO,1
00002511,2022,9,2,1,DUPLICADO_EXACTO,1
00002511,2023,7,2,1,DUPLICADO_EXACTO,1
00002511,2026,3,3,1,DUPLICADO_EXACTO,2
00002511,2026,6,2,1,DUPLICADO_EXACTO,1
00002512,2022,8,2,1,DUPLICADO_EXACTO,1
00002512,2022,9,2,1,DUPLICADO_EXACTO,1
00002512,2026,6,2,1,DUPLICADO_EXACTO,1
00002513,2022,8,2,1,DUPLICADO_EXACTO,1
00002513,2022,9,2,1,DUPLICADO_EXACTO,1
00002513,2023,7,2,1,DUPLICADO_EXACTO,1
00002513,2026,3,3,1,DUPLICADO_EXACTO,2
00002513,2026,6,2,1,DUPLICADO_EXACTO,1
00002514,2022,9,2,1,DUPLICADO_EXACTO,1
00002514,2023,7,2,1,DUPLICADO_EXACTO,1
00002514,2026,3,3,1,DUPLICADO_EXACTO,2
00002514,2026,6,2,1,DUPLICADO_EXACTO,1
00002515,2026,3,2,1,DUPLICADO_EXACTO,1
00002515,2026,5,3,1,DUPLICADO_EXACTO,2
00002516,2019,8,2,1,DUPLICADO_EXACTO,1
00002516,2022,8,2,1,DUPLICADO_EXACTO,1
00002516,2022,9,2,1,DUPLICADO_EXACTO,1
00002516,2023,7,2,1,DUPLICADO_EXACTO,1
00002516,2026,3,3,1,DUPLICADO_EXACTO,2
00002516,2026,6,2,1,DUPLICADO_EXACTO,1
00002517,2023,7,2,1,DUPLICADO_EXACTO,1
00002517,2026,6,2,1,DUPLICADO_EXACTO,1
00002518,2022,8,2,1,DUPLICADO_EXACTO,1
00002518,2022,9,2,1,DUPLICADO_EXACTO,1
00002518,2023,7,2,1,DUPLICADO_EXACTO,1
00002519,2022,9,2,1,DUPLICADO_EXACTO,1
00002519,2023,7,2,1,DUPLICADO_EXACTO,1
00002519,2026,3,3,1,DUPLICADO_EXACTO,2
00002519,2026,6,2,1,DUPLICADO_EXACTO,1
00002520,2022,8,2,1,DUPLICADO_EXACTO,1
00002520,2022,9,2,1,DUPLICADO_EXACTO,1
00002520,2023,7,2,1,DUPLICADO_EXACTO,1
00002520,2026,3,3,1,DUPLICADO_EXACTO,2
00002520,2026,6,2,1,DUPLICADO_EXACTO,1
00002521,2019,11,2,1,DUPLICADO_EXACTO,1
00002521,2022,8,2,1,DUPLICADO_EXACTO,1
00002521,2022,9,2,1,DUPLICADO_EXACTO,1
00002521,2023,7,2,1,DUPLICADO_EXACTO,1
00002521,2026,3,3,1,DUPLICADO_EXACTO,2
00002521,2026,6,2,1,DUPLICADO_EXACTO,1
00002522,2022,9,2,1,DUPLICADO_EXACTO,1
00002522,2023,7,2,1,DUPLICADO_EXACTO,1
00002522,2026,3,3,1,DUPLICADO_EXACTO,2
00002522,2026,6,2,1,DUPLICADO_EXACTO,1
00002523,2021,1,3,1,DUPLICADO_EXACTO,2
00002523,2021,12,2,1,DUPLICADO_EXACTO,1
00002523,2022,10,2,1,DUPLICADO_EXACTO,1
00002523,2022,11,3,1,DUPLICADO_EXACTO,2
00002523,2023,3,2,1,DUPLICADO_EXACTO,1
00002523,2023,7,2,1,DUPLICADO_EXACTO,1
00002523,2023,10,2,1,DUPLICADO_EXACTO,1
00002523,2024,4,2,1,DUPLICADO_EXACTO,1
00002523,2024,5,2,1,DUPLICADO_EXACTO,1
00002523,2024,6,2,1,DUPLICADO_EXACTO,1
00002523,2024,7,2,1,DUPLICADO_EXACTO,1
00002523,2025,8,2,1,DUPLICADO_EXACTO,1
00002523,2026,1,2,1,DUPLICADO_EXACTO,1
00002523,2026,3,4,1,DUPLICADO_EXACTO,3
00002523,2026,4,2,1,DUPLICADO_EXACTO,1
00002523,2026,5,2,1,DUPLICADO_EXACTO,1
00002524,2026,7,2,1,DUPLICADO_EXACTO,1
00002525,2021,12,2,1,DUPLICADO_EXACTO,1
00002525,2022,10,2,1,DUPLICADO_EXACTO,1
00002525,2022,11,3,1,DUPLICADO_EXACTO,2
00002525,2023,3,2,1,DUPLICADO_EXACTO,1
00002525,2023,7,2,1,DUPLICADO_EXACTO,1
00002525,2024,4,2,1,DUPLICADO_EXACTO,1
00002525,2024,5,2,1,DUPLICADO_EXACTO,1
00002525,2024,6,2,1,DUPLICADO_EXACTO,1
00002525,2024,7,2,1,DUPLICADO_EXACTO,1
00002525,2026,1,2,1,DUPLICADO_EXACTO,1
00002525,2026,3,4,1,DUPLICADO_EXACTO,3
00002525,2026,4,2,1,DUPLICADO_EXACTO,1
00002525,2026,5,2,1,DUPLICADO_EXACTO,1
00002525,2026,6,2,1,DUPLICADO_EXACTO,1
00002525,2026,7,2,1,DUPLICADO_EXACTO,1
00002526,2026,7,2,1,DUPLICADO_EXACTO,1
00002527,2026,7,2,1,DUPLICADO_EXACTO,1
00002528,2026,7,2,1,DUPLICADO_EXACTO,1
00002529,2019,11,2,1,DUPLICADO_EXACTO,1
00002529,2026,7,2,1,DUPLICADO_EXACTO,1
00002530,2021,1,3,1,DUPLICADO_EXACTO,2
00002530,2021,12,2,1,DUPLICADO_EXACTO,1
00002530,2022,10,2,1,DUPLICADO_EXACTO,1
00002530,2022,11,3,1,DUPLICADO_EXACTO,2
00002530,2023,3,2,1,DUPLICADO_EXACTO,1
00002530,2023,7,2,1,DUPLICADO_EXACTO,1
00002530,2023,10,2,1,DUPLICADO_EXACTO,1
00002530,2024,4,2,1,DUPLICADO_EXACTO,1
00002530,2024,5,2,1,DUPLICADO_EXACTO,1
00002530,2024,6,2,1,DUPLICADO_EXACTO,1
00002530,2024,7,2,1,DUPLICADO_EXACTO,1
00002530,2026,1,2,1,DUPLICADO_EXACTO,1
00002530,2026,3,4,1,DUPLICADO_EXACTO,3
00002530,2026,5,2,1,DUPLICADO_EXACTO,1
00002530,2026,6,2,1,DUPLICADO_EXACTO,1
00002530,2026,7,2,1,DUPLICADO_EXACTO,1
00002532,2021,1,3,1,DUPLICADO_EXACTO,2
00002532,2023,10,2,1,DUPLICADO_EXACTO,1
00002532,2024,4,2,1,DUPLICADO_EXACTO,1
00002532,2024,7,2,1,DUPLICADO_EXACTO,1
00002532,2026,1,2,1,DUPLICADO_EXACTO,1
00002532,2026,7,2,1,DUPLICADO_EXACTO,1
00002533,2021,1,3,1,DUPLICADO_EXACTO,2
00002533,2021,12,2,1,DUPLICADO_EXACTO,1
00002533,2022,10,2,1,DUPLICADO_EXACTO,1
00002533,2022,11,3,1,DUPLICADO_EXACTO,2
00002533,2023,3,2,1,DUPLICADO_EXACTO,1
00002533,2023,7,2,1,DUPLICADO_EXACTO,1
00002533,2023,10,2,1,DUPLICADO_EXACTO,1
00002533,2024,4,2,1,DUPLICADO_EXACTO,1
00002533,2024,5,2,1,DUPLICADO_EXACTO,1
00002533,2024,6,2,1,DUPLICADO_EXACTO,1
00002533,2024,7,2,1,DUPLICADO_EXACTO,1
00002533,2026,1,2,1,DUPLICADO_EXACTO,1
00002533,2026,3,4,1,DUPLICADO_EXACTO,3
00002533,2026,4,2,1,DUPLICADO_EXACTO,1
00002533,2026,5,2,1,DUPLICADO_EXACTO,1
00002533,2026,6,2,1,DUPLICADO_EXACTO,1
00002533,2026,7,2,1,DUPLICADO_EXACTO,1
00002534,2021,1,3,1,DUPLICADO_EXACTO,2
00002534,2021,12,2,1,DUPLICADO_EXACTO,1
00002534,2022,10,2,1,DUPLICADO_EXACTO,1
00002534,2022,11,3,1,DUPLICADO_EXACTO,2
00002534,2023,3,2,1,DUPLICADO_EXACTO,1
00002534,2023,7,2,1,DUPLICADO_EXACTO,1
00002534,2023,10,2,1,DUPLICADO_EXACTO,1
00002534,2024,4,2,1,DUPLICADO_EXACTO,1
00002534,2024,5,2,1,DUPLICADO_EXACTO,1
00002534,2024,6,2,1,DUPLICADO_EXACTO,1
00002534,2024,7,2,1,DUPLICADO_EXACTO,1
00002534,2026,3,4,1,DUPLICADO_EXACTO,3
00002534,2026,4,2,1,DUPLICADO_EXACTO,1
00002534,2026,5,2,1,DUPLICADO_EXACTO,1
00002534,2026,6,2,1,DUPLICADO_EXACTO,1
00002534,2026,7,2,1,DUPLICADO_EXACTO,1
00002535,2026,7,2,1,DUPLICADO_EXACTO,1
00002536,2026,7,2,1,DUPLICADO_EXACTO,1
00002537,2021,1,3,1,DUPLICADO_EXACTO,2
00002537,2021,12,2,1,DUPLICADO_EXACTO,1
00002537,2022,10,2,1,DUPLICADO_EXACTO,1
00002537,2022,11,3,1,DUPLICADO_EXACTO,2
00002537,2023,3,2,1,DUPLICADO_EXACTO,1
00002537,2023,7,2,1,DUPLICADO_EXACTO,1
00002537,2023,10,2,1,DUPLICADO_EXACTO,1
00002537,2024,4,2,1,DUPLICADO_EXACTO,1
00002537,2024,5,2,1,DUPLICADO_EXACTO,1
00002537,2024,6,2,1,DUPLICADO_EXACTO,1
00002537,2024,7,2,1,DUPLICADO_EXACTO,1
00002537,2025,8,2,1,DUPLICADO_EXACTO,1
00002537,2026,1,2,1,DUPLICADO_EXACTO,1
00002537,2026,3,4,1,DUPLICADO_EXACTO,3
00002537,2026,4,2,1,DUPLICADO_EXACTO,1
00002537,2026,5,2,1,DUPLICADO_EXACTO,1
00002537,2026,6,2,1,DUPLICADO_EXACTO,1
00002537,2026,7,2,1,DUPLICADO_EXACTO,1
00002538,2021,1,3,1,DUPLICADO_EXACTO,2
00002538,2021,12,2,1,DUPLICADO_EXACTO,1
00002538,2022,10,2,1,DUPLICADO_EXACTO,1
00002538,2022,11,3,1,DUPLICADO_EXACTO,2
00002538,2023,3,2,1,DUPLICADO_EXACTO,1
00002538,2023,7,2,1,DUPLICADO_EXACTO,1
00002538,2023,10,2,1,DUPLICADO_EXACTO,1
00002538,2024,5,2,1,DUPLICADO_EXACTO,1
00002538,2024,6,2,1,DUPLICADO_EXACTO,1
00002538,2026,1,2,1,DUPLICADO_EXACTO,1
00002538,2026,3,4,1,DUPLICADO_EXACTO,3
00002538,2026,4,2,1,DUPLICADO_EXACTO,1
00002538,2026,5,2,1,DUPLICADO_EXACTO,1
00002538,2026,6,2,1,DUPLICADO_EXACTO,1
00002539,2021,1,3,1,DUPLICADO_EXACTO,2
00002539,2021,12,2,1,DUPLICADO_EXACTO,1
00002539,2022,10,2,1,DUPLICADO_EXACTO,1
00002539,2022,11,3,1,DUPLICADO_EXACTO,2
00002539,2023,3,2,1,DUPLICADO_EXACTO,1
00002539,2023,7,2,1,DUPLICADO_EXACTO,1
00002539,2023,10,2,1,DUPLICADO_EXACTO,1
00002539,2024,4,2,1,DUPLICADO_EXACTO,1
00002539,2024,5,2,1,DUPLICADO_EXACTO,1
00002539,2024,6,2,1,DUPLICADO_EXACTO,1
00002539,2024,7,2,1,DUPLICADO_EXACTO,1
00002539,2026,1,2,1,DUPLICADO_EXACTO,1
00002539,2026,3,4,1,DUPLICADO_EXACTO,3
00002539,2026,4,2,1,DUPLICADO_EXACTO,1
00002539,2026,5,2,1,DUPLICADO_EXACTO,1
00002539,2026,6,2,1,DUPLICADO_EXACTO,1
00002539,2026,7,2,1,DUPLICADO_EXACTO,1
00002540,2026,4,3,1,DUPLICADO_EXACTO,2
00002541,2026,4,3,1,DUPLICADO_EXACTO,2
00002543,2026,4,3,1,DUPLICADO_EXACTO,2
00002544,2026,4,3,1,DUPLICADO_EXACTO,2
00002545,2026,4,3,1,DUPLICADO_EXACTO,2
00002546,2026,4,3,1,DUPLICADO_EXACTO,2
00002547,2026,4,3,1,DUPLICADO_EXACTO,2
00002548,2026,4,3,1,DUPLICADO_EXACTO,2
00002549,2026,4,3,1,DUPLICADO_EXACTO,2
00002550,2026,4,3,1,DUPLICADO_EXACTO,2
00002551,2026,4,3,1,DUPLICADO_EXACTO,2
00002565,2025,5,2,1,DUPLICADO_EXACTO,1
00002566,2025,5,2,1,DUPLICADO_EXACTO,1
00002567,2025,5,2,1,DUPLICADO_EXACTO,1
00002568,2025,5,2,1,DUPLICADO_EXACTO,1
00002573,2026,6,2,1,DUPLICADO_EXACTO,1
00002575,2025,5,2,1,DUPLICADO_EXACTO,1
00002576,2025,5,2,1,DUPLICADO_EXACTO,1
00002577,2025,5,2,1,DUPLICADO_EXACTO,1
00002578,2025,5,2,1,DUPLICADO_EXACTO,1
00002579,2025,5,2,1,DUPLICADO_EXACTO,1
00002580,2025,8,3,1,DUPLICADO_EXACTO,2
00002582,2025,4,2,1,DUPLICADO_EXACTO,1
00002584,2025,4,2,1,DUPLICADO_EXACTO,1
00002584,2025,8,2,1,DUPLICADO_EXACTO,1
00002585,2025,5,2,1,DUPLICADO_EXACTO,1
00002586,2025,4,2,1,DUPLICADO_EXACTO,1
00002588,2026,7,2,1,DUPLICADO_EXACTO,1
00002589,2026,7,2,1,DUPLICADO_EXACTO,1
00002590,2025,5,2,1,DUPLICADO_EXACTO,1
00002591,2025,4,2,1,DUPLICADO_EXACTO,1
00002591,2025,8,5,1,DUPLICADO_EXACTO,4
00002592,2025,5,2,1,DUPLICADO_EXACTO,1
00002601,2025,7,2,1,DUPLICADO_EXACTO,1
00002606,2025,5,3,1,DUPLICADO_EXACTO,2
00002606,2025,7,2,1,DUPLICADO_EXACTO,1
00002609,2025,5,3,1,DUPLICADO_EXACTO,2
00002609,2025,7,2,1,DUPLICADO_EXACTO,1
00002653,2025,5,3,1,DUPLICADO_EXACTO,2
00002653,2025,7,2,1,DUPLICADO_EXACTO,1
00002686,2025,5,2,1,DUPLICADO_EXACTO,1
00002687,2026,7,2,1,DUPLICADO_EXACTO,1
00002688,2025,5,2,1,DUPLICADO_EXACTO,1
00002865,2020,2,2,1,DUPLICADO_EXACTO,1
00002866,2020,2,2,1,DUPLICADO_EXACTO,1
00002867,2020,2,2,1,DUPLICADO_EXACTO,1
00002868,2020,2,2,1,DUPLICADO_EXACTO,1
00002869,2020,2,2,1,DUPLICADO_EXACTO,1
00002870,2020,2,2,1,DUPLICADO_EXACTO,1
00002871,2020,2,2,1,DUPLICADO_EXACTO,1
00002872,2020,2,2,1,DUPLICADO_EXACTO,1
00002873,2020,2,2,1,DUPLICADO_EXACTO,1
00002874,2020,2,2,1,DUPLICADO_EXACTO,1
00002875,2020,2,2,1,DUPLICADO_EXACTO,1
00002876,2020,2,2,1,DUPLICADO_EXACTO,1
00002877,2020,2,2,1,DUPLICADO_EXACTO,1
00002878,2020,2,2,1,DUPLICADO_EXACTO,1
00002879,2020,2,2,1,DUPLICADO_EXACTO,1
00002880,2020,2,2,1,DUPLICADO_EXACTO,1
00002881,2020,2,2,1,DUPLICADO_EXACTO,1
00002882,2020,2,2,1,DUPLICADO_EXACTO,1
00002886,2020,2,2,1,DUPLICADO_EXACTO,1
00002887,2020,2,2,1,DUPLICADO_EXACTO,1
00002889,2020,2,2,1,DUPLICADO_EXACTO,1
00002890,2020,2,2,1,DUPLICADO_EXACTO,1
00002891,2020,2,2,1,DUPLICADO_EXACTO,1
00002892,2020,2,2,1,DUPLICADO_EXACTO,1
00002893,2020,2,2,1,DUPLICADO_EXACTO,1
00002894,2020,2,2,1,DUPLICADO_EXACTO,1
00002895,2020,2,2,1,DUPLICADO_EXACTO,1
00002896,2020,2,2,1,DUPLICADO_EXACTO,1
00002897,2020,2,2,1,DUPLICADO_EXACTO,1
00002898,2020,2,2,1,DUPLICADO_EXACTO,1
00002899,2020,2,2,1,DUPLICADO_EXACTO,1
00002900,2020,2,2,1,DUPLICADO_EXACTO,1
00002901,2020,2,2,1,DUPLICADO_EXACTO,1
00002902,2020,2,2,1,DUPLICADO_EXACTO,1
00002903,2020,2,2,1,DUPLICADO_EXACTO,1
00002904,2020,2,2,1,DUPLICADO_EXACTO,1
00002905,2020,2,2,1,DUPLICADO_EXACTO,1
00002907,2020,2,2,1,DUPLICADO_EXACTO,1
00002908,2020,2,2,1,DUPLICADO_EXACTO,1
00002909,2020,2,2,1,DUPLICADO_EXACTO,1
00002910,2020,2,2,1,DUPLICADO_EXACTO,1
00002911,2020,2,2,1,DUPLICADO_EXACTO,1
00002912,2020,2,2,1,DUPLICADO_EXACTO,1
00002913,2020,2,2,1,DUPLICADO_EXACTO,1
00002914,2020,2,2,1,DUPLICADO_EXACTO,1
00002915,2020,2,2,1,DUPLICADO_EXACTO,1
00002916,2020,2,2,1,DUPLICADO_EXACTO,1
00002917,2020,2,2,1,DUPLICADO_EXACTO,1
00002918,2020,2,2,1,DUPLICADO_EXACTO,1
00002919,2020,2,2,1,DUPLICADO_EXACTO,1
00002920,2020,2,2,1,DUPLICADO_EXACTO,1
00002921,2020,2,2,1,DUPLICADO_EXACTO,1
00002923,2020,2,2,1,DUPLICADO_EXACTO,1
00002924,2020,2,2,1,DUPLICADO_EXACTO,1
00002925,2020,2,2,1,DUPLICADO_EXACTO,1
00002926,2020,2,2,1,DUPLICADO_EXACTO,1
00002927,2020,2,2,1,DUPLICADO_EXACTO,1
00002928,2020,2,2,1,DUPLICADO_EXACTO,1
00002929,2020,2,2,1,DUPLICADO_EXACTO,1
00002930,2020,2,2,1,DUPLICADO_EXACTO,1
00002931,2020,2,2,1,DUPLICADO_EXACTO,1
00002933,2020,2,2,1,DUPLICADO_EXACTO,1
00002934,2020,2,2,1,DUPLICADO_EXACTO,1
00002965,2025,12,2,1,DUPLICADO_EXACTO,1
00002965,2026,1,2,1,DUPLICADO_EXACTO,1
00002967,2025,12,2,1,DUPLICADO_EXACTO,1
00002967,2026,1,2,1,DUPLICADO_EXACTO,1
00002971,2019,6,3,1,DUPLICADO_EXACTO,2
00002971,2025,12,2,1,DUPLICADO_EXACTO,1
00002971,2026,1,2,1,DUPLICADO_EXACTO,1
00002972,2025,12,2,1,DUPLICADO_EXACTO,1
00002972,2026,1,2,1,DUPLICADO_EXACTO,1
00002973,2019,6,2,1,DUPLICADO_EXACTO,1
00002973,2025,12,2,1,DUPLICADO_EXACTO,1
00002973,2026,1,2,1,DUPLICADO_EXACTO,1
00002975,2019,4,2,1,DUPLICADO_EXACTO,1
00002977,2019,9,2,1,DUPLICADO_EXACTO,1
00002980,2019,9,2,1,DUPLICADO_EXACTO,1
00003117,2025,5,2,1,DUPLICADO_EXACTO,1
00003117,2025,12,3,1,DUPLICADO_EXACTO,2
00003118,2025,2,2,1,DUPLICADO_EXACTO,1
00003118,2025,10,2,1,DUPLICADO_EXACTO,1
00003118,2025,12,3,1,DUPLICADO_EXACTO,2
00003121,2025,2,2,1,DUPLICADO_EXACTO,1
00003121,2025,5,2,1,DUPLICADO_EXACTO,1
00003121,2025,10,2,1,DUPLICADO_EXACTO,1
00003122,2025,12,3,1,DUPLICADO_EXACTO,2
00003123,2025,12,3,1,DUPLICADO_EXACTO,2
00003290,2026,3,2,1,DUPLICADO_EXACTO,1
00003292,2026,3,2,1,DUPLICADO_EXACTO,1
00003293,2026,3,2,1,DUPLICADO_EXACTO,1
00003294,2026,3,2,1,DUPLICADO_EXACTO,1
00003318,2019,11,3,1,DUPLICADO_EXACTO,2
00003360,2024,4,2,1,DUPLICADO_EXACTO,1
00003360,2025,1,3,1,DUPLICADO_EXACTO,2
00003360,2025,12,2,1,DUPLICADO_EXACTO,1
00003360,2026,1,2,1,DUPLICADO_EXACTO,1
00003361,2024,4,2,1,DUPLICADO_EXACTO,1
00003361,2026,1,2,1,DUPLICADO_EXACTO,1
00003362,2020,2,2,1,DUPLICADO_EXACTO,1
00003362,2020,6,2,1,DUPLICADO_EXACTO,1
00003362,2020,8,2,1,DUPLICADO_EXACTO,1
00003362,2021,7,2,1,DUPLICADO_EXACTO,1
00003362,2021,10,2,1,DUPLICADO_EXACTO,1
00003362,2023,8,4,1,DUPLICADO_EXACTO,3
00003362,2024,2,2,1,DUPLICADO_EXACTO,1
00003362,2025,5,3,1,DUPLICADO_EXACTO,2
00003362,2026,6,3,1,DUPLICADO_EXACTO,2
00003362,2026,7,2,1,DUPLICADO_EXACTO,1
00003363,2020,2,2,1,DUPLICADO_EXACTO,1
00003363,2020,6,2,1,DUPLICADO_EXACTO,1
00003363,2020,8,2,1,DUPLICADO_EXACTO,1
00003363,2021,7,2,1,DUPLICADO_EXACTO,1
00003363,2021,10,2,1,DUPLICADO_EXACTO,1
00003363,2023,8,3,1,DUPLICADO_EXACTO,2
00003363,2024,2,2,1,DUPLICADO_EXACTO,1
00003363,2025,5,3,1,DUPLICADO_EXACTO,2
00003363,2026,6,3,1,DUPLICADO_EXACTO,2
00003363,2026,7,2,1,DUPLICADO_EXACTO,1
00003364,2020,4,3,1,DUPLICADO_EXACTO,2
00003364,2024,1,2,1,DUPLICADO_EXACTO,1
00003364,2024,10,2,1,DUPLICADO_EXACTO,1
00003364,2024,12,2,1,DUPLICADO_EXACTO,1
00003364,2025,1,2,1,DUPLICADO_EXACTO,1
00003364,2025,8,2,1,DUPLICADO_EXACTO,1
00003365,2024,1,2,1,DUPLICADO_EXACTO,1
00003365,2024,10,2,1,DUPLICADO_EXACTO,1
00003365,2024,12,2,1,DUPLICADO_EXACTO,1
00003366,2024,1,2,1,DUPLICADO_EXACTO,1
00003366,2024,10,2,1,DUPLICADO_EXACTO,1
00003366,2024,12,2,1,DUPLICADO_EXACTO,1
00003367,2024,1,2,1,DUPLICADO_EXACTO,1
00003367,2024,10,2,1,DUPLICADO_EXACTO,1
00003367,2024,12,2,1,DUPLICADO_EXACTO,1
00003368,2024,1,2,1,DUPLICADO_EXACTO,1
00003368,2024,10,2,1,DUPLICADO_EXACTO,1
00003368,2024,12,2,1,DUPLICADO_EXACTO,1
00003370,2020,2,2,1,DUPLICADO_EXACTO,1
00003370,2020,4,2,1,DUPLICADO_EXACTO,1
00003370,2020,11,2,1,DUPLICADO_EXACTO,1
00003370,2022,6,2,1,DUPLICADO_EXACTO,1
00003370,2022,8,2,1,DUPLICADO_EXACTO,1
00003370,2022,10,2,1,DUPLICADO_EXACTO,1
00003370,2022,11,3,1,DUPLICADO_EXACTO,2
00003370,2022,12,2,1,DUPLICADO_EXACTO,1
00003370,2024,10,3,1,DUPLICADO_EXACTO,2
00003370,2026,2,2,1,DUPLICADO_EXACTO,1
00003371,2020,2,2,1,DUPLICADO_EXACTO,1
00003371,2020,4,2,1,DUPLICADO_EXACTO,1
00003371,2020,11,2,1,DUPLICADO_EXACTO,1
00003371,2022,6,2,1,DUPLICADO_EXACTO,1
00003371,2022,8,2,1,DUPLICADO_EXACTO,1
00003371,2022,10,2,1,DUPLICADO_EXACTO,1
00003371,2022,11,3,1,DUPLICADO_EXACTO,2
00003371,2022,12,2,1,DUPLICADO_EXACTO,1
00003371,2023,10,2,1,DUPLICADO_EXACTO,1
00003371,2026,2,2,1,DUPLICADO_EXACTO,1
00003372,2020,2,2,1,DUPLICADO_EXACTO,1
00003372,2020,11,2,1,DUPLICADO_EXACTO,1
00003372,2022,6,2,1,DUPLICADO_EXACTO,1
00003372,2022,10,2,1,DUPLICADO_EXACTO,1
00003372,2022,11,3,1,DUPLICADO_EXACTO,2
00003372,2022,12,2,1,DUPLICADO_EXACTO,1
00003372,2023,10,2,1,DUPLICADO_EXACTO,1
00003372,2024,10,3,1,DUPLICADO_EXACTO,2
00003373,2020,2,2,1,DUPLICADO_EXACTO,1
00003373,2024,11,2,1,DUPLICADO_EXACTO,1
00003374,2020,2,2,1,DUPLICADO_EXACTO,1
00003375,2025,1,3,1,DUPLICADO_EXACTO,2
00003375,2025,12,2,1,DUPLICADO_EXACTO,1
00003375,2026,1,2,1,DUPLICADO_EXACTO,1
00003376,2024,4,2,1,DUPLICADO_EXACTO,1
00003376,2025,1,3,1,DUPLICADO_EXACTO,2
00003376,2026,1,2,1,DUPLICADO_EXACTO,1
00003377,2024,4,2,1,DUPLICADO_EXACTO,1
00003377,2025,1,3,1,DUPLICADO_EXACTO,2
00003377,2026,1,2,1,DUPLICADO_EXACTO,1
00003378,2020,2,2,1,DUPLICADO_EXACTO,1
00003378,2020,6,2,1,DUPLICADO_EXACTO,1
00003378,2020,8,2,1,DUPLICADO_EXACTO,1
00003378,2023,8,4,1,DUPLICADO_EXACTO,3
00003378,2024,2,2,1,DUPLICADO_EXACTO,1
00003378,2025,5,3,1,DUPLICADO_EXACTO,2
00003378,2026,6,3,1,DUPLICADO_EXACTO,2
00003378,2026,7,2,1,DUPLICADO_EXACTO,1
00003379,2020,6,2,1,DUPLICADO_EXACTO,1
00003379,2020,8,2,1,DUPLICADO_EXACTO,1
00003379,2021,7,2,1,DUPLICADO_EXACTO,1
00003379,2021,10,2,1,DUPLICADO_EXACTO,1
00003379,2023,8,4,1,DUPLICADO_EXACTO,3
00003379,2024,2,2,1,DUPLICADO_EXACTO,1
00003379,2025,5,3,1,DUPLICADO_EXACTO,2
00003379,2026,6,3,1,DUPLICADO_EXACTO,2
00003379,2026,7,2,1,DUPLICADO_EXACTO,1
00003380,2020,6,2,1,DUPLICADO_EXACTO,1
00003380,2021,7,2,1,DUPLICADO_EXACTO,1
00003380,2021,10,2,1,DUPLICADO_EXACTO,1
00003380,2023,8,4,1,DUPLICADO_EXACTO,3
00003380,2024,2,2,1,DUPLICADO_EXACTO,1
00003380,2025,5,3,1,DUPLICADO_EXACTO,2
00003380,2026,6,3,1,DUPLICADO_EXACTO,2
00003380,2026,7,2,1,DUPLICADO_EXACTO,1
00003381,2020,4,3,1,DUPLICADO_EXACTO,2
00003381,2024,1,2,1,DUPLICADO_EXACTO,1
00003381,2024,10,2,1,DUPLICADO_EXACTO,1
00003381,2024,12,2,1,DUPLICADO_EXACTO,1
00003381,2025,1,2,1,DUPLICADO_EXACTO,1
00003381,2025,8,2,1,DUPLICADO_EXACTO,1
00003381,2026,6,2,1,DUPLICADO_EXACTO,1
00003382,2020,2,2,1,DUPLICADO_EXACTO,1
00003382,2020,6,2,1,DUPLICADO_EXACTO,1
00003382,2020,8,2,1,DUPLICADO_EXACTO,1
00003382,2021,7,2,1,DUPLICADO_EXACTO,1
00003382,2021,10,2,1,DUPLICADO_EXACTO,1
00003382,2023,8,4,1,DUPLICADO_EXACTO,3
00003382,2024,2,2,1,DUPLICADO_EXACTO,1
00003382,2025,5,3,1,DUPLICADO_EXACTO,2
00003382,2026,6,3,1,DUPLICADO_EXACTO,2
00003382,2026,7,2,1,DUPLICADO_EXACTO,1
00003383,2020,8,2,1,DUPLICADO_EXACTO,1
00003383,2021,7,2,1,DUPLICADO_EXACTO,1
00003383,2021,10,2,1,DUPLICADO_EXACTO,1
00003383,2026,6,3,1,DUPLICADO_EXACTO,2
00003384,2020,8,2,1,DUPLICADO_EXACTO,1
00003384,2021,7,2,1,DUPLICADO_EXACTO,1
00003384,2021,10,2,1,DUPLICADO_EXACTO,1
00003384,2023,8,3,1,DUPLICADO_EXACTO,2
00003384,2025,5,3,1,DUPLICADO_EXACTO,2
00003384,2026,7,2,1,DUPLICADO_EXACTO,1
00003385,2024,1,2,1,DUPLICADO_EXACTO,1
00003385,2024,12,2,1,DUPLICADO_EXACTO,1
00003385,2025,1,2,1,DUPLICADO_EXACTO,1
00003385,2025,8,2,1,DUPLICADO_EXACTO,1
00003385,2026,1,3,1,DUPLICADO_EXACTO,2
00003385,2026,6,2,1,DUPLICADO_EXACTO,1
00003386,2020,4,3,1,DUPLICADO_EXACTO,2
00003386,2024,1,2,1,DUPLICADO_EXACTO,1
00003386,2025,8,2,1,DUPLICADO_EXACTO,1
00003386,2026,6,2,1,DUPLICADO_EXACTO,1
00003387,2020,4,3,1,DUPLICADO_EXACTO,2
00003387,2024,10,2,1,DUPLICADO_EXACTO,1
00003387,2024,12,2,1,DUPLICADO_EXACTO,1
00003387,2025,1,2,1,DUPLICADO_EXACTO,1
00003388,2024,1,2,1,DUPLICADO_EXACTO,1
00003388,2024,10,2,1,DUPLICADO_EXACTO,1
00003388,2024,12,2,1,DUPLICADO_EXACTO,1
00003389,2024,10,2,1,DUPLICADO_EXACTO,1
00003389,2024,12,2,1,DUPLICADO_EXACTO,1
00003390,2024,1,2,1,DUPLICADO_EXACTO,1
00003390,2024,10,2,1,DUPLICADO_EXACTO,1
00003390,2024,12,2,1,DUPLICADO_EXACTO,1
00003391,2024,1,2,1,DUPLICADO_EXACTO,1
00003391,2024,10,2,1,DUPLICADO_EXACTO,1
00003391,2024,12,2,1,DUPLICADO_EXACTO,1
00003392,2024,1,2,1,DUPLICADO_EXACTO,1
00003392,2024,10,2,1,DUPLICADO_EXACTO,1
00003392,2024,12,2,1,DUPLICADO_EXACTO,1
00003393,2026,7,2,1,DUPLICADO_EXACTO,1
00003394,2019,12,3,1,DUPLICADO_EXACTO,2
00003395,2019,12,3,1,DUPLICADO_EXACTO,2
00003396,2024,1,2,1,DUPLICADO_EXACTO,1
00003398,2019,12,2,1,DUPLICADO_EXACTO,1
00003400,2019,10,2,1,DUPLICADO_EXACTO,1
00003401,2020,2,2,1,DUPLICADO_EXACTO,1
00003401,2020,4,2,1,DUPLICADO_EXACTO,1
00003401,2020,11,2,1,DUPLICADO_EXACTO,1
00003401,2022,6,2,1,DUPLICADO_EXACTO,1
00003401,2022,8,2,1,DUPLICADO_EXACTO,1
00003401,2022,10,2,1,DUPLICADO_EXACTO,1
00003401,2022,11,3,1,DUPLICADO_EXACTO,2
00003401,2022,12,2,1,DUPLICADO_EXACTO,1
00003401,2023,10,2,1,DUPLICADO_EXACTO,1
00003401,2024,10,3,1,DUPLICADO_EXACTO,2
00003401,2026,2,2,1,DUPLICADO_EXACTO,1
00003402,2020,2,2,1,DUPLICADO_EXACTO,1
00003402,2020,4,2,1,DUPLICADO_EXACTO,1
00003402,2020,11,2,1,DUPLICADO_EXACTO,1
00003402,2022,6,2,1,DUPLICADO_EXACTO,1
00003402,2022,8,2,1,DUPLICADO_EXACTO,1
00003402,2022,10,2,1,DUPLICADO_EXACTO,1
00003402,2022,11,3,1,DUPLICADO_EXACTO,2
00003402,2022,12,2,1,DUPLICADO_EXACTO,1
00003403,2020,2,2,1,DUPLICADO_EXACTO,1
00003403,2020,4,2,1,DUPLICADO_EXACTO,1
00003403,2020,11,2,1,DUPLICADO_EXACTO,1
00003403,2022,6,2,1,DUPLICADO_EXACTO,1
00003403,2022,8,2,1,DUPLICADO_EXACTO,1
00003403,2022,10,2,1,DUPLICADO_EXACTO,1
00003403,2022,11,3,1,DUPLICADO_EXACTO,2
00003403,2022,12,2,1,DUPLICADO_EXACTO,1
00003403,2023,10,2,1,DUPLICADO_EXACTO,1
00003403,2024,10,3,1,DUPLICADO_EXACTO,2
00003403,2026,2,2,1,DUPLICADO_EXACTO,1
00003404,2020,2,2,1,DUPLICADO_EXACTO,1
00003404,2020,4,2,1,DUPLICADO_EXACTO,1
00003404,2020,11,2,1,DUPLICADO_EXACTO,1
00003404,2022,6,2,1,DUPLICADO_EXACTO,1
00003404,2022,8,2,1,DUPLICADO_EXACTO,1
00003404,2022,10,2,1,DUPLICADO_EXACTO,1
00003404,2022,11,3,1,DUPLICADO_EXACTO,2
00003404,2022,12,2,1,DUPLICADO_EXACTO,1
00003404,2023,10,2,1,DUPLICADO_EXACTO,1
00003404,2024,10,3,1,DUPLICADO_EXACTO,2
00003404,2026,2,2,1,DUPLICADO_EXACTO,1
00003405,2020,2,2,1,DUPLICADO_EXACTO,1
00003405,2020,4,2,1,DUPLICADO_EXACTO,1
00003405,2020,11,2,1,DUPLICADO_EXACTO,1
00003405,2022,6,2,1,DUPLICADO_EXACTO,1
00003405,2022,8,2,1,DUPLICADO_EXACTO,1
00003405,2022,10,2,1,DUPLICADO_EXACTO,1
00003405,2022,11,3,1,DUPLICADO_EXACTO,2
00003405,2022,12,2,1,DUPLICADO_EXACTO,1
00003405,2023,10,2,1,DUPLICADO_EXACTO,1
00003405,2024,10,3,1,DUPLICADO_EXACTO,2
00003405,2026,2,2,1,DUPLICADO_EXACTO,1
00003406,2020,2,2,1,DUPLICADO_EXACTO,1
00003406,2020,4,2,1,DUPLICADO_EXACTO,1
00003406,2020,11,2,1,DUPLICADO_EXACTO,1
00003406,2022,8,2,1,DUPLICADO_EXACTO,1
00003406,2022,10,2,1,DUPLICADO_EXACTO,1
00003406,2022,11,3,1,DUPLICADO_EXACTO,2
00003406,2022,12,2,1,DUPLICADO_EXACTO,1
00003406,2023,10,2,1,DUPLICADO_EXACTO,1
00003406,2024,10,3,1,DUPLICADO_EXACTO,2
00003406,2026,2,2,1,DUPLICADO_EXACTO,1
00003407,2022,6,2,1,DUPLICADO_EXACTO,1
00003407,2022,8,2,1,DUPLICADO_EXACTO,1
00003407,2023,10,2,1,DUPLICADO_EXACTO,1
00003407,2024,10,3,1,DUPLICADO_EXACTO,2
00003408,2020,2,2,1,DUPLICADO_EXACTO,1
00003408,2024,11,2,1,DUPLICADO_EXACTO,1
00003409,2024,11,2,1,DUPLICADO_EXACTO,1
00003410,2020,2,2,1,DUPLICADO_EXACTO,1
00003410,2024,11,2,1,DUPLICADO_EXACTO,1
00003411,2020,2,2,1,DUPLICADO_EXACTO,1
00003412,2020,2,2,1,DUPLICADO_EXACTO,1
00003413,2019,11,2,1,DUPLICADO_EXACTO,1
00003413,2020,2,2,1,DUPLICADO_EXACTO,1
00003414,2019,12,7,1,DUPLICADO_EXACTO,6
00003495,2020,1,5,1,DUPLICADO_EXACTO,4
00003495,2020,8,4,1,DUPLICADO_EXACTO,3
00003495,2020,10,2,1,DUPLICADO_EXACTO,1
00003495,2024,11,2,1,DUPLICADO_EXACTO,1
00003495,2024,12,2,1,DUPLICADO_EXACTO,1
00003495,2025,10,2,1,DUPLICADO_EXACTO,1
00003495,2026,7,2,1,DUPLICADO_EXACTO,1
00003496,2020,1,5,1,DUPLICADO_EXACTO,4
00003496,2020,8,4,1,DUPLICADO_EXACTO,3
00003496,2020,10,2,1,DUPLICADO_EXACTO,1
00003496,2024,11,2,1,DUPLICADO_EXACTO,1
00003496,2024,12,2,1,DUPLICADO_EXACTO,1
00003496,2025,10,2,1,DUPLICADO_EXACTO,1
00003496,2026,7,2,1,DUPLICADO_EXACTO,1
00003497,2020,1,5,1,DUPLICADO_EXACTO,4
00003497,2020,8,4,1,DUPLICADO_EXACTO,3
00003497,2024,11,2,1,DUPLICADO_EXACTO,1
00003497,2024,12,2,1,DUPLICADO_EXACTO,1
00003497,2025,10,2,1,DUPLICADO_EXACTO,1
00003497,2026,7,2,1,DUPLICADO_EXACTO,1
00003498,2020,1,5,1,DUPLICADO_EXACTO,4
00003498,2020,8,4,1,DUPLICADO_EXACTO,3
00003498,2024,11,2,1,DUPLICADO_EXACTO,1
00003498,2024,12,2,1,DUPLICADO_EXACTO,1
00003498,2025,10,2,1,DUPLICADO_EXACTO,1
00003498,2026,7,2,1,DUPLICADO_EXACTO,1
00003499,2020,1,5,1,DUPLICADO_EXACTO,4
00003499,2020,8,4,1,DUPLICADO_EXACTO,3
00003499,2024,11,2,1,DUPLICADO_EXACTO,1
00003499,2024,12,2,1,DUPLICADO_EXACTO,1
00003499,2025,10,2,1,DUPLICADO_EXACTO,1
00003499,2026,7,2,1,DUPLICADO_EXACTO,1
00003500,2020,1,2,1,DUPLICADO_EXACTO,1
00003500,2020,7,2,1,DUPLICADO_EXACTO,1
00003500,2024,9,2,1,DUPLICADO_EXACTO,1
00003500,2026,7,2,1,DUPLICADO_EXACTO,1
00003502,2020,7,2,1,DUPLICADO_EXACTO,1
00003502,2024,9,2,1,DUPLICADO_EXACTO,1
00003503,2020,1,2,1,DUPLICADO_EXACTO,1
00003503,2020,7,2,1,DUPLICADO_EXACTO,1
00003503,2024,9,2,1,DUPLICADO_EXACTO,1
00003503,2026,7,2,1,DUPLICADO_EXACTO,1
00003504,2020,1,2,1,DUPLICADO_EXACTO,1
00003504,2020,7,2,1,DUPLICADO_EXACTO,1
00003504,2024,9,2,1,DUPLICADO_EXACTO,1
00003504,2026,7,2,1,DUPLICADO_EXACTO,1
00003505,2020,1,2,1,DUPLICADO_EXACTO,1
00003505,2020,7,2,1,DUPLICADO_EXACTO,1
00003505,2024,9,2,1,DUPLICADO_EXACTO,1
00003505,2026,7,2,1,DUPLICADO_EXACTO,1
00003506,2020,1,5,1,DUPLICADO_EXACTO,4
00003506,2024,11,2,1,DUPLICADO_EXACTO,1
00003506,2024,12,2,1,DUPLICADO_EXACTO,1
00003507,2020,8,4,1,DUPLICADO_EXACTO,3
00003507,2024,11,2,1,DUPLICADO_EXACTO,1
00003507,2025,10,2,1,DUPLICADO_EXACTO,1
00003507,2026,7,2,1,DUPLICADO_EXACTO,1
00003508,2020,1,2,1,DUPLICADO_EXACTO,1
00003508,2020,8,4,1,DUPLICADO_EXACTO,3
00003508,2024,11,2,1,DUPLICADO_EXACTO,1
00003508,2024,12,2,1,DUPLICADO_EXACTO,1
00003508,2025,10,2,1,DUPLICADO_EXACTO,1
00003508,2026,7,2,1,DUPLICADO_EXACTO,1
00003509,2020,1,2,1,DUPLICADO_EXACTO,1
00003509,2026,7,2,1,DUPLICADO_EXACTO,1
00003510,2020,1,2,1,DUPLICADO_EXACTO,1
00003510,2020,7,2,1,DUPLICADO_EXACTO,1
00003510,2024,9,2,1,DUPLICADO_EXACTO,1
00003510,2026,7,2,1,DUPLICADO_EXACTO,1
00003511,2020,1,2,1,DUPLICADO_EXACTO,1
00003511,2020,7,2,1,DUPLICADO_EXACTO,1
00003511,2024,9,2,1,DUPLICADO_EXACTO,1
00003511,2026,7,2,1,DUPLICADO_EXACTO,1
00003512,2020,1,2,1,DUPLICADO_EXACTO,1
00003512,2020,7,2,1,DUPLICADO_EXACTO,1
00003512,2024,9,2,1,DUPLICADO_EXACTO,1
00003512,2026,7,2,1,DUPLICADO_EXACTO,1
00003545,2020,8,2,1,DUPLICADO_EXACTO,1
00003546,2020,8,2,1,DUPLICADO_EXACTO,1
00003547,2020,8,2,1,DUPLICADO_EXACTO,1
00003548,2020,8,2,1,DUPLICADO_EXACTO,1
00003550,2020,1,2,1,DUPLICADO_EXACTO,1
00003550,2020,8,5,1,DUPLICADO_EXACTO,4
00003550,2022,1,2,1,DUPLICADO_EXACTO,1
00003560,2025,8,4,1,DUPLICADO_EXACTO,3
00003561,2025,8,4,1,DUPLICADO_EXACTO,3
00003562,2025,8,4,1,DUPLICADO_EXACTO,3
00003563,2019,12,2,1,DUPLICADO_EXACTO,1
00003567,2019,8,2,1,DUPLICADO_EXACTO,1
00003576,2021,6,2,1,DUPLICADO_EXACTO,1
00003576,2021,8,2,1,DUPLICADO_EXACTO,1
00003576,2024,9,2,1,DUPLICADO_EXACTO,1
00003576,2025,3,2,1,DUPLICADO_EXACTO,1
00003576,2025,10,3,1,DUPLICADO_EXACTO,2
00003576,2026,1,2,1,DUPLICADO_EXACTO,1
00003576,2026,7,2,1,DUPLICADO_EXACTO,1
00003584,2025,1,2,1,DUPLICADO_EXACTO,1
00003585,2025,1,2,1,DUPLICADO_EXACTO,1
00003587,2025,1,2,1,DUPLICADO_EXACTO,1
00003588,2025,1,2,1,DUPLICADO_EXACTO,1
00003589,2020,1,10,1,DUPLICADO_EXACTO,9
00003589,2020,6,2,1,DUPLICADO_EXACTO,1
00003589,2022,7,3,1,DUPLICADO_EXACTO,2
00003589,2022,9,2,1,DUPLICADO_EXACTO,1
00003589,2022,12,4,1,DUPLICADO_EXACTO,3
00003589,2024,1,2,1,DUPLICADO_EXACTO,1
00003589,2026,4,2,1,DUPLICADO_EXACTO,1
00003590,2020,6,2,1,DUPLICADO_EXACTO,1
00003590,2022,7,2,1,DUPLICADO_EXACTO,1
00003590,2022,9,2,1,DUPLICADO_EXACTO,1
00003590,2024,1,2,1,DUPLICADO_EXACTO,1
00003591,2020,1,10,1,DUPLICADO_EXACTO,9
00003591,2020,6,2,1,DUPLICADO_EXACTO,1
00003591,2022,7,3,1,DUPLICADO_EXACTO,2
00003591,2022,9,2,1,DUPLICADO_EXACTO,1
00003591,2022,11,2,1,DUPLICADO_EXACTO,1
00003591,2022,12,4,1,DUPLICADO_EXACTO,3
00003591,2026,4,2,1,DUPLICADO_EXACTO,1
00003592,2022,12,2,1,DUPLICADO_EXACTO,1
00003592,2024,1,2,1,DUPLICADO_EXACTO,1
00003592,2026,4,2,1,DUPLICADO_EXACTO,1
00003593,2020,6,2,1,DUPLICADO_EXACTO,1
00003593,2022,7,3,1,DUPLICADO_EXACTO,2
00003593,2022,9,2,1,DUPLICADO_EXACTO,1
00003593,2022,11,2,1,DUPLICADO_EXACTO,1
00003593,2022,12,4,1,DUPLICADO_EXACTO,3
00003593,2024,1,2,1,DUPLICADO_EXACTO,1
00003593,2026,4,2,1,DUPLICADO_EXACTO,1
00003598,2021,9,3,1,DUPLICADO_EXACTO,2
00003600,2021,9,3,1,DUPLICADO_EXACTO,2
00003602,2020,1,2,1,DUPLICADO_EXACTO,1
00003603,2020,1,2,1,DUPLICADO_EXACTO,1
00003604,2019,8,3,1,DUPLICADO_EXACTO,2
00003604,2020,1,2,1,DUPLICADO_EXACTO,1
00003606,2022,1,2,1,DUPLICADO_EXACTO,1
00003606,2023,5,2,1,DUPLICADO_EXACTO,1
00003608,2020,1,2,1,DUPLICADO_EXACTO,1
00003608,2020,8,5,1,DUPLICADO_EXACTO,4
00003608,2022,1,2,1,DUPLICADO_EXACTO,1
00003608,2023,5,2,1,DUPLICADO_EXACTO,1
00003608,2024,1,6,1,DUPLICADO_EXACTO,5
00003609,2020,1,2,1,DUPLICADO_EXACTO,1
00003609,2022,1,2,1,DUPLICADO_EXACTO,1
00003610,2020,1,2,1,DUPLICADO_EXACTO,1
00003610,2020,8,5,1,DUPLICADO_EXACTO,4
00003610,2022,1,2,1,DUPLICADO_EXACTO,1
00003610,2023,5,2,1,DUPLICADO_EXACTO,1
00003610,2024,1,6,1,DUPLICADO_EXACTO,5
00003611,2020,1,2,1,DUPLICADO_EXACTO,1
00003611,2020,8,5,1,DUPLICADO_EXACTO,4
00003612,2020,1,2,1,DUPLICADO_EXACTO,1
00003612,2020,8,5,1,DUPLICADO_EXACTO,4
00003612,2022,1,2,1,DUPLICADO_EXACTO,1
00003612,2023,5,2,1,DUPLICADO_EXACTO,1
00003613,2019,9,2,1,DUPLICADO_EXACTO,1
00003613,2020,1,2,1,DUPLICADO_EXACTO,1
00003613,2020,8,5,1,DUPLICADO_EXACTO,4
00003613,2022,1,2,1,DUPLICADO_EXACTO,1
00003613,2023,5,2,1,DUPLICADO_EXACTO,1
00003614,2020,3,2,1,DUPLICADO_EXACTO,1
00003614,2021,2,2,1,DUPLICADO_EXACTO,1
00003614,2025,9,5,1,DUPLICADO_EXACTO,4
00003616,2019,12,2,1,DUPLICADO_EXACTO,1
00003616,2020,3,2,1,DUPLICADO_EXACTO,1
00003616,2021,2,2,1,DUPLICADO_EXACTO,1
00003616,2025,9,5,1,DUPLICADO_EXACTO,4
00003617,2019,11,2,1,DUPLICADO_EXACTO,1
00003617,2020,3,2,1,DUPLICADO_EXACTO,1
00003617,2021,2,2,1,DUPLICADO_EXACTO,1
00003617,2025,9,5,1,DUPLICADO_EXACTO,4
00003618,2020,3,2,1,DUPLICADO_EXACTO,1
00003618,2021,2,2,1,DUPLICADO_EXACTO,1
00003619,2020,3,2,1,DUPLICADO_EXACTO,1
00003619,2021,2,2,1,DUPLICADO_EXACTO,1
00003619,2025,9,5,1,DUPLICADO_EXACTO,4
00003620,2025,9,5,1,DUPLICADO_EXACTO,4
00003622,2020,7,2,1,DUPLICADO_EXACTO,1
00003622,2022,5,5,1,DUPLICADO_EXACTO,4
00003622,2022,10,2,1,DUPLICADO_EXACTO,1
00003622,2025,1,3,1,DUPLICADO_EXACTO,2
00003625,2020,7,2,1,DUPLICADO_EXACTO,1
00003625,2022,10,2,1,DUPLICADO_EXACTO,1
00003625,2025,1,3,1,DUPLICADO_EXACTO,2
00003627,2020,7,2,1,DUPLICADO_EXACTO,1
00003627,2022,10,2,1,DUPLICADO_EXACTO,1
00003627,2025,1,3,1,DUPLICADO_EXACTO,2
00003628,2020,7,2,1,DUPLICADO_EXACTO,1
00003628,2022,5,5,1,DUPLICADO_EXACTO,4
00003628,2022,10,2,1,DUPLICADO_EXACTO,1
00003628,2025,1,3,1,DUPLICADO_EXACTO,2
00003634,2019,6,2,1,DUPLICADO_EXACTO,1
00003636,2020,1,3,1,DUPLICADO_EXACTO,2
00003636,2020,4,3,1,DUPLICADO_EXACTO,2
00003636,2020,7,3,1,DUPLICADO_EXACTO,2
00003636,2020,11,2,1,DUPLICADO_EXACTO,1
00003636,2023,3,2,1,DUPLICADO_EXACTO,1
00003636,2024,3,2,1,DUPLICADO_EXACTO,1
00003637,2020,7,3,1,DUPLICADO_EXACTO,2
00003637,2020,11,2,1,DUPLICADO_EXACTO,1
00003637,2023,1,3,1,DUPLICADO_EXACTO,2
00003637,2023,2,2,1,DUPLICADO_EXACTO,1
00003637,2023,3,2,1,DUPLICADO_EXACTO,1
00003637,2024,3,2,1,DUPLICADO_EXACTO,1
00003638,2020,1,3,1,DUPLICADO_EXACTO,2
00003638,2020,4,3,1,DUPLICADO_EXACTO,2
00003638,2020,7,3,1,DUPLICADO_EXACTO,2
00003638,2020,11,2,1,DUPLICADO_EXACTO,1
00003638,2023,1,3,1,DUPLICADO_EXACTO,2
00003638,2023,2,2,1,DUPLICADO_EXACTO,1
00003638,2023,3,2,1,DUPLICADO_EXACTO,1
00003638,2024,3,2,1,DUPLICADO_EXACTO,1
00003639,2020,1,3,1,DUPLICADO_EXACTO,2
00003639,2020,4,3,1,DUPLICADO_EXACTO,2
00003639,2020,7,3,1,DUPLICADO_EXACTO,2
00003639,2020,11,2,1,DUPLICADO_EXACTO,1
00003639,2023,1,3,1,DUPLICADO_EXACTO,2
00003639,2023,2,2,1,DUPLICADO_EXACTO,1
00003639,2023,3,2,1,DUPLICADO_EXACTO,1
00003639,2024,3,2,1,DUPLICADO_EXACTO,1
00003641,2020,1,3,1,DUPLICADO_EXACTO,2
00003641,2020,4,3,1,DUPLICADO_EXACTO,2
00003641,2020,7,3,1,DUPLICADO_EXACTO,2
00003641,2020,11,2,1,DUPLICADO_EXACTO,1
00003641,2023,1,3,1,DUPLICADO_EXACTO,2
00003641,2023,2,2,1,DUPLICADO_EXACTO,1
00003641,2023,3,2,1,DUPLICADO_EXACTO,1
00003641,2024,3,2,1,DUPLICADO_EXACTO,1
00003642,2020,1,3,1,DUPLICADO_EXACTO,2
00003642,2020,4,3,1,DUPLICADO_EXACTO,2
00003642,2020,7,3,1,DUPLICADO_EXACTO,2
00003642,2020,11,2,1,DUPLICADO_EXACTO,1
00003642,2023,1,3,1,DUPLICADO_EXACTO,2
00003642,2023,2,2,1,DUPLICADO_EXACTO,1
00003642,2023,3,2,1,DUPLICADO_EXACTO,1
00003642,2024,3,2,1,DUPLICADO_EXACTO,1
00003643,2020,4,3,1,DUPLICADO_EXACTO,2
00003643,2020,11,2,1,DUPLICADO_EXACTO,1
00003643,2023,3,2,1,DUPLICADO_EXACTO,1
00003644,2020,1,3,1,DUPLICADO_EXACTO,2
00003644,2020,4,3,1,DUPLICADO_EXACTO,2
00003644,2023,1,3,1,DUPLICADO_EXACTO,2
00003644,2023,2,2,1,DUPLICADO_EXACTO,1
00003644,2023,3,2,1,DUPLICADO_EXACTO,1
00003644,2024,3,2,1,DUPLICADO_EXACTO,1
00003645,2020,1,3,1,DUPLICADO_EXACTO,2
00003645,2020,4,3,1,DUPLICADO_EXACTO,2
00003645,2020,7,3,1,DUPLICADO_EXACTO,2
00003645,2020,11,2,1,DUPLICADO_EXACTO,1
00003645,2023,1,3,1,DUPLICADO_EXACTO,2
00003645,2023,2,2,1,DUPLICADO_EXACTO,1
00003645,2023,3,2,1,DUPLICADO_EXACTO,1
00003645,2024,3,2,1,DUPLICADO_EXACTO,1
00003646,2020,1,3,1,DUPLICADO_EXACTO,2
00003646,2020,4,3,1,DUPLICADO_EXACTO,2
00003646,2020,7,3,1,DUPLICADO_EXACTO,2
00003646,2020,11,2,1,DUPLICADO_EXACTO,1
00003646,2023,1,3,1,DUPLICADO_EXACTO,2
00003646,2023,2,2,1,DUPLICADO_EXACTO,1
00003646,2024,3,2,1,DUPLICADO_EXACTO,1
00003719,2020,2,2,1,DUPLICADO_EXACTO,1
00003719,2020,9,4,1,DUPLICADO_EXACTO,3
00003719,2022,1,3,1,DUPLICADO_EXACTO,2
00003719,2022,3,4,1,DUPLICADO_EXACTO,3
00003719,2022,11,3,1,DUPLICADO_EXACTO,2
00003719,2023,3,3,1,DUPLICADO_EXACTO,2
00003719,2023,10,3,1,DUPLICADO_EXACTO,2
00003719,2025,4,3,1,DUPLICADO_EXACTO,2
00003719,2025,7,3,1,DUPLICADO_EXACTO,2
00003719,2025,8,4,1,DUPLICADO_EXACTO,3
00003756,2026,5,2,1,DUPLICADO_EXACTO,1
00003773,2026,7,2,1,DUPLICADO_EXACTO,1
00003774,2026,7,2,1,DUPLICADO_EXACTO,1
00003777,2026,7,2,1,DUPLICADO_EXACTO,1
00003778,2026,7,2,1,DUPLICADO_EXACTO,1
00003802,2020,2,2,1,DUPLICADO_EXACTO,1
00003802,2020,9,4,1,DUPLICADO_EXACTO,3
00003802,2022,1,3,1,DUPLICADO_EXACTO,2
00003802,2022,3,4,1,DUPLICADO_EXACTO,3
00003802,2022,11,3,1,DUPLICADO_EXACTO,2
00003802,2023,3,3,1,DUPLICADO_EXACTO,2
00003802,2023,10,3,1,DUPLICADO_EXACTO,2
00003802,2025,4,3,1,DUPLICADO_EXACTO,2
00003802,2025,7,3,1,DUPLICADO_EXACTO,2
00003802,2025,8,4,1,DUPLICADO_EXACTO,3
00003803,2020,2,2,1,DUPLICADO_EXACTO,1
00003803,2020,9,4,1,DUPLICADO_EXACTO,3
00003803,2022,1,3,1,DUPLICADO_EXACTO,2
00003803,2022,3,4,1,DUPLICADO_EXACTO,3
00003803,2022,11,3,1,DUPLICADO_EXACTO,2
00003803,2023,3,3,1,DUPLICADO_EXACTO,2
00003803,2023,10,3,1,DUPLICADO_EXACTO,2
00003803,2025,4,3,1,DUPLICADO_EXACTO,2
00003803,2025,7,3,1,DUPLICADO_EXACTO,2
00003803,2025,8,4,1,DUPLICADO_EXACTO,3
00003804,2020,2,2,1,DUPLICADO_EXACTO,1
00003804,2020,9,4,1,DUPLICADO_EXACTO,3
00003804,2022,1,3,1,DUPLICADO_EXACTO,2
00003804,2022,3,4,1,DUPLICADO_EXACTO,3
00003804,2022,11,3,1,DUPLICADO_EXACTO,2
00003804,2023,3,3,1,DUPLICADO_EXACTO,2
00003804,2023,10,3,1,DUPLICADO_EXACTO,2
00003804,2025,4,3,1,DUPLICADO_EXACTO,2
00003804,2025,7,3,1,DUPLICADO_EXACTO,2
00003804,2025,8,4,1,DUPLICADO_EXACTO,3
00003805,2022,1,3,1,DUPLICADO_EXACTO,2
00003805,2022,3,4,1,DUPLICADO_EXACTO,3
00003805,2022,11,3,1,DUPLICADO_EXACTO,2
00003805,2023,3,3,1,DUPLICADO_EXACTO,2
00003805,2023,10,3,1,DUPLICADO_EXACTO,2
00003805,2025,4,3,1,DUPLICADO_EXACTO,2
00003805,2025,7,3,1,DUPLICADO_EXACTO,2
00003806,2020,2,2,1,DUPLICADO_EXACTO,1
00003806,2020,9,4,1,DUPLICADO_EXACTO,3
00003806,2022,1,3,1,DUPLICADO_EXACTO,2
00003806,2022,3,4,1,DUPLICADO_EXACTO,3
00003806,2022,11,3,1,DUPLICADO_EXACTO,2
00003806,2023,3,3,1,DUPLICADO_EXACTO,2
00003806,2023,10,3,1,DUPLICADO_EXACTO,2
00003806,2025,7,3,1,DUPLICADO_EXACTO,2
00003806,2025,8,4,1,DUPLICADO_EXACTO,3
00003807,2020,2,2,1,DUPLICADO_EXACTO,1
00003807,2020,9,4,1,DUPLICADO_EXACTO,3
00003807,2022,1,3,1,DUPLICADO_EXACTO,2
00003807,2022,3,4,1,DUPLICADO_EXACTO,3
00003807,2022,11,3,1,DUPLICADO_EXACTO,2
00003807,2023,3,3,1,DUPLICADO_EXACTO,2
00003807,2023,10,3,1,DUPLICADO_EXACTO,2
00003807,2025,4,3,1,DUPLICADO_EXACTO,2
00003807,2025,7,3,1,DUPLICADO_EXACTO,2
00003807,2025,8,4,1,DUPLICADO_EXACTO,3
00003808,2020,2,2,1,DUPLICADO_EXACTO,1
00003808,2020,9,4,1,DUPLICADO_EXACTO,3
00003808,2022,1,3,1,DUPLICADO_EXACTO,2
00003808,2022,3,4,1,DUPLICADO_EXACTO,3
00003808,2022,11,3,1,DUPLICADO_EXACTO,2
00003808,2023,3,3,1,DUPLICADO_EXACTO,2
00003808,2023,10,3,1,DUPLICADO_EXACTO,2
00003808,2025,4,3,1,DUPLICADO_EXACTO,2
00003808,2025,7,3,1,DUPLICADO_EXACTO,2
00003808,2025,8,4,1,DUPLICADO_EXACTO,3
00003809,2020,2,2,1,DUPLICADO_EXACTO,1
00003809,2020,9,4,1,DUPLICADO_EXACTO,3
00003809,2022,1,3,1,DUPLICADO_EXACTO,2
00003809,2022,3,4,1,DUPLICADO_EXACTO,3
00003809,2022,11,3,1,DUPLICADO_EXACTO,2
00003809,2023,3,3,1,DUPLICADO_EXACTO,2
00003809,2023,10,3,1,DUPLICADO_EXACTO,2
00003809,2025,4,3,1,DUPLICADO_EXACTO,2
00003809,2025,7,3,1,DUPLICADO_EXACTO,2
00003809,2025,8,4,1,DUPLICADO_EXACTO,3
00003810,2020,2,2,1,DUPLICADO_EXACTO,1
00003810,2020,9,4,1,DUPLICADO_EXACTO,3
00003810,2022,1,3,1,DUPLICADO_EXACTO,2
00003810,2022,3,4,1,DUPLICADO_EXACTO,3
00003810,2022,11,3,1,DUPLICADO_EXACTO,2
00003810,2023,3,3,1,DUPLICADO_EXACTO,2
00003810,2023,10,3,1,DUPLICADO_EXACTO,2
00003810,2025,4,3,1,DUPLICADO_EXACTO,2
00003810,2025,7,3,1,DUPLICADO_EXACTO,2
00003810,2025,8,4,1,DUPLICADO_EXACTO,3
00003811,2020,2,2,1,DUPLICADO_EXACTO,1
00003811,2020,9,4,1,DUPLICADO_EXACTO,3
00003811,2022,1,3,1,DUPLICADO_EXACTO,2
00003811,2022,3,4,1,DUPLICADO_EXACTO,3
00003811,2022,11,3,1,DUPLICADO_EXACTO,2
00003811,2023,3,3,1,DUPLICADO_EXACTO,2
00003811,2023,10,3,1,DUPLICADO_EXACTO,2
00003811,2025,4,3,1,DUPLICADO_EXACTO,2
00003811,2025,7,3,1,DUPLICADO_EXACTO,2
00003811,2025,8,4,1,DUPLICADO_EXACTO,3
00003812,2020,2,2,1,DUPLICADO_EXACTO,1
00003812,2020,9,4,1,DUPLICADO_EXACTO,3
00003812,2022,1,3,1,DUPLICADO_EXACTO,2
00003812,2022,3,4,1,DUPLICADO_EXACTO,3
00003812,2022,11,3,1,DUPLICADO_EXACTO,2
00003812,2023,3,3,1,DUPLICADO_EXACTO,2
00003812,2023,10,3,1,DUPLICADO_EXACTO,2
00003812,2025,4,3,1,DUPLICADO_EXACTO,2
00003812,2025,7,3,1,DUPLICADO_EXACTO,2
00003812,2025,8,4,1,DUPLICADO_EXACTO,3
00003813,2020,2,2,1,DUPLICADO_EXACTO,1
00003813,2020,9,4,1,DUPLICADO_EXACTO,3
00003813,2022,1,3,1,DUPLICADO_EXACTO,2
00003813,2022,3,4,1,DUPLICADO_EXACTO,3
00003813,2022,11,3,1,DUPLICADO_EXACTO,2
00003813,2023,3,3,1,DUPLICADO_EXACTO,2
00003813,2023,10,3,1,DUPLICADO_EXACTO,2
00003813,2025,4,3,1,DUPLICADO_EXACTO,2
00003813,2025,7,3,1,DUPLICADO_EXACTO,2
00003813,2025,8,4,1,DUPLICADO_EXACTO,3
00003814,2020,2,2,1,DUPLICADO_EXACTO,1
00003814,2020,9,4,1,DUPLICADO_EXACTO,3
00003814,2022,1,3,1,DUPLICADO_EXACTO,2
00003814,2022,3,4,1,DUPLICADO_EXACTO,3
00003814,2022,11,3,1,DUPLICADO_EXACTO,2
00003814,2023,3,3,1,DUPLICADO_EXACTO,2
00003814,2023,10,3,1,DUPLICADO_EXACTO,2
00003814,2025,4,3,1,DUPLICADO_EXACTO,2
00003814,2025,7,3,1,DUPLICADO_EXACTO,2
00003814,2025,8,4,1,DUPLICADO_EXACTO,3
00003815,2020,9,4,1,DUPLICADO_EXACTO,3
00003815,2022,11,3,1,DUPLICADO_EXACTO,2
00003815,2025,4,3,1,DUPLICADO_EXACTO,2
00003815,2025,7,3,1,DUPLICADO_EXACTO,2
00003816,2020,2,2,1,DUPLICADO_EXACTO,1
00003816,2020,9,4,1,DUPLICADO_EXACTO,3
00003816,2022,1,3,1,DUPLICADO_EXACTO,2
00003816,2022,3,4,1,DUPLICADO_EXACTO,3
00003816,2023,3,3,1,DUPLICADO_EXACTO,2
00003816,2023,10,3,1,DUPLICADO_EXACTO,2
00003816,2025,4,3,1,DUPLICADO_EXACTO,2
00003816,2025,7,3,1,DUPLICADO_EXACTO,2
00003816,2025,8,4,1,DUPLICADO_EXACTO,3
00003817,2020,2,2,1,DUPLICADO_EXACTO,1
00003817,2020,9,4,1,DUPLICADO_EXACTO,3
00003817,2022,1,3,1,DUPLICADO_EXACTO,2
00003817,2022,3,4,1,DUPLICADO_EXACTO,3
00003817,2022,11,3,1,DUPLICADO_EXACTO,2
00003817,2023,3,3,1,DUPLICADO_EXACTO,2
00003817,2023,10,3,1,DUPLICADO_EXACTO,2
00003817,2025,4,3,1,DUPLICADO_EXACTO,2
00003817,2025,8,4,1,DUPLICADO_EXACTO,3
00003818,2020,2,2,1,DUPLICADO_EXACTO,1
00003818,2020,9,4,1,DUPLICADO_EXACTO,3
00003818,2022,1,3,1,DUPLICADO_EXACTO,2
00003818,2022,3,4,1,DUPLICADO_EXACTO,3
00003818,2022,11,3,1,DUPLICADO_EXACTO,2
00003818,2023,3,3,1,DUPLICADO_EXACTO,2
00003818,2023,10,3,1,DUPLICADO_EXACTO,2
00003818,2025,4,3,1,DUPLICADO_EXACTO,2
00003818,2025,7,3,1,DUPLICADO_EXACTO,2
00003818,2025,8,4,1,DUPLICADO_EXACTO,3
00003819,2020,3,2,1,DUPLICADO_EXACTO,1
00003819,2020,7,2,1,DUPLICADO_EXACTO,1
00003819,2021,6,2,1,DUPLICADO_EXACTO,1
00003819,2021,8,6,1,DUPLICADO_EXACTO,5
00003819,2021,9,3,1,DUPLICADO_EXACTO,2
00003819,2021,10,2,1,DUPLICADO_EXACTO,1
00003819,2023,7,2,1,DUPLICADO_EXACTO,1
00003819,2023,8,2,1,DUPLICADO_EXACTO,1
00003819,2023,10,2,1,DUPLICADO_EXACTO,1
00003819,2023,11,2,1,DUPLICADO_EXACTO,1
00003819,2024,2,3,1,DUPLICADO_EXACTO,2
00003819,2026,2,2,1,DUPLICADO_EXACTO,1
00003819,2026,3,2,1,DUPLICADO_EXACTO,1
00003819,2026,5,12,1,DUPLICADO_EXACTO,11
00003821,2020,3,2,1,DUPLICADO_EXACTO,1
00003821,2020,7,2,1,DUPLICADO_EXACTO,1
00003821,2021,6,2,1,DUPLICADO_EXACTO,1
00003821,2021,8,6,1,DUPLICADO_EXACTO,5
00003821,2021,9,3,1,DUPLICADO_EXACTO,2
00003821,2021,10,2,1,DUPLICADO_EXACTO,1
00003821,2023,7,2,1,DUPLICADO_EXACTO,1
00003821,2023,8,2,1,DUPLICADO_EXACTO,1
00003821,2023,10,2,1,DUPLICADO_EXACTO,1
00003821,2023,11,2,1,DUPLICADO_EXACTO,1
00003821,2024,2,3,1,DUPLICADO_EXACTO,2
00003821,2026,2,2,1,DUPLICADO_EXACTO,1
00003821,2026,3,2,1,DUPLICADO_EXACTO,1
00003821,2026,5,12,1,DUPLICADO_EXACTO,11
00003822,2020,3,2,1,DUPLICADO_EXACTO,1
00003822,2020,7,2,1,DUPLICADO_EXACTO,1
00003822,2021,6,2,1,DUPLICADO_EXACTO,1
00003822,2021,8,6,1,DUPLICADO_EXACTO,5
00003822,2021,9,3,1,DUPLICADO_EXACTO,2
00003822,2021,10,2,1,DUPLICADO_EXACTO,1
00003822,2023,7,2,1,DUPLICADO_EXACTO,1
00003822,2023,8,2,1,DUPLICADO_EXACTO,1
00003822,2023,10,2,1,DUPLICADO_EXACTO,1
00003822,2023,11,2,1,DUPLICADO_EXACTO,1
00003822,2024,2,3,1,DUPLICADO_EXACTO,2
00003822,2026,2,2,1,DUPLICADO_EXACTO,1
00003822,2026,3,2,1,DUPLICADO_EXACTO,1
00003822,2026,5,12,1,DUPLICADO_EXACTO,11
00003823,2020,3,2,1,DUPLICADO_EXACTO,1
00003823,2020,7,2,1,DUPLICADO_EXACTO,1
00003823,2021,6,2,1,DUPLICADO_EXACTO,1
00003823,2021,8,6,1,DUPLICADO_EXACTO,5
00003823,2021,9,3,1,DUPLICADO_EXACTO,2
00003823,2021,10,2,1,DUPLICADO_EXACTO,1
00003823,2023,7,2,1,DUPLICADO_EXACTO,1
00003823,2023,8,2,1,DUPLICADO_EXACTO,1
00003823,2023,10,2,1,DUPLICADO_EXACTO,1
00003823,2023,11,2,1,DUPLICADO_EXACTO,1
00003823,2024,2,3,1,DUPLICADO_EXACTO,2
00003823,2026,2,2,1,DUPLICADO_EXACTO,1
00003823,2026,3,2,1,DUPLICADO_EXACTO,1
00003823,2026,5,12,1,DUPLICADO_EXACTO,11
00003824,2020,3,2,1,DUPLICADO_EXACTO,1
00003824,2020,7,2,1,DUPLICADO_EXACTO,1
00003824,2021,6,2,1,DUPLICADO_EXACTO,1
00003824,2021,8,6,1,DUPLICADO_EXACTO,5
00003824,2021,9,3,1,DUPLICADO_EXACTO,2
00003824,2021,10,2,1,DUPLICADO_EXACTO,1
00003824,2023,7,2,1,DUPLICADO_EXACTO,1
00003824,2023,8,2,1,DUPLICADO_EXACTO,1
00003824,2023,10,2,1,DUPLICADO_EXACTO,1
00003824,2023,11,2,1,DUPLICADO_EXACTO,1
00003824,2024,2,3,1,DUPLICADO_EXACTO,2
00003824,2026,2,2,1,DUPLICADO_EXACTO,1
00003824,2026,3,2,1,DUPLICADO_EXACTO,1
00003824,2026,5,12,1,DUPLICADO_EXACTO,11
00003825,2020,3,2,1,DUPLICADO_EXACTO,1
00003825,2020,7,2,1,DUPLICADO_EXACTO,1
00003825,2021,6,2,1,DUPLICADO_EXACTO,1
00003825,2021,8,6,1,DUPLICADO_EXACTO,5
00003825,2021,9,3,1,DUPLICADO_EXACTO,2
00003825,2021,10,2,1,DUPLICADO_EXACTO,1
00003825,2023,7,2,1,DUPLICADO_EXACTO,1
00003825,2023,8,2,1,DUPLICADO_EXACTO,1
00003825,2023,10,2,1,DUPLICADO_EXACTO,1
00003825,2023,11,2,1,DUPLICADO_EXACTO,1
00003825,2024,2,3,1,DUPLICADO_EXACTO,2
00003825,2026,2,2,1,DUPLICADO_EXACTO,1
00003825,2026,3,2,1,DUPLICADO_EXACTO,1
00003825,2026,5,12,1,DUPLICADO_EXACTO,11
00003826,2020,7,2,1,DUPLICADO_EXACTO,1
00003826,2021,6,2,1,DUPLICADO_EXACTO,1
00003826,2021,8,6,1,DUPLICADO_EXACTO,5
00003826,2021,9,3,1,DUPLICADO_EXACTO,2
00003826,2021,10,2,1,DUPLICADO_EXACTO,1
00003826,2023,11,2,1,DUPLICADO_EXACTO,1
00003826,2024,2,3,1,DUPLICADO_EXACTO,2
00003826,2026,2,2,1,DUPLICADO_EXACTO,1
00003826,2026,3,2,1,DUPLICADO_EXACTO,1
00003826,2026,5,12,1,DUPLICADO_EXACTO,11
00003827,2020,3,2,1,DUPLICADO_EXACTO,1
00003827,2020,7,2,1,DUPLICADO_EXACTO,1
00003827,2021,8,6,1,DUPLICADO_EXACTO,5
00003827,2021,9,3,1,DUPLICADO_EXACTO,2
00003827,2021,10,2,1,DUPLICADO_EXACTO,1
00003827,2023,7,2,1,DUPLICADO_EXACTO,1
00003827,2023,8,2,1,DUPLICADO_EXACTO,1
00003827,2023,10,2,1,DUPLICADO_EXACTO,1
00003827,2023,11,2,1,DUPLICADO_EXACTO,1
00003827,2024,2,3,1,DUPLICADO_EXACTO,2
00003827,2026,2,2,1,DUPLICADO_EXACTO,1
00003827,2026,3,2,1,DUPLICADO_EXACTO,1
00003827,2026,5,12,1,DUPLICADO_EXACTO,11
00003828,2020,3,2,1,DUPLICADO_EXACTO,1
00003828,2020,7,2,1,DUPLICADO_EXACTO,1
00003828,2021,6,2,1,DUPLICADO_EXACTO,1
00003828,2023,7,2,1,DUPLICADO_EXACTO,1
00003828,2023,8,2,1,DUPLICADO_EXACTO,1
00003828,2023,10,2,1,DUPLICADO_EXACTO,1
00003828,2023,11,2,1,DUPLICADO_EXACTO,1
00003828,2024,2,3,1,DUPLICADO_EXACTO,2
00003828,2026,2,2,1,DUPLICADO_EXACTO,1
00003828,2026,3,2,1,DUPLICADO_EXACTO,1
00003828,2026,5,12,1,DUPLICADO_EXACTO,11
00003829,2020,3,2,1,DUPLICADO_EXACTO,1
00003829,2020,7,2,1,DUPLICADO_EXACTO,1
00003829,2021,6,2,1,DUPLICADO_EXACTO,1
00003829,2021,8,6,1,DUPLICADO_EXACTO,5
00003829,2021,9,3,1,DUPLICADO_EXACTO,2
00003829,2021,10,2,1,DUPLICADO_EXACTO,1
00003829,2023,7,2,1,DUPLICADO_EXACTO,1
00003829,2023,8,2,1,DUPLICADO_EXACTO,1
00003829,2023,10,2,1,DUPLICADO_EXACTO,1
00003829,2024,2,3,1,DUPLICADO_EXACTO,2
00003830,2019,6,2,1,DUPLICADO_EXACTO,1
00003830,2020,3,2,1,DUPLICADO_EXACTO,1
00003830,2020,7,2,1,DUPLICADO_EXACTO,1
00003830,2021,6,2,1,DUPLICADO_EXACTO,1
00003830,2021,8,6,1,DUPLICADO_EXACTO,5
00003830,2021,9,3,1,DUPLICADO_EXACTO,2
00003830,2021,10,2,1,DUPLICADO_EXACTO,1
00003830,2023,7,2,1,DUPLICADO_EXACTO,1
00003830,2023,8,2,1,DUPLICADO_EXACTO,1
00003830,2023,10,2,1,DUPLICADO_EXACTO,1
00003830,2023,11,2,1,DUPLICADO_EXACTO,1
00003830,2024,2,3,1,DUPLICADO_EXACTO,2
00003830,2026,2,2,1,DUPLICADO_EXACTO,1
00003830,2026,3,2,1,DUPLICADO_EXACTO,1
00003830,2026,5,12,1,DUPLICADO_EXACTO,11
00003831,2020,3,2,1,DUPLICADO_EXACTO,1
00003831,2021,6,2,1,DUPLICADO_EXACTO,1
00003831,2021,8,6,1,DUPLICADO_EXACTO,5
00003831,2021,9,3,1,DUPLICADO_EXACTO,2
00003831,2021,10,2,1,DUPLICADO_EXACTO,1
00003831,2023,7,2,1,DUPLICADO_EXACTO,1
00003831,2023,8,2,1,DUPLICADO_EXACTO,1
00003831,2023,10,2,1,DUPLICADO_EXACTO,1
00003831,2023,11,2,1,DUPLICADO_EXACTO,1
00003831,2026,2,2,1,DUPLICADO_EXACTO,1
00003831,2026,3,2,1,DUPLICADO_EXACTO,1
00003831,2026,5,12,1,DUPLICADO_EXACTO,11
00003832,2020,1,2,1,DUPLICADO_EXACTO,1
00003832,2020,7,2,1,DUPLICADO_EXACTO,1
00003832,2024,9,2,1,DUPLICADO_EXACTO,1
00003832,2026,7,2,1,DUPLICADO_EXACTO,1
00003833,2020,3,2,1,DUPLICADO_EXACTO,1
00003833,2020,7,2,1,DUPLICADO_EXACTO,1
00003833,2021,6,2,1,DUPLICADO_EXACTO,1
00003833,2021,8,6,1,DUPLICADO_EXACTO,5
00003833,2021,9,3,1,DUPLICADO_EXACTO,2
00003833,2021,10,2,1,DUPLICADO_EXACTO,1
00003833,2023,7,2,1,DUPLICADO_EXACTO,1
00003833,2023,8,2,1,DUPLICADO_EXACTO,1
00003833,2023,10,2,1,DUPLICADO_EXACTO,1
00003833,2023,11,2,1,DUPLICADO_EXACTO,1
00003833,2024,2,3,1,DUPLICADO_EXACTO,2
00003833,2026,2,2,1,DUPLICADO_EXACTO,1
00003833,2026,3,2,1,DUPLICADO_EXACTO,1
00003833,2026,5,12,1,DUPLICADO_EXACTO,11
00003834,2020,3,2,1,DUPLICADO_EXACTO,1
00003834,2020,7,2,1,DUPLICADO_EXACTO,1
00003834,2021,6,2,1,DUPLICADO_EXACTO,1
00003834,2021,8,6,1,DUPLICADO_EXACTO,5
00003834,2021,9,3,1,DUPLICADO_EXACTO,2
00003834,2021,10,2,1,DUPLICADO_EXACTO,1
00003834,2023,7,2,1,DUPLICADO_EXACTO,1
00003834,2023,8,2,1,DUPLICADO_EXACTO,1
00003834,2023,10,2,1,DUPLICADO_EXACTO,1
00003834,2023,11,2,1,DUPLICADO_EXACTO,1
00003834,2024,2,3,1,DUPLICADO_EXACTO,2
00003834,2026,2,2,1,DUPLICADO_EXACTO,1
00003834,2026,3,2,1,DUPLICADO_EXACTO,1
00003834,2026,5,12,1,DUPLICADO_EXACTO,11
00003835,2020,3,2,1,DUPLICADO_EXACTO,1
00003835,2020,7,2,1,DUPLICADO_EXACTO,1
00003835,2021,6,2,1,DUPLICADO_EXACTO,1
00003835,2021,8,6,1,DUPLICADO_EXACTO,5
00003835,2021,9,3,1,DUPLICADO_EXACTO,2
00003835,2021,10,2,1,DUPLICADO_EXACTO,1
00003835,2023,7,2,1,DUPLICADO_EXACTO,1
00003835,2023,8,2,1,DUPLICADO_EXACTO,1
00003835,2023,10,2,1,DUPLICADO_EXACTO,1
00003835,2023,11,2,1,DUPLICADO_EXACTO,1
00003835,2024,2,3,1,DUPLICADO_EXACTO,2
00003835,2026,2,2,1,DUPLICADO_EXACTO,1
00003835,2026,3,2,1,DUPLICADO_EXACTO,1
00003835,2026,5,12,1,DUPLICADO_EXACTO,11
00003836,2020,3,2,1,DUPLICADO_EXACTO,1
00003836,2020,7,2,1,DUPLICADO_EXACTO,1
00003836,2021,6,2,1,DUPLICADO_EXACTO,1
00003836,2021,8,6,1,DUPLICADO_EXACTO,5
00003836,2021,9,3,1,DUPLICADO_EXACTO,2
00003836,2021,10,2,1,DUPLICADO_EXACTO,1
00003836,2023,7,2,1,DUPLICADO_EXACTO,1
00003836,2023,8,2,1,DUPLICADO_EXACTO,1
00003836,2023,10,2,1,DUPLICADO_EXACTO,1
00003836,2023,11,2,1,DUPLICADO_EXACTO,1
00003836,2024,2,3,1,DUPLICADO_EXACTO,2
00003836,2026,2,2,1,DUPLICADO_EXACTO,1
00003836,2026,3,2,1,DUPLICADO_EXACTO,1
00003836,2026,5,12,1,DUPLICADO_EXACTO,11
00003837,2020,3,2,1,DUPLICADO_EXACTO,1
00003837,2020,7,2,1,DUPLICADO_EXACTO,1
00003837,2021,6,2,1,DUPLICADO_EXACTO,1
00003837,2021,8,6,1,DUPLICADO_EXACTO,5
00003837,2021,9,3,1,DUPLICADO_EXACTO,2
00003837,2021,10,2,1,DUPLICADO_EXACTO,1
00003837,2023,7,2,1,DUPLICADO_EXACTO,1
00003837,2023,8,2,1,DUPLICADO_EXACTO,1
00003837,2023,10,2,1,DUPLICADO_EXACTO,1
00003837,2023,11,2,1,DUPLICADO_EXACTO,1
00003837,2024,2,3,1,DUPLICADO_EXACTO,2
00003837,2026,2,2,1,DUPLICADO_EXACTO,1
00003837,2026,5,12,1,DUPLICADO_EXACTO,11
00003838,2020,3,2,1,DUPLICADO_EXACTO,1
00003838,2020,7,2,1,DUPLICADO_EXACTO,1
00003838,2021,6,2,1,DUPLICADO_EXACTO,1
00003838,2021,8,6,1,DUPLICADO_EXACTO,5
00003838,2021,9,3,1,DUPLICADO_EXACTO,2
00003838,2021,10,2,1,DUPLICADO_EXACTO,1
00003838,2023,7,2,1,DUPLICADO_EXACTO,1
00003838,2023,8,2,1,DUPLICADO_EXACTO,1
00003838,2023,10,2,1,DUPLICADO_EXACTO,1
00003838,2023,11,2,1,DUPLICADO_EXACTO,1
00003838,2024,2,3,1,DUPLICADO_EXACTO,2
00003838,2026,2,2,1,DUPLICADO_EXACTO,1
00003838,2026,3,2,1,DUPLICADO_EXACTO,1
00003838,2026,5,12,1,DUPLICADO_EXACTO,11
00003839,2020,3,2,1,DUPLICADO_EXACTO,1
00003839,2020,7,2,1,DUPLICADO_EXACTO,1
00003839,2021,6,2,1,DUPLICADO_EXACTO,1
00003839,2021,8,6,1,DUPLICADO_EXACTO,5
00003839,2021,9,3,1,DUPLICADO_EXACTO,2
00003839,2021,10,2,1,DUPLICADO_EXACTO,1
00003839,2023,7,2,1,DUPLICADO_EXACTO,1
00003839,2023,8,2,1,DUPLICADO_EXACTO,1
00003839,2023,10,2,1,DUPLICADO_EXACTO,1
00003839,2023,11,2,1,DUPLICADO_EXACTO,1
00003839,2024,2,3,1,DUPLICADO_EXACTO,2
00003839,2026,2,2,1,DUPLICADO_EXACTO,1
00003839,2026,3,2,1,DUPLICADO_EXACTO,1
00003839,2026,5,12,1,DUPLICADO_EXACTO,11
00003840,2020,3,2,1,DUPLICADO_EXACTO,1
00003840,2020,7,2,1,DUPLICADO_EXACTO,1
00003840,2021,6,2,1,DUPLICADO_EXACTO,1
00003840,2021,8,6,1,DUPLICADO_EXACTO,5
00003840,2021,9,3,1,DUPLICADO_EXACTO,2
00003840,2021,10,2,1,DUPLICADO_EXACTO,1
00003840,2023,7,2,1,DUPLICADO_EXACTO,1
00003840,2023,8,2,1,DUPLICADO_EXACTO,1
00003840,2023,10,2,1,DUPLICADO_EXACTO,1
00003840,2023,11,2,1,DUPLICADO_EXACTO,1
00003840,2024,2,3,1,DUPLICADO_EXACTO,2
00003840,2026,2,2,1,DUPLICADO_EXACTO,1
00003840,2026,3,2,1,DUPLICADO_EXACTO,1
00003840,2026,5,12,1,DUPLICADO_EXACTO,11
00003841,2020,4,7,1,DUPLICADO_EXACTO,6
00003841,2020,5,3,1,DUPLICADO_EXACTO,2
00003841,2020,6,2,1,DUPLICADO_EXACTO,1
00003841,2020,9,3,1,DUPLICADO_EXACTO,2
00003841,2020,10,3,1,DUPLICADO_EXACTO,2
00003841,2020,11,2,1,DUPLICADO_EXACTO,1
00003841,2021,5,3,1,DUPLICADO_EXACTO,2
00003841,2022,6,2,1,DUPLICADO_EXACTO,1
00003841,2023,10,4,1,DUPLICADO_EXACTO,3
00003841,2024,5,2,1,DUPLICADO_EXACTO,1
00003841,2026,6,2,1,DUPLICADO_EXACTO,1
00003842,2020,2,2,1,DUPLICADO_EXACTO,1
00003842,2020,3,3,1,DUPLICADO_EXACTO,2
00003842,2020,4,7,1,DUPLICADO_EXACTO,6
00003842,2020,5,3,1,DUPLICADO_EXACTO,2
00003842,2020,6,2,1,DUPLICADO_EXACTO,1
00003842,2020,9,3,1,DUPLICADO_EXACTO,2
00003842,2020,10,3,1,DUPLICADO_EXACTO,2
00003842,2020,11,2,1,DUPLICADO_EXACTO,1
00003842,2021,5,3,1,DUPLICADO_EXACTO,2
00003842,2022,6,2,1,DUPLICADO_EXACTO,1
00003842,2023,10,4,1,DUPLICADO_EXACTO,3
00003842,2024,5,2,1,DUPLICADO_EXACTO,1
00003842,2026,6,2,1,DUPLICADO_EXACTO,1
00003843,2020,2,2,1,DUPLICADO_EXACTO,1
00003843,2020,3,3,1,DUPLICADO_EXACTO,2
00003843,2020,4,7,1,DUPLICADO_EXACTO,6
00003843,2020,5,3,1,DUPLICADO_EXACTO,2
00003843,2020,6,2,1,DUPLICADO_EXACTO,1
00003843,2020,9,3,1,DUPLICADO_EXACTO,2
00003843,2020,10,3,1,DUPLICADO_EXACTO,2
00003843,2020,11,2,1,DUPLICADO_EXACTO,1
00003843,2021,5,3,1,DUPLICADO_EXACTO,2
00003843,2022,6,2,1,DUPLICADO_EXACTO,1
00003843,2023,10,4,1,DUPLICADO_EXACTO,3
00003843,2024,5,2,1,DUPLICADO_EXACTO,1
00003843,2026,6,2,1,DUPLICADO_EXACTO,1
00003844,2020,2,2,1,DUPLICADO_EXACTO,1
00003844,2020,3,2,1,DUPLICADO_EXACTO,1
00003844,2021,5,3,1,DUPLICADO_EXACTO,2
00003844,2022,6,2,1,DUPLICADO_EXACTO,1
00003844,2023,10,4,1,DUPLICADO_EXACTO,3
00003844,2024,5,2,1,DUPLICADO_EXACTO,1
00003844,2026,6,2,1,DUPLICADO_EXACTO,1
00003845,2020,2,2,1,DUPLICADO_EXACTO,1
00003845,2020,3,3,1,DUPLICADO_EXACTO,2
00003845,2020,4,7,1,DUPLICADO_EXACTO,6
00003845,2020,5,3,1,DUPLICADO_EXACTO,2
00003845,2020,6,2,1,DUPLICADO_EXACTO,1
00003845,2020,9,3,1,DUPLICADO_EXACTO,2
00003845,2020,10,3,1,DUPLICADO_EXACTO,2
00003845,2020,11,2,1,DUPLICADO_EXACTO,1
00003845,2021,5,3,1,DUPLICADO_EXACTO,2
00003845,2022,6,2,1,DUPLICADO_EXACTO,1
00003845,2023,10,4,1,DUPLICADO_EXACTO,3
00003845,2024,5,2,1,DUPLICADO_EXACTO,1
00003845,2026,6,2,1,DUPLICADO_EXACTO,1
00003846,2020,2,2,1,DUPLICADO_EXACTO,1
00003846,2020,3,3,1,DUPLICADO_EXACTO,2
00003846,2020,4,7,1,DUPLICADO_EXACTO,6
00003846,2020,5,3,1,DUPLICADO_EXACTO,2
00003846,2020,6,2,1,DUPLICADO_EXACTO,1
00003846,2020,9,3,1,DUPLICADO_EXACTO,2
00003846,2020,10,3,1,DUPLICADO_EXACTO,2
00003846,2020,11,2,1,DUPLICADO_EXACTO,1
00003846,2021,5,3,1,DUPLICADO_EXACTO,2
00003846,2022,6,2,1,DUPLICADO_EXACTO,1
00003846,2023,10,4,1,DUPLICADO_EXACTO,3
00003846,2024,5,2,1,DUPLICADO_EXACTO,1
00003846,2026,6,2,1,DUPLICADO_EXACTO,1
00003847,2020,2,2,1,DUPLICADO_EXACTO,1
00003847,2020,3,3,1,DUPLICADO_EXACTO,2
00003847,2020,4,7,1,DUPLICADO_EXACTO,6
00003847,2020,5,3,1,DUPLICADO_EXACTO,2
00003847,2020,6,2,1,DUPLICADO_EXACTO,1
00003847,2020,9,3,1,DUPLICADO_EXACTO,2
00003847,2020,10,3,1,DUPLICADO_EXACTO,2
00003847,2020,11,2,1,DUPLICADO_EXACTO,1
00003847,2021,5,3,1,DUPLICADO_EXACTO,2
00003847,2023,10,4,1,DUPLICADO_EXACTO,3
00003847,2024,5,2,1,DUPLICADO_EXACTO,1
00003848,2020,2,2,1,DUPLICADO_EXACTO,1
00003848,2020,3,3,1,DUPLICADO_EXACTO,2
00003848,2020,4,7,1,DUPLICADO_EXACTO,6
00003848,2020,5,3,1,DUPLICADO_EXACTO,2
00003848,2020,6,2,1,DUPLICADO_EXACTO,1
00003848,2020,9,3,1,DUPLICADO_EXACTO,2
00003848,2020,10,3,1,DUPLICADO_EXACTO,2
00003848,2020,11,2,1,DUPLICADO_EXACTO,1
00003848,2021,5,3,1,DUPLICADO_EXACTO,2
00003848,2022,6,2,1,DUPLICADO_EXACTO,1
00003848,2023,10,4,1,DUPLICADO_EXACTO,3
00003848,2024,5,2,1,DUPLICADO_EXACTO,1
00003848,2026,6,2,1,DUPLICADO_EXACTO,1
00003849,2020,2,2,1,DUPLICADO_EXACTO,1
00003849,2020,3,3,1,DUPLICADO_EXACTO,2
00003849,2020,4,7,1,DUPLICADO_EXACTO,6
00003849,2020,5,3,1,DUPLICADO_EXACTO,2
00003849,2020,6,2,1,DUPLICADO_EXACTO,1
00003849,2020,9,3,1,DUPLICADO_EXACTO,2
00003849,2020,10,3,1,DUPLICADO_EXACTO,2
00003849,2020,11,2,1,DUPLICADO_EXACTO,1
00003849,2021,5,3,1,DUPLICADO_EXACTO,2
00003849,2022,6,2,1,DUPLICADO_EXACTO,1
00003849,2023,10,4,1,DUPLICADO_EXACTO,3
00003849,2024,5,2,1,DUPLICADO_EXACTO,1
00003849,2026,6,2,1,DUPLICADO_EXACTO,1
00003850,2020,2,2,1,DUPLICADO_EXACTO,1
00003850,2020,3,3,1,DUPLICADO_EXACTO,2
00003850,2020,4,7,1,DUPLICADO_EXACTO,6
00003850,2020,5,3,1,DUPLICADO_EXACTO,2
00003850,2020,6,2,1,DUPLICADO_EXACTO,1
00003850,2020,9,3,1,DUPLICADO_EXACTO,2
00003850,2020,10,3,1,DUPLICADO_EXACTO,2
00003850,2020,11,2,1,DUPLICADO_EXACTO,1
00003850,2021,5,3,1,DUPLICADO_EXACTO,2
00003850,2022,6,2,1,DUPLICADO_EXACTO,1
00003850,2023,10,4,1,DUPLICADO_EXACTO,3
00003850,2024,5,2,1,DUPLICADO_EXACTO,1
00003850,2026,6,2,1,DUPLICADO_EXACTO,1
00003851,2020,2,2,1,DUPLICADO_EXACTO,1
00003851,2020,3,3,1,DUPLICADO_EXACTO,2
00003851,2020,4,7,1,DUPLICADO_EXACTO,6
00003851,2020,5,3,1,DUPLICADO_EXACTO,2
00003851,2020,6,2,1,DUPLICADO_EXACTO,1
00003851,2020,9,3,1,DUPLICADO_EXACTO,2
00003851,2020,10,3,1,DUPLICADO_EXACTO,2
00003851,2020,11,2,1,DUPLICADO_EXACTO,1
00003851,2021,5,3,1,DUPLICADO_EXACTO,2
00003851,2022,6,2,1,DUPLICADO_EXACTO,1
00003851,2023,10,4,1,DUPLICADO_EXACTO,3
00003851,2024,5,2,1,DUPLICADO_EXACTO,1
00003851,2026,6,2,1,DUPLICADO_EXACTO,1
00003852,2020,2,2,1,DUPLICADO_EXACTO,1
00003852,2020,3,3,1,DUPLICADO_EXACTO,2
00003852,2020,4,7,1,DUPLICADO_EXACTO,6
00003852,2020,5,3,1,DUPLICADO_EXACTO,2
00003852,2020,6,2,1,DUPLICADO_EXACTO,1
00003852,2020,9,3,1,DUPLICADO_EXACTO,2
00003852,2020,10,3,1,DUPLICADO_EXACTO,2
00003852,2020,11,2,1,DUPLICADO_EXACTO,1
00003852,2021,5,3,1,DUPLICADO_EXACTO,2
00003852,2022,6,2,1,DUPLICADO_EXACTO,1
00003852,2023,10,4,1,DUPLICADO_EXACTO,3
00003852,2026,6,2,1,DUPLICADO_EXACTO,1
00003854,2021,1,4,1,DUPLICADO_EXACTO,3
00003854,2021,4,2,1,DUPLICADO_EXACTO,1
00003854,2021,11,3,1,DUPLICADO_EXACTO,2
00003854,2022,2,2,1,DUPLICADO_EXACTO,1
00003854,2022,3,2,1,DUPLICADO_EXACTO,1
00003854,2023,12,6,1,DUPLICADO_EXACTO,5
00003854,2024,1,7,1,DUPLICADO_EXACTO,6
00003854,2024,2,5,1,DUPLICADO_EXACTO,4
00003854,2024,3,2,1,DUPLICADO_EXACTO,1
00003854,2024,6,2,1,DUPLICADO_EXACTO,1
00003854,2024,7,2,1,DUPLICADO_EXACTO,1
00003854,2024,8,2,1,DUPLICADO_EXACTO,1
00003854,2024,10,2,1,DUPLICADO_EXACTO,1
00003854,2025,8,2,1,DUPLICADO_EXACTO,1
00003855,2019,12,2,1,DUPLICADO_EXACTO,1
00003855,2020,1,10,1,DUPLICADO_EXACTO,9
00003855,2020,8,2,1,DUPLICADO_EXACTO,1
00003855,2021,1,4,1,DUPLICADO_EXACTO,3
00003855,2021,4,2,1,DUPLICADO_EXACTO,1
00003855,2021,7,4,1,DUPLICADO_EXACTO,3
00003855,2021,9,3,1,DUPLICADO_EXACTO,2
00003855,2021,11,3,1,DUPLICADO_EXACTO,2
00003855,2022,1,3,1,DUPLICADO_EXACTO,2
00003855,2022,2,2,1,DUPLICADO_EXACTO,1
00003855,2022,3,2,1,DUPLICADO_EXACTO,1
00003855,2024,1,7,1,DUPLICADO_EXACTO,6
00003855,2024,2,6,1,DUPLICADO_EXACTO,5
00003855,2024,3,2,1,DUPLICADO_EXACTO,1
00003855,2024,5,3,1,DUPLICADO_EXACTO,2
00003855,2024,6,2,1,DUPLICADO_EXACTO,1
00003855,2024,7,2,1,DUPLICADO_EXACTO,1
00003855,2024,8,2,1,DUPLICADO_EXACTO,1
00003855,2024,10,2,1,DUPLICADO_EXACTO,1
00003855,2025,3,2,1,DUPLICADO_EXACTO,1
00003855,2025,8,2,1,DUPLICADO_EXACTO,1
00003856,2020,1,10,1,DUPLICADO_EXACTO,9
00003856,2020,8,2,1,DUPLICADO_EXACTO,1
00003856,2021,1,4,1,DUPLICADO_EXACTO,3
00003856,2021,4,2,1,DUPLICADO_EXACTO,1
00003856,2021,7,4,1,DUPLICADO_EXACTO,3
00003856,2021,9,3,1,DUPLICADO_EXACTO,2
00003856,2021,11,3,1,DUPLICADO_EXACTO,2
00003856,2022,1,2,1,DUPLICADO_EXACTO,1
00003856,2022,2,2,1,DUPLICADO_EXACTO,1
00003856,2022,3,2,1,DUPLICADO_EXACTO,1
00003856,2023,12,6,1,DUPLICADO_EXACTO,5
00003856,2024,1,7,1,DUPLICADO_EXACTO,6
00003856,2024,2,6,1,DUPLICADO_EXACTO,5
00003856,2024,3,2,1,DUPLICADO_EXACTO,1
00003856,2024,5,3,1,DUPLICADO_EXACTO,2
00003856,2024,6,2,1,DUPLICADO_EXACTO,1
00003856,2024,7,2,1,DUPLICADO_EXACTO,1
00003856,2024,8,2,1,DUPLICADO_EXACTO,1
00003856,2024,10,2,1,DUPLICADO_EXACTO,1
00003856,2025,3,2,1,DUPLICADO_EXACTO,1
00003856,2025,8,2,1,DUPLICADO_EXACTO,1
00003857,2020,8,2,1,DUPLICADO_EXACTO,1
00003857,2021,9,2,1,DUPLICADO_EXACTO,1
00003857,2024,2,2,1,DUPLICADO_EXACTO,1
00003857,2025,3,2,1,DUPLICADO_EXACTO,1
00003857,2025,8,2,1,DUPLICADO_EXACTO,1
00003858,2026,1,2,1,DUPLICADO_EXACTO,1
00003858,2026,3,2,1,DUPLICADO_EXACTO,1
00003859,2019,10,2,1,DUPLICADO_EXACTO,1
00003860,2019,9,2,1,DUPLICADO_EXACTO,1
00003860,2019,10,2,1,DUPLICADO_EXACTO,1
00003863,2026,3,2,1,DUPLICADO_EXACTO,1
00003864,2019,11,2,1,DUPLICADO_EXACTO,1
00003864,2020,7,2,1,DUPLICADO_EXACTO,1
00003864,2024,10,5,1,DUPLICADO_EXACTO,4
00003864,2025,5,3,1,DUPLICADO_EXACTO,2
00003865,2019,12,2,1,DUPLICADO_EXACTO,1
00003866,2020,7,2,1,DUPLICADO_EXACTO,1
00003866,2024,1,2,1,DUPLICADO_EXACTO,1
00003866,2024,10,5,1,DUPLICADO_EXACTO,4
00003866,2025,5,3,1,DUPLICADO_EXACTO,2
00003866,2025,10,2,1,DUPLICADO_EXACTO,1
00003867,2020,7,2,1,DUPLICADO_EXACTO,1
00003867,2024,1,2,1,DUPLICADO_EXACTO,1
00003867,2024,10,5,1,DUPLICADO_EXACTO,4
00003867,2025,5,3,1,DUPLICADO_EXACTO,2
00003867,2025,10,2,1,DUPLICADO_EXACTO,1
00003868,2019,4,3,1,DUPLICADO_EXACTO,2
00003868,2024,10,5,1,DUPLICADO_EXACTO,4
00003868,2025,5,3,1,DUPLICADO_EXACTO,2
00003868,2025,10,2,1,DUPLICADO_EXACTO,1
00003869,2019,12,2,1,DUPLICADO_EXACTO,1
00003869,2025,9,2,1,DUPLICADO_EXACTO,1
00003870,2019,7,2,1,DUPLICADO_EXACTO,1
00003870,2019,11,2,1,DUPLICADO_EXACTO,1
00003870,2020,7,2,1,DUPLICADO_EXACTO,1
00003870,2024,1,2,1,DUPLICADO_EXACTO,1
00003870,2024,10,5,1,DUPLICADO_EXACTO,4
00003870,2025,5,3,1,DUPLICADO_EXACTO,2
00003870,2025,10,2,1,DUPLICADO_EXACTO,1
00003871,2020,7,2,1,DUPLICADO_EXACTO,1
00003871,2024,1,2,1,DUPLICADO_EXACTO,1
00003871,2025,5,3,1,DUPLICADO_EXACTO,2
00003871,2025,10,2,1,DUPLICADO_EXACTO,1
00003872,2020,7,2,1,DUPLICADO_EXACTO,1
00003872,2024,1,2,1,DUPLICADO_EXACTO,1
00003872,2024,10,5,1,DUPLICADO_EXACTO,4
00003872,2025,10,2,1,DUPLICADO_EXACTO,1
00003874,2019,6,2,1,DUPLICADO_EXACTO,1
00003874,2025,5,3,1,DUPLICADO_EXACTO,2
00003875,2025,5,2,1,DUPLICADO_EXACTO,1
00003876,2019,6,4,1,DUPLICADO_EXACTO,3
00003876,2025,5,2,1,DUPLICADO_EXACTO,1
00003877,2019,6,2,1,DUPLICADO_EXACTO,1
00003877,2025,5,3,1,DUPLICADO_EXACTO,2
00003878,2019,7,2,1,DUPLICADO_EXACTO,1
00003878,2025,5,3,1,DUPLICADO_EXACTO,2
00003879,2024,1,2,1,DUPLICADO_EXACTO,1
00003880,2019,5,2,1,DUPLICADO_EXACTO,1
00003882,2024,1,2,1,DUPLICADO_EXACTO,1
00003883,2024,1,2,1,DUPLICADO_EXACTO,1
00003889,2020,2,2,1,DUPLICADO_EXACTO,1
00003889,2020,8,2,1,DUPLICADO_EXACTO,1
00003889,2025,11,2,1,DUPLICADO_EXACTO,1
00003890,2020,2,2,1,DUPLICADO_EXACTO,1
00003890,2020,8,2,1,DUPLICADO_EXACTO,1
00003890,2025,11,2,1,DUPLICADO_EXACTO,1
00003892,2024,5,3,1,DUPLICADO_EXACTO,2
00003892,2024,12,2,1,DUPLICADO_EXACTO,1
00003892,2025,5,2,1,DUPLICADO_EXACTO,1
00003892,2025,10,3,1,DUPLICADO_EXACTO,2
00003892,2025,11,2,1,DUPLICADO_EXACTO,1
00003893,2023,12,2,1,DUPLICADO_EXACTO,1
00003893,2024,2,2,1,DUPLICADO_EXACTO,1
00003893,2024,5,3,1,DUPLICADO_EXACTO,2
00003893,2024,6,2,1,DUPLICADO_EXACTO,1
00003893,2024,12,2,1,DUPLICADO_EXACTO,1
00003893,2025,4,2,1,DUPLICADO_EXACTO,1
00003893,2025,5,2,1,DUPLICADO_EXACTO,1
00003893,2025,8,2,1,DUPLICADO_EXACTO,1
00003893,2025,9,2,1,DUPLICADO_EXACTO,1
00003893,2025,10,3,1,DUPLICADO_EXACTO,2
00003893,2025,11,2,1,DUPLICADO_EXACTO,1
00003894,2023,12,2,1,DUPLICADO_EXACTO,1
00003894,2024,2,2,1,DUPLICADO_EXACTO,1
00003894,2024,5,3,1,DUPLICADO_EXACTO,2
00003894,2024,6,2,1,DUPLICADO_EXACTO,1
00003894,2024,12,2,1,DUPLICADO_EXACTO,1
00003894,2025,4,2,1,DUPLICADO_EXACTO,1
00003894,2025,5,2,1,DUPLICADO_EXACTO,1
00003894,2025,9,2,1,DUPLICADO_EXACTO,1
00003894,2025,10,3,1,DUPLICADO_EXACTO,2
00003894,2025,11,2,1,DUPLICADO_EXACTO,1
00003895,2020,2,2,1,DUPLICADO_EXACTO,1
00003895,2020,8,2,1,DUPLICADO_EXACTO,1
00003895,2025,11,2,1,DUPLICADO_EXACTO,1
00003896,2020,2,2,1,DUPLICADO_EXACTO,1
00003896,2020,8,2,1,DUPLICADO_EXACTO,1
00003896,2025,11,2,1,DUPLICADO_EXACTO,1
00003897,2019,11,2,1,DUPLICADO_EXACTO,1
00003898,2023,12,2,1,DUPLICADO_EXACTO,1
00003898,2024,2,2,1,DUPLICADO_EXACTO,1
00003898,2024,5,3,1,DUPLICADO_EXACTO,2
00003898,2024,6,2,1,DUPLICADO_EXACTO,1
00003898,2024,12,2,1,DUPLICADO_EXACTO,1
00003898,2025,4,2,1,DUPLICADO_EXACTO,1
00003898,2025,5,2,1,DUPLICADO_EXACTO,1
00003898,2025,8,2,1,DUPLICADO_EXACTO,1
00003898,2025,9,2,1,DUPLICADO_EXACTO,1
00003898,2025,10,3,1,DUPLICADO_EXACTO,2
00003898,2025,11,2,1,DUPLICADO_EXACTO,1
00003900,2019,12,2,1,DUPLICADO_EXACTO,1
00003900,2025,12,2,1,DUPLICADO_EXACTO,1
00003901,2019,9,2,1,DUPLICADO_EXACTO,1
00003901,2025,12,2,1,DUPLICADO_EXACTO,1
00003903,2019,12,3,1,DUPLICADO_EXACTO,2
00003903,2020,1,2,1,DUPLICADO_EXACTO,1
00003903,2025,12,2,1,DUPLICADO_EXACTO,1
00003909,2023,12,2,1,DUPLICADO_EXACTO,1
00003913,2019,11,3,1,DUPLICADO_EXACTO,2
00003914,2019,12,2,1,DUPLICADO_EXACTO,1
00003915,2020,1,10,1,DUPLICADO_EXACTO,9
00003915,2020,8,2,1,DUPLICADO_EXACTO,1
00003915,2021,1,4,1,DUPLICADO_EXACTO,3
00003915,2021,4,2,1,DUPLICADO_EXACTO,1
00003915,2021,7,4,1,DUPLICADO_EXACTO,3
00003915,2021,9,3,1,DUPLICADO_EXACTO,2
00003915,2021,11,3,1,DUPLICADO_EXACTO,2
00003915,2022,1,3,1,DUPLICADO_EXACTO,2
00003915,2022,2,2,1,DUPLICADO_EXACTO,1
00003915,2022,3,2,1,DUPLICADO_EXACTO,1
00003915,2023,12,6,1,DUPLICADO_EXACTO,5
00003915,2024,1,2,1,DUPLICADO_EXACTO,1
00003915,2024,2,4,1,DUPLICADO_EXACTO,3
00003915,2024,3,2,1,DUPLICADO_EXACTO,1
00003915,2024,5,3,1,DUPLICADO_EXACTO,2
00003915,2024,6,2,1,DUPLICADO_EXACTO,1
00003915,2024,7,2,1,DUPLICADO_EXACTO,1
00003915,2024,8,2,1,DUPLICADO_EXACTO,1
00003915,2024,10,2,1,DUPLICADO_EXACTO,1
00003915,2025,3,2,1,DUPLICADO_EXACTO,1
00003915,2025,8,2,1,DUPLICADO_EXACTO,1
00003919,2021,7,4,1,DUPLICADO_EXACTO,3
00003919,2021,8,2,1,DUPLICADO_EXACTO,1
00003919,2022,7,2,1,DUPLICADO_EXACTO,1
00003919,2023,6,2,1,DUPLICADO_EXACTO,1
00003920,2021,7,4,1,DUPLICADO_EXACTO,3
00003920,2021,8,2,1,DUPLICADO_EXACTO,1
00003920,2022,7,2,1,DUPLICADO_EXACTO,1
00003920,2023,6,2,1,DUPLICADO_EXACTO,1
00003921,2021,7,4,1,DUPLICADO_EXACTO,3
00003921,2021,8,2,1,DUPLICADO_EXACTO,1
00003921,2022,7,2,1,DUPLICADO_EXACTO,1
00003922,2021,7,4,1,DUPLICADO_EXACTO,3
00003922,2021,8,2,1,DUPLICADO_EXACTO,1
00003922,2022,7,2,1,DUPLICADO_EXACTO,1
00003922,2023,6,2,1,DUPLICADO_EXACTO,1
00003925,2021,7,4,1,DUPLICADO_EXACTO,3
00003925,2021,8,2,1,DUPLICADO_EXACTO,1
00003925,2022,7,2,1,DUPLICADO_EXACTO,1
00003925,2023,6,2,1,DUPLICADO_EXACTO,1
00003930,2024,9,3,1,DUPLICADO_EXACTO,2
00003933,2025,7,2,1,DUPLICADO_EXACTO,1
00003937,2023,3,2,1,DUPLICADO_EXACTO,1
00003937,2023,7,2,1,DUPLICADO_EXACTO,1
00003938,2023,3,2,1,DUPLICADO_EXACTO,1
00003938,2023,7,2,1,DUPLICADO_EXACTO,1
00003942,2019,12,3,1,DUPLICADO_EXACTO,2
00003942,2023,3,2,1,DUPLICADO_EXACTO,1
00003942,2023,7,2,1,DUPLICADO_EXACTO,1
00003944,2019,10,2,1,DUPLICADO_EXACTO,1
00003944,2020,1,2,1,DUPLICADO_EXACTO,1
00003944,2020,2,2,1,DUPLICADO_EXACTO,1
00003944,2020,3,3,1,DUPLICADO_EXACTO,2
00003944,2021,8,2,1,DUPLICADO_EXACTO,1
00003945,2019,3,2,1,DUPLICADO_EXACTO,1
00003945,2020,1,2,1,DUPLICADO_EXACTO,1
00003945,2020,2,2,1,DUPLICADO_EXACTO,1
00003945,2020,3,3,1,DUPLICADO_EXACTO,2
00003945,2021,8,2,1,DUPLICADO_EXACTO,1
00003946,2019,3,2,1,DUPLICADO_EXACTO,1
00003946,2020,1,2,1,DUPLICADO_EXACTO,1
00003946,2020,2,2,1,DUPLICADO_EXACTO,1
00003946,2020,3,3,1,DUPLICADO_EXACTO,2
00003946,2021,8,2,1,DUPLICADO_EXACTO,1
00003947,2019,10,2,1,DUPLICADO_EXACTO,1
00003947,2020,1,2,1,DUPLICADO_EXACTO,1
00003947,2020,2,2,1,DUPLICADO_EXACTO,1
00003947,2020,3,3,1,DUPLICADO_EXACTO,2
00003947,2021,8,2,1,DUPLICADO_EXACTO,1
00003948,2019,3,2,1,DUPLICADO_EXACTO,1
00003948,2020,1,2,1,DUPLICADO_EXACTO,1
00003948,2020,2,2,1,DUPLICADO_EXACTO,1
00003948,2020,3,3,1,DUPLICADO_EXACTO,2
00003948,2021,8,2,1,DUPLICADO_EXACTO,1
00003949,2020,1,2,1,DUPLICADO_EXACTO,1
00003949,2020,2,2,1,DUPLICADO_EXACTO,1
00003949,2020,3,3,1,DUPLICADO_EXACTO,2
00003949,2021,8,2,1,DUPLICADO_EXACTO,1
00003950,2020,1,2,1,DUPLICADO_EXACTO,1
00003950,2020,2,2,1,DUPLICADO_EXACTO,1
00003950,2020,3,3,1,DUPLICADO_EXACTO,2
00003950,2021,8,2,1,DUPLICADO_EXACTO,1
00003951,2020,1,2,1,DUPLICADO_EXACTO,1
00003951,2020,2,2,1,DUPLICADO_EXACTO,1
00003951,2020,3,3,1,DUPLICADO_EXACTO,2
00003951,2021,8,2,1,DUPLICADO_EXACTO,1
00003952,2020,1,2,1,DUPLICADO_EXACTO,1
00003952,2020,2,2,1,DUPLICADO_EXACTO,1
00003952,2020,3,3,1,DUPLICADO_EXACTO,2
00003952,2021,8,2,1,DUPLICADO_EXACTO,1
00003953,2020,1,2,1,DUPLICADO_EXACTO,1
00003953,2020,2,2,1,DUPLICADO_EXACTO,1
00003953,2020,3,3,1,DUPLICADO_EXACTO,2
00003953,2021,8,2,1,DUPLICADO_EXACTO,1
00003954,2020,1,2,1,DUPLICADO_EXACTO,1
00003954,2020,2,2,1,DUPLICADO_EXACTO,1
00003954,2020,3,3,1,DUPLICADO_EXACTO,2
00003954,2021,8,2,1,DUPLICADO_EXACTO,1
00003955,2020,1,2,1,DUPLICADO_EXACTO,1
00003955,2020,2,2,1,DUPLICADO_EXACTO,1
00003955,2020,3,3,1,DUPLICADO_EXACTO,2
00003955,2021,8,2,1,DUPLICADO_EXACTO,1
00003956,2019,7,3,1,DUPLICADO_EXACTO,2
00003956,2020,1,2,1,DUPLICADO_EXACTO,1
00003956,2020,2,2,1,DUPLICADO_EXACTO,1
00003956,2020,3,3,1,DUPLICADO_EXACTO,2
00003956,2021,8,2,1,DUPLICADO_EXACTO,1
00003957,2020,1,2,1,DUPLICADO_EXACTO,1
00003957,2020,2,2,1,DUPLICADO_EXACTO,1
00003957,2020,3,3,1,DUPLICADO_EXACTO,2
00003957,2021,8,2,1,DUPLICADO_EXACTO,1
00003958,2019,8,3,1,DUPLICADO_EXACTO,2
00003958,2020,1,2,1,DUPLICADO_EXACTO,1
00003958,2020,2,2,1,DUPLICADO_EXACTO,1
00003958,2020,3,3,1,DUPLICADO_EXACTO,2
00003959,2019,3,2,1,DUPLICADO_EXACTO,1
00003959,2020,1,2,1,DUPLICADO_EXACTO,1
00003959,2020,2,2,1,DUPLICADO_EXACTO,1
00003959,2020,3,3,1,DUPLICADO_EXACTO,2
00003959,2021,8,2,1,DUPLICADO_EXACTO,1
00003960,2019,8,2,1,DUPLICADO_EXACTO,1
00003960,2020,1,2,1,DUPLICADO_EXACTO,1
00003960,2020,2,2,1,DUPLICADO_EXACTO,1
00003960,2020,3,3,1,DUPLICADO_EXACTO,2
00003960,2021,8,2,1,DUPLICADO_EXACTO,1
00003961,2020,1,2,1,DUPLICADO_EXACTO,1
00003961,2020,2,2,1,DUPLICADO_EXACTO,1
00003961,2020,3,3,1,DUPLICADO_EXACTO,2
00003961,2021,8,2,1,DUPLICADO_EXACTO,1
00003962,2020,1,2,1,DUPLICADO_EXACTO,1
00003962,2020,2,2,1,DUPLICADO_EXACTO,1
00003962,2020,3,3,1,DUPLICADO_EXACTO,2
00003962,2021,8,2,1,DUPLICADO_EXACTO,1
00003963,2020,1,2,1,DUPLICADO_EXACTO,1
00003963,2020,2,2,1,DUPLICADO_EXACTO,1
00003963,2020,3,3,1,DUPLICADO_EXACTO,2
00003963,2021,8,2,1,DUPLICADO_EXACTO,1
00003965,2020,1,2,1,DUPLICADO_EXACTO,1
00003965,2020,2,2,1,DUPLICADO_EXACTO,1
00003965,2020,3,3,1,DUPLICADO_EXACTO,2
00003965,2021,8,2,1,DUPLICADO_EXACTO,1
00003966,2019,7,2,1,DUPLICADO_EXACTO,1
00003966,2019,8,2,1,DUPLICADO_EXACTO,1
00003966,2020,1,2,1,DUPLICADO_EXACTO,1
00003966,2020,2,2,1,DUPLICADO_EXACTO,1
00003966,2020,3,3,1,DUPLICADO_EXACTO,2
00003966,2021,8,2,1,DUPLICADO_EXACTO,1
00003967,2020,1,2,1,DUPLICADO_EXACTO,1
00003967,2020,2,2,1,DUPLICADO_EXACTO,1
00003967,2020,3,3,1,DUPLICADO_EXACTO,2
00003967,2021,8,2,1,DUPLICADO_EXACTO,1
00003968,2020,1,2,1,DUPLICADO_EXACTO,1
00003968,2020,2,2,1,DUPLICADO_EXACTO,1
00003968,2020,3,3,1,DUPLICADO_EXACTO,2
00003968,2021,8,2,1,DUPLICADO_EXACTO,1
00003969,2019,7,2,1,DUPLICADO_EXACTO,1
00003969,2019,12,2,1,DUPLICADO_EXACTO,1
00003969,2020,1,2,1,DUPLICADO_EXACTO,1
00003969,2020,2,2,1,DUPLICADO_EXACTO,1
00003969,2020,3,3,1,DUPLICADO_EXACTO,2
00003969,2021,8,2,1,DUPLICADO_EXACTO,1
00003970,2020,1,2,1,DUPLICADO_EXACTO,1
00003970,2020,2,2,1,DUPLICADO_EXACTO,1
00003970,2020,3,3,1,DUPLICADO_EXACTO,2
00003970,2021,8,2,1,DUPLICADO_EXACTO,1
00003971,2020,1,2,1,DUPLICADO_EXACTO,1
00003971,2020,2,2,1,DUPLICADO_EXACTO,1
00003971,2020,3,3,1,DUPLICADO_EXACTO,2
00003971,2021,8,2,1,DUPLICADO_EXACTO,1
00003972,2019,3,2,1,DUPLICADO_EXACTO,1
00003972,2020,1,2,1,DUPLICADO_EXACTO,1
00003972,2020,2,2,1,DUPLICADO_EXACTO,1
00003972,2020,3,3,1,DUPLICADO_EXACTO,2
00003972,2021,8,2,1,DUPLICADO_EXACTO,1
00003973,2020,1,2,1,DUPLICADO_EXACTO,1
00003973,2020,2,2,1,DUPLICADO_EXACTO,1
00003973,2020,3,3,1,DUPLICADO_EXACTO,2
00003973,2021,8,2,1,DUPLICADO_EXACTO,1
00003974,2020,1,2,1,DUPLICADO_EXACTO,1
00003974,2020,2,2,1,DUPLICADO_EXACTO,1
00003974,2020,3,3,1,DUPLICADO_EXACTO,2
00003974,2021,8,2,1,DUPLICADO_EXACTO,1
00003975,2020,1,2,1,DUPLICADO_EXACTO,1
00003975,2020,2,2,1,DUPLICADO_EXACTO,1
00003975,2020,3,3,1,DUPLICADO_EXACTO,2
00003975,2021,8,2,1,DUPLICADO_EXACTO,1
00003976,2024,3,2,1,DUPLICADO_EXACTO,1
00003976,2024,8,2,1,DUPLICADO_EXACTO,1
00003976,2024,10,2,1,DUPLICADO_EXACTO,1
00003976,2024,11,2,1,DUPLICADO_EXACTO,1
00003977,2024,8,2,1,DUPLICADO_EXACTO,1
00003978,2024,8,2,1,DUPLICADO_EXACTO,1
00003979,2024,3,2,1,DUPLICADO_EXACTO,1
00003979,2024,8,2,1,DUPLICADO_EXACTO,1
00003979,2024,10,2,1,DUPLICADO_EXACTO,1
00003979,2024,11,2,1,DUPLICADO_EXACTO,1
00003979,2025,3,4,1,DUPLICADO_EXACTO,3
00003980,2024,8,2,1,DUPLICADO_EXACTO,1
00003981,2024,8,2,1,DUPLICADO_EXACTO,1
00003982,2024,3,2,1,DUPLICADO_EXACTO,1
00003982,2024,8,2,1,DUPLICADO_EXACTO,1
00003982,2024,10,2,1,DUPLICADO_EXACTO,1
00003982,2024,11,2,1,DUPLICADO_EXACTO,1
00003982,2025,3,4,1,DUPLICADO_EXACTO,3
00003983,2024,3,2,1,DUPLICADO_EXACTO,1
00003983,2024,8,2,1,DUPLICADO_EXACTO,1
00003983,2024,10,2,1,DUPLICADO_EXACTO,1
00003983,2024,11,2,1,DUPLICADO_EXACTO,1
00003983,2025,3,4,1,DUPLICADO_EXACTO,3
00003986,2019,6,2,1,DUPLICADO_EXACTO,1
00003987,2024,8,2,1,DUPLICADO_EXACTO,1
00003988,2019,12,2,1,DUPLICADO_EXACTO,1
00003988,2024,3,2,1,DUPLICADO_EXACTO,1
00003988,2024,10,2,1,DUPLICADO_EXACTO,1
00003988,2024,11,2,1,DUPLICADO_EXACTO,1
00003988,2025,3,4,1,DUPLICADO_EXACTO,3
00003989,2024,3,2,1,DUPLICADO_EXACTO,1
00003989,2024,6,2,1,DUPLICADO_EXACTO,1
00003989,2024,8,2,1,DUPLICADO_EXACTO,1
00003989,2024,9,3,1,DUPLICADO_EXACTO,2
00003989,2024,10,2,1,DUPLICADO_EXACTO,1
00003989,2024,11,2,1,DUPLICADO_EXACTO,1
00003989,2025,1,2,1,DUPLICADO_EXACTO,1
00003989,2025,2,2,1,DUPLICADO_EXACTO,1
00003989,2025,6,2,1,DUPLICADO_EXACTO,1
00003989,2025,7,2,1,DUPLICADO_EXACTO,1
00003989,2025,9,2,1,DUPLICADO_EXACTO,1
00003989,2025,11,2,1,DUPLICADO_EXACTO,1
00003989,2025,12,2,1,DUPLICADO_EXACTO,1
00003989,2026,3,2,1,DUPLICADO_EXACTO,1
00003990,2024,3,2,1,DUPLICADO_EXACTO,1
00003990,2024,6,2,1,DUPLICADO_EXACTO,1
00003990,2024,8,2,1,DUPLICADO_EXACTO,1
00003990,2024,9,3,1,DUPLICADO_EXACTO,2
00003990,2024,10,2,1,DUPLICADO_EXACTO,1
00003990,2024,11,2,1,DUPLICADO_EXACTO,1
00003990,2025,1,2,1,DUPLICADO_EXACTO,1
00003990,2025,2,2,1,DUPLICADO_EXACTO,1
00003990,2025,6,2,1,DUPLICADO_EXACTO,1
00003990,2025,7,2,1,DUPLICADO_EXACTO,1
00003990,2025,9,2,1,DUPLICADO_EXACTO,1
00003990,2025,10,2,1,DUPLICADO_EXACTO,1
00003990,2025,11,2,1,DUPLICADO_EXACTO,1
00003990,2025,12,2,1,DUPLICADO_EXACTO,1
00003990,2026,3,2,1,DUPLICADO_EXACTO,1
00003991,2024,3,2,1,DUPLICADO_EXACTO,1
00003991,2024,6,2,1,DUPLICADO_EXACTO,1
00003991,2024,10,2,1,DUPLICADO_EXACTO,1
00003991,2024,11,2,1,DUPLICADO_EXACTO,1
00003991,2025,10,2,1,DUPLICADO_EXACTO,1
00003991,2026,3,2,1,DUPLICADO_EXACTO,1
00003992,2024,3,2,1,DUPLICADO_EXACTO,1
00003992,2024,6,2,1,DUPLICADO_EXACTO,1
00003992,2024,8,2,1,DUPLICADO_EXACTO,1
00003992,2024,9,3,1,DUPLICADO_EXACTO,2
00003992,2024,10,2,1,DUPLICADO_EXACTO,1
00003992,2024,11,2,1,DUPLICADO_EXACTO,1
00003992,2025,1,2,1,DUPLICADO_EXACTO,1
00003992,2025,2,2,1,DUPLICADO_EXACTO,1
00003992,2025,6,2,1,DUPLICADO_EXACTO,1
00003992,2025,7,2,1,DUPLICADO_EXACTO,1
00003992,2025,9,2,1,DUPLICADO_EXACTO,1
00003992,2025,10,2,1,DUPLICADO_EXACTO,1
00003992,2025,11,2,1,DUPLICADO_EXACTO,1
00003992,2025,12,2,1,DUPLICADO_EXACTO,1
00003992,2026,3,2,1,DUPLICADO_EXACTO,1
00003993,2024,3,2,1,DUPLICADO_EXACTO,1
00003993,2024,6,2,1,DUPLICADO_EXACTO,1
00003993,2024,8,2,1,DUPLICADO_EXACTO,1
00003993,2024,9,3,1,DUPLICADO_EXACTO,2
00003993,2024,10,2,1,DUPLICADO_EXACTO,1
00003993,2024,11,2,1,DUPLICADO_EXACTO,1
00003993,2025,1,2,1,DUPLICADO_EXACTO,1
00003993,2025,2,2,1,DUPLICADO_EXACTO,1
00003993,2025,6,2,1,DUPLICADO_EXACTO,1
00003993,2025,7,2,1,DUPLICADO_EXACTO,1
00003993,2025,9,2,1,DUPLICADO_EXACTO,1
00003993,2025,10,2,1,DUPLICADO_EXACTO,1
00003993,2025,11,2,1,DUPLICADO_EXACTO,1
00003993,2025,12,2,1,DUPLICADO_EXACTO,1
00003993,2026,3,2,1,DUPLICADO_EXACTO,1
00003994,2024,3,2,1,DUPLICADO_EXACTO,1
00003994,2024,6,2,1,DUPLICADO_EXACTO,1
00003994,2024,8,2,1,DUPLICADO_EXACTO,1
00003994,2024,9,3,1,DUPLICADO_EXACTO,2
00003994,2024,10,2,1,DUPLICADO_EXACTO,1
00003994,2024,11,2,1,DUPLICADO_EXACTO,1
00003994,2025,1,2,1,DUPLICADO_EXACTO,1
00003994,2025,2,2,1,DUPLICADO_EXACTO,1
00003994,2025,6,2,1,DUPLICADO_EXACTO,1
00003994,2025,7,2,1,DUPLICADO_EXACTO,1
00003994,2025,9,2,1,DUPLICADO_EXACTO,1
00003994,2025,10,2,1,DUPLICADO_EXACTO,1
00003994,2025,11,2,1,DUPLICADO_EXACTO,1
00003994,2025,12,2,1,DUPLICADO_EXACTO,1
00003994,2026,3,2,1,DUPLICADO_EXACTO,1
00003995,2024,3,2,1,DUPLICADO_EXACTO,1
00003995,2024,6,2,1,DUPLICADO_EXACTO,1
00003995,2024,8,2,1,DUPLICADO_EXACTO,1
00003995,2024,9,3,1,DUPLICADO_EXACTO,2
00003995,2024,10,2,1,DUPLICADO_EXACTO,1
00003995,2024,11,2,1,DUPLICADO_EXACTO,1
00003995,2025,1,2,1,DUPLICADO_EXACTO,1
00003995,2025,2,2,1,DUPLICADO_EXACTO,1
00003995,2025,6,2,1,DUPLICADO_EXACTO,1
00003995,2025,7,2,1,DUPLICADO_EXACTO,1
00003995,2025,9,2,1,DUPLICADO_EXACTO,1
00003995,2025,10,2,1,DUPLICADO_EXACTO,1
00003995,2025,11,2,1,DUPLICADO_EXACTO,1
00003995,2025,12,2,1,DUPLICADO_EXACTO,1
00003995,2026,3,2,1,DUPLICADO_EXACTO,1
00003996,2024,3,2,1,DUPLICADO_EXACTO,1
00003996,2024,6,2,1,DUPLICADO_EXACTO,1
00003996,2024,8,2,1,DUPLICADO_EXACTO,1
00003996,2024,9,3,1,DUPLICADO_EXACTO,2
00003996,2024,10,2,1,DUPLICADO_EXACTO,1
00003996,2024,11,2,1,DUPLICADO_EXACTO,1
00003996,2025,1,2,1,DUPLICADO_EXACTO,1
00003996,2025,2,2,1,DUPLICADO_EXACTO,1
00003996,2025,6,2,1,DUPLICADO_EXACTO,1
00003996,2025,7,2,1,DUPLICADO_EXACTO,1
00003996,2025,9,2,1,DUPLICADO_EXACTO,1
00003996,2025,10,2,1,DUPLICADO_EXACTO,1
00003996,2025,11,2,1,DUPLICADO_EXACTO,1
00003996,2025,12,2,1,DUPLICADO_EXACTO,1
00003996,2026,3,2,1,DUPLICADO_EXACTO,1
00003997,2024,3,2,1,DUPLICADO_EXACTO,1
00003997,2024,6,2,1,DUPLICADO_EXACTO,1
00003997,2024,8,2,1,DUPLICADO_EXACTO,1
00003997,2024,9,3,1,DUPLICADO_EXACTO,2
00003997,2024,10,2,1,DUPLICADO_EXACTO,1
00003997,2024,11,2,1,DUPLICADO_EXACTO,1
00003997,2025,1,2,1,DUPLICADO_EXACTO,1
00003997,2025,2,2,1,DUPLICADO_EXACTO,1
00003997,2025,6,2,1,DUPLICADO_EXACTO,1
00003997,2025,7,2,1,DUPLICADO_EXACTO,1
00003997,2025,9,2,1,DUPLICADO_EXACTO,1
00003997,2025,10,2,1,DUPLICADO_EXACTO,1
00003997,2025,11,2,1,DUPLICADO_EXACTO,1
00003997,2025,12,2,1,DUPLICADO_EXACTO,1
00003997,2026,3,2,1,DUPLICADO_EXACTO,1
00004000,2024,3,2,1,DUPLICADO_EXACTO,1
00004000,2024,6,2,1,DUPLICADO_EXACTO,1
00004000,2024,8,2,1,DUPLICADO_EXACTO,1
00004000,2024,9,3,1,DUPLICADO_EXACTO,2
00004000,2024,10,2,1,DUPLICADO_EXACTO,1
00004000,2024,11,2,1,DUPLICADO_EXACTO,1
00004000,2025,1,2,1,DUPLICADO_EXACTO,1
00004000,2025,2,2,1,DUPLICADO_EXACTO,1
00004000,2025,6,2,1,DUPLICADO_EXACTO,1
00004000,2025,7,2,1,DUPLICADO_EXACTO,1
00004000,2025,9,2,1,DUPLICADO_EXACTO,1
00004000,2025,10,2,1,DUPLICADO_EXACTO,1
00004000,2025,11,2,1,DUPLICADO_EXACTO,1
00004000,2025,12,2,1,DUPLICADO_EXACTO,1
00004000,2026,3,2,1,DUPLICADO_EXACTO,1
00004001,2024,3,2,1,DUPLICADO_EXACTO,1
00004001,2024,6,2,1,DUPLICADO_EXACTO,1
00004001,2024,8,2,1,DUPLICADO_EXACTO,1
00004001,2024,9,3,1,DUPLICADO_EXACTO,2
00004001,2024,10,2,1,DUPLICADO_EXACTO,1
00004001,2024,11,2,1,DUPLICADO_EXACTO,1
00004001,2025,1,2,1,DUPLICADO_EXACTO,1
00004001,2025,2,2,1,DUPLICADO_EXACTO,1
00004001,2025,6,2,1,DUPLICADO_EXACTO,1
00004001,2025,7,2,1,DUPLICADO_EXACTO,1
00004001,2025,9,2,1,DUPLICADO_EXACTO,1
00004001,2025,10,2,1,DUPLICADO_EXACTO,1
00004001,2025,11,2,1,DUPLICADO_EXACTO,1
00004001,2025,12,2,1,DUPLICADO_EXACTO,1
00004001,2026,3,2,1,DUPLICADO_EXACTO,1
00004002,2026,1,2,1,DUPLICADO_EXACTO,1
00004002,2026,3,2,1,DUPLICADO_EXACTO,1
00004003,2026,1,2,1,DUPLICADO_EXACTO,1
00004003,2026,3,2,1,DUPLICADO_EXACTO,1
00004004,2026,1,2,1,DUPLICADO_EXACTO,1
00004004,2026,3,2,1,DUPLICADO_EXACTO,1
00004005,2026,1,2,1,DUPLICADO_EXACTO,1
00004005,2026,3,2,1,DUPLICADO_EXACTO,1
00004007,2026,1,2,1,DUPLICADO_EXACTO,1
00004007,2026,3,2,1,DUPLICADO_EXACTO,1
00004008,2026,1,2,1,DUPLICADO_EXACTO,1
00004008,2026,3,2,1,DUPLICADO_EXACTO,1
00004009,2026,1,2,1,DUPLICADO_EXACTO,1
00004009,2026,3,2,1,DUPLICADO_EXACTO,1
00004010,2026,1,2,1,DUPLICADO_EXACTO,1
00004010,2026,3,2,1,DUPLICADO_EXACTO,1
00004011,2026,2,2,1,DUPLICADO_EXACTO,1
00004011,2026,4,2,1,DUPLICADO_EXACTO,1
00004012,2026,1,2,1,DUPLICADO_EXACTO,1
00004012,2026,3,2,1,DUPLICADO_EXACTO,1
00004013,2026,1,2,1,DUPLICADO_EXACTO,1
00004013,2026,3,2,1,DUPLICADO_EXACTO,1
00004014,2026,1,2,1,DUPLICADO_EXACTO,1
00004014,2026,3,2,1,DUPLICADO_EXACTO,1
00004015,2026,1,2,1,DUPLICADO_EXACTO,1
00004015,2026,3,2,1,DUPLICADO_EXACTO,1
00004016,2026,1,2,1,DUPLICADO_EXACTO,1
00004016,2026,3,2,1,DUPLICADO_EXACTO,1
00004017,2023,12,3,1,DUPLICADO_EXACTO,2
00004017,2024,1,2,1,DUPLICADO_EXACTO,1
00004017,2024,12,2,1,DUPLICADO_EXACTO,1
00004018,2023,12,3,1,DUPLICADO_EXACTO,2
00004018,2024,1,2,1,DUPLICADO_EXACTO,1
00004018,2024,12,2,1,DUPLICADO_EXACTO,1
00004019,2025,11,2,1,DUPLICADO_EXACTO,1
00004020,2025,11,2,1,DUPLICADO_EXACTO,1
00004022,2025,11,2,1,DUPLICADO_EXACTO,1
00004024,2023,12,3,1,DUPLICADO_EXACTO,2
00004025,2023,12,3,1,DUPLICADO_EXACTO,2
00004025,2024,1,2,1,DUPLICADO_EXACTO,1
00004025,2024,12,2,1,DUPLICADO_EXACTO,1
00004026,2023,12,3,1,DUPLICADO_EXACTO,2
00004026,2024,12,2,1,DUPLICADO_EXACTO,1
00004027,2023,12,3,1,DUPLICADO_EXACTO,2
00004027,2024,1,2,1,DUPLICADO_EXACTO,1
00004027,2024,12,2,1,DUPLICADO_EXACTO,1
00004028,2024,12,2,1,DUPLICADO_EXACTO,1
00004029,2023,12,3,1,DUPLICADO_EXACTO,2
00004029,2024,12,2,1,DUPLICADO_EXACTO,1
00004030,2025,11,2,1,DUPLICADO_EXACTO,1
00004031,2025,11,2,1,DUPLICADO_EXACTO,1
00004032,2025,11,2,1,DUPLICADO_EXACTO,1
00004034,2025,11,2,1,DUPLICADO_EXACTO,1
00004035,2025,11,2,1,DUPLICADO_EXACTO,1
00004036,2026,2,2,1,DUPLICADO_EXACTO,1
00004036,2026,4,2,1,DUPLICADO_EXACTO,1
00004037,2026,2,2,1,DUPLICADO_EXACTO,1
00004037,2026,4,2,1,DUPLICADO_EXACTO,1
00004038,2026,2,2,1,DUPLICADO_EXACTO,1
00004038,2026,4,2,1,DUPLICADO_EXACTO,1
00004039,2026,2,2,1,DUPLICADO_EXACTO,1
00004039,2026,4,2,1,DUPLICADO_EXACTO,1
00004040,2026,2,2,1,DUPLICADO_EXACTO,1
00004040,2026,4,2,1,DUPLICADO_EXACTO,1
00004041,2026,2,2,1,DUPLICADO_EXACTO,1
00004041,2026,4,2,1,DUPLICADO_EXACTO,1
00004042,2026,2,2,1,DUPLICADO_EXACTO,1
00004042,2026,4,2,1,DUPLICADO_EXACTO,1
00004043,2026,2,2,1,DUPLICADO_EXACTO,1
00004043,2026,4,2,1,DUPLICADO_EXACTO,1
00004044,2026,2,2,1,DUPLICADO_EXACTO,1
00004044,2026,4,2,1,DUPLICADO_EXACTO,1
00004045,2026,2,2,1,DUPLICADO_EXACTO,1
00004045,2026,4,2,1,DUPLICADO_EXACTO,1
00004046,2026,2,2,1,DUPLICADO_EXACTO,1
00004046,2026,4,2,1,DUPLICADO_EXACTO,1
00004047,2026,2,2,1,DUPLICADO_EXACTO,1
00004047,2026,4,2,1,DUPLICADO_EXACTO,1
00004048,2026,2,2,1,DUPLICADO_EXACTO,1
00004048,2026,4,2,1,DUPLICADO_EXACTO,1
00004049,2026,2,2,1,DUPLICADO_EXACTO,1
00004049,2026,4,2,1,DUPLICADO_EXACTO,1
00004050,2026,2,2,1,DUPLICADO_EXACTO,1
00004050,2026,4,2,1,DUPLICADO_EXACTO,1
00004051,2026,2,2,1,DUPLICADO_EXACTO,1
00004051,2026,4,2,1,DUPLICADO_EXACTO,1
00004052,2026,2,2,1,DUPLICADO_EXACTO,1
00004052,2026,4,2,1,DUPLICADO_EXACTO,1
00004053,2026,2,2,1,DUPLICADO_EXACTO,1
00004053,2026,4,2,1,DUPLICADO_EXACTO,1
00004054,2026,2,2,1,DUPLICADO_EXACTO,1
00004054,2026,4,2,1,DUPLICADO_EXACTO,1
00004055,2026,2,2,1,DUPLICADO_EXACTO,1
00004055,2026,4,2,1,DUPLICADO_EXACTO,1
00004056,2026,2,2,1,DUPLICADO_EXACTO,1
00004056,2026,4,2,1,DUPLICADO_EXACTO,1
00004057,2026,2,2,1,DUPLICADO_EXACTO,1
00004057,2026,4,2,1,DUPLICADO_EXACTO,1
00004058,2026,2,2,1,DUPLICADO_EXACTO,1
00004058,2026,4,2,1,DUPLICADO_EXACTO,1
00004059,2026,2,2,1,DUPLICADO_EXACTO,1
00004059,2026,4,2,1,DUPLICADO_EXACTO,1
00004060,2026,2,2,1,DUPLICADO_EXACTO,1
00004060,2026,4,2,1,DUPLICADO_EXACTO,1
00004061,2026,2,2,1,DUPLICADO_EXACTO,1
00004061,2026,4,2,1,DUPLICADO_EXACTO,1
00004062,2026,2,2,1,DUPLICADO_EXACTO,1
00004062,2026,4,2,1,DUPLICADO_EXACTO,1
00004063,2026,2,2,1,DUPLICADO_EXACTO,1
00004063,2026,4,2,1,DUPLICADO_EXACTO,1
00004064,2026,2,2,1,DUPLICADO_EXACTO,1
00004064,2026,4,2,1,DUPLICADO_EXACTO,1
00004065,2026,2,2,1,DUPLICADO_EXACTO,1
00004065,2026,4,2,1,DUPLICADO_EXACTO,1
00004066,2026,2,2,1,DUPLICADO_EXACTO,1
00004066,2026,4,2,1,DUPLICADO_EXACTO,1
00004067,2026,2,2,1,DUPLICADO_EXACTO,1
00004067,2026,4,2,1,DUPLICADO_EXACTO,1
00004068,2026,2,2,1,DUPLICADO_EXACTO,1
00004068,2026,4,2,1,DUPLICADO_EXACTO,1
00004069,2026,2,2,1,DUPLICADO_EXACTO,1
00004069,2026,4,2,1,DUPLICADO_EXACTO,1
00004070,2026,2,2,1,DUPLICADO_EXACTO,1
00004070,2026,4,2,1,DUPLICADO_EXACTO,1
00004071,2026,2,2,1,DUPLICADO_EXACTO,1
00004071,2026,4,2,1,DUPLICADO_EXACTO,1
00004072,2026,2,2,1,DUPLICADO_EXACTO,1
00004072,2026,4,2,1,DUPLICADO_EXACTO,1
00004073,2026,2,2,1,DUPLICADO_EXACTO,1
00004073,2026,4,2,1,DUPLICADO_EXACTO,1
00004075,2024,5,3,1,DUPLICADO_EXACTO,2
00004075,2024,12,2,1,DUPLICADO_EXACTO,1
00004075,2025,5,2,1,DUPLICADO_EXACTO,1
00004075,2025,10,3,1,DUPLICADO_EXACTO,2
00004075,2025,11,2,1,DUPLICADO_EXACTO,1
00004076,2024,5,3,1,DUPLICADO_EXACTO,2
00004076,2024,12,2,1,DUPLICADO_EXACTO,1
00004076,2025,5,2,1,DUPLICADO_EXACTO,1
00004076,2025,11,2,1,DUPLICADO_EXACTO,1
00004077,2023,12,2,1,DUPLICADO_EXACTO,1
00004077,2024,2,2,1,DUPLICADO_EXACTO,1
00004077,2024,5,3,1,DUPLICADO_EXACTO,2
00004077,2024,6,2,1,DUPLICADO_EXACTO,1
00004077,2024,12,2,1,DUPLICADO_EXACTO,1
00004077,2025,4,2,1,DUPLICADO_EXACTO,1
00004077,2025,9,2,1,DUPLICADO_EXACTO,1
00004077,2025,10,3,1,DUPLICADO_EXACTO,2
00004077,2025,11,2,1,DUPLICADO_EXACTO,1
00004078,2023,12,2,1,DUPLICADO_EXACTO,1
00004078,2024,2,2,1,DUPLICADO_EXACTO,1
00004078,2024,5,3,1,DUPLICADO_EXACTO,2
00004078,2024,6,2,1,DUPLICADO_EXACTO,1
00004078,2025,5,2,1,DUPLICADO_EXACTO,1
00004078,2025,9,2,1,DUPLICADO_EXACTO,1
00004078,2025,10,3,1,DUPLICADO_EXACTO,2
00004078,2025,11,2,1,DUPLICADO_EXACTO,1
00004079,2023,12,2,1,DUPLICADO_EXACTO,1
00004079,2024,2,2,1,DUPLICADO_EXACTO,1
00004079,2024,5,3,1,DUPLICADO_EXACTO,2
00004079,2024,6,2,1,DUPLICADO_EXACTO,1
00004079,2024,12,2,1,DUPLICADO_EXACTO,1
00004079,2025,4,2,1,DUPLICADO_EXACTO,1
00004079,2025,5,2,1,DUPLICADO_EXACTO,1
00004079,2025,8,2,1,DUPLICADO_EXACTO,1
00004079,2025,9,2,1,DUPLICADO_EXACTO,1
00004079,2025,10,3,1,DUPLICADO_EXACTO,2
00004079,2025,11,2,1,DUPLICADO_EXACTO,1
00004080,2023,12,2,1,DUPLICADO_EXACTO,1
00004080,2024,2,2,1,DUPLICADO_EXACTO,1
00004080,2024,5,3,1,DUPLICADO_EXACTO,2
00004080,2024,6,2,1,DUPLICADO_EXACTO,1
00004080,2024,10,2,1,DUPLICADO_EXACTO,1
00004080,2024,12,2,1,DUPLICADO_EXACTO,1
00004080,2025,4,2,1,DUPLICADO_EXACTO,1
00004080,2025,5,2,1,DUPLICADO_EXACTO,1
00004080,2025,10,3,1,DUPLICADO_EXACTO,2
00004080,2025,11,2,1,DUPLICADO_EXACTO,1
00004081,2024,5,3,1,DUPLICADO_EXACTO,2
00004081,2024,12,2,1,DUPLICADO_EXACTO,1
00004081,2025,5,2,1,DUPLICADO_EXACTO,1
00004081,2025,10,2,1,DUPLICADO_EXACTO,1
00004082,2023,12,2,1,DUPLICADO_EXACTO,1
00004082,2024,2,2,1,DUPLICADO_EXACTO,1
00004082,2024,5,3,1,DUPLICADO_EXACTO,2
00004082,2024,6,2,1,DUPLICADO_EXACTO,1
00004082,2024,12,2,1,DUPLICADO_EXACTO,1
00004082,2025,4,2,1,DUPLICADO_EXACTO,1
00004082,2025,5,2,1,DUPLICADO_EXACTO,1
00004082,2025,8,2,1,DUPLICADO_EXACTO,1
00004082,2025,9,2,1,DUPLICADO_EXACTO,1
00004082,2025,10,3,1,DUPLICADO_EXACTO,2
00004082,2025,11,2,1,DUPLICADO_EXACTO,1
00004083,2023,12,2,1,DUPLICADO_EXACTO,1
00004083,2024,2,2,1,DUPLICADO_EXACTO,1
00004083,2024,5,3,1,DUPLICADO_EXACTO,2
00004083,2024,6,2,1,DUPLICADO_EXACTO,1
00004083,2024,12,2,1,DUPLICADO_EXACTO,1
00004083,2025,4,2,1,DUPLICADO_EXACTO,1
00004083,2025,5,2,1,DUPLICADO_EXACTO,1
00004083,2025,8,2,1,DUPLICADO_EXACTO,1
00004083,2025,9,2,1,DUPLICADO_EXACTO,1
00004083,2025,10,3,1,DUPLICADO_EXACTO,2
00004083,2025,11,2,1,DUPLICADO_EXACTO,1
00004084,2023,12,2,1,DUPLICADO_EXACTO,1
00004084,2024,2,2,1,DUPLICADO_EXACTO,1
00004084,2024,5,3,1,DUPLICADO_EXACTO,2
00004084,2024,6,2,1,DUPLICADO_EXACTO,1
00004084,2024,12,2,1,DUPLICADO_EXACTO,1
00004084,2025,4,2,1,DUPLICADO_EXACTO,1
00004084,2025,5,2,1,DUPLICADO_EXACTO,1
00004084,2025,8,2,1,DUPLICADO_EXACTO,1
00004084,2025,9,2,1,DUPLICADO_EXACTO,1
00004084,2025,10,3,1,DUPLICADO_EXACTO,2
00004084,2025,11,2,1,DUPLICADO_EXACTO,1
00004085,2023,12,2,1,DUPLICADO_EXACTO,1
00004085,2024,2,2,1,DUPLICADO_EXACTO,1
00004085,2024,5,3,1,DUPLICADO_EXACTO,2
00004085,2024,6,2,1,DUPLICADO_EXACTO,1
00004085,2024,12,2,1,DUPLICADO_EXACTO,1
00004085,2025,4,2,1,DUPLICADO_EXACTO,1
00004085,2025,5,2,1,DUPLICADO_EXACTO,1
00004085,2025,8,2,1,DUPLICADO_EXACTO,1
00004085,2025,9,2,1,DUPLICADO_EXACTO,1
00004085,2025,10,3,1,DUPLICADO_EXACTO,2
00004085,2025,11,2,1,DUPLICADO_EXACTO,1
00004086,2023,12,2,1,DUPLICADO_EXACTO,1
00004086,2024,2,2,1,DUPLICADO_EXACTO,1
00004086,2024,5,3,1,DUPLICADO_EXACTO,2
00004086,2024,6,2,1,DUPLICADO_EXACTO,1
00004086,2024,10,2,1,DUPLICADO_EXACTO,1
00004086,2024,12,2,1,DUPLICADO_EXACTO,1
00004086,2025,4,2,1,DUPLICADO_EXACTO,1
00004086,2025,5,2,1,DUPLICADO_EXACTO,1
00004086,2025,8,2,1,DUPLICADO_EXACTO,1
00004086,2025,9,2,1,DUPLICADO_EXACTO,1
00004086,2025,10,3,1,DUPLICADO_EXACTO,2
00004086,2025,11,2,1,DUPLICADO_EXACTO,1
00004087,2024,5,2,1,DUPLICADO_EXACTO,1
00004087,2024,12,2,1,DUPLICADO_EXACTO,1
00004087,2025,5,2,1,DUPLICADO_EXACTO,1
00004087,2025,9,2,1,DUPLICADO_EXACTO,1
00004087,2025,10,3,1,DUPLICADO_EXACTO,2
00004087,2025,11,2,1,DUPLICADO_EXACTO,1
00004088,2023,12,2,1,DUPLICADO_EXACTO,1
00004088,2024,2,2,1,DUPLICADO_EXACTO,1
00004088,2024,5,3,1,DUPLICADO_EXACTO,2
00004088,2024,6,2,1,DUPLICADO_EXACTO,1
00004088,2024,9,2,1,DUPLICADO_EXACTO,1
00004088,2024,10,2,1,DUPLICADO_EXACTO,1
00004088,2024,12,2,1,DUPLICADO_EXACTO,1
00004088,2025,4,2,1,DUPLICADO_EXACTO,1
00004088,2025,5,2,1,DUPLICADO_EXACTO,1
00004088,2025,8,2,1,DUPLICADO_EXACTO,1
00004088,2025,9,2,1,DUPLICADO_EXACTO,1
00004088,2025,10,3,1,DUPLICADO_EXACTO,2
00004088,2025,11,2,1,DUPLICADO_EXACTO,1
00004089,2024,5,3,1,DUPLICADO_EXACTO,2
00004089,2024,12,2,1,DUPLICADO_EXACTO,1
00004089,2025,5,2,1,DUPLICADO_EXACTO,1
00004089,2025,9,2,1,DUPLICADO_EXACTO,1
00004089,2025,10,3,1,DUPLICADO_EXACTO,2
00004089,2025,11,2,1,DUPLICADO_EXACTO,1
00004090,2023,12,2,1,DUPLICADO_EXACTO,1
00004090,2024,2,2,1,DUPLICADO_EXACTO,1
00004090,2024,5,3,1,DUPLICADO_EXACTO,2
00004090,2024,6,2,1,DUPLICADO_EXACTO,1
00004090,2024,10,2,1,DUPLICADO_EXACTO,1
00004090,2024,12,2,1,DUPLICADO_EXACTO,1
00004090,2025,4,2,1,DUPLICADO_EXACTO,1
00004090,2025,5,2,1,DUPLICADO_EXACTO,1
00004090,2025,8,2,1,DUPLICADO_EXACTO,1
00004090,2025,9,2,1,DUPLICADO_EXACTO,1
00004090,2025,10,3,1,DUPLICADO_EXACTO,2
00004090,2025,11,2,1,DUPLICADO_EXACTO,1
00004091,2023,12,2,1,DUPLICADO_EXACTO,1
00004091,2024,2,2,1,DUPLICADO_EXACTO,1
00004091,2024,5,3,1,DUPLICADO_EXACTO,2
00004091,2024,6,2,1,DUPLICADO_EXACTO,1
00004091,2024,9,2,1,DUPLICADO_EXACTO,1
00004091,2024,10,2,1,DUPLICADO_EXACTO,1
00004091,2024,12,2,1,DUPLICADO_EXACTO,1
00004091,2025,4,2,1,DUPLICADO_EXACTO,1
00004091,2025,5,2,1,DUPLICADO_EXACTO,1
00004091,2025,8,2,1,DUPLICADO_EXACTO,1
00004091,2025,9,2,1,DUPLICADO_EXACTO,1
00004091,2025,10,3,1,DUPLICADO_EXACTO,2
00004091,2025,11,2,1,DUPLICADO_EXACTO,1
00004092,2024,5,3,1,DUPLICADO_EXACTO,2
00004092,2024,12,2,1,DUPLICADO_EXACTO,1
00004092,2025,5,2,1,DUPLICADO_EXACTO,1
00004092,2025,9,2,1,DUPLICADO_EXACTO,1
00004092,2025,10,3,1,DUPLICADO_EXACTO,2
00004092,2025,11,2,1,DUPLICADO_EXACTO,1
00004093,2023,12,2,1,DUPLICADO_EXACTO,1
00004093,2024,2,2,1,DUPLICADO_EXACTO,1
00004093,2024,5,3,1,DUPLICADO_EXACTO,2
00004093,2024,6,2,1,DUPLICADO_EXACTO,1
00004093,2024,9,2,1,DUPLICADO_EXACTO,1
00004093,2024,10,2,1,DUPLICADO_EXACTO,1
00004093,2024,12,2,1,DUPLICADO_EXACTO,1
00004093,2025,4,2,1,DUPLICADO_EXACTO,1
00004093,2025,5,2,1,DUPLICADO_EXACTO,1
00004093,2025,8,2,1,DUPLICADO_EXACTO,1
00004093,2025,9,2,1,DUPLICADO_EXACTO,1
00004093,2025,10,3,1,DUPLICADO_EXACTO,2
00004093,2025,11,2,1,DUPLICADO_EXACTO,1
00004094,2024,5,2,1,DUPLICADO_EXACTO,1
00004094,2024,12,2,1,DUPLICADO_EXACTO,1
00004094,2025,5,2,1,DUPLICADO_EXACTO,1
00004094,2025,9,2,1,DUPLICADO_EXACTO,1
00004094,2025,10,3,1,DUPLICADO_EXACTO,2
00004094,2025,11,2,1,DUPLICADO_EXACTO,1
00004095,2024,5,3,1,DUPLICADO_EXACTO,2
00004095,2024,6,2,1,DUPLICADO_EXACTO,1
00004095,2024,9,2,1,DUPLICADO_EXACTO,1
00004095,2024,10,2,1,DUPLICADO_EXACTO,1
00004095,2024,12,2,1,DUPLICADO_EXACTO,1
00004095,2025,4,2,1,DUPLICADO_EXACTO,1
00004095,2025,5,2,1,DUPLICADO_EXACTO,1
00004095,2025,8,2,1,DUPLICADO_EXACTO,1
00004095,2025,9,2,1,DUPLICADO_EXACTO,1
00004095,2025,10,3,1,DUPLICADO_EXACTO,2
00004095,2025,11,2,1,DUPLICADO_EXACTO,1
00004096,2023,12,2,1,DUPLICADO_EXACTO,1
00004096,2024,2,2,1,DUPLICADO_EXACTO,1
00004096,2024,5,3,1,DUPLICADO_EXACTO,2
00004096,2024,6,2,1,DUPLICADO_EXACTO,1
00004096,2024,9,2,1,DUPLICADO_EXACTO,1
00004096,2024,10,2,1,DUPLICADO_EXACTO,1
00004096,2024,12,2,1,DUPLICADO_EXACTO,1
00004096,2025,4,2,1,DUPLICADO_EXACTO,1
00004096,2025,5,2,1,DUPLICADO_EXACTO,1
00004096,2025,8,2,1,DUPLICADO_EXACTO,1
00004096,2025,9,2,1,DUPLICADO_EXACTO,1
00004096,2025,10,3,1,DUPLICADO_EXACTO,2
00004096,2025,11,2,1,DUPLICADO_EXACTO,1
00004097,2024,3,2,1,DUPLICADO_EXACTO,1
00004097,2024,6,2,1,DUPLICADO_EXACTO,1
00004097,2024,8,2,1,DUPLICADO_EXACTO,1
00004097,2024,9,3,1,DUPLICADO_EXACTO,2
00004097,2024,10,2,1,DUPLICADO_EXACTO,1
00004097,2024,11,2,1,DUPLICADO_EXACTO,1
00004097,2025,1,2,1,DUPLICADO_EXACTO,1
00004097,2025,2,2,1,DUPLICADO_EXACTO,1
00004097,2025,6,2,1,DUPLICADO_EXACTO,1
00004097,2025,7,2,1,DUPLICADO_EXACTO,1
00004097,2025,9,2,1,DUPLICADO_EXACTO,1
00004097,2025,10,2,1,DUPLICADO_EXACTO,1
00004097,2025,11,2,1,DUPLICADO_EXACTO,1
00004097,2025,12,2,1,DUPLICADO_EXACTO,1
00004097,2026,3,2,1,DUPLICADO_EXACTO,1
00004098,2023,12,2,1,DUPLICADO_EXACTO,1
00004098,2024,2,2,1,DUPLICADO_EXACTO,1
00004098,2024,5,3,1,DUPLICADO_EXACTO,2
00004098,2024,6,2,1,DUPLICADO_EXACTO,1
00004098,2024,10,2,1,DUPLICADO_EXACTO,1
00004098,2024,12,2,1,DUPLICADO_EXACTO,1
00004098,2025,4,2,1,DUPLICADO_EXACTO,1
00004098,2025,5,2,1,DUPLICADO_EXACTO,1
00004098,2025,9,2,1,DUPLICADO_EXACTO,1
00004098,2025,10,3,1,DUPLICADO_EXACTO,2
00004098,2025,11,2,1,DUPLICADO_EXACTO,1
00004099,2023,12,2,1,DUPLICADO_EXACTO,1
00004099,2024,2,2,1,DUPLICADO_EXACTO,1
00004099,2024,5,3,1,DUPLICADO_EXACTO,2
00004099,2024,6,2,1,DUPLICADO_EXACTO,1
00004099,2024,9,2,1,DUPLICADO_EXACTO,1
00004099,2024,10,2,1,DUPLICADO_EXACTO,1
00004099,2024,12,2,1,DUPLICADO_EXACTO,1
00004099,2025,4,2,1,DUPLICADO_EXACTO,1
00004099,2025,5,2,1,DUPLICADO_EXACTO,1
00004099,2025,8,2,1,DUPLICADO_EXACTO,1
00004099,2025,9,2,1,DUPLICADO_EXACTO,1
00004099,2025,10,3,1,DUPLICADO_EXACTO,2
00004099,2025,11,2,1,DUPLICADO_EXACTO,1
00004100,2023,12,2,1,DUPLICADO_EXACTO,1
00004100,2024,2,2,1,DUPLICADO_EXACTO,1
00004100,2024,5,3,1,DUPLICADO_EXACTO,2
00004100,2024,6,2,1,DUPLICADO_EXACTO,1
00004100,2024,9,2,1,DUPLICADO_EXACTO,1
00004100,2024,10,2,1,DUPLICADO_EXACTO,1
00004100,2024,12,2,1,DUPLICADO_EXACTO,1
00004100,2025,4,2,1,DUPLICADO_EXACTO,1
00004100,2025,5,2,1,DUPLICADO_EXACTO,1
00004100,2025,8,2,1,DUPLICADO_EXACTO,1
00004100,2025,9,2,1,DUPLICADO_EXACTO,1
00004100,2025,10,3,1,DUPLICADO_EXACTO,2
00004100,2025,11,2,1,DUPLICADO_EXACTO,1
00004101,2023,12,2,1,DUPLICADO_EXACTO,1
00004101,2024,2,2,1,DUPLICADO_EXACTO,1
00004101,2024,5,3,1,DUPLICADO_EXACTO,2
00004101,2024,6,2,1,DUPLICADO_EXACTO,1
00004101,2024,9,2,1,DUPLICADO_EXACTO,1
00004101,2024,10,2,1,DUPLICADO_EXACTO,1
00004101,2024,12,2,1,DUPLICADO_EXACTO,1
00004101,2025,4,2,1,DUPLICADO_EXACTO,1
00004101,2025,5,2,1,DUPLICADO_EXACTO,1
00004101,2025,8,2,1,DUPLICADO_EXACTO,1
00004101,2025,9,2,1,DUPLICADO_EXACTO,1
00004101,2025,10,3,1,DUPLICADO_EXACTO,2
00004101,2025,11,2,1,DUPLICADO_EXACTO,1
00004102,2023,12,2,1,DUPLICADO_EXACTO,1
00004102,2024,2,2,1,DUPLICADO_EXACTO,1
00004102,2024,5,3,1,DUPLICADO_EXACTO,2
00004102,2024,6,2,1,DUPLICADO_EXACTO,1
00004102,2024,9,2,1,DUPLICADO_EXACTO,1
00004102,2024,10,2,1,DUPLICADO_EXACTO,1
00004102,2024,12,2,1,DUPLICADO_EXACTO,1
00004102,2025,4,2,1,DUPLICADO_EXACTO,1
00004102,2025,5,2,1,DUPLICADO_EXACTO,1
00004102,2025,8,2,1,DUPLICADO_EXACTO,1
00004102,2025,9,2,1,DUPLICADO_EXACTO,1
00004102,2025,10,3,1,DUPLICADO_EXACTO,2
00004102,2025,11,2,1,DUPLICADO_EXACTO,1
00004103,2023,12,2,1,DUPLICADO_EXACTO,1
00004103,2024,2,2,1,DUPLICADO_EXACTO,1
00004103,2024,5,3,1,DUPLICADO_EXACTO,2
00004103,2024,6,2,1,DUPLICADO_EXACTO,1
00004103,2024,10,2,1,DUPLICADO_EXACTO,1
00004103,2024,12,2,1,DUPLICADO_EXACTO,1
00004103,2025,4,2,1,DUPLICADO_EXACTO,1
00004103,2025,5,2,1,DUPLICADO_EXACTO,1
00004103,2025,8,2,1,DUPLICADO_EXACTO,1
00004103,2025,9,2,1,DUPLICADO_EXACTO,1
00004103,2025,10,3,1,DUPLICADO_EXACTO,2
00004103,2025,11,2,1,DUPLICADO_EXACTO,1
00004104,2023,12,2,1,DUPLICADO_EXACTO,1
00004104,2024,2,2,1,DUPLICADO_EXACTO,1
00004104,2024,5,3,1,DUPLICADO_EXACTO,2
00004104,2024,6,2,1,DUPLICADO_EXACTO,1
00004104,2024,10,2,1,DUPLICADO_EXACTO,1
00004104,2024,12,2,1,DUPLICADO_EXACTO,1
00004104,2025,4,2,1,DUPLICADO_EXACTO,1
00004104,2025,9,2,1,DUPLICADO_EXACTO,1
00004104,2025,10,3,1,DUPLICADO_EXACTO,2
00004104,2025,11,2,1,DUPLICADO_EXACTO,1
00004105,2023,12,2,1,DUPLICADO_EXACTO,1
00004105,2024,2,2,1,DUPLICADO_EXACTO,1
00004105,2024,5,3,1,DUPLICADO_EXACTO,2
00004105,2024,6,2,1,DUPLICADO_EXACTO,1
00004105,2024,10,2,1,DUPLICADO_EXACTO,1
00004105,2024,12,2,1,DUPLICADO_EXACTO,1
00004105,2025,4,2,1,DUPLICADO_EXACTO,1
00004105,2025,5,2,1,DUPLICADO_EXACTO,1
00004105,2025,8,2,1,DUPLICADO_EXACTO,1
00004105,2025,9,2,1,DUPLICADO_EXACTO,1
00004105,2025,10,3,1,DUPLICADO_EXACTO,2
00004105,2025,11,2,1,DUPLICADO_EXACTO,1
00004106,2023,12,2,1,DUPLICADO_EXACTO,1
00004106,2024,2,2,1,DUPLICADO_EXACTO,1
00004106,2024,5,3,1,DUPLICADO_EXACTO,2
00004106,2024,6,2,1,DUPLICADO_EXACTO,1
00004106,2024,10,2,1,DUPLICADO_EXACTO,1
00004106,2024,12,2,1,DUPLICADO_EXACTO,1
00004106,2025,4,2,1,DUPLICADO_EXACTO,1
00004106,2025,5,2,1,DUPLICADO_EXACTO,1
00004106,2025,8,2,1,DUPLICADO_EXACTO,1
00004106,2025,9,2,1,DUPLICADO_EXACTO,1
00004106,2025,10,3,1,DUPLICADO_EXACTO,2
00004106,2025,11,2,1,DUPLICADO_EXACTO,1
00004107,2023,12,2,1,DUPLICADO_EXACTO,1
00004107,2024,2,2,1,DUPLICADO_EXACTO,1
00004107,2024,5,3,1,DUPLICADO_EXACTO,2
00004107,2024,6,2,1,DUPLICADO_EXACTO,1
00004107,2024,9,2,1,DUPLICADO_EXACTO,1
00004107,2024,10,2,1,DUPLICADO_EXACTO,1
00004107,2024,12,2,1,DUPLICADO_EXACTO,1
00004107,2025,4,2,1,DUPLICADO_EXACTO,1
00004107,2025,5,2,1,DUPLICADO_EXACTO,1
00004107,2025,8,2,1,DUPLICADO_EXACTO,1
00004107,2025,9,2,1,DUPLICADO_EXACTO,1
00004107,2025,10,3,1,DUPLICADO_EXACTO,2
00004107,2025,11,2,1,DUPLICADO_EXACTO,1
00004108,2023,12,2,1,DUPLICADO_EXACTO,1
00004108,2024,2,2,1,DUPLICADO_EXACTO,1
00004108,2024,5,3,1,DUPLICADO_EXACTO,2
00004108,2024,6,2,1,DUPLICADO_EXACTO,1
00004108,2024,9,2,1,DUPLICADO_EXACTO,1
00004108,2024,10,2,1,DUPLICADO_EXACTO,1
00004108,2024,12,2,1,DUPLICADO_EXACTO,1
00004108,2025,4,2,1,DUPLICADO_EXACTO,1
00004108,2025,5,2,1,DUPLICADO_EXACTO,1
00004108,2025,8,2,1,DUPLICADO_EXACTO,1
00004108,2025,9,2,1,DUPLICADO_EXACTO,1
00004108,2025,10,3,1,DUPLICADO_EXACTO,2
00004108,2025,11,2,1,DUPLICADO_EXACTO,1
00004109,2023,12,2,1,DUPLICADO_EXACTO,1
00004109,2024,2,2,1,DUPLICADO_EXACTO,1
00004109,2024,5,3,1,DUPLICADO_EXACTO,2
00004109,2024,6,2,1,DUPLICADO_EXACTO,1
00004109,2024,10,2,1,DUPLICADO_EXACTO,1
00004109,2024,12,2,1,DUPLICADO_EXACTO,1
00004109,2025,5,2,1,DUPLICADO_EXACTO,1
00004109,2025,9,2,1,DUPLICADO_EXACTO,1
00004109,2025,10,3,1,DUPLICADO_EXACTO,2
00004109,2025,11,2,1,DUPLICADO_EXACTO,1
00004110,2023,12,2,1,DUPLICADO_EXACTO,1
00004110,2024,2,2,1,DUPLICADO_EXACTO,1
00004110,2024,5,3,1,DUPLICADO_EXACTO,2
00004110,2024,6,2,1,DUPLICADO_EXACTO,1
00004110,2024,10,2,1,DUPLICADO_EXACTO,1
00004110,2024,12,2,1,DUPLICADO_EXACTO,1
00004110,2025,4,2,1,DUPLICADO_EXACTO,1
00004110,2025,5,2,1,DUPLICADO_EXACTO,1
00004110,2025,8,2,1,DUPLICADO_EXACTO,1
00004110,2025,9,2,1,DUPLICADO_EXACTO,1
00004110,2025,10,3,1,DUPLICADO_EXACTO,2
00004110,2025,11,2,1,DUPLICADO_EXACTO,1
00004111,2023,12,2,1,DUPLICADO_EXACTO,1
00004111,2024,5,3,1,DUPLICADO_EXACTO,2
00004111,2024,6,2,1,DUPLICADO_EXACTO,1
00004111,2024,10,2,1,DUPLICADO_EXACTO,1
00004111,2024,12,2,1,DUPLICADO_EXACTO,1
00004111,2025,4,2,1,DUPLICADO_EXACTO,1
00004111,2025,9,2,1,DUPLICADO_EXACTO,1
00004111,2025,10,3,1,DUPLICADO_EXACTO,2
00004111,2025,11,2,1,DUPLICADO_EXACTO,1
00004112,2023,12,2,1,DUPLICADO_EXACTO,1
00004112,2024,2,2,1,DUPLICADO_EXACTO,1
00004112,2024,5,3,1,DUPLICADO_EXACTO,2
00004112,2024,6,2,1,DUPLICADO_EXACTO,1
00004112,2024,10,2,1,DUPLICADO_EXACTO,1
00004112,2024,12,2,1,DUPLICADO_EXACTO,1
00004112,2025,4,2,1,DUPLICADO_EXACTO,1
00004112,2025,5,2,1,DUPLICADO_EXACTO,1
00004112,2025,8,2,1,DUPLICADO_EXACTO,1
00004112,2025,9,2,1,DUPLICADO_EXACTO,1
00004112,2025,10,3,1,DUPLICADO_EXACTO,2
00004112,2025,11,2,1,DUPLICADO_EXACTO,1
00004113,2023,12,2,1,DUPLICADO_EXACTO,1
00004113,2024,2,2,1,DUPLICADO_EXACTO,1
00004113,2024,5,3,1,DUPLICADO_EXACTO,2
00004113,2024,6,2,1,DUPLICADO_EXACTO,1
00004113,2024,9,2,1,DUPLICADO_EXACTO,1
00004113,2024,10,2,1,DUPLICADO_EXACTO,1
00004113,2024,12,2,1,DUPLICADO_EXACTO,1
00004113,2025,4,2,1,DUPLICADO_EXACTO,1
00004113,2025,5,2,1,DUPLICADO_EXACTO,1
00004113,2025,8,2,1,DUPLICADO_EXACTO,1
00004113,2025,9,2,1,DUPLICADO_EXACTO,1
00004113,2025,10,3,1,DUPLICADO_EXACTO,2
00004113,2025,11,2,1,DUPLICADO_EXACTO,1
00004114,2023,12,2,1,DUPLICADO_EXACTO,1
00004114,2024,2,2,1,DUPLICADO_EXACTO,1
00004114,2024,5,3,1,DUPLICADO_EXACTO,2
00004114,2024,6,2,1,DUPLICADO_EXACTO,1
00004114,2024,9,2,1,DUPLICADO_EXACTO,1
00004114,2024,10,2,1,DUPLICADO_EXACTO,1
00004114,2024,12,2,1,DUPLICADO_EXACTO,1
00004114,2025,4,2,1,DUPLICADO_EXACTO,1
00004114,2025,5,2,1,DUPLICADO_EXACTO,1
00004114,2025,8,2,1,DUPLICADO_EXACTO,1
00004114,2025,9,2,1,DUPLICADO_EXACTO,1
00004114,2025,10,3,1,DUPLICADO_EXACTO,2
00004114,2025,11,2,1,DUPLICADO_EXACTO,1
00004115,2025,5,2,1,DUPLICADO_EXACTO,1
00004116,2025,5,2,1,DUPLICADO_EXACTO,1
00004117,2025,5,2,1,DUPLICADO_EXACTO,1
00004118,2025,5,2,1,DUPLICADO_EXACTO,1
00004120,2025,5,2,1,DUPLICADO_EXACTO,1
00004121,2025,5,2,1,DUPLICADO_EXACTO,1
00004122,2023,12,2,1,DUPLICADO_EXACTO,1
00004122,2024,2,2,1,DUPLICADO_EXACTO,1
00004122,2024,5,3,1,DUPLICADO_EXACTO,2
00004122,2024,10,2,1,DUPLICADO_EXACTO,1
00004122,2024,12,2,1,DUPLICADO_EXACTO,1
00004122,2025,4,2,1,DUPLICADO_EXACTO,1
00004122,2025,5,2,1,DUPLICADO_EXACTO,1
00004122,2025,9,2,1,DUPLICADO_EXACTO,1
00004122,2025,10,3,1,DUPLICADO_EXACTO,2
00004122,2025,11,2,1,DUPLICADO_EXACTO,1
00004123,2023,12,2,1,DUPLICADO_EXACTO,1
00004123,2024,2,2,1,DUPLICADO_EXACTO,1
00004123,2024,5,3,1,DUPLICADO_EXACTO,2
00004123,2024,6,2,1,DUPLICADO_EXACTO,1
00004123,2024,10,2,1,DUPLICADO_EXACTO,1
00004123,2024,12,2,1,DUPLICADO_EXACTO,1
00004123,2025,4,2,1,DUPLICADO_EXACTO,1
00004123,2025,5,2,1,DUPLICADO_EXACTO,1
00004123,2025,8,2,1,DUPLICADO_EXACTO,1
00004123,2025,9,2,1,DUPLICADO_EXACTO,1
00004123,2025,10,3,1,DUPLICADO_EXACTO,2
00004123,2025,11,2,1,DUPLICADO_EXACTO,1
00004124,2023,12,2,1,DUPLICADO_EXACTO,1
00004124,2024,2,2,1,DUPLICADO_EXACTO,1
00004124,2024,5,3,1,DUPLICADO_EXACTO,2
00004124,2024,6,2,1,DUPLICADO_EXACTO,1
00004124,2024,9,2,1,DUPLICADO_EXACTO,1
00004124,2024,10,2,1,DUPLICADO_EXACTO,1
00004124,2024,12,2,1,DUPLICADO_EXACTO,1
00004124,2025,4,2,1,DUPLICADO_EXACTO,1
00004124,2025,5,2,1,DUPLICADO_EXACTO,1
00004124,2025,8,2,1,DUPLICADO_EXACTO,1
00004124,2025,9,2,1,DUPLICADO_EXACTO,1
00004124,2025,10,3,1,DUPLICADO_EXACTO,2
00004124,2025,11,2,1,DUPLICADO_EXACTO,1
00004125,2024,5,3,1,DUPLICADO_EXACTO,2
00004125,2024,12,2,1,DUPLICADO_EXACTO,1
00004125,2025,5,2,1,DUPLICADO_EXACTO,1
00004125,2025,9,2,1,DUPLICADO_EXACTO,1
00004125,2025,10,3,1,DUPLICADO_EXACTO,2
00004125,2025,11,2,1,DUPLICADO_EXACTO,1
00004126,2024,5,3,1,DUPLICADO_EXACTO,2
00004126,2024,12,2,1,DUPLICADO_EXACTO,1
00004126,2025,5,2,1,DUPLICADO_EXACTO,1
00004126,2025,9,2,1,DUPLICADO_EXACTO,1
00004126,2025,10,3,1,DUPLICADO_EXACTO,2
00004126,2025,11,2,1,DUPLICADO_EXACTO,1
00004127,2023,12,2,1,DUPLICADO_EXACTO,1
00004127,2024,2,2,1,DUPLICADO_EXACTO,1
00004127,2024,5,3,1,DUPLICADO_EXACTO,2
00004127,2024,6,2,1,DUPLICADO_EXACTO,1
00004127,2024,9,2,1,DUPLICADO_EXACTO,1
00004127,2024,10,2,1,DUPLICADO_EXACTO,1
00004127,2024,12,2,1,DUPLICADO_EXACTO,1
00004127,2025,4,2,1,DUPLICADO_EXACTO,1
00004127,2025,5,2,1,DUPLICADO_EXACTO,1
00004127,2025,8,2,1,DUPLICADO_EXACTO,1
00004127,2025,9,2,1,DUPLICADO_EXACTO,1
00004127,2025,10,3,1,DUPLICADO_EXACTO,2
00004127,2025,11,2,1,DUPLICADO_EXACTO,1
00004128,2023,12,2,1,DUPLICADO_EXACTO,1
00004128,2024,2,2,1,DUPLICADO_EXACTO,1
00004128,2024,5,3,1,DUPLICADO_EXACTO,2
00004128,2024,6,2,1,DUPLICADO_EXACTO,1
00004128,2024,10,2,1,DUPLICADO_EXACTO,1
00004128,2024,12,2,1,DUPLICADO_EXACTO,1
00004128,2025,4,2,1,DUPLICADO_EXACTO,1
00004128,2025,5,2,1,DUPLICADO_EXACTO,1
00004128,2025,8,2,1,DUPLICADO_EXACTO,1
00004128,2025,9,2,1,DUPLICADO_EXACTO,1
00004128,2025,10,3,1,DUPLICADO_EXACTO,2
00004128,2025,11,2,1,DUPLICADO_EXACTO,1
00004129,2023,12,2,1,DUPLICADO_EXACTO,1
00004129,2024,2,2,1,DUPLICADO_EXACTO,1
00004129,2024,5,3,1,DUPLICADO_EXACTO,2
00004129,2024,6,2,1,DUPLICADO_EXACTO,1
00004129,2024,9,2,1,DUPLICADO_EXACTO,1
00004129,2024,10,2,1,DUPLICADO_EXACTO,1
00004129,2024,12,2,1,DUPLICADO_EXACTO,1
00004129,2025,4,2,1,DUPLICADO_EXACTO,1
00004129,2025,5,2,1,DUPLICADO_EXACTO,1
00004129,2025,8,2,1,DUPLICADO_EXACTO,1
00004129,2025,9,2,1,DUPLICADO_EXACTO,1
00004129,2025,10,3,1,DUPLICADO_EXACTO,2
00004129,2025,11,2,1,DUPLICADO_EXACTO,1
00004130,2023,12,2,1,DUPLICADO_EXACTO,1
00004130,2024,2,2,1,DUPLICADO_EXACTO,1
00004130,2024,5,3,1,DUPLICADO_EXACTO,2
00004130,2024,6,2,1,DUPLICADO_EXACTO,1
00004130,2024,9,2,1,DUPLICADO_EXACTO,1
00004130,2024,10,2,1,DUPLICADO_EXACTO,1
00004130,2024,12,2,1,DUPLICADO_EXACTO,1
00004130,2025,4,2,1,DUPLICADO_EXACTO,1
00004130,2025,5,2,1,DUPLICADO_EXACTO,1
00004130,2025,8,2,1,DUPLICADO_EXACTO,1
00004130,2025,9,2,1,DUPLICADO_EXACTO,1
00004130,2025,10,3,1,DUPLICADO_EXACTO,2
00004130,2025,11,2,1,DUPLICADO_EXACTO,1
00004211,2020,1,2,1,DUPLICADO_EXACTO,1
00004211,2020,2,2,1,DUPLICADO_EXACTO,1
00004211,2020,3,2,1,DUPLICADO_EXACTO,1
00004211,2020,7,2,1,DUPLICADO_EXACTO,1
00004211,2021,7,2,1,DUPLICADO_EXACTO,1
00004211,2021,8,2,1,DUPLICADO_EXACTO,1
00004211,2021,11,2,1,DUPLICADO_EXACTO,1
00004211,2021,12,2,1,DUPLICADO_EXACTO,1
00004211,2022,1,2,1,DUPLICADO_EXACTO,1
00004211,2022,2,2,1,DUPLICADO_EXACTO,1
00004211,2022,3,2,1,DUPLICADO_EXACTO,1
00004211,2022,4,2,1,DUPLICADO_EXACTO,1
00004211,2022,5,2,1,DUPLICADO_EXACTO,1
00004211,2022,7,2,1,DUPLICADO_EXACTO,1
00004211,2023,3,3,1,DUPLICADO_EXACTO,2
00004211,2023,8,2,1,DUPLICADO_EXACTO,1
00004211,2024,4,2,1,DUPLICADO_EXACTO,1
00004211,2024,5,2,1,DUPLICADO_EXACTO,1
00004211,2024,6,2,1,DUPLICADO_EXACTO,1
00004211,2024,7,2,1,DUPLICADO_EXACTO,1
00004211,2024,8,2,1,DUPLICADO_EXACTO,1
00004211,2024,12,2,1,DUPLICADO_EXACTO,1
00004211,2025,1,2,1,DUPLICADO_EXACTO,1
00004211,2025,8,2,1,DUPLICADO_EXACTO,1
00004211,2026,2,2,1,DUPLICADO_EXACTO,1
00004211,2026,4,2,1,DUPLICADO_EXACTO,1
00004212,2022,7,2,1,DUPLICADO_EXACTO,1
00004212,2022,12,2,1,DUPLICADO_EXACTO,1
00004212,2023,1,2,1,DUPLICADO_EXACTO,1
00004212,2023,4,2,1,DUPLICADO_EXACTO,1
00004212,2023,6,2,1,DUPLICADO_EXACTO,1
00004212,2023,7,2,1,DUPLICADO_EXACTO,1
00004212,2024,1,2,1,DUPLICADO_EXACTO,1
00004212,2024,2,2,1,DUPLICADO_EXACTO,1
00004212,2024,4,2,1,DUPLICADO_EXACTO,1
00004212,2024,11,2,1,DUPLICADO_EXACTO,1
00004212,2025,11,2,1,DUPLICADO_EXACTO,1
00004212,2026,2,2,1,DUPLICADO_EXACTO,1
00004213,2021,2,2,1,DUPLICADO_EXACTO,1
00004213,2021,3,2,1,DUPLICADO_EXACTO,1
00004214,2020,1,2,1,DUPLICADO_EXACTO,1
00004214,2020,2,2,1,DUPLICADO_EXACTO,1
00004214,2020,3,2,1,DUPLICADO_EXACTO,1
00004214,2020,5,2,1,DUPLICADO_EXACTO,1
00004214,2020,7,2,1,DUPLICADO_EXACTO,1
00004214,2020,8,2,1,DUPLICADO_EXACTO,1
00004214,2020,10,2,1,DUPLICADO_EXACTO,1
00004214,2020,11,2,1,DUPLICADO_EXACTO,1
00004214,2021,7,2,1,DUPLICADO_EXACTO,1
00004214,2021,8,2,1,DUPLICADO_EXACTO,1
00004214,2021,11,2,1,DUPLICADO_EXACTO,1
00004214,2021,12,2,1,DUPLICADO_EXACTO,1
00004214,2022,1,2,1,DUPLICADO_EXACTO,1
00004214,2022,2,2,1,DUPLICADO_EXACTO,1
00004214,2022,3,2,1,DUPLICADO_EXACTO,1
00004214,2022,4,2,1,DUPLICADO_EXACTO,1
00004214,2022,5,2,1,DUPLICADO_EXACTO,1
00004214,2022,7,2,1,DUPLICADO_EXACTO,1
00004214,2023,3,3,1,DUPLICADO_EXACTO,2
00004214,2023,8,2,1,DUPLICADO_EXACTO,1
00004214,2024,4,2,1,DUPLICADO_EXACTO,1
00004214,2024,5,2,1,DUPLICADO_EXACTO,1
00004214,2024,6,2,1,DUPLICADO_EXACTO,1
00004214,2024,7,2,1,DUPLICADO_EXACTO,1
00004214,2024,8,2,1,DUPLICADO_EXACTO,1
00004214,2024,12,2,1,DUPLICADO_EXACTO,1
00004214,2025,1,2,1,DUPLICADO_EXACTO,1
00004214,2025,8,2,1,DUPLICADO_EXACTO,1
00004214,2026,2,2,1,DUPLICADO_EXACTO,1
00004214,2026,4,2,1,DUPLICADO_EXACTO,1
00004215,2019,12,3,1,DUPLICADO_EXACTO,2
00004215,2020,1,2,1,DUPLICADO_EXACTO,1
00004215,2020,2,2,1,DUPLICADO_EXACTO,1
00004215,2020,3,2,1,DUPLICADO_EXACTO,1
00004215,2020,5,2,1,DUPLICADO_EXACTO,1
00004215,2020,7,2,1,DUPLICADO_EXACTO,1
00004215,2020,8,2,1,DUPLICADO_EXACTO,1
00004215,2020,10,2,1,DUPLICADO_EXACTO,1
00004215,2020,11,2,1,DUPLICADO_EXACTO,1
00004215,2021,7,2,1,DUPLICADO_EXACTO,1
00004215,2021,8,2,1,DUPLICADO_EXACTO,1
00004215,2021,11,2,1,DUPLICADO_EXACTO,1
00004215,2021,12,2,1,DUPLICADO_EXACTO,1
00004215,2022,1,2,1,DUPLICADO_EXACTO,1
00004215,2022,2,2,1,DUPLICADO_EXACTO,1
00004215,2022,3,2,1,DUPLICADO_EXACTO,1
00004215,2022,4,2,1,DUPLICADO_EXACTO,1
00004215,2022,5,2,1,DUPLICADO_EXACTO,1
00004215,2022,7,2,1,DUPLICADO_EXACTO,1
00004215,2023,3,3,1,DUPLICADO_EXACTO,2
00004215,2023,8,2,1,DUPLICADO_EXACTO,1
00004215,2024,4,2,1,DUPLICADO_EXACTO,1
00004215,2024,5,2,1,DUPLICADO_EXACTO,1
00004215,2024,6,2,1,DUPLICADO_EXACTO,1
00004215,2024,7,2,1,DUPLICADO_EXACTO,1
00004215,2024,8,2,1,DUPLICADO_EXACTO,1
00004215,2024,12,2,1,DUPLICADO_EXACTO,1
00004215,2025,1,2,1,DUPLICADO_EXACTO,1
00004215,2025,8,2,1,DUPLICADO_EXACTO,1
00004215,2026,2,2,1,DUPLICADO_EXACTO,1
00004215,2026,4,2,1,DUPLICADO_EXACTO,1
00004216,2022,7,2,1,DUPLICADO_EXACTO,1
00004216,2022,12,2,1,DUPLICADO_EXACTO,1
00004216,2023,1,2,1,DUPLICADO_EXACTO,1
00004216,2023,4,2,1,DUPLICADO_EXACTO,1
00004216,2023,7,2,1,DUPLICADO_EXACTO,1
00004216,2024,1,2,1,DUPLICADO_EXACTO,1
00004216,2024,2,2,1,DUPLICADO_EXACTO,1
00004216,2024,4,2,1,DUPLICADO_EXACTO,1
00004217,2021,2,2,1,DUPLICADO_EXACTO,1
00004217,2021,3,2,1,DUPLICADO_EXACTO,1
00004217,2022,4,2,1,DUPLICADO_EXACTO,1
00004217,2022,7,2,1,DUPLICADO_EXACTO,1
00004217,2024,5,2,1,DUPLICADO_EXACTO,1
00004218,2021,2,2,1,DUPLICADO_EXACTO,1
00004218,2021,3,2,1,DUPLICADO_EXACTO,1
00004218,2022,4,2,1,DUPLICADO_EXACTO,1
00004218,2022,7,2,1,DUPLICADO_EXACTO,1
00004218,2024,5,2,1,DUPLICADO_EXACTO,1
00004219,2021,2,2,1,DUPLICADO_EXACTO,1
00004219,2024,5,2,1,DUPLICADO_EXACTO,1
00004220,2020,1,2,1,DUPLICADO_EXACTO,1
00004220,2020,2,2,1,DUPLICADO_EXACTO,1
00004220,2020,3,2,1,DUPLICADO_EXACTO,1
00004220,2020,5,2,1,DUPLICADO_EXACTO,1
00004220,2020,7,2,1,DUPLICADO_EXACTO,1
00004220,2020,8,2,1,DUPLICADO_EXACTO,1
00004220,2020,10,2,1,DUPLICADO_EXACTO,1
00004220,2020,11,2,1,DUPLICADO_EXACTO,1
00004220,2021,7,2,1,DUPLICADO_EXACTO,1
00004220,2021,8,2,1,DUPLICADO_EXACTO,1
00004220,2021,11,2,1,DUPLICADO_EXACTO,1
00004220,2021,12,2,1,DUPLICADO_EXACTO,1
00004220,2022,2,2,1,DUPLICADO_EXACTO,1
00004220,2022,3,2,1,DUPLICADO_EXACTO,1
00004220,2022,4,2,1,DUPLICADO_EXACTO,1
00004220,2022,5,2,1,DUPLICADO_EXACTO,1
00004220,2022,7,2,1,DUPLICADO_EXACTO,1
00004220,2023,3,3,1,DUPLICADO_EXACTO,2
00004220,2023,8,2,1,DUPLICADO_EXACTO,1
00004220,2024,4,2,1,DUPLICADO_EXACTO,1
00004220,2024,5,2,1,DUPLICADO_EXACTO,1
00004220,2024,6,2,1,DUPLICADO_EXACTO,1
00004220,2024,7,2,1,DUPLICADO_EXACTO,1
00004220,2024,8,2,1,DUPLICADO_EXACTO,1
00004220,2024,12,2,1,DUPLICADO_EXACTO,1
00004220,2025,1,2,1,DUPLICADO_EXACTO,1
00004220,2025,8,2,1,DUPLICADO_EXACTO,1
00004220,2026,2,2,1,DUPLICADO_EXACTO,1
00004220,2026,4,2,1,DUPLICADO_EXACTO,1
00004221,2020,1,2,1,DUPLICADO_EXACTO,1
00004221,2020,2,2,1,DUPLICADO_EXACTO,1
00004221,2020,3,2,1,DUPLICADO_EXACTO,1
00004221,2020,5,2,1,DUPLICADO_EXACTO,1
00004221,2020,7,2,1,DUPLICADO_EXACTO,1
00004221,2020,8,2,1,DUPLICADO_EXACTO,1
00004221,2020,10,2,1,DUPLICADO_EXACTO,1
00004221,2020,11,2,1,DUPLICADO_EXACTO,1
00004221,2021,7,2,1,DUPLICADO_EXACTO,1
00004221,2021,8,2,1,DUPLICADO_EXACTO,1
00004221,2021,11,2,1,DUPLICADO_EXACTO,1
00004221,2022,1,2,1,DUPLICADO_EXACTO,1
00004221,2022,2,2,1,DUPLICADO_EXACTO,1
00004221,2022,3,2,1,DUPLICADO_EXACTO,1
00004221,2022,4,2,1,DUPLICADO_EXACTO,1
00004221,2022,5,2,1,DUPLICADO_EXACTO,1
00004221,2022,7,2,1,DUPLICADO_EXACTO,1
00004221,2023,8,2,1,DUPLICADO_EXACTO,1
00004221,2024,4,2,1,DUPLICADO_EXACTO,1
00004221,2024,5,2,1,DUPLICADO_EXACTO,1
00004221,2024,6,2,1,DUPLICADO_EXACTO,1
00004221,2024,7,2,1,DUPLICADO_EXACTO,1
00004221,2024,8,2,1,DUPLICADO_EXACTO,1
00004221,2024,12,2,1,DUPLICADO_EXACTO,1
00004221,2025,1,2,1,DUPLICADO_EXACTO,1
00004221,2025,8,2,1,DUPLICADO_EXACTO,1
00004221,2026,2,2,1,DUPLICADO_EXACTO,1
00004221,2026,4,2,1,DUPLICADO_EXACTO,1
00004222,2022,7,2,1,DUPLICADO_EXACTO,1
00004222,2022,12,2,1,DUPLICADO_EXACTO,1
00004222,2023,1,2,1,DUPLICADO_EXACTO,1
00004222,2023,4,2,1,DUPLICADO_EXACTO,1
00004222,2023,6,2,1,DUPLICADO_EXACTO,1
00004222,2023,7,2,1,DUPLICADO_EXACTO,1
00004222,2024,1,2,1,DUPLICADO_EXACTO,1
00004222,2024,2,2,1,DUPLICADO_EXACTO,1
00004222,2024,4,2,1,DUPLICADO_EXACTO,1
00004222,2024,11,2,1,DUPLICADO_EXACTO,1
00004222,2025,11,2,1,DUPLICADO_EXACTO,1
00004222,2026,2,2,1,DUPLICADO_EXACTO,1
00004223,2019,12,4,1,DUPLICADO_EXACTO,3
00004224,2020,8,2,1,DUPLICADO_EXACTO,1
00004224,2021,3,2,1,DUPLICADO_EXACTO,1
00004224,2021,7,2,1,DUPLICADO_EXACTO,1
00004224,2025,10,2,1,DUPLICADO_EXACTO,1
00004224,2025,11,2,1,DUPLICADO_EXACTO,1
00004224,2026,2,2,1,DUPLICADO_EXACTO,1
00004225,2025,10,2,1,DUPLICADO_EXACTO,1
00004225,2026,7,2,1,DUPLICADO_EXACTO,1
00004226,2026,7,2,1,DUPLICADO_EXACTO,1
00004228,2020,8,2,1,DUPLICADO_EXACTO,1
00004228,2021,3,2,1,DUPLICADO_EXACTO,1
00004228,2021,7,2,1,DUPLICADO_EXACTO,1
00004228,2021,9,3,1,DUPLICADO_EXACTO,2
00004228,2021,10,2,1,DUPLICADO_EXACTO,1
00004228,2021,11,2,1,DUPLICADO_EXACTO,1
00004228,2022,2,2,1,DUPLICADO_EXACTO,1
00004228,2022,3,2,1,DUPLICADO_EXACTO,1
00004228,2022,6,2,1,DUPLICADO_EXACTO,1
00004228,2025,10,2,1,DUPLICADO_EXACTO,1
00004228,2025,11,2,1,DUPLICADO_EXACTO,1
00004228,2026,2,2,1,DUPLICADO_EXACTO,1
00004229,2019,7,2,1,DUPLICADO_EXACTO,1
00004229,2019,10,2,1,DUPLICADO_EXACTO,1
00004229,2020,8,2,1,DUPLICADO_EXACTO,1
00004229,2021,3,2,1,DUPLICADO_EXACTO,1
00004229,2021,7,2,1,DUPLICADO_EXACTO,1
00004229,2021,9,3,1,DUPLICADO_EXACTO,2
00004229,2021,10,2,1,DUPLICADO_EXACTO,1
00004229,2021,11,2,1,DUPLICADO_EXACTO,1
00004229,2022,2,2,1,DUPLICADO_EXACTO,1
00004229,2022,3,2,1,DUPLICADO_EXACTO,1
00004229,2022,6,2,1,DUPLICADO_EXACTO,1
00004229,2025,10,2,1,DUPLICADO_EXACTO,1
00004229,2025,11,2,1,DUPLICADO_EXACTO,1
00004229,2026,2,2,1,DUPLICADO_EXACTO,1
00004230,2021,3,2,1,DUPLICADO_EXACTO,1
00004230,2021,7,2,1,DUPLICADO_EXACTO,1
00004230,2021,9,3,1,DUPLICADO_EXACTO,2
00004230,2021,10,2,1,DUPLICADO_EXACTO,1
00004230,2021,11,2,1,DUPLICADO_EXACTO,1
00004230,2022,2,2,1,DUPLICADO_EXACTO,1
00004230,2022,3,2,1,DUPLICADO_EXACTO,1
00004230,2022,6,2,1,DUPLICADO_EXACTO,1
00004230,2025,10,2,1,DUPLICADO_EXACTO,1
00004231,2020,8,2,1,DUPLICADO_EXACTO,1
00004231,2021,3,2,1,DUPLICADO_EXACTO,1
00004231,2021,7,2,1,DUPLICADO_EXACTO,1
00004231,2021,9,3,1,DUPLICADO_EXACTO,2
00004231,2021,10,2,1,DUPLICADO_EXACTO,1
00004231,2021,11,2,1,DUPLICADO_EXACTO,1
00004231,2022,2,2,1,DUPLICADO_EXACTO,1
00004231,2022,3,2,1,DUPLICADO_EXACTO,1
00004231,2022,6,2,1,DUPLICADO_EXACTO,1
00004231,2025,10,2,1,DUPLICADO_EXACTO,1
00004231,2025,11,2,1,DUPLICADO_EXACTO,1
00004231,2026,2,2,1,DUPLICADO_EXACTO,1
00004232,2021,8,2,1,DUPLICADO_EXACTO,1
00004232,2021,12,3,1,DUPLICADO_EXACTO,2
00004232,2022,1,3,1,DUPLICADO_EXACTO,2
00004232,2022,2,2,1,DUPLICADO_EXACTO,1
00004232,2022,3,3,1,DUPLICADO_EXACTO,2
00004232,2022,4,3,1,DUPLICADO_EXACTO,2
00004233,2021,8,2,1,DUPLICADO_EXACTO,1
00004233,2022,1,3,1,DUPLICADO_EXACTO,2
00004233,2022,2,2,1,DUPLICADO_EXACTO,1
00004233,2022,3,3,1,DUPLICADO_EXACTO,2
00004233,2022,4,3,1,DUPLICADO_EXACTO,2
00004233,2026,3,3,1,DUPLICADO_EXACTO,2
00004234,2026,3,3,1,DUPLICADO_EXACTO,2
00004235,2021,8,2,1,DUPLICADO_EXACTO,1
00004235,2021,12,3,1,DUPLICADO_EXACTO,2
00004235,2022,1,3,1,DUPLICADO_EXACTO,2
00004235,2022,2,2,1,DUPLICADO_EXACTO,1
00004235,2022,3,3,1,DUPLICADO_EXACTO,2
00004235,2022,4,3,1,DUPLICADO_EXACTO,2
00004235,2026,3,3,1,DUPLICADO_EXACTO,2
00004236,2020,11,2,1,DUPLICADO_EXACTO,1
00004236,2020,12,2,1,DUPLICADO_EXACTO,1
00004236,2021,3,2,1,DUPLICADO_EXACTO,1
00004236,2021,7,2,1,DUPLICADO_EXACTO,1
00004236,2022,5,2,1,DUPLICADO_EXACTO,1
00004236,2022,6,2,1,DUPLICADO_EXACTO,1
00004236,2022,9,2,1,DUPLICADO_EXACTO,1
00004236,2023,5,2,1,DUPLICADO_EXACTO,1
00004236,2023,6,2,1,DUPLICADO_EXACTO,1
00004236,2025,2,2,1,DUPLICADO_EXACTO,1
00004236,2025,9,2,1,DUPLICADO_EXACTO,1
00004236,2025,11,2,1,DUPLICADO_EXACTO,1
00004237,2020,1,2,1,DUPLICADO_EXACTO,1
00004237,2020,2,2,1,DUPLICADO_EXACTO,1
00004237,2020,3,3,1,DUPLICADO_EXACTO,2
00004237,2020,4,2,1,DUPLICADO_EXACTO,1
00004237,2020,12,2,1,DUPLICADO_EXACTO,1
00004237,2021,1,2,1,DUPLICADO_EXACTO,1
00004237,2021,2,2,1,DUPLICADO_EXACTO,1
00004237,2021,4,2,1,DUPLICADO_EXACTO,1
00004237,2021,7,2,1,DUPLICADO_EXACTO,1
00004237,2021,8,2,1,DUPLICADO_EXACTO,1
00004237,2021,11,2,1,DUPLICADO_EXACTO,1
00004237,2021,12,2,1,DUPLICADO_EXACTO,1
00004237,2022,1,2,1,DUPLICADO_EXACTO,1
00004237,2022,6,2,1,DUPLICADO_EXACTO,1
00004237,2023,10,2,1,DUPLICADO_EXACTO,1
00004237,2024,5,3,1,DUPLICADO_EXACTO,2
00004237,2024,10,3,1,DUPLICADO_EXACTO,2
00004237,2024,12,2,1,DUPLICADO_EXACTO,1
00004237,2025,1,2,1,DUPLICADO_EXACTO,1
00004237,2025,3,2,1,DUPLICADO_EXACTO,1
00004237,2025,4,2,1,DUPLICADO_EXACTO,1
00004237,2026,1,2,1,DUPLICADO_EXACTO,1
00004237,2026,4,2,1,DUPLICADO_EXACTO,1
00004237,2026,5,2,1,DUPLICADO_EXACTO,1
00004237,2026,6,2,1,DUPLICADO_EXACTO,1
00004238,2020,8,2,1,DUPLICADO_EXACTO,1
00004238,2020,12,2,1,DUPLICADO_EXACTO,1
00004238,2021,1,2,1,DUPLICADO_EXACTO,1
00004238,2021,2,2,1,DUPLICADO_EXACTO,1
00004238,2021,4,2,1,DUPLICADO_EXACTO,1
00004238,2021,7,2,1,DUPLICADO_EXACTO,1
00004238,2021,8,2,1,DUPLICADO_EXACTO,1
00004238,2021,11,2,1,DUPLICADO_EXACTO,1
00004238,2022,9,2,1,DUPLICADO_EXACTO,1
00004238,2023,10,2,1,DUPLICADO_EXACTO,1
00004238,2024,10,3,1,DUPLICADO_EXACTO,2
00004238,2024,12,2,1,DUPLICADO_EXACTO,1
00004238,2026,1,2,1,DUPLICADO_EXACTO,1
00004238,2026,4,2,1,DUPLICADO_EXACTO,1
00004238,2026,5,2,1,DUPLICADO_EXACTO,1
00004238,2026,6,2,1,DUPLICADO_EXACTO,1
00004239,2020,11,2,1,DUPLICADO_EXACTO,1
00004239,2020,12,2,1,DUPLICADO_EXACTO,1
00004239,2021,3,2,1,DUPLICADO_EXACTO,1
00004239,2021,7,2,1,DUPLICADO_EXACTO,1
00004239,2022,5,2,1,DUPLICADO_EXACTO,1
00004239,2022,6,2,1,DUPLICADO_EXACTO,1
00004239,2022,9,2,1,DUPLICADO_EXACTO,1
00004239,2023,5,2,1,DUPLICADO_EXACTO,1
00004239,2023,6,2,1,DUPLICADO_EXACTO,1
00004239,2025,2,2,1,DUPLICADO_EXACTO,1
00004239,2025,9,2,1,DUPLICADO_EXACTO,1
00004239,2025,11,2,1,DUPLICADO_EXACTO,1
00004241,2020,12,2,1,DUPLICADO_EXACTO,1
00004241,2021,1,7,1,DUPLICADO_EXACTO,6
00004241,2021,10,2,1,DUPLICADO_EXACTO,1
00004241,2022,1,3,1,DUPLICADO_EXACTO,2
00004241,2022,4,2,1,DUPLICADO_EXACTO,1
00004241,2022,5,2,1,DUPLICADO_EXACTO,1
00004241,2023,3,2,1,DUPLICADO_EXACTO,1
00004241,2023,4,2,1,DUPLICADO_EXACTO,1
00004241,2023,5,2,1,DUPLICADO_EXACTO,1
00004241,2023,7,2,1,DUPLICADO_EXACTO,1
00004241,2023,8,2,1,DUPLICADO_EXACTO,1
00004241,2023,9,2,1,DUPLICADO_EXACTO,1
00004241,2023,10,2,1,DUPLICADO_EXACTO,1
00004241,2024,3,2,1,DUPLICADO_EXACTO,1
00004241,2025,2,2,1,DUPLICADO_EXACTO,1
00004241,2025,11,2,1,DUPLICADO_EXACTO,1
00004242,2019,12,2,1,DUPLICADO_EXACTO,1
00004242,2020,12,2,1,DUPLICADO_EXACTO,1
00004242,2021,1,7,1,DUPLICADO_EXACTO,6
00004242,2021,10,2,1,DUPLICADO_EXACTO,1
00004242,2022,1,3,1,DUPLICADO_EXACTO,2
00004242,2022,4,2,1,DUPLICADO_EXACTO,1
00004242,2022,5,2,1,DUPLICADO_EXACTO,1
00004242,2022,7,2,1,DUPLICADO_EXACTO,1
00004242,2023,3,2,1,DUPLICADO_EXACTO,1
00004242,2023,4,2,1,DUPLICADO_EXACTO,1
00004242,2023,5,2,1,DUPLICADO_EXACTO,1
00004242,2023,7,2,1,DUPLICADO_EXACTO,1
00004242,2023,8,2,1,DUPLICADO_EXACTO,1
00004242,2023,9,2,1,DUPLICADO_EXACTO,1
00004242,2023,10,2,1,DUPLICADO_EXACTO,1
00004242,2024,3,2,1,DUPLICADO_EXACTO,1
00004242,2025,2,2,1,DUPLICADO_EXACTO,1
00004242,2025,11,2,1,DUPLICADO_EXACTO,1
00004243,2020,12,2,1,DUPLICADO_EXACTO,1
00004243,2021,1,7,1,DUPLICADO_EXACTO,6
00004243,2021,10,2,1,DUPLICADO_EXACTO,1
00004243,2022,1,3,1,DUPLICADO_EXACTO,2
00004243,2022,4,2,1,DUPLICADO_EXACTO,1
00004243,2022,5,2,1,DUPLICADO_EXACTO,1
00004243,2022,7,2,1,DUPLICADO_EXACTO,1
00004243,2023,3,2,1,DUPLICADO_EXACTO,1
00004243,2023,4,2,1,DUPLICADO_EXACTO,1
00004243,2023,5,2,1,DUPLICADO_EXACTO,1
00004243,2023,7,2,1,DUPLICADO_EXACTO,1
00004243,2023,8,2,1,DUPLICADO_EXACTO,1
00004243,2023,9,2,1,DUPLICADO_EXACTO,1
00004243,2023,10,2,1,DUPLICADO_EXACTO,1
00004243,2024,3,2,1,DUPLICADO_EXACTO,1
00004243,2025,2,2,1,DUPLICADO_EXACTO,1
00004246,2021,3,3,1,DUPLICADO_EXACTO,2
00004246,2021,10,4,1,DUPLICADO_EXACTO,3
00004247,2022,10,2,1,DUPLICADO_EXACTO,1
00004247,2023,10,2,1,DUPLICADO_EXACTO,1
00004247,2024,11,2,1,DUPLICADO_EXACTO,1
00004247,2024,12,2,1,DUPLICADO_EXACTO,1
00004247,2026,6,4,1,DUPLICADO_EXACTO,3
00004248,2020,8,2,1,DUPLICADO_EXACTO,1
00004248,2020,12,2,1,DUPLICADO_EXACTO,1
00004248,2022,6,2,1,DUPLICADO_EXACTO,1
00004248,2024,5,2,1,DUPLICADO_EXACTO,1
00004250,2022,7,4,1,DUPLICADO_EXACTO,3
00004250,2022,10,2,1,DUPLICADO_EXACTO,1
00004250,2022,11,3,1,DUPLICADO_EXACTO,2
00004251,2022,7,4,1,DUPLICADO_EXACTO,3
00004251,2022,10,2,1,DUPLICADO_EXACTO,1
00004251,2022,11,3,1,DUPLICADO_EXACTO,2
00004252,2022,7,4,1,DUPLICADO_EXACTO,3
00004252,2022,10,2,1,DUPLICADO_EXACTO,1
00004252,2022,11,3,1,DUPLICADO_EXACTO,2
00004253,2022,7,4,1,DUPLICADO_EXACTO,3
00004253,2022,10,2,1,DUPLICADO_EXACTO,1
00004253,2022,11,3,1,DUPLICADO_EXACTO,2
00004254,2024,6,3,1,DUPLICADO_EXACTO,2
00004254,2025,2,2,1,DUPLICADO_EXACTO,1
00004255,2022,10,2,1,DUPLICADO_EXACTO,1
00004255,2026,2,3,1,DUPLICADO_EXACTO,2
00004255,2026,3,4,1,DUPLICADO_EXACTO,3
00004256,2020,3,2,1,DUPLICADO_EXACTO,1
00004256,2020,5,2,1,DUPLICADO_EXACTO,1
00004256,2021,11,2,1,DUPLICADO_EXACTO,1
00004256,2022,4,2,1,DUPLICADO_EXACTO,1
00004256,2022,7,2,1,DUPLICADO_EXACTO,1
00004256,2023,7,2,1,DUPLICADO_EXACTO,1
00004256,2023,9,2,1,DUPLICADO_EXACTO,1
00004256,2024,6,3,1,DUPLICADO_EXACTO,2
00004256,2025,4,2,1,DUPLICADO_EXACTO,1
00004256,2026,3,2,1,DUPLICADO_EXACTO,1
00004257,2019,9,2,1,DUPLICADO_EXACTO,1
00004257,2020,3,2,1,DUPLICADO_EXACTO,1
00004257,2020,5,2,1,DUPLICADO_EXACTO,1
00004257,2021,11,2,1,DUPLICADO_EXACTO,1
00004257,2022,4,2,1,DUPLICADO_EXACTO,1
00004257,2022,7,2,1,DUPLICADO_EXACTO,1
00004257,2023,7,2,1,DUPLICADO_EXACTO,1
00004257,2023,9,2,1,DUPLICADO_EXACTO,1
00004257,2024,2,2,1,DUPLICADO_EXACTO,1
00004257,2024,3,2,1,DUPLICADO_EXACTO,1
00004257,2024,6,3,1,DUPLICADO_EXACTO,2
00004257,2025,10,2,1,DUPLICADO_EXACTO,1
00004257,2026,3,2,1,DUPLICADO_EXACTO,1
00004258,2020,3,2,1,DUPLICADO_EXACTO,1
00004258,2020,5,2,1,DUPLICADO_EXACTO,1
00004258,2021,11,2,1,DUPLICADO_EXACTO,1
00004258,2022,4,2,1,DUPLICADO_EXACTO,1
00004258,2022,7,2,1,DUPLICADO_EXACTO,1
00004258,2023,7,2,1,DUPLICADO_EXACTO,1
00004258,2023,9,2,1,DUPLICADO_EXACTO,1
00004258,2024,2,2,1,DUPLICADO_EXACTO,1
00004258,2024,3,2,1,DUPLICADO_EXACTO,1
00004258,2024,6,2,1,DUPLICADO_EXACTO,1
00004258,2025,4,2,1,DUPLICADO_EXACTO,1
00004258,2025,10,2,1,DUPLICADO_EXACTO,1
00004258,2026,3,2,1,DUPLICADO_EXACTO,1
00004259,2020,3,2,1,DUPLICADO_EXACTO,1
00004259,2020,5,2,1,DUPLICADO_EXACTO,1
00004259,2021,11,2,1,DUPLICADO_EXACTO,1
00004259,2023,7,2,1,DUPLICADO_EXACTO,1
00004259,2023,9,2,1,DUPLICADO_EXACTO,1
00004259,2024,2,2,1,DUPLICADO_EXACTO,1
00004259,2024,3,2,1,DUPLICADO_EXACTO,1
00004259,2024,6,2,1,DUPLICADO_EXACTO,1
00004259,2025,4,2,1,DUPLICADO_EXACTO,1
00004259,2025,10,2,1,DUPLICADO_EXACTO,1
00004259,2026,3,2,1,DUPLICADO_EXACTO,1
00004260,2020,5,2,1,DUPLICADO_EXACTO,1
00004260,2022,4,2,1,DUPLICADO_EXACTO,1
00004260,2022,7,2,1,DUPLICADO_EXACTO,1
00004260,2023,7,2,1,DUPLICADO_EXACTO,1
00004260,2023,9,2,1,DUPLICADO_EXACTO,1
00004260,2024,2,2,1,DUPLICADO_EXACTO,1
00004260,2024,3,2,1,DUPLICADO_EXACTO,1
00004260,2025,4,2,1,DUPLICADO_EXACTO,1
00004260,2025,10,2,1,DUPLICADO_EXACTO,1
00004260,2026,3,2,1,DUPLICADO_EXACTO,1
00004261,2021,5,2,1,DUPLICADO_EXACTO,1
00004261,2022,4,2,1,DUPLICADO_EXACTO,1
00004261,2022,11,2,1,DUPLICADO_EXACTO,1
00004261,2025,10,2,1,DUPLICADO_EXACTO,1
00004263,2020,1,2,1,DUPLICADO_EXACTO,1
00004263,2020,2,2,1,DUPLICADO_EXACTO,1
00004263,2020,3,2,1,DUPLICADO_EXACTO,1
00004263,2020,4,2,1,DUPLICADO_EXACTO,1
00004263,2021,4,2,1,DUPLICADO_EXACTO,1
00004263,2021,5,2,1,DUPLICADO_EXACTO,1
00004263,2021,10,3,1,DUPLICADO_EXACTO,2
00004263,2022,5,2,1,DUPLICADO_EXACTO,1
00004263,2022,7,2,1,DUPLICADO_EXACTO,1
00004263,2022,8,2,1,DUPLICADO_EXACTO,1
00004263,2022,9,3,1,DUPLICADO_EXACTO,2
00004263,2022,10,2,1,DUPLICADO_EXACTO,1
00004263,2022,11,2,1,DUPLICADO_EXACTO,1
00004263,2025,10,2,1,DUPLICADO_EXACTO,1
00004263,2026,1,6,1,DUPLICADO_EXACTO,5
00004264,2020,1,2,1,DUPLICADO_EXACTO,1
00004264,2020,2,2,1,DUPLICADO_EXACTO,1
00004264,2020,3,2,1,DUPLICADO_EXACTO,1
00004264,2020,4,2,1,DUPLICADO_EXACTO,1
00004264,2021,4,2,1,DUPLICADO_EXACTO,1
00004264,2022,4,2,1,DUPLICADO_EXACTO,1
00004264,2022,5,2,1,DUPLICADO_EXACTO,1
00004265,2019,9,2,1,DUPLICADO_EXACTO,1
00004265,2020,8,2,1,DUPLICADO_EXACTO,1
00004265,2021,2,3,1,DUPLICADO_EXACTO,2
00004265,2021,9,3,1,DUPLICADO_EXACTO,2
00004265,2021,10,2,1,DUPLICADO_EXACTO,1
00004265,2021,11,2,1,DUPLICADO_EXACTO,1
00004265,2022,2,2,1,DUPLICADO_EXACTO,1
00004265,2022,3,2,1,DUPLICADO_EXACTO,1
00004265,2022,6,2,1,DUPLICADO_EXACTO,1
00004266,2020,1,2,1,DUPLICADO_EXACTO,1
00004266,2020,2,2,1,DUPLICADO_EXACTO,1
00004266,2020,3,2,1,DUPLICADO_EXACTO,1
00004266,2020,4,2,1,DUPLICADO_EXACTO,1
00004266,2021,4,2,1,DUPLICADO_EXACTO,1
00004266,2021,5,2,1,DUPLICADO_EXACTO,1
00004266,2021,10,3,1,DUPLICADO_EXACTO,2
00004266,2022,4,2,1,DUPLICADO_EXACTO,1
00004266,2022,5,2,1,DUPLICADO_EXACTO,1
00004266,2022,7,2,1,DUPLICADO_EXACTO,1
00004266,2022,8,2,1,DUPLICADO_EXACTO,1
00004266,2022,9,3,1,DUPLICADO_EXACTO,2
00004266,2022,10,2,1,DUPLICADO_EXACTO,1
00004266,2022,11,2,1,DUPLICADO_EXACTO,1
00004266,2025,10,2,1,DUPLICADO_EXACTO,1
00004266,2026,1,6,1,DUPLICADO_EXACTO,5
00004267,2024,7,2,1,DUPLICADO_EXACTO,1
00004267,2024,12,2,1,DUPLICADO_EXACTO,1
00004267,2025,1,3,1,DUPLICADO_EXACTO,2
00004267,2025,6,2,1,DUPLICADO_EXACTO,1
00004269,2024,7,2,1,DUPLICADO_EXACTO,1
00004269,2024,12,2,1,DUPLICADO_EXACTO,1
00004269,2025,1,3,1,DUPLICADO_EXACTO,2
00004269,2025,6,2,1,DUPLICADO_EXACTO,1
00004270,2024,7,2,1,DUPLICADO_EXACTO,1
00004270,2024,12,2,1,DUPLICADO_EXACTO,1
00004270,2025,1,3,1,DUPLICADO_EXACTO,2
00004270,2025,6,2,1,DUPLICADO_EXACTO,1
00004271,2024,7,2,1,DUPLICADO_EXACTO,1
00004271,2024,12,2,1,DUPLICADO_EXACTO,1
00004271,2025,1,3,1,DUPLICADO_EXACTO,2
00004271,2025,6,2,1,DUPLICADO_EXACTO,1
00004272,2024,7,2,1,DUPLICADO_EXACTO,1
00004272,2024,12,2,1,DUPLICADO_EXACTO,1
00004272,2025,1,3,1,DUPLICADO_EXACTO,2
00004272,2025,6,2,1,DUPLICADO_EXACTO,1
00004273,2024,7,2,1,DUPLICADO_EXACTO,1
00004273,2024,12,2,1,DUPLICADO_EXACTO,1
00004273,2025,1,3,1,DUPLICADO_EXACTO,2
00004273,2025,6,2,1,DUPLICADO_EXACTO,1
00004274,2025,8,2,1,DUPLICADO_EXACTO,1
00004274,2025,9,3,1,DUPLICADO_EXACTO,2
00004274,2025,10,2,1,DUPLICADO_EXACTO,1
00004274,2025,11,2,1,DUPLICADO_EXACTO,1
00004274,2025,12,2,1,DUPLICADO_EXACTO,1
00004274,2026,2,2,1,DUPLICADO_EXACTO,1
00004274,2026,3,3,1,DUPLICADO_EXACTO,2
00004274,2026,4,3,1,DUPLICADO_EXACTO,2
00004274,2026,5,2,1,DUPLICADO_EXACTO,1
00004274,2026,6,2,1,DUPLICADO_EXACTO,1
00004274,2026,7,2,1,DUPLICADO_EXACTO,1
00004275,2019,12,2,1,DUPLICADO_EXACTO,1
00004275,2025,8,2,1,DUPLICADO_EXACTO,1
00004275,2025,9,3,1,DUPLICADO_EXACTO,2
00004275,2025,10,2,1,DUPLICADO_EXACTO,1
00004275,2025,11,2,1,DUPLICADO_EXACTO,1
00004275,2025,12,2,1,DUPLICADO_EXACTO,1
00004275,2026,2,2,1,DUPLICADO_EXACTO,1
00004275,2026,3,3,1,DUPLICADO_EXACTO,2
00004275,2026,4,3,1,DUPLICADO_EXACTO,2
00004275,2026,5,2,1,DUPLICADO_EXACTO,1
00004275,2026,6,2,1,DUPLICADO_EXACTO,1
00004275,2026,7,2,1,DUPLICADO_EXACTO,1
00004276,2025,8,2,1,DUPLICADO_EXACTO,1
00004276,2025,9,3,1,DUPLICADO_EXACTO,2
00004276,2025,10,2,1,DUPLICADO_EXACTO,1
00004276,2025,11,2,1,DUPLICADO_EXACTO,1
00004276,2025,12,2,1,DUPLICADO_EXACTO,1
00004276,2026,2,2,1,DUPLICADO_EXACTO,1
00004276,2026,3,3,1,DUPLICADO_EXACTO,2
00004276,2026,4,3,1,DUPLICADO_EXACTO,2
00004276,2026,5,2,1,DUPLICADO_EXACTO,1
00004276,2026,6,2,1,DUPLICADO_EXACTO,1
00004276,2026,7,2,1,DUPLICADO_EXACTO,1
00004277,2019,11,2,1,DUPLICADO_EXACTO,1
00004277,2025,8,2,1,DUPLICADO_EXACTO,1
00004277,2025,9,3,1,DUPLICADO_EXACTO,2
00004277,2025,10,2,1,DUPLICADO_EXACTO,1
00004277,2025,11,2,1,DUPLICADO_EXACTO,1
00004277,2025,12,2,1,DUPLICADO_EXACTO,1
00004277,2026,2,2,1,DUPLICADO_EXACTO,1
00004277,2026,3,3,1,DUPLICADO_EXACTO,2
00004277,2026,4,3,1,DUPLICADO_EXACTO,2
00004277,2026,5,2,1,DUPLICADO_EXACTO,1
00004277,2026,6,2,1,DUPLICADO_EXACTO,1
00004277,2026,7,2,1,DUPLICADO_EXACTO,1
00004279,2024,7,2,1,DUPLICADO_EXACTO,1
00004280,2024,7,2,1,DUPLICADO_EXACTO,1
00004283,2024,7,2,1,DUPLICADO_EXACTO,1
00004284,2024,7,2,1,DUPLICADO_EXACTO,1
00004285,2024,7,2,1,DUPLICADO_EXACTO,1
00004287,2024,7,2,1,DUPLICADO_EXACTO,1
00004288,2020,6,2,1,DUPLICADO_EXACTO,1
00004288,2020,10,2,1,DUPLICADO_EXACTO,1
00004288,2020,11,3,1,DUPLICADO_EXACTO,2
00004288,2025,7,2,1,DUPLICADO_EXACTO,1
00004289,2020,6,2,1,DUPLICADO_EXACTO,1
00004289,2020,10,2,1,DUPLICADO_EXACTO,1
00004289,2020,11,3,1,DUPLICADO_EXACTO,2
00004289,2025,7,2,1,DUPLICADO_EXACTO,1
00004290,2025,7,2,1,DUPLICADO_EXACTO,1
00004291,2020,6,2,1,DUPLICADO_EXACTO,1
00004291,2020,10,2,1,DUPLICADO_EXACTO,1
00004291,2020,11,2,1,DUPLICADO_EXACTO,1
00004291,2025,7,2,1,DUPLICADO_EXACTO,1
00004292,2020,6,2,1,DUPLICADO_EXACTO,1
00004292,2020,10,2,1,DUPLICADO_EXACTO,1
00004292,2020,11,3,1,DUPLICADO_EXACTO,2
00004292,2025,7,2,1,DUPLICADO_EXACTO,1
00004293,2020,6,2,1,DUPLICADO_EXACTO,1
00004293,2020,10,2,1,DUPLICADO_EXACTO,1
00004293,2020,11,3,1,DUPLICADO_EXACTO,2
00004293,2025,7,2,1,DUPLICADO_EXACTO,1
00004294,2020,6,2,1,DUPLICADO_EXACTO,1
00004294,2020,10,2,1,DUPLICADO_EXACTO,1
00004294,2020,11,3,1,DUPLICADO_EXACTO,2
00004294,2025,7,2,1,DUPLICADO_EXACTO,1
00004295,2020,6,2,1,DUPLICADO_EXACTO,1
00004295,2020,10,2,1,DUPLICADO_EXACTO,1
00004295,2020,11,3,1,DUPLICADO_EXACTO,2
00004295,2025,7,2,1,DUPLICADO_EXACTO,1
00004296,2019,6,2,1,DUPLICADO_EXACTO,1
00004296,2020,2,4,1,DUPLICADO_EXACTO,3
00004296,2024,7,2,1,DUPLICADO_EXACTO,1
00004296,2024,8,2,1,DUPLICADO_EXACTO,1
00004297,2019,6,2,1,DUPLICADO_EXACTO,1
00004297,2024,7,2,1,DUPLICADO_EXACTO,1
00004297,2024,8,2,1,DUPLICADO_EXACTO,1
00004297,2025,1,2,1,DUPLICADO_EXACTO,1
00004297,2025,7,3,1,DUPLICADO_EXACTO,2
00004298,2024,8,2,1,DUPLICADO_EXACTO,1
00004298,2025,7,3,1,DUPLICADO_EXACTO,2
00004299,2020,1,7,1,DUPLICADO_EXACTO,6
00004299,2020,2,4,1,DUPLICADO_EXACTO,3
00004299,2024,8,2,1,DUPLICADO_EXACTO,1
00004299,2025,7,3,1,DUPLICADO_EXACTO,2
00004300,2024,8,2,1,DUPLICADO_EXACTO,1
00004300,2024,9,2,1,DUPLICADO_EXACTO,1
00004301,2020,1,13,1,DUPLICADO_EXACTO,12
00004301,2024,7,5,1,DUPLICADO_EXACTO,4
00004301,2024,8,2,1,DUPLICADO_EXACTO,1
00004301,2024,9,2,1,DUPLICADO_EXACTO,1
00004302,2020,1,13,1,DUPLICADO_EXACTO,12
00004303,2020,1,13,1,DUPLICADO_EXACTO,12
00004303,2024,8,2,1,DUPLICADO_EXACTO,1
00004304,2024,8,2,1,DUPLICADO_EXACTO,1
00004304,2024,9,2,1,DUPLICADO_EXACTO,1
00004305,2020,1,13,1,DUPLICADO_EXACTO,12
00004305,2024,7,5,1,DUPLICADO_EXACTO,4
00004305,2024,8,2,1,DUPLICADO_EXACTO,1
00004305,2024,9,2,1,DUPLICADO_EXACTO,1
00004306,2020,1,13,1,DUPLICADO_EXACTO,12
00004306,2024,8,2,1,DUPLICADO_EXACTO,1
00004306,2024,9,2,1,DUPLICADO_EXACTO,1
00004307,2024,7,5,1,DUPLICADO_EXACTO,4
00004307,2024,8,2,1,DUPLICADO_EXACTO,1
00004307,2024,9,2,1,DUPLICADO_EXACTO,1
00004308,2020,1,13,1,DUPLICADO_EXACTO,12
00004308,2024,7,5,1,DUPLICADO_EXACTO,4
00004308,2024,8,2,1,DUPLICADO_EXACTO,1
00004309,2024,8,2,1,DUPLICADO_EXACTO,1
00004309,2024,9,2,1,DUPLICADO_EXACTO,1
00004310,2020,1,13,1,DUPLICADO_EXACTO,12
00004310,2024,8,2,1,DUPLICADO_EXACTO,1
00004310,2024,9,2,1,DUPLICADO_EXACTO,1
00004311,2025,12,2,1,DUPLICADO_EXACTO,1
00004312,2024,11,2,1,DUPLICADO_EXACTO,1
00004312,2025,12,2,1,DUPLICADO_EXACTO,1
00004313,2024,11,2,1,DUPLICADO_EXACTO,1
00004313,2025,12,2,1,DUPLICADO_EXACTO,1
00004314,2024,11,2,1,DUPLICADO_EXACTO,1
00004314,2025,12,2,1,DUPLICADO_EXACTO,1
00004315,2024,11,2,1,DUPLICADO_EXACTO,1
00004315,2025,12,2,1,DUPLICADO_EXACTO,1
00004316,2024,11,2,1,DUPLICADO_EXACTO,1
00004342,2025,4,2,1,DUPLICADO_EXACTO,1
00004342,2025,8,2,1,DUPLICADO_EXACTO,1
00004342,2025,11,2,1,DUPLICADO_EXACTO,1
00004342,2026,7,2,1,DUPLICADO_EXACTO,1
00004359,2026,1,2,1,DUPLICADO_EXACTO,1
00004373,2025,2,2,1,DUPLICADO_EXACTO,1
00004373,2025,6,2,1,DUPLICADO_EXACTO,1
00004373,2025,7,2,1,DUPLICADO_EXACTO,1
00004373,2025,8,4,1,DUPLICADO_EXACTO,3
00004374,2025,2,2,1,DUPLICADO_EXACTO,1
00004374,2025,6,2,1,DUPLICADO_EXACTO,1
00004374,2025,7,2,1,DUPLICADO_EXACTO,1
00004374,2025,8,4,1,DUPLICADO_EXACTO,3
00004375,2025,2,2,1,DUPLICADO_EXACTO,1
00004375,2025,6,2,1,DUPLICADO_EXACTO,1
00004375,2025,7,2,1,DUPLICADO_EXACTO,1
00004375,2025,8,4,1,DUPLICADO_EXACTO,3
00004407,2025,1,2,1,DUPLICADO_EXACTO,1
00004408,2025,1,2,1,DUPLICADO_EXACTO,1
00004409,2025,1,2,1,DUPLICADO_EXACTO,1
00004410,2025,1,2,1,DUPLICADO_EXACTO,1
00004411,2025,1,2,1,DUPLICADO_EXACTO,1
00004412,2025,1,2,1,DUPLICADO_EXACTO,1
00004413,2025,1,2,1,DUPLICADO_EXACTO,1
00004414,2025,1,2,1,DUPLICADO_EXACTO,1
00004415,2025,1,2,1,DUPLICADO_EXACTO,1
00004416,2025,1,2,1,DUPLICADO_EXACTO,1
00004467,2019,4,2,1,DUPLICADO_EXACTO,1
00004467,2020,1,4,1,DUPLICADO_EXACTO,3
00004467,2020,2,2,1,DUPLICADO_EXACTO,1
00004467,2020,3,2,1,DUPLICADO_EXACTO,1
00004467,2020,4,3,1,DUPLICADO_EXACTO,2
00004467,2020,8,2,1,DUPLICADO_EXACTO,1
00004467,2020,9,2,1,DUPLICADO_EXACTO,1
00004467,2020,10,2,1,DUPLICADO_EXACTO,1
00004467,2020,11,2,1,DUPLICADO_EXACTO,1
00004467,2020,12,3,1,DUPLICADO_EXACTO,2
00004467,2021,1,2,1,DUPLICADO_EXACTO,1
00004467,2021,2,2,1,DUPLICADO_EXACTO,1
00004467,2021,3,2,1,DUPLICADO_EXACTO,1
00004467,2021,7,2,1,DUPLICADO_EXACTO,1
00004467,2021,9,2,1,DUPLICADO_EXACTO,1
00004468,2019,4,2,1,DUPLICADO_EXACTO,1
00004468,2019,5,3,1,DUPLICADO_EXACTO,2
00004468,2020,1,4,1,DUPLICADO_EXACTO,3
00004468,2020,2,2,1,DUPLICADO_EXACTO,1
00004468,2020,3,2,1,DUPLICADO_EXACTO,1
00004468,2020,4,3,1,DUPLICADO_EXACTO,2
00004468,2020,8,2,1,DUPLICADO_EXACTO,1
00004468,2020,9,2,1,DUPLICADO_EXACTO,1
00004468,2020,10,2,1,DUPLICADO_EXACTO,1
00004468,2020,11,2,1,DUPLICADO_EXACTO,1
00004468,2020,12,3,1,DUPLICADO_EXACTO,2
00004468,2021,1,2,1,DUPLICADO_EXACTO,1
00004468,2021,2,2,1,DUPLICADO_EXACTO,1
00004468,2021,3,2,1,DUPLICADO_EXACTO,1
00004468,2021,7,2,1,DUPLICADO_EXACTO,1
00004468,2021,9,2,1,DUPLICADO_EXACTO,1
00004469,2019,4,2,1,DUPLICADO_EXACTO,1
00004469,2019,5,3,1,DUPLICADO_EXACTO,2
00004469,2020,1,4,1,DUPLICADO_EXACTO,3
00004469,2020,2,2,1,DUPLICADO_EXACTO,1
00004469,2020,3,2,1,DUPLICADO_EXACTO,1
00004469,2020,4,3,1,DUPLICADO_EXACTO,2
00004469,2020,8,2,1,DUPLICADO_EXACTO,1
00004469,2020,9,2,1,DUPLICADO_EXACTO,1
00004469,2020,10,2,1,DUPLICADO_EXACTO,1
00004469,2020,11,2,1,DUPLICADO_EXACTO,1
00004469,2020,12,3,1,DUPLICADO_EXACTO,2
00004469,2021,1,2,1,DUPLICADO_EXACTO,1
00004469,2021,2,2,1,DUPLICADO_EXACTO,1
00004469,2021,3,2,1,DUPLICADO_EXACTO,1
00004469,2021,7,2,1,DUPLICADO_EXACTO,1
00004469,2021,9,2,1,DUPLICADO_EXACTO,1
00004470,2019,5,2,1,DUPLICADO_EXACTO,1
00004470,2020,2,2,1,DUPLICADO_EXACTO,1
00004470,2020,3,2,1,DUPLICADO_EXACTO,1
00004470,2020,4,3,1,DUPLICADO_EXACTO,2
00004470,2020,8,2,1,DUPLICADO_EXACTO,1
00004470,2020,9,2,1,DUPLICADO_EXACTO,1
00004470,2020,10,2,1,DUPLICADO_EXACTO,1
00004470,2020,11,2,1,DUPLICADO_EXACTO,1
00004470,2020,12,2,1,DUPLICADO_EXACTO,1
00004471,2019,4,2,1,DUPLICADO_EXACTO,1
00004471,2019,5,3,1,DUPLICADO_EXACTO,2
00004471,2020,1,2,1,DUPLICADO_EXACTO,1
00004471,2020,2,2,1,DUPLICADO_EXACTO,1
00004471,2020,3,2,1,DUPLICADO_EXACTO,1
00004471,2020,4,3,1,DUPLICADO_EXACTO,2
00004471,2020,8,2,1,DUPLICADO_EXACTO,1
00004471,2020,9,2,1,DUPLICADO_EXACTO,1
00004471,2020,10,2,1,DUPLICADO_EXACTO,1
00004471,2020,11,2,1,DUPLICADO_EXACTO,1
00004471,2020,12,3,1,DUPLICADO_EXACTO,2
00004471,2021,1,2,1,DUPLICADO_EXACTO,1
00004471,2021,2,2,1,DUPLICADO_EXACTO,1
00004471,2021,3,2,1,DUPLICADO_EXACTO,1
00004471,2021,7,2,1,DUPLICADO_EXACTO,1
00004471,2021,9,2,1,DUPLICADO_EXACTO,1
00004472,2019,4,2,1,DUPLICADO_EXACTO,1
00004472,2019,5,3,1,DUPLICADO_EXACTO,2
00004472,2020,1,4,1,DUPLICADO_EXACTO,3
00004472,2020,2,2,1,DUPLICADO_EXACTO,1
00004472,2020,3,2,1,DUPLICADO_EXACTO,1
00004472,2020,4,3,1,DUPLICADO_EXACTO,2
00004472,2020,12,2,1,DUPLICADO_EXACTO,1
00004473,2020,8,2,1,DUPLICADO_EXACTO,1
00004473,2020,9,2,1,DUPLICADO_EXACTO,1
00004473,2020,10,2,1,DUPLICADO_EXACTO,1
00004473,2020,11,2,1,DUPLICADO_EXACTO,1
00004473,2021,1,2,1,DUPLICADO_EXACTO,1
00004473,2021,2,2,1,DUPLICADO_EXACTO,1
00004473,2021,9,2,1,DUPLICADO_EXACTO,1
00004474,2020,7,2,1,DUPLICADO_EXACTO,1
00004474,2020,9,4,1,DUPLICADO_EXACTO,3
00004474,2020,10,3,1,DUPLICADO_EXACTO,2
00004474,2021,1,2,1,DUPLICADO_EXACTO,1
00004474,2021,3,2,1,DUPLICADO_EXACTO,1
00004474,2021,8,4,1,DUPLICADO_EXACTO,3
00004474,2023,4,2,1,DUPLICADO_EXACTO,1
00004474,2024,2,2,1,DUPLICADO_EXACTO,1
00004474,2025,3,3,1,DUPLICADO_EXACTO,2
00004474,2026,4,2,1,DUPLICADO_EXACTO,1
00004474,2026,5,2,1,DUPLICADO_EXACTO,1
00004475,2020,7,2,1,DUPLICADO_EXACTO,1
00004475,2020,9,4,1,DUPLICADO_EXACTO,3
00004475,2020,10,3,1,DUPLICADO_EXACTO,2
00004475,2021,1,2,1,DUPLICADO_EXACTO,1
00004475,2021,3,2,1,DUPLICADO_EXACTO,1
00004475,2021,8,4,1,DUPLICADO_EXACTO,3
00004475,2023,4,2,1,DUPLICADO_EXACTO,1
00004475,2024,2,2,1,DUPLICADO_EXACTO,1
00004475,2025,3,3,1,DUPLICADO_EXACTO,2
00004475,2026,5,2,1,DUPLICADO_EXACTO,1
00004476,2020,7,2,1,DUPLICADO_EXACTO,1
00004476,2020,9,4,1,DUPLICADO_EXACTO,3
00004476,2020,10,3,1,DUPLICADO_EXACTO,2
00004476,2021,1,2,1,DUPLICADO_EXACTO,1
00004476,2021,3,2,1,DUPLICADO_EXACTO,1
00004476,2021,8,4,1,DUPLICADO_EXACTO,3
00004476,2023,4,2,1,DUPLICADO_EXACTO,1
00004476,2024,2,2,1,DUPLICADO_EXACTO,1
00004476,2025,3,3,1,DUPLICADO_EXACTO,2
00004476,2026,4,2,1,DUPLICADO_EXACTO,1
00004476,2026,5,2,1,DUPLICADO_EXACTO,1
00004477,2020,7,2,1,DUPLICADO_EXACTO,1
00004477,2021,3,2,1,DUPLICADO_EXACTO,1
00004477,2024,2,2,1,DUPLICADO_EXACTO,1
00004477,2025,3,3,1,DUPLICADO_EXACTO,2
00004477,2026,4,2,1,DUPLICADO_EXACTO,1
00004477,2026,5,2,1,DUPLICADO_EXACTO,1
00004478,2020,2,2,1,DUPLICADO_EXACTO,1
00004478,2020,3,2,1,DUPLICADO_EXACTO,1
00004478,2020,6,2,1,DUPLICADO_EXACTO,1
00004478,2020,7,3,1,DUPLICADO_EXACTO,2
00004478,2020,8,2,1,DUPLICADO_EXACTO,1
00004478,2020,9,2,1,DUPLICADO_EXACTO,1
00004478,2020,10,2,1,DUPLICADO_EXACTO,1
00004478,2020,11,2,1,DUPLICADO_EXACTO,1
00004478,2020,12,3,1,DUPLICADO_EXACTO,2
00004478,2021,1,2,1,DUPLICADO_EXACTO,1
00004478,2021,2,2,1,DUPLICADO_EXACTO,1
00004478,2021,3,2,1,DUPLICADO_EXACTO,1
00004478,2021,7,2,1,DUPLICADO_EXACTO,1
00004478,2021,10,3,1,DUPLICADO_EXACTO,2
00004478,2022,1,2,1,DUPLICADO_EXACTO,1
00004478,2022,2,3,1,DUPLICADO_EXACTO,2
00004478,2022,3,2,1,DUPLICADO_EXACTO,1
00004478,2022,4,4,1,DUPLICADO_EXACTO,3
00004478,2022,5,2,1,DUPLICADO_EXACTO,1
00004478,2022,7,2,1,DUPLICADO_EXACTO,1
00004478,2022,10,2,1,DUPLICADO_EXACTO,1
00004478,2022,11,2,1,DUPLICADO_EXACTO,1
00004478,2022,12,2,1,DUPLICADO_EXACTO,1
00004478,2023,1,2,1,DUPLICADO_EXACTO,1
00004478,2023,2,2,1,DUPLICADO_EXACTO,1
00004478,2023,3,2,1,DUPLICADO_EXACTO,1
00004478,2023,4,2,1,DUPLICADO_EXACTO,1
00004478,2023,5,2,1,DUPLICADO_EXACTO,1
00004478,2023,6,2,1,DUPLICADO_EXACTO,1
00004478,2023,7,2,1,DUPLICADO_EXACTO,1
00004478,2023,8,2,1,DUPLICADO_EXACTO,1
00004478,2023,10,2,1,DUPLICADO_EXACTO,1
00004478,2025,10,3,1,DUPLICADO_EXACTO,2
00004479,2020,7,3,1,DUPLICADO_EXACTO,2
00004479,2020,8,2,1,DUPLICADO_EXACTO,1
00004479,2020,9,2,1,DUPLICADO_EXACTO,1
00004479,2020,10,2,1,DUPLICADO_EXACTO,1
00004479,2020,11,2,1,DUPLICADO_EXACTO,1
00004479,2020,12,3,1,DUPLICADO_EXACTO,2
00004479,2021,1,2,1,DUPLICADO_EXACTO,1
00004479,2021,2,2,1,DUPLICADO_EXACTO,1
00004479,2021,3,2,1,DUPLICADO_EXACTO,1
00004479,2021,9,2,1,DUPLICADO_EXACTO,1
00004479,2021,10,3,1,DUPLICADO_EXACTO,2
00004479,2022,2,2,1,DUPLICADO_EXACTO,1
00004479,2022,4,2,1,DUPLICADO_EXACTO,1
00004479,2022,8,3,1,DUPLICADO_EXACTO,2
00004479,2022,12,2,1,DUPLICADO_EXACTO,1
00004479,2023,2,2,1,DUPLICADO_EXACTO,1
00004479,2023,3,2,1,DUPLICADO_EXACTO,1
00004479,2023,4,2,1,DUPLICADO_EXACTO,1
00004479,2023,5,2,1,DUPLICADO_EXACTO,1
00004479,2023,6,2,1,DUPLICADO_EXACTO,1
00004479,2023,7,2,1,DUPLICADO_EXACTO,1
00004479,2023,8,2,1,DUPLICADO_EXACTO,1
00004479,2023,9,2,1,DUPLICADO_EXACTO,1
00004479,2023,10,2,1,DUPLICADO_EXACTO,1
00004479,2025,10,3,1,DUPLICADO_EXACTO,2
00004480,2019,11,2,1,DUPLICADO_EXACTO,1
00004480,2020,1,2,1,DUPLICADO_EXACTO,1
00004480,2020,2,2,1,DUPLICADO_EXACTO,1
00004480,2020,3,2,1,DUPLICADO_EXACTO,1
00004480,2020,4,4,1,DUPLICADO_EXACTO,3
00004480,2020,5,2,1,DUPLICADO_EXACTO,1
00004480,2020,6,2,1,DUPLICADO_EXACTO,1
00004480,2020,7,3,1,DUPLICADO_EXACTO,2
00004480,2020,8,2,1,DUPLICADO_EXACTO,1
00004480,2020,9,2,1,DUPLICADO_EXACTO,1
00004480,2020,10,2,1,DUPLICADO_EXACTO,1
00004480,2020,12,3,1,DUPLICADO_EXACTO,2
00004480,2021,1,2,1,DUPLICADO_EXACTO,1
00004480,2021,2,2,1,DUPLICADO_EXACTO,1
00004480,2021,3,2,1,DUPLICADO_EXACTO,1
00004480,2021,7,4,1,DUPLICADO_EXACTO,3
00004480,2021,9,2,1,DUPLICADO_EXACTO,1
00004480,2021,10,3,1,DUPLICADO_EXACTO,2
00004480,2022,1,2,1,DUPLICADO_EXACTO,1
00004480,2022,2,3,1,DUPLICADO_EXACTO,2
00004480,2022,3,2,1,DUPLICADO_EXACTO,1
00004480,2022,5,2,1,DUPLICADO_EXACTO,1
00004480,2022,7,2,1,DUPLICADO_EXACTO,1
00004480,2022,8,3,1,DUPLICADO_EXACTO,2
00004480,2022,10,2,1,DUPLICADO_EXACTO,1
00004480,2022,12,2,1,DUPLICADO_EXACTO,1
00004480,2023,1,2,1,DUPLICADO_EXACTO,1
00004480,2023,2,2,1,DUPLICADO_EXACTO,1
00004480,2023,3,2,1,DUPLICADO_EXACTO,1
00004480,2023,4,2,1,DUPLICADO_EXACTO,1
00004480,2023,5,2,1,DUPLICADO_EXACTO,1
00004480,2023,6,2,1,DUPLICADO_EXACTO,1
00004480,2023,7,2,1,DUPLICADO_EXACTO,1
00004480,2023,8,2,1,DUPLICADO_EXACTO,1
00004480,2023,10,2,1,DUPLICADO_EXACTO,1
00004480,2025,10,3,1,DUPLICADO_EXACTO,2
00004481,2019,12,3,1,DUPLICADO_EXACTO,2
00004481,2021,7,4,1,DUPLICADO_EXACTO,3
00004481,2021,9,2,1,DUPLICADO_EXACTO,1
00004481,2021,10,3,1,DUPLICADO_EXACTO,2
00004481,2022,1,2,1,DUPLICADO_EXACTO,1
00004481,2022,4,2,1,DUPLICADO_EXACTO,1
00004481,2022,7,2,1,DUPLICADO_EXACTO,1
00004481,2022,8,2,1,DUPLICADO_EXACTO,1
00004481,2023,1,2,1,DUPLICADO_EXACTO,1
00004481,2023,10,2,1,DUPLICADO_EXACTO,1
00004481,2025,10,3,1,DUPLICADO_EXACTO,2
00004482,2018,5,2,1,DUPLICADO_EXACTO,1
00004482,2020,1,2,1,DUPLICADO_EXACTO,1
00004482,2020,2,2,1,DUPLICADO_EXACTO,1
00004482,2020,3,3,1,DUPLICADO_EXACTO,2
00004482,2020,4,2,1,DUPLICADO_EXACTO,1
00004482,2020,5,2,1,DUPLICADO_EXACTO,1
00004482,2020,6,2,1,DUPLICADO_EXACTO,1
00004482,2020,7,2,1,DUPLICADO_EXACTO,1
00004482,2020,8,2,1,DUPLICADO_EXACTO,1
00004482,2020,9,2,1,DUPLICADO_EXACTO,1
00004482,2020,12,4,1,DUPLICADO_EXACTO,3
00004482,2021,2,2,1,DUPLICADO_EXACTO,1
00004482,2021,3,2,1,DUPLICADO_EXACTO,1
00004482,2021,6,2,1,DUPLICADO_EXACTO,1
00004482,2021,7,3,1,DUPLICADO_EXACTO,2
00004482,2021,8,3,1,DUPLICADO_EXACTO,2
00004482,2021,10,2,1,DUPLICADO_EXACTO,1
00004482,2022,11,2,1,DUPLICADO_EXACTO,1
00004482,2022,12,3,1,DUPLICADO_EXACTO,2
00004482,2023,1,2,1,DUPLICADO_EXACTO,1
00004482,2023,7,2,1,DUPLICADO_EXACTO,1
00004482,2023,8,6,1,DUPLICADO_EXACTO,5
00004482,2023,9,2,1,DUPLICADO_EXACTO,1
00004482,2023,10,2,1,DUPLICADO_EXACTO,1
00004482,2023,11,3,1,DUPLICADO_EXACTO,2
00004482,2023,12,2,1,DUPLICADO_EXACTO,1
00004482,2024,1,2,1,DUPLICADO_EXACTO,1
00004482,2024,2,3,1,DUPLICADO_EXACTO,2
00004482,2024,3,4,1,DUPLICADO_EXACTO,3
00004482,2024,4,2,1,DUPLICADO_EXACTO,1
00004482,2024,5,2,1,DUPLICADO_EXACTO,1
00004482,2024,7,2,1,DUPLICADO_EXACTO,1
00004482,2024,8,4,1,DUPLICADO_EXACTO,3
00004482,2024,10,2,1,DUPLICADO_EXACTO,1
00004482,2025,2,3,1,DUPLICADO_EXACTO,2
00004482,2025,3,2,1,DUPLICADO_EXACTO,1
00004482,2025,4,2,1,DUPLICADO_EXACTO,1
00004482,2025,5,6,1,DUPLICADO_EXACTO,5
00004482,2025,7,9,1,DUPLICADO_EXACTO,8
00004482,2025,8,3,1,DUPLICADO_EXACTO,2
00004482,2025,9,2,1,DUPLICADO_EXACTO,1
00004482,2025,10,3,1,DUPLICADO_EXACTO,2
00004482,2026,4,7,1,DUPLICADO_EXACTO,6
00004482,2026,5,4,1,DUPLICADO_EXACTO,3
00004482,2026,6,2,1,DUPLICADO_EXACTO,1
00004482,2026,7,3,1,DUPLICADO_EXACTO,2
00004483,2021,6,2,1,DUPLICADO_EXACTO,1
00004483,2021,7,3,1,DUPLICADO_EXACTO,2
00004483,2021,8,3,1,DUPLICADO_EXACTO,2
00004483,2021,11,2,1,DUPLICADO_EXACTO,1
00004483,2022,11,2,1,DUPLICADO_EXACTO,1
00004483,2022,12,3,1,DUPLICADO_EXACTO,2
00004483,2023,1,2,1,DUPLICADO_EXACTO,1
00004483,2023,7,2,1,DUPLICADO_EXACTO,1
00004483,2023,8,6,1,DUPLICADO_EXACTO,5
00004483,2023,9,2,1,DUPLICADO_EXACTO,1
00004483,2023,10,2,1,DUPLICADO_EXACTO,1
00004483,2023,11,3,1,DUPLICADO_EXACTO,2
00004483,2023,12,2,1,DUPLICADO_EXACTO,1
00004483,2024,1,2,1,DUPLICADO_EXACTO,1
00004483,2024,2,3,1,DUPLICADO_EXACTO,2
00004483,2024,3,4,1,DUPLICADO_EXACTO,3
00004483,2024,4,2,1,DUPLICADO_EXACTO,1
00004483,2024,5,2,1,DUPLICADO_EXACTO,1
00004483,2024,7,2,1,DUPLICADO_EXACTO,1
00004483,2024,8,4,1,DUPLICADO_EXACTO,3
00004483,2024,10,2,1,DUPLICADO_EXACTO,1
00004483,2025,2,3,1,DUPLICADO_EXACTO,2
00004483,2025,3,2,1,DUPLICADO_EXACTO,1
00004483,2025,4,2,1,DUPLICADO_EXACTO,1
00004483,2025,5,6,1,DUPLICADO_EXACTO,5
00004483,2025,6,4,1,DUPLICADO_EXACTO,3
00004483,2025,7,9,1,DUPLICADO_EXACTO,8
00004483,2025,8,3,1,DUPLICADO_EXACTO,2
00004483,2025,9,2,1,DUPLICADO_EXACTO,1
00004483,2025,10,3,1,DUPLICADO_EXACTO,2
00004483,2026,4,7,1,DUPLICADO_EXACTO,6
00004483,2026,5,4,1,DUPLICADO_EXACTO,3
00004483,2026,6,2,1,DUPLICADO_EXACTO,1
00004483,2026,7,3,1,DUPLICADO_EXACTO,2
00004484,2020,1,2,1,DUPLICADO_EXACTO,1
00004484,2020,2,2,1,DUPLICADO_EXACTO,1
00004484,2020,4,2,1,DUPLICADO_EXACTO,1
00004484,2020,5,2,1,DUPLICADO_EXACTO,1
00004484,2020,6,2,1,DUPLICADO_EXACTO,1
00004484,2020,7,2,1,DUPLICADO_EXACTO,1
00004484,2020,8,2,1,DUPLICADO_EXACTO,1
00004484,2020,9,2,1,DUPLICADO_EXACTO,1
00004484,2020,11,4,1,DUPLICADO_EXACTO,3
00004484,2020,12,4,1,DUPLICADO_EXACTO,3
00004484,2021,2,2,1,DUPLICADO_EXACTO,1
00004484,2021,3,2,1,DUPLICADO_EXACTO,1
00004484,2021,10,2,1,DUPLICADO_EXACTO,1
00004484,2021,11,2,1,DUPLICADO_EXACTO,1
00004484,2022,12,3,1,DUPLICADO_EXACTO,2
00004484,2023,7,2,1,DUPLICADO_EXACTO,1
00004484,2025,2,3,1,DUPLICADO_EXACTO,2
00004484,2025,3,2,1,DUPLICADO_EXACTO,1
00004484,2025,4,2,1,DUPLICADO_EXACTO,1
00004484,2025,5,6,1,DUPLICADO_EXACTO,5
00004484,2025,6,4,1,DUPLICADO_EXACTO,3
00004484,2025,8,2,1,DUPLICADO_EXACTO,1
00004484,2025,9,2,1,DUPLICADO_EXACTO,1
00004485,2019,6,2,1,DUPLICADO_EXACTO,1
00004485,2020,1,2,1,DUPLICADO_EXACTO,1
00004485,2020,2,2,1,DUPLICADO_EXACTO,1
00004485,2020,3,3,1,DUPLICADO_EXACTO,2
00004485,2020,4,2,1,DUPLICADO_EXACTO,1
00004485,2020,5,2,1,DUPLICADO_EXACTO,1
00004485,2020,6,2,1,DUPLICADO_EXACTO,1
00004485,2020,7,2,1,DUPLICADO_EXACTO,1
00004485,2020,8,2,1,DUPLICADO_EXACTO,1
00004485,2020,9,2,1,DUPLICADO_EXACTO,1
00004485,2020,11,4,1,DUPLICADO_EXACTO,3
00004485,2020,12,4,1,DUPLICADO_EXACTO,3
00004485,2021,2,2,1,DUPLICADO_EXACTO,1
00004485,2021,3,2,1,DUPLICADO_EXACTO,1
00004485,2021,6,2,1,DUPLICADO_EXACTO,1
00004485,2021,7,3,1,DUPLICADO_EXACTO,2
00004485,2021,8,3,1,DUPLICADO_EXACTO,2
00004485,2021,10,2,1,DUPLICADO_EXACTO,1
00004485,2021,11,2,1,DUPLICADO_EXACTO,1
00004485,2022,11,2,1,DUPLICADO_EXACTO,1
00004485,2023,1,2,1,DUPLICADO_EXACTO,1
00004485,2023,8,6,1,DUPLICADO_EXACTO,5
00004485,2023,9,2,1,DUPLICADO_EXACTO,1
00004485,2023,10,2,1,DUPLICADO_EXACTO,1
00004485,2023,11,3,1,DUPLICADO_EXACTO,2
00004485,2023,12,2,1,DUPLICADO_EXACTO,1
00004485,2024,2,3,1,DUPLICADO_EXACTO,2
00004485,2024,3,4,1,DUPLICADO_EXACTO,3
00004485,2024,4,2,1,DUPLICADO_EXACTO,1
00004485,2024,5,2,1,DUPLICADO_EXACTO,1
00004485,2024,7,2,1,DUPLICADO_EXACTO,1
00004485,2024,8,4,1,DUPLICADO_EXACTO,3
00004485,2024,10,2,1,DUPLICADO_EXACTO,1
00004485,2025,2,3,1,DUPLICADO_EXACTO,2
00004485,2025,3,2,1,DUPLICADO_EXACTO,1
00004485,2025,4,2,1,DUPLICADO_EXACTO,1
00004485,2025,5,6,1,DUPLICADO_EXACTO,5
00004485,2025,6,4,1,DUPLICADO_EXACTO,3
00004485,2025,7,9,1,DUPLICADO_EXACTO,8
00004485,2025,8,3,1,DUPLICADO_EXACTO,2
00004485,2025,9,2,1,DUPLICADO_EXACTO,1
00004485,2025,10,3,1,DUPLICADO_EXACTO,2
00004485,2026,3,10,1,DUPLICADO_EXACTO,9
00004485,2026,4,7,1,DUPLICADO_EXACTO,6
00004485,2026,5,4,1,DUPLICADO_EXACTO,3
00004485,2026,6,2,1,DUPLICADO_EXACTO,1
00004485,2026,7,3,1,DUPLICADO_EXACTO,2
00004486,2020,1,2,1,DUPLICADO_EXACTO,1
00004486,2020,2,2,1,DUPLICADO_EXACTO,1
00004486,2020,3,3,1,DUPLICADO_EXACTO,2
00004486,2020,4,2,1,DUPLICADO_EXACTO,1
00004486,2020,5,2,1,DUPLICADO_EXACTO,1
00004486,2020,6,2,1,DUPLICADO_EXACTO,1
00004486,2020,7,2,1,DUPLICADO_EXACTO,1
00004486,2020,8,2,1,DUPLICADO_EXACTO,1
00004486,2020,9,2,1,DUPLICADO_EXACTO,1
00004486,2020,11,4,1,DUPLICADO_EXACTO,3
00004486,2020,12,4,1,DUPLICADO_EXACTO,3
00004486,2021,2,2,1,DUPLICADO_EXACTO,1
00004486,2021,3,2,1,DUPLICADO_EXACTO,1
00004486,2021,6,2,1,DUPLICADO_EXACTO,1
00004486,2021,7,3,1,DUPLICADO_EXACTO,2
00004486,2021,8,3,1,DUPLICADO_EXACTO,2
00004486,2021,10,2,1,DUPLICADO_EXACTO,1
00004486,2021,11,2,1,DUPLICADO_EXACTO,1
00004486,2022,11,2,1,DUPLICADO_EXACTO,1
00004486,2022,12,3,1,DUPLICADO_EXACTO,2
00004486,2023,7,2,1,DUPLICADO_EXACTO,1
00004486,2023,8,6,1,DUPLICADO_EXACTO,5
00004486,2023,9,2,1,DUPLICADO_EXACTO,1
00004486,2023,10,2,1,DUPLICADO_EXACTO,1
00004486,2023,11,3,1,DUPLICADO_EXACTO,2
00004486,2023,12,2,1,DUPLICADO_EXACTO,1
00004486,2024,1,2,1,DUPLICADO_EXACTO,1
00004486,2024,2,2,1,DUPLICADO_EXACTO,1
00004486,2024,3,3,1,DUPLICADO_EXACTO,2
00004486,2024,4,2,1,DUPLICADO_EXACTO,1
00004486,2024,5,2,1,DUPLICADO_EXACTO,1
00004486,2024,7,2,1,DUPLICADO_EXACTO,1
00004486,2024,8,4,1,DUPLICADO_EXACTO,3
00004486,2024,10,2,1,DUPLICADO_EXACTO,1
00004486,2025,2,3,1,DUPLICADO_EXACTO,2
00004486,2025,3,2,1,DUPLICADO_EXACTO,1
00004486,2025,4,2,1,DUPLICADO_EXACTO,1
00004486,2025,5,6,1,DUPLICADO_EXACTO,5
00004486,2025,6,4,1,DUPLICADO_EXACTO,3
00004486,2025,8,3,1,DUPLICADO_EXACTO,2
00004486,2025,9,2,1,DUPLICADO_EXACTO,1
00004486,2025,10,3,1,DUPLICADO_EXACTO,2
00004486,2026,4,6,1,DUPLICADO_EXACTO,5
00004486,2026,5,4,1,DUPLICADO_EXACTO,3
00004486,2026,6,2,1,DUPLICADO_EXACTO,1
00004486,2026,7,3,1,DUPLICADO_EXACTO,2
00004487,2020,1,2,1,DUPLICADO_EXACTO,1
00004487,2020,2,2,1,DUPLICADO_EXACTO,1
00004487,2020,3,3,1,DUPLICADO_EXACTO,2
00004487,2020,4,2,1,DUPLICADO_EXACTO,1
00004487,2020,5,2,1,DUPLICADO_EXACTO,1
00004487,2020,6,2,1,DUPLICADO_EXACTO,1
00004487,2020,7,2,1,DUPLICADO_EXACTO,1
00004487,2020,8,2,1,DUPLICADO_EXACTO,1
00004487,2020,9,2,1,DUPLICADO_EXACTO,1
00004487,2020,11,4,1,DUPLICADO_EXACTO,3
00004487,2020,12,4,1,DUPLICADO_EXACTO,3
00004487,2021,2,2,1,DUPLICADO_EXACTO,1
00004487,2021,3,2,1,DUPLICADO_EXACTO,1
00004487,2021,6,2,1,DUPLICADO_EXACTO,1
00004487,2021,7,3,1,DUPLICADO_EXACTO,2
00004487,2021,8,3,1,DUPLICADO_EXACTO,2
00004487,2021,10,2,1,DUPLICADO_EXACTO,1
00004487,2021,11,2,1,DUPLICADO_EXACTO,1
00004487,2022,11,2,1,DUPLICADO_EXACTO,1
00004487,2022,12,3,1,DUPLICADO_EXACTO,2
00004487,2023,1,2,1,DUPLICADO_EXACTO,1
00004487,2023,7,2,1,DUPLICADO_EXACTO,1
00004487,2023,8,6,1,DUPLICADO_EXACTO,5
00004487,2023,9,2,1,DUPLICADO_EXACTO,1
00004487,2023,10,2,1,DUPLICADO_EXACTO,1
00004487,2023,12,2,1,DUPLICADO_EXACTO,1
00004487,2024,1,2,1,DUPLICADO_EXACTO,1
00004487,2024,2,3,1,DUPLICADO_EXACTO,2
00004487,2024,3,4,1,DUPLICADO_EXACTO,3
00004487,2024,4,2,1,DUPLICADO_EXACTO,1
00004487,2024,5,2,1,DUPLICADO_EXACTO,1
00004487,2024,7,2,1,DUPLICADO_EXACTO,1
00004487,2024,8,4,1,DUPLICADO_EXACTO,3
00004487,2024,10,2,1,DUPLICADO_EXACTO,1
00004487,2025,2,3,1,DUPLICADO_EXACTO,2
00004487,2025,3,2,1,DUPLICADO_EXACTO,1
00004487,2025,4,2,1,DUPLICADO_EXACTO,1
00004487,2025,5,6,1,DUPLICADO_EXACTO,5
00004487,2025,6,4,1,DUPLICADO_EXACTO,3
00004487,2025,7,9,1,DUPLICADO_EXACTO,8
00004487,2025,8,3,1,DUPLICADO_EXACTO,2
00004487,2025,9,2,1,DUPLICADO_EXACTO,1
00004487,2025,10,3,1,DUPLICADO_EXACTO,2
00004487,2026,3,10,1,DUPLICADO_EXACTO,9
00004487,2026,4,7,1,DUPLICADO_EXACTO,6
00004487,2026,5,4,1,DUPLICADO_EXACTO,3
00004487,2026,6,2,1,DUPLICADO_EXACTO,1
00004487,2026,7,3,1,DUPLICADO_EXACTO,2
00004488,2020,1,2,1,DUPLICADO_EXACTO,1
00004488,2020,2,2,1,DUPLICADO_EXACTO,1
00004488,2020,4,2,1,DUPLICADO_EXACTO,1
00004488,2020,5,2,1,DUPLICADO_EXACTO,1
00004488,2020,6,2,1,DUPLICADO_EXACTO,1
00004488,2020,7,2,1,DUPLICADO_EXACTO,1
00004488,2020,8,2,1,DUPLICADO_EXACTO,1
00004488,2020,9,2,1,DUPLICADO_EXACTO,1
00004488,2020,11,2,1,DUPLICADO_EXACTO,1
00004488,2020,12,4,1,DUPLICADO_EXACTO,3
00004488,2021,2,2,1,DUPLICADO_EXACTO,1
00004488,2021,3,2,1,DUPLICADO_EXACTO,1
00004488,2021,6,2,1,DUPLICADO_EXACTO,1
00004488,2021,8,3,1,DUPLICADO_EXACTO,2
00004488,2021,10,2,1,DUPLICADO_EXACTO,1
00004488,2021,11,2,1,DUPLICADO_EXACTO,1
00004488,2023,1,2,1,DUPLICADO_EXACTO,1
00004488,2023,7,2,1,DUPLICADO_EXACTO,1
00004488,2023,8,6,1,DUPLICADO_EXACTO,5
00004488,2023,9,2,1,DUPLICADO_EXACTO,1
00004488,2023,10,2,1,DUPLICADO_EXACTO,1
00004488,2023,12,2,1,DUPLICADO_EXACTO,1
00004488,2024,1,2,1,DUPLICADO_EXACTO,1
00004488,2024,2,3,1,DUPLICADO_EXACTO,2
00004488,2024,3,4,1,DUPLICADO_EXACTO,3
00004488,2024,4,2,1,DUPLICADO_EXACTO,1
00004488,2024,5,2,1,DUPLICADO_EXACTO,1
00004488,2024,7,2,1,DUPLICADO_EXACTO,1
00004488,2024,8,4,1,DUPLICADO_EXACTO,3
00004488,2024,10,2,1,DUPLICADO_EXACTO,1
00004488,2025,2,3,1,DUPLICADO_EXACTO,2
00004488,2025,3,2,1,DUPLICADO_EXACTO,1
00004488,2025,4,2,1,DUPLICADO_EXACTO,1
00004488,2025,5,6,1,DUPLICADO_EXACTO,5
00004488,2025,6,4,1,DUPLICADO_EXACTO,3
00004488,2025,7,9,1,DUPLICADO_EXACTO,8
00004488,2025,8,3,1,DUPLICADO_EXACTO,2
00004488,2025,9,2,1,DUPLICADO_EXACTO,1
00004488,2025,10,3,1,DUPLICADO_EXACTO,2
00004488,2026,3,10,1,DUPLICADO_EXACTO,9
00004488,2026,4,7,1,DUPLICADO_EXACTO,6
00004488,2026,5,4,1,DUPLICADO_EXACTO,3
00004488,2026,6,2,1,DUPLICADO_EXACTO,1
00004488,2026,7,3,1,DUPLICADO_EXACTO,2
00004489,2020,1,3,1,DUPLICADO_EXACTO,2
00004489,2020,2,4,1,DUPLICADO_EXACTO,3
00004489,2020,3,2,1,DUPLICADO_EXACTO,1
00004489,2023,8,2,1,DUPLICADO_EXACTO,1
00004489,2023,9,3,1,DUPLICADO_EXACTO,2
00004489,2023,11,2,1,DUPLICADO_EXACTO,1
00004489,2024,1,2,1,DUPLICADO_EXACTO,1
00004489,2024,3,2,1,DUPLICADO_EXACTO,1
00004489,2024,4,2,1,DUPLICADO_EXACTO,1
00004489,2024,12,4,1,DUPLICADO_EXACTO,3
00004489,2025,1,2,1,DUPLICADO_EXACTO,1
00004489,2025,4,2,1,DUPLICADO_EXACTO,1
00004490,2020,1,3,1,DUPLICADO_EXACTO,2
00004490,2020,2,4,1,DUPLICADO_EXACTO,3
00004490,2020,3,2,1,DUPLICADO_EXACTO,1
00004490,2023,8,2,1,DUPLICADO_EXACTO,1
00004490,2023,9,3,1,DUPLICADO_EXACTO,2
00004490,2023,11,2,1,DUPLICADO_EXACTO,1
00004490,2024,1,2,1,DUPLICADO_EXACTO,1
00004490,2024,4,2,1,DUPLICADO_EXACTO,1
00004490,2024,12,4,1,DUPLICADO_EXACTO,3
00004490,2025,1,2,1,DUPLICADO_EXACTO,1
00004490,2025,4,2,1,DUPLICADO_EXACTO,1
00004491,2023,8,2,1,DUPLICADO_EXACTO,1
00004491,2023,9,3,1,DUPLICADO_EXACTO,2
00004491,2023,11,2,1,DUPLICADO_EXACTO,1
00004491,2024,1,2,1,DUPLICADO_EXACTO,1
00004491,2024,3,2,1,DUPLICADO_EXACTO,1
00004491,2024,4,2,1,DUPLICADO_EXACTO,1
00004491,2024,12,4,1,DUPLICADO_EXACTO,3
00004491,2025,1,2,1,DUPLICADO_EXACTO,1
00004491,2025,4,2,1,DUPLICADO_EXACTO,1
00004492,2019,11,2,1,DUPLICADO_EXACTO,1
00004492,2020,1,3,1,DUPLICADO_EXACTO,2
00004492,2020,2,4,1,DUPLICADO_EXACTO,3
00004492,2020,3,2,1,DUPLICADO_EXACTO,1
00004492,2023,8,2,1,DUPLICADO_EXACTO,1
00004492,2023,9,3,1,DUPLICADO_EXACTO,2
00004492,2023,11,2,1,DUPLICADO_EXACTO,1
00004492,2024,1,2,1,DUPLICADO_EXACTO,1
00004492,2024,3,2,1,DUPLICADO_EXACTO,1
00004492,2024,4,2,1,DUPLICADO_EXACTO,1
00004492,2025,1,2,1,DUPLICADO_EXACTO,1
00004492,2025,4,2,1,DUPLICADO_EXACTO,1
00004493,2020,1,3,1,DUPLICADO_EXACTO,2
00004493,2020,2,4,1,DUPLICADO_EXACTO,3
00004493,2020,3,2,1,DUPLICADO_EXACTO,1
00004493,2023,8,2,1,DUPLICADO_EXACTO,1
00004493,2023,9,3,1,DUPLICADO_EXACTO,2
00004493,2023,11,2,1,DUPLICADO_EXACTO,1
00004493,2024,1,2,1,DUPLICADO_EXACTO,1
00004493,2024,3,2,1,DUPLICADO_EXACTO,1
00004493,2024,4,2,1,DUPLICADO_EXACTO,1
00004493,2024,12,4,1,DUPLICADO_EXACTO,3
00004493,2025,4,2,1,DUPLICADO_EXACTO,1
00004494,2019,11,2,1,DUPLICADO_EXACTO,1
00004494,2020,1,3,1,DUPLICADO_EXACTO,2
00004494,2020,2,4,1,DUPLICADO_EXACTO,3
00004494,2020,3,2,1,DUPLICADO_EXACTO,1
00004494,2024,3,2,1,DUPLICADO_EXACTO,1
00004494,2025,1,2,1,DUPLICADO_EXACTO,1
00004495,2021,2,2,1,DUPLICADO_EXACTO,1
00004495,2021,12,3,1,DUPLICADO_EXACTO,2
00004495,2022,2,3,1,DUPLICADO_EXACTO,2
00004495,2022,9,2,1,DUPLICADO_EXACTO,1
00004495,2022,10,2,1,DUPLICADO_EXACTO,1
00004495,2023,7,2,1,DUPLICADO_EXACTO,1
00004495,2023,10,2,1,DUPLICADO_EXACTO,1
00004495,2024,8,2,1,DUPLICADO_EXACTO,1
00004495,2024,9,2,1,DUPLICADO_EXACTO,1
00004495,2024,12,2,1,DUPLICADO_EXACTO,1
00004495,2025,1,2,1,DUPLICADO_EXACTO,1
00004495,2025,9,2,1,DUPLICADO_EXACTO,1
00004495,2025,11,2,1,DUPLICADO_EXACTO,1
00004496,2021,2,2,1,DUPLICADO_EXACTO,1
00004496,2021,12,3,1,DUPLICADO_EXACTO,2
00004496,2022,2,3,1,DUPLICADO_EXACTO,2
00004496,2022,9,2,1,DUPLICADO_EXACTO,1
00004496,2022,10,2,1,DUPLICADO_EXACTO,1
00004496,2023,7,2,1,DUPLICADO_EXACTO,1
00004496,2023,10,2,1,DUPLICADO_EXACTO,1
00004496,2024,8,2,1,DUPLICADO_EXACTO,1
00004496,2024,9,2,1,DUPLICADO_EXACTO,1
00004496,2024,10,2,1,DUPLICADO_EXACTO,1
00004496,2024,12,2,1,DUPLICADO_EXACTO,1
00004496,2025,1,2,1,DUPLICADO_EXACTO,1
00004496,2025,9,2,1,DUPLICADO_EXACTO,1
00004496,2025,11,2,1,DUPLICADO_EXACTO,1
00004497,2021,2,2,1,DUPLICADO_EXACTO,1
00004497,2023,7,2,1,DUPLICADO_EXACTO,1
00004497,2023,10,2,1,DUPLICADO_EXACTO,1
00004497,2024,8,2,1,DUPLICADO_EXACTO,1
00004497,2024,9,2,1,DUPLICADO_EXACTO,1
00004497,2024,10,2,1,DUPLICADO_EXACTO,1
00004497,2024,12,2,1,DUPLICADO_EXACTO,1
00004497,2025,1,2,1,DUPLICADO_EXACTO,1
00004497,2025,9,2,1,DUPLICADO_EXACTO,1
00004497,2025,11,2,1,DUPLICADO_EXACTO,1
00004498,2021,12,3,1,DUPLICADO_EXACTO,2
00004498,2022,2,3,1,DUPLICADO_EXACTO,2
00004498,2024,10,2,1,DUPLICADO_EXACTO,1
00004498,2025,1,2,1,DUPLICADO_EXACTO,1
00004499,2021,2,2,1,DUPLICADO_EXACTO,1
00004499,2021,12,3,1,DUPLICADO_EXACTO,2
00004499,2022,2,3,1,DUPLICADO_EXACTO,2
00004499,2022,9,2,1,DUPLICADO_EXACTO,1
00004499,2022,10,2,1,DUPLICADO_EXACTO,1
00004499,2023,7,2,1,DUPLICADO_EXACTO,1
00004499,2023,10,2,1,DUPLICADO_EXACTO,1
00004499,2024,8,2,1,DUPLICADO_EXACTO,1
00004499,2024,9,2,1,DUPLICADO_EXACTO,1
00004499,2024,10,2,1,DUPLICADO_EXACTO,1
00004499,2024,12,2,1,DUPLICADO_EXACTO,1
00004499,2025,9,2,1,DUPLICADO_EXACTO,1
00004499,2025,11,2,1,DUPLICADO_EXACTO,1
00004500,2021,2,2,1,DUPLICADO_EXACTO,1
00004500,2021,12,3,1,DUPLICADO_EXACTO,2
00004500,2022,2,3,1,DUPLICADO_EXACTO,2
00004500,2022,9,2,1,DUPLICADO_EXACTO,1
00004500,2022,10,2,1,DUPLICADO_EXACTO,1
00004500,2023,7,2,1,DUPLICADO_EXACTO,1
00004500,2023,10,2,1,DUPLICADO_EXACTO,1
00004500,2024,9,2,1,DUPLICADO_EXACTO,1
00004500,2024,10,2,1,DUPLICADO_EXACTO,1
00004500,2024,12,2,1,DUPLICADO_EXACTO,1
00004500,2025,9,2,1,DUPLICADO_EXACTO,1
00004500,2025,11,2,1,DUPLICADO_EXACTO,1
00004501,2022,5,2,1,DUPLICADO_EXACTO,1
00004501,2023,4,2,1,DUPLICADO_EXACTO,1
00004501,2023,8,3,1,DUPLICADO_EXACTO,2
00004501,2025,5,3,1,DUPLICADO_EXACTO,2
00004501,2025,6,3,1,DUPLICADO_EXACTO,2
00004501,2025,7,2,1,DUPLICADO_EXACTO,1
00004501,2025,8,2,1,DUPLICADO_EXACTO,1
00004502,2022,5,2,1,DUPLICADO_EXACTO,1
00004502,2023,4,2,1,DUPLICADO_EXACTO,1
00004502,2023,8,3,1,DUPLICADO_EXACTO,2
00004502,2025,5,3,1,DUPLICADO_EXACTO,2
00004502,2025,6,3,1,DUPLICADO_EXACTO,2
00004502,2025,7,2,1,DUPLICADO_EXACTO,1
00004502,2025,8,2,1,DUPLICADO_EXACTO,1
00004503,2022,5,2,1,DUPLICADO_EXACTO,1
00004503,2023,4,2,1,DUPLICADO_EXACTO,1
00004503,2023,8,3,1,DUPLICADO_EXACTO,2
00004503,2025,5,3,1,DUPLICADO_EXACTO,2
00004503,2025,6,3,1,DUPLICADO_EXACTO,2
00004503,2025,7,2,1,DUPLICADO_EXACTO,1
00004503,2025,8,2,1,DUPLICADO_EXACTO,1
00004504,2022,5,2,1,DUPLICADO_EXACTO,1
00004504,2023,4,2,1,DUPLICADO_EXACTO,1
00004504,2023,8,3,1,DUPLICADO_EXACTO,2
00004504,2025,5,3,1,DUPLICADO_EXACTO,2
00004504,2025,6,3,1,DUPLICADO_EXACTO,2
00004504,2025,7,2,1,DUPLICADO_EXACTO,1
00004504,2025,8,2,1,DUPLICADO_EXACTO,1
00004505,2023,4,2,1,DUPLICADO_EXACTO,1
00004505,2023,8,3,1,DUPLICADO_EXACTO,2
00004506,2019,4,2,1,DUPLICADO_EXACTO,1
00004506,2022,5,2,1,DUPLICADO_EXACTO,1
00004506,2023,8,3,1,DUPLICADO_EXACTO,2
00004506,2025,5,3,1,DUPLICADO_EXACTO,2
00004506,2025,6,3,1,DUPLICADO_EXACTO,2
00004506,2025,7,2,1,DUPLICADO_EXACTO,1
00004506,2025,8,2,1,DUPLICADO_EXACTO,1
00004507,2022,5,2,1,DUPLICADO_EXACTO,1
00004507,2023,4,2,1,DUPLICADO_EXACTO,1
00004507,2025,5,3,1,DUPLICADO_EXACTO,2
00004507,2025,6,3,1,DUPLICADO_EXACTO,2
00004507,2025,7,2,1,DUPLICADO_EXACTO,1
00004507,2025,8,2,1,DUPLICADO_EXACTO,1
00004508,2023,4,2,1,DUPLICADO_EXACTO,1
00004508,2023,8,3,1,DUPLICADO_EXACTO,2
00004508,2025,5,3,1,DUPLICADO_EXACTO,2
00004508,2025,6,3,1,DUPLICADO_EXACTO,2
00004508,2025,7,2,1,DUPLICADO_EXACTO,1
00004508,2025,8,2,1,DUPLICADO_EXACTO,1
00004509,2022,5,2,1,DUPLICADO_EXACTO,1
00004509,2023,4,2,1,DUPLICADO_EXACTO,1
00004509,2023,8,3,1,DUPLICADO_EXACTO,2
00004509,2025,5,3,1,DUPLICADO_EXACTO,2
00004509,2025,6,3,1,DUPLICADO_EXACTO,2
00004509,2025,7,2,1,DUPLICADO_EXACTO,1
00004509,2025,8,2,1,DUPLICADO_EXACTO,1
00004510,2022,5,2,1,DUPLICADO_EXACTO,1
00004510,2023,4,2,1,DUPLICADO_EXACTO,1
00004510,2023,8,3,1,DUPLICADO_EXACTO,2
00004510,2025,5,3,1,DUPLICADO_EXACTO,2
00004510,2025,6,3,1,DUPLICADO_EXACTO,2
00004510,2025,7,2,1,DUPLICADO_EXACTO,1
00004510,2025,8,2,1,DUPLICADO_EXACTO,1
00004512,2019,10,2,1,DUPLICADO_EXACTO,1
00004512,2020,2,2,1,DUPLICADO_EXACTO,1
00004513,2020,2,2,1,DUPLICADO_EXACTO,1
00004515,2020,2,2,1,DUPLICADO_EXACTO,1
00004518,2019,8,3,1,DUPLICADO_EXACTO,2
00004520,2019,11,2,1,DUPLICADO_EXACTO,1
00004521,2019,11,3,1,DUPLICADO_EXACTO,2
00004522,2019,11,2,1,DUPLICADO_EXACTO,1
00004528,2019,2,2,1,DUPLICADO_EXACTO,1
00004533,2019,2,2,1,DUPLICADO_EXACTO,1
00004533,2025,5,2,1,DUPLICADO_EXACTO,1
00004534,2025,5,2,1,DUPLICADO_EXACTO,1
00004535,2025,5,2,1,DUPLICADO_EXACTO,1
00004536,2025,5,2,1,DUPLICADO_EXACTO,1
00004537,2019,11,2,1,DUPLICADO_EXACTO,1
00004537,2025,5,2,1,DUPLICADO_EXACTO,1
00004538,2020,2,2,1,DUPLICADO_EXACTO,1
00004538,2020,5,2,1,DUPLICADO_EXACTO,1
00004538,2020,7,2,1,DUPLICADO_EXACTO,1
00004538,2020,8,2,1,DUPLICADO_EXACTO,1
00004538,2021,2,2,1,DUPLICADO_EXACTO,1
00004538,2021,6,2,1,DUPLICADO_EXACTO,1
00004538,2021,8,2,1,DUPLICADO_EXACTO,1
00004538,2021,9,2,1,DUPLICADO_EXACTO,1
00004538,2021,10,2,1,DUPLICADO_EXACTO,1
00004538,2021,11,2,1,DUPLICADO_EXACTO,1
00004538,2021,12,2,1,DUPLICADO_EXACTO,1
00004538,2022,1,2,1,DUPLICADO_EXACTO,1
00004538,2022,2,2,1,DUPLICADO_EXACTO,1
00004538,2023,9,2,1,DUPLICADO_EXACTO,1
00004538,2024,7,2,1,DUPLICADO_EXACTO,1
00004538,2024,9,2,1,DUPLICADO_EXACTO,1
00004538,2024,11,2,1,DUPLICADO_EXACTO,1
00004538,2025,2,2,1,DUPLICADO_EXACTO,1
00004538,2025,5,2,1,DUPLICADO_EXACTO,1
00004538,2025,9,3,1,DUPLICADO_EXACTO,2
00004539,2022,12,2,1,DUPLICADO_EXACTO,1
00004539,2025,2,2,1,DUPLICADO_EXACTO,1
00004539,2025,7,2,1,DUPLICADO_EXACTO,1
00004540,2020,3,3,1,DUPLICADO_EXACTO,2
00004540,2021,6,3,1,DUPLICADO_EXACTO,2
00004540,2022,10,2,1,DUPLICADO_EXACTO,1
00004540,2025,1,2,1,DUPLICADO_EXACTO,1
00004541,2020,11,2,1,DUPLICADO_EXACTO,1
00004541,2022,10,2,1,DUPLICADO_EXACTO,1
00004541,2025,1,2,1,DUPLICADO_EXACTO,1
00004542,2020,3,3,1,DUPLICADO_EXACTO,2
00004542,2020,11,2,1,DUPLICADO_EXACTO,1
00004542,2020,12,3,1,DUPLICADO_EXACTO,2
00004542,2021,6,3,1,DUPLICADO_EXACTO,2
00004543,2020,3,3,1,DUPLICADO_EXACTO,2
00004543,2020,11,2,1,DUPLICADO_EXACTO,1
00004543,2020,12,3,1,DUPLICADO_EXACTO,2
00004543,2021,6,3,1,DUPLICADO_EXACTO,2
00004543,2022,10,2,1,DUPLICADO_EXACTO,1
00004543,2025,1,2,1,DUPLICADO_EXACTO,1
00004544,2020,2,2,1,DUPLICADO_EXACTO,1
00004544,2020,5,2,1,DUPLICADO_EXACTO,1
00004544,2021,2,2,1,DUPLICADO_EXACTO,1
00004544,2021,6,2,1,DUPLICADO_EXACTO,1
00004544,2024,7,2,1,DUPLICADO_EXACTO,1
00004544,2024,9,2,1,DUPLICADO_EXACTO,1
00004544,2024,11,2,1,DUPLICADO_EXACTO,1
00004544,2025,2,2,1,DUPLICADO_EXACTO,1
00004544,2025,5,2,1,DUPLICADO_EXACTO,1
00004544,2025,9,3,1,DUPLICADO_EXACTO,2
00004545,2020,2,2,1,DUPLICADO_EXACTO,1
00004545,2020,5,2,1,DUPLICADO_EXACTO,1
00004545,2020,7,2,1,DUPLICADO_EXACTO,1
00004545,2020,8,2,1,DUPLICADO_EXACTO,1
00004545,2021,2,2,1,DUPLICADO_EXACTO,1
00004545,2021,6,2,1,DUPLICADO_EXACTO,1
00004545,2021,8,2,1,DUPLICADO_EXACTO,1
00004545,2021,9,2,1,DUPLICADO_EXACTO,1
00004545,2021,10,2,1,DUPLICADO_EXACTO,1
00004545,2021,11,2,1,DUPLICADO_EXACTO,1
00004545,2021,12,2,1,DUPLICADO_EXACTO,1
00004545,2022,1,2,1,DUPLICADO_EXACTO,1
00004545,2022,2,2,1,DUPLICADO_EXACTO,1
00004545,2023,9,2,1,DUPLICADO_EXACTO,1
00004545,2024,7,2,1,DUPLICADO_EXACTO,1
00004545,2024,9,2,1,DUPLICADO_EXACTO,1
00004545,2024,11,2,1,DUPLICADO_EXACTO,1
00004545,2025,2,2,1,DUPLICADO_EXACTO,1
00004545,2025,5,2,1,DUPLICADO_EXACTO,1
00004545,2025,9,3,1,DUPLICADO_EXACTO,2
00004546,2021,8,2,1,DUPLICADO_EXACTO,1
00004546,2022,7,2,1,DUPLICADO_EXACTO,1
00004547,2019,9,2,1,DUPLICADO_EXACTO,1
00004547,2020,1,2,1,DUPLICADO_EXACTO,1
00004547,2020,2,3,1,DUPLICADO_EXACTO,2
00004547,2020,6,2,1,DUPLICADO_EXACTO,1
00004547,2024,1,3,1,DUPLICADO_EXACTO,2
00004547,2025,4,3,1,DUPLICADO_EXACTO,2
00004547,2025,6,2,1,DUPLICADO_EXACTO,1
00004547,2026,3,5,1,DUPLICADO_EXACTO,4
00004548,2019,3,2,1,DUPLICADO_EXACTO,1
00004548,2020,1,2,1,DUPLICADO_EXACTO,1
00004548,2020,2,3,1,DUPLICADO_EXACTO,2
00004548,2020,6,2,1,DUPLICADO_EXACTO,1
00004548,2024,1,3,1,DUPLICADO_EXACTO,2
00004548,2025,4,3,1,DUPLICADO_EXACTO,2
00004548,2025,6,2,1,DUPLICADO_EXACTO,1
00004548,2026,3,5,1,DUPLICADO_EXACTO,4
00004549,2020,2,3,1,DUPLICADO_EXACTO,2
00004549,2026,3,5,1,DUPLICADO_EXACTO,4
00004551,2020,1,2,1,DUPLICADO_EXACTO,1
00004551,2020,2,3,1,DUPLICADO_EXACTO,2
00004551,2020,6,2,1,DUPLICADO_EXACTO,1
00004551,2025,4,2,1,DUPLICADO_EXACTO,1
00004551,2025,6,2,1,DUPLICADO_EXACTO,1
00004551,2026,3,5,1,DUPLICADO_EXACTO,4
00004552,2026,3,5,1,DUPLICADO_EXACTO,4
00004553,2019,9,4,1,DUPLICADO_EXACTO,3
00004553,2020,1,2,1,DUPLICADO_EXACTO,1
00004553,2020,6,2,1,DUPLICADO_EXACTO,1
00004553,2025,4,3,1,DUPLICADO_EXACTO,2
00004553,2026,3,5,1,DUPLICADO_EXACTO,4
00004554,2020,2,3,1,DUPLICADO_EXACTO,2
00004554,2020,6,2,1,DUPLICADO_EXACTO,1
00004554,2025,4,2,1,DUPLICADO_EXACTO,1
00004554,2026,3,5,1,DUPLICADO_EXACTO,4
00004555,2020,1,2,1,DUPLICADO_EXACTO,1
00004555,2020,2,3,1,DUPLICADO_EXACTO,2
00004555,2020,6,2,1,DUPLICADO_EXACTO,1
00004555,2025,4,3,1,DUPLICADO_EXACTO,2
00004555,2025,6,2,1,DUPLICADO_EXACTO,1
00004556,2021,7,2,1,DUPLICADO_EXACTO,1
00004556,2021,12,2,1,DUPLICADO_EXACTO,1
00004558,2021,7,2,1,DUPLICADO_EXACTO,1
00004558,2021,12,2,1,DUPLICADO_EXACTO,1
00004559,2019,10,2,1,DUPLICADO_EXACTO,1
00004559,2021,7,2,1,DUPLICADO_EXACTO,1
00004559,2021,12,2,1,DUPLICADO_EXACTO,1
00004560,2021,7,2,1,DUPLICADO_EXACTO,1
00004560,2021,12,2,1,DUPLICADO_EXACTO,1
00004561,2020,1,4,1,DUPLICADO_EXACTO,3
00004561,2020,3,2,1,DUPLICADO_EXACTO,1
00004561,2020,4,2,1,DUPLICADO_EXACTO,1
00004561,2020,5,2,1,DUPLICADO_EXACTO,1
00004561,2020,7,5,1,DUPLICADO_EXACTO,4
00004561,2021,8,2,1,DUPLICADO_EXACTO,1
00004561,2022,7,2,1,DUPLICADO_EXACTO,1
00004561,2023,6,2,1,DUPLICADO_EXACTO,1
00004561,2023,7,2,1,DUPLICADO_EXACTO,1
00004561,2023,8,2,1,DUPLICADO_EXACTO,1
00004561,2023,9,2,1,DUPLICADO_EXACTO,1
00004561,2023,10,2,1,DUPLICADO_EXACTO,1
00004561,2023,12,2,1,DUPLICADO_EXACTO,1
00004561,2024,3,2,1,DUPLICADO_EXACTO,1
00004561,2024,4,2,1,DUPLICADO_EXACTO,1
00004561,2024,5,2,1,DUPLICADO_EXACTO,1
00004561,2024,6,2,1,DUPLICADO_EXACTO,1
00004562,2025,1,2,1,DUPLICADO_EXACTO,1
00004562,2025,2,2,1,DUPLICADO_EXACTO,1
00004562,2025,3,2,1,DUPLICADO_EXACTO,1
00004563,2025,4,2,1,DUPLICADO_EXACTO,1
00004563,2025,5,2,1,DUPLICADO_EXACTO,1
00004563,2025,6,2,1,DUPLICADO_EXACTO,1
00004564,2025,1,2,1,DUPLICADO_EXACTO,1
00004564,2025,2,2,1,DUPLICADO_EXACTO,1
00004564,2025,3,2,1,DUPLICADO_EXACTO,1
00004564,2025,4,2,1,DUPLICADO_EXACTO,1
00004564,2025,5,2,1,DUPLICADO_EXACTO,1
00004564,2025,6,2,1,DUPLICADO_EXACTO,1
00004565,2025,1,2,1,DUPLICADO_EXACTO,1
00004565,2025,2,2,1,DUPLICADO_EXACTO,1
00004565,2025,3,2,1,DUPLICADO_EXACTO,1
00004565,2025,4,2,1,DUPLICADO_EXACTO,1
00004565,2025,5,2,1,DUPLICADO_EXACTO,1
00004565,2025,6,2,1,DUPLICADO_EXACTO,1
00004566,2025,1,2,1,DUPLICADO_EXACTO,1
00004566,2025,2,2,1,DUPLICADO_EXACTO,1
00004566,2025,3,2,1,DUPLICADO_EXACTO,1
00004566,2025,4,2,1,DUPLICADO_EXACTO,1
00004566,2025,5,2,1,DUPLICADO_EXACTO,1
00004566,2025,6,2,1,DUPLICADO_EXACTO,1
00004567,2025,1,2,1,DUPLICADO_EXACTO,1
00004567,2025,2,2,1,DUPLICADO_EXACTO,1
00004567,2025,3,2,1,DUPLICADO_EXACTO,1
00004567,2025,4,2,1,DUPLICADO_EXACTO,1
00004567,2025,5,2,1,DUPLICADO_EXACTO,1
00004567,2025,6,2,1,DUPLICADO_EXACTO,1
00004568,2025,2,2,1,DUPLICADO_EXACTO,1
00004568,2025,3,2,1,DUPLICADO_EXACTO,1
00004568,2025,4,2,1,DUPLICADO_EXACTO,1
00004568,2025,5,2,1,DUPLICADO_EXACTO,1
00004568,2025,6,2,1,DUPLICADO_EXACTO,1
00004570,2019,11,2,1,DUPLICADO_EXACTO,1
00004570,2020,1,4,1,DUPLICADO_EXACTO,3
00004570,2020,3,2,1,DUPLICADO_EXACTO,1
00004570,2020,4,2,1,DUPLICADO_EXACTO,1
00004570,2020,5,2,1,DUPLICADO_EXACTO,1
00004570,2020,7,5,1,DUPLICADO_EXACTO,4
00004570,2023,6,2,1,DUPLICADO_EXACTO,1
00004570,2023,7,2,1,DUPLICADO_EXACTO,1
00004570,2023,8,2,1,DUPLICADO_EXACTO,1
00004570,2023,9,2,1,DUPLICADO_EXACTO,1
00004570,2023,10,2,1,DUPLICADO_EXACTO,1
00004570,2023,11,3,1,DUPLICADO_EXACTO,2
00004570,2023,12,2,1,DUPLICADO_EXACTO,1
00004570,2024,3,2,1,DUPLICADO_EXACTO,1
00004570,2024,4,2,1,DUPLICADO_EXACTO,1
00004570,2024,5,2,1,DUPLICADO_EXACTO,1
00004570,2024,6,2,1,DUPLICADO_EXACTO,1
00004571,2020,1,4,1,DUPLICADO_EXACTO,3
00004571,2020,2,2,1,DUPLICADO_EXACTO,1
00004571,2020,3,2,1,DUPLICADO_EXACTO,1
00004571,2020,4,2,1,DUPLICADO_EXACTO,1
00004571,2020,5,2,1,DUPLICADO_EXACTO,1
00004571,2020,7,5,1,DUPLICADO_EXACTO,4
00004571,2021,8,2,1,DUPLICADO_EXACTO,1
00004571,2022,7,2,1,DUPLICADO_EXACTO,1
00004571,2023,6,2,1,DUPLICADO_EXACTO,1
00004571,2023,7,2,1,DUPLICADO_EXACTO,1
00004571,2023,8,2,1,DUPLICADO_EXACTO,1
00004571,2023,9,2,1,DUPLICADO_EXACTO,1
00004571,2023,10,2,1,DUPLICADO_EXACTO,1
00004571,2023,11,3,1,DUPLICADO_EXACTO,2
00004571,2023,12,2,1,DUPLICADO_EXACTO,1
00004571,2024,3,2,1,DUPLICADO_EXACTO,1
00004571,2024,4,2,1,DUPLICADO_EXACTO,1
00004571,2024,5,2,1,DUPLICADO_EXACTO,1
00004571,2024,6,2,1,DUPLICADO_EXACTO,1
00004572,2019,11,2,1,DUPLICADO_EXACTO,1
00004572,2020,1,4,1,DUPLICADO_EXACTO,3
00004572,2020,2,2,1,DUPLICADO_EXACTO,1
00004572,2020,3,2,1,DUPLICADO_EXACTO,1
00004572,2020,4,2,1,DUPLICADO_EXACTO,1
00004572,2020,5,2,1,DUPLICADO_EXACTO,1
00004572,2020,7,5,1,DUPLICADO_EXACTO,4
00004572,2021,8,2,1,DUPLICADO_EXACTO,1
00004572,2022,7,2,1,DUPLICADO_EXACTO,1
00004572,2023,6,2,1,DUPLICADO_EXACTO,1
00004572,2023,7,2,1,DUPLICADO_EXACTO,1
00004572,2023,8,2,1,DUPLICADO_EXACTO,1
00004572,2023,9,2,1,DUPLICADO_EXACTO,1
00004572,2023,10,2,1,DUPLICADO_EXACTO,1
00004572,2023,11,3,1,DUPLICADO_EXACTO,2
00004572,2023,12,2,1,DUPLICADO_EXACTO,1
00004572,2024,3,2,1,DUPLICADO_EXACTO,1
00004572,2024,4,2,1,DUPLICADO_EXACTO,1
00004572,2024,5,2,1,DUPLICADO_EXACTO,1
00004572,2024,6,2,1,DUPLICADO_EXACTO,1
00004573,2020,1,4,1,DUPLICADO_EXACTO,3
00004573,2020,7,5,1,DUPLICADO_EXACTO,4
00004573,2021,8,2,1,DUPLICADO_EXACTO,1
00004573,2022,7,2,1,DUPLICADO_EXACTO,1
00004573,2023,6,2,1,DUPLICADO_EXACTO,1
00004573,2023,7,2,1,DUPLICADO_EXACTO,1
00004573,2023,8,2,1,DUPLICADO_EXACTO,1
00004573,2023,9,2,1,DUPLICADO_EXACTO,1
00004573,2023,10,2,1,DUPLICADO_EXACTO,1
00004573,2023,11,3,1,DUPLICADO_EXACTO,2
00004573,2023,12,2,1,DUPLICADO_EXACTO,1
00004573,2024,3,2,1,DUPLICADO_EXACTO,1
00004573,2024,4,2,1,DUPLICADO_EXACTO,1
00004573,2024,5,2,1,DUPLICADO_EXACTO,1
00004573,2024,6,2,1,DUPLICADO_EXACTO,1
00004574,2020,1,4,1,DUPLICADO_EXACTO,3
00004574,2020,3,2,1,DUPLICADO_EXACTO,1
00004574,2020,4,2,1,DUPLICADO_EXACTO,1
00004574,2020,5,2,1,DUPLICADO_EXACTO,1
00004574,2020,7,5,1,DUPLICADO_EXACTO,4
00004574,2021,8,2,1,DUPLICADO_EXACTO,1
00004574,2022,7,2,1,DUPLICADO_EXACTO,1
00004574,2023,6,2,1,DUPLICADO_EXACTO,1
00004574,2023,7,2,1,DUPLICADO_EXACTO,1
00004574,2023,8,2,1,DUPLICADO_EXACTO,1
00004574,2023,9,2,1,DUPLICADO_EXACTO,1
00004574,2023,10,2,1,DUPLICADO_EXACTO,1
00004574,2023,11,3,1,DUPLICADO_EXACTO,2
00004574,2023,12,2,1,DUPLICADO_EXACTO,1
00004574,2024,3,2,1,DUPLICADO_EXACTO,1
00004574,2024,4,2,1,DUPLICADO_EXACTO,1
00004574,2024,5,2,1,DUPLICADO_EXACTO,1
00004574,2024,6,2,1,DUPLICADO_EXACTO,1
00004575,2020,7,5,1,DUPLICADO_EXACTO,4
00004575,2021,8,2,1,DUPLICADO_EXACTO,1
00004575,2022,7,2,1,DUPLICADO_EXACTO,1
00004575,2023,6,2,1,DUPLICADO_EXACTO,1
00004575,2023,7,2,1,DUPLICADO_EXACTO,1
00004575,2023,8,2,1,DUPLICADO_EXACTO,1
00004575,2023,9,2,1,DUPLICADO_EXACTO,1
00004575,2023,10,2,1,DUPLICADO_EXACTO,1
00004575,2023,11,3,1,DUPLICADO_EXACTO,2
00004575,2023,12,2,1,DUPLICADO_EXACTO,1
00004575,2024,3,2,1,DUPLICADO_EXACTO,1
00004575,2024,4,2,1,DUPLICADO_EXACTO,1
00004575,2024,5,2,1,DUPLICADO_EXACTO,1
00004575,2024,6,2,1,DUPLICADO_EXACTO,1
00004576,2019,11,2,1,DUPLICADO_EXACTO,1
00004576,2020,1,4,1,DUPLICADO_EXACTO,3
00004576,2020,3,2,1,DUPLICADO_EXACTO,1
00004576,2020,4,2,1,DUPLICADO_EXACTO,1
00004576,2020,5,2,1,DUPLICADO_EXACTO,1
00004576,2020,7,5,1,DUPLICADO_EXACTO,4
00004576,2021,8,2,1,DUPLICADO_EXACTO,1
00004576,2022,7,2,1,DUPLICADO_EXACTO,1
00004576,2023,6,2,1,DUPLICADO_EXACTO,1
00004576,2023,7,2,1,DUPLICADO_EXACTO,1
00004576,2023,8,2,1,DUPLICADO_EXACTO,1
00004576,2023,9,2,1,DUPLICADO_EXACTO,1
00004576,2023,10,2,1,DUPLICADO_EXACTO,1
00004576,2023,11,3,1,DUPLICADO_EXACTO,2
00004576,2023,12,2,1,DUPLICADO_EXACTO,1
00004576,2024,3,2,1,DUPLICADO_EXACTO,1
00004576,2024,4,2,1,DUPLICADO_EXACTO,1
00004576,2024,5,2,1,DUPLICADO_EXACTO,1
00004576,2024,6,2,1,DUPLICADO_EXACTO,1
00004577,2020,3,2,1,DUPLICADO_EXACTO,1
00004577,2022,12,2,1,DUPLICADO_EXACTO,1
00004577,2025,2,2,1,DUPLICADO_EXACTO,1
00004577,2025,7,2,1,DUPLICADO_EXACTO,1
00004579,2020,3,2,1,DUPLICADO_EXACTO,1
00004579,2022,12,2,1,DUPLICADO_EXACTO,1
00004579,2025,2,2,1,DUPLICADO_EXACTO,1
00004579,2025,7,2,1,DUPLICADO_EXACTO,1
00004580,2020,3,2,1,DUPLICADO_EXACTO,1
00004580,2022,12,2,1,DUPLICADO_EXACTO,1
00004580,2025,2,2,1,DUPLICADO_EXACTO,1
00004580,2025,7,2,1,DUPLICADO_EXACTO,1
00004581,2020,3,2,1,DUPLICADO_EXACTO,1
00004581,2025,2,2,1,DUPLICADO_EXACTO,1
00004581,2025,7,2,1,DUPLICADO_EXACTO,1
00004582,2020,3,2,1,DUPLICADO_EXACTO,1
00004582,2022,12,2,1,DUPLICADO_EXACTO,1
00004582,2025,2,2,1,DUPLICADO_EXACTO,1
00004582,2025,7,2,1,DUPLICADO_EXACTO,1
00004583,2020,3,2,1,DUPLICADO_EXACTO,1
00004583,2025,7,2,1,DUPLICADO_EXACTO,1
00004584,2020,3,2,1,DUPLICADO_EXACTO,1
00004584,2022,12,2,1,DUPLICADO_EXACTO,1
00004584,2025,2,2,1,DUPLICADO_EXACTO,1
00004584,2025,7,2,1,DUPLICADO_EXACTO,1
00004585,2020,3,2,1,DUPLICADO_EXACTO,1
00004585,2022,12,2,1,DUPLICADO_EXACTO,1
00004585,2025,2,2,1,DUPLICADO_EXACTO,1
00004585,2025,7,2,1,DUPLICADO_EXACTO,1
00004586,2019,10,2,1,DUPLICADO_EXACTO,1
00004586,2020,3,2,1,DUPLICADO_EXACTO,1
00004586,2022,12,2,1,DUPLICADO_EXACTO,1
00004586,2025,2,2,1,DUPLICADO_EXACTO,1
00004586,2025,7,2,1,DUPLICADO_EXACTO,1
00004587,2023,4,5,1,DUPLICADO_EXACTO,4
00004587,2023,5,2,1,DUPLICADO_EXACTO,1
00004587,2023,7,2,1,DUPLICADO_EXACTO,1
00004587,2024,7,2,1,DUPLICADO_EXACTO,1
00004587,2025,4,2,1,DUPLICADO_EXACTO,1
00004587,2025,5,2,1,DUPLICADO_EXACTO,1
00004587,2025,12,2,1,DUPLICADO_EXACTO,1
00004587,2026,1,2,1,DUPLICADO_EXACTO,1
00004588,2019,9,2,1,DUPLICADO_EXACTO,1
00004588,2023,5,2,1,DUPLICADO_EXACTO,1
00004588,2023,7,2,1,DUPLICADO_EXACTO,1
00004588,2024,7,2,1,DUPLICADO_EXACTO,1
00004588,2025,8,3,1,DUPLICADO_EXACTO,2
00004588,2025,12,2,1,DUPLICADO_EXACTO,1
00004588,2026,1,2,1,DUPLICADO_EXACTO,1
00004589,2023,4,5,1,DUPLICADO_EXACTO,4
00004589,2023,5,2,1,DUPLICADO_EXACTO,1
00004589,2024,7,2,1,DUPLICADO_EXACTO,1
00004589,2025,8,3,1,DUPLICADO_EXACTO,2
00004589,2025,12,2,1,DUPLICADO_EXACTO,1
00004589,2026,1,2,1,DUPLICADO_EXACTO,1
00004590,2023,4,2,1,DUPLICADO_EXACTO,1
00004590,2023,7,2,1,DUPLICADO_EXACTO,1
00004590,2025,8,3,1,DUPLICADO_EXACTO,2
00004591,2023,4,5,1,DUPLICADO_EXACTO,4
00004591,2023,5,2,1,DUPLICADO_EXACTO,1
00004591,2023,7,2,1,DUPLICADO_EXACTO,1
00004591,2024,7,2,1,DUPLICADO_EXACTO,1
00004591,2025,8,3,1,DUPLICADO_EXACTO,2
00004591,2025,12,2,1,DUPLICADO_EXACTO,1
00004591,2026,1,2,1,DUPLICADO_EXACTO,1
00004592,2023,5,2,1,DUPLICADO_EXACTO,1
00004592,2023,7,2,1,DUPLICADO_EXACTO,1
00004592,2024,7,2,1,DUPLICADO_EXACTO,1
00004592,2025,12,2,1,DUPLICADO_EXACTO,1
00004592,2026,1,2,1,DUPLICADO_EXACTO,1
00004593,2024,6,2,1,DUPLICADO_EXACTO,1
00004593,2025,8,2,1,DUPLICADO_EXACTO,1
00004593,2026,2,2,1,DUPLICADO_EXACTO,1
00004594,2019,4,2,1,DUPLICADO_EXACTO,1
00004594,2019,5,3,1,DUPLICADO_EXACTO,2
00004594,2020,2,2,1,DUPLICADO_EXACTO,1
00004594,2020,3,2,1,DUPLICADO_EXACTO,1
00004594,2020,4,3,1,DUPLICADO_EXACTO,2
00004594,2020,8,2,1,DUPLICADO_EXACTO,1
00004594,2020,9,2,1,DUPLICADO_EXACTO,1
00004594,2020,10,2,1,DUPLICADO_EXACTO,1
00004594,2020,11,2,1,DUPLICADO_EXACTO,1
00004594,2020,12,3,1,DUPLICADO_EXACTO,2
00004594,2021,1,2,1,DUPLICADO_EXACTO,1
00004594,2021,2,2,1,DUPLICADO_EXACTO,1
00004594,2021,3,2,1,DUPLICADO_EXACTO,1
00004594,2021,9,2,1,DUPLICADO_EXACTO,1
00004595,2021,11,2,1,DUPLICADO_EXACTO,1
00004595,2024,12,2,1,DUPLICADO_EXACTO,1
00004595,2025,3,2,1,DUPLICADO_EXACTO,1
00004596,2021,11,2,1,DUPLICADO_EXACTO,1
00004596,2024,12,2,1,DUPLICADO_EXACTO,1
00004596,2025,3,2,1,DUPLICADO_EXACTO,1
00004597,2021,11,2,1,DUPLICADO_EXACTO,1
00004597,2024,12,2,1,DUPLICADO_EXACTO,1
00004597,2025,3,2,1,DUPLICADO_EXACTO,1
00004598,2021,11,2,1,DUPLICADO_EXACTO,1
00004598,2024,12,2,1,DUPLICADO_EXACTO,1
00004598,2025,3,2,1,DUPLICADO_EXACTO,1
00004599,2021,11,2,1,DUPLICADO_EXACTO,1
00004599,2025,3,2,1,DUPLICADO_EXACTO,1
00004600,2024,6,2,1,DUPLICADO_EXACTO,1
00004600,2025,8,2,1,DUPLICADO_EXACTO,1
00004600,2026,2,2,1,DUPLICADO_EXACTO,1
00004601,2024,6,2,1,DUPLICADO_EXACTO,1
00004601,2025,8,2,1,DUPLICADO_EXACTO,1
00004601,2026,2,2,1,DUPLICADO_EXACTO,1
00004602,2024,6,2,1,DUPLICADO_EXACTO,1
00004602,2025,8,2,1,DUPLICADO_EXACTO,1
00004602,2026,2,2,1,DUPLICADO_EXACTO,1
00004603,2024,6,2,1,DUPLICADO_EXACTO,1
00004603,2025,8,2,1,DUPLICADO_EXACTO,1
00004603,2026,2,2,1,DUPLICADO_EXACTO,1
00004604,2024,6,2,1,DUPLICADO_EXACTO,1
00004605,2024,12,2,1,DUPLICADO_EXACTO,1
00004605,2025,3,2,1,DUPLICADO_EXACTO,1
00004607,2025,7,2,1,DUPLICADO_EXACTO,1
00004609,2025,1,2,1,DUPLICADO_EXACTO,1
00004609,2025,2,2,1,DUPLICADO_EXACTO,1
00004609,2025,3,2,1,DUPLICADO_EXACTO,1
00004609,2025,4,2,1,DUPLICADO_EXACTO,1
00004609,2025,5,2,1,DUPLICADO_EXACTO,1
00004609,2025,6,2,1,DUPLICADO_EXACTO,1
00004610,2020,3,2,1,DUPLICADO_EXACTO,1
00004610,2022,12,2,1,DUPLICADO_EXACTO,1
00004610,2025,2,2,1,DUPLICADO_EXACTO,1
00004610,2025,7,2,1,DUPLICADO_EXACTO,1
00004611,2019,10,2,1,DUPLICADO_EXACTO,1
00004611,2020,3,2,1,DUPLICADO_EXACTO,1
00004611,2022,12,2,1,DUPLICADO_EXACTO,1
00004611,2025,2,2,1,DUPLICADO_EXACTO,1
00004611,2025,7,2,1,DUPLICADO_EXACTO,1
00004612,2025,1,2,1,DUPLICADO_EXACTO,1
00004612,2025,3,3,1,DUPLICADO_EXACTO,2
00004612,2025,4,2,1,DUPLICADO_EXACTO,1
00004612,2025,5,2,1,DUPLICADO_EXACTO,1
00004612,2026,1,2,1,DUPLICADO_EXACTO,1
00004612,2026,2,2,1,DUPLICADO_EXACTO,1
00004612,2026,3,2,1,DUPLICADO_EXACTO,1
00004612,2026,4,2,1,DUPLICADO_EXACTO,1
00004612,2026,6,2,1,DUPLICADO_EXACTO,1
00004612,2026,7,2,1,DUPLICADO_EXACTO,1
00004613,2019,10,2,1,DUPLICADO_EXACTO,1
00004613,2025,1,2,1,DUPLICADO_EXACTO,1
00004613,2025,3,3,1,DUPLICADO_EXACTO,2
00004613,2025,4,2,1,DUPLICADO_EXACTO,1
00004613,2025,5,2,1,DUPLICADO_EXACTO,1
00004613,2025,10,13,1,DUPLICADO_EXACTO,12
00004613,2026,1,2,1,DUPLICADO_EXACTO,1
00004613,2026,2,2,1,DUPLICADO_EXACTO,1
00004613,2026,3,2,1,DUPLICADO_EXACTO,1
00004613,2026,4,2,1,DUPLICADO_EXACTO,1
00004613,2026,6,2,1,DUPLICADO_EXACTO,1
00004613,2026,7,2,1,DUPLICADO_EXACTO,1
00004614,2025,5,2,1,DUPLICADO_EXACTO,1
00004614,2025,10,13,1,DUPLICADO_EXACTO,12
00004614,2026,6,2,1,DUPLICADO_EXACTO,1
00004614,2026,7,2,1,DUPLICADO_EXACTO,1
00004615,2025,1,2,1,DUPLICADO_EXACTO,1
00004615,2025,3,3,1,DUPLICADO_EXACTO,2
00004615,2025,4,2,1,DUPLICADO_EXACTO,1
00004615,2025,5,2,1,DUPLICADO_EXACTO,1
00004615,2025,10,13,1,DUPLICADO_EXACTO,12
00004615,2026,1,2,1,DUPLICADO_EXACTO,1
00004615,2026,2,2,1,DUPLICADO_EXACTO,1
00004615,2026,3,2,1,DUPLICADO_EXACTO,1
00004615,2026,4,2,1,DUPLICADO_EXACTO,1
00004615,2026,6,2,1,DUPLICADO_EXACTO,1
00004615,2026,7,2,1,DUPLICADO_EXACTO,1
00004616,2025,1,2,1,DUPLICADO_EXACTO,1
00004616,2025,3,3,1,DUPLICADO_EXACTO,2
00004616,2025,4,2,1,DUPLICADO_EXACTO,1
00004616,2025,5,2,1,DUPLICADO_EXACTO,1
00004616,2025,10,13,1,DUPLICADO_EXACTO,12
00004616,2026,1,2,1,DUPLICADO_EXACTO,1
00004616,2026,2,2,1,DUPLICADO_EXACTO,1
00004616,2026,3,2,1,DUPLICADO_EXACTO,1
00004616,2026,4,2,1,DUPLICADO_EXACTO,1
00004616,2026,6,2,1,DUPLICADO_EXACTO,1
00004616,2026,7,2,1,DUPLICADO_EXACTO,1
00004617,2025,1,2,1,DUPLICADO_EXACTO,1
00004617,2025,3,3,1,DUPLICADO_EXACTO,2
00004617,2025,4,2,1,DUPLICADO_EXACTO,1
00004617,2025,5,2,1,DUPLICADO_EXACTO,1
00004617,2025,10,13,1,DUPLICADO_EXACTO,12
00004617,2026,1,2,1,DUPLICADO_EXACTO,1
00004617,2026,2,2,1,DUPLICADO_EXACTO,1
00004617,2026,3,2,1,DUPLICADO_EXACTO,1
00004617,2026,4,2,1,DUPLICADO_EXACTO,1
00004617,2026,6,2,1,DUPLICADO_EXACTO,1
00004618,2025,3,3,1,DUPLICADO_EXACTO,2
00004618,2025,4,2,1,DUPLICADO_EXACTO,1
00004618,2025,10,13,1,DUPLICADO_EXACTO,12
00004618,2026,1,2,1,DUPLICADO_EXACTO,1
00004618,2026,2,2,1,DUPLICADO_EXACTO,1
00004618,2026,3,2,1,DUPLICADO_EXACTO,1
00004618,2026,4,2,1,DUPLICADO_EXACTO,1
00004618,2026,6,2,1,DUPLICADO_EXACTO,1
00004618,2026,7,2,1,DUPLICADO_EXACTO,1
00004619,2025,1,2,1,DUPLICADO_EXACTO,1
00004619,2025,3,3,1,DUPLICADO_EXACTO,2
00004619,2025,4,2,1,DUPLICADO_EXACTO,1
00004619,2025,5,2,1,DUPLICADO_EXACTO,1
00004619,2025,10,10,1,DUPLICADO_EXACTO,9
00004619,2026,1,2,1,DUPLICADO_EXACTO,1
00004619,2026,2,2,1,DUPLICADO_EXACTO,1
00004619,2026,3,2,1,DUPLICADO_EXACTO,1
00004619,2026,4,2,1,DUPLICADO_EXACTO,1
00004619,2026,6,2,1,DUPLICADO_EXACTO,1
00004619,2026,7,2,1,DUPLICADO_EXACTO,1
00004620,2025,1,2,1,DUPLICADO_EXACTO,1
00004620,2025,3,3,1,DUPLICADO_EXACTO,2
00004620,2025,4,2,1,DUPLICADO_EXACTO,1
00004620,2025,5,2,1,DUPLICADO_EXACTO,1
00004620,2025,10,10,1,DUPLICADO_EXACTO,9
00004620,2026,1,2,1,DUPLICADO_EXACTO,1
00004620,2026,2,2,1,DUPLICADO_EXACTO,1
00004620,2026,3,2,1,DUPLICADO_EXACTO,1
00004620,2026,4,2,1,DUPLICADO_EXACTO,1
00004620,2026,6,2,1,DUPLICADO_EXACTO,1
00004620,2026,7,2,1,DUPLICADO_EXACTO,1
00004622,2020,2,2,1,DUPLICADO_EXACTO,1
00004622,2020,5,2,1,DUPLICADO_EXACTO,1
00004622,2020,7,2,1,DUPLICADO_EXACTO,1
00004622,2020,8,2,1,DUPLICADO_EXACTO,1
00004622,2021,2,2,1,DUPLICADO_EXACTO,1
00004622,2021,6,2,1,DUPLICADO_EXACTO,1
00004622,2021,8,2,1,DUPLICADO_EXACTO,1
00004622,2021,9,2,1,DUPLICADO_EXACTO,1
00004622,2021,10,2,1,DUPLICADO_EXACTO,1
00004622,2021,11,2,1,DUPLICADO_EXACTO,1
00004622,2021,12,2,1,DUPLICADO_EXACTO,1
00004622,2022,1,2,1,DUPLICADO_EXACTO,1
00004622,2022,2,2,1,DUPLICADO_EXACTO,1
00004622,2023,9,2,1,DUPLICADO_EXACTO,1
00004623,2025,1,2,1,DUPLICADO_EXACTO,1
00004623,2025,2,5,1,DUPLICADO_EXACTO,4
00004623,2025,3,2,1,DUPLICADO_EXACTO,1
00004623,2025,5,3,1,DUPLICADO_EXACTO,2
00004623,2025,6,2,1,DUPLICADO_EXACTO,1
00004623,2025,7,2,1,DUPLICADO_EXACTO,1
00004623,2025,8,2,1,DUPLICADO_EXACTO,1
00004623,2025,9,2,1,DUPLICADO_EXACTO,1
00004623,2025,10,2,1,DUPLICADO_EXACTO,1
00004624,2025,1,2,1,DUPLICADO_EXACTO,1
00004624,2025,2,5,1,DUPLICADO_EXACTO,4
00004624,2025,3,2,1,DUPLICADO_EXACTO,1
00004624,2025,5,3,1,DUPLICADO_EXACTO,2
00004624,2025,6,2,1,DUPLICADO_EXACTO,1
00004624,2025,7,2,1,DUPLICADO_EXACTO,1
00004624,2025,8,2,1,DUPLICADO_EXACTO,1
00004624,2025,9,2,1,DUPLICADO_EXACTO,1
00004624,2025,10,2,1,DUPLICADO_EXACTO,1
00004625,2025,1,2,1,DUPLICADO_EXACTO,1
00004625,2025,2,5,1,DUPLICADO_EXACTO,4
00004625,2025,3,2,1,DUPLICADO_EXACTO,1
00004625,2025,5,3,1,DUPLICADO_EXACTO,2
00004625,2025,6,2,1,DUPLICADO_EXACTO,1
00004625,2025,7,2,1,DUPLICADO_EXACTO,1
00004625,2025,8,2,1,DUPLICADO_EXACTO,1
00004625,2025,9,2,1,DUPLICADO_EXACTO,1
00004625,2025,10,2,1,DUPLICADO_EXACTO,1
00004626,2025,1,2,1,DUPLICADO_EXACTO,1
00004626,2025,2,5,1,DUPLICADO_EXACTO,4
00004626,2025,3,2,1,DUPLICADO_EXACTO,1
00004626,2025,5,3,1,DUPLICADO_EXACTO,2
00004626,2025,6,2,1,DUPLICADO_EXACTO,1
00004626,2025,7,2,1,DUPLICADO_EXACTO,1
00004626,2025,8,2,1,DUPLICADO_EXACTO,1
00004626,2025,9,2,1,DUPLICADO_EXACTO,1
00004627,2025,1,2,1,DUPLICADO_EXACTO,1
00004627,2025,2,5,1,DUPLICADO_EXACTO,4
00004627,2025,3,2,1,DUPLICADO_EXACTO,1
00004627,2025,5,3,1,DUPLICADO_EXACTO,2
00004627,2025,6,2,1,DUPLICADO_EXACTO,1
00004627,2025,7,2,1,DUPLICADO_EXACTO,1
00004627,2025,8,2,1,DUPLICADO_EXACTO,1
00004627,2025,9,2,1,DUPLICADO_EXACTO,1
00004627,2025,10,2,1,DUPLICADO_EXACTO,1
00004628,2025,1,2,1,DUPLICADO_EXACTO,1
00004628,2025,2,3,1,DUPLICADO_EXACTO,2
00004628,2025,3,2,1,DUPLICADO_EXACTO,1
00004628,2025,5,3,1,DUPLICADO_EXACTO,2
00004628,2025,6,2,1,DUPLICADO_EXACTO,1
00004628,2025,7,2,1,DUPLICADO_EXACTO,1
00004628,2025,8,2,1,DUPLICADO_EXACTO,1
00004628,2025,9,2,1,DUPLICADO_EXACTO,1
00004628,2025,10,2,1,DUPLICADO_EXACTO,1
00004629,2025,1,2,1,DUPLICADO_EXACTO,1
00004629,2025,2,5,1,DUPLICADO_EXACTO,4
00004629,2025,3,2,1,DUPLICADO_EXACTO,1
00004629,2025,5,3,1,DUPLICADO_EXACTO,2
00004629,2025,6,2,1,DUPLICADO_EXACTO,1
00004629,2025,7,2,1,DUPLICADO_EXACTO,1
00004629,2025,8,2,1,DUPLICADO_EXACTO,1
00004629,2025,9,2,1,DUPLICADO_EXACTO,1
00004629,2025,10,2,1,DUPLICADO_EXACTO,1
00004630,2020,7,2,1,DUPLICADO_EXACTO,1
00004630,2020,8,2,1,DUPLICADO_EXACTO,1
00004630,2021,8,2,1,DUPLICADO_EXACTO,1
00004630,2021,9,2,1,DUPLICADO_EXACTO,1
00004630,2021,10,2,1,DUPLICADO_EXACTO,1
00004630,2021,11,2,1,DUPLICADO_EXACTO,1
00004630,2021,12,2,1,DUPLICADO_EXACTO,1
00004630,2022,1,2,1,DUPLICADO_EXACTO,1
00004630,2022,2,2,1,DUPLICADO_EXACTO,1
00004630,2023,9,2,1,DUPLICADO_EXACTO,1
00004630,2024,7,2,1,DUPLICADO_EXACTO,1
00004630,2024,9,2,1,DUPLICADO_EXACTO,1
00004630,2024,11,2,1,DUPLICADO_EXACTO,1
00004630,2025,2,2,1,DUPLICADO_EXACTO,1
00004630,2025,5,2,1,DUPLICADO_EXACTO,1
00004630,2025,9,3,1,DUPLICADO_EXACTO,2
00004631,2021,11,2,1,DUPLICADO_EXACTO,1
00004631,2021,12,2,1,DUPLICADO_EXACTO,1
00004631,2022,9,2,1,DUPLICADO_EXACTO,1
00004631,2023,1,2,1,DUPLICADO_EXACTO,1
00004631,2024,8,2,1,DUPLICADO_EXACTO,1
00004631,2025,7,4,1,DUPLICADO_EXACTO,3
00004631,2025,8,2,1,DUPLICADO_EXACTO,1
00004631,2025,9,3,1,DUPLICADO_EXACTO,2
00004631,2025,12,2,1,DUPLICADO_EXACTO,1
00004631,2026,1,3,1,DUPLICADO_EXACTO,2
00004631,2026,2,3,1,DUPLICADO_EXACTO,2
00004631,2026,3,3,1,DUPLICADO_EXACTO,2
00004631,2026,6,2,1,DUPLICADO_EXACTO,1
00004632,2020,2,2,1,DUPLICADO_EXACTO,1
00004632,2020,5,2,1,DUPLICADO_EXACTO,1
00004632,2020,7,2,1,DUPLICADO_EXACTO,1
00004632,2020,8,2,1,DUPLICADO_EXACTO,1
00004632,2021,2,2,1,DUPLICADO_EXACTO,1
00004632,2021,6,2,1,DUPLICADO_EXACTO,1
00004632,2021,8,2,1,DUPLICADO_EXACTO,1
00004632,2021,9,2,1,DUPLICADO_EXACTO,1
00004632,2021,10,2,1,DUPLICADO_EXACTO,1
00004632,2021,11,2,1,DUPLICADO_EXACTO,1
00004632,2021,12,2,1,DUPLICADO_EXACTO,1
00004632,2022,1,2,1,DUPLICADO_EXACTO,1
00004632,2022,2,2,1,DUPLICADO_EXACTO,1
00004632,2023,9,2,1,DUPLICADO_EXACTO,1
00004632,2024,7,2,1,DUPLICADO_EXACTO,1
00004632,2024,9,2,1,DUPLICADO_EXACTO,1
00004632,2024,11,2,1,DUPLICADO_EXACTO,1
00004632,2025,2,2,1,DUPLICADO_EXACTO,1
00004632,2025,5,2,1,DUPLICADO_EXACTO,1
00004632,2025,9,3,1,DUPLICADO_EXACTO,2
00004633,2025,1,2,1,DUPLICADO_EXACTO,1
00004633,2025,2,5,1,DUPLICADO_EXACTO,4
00004633,2025,3,2,1,DUPLICADO_EXACTO,1
00004633,2025,5,2,1,DUPLICADO_EXACTO,1
00004633,2025,6,2,1,DUPLICADO_EXACTO,1
00004633,2025,7,2,1,DUPLICADO_EXACTO,1
00004633,2025,8,2,1,DUPLICADO_EXACTO,1
00004633,2025,9,2,1,DUPLICADO_EXACTO,1
00004633,2025,10,2,1,DUPLICADO_EXACTO,1
00004634,2025,1,2,1,DUPLICADO_EXACTO,1
00004634,2025,2,5,1,DUPLICADO_EXACTO,4
00004634,2025,3,2,1,DUPLICADO_EXACTO,1
00004634,2025,5,3,1,DUPLICADO_EXACTO,2
00004634,2025,6,2,1,DUPLICADO_EXACTO,1
00004634,2025,7,2,1,DUPLICADO_EXACTO,1
00004634,2025,10,2,1,DUPLICADO_EXACTO,1
00004635,2022,8,3,1,DUPLICADO_EXACTO,2
00004635,2022,9,2,1,DUPLICADO_EXACTO,1
00004635,2025,6,2,1,DUPLICADO_EXACTO,1
00004635,2025,7,2,1,DUPLICADO_EXACTO,1
00004635,2025,8,2,1,DUPLICADO_EXACTO,1
00004636,2022,8,3,1,DUPLICADO_EXACTO,2
00004636,2022,9,2,1,DUPLICADO_EXACTO,1
00004636,2024,6,2,1,DUPLICADO_EXACTO,1
00004636,2025,6,2,1,DUPLICADO_EXACTO,1
00004636,2025,7,2,1,DUPLICADO_EXACTO,1
00004636,2025,8,2,1,DUPLICADO_EXACTO,1
00004637,2023,3,2,1,DUPLICADO_EXACTO,1
00004637,2023,6,2,1,DUPLICADO_EXACTO,1
00004637,2023,11,2,1,DUPLICADO_EXACTO,1
00004637,2024,10,2,1,DUPLICADO_EXACTO,1
00004637,2025,1,2,1,DUPLICADO_EXACTO,1
00004637,2025,2,2,1,DUPLICADO_EXACTO,1
00004637,2025,4,2,1,DUPLICADO_EXACTO,1
00004637,2025,9,2,1,DUPLICADO_EXACTO,1
00004638,2022,8,2,1,DUPLICADO_EXACTO,1
00004638,2022,9,2,1,DUPLICADO_EXACTO,1
00004638,2024,6,2,1,DUPLICADO_EXACTO,1
00004638,2025,6,2,1,DUPLICADO_EXACTO,1
00004638,2025,8,2,1,DUPLICADO_EXACTO,1
00004639,2024,6,2,1,DUPLICADO_EXACTO,1
00004640,2023,3,2,1,DUPLICADO_EXACTO,1
00004640,2023,6,2,1,DUPLICADO_EXACTO,1
00004640,2023,11,2,1,DUPLICADO_EXACTO,1
00004641,2022,5,2,1,DUPLICADO_EXACTO,1
00004641,2023,3,2,1,DUPLICADO_EXACTO,1
00004641,2023,6,2,1,DUPLICADO_EXACTO,1
00004641,2023,11,2,1,DUPLICADO_EXACTO,1
00004641,2024,10,2,1,DUPLICADO_EXACTO,1
00004641,2025,1,2,1,DUPLICADO_EXACTO,1
00004641,2025,2,2,1,DUPLICADO_EXACTO,1
00004641,2025,4,2,1,DUPLICADO_EXACTO,1
00004641,2025,9,2,1,DUPLICADO_EXACTO,1
00004642,2023,3,2,1,DUPLICADO_EXACTO,1
00004642,2023,6,2,1,DUPLICADO_EXACTO,1
00004642,2023,11,2,1,DUPLICADO_EXACTO,1
00004642,2024,10,2,1,DUPLICADO_EXACTO,1
00004642,2025,1,2,1,DUPLICADO_EXACTO,1
00004642,2025,2,2,1,DUPLICADO_EXACTO,1
00004642,2025,4,2,1,DUPLICADO_EXACTO,1
00004642,2025,9,2,1,DUPLICADO_EXACTO,1
00004643,2022,5,2,1,DUPLICADO_EXACTO,1
00004643,2023,3,2,1,DUPLICADO_EXACTO,1
00004643,2023,6,2,1,DUPLICADO_EXACTO,1
00004643,2024,10,2,1,DUPLICADO_EXACTO,1
00004643,2025,1,2,1,DUPLICADO_EXACTO,1
00004643,2025,2,2,1,DUPLICADO_EXACTO,1
00004643,2025,4,2,1,DUPLICADO_EXACTO,1
00004643,2025,9,2,1,DUPLICADO_EXACTO,1
00004644,2023,6,2,1,DUPLICADO_EXACTO,1
00004644,2023,11,2,1,DUPLICADO_EXACTO,1
00004644,2024,10,2,1,DUPLICADO_EXACTO,1
00004644,2025,1,2,1,DUPLICADO_EXACTO,1
00004644,2025,2,2,1,DUPLICADO_EXACTO,1
00004644,2025,4,2,1,DUPLICADO_EXACTO,1
00004644,2025,9,2,1,DUPLICADO_EXACTO,1
00004645,2023,3,2,1,DUPLICADO_EXACTO,1
00004645,2023,6,2,1,DUPLICADO_EXACTO,1
00004645,2023,11,2,1,DUPLICADO_EXACTO,1
00004645,2024,10,2,1,DUPLICADO_EXACTO,1
00004645,2025,1,2,1,DUPLICADO_EXACTO,1
00004645,2025,2,2,1,DUPLICADO_EXACTO,1
00004645,2025,4,2,1,DUPLICADO_EXACTO,1
00004645,2025,9,2,1,DUPLICADO_EXACTO,1
00004646,2022,8,3,1,DUPLICADO_EXACTO,2
00004646,2024,6,2,1,DUPLICADO_EXACTO,1
00004646,2025,6,2,1,DUPLICADO_EXACTO,1
00004646,2025,7,2,1,DUPLICADO_EXACTO,1
00004646,2025,8,2,1,DUPLICADO_EXACTO,1
00004647,2024,6,2,1,DUPLICADO_EXACTO,1
00004647,2025,8,2,1,DUPLICADO_EXACTO,1
00004647,2026,2,2,1,DUPLICADO_EXACTO,1
00004648,2024,6,2,1,DUPLICADO_EXACTO,1
00004648,2025,8,2,1,DUPLICADO_EXACTO,1
00004648,2026,2,2,1,DUPLICADO_EXACTO,1
00004649,2024,6,2,1,DUPLICADO_EXACTO,1
00004649,2025,8,2,1,DUPLICADO_EXACTO,1
00004649,2026,2,2,1,DUPLICADO_EXACTO,1
00004650,2024,6,2,1,DUPLICADO_EXACTO,1
00004650,2025,8,2,1,DUPLICADO_EXACTO,1
00004650,2026,2,2,1,DUPLICADO_EXACTO,1
00004651,2021,11,2,1,DUPLICADO_EXACTO,1
00004651,2021,12,2,1,DUPLICADO_EXACTO,1
00004651,2023,1,2,1,DUPLICADO_EXACTO,1
00004651,2024,1,2,1,DUPLICADO_EXACTO,1
00004651,2024,2,2,1,DUPLICADO_EXACTO,1
00004651,2024,3,3,1,DUPLICADO_EXACTO,2
00004651,2024,5,2,1,DUPLICADO_EXACTO,1
00004651,2024,6,2,1,DUPLICADO_EXACTO,1
00004651,2024,7,2,1,DUPLICADO_EXACTO,1
00004651,2024,8,3,1,DUPLICADO_EXACTO,2
00004651,2024,9,2,1,DUPLICADO_EXACTO,1
00004651,2024,10,3,1,DUPLICADO_EXACTO,2
00004651,2024,12,2,1,DUPLICADO_EXACTO,1
00004651,2025,7,4,1,DUPLICADO_EXACTO,3
00004651,2025,8,2,1,DUPLICADO_EXACTO,1
00004651,2025,9,3,1,DUPLICADO_EXACTO,2
00004651,2025,12,2,1,DUPLICADO_EXACTO,1
00004651,2026,1,3,1,DUPLICADO_EXACTO,2
00004651,2026,2,3,1,DUPLICADO_EXACTO,2
00004651,2026,3,3,1,DUPLICADO_EXACTO,2
00004651,2026,6,2,1,DUPLICADO_EXACTO,1
00004652,2021,11,2,1,DUPLICADO_EXACTO,1
00004652,2021,12,2,1,DUPLICADO_EXACTO,1
00004652,2022,9,2,1,DUPLICADO_EXACTO,1
00004652,2023,1,2,1,DUPLICADO_EXACTO,1
00004652,2024,1,2,1,DUPLICADO_EXACTO,1
00004652,2024,2,2,1,DUPLICADO_EXACTO,1
00004652,2024,3,3,1,DUPLICADO_EXACTO,2
00004652,2024,5,2,1,DUPLICADO_EXACTO,1
00004652,2024,6,2,1,DUPLICADO_EXACTO,1
00004652,2024,7,2,1,DUPLICADO_EXACTO,1
00004652,2024,8,3,1,DUPLICADO_EXACTO,2
00004652,2024,9,2,1,DUPLICADO_EXACTO,1
00004652,2024,10,3,1,DUPLICADO_EXACTO,2
00004652,2024,12,2,1,DUPLICADO_EXACTO,1
00004652,2026,6,2,1,DUPLICADO_EXACTO,1
00004653,2021,11,2,1,DUPLICADO_EXACTO,1
00004653,2021,12,2,1,DUPLICADO_EXACTO,1
00004653,2022,9,2,1,DUPLICADO_EXACTO,1
00004653,2023,1,2,1,DUPLICADO_EXACTO,1
00004653,2024,1,2,1,DUPLICADO_EXACTO,1
00004653,2024,2,2,1,DUPLICADO_EXACTO,1
00004653,2024,3,3,1,DUPLICADO_EXACTO,2
00004653,2024,5,2,1,DUPLICADO_EXACTO,1
00004653,2024,6,2,1,DUPLICADO_EXACTO,1
00004653,2024,7,2,1,DUPLICADO_EXACTO,1
00004653,2024,8,3,1,DUPLICADO_EXACTO,2
00004653,2024,9,2,1,DUPLICADO_EXACTO,1
00004653,2024,10,3,1,DUPLICADO_EXACTO,2
00004653,2024,12,2,1,DUPLICADO_EXACTO,1
00004653,2025,7,4,1,DUPLICADO_EXACTO,3
00004653,2025,8,2,1,DUPLICADO_EXACTO,1
00004653,2025,9,3,1,DUPLICADO_EXACTO,2
00004653,2025,12,2,1,DUPLICADO_EXACTO,1
00004653,2026,1,3,1,DUPLICADO_EXACTO,2
00004653,2026,2,3,1,DUPLICADO_EXACTO,2
00004653,2026,3,3,1,DUPLICADO_EXACTO,2
00004654,2021,11,2,1,DUPLICADO_EXACTO,1
00004654,2021,12,2,1,DUPLICADO_EXACTO,1
00004654,2022,9,2,1,DUPLICADO_EXACTO,1
00004654,2023,1,2,1,DUPLICADO_EXACTO,1
00004654,2024,1,2,1,DUPLICADO_EXACTO,1
00004654,2024,2,2,1,DUPLICADO_EXACTO,1
00004654,2024,3,3,1,DUPLICADO_EXACTO,2
00004654,2024,5,2,1,DUPLICADO_EXACTO,1
00004654,2024,6,2,1,DUPLICADO_EXACTO,1
00004654,2024,7,2,1,DUPLICADO_EXACTO,1
00004654,2024,8,3,1,DUPLICADO_EXACTO,2
00004654,2024,9,2,1,DUPLICADO_EXACTO,1
00004654,2024,10,3,1,DUPLICADO_EXACTO,2
00004654,2024,12,2,1,DUPLICADO_EXACTO,1
00004654,2025,7,4,1,DUPLICADO_EXACTO,3
00004654,2025,8,2,1,DUPLICADO_EXACTO,1
00004654,2025,9,3,1,DUPLICADO_EXACTO,2
00004654,2025,12,2,1,DUPLICADO_EXACTO,1
00004654,2026,1,3,1,DUPLICADO_EXACTO,2
00004654,2026,2,3,1,DUPLICADO_EXACTO,2
00004654,2026,3,3,1,DUPLICADO_EXACTO,2
00004654,2026,6,2,1,DUPLICADO_EXACTO,1
00004656,2021,11,2,1,DUPLICADO_EXACTO,1
00004656,2021,12,2,1,DUPLICADO_EXACTO,1
00004656,2022,9,2,1,DUPLICADO_EXACTO,1
00004656,2023,1,2,1,DUPLICADO_EXACTO,1
00004656,2024,1,2,1,DUPLICADO_EXACTO,1
00004656,2024,2,2,1,DUPLICADO_EXACTO,1
00004656,2024,3,3,1,DUPLICADO_EXACTO,2
00004656,2024,5,2,1,DUPLICADO_EXACTO,1
00004656,2024,6,2,1,DUPLICADO_EXACTO,1
00004656,2024,7,2,1,DUPLICADO_EXACTO,1
00004656,2024,9,2,1,DUPLICADO_EXACTO,1
00004656,2024,12,2,1,DUPLICADO_EXACTO,1
00004656,2025,7,4,1,DUPLICADO_EXACTO,3
00004656,2025,8,2,1,DUPLICADO_EXACTO,1
00004656,2025,9,2,1,DUPLICADO_EXACTO,1
00004656,2025,12,2,1,DUPLICADO_EXACTO,1
00004656,2026,1,3,1,DUPLICADO_EXACTO,2
00004656,2026,2,3,1,DUPLICADO_EXACTO,2
00004656,2026,3,3,1,DUPLICADO_EXACTO,2
00004656,2026,6,2,1,DUPLICADO_EXACTO,1
00004657,2021,11,2,1,DUPLICADO_EXACTO,1
00004657,2021,12,2,1,DUPLICADO_EXACTO,1
00004657,2022,9,2,1,DUPLICADO_EXACTO,1
00004657,2023,1,2,1,DUPLICADO_EXACTO,1
00004657,2024,1,2,1,DUPLICADO_EXACTO,1
00004657,2024,2,2,1,DUPLICADO_EXACTO,1
00004657,2024,3,3,1,DUPLICADO_EXACTO,2
00004657,2024,5,2,1,DUPLICADO_EXACTO,1
00004657,2024,6,2,1,DUPLICADO_EXACTO,1
00004657,2024,7,2,1,DUPLICADO_EXACTO,1
00004657,2024,8,3,1,DUPLICADO_EXACTO,2
00004657,2024,9,2,1,DUPLICADO_EXACTO,1
00004657,2024,10,3,1,DUPLICADO_EXACTO,2
00004657,2024,12,2,1,DUPLICADO_EXACTO,1
00004657,2025,7,4,1,DUPLICADO_EXACTO,3
00004657,2025,8,2,1,DUPLICADO_EXACTO,1
00004657,2025,9,3,1,DUPLICADO_EXACTO,2
00004657,2025,12,2,1,DUPLICADO_EXACTO,1
00004657,2026,1,3,1,DUPLICADO_EXACTO,2
00004657,2026,2,3,1,DUPLICADO_EXACTO,2
00004657,2026,3,3,1,DUPLICADO_EXACTO,2
00004657,2026,6,2,1,DUPLICADO_EXACTO,1
00004658,2024,6,2,1,DUPLICADO_EXACTO,1
00004658,2025,8,2,1,DUPLICADO_EXACTO,1
00004658,2026,2,2,1,DUPLICADO_EXACTO,1
00004683,2025,4,4,1,DUPLICADO_EXACTO,3
00004684,2025,4,4,1,DUPLICADO_EXACTO,3
00004685,2025,4,4,1,DUPLICADO_EXACTO,3
00004687,2025,4,4,1,DUPLICADO_EXACTO,3
00004688,2025,4,4,1,DUPLICADO_EXACTO,3
00004690,2025,4,4,1,DUPLICADO_EXACTO,3
00004691,2025,4,4,1,DUPLICADO_EXACTO,3
00004742,2024,12,4,1,DUPLICADO_EXACTO,3
00004744,2024,12,4,1,DUPLICADO_EXACTO,3
00004746,2024,12,4,1,DUPLICADO_EXACTO,3
00004747,2024,12,4,1,DUPLICADO_EXACTO,3
00004750,2024,12,4,1,DUPLICADO_EXACTO,3
00004751,2024,12,4,1,DUPLICADO_EXACTO,3
00004752,2024,12,4,1,DUPLICADO_EXACTO,3
00004753,2024,12,4,1,DUPLICADO_EXACTO,3
00004754,2024,12,4,1,DUPLICADO_EXACTO,3
00004805,2025,9,3,1,DUPLICADO_EXACTO,2
00004806,2025,9,3,1,DUPLICADO_EXACTO,2
00004807,2019,11,2,1,DUPLICADO_EXACTO,1
00004807,2025,9,3,1,DUPLICADO_EXACTO,2
00004808,2025,9,3,1,DUPLICADO_EXACTO,2
00004809,2019,11,3,1,DUPLICADO_EXACTO,2
00004809,2025,9,3,1,DUPLICADO_EXACTO,2
00004810,2025,9,3,1,DUPLICADO_EXACTO,2
00004811,2025,9,3,1,DUPLICADO_EXACTO,2
00004812,2025,9,3,1,DUPLICADO_EXACTO,2
00004959,2022,7,2,1,DUPLICADO_EXACTO,1
00004961,2022,7,2,1,DUPLICADO_EXACTO,1
00004962,2024,2,2,1,DUPLICADO_EXACTO,1
00004963,2022,4,2,1,DUPLICADO_EXACTO,1
00004966,2019,11,2,1,DUPLICADO_EXACTO,1
00004977,2019,11,2,1,DUPLICADO_EXACTO,1
00004985,2019,11,2,1,DUPLICADO_EXACTO,1
00004985,2026,1,5,1,DUPLICADO_EXACTO,4
00004985,2026,2,2,1,DUPLICADO_EXACTO,1
00004986,2026,1,5,1,DUPLICADO_EXACTO,4
00004986,2026,2,2,1,DUPLICADO_EXACTO,1
00004987,2019,11,2,1,DUPLICADO_EXACTO,1
00004988,2026,1,5,1,DUPLICADO_EXACTO,4
00004988,2026,2,2,1,DUPLICADO_EXACTO,1
00004990,2026,1,5,1,DUPLICADO_EXACTO,4
00004990,2026,2,2,1,DUPLICADO_EXACTO,1
00004993,2022,9,2,1,DUPLICADO_EXACTO,1
00004995,2026,1,5,1,DUPLICADO_EXACTO,4
00004995,2026,2,2,1,DUPLICADO_EXACTO,1
00004997,2019,12,2,1,DUPLICADO_EXACTO,1
00005002,2022,4,2,1,DUPLICADO_EXACTO,1
00005002,2024,2,2,1,DUPLICADO_EXACTO,1
00005002,2024,3,2,1,DUPLICADO_EXACTO,1
00005003,2022,4,2,1,DUPLICADO_EXACTO,1
00005003,2024,2,2,1,DUPLICADO_EXACTO,1
00005003,2024,3,2,1,DUPLICADO_EXACTO,1
00005004,2022,4,2,1,DUPLICADO_EXACTO,1
00005004,2024,2,2,1,DUPLICADO_EXACTO,1
00005004,2024,3,2,1,DUPLICADO_EXACTO,1
00005005,2022,4,2,1,DUPLICADO_EXACTO,1
00005005,2024,2,2,1,DUPLICADO_EXACTO,1
00005005,2024,3,2,1,DUPLICADO_EXACTO,1
00005012,2020,2,2,1,DUPLICADO_EXACTO,1
00005012,2023,8,2,1,DUPLICADO_EXACTO,1
00005014,2020,2,2,1,DUPLICADO_EXACTO,1
00005014,2023,8,2,1,DUPLICADO_EXACTO,1
00005014,2026,1,3,1,DUPLICADO_EXACTO,2
00005015,2020,2,2,1,DUPLICADO_EXACTO,1
00005015,2023,8,2,1,DUPLICADO_EXACTO,1
00005015,2026,1,3,1,DUPLICADO_EXACTO,2
00005016,2020,2,2,1,DUPLICADO_EXACTO,1
00005016,2023,8,2,1,DUPLICADO_EXACTO,1
00005016,2026,1,3,1,DUPLICADO_EXACTO,2
00005018,2023,8,2,1,DUPLICADO_EXACTO,1
00005018,2026,1,3,1,DUPLICADO_EXACTO,2
00005020,2020,2,2,1,DUPLICADO_EXACTO,1
00005020,2023,8,2,1,DUPLICADO_EXACTO,1
00005021,2020,2,2,1,DUPLICADO_EXACTO,1
00005021,2023,8,2,1,DUPLICADO_EXACTO,1
00005021,2026,1,3,1,DUPLICADO_EXACTO,2
00005022,2020,2,2,1,DUPLICADO_EXACTO,1
00005022,2023,8,2,1,DUPLICADO_EXACTO,1
00005022,2026,1,3,1,DUPLICADO_EXACTO,2
00005023,2020,2,2,1,DUPLICADO_EXACTO,1
00005023,2023,8,2,1,DUPLICADO_EXACTO,1
00005023,2026,1,3,1,DUPLICADO_EXACTO,2
00005024,2020,2,2,1,DUPLICADO_EXACTO,1
00005024,2023,8,2,1,DUPLICADO_EXACTO,1
00005024,2026,1,3,1,DUPLICADO_EXACTO,2
00005025,2020,2,2,1,DUPLICADO_EXACTO,1
00005025,2023,8,2,1,DUPLICADO_EXACTO,1
00005025,2026,1,3,1,DUPLICADO_EXACTO,2
00005026,2023,10,2,1,DUPLICADO_EXACTO,1
00005027,2023,9,2,1,DUPLICADO_EXACTO,1
00005028,2023,4,2,1,DUPLICADO_EXACTO,1
00005028,2023,10,2,1,DUPLICADO_EXACTO,1
00005029,2023,4,2,1,DUPLICADO_EXACTO,1
00005029,2023,10,2,1,DUPLICADO_EXACTO,1
00005030,2023,4,2,1,DUPLICADO_EXACTO,1
00005030,2023,10,2,1,DUPLICADO_EXACTO,1
00005031,2023,4,2,1,DUPLICADO_EXACTO,1
00005031,2023,10,2,1,DUPLICADO_EXACTO,1
00005032,2020,2,2,1,DUPLICADO_EXACTO,1
00005032,2022,8,2,1,DUPLICADO_EXACTO,1
00005033,2023,4,2,1,DUPLICADO_EXACTO,1
00005033,2023,10,2,1,DUPLICADO_EXACTO,1
00005034,2019,7,2,1,DUPLICADO_EXACTO,1
00005037,2020,2,2,1,DUPLICADO_EXACTO,1
00005037,2022,8,2,1,DUPLICADO_EXACTO,1
00005038,2020,2,2,1,DUPLICADO_EXACTO,1
00005039,2020,2,2,1,DUPLICADO_EXACTO,1
00005039,2022,8,2,1,DUPLICADO_EXACTO,1
00005041,2020,2,2,1,DUPLICADO_EXACTO,1
00005041,2022,8,2,1,DUPLICADO_EXACTO,1
00005042,2020,2,2,1,DUPLICADO_EXACTO,1
00005042,2022,8,2,1,DUPLICADO_EXACTO,1
00005043,2020,2,2,1,DUPLICADO_EXACTO,1
00005043,2022,8,2,1,DUPLICADO_EXACTO,1
00005148,2019,4,2,1,DUPLICADO_EXACTO,1
00005162,2019,3,2,1,DUPLICADO_EXACTO,1
00005179,2019,3,2,1,DUPLICADO_EXACTO,1
00005187,2019,3,2,1,DUPLICADO_EXACTO,1
00005209,2025,3,2,1,DUPLICADO_EXACTO,1
00005210,2025,3,2,1,DUPLICADO_EXACTO,1
00005211,2025,3,2,1,DUPLICADO_EXACTO,1
00005212,2025,3,2,1,DUPLICADO_EXACTO,1
00005213,2025,3,2,1,DUPLICADO_EXACTO,1
00005214,2025,3,2,1,DUPLICADO_EXACTO,1
00005215,2025,3,2,1,DUPLICADO_EXACTO,1
00005216,2025,3,2,1,DUPLICADO_EXACTO,1
00005217,2024,11,2,1,DUPLICADO_EXACTO,1
00005221,2025,8,2,1,DUPLICADO_EXACTO,1
00005221,2026,6,2,1,DUPLICADO_EXACTO,1
00005222,2024,11,3,1,DUPLICADO_EXACTO,2
00005223,2025,8,2,1,DUPLICADO_EXACTO,1
00005225,2024,11,3,1,DUPLICADO_EXACTO,2
00005227,2024,11,3,1,DUPLICADO_EXACTO,2
00005228,2024,11,3,1,DUPLICADO_EXACTO,2
00005229,2024,11,3,1,DUPLICADO_EXACTO,2
00005230,2024,11,3,1,DUPLICADO_EXACTO,2
00005231,2026,1,2,1,DUPLICADO_EXACTO,1
00005231,2026,2,2,1,DUPLICADO_EXACTO,1
00005231,2026,4,2,1,DUPLICADO_EXACTO,1
00005231,2026,6,2,1,DUPLICADO_EXACTO,1
00005232,2026,1,2,1,DUPLICADO_EXACTO,1
00005233,2026,1,2,1,DUPLICADO_EXACTO,1
00005233,2026,2,2,1,DUPLICADO_EXACTO,1
00005233,2026,4,2,1,DUPLICADO_EXACTO,1
00005233,2026,6,2,1,DUPLICADO_EXACTO,1
00005234,2025,7,2,1,DUPLICADO_EXACTO,1
00005234,2026,6,2,1,DUPLICADO_EXACTO,1
00005234,2026,7,2,1,DUPLICADO_EXACTO,1
00005235,2025,4,2,1,DUPLICADO_EXACTO,1
00005235,2025,5,2,1,DUPLICADO_EXACTO,1
00005235,2025,7,2,1,DUPLICADO_EXACTO,1
00005235,2025,10,2,1,DUPLICADO_EXACTO,1
00005235,2026,6,2,1,DUPLICADO_EXACTO,1
00005235,2026,7,2,1,DUPLICADO_EXACTO,1
00005236,2025,1,2,1,DUPLICADO_EXACTO,1
00005236,2025,4,2,1,DUPLICADO_EXACTO,1
00005236,2025,5,2,1,DUPLICADO_EXACTO,1
00005236,2025,7,2,1,DUPLICADO_EXACTO,1
00005236,2025,10,2,1,DUPLICADO_EXACTO,1
00005236,2026,6,2,1,DUPLICADO_EXACTO,1
00005236,2026,7,2,1,DUPLICADO_EXACTO,1
00005237,2025,1,2,1,DUPLICADO_EXACTO,1
00005237,2025,4,2,1,DUPLICADO_EXACTO,1
00005237,2025,5,2,1,DUPLICADO_EXACTO,1
00005237,2025,10,2,1,DUPLICADO_EXACTO,1
00005237,2026,6,2,1,DUPLICADO_EXACTO,1
00005237,2026,7,2,1,DUPLICADO_EXACTO,1
00005238,2026,2,2,1,DUPLICADO_EXACTO,1
00005238,2026,4,2,1,DUPLICADO_EXACTO,1
00005238,2026,6,2,1,DUPLICADO_EXACTO,1
00005241,2026,2,2,1,DUPLICADO_EXACTO,1
00005241,2026,4,2,1,DUPLICADO_EXACTO,1
00005241,2026,6,2,1,DUPLICADO_EXACTO,1
00005242,2025,8,3,1,DUPLICADO_EXACTO,2
00005243,2025,8,3,1,DUPLICADO_EXACTO,2
00005307,2024,1,2,1,DUPLICADO_EXACTO,1
00005308,2022,10,2,1,DUPLICADO_EXACTO,1
00005308,2023,5,2,1,DUPLICADO_EXACTO,1
00005308,2026,5,2,1,DUPLICADO_EXACTO,1
00005309,2022,10,2,1,DUPLICADO_EXACTO,1
00005309,2023,5,2,1,DUPLICADO_EXACTO,1
00005309,2026,5,2,1,DUPLICADO_EXACTO,1
00005312,2023,6,2,1,DUPLICADO_EXACTO,1
00005312,2023,7,4,1,DUPLICADO_EXACTO,3
00005312,2023,9,2,1,DUPLICADO_EXACTO,1
00005312,2024,6,2,1,DUPLICADO_EXACTO,1
00005313,2024,6,2,1,DUPLICADO_EXACTO,1
00005335,2023,6,2,1,DUPLICADO_EXACTO,1
00005335,2023,7,3,1,DUPLICADO_EXACTO,2
00005335,2023,9,2,1,DUPLICADO_EXACTO,1
00005350,2022,8,2,1,DUPLICADO_EXACTO,1
00005350,2022,9,5,1,DUPLICADO_EXACTO,4
00005350,2022,10,2,1,DUPLICADO_EXACTO,1
00005350,2023,3,2,1,DUPLICADO_EXACTO,1
00005350,2023,5,2,1,DUPLICADO_EXACTO,1
00005350,2023,7,2,1,DUPLICADO_EXACTO,1
00005350,2024,1,3,1,DUPLICADO_EXACTO,2
00005350,2024,2,2,1,DUPLICADO_EXACTO,1
00005350,2024,3,4,1,DUPLICADO_EXACTO,3
00005350,2024,4,3,1,DUPLICADO_EXACTO,2
00005350,2024,5,2,1,DUPLICADO_EXACTO,1
00005350,2024,9,2,1,DUPLICADO_EXACTO,1
00005351,2023,7,2,1,DUPLICADO_EXACTO,1
00005351,2024,9,2,1,DUPLICADO_EXACTO,1
00005352,2021,7,2,1,DUPLICADO_EXACTO,1
00005352,2021,9,2,1,DUPLICADO_EXACTO,1
00005352,2021,11,2,1,DUPLICADO_EXACTO,1
00005352,2021,12,2,1,DUPLICADO_EXACTO,1
00005352,2022,4,2,1,DUPLICADO_EXACTO,1
00005352,2022,5,3,1,DUPLICADO_EXACTO,2
00005352,2022,11,2,1,DUPLICADO_EXACTO,1
00005352,2023,1,2,1,DUPLICADO_EXACTO,1
00005352,2024,2,2,1,DUPLICADO_EXACTO,1
00005352,2024,4,2,1,DUPLICADO_EXACTO,1
00005352,2026,1,2,1,DUPLICADO_EXACTO,1
00005352,2026,2,2,1,DUPLICADO_EXACTO,1
00005352,2026,3,2,1,DUPLICADO_EXACTO,1
00005352,2026,6,2,1,DUPLICADO_EXACTO,1
00005353,2021,7,2,1,DUPLICADO_EXACTO,1
00005353,2021,9,2,1,DUPLICADO_EXACTO,1
00005353,2021,11,2,1,DUPLICADO_EXACTO,1
00005353,2022,4,2,1,DUPLICADO_EXACTO,1
00005353,2022,5,3,1,DUPLICADO_EXACTO,2
00005353,2026,6,2,1,DUPLICADO_EXACTO,1
00005354,2021,12,2,1,DUPLICADO_EXACTO,1
00005354,2022,5,3,1,DUPLICADO_EXACTO,2
00005354,2022,11,2,1,DUPLICADO_EXACTO,1
00005354,2023,1,2,1,DUPLICADO_EXACTO,1
00005354,2024,4,2,1,DUPLICADO_EXACTO,1
00005354,2026,6,2,1,DUPLICADO_EXACTO,1
00005355,2022,8,3,1,DUPLICADO_EXACTO,2
00005355,2022,9,5,1,DUPLICADO_EXACTO,4
00005355,2022,10,2,1,DUPLICADO_EXACTO,1
00005355,2023,3,2,1,DUPLICADO_EXACTO,1
00005355,2023,5,2,1,DUPLICADO_EXACTO,1
00005355,2023,7,2,1,DUPLICADO_EXACTO,1
00005355,2024,1,3,1,DUPLICADO_EXACTO,2
00005355,2024,3,4,1,DUPLICADO_EXACTO,3
00005355,2024,4,3,1,DUPLICADO_EXACTO,2
00005355,2024,5,2,1,DUPLICADO_EXACTO,1
00005356,2021,3,2,1,DUPLICADO_EXACTO,1
00005356,2025,10,2,1,DUPLICADO_EXACTO,1
00005356,2025,11,2,1,DUPLICADO_EXACTO,1
00005356,2025,12,2,1,DUPLICADO_EXACTO,1
00005356,2026,1,2,1,DUPLICADO_EXACTO,1
00005356,2026,3,2,1,DUPLICADO_EXACTO,1
00005357,2022,11,2,1,DUPLICADO_EXACTO,1
00005358,2020,1,2,1,DUPLICADO_EXACTO,1
00005358,2020,2,2,1,DUPLICADO_EXACTO,1
00005358,2020,3,2,1,DUPLICADO_EXACTO,1
00005358,2020,4,3,1,DUPLICADO_EXACTO,2
00005358,2020,5,2,1,DUPLICADO_EXACTO,1
00005358,2020,6,2,1,DUPLICADO_EXACTO,1
00005358,2020,8,4,1,DUPLICADO_EXACTO,3
00005358,2020,9,2,1,DUPLICADO_EXACTO,1
00005358,2020,10,2,1,DUPLICADO_EXACTO,1
00005358,2020,12,2,1,DUPLICADO_EXACTO,1
00005358,2021,1,2,1,DUPLICADO_EXACTO,1
00005358,2021,2,2,1,DUPLICADO_EXACTO,1
00005358,2022,7,2,1,DUPLICADO_EXACTO,1
00005358,2022,11,2,1,DUPLICADO_EXACTO,1
00005358,2022,12,2,1,DUPLICADO_EXACTO,1
00005358,2024,3,3,1,DUPLICADO_EXACTO,2
00005358,2024,4,2,1,DUPLICADO_EXACTO,1
00005358,2025,9,2,1,DUPLICADO_EXACTO,1
00005359,2020,8,2,1,DUPLICADO_EXACTO,1
00005359,2020,9,2,1,DUPLICADO_EXACTO,1
00005359,2020,10,2,1,DUPLICADO_EXACTO,1
00005359,2020,11,2,1,DUPLICADO_EXACTO,1
00005359,2020,12,2,1,DUPLICADO_EXACTO,1
00005359,2021,1,2,1,DUPLICADO_EXACTO,1
00005359,2021,2,2,1,DUPLICADO_EXACTO,1
00005359,2021,3,2,1,DUPLICADO_EXACTO,1
00005359,2021,5,2,1,DUPLICADO_EXACTO,1
00005359,2022,3,3,1,DUPLICADO_EXACTO,2
00005359,2022,4,5,1,DUPLICADO_EXACTO,4
00005359,2022,9,2,1,DUPLICADO_EXACTO,1
00005359,2023,1,2,1,DUPLICADO_EXACTO,1
00005359,2023,4,4,1,DUPLICADO_EXACTO,3
00005359,2023,5,2,1,DUPLICADO_EXACTO,1
00005359,2024,7,2,1,DUPLICADO_EXACTO,1
00005359,2024,10,3,1,DUPLICADO_EXACTO,2
00005359,2024,12,2,1,DUPLICADO_EXACTO,1
00005359,2025,1,2,1,DUPLICADO_EXACTO,1
00005359,2025,2,2,1,DUPLICADO_EXACTO,1
00005359,2025,3,2,1,DUPLICADO_EXACTO,1
00005359,2025,5,2,1,DUPLICADO_EXACTO,1
00005359,2025,8,2,1,DUPLICADO_EXACTO,1
00005359,2025,10,2,1,DUPLICADO_EXACTO,1
00005359,2025,11,2,1,DUPLICADO_EXACTO,1
00005359,2026,1,2,1,DUPLICADO_EXACTO,1
00005359,2026,4,2,1,DUPLICADO_EXACTO,1
00005359,2026,7,2,1,DUPLICADO_EXACTO,1
00005360,2022,3,3,1,DUPLICADO_EXACTO,2
00005360,2024,10,3,1,DUPLICADO_EXACTO,2
00005360,2024,12,2,1,DUPLICADO_EXACTO,1
00005360,2025,1,2,1,DUPLICADO_EXACTO,1
00005360,2025,2,2,1,DUPLICADO_EXACTO,1
00005360,2025,3,2,1,DUPLICADO_EXACTO,1
00005360,2025,5,2,1,DUPLICADO_EXACTO,1
00005360,2025,8,2,1,DUPLICADO_EXACTO,1
00005360,2025,11,2,1,DUPLICADO_EXACTO,1
00005360,2026,1,2,1,DUPLICADO_EXACTO,1
00005360,2026,2,2,1,DUPLICADO_EXACTO,1
00005360,2026,4,2,1,DUPLICADO_EXACTO,1
00005360,2026,7,2,1,DUPLICADO_EXACTO,1
00005361,2024,2,2,1,DUPLICADO_EXACTO,1
00005361,2024,3,2,1,DUPLICADO_EXACTO,1
00005361,2024,4,2,1,DUPLICADO_EXACTO,1
00005361,2024,5,2,1,DUPLICADO_EXACTO,1
00005361,2024,7,2,1,DUPLICADO_EXACTO,1
00005361,2024,10,2,1,DUPLICADO_EXACTO,1
00005361,2025,8,3,1,DUPLICADO_EXACTO,2
00005362,2024,5,2,1,DUPLICADO_EXACTO,1
00005363,2021,7,2,1,DUPLICADO_EXACTO,1
00005363,2022,7,2,1,DUPLICADO_EXACTO,1
00005363,2022,8,2,1,DUPLICADO_EXACTO,1
00005363,2023,2,2,1,DUPLICADO_EXACTO,1
00005363,2024,4,2,1,DUPLICADO_EXACTO,1
00005363,2024,7,2,1,DUPLICADO_EXACTO,1
00005363,2024,8,2,1,DUPLICADO_EXACTO,1
00005363,2024,9,2,1,DUPLICADO_EXACTO,1
00005364,2024,4,2,1,DUPLICADO_EXACTO,1
00005364,2024,8,2,1,DUPLICADO_EXACTO,1
00005365,2021,7,2,1,DUPLICADO_EXACTO,1
00005365,2022,7,2,1,DUPLICADO_EXACTO,1
00005365,2022,8,2,1,DUPLICADO_EXACTO,1
00005365,2023,2,2,1,DUPLICADO_EXACTO,1
00005395,2022,4,2,1,DUPLICADO_EXACTO,1
00005397,2022,4,2,1,DUPLICADO_EXACTO,1
00005398,2022,4,2,1,DUPLICADO_EXACTO,1
00005399,2022,4,2,1,DUPLICADO_EXACTO,1
00005400,2022,4,2,1,DUPLICADO_EXACTO,1
00005401,2022,4,2,1,DUPLICADO_EXACTO,1
00005402,2022,4,2,1,DUPLICADO_EXACTO,1
00005403,2022,4,2,1,DUPLICADO_EXACTO,1
00005406,2022,4,2,1,DUPLICADO_EXACTO,1
00005407,2022,4,2,1,DUPLICADO_EXACTO,1
00005410,2022,4,2,1,DUPLICADO_EXACTO,1
00005411,2022,4,2,1,DUPLICADO_EXACTO,1
00005416,2019,12,2,1,DUPLICADO_EXACTO,1
00005417,2019,12,2,1,DUPLICADO_EXACTO,1
00005418,2019,12,2,1,DUPLICADO_EXACTO,1
00005419,2019,12,2,1,DUPLICADO_EXACTO,1
00005420,2019,12,2,1,DUPLICADO_EXACTO,1
00005421,2019,12,2,1,DUPLICADO_EXACTO,1
00005422,2020,2,2,1,DUPLICADO_EXACTO,1
00005422,2020,3,2,1,DUPLICADO_EXACTO,1
00005423,2020,2,2,1,DUPLICADO_EXACTO,1
00005423,2020,3,2,1,DUPLICADO_EXACTO,1
00005424,2020,2,2,1,DUPLICADO_EXACTO,1
00005424,2020,3,2,1,DUPLICADO_EXACTO,1
00005425,2020,2,2,1,DUPLICADO_EXACTO,1
00005425,2020,3,2,1,DUPLICADO_EXACTO,1
00005426,2020,5,2,1,DUPLICADO_EXACTO,1
00005427,2020,5,2,1,DUPLICADO_EXACTO,1
00005428,2020,5,2,1,DUPLICADO_EXACTO,1
00005429,2020,5,2,1,DUPLICADO_EXACTO,1
00005430,2020,5,2,1,DUPLICADO_EXACTO,1
00005431,2020,5,2,1,DUPLICADO_EXACTO,1
00005432,2020,5,2,1,DUPLICADO_EXACTO,1
00005434,2020,5,2,1,DUPLICADO_EXACTO,1
00005435,2020,5,2,1,DUPLICADO_EXACTO,1
00005436,2020,5,2,1,DUPLICADO_EXACTO,1
00005437,2020,5,2,1,DUPLICADO_EXACTO,1
00005439,2020,5,2,1,DUPLICADO_EXACTO,1
00005440,2020,5,2,1,DUPLICADO_EXACTO,1
00005441,2020,5,2,1,DUPLICADO_EXACTO,1
00005443,2019,12,3,1,DUPLICADO_EXACTO,2
00005445,2019,12,3,1,DUPLICADO_EXACTO,2
00005446,2019,12,3,1,DUPLICADO_EXACTO,2
00005447,2019,12,3,1,DUPLICADO_EXACTO,2
00005448,2019,12,3,1,DUPLICADO_EXACTO,2
00005449,2019,12,3,1,DUPLICADO_EXACTO,2
00005450,2019,12,3,1,DUPLICADO_EXACTO,2
00005469,2025,5,2,1,DUPLICADO_EXACTO,1
00005470,2025,5,2,1,DUPLICADO_EXACTO,1
00005471,2025,5,2,1,DUPLICADO_EXACTO,1
00005472,2025,5,2,1,DUPLICADO_EXACTO,1
00005473,2025,5,2,1,DUPLICADO_EXACTO,1
00005474,2025,5,2,1,DUPLICADO_EXACTO,1
00005475,2025,5,2,1,DUPLICADO_EXACTO,1
00005477,2025,5,2,1,DUPLICADO_EXACTO,1
00005478,2025,5,2,1,DUPLICADO_EXACTO,1
00005479,2025,5,2,1,DUPLICADO_EXACTO,1
00005481,2025,5,2,1,DUPLICADO_EXACTO,1
00005482,2025,5,2,1,DUPLICADO_EXACTO,1
00005483,2025,5,2,1,DUPLICADO_EXACTO,1
00005484,2025,5,2,1,DUPLICADO_EXACTO,1
00005502,2020,6,2,1,DUPLICADO_EXACTO,1
00005502,2021,10,2,1,DUPLICADO_EXACTO,1
00005502,2022,4,2,1,DUPLICADO_EXACTO,1
00005502,2025,2,2,1,DUPLICADO_EXACTO,1
00005503,2021,10,2,1,DUPLICADO_EXACTO,1
00005503,2022,4,2,1,DUPLICADO_EXACTO,1
00005504,2020,6,2,1,DUPLICADO_EXACTO,1
00005504,2021,10,2,1,DUPLICADO_EXACTO,1
00005504,2022,4,2,1,DUPLICADO_EXACTO,1
00005505,2020,6,2,1,DUPLICADO_EXACTO,1
00005505,2021,10,2,1,DUPLICADO_EXACTO,1
00005505,2022,4,2,1,DUPLICADO_EXACTO,1
00005506,2020,6,2,1,DUPLICADO_EXACTO,1
00005506,2022,4,2,1,DUPLICADO_EXACTO,1
00005507,2022,4,2,1,DUPLICADO_EXACTO,1
00005508,2021,10,2,1,DUPLICADO_EXACTO,1
00005508,2022,4,2,1,DUPLICADO_EXACTO,1
00005509,2020,6,2,1,DUPLICADO_EXACTO,1
00005509,2021,10,2,1,DUPLICADO_EXACTO,1
00005509,2022,4,2,1,DUPLICADO_EXACTO,1
00005510,2020,6,2,1,DUPLICADO_EXACTO,1
00005510,2021,10,2,1,DUPLICADO_EXACTO,1
00005510,2022,4,2,1,DUPLICADO_EXACTO,1
00005511,2020,6,2,1,DUPLICADO_EXACTO,1
00005511,2021,10,2,1,DUPLICADO_EXACTO,1
00005511,2022,4,2,1,DUPLICADO_EXACTO,1
00005512,2020,6,2,1,DUPLICADO_EXACTO,1
00005512,2021,10,2,1,DUPLICADO_EXACTO,1
00005512,2022,4,2,1,DUPLICADO_EXACTO,1
00005514,2020,6,2,1,DUPLICADO_EXACTO,1
00005514,2021,10,2,1,DUPLICADO_EXACTO,1
00005514,2022,4,2,1,DUPLICADO_EXACTO,1
00005515,2020,6,2,1,DUPLICADO_EXACTO,1
00005515,2021,10,2,1,DUPLICADO_EXACTO,1
00005515,2022,4,2,1,DUPLICADO_EXACTO,1
00005516,2020,6,2,1,DUPLICADO_EXACTO,1
00005516,2021,10,2,1,DUPLICADO_EXACTO,1
00005517,2020,6,2,1,DUPLICADO_EXACTO,1
00005517,2021,10,2,1,DUPLICADO_EXACTO,1
00005517,2022,4,2,1,DUPLICADO_EXACTO,1
00005518,2020,6,2,1,DUPLICADO_EXACTO,1
00005518,2021,10,2,1,DUPLICADO_EXACTO,1
00005518,2022,4,2,1,DUPLICADO_EXACTO,1
00005519,2020,6,2,1,DUPLICADO_EXACTO,1
00005519,2021,10,2,1,DUPLICADO_EXACTO,1
00005519,2022,4,2,1,DUPLICADO_EXACTO,1
00005520,2020,6,2,1,DUPLICADO_EXACTO,1
00005520,2021,10,2,1,DUPLICADO_EXACTO,1
00005520,2022,4,2,1,DUPLICADO_EXACTO,1
00005521,2020,6,2,1,DUPLICADO_EXACTO,1
00005521,2021,10,2,1,DUPLICADO_EXACTO,1
00005521,2022,4,2,1,DUPLICADO_EXACTO,1
00005522,2021,10,2,1,DUPLICADO_EXACTO,1
00005522,2022,4,2,1,DUPLICADO_EXACTO,1
00005523,2020,6,2,1,DUPLICADO_EXACTO,1
00005523,2021,10,2,1,DUPLICADO_EXACTO,1
00005523,2022,4,2,1,DUPLICADO_EXACTO,1
00005524,2021,10,2,1,DUPLICADO_EXACTO,1
00005524,2022,4,2,1,DUPLICADO_EXACTO,1
00005525,2020,6,2,1,DUPLICADO_EXACTO,1
00005525,2021,10,2,1,DUPLICADO_EXACTO,1
00005525,2022,4,2,1,DUPLICADO_EXACTO,1
00005527,2025,5,2,1,DUPLICADO_EXACTO,1
00005528,2025,5,2,1,DUPLICADO_EXACTO,1
00005529,2025,5,2,1,DUPLICADO_EXACTO,1
00005530,2025,5,2,1,DUPLICADO_EXACTO,1
00005531,2025,5,2,1,DUPLICADO_EXACTO,1
00005532,2025,5,2,1,DUPLICADO_EXACTO,1
00005533,2025,5,2,1,DUPLICADO_EXACTO,1
00005534,2020,2,2,1,DUPLICADO_EXACTO,1
00005534,2020,3,2,1,DUPLICADO_EXACTO,1
00005535,2020,2,2,1,DUPLICADO_EXACTO,1
00005535,2020,3,2,1,DUPLICADO_EXACTO,1
00005536,2020,2,2,1,DUPLICADO_EXACTO,1
00005536,2020,3,2,1,DUPLICADO_EXACTO,1
00005537,2020,2,2,1,DUPLICADO_EXACTO,1
00005537,2020,3,2,1,DUPLICADO_EXACTO,1
00005539,2023,8,2,1,DUPLICADO_EXACTO,1
00005541,2020,2,2,1,DUPLICADO_EXACTO,1
00005541,2020,3,2,1,DUPLICADO_EXACTO,1
00005542,2020,2,2,1,DUPLICADO_EXACTO,1
00005542,2020,3,2,1,DUPLICADO_EXACTO,1
00005543,2020,2,2,1,DUPLICADO_EXACTO,1
00005543,2020,3,2,1,DUPLICADO_EXACTO,1
00005544,2020,2,2,1,DUPLICADO_EXACTO,1
00005544,2020,3,2,1,DUPLICADO_EXACTO,1
00005545,2020,2,2,1,DUPLICADO_EXACTO,1
00005545,2020,3,2,1,DUPLICADO_EXACTO,1
00005546,2020,2,2,1,DUPLICADO_EXACTO,1
00005546,2020,3,2,1,DUPLICADO_EXACTO,1
00005547,2023,8,2,1,DUPLICADO_EXACTO,1
00005548,2020,2,2,1,DUPLICADO_EXACTO,1
00005548,2020,3,2,1,DUPLICADO_EXACTO,1
00005549,2020,2,2,1,DUPLICADO_EXACTO,1
00005549,2020,3,2,1,DUPLICADO_EXACTO,1
00005559,2023,8,2,1,DUPLICADO_EXACTO,1
00005565,2023,8,2,1,DUPLICADO_EXACTO,1
00005567,2023,8,2,1,DUPLICADO_EXACTO,1
00005568,2023,8,2,1,DUPLICADO_EXACTO,1
00005569,2023,8,2,1,DUPLICADO_EXACTO,1
00005578,2026,5,3,1,DUPLICADO_EXACTO,2
00005578,2026,6,6,1,DUPLICADO_EXACTO,5
00005579,2026,5,3,1,DUPLICADO_EXACTO,2
00005579,2026,6,6,1,DUPLICADO_EXACTO,5
00005580,2020,1,2,1,DUPLICADO_EXACTO,1
00005580,2020,2,2,1,DUPLICADO_EXACTO,1
00005580,2020,4,2,1,DUPLICADO_EXACTO,1
00005580,2020,6,2,1,DUPLICADO_EXACTO,1
00005580,2026,5,3,1,DUPLICADO_EXACTO,2
00005580,2026,6,6,1,DUPLICADO_EXACTO,5
00005581,2020,1,2,1,DUPLICADO_EXACTO,1
00005581,2020,2,2,1,DUPLICADO_EXACTO,1
00005581,2020,4,2,1,DUPLICADO_EXACTO,1
00005581,2020,6,2,1,DUPLICADO_EXACTO,1
00005581,2026,5,3,1,DUPLICADO_EXACTO,2
00005581,2026,6,6,1,DUPLICADO_EXACTO,5
00005582,2020,1,2,1,DUPLICADO_EXACTO,1
00005582,2020,2,2,1,DUPLICADO_EXACTO,1
00005582,2020,4,2,1,DUPLICADO_EXACTO,1
00005582,2020,6,2,1,DUPLICADO_EXACTO,1
00005582,2026,5,3,1,DUPLICADO_EXACTO,2
00005582,2026,6,6,1,DUPLICADO_EXACTO,5
00005583,2020,1,2,1,DUPLICADO_EXACTO,1
00005583,2020,2,2,1,DUPLICADO_EXACTO,1
00005583,2020,4,2,1,DUPLICADO_EXACTO,1
00005583,2020,6,2,1,DUPLICADO_EXACTO,1
00005583,2026,5,3,1,DUPLICADO_EXACTO,2
00005583,2026,6,6,1,DUPLICADO_EXACTO,5
00005584,2026,5,3,1,DUPLICADO_EXACTO,2
00005584,2026,6,6,1,DUPLICADO_EXACTO,5
00005585,2026,5,3,1,DUPLICADO_EXACTO,2
00005585,2026,6,6,1,DUPLICADO_EXACTO,5
00005586,2020,1,2,1,DUPLICADO_EXACTO,1
00005586,2020,2,2,1,DUPLICADO_EXACTO,1
00005586,2020,4,2,1,DUPLICADO_EXACTO,1
00005586,2020,6,2,1,DUPLICADO_EXACTO,1
00005586,2026,5,3,1,DUPLICADO_EXACTO,2
00005587,2020,1,2,1,DUPLICADO_EXACTO,1
00005587,2020,2,2,1,DUPLICADO_EXACTO,1
00005587,2020,4,2,1,DUPLICADO_EXACTO,1
00005587,2020,6,2,1,DUPLICADO_EXACTO,1
00005587,2026,5,3,1,DUPLICADO_EXACTO,2
00005587,2026,6,6,1,DUPLICADO_EXACTO,5
00005588,2026,5,3,1,DUPLICADO_EXACTO,2
00005588,2026,6,6,1,DUPLICADO_EXACTO,5
00005589,2020,1,2,1,DUPLICADO_EXACTO,1
00005589,2020,2,2,1,DUPLICADO_EXACTO,1
00005589,2020,4,2,1,DUPLICADO_EXACTO,1
00005589,2020,6,2,1,DUPLICADO_EXACTO,1
00005589,2026,5,3,1,DUPLICADO_EXACTO,2
00005589,2026,6,6,1,DUPLICADO_EXACTO,5
00005590,2026,5,3,1,DUPLICADO_EXACTO,2
00005590,2026,6,6,1,DUPLICADO_EXACTO,5
00005591,2026,5,3,1,DUPLICADO_EXACTO,2
00005591,2026,6,6,1,DUPLICADO_EXACTO,5
00005592,2026,5,3,1,DUPLICADO_EXACTO,2
00005592,2026,6,6,1,DUPLICADO_EXACTO,5
00005593,2020,1,2,1,DUPLICADO_EXACTO,1
00005593,2026,5,3,1,DUPLICADO_EXACTO,2
00005593,2026,6,6,1,DUPLICADO_EXACTO,5
00005594,2020,1,2,1,DUPLICADO_EXACTO,1
00005594,2026,5,3,1,DUPLICADO_EXACTO,2
00005594,2026,6,6,1,DUPLICADO_EXACTO,5
00005595,2026,5,3,1,DUPLICADO_EXACTO,2
00005595,2026,6,6,1,DUPLICADO_EXACTO,5
00005596,2020,1,2,1,DUPLICADO_EXACTO,1
00005596,2026,5,3,1,DUPLICADO_EXACTO,2
00005596,2026,6,6,1,DUPLICADO_EXACTO,5
00005597,2020,1,2,1,DUPLICADO_EXACTO,1
00005597,2026,5,3,1,DUPLICADO_EXACTO,2
00005597,2026,6,6,1,DUPLICADO_EXACTO,5
00005615,2025,8,3,1,DUPLICADO_EXACTO,2
00005615,2025,9,2,1,DUPLICADO_EXACTO,1
00005615,2026,7,3,1,DUPLICADO_EXACTO,2
00005616,2025,8,3,1,DUPLICADO_EXACTO,2
00005616,2025,9,2,1,DUPLICADO_EXACTO,1
00005616,2026,7,3,1,DUPLICADO_EXACTO,2
00005624,2025,8,3,1,DUPLICADO_EXACTO,2
00005624,2025,9,2,1,DUPLICADO_EXACTO,1
00005625,2025,8,3,1,DUPLICADO_EXACTO,2
00005625,2025,9,2,1,DUPLICADO_EXACTO,1
00005625,2026,7,3,1,DUPLICADO_EXACTO,2
00005626,2025,8,3,1,DUPLICADO_EXACTO,2
00005626,2025,9,2,1,DUPLICADO_EXACTO,1
00005626,2026,7,3,1,DUPLICADO_EXACTO,2
00005627,2026,7,3,1,DUPLICADO_EXACTO,2
00005628,2025,8,3,1,DUPLICADO_EXACTO,2
00005628,2025,9,2,1,DUPLICADO_EXACTO,1
00005628,2026,7,3,1,DUPLICADO_EXACTO,2
00005629,2025,8,3,1,DUPLICADO_EXACTO,2
00005629,2025,9,2,1,DUPLICADO_EXACTO,1
00005629,2026,7,3,1,DUPLICADO_EXACTO,2
00005630,2025,8,3,1,DUPLICADO_EXACTO,2
00005630,2025,9,2,1,DUPLICADO_EXACTO,1
00005630,2026,7,3,1,DUPLICADO_EXACTO,2
00005680,2026,4,4,1,DUPLICADO_EXACTO,3
00005682,2026,3,2,1,DUPLICADO_EXACTO,1
00005682,2026,4,4,1,DUPLICADO_EXACTO,3
00005726,2026,5,3,1,DUPLICADO_EXACTO,2
00005726,2026,6,6,1,DUPLICADO_EXACTO,5
00005727,2026,5,3,1,DUPLICADO_EXACTO,2
00005727,2026,6,6,1,DUPLICADO_EXACTO,5
00005729,2026,5,3,1,DUPLICADO_EXACTO,2
00005729,2026,6,6,1,DUPLICADO_EXACTO,5
00005730,2026,5,3,1,DUPLICADO_EXACTO,2
00005730,2026,6,6,1,DUPLICADO_EXACTO,5
00005731,2026,6,6,1,DUPLICADO_EXACTO,5
00005732,2019,12,2,1,DUPLICADO_EXACTO,1
00005732,2026,5,3,1,DUPLICADO_EXACTO,2
00005732,2026,6,6,1,DUPLICADO_EXACTO,5
00005733,2019,11,2,1,DUPLICADO_EXACTO,1
00005733,2026,5,3,1,DUPLICADO_EXACTO,2
00005733,2026,6,6,1,DUPLICADO_EXACTO,5
00005826,2019,2,3,1,DUPLICADO_EXACTO,2
00005826,2026,5,4,1,DUPLICADO_EXACTO,3
00005826,2026,6,2,1,DUPLICADO_EXACTO,1
00005828,2026,5,4,1,DUPLICADO_EXACTO,3
00005828,2026,6,2,1,DUPLICADO_EXACTO,1
00005829,2026,5,4,1,DUPLICADO_EXACTO,3
00005829,2026,6,2,1,DUPLICADO_EXACTO,1
00005830,2026,5,4,1,DUPLICADO_EXACTO,3
00005830,2026,6,2,1,DUPLICADO_EXACTO,1
00005831,2019,11,3,1,DUPLICADO_EXACTO,2
00005831,2026,5,3,1,DUPLICADO_EXACTO,2
00005831,2026,6,6,1,DUPLICADO_EXACTO,5
00005832,2026,5,3,1,DUPLICADO_EXACTO,2
00005832,2026,6,6,1,DUPLICADO_EXACTO,5
00005833,2026,5,3,1,DUPLICADO_EXACTO,2
00005833,2026,6,6,1,DUPLICADO_EXACTO,5
00005872,2026,1,2,1,DUPLICADO_EXACTO,1
00005873,2026,1,2,1,DUPLICADO_EXACTO,1
00005876,2026,1,2,1,DUPLICADO_EXACTO,1
00005877,2026,1,2,1,DUPLICADO_EXACTO,1
00005879,2026,1,2,1,DUPLICADO_EXACTO,1
00005880,2026,1,2,1,DUPLICADO_EXACTO,1
00005881,2026,1,2,1,DUPLICADO_EXACTO,1
00005882,2026,1,2,1,DUPLICADO_EXACTO,1
00005886,2026,2,2,1,DUPLICADO_EXACTO,1
00005887,2026,2,2,1,DUPLICADO_EXACTO,1
00005888,2026,2,2,1,DUPLICADO_EXACTO,1
00005889,2026,2,2,1,DUPLICADO_EXACTO,1
00005890,2026,2,2,1,DUPLICADO_EXACTO,1
00005891,2026,2,2,1,DUPLICADO_EXACTO,1
00005892,2026,2,2,1,DUPLICADO_EXACTO,1
00005893,2026,2,2,1,DUPLICADO_EXACTO,1
00005895,2026,2,2,1,DUPLICADO_EXACTO,1
00005908,2026,3,2,1,DUPLICADO_EXACTO,1
00005908,2026,7,2,1,DUPLICADO_EXACTO,1
00005909,2026,3,2,1,DUPLICADO_EXACTO,1
00005909,2026,7,2,1,DUPLICADO_EXACTO,1
00005910,2026,3,2,1,DUPLICADO_EXACTO,1
00005910,2026,7,2,1,DUPLICADO_EXACTO,1
00005911,2026,3,2,1,DUPLICADO_EXACTO,1
00005911,2026,7,2,1,DUPLICADO_EXACTO,1
00005913,2026,3,2,1,DUPLICADO_EXACTO,1
00005913,2026,7,2,1,DUPLICADO_EXACTO,1
00005914,2026,3,2,1,DUPLICADO_EXACTO,1
00005914,2026,7,2,1,DUPLICADO_EXACTO,1
00005915,2026,3,2,1,DUPLICADO_EXACTO,1
00005915,2026,7,2,1,DUPLICADO_EXACTO,1
00005916,2026,3,2,1,DUPLICADO_EXACTO,1
00005916,2026,7,2,1,DUPLICADO_EXACTO,1
00005917,2026,3,2,1,DUPLICADO_EXACTO,1
00005917,2026,7,2,1,DUPLICADO_EXACTO,1
00005949,2026,2,2,1,DUPLICADO_EXACTO,1
00005976,2026,3,2,1,DUPLICADO_EXACTO,1
00005976,2026,7,2,1,DUPLICADO_EXACTO,1
00005977,2026,3,2,1,DUPLICADO_EXACTO,1
00005977,2026,7,2,1,DUPLICADO_EXACTO,1
00005981,2026,2,2,1,DUPLICADO_EXACTO,1
00006011,2026,7,2,1,DUPLICADO_EXACTO,1
00006170,2026,1,2,1,DUPLICADO_EXACTO,1
00006170,2026,3,2,1,DUPLICADO_EXACTO,1
00006174,2026,1,2,1,DUPLICADO_EXACTO,1
00006174,2026,3,2,1,DUPLICADO_EXACTO,1
00006175,2026,1,2,1,DUPLICADO_EXACTO,1
00006175,2026,3,2,1,DUPLICADO_EXACTO,1
00006176,2026,1,2,1,DUPLICADO_EXACTO,1
00006176,2026,3,2,1,DUPLICADO_EXACTO,1
00006177,2026,1,2,1,DUPLICADO_EXACTO,1
00006177,2026,3,2,1,DUPLICADO_EXACTO,1
00006181,2026,3,2,1,DUPLICADO_EXACTO,1
00006183,2026,1,2,1,DUPLICADO_EXACTO,1
00006183,2026,3,2,1,DUPLICADO_EXACTO,1
00006218,2019,12,6,1,DUPLICADO_EXACTO,5
00006220,2024,5,4,1,DUPLICADO_EXACTO,3
00006220,2024,12,3,1,DUPLICADO_EXACTO,2
00006220,2025,1,3,1,DUPLICADO_EXACTO,2
00006220,2026,6,2,1,DUPLICADO_EXACTO,1
00006220,2026,7,2,1,DUPLICADO_EXACTO,1
00006221,2019,8,3,1,DUPLICADO_EXACTO,2
00006221,2024,5,4,1,DUPLICADO_EXACTO,3
00006221,2024,12,3,1,DUPLICADO_EXACTO,2
00006221,2025,1,3,1,DUPLICADO_EXACTO,2
00006222,2019,6,2,1,DUPLICADO_EXACTO,1
00006224,2019,8,2,1,DUPLICADO_EXACTO,1
00006224,2020,1,2,1,DUPLICADO_EXACTO,1
00006225,2019,8,2,1,DUPLICADO_EXACTO,1
00006225,2024,5,4,1,DUPLICADO_EXACTO,3
00006225,2024,12,3,1,DUPLICADO_EXACTO,2
00006225,2026,6,2,1,DUPLICADO_EXACTO,1
00006225,2026,7,2,1,DUPLICADO_EXACTO,1
00006226,2026,7,2,1,DUPLICADO_EXACTO,1
00006227,2024,5,4,1,DUPLICADO_EXACTO,3
00006227,2024,12,3,1,DUPLICADO_EXACTO,2
00006227,2026,6,2,1,DUPLICADO_EXACTO,1
00006227,2026,7,2,1,DUPLICADO_EXACTO,1
00006228,2023,5,2,1,DUPLICADO_EXACTO,1
00006228,2026,3,2,1,DUPLICADO_EXACTO,1
00006230,2023,5,4,1,DUPLICADO_EXACTO,3
00006230,2023,8,3,1,DUPLICADO_EXACTO,2
00006230,2023,9,2,1,DUPLICADO_EXACTO,1
00006230,2024,3,2,1,DUPLICADO_EXACTO,1
00006230,2024,4,2,1,DUPLICADO_EXACTO,1
00006231,2023,7,2,1,DUPLICADO_EXACTO,1
00006233,2019,11,2,1,DUPLICADO_EXACTO,1
00006233,2023,8,3,1,DUPLICADO_EXACTO,2
00006233,2023,9,2,1,DUPLICADO_EXACTO,1
00006233,2024,3,2,1,DUPLICADO_EXACTO,1
00006233,2024,4,2,1,DUPLICADO_EXACTO,1
00006234,2026,4,2,1,DUPLICADO_EXACTO,1
00006235,2019,6,2,1,DUPLICADO_EXACTO,1
00006235,2019,11,2,1,DUPLICADO_EXACTO,1
00006235,2024,11,5,1,DUPLICADO_EXACTO,4
00006238,2018,8,2,1,DUPLICADO_EXACTO,1
00006238,2019,8,7,1,DUPLICADO_EXACTO,6
00006238,2023,5,3,1,DUPLICADO_EXACTO,2
00006238,2023,6,3,1,DUPLICADO_EXACTO,2
00006238,2023,7,4,1,DUPLICADO_EXACTO,3
00006238,2023,8,4,1,DUPLICADO_EXACTO,3
00006238,2023,10,2,1,DUPLICADO_EXACTO,1
00006238,2023,11,2,1,DUPLICADO_EXACTO,1
00006238,2024,2,2,1,DUPLICADO_EXACTO,1
00006238,2024,3,2,1,DUPLICADO_EXACTO,1
00006238,2024,4,2,1,DUPLICADO_EXACTO,1
00006238,2024,5,2,1,DUPLICADO_EXACTO,1
00006238,2025,7,2,1,DUPLICADO_EXACTO,1
00006238,2025,8,2,1,DUPLICADO_EXACTO,1
00006238,2025,9,4,1,DUPLICADO_EXACTO,3
00006238,2025,10,2,1,DUPLICADO_EXACTO,1
00006238,2025,11,2,1,DUPLICADO_EXACTO,1
00006238,2025,12,2,1,DUPLICADO_EXACTO,1
00006238,2026,1,2,1,DUPLICADO_EXACTO,1
00006238,2026,2,2,1,DUPLICADO_EXACTO,1
00006238,2026,3,2,1,DUPLICADO_EXACTO,1
00006238,2026,4,2,1,DUPLICADO_EXACTO,1
00006239,2024,11,2,1,DUPLICADO_EXACTO,1
00006239,2025,12,3,1,DUPLICADO_EXACTO,2
00006240,2024,11,2,1,DUPLICADO_EXACTO,1
00006240,2025,12,3,1,DUPLICADO_EXACTO,2
00006241,2026,2,4,1,DUPLICADO_EXACTO,3
00006241,2026,3,5,1,DUPLICADO_EXACTO,4
00006241,2026,7,2,1,DUPLICADO_EXACTO,1
00006242,2019,11,2,1,DUPLICADO_EXACTO,1
00006243,2019,9,2,1,DUPLICADO_EXACTO,1
00006244,2024,2,2,1,DUPLICADO_EXACTO,1
00006245,2024,11,2,1,DUPLICADO_EXACTO,1
00006245,2025,12,3,1,DUPLICADO_EXACTO,2
00006248,2026,2,3,1,DUPLICADO_EXACTO,2
00006248,2026,3,5,1,DUPLICADO_EXACTO,4
00006248,2026,7,2,1,DUPLICADO_EXACTO,1
00006249,2023,9,2,1,DUPLICADO_EXACTO,1
00006249,2024,5,2,1,DUPLICADO_EXACTO,1
00006249,2024,6,4,1,DUPLICADO_EXACTO,3
00006249,2024,7,2,1,DUPLICADO_EXACTO,1
00006249,2024,8,2,1,DUPLICADO_EXACTO,1
00006249,2024,9,3,1,DUPLICADO_EXACTO,2
00006249,2024,10,2,1,DUPLICADO_EXACTO,1
00006249,2024,11,2,1,DUPLICADO_EXACTO,1
00006249,2024,12,2,1,DUPLICADO_EXACTO,1
00006249,2025,1,2,1,DUPLICADO_EXACTO,1
00006249,2025,2,2,1,DUPLICADO_EXACTO,1
00006249,2025,3,2,1,DUPLICADO_EXACTO,1
00006249,2025,4,2,1,DUPLICADO_EXACTO,1
00006249,2025,5,2,1,DUPLICADO_EXACTO,1
00006249,2025,6,2,1,DUPLICADO_EXACTO,1
00006250,2019,6,2,1,DUPLICADO_EXACTO,1
00006250,2023,9,2,1,DUPLICADO_EXACTO,1
00006250,2024,5,2,1,DUPLICADO_EXACTO,1
00006250,2024,7,2,1,DUPLICADO_EXACTO,1
00006250,2024,8,2,1,DUPLICADO_EXACTO,1
00006250,2024,9,3,1,DUPLICADO_EXACTO,2
00006250,2024,11,2,1,DUPLICADO_EXACTO,1
00006250,2024,12,2,1,DUPLICADO_EXACTO,1
00006250,2025,1,2,1,DUPLICADO_EXACTO,1
00006250,2025,3,2,1,DUPLICADO_EXACTO,1
00006250,2025,4,2,1,DUPLICADO_EXACTO,1
00006250,2025,5,2,1,DUPLICADO_EXACTO,1
00006250,2025,6,2,1,DUPLICADO_EXACTO,1
00006251,2023,9,2,1,DUPLICADO_EXACTO,1
00006251,2024,5,2,1,DUPLICADO_EXACTO,1
00006251,2024,6,4,1,DUPLICADO_EXACTO,3
00006251,2024,7,2,1,DUPLICADO_EXACTO,1
00006251,2024,8,2,1,DUPLICADO_EXACTO,1
00006251,2024,9,3,1,DUPLICADO_EXACTO,2
00006251,2024,10,2,1,DUPLICADO_EXACTO,1
00006251,2024,11,2,1,DUPLICADO_EXACTO,1
00006251,2024,12,2,1,DUPLICADO_EXACTO,1
00006251,2025,1,2,1,DUPLICADO_EXACTO,1
00006251,2025,2,2,1,DUPLICADO_EXACTO,1
00006251,2025,3,2,1,DUPLICADO_EXACTO,1
00006251,2025,4,2,1,DUPLICADO_EXACTO,1
00006251,2025,5,2,1,DUPLICADO_EXACTO,1
00006251,2025,6,2,1,DUPLICADO_EXACTO,1
00006252,2023,9,2,1,DUPLICADO_EXACTO,1
00006252,2024,5,2,1,DUPLICADO_EXACTO,1
00006252,2024,6,4,1,DUPLICADO_EXACTO,3
00006252,2024,7,2,1,DUPLICADO_EXACTO,1
00006252,2024,8,2,1,DUPLICADO_EXACTO,1
00006252,2024,9,3,1,DUPLICADO_EXACTO,2
00006252,2024,10,2,1,DUPLICADO_EXACTO,1
00006252,2024,11,2,1,DUPLICADO_EXACTO,1
00006252,2024,12,2,1,DUPLICADO_EXACTO,1
00006252,2025,1,2,1,DUPLICADO_EXACTO,1
00006252,2025,2,2,1,DUPLICADO_EXACTO,1
00006252,2025,3,2,1,DUPLICADO_EXACTO,1
00006252,2025,4,2,1,DUPLICADO_EXACTO,1
00006252,2025,5,2,1,DUPLICADO_EXACTO,1
00006252,2025,6,2,1,DUPLICADO_EXACTO,1
00006253,2023,9,2,1,DUPLICADO_EXACTO,1
00006253,2024,5,2,1,DUPLICADO_EXACTO,1
00006253,2024,6,4,1,DUPLICADO_EXACTO,3
00006253,2024,7,2,1,DUPLICADO_EXACTO,1
00006253,2024,8,2,1,DUPLICADO_EXACTO,1
00006253,2024,9,3,1,DUPLICADO_EXACTO,2
00006253,2024,10,2,1,DUPLICADO_EXACTO,1
00006253,2024,11,2,1,DUPLICADO_EXACTO,1
00006253,2025,2,2,1,DUPLICADO_EXACTO,1
00006253,2025,3,2,1,DUPLICADO_EXACTO,1
00006253,2025,4,2,1,DUPLICADO_EXACTO,1
00006253,2025,5,2,1,DUPLICADO_EXACTO,1
00006253,2025,6,2,1,DUPLICADO_EXACTO,1
00006256,2024,4,2,1,DUPLICADO_EXACTO,1
00006256,2024,5,2,1,DUPLICADO_EXACTO,1
00006256,2024,12,2,1,DUPLICADO_EXACTO,1
00006256,2025,1,2,1,DUPLICADO_EXACTO,1
00006256,2025,2,2,1,DUPLICADO_EXACTO,1
00006256,2025,3,2,1,DUPLICADO_EXACTO,1
00006256,2025,4,2,1,DUPLICADO_EXACTO,1
00006256,2025,5,2,1,DUPLICADO_EXACTO,1
00006256,2025,6,2,1,DUPLICADO_EXACTO,1
00006256,2025,7,3,1,DUPLICADO_EXACTO,2
00006256,2025,8,2,1,DUPLICADO_EXACTO,1
00006256,2025,9,2,1,DUPLICADO_EXACTO,1
00006256,2025,10,2,1,DUPLICADO_EXACTO,1
00006256,2025,11,4,1,DUPLICADO_EXACTO,3
00006256,2025,12,3,1,DUPLICADO_EXACTO,2
00006256,2026,1,2,1,DUPLICADO_EXACTO,1
00006256,2026,7,2,1,DUPLICADO_EXACTO,1
00006257,2023,6,2,1,DUPLICADO_EXACTO,1
00006257,2024,3,2,1,DUPLICADO_EXACTO,1
00006257,2024,7,2,1,DUPLICADO_EXACTO,1
00006259,2023,5,3,1,DUPLICADO_EXACTO,2
00006259,2023,6,3,1,DUPLICADO_EXACTO,2
00006259,2023,7,4,1,DUPLICADO_EXACTO,3
00006259,2023,8,4,1,DUPLICADO_EXACTO,3
00006259,2023,10,2,1,DUPLICADO_EXACTO,1
00006259,2023,11,2,1,DUPLICADO_EXACTO,1
00006259,2024,2,2,1,DUPLICADO_EXACTO,1
00006259,2024,3,2,1,DUPLICADO_EXACTO,1
00006259,2024,4,2,1,DUPLICADO_EXACTO,1
00006259,2024,5,2,1,DUPLICADO_EXACTO,1
00006259,2025,3,2,1,DUPLICADO_EXACTO,1
00006259,2025,7,2,1,DUPLICADO_EXACTO,1
00006259,2025,8,2,1,DUPLICADO_EXACTO,1
00006259,2025,9,4,1,DUPLICADO_EXACTO,3
00006259,2025,10,2,1,DUPLICADO_EXACTO,1
00006259,2025,11,2,1,DUPLICADO_EXACTO,1
00006259,2025,12,2,1,DUPLICADO_EXACTO,1
00006259,2026,1,2,1,DUPLICADO_EXACTO,1
00006259,2026,2,2,1,DUPLICADO_EXACTO,1
00006259,2026,3,2,1,DUPLICADO_EXACTO,1
00006259,2026,4,2,1,DUPLICADO_EXACTO,1
00006260,2024,4,2,1,DUPLICADO_EXACTO,1
00006260,2024,12,2,1,DUPLICADO_EXACTO,1
00006260,2025,1,2,1,DUPLICADO_EXACTO,1
00006260,2025,2,2,1,DUPLICADO_EXACTO,1
00006260,2025,3,2,1,DUPLICADO_EXACTO,1
00006260,2025,4,2,1,DUPLICADO_EXACTO,1
00006260,2025,5,2,1,DUPLICADO_EXACTO,1
00006260,2025,6,2,1,DUPLICADO_EXACTO,1
00006260,2025,7,3,1,DUPLICADO_EXACTO,2
00006260,2025,8,2,1,DUPLICADO_EXACTO,1
00006260,2025,9,2,1,DUPLICADO_EXACTO,1
00006260,2025,10,2,1,DUPLICADO_EXACTO,1
00006260,2025,11,2,1,DUPLICADO_EXACTO,1
00006260,2025,12,3,1,DUPLICADO_EXACTO,2
00006260,2026,1,2,1,DUPLICADO_EXACTO,1
00006261,2024,5,2,1,DUPLICADO_EXACTO,1
00006261,2024,12,2,1,DUPLICADO_EXACTO,1
00006261,2025,1,2,1,DUPLICADO_EXACTO,1
00006261,2025,2,2,1,DUPLICADO_EXACTO,1
00006261,2025,3,2,1,DUPLICADO_EXACTO,1
00006261,2025,4,2,1,DUPLICADO_EXACTO,1
00006261,2025,5,2,1,DUPLICADO_EXACTO,1
00006261,2025,6,2,1,DUPLICADO_EXACTO,1
00006261,2025,7,3,1,DUPLICADO_EXACTO,2
00006261,2025,8,2,1,DUPLICADO_EXACTO,1
00006261,2025,9,2,1,DUPLICADO_EXACTO,1
00006261,2025,10,2,1,DUPLICADO_EXACTO,1
00006261,2025,11,4,1,DUPLICADO_EXACTO,3
00006261,2026,1,2,1,DUPLICADO_EXACTO,1
00006261,2026,7,2,1,DUPLICADO_EXACTO,1
00006262,2023,6,2,1,DUPLICADO_EXACTO,1
00006262,2024,3,2,1,DUPLICADO_EXACTO,1
00006262,2024,7,2,1,DUPLICADO_EXACTO,1
00006263,2024,1,2,1,DUPLICADO_EXACTO,1
00006263,2024,2,4,1,DUPLICADO_EXACTO,3
00006263,2024,5,2,1,DUPLICADO_EXACTO,1
00006263,2024,7,2,1,DUPLICADO_EXACTO,1
00006263,2024,9,2,1,DUPLICADO_EXACTO,1
00006263,2025,4,2,1,DUPLICADO_EXACTO,1
00006263,2025,12,2,1,DUPLICADO_EXACTO,1
00006263,2026,7,2,1,DUPLICADO_EXACTO,1
00006264,2024,1,2,1,DUPLICADO_EXACTO,1
00006264,2024,2,4,1,DUPLICADO_EXACTO,3
00006264,2024,4,2,1,DUPLICADO_EXACTO,1
00006264,2024,5,2,1,DUPLICADO_EXACTO,1
00006264,2024,7,2,1,DUPLICADO_EXACTO,1
00006264,2025,4,2,1,DUPLICADO_EXACTO,1
00006264,2025,12,2,1,DUPLICADO_EXACTO,1
00006264,2026,7,2,1,DUPLICADO_EXACTO,1
00006266,2024,2,4,1,DUPLICADO_EXACTO,3
00006266,2024,4,2,1,DUPLICADO_EXACTO,1
00006266,2024,5,2,1,DUPLICADO_EXACTO,1
00006266,2024,7,2,1,DUPLICADO_EXACTO,1
00006266,2024,9,2,1,DUPLICADO_EXACTO,1
00006266,2025,4,2,1,DUPLICADO_EXACTO,1
00006266,2025,12,2,1,DUPLICADO_EXACTO,1
00006267,2019,12,2,1,DUPLICADO_EXACTO,1
00006267,2024,1,2,1,DUPLICADO_EXACTO,1
00006267,2024,4,2,1,DUPLICADO_EXACTO,1
00006267,2024,5,2,1,DUPLICADO_EXACTO,1
00006267,2024,7,2,1,DUPLICADO_EXACTO,1
00006267,2024,9,2,1,DUPLICADO_EXACTO,1
00006267,2025,4,2,1,DUPLICADO_EXACTO,1
00006267,2025,12,2,1,DUPLICADO_EXACTO,1
00006267,2026,7,2,1,DUPLICADO_EXACTO,1
00006268,2023,6,2,1,DUPLICADO_EXACTO,1
00006268,2024,3,2,1,DUPLICADO_EXACTO,1
00006268,2024,7,2,1,DUPLICADO_EXACTO,1
00006299,2025,10,2,1,DUPLICADO_EXACTO,1
00006303,2022,3,3,1,DUPLICADO_EXACTO,2
00006303,2023,5,2,1,DUPLICADO_EXACTO,1
00006303,2024,8,2,1,DUPLICADO_EXACTO,1
00006304,2022,1,3,1,DUPLICADO_EXACTO,2
00006304,2023,5,2,1,DUPLICADO_EXACTO,1
00006304,2024,8,2,1,DUPLICADO_EXACTO,1
00006305,2022,6,3,1,DUPLICADO_EXACTO,2
00006305,2023,5,2,1,DUPLICADO_EXACTO,1
00006305,2024,8,2,1,DUPLICADO_EXACTO,1
00006306,2022,1,3,1,DUPLICADO_EXACTO,2
00006306,2022,6,3,1,DUPLICADO_EXACTO,2
00006306,2024,8,2,1,DUPLICADO_EXACTO,1
00006307,2022,1,3,1,DUPLICADO_EXACTO,2
00006307,2022,6,3,1,DUPLICADO_EXACTO,2
00006307,2024,8,2,1,DUPLICADO_EXACTO,1
00006308,2022,1,3,1,DUPLICADO_EXACTO,2
00006308,2022,3,3,1,DUPLICADO_EXACTO,2
00006308,2024,8,2,1,DUPLICADO_EXACTO,1
00006309,2022,1,3,1,DUPLICADO_EXACTO,2
00006309,2022,6,3,1,DUPLICADO_EXACTO,2
00006309,2024,8,2,1,DUPLICADO_EXACTO,1
00006310,2022,1,3,1,DUPLICADO_EXACTO,2
00006312,2022,6,2,1,DUPLICADO_EXACTO,1
00006312,2022,7,2,1,DUPLICADO_EXACTO,1
00006312,2022,9,2,1,DUPLICADO_EXACTO,1
00006312,2022,10,2,1,DUPLICADO_EXACTO,1
00006312,2024,1,2,1,DUPLICADO_EXACTO,1
00006312,2024,9,3,1,DUPLICADO_EXACTO,2
00006312,2025,7,2,1,DUPLICADO_EXACTO,1
00006312,2025,11,2,1,DUPLICADO_EXACTO,1
00006312,2026,2,2,1,DUPLICADO_EXACTO,1
00006313,2022,6,2,1,DUPLICADO_EXACTO,1
00006313,2022,9,2,1,DUPLICADO_EXACTO,1
00006313,2022,10,2,1,DUPLICADO_EXACTO,1
00006313,2023,6,3,1,DUPLICADO_EXACTO,2
00006313,2024,1,2,1,DUPLICADO_EXACTO,1
00006313,2024,9,3,1,DUPLICADO_EXACTO,2
00006313,2024,11,2,1,DUPLICADO_EXACTO,1
00006313,2025,7,2,1,DUPLICADO_EXACTO,1
00006314,2019,12,2,1,DUPLICADO_EXACTO,1
00006314,2022,6,2,1,DUPLICADO_EXACTO,1
00006314,2022,9,2,1,DUPLICADO_EXACTO,1
00006314,2022,10,2,1,DUPLICADO_EXACTO,1
00006314,2023,6,3,1,DUPLICADO_EXACTO,2
00006314,2024,1,2,1,DUPLICADO_EXACTO,1
00006314,2024,9,3,1,DUPLICADO_EXACTO,2
00006314,2024,11,2,1,DUPLICADO_EXACTO,1
00006314,2025,7,2,1,DUPLICADO_EXACTO,1
00006314,2025,11,2,1,DUPLICADO_EXACTO,1
00006314,2026,2,2,1,DUPLICADO_EXACTO,1
00006315,2022,6,2,1,DUPLICADO_EXACTO,1
00006315,2022,9,2,1,DUPLICADO_EXACTO,1
00006315,2022,10,2,1,DUPLICADO_EXACTO,1
00006315,2024,11,2,1,DUPLICADO_EXACTO,1
00006315,2025,7,2,1,DUPLICADO_EXACTO,1
00006315,2025,11,2,1,DUPLICADO_EXACTO,1
00006315,2026,2,2,1,DUPLICADO_EXACTO,1
00006316,2022,6,2,1,DUPLICADO_EXACTO,1
00006316,2023,6,3,1,DUPLICADO_EXACTO,2
00006316,2024,1,2,1,DUPLICADO_EXACTO,1
00006316,2024,9,3,1,DUPLICADO_EXACTO,2
00006316,2024,11,2,1,DUPLICADO_EXACTO,1
00006316,2025,7,2,1,DUPLICADO_EXACTO,1
00006316,2025,11,2,1,DUPLICADO_EXACTO,1
00006316,2026,2,2,1,DUPLICADO_EXACTO,1
00006317,2022,6,2,1,DUPLICADO_EXACTO,1
00006317,2023,6,3,1,DUPLICADO_EXACTO,2
00006317,2024,1,2,1,DUPLICADO_EXACTO,1
00006317,2024,9,3,1,DUPLICADO_EXACTO,2
00006317,2024,11,2,1,DUPLICADO_EXACTO,1
00006317,2025,7,2,1,DUPLICADO_EXACTO,1
00006317,2025,11,2,1,DUPLICADO_EXACTO,1
00006317,2026,2,2,1,DUPLICADO_EXACTO,1
00006322,2022,11,2,1,DUPLICADO_EXACTO,1
00006322,2023,3,2,1,DUPLICADO_EXACTO,1
00006326,2023,1,3,1,DUPLICADO_EXACTO,2
00006327,2019,11,3,1,DUPLICADO_EXACTO,2
00006327,2020,3,2,1,DUPLICADO_EXACTO,1
00006327,2020,12,2,1,DUPLICADO_EXACTO,1
00006327,2022,5,2,1,DUPLICADO_EXACTO,1
00006327,2023,7,2,1,DUPLICADO_EXACTO,1
00006327,2025,12,2,1,DUPLICADO_EXACTO,1
00006329,2019,11,2,1,DUPLICADO_EXACTO,1
00006329,2025,1,2,1,DUPLICADO_EXACTO,1
00006330,2025,1,2,1,DUPLICADO_EXACTO,1
00006331,2025,1,2,1,DUPLICADO_EXACTO,1
00006332,2020,3,2,1,DUPLICADO_EXACTO,1
00006332,2020,12,2,1,DUPLICADO_EXACTO,1
00006332,2022,8,2,1,DUPLICADO_EXACTO,1
00006332,2025,12,2,1,DUPLICADO_EXACTO,1
00006333,2020,3,2,1,DUPLICADO_EXACTO,1
00006333,2020,12,2,1,DUPLICADO_EXACTO,1
00006333,2022,5,2,1,DUPLICADO_EXACTO,1
00006333,2023,7,2,1,DUPLICADO_EXACTO,1
00006333,2025,12,2,1,DUPLICADO_EXACTO,1
00006334,2020,12,2,1,DUPLICADO_EXACTO,1
00006334,2022,5,2,1,DUPLICADO_EXACTO,1
00006334,2022,8,2,1,DUPLICADO_EXACTO,1
00006334,2023,7,2,1,DUPLICADO_EXACTO,1
00006335,2020,3,2,1,DUPLICADO_EXACTO,1
00006335,2020,12,2,1,DUPLICADO_EXACTO,1
00006335,2022,5,2,1,DUPLICADO_EXACTO,1
00006335,2023,7,2,1,DUPLICADO_EXACTO,1
00006336,2022,5,2,1,DUPLICADO_EXACTO,1
00006336,2023,7,2,1,DUPLICADO_EXACTO,1
00006336,2025,12,2,1,DUPLICADO_EXACTO,1
00006348,2022,12,3,1,DUPLICADO_EXACTO,2
00006348,2024,2,2,1,DUPLICADO_EXACTO,1
00006353,2020,2,2,1,DUPLICADO_EXACTO,1
00006354,2020,2,2,1,DUPLICADO_EXACTO,1
00006355,2020,2,2,1,DUPLICADO_EXACTO,1
00006357,2020,2,2,1,DUPLICADO_EXACTO,1
00006358,2020,2,2,1,DUPLICADO_EXACTO,1
00006362,2023,5,3,1,DUPLICADO_EXACTO,2
00006365,2020,1,2,1,DUPLICADO_EXACTO,1
00006365,2023,8,2,1,DUPLICADO_EXACTO,1
00006365,2023,11,2,1,DUPLICADO_EXACTO,1
00006366,2020,1,2,1,DUPLICADO_EXACTO,1
00006366,2023,11,2,1,DUPLICADO_EXACTO,1
00006367,2020,1,2,1,DUPLICADO_EXACTO,1
00006367,2023,8,2,1,DUPLICADO_EXACTO,1
00006367,2023,11,2,1,DUPLICADO_EXACTO,1
00006368,2020,1,2,1,DUPLICADO_EXACTO,1
00006368,2023,8,2,1,DUPLICADO_EXACTO,1
00006368,2023,11,2,1,DUPLICADO_EXACTO,1
00006369,2023,8,2,1,DUPLICADO_EXACTO,1
00006369,2023,11,2,1,DUPLICADO_EXACTO,1
00006372,2023,7,2,1,DUPLICADO_EXACTO,1
00006372,2023,11,2,1,DUPLICADO_EXACTO,1
00006372,2025,6,2,1,DUPLICADO_EXACTO,1
00006373,2023,5,3,1,DUPLICADO_EXACTO,2
00006374,2020,1,2,1,DUPLICADO_EXACTO,1
00006374,2023,1,2,1,DUPLICADO_EXACTO,1
00006375,2020,1,2,1,DUPLICADO_EXACTO,1
00006376,2025,1,2,1,DUPLICADO_EXACTO,1
00006376,2025,2,2,1,DUPLICADO_EXACTO,1
00006376,2025,3,2,1,DUPLICADO_EXACTO,1
00006376,2026,1,3,1,DUPLICADO_EXACTO,2
00006376,2026,4,2,1,DUPLICADO_EXACTO,1
00006377,2023,7,2,1,DUPLICADO_EXACTO,1
00006377,2023,11,2,1,DUPLICADO_EXACTO,1
00006377,2025,6,2,1,DUPLICADO_EXACTO,1
00006378,2023,7,2,1,DUPLICADO_EXACTO,1
00006378,2023,11,2,1,DUPLICADO_EXACTO,1
00006378,2025,6,2,1,DUPLICADO_EXACTO,1
00006379,2020,1,2,1,DUPLICADO_EXACTO,1
00006379,2023,1,2,1,DUPLICADO_EXACTO,1
00006382,2020,1,2,1,DUPLICADO_EXACTO,1
00006382,2023,1,2,1,DUPLICADO_EXACTO,1
00006383,2023,1,2,1,DUPLICADO_EXACTO,1
00006386,2020,2,2,1,DUPLICADO_EXACTO,1
00006387,2020,2,2,1,DUPLICADO_EXACTO,1
00006388,2020,2,2,1,DUPLICADO_EXACTO,1
00006389,2020,2,2,1,DUPLICADO_EXACTO,1
00006390,2020,2,2,1,DUPLICADO_EXACTO,1
00006391,2020,2,2,1,DUPLICADO_EXACTO,1
00006392,2020,2,2,1,DUPLICADO_EXACTO,1
00006393,2020,2,2,1,DUPLICADO_EXACTO,1
00006394,2020,2,2,1,DUPLICADO_EXACTO,1
00006396,2023,7,2,1,DUPLICADO_EXACTO,1
00006396,2023,11,2,1,DUPLICADO_EXACTO,1
00006396,2025,6,2,1,DUPLICADO_EXACTO,1
00006397,2023,7,2,1,DUPLICADO_EXACTO,1
00006397,2023,11,2,1,DUPLICADO_EXACTO,1
00006397,2025,6,2,1,DUPLICADO_EXACTO,1
00006398,2023,7,2,1,DUPLICADO_EXACTO,1
00006398,2023,11,2,1,DUPLICADO_EXACTO,1
00006398,2025,6,2,1,DUPLICADO_EXACTO,1
00006399,2025,6,2,1,DUPLICADO_EXACTO,1
00006400,2023,7,2,1,DUPLICADO_EXACTO,1
00006400,2023,11,2,1,DUPLICADO_EXACTO,1
00006400,2025,6,2,1,DUPLICADO_EXACTO,1
00006401,2023,7,2,1,DUPLICADO_EXACTO,1
00006401,2023,11,2,1,DUPLICADO_EXACTO,1
00006401,2025,6,2,1,DUPLICADO_EXACTO,1
00006402,2023,7,2,1,DUPLICADO_EXACTO,1
00006402,2023,11,2,1,DUPLICADO_EXACTO,1
00006402,2025,6,2,1,DUPLICADO_EXACTO,1
00006403,2023,7,2,1,DUPLICADO_EXACTO,1
00006403,2023,11,2,1,DUPLICADO_EXACTO,1
00006403,2025,6,2,1,DUPLICADO_EXACTO,1
00006404,2023,7,2,1,DUPLICADO_EXACTO,1
00006404,2023,11,2,1,DUPLICADO_EXACTO,1
00006404,2025,6,2,1,DUPLICADO_EXACTO,1
00006405,2023,7,2,1,DUPLICADO_EXACTO,1
00006405,2023,11,2,1,DUPLICADO_EXACTO,1
00006405,2025,6,2,1,DUPLICADO_EXACTO,1
00006406,2023,7,2,1,DUPLICADO_EXACTO,1
00006406,2023,11,2,1,DUPLICADO_EXACTO,1
00006406,2025,6,2,1,DUPLICADO_EXACTO,1
00006407,2023,2,3,1,DUPLICADO_EXACTO,2
00006409,2019,12,2,1,DUPLICADO_EXACTO,1
00006423,2023,1,2,1,DUPLICADO_EXACTO,1
00006423,2023,12,4,1,DUPLICADO_EXACTO,3
00006423,2024,4,3,1,DUPLICADO_EXACTO,2
00006423,2026,2,2,1,DUPLICADO_EXACTO,1
00006423,2026,3,2,1,DUPLICADO_EXACTO,1
00006424,2023,1,2,1,DUPLICADO_EXACTO,1
00006424,2023,8,3,1,DUPLICADO_EXACTO,2
00006424,2023,10,3,1,DUPLICADO_EXACTO,2
00006424,2023,12,4,1,DUPLICADO_EXACTO,3
00006424,2024,4,3,1,DUPLICADO_EXACTO,2
00006424,2026,2,2,1,DUPLICADO_EXACTO,1
00006424,2026,3,2,1,DUPLICADO_EXACTO,1
00006425,2023,8,3,1,DUPLICADO_EXACTO,2
00006425,2023,10,3,1,DUPLICADO_EXACTO,2
00006425,2023,12,4,1,DUPLICADO_EXACTO,3
00006426,2023,1,2,1,DUPLICADO_EXACTO,1
00006426,2023,8,3,1,DUPLICADO_EXACTO,2
00006426,2023,10,3,1,DUPLICADO_EXACTO,2
00006426,2023,12,4,1,DUPLICADO_EXACTO,3
00006426,2024,4,3,1,DUPLICADO_EXACTO,2
00006426,2026,2,2,1,DUPLICADO_EXACTO,1
00006426,2026,3,2,1,DUPLICADO_EXACTO,1
00006427,2019,12,2,1,DUPLICADO_EXACTO,1
00006427,2023,1,2,1,DUPLICADO_EXACTO,1
00006427,2023,8,3,1,DUPLICADO_EXACTO,2
00006427,2023,10,3,1,DUPLICADO_EXACTO,2
00006427,2024,4,3,1,DUPLICADO_EXACTO,2
00006427,2026,2,2,1,DUPLICADO_EXACTO,1
00006427,2026,3,2,1,DUPLICADO_EXACTO,1
00006428,2019,11,2,1,DUPLICADO_EXACTO,1
00006428,2023,1,2,1,DUPLICADO_EXACTO,1
00006428,2023,8,3,1,DUPLICADO_EXACTO,2
00006428,2023,10,3,1,DUPLICADO_EXACTO,2
00006428,2023,12,4,1,DUPLICADO_EXACTO,3
00006428,2024,4,3,1,DUPLICADO_EXACTO,2
00006428,2026,2,2,1,DUPLICADO_EXACTO,1
00006428,2026,3,2,1,DUPLICADO_EXACTO,1
00006429,2023,1,2,1,DUPLICADO_EXACTO,1
00006429,2023,8,3,1,DUPLICADO_EXACTO,2
00006429,2023,10,3,1,DUPLICADO_EXACTO,2
00006429,2023,12,4,1,DUPLICADO_EXACTO,3
00006429,2024,4,3,1,DUPLICADO_EXACTO,2
00006429,2026,2,2,1,DUPLICADO_EXACTO,1
00006429,2026,3,2,1,DUPLICADO_EXACTO,1
00006430,2023,1,2,1,DUPLICADO_EXACTO,1
00006430,2023,8,3,1,DUPLICADO_EXACTO,2
00006430,2023,10,3,1,DUPLICADO_EXACTO,2
00006430,2023,12,4,1,DUPLICADO_EXACTO,3
00006430,2024,4,3,1,DUPLICADO_EXACTO,2
00006430,2026,2,2,1,DUPLICADO_EXACTO,1
00006430,2026,3,2,1,DUPLICADO_EXACTO,1
00006431,2023,1,2,1,DUPLICADO_EXACTO,1
00006431,2023,12,2,1,DUPLICADO_EXACTO,1
00006432,2023,2,2,1,DUPLICADO_EXACTO,1
00006432,2023,3,2,1,DUPLICADO_EXACTO,1
00006432,2024,10,2,1,DUPLICADO_EXACTO,1
00006433,2023,2,2,1,DUPLICADO_EXACTO,1
00006433,2023,3,2,1,DUPLICADO_EXACTO,1
00006433,2024,10,2,1,DUPLICADO_EXACTO,1
00006433,2025,8,2,1,DUPLICADO_EXACTO,1
00006434,2023,2,2,1,DUPLICADO_EXACTO,1
00006434,2024,10,2,1,DUPLICADO_EXACTO,1
00006434,2025,8,2,1,DUPLICADO_EXACTO,1
00006435,2023,3,2,1,DUPLICADO_EXACTO,1
00006435,2024,10,2,1,DUPLICADO_EXACTO,1
00006435,2025,8,2,1,DUPLICADO_EXACTO,1
00006436,2023,2,2,1,DUPLICADO_EXACTO,1
00006436,2023,3,2,1,DUPLICADO_EXACTO,1
00006436,2024,10,2,1,DUPLICADO_EXACTO,1
00006436,2025,8,2,1,DUPLICADO_EXACTO,1
00006437,2023,1,2,1,DUPLICADO_EXACTO,1
00006437,2023,12,2,1,DUPLICADO_EXACTO,1
00006438,2023,1,2,1,DUPLICADO_EXACTO,1
00006438,2023,12,2,1,DUPLICADO_EXACTO,1
00006439,2023,1,2,1,DUPLICADO_EXACTO,1
00006439,2023,12,2,1,DUPLICADO_EXACTO,1
00006440,2023,12,2,1,DUPLICADO_EXACTO,1
00006441,2023,1,2,1,DUPLICADO_EXACTO,1
00006441,2023,12,2,1,DUPLICADO_EXACTO,1
00006443,2023,1,2,1,DUPLICADO_EXACTO,1
00006443,2023,12,2,1,DUPLICADO_EXACTO,1
00006444,2023,1,2,1,DUPLICADO_EXACTO,1
00006444,2023,12,2,1,DUPLICADO_EXACTO,1
00006445,2023,1,2,1,DUPLICADO_EXACTO,1
00006445,2023,12,2,1,DUPLICADO_EXACTO,1
00006446,2023,1,2,1,DUPLICADO_EXACTO,1
00006446,2023,12,2,1,DUPLICADO_EXACTO,1
00006447,2023,1,2,1,DUPLICADO_EXACTO,1
00006447,2023,12,2,1,DUPLICADO_EXACTO,1
00006448,2025,9,4,1,DUPLICADO_EXACTO,3
00006450,2023,2,2,1,DUPLICADO_EXACTO,1
00006450,2023,3,2,1,DUPLICADO_EXACTO,1
00006450,2024,10,2,1,DUPLICADO_EXACTO,1
00006450,2025,8,2,1,DUPLICADO_EXACTO,1
00006452,2025,9,4,1,DUPLICADO_EXACTO,3
00006453,2025,9,4,1,DUPLICADO_EXACTO,3
00006454,2025,9,4,1,DUPLICADO_EXACTO,3
00006455,2025,9,4,1,DUPLICADO_EXACTO,3
00006456,2025,9,4,1,DUPLICADO_EXACTO,3
00006458,2025,4,2,1,DUPLICADO_EXACTO,1
00006459,2025,4,2,1,DUPLICADO_EXACTO,1
00006460,2025,4,2,1,DUPLICADO_EXACTO,1
00006461,2025,4,2,1,DUPLICADO_EXACTO,1
00006462,2025,1,2,1,DUPLICADO_EXACTO,1
00006462,2025,2,2,1,DUPLICADO_EXACTO,1
00006462,2025,3,2,1,DUPLICADO_EXACTO,1
00006462,2026,1,3,1,DUPLICADO_EXACTO,2
00006462,2026,4,2,1,DUPLICADO_EXACTO,1
00006463,2025,1,2,1,DUPLICADO_EXACTO,1
00006463,2025,2,2,1,DUPLICADO_EXACTO,1
00006463,2025,3,2,1,DUPLICADO_EXACTO,1
00006463,2026,1,3,1,DUPLICADO_EXACTO,2
00006463,2026,4,2,1,DUPLICADO_EXACTO,1
00006464,2025,1,2,1,DUPLICADO_EXACTO,1
00006464,2025,2,2,1,DUPLICADO_EXACTO,1
00006464,2026,1,3,1,DUPLICADO_EXACTO,2
00006464,2026,4,2,1,DUPLICADO_EXACTO,1
00006465,2025,3,2,1,DUPLICADO_EXACTO,1
00006466,2025,1,2,1,DUPLICADO_EXACTO,1
00006466,2025,2,2,1,DUPLICADO_EXACTO,1
00006466,2025,3,2,1,DUPLICADO_EXACTO,1
00006466,2026,1,3,1,DUPLICADO_EXACTO,2
00006466,2026,4,2,1,DUPLICADO_EXACTO,1
00006467,2025,3,2,1,DUPLICADO_EXACTO,1
00006467,2026,1,2,1,DUPLICADO_EXACTO,1
00006468,2025,1,2,1,DUPLICADO_EXACTO,1
00006468,2025,2,2,1,DUPLICADO_EXACTO,1
00006468,2025,3,2,1,DUPLICADO_EXACTO,1
00006468,2026,1,3,1,DUPLICADO_EXACTO,2
00006468,2026,4,2,1,DUPLICADO_EXACTO,1
00006469,2025,1,2,1,DUPLICADO_EXACTO,1
00006469,2025,2,2,1,DUPLICADO_EXACTO,1
00006469,2025,3,2,1,DUPLICADO_EXACTO,1
00006469,2026,1,3,1,DUPLICADO_EXACTO,2
00006469,2026,4,2,1,DUPLICADO_EXACTO,1
00006470,2025,4,2,1,DUPLICADO_EXACTO,1
00006471,2025,4,2,1,DUPLICADO_EXACTO,1
00006472,2025,4,2,1,DUPLICADO_EXACTO,1
00006473,2025,4,2,1,DUPLICADO_EXACTO,1
00006474,2025,4,2,1,DUPLICADO_EXACTO,1
00006485,2020,2,2,1,DUPLICADO_EXACTO,1
00006485,2022,2,2,1,DUPLICADO_EXACTO,1
00006485,2025,2,2,1,DUPLICADO_EXACTO,1
00006485,2026,5,2,1,DUPLICADO_EXACTO,1
00006486,2020,2,2,1,DUPLICADO_EXACTO,1
00006486,2026,5,2,1,DUPLICADO_EXACTO,1
00006487,2020,2,2,1,DUPLICADO_EXACTO,1
00006489,2020,2,2,1,DUPLICADO_EXACTO,1
00006489,2025,2,2,1,DUPLICADO_EXACTO,1
00006489,2026,5,2,1,DUPLICADO_EXACTO,1
00006490,2020,2,2,1,DUPLICADO_EXACTO,1
00006490,2026,5,2,1,DUPLICADO_EXACTO,1
00006491,2025,2,2,1,DUPLICADO_EXACTO,1
00006491,2026,5,2,1,DUPLICADO_EXACTO,1
00006492,2020,1,2,1,DUPLICADO_EXACTO,1
00006492,2020,2,2,1,DUPLICADO_EXACTO,1
00006493,2020,1,2,1,DUPLICADO_EXACTO,1
00006493,2020,2,2,1,DUPLICADO_EXACTO,1
00006494,2020,1,2,1,DUPLICADO_EXACTO,1
00006494,2020,2,2,1,DUPLICADO_EXACTO,1
00006496,2023,2,3,1,DUPLICADO_EXACTO,2
00006497,2023,2,3,1,DUPLICADO_EXACTO,2
00006498,2023,2,3,1,DUPLICADO_EXACTO,2
00006499,2025,8,2,1,DUPLICADO_EXACTO,1
00006500,2023,2,3,1,DUPLICADO_EXACTO,2
00006501,2023,2,3,1,DUPLICADO_EXACTO,2
00006503,2020,1,2,1,DUPLICADO_EXACTO,1
00006503,2020,2,2,1,DUPLICADO_EXACTO,1
00006503,2020,3,2,1,DUPLICADO_EXACTO,1
00006503,2020,4,2,1,DUPLICADO_EXACTO,1
00006503,2020,12,2,1,DUPLICADO_EXACTO,1
00006503,2021,4,2,1,DUPLICADO_EXACTO,1
00006503,2021,12,3,1,DUPLICADO_EXACTO,2
00006503,2023,10,2,1,DUPLICADO_EXACTO,1
00006503,2025,2,2,1,DUPLICADO_EXACTO,1
00006504,2020,1,2,1,DUPLICADO_EXACTO,1
00006504,2020,2,2,1,DUPLICADO_EXACTO,1
00006504,2020,3,2,1,DUPLICADO_EXACTO,1
00006504,2020,4,2,1,DUPLICADO_EXACTO,1
00006504,2020,12,2,1,DUPLICADO_EXACTO,1
00006504,2021,12,3,1,DUPLICADO_EXACTO,2
00006504,2023,10,2,1,DUPLICADO_EXACTO,1
00006504,2024,3,2,1,DUPLICADO_EXACTO,1
00006505,2020,1,2,1,DUPLICADO_EXACTO,1
00006505,2020,2,2,1,DUPLICADO_EXACTO,1
00006505,2020,3,2,1,DUPLICADO_EXACTO,1
00006505,2020,4,2,1,DUPLICADO_EXACTO,1
00006505,2020,12,2,1,DUPLICADO_EXACTO,1
00006505,2021,4,2,1,DUPLICADO_EXACTO,1
00006505,2021,12,3,1,DUPLICADO_EXACTO,2
00006505,2023,10,2,1,DUPLICADO_EXACTO,1
00006505,2024,3,2,1,DUPLICADO_EXACTO,1
00006505,2025,2,2,1,DUPLICADO_EXACTO,1
00006506,2025,8,2,1,DUPLICADO_EXACTO,1
00006507,2025,8,2,1,DUPLICADO_EXACTO,1
00006508,2025,8,2,1,DUPLICADO_EXACTO,1
00006509,2025,8,2,1,DUPLICADO_EXACTO,1
00006511,2020,1,2,1,DUPLICADO_EXACTO,1
00006511,2020,2,2,1,DUPLICADO_EXACTO,1
00006511,2020,3,2,1,DUPLICADO_EXACTO,1
00006511,2020,4,2,1,DUPLICADO_EXACTO,1
00006511,2020,12,2,1,DUPLICADO_EXACTO,1
00006511,2021,4,2,1,DUPLICADO_EXACTO,1
00006511,2021,12,3,1,DUPLICADO_EXACTO,2
00006511,2023,10,2,1,DUPLICADO_EXACTO,1
00006511,2024,3,2,1,DUPLICADO_EXACTO,1
00006511,2025,2,2,1,DUPLICADO_EXACTO,1
00006512,2019,11,2,1,DUPLICADO_EXACTO,1
00006512,2020,1,2,1,DUPLICADO_EXACTO,1
00006512,2020,2,2,1,DUPLICADO_EXACTO,1
00006512,2020,3,2,1,DUPLICADO_EXACTO,1
00006512,2020,4,2,1,DUPLICADO_EXACTO,1
00006512,2020,12,2,1,DUPLICADO_EXACTO,1
00006512,2021,4,2,1,DUPLICADO_EXACTO,1
00006512,2021,12,3,1,DUPLICADO_EXACTO,2
00006512,2023,10,2,1,DUPLICADO_EXACTO,1
00006512,2024,3,2,1,DUPLICADO_EXACTO,1
00006512,2025,2,2,1,DUPLICADO_EXACTO,1
00006513,2020,1,2,1,DUPLICADO_EXACTO,1
00006513,2020,2,2,1,DUPLICADO_EXACTO,1
00006513,2020,3,2,1,DUPLICADO_EXACTO,1
00006513,2020,4,2,1,DUPLICADO_EXACTO,1
00006513,2020,12,2,1,DUPLICADO_EXACTO,1
00006513,2021,4,2,1,DUPLICADO_EXACTO,1
00006513,2021,12,3,1,DUPLICADO_EXACTO,2
00006513,2023,10,2,1,DUPLICADO_EXACTO,1
00006513,2024,3,2,1,DUPLICADO_EXACTO,1
00006513,2025,2,2,1,DUPLICADO_EXACTO,1
00006514,2020,2,2,1,DUPLICADO_EXACTO,1
00006514,2020,12,2,1,DUPLICADO_EXACTO,1
00006514,2021,4,2,1,DUPLICADO_EXACTO,1
00006514,2023,10,2,1,DUPLICADO_EXACTO,1
00006514,2024,3,2,1,DUPLICADO_EXACTO,1
00006514,2025,2,2,1,DUPLICADO_EXACTO,1
00006515,2020,1,2,1,DUPLICADO_EXACTO,1
00006515,2020,2,2,1,DUPLICADO_EXACTO,1
00006515,2020,3,2,1,DUPLICADO_EXACTO,1
00006515,2020,4,2,1,DUPLICADO_EXACTO,1
00006515,2020,12,2,1,DUPLICADO_EXACTO,1
00006515,2021,4,2,1,DUPLICADO_EXACTO,1
00006515,2021,12,3,1,DUPLICADO_EXACTO,2
00006515,2023,10,2,1,DUPLICADO_EXACTO,1
00006515,2024,3,2,1,DUPLICADO_EXACTO,1
00006516,2020,1,2,1,DUPLICADO_EXACTO,1
00006516,2020,2,2,1,DUPLICADO_EXACTO,1
00006516,2020,3,2,1,DUPLICADO_EXACTO,1
00006516,2020,4,2,1,DUPLICADO_EXACTO,1
00006516,2020,12,2,1,DUPLICADO_EXACTO,1
00006516,2021,4,2,1,DUPLICADO_EXACTO,1
00006516,2021,12,3,1,DUPLICADO_EXACTO,2
00006516,2023,10,2,1,DUPLICADO_EXACTO,1
00006516,2024,3,2,1,DUPLICADO_EXACTO,1
00006517,2020,1,2,1,DUPLICADO_EXACTO,1
00006517,2020,3,2,1,DUPLICADO_EXACTO,1
00006517,2020,4,2,1,DUPLICADO_EXACTO,1
00006517,2020,12,2,1,DUPLICADO_EXACTO,1
00006517,2021,4,2,1,DUPLICADO_EXACTO,1
00006517,2021,12,3,1,DUPLICADO_EXACTO,2
00006517,2023,10,2,1,DUPLICADO_EXACTO,1
00006517,2024,3,2,1,DUPLICADO_EXACTO,1
00006518,2020,1,2,1,DUPLICADO_EXACTO,1
00006518,2020,2,2,1,DUPLICADO_EXACTO,1
00006518,2020,3,2,1,DUPLICADO_EXACTO,1
00006518,2020,4,2,1,DUPLICADO_EXACTO,1
00006518,2020,12,2,1,DUPLICADO_EXACTO,1
00006518,2021,4,2,1,DUPLICADO_EXACTO,1
00006518,2021,12,3,1,DUPLICADO_EXACTO,2
00006518,2023,10,2,1,DUPLICADO_EXACTO,1
00006518,2024,3,2,1,DUPLICADO_EXACTO,1
00006519,2025,1,2,1,DUPLICADO_EXACTO,1
00006519,2026,4,2,1,DUPLICADO_EXACTO,1
00006520,2024,4,2,1,DUPLICADO_EXACTO,1
00006520,2025,12,3,1,DUPLICADO_EXACTO,2
00006520,2026,4,2,1,DUPLICADO_EXACTO,1
00006521,2024,4,2,1,DUPLICADO_EXACTO,1
00006521,2025,1,2,1,DUPLICADO_EXACTO,1
00006521,2025,12,3,1,DUPLICADO_EXACTO,2
00006521,2026,4,2,1,DUPLICADO_EXACTO,1
00006522,2024,4,2,1,DUPLICADO_EXACTO,1
00006522,2025,1,2,1,DUPLICADO_EXACTO,1
00006522,2025,12,3,1,DUPLICADO_EXACTO,2
00006522,2026,4,2,1,DUPLICADO_EXACTO,1
00006523,2024,4,2,1,DUPLICADO_EXACTO,1
00006523,2025,1,2,1,DUPLICADO_EXACTO,1
00006523,2025,12,3,1,DUPLICADO_EXACTO,2
00006523,2026,4,2,1,DUPLICADO_EXACTO,1
00006524,2020,4,2,1,DUPLICADO_EXACTO,1
00006524,2020,6,3,1,DUPLICADO_EXACTO,2
00006524,2021,7,3,1,DUPLICADO_EXACTO,2
00006524,2022,1,2,1,DUPLICADO_EXACTO,1
00006524,2023,8,4,1,DUPLICADO_EXACTO,3
00006524,2025,5,5,1,DUPLICADO_EXACTO,4
00006525,2020,2,3,1,DUPLICADO_EXACTO,2
00006525,2020,4,2,1,DUPLICADO_EXACTO,1
00006525,2020,6,3,1,DUPLICADO_EXACTO,2
00006525,2020,8,8,1,DUPLICADO_EXACTO,7
00006525,2021,7,4,1,DUPLICADO_EXACTO,3
00006525,2022,1,2,1,DUPLICADO_EXACTO,1
00006525,2023,7,12,1,DUPLICADO_EXACTO,11
00006526,2020,2,3,1,DUPLICADO_EXACTO,2
00006526,2020,4,2,1,DUPLICADO_EXACTO,1
00006526,2020,6,3,1,DUPLICADO_EXACTO,2
00006526,2020,8,8,1,DUPLICADO_EXACTO,7
00006526,2021,7,4,1,DUPLICADO_EXACTO,3
00006526,2022,1,2,1,DUPLICADO_EXACTO,1
00006526,2023,7,12,1,DUPLICADO_EXACTO,11
00006526,2023,8,4,1,DUPLICADO_EXACTO,3
00006526,2025,5,12,1,DUPLICADO_EXACTO,11
00006527,2023,8,4,1,DUPLICADO_EXACTO,3
00006527,2025,5,2,1,DUPLICADO_EXACTO,1
00006528,2020,2,3,1,DUPLICADO_EXACTO,2
00006528,2020,4,2,1,DUPLICADO_EXACTO,1
00006528,2020,6,3,1,DUPLICADO_EXACTO,2
00006528,2020,8,8,1,DUPLICADO_EXACTO,7
00006528,2021,7,4,1,DUPLICADO_EXACTO,3
00006528,2022,1,2,1,DUPLICADO_EXACTO,1
00006528,2023,7,12,1,DUPLICADO_EXACTO,11
00006528,2023,8,4,1,DUPLICADO_EXACTO,3
00006528,2025,5,12,1,DUPLICADO_EXACTO,11
00006529,2020,9,2,1,DUPLICADO_EXACTO,1
00006529,2020,12,2,1,DUPLICADO_EXACTO,1
00006529,2021,1,2,1,DUPLICADO_EXACTO,1
00006529,2021,2,2,1,DUPLICADO_EXACTO,1
00006529,2025,2,2,1,DUPLICADO_EXACTO,1
00006529,2026,5,2,1,DUPLICADO_EXACTO,1
00006530,2020,9,2,1,DUPLICADO_EXACTO,1
00006530,2020,12,2,1,DUPLICADO_EXACTO,1
00006530,2021,1,2,1,DUPLICADO_EXACTO,1
00006530,2021,2,2,1,DUPLICADO_EXACTO,1
00006530,2022,10,2,1,DUPLICADO_EXACTO,1
00006530,2025,2,2,1,DUPLICADO_EXACTO,1
00006530,2025,3,3,1,DUPLICADO_EXACTO,2
00006530,2026,5,2,1,DUPLICADO_EXACTO,1
00006531,2020,9,2,1,DUPLICADO_EXACTO,1
00006531,2020,12,2,1,DUPLICADO_EXACTO,1
00006531,2021,1,2,1,DUPLICADO_EXACTO,1
00006531,2021,2,2,1,DUPLICADO_EXACTO,1
00006531,2022,10,2,1,DUPLICADO_EXACTO,1
00006531,2025,2,2,1,DUPLICADO_EXACTO,1
00006531,2025,3,3,1,DUPLICADO_EXACTO,2
00006531,2026,5,2,1,DUPLICADO_EXACTO,1
00006532,2020,12,2,1,DUPLICADO_EXACTO,1
00006532,2021,1,2,1,DUPLICADO_EXACTO,1
00006532,2021,2,2,1,DUPLICADO_EXACTO,1
00006532,2022,10,2,1,DUPLICADO_EXACTO,1
00006532,2025,2,2,1,DUPLICADO_EXACTO,1
00006532,2025,3,3,1,DUPLICADO_EXACTO,2
00006532,2026,5,2,1,DUPLICADO_EXACTO,1
00006533,2020,9,2,1,DUPLICADO_EXACTO,1
00006533,2020,12,2,1,DUPLICADO_EXACTO,1
00006533,2021,1,2,1,DUPLICADO_EXACTO,1
00006533,2021,2,2,1,DUPLICADO_EXACTO,1
00006533,2022,10,2,1,DUPLICADO_EXACTO,1
00006533,2025,2,2,1,DUPLICADO_EXACTO,1
00006533,2025,3,3,1,DUPLICADO_EXACTO,2
00006533,2026,5,2,1,DUPLICADO_EXACTO,1
00006534,2020,9,2,1,DUPLICADO_EXACTO,1
00006534,2020,12,2,1,DUPLICADO_EXACTO,1
00006534,2021,1,2,1,DUPLICADO_EXACTO,1
00006534,2021,2,2,1,DUPLICADO_EXACTO,1
00006534,2022,10,2,1,DUPLICADO_EXACTO,1
00006534,2026,5,2,1,DUPLICADO_EXACTO,1
00006535,2020,9,2,1,DUPLICADO_EXACTO,1
00006535,2020,12,2,1,DUPLICADO_EXACTO,1
00006535,2021,1,2,1,DUPLICADO_EXACTO,1
00006535,2021,2,2,1,DUPLICADO_EXACTO,1
00006535,2022,10,2,1,DUPLICADO_EXACTO,1
00006535,2025,2,2,1,DUPLICADO_EXACTO,1
00006535,2025,3,3,1,DUPLICADO_EXACTO,2
00006535,2026,5,2,1,DUPLICADO_EXACTO,1
00006536,2020,9,2,1,DUPLICADO_EXACTO,1
00006536,2020,12,2,1,DUPLICADO_EXACTO,1
00006536,2021,1,2,1,DUPLICADO_EXACTO,1
00006536,2021,2,2,1,DUPLICADO_EXACTO,1
00006536,2022,10,2,1,DUPLICADO_EXACTO,1
00006536,2025,2,2,1,DUPLICADO_EXACTO,1
00006536,2025,3,3,1,DUPLICADO_EXACTO,2
00006536,2026,5,2,1,DUPLICADO_EXACTO,1
00006537,2020,9,2,1,DUPLICADO_EXACTO,1
00006537,2020,12,2,1,DUPLICADO_EXACTO,1
00006537,2021,1,2,1,DUPLICADO_EXACTO,1
00006537,2021,2,2,1,DUPLICADO_EXACTO,1
00006537,2022,10,2,1,DUPLICADO_EXACTO,1
00006537,2025,2,2,1,DUPLICADO_EXACTO,1
00006537,2025,3,3,1,DUPLICADO_EXACTO,2
00006537,2026,5,2,1,DUPLICADO_EXACTO,1
00006538,2020,9,2,1,DUPLICADO_EXACTO,1
00006538,2021,1,2,1,DUPLICADO_EXACTO,1
00006538,2022,10,2,1,DUPLICADO_EXACTO,1
00006538,2025,2,2,1,DUPLICADO_EXACTO,1
00006538,2025,3,3,1,DUPLICADO_EXACTO,2
00006538,2026,5,2,1,DUPLICADO_EXACTO,1
00006539,2020,9,2,1,DUPLICADO_EXACTO,1
00006539,2020,12,2,1,DUPLICADO_EXACTO,1
00006539,2021,2,2,1,DUPLICADO_EXACTO,1
00006539,2022,10,2,1,DUPLICADO_EXACTO,1
00006539,2025,2,2,1,DUPLICADO_EXACTO,1
00006539,2026,5,2,1,DUPLICADO_EXACTO,1
00006540,2020,9,2,1,DUPLICADO_EXACTO,1
00006540,2020,12,2,1,DUPLICADO_EXACTO,1
00006540,2021,1,2,1,DUPLICADO_EXACTO,1
00006540,2021,2,2,1,DUPLICADO_EXACTO,1
00006540,2022,10,2,1,DUPLICADO_EXACTO,1
00006540,2025,2,2,1,DUPLICADO_EXACTO,1
00006540,2026,5,2,1,DUPLICADO_EXACTO,1
00006541,2020,9,2,1,DUPLICADO_EXACTO,1
00006541,2020,12,2,1,DUPLICADO_EXACTO,1
00006541,2021,1,2,1,DUPLICADO_EXACTO,1
00006541,2021,2,2,1,DUPLICADO_EXACTO,1
00006541,2022,10,2,1,DUPLICADO_EXACTO,1
00006541,2025,2,2,1,DUPLICADO_EXACTO,1
00006541,2026,5,2,1,DUPLICADO_EXACTO,1
00006542,2022,4,2,1,DUPLICADO_EXACTO,1
00006543,2025,8,2,1,DUPLICADO_EXACTO,1
00006543,2026,5,2,1,DUPLICADO_EXACTO,1
00006544,2022,4,2,1,DUPLICADO_EXACTO,1
00006544,2025,8,2,1,DUPLICADO_EXACTO,1
00006544,2026,5,2,1,DUPLICADO_EXACTO,1
00006545,2022,4,2,1,DUPLICADO_EXACTO,1
00006545,2025,8,2,1,DUPLICADO_EXACTO,1
00006545,2026,5,2,1,DUPLICADO_EXACTO,1
00006546,2020,1,2,1,DUPLICADO_EXACTO,1
00006546,2020,2,2,1,DUPLICADO_EXACTO,1
00006546,2020,3,2,1,DUPLICADO_EXACTO,1
00006546,2020,4,2,1,DUPLICADO_EXACTO,1
00006546,2020,12,2,1,DUPLICADO_EXACTO,1
00006546,2021,4,2,1,DUPLICADO_EXACTO,1
00006546,2021,12,3,1,DUPLICADO_EXACTO,2
00006546,2023,10,2,1,DUPLICADO_EXACTO,1
00006546,2024,3,2,1,DUPLICADO_EXACTO,1
00006546,2025,2,2,1,DUPLICADO_EXACTO,1
00006549,2020,8,2,1,DUPLICADO_EXACTO,1
00006549,2020,10,2,1,DUPLICADO_EXACTO,1
00006549,2025,6,2,1,DUPLICADO_EXACTO,1
00006550,2020,8,2,1,DUPLICADO_EXACTO,1
00006550,2020,10,2,1,DUPLICADO_EXACTO,1
00006550,2025,6,2,1,DUPLICADO_EXACTO,1
00006551,2020,8,2,1,DUPLICADO_EXACTO,1
00006551,2020,10,2,1,DUPLICADO_EXACTO,1
00006551,2025,6,2,1,DUPLICADO_EXACTO,1
00006552,2020,8,2,1,DUPLICADO_EXACTO,1
00006552,2020,10,2,1,DUPLICADO_EXACTO,1
00006552,2025,6,2,1,DUPLICADO_EXACTO,1
00006553,2020,8,2,1,DUPLICADO_EXACTO,1
00006553,2020,10,2,1,DUPLICADO_EXACTO,1
00006553,2025,6,2,1,DUPLICADO_EXACTO,1
00006554,2020,8,2,1,DUPLICADO_EXACTO,1
00006554,2020,10,2,1,DUPLICADO_EXACTO,1
00006554,2025,6,2,1,DUPLICADO_EXACTO,1
00006555,2020,8,2,1,DUPLICADO_EXACTO,1
00006555,2020,10,2,1,DUPLICADO_EXACTO,1
00006555,2025,6,2,1,DUPLICADO_EXACTO,1
00006556,2020,8,2,1,DUPLICADO_EXACTO,1
00006556,2020,10,2,1,DUPLICADO_EXACTO,1
00006556,2025,6,2,1,DUPLICADO_EXACTO,1
00006557,2019,12,2,1,DUPLICADO_EXACTO,1
00006557,2020,8,2,1,DUPLICADO_EXACTO,1
00006557,2020,10,2,1,DUPLICADO_EXACTO,1
00006558,2020,8,2,1,DUPLICADO_EXACTO,1
00006558,2020,10,2,1,DUPLICADO_EXACTO,1
00006558,2025,6,2,1,DUPLICADO_EXACTO,1
00006559,2019,12,3,1,DUPLICADO_EXACTO,2
00006559,2020,8,2,1,DUPLICADO_EXACTO,1
00006559,2020,10,2,1,DUPLICADO_EXACTO,1
00006559,2025,6,2,1,DUPLICADO_EXACTO,1
00006560,2020,8,2,1,DUPLICADO_EXACTO,1
00006560,2020,10,2,1,DUPLICADO_EXACTO,1
00006560,2025,6,2,1,DUPLICADO_EXACTO,1
00006561,2025,6,2,1,DUPLICADO_EXACTO,1
00006562,2020,2,2,1,DUPLICADO_EXACTO,1
00006562,2020,4,2,1,DUPLICADO_EXACTO,1
00006562,2021,4,2,1,DUPLICADO_EXACTO,1
00006562,2021,12,3,1,DUPLICADO_EXACTO,2
00006562,2024,3,2,1,DUPLICADO_EXACTO,1
00006562,2025,2,2,1,DUPLICADO_EXACTO,1
00006563,2024,3,2,1,DUPLICADO_EXACTO,1
00006563,2024,6,3,1,DUPLICADO_EXACTO,2
00006563,2024,8,2,1,DUPLICADO_EXACTO,1
00006564,2021,3,3,1,DUPLICADO_EXACTO,2
00006564,2022,9,10,1,DUPLICADO_EXACTO,9
00006564,2024,3,2,1,DUPLICADO_EXACTO,1
00006564,2024,4,3,1,DUPLICADO_EXACTO,2
00006564,2024,6,3,1,DUPLICADO_EXACTO,2
00006564,2024,8,2,1,DUPLICADO_EXACTO,1
00006564,2025,4,4,1,DUPLICADO_EXACTO,3
00006565,2021,3,3,1,DUPLICADO_EXACTO,2
00006565,2022,9,10,1,DUPLICADO_EXACTO,9
00006565,2024,3,2,1,DUPLICADO_EXACTO,1
00006565,2024,4,3,1,DUPLICADO_EXACTO,2
00006565,2024,6,3,1,DUPLICADO_EXACTO,2
00006565,2024,8,2,1,DUPLICADO_EXACTO,1
00006565,2025,4,4,1,DUPLICADO_EXACTO,3
00006566,2021,3,3,1,DUPLICADO_EXACTO,2
00006566,2022,9,10,1,DUPLICADO_EXACTO,9
00006566,2024,4,2,1,DUPLICADO_EXACTO,1
00006567,2025,9,3,1,DUPLICADO_EXACTO,2
00006567,2025,10,3,1,DUPLICADO_EXACTO,2
00006567,2026,3,2,1,DUPLICADO_EXACTO,1
00006567,2026,5,5,1,DUPLICADO_EXACTO,4
00006567,2026,6,3,1,DUPLICADO_EXACTO,2
00006568,2023,8,2,1,DUPLICADO_EXACTO,1
00006568,2025,9,3,1,DUPLICADO_EXACTO,2
00006568,2025,10,3,1,DUPLICADO_EXACTO,2
00006568,2026,3,2,1,DUPLICADO_EXACTO,1
00006568,2026,5,5,1,DUPLICADO_EXACTO,4
00006568,2026,6,3,1,DUPLICADO_EXACTO,2
00006569,2023,8,2,1,DUPLICADO_EXACTO,1
00006569,2025,9,3,1,DUPLICADO_EXACTO,2
00006569,2025,10,3,1,DUPLICADO_EXACTO,2
00006569,2026,3,2,1,DUPLICADO_EXACTO,1
00006569,2026,5,5,1,DUPLICADO_EXACTO,4
00006569,2026,6,3,1,DUPLICADO_EXACTO,2
00006570,2023,8,2,1,DUPLICADO_EXACTO,1
00006570,2025,9,3,1,DUPLICADO_EXACTO,2
00006570,2025,10,3,1,DUPLICADO_EXACTO,2
00006570,2026,3,2,1,DUPLICADO_EXACTO,1
00006570,2026,5,5,1,DUPLICADO_EXACTO,4
00006570,2026,6,3,1,DUPLICADO_EXACTO,2
00006571,2023,8,2,1,DUPLICADO_EXACTO,1
00006571,2025,9,3,1,DUPLICADO_EXACTO,2
00006571,2025,10,3,1,DUPLICADO_EXACTO,2
00006571,2026,3,2,1,DUPLICADO_EXACTO,1
00006571,2026,5,5,1,DUPLICADO_EXACTO,4
00006571,2026,6,3,1,DUPLICADO_EXACTO,2
00006572,2023,8,2,1,DUPLICADO_EXACTO,1
00006573,2023,8,2,1,DUPLICADO_EXACTO,1
00006573,2025,9,3,1,DUPLICADO_EXACTO,2
00006573,2025,10,3,1,DUPLICADO_EXACTO,2
00006573,2026,3,2,1,DUPLICADO_EXACTO,1
00006573,2026,5,5,1,DUPLICADO_EXACTO,4
00006573,2026,6,3,1,DUPLICADO_EXACTO,2
00006574,2023,8,2,1,DUPLICADO_EXACTO,1
00006574,2025,9,3,1,DUPLICADO_EXACTO,2
00006574,2025,10,3,1,DUPLICADO_EXACTO,2
00006574,2026,3,2,1,DUPLICADO_EXACTO,1
00006574,2026,6,3,1,DUPLICADO_EXACTO,2
00006575,2024,10,2,1,DUPLICADO_EXACTO,1
00006575,2026,5,2,1,DUPLICADO_EXACTO,1
00006575,2026,6,2,1,DUPLICADO_EXACTO,1
00006576,2020,2,2,1,DUPLICADO_EXACTO,1
00006576,2024,10,2,1,DUPLICADO_EXACTO,1
00006576,2026,5,2,1,DUPLICADO_EXACTO,1
00006576,2026,6,2,1,DUPLICADO_EXACTO,1
00006577,2020,2,2,1,DUPLICADO_EXACTO,1
00006577,2024,10,2,1,DUPLICADO_EXACTO,1
00006577,2026,5,2,1,DUPLICADO_EXACTO,1
00006577,2026,6,2,1,DUPLICADO_EXACTO,1
00006578,2026,5,2,1,DUPLICADO_EXACTO,1
00006578,2026,6,2,1,DUPLICADO_EXACTO,1
00006579,2020,2,2,1,DUPLICADO_EXACTO,1
00006579,2026,6,2,1,DUPLICADO_EXACTO,1
00006605,2020,2,2,1,DUPLICADO_EXACTO,1
00006605,2020,3,3,1,DUPLICADO_EXACTO,2
00006605,2020,4,7,1,DUPLICADO_EXACTO,6
00006605,2020,5,3,1,DUPLICADO_EXACTO,2
00006605,2020,6,2,1,DUPLICADO_EXACTO,1
00006605,2020,9,3,1,DUPLICADO_EXACTO,2
00006605,2020,10,3,1,DUPLICADO_EXACTO,2
00006605,2020,11,2,1,DUPLICADO_EXACTO,1
00006605,2021,5,3,1,DUPLICADO_EXACTO,2
00006605,2022,6,2,1,DUPLICADO_EXACTO,1
00006605,2023,10,4,1,DUPLICADO_EXACTO,3
00006605,2026,6,2,1,DUPLICADO_EXACTO,1
00006606,2020,2,2,1,DUPLICADO_EXACTO,1
00006606,2020,3,3,1,DUPLICADO_EXACTO,2
00006606,2020,4,7,1,DUPLICADO_EXACTO,6
00006606,2020,5,3,1,DUPLICADO_EXACTO,2
00006606,2020,6,2,1,DUPLICADO_EXACTO,1
00006606,2020,9,3,1,DUPLICADO_EXACTO,2
00006606,2020,10,3,1,DUPLICADO_EXACTO,2
00006606,2020,11,2,1,DUPLICADO_EXACTO,1
00006606,2021,5,3,1,DUPLICADO_EXACTO,2
00006606,2022,6,2,1,DUPLICADO_EXACTO,1
00006606,2024,5,2,1,DUPLICADO_EXACTO,1
00006606,2026,6,2,1,DUPLICADO_EXACTO,1
00006607,2020,1,5,1,DUPLICADO_EXACTO,4
00006607,2020,8,4,1,DUPLICADO_EXACTO,3
00006607,2024,11,2,1,DUPLICADO_EXACTO,1
00006607,2024,12,2,1,DUPLICADO_EXACTO,1
00006607,2025,10,2,1,DUPLICADO_EXACTO,1
00006607,2026,7,2,1,DUPLICADO_EXACTO,1
00006609,2020,2,2,1,DUPLICADO_EXACTO,1
00006609,2020,3,3,1,DUPLICADO_EXACTO,2
00006609,2020,4,7,1,DUPLICADO_EXACTO,6
00006609,2020,5,3,1,DUPLICADO_EXACTO,2
00006609,2020,9,3,1,DUPLICADO_EXACTO,2
00006609,2020,10,3,1,DUPLICADO_EXACTO,2
00006609,2020,11,2,1,DUPLICADO_EXACTO,1
00006609,2022,6,2,1,DUPLICADO_EXACTO,1
00006609,2026,6,2,1,DUPLICADO_EXACTO,1
00006611,2020,2,2,1,DUPLICADO_EXACTO,1
00006611,2020,3,3,1,DUPLICADO_EXACTO,2
00006611,2020,4,7,1,DUPLICADO_EXACTO,6
00006611,2020,5,3,1,DUPLICADO_EXACTO,2
00006611,2020,6,2,1,DUPLICADO_EXACTO,1
00006611,2020,9,3,1,DUPLICADO_EXACTO,2
00006611,2020,10,3,1,DUPLICADO_EXACTO,2
00006611,2020,11,2,1,DUPLICADO_EXACTO,1
00006611,2021,5,3,1,DUPLICADO_EXACTO,2
00006611,2022,6,2,1,DUPLICADO_EXACTO,1
00006611,2023,10,4,1,DUPLICADO_EXACTO,3
00006611,2024,5,2,1,DUPLICADO_EXACTO,1
00006611,2026,6,2,1,DUPLICADO_EXACTO,1
00006612,2020,2,2,1,DUPLICADO_EXACTO,1
00006612,2020,3,3,1,DUPLICADO_EXACTO,2
00006612,2020,4,7,1,DUPLICADO_EXACTO,6
00006612,2020,5,3,1,DUPLICADO_EXACTO,2
00006612,2020,6,2,1,DUPLICADO_EXACTO,1
00006612,2020,9,3,1,DUPLICADO_EXACTO,2
00006612,2020,10,3,1,DUPLICADO_EXACTO,2
00006612,2020,11,2,1,DUPLICADO_EXACTO,1
00006612,2021,5,3,1,DUPLICADO_EXACTO,2
00006612,2022,6,2,1,DUPLICADO_EXACTO,1
00006612,2023,10,4,1,DUPLICADO_EXACTO,3
00006612,2024,5,2,1,DUPLICADO_EXACTO,1
00006612,2026,6,2,1,DUPLICADO_EXACTO,1
00006613,2020,2,2,1,DUPLICADO_EXACTO,1
00006613,2020,3,3,1,DUPLICADO_EXACTO,2
00006613,2020,4,7,1,DUPLICADO_EXACTO,6
00006613,2020,5,3,1,DUPLICADO_EXACTO,2
00006613,2020,6,2,1,DUPLICADO_EXACTO,1
00006613,2020,9,3,1,DUPLICADO_EXACTO,2
00006613,2020,10,3,1,DUPLICADO_EXACTO,2
00006613,2020,11,2,1,DUPLICADO_EXACTO,1
00006613,2021,5,3,1,DUPLICADO_EXACTO,2
00006613,2022,6,2,1,DUPLICADO_EXACTO,1
00006613,2023,10,4,1,DUPLICADO_EXACTO,3
00006613,2024,5,2,1,DUPLICADO_EXACTO,1
00006613,2026,6,2,1,DUPLICADO_EXACTO,1
00006614,2020,2,2,1,DUPLICADO_EXACTO,1
00006614,2020,3,3,1,DUPLICADO_EXACTO,2
00006614,2020,4,7,1,DUPLICADO_EXACTO,6
00006614,2020,5,3,1,DUPLICADO_EXACTO,2
00006614,2020,6,2,1,DUPLICADO_EXACTO,1
00006614,2020,9,3,1,DUPLICADO_EXACTO,2
00006614,2020,10,3,1,DUPLICADO_EXACTO,2
00006614,2020,11,2,1,DUPLICADO_EXACTO,1
00006614,2021,5,3,1,DUPLICADO_EXACTO,2
00006614,2022,6,2,1,DUPLICADO_EXACTO,1
00006614,2023,10,4,1,DUPLICADO_EXACTO,3
00006614,2024,5,2,1,DUPLICADO_EXACTO,1
00006614,2026,6,2,1,DUPLICADO_EXACTO,1
00006628,2023,12,2,1,DUPLICADO_EXACTO,1
00006628,2024,2,2,1,DUPLICADO_EXACTO,1
00006628,2025,5,2,1,DUPLICADO_EXACTO,1
00006628,2025,8,2,1,DUPLICADO_EXACTO,1
00006628,2025,9,2,1,DUPLICADO_EXACTO,1
00006628,2025,10,3,1,DUPLICADO_EXACTO,2
00006628,2025,11,2,1,DUPLICADO_EXACTO,1
00006629,2023,12,2,1,DUPLICADO_EXACTO,1
00006629,2024,2,2,1,DUPLICADO_EXACTO,1
00006629,2024,5,3,1,DUPLICADO_EXACTO,2
00006629,2024,6,2,1,DUPLICADO_EXACTO,1
00006629,2024,9,2,1,DUPLICADO_EXACTO,1
00006629,2024,10,2,1,DUPLICADO_EXACTO,1
00006629,2024,12,2,1,DUPLICADO_EXACTO,1
00006629,2025,4,2,1,DUPLICADO_EXACTO,1
00006629,2025,5,2,1,DUPLICADO_EXACTO,1
00006629,2025,8,2,1,DUPLICADO_EXACTO,1
00006629,2025,9,2,1,DUPLICADO_EXACTO,1
00006629,2025,10,3,1,DUPLICADO_EXACTO,2
00006629,2025,11,2,1,DUPLICADO_EXACTO,1
00006630,2024,5,3,1,DUPLICADO_EXACTO,2
00006630,2024,12,2,1,DUPLICADO_EXACTO,1
00006630,2025,5,2,1,DUPLICADO_EXACTO,1
00006630,2025,9,2,1,DUPLICADO_EXACTO,1
00006630,2025,10,3,1,DUPLICADO_EXACTO,2
00006630,2025,11,2,1,DUPLICADO_EXACTO,1
00006635,2019,1,3,1,DUPLICADO_EXACTO,2
00006635,2020,2,2,1,DUPLICADO_EXACTO,1
00006635,2021,11,3,1,DUPLICADO_EXACTO,2
00006635,2023,10,2,1,DUPLICADO_EXACTO,1
00006635,2024,4,3,1,DUPLICADO_EXACTO,2
00006635,2025,8,2,1,DUPLICADO_EXACTO,1
00006635,2026,1,2,1,DUPLICADO_EXACTO,1
00006635,2026,4,2,1,DUPLICADO_EXACTO,1
00006635,2026,5,2,1,DUPLICADO_EXACTO,1
00006635,2026,7,2,1,DUPLICADO_EXACTO,1
00006636,2021,11,3,1,DUPLICADO_EXACTO,2
00006636,2023,10,2,1,DUPLICADO_EXACTO,1
00006636,2024,4,3,1,DUPLICADO_EXACTO,2
00006636,2026,4,2,1,DUPLICADO_EXACTO,1
00006636,2026,7,2,1,DUPLICADO_EXACTO,1
00006637,2019,11,2,1,DUPLICADO_EXACTO,1
00006640,2019,8,2,1,DUPLICADO_EXACTO,1
00006640,2026,1,2,1,DUPLICADO_EXACTO,1
00006640,2026,2,2,1,DUPLICADO_EXACTO,1
00006640,2026,3,2,1,DUPLICADO_EXACTO,1
00006646,2019,8,2,1,DUPLICADO_EXACTO,1
00006646,2026,1,2,1,DUPLICADO_EXACTO,1
00006646,2026,2,2,1,DUPLICADO_EXACTO,1
00006646,2026,3,2,1,DUPLICADO_EXACTO,1
00006649,2019,5,2,1,DUPLICADO_EXACTO,1
00006650,2025,5,2,1,DUPLICADO_EXACTO,1
00006667,2024,6,2,1,DUPLICADO_EXACTO,1
00006667,2025,8,2,1,DUPLICADO_EXACTO,1
00006667,2026,2,2,1,DUPLICADO_EXACTO,1
00006668,2024,6,2,1,DUPLICADO_EXACTO,1
00006669,2023,10,2,1,DUPLICADO_EXACTO,1
00006674,2019,11,2,1,DUPLICADO_EXACTO,1
00006674,2020,1,3,1,DUPLICADO_EXACTO,2
00006674,2020,4,2,1,DUPLICADO_EXACTO,1
00006674,2020,5,7,1,DUPLICADO_EXACTO,6
00006674,2020,6,4,1,DUPLICADO_EXACTO,3
00006683,2025,1,2,1,DUPLICADO_EXACTO,1
00006707,2022,6,2,1,DUPLICADO_EXACTO,1
00006707,2023,6,3,1,DUPLICADO_EXACTO,2
00006707,2024,1,2,1,DUPLICADO_EXACTO,1
00006707,2024,9,3,1,DUPLICADO_EXACTO,2
00006707,2024,11,2,1,DUPLICADO_EXACTO,1
00006707,2025,7,2,1,DUPLICADO_EXACTO,1
00006707,2025,11,2,1,DUPLICADO_EXACTO,1
00006707,2026,2,2,1,DUPLICADO_EXACTO,1
00006711,2022,2,2,1,DUPLICADO_EXACTO,1
00006712,2021,7,2,1,DUPLICADO_EXACTO,1
00006712,2021,8,2,1,DUPLICADO_EXACTO,1
00006714,2021,3,3,1,DUPLICADO_EXACTO,2
00006714,2022,9,10,1,DUPLICADO_EXACTO,9
00006714,2024,3,2,1,DUPLICADO_EXACTO,1
00006714,2024,4,3,1,DUPLICADO_EXACTO,2
00006714,2024,6,3,1,DUPLICADO_EXACTO,2
00006714,2024,8,2,1,DUPLICADO_EXACTO,1
00006714,2025,4,4,1,DUPLICADO_EXACTO,3
00006715,2020,2,2,1,DUPLICADO_EXACTO,1
00006715,2024,10,2,1,DUPLICADO_EXACTO,1
00006715,2026,5,2,1,DUPLICADO_EXACTO,1
00006716,2024,9,2,1,DUPLICADO_EXACTO,1
00006716,2025,9,2,1,DUPLICADO_EXACTO,1
00006724,2020,2,2,1,DUPLICADO_EXACTO,1
00006736,2020,3,2,1,DUPLICADO_EXACTO,1
00006736,2021,2,2,1,DUPLICADO_EXACTO,1
00006736,2025,9,5,1,DUPLICADO_EXACTO,4
00006737,2020,6,2,1,DUPLICADO_EXACTO,1
00006737,2020,8,2,1,DUPLICADO_EXACTO,1
00006737,2020,9,3,1,DUPLICADO_EXACTO,2
00006737,2020,10,2,1,DUPLICADO_EXACTO,1
00006737,2020,11,2,1,DUPLICADO_EXACTO,1
00006737,2020,12,2,1,DUPLICADO_EXACTO,1
00006737,2021,1,2,1,DUPLICADO_EXACTO,1
00006737,2021,2,3,1,DUPLICADO_EXACTO,2
00006737,2021,5,2,1,DUPLICADO_EXACTO,1
00006737,2021,10,2,1,DUPLICADO_EXACTO,1
00006737,2022,1,2,1,DUPLICADO_EXACTO,1
00006737,2022,5,2,1,DUPLICADO_EXACTO,1
00006737,2022,7,3,1,DUPLICADO_EXACTO,2
00006737,2023,1,2,1,DUPLICADO_EXACTO,1
00006737,2024,4,2,1,DUPLICADO_EXACTO,1
00006737,2024,10,2,1,DUPLICADO_EXACTO,1
00006737,2025,1,2,1,DUPLICADO_EXACTO,1
00006737,2025,2,2,1,DUPLICADO_EXACTO,1
00006737,2025,3,2,1,DUPLICADO_EXACTO,1
00006737,2025,4,2,1,DUPLICADO_EXACTO,1
00006737,2025,7,3,1,DUPLICADO_EXACTO,2
00006737,2025,9,2,1,DUPLICADO_EXACTO,1
00006737,2025,10,2,1,DUPLICADO_EXACTO,1
00006737,2025,11,2,1,DUPLICADO_EXACTO,1
00006737,2025,12,2,1,DUPLICADO_EXACTO,1
00006737,2026,1,2,1,DUPLICADO_EXACTO,1
00006737,2026,2,2,1,DUPLICADO_EXACTO,1
00006737,2026,4,2,1,DUPLICADO_EXACTO,1
00006737,2026,5,2,1,DUPLICADO_EXACTO,1
00006737,2026,7,2,1,DUPLICADO_EXACTO,1
00006738,2020,1,2,1,DUPLICADO_EXACTO,1
00006738,2020,2,2,1,DUPLICADO_EXACTO,1
00006738,2021,9,2,1,DUPLICADO_EXACTO,1
00006738,2022,12,3,1,DUPLICADO_EXACTO,2
00006738,2023,7,2,1,DUPLICADO_EXACTO,1
00006742,2025,10,3,1,DUPLICADO_EXACTO,2
00006745,2020,2,2,1,DUPLICADO_EXACTO,1
00006745,2020,4,4,1,DUPLICADO_EXACTO,3
00006745,2020,5,2,1,DUPLICADO_EXACTO,1
00006745,2021,2,2,1,DUPLICADO_EXACTO,1
00006745,2021,3,2,1,DUPLICADO_EXACTO,1
00006745,2021,4,2,1,DUPLICADO_EXACTO,1
00006745,2021,11,2,1,DUPLICADO_EXACTO,1
00006745,2021,12,3,1,DUPLICADO_EXACTO,2
00006745,2022,1,2,1,DUPLICADO_EXACTO,1
00006745,2022,3,2,1,DUPLICADO_EXACTO,1
00006745,2022,5,2,1,DUPLICADO_EXACTO,1
00006745,2022,7,2,1,DUPLICADO_EXACTO,1
00006745,2023,5,2,1,DUPLICADO_EXACTO,1
00006745,2024,7,3,1,DUPLICADO_EXACTO,2
00006745,2024,11,2,1,DUPLICADO_EXACTO,1
00006745,2024,12,3,1,DUPLICADO_EXACTO,2
00006745,2025,2,2,1,DUPLICADO_EXACTO,1
00006745,2025,4,2,1,DUPLICADO_EXACTO,1
00006745,2026,1,2,1,DUPLICADO_EXACTO,1
00006745,2026,3,2,1,DUPLICADO_EXACTO,1
00006745,2026,5,3,1,DUPLICADO_EXACTO,2
00006746,2021,2,2,1,DUPLICADO_EXACTO,1
00006746,2021,8,2,1,DUPLICADO_EXACTO,1
00006746,2023,3,3,1,DUPLICADO_EXACTO,2
00006747,2020,2,2,1,DUPLICADO_EXACTO,1
00006747,2020,3,3,1,DUPLICADO_EXACTO,2
00006747,2020,5,2,1,DUPLICADO_EXACTO,1
00006747,2020,12,2,1,DUPLICADO_EXACTO,1
00006748,2021,2,2,1,DUPLICADO_EXACTO,1
00006748,2021,8,2,1,DUPLICADO_EXACTO,1
00006748,2023,3,3,1,DUPLICADO_EXACTO,2
00006753,2020,1,10,1,DUPLICADO_EXACTO,9
00006753,2020,6,2,1,DUPLICADO_EXACTO,1
00006753,2022,7,3,1,DUPLICADO_EXACTO,2
00006753,2022,9,2,1,DUPLICADO_EXACTO,1
00006753,2022,11,2,1,DUPLICADO_EXACTO,1
00006753,2022,12,4,1,DUPLICADO_EXACTO,3
00006753,2024,1,2,1,DUPLICADO_EXACTO,1
00006753,2026,4,2,1,DUPLICADO_EXACTO,1
00006756,2020,1,2,1,DUPLICADO_EXACTO,1
00006756,2020,2,2,1,DUPLICADO_EXACTO,1
00006756,2020,3,2,1,DUPLICADO_EXACTO,1
00006756,2020,4,4,1,DUPLICADO_EXACTO,3
00006756,2020,5,2,1,DUPLICADO_EXACTO,1
00006756,2020,6,2,1,DUPLICADO_EXACTO,1
00006756,2020,7,3,1,DUPLICADO_EXACTO,2
00006756,2020,8,2,1,DUPLICADO_EXACTO,1
00006756,2020,9,2,1,DUPLICADO_EXACTO,1
00006756,2020,10,2,1,DUPLICADO_EXACTO,1
00006756,2020,11,2,1,DUPLICADO_EXACTO,1
00006756,2020,12,3,1,DUPLICADO_EXACTO,2
00006756,2021,1,2,1,DUPLICADO_EXACTO,1
00006756,2021,2,2,1,DUPLICADO_EXACTO,1
00006756,2021,3,2,1,DUPLICADO_EXACTO,1
00006756,2021,7,4,1,DUPLICADO_EXACTO,3
00006756,2021,9,2,1,DUPLICADO_EXACTO,1
00006756,2021,10,3,1,DUPLICADO_EXACTO,2
00006756,2022,1,2,1,DUPLICADO_EXACTO,1
00006756,2022,2,3,1,DUPLICADO_EXACTO,2
00006756,2022,3,3,1,DUPLICADO_EXACTO,2
00006756,2022,4,4,1,DUPLICADO_EXACTO,3
00006756,2022,5,2,1,DUPLICADO_EXACTO,1
00006756,2022,7,2,1,DUPLICADO_EXACTO,1
00006756,2022,8,3,1,DUPLICADO_EXACTO,2
00006756,2022,10,2,1,DUPLICADO_EXACTO,1
00006756,2022,11,2,1,DUPLICADO_EXACTO,1
00006756,2022,12,2,1,DUPLICADO_EXACTO,1
00006756,2023,1,2,1,DUPLICADO_EXACTO,1
00006756,2023,2,2,1,DUPLICADO_EXACTO,1
00006756,2023,3,2,1,DUPLICADO_EXACTO,1
00006756,2023,4,2,1,DUPLICADO_EXACTO,1
00006756,2023,5,2,1,DUPLICADO_EXACTO,1
00006756,2023,7,2,1,DUPLICADO_EXACTO,1
00006756,2023,8,2,1,DUPLICADO_EXACTO,1
00006756,2023,10,2,1,DUPLICADO_EXACTO,1
00006756,2025,10,3,1,DUPLICADO_EXACTO,2
00006757,2020,7,2,1,DUPLICADO_EXACTO,1
00006757,2020,9,4,1,DUPLICADO_EXACTO,3
00006757,2020,10,3,1,DUPLICADO_EXACTO,2
00006757,2021,1,2,1,DUPLICADO_EXACTO,1
00006757,2021,8,4,1,DUPLICADO_EXACTO,3
00006757,2023,4,2,1,DUPLICADO_EXACTO,1
00006757,2026,4,2,1,DUPLICADO_EXACTO,1
00006757,2026,5,2,1,DUPLICADO_EXACTO,1
00006758,2020,10,3,1,DUPLICADO_EXACTO,2
00006758,2021,1,2,1,DUPLICADO_EXACTO,1
00006758,2021,3,2,1,DUPLICADO_EXACTO,1
00006758,2021,8,4,1,DUPLICADO_EXACTO,3
00006758,2023,4,2,1,DUPLICADO_EXACTO,1
00006758,2024,2,2,1,DUPLICADO_EXACTO,1
00006758,2025,3,3,1,DUPLICADO_EXACTO,2
00006759,2019,12,2,1,DUPLICADO_EXACTO,1
00006759,2020,1,2,1,DUPLICADO_EXACTO,1
00006759,2020,2,2,1,DUPLICADO_EXACTO,1
00006759,2020,3,2,1,DUPLICADO_EXACTO,1
00006759,2020,5,2,1,DUPLICADO_EXACTO,1
00006759,2020,6,2,1,DUPLICADO_EXACTO,1
00006759,2020,8,2,1,DUPLICADO_EXACTO,1
00006759,2020,9,2,1,DUPLICADO_EXACTO,1
00006759,2020,10,2,1,DUPLICADO_EXACTO,1
00006759,2020,11,2,1,DUPLICADO_EXACTO,1
00006759,2020,12,3,1,DUPLICADO_EXACTO,2
00006759,2021,1,2,1,DUPLICADO_EXACTO,1
00006759,2021,2,2,1,DUPLICADO_EXACTO,1
00006759,2021,3,2,1,DUPLICADO_EXACTO,1
00006759,2021,7,4,1,DUPLICADO_EXACTO,3
00006759,2021,9,2,1,DUPLICADO_EXACTO,1
00006759,2021,10,3,1,DUPLICADO_EXACTO,2
00006759,2022,1,2,1,DUPLICADO_EXACTO,1
00006759,2022,2,3,1,DUPLICADO_EXACTO,2
00006759,2022,3,3,1,DUPLICADO_EXACTO,2
00006759,2022,4,4,1,DUPLICADO_EXACTO,3
00006759,2022,5,2,1,DUPLICADO_EXACTO,1
00006759,2022,7,2,1,DUPLICADO_EXACTO,1
00006759,2022,8,3,1,DUPLICADO_EXACTO,2
00006759,2022,10,2,1,DUPLICADO_EXACTO,1
00006759,2022,11,2,1,DUPLICADO_EXACTO,1
00006759,2022,12,2,1,DUPLICADO_EXACTO,1
00006759,2023,1,2,1,DUPLICADO_EXACTO,1
00006759,2023,2,2,1,DUPLICADO_EXACTO,1
00006759,2023,3,2,1,DUPLICADO_EXACTO,1
00006759,2023,4,2,1,DUPLICADO_EXACTO,1
00006759,2023,5,2,1,DUPLICADO_EXACTO,1
00006759,2023,7,2,1,DUPLICADO_EXACTO,1
00006759,2023,9,2,1,DUPLICADO_EXACTO,1
00006759,2023,10,2,1,DUPLICADO_EXACTO,1
00006759,2025,10,3,1,DUPLICADO_EXACTO,2
00006766,2022,5,2,1,DUPLICADO_EXACTO,1
00006768,2024,2,2,1,DUPLICADO_EXACTO,1
00006770,2023,6,2,1,DUPLICADO_EXACTO,1
00006770,2023,7,4,1,DUPLICADO_EXACTO,3
00006770,2023,9,2,1,DUPLICADO_EXACTO,1
00006770,2024,6,2,1,DUPLICADO_EXACTO,1
00006771,2023,6,2,1,DUPLICADO_EXACTO,1
00006771,2023,7,4,1,DUPLICADO_EXACTO,3
00006771,2023,9,2,1,DUPLICADO_EXACTO,1
00006771,2024,6,2,1,DUPLICADO_EXACTO,1
00006772,2023,6,2,1,DUPLICADO_EXACTO,1
00006772,2023,7,4,1,DUPLICADO_EXACTO,3
00006772,2023,9,2,1,DUPLICADO_EXACTO,1
00006772,2024,6,2,1,DUPLICADO_EXACTO,1
00006773,2023,2,2,1,DUPLICADO_EXACTO,1
00006774,2024,1,2,1,DUPLICADO_EXACTO,1
00006775,2023,7,2,1,DUPLICADO_EXACTO,1
00006775,2024,1,2,1,DUPLICADO_EXACTO,1
00006783,2021,3,3,1,DUPLICADO_EXACTO,2
00006783,2022,9,10,1,DUPLICADO_EXACTO,9
00006783,2024,3,2,1,DUPLICADO_EXACTO,1
00006783,2024,4,3,1,DUPLICADO_EXACTO,2
00006783,2024,6,3,1,DUPLICADO_EXACTO,2
00006783,2025,4,4,1,DUPLICADO_EXACTO,3
00006784,2023,7,2,1,DUPLICADO_EXACTO,1
00006784,2023,11,2,1,DUPLICADO_EXACTO,1
00006784,2025,6,2,1,DUPLICADO_EXACTO,1
00006785,2020,1,2,1,DUPLICADO_EXACTO,1
00006785,2020,2,2,1,DUPLICADO_EXACTO,1
00006785,2020,3,2,1,DUPLICADO_EXACTO,1
00006785,2020,4,2,1,DUPLICADO_EXACTO,1
00006785,2020,12,2,1,DUPLICADO_EXACTO,1
00006785,2021,4,2,1,DUPLICADO_EXACTO,1
00006785,2021,12,3,1,DUPLICADO_EXACTO,2
00006785,2023,10,2,1,DUPLICADO_EXACTO,1
00006785,2024,3,2,1,DUPLICADO_EXACTO,1
00006785,2025,2,2,1,DUPLICADO_EXACTO,1
00006787,2019,12,2,1,DUPLICADO_EXACTO,1
00006787,2026,1,5,1,DUPLICADO_EXACTO,4
00006787,2026,2,2,1,DUPLICADO_EXACTO,1
00006788,2026,1,5,1,DUPLICADO_EXACTO,4
00006788,2026,2,2,1,DUPLICADO_EXACTO,1
00006792,2020,3,2,1,DUPLICADO_EXACTO,1
00006792,2021,2,2,1,DUPLICADO_EXACTO,1
00006792,2025,9,5,1,DUPLICADO_EXACTO,4
00006802,2022,4,2,1,DUPLICADO_EXACTO,1
00006809,2020,1,4,1,DUPLICADO_EXACTO,3
00006809,2020,2,2,1,DUPLICADO_EXACTO,1
00006809,2020,3,2,1,DUPLICADO_EXACTO,1
00006809,2020,4,2,1,DUPLICADO_EXACTO,1
00006809,2020,5,2,1,DUPLICADO_EXACTO,1
00006809,2020,7,5,1,DUPLICADO_EXACTO,4
00006809,2021,8,2,1,DUPLICADO_EXACTO,1
00006809,2022,7,2,1,DUPLICADO_EXACTO,1
00006809,2023,6,2,1,DUPLICADO_EXACTO,1
00006809,2023,7,2,1,DUPLICADO_EXACTO,1
00006809,2023,8,2,1,DUPLICADO_EXACTO,1
00006809,2023,9,2,1,DUPLICADO_EXACTO,1
00006809,2023,10,2,1,DUPLICADO_EXACTO,1
00006809,2023,11,3,1,DUPLICADO_EXACTO,2
00006809,2023,12,2,1,DUPLICADO_EXACTO,1
00006809,2024,3,2,1,DUPLICADO_EXACTO,1
00006809,2024,4,2,1,DUPLICADO_EXACTO,1
00006809,2024,5,2,1,DUPLICADO_EXACTO,1
00006809,2024,6,2,1,DUPLICADO_EXACTO,1
00006810,2023,7,2,1,DUPLICADO_EXACTO,1
00006810,2023,11,2,1,DUPLICADO_EXACTO,1
00006812,2024,12,4,1,DUPLICADO_EXACTO,3
00006817,2019,11,2,1,DUPLICADO_EXACTO,1
00006817,2025,9,3,1,DUPLICADO_EXACTO,2
00006820,2025,12,2,1,DUPLICADO_EXACTO,1
00006829,2022,7,2,1,DUPLICADO_EXACTO,1
00006830,2022,7,2,1,DUPLICADO_EXACTO,1
00006831,2026,1,5,1,DUPLICADO_EXACTO,4
00006831,2026,2,2,1,DUPLICADO_EXACTO,1
00006835,2022,7,2,1,DUPLICADO_EXACTO,1
00006836,2020,2,2,1,DUPLICADO_EXACTO,1
00006836,2023,8,2,1,DUPLICADO_EXACTO,1
00006836,2026,1,3,1,DUPLICADO_EXACTO,2
00006837,2026,1,5,1,DUPLICADO_EXACTO,4
00006837,2026,2,2,1,DUPLICADO_EXACTO,1
00006838,2020,3,2,1,DUPLICADO_EXACTO,1
00006838,2021,2,2,1,DUPLICADO_EXACTO,1
00006838,2025,9,5,1,DUPLICADO_EXACTO,4
00006843,2024,12,4,1,DUPLICADO_EXACTO,3
00006850,2019,4,2,1,DUPLICADO_EXACTO,1
00006851,2022,9,2,1,DUPLICADO_EXACTO,1
00006852,2026,1,5,1,DUPLICADO_EXACTO,4
00006852,2026,2,2,1,DUPLICADO_EXACTO,1
00006853,2020,2,2,1,DUPLICADO_EXACTO,1
00006853,2022,8,2,1,DUPLICADO_EXACTO,1
00006854,2019,12,2,1,DUPLICADO_EXACTO,1
00006854,2026,1,5,1,DUPLICADO_EXACTO,4
00006854,2026,2,2,1,DUPLICADO_EXACTO,1
00006856,2019,12,2,1,DUPLICADO_EXACTO,1
00006857,2026,1,5,1,DUPLICADO_EXACTO,4
00006857,2026,2,2,1,DUPLICADO_EXACTO,1
00006861,2022,4,2,1,DUPLICADO_EXACTO,1
00006862,2022,4,2,1,DUPLICADO_EXACTO,1
00006862,2024,2,2,1,DUPLICADO_EXACTO,1
00006862,2024,3,2,1,DUPLICADO_EXACTO,1
00006863,2022,4,2,1,DUPLICADO_EXACTO,1
00006863,2024,2,2,1,DUPLICADO_EXACTO,1
00006863,2024,3,2,1,DUPLICADO_EXACTO,1
00006864,2019,11,2,1,DUPLICADO_EXACTO,1
00006864,2022,4,2,1,DUPLICADO_EXACTO,1
00006866,2020,2,2,1,DUPLICADO_EXACTO,1
00006866,2022,8,2,1,DUPLICADO_EXACTO,1
00006867,2023,8,2,1,DUPLICADO_EXACTO,1
00006867,2026,1,3,1,DUPLICADO_EXACTO,2
00006868,2019,7,2,1,DUPLICADO_EXACTO,1
00006870,2020,2,2,1,DUPLICADO_EXACTO,1
00006870,2022,8,2,1,DUPLICADO_EXACTO,1
00006871,2024,7,2,1,DUPLICADO_EXACTO,1
00006871,2024,12,2,1,DUPLICADO_EXACTO,1
00006871,2025,1,3,1,DUPLICADO_EXACTO,2
00006871,2025,6,2,1,DUPLICADO_EXACTO,1
00006874,2021,10,3,1,DUPLICADO_EXACTO,2
00006874,2024,7,3,1,DUPLICADO_EXACTO,2
00006874,2024,8,4,1,DUPLICADO_EXACTO,3
00006876,2021,4,2,1,DUPLICADO_EXACTO,1
00006876,2021,8,3,1,DUPLICADO_EXACTO,2
00006876,2021,11,2,1,DUPLICADO_EXACTO,1
00006876,2022,3,3,1,DUPLICADO_EXACTO,2
00006876,2022,4,2,1,DUPLICADO_EXACTO,1
00006876,2022,8,3,1,DUPLICADO_EXACTO,2
00006876,2022,11,2,1,DUPLICADO_EXACTO,1
00006876,2023,1,2,1,DUPLICADO_EXACTO,1
00006876,2023,3,2,1,DUPLICADO_EXACTO,1
00006876,2023,7,3,1,DUPLICADO_EXACTO,2
00006876,2023,9,2,1,DUPLICADO_EXACTO,1
00006876,2024,4,2,1,DUPLICADO_EXACTO,1
00006876,2024,5,2,1,DUPLICADO_EXACTO,1
00006876,2024,6,3,1,DUPLICADO_EXACTO,2
00006876,2024,11,2,1,DUPLICADO_EXACTO,1
00006876,2024,12,2,1,DUPLICADO_EXACTO,1
00006876,2025,10,2,1,DUPLICADO_EXACTO,1
00006877,2021,12,2,1,DUPLICADO_EXACTO,1
00006877,2022,5,2,1,DUPLICADO_EXACTO,1
00006877,2024,2,2,1,DUPLICADO_EXACTO,1
00006877,2024,7,2,1,DUPLICADO_EXACTO,1
00006877,2025,1,3,1,DUPLICADO_EXACTO,2
00006877,2025,2,2,1,DUPLICADO_EXACTO,1
00006877,2025,3,2,1,DUPLICADO_EXACTO,1
00006877,2026,2,2,1,DUPLICADO_EXACTO,1
00006877,2026,5,2,1,DUPLICADO_EXACTO,1
00006878,2019,9,2,1,DUPLICADO_EXACTO,1
00006878,2019,12,6,1,DUPLICADO_EXACTO,5
00006878,2020,4,4,1,DUPLICADO_EXACTO,3
00006878,2020,5,2,1,DUPLICADO_EXACTO,1
00006878,2020,6,6,1,DUPLICADO_EXACTO,5
00006878,2020,8,4,1,DUPLICADO_EXACTO,3
00006878,2021,1,2,1,DUPLICADO_EXACTO,1
00006878,2021,3,2,1,DUPLICADO_EXACTO,1
00006878,2021,4,8,1,DUPLICADO_EXACTO,7
00006878,2021,5,2,1,DUPLICADO_EXACTO,1
00006878,2021,6,3,1,DUPLICADO_EXACTO,2
00006878,2021,7,2,1,DUPLICADO_EXACTO,1
00006878,2021,8,2,1,DUPLICADO_EXACTO,1
00006878,2021,9,2,1,DUPLICADO_EXACTO,1
00006878,2021,10,2,1,DUPLICADO_EXACTO,1
00006878,2022,4,3,1,DUPLICADO_EXACTO,2
00006878,2022,5,3,1,DUPLICADO_EXACTO,2
00006878,2022,8,3,1,DUPLICADO_EXACTO,2
00006878,2022,10,4,1,DUPLICADO_EXACTO,3
00006878,2023,1,2,1,DUPLICADO_EXACTO,1
00006878,2023,2,4,1,DUPLICADO_EXACTO,3
00006878,2023,3,2,1,DUPLICADO_EXACTO,1
00006878,2023,4,2,1,DUPLICADO_EXACTO,1
00006878,2023,5,2,1,DUPLICADO_EXACTO,1
00006878,2023,6,2,1,DUPLICADO_EXACTO,1
00006878,2023,8,2,1,DUPLICADO_EXACTO,1
00006878,2023,9,2,1,DUPLICADO_EXACTO,1
00006878,2023,10,2,1,DUPLICADO_EXACTO,1
00006878,2023,11,2,1,DUPLICADO_EXACTO,1
00006878,2024,5,2,1,DUPLICADO_EXACTO,1
00006878,2024,6,2,1,DUPLICADO_EXACTO,1
00006878,2024,8,2,1,DUPLICADO_EXACTO,1
00006878,2024,9,2,1,DUPLICADO_EXACTO,1
00006878,2024,11,4,1,DUPLICADO_EXACTO,3
00006878,2025,1,2,1,DUPLICADO_EXACTO,1
00006878,2025,12,2,1,DUPLICADO_EXACTO,1
00006878,2026,1,2,1,DUPLICADO_EXACTO,1
00006879,2020,4,4,1,DUPLICADO_EXACTO,3
00006879,2020,5,2,1,DUPLICADO_EXACTO,1
00006879,2020,6,6,1,DUPLICADO_EXACTO,5
00006879,2020,8,4,1,DUPLICADO_EXACTO,3
00006879,2021,1,2,1,DUPLICADO_EXACTO,1
00006879,2021,3,2,1,DUPLICADO_EXACTO,1
00006879,2021,5,2,1,DUPLICADO_EXACTO,1
00006879,2021,6,3,1,DUPLICADO_EXACTO,2
00006879,2021,7,2,1,DUPLICADO_EXACTO,1
00006879,2021,8,2,1,DUPLICADO_EXACTO,1
00006879,2021,9,2,1,DUPLICADO_EXACTO,1
00006879,2021,10,2,1,DUPLICADO_EXACTO,1
00006879,2022,4,3,1,DUPLICADO_EXACTO,2
00006879,2022,5,3,1,DUPLICADO_EXACTO,2
00006879,2022,8,3,1,DUPLICADO_EXACTO,2
00006879,2022,10,4,1,DUPLICADO_EXACTO,3
00006879,2023,1,2,1,DUPLICADO_EXACTO,1
00006879,2023,2,4,1,DUPLICADO_EXACTO,3
00006879,2023,3,2,1,DUPLICADO_EXACTO,1
00006879,2023,4,2,1,DUPLICADO_EXACTO,1
00006879,2023,5,2,1,DUPLICADO_EXACTO,1
00006879,2023,9,2,1,DUPLICADO_EXACTO,1
00006879,2023,10,2,1,DUPLICADO_EXACTO,1
00006879,2023,11,2,1,DUPLICADO_EXACTO,1
00006879,2023,12,2,1,DUPLICADO_EXACTO,1
00006879,2024,1,2,1,DUPLICADO_EXACTO,1
00006879,2024,5,2,1,DUPLICADO_EXACTO,1
00006879,2024,6,2,1,DUPLICADO_EXACTO,1
00006879,2024,8,2,1,DUPLICADO_EXACTO,1
00006879,2024,9,2,1,DUPLICADO_EXACTO,1
00006879,2024,11,4,1,DUPLICADO_EXACTO,3
00006879,2025,1,2,1,DUPLICADO_EXACTO,1
00006879,2025,12,2,1,DUPLICADO_EXACTO,1
00006879,2026,1,2,1,DUPLICADO_EXACTO,1
00006880,2021,6,2,1,DUPLICADO_EXACTO,1
00006880,2022,3,4,1,DUPLICADO_EXACTO,3
00006880,2023,5,2,1,DUPLICADO_EXACTO,1
00006880,2025,7,2,1,DUPLICADO_EXACTO,1
00006880,2026,1,2,1,DUPLICADO_EXACTO,1
00006880,2026,5,2,1,DUPLICADO_EXACTO,1
00006880,2026,7,2,1,DUPLICADO_EXACTO,1
00006882,2021,9,3,1,DUPLICADO_EXACTO,2
00006885,2020,2,2,1,DUPLICADO_EXACTO,1
00006885,2020,3,2,1,DUPLICADO_EXACTO,1
00006888,2020,1,3,1,DUPLICADO_EXACTO,2
00006888,2020,4,2,1,DUPLICADO_EXACTO,1
00006888,2020,5,7,1,DUPLICADO_EXACTO,6
00006888,2020,6,4,1,DUPLICADO_EXACTO,3
00006891,2022,4,2,1,DUPLICADO_EXACTO,1
00006891,2022,7,2,1,DUPLICADO_EXACTO,1
00006898,2022,1,2,1,DUPLICADO_EXACTO,1
00006900,2020,2,2,1,DUPLICADO_EXACTO,1
00006900,2020,9,4,1,DUPLICADO_EXACTO,3
00006900,2022,1,3,1,DUPLICADO_EXACTO,2
00006900,2022,3,4,1,DUPLICADO_EXACTO,3
00006900,2022,11,3,1,DUPLICADO_EXACTO,2
00006900,2023,3,3,1,DUPLICADO_EXACTO,2
00006900,2023,10,3,1,DUPLICADO_EXACTO,2
00006900,2025,4,3,1,DUPLICADO_EXACTO,2
00006900,2025,7,3,1,DUPLICADO_EXACTO,2
00006900,2025,8,4,1,DUPLICADO_EXACTO,3
00006901,2020,1,2,1,DUPLICADO_EXACTO,1
00006901,2020,2,2,1,DUPLICADO_EXACTO,1
00006901,2020,3,3,1,DUPLICADO_EXACTO,2
00006901,2021,8,2,1,DUPLICADO_EXACTO,1
00006905,2024,12,2,1,DUPLICADO_EXACTO,1
00006905,2025,1,3,1,DUPLICADO_EXACTO,2
00006905,2025,6,2,1,DUPLICADO_EXACTO,1
00006906,2018,10,8,1,DUPLICADO_EXACTO,7
00006906,2020,1,2,1,DUPLICADO_EXACTO,1
00006906,2020,2,2,1,DUPLICADO_EXACTO,1
00006906,2020,3,2,1,DUPLICADO_EXACTO,1
00006906,2020,9,2,1,DUPLICADO_EXACTO,1
00006906,2024,7,2,1,DUPLICADO_EXACTO,1
00006906,2025,6,2,1,DUPLICADO_EXACTO,1
00006911,2026,5,2,1,DUPLICADO_EXACTO,1
00006914,2024,5,3,1,DUPLICADO_EXACTO,2
00006914,2024,12,2,1,DUPLICADO_EXACTO,1
00006914,2025,5,2,1,DUPLICADO_EXACTO,1
00006914,2025,9,2,1,DUPLICADO_EXACTO,1
00006914,2025,10,3,1,DUPLICADO_EXACTO,2
00006914,2025,11,2,1,DUPLICADO_EXACTO,1
00006925,2025,4,4,1,DUPLICADO_EXACTO,3
00006930,2020,1,2,1,DUPLICADO_EXACTO,1
00006930,2020,2,2,1,DUPLICADO_EXACTO,1
00006930,2020,3,3,1,DUPLICADO_EXACTO,2
00006930,2021,8,2,1,DUPLICADO_EXACTO,1
00006936,2026,1,5,1,DUPLICADO_EXACTO,4
00006936,2026,2,2,1,DUPLICADO_EXACTO,1
00006937,2020,2,2,1,DUPLICADO_EXACTO,1
00006937,2022,8,2,1,DUPLICADO_EXACTO,1
00006939,2023,4,2,1,DUPLICADO_EXACTO,1
00006939,2023,10,2,1,DUPLICADO_EXACTO,1
00006944,2022,7,2,1,DUPLICADO_EXACTO,1
00006947,2023,4,2,1,DUPLICADO_EXACTO,1
00006947,2023,10,2,1,DUPLICADO_EXACTO,1
00006948,2020,2,2,1,DUPLICADO_EXACTO,1
00006948,2022,8,2,1,DUPLICADO_EXACTO,1
00006949,2023,4,2,1,DUPLICADO_EXACTO,1
00006949,2023,10,2,1,DUPLICADO_EXACTO,1
00006950,2020,2,2,1,DUPLICADO_EXACTO,1
00006950,2020,3,2,1,DUPLICADO_EXACTO,1
00006951,2025,8,7,1,DUPLICADO_EXACTO,6
00006951,2025,10,2,1,DUPLICADO_EXACTO,1
00006951,2026,2,3,1,DUPLICADO_EXACTO,2
00006951,2026,5,2,1,DUPLICADO_EXACTO,1
00006951,2026,6,2,1,DUPLICADO_EXACTO,1
00006951,2026,7,5,1,DUPLICADO_EXACTO,4
00006958,2022,4,2,1,DUPLICADO_EXACTO,1
00006958,2024,2,2,1,DUPLICADO_EXACTO,1
00006958,2024,3,2,1,DUPLICADO_EXACTO,1
00006960,2022,4,2,1,DUPLICADO_EXACTO,1
00006960,2024,2,2,1,DUPLICADO_EXACTO,1
00006960,2024,3,2,1,DUPLICADO_EXACTO,1
00006963,2023,7,2,1,DUPLICADO_EXACTO,1
00006963,2024,1,2,1,DUPLICADO_EXACTO,1
00006975,2026,3,2,1,DUPLICADO_EXACTO,1
00006976,2020,9,2,1,DUPLICADO_EXACTO,1
00006977,2026,7,2,1,DUPLICADO_EXACTO,1
00006978,2026,1,2,1,DUPLICADO_EXACTO,1
00006978,2026,2,2,1,DUPLICADO_EXACTO,1
00006979,2023,7,2,1,DUPLICADO_EXACTO,1
00006979,2026,3,3,1,DUPLICADO_EXACTO,2
00006979,2026,6,2,1,DUPLICADO_EXACTO,1
00006980,2019,9,3,1,DUPLICADO_EXACTO,2
00006980,2021,1,3,1,DUPLICADO_EXACTO,2
00006980,2021,12,2,1,DUPLICADO_EXACTO,1
00006980,2022,10,2,1,DUPLICADO_EXACTO,1
00006980,2022,11,3,1,DUPLICADO_EXACTO,2
00006980,2023,3,2,1,DUPLICADO_EXACTO,1
00006980,2023,7,2,1,DUPLICADO_EXACTO,1
00006980,2023,10,2,1,DUPLICADO_EXACTO,1
00006980,2024,4,2,1,DUPLICADO_EXACTO,1
00006980,2024,5,2,1,DUPLICADO_EXACTO,1
00006980,2024,6,2,1,DUPLICADO_EXACTO,1
00006980,2024,7,2,1,DUPLICADO_EXACTO,1
00006980,2026,1,2,1,DUPLICADO_EXACTO,1
00006980,2026,3,4,1,DUPLICADO_EXACTO,3
00006980,2026,4,2,1,DUPLICADO_EXACTO,1
00006980,2026,5,2,1,DUPLICADO_EXACTO,1
00006980,2026,6,2,1,DUPLICADO_EXACTO,1
00006980,2026,7,2,1,DUPLICADO_EXACTO,1
00006981,2021,2,2,1,DUPLICADO_EXACTO,1
00006981,2023,3,3,1,DUPLICADO_EXACTO,2
00006982,2021,2,2,1,DUPLICADO_EXACTO,1
00006982,2021,8,2,1,DUPLICADO_EXACTO,1
00006982,2023,3,3,1,DUPLICADO_EXACTO,2
00006983,2021,2,2,1,DUPLICADO_EXACTO,1
00006983,2021,8,2,1,DUPLICADO_EXACTO,1
00006983,2023,3,3,1,DUPLICADO_EXACTO,2
00006984,2020,2,2,1,DUPLICADO_EXACTO,1
00006984,2020,5,2,1,DUPLICADO_EXACTO,1
00006984,2025,4,2,1,DUPLICADO_EXACTO,1
00006985,2020,2,2,1,DUPLICADO_EXACTO,1
00006985,2020,3,3,1,DUPLICADO_EXACTO,2
00006985,2020,5,2,1,DUPLICADO_EXACTO,1
00006985,2020,12,2,1,DUPLICADO_EXACTO,1
00006993,2024,7,2,1,DUPLICADO_EXACTO,1
00006993,2024,12,2,1,DUPLICADO_EXACTO,1
00006993,2025,1,3,1,DUPLICADO_EXACTO,2
00006993,2025,6,2,1,DUPLICADO_EXACTO,1
00006994,2022,7,2,1,DUPLICADO_EXACTO,1
00006994,2023,6,2,1,DUPLICADO_EXACTO,1
00006994,2023,7,2,1,DUPLICADO_EXACTO,1
00006994,2024,1,2,1,DUPLICADO_EXACTO,1
00006994,2024,11,2,1,DUPLICADO_EXACTO,1
00006994,2025,11,2,1,DUPLICADO_EXACTO,1
00006994,2026,2,2,1,DUPLICADO_EXACTO,1
00006995,2024,7,2,1,DUPLICADO_EXACTO,1
00006996,2024,8,2,1,DUPLICADO_EXACTO,1
00006996,2024,9,2,1,DUPLICADO_EXACTO,1
00007016,2025,1,2,1,DUPLICADO_EXACTO,1
00007016,2025,7,3,1,DUPLICADO_EXACTO,2
00007018,2024,7,2,1,DUPLICADO_EXACTO,1
00007018,2024,12,2,1,DUPLICADO_EXACTO,1
00007018,2025,1,3,1,DUPLICADO_EXACTO,2
00007018,2025,6,2,1,DUPLICADO_EXACTO,1
00007019,2024,7,2,1,DUPLICADO_EXACTO,1
00007019,2024,12,2,1,DUPLICADO_EXACTO,1
00007019,2025,1,3,1,DUPLICADO_EXACTO,2
00007019,2025,6,2,1,DUPLICADO_EXACTO,1
00007024,2020,1,2,1,DUPLICADO_EXACTO,1
00007024,2020,2,2,1,DUPLICADO_EXACTO,1
00007024,2020,3,2,1,DUPLICADO_EXACTO,1
00007024,2020,5,2,1,DUPLICADO_EXACTO,1
00007024,2020,7,2,1,DUPLICADO_EXACTO,1
00007024,2020,8,2,1,DUPLICADO_EXACTO,1
00007024,2020,10,2,1,DUPLICADO_EXACTO,1
00007024,2020,11,2,1,DUPLICADO_EXACTO,1
00007024,2021,7,2,1,DUPLICADO_EXACTO,1
00007024,2021,8,2,1,DUPLICADO_EXACTO,1
00007024,2021,11,2,1,DUPLICADO_EXACTO,1
00007024,2021,12,2,1,DUPLICADO_EXACTO,1
00007024,2022,1,2,1,DUPLICADO_EXACTO,1
00007024,2022,2,2,1,DUPLICADO_EXACTO,1
00007024,2022,3,2,1,DUPLICADO_EXACTO,1
00007024,2022,4,2,1,DUPLICADO_EXACTO,1
00007024,2022,5,2,1,DUPLICADO_EXACTO,1
00007024,2022,7,2,1,DUPLICADO_EXACTO,1
00007024,2023,3,3,1,DUPLICADO_EXACTO,2
00007024,2023,8,2,1,DUPLICADO_EXACTO,1
00007024,2024,4,2,1,DUPLICADO_EXACTO,1
00007024,2024,5,2,1,DUPLICADO_EXACTO,1
00007024,2024,7,2,1,DUPLICADO_EXACTO,1
00007024,2024,8,2,1,DUPLICADO_EXACTO,1
00007024,2024,12,2,1,DUPLICADO_EXACTO,1
00007024,2025,1,2,1,DUPLICADO_EXACTO,1
00007024,2025,8,2,1,DUPLICADO_EXACTO,1
00007024,2026,2,2,1,DUPLICADO_EXACTO,1
00007024,2026,4,2,1,DUPLICADO_EXACTO,1
00007027,2025,4,2,1,DUPLICADO_EXACTO,1
00007028,2026,7,2,1,DUPLICADO_EXACTO,1
00007034,2024,11,2,1,DUPLICADO_EXACTO,1
00007034,2025,12,2,1,DUPLICADO_EXACTO,1
00007044,2019,6,2,1,DUPLICADO_EXACTO,1
00007044,2020,7,2,1,DUPLICADO_EXACTO,1
00007045,2024,7,2,1,DUPLICADO_EXACTO,1
00007045,2024,12,2,1,DUPLICADO_EXACTO,1
00007045,2025,1,3,1,DUPLICADO_EXACTO,2
00007045,2025,6,2,1,DUPLICADO_EXACTO,1
00007046,2025,8,3,1,DUPLICADO_EXACTO,2
00007046,2025,9,2,1,DUPLICADO_EXACTO,1
00007046,2026,7,3,1,DUPLICADO_EXACTO,2
00007047,2020,2,2,1,DUPLICADO_EXACTO,1
00007047,2023,8,2,1,DUPLICADO_EXACTO,1
00007047,2026,1,3,1,DUPLICADO_EXACTO,2
00007048,2020,2,2,1,DUPLICADO_EXACTO,1
00007048,2022,8,2,1,DUPLICADO_EXACTO,1
00007049,2023,4,2,1,DUPLICADO_EXACTO,1
00007049,2023,10,2,1,DUPLICADO_EXACTO,1
00007078,2025,3,2,1,DUPLICADO_EXACTO,1
00007078,2025,6,2,1,DUPLICADO_EXACTO,1
00007079,2020,7,2,1,DUPLICADO_EXACTO,1
00007080,2020,5,2,1,DUPLICADO_EXACTO,1
00007081,2020,5,2,1,DUPLICADO_EXACTO,1
00007082,2025,8,3,1,DUPLICADO_EXACTO,2
00007083,2025,1,2,1,DUPLICADO_EXACTO,1
00007083,2025,2,2,1,DUPLICADO_EXACTO,1
00007083,2025,3,2,1,DUPLICADO_EXACTO,1
00007083,2025,4,2,1,DUPLICADO_EXACTO,1
00007083,2025,5,2,1,DUPLICADO_EXACTO,1
00007083,2025,6,2,1,DUPLICADO_EXACTO,1
00007084,2025,1,2,1,DUPLICADO_EXACTO,1
00007084,2025,2,2,1,DUPLICADO_EXACTO,1
00007084,2025,3,2,1,DUPLICADO_EXACTO,1
00007084,2025,4,2,1,DUPLICADO_EXACTO,1
00007084,2025,5,2,1,DUPLICADO_EXACTO,1
00007084,2025,6,2,1,DUPLICADO_EXACTO,1
00007085,2025,7,2,1,DUPLICADO_EXACTO,1
00007086,2025,4,4,1,DUPLICADO_EXACTO,3
00007090,2023,12,2,1,DUPLICADO_EXACTO,1
00007090,2024,2,2,1,DUPLICADO_EXACTO,1
00007090,2024,5,3,1,DUPLICADO_EXACTO,2
00007090,2024,6,2,1,DUPLICADO_EXACTO,1
00007090,2024,9,2,1,DUPLICADO_EXACTO,1
00007090,2024,10,2,1,DUPLICADO_EXACTO,1
00007090,2024,12,2,1,DUPLICADO_EXACTO,1
00007090,2025,4,2,1,DUPLICADO_EXACTO,1
00007090,2025,5,2,1,DUPLICADO_EXACTO,1
00007090,2025,8,2,1,DUPLICADO_EXACTO,1
00007090,2025,9,2,1,DUPLICADO_EXACTO,1
00007090,2025,10,3,1,DUPLICADO_EXACTO,2
00007090,2025,11,2,1,DUPLICADO_EXACTO,1
00007096,2020,2,2,1,DUPLICADO_EXACTO,1
00007096,2020,9,4,1,DUPLICADO_EXACTO,3
00007096,2022,1,3,1,DUPLICADO_EXACTO,2
00007096,2022,3,4,1,DUPLICADO_EXACTO,3
00007096,2022,11,3,1,DUPLICADO_EXACTO,2
00007096,2023,3,3,1,DUPLICADO_EXACTO,2
00007096,2023,10,3,1,DUPLICADO_EXACTO,2
00007096,2025,4,3,1,DUPLICADO_EXACTO,2
00007096,2025,7,3,1,DUPLICADO_EXACTO,2
00007096,2025,8,4,1,DUPLICADO_EXACTO,3
00007100,2022,7,2,1,DUPLICADO_EXACTO,1
00007101,2022,9,2,1,DUPLICADO_EXACTO,1
00007102,2022,9,2,1,DUPLICADO_EXACTO,1
00007103,2023,4,2,1,DUPLICADO_EXACTO,1
00007103,2023,10,2,1,DUPLICADO_EXACTO,1
00007106,2020,6,2,1,DUPLICADO_EXACTO,1
00007106,2021,10,2,1,DUPLICADO_EXACTO,1
00007106,2022,4,2,1,DUPLICADO_EXACTO,1
00007108,2023,12,2,1,DUPLICADO_EXACTO,1
00007108,2024,2,2,1,DUPLICADO_EXACTO,1
00007108,2024,5,3,1,DUPLICADO_EXACTO,2
00007108,2024,6,2,1,DUPLICADO_EXACTO,1
00007108,2024,9,2,1,DUPLICADO_EXACTO,1
00007108,2024,10,2,1,DUPLICADO_EXACTO,1
00007108,2024,12,2,1,DUPLICADO_EXACTO,1
00007108,2025,4,2,1,DUPLICADO_EXACTO,1
00007108,2025,5,2,1,DUPLICADO_EXACTO,1
00007108,2025,8,2,1,DUPLICADO_EXACTO,1
00007108,2025,9,2,1,DUPLICADO_EXACTO,1
00007108,2025,10,3,1,DUPLICADO_EXACTO,2
00007108,2025,11,2,1,DUPLICADO_EXACTO,1
00007109,2026,1,5,1,DUPLICADO_EXACTO,4
00007109,2026,2,2,1,DUPLICADO_EXACTO,1
00007111,2021,2,2,1,DUPLICADO_EXACTO,1
00007111,2021,8,2,1,DUPLICADO_EXACTO,1
00007111,2023,3,3,1,DUPLICADO_EXACTO,2
00007112,2021,2,2,1,DUPLICADO_EXACTO,1
00007112,2021,8,2,1,DUPLICADO_EXACTO,1
00007112,2023,3,3,1,DUPLICADO_EXACTO,2
00007113,2025,7,2,1,DUPLICADO_EXACTO,1
00007113,2026,6,2,1,DUPLICADO_EXACTO,1
00007115,2024,11,3,1,DUPLICADO_EXACTO,2
00007116,2019,12,2,1,DUPLICADO_EXACTO,1
00007117,2025,4,4,1,DUPLICADO_EXACTO,3
00007120,2019,4,2,1,DUPLICADO_EXACTO,1
00007120,2019,5,3,1,DUPLICADO_EXACTO,2
00007120,2019,9,5,1,DUPLICADO_EXACTO,4
00007120,2020,1,4,1,DUPLICADO_EXACTO,3
00007120,2020,2,2,1,DUPLICADO_EXACTO,1
00007120,2020,3,2,1,DUPLICADO_EXACTO,1
00007120,2020,4,3,1,DUPLICADO_EXACTO,2
00007120,2020,8,2,1,DUPLICADO_EXACTO,1
00007120,2020,9,2,1,DUPLICADO_EXACTO,1
00007120,2020,10,2,1,DUPLICADO_EXACTO,1
00007120,2020,11,2,1,DUPLICADO_EXACTO,1
00007120,2021,1,2,1,DUPLICADO_EXACTO,1
00007120,2021,2,2,1,DUPLICADO_EXACTO,1
00007120,2021,7,2,1,DUPLICADO_EXACTO,1
00007120,2021,9,2,1,DUPLICADO_EXACTO,1
00007121,2019,6,2,1,DUPLICADO_EXACTO,1
00007121,2020,6,2,1,DUPLICADO_EXACTO,1
00007121,2020,10,2,1,DUPLICADO_EXACTO,1
00007121,2020,11,3,1,DUPLICADO_EXACTO,2
00007121,2025,7,2,1,DUPLICADO_EXACTO,1
00007122,2020,1,2,1,DUPLICADO_EXACTO,1
00007122,2020,2,2,1,DUPLICADO_EXACTO,1
00007122,2020,4,2,1,DUPLICADO_EXACTO,1
00007122,2020,8,2,1,DUPLICADO_EXACTO,1
00007122,2021,1,2,1,DUPLICADO_EXACTO,1
00007122,2021,2,2,1,DUPLICADO_EXACTO,1
00007122,2021,3,2,1,DUPLICADO_EXACTO,1
00007122,2021,4,2,1,DUPLICADO_EXACTO,1
00007122,2021,7,2,1,DUPLICADO_EXACTO,1
00007122,2021,8,2,1,DUPLICADO_EXACTO,1
00007122,2021,11,3,1,DUPLICADO_EXACTO,2
00007122,2021,12,2,1,DUPLICADO_EXACTO,1
00007122,2022,1,2,1,DUPLICADO_EXACTO,1
00007122,2022,6,2,1,DUPLICADO_EXACTO,1
00007122,2022,7,2,1,DUPLICADO_EXACTO,1
00007122,2022,9,2,1,DUPLICADO_EXACTO,1
00007122,2023,2,3,1,DUPLICADO_EXACTO,2
00007122,2023,10,2,1,DUPLICADO_EXACTO,1
00007122,2024,5,3,1,DUPLICADO_EXACTO,2
00007122,2024,10,3,1,DUPLICADO_EXACTO,2
00007122,2024,12,2,1,DUPLICADO_EXACTO,1
00007122,2025,1,2,1,DUPLICADO_EXACTO,1
00007122,2025,3,2,1,DUPLICADO_EXACTO,1
00007122,2025,4,2,1,DUPLICADO_EXACTO,1
00007122,2025,6,2,1,DUPLICADO_EXACTO,1
00007122,2026,1,2,1,DUPLICADO_EXACTO,1
00007122,2026,4,2,1,DUPLICADO_EXACTO,1
00007122,2026,5,2,1,DUPLICADO_EXACTO,1
00007122,2026,6,2,1,DUPLICADO_EXACTO,1
00007124,2020,12,2,1,DUPLICADO_EXACTO,1
00007124,2021,1,7,1,DUPLICADO_EXACTO,6
00007124,2021,10,2,1,DUPLICADO_EXACTO,1
00007124,2022,1,3,1,DUPLICADO_EXACTO,2
00007124,2022,4,2,1,DUPLICADO_EXACTO,1
00007124,2022,5,2,1,DUPLICADO_EXACTO,1
00007124,2022,7,2,1,DUPLICADO_EXACTO,1
00007124,2023,3,2,1,DUPLICADO_EXACTO,1
00007124,2023,4,2,1,DUPLICADO_EXACTO,1
00007124,2023,5,2,1,DUPLICADO_EXACTO,1
00007124,2023,7,2,1,DUPLICADO_EXACTO,1
00007124,2023,8,2,1,DUPLICADO_EXACTO,1
00007124,2023,9,2,1,DUPLICADO_EXACTO,1
00007124,2023,10,2,1,DUPLICADO_EXACTO,1
00007124,2024,3,2,1,DUPLICADO_EXACTO,1
00007124,2025,2,2,1,DUPLICADO_EXACTO,1
00007124,2025,11,2,1,DUPLICADO_EXACTO,1
00007125,2024,7,2,1,DUPLICADO_EXACTO,1
00007129,2025,5,2,1,DUPLICADO_EXACTO,1
00007132,2025,8,2,1,DUPLICADO_EXACTO,1
00007132,2026,3,2,1,DUPLICADO_EXACTO,1
00007133,2019,10,2,1,DUPLICADO_EXACTO,1
00007143,2026,3,2,1,DUPLICADO_EXACTO,1
00007143,2026,5,3,1,DUPLICADO_EXACTO,2
00007144,2026,3,2,1,DUPLICADO_EXACTO,1
00007144,2026,5,3,1,DUPLICADO_EXACTO,2
00007145,2026,3,2,1,DUPLICADO_EXACTO,1
00007146,2026,3,2,1,DUPLICADO_EXACTO,1
00007147,2026,1,2,1,DUPLICADO_EXACTO,1
00007147,2026,2,2,1,DUPLICADO_EXACTO,1
00007151,2025,1,2,1,DUPLICADO_EXACTO,1
00007151,2025,4,2,1,DUPLICADO_EXACTO,1
00007151,2025,5,2,1,DUPLICADO_EXACTO,1
00007151,2025,7,2,1,DUPLICADO_EXACTO,1
00007151,2025,10,2,1,DUPLICADO_EXACTO,1
00007151,2026,6,2,1,DUPLICADO_EXACTO,1
00007151,2026,7,2,1,DUPLICADO_EXACTO,1
00007152,2025,4,2,1,DUPLICADO_EXACTO,1
00007152,2025,5,2,1,DUPLICADO_EXACTO,1
00007152,2025,7,2,1,DUPLICADO_EXACTO,1
00007152,2025,10,2,1,DUPLICADO_EXACTO,1
00007152,2026,6,2,1,DUPLICADO_EXACTO,1
00007152,2026,7,2,1,DUPLICADO_EXACTO,1
00007166,2020,10,2,1,DUPLICADO_EXACTO,1
00007166,2026,6,4,1,DUPLICADO_EXACTO,3
00007167,2024,7,2,1,DUPLICADO_EXACTO,1
00007168,2018,12,2,1,DUPLICADO_EXACTO,1
00007168,2020,5,2,1,DUPLICADO_EXACTO,1
00007168,2020,7,2,1,DUPLICADO_EXACTO,1
00007168,2020,8,2,1,DUPLICADO_EXACTO,1
00007168,2020,10,2,1,DUPLICADO_EXACTO,1
00007168,2020,11,2,1,DUPLICADO_EXACTO,1
00007168,2021,7,2,1,DUPLICADO_EXACTO,1
00007168,2021,8,2,1,DUPLICADO_EXACTO,1
00007168,2021,11,2,1,DUPLICADO_EXACTO,1
00007168,2021,12,2,1,DUPLICADO_EXACTO,1
00007168,2022,1,2,1,DUPLICADO_EXACTO,1
00007168,2022,2,2,1,DUPLICADO_EXACTO,1
00007168,2022,4,2,1,DUPLICADO_EXACTO,1
00007168,2022,5,2,1,DUPLICADO_EXACTO,1
00007168,2022,7,2,1,DUPLICADO_EXACTO,1
00007168,2023,3,3,1,DUPLICADO_EXACTO,2
00007168,2023,8,2,1,DUPLICADO_EXACTO,1
00007168,2024,4,2,1,DUPLICADO_EXACTO,1
00007168,2024,5,2,1,DUPLICADO_EXACTO,1
00007168,2024,6,2,1,DUPLICADO_EXACTO,1
00007168,2024,7,2,1,DUPLICADO_EXACTO,1
00007168,2024,8,2,1,DUPLICADO_EXACTO,1
00007168,2024,12,2,1,DUPLICADO_EXACTO,1
00007168,2025,1,2,1,DUPLICADO_EXACTO,1
00007168,2025,8,2,1,DUPLICADO_EXACTO,1
00007168,2026,2,2,1,DUPLICADO_EXACTO,1
00007168,2026,4,2,1,DUPLICADO_EXACTO,1
00007171,2020,1,2,1,DUPLICADO_EXACTO,1
00007171,2020,2,2,1,DUPLICADO_EXACTO,1
00007171,2020,3,2,1,DUPLICADO_EXACTO,1
00007171,2020,4,2,1,DUPLICADO_EXACTO,1
00007171,2020,8,2,1,DUPLICADO_EXACTO,1
00007171,2020,12,2,1,DUPLICADO_EXACTO,1
00007171,2021,1,2,1,DUPLICADO_EXACTO,1
00007171,2021,2,2,1,DUPLICADO_EXACTO,1
00007171,2021,3,2,1,DUPLICADO_EXACTO,1
00007171,2021,4,2,1,DUPLICADO_EXACTO,1
00007171,2021,7,2,1,DUPLICADO_EXACTO,1
00007171,2021,8,2,1,DUPLICADO_EXACTO,1
00007171,2021,11,3,1,DUPLICADO_EXACTO,2
00007171,2021,12,2,1,DUPLICADO_EXACTO,1
00007171,2022,1,2,1,DUPLICADO_EXACTO,1
00007171,2022,6,2,1,DUPLICADO_EXACTO,1
00007171,2022,7,2,1,DUPLICADO_EXACTO,1
00007171,2022,9,2,1,DUPLICADO_EXACTO,1
00007171,2023,2,3,1,DUPLICADO_EXACTO,2
00007171,2023,10,2,1,DUPLICADO_EXACTO,1
00007171,2024,5,3,1,DUPLICADO_EXACTO,2
00007171,2024,10,3,1,DUPLICADO_EXACTO,2
00007171,2024,12,2,1,DUPLICADO_EXACTO,1
00007171,2025,1,2,1,DUPLICADO_EXACTO,1
00007171,2025,3,2,1,DUPLICADO_EXACTO,1
00007171,2025,4,2,1,DUPLICADO_EXACTO,1
00007171,2025,6,2,1,DUPLICADO_EXACTO,1
00007171,2026,1,2,1,DUPLICADO_EXACTO,1
00007171,2026,4,2,1,DUPLICADO_EXACTO,1
00007171,2026,5,2,1,DUPLICADO_EXACTO,1
00007171,2026,6,2,1,DUPLICADO_EXACTO,1
00007179,2023,4,2,1,DUPLICADO_EXACTO,1
00007179,2023,10,2,1,DUPLICADO_EXACTO,1
00007180,2023,4,2,1,DUPLICADO_EXACTO,1
00007180,2023,10,2,1,DUPLICADO_EXACTO,1
00007185,2019,5,2,1,DUPLICADO_EXACTO,1
00007185,2020,3,2,1,DUPLICADO_EXACTO,1
00007185,2020,5,2,1,DUPLICADO_EXACTO,1
00007185,2020,6,3,1,DUPLICADO_EXACTO,2
00007185,2021,11,2,1,DUPLICADO_EXACTO,1
00007185,2022,3,3,1,DUPLICADO_EXACTO,2
00007185,2022,4,2,1,DUPLICADO_EXACTO,1
00007185,2022,8,3,1,DUPLICADO_EXACTO,2
00007185,2022,11,2,1,DUPLICADO_EXACTO,1
00007185,2023,1,2,1,DUPLICADO_EXACTO,1
00007185,2023,3,2,1,DUPLICADO_EXACTO,1
00007185,2023,7,3,1,DUPLICADO_EXACTO,2
00007185,2023,9,2,1,DUPLICADO_EXACTO,1
00007185,2024,4,2,1,DUPLICADO_EXACTO,1
00007185,2024,5,2,1,DUPLICADO_EXACTO,1
00007185,2024,6,3,1,DUPLICADO_EXACTO,2
00007185,2024,7,2,1,DUPLICADO_EXACTO,1
00007185,2024,9,2,1,DUPLICADO_EXACTO,1
00007185,2024,10,2,1,DUPLICADO_EXACTO,1
00007185,2024,11,2,1,DUPLICADO_EXACTO,1
00007185,2024,12,2,1,DUPLICADO_EXACTO,1
00007185,2025,10,2,1,DUPLICADO_EXACTO,1
00007186,2019,11,3,1,DUPLICADO_EXACTO,2
00007186,2020,3,2,1,DUPLICADO_EXACTO,1
00007186,2020,5,2,1,DUPLICADO_EXACTO,1
00007186,2020,6,3,1,DUPLICADO_EXACTO,2
00007186,2021,4,2,1,DUPLICADO_EXACTO,1
00007186,2021,8,3,1,DUPLICADO_EXACTO,2
00007186,2021,11,2,1,DUPLICADO_EXACTO,1
00007186,2022,3,3,1,DUPLICADO_EXACTO,2
00007186,2022,4,2,1,DUPLICADO_EXACTO,1
00007186,2022,8,3,1,DUPLICADO_EXACTO,2
00007186,2022,11,2,1,DUPLICADO_EXACTO,1
00007186,2023,1,2,1,DUPLICADO_EXACTO,1
00007186,2023,3,2,1,DUPLICADO_EXACTO,1
00007186,2023,7,3,1,DUPLICADO_EXACTO,2
00007186,2023,9,2,1,DUPLICADO_EXACTO,1
00007186,2024,4,2,1,DUPLICADO_EXACTO,1
00007186,2024,6,3,1,DUPLICADO_EXACTO,2
00007186,2024,7,2,1,DUPLICADO_EXACTO,1
00007186,2024,9,2,1,DUPLICADO_EXACTO,1
00007186,2024,10,2,1,DUPLICADO_EXACTO,1
00007186,2024,11,2,1,DUPLICADO_EXACTO,1
00007186,2024,12,2,1,DUPLICADO_EXACTO,1
00007186,2025,10,2,1,DUPLICADO_EXACTO,1
00007187,2019,12,2,1,DUPLICADO_EXACTO,1
00007187,2020,6,6,1,DUPLICADO_EXACTO,5
00007187,2020,8,2,1,DUPLICADO_EXACTO,1
00007187,2021,4,3,1,DUPLICADO_EXACTO,2
00007187,2021,5,2,1,DUPLICADO_EXACTO,1
00007187,2021,6,3,1,DUPLICADO_EXACTO,2
00007187,2022,4,3,1,DUPLICADO_EXACTO,2
00007187,2022,5,3,1,DUPLICADO_EXACTO,2
00007187,2022,8,3,1,DUPLICADO_EXACTO,2
00007187,2022,10,4,1,DUPLICADO_EXACTO,3
00007187,2023,1,2,1,DUPLICADO_EXACTO,1
00007187,2023,2,4,1,DUPLICADO_EXACTO,3
00007187,2023,3,2,1,DUPLICADO_EXACTO,1
00007187,2023,4,2,1,DUPLICADO_EXACTO,1
00007187,2023,5,2,1,DUPLICADO_EXACTO,1
00007187,2023,6,2,1,DUPLICADO_EXACTO,1
00007187,2023,8,2,1,DUPLICADO_EXACTO,1
00007187,2023,9,2,1,DUPLICADO_EXACTO,1
00007187,2023,10,2,1,DUPLICADO_EXACTO,1
00007187,2023,11,3,1,DUPLICADO_EXACTO,2
00007187,2023,12,2,1,DUPLICADO_EXACTO,1
00007187,2024,1,2,1,DUPLICADO_EXACTO,1
00007187,2024,5,2,1,DUPLICADO_EXACTO,1
00007187,2024,6,2,1,DUPLICADO_EXACTO,1
00007187,2024,8,2,1,DUPLICADO_EXACTO,1
00007187,2024,9,2,1,DUPLICADO_EXACTO,1
00007187,2024,11,4,1,DUPLICADO_EXACTO,3
00007187,2025,1,2,1,DUPLICADO_EXACTO,1
00007187,2025,12,2,1,DUPLICADO_EXACTO,1
00007187,2026,1,2,1,DUPLICADO_EXACTO,1
00007188,2026,5,3,1,DUPLICADO_EXACTO,2
00007188,2026,6,6,1,DUPLICADO_EXACTO,5
00007189,2026,5,3,1,DUPLICADO_EXACTO,2
00007189,2026,6,6,1,DUPLICADO_EXACTO,5
00007190,2026,5,3,1,DUPLICADO_EXACTO,2
00007190,2026,6,6,1,DUPLICADO_EXACTO,5
00007191,2019,11,2,1,DUPLICADO_EXACTO,1
00007191,2026,5,3,1,DUPLICADO_EXACTO,2
00007191,2026,6,6,1,DUPLICADO_EXACTO,5
00007192,2026,5,3,1,DUPLICADO_EXACTO,2
00007192,2026,6,6,1,DUPLICADO_EXACTO,5
00007193,2026,5,3,1,DUPLICADO_EXACTO,2
00007193,2026,6,6,1,DUPLICADO_EXACTO,5
00007194,2019,10,2,1,DUPLICADO_EXACTO,1
00007194,2026,5,3,1,DUPLICADO_EXACTO,2
00007194,2026,6,6,1,DUPLICADO_EXACTO,5
00007195,2020,1,2,1,DUPLICADO_EXACTO,1
00007195,2020,2,2,1,DUPLICADO_EXACTO,1
00007195,2020,4,2,1,DUPLICADO_EXACTO,1
00007195,2020,6,2,1,DUPLICADO_EXACTO,1
00007195,2026,5,3,1,DUPLICADO_EXACTO,2
00007195,2026,6,6,1,DUPLICADO_EXACTO,5
00007196,2026,5,3,1,DUPLICADO_EXACTO,2
00007196,2026,6,6,1,DUPLICADO_EXACTO,5
00007208,2026,5,3,1,DUPLICADO_EXACTO,2
00007208,2026,6,6,1,DUPLICADO_EXACTO,5
00007209,2020,1,2,1,DUPLICADO_EXACTO,1
00007209,2020,2,2,1,DUPLICADO_EXACTO,1
00007209,2020,4,2,1,DUPLICADO_EXACTO,1
00007209,2020,6,2,1,DUPLICADO_EXACTO,1
00007209,2026,5,3,1,DUPLICADO_EXACTO,2
00007209,2026,6,6,1,DUPLICADO_EXACTO,5
00007210,2023,12,2,1,DUPLICADO_EXACTO,1
00007210,2024,2,2,1,DUPLICADO_EXACTO,1
00007210,2024,5,3,1,DUPLICADO_EXACTO,2
00007210,2024,6,2,1,DUPLICADO_EXACTO,1
00007210,2024,9,2,1,DUPLICADO_EXACTO,1
00007210,2024,10,2,1,DUPLICADO_EXACTO,1
00007210,2024,12,2,1,DUPLICADO_EXACTO,1
00007210,2025,4,2,1,DUPLICADO_EXACTO,1
00007210,2025,5,2,1,DUPLICADO_EXACTO,1
00007210,2025,8,2,1,DUPLICADO_EXACTO,1
00007210,2025,9,2,1,DUPLICADO_EXACTO,1
00007210,2025,10,3,1,DUPLICADO_EXACTO,2
00007210,2025,11,2,1,DUPLICADO_EXACTO,1
00007237,2020,2,2,1,DUPLICADO_EXACTO,1
00007237,2020,3,2,1,DUPLICADO_EXACTO,1
00007240,2020,8,2,1,DUPLICADO_EXACTO,1
00007240,2020,9,2,1,DUPLICADO_EXACTO,1
00007240,2020,10,2,1,DUPLICADO_EXACTO,1
00007240,2020,11,2,1,DUPLICADO_EXACTO,1
00007240,2020,12,2,1,DUPLICADO_EXACTO,1
00007240,2021,1,2,1,DUPLICADO_EXACTO,1
00007240,2021,2,2,1,DUPLICADO_EXACTO,1
00007240,2021,3,2,1,DUPLICADO_EXACTO,1
00007240,2021,5,2,1,DUPLICADO_EXACTO,1
00007240,2022,4,5,1,DUPLICADO_EXACTO,4
00007240,2022,9,2,1,DUPLICADO_EXACTO,1
00007240,2023,1,2,1,DUPLICADO_EXACTO,1
00007240,2023,2,2,1,DUPLICADO_EXACTO,1
00007240,2023,4,4,1,DUPLICADO_EXACTO,3
00007240,2023,5,2,1,DUPLICADO_EXACTO,1
00007240,2024,7,2,1,DUPLICADO_EXACTO,1
00007241,2020,8,2,1,DUPLICADO_EXACTO,1
00007241,2020,9,2,1,DUPLICADO_EXACTO,1
00007241,2020,10,2,1,DUPLICADO_EXACTO,1
00007241,2020,11,2,1,DUPLICADO_EXACTO,1
00007241,2020,12,2,1,DUPLICADO_EXACTO,1
00007241,2021,2,2,1,DUPLICADO_EXACTO,1
00007241,2021,3,2,1,DUPLICADO_EXACTO,1
00007241,2021,5,2,1,DUPLICADO_EXACTO,1
00007241,2022,3,3,1,DUPLICADO_EXACTO,2
00007241,2022,9,2,1,DUPLICADO_EXACTO,1
00007241,2023,1,2,1,DUPLICADO_EXACTO,1
00007241,2023,2,2,1,DUPLICADO_EXACTO,1
00007241,2023,4,4,1,DUPLICADO_EXACTO,3
00007241,2023,5,2,1,DUPLICADO_EXACTO,1
00007241,2024,7,2,1,DUPLICADO_EXACTO,1
00007241,2024,10,2,1,DUPLICADO_EXACTO,1
00007247,2022,10,2,1,DUPLICADO_EXACTO,1
00007247,2026,5,2,1,DUPLICADO_EXACTO,1
00007248,2022,10,2,1,DUPLICADO_EXACTO,1
00007248,2023,5,2,1,DUPLICADO_EXACTO,1
00007249,2023,7,2,1,DUPLICADO_EXACTO,1
00007249,2024,1,2,1,DUPLICADO_EXACTO,1
00007266,2022,12,2,1,DUPLICADO_EXACTO,1
00007267,2019,1,4,1,DUPLICADO_EXACTO,3
00007267,2020,2,2,1,DUPLICADO_EXACTO,1
00007267,2021,11,3,1,DUPLICADO_EXACTO,2
00007267,2023,10,2,1,DUPLICADO_EXACTO,1
00007267,2024,4,3,1,DUPLICADO_EXACTO,2
00007267,2026,2,2,1,DUPLICADO_EXACTO,1
00007267,2026,4,3,1,DUPLICADO_EXACTO,2
00007268,2020,2,4,1,DUPLICADO_EXACTO,3
00007289,2023,12,2,1,DUPLICADO_EXACTO,1
00007289,2024,2,2,1,DUPLICADO_EXACTO,1
00007289,2024,5,3,1,DUPLICADO_EXACTO,2
00007289,2024,6,2,1,DUPLICADO_EXACTO,1
00007289,2024,9,2,1,DUPLICADO_EXACTO,1
00007289,2024,10,2,1,DUPLICADO_EXACTO,1
00007289,2024,12,2,1,DUPLICADO_EXACTO,1
00007289,2025,4,2,1,DUPLICADO_EXACTO,1
00007289,2025,5,2,1,DUPLICADO_EXACTO,1
00007289,2025,8,2,1,DUPLICADO_EXACTO,1
00007289,2025,9,2,1,DUPLICADO_EXACTO,1
00007289,2025,10,3,1,DUPLICADO_EXACTO,2
00007289,2025,11,2,1,DUPLICADO_EXACTO,1
00007290,2020,1,2,1,DUPLICADO_EXACTO,1
00007290,2020,2,2,1,DUPLICADO_EXACTO,1
00007290,2020,3,3,1,DUPLICADO_EXACTO,2
00007290,2021,8,2,1,DUPLICADO_EXACTO,1
00007291,2023,12,2,1,DUPLICADO_EXACTO,1
00007291,2024,2,2,1,DUPLICADO_EXACTO,1
00007291,2024,5,3,1,DUPLICADO_EXACTO,2
00007291,2024,6,2,1,DUPLICADO_EXACTO,1
00007291,2024,9,2,1,DUPLICADO_EXACTO,1
00007291,2024,10,2,1,DUPLICADO_EXACTO,1
00007291,2024,12,2,1,DUPLICADO_EXACTO,1
00007291,2025,4,2,1,DUPLICADO_EXACTO,1
00007291,2025,5,2,1,DUPLICADO_EXACTO,1
00007291,2025,8,2,1,DUPLICADO_EXACTO,1
00007291,2025,9,2,1,DUPLICADO_EXACTO,1
00007291,2025,10,3,1,DUPLICADO_EXACTO,2
00007291,2025,11,2,1,DUPLICADO_EXACTO,1
00007293,2023,12,2,1,DUPLICADO_EXACTO,1
00007293,2024,2,2,1,DUPLICADO_EXACTO,1
00007293,2024,5,3,1,DUPLICADO_EXACTO,2
00007293,2024,6,2,1,DUPLICADO_EXACTO,1
00007293,2024,9,2,1,DUPLICADO_EXACTO,1
00007293,2024,10,2,1,DUPLICADO_EXACTO,1
00007293,2024,12,2,1,DUPLICADO_EXACTO,1
00007293,2025,4,2,1,DUPLICADO_EXACTO,1
00007293,2025,5,2,1,DUPLICADO_EXACTO,1
00007293,2025,8,2,1,DUPLICADO_EXACTO,1
00007293,2025,9,2,1,DUPLICADO_EXACTO,1
00007293,2025,10,3,1,DUPLICADO_EXACTO,2
00007293,2025,11,2,1,DUPLICADO_EXACTO,1
00007294,2023,12,2,1,DUPLICADO_EXACTO,1
00007294,2024,2,2,1,DUPLICADO_EXACTO,1
00007294,2024,5,3,1,DUPLICADO_EXACTO,2
00007294,2024,6,2,1,DUPLICADO_EXACTO,1
00007294,2024,10,2,1,DUPLICADO_EXACTO,1
00007294,2024,12,2,1,DUPLICADO_EXACTO,1
00007294,2025,4,2,1,DUPLICADO_EXACTO,1
00007294,2025,5,2,1,DUPLICADO_EXACTO,1
00007294,2025,8,2,1,DUPLICADO_EXACTO,1
00007294,2025,9,2,1,DUPLICADO_EXACTO,1
00007294,2025,10,3,1,DUPLICADO_EXACTO,2
00007294,2025,11,2,1,DUPLICADO_EXACTO,1
00007295,2023,12,2,1,DUPLICADO_EXACTO,1
00007295,2024,2,2,1,DUPLICADO_EXACTO,1
00007295,2024,5,3,1,DUPLICADO_EXACTO,2
00007295,2024,6,2,1,DUPLICADO_EXACTO,1
00007295,2024,10,2,1,DUPLICADO_EXACTO,1
00007295,2024,12,2,1,DUPLICADO_EXACTO,1
00007295,2025,4,2,1,DUPLICADO_EXACTO,1
00007295,2025,5,2,1,DUPLICADO_EXACTO,1
00007295,2025,8,2,1,DUPLICADO_EXACTO,1
00007295,2025,9,2,1,DUPLICADO_EXACTO,1
00007295,2025,10,3,1,DUPLICADO_EXACTO,2
00007295,2025,11,2,1,DUPLICADO_EXACTO,1
00007297,2022,10,6,1,DUPLICADO_EXACTO,5
00007297,2023,8,2,1,DUPLICADO_EXACTO,1
00007302,2020,1,5,1,DUPLICADO_EXACTO,4
00007302,2020,8,4,1,DUPLICADO_EXACTO,3
00007302,2024,11,2,1,DUPLICADO_EXACTO,1
00007302,2024,12,2,1,DUPLICADO_EXACTO,1
00007302,2025,10,2,1,DUPLICADO_EXACTO,1
00007302,2026,7,2,1,DUPLICADO_EXACTO,1
00007303,2020,1,2,1,DUPLICADO_EXACTO,1
00007303,2020,8,4,1,DUPLICADO_EXACTO,3
00007303,2025,10,2,1,DUPLICADO_EXACTO,1
00007303,2026,7,2,1,DUPLICADO_EXACTO,1
00007304,2026,7,2,1,DUPLICADO_EXACTO,1
00007305,2025,3,2,1,DUPLICADO_EXACTO,1
00007305,2025,4,2,1,DUPLICADO_EXACTO,1
00007312,2023,12,2,1,DUPLICADO_EXACTO,1
00007312,2024,2,2,1,DUPLICADO_EXACTO,1
00007312,2024,5,3,1,DUPLICADO_EXACTO,2
00007312,2024,6,2,1,DUPLICADO_EXACTO,1
00007312,2024,9,2,1,DUPLICADO_EXACTO,1
00007312,2024,10,2,1,DUPLICADO_EXACTO,1
00007312,2024,12,2,1,DUPLICADO_EXACTO,1
00007312,2025,4,2,1,DUPLICADO_EXACTO,1
00007312,2025,5,2,1,DUPLICADO_EXACTO,1
00007312,2025,8,2,1,DUPLICADO_EXACTO,1
00007312,2025,9,2,1,DUPLICADO_EXACTO,1
00007312,2025,10,3,1,DUPLICADO_EXACTO,2
00007312,2025,11,2,1,DUPLICADO_EXACTO,1
00007314,2024,1,2,1,DUPLICADO_EXACTO,1
00007314,2024,2,4,1,DUPLICADO_EXACTO,3
00007314,2024,9,2,1,DUPLICADO_EXACTO,1
00007314,2026,7,2,1,DUPLICADO_EXACTO,1
00007316,2025,1,2,1,DUPLICADO_EXACTO,1
00007319,2020,6,2,1,DUPLICADO_EXACTO,1
00007319,2020,8,2,1,DUPLICADO_EXACTO,1
00007319,2020,9,3,1,DUPLICADO_EXACTO,2
00007319,2020,10,2,1,DUPLICADO_EXACTO,1
00007319,2020,11,2,1,DUPLICADO_EXACTO,1
00007319,2020,12,2,1,DUPLICADO_EXACTO,1
00007319,2021,1,2,1,DUPLICADO_EXACTO,1
00007319,2021,2,3,1,DUPLICADO_EXACTO,2
00007319,2021,5,2,1,DUPLICADO_EXACTO,1
00007319,2021,10,2,1,DUPLICADO_EXACTO,1
00007319,2022,1,2,1,DUPLICADO_EXACTO,1
00007319,2022,5,2,1,DUPLICADO_EXACTO,1
00007319,2022,7,3,1,DUPLICADO_EXACTO,2
00007319,2023,1,2,1,DUPLICADO_EXACTO,1
00007319,2024,4,2,1,DUPLICADO_EXACTO,1
00007319,2024,10,2,1,DUPLICADO_EXACTO,1
00007327,2023,12,2,1,DUPLICADO_EXACTO,1
00007327,2024,2,2,1,DUPLICADO_EXACTO,1
00007327,2024,5,3,1,DUPLICADO_EXACTO,2
00007327,2024,6,2,1,DUPLICADO_EXACTO,1
00007327,2024,9,2,1,DUPLICADO_EXACTO,1
00007327,2024,10,2,1,DUPLICADO_EXACTO,1
00007327,2024,12,2,1,DUPLICADO_EXACTO,1
00007327,2025,4,2,1,DUPLICADO_EXACTO,1
00007327,2025,5,2,1,DUPLICADO_EXACTO,1
00007327,2025,8,2,1,DUPLICADO_EXACTO,1
00007327,2025,9,2,1,DUPLICADO_EXACTO,1
00007327,2025,10,3,1,DUPLICADO_EXACTO,2
00007327,2025,11,2,1,DUPLICADO_EXACTO,1
00007339,2019,2,2,1,DUPLICADO_EXACTO,1
00007339,2025,12,2,1,DUPLICADO_EXACTO,1
00007340,2019,12,4,1,DUPLICADO_EXACTO,3
00007340,2025,12,2,1,DUPLICADO_EXACTO,1
00007341,2019,4,2,1,DUPLICADO_EXACTO,1
00007341,2019,11,2,1,DUPLICADO_EXACTO,1
00007341,2020,7,2,1,DUPLICADO_EXACTO,1
00007341,2024,1,2,1,DUPLICADO_EXACTO,1
00007341,2025,5,3,1,DUPLICADO_EXACTO,2
00007341,2025,10,2,1,DUPLICADO_EXACTO,1
00007342,2019,12,3,1,DUPLICADO_EXACTO,2
00007342,2020,1,2,1,DUPLICADO_EXACTO,1
00007342,2025,12,2,1,DUPLICADO_EXACTO,1
00007343,2019,6,2,1,DUPLICADO_EXACTO,1
00007344,2025,5,2,1,DUPLICADO_EXACTO,1
00007345,2025,5,2,1,DUPLICADO_EXACTO,1
00007346,2025,5,2,1,DUPLICADO_EXACTO,1
00007347,2025,5,3,1,DUPLICADO_EXACTO,2
00007347,2025,7,2,1,DUPLICADO_EXACTO,1
00007349,2025,5,3,1,DUPLICADO_EXACTO,2
00007349,2025,7,2,1,DUPLICADO_EXACTO,1
00007357,2025,8,3,1,DUPLICADO_EXACTO,2
00007357,2025,9,2,1,DUPLICADO_EXACTO,1
00007357,2026,7,3,1,DUPLICADO_EXACTO,2
00007358,2026,2,2,1,DUPLICADO_EXACTO,1
00007358,2026,4,2,1,DUPLICADO_EXACTO,1
00007359,2025,5,2,1,DUPLICADO_EXACTO,1
00007361,2019,12,2,1,DUPLICADO_EXACTO,1
00007361,2025,12,2,1,DUPLICADO_EXACTO,1
00007362,2020,6,2,1,DUPLICADO_EXACTO,1
00007362,2020,8,2,1,DUPLICADO_EXACTO,1
00007362,2020,9,3,1,DUPLICADO_EXACTO,2
00007362,2020,10,2,1,DUPLICADO_EXACTO,1
00007362,2020,11,2,1,DUPLICADO_EXACTO,1
00007362,2020,12,2,1,DUPLICADO_EXACTO,1
00007362,2021,1,2,1,DUPLICADO_EXACTO,1
00007362,2021,2,3,1,DUPLICADO_EXACTO,2
00007362,2021,5,2,1,DUPLICADO_EXACTO,1
00007362,2021,10,2,1,DUPLICADO_EXACTO,1
00007362,2022,1,2,1,DUPLICADO_EXACTO,1
00007362,2022,5,2,1,DUPLICADO_EXACTO,1
00007362,2022,7,3,1,DUPLICADO_EXACTO,2
00007362,2023,1,2,1,DUPLICADO_EXACTO,1
00007362,2024,4,2,1,DUPLICADO_EXACTO,1
00007362,2024,10,2,1,DUPLICADO_EXACTO,1
00007362,2025,6,2,1,DUPLICADO_EXACTO,1
00007362,2025,7,2,1,DUPLICADO_EXACTO,1
00007362,2025,12,2,1,DUPLICADO_EXACTO,1
00007367,2019,11,2,1,DUPLICADO_EXACTO,1
00007368,2022,7,2,1,DUPLICADO_EXACTO,1
00007369,2022,7,2,1,DUPLICADO_EXACTO,1
00007370,2024,2,2,1,DUPLICADO_EXACTO,1
00007370,2024,3,2,1,DUPLICADO_EXACTO,1
00007371,2022,2,2,1,DUPLICADO_EXACTO,1
00007372,2023,3,2,1,DUPLICADO_EXACTO,1
00007372,2023,7,2,1,DUPLICADO_EXACTO,1
00007373,2020,1,2,1,DUPLICADO_EXACTO,1
00007373,2020,2,2,1,DUPLICADO_EXACTO,1
00007373,2020,3,3,1,DUPLICADO_EXACTO,2
00007373,2021,8,2,1,DUPLICADO_EXACTO,1
00007374,2019,4,2,1,DUPLICADO_EXACTO,1
00007374,2020,1,4,1,DUPLICADO_EXACTO,3
00007374,2020,2,2,1,DUPLICADO_EXACTO,1
00007374,2020,3,2,1,DUPLICADO_EXACTO,1
00007374,2020,4,3,1,DUPLICADO_EXACTO,2
00007374,2020,8,2,1,DUPLICADO_EXACTO,1
00007374,2020,9,2,1,DUPLICADO_EXACTO,1
00007374,2020,10,2,1,DUPLICADO_EXACTO,1
00007374,2020,11,2,1,DUPLICADO_EXACTO,1
00007374,2020,12,3,1,DUPLICADO_EXACTO,2
00007374,2021,1,2,1,DUPLICADO_EXACTO,1
00007374,2021,2,2,1,DUPLICADO_EXACTO,1
00007374,2021,3,2,1,DUPLICADO_EXACTO,1
00007374,2021,7,2,1,DUPLICADO_EXACTO,1
00007374,2021,9,2,1,DUPLICADO_EXACTO,1
00007375,2024,12,2,1,DUPLICADO_EXACTO,1
00007384,2020,1,2,1,DUPLICADO_EXACTO,1
00007384,2020,2,2,1,DUPLICADO_EXACTO,1
00007384,2020,3,3,1,DUPLICADO_EXACTO,2
00007384,2021,8,2,1,DUPLICADO_EXACTO,1
00007385,2019,3,2,1,DUPLICADO_EXACTO,1
00007385,2020,1,2,1,DUPLICADO_EXACTO,1
00007385,2020,2,2,1,DUPLICADO_EXACTO,1
00007385,2020,3,3,1,DUPLICADO_EXACTO,2
00007385,2021,8,2,1,DUPLICADO_EXACTO,1
00007386,2023,12,2,1,DUPLICADO_EXACTO,1
00007386,2024,2,2,1,DUPLICADO_EXACTO,1
00007386,2024,5,3,1,DUPLICADO_EXACTO,2
00007386,2024,6,2,1,DUPLICADO_EXACTO,1
00007386,2024,10,2,1,DUPLICADO_EXACTO,1
00007386,2024,12,2,1,DUPLICADO_EXACTO,1
00007386,2025,4,2,1,DUPLICADO_EXACTO,1
00007386,2025,5,2,1,DUPLICADO_EXACTO,1
00007386,2025,8,2,1,DUPLICADO_EXACTO,1
00007386,2025,9,2,1,DUPLICADO_EXACTO,1
00007386,2025,10,3,1,DUPLICADO_EXACTO,2
00007386,2025,11,2,1,DUPLICADO_EXACTO,1
00007387,2023,12,2,1,DUPLICADO_EXACTO,1
00007387,2024,2,2,1,DUPLICADO_EXACTO,1
00007387,2024,5,3,1,DUPLICADO_EXACTO,2
00007387,2024,6,2,1,DUPLICADO_EXACTO,1
00007387,2024,10,2,1,DUPLICADO_EXACTO,1
00007387,2024,12,2,1,DUPLICADO_EXACTO,1
00007387,2025,4,2,1,DUPLICADO_EXACTO,1
00007387,2025,5,2,1,DUPLICADO_EXACTO,1
00007387,2025,8,2,1,DUPLICADO_EXACTO,1
00007387,2025,9,2,1,DUPLICADO_EXACTO,1
00007387,2025,10,3,1,DUPLICADO_EXACTO,2
00007387,2025,11,2,1,DUPLICADO_EXACTO,1
00007388,2023,12,2,1,DUPLICADO_EXACTO,1
00007388,2024,2,2,1,DUPLICADO_EXACTO,1
00007388,2024,5,3,1,DUPLICADO_EXACTO,2
00007388,2024,6,2,1,DUPLICADO_EXACTO,1
00007388,2024,10,2,1,DUPLICADO_EXACTO,1
00007388,2024,12,2,1,DUPLICADO_EXACTO,1
00007388,2025,4,2,1,DUPLICADO_EXACTO,1
00007388,2025,5,2,1,DUPLICADO_EXACTO,1
00007388,2025,8,2,1,DUPLICADO_EXACTO,1
00007388,2025,9,2,1,DUPLICADO_EXACTO,1
00007388,2025,10,3,1,DUPLICADO_EXACTO,2
00007388,2025,11,2,1,DUPLICADO_EXACTO,1
00007390,2023,12,2,1,DUPLICADO_EXACTO,1
00007390,2024,2,2,1,DUPLICADO_EXACTO,1
00007390,2024,5,3,1,DUPLICADO_EXACTO,2
00007390,2024,6,2,1,DUPLICADO_EXACTO,1
00007390,2024,9,2,1,DUPLICADO_EXACTO,1
00007390,2024,10,2,1,DUPLICADO_EXACTO,1
00007390,2024,12,2,1,DUPLICADO_EXACTO,1
00007390,2025,4,2,1,DUPLICADO_EXACTO,1
00007390,2025,5,2,1,DUPLICADO_EXACTO,1
00007390,2025,8,2,1,DUPLICADO_EXACTO,1
00007390,2025,9,2,1,DUPLICADO_EXACTO,1
00007390,2025,10,3,1,DUPLICADO_EXACTO,2
00007390,2025,11,2,1,DUPLICADO_EXACTO,1
00007391,2020,1,2,1,DUPLICADO_EXACTO,1
00007391,2020,2,2,1,DUPLICADO_EXACTO,1
00007392,2020,1,2,1,DUPLICADO_EXACTO,1
00007392,2020,2,2,1,DUPLICADO_EXACTO,1
00007393,2023,12,2,1,DUPLICADO_EXACTO,1
00007393,2024,2,2,1,DUPLICADO_EXACTO,1
00007393,2024,5,3,1,DUPLICADO_EXACTO,2
00007393,2024,6,2,1,DUPLICADO_EXACTO,1
00007393,2024,10,2,1,DUPLICADO_EXACTO,1
00007393,2024,12,2,1,DUPLICADO_EXACTO,1
00007393,2025,4,2,1,DUPLICADO_EXACTO,1
00007393,2025,5,2,1,DUPLICADO_EXACTO,1
00007393,2025,8,2,1,DUPLICADO_EXACTO,1
00007393,2025,9,2,1,DUPLICADO_EXACTO,1
00007393,2025,10,3,1,DUPLICADO_EXACTO,2
00007393,2025,11,2,1,DUPLICADO_EXACTO,1
00007394,2023,12,2,1,DUPLICADO_EXACTO,1
00007394,2024,2,2,1,DUPLICADO_EXACTO,1
00007394,2024,5,3,1,DUPLICADO_EXACTO,2
00007394,2024,6,2,1,DUPLICADO_EXACTO,1
00007394,2024,9,2,1,DUPLICADO_EXACTO,1
00007394,2024,10,2,1,DUPLICADO_EXACTO,1
00007394,2024,12,2,1,DUPLICADO_EXACTO,1
00007394,2025,4,2,1,DUPLICADO_EXACTO,1
00007394,2025,5,2,1,DUPLICADO_EXACTO,1
00007394,2025,8,2,1,DUPLICADO_EXACTO,1
00007394,2025,9,2,1,DUPLICADO_EXACTO,1
00007394,2025,10,3,1,DUPLICADO_EXACTO,2
00007394,2025,11,2,1,DUPLICADO_EXACTO,1
00007395,2023,12,2,1,DUPLICADO_EXACTO,1
00007395,2024,2,2,1,DUPLICADO_EXACTO,1
00007395,2024,5,3,1,DUPLICADO_EXACTO,2
00007395,2024,6,2,1,DUPLICADO_EXACTO,1
00007395,2024,9,2,1,DUPLICADO_EXACTO,1
00007395,2024,10,2,1,DUPLICADO_EXACTO,1
00007395,2024,12,2,1,DUPLICADO_EXACTO,1
00007395,2025,4,2,1,DUPLICADO_EXACTO,1
00007395,2025,5,2,1,DUPLICADO_EXACTO,1
00007395,2025,8,2,1,DUPLICADO_EXACTO,1
00007395,2025,9,2,1,DUPLICADO_EXACTO,1
00007395,2025,10,3,1,DUPLICADO_EXACTO,2
00007395,2025,11,2,1,DUPLICADO_EXACTO,1
00007396,2023,12,2,1,DUPLICADO_EXACTO,1
00007396,2024,2,2,1,DUPLICADO_EXACTO,1
00007396,2024,5,3,1,DUPLICADO_EXACTO,2
00007396,2024,6,2,1,DUPLICADO_EXACTO,1
00007396,2024,9,2,1,DUPLICADO_EXACTO,1
00007396,2024,10,2,1,DUPLICADO_EXACTO,1
00007396,2024,12,2,1,DUPLICADO_EXACTO,1
00007396,2025,4,2,1,DUPLICADO_EXACTO,1
00007396,2025,5,2,1,DUPLICADO_EXACTO,1
00007396,2025,8,2,1,DUPLICADO_EXACTO,1
00007396,2025,9,2,1,DUPLICADO_EXACTO,1
00007396,2025,10,3,1,DUPLICADO_EXACTO,2
00007396,2025,11,2,1,DUPLICADO_EXACTO,1
00007401,2023,2,2,1,DUPLICADO_EXACTO,1
00007401,2023,3,2,1,DUPLICADO_EXACTO,1
00007401,2025,8,2,1,DUPLICADO_EXACTO,1
00007405,2025,5,2,1,DUPLICADO_EXACTO,1
00007406,2019,6,3,1,DUPLICADO_EXACTO,2
00007406,2024,1,2,1,DUPLICADO_EXACTO,1
00007407,2019,11,2,1,DUPLICADO_EXACTO,1
00007407,2022,3,2,1,DUPLICADO_EXACTO,1
00007407,2025,3,2,1,DUPLICADO_EXACTO,1
00007407,2025,11,2,1,DUPLICADO_EXACTO,1
00007409,2021,11,2,1,DUPLICADO_EXACTO,1
00007409,2024,12,2,1,DUPLICADO_EXACTO,1
00007411,2020,6,2,1,DUPLICADO_EXACTO,1
00007411,2020,10,2,1,DUPLICADO_EXACTO,1
00007411,2020,11,2,1,DUPLICADO_EXACTO,1
00007411,2025,7,2,1,DUPLICADO_EXACTO,1
00007414,2025,4,2,1,DUPLICADO_EXACTO,1
00007414,2025,8,5,1,DUPLICADO_EXACTO,4
00007418,2023,7,2,1,DUPLICADO_EXACTO,1
00007420,2019,11,2,1,DUPLICADO_EXACTO,1
00007420,2019,12,2,1,DUPLICADO_EXACTO,1
00007426,2025,5,3,1,DUPLICADO_EXACTO,2
00007426,2025,7,2,1,DUPLICADO_EXACTO,1
00007431,2019,12,2,1,DUPLICADO_EXACTO,1
00007432,2020,6,2,1,DUPLICADO_EXACTO,1
00007432,2020,10,2,1,DUPLICADO_EXACTO,1
00007432,2020,11,3,1,DUPLICADO_EXACTO,2
00007432,2025,7,2,1,DUPLICADO_EXACTO,1
00007433,2020,1,13,1,DUPLICADO_EXACTO,12
00007433,2024,7,5,1,DUPLICADO_EXACTO,4
00007433,2024,8,2,1,DUPLICADO_EXACTO,1
00007433,2024,9,2,1,DUPLICADO_EXACTO,1
00007436,2025,5,3,1,DUPLICADO_EXACTO,2
00007436,2025,7,2,1,DUPLICADO_EXACTO,1
00007439,2025,5,2,1,DUPLICADO_EXACTO,1
00007440,2025,5,2,1,DUPLICADO_EXACTO,1
00007441,2025,5,2,1,DUPLICADO_EXACTO,1
00007442,2025,5,2,1,DUPLICADO_EXACTO,1
00007443,2025,5,2,1,DUPLICADO_EXACTO,1
00007449,2021,5,2,1,DUPLICADO_EXACTO,1
00007449,2026,3,2,1,DUPLICADO_EXACTO,1
00007450,2023,12,2,1,DUPLICADO_EXACTO,1
00007450,2024,2,2,1,DUPLICADO_EXACTO,1
00007450,2024,5,3,1,DUPLICADO_EXACTO,2
00007450,2024,6,2,1,DUPLICADO_EXACTO,1
00007450,2024,9,2,1,DUPLICADO_EXACTO,1
00007450,2024,10,2,1,DUPLICADO_EXACTO,1
00007450,2024,12,2,1,DUPLICADO_EXACTO,1
00007450,2025,4,2,1,DUPLICADO_EXACTO,1
00007450,2025,5,2,1,DUPLICADO_EXACTO,1
00007450,2025,8,2,1,DUPLICADO_EXACTO,1
00007450,2025,9,2,1,DUPLICADO_EXACTO,1
00007450,2025,10,3,1,DUPLICADO_EXACTO,2
00007450,2025,11,2,1,DUPLICADO_EXACTO,1
00007454,2024,1,2,1,DUPLICADO_EXACTO,1
00007460,2025,5,2,1,DUPLICADO_EXACTO,1
00007461,2019,12,2,1,DUPLICADO_EXACTO,1
00007463,2024,11,2,1,DUPLICADO_EXACTO,1
00007463,2025,12,2,1,DUPLICADO_EXACTO,1
00007637,2026,5,3,1,DUPLICADO_EXACTO,2
00007637,2026,6,6,1,DUPLICADO_EXACTO,5
00007651,2019,8,2,1,DUPLICADO_EXACTO,1
00007687,2021,10,2,1,DUPLICADO_EXACTO,1
00007687,2022,7,2,1,DUPLICADO_EXACTO,1
00007687,2023,8,2,1,DUPLICADO_EXACTO,1
00007687,2025,2,2,1,DUPLICADO_EXACTO,1
00007692,2025,5,2,1,DUPLICADO_EXACTO,1
00007693,2025,4,2,1,DUPLICADO_EXACTO,1
00007697,2026,1,5,1,DUPLICADO_EXACTO,4
00007697,2026,2,2,1,DUPLICADO_EXACTO,1
00007699,2020,3,2,1,DUPLICADO_EXACTO,1
00007699,2020,9,2,1,DUPLICADO_EXACTO,1
00007699,2026,5,2,1,DUPLICADO_EXACTO,1
00007700,2024,4,2,1,DUPLICADO_EXACTO,1
00007700,2024,5,2,1,DUPLICADO_EXACTO,1
00007700,2024,6,2,1,DUPLICADO_EXACTO,1
00007700,2024,7,2,1,DUPLICADO_EXACTO,1
00007700,2024,9,2,1,DUPLICADO_EXACTO,1
00007700,2024,10,2,1,DUPLICADO_EXACTO,1
00007700,2025,1,2,1,DUPLICADO_EXACTO,1
00007700,2025,11,2,1,DUPLICADO_EXACTO,1
00007700,2025,12,2,1,DUPLICADO_EXACTO,1
00007700,2026,1,2,1,DUPLICADO_EXACTO,1
00007700,2026,6,2,1,DUPLICADO_EXACTO,1
00007701,2026,1,5,1,DUPLICADO_EXACTO,4
00007701,2026,2,2,1,DUPLICADO_EXACTO,1
00007705,2019,5,2,1,DUPLICADO_EXACTO,1
00007705,2025,7,2,1,DUPLICADO_EXACTO,1
00007706,2023,12,2,1,DUPLICADO_EXACTO,1
00007706,2024,2,2,1,DUPLICADO_EXACTO,1
00007706,2024,5,3,1,DUPLICADO_EXACTO,2
00007706,2024,6,2,1,DUPLICADO_EXACTO,1
00007706,2024,9,2,1,DUPLICADO_EXACTO,1
00007706,2024,10,2,1,DUPLICADO_EXACTO,1
00007706,2024,12,2,1,DUPLICADO_EXACTO,1
00007706,2025,4,2,1,DUPLICADO_EXACTO,1
00007706,2025,5,2,1,DUPLICADO_EXACTO,1
00007706,2025,8,2,1,DUPLICADO_EXACTO,1
00007706,2025,9,2,1,DUPLICADO_EXACTO,1
00007706,2025,10,3,1,DUPLICADO_EXACTO,2
00007706,2025,11,2,1,DUPLICADO_EXACTO,1
00007707,2024,5,2,1,DUPLICADO_EXACTO,1
00007707,2024,12,2,1,DUPLICADO_EXACTO,1
00007707,2025,5,2,1,DUPLICADO_EXACTO,1
00007707,2025,9,2,1,DUPLICADO_EXACTO,1
00007707,2025,10,3,1,DUPLICADO_EXACTO,2
00007707,2025,11,2,1,DUPLICADO_EXACTO,1
00007708,2024,8,2,1,DUPLICADO_EXACTO,1
00007708,2024,9,3,1,DUPLICADO_EXACTO,2
00007708,2025,1,2,1,DUPLICADO_EXACTO,1
00007708,2025,6,2,1,DUPLICADO_EXACTO,1
00007708,2025,7,2,1,DUPLICADO_EXACTO,1
00007708,2025,9,2,1,DUPLICADO_EXACTO,1
00007708,2025,10,2,1,DUPLICADO_EXACTO,1
00007708,2025,11,2,1,DUPLICADO_EXACTO,1
00007708,2025,12,2,1,DUPLICADO_EXACTO,1
00007708,2026,3,2,1,DUPLICADO_EXACTO,1
00007709,2026,2,2,1,DUPLICADO_EXACTO,1
00007709,2026,4,2,1,DUPLICADO_EXACTO,1
00007717,2019,12,2,1,DUPLICADO_EXACTO,1
00007717,2020,6,2,1,DUPLICADO_EXACTO,1
00007717,2020,10,2,1,DUPLICADO_EXACTO,1
00007717,2020,11,2,1,DUPLICADO_EXACTO,1
00007717,2025,7,2,1,DUPLICADO_EXACTO,1
00007720,2019,7,2,1,DUPLICADO_EXACTO,1
00007720,2026,7,2,1,DUPLICADO_EXACTO,1
00007739,2025,10,4,1,DUPLICADO_EXACTO,3
00007744,2020,3,2,1,DUPLICADO_EXACTO,1
00007747,2022,9,2,1,DUPLICADO_EXACTO,1
00007748,2026,1,5,1,DUPLICADO_EXACTO,4
00007748,2026,2,2,1,DUPLICADO_EXACTO,1
00007749,2020,2,2,1,DUPLICADO_EXACTO,1
00007749,2022,8,2,1,DUPLICADO_EXACTO,1
00007750,2020,2,2,1,DUPLICADO_EXACTO,1
00007750,2023,8,2,1,DUPLICADO_EXACTO,1
00007750,2026,1,3,1,DUPLICADO_EXACTO,2
00007751,2023,4,2,1,DUPLICADO_EXACTO,1
00007751,2023,10,2,1,DUPLICADO_EXACTO,1
00007752,2022,9,2,1,DUPLICADO_EXACTO,1
00008151,2019,8,5,1,DUPLICADO_EXACTO,4
00008283,2019,10,6,1,DUPLICADO_EXACTO,5
00008283,2024,1,2,1,DUPLICADO_EXACTO,1
00008284,2022,1,3,1,DUPLICADO_EXACTO,2
00008370,2019,12,4,1,DUPLICADO_EXACTO,3
00008673,2019,5,2,1,DUPLICADO_EXACTO,1
00008803,2024,12,4,1,DUPLICADO_EXACTO,3
00008825,2025,5,2,1,DUPLICADO_EXACTO,1
00008826,2025,5,2,1,DUPLICADO_EXACTO,1
00008911,2021,1,3,1,DUPLICADO_EXACTO,2
00008911,2021,12,2,1,DUPLICADO_EXACTO,1
00008911,2022,10,2,1,DUPLICADO_EXACTO,1
00008911,2022,11,3,1,DUPLICADO_EXACTO,2
00008911,2023,3,2,1,DUPLICADO_EXACTO,1
00008911,2023,7,2,1,DUPLICADO_EXACTO,1
00008911,2023,10,2,1,DUPLICADO_EXACTO,1
00008911,2024,4,2,1,DUPLICADO_EXACTO,1
00008911,2024,5,2,1,DUPLICADO_EXACTO,1
00008911,2024,6,2,1,DUPLICADO_EXACTO,1
00008911,2024,7,2,1,DUPLICADO_EXACTO,1
00008911,2026,1,2,1,DUPLICADO_EXACTO,1
00008911,2026,3,4,1,DUPLICADO_EXACTO,3
00008911,2026,4,2,1,DUPLICADO_EXACTO,1
00008911,2026,5,2,1,DUPLICADO_EXACTO,1
00008911,2026,6,2,1,DUPLICADO_EXACTO,1
00008911,2026,7,2,1,DUPLICADO_EXACTO,1
00008912,2020,11,2,1,DUPLICADO_EXACTO,1
00008912,2023,9,2,1,DUPLICADO_EXACTO,1
00008913,2021,8,2,1,DUPLICADO_EXACTO,1
00008913,2023,3,3,1,DUPLICADO_EXACTO,2
00008914,2019,9,3,1,DUPLICADO_EXACTO,2
00008915,2021,2,2,1,DUPLICADO_EXACTO,1
00008915,2021,8,2,1,DUPLICADO_EXACTO,1
00008922,2022,9,2,1,DUPLICADO_EXACTO,1
00008923,2023,4,2,1,DUPLICADO_EXACTO,1
00008923,2023,10,2,1,DUPLICADO_EXACTO,1
00008924,2022,4,2,1,DUPLICADO_EXACTO,1
00008924,2024,2,2,1,DUPLICADO_EXACTO,1
00008924,2024,3,2,1,DUPLICADO_EXACTO,1
00008925,2019,12,2,1,DUPLICADO_EXACTO,1
00008995,2020,1,4,1,DUPLICADO_EXACTO,3
00008995,2020,2,2,1,DUPLICADO_EXACTO,1
00008995,2020,3,2,1,DUPLICADO_EXACTO,1
00008995,2020,4,2,1,DUPLICADO_EXACTO,1
00008995,2020,5,2,1,DUPLICADO_EXACTO,1
00008995,2020,7,5,1,DUPLICADO_EXACTO,4
00008995,2021,8,2,1,DUPLICADO_EXACTO,1
00008995,2022,7,2,1,DUPLICADO_EXACTO,1
00008995,2023,6,2,1,DUPLICADO_EXACTO,1
00008995,2023,7,2,1,DUPLICADO_EXACTO,1
00008995,2023,8,2,1,DUPLICADO_EXACTO,1
00008995,2023,9,2,1,DUPLICADO_EXACTO,1
00008995,2023,10,2,1,DUPLICADO_EXACTO,1
00008995,2023,11,3,1,DUPLICADO_EXACTO,2
00008995,2023,12,2,1,DUPLICADO_EXACTO,1
00008995,2024,3,2,1,DUPLICADO_EXACTO,1
00008995,2024,4,2,1,DUPLICADO_EXACTO,1
00008995,2024,5,2,1,DUPLICADO_EXACTO,1
00008995,2024,6,2,1,DUPLICADO_EXACTO,1
00008996,2020,1,4,1,DUPLICADO_EXACTO,3
00008996,2020,3,2,1,DUPLICADO_EXACTO,1
00008996,2020,4,2,1,DUPLICADO_EXACTO,1
00008996,2020,5,2,1,DUPLICADO_EXACTO,1
00008996,2020,7,5,1,DUPLICADO_EXACTO,4
00008996,2021,8,2,1,DUPLICADO_EXACTO,1
00008996,2022,7,2,1,DUPLICADO_EXACTO,1
00008996,2023,6,2,1,DUPLICADO_EXACTO,1
00008996,2023,7,2,1,DUPLICADO_EXACTO,1
00008996,2023,8,2,1,DUPLICADO_EXACTO,1
00008996,2023,9,2,1,DUPLICADO_EXACTO,1
00008996,2023,10,2,1,DUPLICADO_EXACTO,1
00008996,2023,11,3,1,DUPLICADO_EXACTO,2
00008996,2023,12,2,1,DUPLICADO_EXACTO,1
00008996,2024,3,2,1,DUPLICADO_EXACTO,1
00008996,2024,4,2,1,DUPLICADO_EXACTO,1
00008996,2024,5,2,1,DUPLICADO_EXACTO,1
00008996,2024,6,2,1,DUPLICADO_EXACTO,1
00009029,2019,4,2,1,DUPLICADO_EXACTO,1
00009029,2019,5,3,1,DUPLICADO_EXACTO,2
00009029,2019,9,2,1,DUPLICADO_EXACTO,1
00009029,2019,11,2,1,DUPLICADO_EXACTO,1
00009029,2020,1,4,1,DUPLICADO_EXACTO,3
00009029,2020,2,2,1,DUPLICADO_EXACTO,1
00009029,2020,3,2,1,DUPLICADO_EXACTO,1
00009029,2020,4,3,1,DUPLICADO_EXACTO,2
00009029,2020,8,2,1,DUPLICADO_EXACTO,1
00009029,2020,9,2,1,DUPLICADO_EXACTO,1
00009029,2020,10,2,1,DUPLICADO_EXACTO,1
00009029,2020,11,2,1,DUPLICADO_EXACTO,1
00009029,2020,12,3,1,DUPLICADO_EXACTO,2
00009029,2021,1,2,1,DUPLICADO_EXACTO,1
00009029,2021,2,2,1,DUPLICADO_EXACTO,1
00009029,2021,3,2,1,DUPLICADO_EXACTO,1
00009029,2021,7,2,1,DUPLICADO_EXACTO,1
00009029,2021,9,2,1,DUPLICADO_EXACTO,1
00009046,2020,1,2,1,DUPLICADO_EXACTO,1
00009046,2020,2,2,1,DUPLICADO_EXACTO,1
00009046,2020,3,3,1,DUPLICADO_EXACTO,2
00009046,2020,4,2,1,DUPLICADO_EXACTO,1
00009046,2020,5,2,1,DUPLICADO_EXACTO,1
00009046,2020,6,2,1,DUPLICADO_EXACTO,1
00009046,2020,7,2,1,DUPLICADO_EXACTO,1
00009046,2020,8,2,1,DUPLICADO_EXACTO,1
00009046,2020,9,2,1,DUPLICADO_EXACTO,1
00009046,2020,11,4,1,DUPLICADO_EXACTO,3
00009046,2020,12,4,1,DUPLICADO_EXACTO,3
00009046,2021,2,2,1,DUPLICADO_EXACTO,1
00009046,2021,3,2,1,DUPLICADO_EXACTO,1
00009046,2021,6,2,1,DUPLICADO_EXACTO,1
00009046,2021,7,3,1,DUPLICADO_EXACTO,2
00009046,2021,8,3,1,DUPLICADO_EXACTO,2
00009046,2021,10,2,1,DUPLICADO_EXACTO,1
00009046,2021,11,2,1,DUPLICADO_EXACTO,1
00009046,2022,11,2,1,DUPLICADO_EXACTO,1
00009046,2022,12,3,1,DUPLICADO_EXACTO,2
00009046,2023,1,2,1,DUPLICADO_EXACTO,1
00009046,2023,7,2,1,DUPLICADO_EXACTO,1
00009046,2023,8,6,1,DUPLICADO_EXACTO,5
00009046,2023,9,2,1,DUPLICADO_EXACTO,1
00009046,2023,10,2,1,DUPLICADO_EXACTO,1
00009046,2023,11,3,1,DUPLICADO_EXACTO,2
00009046,2023,12,2,1,DUPLICADO_EXACTO,1
00009046,2024,1,2,1,DUPLICADO_EXACTO,1
00009046,2024,2,3,1,DUPLICADO_EXACTO,2
00009046,2024,3,4,1,DUPLICADO_EXACTO,3
00009046,2024,4,2,1,DUPLICADO_EXACTO,1
00009046,2024,5,2,1,DUPLICADO_EXACTO,1
00009046,2024,7,2,1,DUPLICADO_EXACTO,1
00009046,2024,8,4,1,DUPLICADO_EXACTO,3
00009046,2024,10,2,1,DUPLICADO_EXACTO,1
00009046,2025,2,2,1,DUPLICADO_EXACTO,1
00009046,2025,3,2,1,DUPLICADO_EXACTO,1
00009046,2025,4,2,1,DUPLICADO_EXACTO,1
00009046,2025,5,6,1,DUPLICADO_EXACTO,5
00009046,2025,6,4,1,DUPLICADO_EXACTO,3
00009046,2025,7,9,1,DUPLICADO_EXACTO,8
00009046,2025,8,3,1,DUPLICADO_EXACTO,2
00009046,2025,9,2,1,DUPLICADO_EXACTO,1
00009046,2025,10,3,1,DUPLICADO_EXACTO,2
00009046,2026,3,10,1,DUPLICADO_EXACTO,9
00009046,2026,4,7,1,DUPLICADO_EXACTO,6
00009046,2026,5,4,1,DUPLICADO_EXACTO,3
00009046,2026,6,2,1,DUPLICADO_EXACTO,1
00009046,2026,7,3,1,DUPLICADO_EXACTO,2
00009049,2020,1,2,1,DUPLICADO_EXACTO,1
00009049,2020,2,2,1,DUPLICADO_EXACTO,1
00009049,2020,3,3,1,DUPLICADO_EXACTO,2
00009049,2020,4,2,1,DUPLICADO_EXACTO,1
00009049,2020,5,2,1,DUPLICADO_EXACTO,1
00009049,2020,6,2,1,DUPLICADO_EXACTO,1
00009049,2020,7,2,1,DUPLICADO_EXACTO,1
00009049,2020,8,2,1,DUPLICADO_EXACTO,1
00009049,2020,9,2,1,DUPLICADO_EXACTO,1
00009049,2020,11,4,1,DUPLICADO_EXACTO,3
00009049,2020,12,4,1,DUPLICADO_EXACTO,3
00009049,2021,2,2,1,DUPLICADO_EXACTO,1
00009049,2021,3,2,1,DUPLICADO_EXACTO,1
00009049,2021,6,2,1,DUPLICADO_EXACTO,1
00009049,2021,7,3,1,DUPLICADO_EXACTO,2
00009049,2021,8,3,1,DUPLICADO_EXACTO,2
00009049,2021,10,2,1,DUPLICADO_EXACTO,1
00009049,2021,11,2,1,DUPLICADO_EXACTO,1
00009049,2022,11,2,1,DUPLICADO_EXACTO,1
00009049,2022,12,3,1,DUPLICADO_EXACTO,2
00009049,2023,1,2,1,DUPLICADO_EXACTO,1
00009049,2023,7,2,1,DUPLICADO_EXACTO,1
00009049,2023,8,6,1,DUPLICADO_EXACTO,5
00009049,2023,9,2,1,DUPLICADO_EXACTO,1
00009049,2023,10,2,1,DUPLICADO_EXACTO,1
00009049,2023,11,3,1,DUPLICADO_EXACTO,2
00009049,2023,12,2,1,DUPLICADO_EXACTO,1
00009049,2024,1,2,1,DUPLICADO_EXACTO,1
00009049,2024,2,3,1,DUPLICADO_EXACTO,2
00009049,2024,3,4,1,DUPLICADO_EXACTO,3
00009049,2024,4,2,1,DUPLICADO_EXACTO,1
00009049,2024,5,2,1,DUPLICADO_EXACTO,1
00009049,2024,7,2,1,DUPLICADO_EXACTO,1
00009049,2024,8,4,1,DUPLICADO_EXACTO,3
00009049,2024,10,2,1,DUPLICADO_EXACTO,1
00009049,2025,2,3,1,DUPLICADO_EXACTO,2
00009049,2025,3,2,1,DUPLICADO_EXACTO,1
00009049,2025,4,2,1,DUPLICADO_EXACTO,1
00009049,2025,5,6,1,DUPLICADO_EXACTO,5
00009049,2025,6,4,1,DUPLICADO_EXACTO,3
00009049,2025,7,9,1,DUPLICADO_EXACTO,8
00009049,2025,8,3,1,DUPLICADO_EXACTO,2
00009049,2025,9,2,1,DUPLICADO_EXACTO,1
00009049,2025,10,3,1,DUPLICADO_EXACTO,2
00009049,2026,3,10,1,DUPLICADO_EXACTO,9
00009049,2026,4,7,1,DUPLICADO_EXACTO,6
00009049,2026,5,4,1,DUPLICADO_EXACTO,3
00009049,2026,6,2,1,DUPLICADO_EXACTO,1
00009049,2026,7,3,1,DUPLICADO_EXACTO,2
00009078,2019,4,2,1,DUPLICADO_EXACTO,1
00009078,2019,5,3,1,DUPLICADO_EXACTO,2
00009078,2020,1,4,1,DUPLICADO_EXACTO,3
00009078,2020,2,2,1,DUPLICADO_EXACTO,1
00009078,2020,3,2,1,DUPLICADO_EXACTO,1
00009078,2020,4,3,1,DUPLICADO_EXACTO,2
00009078,2020,8,2,1,DUPLICADO_EXACTO,1
00009078,2020,9,2,1,DUPLICADO_EXACTO,1
00009078,2020,10,2,1,DUPLICADO_EXACTO,1
00009078,2020,12,3,1,DUPLICADO_EXACTO,2
00009078,2021,1,2,1,DUPLICADO_EXACTO,1
00009078,2021,2,2,1,DUPLICADO_EXACTO,1
00009078,2021,3,2,1,DUPLICADO_EXACTO,1
00009078,2021,7,2,1,DUPLICADO_EXACTO,1
00009078,2021,9,2,1,DUPLICADO_EXACTO,1
00009083,2019,4,2,1,DUPLICADO_EXACTO,1
00009083,2019,5,3,1,DUPLICADO_EXACTO,2
00009083,2019,11,2,1,DUPLICADO_EXACTO,1
00009083,2020,1,4,1,DUPLICADO_EXACTO,3
00009083,2020,2,2,1,DUPLICADO_EXACTO,1
00009083,2020,3,2,1,DUPLICADO_EXACTO,1
00009083,2020,4,3,1,DUPLICADO_EXACTO,2
00009083,2020,10,2,1,DUPLICADO_EXACTO,1
00009083,2020,11,2,1,DUPLICADO_EXACTO,1
00009083,2020,12,3,1,DUPLICADO_EXACTO,2
00009083,2021,1,2,1,DUPLICADO_EXACTO,1
00009083,2021,2,2,1,DUPLICADO_EXACTO,1
00009083,2021,3,2,1,DUPLICADO_EXACTO,1
00009083,2021,7,2,1,DUPLICADO_EXACTO,1
00009083,2021,9,2,1,DUPLICADO_EXACTO,1
00009084,2020,1,2,1,DUPLICADO_EXACTO,1
00009084,2020,2,2,1,DUPLICADO_EXACTO,1
00009084,2020,3,3,1,DUPLICADO_EXACTO,2
00009084,2020,4,2,1,DUPLICADO_EXACTO,1
00009084,2020,5,2,1,DUPLICADO_EXACTO,1
00009084,2020,6,2,1,DUPLICADO_EXACTO,1
00009084,2020,7,2,1,DUPLICADO_EXACTO,1
00009084,2020,8,2,1,DUPLICADO_EXACTO,1
00009084,2020,9,2,1,DUPLICADO_EXACTO,1
00009084,2020,11,4,1,DUPLICADO_EXACTO,3
00009084,2020,12,4,1,DUPLICADO_EXACTO,3
00009084,2021,2,2,1,DUPLICADO_EXACTO,1
00009084,2021,3,2,1,DUPLICADO_EXACTO,1
00009084,2021,6,2,1,DUPLICADO_EXACTO,1
00009084,2021,7,3,1,DUPLICADO_EXACTO,2
00009084,2021,8,3,1,DUPLICADO_EXACTO,2
00009084,2021,10,2,1,DUPLICADO_EXACTO,1
00009084,2021,11,2,1,DUPLICADO_EXACTO,1
00009084,2022,11,2,1,DUPLICADO_EXACTO,1
00009084,2022,12,3,1,DUPLICADO_EXACTO,2
00009084,2023,1,2,1,DUPLICADO_EXACTO,1
00009084,2023,7,2,1,DUPLICADO_EXACTO,1
00009084,2023,8,6,1,DUPLICADO_EXACTO,5
00009084,2023,9,2,1,DUPLICADO_EXACTO,1
00009084,2023,10,2,1,DUPLICADO_EXACTO,1
00009084,2023,11,3,1,DUPLICADO_EXACTO,2
00009084,2023,12,2,1,DUPLICADO_EXACTO,1
00009084,2024,1,2,1,DUPLICADO_EXACTO,1
00009084,2024,3,4,1,DUPLICADO_EXACTO,3
00009084,2024,4,2,1,DUPLICADO_EXACTO,1
00009084,2024,5,2,1,DUPLICADO_EXACTO,1
00009084,2024,7,2,1,DUPLICADO_EXACTO,1
00009084,2024,8,4,1,DUPLICADO_EXACTO,3
00009084,2024,10,2,1,DUPLICADO_EXACTO,1
00009084,2025,7,5,1,DUPLICADO_EXACTO,4
00009084,2025,10,3,1,DUPLICADO_EXACTO,2
00009084,2026,3,10,1,DUPLICADO_EXACTO,9
00009084,2026,4,7,1,DUPLICADO_EXACTO,6
00009084,2026,5,4,1,DUPLICADO_EXACTO,3
00009084,2026,6,2,1,DUPLICADO_EXACTO,1
00009084,2026,7,3,1,DUPLICADO_EXACTO,2
00009085,2019,12,2,1,DUPLICADO_EXACTO,1
00009085,2020,1,2,1,DUPLICADO_EXACTO,1
00009085,2020,2,2,1,DUPLICADO_EXACTO,1
00009085,2020,3,2,1,DUPLICADO_EXACTO,1
00009085,2020,4,4,1,DUPLICADO_EXACTO,3
00009085,2020,5,2,1,DUPLICADO_EXACTO,1
00009085,2020,6,2,1,DUPLICADO_EXACTO,1
00009085,2020,8,2,1,DUPLICADO_EXACTO,1
00009085,2020,9,2,1,DUPLICADO_EXACTO,1
00009085,2020,10,2,1,DUPLICADO_EXACTO,1
00009085,2020,11,2,1,DUPLICADO_EXACTO,1
00009085,2020,12,3,1,DUPLICADO_EXACTO,2
00009085,2021,1,2,1,DUPLICADO_EXACTO,1
00009085,2021,2,2,1,DUPLICADO_EXACTO,1
00009085,2021,3,2,1,DUPLICADO_EXACTO,1
00009085,2021,7,4,1,DUPLICADO_EXACTO,3
00009085,2021,9,2,1,DUPLICADO_EXACTO,1
00009085,2022,1,2,1,DUPLICADO_EXACTO,1
00009085,2022,2,3,1,DUPLICADO_EXACTO,2
00009085,2022,3,3,1,DUPLICADO_EXACTO,2
00009085,2022,4,4,1,DUPLICADO_EXACTO,3
00009085,2022,5,2,1,DUPLICADO_EXACTO,1
00009085,2022,7,2,1,DUPLICADO_EXACTO,1
00009085,2022,8,3,1,DUPLICADO_EXACTO,2
00009085,2022,10,2,1,DUPLICADO_EXACTO,1
00009085,2022,11,2,1,DUPLICADO_EXACTO,1
00009085,2022,12,2,1,DUPLICADO_EXACTO,1
00009085,2023,1,2,1,DUPLICADO_EXACTO,1
00009085,2023,2,2,1,DUPLICADO_EXACTO,1
00009085,2023,3,2,1,DUPLICADO_EXACTO,1
00009085,2023,4,2,1,DUPLICADO_EXACTO,1
00009085,2023,5,2,1,DUPLICADO_EXACTO,1
00009085,2023,6,2,1,DUPLICADO_EXACTO,1
00009085,2023,7,2,1,DUPLICADO_EXACTO,1
00009085,2023,8,2,1,DUPLICADO_EXACTO,1
00009085,2023,9,2,1,DUPLICADO_EXACTO,1
00009085,2025,10,3,1,DUPLICADO_EXACTO,2
00009086,2019,4,2,1,DUPLICADO_EXACTO,1
00009086,2019,5,3,1,DUPLICADO_EXACTO,2
00009086,2020,1,4,1,DUPLICADO_EXACTO,3
00009086,2020,2,2,1,DUPLICADO_EXACTO,1
00009086,2020,3,2,1,DUPLICADO_EXACTO,1
00009086,2020,4,3,1,DUPLICADO_EXACTO,2
00009086,2020,10,2,1,DUPLICADO_EXACTO,1
00009086,2020,11,2,1,DUPLICADO_EXACTO,1
00009086,2020,12,3,1,DUPLICADO_EXACTO,2
00009086,2021,1,2,1,DUPLICADO_EXACTO,1
00009086,2021,2,2,1,DUPLICADO_EXACTO,1
00009086,2021,3,2,1,DUPLICADO_EXACTO,1
00009086,2021,7,2,1,DUPLICADO_EXACTO,1
00009086,2021,9,2,1,DUPLICADO_EXACTO,1
00009088,2020,1,2,1,DUPLICADO_EXACTO,1
00009088,2020,2,2,1,DUPLICADO_EXACTO,1
00009088,2020,3,2,1,DUPLICADO_EXACTO,1
00009088,2020,4,4,1,DUPLICADO_EXACTO,3
00009088,2020,5,2,1,DUPLICADO_EXACTO,1
00009088,2020,6,2,1,DUPLICADO_EXACTO,1
00009088,2020,8,2,1,DUPLICADO_EXACTO,1
00009088,2020,9,2,1,DUPLICADO_EXACTO,1
00009088,2020,10,2,1,DUPLICADO_EXACTO,1
00009088,2020,11,2,1,DUPLICADO_EXACTO,1
00009088,2020,12,3,1,DUPLICADO_EXACTO,2
00009088,2021,1,2,1,DUPLICADO_EXACTO,1
00009088,2021,2,2,1,DUPLICADO_EXACTO,1
00009088,2021,3,2,1,DUPLICADO_EXACTO,1
00009088,2021,7,4,1,DUPLICADO_EXACTO,3
00009088,2021,9,2,1,DUPLICADO_EXACTO,1
00009088,2021,10,3,1,DUPLICADO_EXACTO,2
00009088,2022,1,2,1,DUPLICADO_EXACTO,1
00009088,2022,2,3,1,DUPLICADO_EXACTO,2
00009088,2022,3,3,1,DUPLICADO_EXACTO,2
00009088,2022,4,4,1,DUPLICADO_EXACTO,3
00009088,2022,5,2,1,DUPLICADO_EXACTO,1
00009088,2022,7,2,1,DUPLICADO_EXACTO,1
00009088,2022,10,2,1,DUPLICADO_EXACTO,1
00009088,2022,11,2,1,DUPLICADO_EXACTO,1
00009088,2022,12,2,1,DUPLICADO_EXACTO,1
00009088,2023,1,2,1,DUPLICADO_EXACTO,1
00009088,2023,2,2,1,DUPLICADO_EXACTO,1
00009088,2023,3,2,1,DUPLICADO_EXACTO,1
00009088,2023,4,2,1,DUPLICADO_EXACTO,1
00009088,2023,5,2,1,DUPLICADO_EXACTO,1
00009088,2023,6,2,1,DUPLICADO_EXACTO,1
00009088,2023,7,2,1,DUPLICADO_EXACTO,1
00009088,2023,8,2,1,DUPLICADO_EXACTO,1
00009088,2023,9,2,1,DUPLICADO_EXACTO,1
00009088,2023,10,2,1,DUPLICADO_EXACTO,1
00009088,2025,10,3,1,DUPLICADO_EXACTO,2
00009202,2019,12,3,1,DUPLICADO_EXACTO,2
00009221,2026,3,2,1,DUPLICADO_EXACTO,1
00009221,2026,6,2,1,DUPLICADO_EXACTO,1
00009234,2019,12,3,1,DUPLICADO_EXACTO,2
00009251,2019,12,3,1,DUPLICADO_EXACTO,2
00009300,2019,6,3,1,DUPLICADO_EXACTO,2
00009326,2025,4,4,1,DUPLICADO_EXACTO,3
00009409,2018,9,3,1,DUPLICADO_EXACTO,2
00009455,2020,6,2,1,DUPLICADO_EXACTO,1
00009459,2020,6,2,1,DUPLICADO_EXACTO,1
00009466,2025,5,3,1,DUPLICADO_EXACTO,2
00009467,2019,11,2,1,DUPLICADO_EXACTO,1
00009467,2019,12,2,1,DUPLICADO_EXACTO,1
00009467,2025,9,2,1,DUPLICADO_EXACTO,1
00009499,2025,5,2,1,DUPLICADO_EXACTO,1
00009502,2021,7,4,1,DUPLICADO_EXACTO,3
00009502,2021,8,2,1,DUPLICADO_EXACTO,1
00009502,2022,7,2,1,DUPLICADO_EXACTO,1
00009502,2023,6,2,1,DUPLICADO_EXACTO,1
00009503,2019,12,3,1,DUPLICADO_EXACTO,2
00009503,2023,3,2,1,DUPLICADO_EXACTO,1
00009503,2023,7,2,1,DUPLICADO_EXACTO,1
00009513,2025,7,2,1,DUPLICADO_EXACTO,1
00009690,2026,2,2,1,DUPLICADO_EXACTO,1
00009690,2026,4,2,1,DUPLICADO_EXACTO,1
00009693,2023,3,2,1,DUPLICADO_EXACTO,1
00009693,2023,7,2,1,DUPLICADO_EXACTO,1
00009698,2021,7,4,1,DUPLICADO_EXACTO,3
00009698,2021,8,2,1,DUPLICADO_EXACTO,1
00009698,2022,7,2,1,DUPLICADO_EXACTO,1
00009698,2023,6,2,1,DUPLICADO_EXACTO,1
00009706,2019,12,2,1,DUPLICADO_EXACTO,1
00009706,2023,3,2,1,DUPLICADO_EXACTO,1
00009706,2023,7,2,1,DUPLICADO_EXACTO,1
00009707,2021,7,4,1,DUPLICADO_EXACTO,3
00009707,2021,8,2,1,DUPLICADO_EXACTO,1
00009707,2022,7,2,1,DUPLICADO_EXACTO,1
00009707,2023,6,2,1,DUPLICADO_EXACTO,1
00009710,2023,3,2,1,DUPLICADO_EXACTO,1
00009710,2023,7,2,1,DUPLICADO_EXACTO,1
00009713,2025,9,2,1,DUPLICADO_EXACTO,1
00009714,2019,12,2,1,DUPLICADO_EXACTO,1
00009720,2026,1,2,1,DUPLICADO_EXACTO,1
00009731,2020,1,2,1,DUPLICADO_EXACTO,1
00009731,2021,5,2,1,DUPLICADO_EXACTO,1
00009731,2026,3,2,1,DUPLICADO_EXACTO,1
00009734,2020,1,2,1,DUPLICADO_EXACTO,1
00009734,2021,5,2,1,DUPLICADO_EXACTO,1
00009734,2026,3,2,1,DUPLICADO_EXACTO,1
00009749,2019,12,3,1,DUPLICADO_EXACTO,2
00009838,2019,5,3,1,DUPLICADO_EXACTO,2
00009854,2025,5,2,1,DUPLICADO_EXACTO,1
00009857,2025,1,2,1,DUPLICADO_EXACTO,1
00009857,2025,3,2,1,DUPLICADO_EXACTO,1
00009857,2025,4,2,1,DUPLICADO_EXACTO,1
00009857,2025,10,10,1,DUPLICADO_EXACTO,9
00009857,2026,1,2,1,DUPLICADO_EXACTO,1
00009857,2026,2,2,1,DUPLICADO_EXACTO,1
00009857,2026,3,2,1,DUPLICADO_EXACTO,1
00009857,2026,4,2,1,DUPLICADO_EXACTO,1
00009857,2026,6,2,1,DUPLICADO_EXACTO,1
00009857,2026,7,2,1,DUPLICADO_EXACTO,1
00009870,2019,12,2,1,DUPLICADO_EXACTO,1
00009891,2025,4,2,1,DUPLICADO_EXACTO,1
00009891,2025,5,2,1,DUPLICADO_EXACTO,1
00009891,2026,4,2,1,DUPLICADO_EXACTO,1
00009892,2023,12,2,1,DUPLICADO_EXACTO,1
00009893,2025,4,2,1,DUPLICADO_EXACTO,1
00009913,2025,12,2,1,DUPLICADO_EXACTO,1
00009913,2026,1,2,1,DUPLICADO_EXACTO,1
00009964,2019,9,2,1,DUPLICADO_EXACTO,1
00009964,2019,11,2,1,DUPLICADO_EXACTO,1
00009964,2025,8,2,1,DUPLICADO_EXACTO,1
00009964,2025,9,3,1,DUPLICADO_EXACTO,2
00009964,2025,10,2,1,DUPLICADO_EXACTO,1
00009964,2025,11,2,1,DUPLICADO_EXACTO,1
00009964,2025,12,2,1,DUPLICADO_EXACTO,1
00009964,2026,2,2,1,DUPLICADO_EXACTO,1
00009964,2026,3,3,1,DUPLICADO_EXACTO,2
00009964,2026,4,3,1,DUPLICADO_EXACTO,2
00009964,2026,5,2,1,DUPLICADO_EXACTO,1
00009964,2026,6,2,1,DUPLICADO_EXACTO,1
00009964,2026,7,2,1,DUPLICADO_EXACTO,1
00009965,2020,5,2,1,DUPLICADO_EXACTO,1
00009965,2021,11,2,1,DUPLICADO_EXACTO,1
00009965,2022,4,2,1,DUPLICADO_EXACTO,1
00009965,2022,7,2,1,DUPLICADO_EXACTO,1
00009965,2023,7,2,1,DUPLICADO_EXACTO,1
00009965,2023,9,2,1,DUPLICADO_EXACTO,1
00009965,2024,2,2,1,DUPLICADO_EXACTO,1
00009965,2024,3,2,1,DUPLICADO_EXACTO,1
00009965,2024,6,3,1,DUPLICADO_EXACTO,2
00009965,2025,4,2,1,DUPLICADO_EXACTO,1
00009965,2025,10,2,1,DUPLICADO_EXACTO,1
00009965,2026,3,2,1,DUPLICADO_EXACTO,1
00009966,2020,6,2,1,DUPLICADO_EXACTO,1
00009966,2020,10,2,1,DUPLICADO_EXACTO,1
00009966,2020,11,3,1,DUPLICADO_EXACTO,2
00009966,2025,7,2,1,DUPLICADO_EXACTO,1
00009967,2022,7,4,1,DUPLICADO_EXACTO,3
00009967,2022,10,2,1,DUPLICADO_EXACTO,1
00009967,2022,11,3,1,DUPLICADO_EXACTO,2
00009968,2024,11,2,1,DUPLICADO_EXACTO,1
00009968,2025,12,2,1,DUPLICADO_EXACTO,1
00009988,2019,12,5,1,DUPLICADO_EXACTO,4
00010008,2020,1,13,1,DUPLICADO_EXACTO,12
00010008,2024,7,5,1,DUPLICADO_EXACTO,4
00010008,2024,8,2,1,DUPLICADO_EXACTO,1
00010008,2024,9,2,1,DUPLICADO_EXACTO,1
00010095,2025,1,2,1,DUPLICADO_EXACTO,1
00010096,2025,1,2,1,DUPLICADO_EXACTO,1
00010110,2022,6,2,1,DUPLICADO_EXACTO,1
00010110,2023,6,3,1,DUPLICADO_EXACTO,2
00010110,2024,1,2,1,DUPLICADO_EXACTO,1
00010110,2024,9,3,1,DUPLICADO_EXACTO,2
00010110,2024,11,2,1,DUPLICADO_EXACTO,1
00010110,2025,7,2,1,DUPLICADO_EXACTO,1
00010110,2025,11,2,1,DUPLICADO_EXACTO,1
00010110,2026,2,2,1,DUPLICADO_EXACTO,1
00010111,2025,9,3,1,DUPLICADO_EXACTO,2
00010160,2020,7,2,1,DUPLICADO_EXACTO,1
00010160,2020,8,2,1,DUPLICADO_EXACTO,1
00010160,2020,9,2,1,DUPLICADO_EXACTO,1
00010160,2020,10,2,1,DUPLICADO_EXACTO,1
00010160,2020,11,2,1,DUPLICADO_EXACTO,1
00010160,2020,12,2,1,DUPLICADO_EXACTO,1
00010160,2021,1,2,1,DUPLICADO_EXACTO,1
00010160,2021,7,2,1,DUPLICADO_EXACTO,1
00010160,2021,8,2,1,DUPLICADO_EXACTO,1
00010160,2022,10,2,1,DUPLICADO_EXACTO,1
00010160,2022,11,2,1,DUPLICADO_EXACTO,1
00010160,2025,2,2,1,DUPLICADO_EXACTO,1
00010181,2018,8,3,1,DUPLICADO_EXACTO,2
00010251,2020,5,2,1,DUPLICADO_EXACTO,1
00010344,2018,8,3,1,DUPLICADO_EXACTO,2
00010344,2021,1,3,1,DUPLICADO_EXACTO,2
00010502,2021,12,2,1,DUPLICADO_EXACTO,1
00010502,2022,5,2,1,DUPLICADO_EXACTO,1
00010502,2022,7,2,1,DUPLICADO_EXACTO,1
00010502,2024,2,2,1,DUPLICADO_EXACTO,1
00010502,2024,7,2,1,DUPLICADO_EXACTO,1
00010502,2025,1,3,1,DUPLICADO_EXACTO,2
00010502,2025,2,2,1,DUPLICADO_EXACTO,1
00010502,2025,3,2,1,DUPLICADO_EXACTO,1
00010502,2026,2,2,1,DUPLICADO_EXACTO,1
00010502,2026,5,2,1,DUPLICADO_EXACTO,1
00010516,2022,10,6,1,DUPLICADO_EXACTO,5
00010516,2023,8,2,1,DUPLICADO_EXACTO,1
00010567,2018,8,7,1,DUPLICADO_EXACTO,6
00010758,2026,4,3,1,DUPLICADO_EXACTO,2
00010759,2026,3,2,1,DUPLICADO_EXACTO,1
00010759,2026,5,3,1,DUPLICADO_EXACTO,2
00010760,2026,4,3,1,DUPLICADO_EXACTO,2
00010761,2026,5,7,1,DUPLICADO_EXACTO,6
00010762,2026,3,2,1,DUPLICADO_EXACTO,1
00010762,2026,5,3,1,DUPLICADO_EXACTO,2
00010764,2025,5,2,1,DUPLICADO_EXACTO,1
00010804,2021,2,2,1,DUPLICADO_EXACTO,1
00010804,2021,3,2,1,DUPLICADO_EXACTO,1
00010804,2022,11,3,1,DUPLICADO_EXACTO,2
00010809,2019,11,2,1,DUPLICADO_EXACTO,1
00010809,2024,7,2,1,DUPLICADO_EXACTO,1
00010809,2024,12,2,1,DUPLICADO_EXACTO,1
00010809,2025,1,3,1,DUPLICADO_EXACTO,2
00010809,2025,6,2,1,DUPLICADO_EXACTO,1
00010879,2024,12,4,1,DUPLICADO_EXACTO,3
00010918,2024,7,2,1,DUPLICADO_EXACTO,1
00010918,2024,12,2,1,DUPLICADO_EXACTO,1
00010918,2025,1,3,1,DUPLICADO_EXACTO,2
00010918,2025,6,2,1,DUPLICADO_EXACTO,1
00010936,2020,1,2,1,DUPLICADO_EXACTO,1
00010936,2020,2,2,1,DUPLICADO_EXACTO,1
00010936,2020,4,2,1,DUPLICADO_EXACTO,1
00010936,2020,6,2,1,DUPLICADO_EXACTO,1
00010936,2026,5,3,1,DUPLICADO_EXACTO,2
00010936,2026,6,6,1,DUPLICADO_EXACTO,5
00010937,2026,6,6,1,DUPLICADO_EXACTO,5
00010938,2026,5,3,1,DUPLICADO_EXACTO,2
00010938,2026,6,6,1,DUPLICADO_EXACTO,5
00010951,2019,4,2,1,DUPLICADO_EXACTO,1
00010951,2019,5,3,1,DUPLICADO_EXACTO,2
00010951,2020,1,4,1,DUPLICADO_EXACTO,3
00010951,2020,2,2,1,DUPLICADO_EXACTO,1
00010951,2020,3,2,1,DUPLICADO_EXACTO,1
00010951,2020,4,3,1,DUPLICADO_EXACTO,2
00010951,2020,8,2,1,DUPLICADO_EXACTO,1
00010951,2020,9,2,1,DUPLICADO_EXACTO,1
00010951,2020,10,2,1,DUPLICADO_EXACTO,1
00010951,2020,11,2,1,DUPLICADO_EXACTO,1
00010951,2020,12,3,1,DUPLICADO_EXACTO,2
00010951,2021,1,2,1,DUPLICADO_EXACTO,1
00010951,2021,2,2,1,DUPLICADO_EXACTO,1
00010951,2021,3,2,1,DUPLICADO_EXACTO,1
00010951,2021,7,2,1,DUPLICADO_EXACTO,1
00010951,2021,9,2,1,DUPLICADO_EXACTO,1
00010965,2020,1,7,1,DUPLICADO_EXACTO,6
00010965,2020,2,4,1,DUPLICADO_EXACTO,3
00010965,2024,7,2,1,DUPLICADO_EXACTO,1
00010965,2024,8,2,1,DUPLICADO_EXACTO,1
00010965,2025,1,2,1,DUPLICADO_EXACTO,1
00010965,2025,7,3,1,DUPLICADO_EXACTO,2
00010966,2019,6,2,1,DUPLICADO_EXACTO,1
00010966,2019,11,2,1,DUPLICADO_EXACTO,1
00010966,2020,6,2,1,DUPLICADO_EXACTO,1
00010966,2020,10,2,1,DUPLICADO_EXACTO,1
00010966,2020,11,3,1,DUPLICADO_EXACTO,2
00010966,2025,7,2,1,DUPLICADO_EXACTO,1
00010987,2019,6,4,1,DUPLICADO_EXACTO,3
00010990,2026,5,3,1,DUPLICADO_EXACTO,2
00010990,2026,6,6,1,DUPLICADO_EXACTO,5
00010992,2025,4,4,1,DUPLICADO_EXACTO,3
00010993,2024,12,4,1,DUPLICADO_EXACTO,3
00010995,2026,3,2,1,DUPLICADO_EXACTO,1
00010995,2026,7,2,1,DUPLICADO_EXACTO,1
00010997,2019,1,3,1,DUPLICADO_EXACTO,2
00010997,2020,2,2,1,DUPLICADO_EXACTO,1
00010997,2021,11,3,1,DUPLICADO_EXACTO,2
00010997,2023,10,2,1,DUPLICADO_EXACTO,1
00010997,2025,2,4,1,DUPLICADO_EXACTO,3
00010997,2025,12,2,1,DUPLICADO_EXACTO,1
00010997,2026,1,2,1,DUPLICADO_EXACTO,1
00010997,2026,4,2,1,DUPLICADO_EXACTO,1
00011002,2019,1,3,1,DUPLICADO_EXACTO,2
00011002,2019,3,2,1,DUPLICADO_EXACTO,1
00011002,2020,2,2,1,DUPLICADO_EXACTO,1
00011002,2021,11,3,1,DUPLICADO_EXACTO,2
00011002,2023,10,2,1,DUPLICADO_EXACTO,1
00011003,2019,1,3,1,DUPLICADO_EXACTO,2
00011003,2020,2,2,1,DUPLICADO_EXACTO,1
00011003,2021,11,3,1,DUPLICADO_EXACTO,2
00011003,2023,10,2,1,DUPLICADO_EXACTO,1
00011003,2024,4,3,1,DUPLICADO_EXACTO,2
00011007,2025,10,2,1,DUPLICADO_EXACTO,1
00011023,2021,2,2,1,DUPLICADO_EXACTO,1
00011061,2020,2,2,1,DUPLICADO_EXACTO,1
00011061,2022,8,2,1,DUPLICADO_EXACTO,1
00011063,2020,2,2,1,DUPLICADO_EXACTO,1
00011063,2022,8,2,1,DUPLICADO_EXACTO,1
00011064,2026,1,5,1,DUPLICADO_EXACTO,4
00011064,2026,2,2,1,DUPLICADO_EXACTO,1
00011065,2020,2,2,1,DUPLICADO_EXACTO,1
00011065,2026,1,3,1,DUPLICADO_EXACTO,2
00011066,2026,1,5,1,DUPLICADO_EXACTO,4
00011066,2026,2,2,1,DUPLICADO_EXACTO,1
00011067,2020,2,2,1,DUPLICADO_EXACTO,1
00011067,2023,8,2,1,DUPLICADO_EXACTO,1
00011067,2026,1,3,1,DUPLICADO_EXACTO,2
00011068,2020,2,2,1,DUPLICADO_EXACTO,1
00011068,2023,8,2,1,DUPLICADO_EXACTO,1
00011068,2026,1,3,1,DUPLICADO_EXACTO,2
00011138,2020,7,2,1,DUPLICADO_EXACTO,1
00011138,2021,6,2,1,DUPLICADO_EXACTO,1
00011138,2022,3,4,1,DUPLICADO_EXACTO,3
00011138,2022,8,2,1,DUPLICADO_EXACTO,1
00011138,2023,5,2,1,DUPLICADO_EXACTO,1
00011138,2023,7,2,1,DUPLICADO_EXACTO,1
00011138,2025,7,2,1,DUPLICADO_EXACTO,1
00011138,2026,5,2,1,DUPLICADO_EXACTO,1
00011138,2026,7,2,1,DUPLICADO_EXACTO,1
00011149,2019,4,2,1,DUPLICADO_EXACTO,1
00011149,2019,5,3,1,DUPLICADO_EXACTO,2
00011149,2020,1,4,1,DUPLICADO_EXACTO,3
00011149,2020,2,2,1,DUPLICADO_EXACTO,1
00011149,2020,3,2,1,DUPLICADO_EXACTO,1
00011149,2020,4,3,1,DUPLICADO_EXACTO,2
00011149,2020,8,2,1,DUPLICADO_EXACTO,1
00011149,2020,9,2,1,DUPLICADO_EXACTO,1
00011149,2020,10,2,1,DUPLICADO_EXACTO,1
00011149,2020,11,2,1,DUPLICADO_EXACTO,1
00011149,2020,12,3,1,DUPLICADO_EXACTO,2
00011149,2021,1,2,1,DUPLICADO_EXACTO,1
00011149,2021,2,2,1,DUPLICADO_EXACTO,1
00011149,2021,3,2,1,DUPLICADO_EXACTO,1
00011149,2021,7,2,1,DUPLICADO_EXACTO,1
00011149,2021,9,2,1,DUPLICADO_EXACTO,1
00011152,2019,4,2,1,DUPLICADO_EXACTO,1
00011152,2019,5,3,1,DUPLICADO_EXACTO,2
00011152,2020,1,4,1,DUPLICADO_EXACTO,3
00011152,2020,2,2,1,DUPLICADO_EXACTO,1
00011152,2020,3,2,1,DUPLICADO_EXACTO,1
00011152,2020,4,3,1,DUPLICADO_EXACTO,2
00011152,2020,8,2,1,DUPLICADO_EXACTO,1
00011152,2020,9,2,1,DUPLICADO_EXACTO,1
00011152,2020,10,2,1,DUPLICADO_EXACTO,1
00011152,2020,11,2,1,DUPLICADO_EXACTO,1
00011152,2020,12,3,1,DUPLICADO_EXACTO,2
00011152,2021,1,2,1,DUPLICADO_EXACTO,1
00011152,2021,2,2,1,DUPLICADO_EXACTO,1
00011152,2021,3,2,1,DUPLICADO_EXACTO,1
00011152,2021,7,2,1,DUPLICADO_EXACTO,1
00011152,2021,9,2,1,DUPLICADO_EXACTO,1
00011153,2019,4,2,1,DUPLICADO_EXACTO,1
00011153,2019,5,3,1,DUPLICADO_EXACTO,2
00011153,2020,1,4,1,DUPLICADO_EXACTO,3
00011153,2020,2,2,1,DUPLICADO_EXACTO,1
00011153,2020,3,2,1,DUPLICADO_EXACTO,1
00011153,2020,4,3,1,DUPLICADO_EXACTO,2
00011153,2020,9,2,1,DUPLICADO_EXACTO,1
00011153,2020,10,2,1,DUPLICADO_EXACTO,1
00011153,2020,11,2,1,DUPLICADO_EXACTO,1
00011153,2020,12,3,1,DUPLICADO_EXACTO,2
00011153,2021,1,2,1,DUPLICADO_EXACTO,1
00011153,2021,2,2,1,DUPLICADO_EXACTO,1
00011153,2021,3,2,1,DUPLICADO_EXACTO,1
00011153,2021,7,2,1,DUPLICADO_EXACTO,1
00011153,2021,9,2,1,DUPLICADO_EXACTO,1
00011156,2020,1,2,1,DUPLICADO_EXACTO,1
00011156,2020,2,2,1,DUPLICADO_EXACTO,1
00011156,2020,3,2,1,DUPLICADO_EXACTO,1
00011156,2020,4,4,1,DUPLICADO_EXACTO,3
00011156,2020,5,2,1,DUPLICADO_EXACTO,1
00011156,2020,6,2,1,DUPLICADO_EXACTO,1
00011156,2020,7,2,1,DUPLICADO_EXACTO,1
00011156,2020,8,2,1,DUPLICADO_EXACTO,1
00011156,2020,9,2,1,DUPLICADO_EXACTO,1
00011156,2020,10,2,1,DUPLICADO_EXACTO,1
00011156,2020,11,2,1,DUPLICADO_EXACTO,1
00011156,2020,12,3,1,DUPLICADO_EXACTO,2
00011156,2021,1,2,1,DUPLICADO_EXACTO,1
00011156,2021,2,2,1,DUPLICADO_EXACTO,1
00011156,2021,3,2,1,DUPLICADO_EXACTO,1
00011156,2021,7,4,1,DUPLICADO_EXACTO,3
00011156,2021,9,2,1,DUPLICADO_EXACTO,1
00011156,2021,10,3,1,DUPLICADO_EXACTO,2
00011156,2022,1,2,1,DUPLICADO_EXACTO,1
00011156,2022,2,3,1,DUPLICADO_EXACTO,2
00011156,2022,3,3,1,DUPLICADO_EXACTO,2
00011156,2022,4,4,1,DUPLICADO_EXACTO,3
00011156,2022,5,2,1,DUPLICADO_EXACTO,1
00011156,2022,7,2,1,DUPLICADO_EXACTO,1
00011156,2022,8,3,1,DUPLICADO_EXACTO,2
00011156,2022,10,2,1,DUPLICADO_EXACTO,1
00011156,2022,11,2,1,DUPLICADO_EXACTO,1
00011156,2022,12,2,1,DUPLICADO_EXACTO,1
00011156,2023,1,2,1,DUPLICADO_EXACTO,1
00011156,2023,2,2,1,DUPLICADO_EXACTO,1
00011156,2023,3,2,1,DUPLICADO_EXACTO,1
00011156,2023,4,2,1,DUPLICADO_EXACTO,1
00011156,2023,5,2,1,DUPLICADO_EXACTO,1
00011156,2023,6,2,1,DUPLICADO_EXACTO,1
00011156,2023,7,2,1,DUPLICADO_EXACTO,1
00011156,2023,8,2,1,DUPLICADO_EXACTO,1
00011156,2023,9,2,1,DUPLICADO_EXACTO,1
00011156,2023,10,2,1,DUPLICADO_EXACTO,1
00011185,2023,12,2,1,DUPLICADO_EXACTO,1
00011185,2024,2,2,1,DUPLICADO_EXACTO,1
00011185,2024,5,3,1,DUPLICADO_EXACTO,2
00011185,2024,6,2,1,DUPLICADO_EXACTO,1
00011185,2024,9,2,1,DUPLICADO_EXACTO,1
00011185,2024,10,2,1,DUPLICADO_EXACTO,1
00011185,2024,12,2,1,DUPLICADO_EXACTO,1
00011185,2025,4,2,1,DUPLICADO_EXACTO,1
00011185,2025,5,2,1,DUPLICADO_EXACTO,1
00011185,2025,8,2,1,DUPLICADO_EXACTO,1
00011185,2025,9,2,1,DUPLICADO_EXACTO,1
00011185,2025,10,3,1,DUPLICADO_EXACTO,2
00011185,2025,11,2,1,DUPLICADO_EXACTO,1
00011188,2023,12,2,1,DUPLICADO_EXACTO,1
00011188,2024,2,2,1,DUPLICADO_EXACTO,1
00011188,2024,5,3,1,DUPLICADO_EXACTO,2
00011188,2024,6,2,1,DUPLICADO_EXACTO,1
00011188,2024,9,2,1,DUPLICADO_EXACTO,1
00011188,2024,10,2,1,DUPLICADO_EXACTO,1
00011188,2024,12,2,1,DUPLICADO_EXACTO,1
00011188,2025,4,2,1,DUPLICADO_EXACTO,1
00011188,2025,5,2,1,DUPLICADO_EXACTO,1
00011188,2025,8,2,1,DUPLICADO_EXACTO,1
00011188,2025,9,2,1,DUPLICADO_EXACTO,1
00011188,2025,10,3,1,DUPLICADO_EXACTO,2
00011188,2025,11,2,1,DUPLICADO_EXACTO,1
00011189,2023,12,2,1,DUPLICADO_EXACTO,1
00011189,2024,2,2,1,DUPLICADO_EXACTO,1
00011189,2024,5,3,1,DUPLICADO_EXACTO,2
00011189,2024,6,2,1,DUPLICADO_EXACTO,1
00011189,2024,9,2,1,DUPLICADO_EXACTO,1
00011189,2024,10,2,1,DUPLICADO_EXACTO,1
00011189,2024,12,2,1,DUPLICADO_EXACTO,1
00011189,2025,4,2,1,DUPLICADO_EXACTO,1
00011189,2025,5,2,1,DUPLICADO_EXACTO,1
00011189,2025,8,2,1,DUPLICADO_EXACTO,1
00011189,2025,9,2,1,DUPLICADO_EXACTO,1
00011189,2025,10,3,1,DUPLICADO_EXACTO,2
00011189,2025,11,2,1,DUPLICADO_EXACTO,1
00011197,2020,2,2,1,DUPLICADO_EXACTO,1
00011197,2020,8,2,1,DUPLICADO_EXACTO,1
00011197,2025,11,2,1,DUPLICADO_EXACTO,1
00011199,2020,1,2,1,DUPLICADO_EXACTO,1
00011199,2020,2,2,1,DUPLICADO_EXACTO,1
00011199,2020,3,3,1,DUPLICADO_EXACTO,2
00011199,2021,8,2,1,DUPLICADO_EXACTO,1
00011200,2020,1,2,1,DUPLICADO_EXACTO,1
00011200,2020,2,2,1,DUPLICADO_EXACTO,1
00011200,2020,3,3,1,DUPLICADO_EXACTO,2
00011200,2021,8,2,1,DUPLICADO_EXACTO,1
00011201,2020,1,2,1,DUPLICADO_EXACTO,1
00011201,2020,2,2,1,DUPLICADO_EXACTO,1
00011201,2020,3,3,1,DUPLICADO_EXACTO,2
00011201,2021,8,2,1,DUPLICADO_EXACTO,1
00011202,2019,8,2,1,DUPLICADO_EXACTO,1
00011202,2020,1,2,1,DUPLICADO_EXACTO,1
00011202,2020,2,2,1,DUPLICADO_EXACTO,1
00011202,2020,3,3,1,DUPLICADO_EXACTO,2
00011202,2021,8,2,1,DUPLICADO_EXACTO,1
00011204,2019,7,2,1,DUPLICADO_EXACTO,1
00011204,2020,1,2,1,DUPLICADO_EXACTO,1
00011204,2020,2,2,1,DUPLICADO_EXACTO,1
00011204,2020,3,3,1,DUPLICADO_EXACTO,2
00011204,2021,8,2,1,DUPLICADO_EXACTO,1
00011205,2020,1,2,1,DUPLICADO_EXACTO,1
00011205,2020,2,2,1,DUPLICADO_EXACTO,1
00011205,2020,3,3,1,DUPLICADO_EXACTO,2
00011205,2021,8,2,1,DUPLICADO_EXACTO,1
00011208,2019,2,2,1,DUPLICADO_EXACTO,1
00011209,2025,5,3,1,DUPLICADO_EXACTO,2
00011210,2024,3,2,1,DUPLICADO_EXACTO,1
00011210,2024,6,2,1,DUPLICADO_EXACTO,1
00011210,2024,8,2,1,DUPLICADO_EXACTO,1
00011210,2024,9,3,1,DUPLICADO_EXACTO,2
00011210,2024,10,2,1,DUPLICADO_EXACTO,1
00011210,2024,11,2,1,DUPLICADO_EXACTO,1
00011210,2025,1,2,1,DUPLICADO_EXACTO,1
00011210,2025,2,2,1,DUPLICADO_EXACTO,1
00011210,2025,6,2,1,DUPLICADO_EXACTO,1
00011210,2025,7,2,1,DUPLICADO_EXACTO,1
00011210,2025,9,2,1,DUPLICADO_EXACTO,1
00011210,2025,10,2,1,DUPLICADO_EXACTO,1
00011210,2025,11,2,1,DUPLICADO_EXACTO,1
00011210,2025,12,2,1,DUPLICADO_EXACTO,1
00011211,2024,3,2,1,DUPLICADO_EXACTO,1
00011211,2024,6,2,1,DUPLICADO_EXACTO,1
00011211,2024,8,2,1,DUPLICADO_EXACTO,1
00011211,2024,9,3,1,DUPLICADO_EXACTO,2
00011211,2024,10,2,1,DUPLICADO_EXACTO,1
00011211,2024,11,2,1,DUPLICADO_EXACTO,1
00011211,2025,1,2,1,DUPLICADO_EXACTO,1
00011211,2025,2,2,1,DUPLICADO_EXACTO,1
00011211,2025,6,2,1,DUPLICADO_EXACTO,1
00011211,2025,7,2,1,DUPLICADO_EXACTO,1
00011211,2025,9,2,1,DUPLICADO_EXACTO,1
00011211,2025,10,2,1,DUPLICADO_EXACTO,1
00011211,2025,11,2,1,DUPLICADO_EXACTO,1
00011211,2025,12,2,1,DUPLICADO_EXACTO,1
00011211,2026,3,2,1,DUPLICADO_EXACTO,1
00011212,2024,3,2,1,DUPLICADO_EXACTO,1
00011212,2024,6,2,1,DUPLICADO_EXACTO,1
00011212,2024,8,2,1,DUPLICADO_EXACTO,1
00011212,2024,9,3,1,DUPLICADO_EXACTO,2
00011212,2024,10,2,1,DUPLICADO_EXACTO,1
00011212,2024,11,2,1,DUPLICADO_EXACTO,1
00011212,2025,1,2,1,DUPLICADO_EXACTO,1
00011212,2025,2,2,1,DUPLICADO_EXACTO,1
00011212,2025,6,2,1,DUPLICADO_EXACTO,1
00011212,2025,7,2,1,DUPLICADO_EXACTO,1
00011212,2025,9,2,1,DUPLICADO_EXACTO,1
00011212,2025,10,2,1,DUPLICADO_EXACTO,1
00011212,2025,11,2,1,DUPLICADO_EXACTO,1
00011212,2025,12,2,1,DUPLICADO_EXACTO,1
00011212,2026,3,2,1,DUPLICADO_EXACTO,1
00011229,2019,11,3,1,DUPLICADO_EXACTO,2
00011229,2025,7,2,1,DUPLICADO_EXACTO,1
00011231,2019,12,2,1,DUPLICADO_EXACTO,1
00011231,2023,3,2,1,DUPLICADO_EXACTO,1
00011231,2023,6,3,1,DUPLICADO_EXACTO,2
00011232,2020,8,2,1,DUPLICADO_EXACTO,1
00011232,2021,5,2,1,DUPLICADO_EXACTO,1
00011236,2026,3,2,1,DUPLICADO_EXACTO,1
00011236,2026,5,3,1,DUPLICADO_EXACTO,2
00011250,2019,4,2,1,DUPLICADO_EXACTO,1
00011250,2019,5,3,1,DUPLICADO_EXACTO,2
00011250,2020,1,4,1,DUPLICADO_EXACTO,3
00011250,2020,2,2,1,DUPLICADO_EXACTO,1
00011250,2020,3,2,1,DUPLICADO_EXACTO,1
00011250,2020,4,3,1,DUPLICADO_EXACTO,2
00011250,2020,8,2,1,DUPLICADO_EXACTO,1
00011250,2020,9,2,1,DUPLICADO_EXACTO,1
00011250,2020,10,2,1,DUPLICADO_EXACTO,1
00011250,2020,11,2,1,DUPLICADO_EXACTO,1
00011250,2020,12,3,1,DUPLICADO_EXACTO,2
00011250,2021,1,2,1,DUPLICADO_EXACTO,1
00011250,2021,2,2,1,DUPLICADO_EXACTO,1
00011250,2021,3,2,1,DUPLICADO_EXACTO,1
00011250,2021,7,2,1,DUPLICADO_EXACTO,1
00011250,2021,9,2,1,DUPLICADO_EXACTO,1
00011258,2020,2,2,1,DUPLICADO_EXACTO,1
00011258,2022,8,2,1,DUPLICADO_EXACTO,1
00011262,2020,2,2,1,DUPLICADO_EXACTO,1
00011262,2022,8,2,1,DUPLICADO_EXACTO,1
00011326,2019,5,2,1,DUPLICADO_EXACTO,1
00011343,2024,4,2,1,DUPLICADO_EXACTO,1
00011343,2025,1,2,1,DUPLICADO_EXACTO,1
00011343,2025,12,3,1,DUPLICADO_EXACTO,2
00011350,2020,8,2,1,DUPLICADO_EXACTO,1
00011350,2021,1,4,1,DUPLICADO_EXACTO,3
00011350,2021,4,2,1,DUPLICADO_EXACTO,1
00011350,2021,7,4,1,DUPLICADO_EXACTO,3
00011350,2021,9,2,1,DUPLICADO_EXACTO,1
00011350,2021,11,3,1,DUPLICADO_EXACTO,2
00011350,2022,1,2,1,DUPLICADO_EXACTO,1
00011350,2022,2,2,1,DUPLICADO_EXACTO,1
00011350,2022,3,2,1,DUPLICADO_EXACTO,1
00011350,2023,12,6,1,DUPLICADO_EXACTO,5
00011350,2024,1,7,1,DUPLICADO_EXACTO,6
00011350,2024,2,6,1,DUPLICADO_EXACTO,5
00011350,2024,3,2,1,DUPLICADO_EXACTO,1
00011350,2024,5,3,1,DUPLICADO_EXACTO,2
00011350,2024,6,2,1,DUPLICADO_EXACTO,1
00011350,2024,7,2,1,DUPLICADO_EXACTO,1
00011350,2024,8,2,1,DUPLICADO_EXACTO,1
00011350,2024,10,2,1,DUPLICADO_EXACTO,1
00011350,2025,3,2,1,DUPLICADO_EXACTO,1
00011351,2019,8,2,1,DUPLICADO_EXACTO,1
00011351,2020,1,2,1,DUPLICADO_EXACTO,1
00011351,2025,12,2,1,DUPLICADO_EXACTO,1
00011358,2019,12,4,1,DUPLICADO_EXACTO,3
00011362,2020,1,2,1,DUPLICADO_EXACTO,1
00011365,2021,6,2,1,DUPLICADO_EXACTO,1
00011365,2021,8,2,1,DUPLICADO_EXACTO,1
00011365,2022,1,2,1,DUPLICADO_EXACTO,1
00011365,2024,9,2,1,DUPLICADO_EXACTO,1
00011365,2025,3,2,1,DUPLICADO_EXACTO,1
00011365,2026,1,2,1,DUPLICADO_EXACTO,1
00011365,2026,7,2,1,DUPLICADO_EXACTO,1
00011397,2019,12,4,1,DUPLICADO_EXACTO,3
00011416,2020,2,2,1,DUPLICADO_EXACTO,1
00011416,2020,3,3,1,DUPLICADO_EXACTO,2
00011416,2020,4,7,1,DUPLICADO_EXACTO,6
00011416,2020,5,3,1,DUPLICADO_EXACTO,2
00011416,2020,6,2,1,DUPLICADO_EXACTO,1
00011416,2020,9,3,1,DUPLICADO_EXACTO,2
00011416,2020,10,3,1,DUPLICADO_EXACTO,2
00011416,2020,11,2,1,DUPLICADO_EXACTO,1
00011416,2021,5,3,1,DUPLICADO_EXACTO,2
00011416,2022,6,2,1,DUPLICADO_EXACTO,1
00011416,2023,10,4,1,DUPLICADO_EXACTO,3
00011416,2024,5,2,1,DUPLICADO_EXACTO,1
00011416,2026,6,2,1,DUPLICADO_EXACTO,1
00011431,2023,12,2,1,DUPLICADO_EXACTO,1
00011431,2024,2,2,1,DUPLICADO_EXACTO,1
00011431,2024,5,3,1,DUPLICADO_EXACTO,2
00011431,2024,6,2,1,DUPLICADO_EXACTO,1
00011431,2024,9,2,1,DUPLICADO_EXACTO,1
00011431,2024,10,2,1,DUPLICADO_EXACTO,1
00011431,2024,12,2,1,DUPLICADO_EXACTO,1
00011431,2025,4,2,1,DUPLICADO_EXACTO,1
00011431,2025,5,2,1,DUPLICADO_EXACTO,1
00011431,2025,8,2,1,DUPLICADO_EXACTO,1
00011431,2025,9,2,1,DUPLICADO_EXACTO,1
00011431,2025,10,3,1,DUPLICADO_EXACTO,2
00011431,2025,11,2,1,DUPLICADO_EXACTO,1
00011454,2020,1,2,1,DUPLICADO_EXACTO,1
00011454,2020,2,2,1,DUPLICADO_EXACTO,1
00011454,2020,3,3,1,DUPLICADO_EXACTO,2
00011454,2021,8,2,1,DUPLICADO_EXACTO,1
00011458,2020,1,3,1,DUPLICADO_EXACTO,2
00011458,2020,4,3,1,DUPLICADO_EXACTO,2
00011458,2020,7,3,1,DUPLICADO_EXACTO,2
00011458,2020,11,2,1,DUPLICADO_EXACTO,1
00011458,2023,1,3,1,DUPLICADO_EXACTO,2
00011458,2023,2,2,1,DUPLICADO_EXACTO,1
00011458,2023,3,2,1,DUPLICADO_EXACTO,1
00011458,2024,3,2,1,DUPLICADO_EXACTO,1
00011497,2026,2,2,1,DUPLICADO_EXACTO,1
00011497,2026,4,2,1,DUPLICADO_EXACTO,1
00011570,2025,6,2,1,DUPLICADO_EXACTO,1
00011571,2023,12,2,1,DUPLICADO_EXACTO,1
00011571,2025,6,2,1,DUPLICADO_EXACTO,1
00011573,2023,12,2,1,DUPLICADO_EXACTO,1
00011578,2024,6,2,1,DUPLICADO_EXACTO,1
00011578,2025,8,2,1,DUPLICADO_EXACTO,1
00011578,2026,2,2,1,DUPLICADO_EXACTO,1
00011579,2025,8,2,1,DUPLICADO_EXACTO,1
00011579,2026,3,2,1,DUPLICADO_EXACTO,1
00011586,2019,9,2,1,DUPLICADO_EXACTO,1
00011624,2024,7,2,1,DUPLICADO_EXACTO,1
00011624,2024,10,2,1,DUPLICADO_EXACTO,1
00011626,2020,5,2,1,DUPLICADO_EXACTO,1
00011627,2024,3,2,1,DUPLICADO_EXACTO,1
00011627,2024,4,2,1,DUPLICADO_EXACTO,1
00011627,2024,5,2,1,DUPLICADO_EXACTO,1
00011627,2024,7,2,1,DUPLICADO_EXACTO,1
00011627,2024,10,2,1,DUPLICADO_EXACTO,1
00011627,2025,8,3,1,DUPLICADO_EXACTO,2
00011628,2024,5,2,1,DUPLICADO_EXACTO,1
00011629,2025,8,2,1,DUPLICADO_EXACTO,1
00011629,2025,10,2,1,DUPLICADO_EXACTO,1
00011629,2026,6,2,1,DUPLICADO_EXACTO,1
00011677,2025,1,2,1,DUPLICADO_EXACTO,1
00011688,2025,1,2,1,DUPLICADO_EXACTO,1
00011744,2018,12,2,1,DUPLICADO_EXACTO,1
00011768,2019,3,2,1,DUPLICADO_EXACTO,1
00011768,2019,10,2,1,DUPLICADO_EXACTO,1
00011768,2020,1,2,1,DUPLICADO_EXACTO,1
00011768,2020,2,2,1,DUPLICADO_EXACTO,1
00011768,2020,3,3,1,DUPLICADO_EXACTO,2
00011768,2021,8,2,1,DUPLICADO_EXACTO,1
00011769,2021,8,2,1,DUPLICADO_EXACTO,1
00011787,2019,3,3,1,DUPLICADO_EXACTO,2
00011787,2020,1,2,1,DUPLICADO_EXACTO,1
00011787,2020,2,2,1,DUPLICADO_EXACTO,1
00011787,2020,3,3,1,DUPLICADO_EXACTO,2
00011787,2021,8,2,1,DUPLICADO_EXACTO,1
00011808,2024,6,2,1,DUPLICADO_EXACTO,1
00011808,2025,8,2,1,DUPLICADO_EXACTO,1
00011808,2026,2,2,1,DUPLICADO_EXACTO,1
00011900,2026,5,3,1,DUPLICADO_EXACTO,2
00011909,2020,5,2,1,DUPLICADO_EXACTO,1
00011967,2026,1,2,1,DUPLICADO_EXACTO,1
00011967,2026,2,2,1,DUPLICADO_EXACTO,1
00012083,2024,3,2,1,DUPLICADO_EXACTO,1
00012083,2024,8,2,1,DUPLICADO_EXACTO,1
00012083,2024,10,2,1,DUPLICADO_EXACTO,1
00012083,2024,11,2,1,DUPLICADO_EXACTO,1
00012083,2025,3,4,1,DUPLICADO_EXACTO,3
00012120,2023,12,2,1,DUPLICADO_EXACTO,1
00012165,2025,9,3,1,DUPLICADO_EXACTO,2
00012219,2020,1,2,1,DUPLICADO_EXACTO,1
00012228,2024,11,3,1,DUPLICADO_EXACTO,2
00012229,2025,3,2,1,DUPLICADO_EXACTO,1
00012260,2020,5,2,1,DUPLICADO_EXACTO,1
00012468,2025,8,3,1,DUPLICADO_EXACTO,2
00012469,2020,6,4,1,DUPLICADO_EXACTO,3
00012469,2020,10,6,1,DUPLICADO_EXACTO,5
00012469,2025,4,2,1,DUPLICADO_EXACTO,1
00012469,2025,6,3,1,DUPLICADO_EXACTO,2
00012469,2025,7,2,1,DUPLICADO_EXACTO,1
00012469,2025,8,2,1,DUPLICADO_EXACTO,1
00012469,2025,11,2,1,DUPLICADO_EXACTO,1
00012469,2025,12,2,1,DUPLICADO_EXACTO,1
00012469,2026,1,2,1,DUPLICADO_EXACTO,1
00012469,2026,2,2,1,DUPLICADO_EXACTO,1
00012469,2026,3,2,1,DUPLICADO_EXACTO,1
00012469,2026,4,2,1,DUPLICADO_EXACTO,1
00012469,2026,5,2,1,DUPLICADO_EXACTO,1
00012469,2026,6,2,1,DUPLICADO_EXACTO,1
00012469,2026,7,2,1,DUPLICADO_EXACTO,1
00012470,2020,1,2,1,DUPLICADO_EXACTO,1
00012470,2020,2,2,1,DUPLICADO_EXACTO,1
00012470,2020,3,2,1,DUPLICADO_EXACTO,1
00012470,2020,6,2,1,DUPLICADO_EXACTO,1
00012470,2020,7,2,1,DUPLICADO_EXACTO,1
00012470,2020,8,2,1,DUPLICADO_EXACTO,1
00012470,2020,9,2,1,DUPLICADO_EXACTO,1
00012470,2020,10,2,1,DUPLICADO_EXACTO,1
00012470,2021,1,2,1,DUPLICADO_EXACTO,1
00012470,2021,2,2,1,DUPLICADO_EXACTO,1
00012470,2021,6,2,1,DUPLICADO_EXACTO,1
00012470,2022,7,2,1,DUPLICADO_EXACTO,1
00012470,2023,4,2,1,DUPLICADO_EXACTO,1
00012470,2023,5,2,1,DUPLICADO_EXACTO,1
00012470,2024,5,3,1,DUPLICADO_EXACTO,2
00012470,2024,12,5,1,DUPLICADO_EXACTO,4
00012471,2020,1,2,1,DUPLICADO_EXACTO,1
00012471,2020,4,2,1,DUPLICADO_EXACTO,1
00012471,2020,7,2,1,DUPLICADO_EXACTO,1
00012471,2020,8,2,1,DUPLICADO_EXACTO,1
00012471,2020,9,2,1,DUPLICADO_EXACTO,1
00012471,2020,10,2,1,DUPLICADO_EXACTO,1
00012471,2020,12,2,1,DUPLICADO_EXACTO,1
00012471,2021,1,2,1,DUPLICADO_EXACTO,1
00012471,2022,5,3,1,DUPLICADO_EXACTO,2
00012471,2022,7,2,1,DUPLICADO_EXACTO,1
00012471,2022,9,2,1,DUPLICADO_EXACTO,1
00012471,2022,10,2,1,DUPLICADO_EXACTO,1
00012471,2023,4,2,1,DUPLICADO_EXACTO,1
00012471,2023,5,2,1,DUPLICADO_EXACTO,1
00012471,2023,8,2,1,DUPLICADO_EXACTO,1
00012641,2019,6,2,1,DUPLICADO_EXACTO,1
00012641,2024,1,2,1,DUPLICADO_EXACTO,1
00012644,2020,2,2,1,DUPLICADO_EXACTO,1
00012831,2022,5,2,1,DUPLICADO_EXACTO,1
00012831,2023,3,2,1,DUPLICADO_EXACTO,1
00012831,2023,11,2,1,DUPLICADO_EXACTO,1
00012831,2024,10,2,1,DUPLICADO_EXACTO,1
00012831,2025,1,2,1,DUPLICADO_EXACTO,1
00012831,2025,2,2,1,DUPLICADO_EXACTO,1
00012831,2025,4,2,1,DUPLICADO_EXACTO,1
00012831,2025,9,2,1,DUPLICADO_EXACTO,1
00012900,2023,12,2,1,DUPLICADO_EXACTO,1
00012900,2024,2,2,1,DUPLICADO_EXACTO,1
00012900,2024,5,3,1,DUPLICADO_EXACTO,2
00012900,2024,6,2,1,DUPLICADO_EXACTO,1
00012900,2024,10,2,1,DUPLICADO_EXACTO,1
00012900,2024,12,2,1,DUPLICADO_EXACTO,1
00012900,2025,4,2,1,DUPLICADO_EXACTO,1
00012900,2025,5,2,1,DUPLICADO_EXACTO,1
00012900,2025,8,2,1,DUPLICADO_EXACTO,1
00012900,2025,9,2,1,DUPLICADO_EXACTO,1
00012900,2025,10,3,1,DUPLICADO_EXACTO,2
00012900,2025,11,2,1,DUPLICADO_EXACTO,1
00012904,2023,12,2,1,DUPLICADO_EXACTO,1
00012904,2024,2,2,1,DUPLICADO_EXACTO,1
00012904,2024,5,3,1,DUPLICADO_EXACTO,2
00012904,2024,6,2,1,DUPLICADO_EXACTO,1
00012904,2024,9,2,1,DUPLICADO_EXACTO,1
00012904,2024,10,2,1,DUPLICADO_EXACTO,1
00012904,2024,12,2,1,DUPLICADO_EXACTO,1
00012904,2025,4,2,1,DUPLICADO_EXACTO,1
00012904,2025,5,2,1,DUPLICADO_EXACTO,1
00012904,2025,8,2,1,DUPLICADO_EXACTO,1
00012904,2025,9,2,1,DUPLICADO_EXACTO,1
00012904,2025,10,3,1,DUPLICADO_EXACTO,2
00012904,2025,11,2,1,DUPLICADO_EXACTO,1
00012905,2023,12,2,1,DUPLICADO_EXACTO,1
00012905,2024,2,2,1,DUPLICADO_EXACTO,1
00012905,2024,5,3,1,DUPLICADO_EXACTO,2
00012905,2024,6,2,1,DUPLICADO_EXACTO,1
00012905,2024,9,2,1,DUPLICADO_EXACTO,1
00012905,2024,10,2,1,DUPLICADO_EXACTO,1
00012905,2024,12,2,1,DUPLICADO_EXACTO,1
00012905,2025,4,2,1,DUPLICADO_EXACTO,1
00012905,2025,5,2,1,DUPLICADO_EXACTO,1
00012905,2025,8,2,1,DUPLICADO_EXACTO,1
00012905,2025,9,2,1,DUPLICADO_EXACTO,1
00012905,2025,10,3,1,DUPLICADO_EXACTO,2
00012905,2025,11,2,1,DUPLICADO_EXACTO,1
00012907,2018,12,2,1,DUPLICADO_EXACTO,1
00012924,2019,9,2,1,DUPLICADO_EXACTO,1
00012931,2026,7,2,1,DUPLICADO_EXACTO,1
00012932,2019,12,2,1,DUPLICADO_EXACTO,1
00013021,2023,12,3,1,DUPLICADO_EXACTO,2
00013021,2024,1,2,1,DUPLICADO_EXACTO,1
00013021,2024,12,2,1,DUPLICADO_EXACTO,1
00013022,2023,12,3,1,DUPLICADO_EXACTO,2
00013022,2024,1,2,1,DUPLICADO_EXACTO,1
00013022,2024,12,2,1,DUPLICADO_EXACTO,1
00013058,2021,11,2,1,DUPLICADO_EXACTO,1
00013058,2022,4,2,1,DUPLICADO_EXACTO,1
00013058,2022,7,2,1,DUPLICADO_EXACTO,1
00013058,2023,7,2,1,DUPLICADO_EXACTO,1
00013058,2023,9,2,1,DUPLICADO_EXACTO,1
00013058,2024,2,2,1,DUPLICADO_EXACTO,1
00013058,2024,3,2,1,DUPLICADO_EXACTO,1
00013058,2024,6,3,1,DUPLICADO_EXACTO,2
00013058,2025,4,2,1,DUPLICADO_EXACTO,1
00013058,2025,10,2,1,DUPLICADO_EXACTO,1
00013058,2026,3,2,1,DUPLICADO_EXACTO,1
00013059,2024,7,2,1,DUPLICADO_EXACTO,1
00013059,2024,12,2,1,DUPLICADO_EXACTO,1
00013059,2025,1,3,1,DUPLICADO_EXACTO,2
00013059,2025,6,2,1,DUPLICADO_EXACTO,1
00013068,2020,9,2,1,DUPLICADO_EXACTO,1
00013069,2020,9,2,1,DUPLICADO_EXACTO,1
00013174,2019,12,3,1,DUPLICADO_EXACTO,2
00013264,2023,8,2,1,DUPLICADO_EXACTO,1
00013550,2022,7,2,1,DUPLICADO_EXACTO,1
00013550,2022,11,2,1,DUPLICADO_EXACTO,1
00013550,2022,12,2,1,DUPLICADO_EXACTO,1
00013550,2024,3,3,1,DUPLICADO_EXACTO,2
00013550,2024,4,2,1,DUPLICADO_EXACTO,1
00013550,2024,6,2,1,DUPLICADO_EXACTO,1
00013550,2024,10,2,1,DUPLICADO_EXACTO,1
00013552,2020,3,2,1,DUPLICADO_EXACTO,1
00013552,2020,4,3,1,DUPLICADO_EXACTO,2
00013552,2020,5,2,1,DUPLICADO_EXACTO,1
00013552,2020,6,2,1,DUPLICADO_EXACTO,1
00013552,2020,8,4,1,DUPLICADO_EXACTO,3
00013552,2020,9,2,1,DUPLICADO_EXACTO,1
00013552,2020,10,2,1,DUPLICADO_EXACTO,1
00013552,2020,12,2,1,DUPLICADO_EXACTO,1
00013552,2021,1,2,1,DUPLICADO_EXACTO,1
00013552,2021,2,2,1,DUPLICADO_EXACTO,1
00013552,2022,7,2,1,DUPLICADO_EXACTO,1
00013552,2022,11,2,1,DUPLICADO_EXACTO,1
00013552,2022,12,2,1,DUPLICADO_EXACTO,1
00013552,2024,3,3,1,DUPLICADO_EXACTO,2
00013552,2024,4,2,1,DUPLICADO_EXACTO,1
00013552,2024,6,2,1,DUPLICADO_EXACTO,1
00013552,2024,10,2,1,DUPLICADO_EXACTO,1
00013662,2023,12,2,1,DUPLICADO_EXACTO,1
00013662,2024,2,2,1,DUPLICADO_EXACTO,1
00013662,2024,5,3,1,DUPLICADO_EXACTO,2
00013662,2024,6,2,1,DUPLICADO_EXACTO,1
00013662,2024,9,2,1,DUPLICADO_EXACTO,1
00013662,2024,10,2,1,DUPLICADO_EXACTO,1
00013662,2024,12,2,1,DUPLICADO_EXACTO,1
00013662,2025,4,2,1,DUPLICADO_EXACTO,1
00013662,2025,5,2,1,DUPLICADO_EXACTO,1
00013662,2025,8,2,1,DUPLICADO_EXACTO,1
00013662,2025,9,2,1,DUPLICADO_EXACTO,1
00013662,2025,10,3,1,DUPLICADO_EXACTO,2
00013662,2025,11,2,1,DUPLICADO_EXACTO,1
00013663,2023,12,2,1,DUPLICADO_EXACTO,1
00013663,2024,2,2,1,DUPLICADO_EXACTO,1
00013663,2024,5,3,1,DUPLICADO_EXACTO,2
00013663,2024,6,2,1,DUPLICADO_EXACTO,1
00013663,2024,9,2,1,DUPLICADO_EXACTO,1
00013663,2024,10,2,1,DUPLICADO_EXACTO,1
00013663,2024,12,2,1,DUPLICADO_EXACTO,1
00013663,2025,4,2,1,DUPLICADO_EXACTO,1
00013663,2025,5,2,1,DUPLICADO_EXACTO,1
00013663,2025,8,2,1,DUPLICADO_EXACTO,1
00013663,2025,9,2,1,DUPLICADO_EXACTO,1
00013663,2025,10,3,1,DUPLICADO_EXACTO,2
00013663,2025,11,2,1,DUPLICADO_EXACTO,1
00013794,2020,1,2,1,DUPLICADO_EXACTO,1
00013794,2020,2,2,1,DUPLICADO_EXACTO,1
00013794,2020,3,2,1,DUPLICADO_EXACTO,1
00013794,2020,4,3,1,DUPLICADO_EXACTO,2
00013794,2020,5,2,1,DUPLICADO_EXACTO,1
00013794,2020,6,2,1,DUPLICADO_EXACTO,1
00013794,2020,8,4,1,DUPLICADO_EXACTO,3
00013794,2020,9,2,1,DUPLICADO_EXACTO,1
00013794,2020,10,2,1,DUPLICADO_EXACTO,1
00013794,2020,12,2,1,DUPLICADO_EXACTO,1
00013794,2021,1,2,1,DUPLICADO_EXACTO,1
00013794,2021,2,2,1,DUPLICADO_EXACTO,1
00013794,2024,3,3,1,DUPLICADO_EXACTO,2
00013794,2024,4,2,1,DUPLICADO_EXACTO,1
00013794,2024,6,2,1,DUPLICADO_EXACTO,1
00013794,2024,10,2,1,DUPLICADO_EXACTO,1
00013800,2021,3,2,1,DUPLICADO_EXACTO,1
00013800,2022,10,2,1,DUPLICADO_EXACTO,1
00013800,2022,11,2,1,DUPLICADO_EXACTO,1
00013800,2024,6,2,1,DUPLICADO_EXACTO,1
00013800,2025,10,2,1,DUPLICADO_EXACTO,1
00013800,2025,11,2,1,DUPLICADO_EXACTO,1
00013800,2025,12,2,1,DUPLICADO_EXACTO,1
00013800,2026,1,2,1,DUPLICADO_EXACTO,1
00013800,2026,3,2,1,DUPLICADO_EXACTO,1
00013802,2021,3,2,1,DUPLICADO_EXACTO,1
00013802,2022,10,2,1,DUPLICADO_EXACTO,1
00013802,2022,11,2,1,DUPLICADO_EXACTO,1
00013802,2024,6,2,1,DUPLICADO_EXACTO,1
00013802,2025,10,2,1,DUPLICADO_EXACTO,1
00013802,2025,11,2,1,DUPLICADO_EXACTO,1
00013802,2025,12,2,1,DUPLICADO_EXACTO,1
00013802,2026,1,2,1,DUPLICADO_EXACTO,1
00013802,2026,3,2,1,DUPLICADO_EXACTO,1
00013808,2021,3,2,1,DUPLICADO_EXACTO,1
00013808,2022,10,2,1,DUPLICADO_EXACTO,1
00013808,2022,11,2,1,DUPLICADO_EXACTO,1
00013808,2024,6,2,1,DUPLICADO_EXACTO,1
00013810,2022,10,2,1,DUPLICADO_EXACTO,1
00013810,2022,11,2,1,DUPLICADO_EXACTO,1
00013810,2024,6,2,1,DUPLICADO_EXACTO,1
00013810,2025,10,2,1,DUPLICADO_EXACTO,1
00013810,2025,12,2,1,DUPLICADO_EXACTO,1
00013810,2026,1,2,1,DUPLICADO_EXACTO,1
00013810,2026,3,2,1,DUPLICADO_EXACTO,1
00013825,2020,1,2,1,DUPLICADO_EXACTO,1
00013825,2020,2,2,1,DUPLICADO_EXACTO,1
00013825,2020,3,2,1,DUPLICADO_EXACTO,1
00013825,2020,4,3,1,DUPLICADO_EXACTO,2
00013825,2020,5,2,1,DUPLICADO_EXACTO,1
00013825,2020,6,2,1,DUPLICADO_EXACTO,1
00013825,2020,8,4,1,DUPLICADO_EXACTO,3
00013825,2020,9,2,1,DUPLICADO_EXACTO,1
00013825,2020,10,2,1,DUPLICADO_EXACTO,1
00013825,2020,12,2,1,DUPLICADO_EXACTO,1
00013825,2021,1,2,1,DUPLICADO_EXACTO,1
00013825,2021,2,2,1,DUPLICADO_EXACTO,1
00013825,2022,7,2,1,DUPLICADO_EXACTO,1
00013825,2022,11,2,1,DUPLICADO_EXACTO,1
00013825,2022,12,2,1,DUPLICADO_EXACTO,1
00013825,2024,10,2,1,DUPLICADO_EXACTO,1
00013827,2020,1,2,1,DUPLICADO_EXACTO,1
00013827,2020,2,2,1,DUPLICADO_EXACTO,1
00013827,2020,3,2,1,DUPLICADO_EXACTO,1
00013827,2020,4,3,1,DUPLICADO_EXACTO,2
00013827,2020,5,2,1,DUPLICADO_EXACTO,1
00013827,2020,6,2,1,DUPLICADO_EXACTO,1
00013827,2020,8,4,1,DUPLICADO_EXACTO,3
00013827,2020,9,2,1,DUPLICADO_EXACTO,1
00013827,2020,10,2,1,DUPLICADO_EXACTO,1
00013827,2020,12,2,1,DUPLICADO_EXACTO,1
00013827,2021,1,2,1,DUPLICADO_EXACTO,1
00013827,2021,2,2,1,DUPLICADO_EXACTO,1
00013827,2022,7,2,1,DUPLICADO_EXACTO,1
00013827,2022,11,2,1,DUPLICADO_EXACTO,1
00013827,2022,12,2,1,DUPLICADO_EXACTO,1
00013827,2024,4,2,1,DUPLICADO_EXACTO,1
00013827,2024,6,2,1,DUPLICADO_EXACTO,1
00013827,2024,10,2,1,DUPLICADO_EXACTO,1
00013827,2025,9,2,1,DUPLICADO_EXACTO,1
00013848,2020,7,2,1,DUPLICADO_EXACTO,1
00013849,2018,10,2,1,DUPLICADO_EXACTO,1
00013849,2020,12,2,1,DUPLICADO_EXACTO,1
00013849,2021,1,7,1,DUPLICADO_EXACTO,6
00013849,2021,10,2,1,DUPLICADO_EXACTO,1
00013849,2022,1,2,1,DUPLICADO_EXACTO,1
00013849,2022,4,2,1,DUPLICADO_EXACTO,1
00013849,2022,5,2,1,DUPLICADO_EXACTO,1
00013849,2022,7,2,1,DUPLICADO_EXACTO,1
00013849,2023,3,2,1,DUPLICADO_EXACTO,1
00013849,2023,4,2,1,DUPLICADO_EXACTO,1
00013849,2023,5,2,1,DUPLICADO_EXACTO,1
00013849,2023,7,2,1,DUPLICADO_EXACTO,1
00013849,2023,8,2,1,DUPLICADO_EXACTO,1
00013849,2023,9,2,1,DUPLICADO_EXACTO,1
00013849,2023,10,2,1,DUPLICADO_EXACTO,1
00013849,2024,3,2,1,DUPLICADO_EXACTO,1
00013849,2025,2,2,1,DUPLICADO_EXACTO,1
00013849,2025,11,2,1,DUPLICADO_EXACTO,1
00013862,2021,12,2,1,DUPLICADO_EXACTO,1
00013862,2022,5,2,1,DUPLICADO_EXACTO,1
00013862,2022,7,2,1,DUPLICADO_EXACTO,1
00013862,2024,2,2,1,DUPLICADO_EXACTO,1
00013862,2024,7,2,1,DUPLICADO_EXACTO,1
00013862,2025,1,3,1,DUPLICADO_EXACTO,2
00013862,2025,2,2,1,DUPLICADO_EXACTO,1
00013862,2025,3,2,1,DUPLICADO_EXACTO,1
00013862,2026,2,2,1,DUPLICADO_EXACTO,1
00013862,2026,5,2,1,DUPLICADO_EXACTO,1
00013863,2019,5,2,1,DUPLICADO_EXACTO,1
00013863,2021,12,2,1,DUPLICADO_EXACTO,1
00013863,2022,5,2,1,DUPLICADO_EXACTO,1
00013863,2022,7,2,1,DUPLICADO_EXACTO,1
00013863,2024,2,2,1,DUPLICADO_EXACTO,1
00013863,2024,7,2,1,DUPLICADO_EXACTO,1
00013863,2025,1,3,1,DUPLICADO_EXACTO,2
00013863,2025,2,2,1,DUPLICADO_EXACTO,1
00013863,2025,3,2,1,DUPLICADO_EXACTO,1
00013863,2026,2,2,1,DUPLICADO_EXACTO,1
00013863,2026,5,2,1,DUPLICADO_EXACTO,1
00013864,2021,12,2,1,DUPLICADO_EXACTO,1
00013864,2022,5,2,1,DUPLICADO_EXACTO,1
00013864,2022,7,2,1,DUPLICADO_EXACTO,1
00013864,2024,2,2,1,DUPLICADO_EXACTO,1
00013864,2024,7,2,1,DUPLICADO_EXACTO,1
00013864,2025,1,3,1,DUPLICADO_EXACTO,2
00013864,2025,2,2,1,DUPLICADO_EXACTO,1
00013864,2025,3,2,1,DUPLICADO_EXACTO,1
00013864,2026,2,2,1,DUPLICADO_EXACTO,1
00013864,2026,5,2,1,DUPLICADO_EXACTO,1
00013886,2020,9,2,1,DUPLICADO_EXACTO,1
00013886,2020,10,2,1,DUPLICADO_EXACTO,1
00013886,2020,12,2,1,DUPLICADO_EXACTO,1
00013886,2021,2,2,1,DUPLICADO_EXACTO,1
00013886,2021,4,2,1,DUPLICADO_EXACTO,1
00013886,2021,6,2,1,DUPLICADO_EXACTO,1
00013886,2021,8,2,1,DUPLICADO_EXACTO,1
00013886,2021,12,2,1,DUPLICADO_EXACTO,1
00013886,2022,9,2,1,DUPLICADO_EXACTO,1
00013886,2025,4,2,1,DUPLICADO_EXACTO,1
00014071,2025,5,2,1,DUPLICADO_EXACTO,1
00014314,2020,2,2,1,DUPLICADO_EXACTO,1
00014314,2020,3,2,1,DUPLICADO_EXACTO,1
00014384,2020,6,2,1,DUPLICADO_EXACTO,1
00014384,2020,8,2,1,DUPLICADO_EXACTO,1
00014384,2020,9,3,1,DUPLICADO_EXACTO,2
00014384,2020,10,2,1,DUPLICADO_EXACTO,1
00014384,2020,11,2,1,DUPLICADO_EXACTO,1
00014384,2020,12,2,1,DUPLICADO_EXACTO,1
00014384,2021,1,2,1,DUPLICADO_EXACTO,1
00014384,2021,2,3,1,DUPLICADO_EXACTO,2
00014384,2021,5,2,1,DUPLICADO_EXACTO,1
00014384,2021,10,2,1,DUPLICADO_EXACTO,1
00014384,2022,1,2,1,DUPLICADO_EXACTO,1
00014384,2022,5,2,1,DUPLICADO_EXACTO,1
00014384,2022,7,3,1,DUPLICADO_EXACTO,2
00014384,2023,1,2,1,DUPLICADO_EXACTO,1
00014384,2024,4,2,1,DUPLICADO_EXACTO,1
00014384,2024,10,2,1,DUPLICADO_EXACTO,1
00014384,2025,1,2,1,DUPLICADO_EXACTO,1
00014384,2025,2,2,1,DUPLICADO_EXACTO,1
00014384,2025,3,2,1,DUPLICADO_EXACTO,1
00014384,2025,4,2,1,DUPLICADO_EXACTO,1
00014384,2025,7,3,1,DUPLICADO_EXACTO,2
00014384,2025,9,2,1,DUPLICADO_EXACTO,1
00014384,2025,11,2,1,DUPLICADO_EXACTO,1
00014384,2025,12,2,1,DUPLICADO_EXACTO,1
00014384,2026,1,2,1,DUPLICADO_EXACTO,1
00014384,2026,2,2,1,DUPLICADO_EXACTO,1
00014384,2026,4,2,1,DUPLICADO_EXACTO,1
00014384,2026,7,2,1,DUPLICADO_EXACTO,1
00014385,2020,6,2,1,DUPLICADO_EXACTO,1
00014385,2020,8,2,1,DUPLICADO_EXACTO,1
00014385,2020,9,3,1,DUPLICADO_EXACTO,2
00014385,2020,10,2,1,DUPLICADO_EXACTO,1
00014385,2020,11,2,1,DUPLICADO_EXACTO,1
00014385,2020,12,2,1,DUPLICADO_EXACTO,1
00014385,2021,1,2,1,DUPLICADO_EXACTO,1
00014385,2021,2,3,1,DUPLICADO_EXACTO,2
00014385,2021,5,2,1,DUPLICADO_EXACTO,1
00014385,2021,10,2,1,DUPLICADO_EXACTO,1
00014385,2022,1,2,1,DUPLICADO_EXACTO,1
00014385,2022,5,2,1,DUPLICADO_EXACTO,1
00014385,2022,7,3,1,DUPLICADO_EXACTO,2
00014385,2023,1,2,1,DUPLICADO_EXACTO,1
00014385,2024,4,2,1,DUPLICADO_EXACTO,1
00014385,2024,10,2,1,DUPLICADO_EXACTO,1
00015118,2017,3,2,1,DUPLICADO_EXACTO,1
00015143,2019,12,3,1,DUPLICADO_EXACTO,2
00015392,2022,12,2,1,DUPLICADO_EXACTO,1
00015392,2023,1,2,1,DUPLICADO_EXACTO,1
00015392,2023,4,2,1,DUPLICADO_EXACTO,1
00015392,2023,6,2,1,DUPLICADO_EXACTO,1
00015392,2023,7,2,1,DUPLICADO_EXACTO,1
00015392,2024,1,2,1,DUPLICADO_EXACTO,1
00015392,2024,2,2,1,DUPLICADO_EXACTO,1
00015392,2024,4,2,1,DUPLICADO_EXACTO,1
00015392,2024,11,2,1,DUPLICADO_EXACTO,1
00015392,2025,11,2,1,DUPLICADO_EXACTO,1
00015392,2026,2,2,1,DUPLICADO_EXACTO,1
00015496,2022,9,2,1,DUPLICADO_EXACTO,1
00015496,2023,1,2,1,DUPLICADO_EXACTO,1
00015496,2024,1,2,1,DUPLICADO_EXACTO,1
00015496,2024,2,2,1,DUPLICADO_EXACTO,1
00015496,2024,3,3,1,DUPLICADO_EXACTO,2
00015496,2024,5,2,1,DUPLICADO_EXACTO,1
00015496,2024,6,2,1,DUPLICADO_EXACTO,1
00015496,2024,7,2,1,DUPLICADO_EXACTO,1
00015496,2024,8,3,1,DUPLICADO_EXACTO,2
00015496,2024,9,2,1,DUPLICADO_EXACTO,1
00015496,2024,10,3,1,DUPLICADO_EXACTO,2
00015496,2024,12,2,1,DUPLICADO_EXACTO,1
00015496,2025,7,4,1,DUPLICADO_EXACTO,3
00015496,2025,8,2,1,DUPLICADO_EXACTO,1
00015496,2025,9,3,1,DUPLICADO_EXACTO,2
00015496,2025,12,2,1,DUPLICADO_EXACTO,1
00015496,2026,1,3,1,DUPLICADO_EXACTO,2
00015496,2026,2,2,1,DUPLICADO_EXACTO,1
00015496,2026,3,3,1,DUPLICADO_EXACTO,2
00015496,2026,6,2,1,DUPLICADO_EXACTO,1
00015577,2020,1,2,1,DUPLICADO_EXACTO,1
00015577,2020,7,2,1,DUPLICADO_EXACTO,1
00015577,2020,8,2,1,DUPLICADO_EXACTO,1
00015577,2020,9,2,1,DUPLICADO_EXACTO,1
00015577,2020,10,2,1,DUPLICADO_EXACTO,1
00015577,2020,12,2,1,DUPLICADO_EXACTO,1
00015577,2021,1,2,1,DUPLICADO_EXACTO,1
00015577,2022,5,3,1,DUPLICADO_EXACTO,2
00015577,2022,7,2,1,DUPLICADO_EXACTO,1
00015577,2022,9,2,1,DUPLICADO_EXACTO,1
00015577,2022,10,2,1,DUPLICADO_EXACTO,1
00015577,2023,4,2,1,DUPLICADO_EXACTO,1
00015577,2023,5,2,1,DUPLICADO_EXACTO,1
00015577,2023,8,2,1,DUPLICADO_EXACTO,1
00015842,2020,9,2,1,DUPLICADO_EXACTO,1
00015848,2019,12,7,1,DUPLICADO_EXACTO,6
00015905,2020,1,2,1,DUPLICADO_EXACTO,1
00015905,2020,7,2,1,DUPLICADO_EXACTO,1
00015905,2020,8,2,1,DUPLICADO_EXACTO,1
00015905,2020,9,2,1,DUPLICADO_EXACTO,1
00015905,2020,10,2,1,DUPLICADO_EXACTO,1
00015905,2020,12,2,1,DUPLICADO_EXACTO,1
00015905,2021,1,2,1,DUPLICADO_EXACTO,1
00015905,2022,5,3,1,DUPLICADO_EXACTO,2
00015905,2022,7,2,1,DUPLICADO_EXACTO,1
00015905,2022,9,2,1,DUPLICADO_EXACTO,1
00015905,2022,10,2,1,DUPLICADO_EXACTO,1
00015905,2023,4,2,1,DUPLICADO_EXACTO,1
00015905,2023,5,2,1,DUPLICADO_EXACTO,1
00015905,2023,8,2,1,DUPLICADO_EXACTO,1
00015914,2020,2,2,1,DUPLICADO_EXACTO,1
00015914,2020,3,2,1,DUPLICADO_EXACTO,1
00015914,2022,7,3,1,DUPLICADO_EXACTO,2
00015914,2022,8,3,1,DUPLICADO_EXACTO,2
00016016,2020,7,2,1,DUPLICADO_EXACTO,1
00016016,2024,1,2,1,DUPLICADO_EXACTO,1
00016016,2024,10,5,1,DUPLICADO_EXACTO,4
00016016,2025,5,3,1,DUPLICADO_EXACTO,2
00016016,2025,10,2,1,DUPLICADO_EXACTO,1
00016017,2025,9,2,1,DUPLICADO_EXACTO,1
00016134,2020,10,2,1,DUPLICADO_EXACTO,1
00016134,2022,10,2,1,DUPLICADO_EXACTO,1
00016134,2023,10,2,1,DUPLICADO_EXACTO,1
00016134,2024,11,2,1,DUPLICADO_EXACTO,1
00016134,2024,12,2,1,DUPLICADO_EXACTO,1
00016134,2026,6,4,1,DUPLICADO_EXACTO,3
00016135,2025,8,2,1,DUPLICADO_EXACTO,1
00016135,2025,9,3,1,DUPLICADO_EXACTO,2
00016135,2025,10,2,1,DUPLICADO_EXACTO,1
00016135,2025,11,2,1,DUPLICADO_EXACTO,1
00016135,2025,12,2,1,DUPLICADO_EXACTO,1
00016135,2026,2,2,1,DUPLICADO_EXACTO,1
00016135,2026,3,3,1,DUPLICADO_EXACTO,2
00016135,2026,4,3,1,DUPLICADO_EXACTO,2
00016135,2026,5,2,1,DUPLICADO_EXACTO,1
00016135,2026,6,2,1,DUPLICADO_EXACTO,1
00016135,2026,7,2,1,DUPLICADO_EXACTO,1
00016136,2020,12,2,1,DUPLICADO_EXACTO,1
00016136,2021,1,7,1,DUPLICADO_EXACTO,6
00016136,2022,1,3,1,DUPLICADO_EXACTO,2
00016136,2022,4,2,1,DUPLICADO_EXACTO,1
00016136,2022,5,2,1,DUPLICADO_EXACTO,1
00016136,2022,7,2,1,DUPLICADO_EXACTO,1
00016136,2023,3,2,1,DUPLICADO_EXACTO,1
00016136,2023,4,2,1,DUPLICADO_EXACTO,1
00016136,2023,5,2,1,DUPLICADO_EXACTO,1
00016136,2023,7,2,1,DUPLICADO_EXACTO,1
00016136,2023,8,2,1,DUPLICADO_EXACTO,1
00016136,2023,9,2,1,DUPLICADO_EXACTO,1
00016136,2023,10,2,1,DUPLICADO_EXACTO,1
00016136,2024,3,2,1,DUPLICADO_EXACTO,1
00016136,2025,2,2,1,DUPLICADO_EXACTO,1
00016136,2025,11,2,1,DUPLICADO_EXACTO,1
00016137,2022,7,2,1,DUPLICADO_EXACTO,1
00016137,2022,12,2,1,DUPLICADO_EXACTO,1
00016137,2023,1,2,1,DUPLICADO_EXACTO,1
00016137,2023,4,2,1,DUPLICADO_EXACTO,1
00016137,2023,6,2,1,DUPLICADO_EXACTO,1
00016137,2023,7,2,1,DUPLICADO_EXACTO,1
00016137,2024,1,2,1,DUPLICADO_EXACTO,1
00016137,2024,2,2,1,DUPLICADO_EXACTO,1
00016137,2024,4,2,1,DUPLICADO_EXACTO,1
00016137,2024,11,2,1,DUPLICADO_EXACTO,1
00016137,2025,11,2,1,DUPLICADO_EXACTO,1
00016137,2026,2,2,1,DUPLICADO_EXACTO,1
00016138,2019,8,2,1,DUPLICADO_EXACTO,1
00016138,2019,12,2,1,DUPLICADO_EXACTO,1
00016138,2020,6,2,1,DUPLICADO_EXACTO,1
00016138,2020,10,2,1,DUPLICADO_EXACTO,1
00016138,2020,11,2,1,DUPLICADO_EXACTO,1
00016138,2025,7,2,1,DUPLICADO_EXACTO,1
00016139,2020,10,2,1,DUPLICADO_EXACTO,1
00016139,2022,10,2,1,DUPLICADO_EXACTO,1
00016139,2023,10,2,1,DUPLICADO_EXACTO,1
00016139,2024,11,2,1,DUPLICADO_EXACTO,1
00016139,2024,12,2,1,DUPLICADO_EXACTO,1
00016139,2026,6,4,1,DUPLICADO_EXACTO,3
00016204,2020,2,2,1,DUPLICADO_EXACTO,1
00016204,2020,8,2,1,DUPLICADO_EXACTO,1
00016204,2025,11,2,1,DUPLICADO_EXACTO,1
00016325,2020,10,4,1,DUPLICADO_EXACTO,3
00016325,2021,1,2,1,DUPLICADO_EXACTO,1
00016325,2022,8,2,1,DUPLICADO_EXACTO,1
00016325,2023,4,3,1,DUPLICADO_EXACTO,2
00016325,2024,7,2,1,DUPLICADO_EXACTO,1
00016325,2024,9,2,1,DUPLICADO_EXACTO,1
00016325,2025,4,2,1,DUPLICADO_EXACTO,1
00016325,2026,4,2,1,DUPLICADO_EXACTO,1
00016327,2020,10,4,1,DUPLICADO_EXACTO,3
00016327,2021,1,2,1,DUPLICADO_EXACTO,1
00016327,2022,8,2,1,DUPLICADO_EXACTO,1
00016327,2023,4,3,1,DUPLICADO_EXACTO,2
00016327,2024,7,2,1,DUPLICADO_EXACTO,1
00016327,2024,9,2,1,DUPLICADO_EXACTO,1
00016327,2025,4,2,1,DUPLICADO_EXACTO,1
00016327,2026,4,2,1,DUPLICADO_EXACTO,1
00016328,2021,1,2,1,DUPLICADO_EXACTO,1
00016328,2022,8,2,1,DUPLICADO_EXACTO,1
00016328,2023,4,3,1,DUPLICADO_EXACTO,2
00016329,2019,12,2,1,DUPLICADO_EXACTO,1
00016329,2020,10,4,1,DUPLICADO_EXACTO,3
00016329,2021,1,2,1,DUPLICADO_EXACTO,1
00016329,2022,8,2,1,DUPLICADO_EXACTO,1
00016329,2023,4,3,1,DUPLICADO_EXACTO,2
00016330,2020,10,4,1,DUPLICADO_EXACTO,3
00016332,2020,10,4,1,DUPLICADO_EXACTO,3
00016332,2021,1,2,1,DUPLICADO_EXACTO,1
00016332,2022,8,2,1,DUPLICADO_EXACTO,1
00016332,2023,4,3,1,DUPLICADO_EXACTO,2
00016332,2024,7,2,1,DUPLICADO_EXACTO,1
00016332,2024,9,2,1,DUPLICADO_EXACTO,1
00016332,2025,4,2,1,DUPLICADO_EXACTO,1
00016332,2026,4,2,1,DUPLICADO_EXACTO,1
00016334,2020,10,4,1,DUPLICADO_EXACTO,3
00016334,2021,1,2,1,DUPLICADO_EXACTO,1
00016334,2022,8,2,1,DUPLICADO_EXACTO,1
00016334,2023,4,3,1,DUPLICADO_EXACTO,2
00016334,2024,9,2,1,DUPLICADO_EXACTO,1
00016335,2026,7,2,1,DUPLICADO_EXACTO,1
00016363,2019,2,3,1,DUPLICADO_EXACTO,2
00016422,2023,6,2,1,DUPLICADO_EXACTO,1
00016422,2023,7,4,1,DUPLICADO_EXACTO,3
00016422,2023,9,2,1,DUPLICADO_EXACTO,1
00016422,2024,6,2,1,DUPLICADO_EXACTO,1
00016423,2023,7,2,1,DUPLICADO_EXACTO,1
00016424,2023,5,2,1,DUPLICADO_EXACTO,1
00016424,2026,5,2,1,DUPLICADO_EXACTO,1
00016551,2019,12,3,1,DUPLICADO_EXACTO,2
00016723,2020,2,2,1,DUPLICADO_EXACTO,1
00016723,2020,8,2,1,DUPLICADO_EXACTO,1
00016723,2025,11,2,1,DUPLICADO_EXACTO,1
00016758,2019,12,7,1,DUPLICADO_EXACTO,6
00016886,2021,11,2,1,DUPLICADO_EXACTO,1
00016886,2021,12,2,1,DUPLICADO_EXACTO,1
00016886,2022,9,2,1,DUPLICADO_EXACTO,1
00016886,2024,1,2,1,DUPLICADO_EXACTO,1
00016886,2024,2,2,1,DUPLICADO_EXACTO,1
00016886,2024,3,3,1,DUPLICADO_EXACTO,2
00016886,2024,5,2,1,DUPLICADO_EXACTO,1
00016886,2024,6,2,1,DUPLICADO_EXACTO,1
00016886,2024,7,2,1,DUPLICADO_EXACTO,1
00016886,2024,8,3,1,DUPLICADO_EXACTO,2
00016886,2024,9,2,1,DUPLICADO_EXACTO,1
00016886,2024,10,3,1,DUPLICADO_EXACTO,2
00016886,2024,12,2,1,DUPLICADO_EXACTO,1
00016886,2025,7,4,1,DUPLICADO_EXACTO,3
00016886,2025,8,2,1,DUPLICADO_EXACTO,1
00016886,2025,9,3,1,DUPLICADO_EXACTO,2
00016886,2025,12,2,1,DUPLICADO_EXACTO,1
00016886,2026,1,3,1,DUPLICADO_EXACTO,2
00016886,2026,2,3,1,DUPLICADO_EXACTO,2
00016886,2026,3,3,1,DUPLICADO_EXACTO,2
00016896,2019,11,3,1,DUPLICADO_EXACTO,2
00016896,2025,9,2,1,DUPLICADO_EXACTO,1
00016908,2019,5,3,1,DUPLICADO_EXACTO,2
00016908,2022,7,3,1,DUPLICADO_EXACTO,2
00016908,2022,10,2,1,DUPLICADO_EXACTO,1
00016908,2022,11,2,1,DUPLICADO_EXACTO,1
00016908,2022,12,2,1,DUPLICADO_EXACTO,1
00016908,2024,8,2,1,DUPLICADO_EXACTO,1
00016908,2025,5,2,1,DUPLICADO_EXACTO,1
00016909,2022,2,2,1,DUPLICADO_EXACTO,1
00016909,2022,7,3,1,DUPLICADO_EXACTO,2
00016909,2022,10,2,1,DUPLICADO_EXACTO,1
00016909,2022,11,2,1,DUPLICADO_EXACTO,1
00016909,2022,12,2,1,DUPLICADO_EXACTO,1
00016909,2024,8,2,1,DUPLICADO_EXACTO,1
00016909,2025,5,2,1,DUPLICADO_EXACTO,1
00016911,2022,2,2,1,DUPLICADO_EXACTO,1
00016911,2022,7,3,1,DUPLICADO_EXACTO,2
00016911,2022,10,2,1,DUPLICADO_EXACTO,1
00016911,2022,11,2,1,DUPLICADO_EXACTO,1
00016911,2022,12,2,1,DUPLICADO_EXACTO,1
00016911,2024,8,2,1,DUPLICADO_EXACTO,1
00016911,2025,5,2,1,DUPLICADO_EXACTO,1
00016912,2022,2,2,1,DUPLICADO_EXACTO,1
00016912,2022,7,3,1,DUPLICADO_EXACTO,2
00016912,2022,10,2,1,DUPLICADO_EXACTO,1
00016912,2022,11,2,1,DUPLICADO_EXACTO,1
00016912,2022,12,2,1,DUPLICADO_EXACTO,1
00016912,2024,8,2,1,DUPLICADO_EXACTO,1
00016912,2025,5,2,1,DUPLICADO_EXACTO,1
00017084,2020,1,5,1,DUPLICADO_EXACTO,4
00017084,2020,8,4,1,DUPLICADO_EXACTO,3
00017084,2024,11,2,1,DUPLICADO_EXACTO,1
00017084,2024,12,2,1,DUPLICADO_EXACTO,1
00017084,2025,10,2,1,DUPLICADO_EXACTO,1
00017084,2026,7,2,1,DUPLICADO_EXACTO,1
00017085,2020,1,5,1,DUPLICADO_EXACTO,4
00017085,2020,8,4,1,DUPLICADO_EXACTO,3
00017085,2020,10,2,1,DUPLICADO_EXACTO,1
00017085,2024,11,2,1,DUPLICADO_EXACTO,1
00017085,2024,12,2,1,DUPLICADO_EXACTO,1
00017085,2025,10,2,1,DUPLICADO_EXACTO,1
00017085,2026,7,2,1,DUPLICADO_EXACTO,1
00017329,2019,4,2,1,DUPLICADO_EXACTO,1
00017329,2019,5,3,1,DUPLICADO_EXACTO,2
00017329,2020,1,4,1,DUPLICADO_EXACTO,3
00017329,2020,2,2,1,DUPLICADO_EXACTO,1
00017329,2020,3,2,1,DUPLICADO_EXACTO,1
00017329,2020,4,3,1,DUPLICADO_EXACTO,2
00017329,2020,10,2,1,DUPLICADO_EXACTO,1
00017329,2020,11,2,1,DUPLICADO_EXACTO,1
00017329,2020,12,3,1,DUPLICADO_EXACTO,2
00017329,2021,1,2,1,DUPLICADO_EXACTO,1
00017329,2021,2,2,1,DUPLICADO_EXACTO,1
00017329,2021,3,2,1,DUPLICADO_EXACTO,1
00017329,2021,7,2,1,DUPLICADO_EXACTO,1
00017329,2021,9,2,1,DUPLICADO_EXACTO,1
00017605,2025,1,2,1,DUPLICADO_EXACTO,1
00017678,2020,3,2,1,DUPLICADO_EXACTO,1
00017678,2020,5,2,1,DUPLICADO_EXACTO,1
00017678,2020,6,3,1,DUPLICADO_EXACTO,2
00017678,2021,4,2,1,DUPLICADO_EXACTO,1
00017678,2021,8,3,1,DUPLICADO_EXACTO,2
00017678,2021,11,2,1,DUPLICADO_EXACTO,1
00017678,2022,3,3,1,DUPLICADO_EXACTO,2
00017678,2022,4,2,1,DUPLICADO_EXACTO,1
00017678,2022,11,2,1,DUPLICADO_EXACTO,1
00017678,2023,1,2,1,DUPLICADO_EXACTO,1
00017678,2023,3,2,1,DUPLICADO_EXACTO,1
00017678,2023,7,3,1,DUPLICADO_EXACTO,2
00017678,2023,9,2,1,DUPLICADO_EXACTO,1
00017678,2024,4,2,1,DUPLICADO_EXACTO,1
00017678,2024,5,2,1,DUPLICADO_EXACTO,1
00017678,2024,6,3,1,DUPLICADO_EXACTO,2
00017678,2024,7,2,1,DUPLICADO_EXACTO,1
00017678,2024,9,2,1,DUPLICADO_EXACTO,1
00017678,2024,10,2,1,DUPLICADO_EXACTO,1
00017678,2024,11,2,1,DUPLICADO_EXACTO,1
00017678,2024,12,2,1,DUPLICADO_EXACTO,1
00017678,2025,10,2,1,DUPLICADO_EXACTO,1
00017687,2020,5,2,1,DUPLICADO_EXACTO,1
00017687,2024,1,3,1,DUPLICADO_EXACTO,2
00017800,2023,12,2,1,DUPLICADO_EXACTO,1
00017801,2023,12,3,1,DUPLICADO_EXACTO,2
00017801,2024,6,2,1,DUPLICADO_EXACTO,1
00017801,2024,7,24,1,DUPLICADO_EXACTO,23
00017801,2024,8,2,1,DUPLICADO_EXACTO,1
00017801,2025,1,6,1,DUPLICADO_EXACTO,5
00017801,2025,2,2,1,DUPLICADO_EXACTO,1
00017801,2026,4,8,1,DUPLICADO_EXACTO,7
00017813,2023,12,2,1,DUPLICADO_EXACTO,1
00017862,2019,12,3,1,DUPLICADO_EXACTO,2
00017903,2019,12,2,1,DUPLICADO_EXACTO,1
00017924,2021,7,2,1,DUPLICADO_EXACTO,1
00017924,2021,9,2,1,DUPLICADO_EXACTO,1
00017924,2021,11,2,1,DUPLICADO_EXACTO,1
00017924,2021,12,2,1,DUPLICADO_EXACTO,1
00017924,2022,4,2,1,DUPLICADO_EXACTO,1
00017924,2023,1,2,1,DUPLICADO_EXACTO,1
00017924,2024,4,2,1,DUPLICADO_EXACTO,1
00017924,2026,1,2,1,DUPLICADO_EXACTO,1
00017924,2026,2,2,1,DUPLICADO_EXACTO,1
00017924,2026,3,2,1,DUPLICADO_EXACTO,1
00017924,2026,6,2,1,DUPLICADO_EXACTO,1
00017925,2021,7,2,1,DUPLICADO_EXACTO,1
00017925,2022,7,2,1,DUPLICADO_EXACTO,1
00017925,2022,8,2,1,DUPLICADO_EXACTO,1
00017925,2023,2,2,1,DUPLICADO_EXACTO,1
00017925,2024,4,2,1,DUPLICADO_EXACTO,1
00017925,2024,7,2,1,DUPLICADO_EXACTO,1
00017925,2024,8,2,1,DUPLICADO_EXACTO,1
00017925,2024,9,2,1,DUPLICADO_EXACTO,1
00018118,2020,6,2,1,DUPLICADO_EXACTO,1
00018118,2020,10,2,1,DUPLICADO_EXACTO,1
00018118,2020,11,3,1,DUPLICADO_EXACTO,2
00018118,2026,2,2,1,DUPLICADO_EXACTO,1
00018119,2020,6,2,1,DUPLICADO_EXACTO,1
00018119,2020,10,2,1,DUPLICADO_EXACTO,1
00018119,2020,11,3,1,DUPLICADO_EXACTO,2
00018119,2025,7,2,1,DUPLICADO_EXACTO,1
00018120,2024,7,2,1,DUPLICADO_EXACTO,1
00018121,2019,8,2,1,DUPLICADO_EXACTO,1
00018121,2020,3,2,1,DUPLICADO_EXACTO,1
00018121,2020,5,2,1,DUPLICADO_EXACTO,1
00018121,2021,11,2,1,DUPLICADO_EXACTO,1
00018121,2022,4,2,1,DUPLICADO_EXACTO,1
00018121,2022,7,2,1,DUPLICADO_EXACTO,1
00018121,2024,2,2,1,DUPLICADO_EXACTO,1
00018121,2024,6,3,1,DUPLICADO_EXACTO,2
00018121,2025,4,2,1,DUPLICADO_EXACTO,1
00018121,2025,10,2,1,DUPLICADO_EXACTO,1
00018123,2022,8,3,1,DUPLICADO_EXACTO,2
00018123,2022,9,5,1,DUPLICADO_EXACTO,4
00018123,2022,10,2,1,DUPLICADO_EXACTO,1
00018123,2023,3,2,1,DUPLICADO_EXACTO,1
00018123,2023,5,2,1,DUPLICADO_EXACTO,1
00018123,2024,1,3,1,DUPLICADO_EXACTO,2
00018123,2024,3,4,1,DUPLICADO_EXACTO,3
00018123,2024,4,3,1,DUPLICADO_EXACTO,2
00018123,2024,5,2,1,DUPLICADO_EXACTO,1
00018165,2020,2,2,1,DUPLICADO_EXACTO,1
00018190,2019,12,2,1,DUPLICADO_EXACTO,1
00018190,2020,8,3,1,DUPLICADO_EXACTO,2
00018190,2021,5,3,1,DUPLICADO_EXACTO,2
00018190,2021,6,2,1,DUPLICADO_EXACTO,1
00018190,2021,8,3,1,DUPLICADO_EXACTO,2
00018190,2021,9,3,1,DUPLICADO_EXACTO,2
00018190,2021,10,3,1,DUPLICADO_EXACTO,2
00018190,2021,12,4,1,DUPLICADO_EXACTO,3
00018190,2022,1,2,1,DUPLICADO_EXACTO,1
00018190,2022,2,2,1,DUPLICADO_EXACTO,1
00018190,2022,4,2,1,DUPLICADO_EXACTO,1
00018190,2022,5,3,1,DUPLICADO_EXACTO,2
00018190,2022,6,2,1,DUPLICADO_EXACTO,1
00018190,2022,7,2,1,DUPLICADO_EXACTO,1
00018190,2022,8,2,1,DUPLICADO_EXACTO,1
00018190,2023,2,3,1,DUPLICADO_EXACTO,2
00018190,2023,3,2,1,DUPLICADO_EXACTO,1
00018190,2023,4,2,1,DUPLICADO_EXACTO,1
00018190,2023,5,2,1,DUPLICADO_EXACTO,1
00018190,2023,7,2,1,DUPLICADO_EXACTO,1
00018190,2023,11,2,1,DUPLICADO_EXACTO,1
00018190,2023,12,2,1,DUPLICADO_EXACTO,1
00018190,2024,1,2,1,DUPLICADO_EXACTO,1
00018190,2024,4,2,1,DUPLICADO_EXACTO,1
00018190,2024,5,2,1,DUPLICADO_EXACTO,1
00018190,2024,7,2,1,DUPLICADO_EXACTO,1
00018190,2024,11,2,1,DUPLICADO_EXACTO,1
00018190,2025,1,2,1,DUPLICADO_EXACTO,1
00018190,2025,4,2,1,DUPLICADO_EXACTO,1
00018190,2025,9,2,1,DUPLICADO_EXACTO,1
00018190,2025,10,2,1,DUPLICADO_EXACTO,1
00018225,2021,7,2,1,DUPLICADO_EXACTO,1
00018225,2021,9,2,1,DUPLICADO_EXACTO,1
00018225,2021,11,2,1,DUPLICADO_EXACTO,1
00018225,2021,12,2,1,DUPLICADO_EXACTO,1
00018225,2022,4,2,1,DUPLICADO_EXACTO,1
00018225,2022,5,3,1,DUPLICADO_EXACTO,2
00018225,2022,11,2,1,DUPLICADO_EXACTO,1
00018225,2023,1,2,1,DUPLICADO_EXACTO,1
00018225,2024,4,2,1,DUPLICADO_EXACTO,1
00018225,2026,1,2,1,DUPLICADO_EXACTO,1
00018225,2026,2,2,1,DUPLICADO_EXACTO,1
00018225,2026,3,2,1,DUPLICADO_EXACTO,1
00018226,2022,8,3,1,DUPLICADO_EXACTO,2
00018226,2022,9,5,1,DUPLICADO_EXACTO,4
00018226,2022,10,2,1,DUPLICADO_EXACTO,1
00018226,2023,3,2,1,DUPLICADO_EXACTO,1
00018226,2023,5,2,1,DUPLICADO_EXACTO,1
00018226,2023,7,2,1,DUPLICADO_EXACTO,1
00018226,2024,1,3,1,DUPLICADO_EXACTO,2
00018226,2024,2,2,1,DUPLICADO_EXACTO,1
00018226,2024,3,4,1,DUPLICADO_EXACTO,3
00018226,2024,4,3,1,DUPLICADO_EXACTO,2
00018226,2024,5,2,1,DUPLICADO_EXACTO,1
00018226,2024,9,2,1,DUPLICADO_EXACTO,1
00018230,2019,12,3,1,DUPLICADO_EXACTO,2
00018241,2019,11,2,1,DUPLICADO_EXACTO,1
00018241,2020,2,2,1,DUPLICADO_EXACTO,1
00018241,2020,5,3,1,DUPLICADO_EXACTO,2
00018241,2020,6,2,1,DUPLICADO_EXACTO,1
00018241,2021,4,3,1,DUPLICADO_EXACTO,2
00018241,2021,9,2,1,DUPLICADO_EXACTO,1
00018241,2021,12,3,1,DUPLICADO_EXACTO,2
00018241,2023,2,2,1,DUPLICADO_EXACTO,1
00018241,2023,3,2,1,DUPLICADO_EXACTO,1
00018241,2023,6,2,1,DUPLICADO_EXACTO,1
00018241,2024,9,2,1,DUPLICADO_EXACTO,1
00018241,2026,3,3,1,DUPLICADO_EXACTO,2
00018241,2026,6,2,1,DUPLICADO_EXACTO,1
00018241,2026,7,2,1,DUPLICADO_EXACTO,1
00018297,2021,7,2,1,DUPLICADO_EXACTO,1
00018297,2021,9,2,1,DUPLICADO_EXACTO,1
00018297,2021,11,2,1,DUPLICADO_EXACTO,1
00018297,2021,12,2,1,DUPLICADO_EXACTO,1
00018297,2022,4,2,1,DUPLICADO_EXACTO,1
00018297,2022,5,3,1,DUPLICADO_EXACTO,2
00018297,2022,11,2,1,DUPLICADO_EXACTO,1
00018297,2023,1,2,1,DUPLICADO_EXACTO,1
00018297,2024,3,2,1,DUPLICADO_EXACTO,1
00018297,2024,4,2,1,DUPLICADO_EXACTO,1
00018297,2024,9,2,1,DUPLICADO_EXACTO,1
00018297,2026,1,2,1,DUPLICADO_EXACTO,1
00018297,2026,2,2,1,DUPLICADO_EXACTO,1
00018297,2026,3,2,1,DUPLICADO_EXACTO,1
00018297,2026,6,2,1,DUPLICADO_EXACTO,1
00018306,2019,12,3,1,DUPLICADO_EXACTO,2
00018379,2019,9,3,1,DUPLICADO_EXACTO,2
00018379,2020,6,2,1,DUPLICADO_EXACTO,1
00018379,2020,8,2,1,DUPLICADO_EXACTO,1
00018475,2019,11,2,1,DUPLICADO_EXACTO,1
00018475,2024,7,2,1,DUPLICADO_EXACTO,1
00018475,2024,12,2,1,DUPLICADO_EXACTO,1
00018475,2025,1,3,1,DUPLICADO_EXACTO,2
00018475,2025,6,2,1,DUPLICADO_EXACTO,1
00018493,2019,12,3,1,DUPLICADO_EXACTO,2
00018580,2019,12,3,1,DUPLICADO_EXACTO,2
00018626,2018,9,4,1,DUPLICADO_EXACTO,3
00018775,2023,12,3,1,DUPLICADO_EXACTO,2
00018775,2024,6,2,1,DUPLICADO_EXACTO,1
00018775,2024,7,24,1,DUPLICADO_EXACTO,23
00018775,2024,8,2,1,DUPLICADO_EXACTO,1
00018775,2025,1,6,1,DUPLICADO_EXACTO,5
00018775,2025,2,2,1,DUPLICADO_EXACTO,1
00018775,2026,4,8,1,DUPLICADO_EXACTO,7
00018784,2025,6,2,1,DUPLICADO_EXACTO,1
00018872,2025,1,2,1,DUPLICADO_EXACTO,1
00018916,2025,1,2,1,DUPLICADO_EXACTO,1
00018987,2019,12,3,1,DUPLICADO_EXACTO,2
00018987,2020,1,2,1,DUPLICADO_EXACTO,1
00018987,2025,12,2,1,DUPLICADO_EXACTO,1
00019091,2020,6,2,1,DUPLICADO_EXACTO,1
00019093,2025,12,2,1,DUPLICADO_EXACTO,1
00019093,2026,1,2,1,DUPLICADO_EXACTO,1
00019140,2026,3,2,1,DUPLICADO_EXACTO,1
00019155,2019,5,2,1,DUPLICADO_EXACTO,1
00019173,2025,10,4,1,DUPLICADO_EXACTO,3
00019174,2025,10,4,1,DUPLICADO_EXACTO,3
00019176,2019,9,3,1,DUPLICADO_EXACTO,2
00019233,2023,12,2,1,DUPLICADO_EXACTO,1
00019233,2024,2,2,1,DUPLICADO_EXACTO,1
00019233,2024,5,3,1,DUPLICADO_EXACTO,2
00019233,2024,6,2,1,DUPLICADO_EXACTO,1
00019233,2024,9,2,1,DUPLICADO_EXACTO,1
00019233,2024,10,2,1,DUPLICADO_EXACTO,1
00019233,2024,12,2,1,DUPLICADO_EXACTO,1
00019233,2025,4,2,1,DUPLICADO_EXACTO,1
00019233,2025,5,2,1,DUPLICADO_EXACTO,1
00019233,2025,8,2,1,DUPLICADO_EXACTO,1
00019233,2025,9,2,1,DUPLICADO_EXACTO,1
00019233,2025,10,3,1,DUPLICADO_EXACTO,2
00019233,2025,11,2,1,DUPLICADO_EXACTO,1
00019285,2020,1,4,1,DUPLICADO_EXACTO,3
00019285,2020,2,2,1,DUPLICADO_EXACTO,1
00019285,2020,3,2,1,DUPLICADO_EXACTO,1
00019285,2020,4,2,1,DUPLICADO_EXACTO,1
00019285,2020,5,2,1,DUPLICADO_EXACTO,1
00019285,2020,7,5,1,DUPLICADO_EXACTO,4
00019285,2021,8,2,1,DUPLICADO_EXACTO,1
00019285,2022,7,2,1,DUPLICADO_EXACTO,1
00019285,2023,6,2,1,DUPLICADO_EXACTO,1
00019285,2023,7,2,1,DUPLICADO_EXACTO,1
00019285,2023,8,2,1,DUPLICADO_EXACTO,1
00019285,2023,9,2,1,DUPLICADO_EXACTO,1
00019285,2023,10,2,1,DUPLICADO_EXACTO,1
00019285,2023,11,3,1,DUPLICADO_EXACTO,2
00019285,2023,12,2,1,DUPLICADO_EXACTO,1
00019285,2024,3,2,1,DUPLICADO_EXACTO,1
00019285,2024,4,2,1,DUPLICADO_EXACTO,1
00019285,2024,5,2,1,DUPLICADO_EXACTO,1
00019285,2024,6,2,1,DUPLICADO_EXACTO,1
00019286,2019,12,2,1,DUPLICADO_EXACTO,1
00019286,2020,1,4,1,DUPLICADO_EXACTO,3
00019286,2020,3,2,1,DUPLICADO_EXACTO,1
00019286,2020,4,2,1,DUPLICADO_EXACTO,1
00019286,2020,5,2,1,DUPLICADO_EXACTO,1
00019286,2020,7,5,1,DUPLICADO_EXACTO,4
00019286,2021,8,2,1,DUPLICADO_EXACTO,1
00019286,2022,7,2,1,DUPLICADO_EXACTO,1
00019286,2023,6,2,1,DUPLICADO_EXACTO,1
00019286,2023,7,2,1,DUPLICADO_EXACTO,1
00019286,2023,8,2,1,DUPLICADO_EXACTO,1
00019286,2023,9,2,1,DUPLICADO_EXACTO,1
00019286,2023,10,2,1,DUPLICADO_EXACTO,1
00019286,2023,11,3,1,DUPLICADO_EXACTO,2
00019286,2023,12,2,1,DUPLICADO_EXACTO,1
00019286,2024,3,2,1,DUPLICADO_EXACTO,1
00019286,2024,4,2,1,DUPLICADO_EXACTO,1
00019286,2024,5,2,1,DUPLICADO_EXACTO,1
00019286,2024,6,2,1,DUPLICADO_EXACTO,1
00019549,2020,6,2,1,DUPLICADO_EXACTO,1
00019549,2021,10,2,1,DUPLICADO_EXACTO,1
00019549,2022,4,2,1,DUPLICADO_EXACTO,1
00019591,2024,3,2,1,DUPLICADO_EXACTO,1
00019591,2024,6,2,1,DUPLICADO_EXACTO,1
00019591,2024,8,2,1,DUPLICADO_EXACTO,1
00019591,2024,9,3,1,DUPLICADO_EXACTO,2
00019591,2024,10,2,1,DUPLICADO_EXACTO,1
00019591,2024,11,2,1,DUPLICADO_EXACTO,1
00019591,2025,1,2,1,DUPLICADO_EXACTO,1
00019591,2025,2,2,1,DUPLICADO_EXACTO,1
00019591,2025,6,2,1,DUPLICADO_EXACTO,1
00019591,2025,7,2,1,DUPLICADO_EXACTO,1
00019591,2025,9,2,1,DUPLICADO_EXACTO,1
00019591,2025,10,2,1,DUPLICADO_EXACTO,1
00019591,2025,11,2,1,DUPLICADO_EXACTO,1
00019591,2025,12,2,1,DUPLICADO_EXACTO,1
00019591,2026,3,2,1,DUPLICADO_EXACTO,1
00019594,2025,10,4,1,DUPLICADO_EXACTO,3
00019614,2019,9,3,1,DUPLICADO_EXACTO,2
00019765,2020,8,2,1,DUPLICADO_EXACTO,1
00019765,2020,9,2,1,DUPLICADO_EXACTO,1
00019765,2020,10,2,1,DUPLICADO_EXACTO,1
00019765,2020,11,2,1,DUPLICADO_EXACTO,1
00019765,2020,12,2,1,DUPLICADO_EXACTO,1
00019765,2021,1,2,1,DUPLICADO_EXACTO,1
00019765,2021,2,2,1,DUPLICADO_EXACTO,1
00019765,2021,3,2,1,DUPLICADO_EXACTO,1
00019765,2021,5,2,1,DUPLICADO_EXACTO,1
00019765,2022,3,3,1,DUPLICADO_EXACTO,2
00019765,2022,4,5,1,DUPLICADO_EXACTO,4
00019765,2022,9,2,1,DUPLICADO_EXACTO,1
00019765,2023,1,2,1,DUPLICADO_EXACTO,1
00019765,2023,2,2,1,DUPLICADO_EXACTO,1
00019765,2023,4,4,1,DUPLICADO_EXACTO,3
00019765,2023,5,2,1,DUPLICADO_EXACTO,1
00019765,2024,12,2,1,DUPLICADO_EXACTO,1
00019765,2025,1,2,1,DUPLICADO_EXACTO,1
00019765,2025,2,2,1,DUPLICADO_EXACTO,1
00019765,2025,3,2,1,DUPLICADO_EXACTO,1
00019765,2025,5,2,1,DUPLICADO_EXACTO,1
00019765,2025,8,2,1,DUPLICADO_EXACTO,1
00019765,2025,10,2,1,DUPLICADO_EXACTO,1
00019765,2025,11,2,1,DUPLICADO_EXACTO,1
00019765,2026,1,2,1,DUPLICADO_EXACTO,1
00019765,2026,2,2,1,DUPLICADO_EXACTO,1
00019765,2026,4,2,1,DUPLICADO_EXACTO,1
00019765,2026,7,2,1,DUPLICADO_EXACTO,1
00019790,2025,8,3,1,DUPLICADO_EXACTO,2
00019792,2025,8,3,1,DUPLICADO_EXACTO,2
00019793,2025,8,3,1,DUPLICADO_EXACTO,2
00019794,2025,8,3,1,DUPLICADO_EXACTO,2
00020157,2024,11,3,1,DUPLICADO_EXACTO,2
00020274,2018,11,3,1,DUPLICADO_EXACTO,2
00020823,2019,11,2,1,DUPLICADO_EXACTO,1
00020823,2023,5,4,1,DUPLICADO_EXACTO,3
00020868,2019,11,2,1,DUPLICADO_EXACTO,1
00020868,2025,8,2,1,DUPLICADO_EXACTO,1
00020868,2025,9,3,1,DUPLICADO_EXACTO,2
00020868,2025,10,2,1,DUPLICADO_EXACTO,1
00020868,2025,11,2,1,DUPLICADO_EXACTO,1
00020868,2025,12,2,1,DUPLICADO_EXACTO,1
00020868,2026,2,2,1,DUPLICADO_EXACTO,1
00020868,2026,3,3,1,DUPLICADO_EXACTO,2
00020868,2026,4,3,1,DUPLICADO_EXACTO,2
00020868,2026,5,2,1,DUPLICADO_EXACTO,1
00020868,2026,6,2,1,DUPLICADO_EXACTO,1
00020868,2026,7,2,1,DUPLICADO_EXACTO,1
00021061,2026,5,7,1,DUPLICADO_EXACTO,6
00021224,2025,3,2,1,DUPLICADO_EXACTO,1
00021226,2025,3,2,1,DUPLICADO_EXACTO,1
00021259,2020,2,2,1,DUPLICADO_EXACTO,1
00021259,2020,3,3,1,DUPLICADO_EXACTO,2
00021259,2020,4,7,1,DUPLICADO_EXACTO,6
00021259,2020,5,3,1,DUPLICADO_EXACTO,2
00021259,2020,6,2,1,DUPLICADO_EXACTO,1
00021259,2020,9,3,1,DUPLICADO_EXACTO,2
00021259,2020,10,3,1,DUPLICADO_EXACTO,2
00021259,2020,11,2,1,DUPLICADO_EXACTO,1
00021259,2021,5,3,1,DUPLICADO_EXACTO,2
00021259,2022,6,2,1,DUPLICADO_EXACTO,1
00021259,2023,10,4,1,DUPLICADO_EXACTO,3
00021259,2024,5,2,1,DUPLICADO_EXACTO,1
00021259,2026,6,2,1,DUPLICADO_EXACTO,1
00021449,2019,10,2,1,DUPLICADO_EXACTO,1
00021449,2020,2,2,1,DUPLICADO_EXACTO,1
00021449,2020,4,2,1,DUPLICADO_EXACTO,1
00021449,2020,5,2,1,DUPLICADO_EXACTO,1
00021449,2020,6,2,1,DUPLICADO_EXACTO,1
00021449,2020,7,2,1,DUPLICADO_EXACTO,1
00021449,2022,4,2,1,DUPLICADO_EXACTO,1
00021449,2022,7,3,1,DUPLICADO_EXACTO,2
00021449,2022,8,2,1,DUPLICADO_EXACTO,1
00021449,2022,11,2,1,DUPLICADO_EXACTO,1
00021449,2026,3,2,1,DUPLICADO_EXACTO,1
00021450,2019,12,3,1,DUPLICADO_EXACTO,2
00021450,2020,2,2,1,DUPLICADO_EXACTO,1
00021450,2020,4,2,1,DUPLICADO_EXACTO,1
00021450,2020,5,2,1,DUPLICADO_EXACTO,1
00021450,2020,6,2,1,DUPLICADO_EXACTO,1
00021450,2020,7,2,1,DUPLICADO_EXACTO,1
00021450,2022,4,2,1,DUPLICADO_EXACTO,1
00021450,2022,7,3,1,DUPLICADO_EXACTO,2
00021450,2022,8,2,1,DUPLICADO_EXACTO,1
00021450,2022,11,2,1,DUPLICADO_EXACTO,1
00021450,2026,3,2,1,DUPLICADO_EXACTO,1
00021481,2019,11,3,1,DUPLICADO_EXACTO,2
00021481,2020,2,2,1,DUPLICADO_EXACTO,1
00021481,2020,4,2,1,DUPLICADO_EXACTO,1
00021481,2020,5,2,1,DUPLICADO_EXACTO,1
00021481,2020,6,2,1,DUPLICADO_EXACTO,1
00021481,2020,7,2,1,DUPLICADO_EXACTO,1
00021481,2022,4,2,1,DUPLICADO_EXACTO,1
00021481,2022,7,2,1,DUPLICADO_EXACTO,1
00021481,2022,8,2,1,DUPLICADO_EXACTO,1
00021481,2022,11,2,1,DUPLICADO_EXACTO,1
00021481,2026,3,2,1,DUPLICADO_EXACTO,1
00021550,2020,5,2,1,DUPLICADO_EXACTO,1
00021587,2020,9,2,1,DUPLICADO_EXACTO,1
00021587,2020,12,2,1,DUPLICADO_EXACTO,1
00021587,2021,1,2,1,DUPLICADO_EXACTO,1
00021587,2021,2,2,1,DUPLICADO_EXACTO,1
00021587,2022,10,2,1,DUPLICADO_EXACTO,1
00021587,2025,2,2,1,DUPLICADO_EXACTO,1
00021587,2026,5,2,1,DUPLICADO_EXACTO,1
00021652,2022,11,2,1,DUPLICADO_EXACTO,1
00021797,2018,12,2,1,DUPLICADO_EXACTO,1
00021797,2020,7,2,1,DUPLICADO_EXACTO,1
00021797,2021,6,2,1,DUPLICADO_EXACTO,1
00021797,2022,3,4,1,DUPLICADO_EXACTO,3
00021797,2022,8,2,1,DUPLICADO_EXACTO,1
00021797,2023,5,2,1,DUPLICADO_EXACTO,1
00021797,2023,7,2,1,DUPLICADO_EXACTO,1
00021797,2025,7,2,1,DUPLICADO_EXACTO,1
00021797,2026,1,2,1,DUPLICADO_EXACTO,1
00021797,2026,5,2,1,DUPLICADO_EXACTO,1
00021800,2020,7,2,1,DUPLICADO_EXACTO,1
00021800,2021,6,2,1,DUPLICADO_EXACTO,1
00021800,2022,3,4,1,DUPLICADO_EXACTO,3
00021800,2022,8,2,1,DUPLICADO_EXACTO,1
00021800,2023,5,2,1,DUPLICADO_EXACTO,1
00021800,2023,7,2,1,DUPLICADO_EXACTO,1
00021800,2025,7,2,1,DUPLICADO_EXACTO,1
00021800,2026,1,2,1,DUPLICADO_EXACTO,1
00021800,2026,5,2,1,DUPLICADO_EXACTO,1
00021800,2026,7,2,1,DUPLICADO_EXACTO,1
00021801,2020,2,2,1,DUPLICADO_EXACTO,1
00021801,2020,9,3,1,DUPLICADO_EXACTO,2
00021801,2020,11,7,1,DUPLICADO_EXACTO,6
00021802,2020,2,2,1,DUPLICADO_EXACTO,1
00021802,2020,9,3,1,DUPLICADO_EXACTO,2
00021802,2020,11,7,1,DUPLICADO_EXACTO,6
00021803,2020,7,2,1,DUPLICADO_EXACTO,1
00021803,2021,6,2,1,DUPLICADO_EXACTO,1
00021803,2022,3,4,1,DUPLICADO_EXACTO,3
00021803,2022,8,2,1,DUPLICADO_EXACTO,1
00021803,2023,5,2,1,DUPLICADO_EXACTO,1
00021803,2023,7,2,1,DUPLICADO_EXACTO,1
00021803,2026,1,2,1,DUPLICADO_EXACTO,1
00021803,2026,7,2,1,DUPLICADO_EXACTO,1
00021804,2020,2,2,1,DUPLICADO_EXACTO,1
00021804,2020,11,7,1,DUPLICADO_EXACTO,6
00021805,2020,2,2,1,DUPLICADO_EXACTO,1
00021805,2020,9,3,1,DUPLICADO_EXACTO,2
00021805,2020,11,7,1,DUPLICADO_EXACTO,6
00021806,2020,2,2,1,DUPLICADO_EXACTO,1
00021806,2020,11,7,1,DUPLICADO_EXACTO,6
00021814,2020,7,2,1,DUPLICADO_EXACTO,1
00021814,2021,6,2,1,DUPLICADO_EXACTO,1
00021814,2022,3,4,1,DUPLICADO_EXACTO,3
00021814,2022,8,2,1,DUPLICADO_EXACTO,1
00021814,2023,5,2,1,DUPLICADO_EXACTO,1
00021814,2023,7,2,1,DUPLICADO_EXACTO,1
00021814,2025,7,2,1,DUPLICADO_EXACTO,1
00021814,2026,1,2,1,DUPLICADO_EXACTO,1
00021814,2026,5,2,1,DUPLICADO_EXACTO,1
00021814,2026,7,2,1,DUPLICADO_EXACTO,1
00021850,2019,12,2,1,DUPLICADO_EXACTO,1
00023014,2020,9,2,1,DUPLICADO_EXACTO,1
00023014,2020,10,2,1,DUPLICADO_EXACTO,1
00023014,2020,12,2,1,DUPLICADO_EXACTO,1
00023014,2021,1,2,1,DUPLICADO_EXACTO,1
00023014,2021,2,2,1,DUPLICADO_EXACTO,1
00023014,2021,4,2,1,DUPLICADO_EXACTO,1
00023014,2021,6,2,1,DUPLICADO_EXACTO,1
00023014,2021,8,2,1,DUPLICADO_EXACTO,1
00023014,2021,12,2,1,DUPLICADO_EXACTO,1
00023014,2022,9,2,1,DUPLICADO_EXACTO,1
00023014,2025,4,2,1,DUPLICADO_EXACTO,1
00023145,2019,4,2,1,DUPLICADO_EXACTO,1
00023338,2025,4,2,1,DUPLICADO_EXACTO,1
00023338,2025,9,2,1,DUPLICADO_EXACTO,1
00023338,2025,10,2,1,DUPLICADO_EXACTO,1
00023338,2025,11,2,1,DUPLICADO_EXACTO,1
00023338,2026,1,2,1,DUPLICADO_EXACTO,1
00023338,2026,2,2,1,DUPLICADO_EXACTO,1
00023338,2026,5,2,1,DUPLICADO_EXACTO,1
00023381,2025,8,3,1,DUPLICADO_EXACTO,2
00023488,2023,3,2,1,DUPLICADO_EXACTO,1
00023509,2019,12,4,1,DUPLICADO_EXACTO,3
00023602,2026,3,2,1,DUPLICADO_EXACTO,1
00023602,2026,7,2,1,DUPLICADO_EXACTO,1
00023740,2020,2,4,1,DUPLICADO_EXACTO,3
00023760,2020,1,13,1,DUPLICADO_EXACTO,12
00023760,2024,7,5,1,DUPLICADO_EXACTO,4
00023760,2024,8,2,1,DUPLICADO_EXACTO,1
00023760,2024,9,2,1,DUPLICADO_EXACTO,1
00023956,2020,12,2,1,DUPLICADO_EXACTO,1
00023956,2021,1,7,1,DUPLICADO_EXACTO,6
00023956,2021,10,2,1,DUPLICADO_EXACTO,1
00023956,2022,1,3,1,DUPLICADO_EXACTO,2
00023956,2022,4,2,1,DUPLICADO_EXACTO,1
00023956,2022,5,2,1,DUPLICADO_EXACTO,1
00023956,2022,7,2,1,DUPLICADO_EXACTO,1
00023956,2023,3,2,1,DUPLICADO_EXACTO,1
00023956,2023,4,2,1,DUPLICADO_EXACTO,1
00023956,2023,5,2,1,DUPLICADO_EXACTO,1
00023956,2023,7,2,1,DUPLICADO_EXACTO,1
00023956,2023,9,2,1,DUPLICADO_EXACTO,1
00023956,2023,10,2,1,DUPLICADO_EXACTO,1
00023956,2024,3,2,1,DUPLICADO_EXACTO,1
00023956,2025,2,2,1,DUPLICADO_EXACTO,1
00023956,2025,11,2,1,DUPLICADO_EXACTO,1
00023969,2019,11,3,1,DUPLICADO_EXACTO,2
00023969,2020,6,3,1,DUPLICADO_EXACTO,2
00023969,2020,9,2,1,DUPLICADO_EXACTO,1
00023969,2021,2,2,1,DUPLICADO_EXACTO,1
00023969,2022,10,2,1,DUPLICADO_EXACTO,1
00023969,2023,11,3,1,DUPLICADO_EXACTO,2
00023969,2024,1,4,1,DUPLICADO_EXACTO,3
00023969,2025,4,2,1,DUPLICADO_EXACTO,1
00023969,2025,7,3,1,DUPLICADO_EXACTO,2
00024132,2019,4,6,1,DUPLICADO_EXACTO,5
00024140,2025,12,2,1,DUPLICADO_EXACTO,1
00024140,2026,1,2,1,DUPLICADO_EXACTO,1
00024428,2025,8,3,1,DUPLICADO_EXACTO,2
00024527,2021,7,2,1,DUPLICADO_EXACTO,1
00024527,2021,9,2,1,DUPLICADO_EXACTO,1
00024527,2021,11,2,1,DUPLICADO_EXACTO,1
00024527,2021,12,2,1,DUPLICADO_EXACTO,1
00024527,2022,4,2,1,DUPLICADO_EXACTO,1
00024527,2022,5,3,1,DUPLICADO_EXACTO,2
00024527,2022,11,2,1,DUPLICADO_EXACTO,1
00024527,2023,1,2,1,DUPLICADO_EXACTO,1
00024527,2024,3,2,1,DUPLICADO_EXACTO,1
00024527,2024,4,2,1,DUPLICADO_EXACTO,1
00024527,2024,9,2,1,DUPLICADO_EXACTO,1
00024527,2026,1,2,1,DUPLICADO_EXACTO,1
00024527,2026,2,2,1,DUPLICADO_EXACTO,1
00024527,2026,3,2,1,DUPLICADO_EXACTO,1
00024527,2026,6,2,1,DUPLICADO_EXACTO,1
00024565,2019,12,3,1,DUPLICADO_EXACTO,2
00024571,2020,2,2,1,DUPLICADO_EXACTO,1
00024571,2020,11,7,1,DUPLICADO_EXACTO,6
00024669,2025,1,2,1,DUPLICADO_EXACTO,1
00024669,2025,3,3,1,DUPLICADO_EXACTO,2
00024669,2025,4,2,1,DUPLICADO_EXACTO,1
00024669,2025,5,2,1,DUPLICADO_EXACTO,1
00024669,2025,10,10,1,DUPLICADO_EXACTO,9
00024669,2026,1,2,1,DUPLICADO_EXACTO,1
00024669,2026,2,2,1,DUPLICADO_EXACTO,1
00024669,2026,3,2,1,DUPLICADO_EXACTO,1
00024669,2026,4,2,1,DUPLICADO_EXACTO,1
00024669,2026,6,2,1,DUPLICADO_EXACTO,1
00024669,2026,7,2,1,DUPLICADO_EXACTO,1
00024692,2025,10,2,1,DUPLICADO_EXACTO,1
00024692,2026,7,2,1,DUPLICADO_EXACTO,1
00024719,2022,7,2,1,DUPLICADO_EXACTO,1
00024719,2022,12,2,1,DUPLICADO_EXACTO,1
00024719,2023,1,2,1,DUPLICADO_EXACTO,1
00024719,2023,4,2,1,DUPLICADO_EXACTO,1
00024719,2023,6,2,1,DUPLICADO_EXACTO,1
00024719,2023,7,2,1,DUPLICADO_EXACTO,1
00024719,2024,1,2,1,DUPLICADO_EXACTO,1
00024719,2024,2,2,1,DUPLICADO_EXACTO,1
00024719,2024,4,2,1,DUPLICADO_EXACTO,1
00024719,2024,11,2,1,DUPLICADO_EXACTO,1
00024719,2025,11,2,1,DUPLICADO_EXACTO,1
00024719,2026,2,2,1,DUPLICADO_EXACTO,1
00024779,2025,8,3,1,DUPLICADO_EXACTO,2
00024780,2025,8,3,1,DUPLICADO_EXACTO,2
00024833,2019,12,3,1,DUPLICADO_EXACTO,2
00024938,2020,12,2,1,DUPLICADO_EXACTO,1
00024938,2021,1,7,1,DUPLICADO_EXACTO,6
00024938,2021,10,2,1,DUPLICADO_EXACTO,1
00024938,2022,1,3,1,DUPLICADO_EXACTO,2
00024938,2022,4,2,1,DUPLICADO_EXACTO,1
00024938,2022,5,2,1,DUPLICADO_EXACTO,1
00024938,2022,7,2,1,DUPLICADO_EXACTO,1
00024938,2023,3,2,1,DUPLICADO_EXACTO,1
00024938,2023,4,2,1,DUPLICADO_EXACTO,1
00024938,2023,5,2,1,DUPLICADO_EXACTO,1
00024938,2023,7,2,1,DUPLICADO_EXACTO,1
00024938,2023,8,2,1,DUPLICADO_EXACTO,1
00024938,2023,9,2,1,DUPLICADO_EXACTO,1
00024938,2023,10,2,1,DUPLICADO_EXACTO,1
00024938,2024,3,2,1,DUPLICADO_EXACTO,1
00024938,2025,11,2,1,DUPLICADO_EXACTO,1
00024940,2022,7,4,1,DUPLICADO_EXACTO,3
00024940,2022,11,3,1,DUPLICADO_EXACTO,2
00025042,2019,12,4,1,DUPLICADO_EXACTO,3
00025042,2020,1,2,1,DUPLICADO_EXACTO,1
00025042,2020,2,2,1,DUPLICADO_EXACTO,1
00025042,2020,3,2,1,DUPLICADO_EXACTO,1
00025042,2020,5,2,1,DUPLICADO_EXACTO,1
00025042,2020,6,2,1,DUPLICADO_EXACTO,1
00025042,2020,8,2,1,DUPLICADO_EXACTO,1
00025042,2020,9,2,1,DUPLICADO_EXACTO,1
00025042,2020,10,2,1,DUPLICADO_EXACTO,1
00025042,2020,11,2,1,DUPLICADO_EXACTO,1
00025042,2020,12,3,1,DUPLICADO_EXACTO,2
00025042,2021,1,2,1,DUPLICADO_EXACTO,1
00025042,2021,2,2,1,DUPLICADO_EXACTO,1
00025042,2021,3,2,1,DUPLICADO_EXACTO,1
00025042,2021,7,4,1,DUPLICADO_EXACTO,3
00025042,2021,9,2,1,DUPLICADO_EXACTO,1
00025042,2021,10,3,1,DUPLICADO_EXACTO,2
00025042,2022,1,2,1,DUPLICADO_EXACTO,1
00025042,2022,2,3,1,DUPLICADO_EXACTO,2
00025042,2022,3,3,1,DUPLICADO_EXACTO,2
00025042,2022,4,4,1,DUPLICADO_EXACTO,3
00025042,2022,5,2,1,DUPLICADO_EXACTO,1
00025042,2022,7,2,1,DUPLICADO_EXACTO,1
00025042,2022,8,3,1,DUPLICADO_EXACTO,2
00025042,2022,10,2,1,DUPLICADO_EXACTO,1
00025042,2022,11,2,1,DUPLICADO_EXACTO,1
00025042,2022,12,2,1,DUPLICADO_EXACTO,1
00025042,2023,1,2,1,DUPLICADO_EXACTO,1
00025042,2023,2,2,1,DUPLICADO_EXACTO,1
00025042,2023,4,2,1,DUPLICADO_EXACTO,1
00025042,2023,5,2,1,DUPLICADO_EXACTO,1
00025042,2023,6,2,1,DUPLICADO_EXACTO,1
00025042,2023,7,2,1,DUPLICADO_EXACTO,1
00025042,2023,8,2,1,DUPLICADO_EXACTO,1
00025042,2023,9,2,1,DUPLICADO_EXACTO,1
00025042,2023,10,2,1,DUPLICADO_EXACTO,1
00025042,2025,10,3,1,DUPLICADO_EXACTO,2
00025043,2020,1,2,1,DUPLICADO_EXACTO,1
00025043,2020,2,2,1,DUPLICADO_EXACTO,1
00025043,2020,3,3,1,DUPLICADO_EXACTO,2
00025043,2020,4,2,1,DUPLICADO_EXACTO,1
00025043,2020,5,2,1,DUPLICADO_EXACTO,1
00025043,2020,6,2,1,DUPLICADO_EXACTO,1
00025043,2020,7,2,1,DUPLICADO_EXACTO,1
00025043,2020,8,2,1,DUPLICADO_EXACTO,1
00025043,2020,9,2,1,DUPLICADO_EXACTO,1
00025043,2020,11,4,1,DUPLICADO_EXACTO,3
00025043,2020,12,4,1,DUPLICADO_EXACTO,3
00025043,2021,2,2,1,DUPLICADO_EXACTO,1
00025043,2021,3,2,1,DUPLICADO_EXACTO,1
00025043,2021,6,2,1,DUPLICADO_EXACTO,1
00025043,2021,7,3,1,DUPLICADO_EXACTO,2
00025043,2021,8,3,1,DUPLICADO_EXACTO,2
00025043,2021,10,2,1,DUPLICADO_EXACTO,1
00025043,2021,11,2,1,DUPLICADO_EXACTO,1
00025043,2022,12,2,1,DUPLICADO_EXACTO,1
00025043,2023,1,2,1,DUPLICADO_EXACTO,1
00025043,2023,7,2,1,DUPLICADO_EXACTO,1
00025043,2023,8,6,1,DUPLICADO_EXACTO,5
00025043,2023,9,2,1,DUPLICADO_EXACTO,1
00025043,2023,10,2,1,DUPLICADO_EXACTO,1
00025043,2023,12,2,1,DUPLICADO_EXACTO,1
00025043,2024,1,2,1,DUPLICADO_EXACTO,1
00025043,2024,2,3,1,DUPLICADO_EXACTO,2
00025043,2024,3,4,1,DUPLICADO_EXACTO,3
00025043,2024,4,2,1,DUPLICADO_EXACTO,1
00025043,2024,5,2,1,DUPLICADO_EXACTO,1
00025043,2024,7,2,1,DUPLICADO_EXACTO,1
00025043,2024,8,4,1,DUPLICADO_EXACTO,3
00025043,2024,10,2,1,DUPLICADO_EXACTO,1
00025043,2025,2,3,1,DUPLICADO_EXACTO,2
00025043,2025,3,2,1,DUPLICADO_EXACTO,1
00025043,2025,4,2,1,DUPLICADO_EXACTO,1
00025043,2025,5,6,1,DUPLICADO_EXACTO,5
00025043,2025,6,4,1,DUPLICADO_EXACTO,3
00025043,2025,7,9,1,DUPLICADO_EXACTO,8
00025043,2025,8,3,1,DUPLICADO_EXACTO,2
00025043,2025,9,2,1,DUPLICADO_EXACTO,1
00025043,2025,10,3,1,DUPLICADO_EXACTO,2
00025043,2026,3,10,1,DUPLICADO_EXACTO,9
00025043,2026,4,7,1,DUPLICADO_EXACTO,6
00025043,2026,5,4,1,DUPLICADO_EXACTO,3
00025043,2026,6,2,1,DUPLICADO_EXACTO,1
00025043,2026,7,3,1,DUPLICADO_EXACTO,2
00025049,2020,2,2,1,DUPLICADO_EXACTO,1
00025049,2020,3,2,1,DUPLICADO_EXACTO,1
00025207,2020,1,2,1,DUPLICADO_EXACTO,1
00025207,2020,2,2,1,DUPLICADO_EXACTO,1
00025207,2020,3,2,1,DUPLICADO_EXACTO,1
00025207,2020,5,2,1,DUPLICADO_EXACTO,1
00025207,2020,7,2,1,DUPLICADO_EXACTO,1
00025207,2020,8,2,1,DUPLICADO_EXACTO,1
00025207,2020,10,2,1,DUPLICADO_EXACTO,1
00025207,2020,11,2,1,DUPLICADO_EXACTO,1
00025207,2021,7,2,1,DUPLICADO_EXACTO,1
00025207,2021,8,2,1,DUPLICADO_EXACTO,1
00025207,2021,11,2,1,DUPLICADO_EXACTO,1
00025207,2021,12,2,1,DUPLICADO_EXACTO,1
00025207,2022,1,2,1,DUPLICADO_EXACTO,1
00025207,2022,2,2,1,DUPLICADO_EXACTO,1
00025207,2022,3,2,1,DUPLICADO_EXACTO,1
00025207,2022,4,2,1,DUPLICADO_EXACTO,1
00025207,2022,5,2,1,DUPLICADO_EXACTO,1
00025207,2022,7,2,1,DUPLICADO_EXACTO,1
00025369,2020,2,2,1,DUPLICADO_EXACTO,1
00025369,2020,3,3,1,DUPLICADO_EXACTO,2
00025369,2020,5,2,1,DUPLICADO_EXACTO,1
00025369,2020,12,2,1,DUPLICADO_EXACTO,1
00025369,2024,2,3,1,DUPLICADO_EXACTO,2
00025371,2020,12,4,1,DUPLICADO_EXACTO,3
00025474,2024,10,4,1,DUPLICADO_EXACTO,3
00025474,2024,11,5,1,DUPLICADO_EXACTO,4
00025526,2022,7,2,1,DUPLICADO_EXACTO,1
00025526,2022,12,2,1,DUPLICADO_EXACTO,1
00025526,2023,1,2,1,DUPLICADO_EXACTO,1
00025526,2023,4,2,1,DUPLICADO_EXACTO,1
00025526,2023,6,2,1,DUPLICADO_EXACTO,1
00025526,2024,2,2,1,DUPLICADO_EXACTO,1
00025526,2024,4,2,1,DUPLICADO_EXACTO,1
00025526,2024,11,2,1,DUPLICADO_EXACTO,1
00025526,2025,11,2,1,DUPLICADO_EXACTO,1
00025526,2026,2,2,1,DUPLICADO_EXACTO,1
00025537,2022,7,4,1,DUPLICADO_EXACTO,3
00025537,2022,10,2,1,DUPLICADO_EXACTO,1
00025537,2022,11,3,1,DUPLICADO_EXACTO,2
00025739,2020,10,4,1,DUPLICADO_EXACTO,3
00025739,2021,1,2,1,DUPLICADO_EXACTO,1
00025739,2022,8,2,1,DUPLICADO_EXACTO,1
00025739,2024,7,2,1,DUPLICADO_EXACTO,1
00025739,2024,9,2,1,DUPLICADO_EXACTO,1
00025739,2025,4,2,1,DUPLICADO_EXACTO,1
00025739,2026,4,2,1,DUPLICADO_EXACTO,1
00025740,2020,10,4,1,DUPLICADO_EXACTO,3
00025740,2021,1,2,1,DUPLICADO_EXACTO,1
00025740,2022,8,2,1,DUPLICADO_EXACTO,1
00025740,2023,4,3,1,DUPLICADO_EXACTO,2
00025740,2024,7,2,1,DUPLICADO_EXACTO,1
00025740,2024,9,2,1,DUPLICADO_EXACTO,1
00025740,2025,4,2,1,DUPLICADO_EXACTO,1
00025740,2026,4,2,1,DUPLICADO_EXACTO,1
00025831,2020,2,2,1,DUPLICADO_EXACTO,1
00025858,2020,1,2,1,DUPLICADO_EXACTO,1
00025858,2020,2,2,1,DUPLICADO_EXACTO,1
00025858,2020,3,2,1,DUPLICADO_EXACTO,1
00025858,2020,5,2,1,DUPLICADO_EXACTO,1
00025858,2020,8,2,1,DUPLICADO_EXACTO,1
00025858,2020,10,2,1,DUPLICADO_EXACTO,1
00025858,2020,11,2,1,DUPLICADO_EXACTO,1
00025858,2023,3,3,1,DUPLICADO_EXACTO,2
00025879,2020,5,2,1,DUPLICADO_EXACTO,1
00025977,2024,1,2,1,DUPLICADO_EXACTO,1
00025977,2024,10,2,1,DUPLICADO_EXACTO,1
00025977,2024,12,2,1,DUPLICADO_EXACTO,1
00026004,2023,12,2,1,DUPLICADO_EXACTO,1
00026004,2024,2,2,1,DUPLICADO_EXACTO,1
00026004,2024,5,3,1,DUPLICADO_EXACTO,2
00026004,2024,6,2,1,DUPLICADO_EXACTO,1
00026004,2024,10,2,1,DUPLICADO_EXACTO,1
00026004,2024,12,2,1,DUPLICADO_EXACTO,1
00026004,2025,4,2,1,DUPLICADO_EXACTO,1
00026004,2025,5,2,1,DUPLICADO_EXACTO,1
00026004,2025,8,2,1,DUPLICADO_EXACTO,1
00026004,2025,9,2,1,DUPLICADO_EXACTO,1
00026004,2025,10,3,1,DUPLICADO_EXACTO,2
00026004,2025,11,2,1,DUPLICADO_EXACTO,1
00026094,2025,2,2,1,DUPLICADO_EXACTO,1
00026094,2025,6,2,1,DUPLICADO_EXACTO,1
00026094,2025,8,4,1,DUPLICADO_EXACTO,3
00026163,2020,9,2,1,DUPLICADO_EXACTO,1
00026163,2020,12,2,1,DUPLICADO_EXACTO,1
00026163,2021,1,2,1,DUPLICADO_EXACTO,1
00026163,2021,2,2,1,DUPLICADO_EXACTO,1
00026163,2022,10,2,1,DUPLICADO_EXACTO,1
00026163,2025,2,2,1,DUPLICADO_EXACTO,1
00026163,2026,5,2,1,DUPLICADO_EXACTO,1
00026345,2025,1,2,1,DUPLICADO_EXACTO,1
00026345,2025,4,2,1,DUPLICADO_EXACTO,1
00026345,2025,5,2,1,DUPLICADO_EXACTO,1
00026345,2025,7,2,1,DUPLICADO_EXACTO,1
00026345,2025,10,2,1,DUPLICADO_EXACTO,1
00026352,2024,11,3,1,DUPLICADO_EXACTO,2
00026387,2025,6,2,1,DUPLICADO_EXACTO,1
00026387,2025,7,2,1,DUPLICADO_EXACTO,1
00026387,2025,11,2,1,DUPLICADO_EXACTO,1
00026698,2020,1,2,1,DUPLICADO_EXACTO,1
00026698,2023,8,2,1,DUPLICADO_EXACTO,1
00026856,2020,2,2,1,DUPLICADO_EXACTO,1
00026983,2023,9,2,1,DUPLICADO_EXACTO,1
00026983,2024,6,4,1,DUPLICADO_EXACTO,3
00027002,2022,4,2,1,DUPLICADO_EXACTO,1
00027002,2025,8,2,1,DUPLICADO_EXACTO,1
00027002,2026,5,2,1,DUPLICADO_EXACTO,1
00027008,2020,2,2,1,DUPLICADO_EXACTO,1
00027008,2020,3,3,1,DUPLICADO_EXACTO,2
00027008,2020,5,2,1,DUPLICADO_EXACTO,1
00027008,2020,12,2,1,DUPLICADO_EXACTO,1
00027011,2020,11,2,1,DUPLICADO_EXACTO,1
00027011,2020,12,4,1,DUPLICADO_EXACTO,3
00027011,2023,9,2,1,DUPLICADO_EXACTO,1
00027016,2020,11,2,1,DUPLICADO_EXACTO,1
00027016,2020,12,4,1,DUPLICADO_EXACTO,3
00027016,2023,9,3,1,DUPLICADO_EXACTO,2
00027051,2020,4,2,1,DUPLICADO_EXACTO,1
00027051,2022,6,2,1,DUPLICADO_EXACTO,1
00027051,2024,8,2,1,DUPLICADO_EXACTO,1
00027051,2025,10,3,1,DUPLICADO_EXACTO,2
00027064,2020,2,2,1,DUPLICADO_EXACTO,1
00027097,2022,6,2,1,DUPLICADO_EXACTO,1
00027097,2023,6,3,1,DUPLICADO_EXACTO,2
00027097,2024,1,2,1,DUPLICADO_EXACTO,1
00027097,2024,9,3,1,DUPLICADO_EXACTO,2
00027097,2024,11,2,1,DUPLICADO_EXACTO,1
00027097,2025,7,2,1,DUPLICADO_EXACTO,1
00027097,2025,11,2,1,DUPLICADO_EXACTO,1
00027097,2026,2,2,1,DUPLICADO_EXACTO,1
00027157,2020,2,2,1,DUPLICADO_EXACTO,1
00027157,2020,3,2,1,DUPLICADO_EXACTO,1
00027190,2024,6,2,1,DUPLICADO_EXACTO,1
00027190,2025,8,2,1,DUPLICADO_EXACTO,1
00027190,2026,2,2,1,DUPLICADO_EXACTO,1
00027371,2024,8,2,1,DUPLICADO_EXACTO,1
00027371,2025,1,2,1,DUPLICADO_EXACTO,1
00027371,2025,7,3,1,DUPLICADO_EXACTO,2
00027447,2026,1,2,1,DUPLICADO_EXACTO,1
00027581,2020,1,3,1,DUPLICADO_EXACTO,2
00027581,2020,4,3,1,DUPLICADO_EXACTO,2
00027581,2020,7,3,1,DUPLICADO_EXACTO,2
00027581,2020,11,2,1,DUPLICADO_EXACTO,1
00027581,2023,1,3,1,DUPLICADO_EXACTO,2
00027581,2023,2,2,1,DUPLICADO_EXACTO,1
00027581,2023,3,2,1,DUPLICADO_EXACTO,1
00027581,2024,3,2,1,DUPLICADO_EXACTO,1
00027613,2021,12,2,1,DUPLICADO_EXACTO,1
00027613,2022,9,2,1,DUPLICADO_EXACTO,1
00027613,2025,4,2,1,DUPLICADO_EXACTO,1
00027635,2020,7,2,1,DUPLICADO_EXACTO,1
00027647,2020,2,2,1,DUPLICADO_EXACTO,1
00027647,2020,3,3,1,DUPLICADO_EXACTO,2
00027647,2020,4,7,1,DUPLICADO_EXACTO,6
00027647,2020,5,3,1,DUPLICADO_EXACTO,2
00027647,2020,6,2,1,DUPLICADO_EXACTO,1
00027647,2020,9,3,1,DUPLICADO_EXACTO,2
00027647,2020,10,3,1,DUPLICADO_EXACTO,2
00027647,2020,11,2,1,DUPLICADO_EXACTO,1
00027647,2021,5,3,1,DUPLICADO_EXACTO,2
00027647,2022,6,2,1,DUPLICADO_EXACTO,1
00027647,2023,10,4,1,DUPLICADO_EXACTO,3
00027647,2024,5,2,1,DUPLICADO_EXACTO,1
00027647,2026,6,2,1,DUPLICADO_EXACTO,1
00027655,2020,1,2,1,DUPLICADO_EXACTO,1
00027655,2020,2,14,1,DUPLICADO_EXACTO,13
00027655,2020,3,2,1,DUPLICADO_EXACTO,1
00027655,2020,4,3,1,DUPLICADO_EXACTO,2
00027655,2020,7,2,1,DUPLICADO_EXACTO,1
00027655,2020,8,2,1,DUPLICADO_EXACTO,1
00027655,2020,9,2,1,DUPLICADO_EXACTO,1
00027655,2020,10,2,1,DUPLICADO_EXACTO,1
00027655,2020,11,2,1,DUPLICADO_EXACTO,1
00027655,2020,12,2,1,DUPLICADO_EXACTO,1
00027655,2021,1,2,1,DUPLICADO_EXACTO,1
00027655,2021,7,2,1,DUPLICADO_EXACTO,1
00027655,2021,8,2,1,DUPLICADO_EXACTO,1
00027655,2022,10,2,1,DUPLICADO_EXACTO,1
00027655,2022,11,2,1,DUPLICADO_EXACTO,1
00027658,2020,7,2,1,DUPLICADO_EXACTO,1
00027711,2026,3,2,1,DUPLICADO_EXACTO,1
00027821,2020,4,2,1,DUPLICADO_EXACTO,1
00027821,2022,6,2,1,DUPLICADO_EXACTO,1
00027821,2024,8,2,1,DUPLICADO_EXACTO,1
00027821,2025,10,3,1,DUPLICADO_EXACTO,2
00027935,2023,10,2,1,DUPLICADO_EXACTO,1
00027935,2024,11,2,1,DUPLICADO_EXACTO,1
00027935,2024,12,2,1,DUPLICADO_EXACTO,1
00028492,2025,3,4,1,DUPLICADO_EXACTO,3
00028613,2025,3,2,1,DUPLICADO_EXACTO,1
00028653,2024,2,2,1,DUPLICADO_EXACTO,1
00028653,2025,5,3,1,DUPLICADO_EXACTO,2
00028653,2026,6,3,1,DUPLICADO_EXACTO,2
00028653,2026,7,2,1,DUPLICADO_EXACTO,1
00028683,2023,8,2,1,DUPLICADO_EXACTO,1
00028701,2024,4,3,1,DUPLICADO_EXACTO,2
00028875,2024,1,2,1,DUPLICADO_EXACTO,1
00028875,2025,3,2,1,DUPLICADO_EXACTO,1
00028923,2022,9,2,1,DUPLICADO_EXACTO,1
00028923,2025,4,2,1,DUPLICADO_EXACTO,1
00029010,2022,8,3,1,DUPLICADO_EXACTO,2
00029010,2022,9,5,1,DUPLICADO_EXACTO,4
00029010,2022,10,2,1,DUPLICADO_EXACTO,1
00029010,2023,3,2,1,DUPLICADO_EXACTO,1
00029010,2023,5,2,1,DUPLICADO_EXACTO,1
00029010,2023,7,2,1,DUPLICADO_EXACTO,1
00029010,2024,1,3,1,DUPLICADO_EXACTO,2
00029010,2024,2,2,1,DUPLICADO_EXACTO,1
00029010,2024,3,4,1,DUPLICADO_EXACTO,3
00029010,2024,4,3,1,DUPLICADO_EXACTO,2
00029010,2024,5,2,1,DUPLICADO_EXACTO,1
00029010,2024,9,2,1,DUPLICADO_EXACTO,1
00029132,2023,9,2,1,DUPLICADO_EXACTO,1
00029132,2024,5,2,1,DUPLICADO_EXACTO,1
00029132,2024,6,4,1,DUPLICADO_EXACTO,3
00029132,2024,7,2,1,DUPLICADO_EXACTO,1
00029132,2024,8,2,1,DUPLICADO_EXACTO,1
00029132,2024,9,3,1,DUPLICADO_EXACTO,2
00029132,2024,10,2,1,DUPLICADO_EXACTO,1
00029132,2024,11,2,1,DUPLICADO_EXACTO,1
00029132,2024,12,2,1,DUPLICADO_EXACTO,1
00029132,2025,1,2,1,DUPLICADO_EXACTO,1
00029132,2025,2,2,1,DUPLICADO_EXACTO,1
00029132,2025,3,2,1,DUPLICADO_EXACTO,1
00029132,2025,4,2,1,DUPLICADO_EXACTO,1
00029132,2025,5,2,1,DUPLICADO_EXACTO,1
00029132,2025,6,2,1,DUPLICADO_EXACTO,1
00029301,2025,6,2,1,DUPLICADO_EXACTO,1
00029301,2025,11,2,1,DUPLICADO_EXACTO,1
00029301,2026,4,2,1,DUPLICADO_EXACTO,1
00029375,2022,5,2,1,DUPLICADO_EXACTO,1
00029375,2022,7,2,1,DUPLICADO_EXACTO,1
00029375,2024,2,2,1,DUPLICADO_EXACTO,1
00029375,2024,7,2,1,DUPLICADO_EXACTO,1
00029375,2025,1,3,1,DUPLICADO_EXACTO,2
00029375,2025,2,2,1,DUPLICADO_EXACTO,1
00029375,2025,3,2,1,DUPLICADO_EXACTO,1
00029375,2026,2,2,1,DUPLICADO_EXACTO,1
00029375,2026,5,2,1,DUPLICADO_EXACTO,1
00029381,2024,4,2,1,DUPLICADO_EXACTO,1
00029381,2024,5,2,1,DUPLICADO_EXACTO,1
00029381,2024,12,2,1,DUPLICADO_EXACTO,1
00029381,2025,1,2,1,DUPLICADO_EXACTO,1
00029381,2025,2,2,1,DUPLICADO_EXACTO,1
00029381,2025,3,2,1,DUPLICADO_EXACTO,1
00029381,2025,4,2,1,DUPLICADO_EXACTO,1
00029381,2025,5,2,1,DUPLICADO_EXACTO,1
00029381,2025,6,2,1,DUPLICADO_EXACTO,1
00029381,2025,7,3,1,DUPLICADO_EXACTO,2
00029381,2025,8,2,1,DUPLICADO_EXACTO,1
00029381,2025,9,2,1,DUPLICADO_EXACTO,1
00029381,2025,10,2,1,DUPLICADO_EXACTO,1
00029381,2025,11,4,1,DUPLICADO_EXACTO,3
00029381,2025,12,3,1,DUPLICADO_EXACTO,2
00029381,2026,1,2,1,DUPLICADO_EXACTO,1
00029381,2026,7,2,1,DUPLICADO_EXACTO,1
00029481,2026,5,3,1,DUPLICADO_EXACTO,2
00029481,2026,6,6,1,DUPLICADO_EXACTO,5
00029482,2026,5,3,1,DUPLICADO_EXACTO,2
00029482,2026,6,6,1,DUPLICADO_EXACTO,5
00029509,2022,4,2,1,DUPLICADO_EXACTO,1
00029509,2022,5,3,1,DUPLICADO_EXACTO,2
00029509,2022,11,2,1,DUPLICADO_EXACTO,1
00029509,2023,1,2,1,DUPLICADO_EXACTO,1
00029509,2024,3,2,1,DUPLICADO_EXACTO,1
00029509,2024,4,2,1,DUPLICADO_EXACTO,1
00029509,2024,9,2,1,DUPLICADO_EXACTO,1
00029509,2026,1,2,1,DUPLICADO_EXACTO,1
00029509,2026,2,2,1,DUPLICADO_EXACTO,1
00029509,2026,3,2,1,DUPLICADO_EXACTO,1
00029509,2026,6,2,1,DUPLICADO_EXACTO,1
00029717,2022,9,2,1,DUPLICADO_EXACTO,1
00029717,2025,4,2,1,DUPLICADO_EXACTO,1
00030166,2022,6,3,1,DUPLICADO_EXACTO,2
00030166,2025,10,2,1,DUPLICADO_EXACTO,1
00030346,2025,4,2,1,DUPLICADO_EXACTO,1
00030346,2025,9,2,1,DUPLICADO_EXACTO,1
00030346,2025,10,2,1,DUPLICADO_EXACTO,1
00030346,2025,11,2,1,DUPLICADO_EXACTO,1
00030346,2026,1,2,1,DUPLICADO_EXACTO,1
00030346,2026,2,2,1,DUPLICADO_EXACTO,1
00030366,2024,7,3,1,DUPLICADO_EXACTO,2
00030366,2024,11,2,1,DUPLICADO_EXACTO,1
00030366,2024,12,3,1,DUPLICADO_EXACTO,2
00030366,2025,2,2,1,DUPLICADO_EXACTO,1
00030366,2025,4,2,1,DUPLICADO_EXACTO,1
00030366,2026,1,2,1,DUPLICADO_EXACTO,1
00030366,2026,3,2,1,DUPLICADO_EXACTO,1
00030366,2026,5,3,1,DUPLICADO_EXACTO,2
00030561,2025,5,2,1,DUPLICADO_EXACTO,1
00030564,2025,5,2,1,DUPLICADO_EXACTO,1
00030638,2022,4,2,1,DUPLICADO_EXACTO,1
00030639,2022,4,2,1,DUPLICADO_EXACTO,1
00030640,2022,4,2,1,DUPLICADO_EXACTO,1
00030711,2024,4,3,1,DUPLICADO_EXACTO,2
00030763,2024,3,2,1,DUPLICADO_EXACTO,1
00030763,2024,8,2,1,DUPLICADO_EXACTO,1
00030763,2024,10,2,1,DUPLICADO_EXACTO,1
00030763,2024,11,2,1,DUPLICADO_EXACTO,1
00030763,2025,3,4,1,DUPLICADO_EXACTO,3
00030785,2023,8,2,1,DUPLICADO_EXACTO,1
00030864,2023,11,3,1,DUPLICADO_EXACTO,2
00030864,2024,1,4,1,DUPLICADO_EXACTO,3
00030864,2025,4,2,1,DUPLICADO_EXACTO,1
00030864,2025,7,3,1,DUPLICADO_EXACTO,2
00030940,2023,9,2,1,DUPLICADO_EXACTO,1
00031083,2023,12,2,1,DUPLICADO_EXACTO,1
00031083,2024,6,2,1,DUPLICADO_EXACTO,1
00031083,2024,8,2,1,DUPLICADO_EXACTO,1
00031084,2023,12,2,1,DUPLICADO_EXACTO,1
00031084,2024,8,2,1,DUPLICADO_EXACTO,1
00031162,2023,5,4,1,DUPLICADO_EXACTO,3
00031162,2023,8,3,1,DUPLICADO_EXACTO,2
00031162,2023,9,2,1,DUPLICADO_EXACTO,1
00031162,2024,3,2,1,DUPLICADO_EXACTO,1
00031162,2024,4,2,1,DUPLICADO_EXACTO,1
00031271,2024,5,2,1,DUPLICADO_EXACTO,1
00031271,2024,6,4,1,DUPLICADO_EXACTO,3
00031271,2024,7,2,1,DUPLICADO_EXACTO,1
00031271,2024,8,2,1,DUPLICADO_EXACTO,1
00031271,2024,9,3,1,DUPLICADO_EXACTO,2
00031271,2024,10,2,1,DUPLICADO_EXACTO,1
00031271,2024,11,2,1,DUPLICADO_EXACTO,1
00031271,2024,12,2,1,DUPLICADO_EXACTO,1
00031271,2025,1,2,1,DUPLICADO_EXACTO,1
00031271,2025,2,2,1,DUPLICADO_EXACTO,1
00031271,2025,3,2,1,DUPLICADO_EXACTO,1
00031271,2025,4,2,1,DUPLICADO_EXACTO,1
00031271,2025,5,2,1,DUPLICADO_EXACTO,1
00031271,2025,6,2,1,DUPLICADO_EXACTO,1
00031276,2024,1,2,1,DUPLICADO_EXACTO,1
00031276,2024,9,3,1,DUPLICADO_EXACTO,2
00031276,2024,11,2,1,DUPLICADO_EXACTO,1
00031276,2025,11,2,1,DUPLICADO_EXACTO,1
00031276,2026,2,2,1,DUPLICADO_EXACTO,1
00031333,2023,2,3,1,DUPLICADO_EXACTO,2
00031333,2023,10,2,1,DUPLICADO_EXACTO,1
00031333,2024,5,3,1,DUPLICADO_EXACTO,2
00031333,2024,10,3,1,DUPLICADO_EXACTO,2
00031333,2024,12,2,1,DUPLICADO_EXACTO,1
00031333,2025,1,2,1,DUPLICADO_EXACTO,1
00031333,2025,3,2,1,DUPLICADO_EXACTO,1
00031333,2025,4,2,1,DUPLICADO_EXACTO,1
00031333,2025,6,2,1,DUPLICADO_EXACTO,1
00031333,2026,1,2,1,DUPLICADO_EXACTO,1
00031333,2026,4,2,1,DUPLICADO_EXACTO,1
00031333,2026,5,2,1,DUPLICADO_EXACTO,1
00031333,2026,6,2,1,DUPLICADO_EXACTO,1
00031446,2025,7,2,1,DUPLICADO_EXACTO,1
00031497,2023,3,3,1,DUPLICADO_EXACTO,2
00031497,2023,8,2,1,DUPLICADO_EXACTO,1
00031497,2024,4,2,1,DUPLICADO_EXACTO,1
00031497,2024,5,2,1,DUPLICADO_EXACTO,1
00031497,2024,6,2,1,DUPLICADO_EXACTO,1
00031497,2024,7,2,1,DUPLICADO_EXACTO,1
00031497,2024,8,2,1,DUPLICADO_EXACTO,1
00031497,2024,12,2,1,DUPLICADO_EXACTO,1
00031497,2025,1,2,1,DUPLICADO_EXACTO,1
00031497,2025,8,2,1,DUPLICADO_EXACTO,1
00031497,2026,2,2,1,DUPLICADO_EXACTO,1
00031672,2026,1,2,1,DUPLICADO_EXACTO,1
00031694,2023,12,2,1,DUPLICADO_EXACTO,1
00031694,2024,2,2,1,DUPLICADO_EXACTO,1
00031694,2024,5,3,1,DUPLICADO_EXACTO,2
00031694,2024,6,2,1,DUPLICADO_EXACTO,1
00031694,2024,9,2,1,DUPLICADO_EXACTO,1
00031694,2024,10,2,1,DUPLICADO_EXACTO,1
00031694,2024,12,2,1,DUPLICADO_EXACTO,1
00031694,2025,4,2,1,DUPLICADO_EXACTO,1
00031694,2025,5,2,1,DUPLICADO_EXACTO,1
00031694,2025,8,2,1,DUPLICADO_EXACTO,1
00031694,2025,9,2,1,DUPLICADO_EXACTO,1
00031694,2025,10,3,1,DUPLICADO_EXACTO,2
00031694,2025,11,2,1,DUPLICADO_EXACTO,1
00031728,2025,1,3,1,DUPLICADO_EXACTO,2
00031728,2025,12,2,1,DUPLICADO_EXACTO,1
00031751,2025,2,2,1,DUPLICADO_EXACTO,1
00031751,2025,5,2,1,DUPLICADO_EXACTO,1
00031804,2023,1,2,1,DUPLICADO_EXACTO,1
00031804,2024,3,2,1,DUPLICADO_EXACTO,1
00031804,2024,4,2,1,DUPLICADO_EXACTO,1
00031804,2024,9,2,1,DUPLICADO_EXACTO,1
00031804,2026,1,2,1,DUPLICADO_EXACTO,1
00031804,2026,2,2,1,DUPLICADO_EXACTO,1
00031804,2026,3,2,1,DUPLICADO_EXACTO,1
00031804,2026,6,2,1,DUPLICADO_EXACTO,1
00032056,2024,2,2,1,DUPLICADO_EXACTO,1
00032056,2026,2,2,1,DUPLICADO_EXACTO,1
00032157,2024,4,3,1,DUPLICADO_EXACTO,2
00032158,2024,4,2,1,DUPLICADO_EXACTO,1
00032158,2024,5,2,1,DUPLICADO_EXACTO,1
00032158,2025,12,2,1,DUPLICADO_EXACTO,1
00032158,2026,7,2,1,DUPLICADO_EXACTO,1
00032253,2023,12,2,1,DUPLICADO_EXACTO,1
00032253,2024,2,2,1,DUPLICADO_EXACTO,1
00032253,2024,5,3,1,DUPLICADO_EXACTO,2
00032253,2024,6,2,1,DUPLICADO_EXACTO,1
00032253,2024,9,2,1,DUPLICADO_EXACTO,1
00032253,2024,10,2,1,DUPLICADO_EXACTO,1
00032253,2024,12,2,1,DUPLICADO_EXACTO,1
00032253,2025,4,2,1,DUPLICADO_EXACTO,1
00032253,2025,5,2,1,DUPLICADO_EXACTO,1
00032253,2025,8,2,1,DUPLICADO_EXACTO,1
00032253,2025,9,2,1,DUPLICADO_EXACTO,1
00032253,2025,10,3,1,DUPLICADO_EXACTO,2
00032253,2025,11,2,1,DUPLICADO_EXACTO,1
00032314,2025,8,2,1,DUPLICADO_EXACTO,1
00032314,2026,1,2,1,DUPLICADO_EXACTO,1
00032314,2026,4,2,1,DUPLICADO_EXACTO,1
00032314,2026,5,2,1,DUPLICADO_EXACTO,1
00032314,2026,7,2,1,DUPLICADO_EXACTO,1
00032339,2026,3,3,1,DUPLICADO_EXACTO,2
00032339,2026,6,2,1,DUPLICADO_EXACTO,1
00032339,2026,7,2,1,DUPLICADO_EXACTO,1
00032437,2025,8,2,1,DUPLICADO_EXACTO,1
00032437,2026,2,2,1,DUPLICADO_EXACTO,1
00032439,2025,1,2,1,DUPLICADO_EXACTO,1
00032439,2025,3,3,1,DUPLICADO_EXACTO,2
00032439,2025,4,2,1,DUPLICADO_EXACTO,1
00032439,2025,5,2,1,DUPLICADO_EXACTO,1
00032439,2025,10,13,1,DUPLICADO_EXACTO,12
00032439,2026,1,2,1,DUPLICADO_EXACTO,1
00032439,2026,2,2,1,DUPLICADO_EXACTO,1
00032439,2026,3,2,1,DUPLICADO_EXACTO,1
00032439,2026,4,2,1,DUPLICADO_EXACTO,1
00032439,2026,7,2,1,DUPLICADO_EXACTO,1
00032461,2026,2,3,1,DUPLICADO_EXACTO,2
00032701,2025,11,3,1,DUPLICADO_EXACTO,2
00032703,2025,11,3,1,DUPLICADO_EXACTO,2
00032923,2025,6,2,1,DUPLICADO_EXACTO,1
00032923,2025,7,2,1,DUPLICADO_EXACTO,1
00032923,2025,11,2,1,DUPLICADO_EXACTO,1
00032931,2023,12,2,1,DUPLICADO_EXACTO,1
00032931,2024,2,2,1,DUPLICADO_EXACTO,1
00032931,2024,5,3,1,DUPLICADO_EXACTO,2
00032931,2024,6,2,1,DUPLICADO_EXACTO,1
00032931,2024,9,2,1,DUPLICADO_EXACTO,1
00032931,2024,10,2,1,DUPLICADO_EXACTO,1
00032931,2024,12,2,1,DUPLICADO_EXACTO,1
00032931,2025,4,2,1,DUPLICADO_EXACTO,1
00032931,2025,5,2,1,DUPLICADO_EXACTO,1
00032931,2025,8,2,1,DUPLICADO_EXACTO,1
00032931,2025,9,2,1,DUPLICADO_EXACTO,1
00032931,2025,10,3,1,DUPLICADO_EXACTO,2
00032931,2025,11,2,1,DUPLICADO_EXACTO,1
00033452,2026,3,2,1,DUPLICADO_EXACTO,1
00033478,2025,1,3,1,DUPLICADO_EXACTO,2
00033478,2026,1,2,1,DUPLICADO_EXACTO,1
00033543,2025,5,2,1,DUPLICADO_EXACTO,1
00033543,2025,6,2,1,DUPLICADO_EXACTO,1
00033543,2025,7,2,1,DUPLICADO_EXACTO,1
00033543,2025,8,2,1,DUPLICADO_EXACTO,1
00033543,2025,9,2,1,DUPLICADO_EXACTO,1
00033543,2025,11,2,1,DUPLICADO_EXACTO,1
00033543,2025,12,2,1,DUPLICADO_EXACTO,1
00033543,2026,1,2,1,DUPLICADO_EXACTO,1
00033856,2024,5,2,1,DUPLICADO_EXACTO,1
00033856,2024,6,2,1,DUPLICADO_EXACTO,1
00033856,2024,8,2,1,DUPLICADO_EXACTO,1
00033856,2024,9,2,1,DUPLICADO_EXACTO,1
00033856,2024,11,4,1,DUPLICADO_EXACTO,3
00033856,2025,1,2,1,DUPLICADO_EXACTO,1
00033856,2025,12,2,1,DUPLICADO_EXACTO,1
00033856,2026,1,2,1,DUPLICADO_EXACTO,1
00034003,2025,5,2,1,DUPLICADO_EXACTO,1
00034004,2024,5,2,1,DUPLICADO_EXACTO,1
00034004,2024,6,2,1,DUPLICADO_EXACTO,1
00034004,2024,8,2,1,DUPLICADO_EXACTO,1
00034004,2024,9,2,1,DUPLICADO_EXACTO,1
00034004,2024,11,4,1,DUPLICADO_EXACTO,3
00034004,2025,1,2,1,DUPLICADO_EXACTO,1
00034004,2025,12,2,1,DUPLICADO_EXACTO,1
00034004,2026,1,2,1,DUPLICADO_EXACTO,1
00034021,2024,2,2,1,DUPLICADO_EXACTO,1
00034021,2024,10,3,1,DUPLICADO_EXACTO,2
00034021,2026,2,2,1,DUPLICADO_EXACTO,1
00034021,2026,5,2,1,DUPLICADO_EXACTO,1
00034083,2026,1,10,1,DUPLICADO_EXACTO,9
00034448,2025,5,2,1,DUPLICADO_EXACTO,1
00034448,2025,6,2,1,DUPLICADO_EXACTO,1
00034448,2025,7,2,1,DUPLICADO_EXACTO,1
00034448,2025,8,2,1,DUPLICADO_EXACTO,1
00034448,2025,9,2,1,DUPLICADO_EXACTO,1
00034448,2026,3,2,1,DUPLICADO_EXACTO,1
00034448,2026,7,2,1,DUPLICADO_EXACTO,1
00034449,2024,9,2,1,DUPLICADO_EXACTO,1
00034449,2026,3,3,1,DUPLICADO_EXACTO,2
00034449,2026,6,2,1,DUPLICADO_EXACTO,1
00034449,2026,7,2,1,DUPLICADO_EXACTO,1
00034450,2024,7,3,1,DUPLICADO_EXACTO,2
00034450,2024,11,2,1,DUPLICADO_EXACTO,1
00034450,2024,12,3,1,DUPLICADO_EXACTO,2
00034450,2025,2,2,1,DUPLICADO_EXACTO,1
00034450,2025,4,2,1,DUPLICADO_EXACTO,1
00034450,2026,1,2,1,DUPLICADO_EXACTO,1
00034450,2026,3,2,1,DUPLICADO_EXACTO,1
00034450,2026,5,3,1,DUPLICADO_EXACTO,2
00034721,2025,5,2,1,DUPLICADO_EXACTO,1
00034737,2024,6,2,1,DUPLICADO_EXACTO,1
00034737,2024,10,3,1,DUPLICADO_EXACTO,2
00034887,2025,1,2,1,DUPLICADO_EXACTO,1
00034887,2025,5,2,1,DUPLICADO_EXACTO,1
00034887,2025,6,2,1,DUPLICADO_EXACTO,1
00034887,2025,7,2,1,DUPLICADO_EXACTO,1
00034887,2025,8,2,1,DUPLICADO_EXACTO,1
00034887,2025,9,2,1,DUPLICADO_EXACTO,1
00034887,2026,3,2,1,DUPLICADO_EXACTO,1
00034887,2026,7,2,1,DUPLICADO_EXACTO,1
00034929,2025,1,2,1,DUPLICADO_EXACTO,1
00034990,2025,4,2,1,DUPLICADO_EXACTO,1
00034990,2025,8,5,1,DUPLICADO_EXACTO,4
00035042,2024,11,4,1,DUPLICADO_EXACTO,3
00035042,2025,1,2,1,DUPLICADO_EXACTO,1
00035042,2025,12,2,1,DUPLICADO_EXACTO,1
00035042,2026,1,2,1,DUPLICADO_EXACTO,1
00035157,2025,2,2,1,DUPLICADO_EXACTO,1
00035157,2025,5,2,1,DUPLICADO_EXACTO,1
00035157,2025,10,2,1,DUPLICADO_EXACTO,1
00035157,2025,12,3,1,DUPLICADO_EXACTO,2
00035257,2025,5,2,1,DUPLICADO_EXACTO,1
00035285,2026,5,2,1,DUPLICADO_EXACTO,1
00035336,2025,8,3,1,DUPLICADO_EXACTO,2
00035585,2025,1,2,1,DUPLICADO_EXACTO,1
00035585,2025,2,2,1,DUPLICADO_EXACTO,1
00035585,2025,3,2,1,DUPLICADO_EXACTO,1
00035585,2025,4,2,1,DUPLICADO_EXACTO,1
00035585,2025,7,3,1,DUPLICADO_EXACTO,2
00035585,2025,9,2,1,DUPLICADO_EXACTO,1
00035585,2025,10,2,1,DUPLICADO_EXACTO,1
00035585,2025,11,2,1,DUPLICADO_EXACTO,1
00035585,2025,12,2,1,DUPLICADO_EXACTO,1
00035585,2026,1,2,1,DUPLICADO_EXACTO,1
00035585,2026,2,2,1,DUPLICADO_EXACTO,1
00035585,2026,4,2,1,DUPLICADO_EXACTO,1
00035585,2026,5,2,1,DUPLICADO_EXACTO,1
00035585,2026,7,2,1,DUPLICADO_EXACTO,1
00035728,2026,5,2,1,DUPLICADO_EXACTO,1
00035739,2025,2,2,1,DUPLICADO_EXACTO,1
00035845,2025,6,2,1,DUPLICADO_EXACTO,1
00035845,2025,7,2,1,DUPLICADO_EXACTO,1
00035860,2025,4,2,1,DUPLICADO_EXACTO,1
00035860,2026,4,2,1,DUPLICADO_EXACTO,1
00035862,2025,4,2,1,DUPLICADO_EXACTO,1
00035862,2026,4,2,1,DUPLICADO_EXACTO,1
00035881,2025,2,2,1,DUPLICADO_EXACTO,1
00036012,2026,3,2,1,DUPLICADO_EXACTO,1
00036024,2025,1,2,1,DUPLICADO_EXACTO,1
00036087,2026,3,2,1,DUPLICADO_EXACTO,1
00036594,2026,1,2,1,DUPLICADO_EXACTO,1
00036594,2026,7,2,1,DUPLICADO_EXACTO,1
00036951,2026,1,2,1,DUPLICADO_EXACTO,1
00036951,2026,2,2,1,DUPLICADO_EXACTO,1
00036951,2026,3,2,1,DUPLICADO_EXACTO,1
00036951,2026,6,2,1,DUPLICADO_EXACTO,1
00037259,2025,9,2,1,DUPLICADO_EXACTO,1
00037260,2025,9,2,1,DUPLICADO_EXACTO,1
00037261,2025,9,2,1,DUPLICADO_EXACTO,1
00037768,2026,5,2,1,DUPLICADO_EXACTO,1
00037768,2026,7,2,1,DUPLICADO_EXACTO,1
00038042,2026,5,2,1,DUPLICADO_EXACTO,1
00038218,2026,4,2,1,DUPLICADO_EXACTO,1
