codigo_ipress,anio,mes,departamento,provincia,distrito,sector,categoria,CA_CAMAS,CA_MEDICOS_TOTAL,CA_MEDICOS_RESIDENTES,CA_ENFERMERAS,_archivo,_registro
00008318,2024,9,LIMA,LIMA,SANTA ANITA,ESSALUD,II-1,40,93,3,86,data\raw\Capacidad\ConsultaA_2024_v22.csv,46
00005947,2024,9,LIMA,LIMA,LURIGANCHO,MINSA,II-2,63,168,13,143,data\raw\Capacidad\ConsultaA_2024_v22.csv,51
00007734,2024,12,LIMA,LIMA,CHORRILLOS,MINSA,III-E,0,95,15,53,data\raw\Capacidad\ConsultaA_2024_v22.csv,104
00008353,2024,9,LIMA,LIMA,ATE,ESSALUD,II-1,66,111,14,109,data\raw\Capacidad\ConsultaA_2024_v22.csv,201
00008502,2024,12,LIMA,LIMA,LIMA,ESSALUD,II-2,180,410,79,292,data\raw\Capacidad\ConsultaA_2024_v22.csv,270
00008720,2024,9,LIMA,LIMA,JESUS MARIA,ESSALUD,III-2,1537,1561,413,1838,data\raw\Capacidad\ConsultaA_2024_v22.csv,338
00009251,2024,10,LIMA,LIMA,LA VICTORIA,ESSALUD,III-2,1116,1196,340,1218,data\raw\Capacidad\ConsultaA_2024_v22.csv,351
00017024,2024,9,LIMA,LIMA,JESUS MARIA,SANIDAD DEL EJERCITO DEL PERU,III-1,376,225,64,391,data\raw\Capacidad\ConsultaA_2024_v22.csv,535
00005883,2024,9,LIMA,LIMA,ATE,MINSA,II-1,50,103,0,100,data\raw\Capacidad\ConsultaA_2024_v22.csv,731
00005946,2024,11,LIMA,LIMA,EL AGUSTINO,MINSA,III-1,597,528,255,652,data\raw\Capacidad\ConsultaA_2024_v22.csv,739
00006213,2024,3,LIMA,LIMA,MIRAFLORES,MINSA,III-E,68,227,34,211,data\raw\Capacidad\ConsultaA_2024_v22.csv,800
00016918,2024,10,LIMA,LIMA,SAN BORJA,MINSA,III-2,241,444,102,507,data\raw\Capacidad\ConsultaA_2024_v22.csv,829
00007633,2024,12,LIMA,LIMA,SAN MARTIN DE PORRES,MINSA,III-1,379,478,297,669,data\raw\Capacidad\ConsultaA_2024_v22.csv,859
00006213,2024,1,LIMA,LIMA,MIRAFLORES,MINSA,III-E,71,227,34,211,data\raw\Capacidad\ConsultaA_2024_v22.csv,912
00012923,2024,12,LIMA,LIMA,PUENTE PIEDRA,SANIDAD DE LA POLICIA NACIONAL DEL PERU,I-2,0,1,0,0,data\raw\Capacidad\ConsultaA_2024_v22.csv,913
00005946,2024,12,LIMA,LIMA,EL AGUSTINO,MINSA,III-1,595,527,261,657,data\raw\Capacidad\ConsultaA_2024_v22.csv,932
00007633,2024,11,LIMA,LIMA,SAN MARTIN DE PORRES,MINSA,III-1,378,471,297,623,data\raw\Capacidad\ConsultaA_2024_v22.csv,1037
00006216,2024,9,LIMA,LIMA,BREÑA,MINSA,III-2,391,301,137,479,data\raw\Capacidad\ConsultaA_2024_v22.csv,1082
00010434,2024,9,LIMA,LIMA,SANTA ANITA,ESSALUD,II-E,190,45,4,106,data\raw\Capacidad\ConsultaA_2024_v22.csv,1096
00006215,2024,11,LIMA,LIMA,LIMA,MINSA,III-E,174,340,108,293,data\raw\Capacidad\ConsultaA_2024_v22.csv,1541
00007633,2024,10,LIMA,LIMA,SAN MARTIN DE PORRES,MINSA,III-1,382,467,297,659,data\raw\Capacidad\ConsultaA_2024_v22.csv,1618
00017024,2024,11,LIMA,LIMA,JESUS MARIA,SANIDAD DEL EJERCITO DEL PERU,III-1,376,225,54,391,data\raw\Capacidad\ConsultaA_2024_v22.csv,1627
00006216,2024,11,LIMA,LIMA,BREÑA,MINSA,III-2,391,314,12,498,data\raw\Capacidad\ConsultaA_2024_v22.csv,1869
00016094,2024,12,LIMA,LIMA,RIMAC,SANIDAD DE LA POLICIA NACIONAL DEL PERU,II-1,76,25,0,55,data\raw\Capacidad\ConsultaA_2024_v22.csv,2059
00027565,2024,2,LIMA,LIMA,COMAS,ESSALUD,II-1,108,196,12,185,data\raw\Capacidad\ConsultaA_2024_v22.csv,2168
00007633,2024,1,LIMA,LIMA,SAN MARTIN DE PORRES,MINSA,III-1,393,431,297,668,data\raw\Capacidad\ConsultaA_2024_v22.csv,2481
00005948,2024,1,LIMA,LIMA,SANTA ANITA,MINSA,III-E,159,83,32,84,data\raw\Capacidad\ConsultaA_2024_v22.csv,2486
00013914,2024,2,LIMA,LIMA,RIMAC,SANIDAD DEL EJERCITO DEL PERU,I-4,4,10,0,14,data\raw\Capacidad\ConsultaA_2024_v22.csv,2495
00010434,2024,2,LIMA,LIMA,SANTA ANITA,ESSALUD,II-E,190,55,13,111,data\raw\Capacidad\ConsultaA_2024_v22.csv,2769
00033381,2024,2,LIMA,LIMA,ATE,MINSA,III-E,252,306,54,436,data\raw\Capacidad\ConsultaA_2024_v22.csv,2774
00014718,2024,3,LIMA,LIMA,SAN MIGUEL,SANIDAD DE LA POLICIA NACIONAL DEL PERU,II-E,24,24,0,37,data\raw\Capacidad\ConsultaA_2024_v22.csv,2843
00006209,2024,1,LIMA,LIMA,LIMA,MINSA,III-2,131,101,42,132,data\raw\Capacidad\ConsultaA_2024_v22.csv,2851
00006215,2024,1,LIMA,LIMA,LIMA,MINSA,III-E,179,330,109,301,data\raw\Capacidad\ConsultaA_2024_v22.csv,2883
00006208,2024,2,LIMA,LIMA,LIMA,MINSA,III-2,397,319,72,459,data\raw\Capacidad\ConsultaA_2024_v22.csv,2895
00009251,2024,1,LIMA,LIMA,LA VICTORIA,ESSALUD,III-2,1115,1172,307,1122,data\raw\Capacidad\ConsultaA_2024_v22.csv,2943
00013591,2024,2,LIMA,LIMA,JESUS MARIA,SANIDAD DE LA POLICIA NACIONAL DEL PERU,III-1,330,545,201,454,data\raw\Capacidad\ConsultaA_2024_v22.csv,2960
00007733,2024,3,LIMA,LIMA,SAN MARTIN DE PORRES,MINSA,III-2,91,124,45,74,data\raw\Capacidad\ConsultaA_2024_v22.csv,2984
00008502,2024,1,LIMA,LIMA,LIMA,ESSALUD,II-2,163,371,81,250,data\raw\Capacidad\ConsultaA_2024_v22.csv,3214
00012923,2024,3,LIMA,LIMA,PUENTE PIEDRA,SANIDAD DE LA POLICIA NACIONAL DEL PERU,I-2,8,7,0,8,data\raw\Capacidad\ConsultaA_2024_v22.csv,3280
00018011,2024,1,LIMA,LIMA,JESUS MARIA,ESSALUD,III-E,100,175,40,274,data\raw\Capacidad\ConsultaA_2024_v22.csv,3347
00006208,2024,1,LIMA,LIMA,LIMA,MINSA,III-2,397,319,72,459,data\raw\Capacidad\ConsultaA_2024_v22.csv,3367
00010434,2024,1,LIMA,LIMA,SANTA ANITA,ESSALUD,II-E,188,55,13,111,data\raw\Capacidad\ConsultaA_2024_v22.csv,3420
00016094,2024,1,LIMA,LIMA,RIMAC,SANIDAD DE LA POLICIA NACIONAL DEL PERU,II-1,24,11,0,65,data\raw\Capacidad\ConsultaA_2024_v22.csv,3425
00027565,2024,3,LIMA,LIMA,COMAS,ESSALUD,II-1,121,196,12,185,data\raw\Capacidad\ConsultaA_2024_v22.csv,3474
00006211,2024,2,LIMA,LIMA,PUEBLO LIBRE,MINSA,III-1,138,300,50,296,data\raw\Capacidad\ConsultaA_2024_v22.csv,3499
00016918,2024,2,LIMA,LIMA,SAN BORJA,MINSA,III-2,241,374,95,528,data\raw\Capacidad\ConsultaA_2024_v22.csv,3501
00016094,2024,3,LIMA,LIMA,RIMAC,SANIDAD DE LA POLICIA NACIONAL DEL PERU,II-1,21,21,0,65,data\raw\Capacidad\ConsultaA_2024_v22.csv,3541
00006214,2024,3,LIMA,LIMA,MAGDALENA DEL MAR,MINSA,III-E,590,77,27,117,data\raw\Capacidad\ConsultaA_2024_v22.csv,3802
00005946,2024,1,LIMA,LIMA,EL AGUSTINO,MINSA,III-1,606,511,239,657,data\raw\Capacidad\ConsultaA_2024_v22.csv,4145
00008564,2024,2,LIMA,LIMA,SAN MIGUEL,ESSALUD,II-1,49,95,0,81,data\raw\Capacidad\ConsultaA_2024_v22.csv,4163
00008489,2024,2,LIMA,LIMA,MIRAFLORES,ESSALUD,II-2,88,241,35,169,data\raw\Capacidad\ConsultaA_2024_v22.csv,4212
00016918,2024,1,LIMA,LIMA,SAN BORJA,MINSA,III-2,241,372,95,528,data\raw\Capacidad\ConsultaA_2024_v22.csv,4265
00006212,2024,2,LIMA,LIMA,LA VICTORIA,MINSA,III-E,56,149,8,143,data\raw\Capacidad\ConsultaA_2024_v22.csv,4700
00006217,2024,2,LIMA,LIMA,LIMA,MINSA,III-2,7,89,18,79,data\raw\Capacidad\ConsultaA_2024_v22.csv,4712
00008318,2024,1,LIMA,LIMA,SANTA ANITA,ESSALUD,II-1,40,89,6,70,data\raw\Capacidad\ConsultaA_2024_v22.csv,4810
00008741,2024,1,LIMA,LIMA,VILLA EL SALVADOR,ESSALUD,II-1,72,109,3,85,data\raw\Capacidad\ConsultaA_2024_v22.csv,4924
00005883,2024,2,LIMA,LIMA,ATE,MINSA,II-1,50,98,0,94,data\raw\Capacidad\ConsultaA_2024_v22.csv,4976
00008720,2024,1,LIMA,LIMA,JESUS MARIA,ESSALUD,III-2,1537,1609,413,1673,data\raw\Capacidad\ConsultaA_2024_v22.csv,4989
00005946,2024,2,LIMA,LIMA,EL AGUSTINO,MINSA,III-1,606,514,240,658,data\raw\Capacidad\ConsultaA_2024_v22.csv,5006
00007734,2024,3,LIMA,LIMA,CHORRILLOS,MINSA,III-E,45,105,23,56,data\raw\Capacidad\ConsultaA_2024_v22.csv,5054
00008502,2024,2,LIMA,LIMA,LIMA,ESSALUD,II-2,164,362,82,240,data\raw\Capacidad\ConsultaA_2024_v22.csv,5114
00013914,2024,1,LIMA,LIMA,RIMAC,SANIDAD DEL EJERCITO DEL PERU,I-4,4,10,0,14,data\raw\Capacidad\ConsultaA_2024_v22.csv,5238
00005883,2024,1,LIMA,LIMA,ATE,MINSA,II-1,50,101,0,91,data\raw\Capacidad\ConsultaA_2024_v22.csv,5375
00012923,2024,1,LIMA,LIMA,PUENTE PIEDRA,SANIDAD DE LA POLICIA NACIONAL DEL PERU,I-2,0,8,0,8,data\raw\Capacidad\ConsultaA_2024_v22.csv,5392
00007734,2024,1,LIMA,LIMA,CHORRILLOS,MINSA,III-E,46,89,22,27,data\raw\Capacidad\ConsultaA_2024_v22.csv,5467
00006214,2024,6,LIMA,LIMA,MAGDALENA DEL MAR,MINSA,III-E,590,91,27,120,data\raw\Capacidad\ConsultaA_2024_v22.csv,5592
00007632,2024,6,LIMA,LIMA,PUENTE PIEDRA,MINSA,II-2,114,130,55,211,data\raw\Capacidad\ConsultaA_2024_v22.csv,5593
00006211,2024,6,LIMA,LIMA,PUEBLO LIBRE,MINSA,III-1,133,297,50,293,data\raw\Capacidad\ConsultaA_2024_v22.csv,5760
00007733,2024,7,LIMA,LIMA,SAN MARTIN DE PORRES,MINSA,III-2,90,132,53,72,data\raw\Capacidad\ConsultaA_2024_v22.csv,5949
00005948,2024,8,LIMA,LIMA,SANTA ANITA,MINSA,III-E,209,92,38,84,data\raw\Capacidad\ConsultaA_2024_v22.csv,6007
00008489,2024,8,LIMA,LIMA,MIRAFLORES,ESSALUD,II-2,84,258,34,206,data\raw\Capacidad\ConsultaA_2024_v22.csv,6025
00005947,2024,8,LIMA,LIMA,LURIGANCHO,MINSA,II-2,63,169,13,142,data\raw\Capacidad\ConsultaA_2024_v22.csv,6081
00023159,2024,6,LIMA,LIMA,VILLA EL SALVADOR,MINSA,II-2,260,461,35,476,data\raw\Capacidad\ConsultaA_2024_v22.csv,6209
00008502,2024,6,LIMA,LIMA,LIMA,ESSALUD,II-2,168,362,51,241,data\raw\Capacidad\ConsultaA_2024_v22.csv,6213
00027565,2024,8,LIMA,LIMA,COMAS,ESSALUD,II-1,108,217,12,197,data\raw\Capacidad\ConsultaA_2024_v22.csv,6298
00014718,2024,8,LIMA,LIMA,SAN MIGUEL,SANIDAD DE LA POLICIA NACIONAL DEL PERU,II-E,26,25,0,38,data\raw\Capacidad\ConsultaA_2024_v22.csv,6317
00008318,2024,7,LIMA,LIMA,SANTA ANITA,ESSALUD,II-1,42,84,5,69,data\raw\Capacidad\ConsultaA_2024_v22.csv,6472
00005987,2024,7,LIMA,LIMA,SAN JUAN DE MIRAFLORES,MINSA,III-1,375,319,145,532,data\raw\Capacidad\ConsultaA_2024_v22.csv,6560
00008741,2024,6,LIMA,LIMA,VILLA EL SALVADOR,ESSALUD,II-1,66,96,3,85,data\raw\Capacidad\ConsultaA_2024_v22.csv,6619
00006208,2024,6,LIMA,LIMA,LIMA,MINSA,III-2,397,319,72,459,data\raw\Capacidad\ConsultaA_2024_v22.csv,6640
00006206,2024,6,LIMA,LIMA,LIMA,MINSA,III-1,483,453,183,210,data\raw\Capacidad\ConsultaA_2024_v22.csv,6642
00006206,2024,7,LIMA,LIMA,LIMA,MINSA,III-1,472,453,173,210,data\raw\Capacidad\ConsultaA_2024_v22.csv,6804
00006212,2024,6,LIMA,LIMA,LA VICTORIA,MINSA,III-E,56,150,13,143,data\raw\Capacidad\ConsultaA_2024_v22.csv,6835
00018011,2024,7,LIMA,LIMA,JESUS MARIA,ESSALUD,III-E,118,179,26,267,data\raw\Capacidad\ConsultaA_2024_v22.csv,7006
00007632,2024,7,LIMA,LIMA,PUENTE PIEDRA,MINSA,II-2,111,129,55,212,data\raw\Capacidad\ConsultaA_2024_v22.csv,7200
00005948,2024,7,LIMA,LIMA,SANTA ANITA,MINSA,III-E,209,71,23,84,data\raw\Capacidad\ConsultaA_2024_v22.csv,7289
00005987,2024,8,LIMA,LIMA,SAN JUAN DE MIRAFLORES,MINSA,III-1,371,326,148,532,data\raw\Capacidad\ConsultaA_2024_v22.csv,7326
00007632,2024,4,LIMA,LIMA,PUENTE PIEDRA,MINSA,II-2,114,128,55,209,data\raw\Capacidad\ConsultaA_2024_v22.csv,7391
00009251,2024,6,LIMA,LIMA,LA VICTORIA,ESSALUD,III-2,1119,1158,305,1114,data\raw\Capacidad\ConsultaA_2024_v22.csv,7553
00007733,2024,8,LIMA,LIMA,SAN MARTIN DE PORRES,MINSA,III-2,91,93,35,76,data\raw\Capacidad\ConsultaA_2024_v22.csv,7573
00005883,2024,6,LIMA,LIMA,ATE,MINSA,II-1,58,103,0,97,data\raw\Capacidad\ConsultaA_2024_v22.csv,7607
00009188,2024,7,LIMA,LIMA,LIMA,ESSALUD,II-1,50,91,0,87,data\raw\Capacidad\ConsultaA_2024_v22.csv,7621
00007734,2024,7,LIMA,LIMA,CHORRILLOS,MINSA,III-E,36,92,15,49,data\raw\Capacidad\ConsultaA_2024_v22.csv,7794
00008353,2024,3,LIMA,LIMA,ATE,ESSALUD,II-1,66,110,23,96,data\raw\Capacidad\ConsultaA_2024_v22.csv,7859
00008741,2024,3,LIMA,LIMA,VILLA EL SALVADOR,ESSALUD,II-1,72,97,3,85,data\raw\Capacidad\ConsultaA_2024_v22.csv,7860
00023159,2024,8,LIMA,LIMA,VILLA EL SALVADOR,MINSA,II-2,260,481,33,480,data\raw\Capacidad\ConsultaA_2024_v22.csv,7902
00006209,2024,8,LIMA,LIMA,LIMA,MINSA,III-2,131,100,41,130,data\raw\Capacidad\ConsultaA_2024_v22.csv,7945
00005987,2024,6,LIMA,LIMA,SAN JUAN DE MIRAFLORES,MINSA,III-1,376,262,198,518,data\raw\Capacidad\ConsultaA_2024_v22.csv,8063
00016918,2024,8,LIMA,LIMA,SAN BORJA,MINSA,III-2,241,404,79,525,data\raw\Capacidad\ConsultaA_2024_v22.csv,8178
00008720,2024,4,LIMA,LIMA,JESUS MARIA,ESSALUD,III-2,1528,1577,413,1694,data\raw\Capacidad\ConsultaA_2024_v22.csv,8241
00007634,2024,6,LIMA,LIMA,COMAS,MINSA,III-1,289,251,116,272,data\raw\Capacidad\ConsultaA_2024_v22.csv,8260
00008489,2024,6,LIMA,LIMA,MIRAFLORES,ESSALUD,II-2,83,241,27,169,data\raw\Capacidad\ConsultaA_2024_v22.csv,8457
00016918,2024,6,LIMA,LIMA,SAN BORJA,MINSA,III-2,241,430,82,514,data\raw\Capacidad\ConsultaA_2024_v22.csv,8464
00008741,2024,8,LIMA,LIMA,VILLA EL SALVADOR,ESSALUD,II-1,64,96,3,90,data\raw\Capacidad\ConsultaA_2024_v22.csv,8528
00005946,2024,6,LIMA,LIMA,EL AGUSTINO,MINSA,III-1,595,511,238,652,data\raw\Capacidad\ConsultaA_2024_v22.csv,8567
00013914,2024,7,LIMA,LIMA,RIMAC,SANIDAD DEL EJERCITO DEL PERU,I-4,4,8,0,16,data\raw\Capacidad\ConsultaA_2024_v22.csv,8665
00027565,2024,7,LIMA,LIMA,COMAS,ESSALUD,II-1,108,215,12,193,data\raw\Capacidad\ConsultaA_2024_v22.csv,8726
00005617,2024,7,LIMA,LIMA,SAN JUAN DE LURIGANCHO,MINSA,II-2,82,223,23,310,data\raw\Capacidad\ConsultaA_2024_v22.csv,8734
00008317,2024,7,LIMA,LIMA,SAN JUAN DE LURIGANCHO,ESSALUD,II-1,43,217,11,105,data\raw\Capacidad\ConsultaA_2024_v22.csv,8738
00008318,2024,8,LIMA,LIMA,SANTA ANITA,ESSALUD,II-1,40,90,4,86,data\raw\Capacidad\ConsultaA_2024_v22.csv,8787
00007634,2024,7,LIMA,LIMA,COMAS,MINSA,III-1,289,251,77,272,data\raw\Capacidad\ConsultaA_2024_v22.csv,8941
00005883,2024,8,LIMA,LIMA,ATE,MINSA,II-1,50,93,0,99,data\raw\Capacidad\ConsultaA_2024_v22.csv,9022
00008564,2024,6,LIMA,LIMA,SAN MIGUEL,ESSALUD,II-1,48,94,0,81,data\raw\Capacidad\ConsultaA_2024_v22.csv,9095
00007633,2024,6,LIMA,LIMA,SAN MARTIN DE PORRES,MINSA,III-1,381,433,297,615,data\raw\Capacidad\ConsultaA_2024_v22.csv,9096
00014718,2024,7,LIMA,LIMA,SAN MIGUEL,SANIDAD DE LA POLICIA NACIONAL DEL PERU,II-E,26,24,0,37,data\raw\Capacidad\ConsultaA_2024_v22.csv,9202
00008564,2024,7,LIMA,LIMA,SAN MIGUEL,ESSALUD,II-1,47,100,0,87,data\raw\Capacidad\ConsultaA_2024_v22.csv,9274
00006206,2024,8,LIMA,LIMA,LIMA,MINSA,III-1,469,456,211,210,data\raw\Capacidad\ConsultaA_2024_v22.csv,9363
00033381,2024,7,LIMA,LIMA,ATE,MINSA,III-E,252,306,54,436,data\raw\Capacidad\ConsultaA_2024_v22.csv,9458
00006207,2024,7,LIMA,LIMA,LIMA,MINSA,III-1,608,723,298,494,data\raw\Capacidad\ConsultaA_2024_v22.csv,9668
00007634,2024,8,LIMA,LIMA,COMAS,MINSA,III-1,289,249,77,272,data\raw\Capacidad\ConsultaA_2024_v22.csv,9828
00007633,2024,8,LIMA,LIMA,SAN MARTIN DE PORRES,MINSA,III-1,377,437,297,660,data\raw\Capacidad\ConsultaA_2024_v22.csv,9848
00027565,2024,6,LIMA,LIMA,COMAS,ESSALUD,II-1,122,204,12,196,data\raw\Capacidad\ConsultaA_2024_v22.csv,9914
00010434,2024,6,LIMA,LIMA,SANTA ANITA,ESSALUD,II-E,187,53,9,119,data\raw\Capacidad\ConsultaA_2024_v22.csv,9930
00006216,2024,7,LIMA,LIMA,BREÑA,MINSA,III-2,391,355,16,624,data\raw\Capacidad\ConsultaA_2024_v22.csv,9949
00005617,2024,8,LIMA,LIMA,SAN JUAN DE LURIGANCHO,MINSA,II-2,82,222,23,311,data\raw\Capacidad\ConsultaA_2024_v22.csv,9966
00006214,2024,7,LIMA,LIMA,MAGDALENA DEL MAR,MINSA,III-E,590,90,27,121,data\raw\Capacidad\ConsultaA_2024_v22.csv,10057
00013591,2024,7,LIMA,LIMA,JESUS MARIA,SANIDAD DE LA POLICIA NACIONAL DEL PERU,III-1,355,499,140,385,data\raw\Capacidad\ConsultaA_2024_v22.csv,10121
00009188,2024,6,LIMA,LIMA,LIMA,ESSALUD,II-1,50,91,0,71,data\raw\Capacidad\ConsultaA_2024_v22.csv,10225
00010434,2024,7,LIMA,LIMA,SANTA ANITA,ESSALUD,II-E,190,51,9,131,data\raw\Capacidad\ConsultaA_2024_v22.csv,10481
00016094,2024,8,LIMA,LIMA,RIMAC,SANIDAD DE LA POLICIA NACIONAL DEL PERU,II-1,76,22,0,68,data\raw\Capacidad\ConsultaA_2024_v22.csv,10550
00006212,2024,7,LIMA,LIMA,LA VICTORIA,MINSA,III-E,56,150,9,143,data\raw\Capacidad\ConsultaA_2024_v22.csv,10616
00013914,2024,8,LIMA,LIMA,RIMAC,SANIDAD DEL EJERCITO DEL PERU,I-4,4,8,0,16,data\raw\Capacidad\ConsultaA_2024_v22.csv,10645
00005946,2024,7,LIMA,LIMA,EL AGUSTINO,MINSA,III-1,595,526,169,665,data\raw\Capacidad\ConsultaA_2024_v22.csv,10691
00006210,2024,6,LIMA,LIMA,SURQUILLO,MINSA,III-2,436,243,171,525,data\raw\Capacidad\ConsultaA_2024_v22.csv,10748
00006211,2024,7,LIMA,LIMA,PUEBLO LIBRE,MINSA,III-1,139,297,50,293,data\raw\Capacidad\ConsultaA_2024_v22.csv,10926
00006209,2024,7,LIMA,LIMA,LIMA,MINSA,III-2,130,103,42,132,data\raw\Capacidad\ConsultaA_2024_v22.csv,10979
00016918,2024,7,LIMA,LIMA,SAN BORJA,MINSA,III-2,241,409,61,510,data\raw\Capacidad\ConsultaA_2024_v22.csv,11180
00008564,2024,8,LIMA,LIMA,SAN MIGUEL,ESSALUD,II-1,46,101,0,87,data\raw\Capacidad\ConsultaA_2024_v22.csv,11256
00006210,2024,8,LIMA,LIMA,SURQUILLO,MINSA,III-2,440,241,199,519,data\raw\Capacidad\ConsultaA_2024_v22.csv,11257
00006212,2024,8,LIMA,LIMA,LA VICTORIA,MINSA,III-E,57,155,15,139,data\raw\Capacidad\ConsultaA_2024_v22.csv,11406
00007632,2024,8,LIMA,LIMA,PUENTE PIEDRA,MINSA,II-2,111,130,55,215,data\raw\Capacidad\ConsultaA_2024_v22.csv,11420
00008502,2024,8,LIMA,LIMA,LIMA,ESSALUD,II-2,168,399,79,295,data\raw\Capacidad\ConsultaA_2024_v22.csv,11431
00008741,2024,7,LIMA,LIMA,VILLA EL SALVADOR,ESSALUD,II-1,64,96,3,90,data\raw\Capacidad\ConsultaA_2024_v22.csv,11747
00010751,2024,7,LIMA,LIMA,MIRAFLORES,SANIDAD DE LA FUERZA AEREA DEL PERU,III-1,270,223,25,251,data\raw\Capacidad\ConsultaA_2024_v22.csv,11759
00010135,2024,7,LIMA,LIMA,LA MOLINA,ESSALUD,II-1,45,150,8,123,data\raw\Capacidad\ConsultaA_2024_v22.csv,11766
00017024,2024,7,LIMA,LIMA,JESUS MARIA,SANIDAD DEL EJERCITO DEL PERU,III-1,376,216,67,393,data\raw\Capacidad\ConsultaA_2024_v22.csv,11769
00006215,2024,6,LIMA,LIMA,LIMA,MINSA,III-E,177,326,101,302,data\raw\Capacidad\ConsultaA_2024_v22.csv,11790
00008489,2024,7,LIMA,LIMA,MIRAFLORES,ESSALUD,II-2,83,259,30,176,data\raw\Capacidad\ConsultaA_2024_v22.csv,11933
00008720,2024,8,LIMA,LIMA,JESUS MARIA,ESSALUD,III-2,1537,1557,413,1855,data\raw\Capacidad\ConsultaA_2024_v22.csv,12100
00006211,2024,3,LIMA,LIMA,PUEBLO LIBRE,MINSA,III-1,126,297,50,297,data\raw\Capacidad\ConsultaA_2024_v22.csv,12201
00016094,2024,4,LIMA,LIMA,RIMAC,SANIDAD DE LA POLICIA NACIONAL DEL PERU,II-1,58,17,0,66,data\raw\Capacidad\ConsultaA_2024_v22.csv,12225
00007733,2024,4,LIMA,LIMA,SAN MARTIN DE PORRES,MINSA,III-2,91,124,45,75,data\raw\Capacidad\ConsultaA_2024_v22.csv,12259
00005883,2024,3,LIMA,LIMA,ATE,MINSA,II-1,50,98,0,97,data\raw\Capacidad\ConsultaA_2024_v22.csv,12396
00006214,2024,5,LIMA,LIMA,MAGDALENA DEL MAR,MINSA,III-E,590,75,27,121,data\raw\Capacidad\ConsultaA_2024_v22.csv,12411
00007733,2024,5,LIMA,LIMA,SAN MARTIN DE PORRES,MINSA,III-2,89,124,45,72,data\raw\Capacidad\ConsultaA_2024_v22.csv,12457
00016094,2024,5,LIMA,LIMA,RIMAC,SANIDAD DE LA POLICIA NACIONAL DEL PERU,II-1,23,14,0,69,data\raw\Capacidad\ConsultaA_2024_v22.csv,12458
00008741,2024,4,LIMA,LIMA,VILLA EL SALVADOR,ESSALUD,II-1,66,97,3,86,data\raw\Capacidad\ConsultaA_2024_v22.csv,12516
00008564,2024,5,LIMA,LIMA,SAN MIGUEL,ESSALUD,II-1,48,94,0,82,data\raw\Capacidad\ConsultaA_2024_v22.csv,12605
00006209,2024,5,LIMA,LIMA,LIMA,MINSA,III-2,131,105,42,136,data\raw\Capacidad\ConsultaA_2024_v22.csv,12608
00008741,2024,5,LIMA,LIMA,VILLA EL SALVADOR,ESSALUD,II-1,66,96,3,85,data\raw\Capacidad\ConsultaA_2024_v22.csv,12610
00005883,2024,5,LIMA,LIMA,ATE,MINSA,II-1,58,102,0,98,data\raw\Capacidad\ConsultaA_2024_v22.csv,12769
00005947,2024,5,LIMA,LIMA,LURIGANCHO,MINSA,II-2,63,160,11,143,data\raw\Capacidad\ConsultaA_2024_v22.csv,12850
00018011,2024,5,LIMA,LIMA,JESUS MARIA,ESSALUD,III-E,114,180,40,273,data\raw\Capacidad\ConsultaA_2024_v22.csv,12860
00009188,2024,5,LIMA,LIMA,LIMA,ESSALUD,II-1,50,91,0,71,data\raw\Capacidad\ConsultaA_2024_v22.csv,12894
00007634,2024,2,LIMA,LIMA,COMAS,MINSA,III-1,289,246,116,272,data\raw\Capacidad\ConsultaA_2024_v22.csv,12984
00007632,2024,5,LIMA,LIMA,PUENTE PIEDRA,MINSA,II-2,114,129,55,210,data\raw\Capacidad\ConsultaA_2024_v22.csv,13005
00007734,2024,5,LIMA,LIMA,CHORRILLOS,MINSA,III-E,39,99,21,49,data\raw\Capacidad\ConsultaA_2024_v22.csv,13258
00006216,2024,5,LIMA,LIMA,BREÑA,MINSA,III-2,387,350,46,625,data\raw\Capacidad\ConsultaA_2024_v22.csv,13262
00008353,2024,5,LIMA,LIMA,ATE,ESSALUD,II-1,66,110,23,96,data\raw\Capacidad\ConsultaA_2024_v22.csv,13703
00009188,2024,3,LIMA,LIMA,LIMA,ESSALUD,II-1,50,88,0,68,data\raw\Capacidad\ConsultaA_2024_v22.csv,13741
00018011,2024,3,LIMA,LIMA,JESUS MARIA,ESSALUD,III-E,115,179,40,274,data\raw\Capacidad\ConsultaA_2024_v22.csv,13744
00010135,2024,4,LIMA,LIMA,LA MOLINA,ESSALUD,II-1,54,144,10,100,data\raw\Capacidad\ConsultaA_2024_v22.csv,13762
00005617,2024,5,LIMA,LIMA,SAN JUAN DE LURIGANCHO,MINSA,II-2,82,223,23,310,data\raw\Capacidad\ConsultaA_2024_v22.csv,14092
00008353,2024,6,LIMA,LIMA,ATE,ESSALUD,II-1,66,105,23,96,data\raw\Capacidad\ConsultaA_2024_v22.csv,14183
00005947,2024,6,LIMA,LIMA,LURIGANCHO,MINSA,II-2,63,161,9,142,data\raw\Capacidad\ConsultaA_2024_v22.csv,14184
00010751,2024,3,LIMA,LIMA,MIRAFLORES,SANIDAD DE LA FUERZA AEREA DEL PERU,III-1,247,223,25,251,data\raw\Capacidad\ConsultaA_2024_v22.csv,14333
00010135,2024,3,LIMA,LIMA,LA MOLINA,ESSALUD,II-1,54,143,10,100,data\raw\Capacidad\ConsultaA_2024_v22.csv,14435
00008318,2024,3,LIMA,LIMA,SANTA ANITA,ESSALUD,II-1,40,89,6,70,data\raw\Capacidad\ConsultaA_2024_v22.csv,14445
00008489,2024,3,LIMA,LIMA,MIRAFLORES,ESSALUD,II-2,86,243,32,169,data\raw\Capacidad\ConsultaA_2024_v22.csv,14558
00014718,2024,5,LIMA,LIMA,SAN MIGUEL,SANIDAD DE LA POLICIA NACIONAL DEL PERU,II-E,24,26,1,38,data\raw\Capacidad\ConsultaA_2024_v22.csv,14746
00008489,2024,4,LIMA,LIMA,MIRAFLORES,ESSALUD,II-2,83,239,32,169,data\raw\Capacidad\ConsultaA_2024_v22.csv,14844
00007632,2024,3,LIMA,LIMA,PUENTE PIEDRA,MINSA,II-2,114,128,55,209,data\raw\Capacidad\ConsultaA_2024_v22.csv,15155
00012923,2024,6,LIMA,LIMA,PUENTE PIEDRA,SANIDAD DE LA POLICIA NACIONAL DEL PERU,I-2,0,7,0,7,data\raw\Capacidad\ConsultaA_2024_v22.csv,15176
00008720,2024,3,LIMA,LIMA,JESUS MARIA,ESSALUD,III-2,1537,1603,413,1668,data\raw\Capacidad\ConsultaA_2024_v22.csv,15285
00006217,2024,3,LIMA,LIMA,LIMA,MINSA,III-2,7,89,18,79,data\raw\Capacidad\ConsultaA_2024_v22.csv,15391
00005946,2024,3,LIMA,LIMA,EL AGUSTINO,MINSA,III-1,597,512,240,657,data\raw\Capacidad\ConsultaA_2024_v22.csv,15413
00010135,2024,5,LIMA,LIMA,LA MOLINA,ESSALUD,II-1,54,142,7,99,data\raw\Capacidad\ConsultaA_2024_v22.csv,15464
00006217,2024,5,LIMA,LIMA,LIMA,MINSA,III-2,7,89,18,68,data\raw\Capacidad\ConsultaA_2024_v22.csv,15574
00006215,2024,5,LIMA,LIMA,LIMA,MINSA,III-E,179,328,103,311,data\raw\Capacidad\ConsultaA_2024_v22.csv,15713
00006208,2024,5,LIMA,LIMA,LIMA,MINSA,III-2,397,319,72,459,data\raw\Capacidad\ConsultaA_2024_v22.csv,15735
00005947,2024,4,LIMA,LIMA,LURIGANCHO,MINSA,II-2,63,159,11,139,data\raw\Capacidad\ConsultaA_2024_v22.csv,16208
00008317,2024,4,LIMA,LIMA,SAN JUAN DE LURIGANCHO,ESSALUD,II-1,43,212,11,99,data\raw\Capacidad\ConsultaA_2024_v22.csv,16250
00033381,2024,4,LIMA,LIMA,ATE,MINSA,III-E,252,306,54,436,data\raw\Capacidad\ConsultaA_2024_v22.csv,16255
00009188,2024,4,LIMA,LIMA,LIMA,ESSALUD,II-1,50,92,0,71,data\raw\Capacidad\ConsultaA_2024_v22.csv,16424
00013914,2024,4,LIMA,LIMA,RIMAC,SANIDAD DEL EJERCITO DEL PERU,I-4,4,10,0,14,data\raw\Capacidad\ConsultaA_2024_v22.csv,16445
00006212,2024,4,LIMA,LIMA,LA VICTORIA,MINSA,III-E,57,145,11,141,data\raw\Capacidad\ConsultaA_2024_v22.csv,16446
00018011,2024,4,LIMA,LIMA,JESUS MARIA,ESSALUD,III-E,116,180,40,273,data\raw\Capacidad\ConsultaA_2024_v22.csv,16461
00005948,2024,5,LIMA,LIMA,SANTA ANITA,MINSA,III-E,209,81,32,84,data\raw\Capacidad\ConsultaA_2024_v22.csv,16532
00013914,2024,6,LIMA,LIMA,RIMAC,SANIDAD DEL EJERCITO DEL PERU,I-4,4,8,0,16,data\raw\Capacidad\ConsultaA_2024_v22.csv,16754
00010098,2024,5,LIMA,LIMA,CHORRILLOS,SANIDAD DEL EJERCITO DEL PERU,II-E,15,49,0,65,data\raw\Capacidad\ConsultaA_2024_v22.csv,16864
00023159,2024,5,LIMA,LIMA,VILLA EL SALVADOR,MINSA,II-2,260,466,37,481,data\raw\Capacidad\ConsultaA_2024_v22.csv,16866
00012923,2024,4,LIMA,LIMA,PUENTE PIEDRA,SANIDAD DE LA POLICIA NACIONAL DEL PERU,I-2,0,7,0,7,data\raw\Capacidad\ConsultaA_2024_v22.csv,17050
00008318,2024,5,LIMA,LIMA,SANTA ANITA,ESSALUD,II-1,42,84,5,69,data\raw\Capacidad\ConsultaA_2024_v22.csv,17073
00027565,2024,4,LIMA,LIMA,COMAS,ESSALUD,II-1,122,194,12,183,data\raw\Capacidad\ConsultaA_2024_v22.csv,17153
00033381,2024,5,LIMA,LIMA,ATE,MINSA,III-E,252,306,54,436,data\raw\Capacidad\ConsultaA_2024_v22.csv,17293
00008720,2024,5,LIMA,LIMA,JESUS MARIA,ESSALUD,III-2,1537,1603,413,1659,data\raw\Capacidad\ConsultaA_2024_v22.csv,17295
00006211,2024,5,LIMA,LIMA,PUEBLO LIBRE,MINSA,III-1,129,294,50,294,data\raw\Capacidad\ConsultaA_2024_v22.csv,17300
00007634,2024,5,LIMA,LIMA,COMAS,MINSA,III-1,289,252,116,272,data\raw\Capacidad\ConsultaA_2024_v22.csv,17303
00008502,2024,5,LIMA,LIMA,LIMA,ESSALUD,II-2,156,402,82,249,data\raw\Capacidad\ConsultaA_2024_v22.csv,17521
00008489,2024,5,LIMA,LIMA,MIRAFLORES,ESSALUD,II-2,85,241,30,169,data\raw\Capacidad\ConsultaA_2024_v22.csv,17537
00008564,2024,4,LIMA,LIMA,SAN MIGUEL,ESSALUD,II-1,49,94,0,82,data\raw\Capacidad\ConsultaA_2024_v22.csv,17633
00005946,2024,4,LIMA,LIMA,EL AGUSTINO,MINSA,III-1,597,508,240,653,data\raw\Capacidad\ConsultaA_2024_v22.csv,17678
00005948,2024,4,LIMA,LIMA,SANTA ANITA,MINSA,III-E,209,82,30,84,data\raw\Capacidad\ConsultaA_2024_v22.csv,17789
00010098,2024,4,LIMA,LIMA,CHORRILLOS,SANIDAD DEL EJERCITO DEL PERU,II-E,15,48,0,65,data\raw\Capacidad\ConsultaA_2024_v22.csv,17791
00009251,2024,3,LIMA,LIMA,LA VICTORIA,ESSALUD,III-2,1117,1170,0,1125,data\raw\Capacidad\ConsultaA_2024_v22.csv,17901
00008317,2024,3,LIMA,LIMA,SAN JUAN DE LURIGANCHO,ESSALUD,II-1,43,212,11,99,data\raw\Capacidad\ConsultaA_2024_v22.csv,18164
00007733,2024,6,LIMA,LIMA,SAN MARTIN DE PORRES,MINSA,III-2,86,132,53,78,data\raw\Capacidad\ConsultaA_2024_v22.csv,18207
00008318,2024,6,LIMA,LIMA,SANTA ANITA,ESSALUD,II-1,42,84,5,69,data\raw\Capacidad\ConsultaA_2024_v22.csv,18283
00008317,2024,6,LIMA,LIMA,SAN JUAN DE LURIGANCHO,ESSALUD,II-1,43,211,11,97,data\raw\Capacidad\ConsultaA_2024_v22.csv,18327
00006215,2024,4,LIMA,LIMA,LIMA,MINSA,III-E,177,336,110,303,data\raw\Capacidad\ConsultaA_2024_v22.csv,18394
00007633,2024,4,LIMA,LIMA,SAN MARTIN DE PORRES,MINSA,III-1,391,438,297,663,data\raw\Capacidad\ConsultaA_2024_v22.csv,18456
00013591,2024,3,LIMA,LIMA,JESUS MARIA,SANIDAD DE LA POLICIA NACIONAL DEL PERU,III-1,343,540,199,399,data\raw\Capacidad\ConsultaA_2024_v22.csv,18486
00013591,2024,10,LIMA,LIMA,JESUS MARIA,SANIDAD DE LA POLICIA NACIONAL DEL PERU,III-1,355,536,171,450,data\raw\Capacidad\ConsultaA_2024_v22.csv,18667
00008353,2024,4,LIMA,LIMA,ATE,ESSALUD,II-1,66,110,23,96,data\raw\Capacidad\ConsultaA_2024_v22.csv,18936
00008317,2024,8,LIMA,LIMA,SAN JUAN DE LURIGANCHO,ESSALUD,II-1,43,209,11,105,data\raw\Capacidad\ConsultaA_2024_v22.csv,18964
00008317,2024,9,LIMA,LIMA,SAN JUAN DE LURIGANCHO,ESSALUD,II-1,43,211,11,98,data\raw\Capacidad\ConsultaA_2024_v22.csv,19102
00007632,2024,9,LIMA,LIMA,PUENTE PIEDRA,MINSA,II-2,111,130,55,215,data\raw\Capacidad\ConsultaA_2024_v22.csv,19275
00010098,2024,10,LIMA,LIMA,CHORRILLOS,SANIDAD DEL EJERCITO DEL PERU,II-E,15,45,0,66,data\raw\Capacidad\ConsultaA_2024_v22.csv,19354
00005948,2024,11,LIMA,LIMA,SANTA ANITA,MINSA,III-E,209,89,36,77,data\raw\Capacidad\ConsultaA_2024_v22.csv,19399
00018011,2024,12,LIMA,LIMA,JESUS MARIA,ESSALUD,III-E,120,191,40,280,data\raw\Capacidad\ConsultaA_2024_v22.csv,19495
00007632,2024,10,LIMA,LIMA,PUENTE PIEDRA,MINSA,II-2,111,132,55,215,data\raw\Capacidad\ConsultaA_2024_v22.csv,19529
00016094,2024,11,LIMA,LIMA,RIMAC,SANIDAD DE LA POLICIA NACIONAL DEL PERU,II-1,76,23,0,68,data\raw\Capacidad\ConsultaA_2024_v22.csv,19704
00005883,2024,12,LIMA,LIMA,ATE,MINSA,II-1,50,105,0,103,data\raw\Capacidad\ConsultaA_2024_v22.csv,19719
00013591,2024,11,LIMA,LIMA,JESUS MARIA,SANIDAD DE LA POLICIA NACIONAL DEL PERU,III-1,355,530,171,435,data\raw\Capacidad\ConsultaA_2024_v22.csv,19770
00005883,2024,7,LIMA,LIMA,ATE,MINSA,II-1,50,94,0,97,data\raw\Capacidad\ConsultaA_2024_v22.csv,19813
00016094,2024,9,LIMA,LIMA,RIMAC,SANIDAD DE LA POLICIA NACIONAL DEL PERU,II-1,76,17,0,67,data\raw\Capacidad\ConsultaA_2024_v22.csv,19898
00010098,2024,8,LIMA,LIMA,CHORRILLOS,SANIDAD DEL EJERCITO DEL PERU,II-E,15,46,0,66,data\raw\Capacidad\ConsultaA_2024_v22.csv,20106
00005617,2024,9,LIMA,LIMA,SAN JUAN DE LURIGANCHO,MINSA,II-2,82,223,23,311,data\raw\Capacidad\ConsultaA_2024_v22.csv,20421
00006210,2024,9,LIMA,LIMA,SURQUILLO,MINSA,III-2,451,239,202,516,data\raw\Capacidad\ConsultaA_2024_v22.csv,20435
00008720,2024,6,LIMA,LIMA,JESUS MARIA,ESSALUD,III-2,1537,1593,413,1683,data\raw\Capacidad\ConsultaA_2024_v22.csv,20519
00006217,2024,6,LIMA,LIMA,LIMA,MINSA,III-2,7,84,18,65,data\raw\Capacidad\ConsultaA_2024_v22.csv,20564
00010098,2024,9,LIMA,LIMA,CHORRILLOS,SANIDAD DEL EJERCITO DEL PERU,II-E,15,47,0,66,data\raw\Capacidad\ConsultaA_2024_v22.csv,20830
00013591,2024,9,LIMA,LIMA,JESUS MARIA,SANIDAD DE LA POLICIA NACIONAL DEL PERU,III-1,355,486,135,392,data\raw\Capacidad\ConsultaA_2024_v22.csv,21194
00007734,2024,9,LIMA,LIMA,CHORRILLOS,MINSA,III-E,36,100,23,51,data\raw\Capacidad\ConsultaA_2024_v22.csv,21256
00027565,2024,9,LIMA,LIMA,COMAS,ESSALUD,II-1,108,201,12,196,data\raw\Capacidad\ConsultaA_2024_v22.csv,21415
00018011,2024,6,LIMA,LIMA,JESUS MARIA,ESSALUD,III-E,118,179,40,272,data\raw\Capacidad\ConsultaA_2024_v22.csv,21590
00008502,2024,7,LIMA,LIMA,LIMA,ESSALUD,II-2,168,400,81,254,data\raw\Capacidad\ConsultaA_2024_v22.csv,21652
00005946,2024,8,LIMA,LIMA,EL AGUSTINO,MINSA,III-1,595,530,261,652,data\raw\Capacidad\ConsultaA_2024_v22.csv,21687
00023159,2024,9,LIMA,LIMA,VILLA EL SALVADOR,MINSA,II-2,260,481,33,480,data\raw\Capacidad\ConsultaA_2024_v22.csv,21861
00007734,2024,8,LIMA,LIMA,CHORRILLOS,MINSA,III-E,36,103,21,47,data\raw\Capacidad\ConsultaA_2024_v22.csv,21990
00012923,2024,8,LIMA,LIMA,PUENTE PIEDRA,SANIDAD DE LA POLICIA NACIONAL DEL PERU,I-2,0,5,0,7,data\raw\Capacidad\ConsultaA_2024_v22.csv,21995
00006214,2024,8,LIMA,LIMA,MAGDALENA DEL MAR,MINSA,III-E,590,88,27,115,data\raw\Capacidad\ConsultaA_2024_v22.csv,22033
00006209,2024,6,LIMA,LIMA,LIMA,MINSA,III-2,130,101,42,135,data\raw\Capacidad\ConsultaA_2024_v22.csv,22101
00014718,2024,9,LIMA,LIMA,SAN MIGUEL,SANIDAD DE LA POLICIA NACIONAL DEL PERU,II-E,26,26,0,38,data\raw\Capacidad\ConsultaA_2024_v22.csv,22194
00006215,2024,7,LIMA,LIMA,LIMA,MINSA,III-E,181,311,76,306,data\raw\Capacidad\ConsultaA_2024_v22.csv,22384
00008720,2024,7,LIMA,LIMA,JESUS MARIA,ESSALUD,III-2,1537,1526,413,1755,data\raw\Capacidad\ConsultaA_2024_v22.csv,22736
00010135,2024,8,LIMA,LIMA,LA MOLINA,ESSALUD,II-1,46,148,10,128,data\raw\Capacidad\ConsultaA_2024_v22.csv,22780
00006214,2024,9,LIMA,LIMA,MAGDALENA DEL MAR,MINSA,III-E,590,88,27,116,data\raw\Capacidad\ConsultaA_2024_v22.csv,22972
00008741,2024,9,LIMA,LIMA,VILLA EL SALVADOR,ESSALUD,II-1,64,96,3,90,data\raw\Capacidad\ConsultaA_2024_v22.csv,23030
00013591,2024,6,LIMA,LIMA,JESUS MARIA,SANIDAD DE LA POLICIA NACIONAL DEL PERU,III-1,355,499,140,385,data\raw\Capacidad\ConsultaA_2024_v22.csv,23091
00012923,2024,7,LIMA,LIMA,PUENTE PIEDRA,SANIDAD DE LA POLICIA NACIONAL DEL PERU,I-2,0,7,0,7,data\raw\Capacidad\ConsultaA_2024_v22.csv,23177
00005948,2024,9,LIMA,LIMA,SANTA ANITA,MINSA,III-E,209,90,37,84,data\raw\Capacidad\ConsultaA_2024_v22.csv,23366
00006211,2024,9,LIMA,LIMA,PUEBLO LIBRE,MINSA,III-1,143,301,60,292,data\raw\Capacidad\ConsultaA_2024_v22.csv,23415
00009188,2024,9,LIMA,LIMA,LIMA,ESSALUD,II-1,50,90,0,87,data\raw\Capacidad\ConsultaA_2024_v22.csv,23416
00006208,2024,8,LIMA,LIMA,LIMA,MINSA,III-2,331,335,82,505,data\raw\Capacidad\ConsultaA_2024_v22.csv,23482
00006207,2024,8,LIMA,LIMA,LIMA,MINSA,III-1,607,706,296,455,data\raw\Capacidad\ConsultaA_2024_v22.csv,23673
00013591,2024,8,LIMA,LIMA,JESUS MARIA,SANIDAD DE LA POLICIA NACIONAL DEL PERU,III-1,355,510,144,459,data\raw\Capacidad\ConsultaA_2024_v22.csv,23680
00016094,2024,7,LIMA,LIMA,RIMAC,SANIDAD DE LA POLICIA NACIONAL DEL PERU,II-1,72,23,0,67,data\raw\Capacidad\ConsultaA_2024_v22.csv,23886
00008353,2024,8,LIMA,LIMA,ATE,ESSALUD,II-1,66,111,14,109,data\raw\Capacidad\ConsultaA_2024_v22.csv,23943
00006211,2024,8,LIMA,LIMA,PUEBLO LIBRE,MINSA,III-1,142,294,73,291,data\raw\Capacidad\ConsultaA_2024_v22.csv,24042
00009251,2024,7,LIMA,LIMA,LA VICTORIA,ESSALUD,III-2,1116,1081,228,1172,data\raw\Capacidad\ConsultaA_2024_v22.csv,24071
00006208,2024,7,LIMA,LIMA,LIMA,MINSA,III-2,397,319,72,459,data\raw\Capacidad\ConsultaA_2024_v22.csv,24075
00006216,2024,8,LIMA,LIMA,BREÑA,MINSA,III-2,391,354,112,621,data\raw\Capacidad\ConsultaA_2024_v22.csv,24168
00006207,2024,9,LIMA,LIMA,LIMA,MINSA,III-1,607,706,296,455,data\raw\Capacidad\ConsultaA_2024_v22.csv,24269
00006215,2024,8,LIMA,LIMA,LIMA,MINSA,III-E,178,349,114,300,data\raw\Capacidad\ConsultaA_2024_v22.csv,24276
00017024,2024,8,LIMA,LIMA,JESUS MARIA,SANIDAD DEL EJERCITO DEL PERU,III-1,376,216,56,390,data\raw\Capacidad\ConsultaA_2024_v22.csv,24277
00006207,2024,6,LIMA,LIMA,LIMA,MINSA,III-1,604,717,281,487,data\raw\Capacidad\ConsultaA_2024_v22.csv,24305
00018011,2024,8,LIMA,LIMA,JESUS MARIA,ESSALUD,III-E,116,180,40,274,data\raw\Capacidad\ConsultaA_2024_v22.csv,24385
00006217,2024,8,LIMA,LIMA,LIMA,MINSA,III-2,7,111,29,76,data\raw\Capacidad\ConsultaA_2024_v22.csv,24390
00010751,2024,6,LIMA,LIMA,MIRAFLORES,SANIDAD DE LA FUERZA AEREA DEL PERU,III-1,229,223,25,251,data\raw\Capacidad\ConsultaA_2024_v22.csv,24487
00016918,2024,9,LIMA,LIMA,SAN BORJA,MINSA,III-2,241,486,88,502,data\raw\Capacidad\ConsultaA_2024_v22.csv,24599
00006210,2024,7,LIMA,LIMA,SURQUILLO,MINSA,III-2,439,243,167,522,data\raw\Capacidad\ConsultaA_2024_v22.csv,24810
00007633,2024,7,LIMA,LIMA,SAN MARTIN DE PORRES,MINSA,III-1,380,435,297,659,data\raw\Capacidad\ConsultaA_2024_v22.csv,24823
00009188,2024,8,LIMA,LIMA,LIMA,ESSALUD,II-1,50,90,0,87,data\raw\Capacidad\ConsultaA_2024_v22.csv,24874
00006217,2024,7,LIMA,LIMA,LIMA,MINSA,III-2,7,76,18,65,data\raw\Capacidad\ConsultaA_2024_v22.csv,24890
00010434,2024,8,LIMA,LIMA,SANTA ANITA,ESSALUD,II-E,180,51,7,114,data\raw\Capacidad\ConsultaA_2024_v22.csv,24929
00010098,2024,6,LIMA,LIMA,CHORRILLOS,SANIDAD DEL EJERCITO DEL PERU,II-E,15,49,0,65,data\raw\Capacidad\ConsultaA_2024_v22.csv,24953
00005617,2024,6,LIMA,LIMA,SAN JUAN DE LURIGANCHO,MINSA,II-2,82,226,23,309,data\raw\Capacidad\ConsultaA_2024_v22.csv,24954
00006212,2024,9,LIMA,LIMA,LA VICTORIA,MINSA,III-E,56,162,17,154,data\raw\Capacidad\ConsultaA_2024_v22.csv,25047
00008502,2024,9,LIMA,LIMA,LIMA,ESSALUD,II-2,168,398,79,273,data\raw\Capacidad\ConsultaA_2024_v22.csv,25071
00023159,2024,7,LIMA,LIMA,VILLA EL SALVADOR,MINSA,II-2,260,469,25,476,data\raw\Capacidad\ConsultaA_2024_v22.csv,25129
00008353,2024,7,LIMA,LIMA,ATE,ESSALUD,II-1,66,112,14,109,data\raw\Capacidad\ConsultaA_2024_v22.csv,25139
00017024,2024,6,LIMA,LIMA,JESUS MARIA,SANIDAD DEL EJERCITO DEL PERU,III-1,376,216,91,394,data\raw\Capacidad\ConsultaA_2024_v22.csv,25255
00010098,2024,7,LIMA,LIMA,CHORRILLOS,SANIDAD DEL EJERCITO DEL PERU,II-E,15,50,0,66,data\raw\Capacidad\ConsultaA_2024_v22.csv,25336
00009251,2024,8,LIMA,LIMA,LA VICTORIA,ESSALUD,III-2,1116,1083,228,1213,data\raw\Capacidad\ConsultaA_2024_v22.csv,25353
00005947,2024,7,LIMA,LIMA,LURIGANCHO,MINSA,II-2,63,163,8,142,data\raw\Capacidad\ConsultaA_2024_v22.csv,25615
00006208,2024,9,LIMA,LIMA,LIMA,MINSA,III-2,331,335,82,505,data\raw\Capacidad\ConsultaA_2024_v22.csv,25839
00033381,2024,8,LIMA,LIMA,ATE,MINSA,III-E,252,306,54,436,data\raw\Capacidad\ConsultaA_2024_v22.csv,25937
00005948,2024,6,LIMA,LIMA,SANTA ANITA,MINSA,III-E,209,78,23,85,data\raw\Capacidad\ConsultaA_2024_v22.csv,25987
00033381,2024,3,LIMA,LIMA,ATE,MINSA,III-E,252,306,54,436,data\raw\Capacidad\ConsultaA_2024_v22.csv,26416
00006210,2024,3,LIMA,LIMA,SURQUILLO,MINSA,III-2,428,239,171,523,data\raw\Capacidad\ConsultaA_2024_v22.csv,26431
00014718,2024,4,LIMA,LIMA,SAN MIGUEL,SANIDAD DE LA POLICIA NACIONAL DEL PERU,II-E,25,23,0,36,data\raw\Capacidad\ConsultaA_2024_v22.csv,26466
00007634,2024,3,LIMA,LIMA,COMAS,MINSA,III-1,289,246,116,271,data\raw\Capacidad\ConsultaA_2024_v22.csv,26603
00005883,2024,4,LIMA,LIMA,ATE,MINSA,II-1,58,101,1,94,data\raw\Capacidad\ConsultaA_2024_v22.csv,26604
00008318,2024,4,LIMA,LIMA,SANTA ANITA,ESSALUD,II-1,40,89,6,70,data\raw\Capacidad\ConsultaA_2024_v22.csv,26655
00007634,2024,4,LIMA,LIMA,COMAS,MINSA,III-1,289,250,116,271,data\raw\Capacidad\ConsultaA_2024_v22.csv,26864
00006212,2024,3,LIMA,LIMA,LA VICTORIA,MINSA,III-E,57,145,14,141,data\raw\Capacidad\ConsultaA_2024_v22.csv,26911
00010751,2024,4,LIMA,LIMA,MIRAFLORES,SANIDAD DE LA FUERZA AEREA DEL PERU,III-1,229,223,25,251,data\raw\Capacidad\ConsultaA_2024_v22.csv,26929
00006211,2024,4,LIMA,LIMA,PUEBLO LIBRE,MINSA,III-1,126,289,50,291,data\raw\Capacidad\ConsultaA_2024_v22.csv,27133
00016918,2024,5,LIMA,LIMA,SAN BORJA,MINSA,III-2,241,459,109,528,data\raw\Capacidad\ConsultaA_2024_v22.csv,27210
00005987,2024,3,LIMA,LIMA,SAN JUAN DE MIRAFLORES,MINSA,III-1,352,258,197,535,data\raw\Capacidad\ConsultaA_2024_v22.csv,27227
00005948,2024,3,LIMA,LIMA,SANTA ANITA,MINSA,III-E,209,79,30,84,data\raw\Capacidad\ConsultaA_2024_v22.csv,27228
00006206,2024,3,LIMA,LIMA,LIMA,MINSA,III-1,505,442,198,222,data\raw\Capacidad\ConsultaA_2024_v22.csv,27232
00013914,2024,5,LIMA,LIMA,RIMAC,SANIDAD DEL EJERCITO DEL PERU,I-4,4,8,0,16,data\raw\Capacidad\ConsultaA_2024_v22.csv,27428
00005987,2024,5,LIMA,LIMA,SAN JUAN DE MIRAFLORES,MINSA,III-1,367,268,196,518,data\raw\Capacidad\ConsultaA_2024_v22.csv,27486
00014718,2024,6,LIMA,LIMA,SAN MIGUEL,SANIDAD DE LA POLICIA NACIONAL DEL PERU,II-E,24,24,0,37,data\raw\Capacidad\ConsultaA_2024_v22.csv,27588
00033381,2024,6,LIMA,LIMA,ATE,MINSA,III-E,252,306,54,436,data\raw\Capacidad\ConsultaA_2024_v22.csv,27590
00009251,2024,5,LIMA,LIMA,LA VICTORIA,ESSALUD,III-2,1121,1164,306,1117,data\raw\Capacidad\ConsultaA_2024_v22.csv,27712
00006207,2024,3,LIMA,LIMA,LIMA,MINSA,III-1,607,646,223,484,data\raw\Capacidad\ConsultaA_2024_v22.csv,27849
00016918,2024,3,LIMA,LIMA,SAN BORJA,MINSA,III-2,241,419,123,528,data\raw\Capacidad\ConsultaA_2024_v22.csv,27977
00007633,2024,3,LIMA,LIMA,SAN MARTIN DE PORRES,MINSA,III-1,391,469,297,663,data\raw\Capacidad\ConsultaA_2024_v22.csv,27981
00006215,2024,3,LIMA,LIMA,LIMA,MINSA,III-E,179,331,104,303,data\raw\Capacidad\ConsultaA_2024_v22.csv,27989
00006210,2024,5,LIMA,LIMA,SURQUILLO,MINSA,III-2,436,243,171,520,data\raw\Capacidad\ConsultaA_2024_v22.csv,28177
00010434,2024,5,LIMA,LIMA,SANTA ANITA,ESSALUD,II-E,180,55,13,111,data\raw\Capacidad\ConsultaA_2024_v22.csv,28183
00006206,2024,5,LIMA,LIMA,LIMA,MINSA,III-1,484,452,183,210,data\raw\Capacidad\ConsultaA_2024_v22.csv,28202
00010751,2024,5,LIMA,LIMA,MIRAFLORES,SANIDAD DE LA FUERZA AEREA DEL PERU,III-1,229,223,25,251,data\raw\Capacidad\ConsultaA_2024_v22.csv,28240
00017024,2024,5,LIMA,LIMA,JESUS MARIA,SANIDAD DEL EJERCITO DEL PERU,III-1,376,216,91,394,data\raw\Capacidad\ConsultaA_2024_v22.csv,28250
00027565,2024,5,LIMA,LIMA,COMAS,ESSALUD,II-1,122,208,12,187,data\raw\Capacidad\ConsultaA_2024_v22.csv,28251
00017024,2024,3,LIMA,LIMA,JESUS MARIA,SANIDAD DEL EJERCITO DEL PERU,III-1,376,216,91,390,data\raw\Capacidad\ConsultaA_2024_v22.csv,28646
00008502,2024,4,LIMA,LIMA,LIMA,ESSALUD,II-2,158,370,82,250,data\raw\Capacidad\ConsultaA_2024_v22.csv,28715
00012923,2024,2,LIMA,LIMA,PUENTE PIEDRA,SANIDAD DE LA POLICIA NACIONAL DEL PERU,I-2,0,7,0,8,data\raw\Capacidad\ConsultaA_2024_v22.csv,28791
00023159,2024,3,LIMA,LIMA,VILLA EL SALVADOR,MINSA,II-2,260,467,34,479,data\raw\Capacidad\ConsultaA_2024_v22.csv,28943
00008502,2024,3,LIMA,LIMA,LIMA,ESSALUD,II-2,163,370,82,253,data\raw\Capacidad\ConsultaA_2024_v22.csv,29167
00006214,2024,4,LIMA,LIMA,MAGDALENA DEL MAR,MINSA,III-E,590,73,27,118,data\raw\Capacidad\ConsultaA_2024_v22.csv,29218
00023159,2024,4,LIMA,LIMA,VILLA EL SALVADOR,MINSA,II-2,260,467,33,479,data\raw\Capacidad\ConsultaA_2024_v22.csv,29219
00006210,2024,4,LIMA,LIMA,SURQUILLO,MINSA,III-2,430,238,171,514,data\raw\Capacidad\ConsultaA_2024_v22.csv,29240
00017024,2024,4,LIMA,LIMA,JESUS MARIA,SANIDAD DEL EJERCITO DEL PERU,III-1,376,216,91,392,data\raw\Capacidad\ConsultaA_2024_v22.csv,29247
00006209,2024,3,LIMA,LIMA,LIMA,MINSA,III-2,131,95,42,135,data\raw\Capacidad\ConsultaA_2024_v22.csv,29264
00006208,2024,3,LIMA,LIMA,LIMA,MINSA,III-2,397,319,72,459,data\raw\Capacidad\ConsultaA_2024_v22.csv,29266
00006207,2024,4,LIMA,LIMA,LIMA,MINSA,III-1,604,715,289,460,data\raw\Capacidad\ConsultaA_2024_v22.csv,29381
00007734,2024,2,LIMA,LIMA,CHORRILLOS,MINSA,III-E,46,90,23,27,data\raw\Capacidad\ConsultaA_2024_v22.csv,29541
00010098,2024,3,LIMA,LIMA,CHORRILLOS,SANIDAD DEL EJERCITO DEL PERU,II-E,15,47,0,65,data\raw\Capacidad\ConsultaA_2024_v22.csv,29644
00005946,2024,5,LIMA,LIMA,EL AGUSTINO,MINSA,III-1,587,508,240,652,data\raw\Capacidad\ConsultaA_2024_v22.csv,29677
00013591,2024,5,LIMA,LIMA,JESUS MARIA,SANIDAD DE LA POLICIA NACIONAL DEL PERU,III-1,355,539,199,396,data\raw\Capacidad\ConsultaA_2024_v22.csv,29830
00006207,2024,5,LIMA,LIMA,LIMA,MINSA,III-1,608,709,293,480,data\raw\Capacidad\ConsultaA_2024_v22.csv,29831
00006216,2024,4,LIMA,LIMA,BREÑA,MINSA,III-2,387,351,60,625,data\raw\Capacidad\ConsultaA_2024_v22.csv,30013
00013914,2024,3,LIMA,LIMA,RIMAC,SANIDAD DEL EJERCITO DEL PERU,I-4,4,10,0,14,data\raw\Capacidad\ConsultaA_2024_v22.csv,30148
00012923,2024,5,LIMA,LIMA,PUENTE PIEDRA,SANIDAD DE LA POLICIA NACIONAL DEL PERU,I-2,0,7,0,7,data\raw\Capacidad\ConsultaA_2024_v22.csv,30351
00006216,2024,6,LIMA,LIMA,BREÑA,MINSA,III-2,387,346,40,624,data\raw\Capacidad\ConsultaA_2024_v22.csv,30507
00005947,2024,3,LIMA,LIMA,LURIGANCHO,MINSA,II-2,63,153,12,137,data\raw\Capacidad\ConsultaA_2024_v22.csv,30512
00008317,2024,5,LIMA,LIMA,SAN JUAN DE LURIGANCHO,ESSALUD,II-1,43,217,11,96,data\raw\Capacidad\ConsultaA_2024_v22.csv,30592
00010434,2024,3,LIMA,LIMA,SANTA ANITA,ESSALUD,II-E,190,55,13,111,data\raw\Capacidad\ConsultaA_2024_v22.csv,30620
00006209,2024,4,LIMA,LIMA,LIMA,MINSA,III-2,131,93,42,138,data\raw\Capacidad\ConsultaA_2024_v22.csv,30765
00006208,2024,4,LIMA,LIMA,LIMA,MINSA,III-2,397,319,72,459,data\raw\Capacidad\ConsultaA_2024_v22.csv,30767
00008564,2024,3,LIMA,LIMA,SAN MIGUEL,ESSALUD,II-1,49,95,0,81,data\raw\Capacidad\ConsultaA_2024_v22.csv,30831
00009251,2024,4,LIMA,LIMA,LA VICTORIA,ESSALUD,III-2,1121,1165,306,1124,data\raw\Capacidad\ConsultaA_2024_v22.csv,30878
00006206,2024,4,LIMA,LIMA,LIMA,MINSA,III-1,519,449,196,251,data\raw\Capacidad\ConsultaA_2024_v22.csv,30904
00013591,2024,4,LIMA,LIMA,JESUS MARIA,SANIDAD DE LA POLICIA NACIONAL DEL PERU,III-1,438,489,199,449,data\raw\Capacidad\ConsultaA_2024_v22.csv,31032
00010434,2024,4,LIMA,LIMA,SANTA ANITA,ESSALUD,II-E,190,55,13,111,data\raw\Capacidad\ConsultaA_2024_v22.csv,31034
00007633,2024,5,LIMA,LIMA,SAN MARTIN DE PORRES,MINSA,III-1,386,466,297,663,data\raw\Capacidad\ConsultaA_2024_v22.csv,31232
00006212,2024,5,LIMA,LIMA,LA VICTORIA,MINSA,III-E,60,149,8,206,data\raw\Capacidad\ConsultaA_2024_v22.csv,31320
00005617,2024,4,LIMA,LIMA,SAN JUAN DE LURIGANCHO,MINSA,II-2,82,222,23,316,data\raw\Capacidad\ConsultaA_2024_v22.csv,31479
00005987,2024,4,LIMA,LIMA,SAN JUAN DE MIRAFLORES,MINSA,III-1,360,265,197,535,data\raw\Capacidad\ConsultaA_2024_v22.csv,31552
00006217,2024,4,LIMA,LIMA,LIMA,MINSA,III-2,7,89,18,68,data\raw\Capacidad\ConsultaA_2024_v22.csv,31553
00016918,2024,4,LIMA,LIMA,SAN BORJA,MINSA,III-2,241,454,123,528,data\raw\Capacidad\ConsultaA_2024_v22.csv,31571
00010135,2024,6,LIMA,LIMA,LA MOLINA,ESSALUD,II-1,54,142,10,99,data\raw\Capacidad\ConsultaA_2024_v22.csv,32082
00006216,2024,3,LIMA,LIMA,BREÑA,MINSA,III-2,400,342,43,625,data\raw\Capacidad\ConsultaA_2024_v22.csv,32108
00005617,2024,3,LIMA,LIMA,SAN JUAN DE LURIGANCHO,MINSA,II-2,82,221,23,316,data\raw\Capacidad\ConsultaA_2024_v22.csv,32283
00007734,2024,4,LIMA,LIMA,CHORRILLOS,MINSA,III-E,39,101,20,50,data\raw\Capacidad\ConsultaA_2024_v22.csv,32367
00006214,2024,11,LIMA,LIMA,MAGDALENA DEL MAR,MINSA,III-E,590,88,27,113,data\raw\Capacidad\ConsultaA_2024_v22.csv,32510
00010434,2024,10,LIMA,LIMA,SANTA ANITA,ESSALUD,II-E,186,51,6,106,data\raw\Capacidad\ConsultaA_2024_v22.csv,32596
00016094,2024,6,LIMA,LIMA,RIMAC,SANIDAD DE LA POLICIA NACIONAL DEL PERU,II-1,72,19,0,68,data\raw\Capacidad\ConsultaA_2024_v22.csv,32672
00007734,2024,6,LIMA,LIMA,CHORRILLOS,MINSA,III-E,39,96,19,49,data\raw\Capacidad\ConsultaA_2024_v22.csv,32687
00008318,2024,11,LIMA,LIMA,SANTA ANITA,ESSALUD,II-1,40,93,3,86,data\raw\Capacidad\ConsultaA_2024_v22.csv,32708
00014718,2024,10,LIMA,LIMA,SAN MIGUEL,SANIDAD DE LA POLICIA NACIONAL DEL PERU,II-E,24,24,0,37,data\raw\Capacidad\ConsultaA_2024_v22.csv,32747
00006208,2024,12,LIMA,LIMA,LIMA,MINSA,III-2,331,335,82,505,data\raw\Capacidad\ConsultaA_2024_v22.csv,32754
00008741,2024,12,LIMA,LIMA,VILLA EL SALVADOR,ESSALUD,II-1,64,116,1,90,data\raw\Capacidad\ConsultaA_2024_v22.csv,32775
00008489,2024,12,LIMA,LIMA,MIRAFLORES,ESSALUD,II-2,85,266,34,205,data\raw\Capacidad\ConsultaA_2024_v22.csv,32842
00018011,2024,9,LIMA,LIMA,JESUS MARIA,ESSALUD,III-E,116,178,40,274,data\raw\Capacidad\ConsultaA_2024_v22.csv,32861
00010098,2024,11,LIMA,LIMA,CHORRILLOS,SANIDAD DEL EJERCITO DEL PERU,II-E,15,47,0,67,data\raw\Capacidad\ConsultaA_2024_v22.csv,33004
00009251,2024,9,LIMA,LIMA,LA VICTORIA,ESSALUD,III-2,1116,1189,340,1208,data\raw\Capacidad\ConsultaA_2024_v22.csv,33152
00033381,2024,9,LIMA,LIMA,ATE,MINSA,III-E,252,306,54,436,data\raw\Capacidad\ConsultaA_2024_v22.csv,33158
00008741,2024,11,LIMA,LIMA,VILLA EL SALVADOR,ESSALUD,II-1,64,114,1,90,data\raw\Capacidad\ConsultaA_2024_v22.csv,33224
00006209,2024,11,LIMA,LIMA,LIMA,MINSA,III-2,120,108,42,143,data\raw\Capacidad\ConsultaA_2024_v22.csv,33230
00006212,2024,12,LIMA,LIMA,LA VICTORIA,MINSA,III-E,59,161,146,144,data\raw\Capacidad\ConsultaA_2024_v22.csv,33407
00007733,2024,9,LIMA,LIMA,SAN MARTIN DE PORRES,MINSA,III-2,91,93,35,70,data\raw\Capacidad\ConsultaA_2024_v22.csv,33495
00017024,2024,10,LIMA,LIMA,JESUS MARIA,SANIDAD DEL EJERCITO DEL PERU,III-1,376,225,81,392,data\raw\Capacidad\ConsultaA_2024_v22.csv,33524
00006209,2024,12,LIMA,LIMA,LIMA,MINSA,III-2,121,108,41,137,data\raw\Capacidad\ConsultaA_2024_v22.csv,33561
00008489,2024,10,LIMA,LIMA,MIRAFLORES,ESSALUD,II-2,85,262,35,204,data\raw\Capacidad\ConsultaA_2024_v22.csv,33651
00006207,2024,12,LIMA,LIMA,LIMA,MINSA,III-1,607,919,368,800,data\raw\Capacidad\ConsultaA_2024_v22.csv,33882
00005644,2024,12,LIMA,LIMA,RIMAC,MINSA,I-4,0,43,0,27,data\raw\Capacidad\ConsultaA_2024_v22.csv,33948
00006213,2024,2,LIMA,LIMA,MIRAFLORES,MINSA,III-E,71,227,34,211,data\raw\Capacidad\ConsultaA_2024_v22.csv,34276
00008317,2024,12,LIMA,LIMA,SAN JUAN DE LURIGANCHO,ESSALUD,II-1,43,215,11,98,data\raw\Capacidad\ConsultaA_2024_v22.csv,34472
00005987,2024,12,LIMA,LIMA,SAN JUAN DE MIRAFLORES,MINSA,III-1,376,337,136,532,data\raw\Capacidad\ConsultaA_2024_v22.csv,34525
00006000,2024,11,LIMA,LIMA,CHORRILLOS,MINSA,I-4,122,20,0,21,data\raw\Capacidad\ConsultaA_2024_v22.csv,34555
00006000,2024,12,LIMA,LIMA,CHORRILLOS,MINSA,I-4,122,20,0,21,data\raw\Capacidad\ConsultaA_2024_v22.csv,34556
00008720,2024,11,LIMA,LIMA,JESUS MARIA,ESSALUD,III-2,1527,1574,413,1805,data\raw\Capacidad\ConsultaA_2024_v22.csv,34694
00006206,2024,12,LIMA,LIMA,LIMA,MINSA,III-1,458,480,204,262,data\raw\Capacidad\ConsultaA_2024_v22.csv,34769
00010135,2024,9,LIMA,LIMA,LA MOLINA,ESSALUD,II-1,45,146,10,131,data\raw\Capacidad\ConsultaA_2024_v22.csv,34933
00006214,2024,12,LIMA,LIMA,MAGDALENA DEL MAR,MINSA,III-E,590,89,27,112,data\raw\Capacidad\ConsultaA_2024_v22.csv,34939
00010751,2024,10,LIMA,LIMA,MIRAFLORES,SANIDAD DE LA FUERZA AEREA DEL PERU,III-1,229,223,25,251,data\raw\Capacidad\ConsultaA_2024_v22.csv,34955
00007634,2024,12,LIMA,LIMA,COMAS,MINSA,III-1,291,278,127,265,data\raw\Capacidad\ConsultaA_2024_v22.csv,35114
00008353,2024,11,LIMA,LIMA,ATE,ESSALUD,II-1,66,111,14,109,data\raw\Capacidad\ConsultaA_2024_v22.csv,35154
00006217,2024,11,LIMA,LIMA,LIMA,MINSA,III-2,7,122,29,75,data\raw\Capacidad\ConsultaA_2024_v22.csv,35166
00006212,2024,11,LIMA,LIMA,LA VICTORIA,MINSA,III-E,47,157,15,144,data\raw\Capacidad\ConsultaA_2024_v22.csv,35183
00008353,2024,12,LIMA,LIMA,ATE,ESSALUD,II-1,66,111,14,109,data\raw\Capacidad\ConsultaA_2024_v22.csv,35198
00012923,2024,9,LIMA,LIMA,PUENTE PIEDRA,SANIDAD DE LA POLICIA NACIONAL DEL PERU,I-2,0,5,0,7,data\raw\Capacidad\ConsultaA_2024_v22.csv,35389
00010751,2024,9,LIMA,LIMA,MIRAFLORES,SANIDAD DE LA FUERZA AEREA DEL PERU,III-1,229,223,24,250,data\raw\Capacidad\ConsultaA_2024_v22.csv,35392
00006211,2024,12,LIMA,LIMA,PUEBLO LIBRE,MINSA,III-1,142,305,58,295,data\raw\Capacidad\ConsultaA_2024_v22.csv,35846
00023159,2024,10,LIMA,LIMA,VILLA EL SALVADOR,MINSA,II-2,260,476,27,477,data\raw\Capacidad\ConsultaA_2024_v22.csv,35909
00013591,2024,12,LIMA,LIMA,JESUS MARIA,SANIDAD DE LA POLICIA NACIONAL DEL PERU,III-1,355,520,169,445,data\raw\Capacidad\ConsultaA_2024_v22.csv,36115
00006207,2024,10,LIMA,LIMA,LIMA,MINSA,III-1,607,934,389,766,data\raw\Capacidad\ConsultaA_2024_v22.csv,36251
00006211,2024,10,LIMA,LIMA,PUEBLO LIBRE,MINSA,III-1,142,301,60,291,data\raw\Capacidad\ConsultaA_2024_v22.csv,36299
00005948,2024,10,LIMA,LIMA,SANTA ANITA,MINSA,III-E,209,91,38,83,data\raw\Capacidad\ConsultaA_2024_v22.csv,36300
00033381,2024,10,LIMA,LIMA,ATE,MINSA,III-E,252,306,54,436,data\raw\Capacidad\ConsultaA_2024_v22.csv,36331
00005946,2024,10,LIMA,LIMA,EL AGUSTINO,MINSA,III-1,597,526,259,654,data\raw\Capacidad\ConsultaA_2024_v22.csv,36332
00013914,2024,11,LIMA,LIMA,RIMAC,SANIDAD DEL EJERCITO DEL PERU,I-4,4,8,0,16,data\raw\Capacidad\ConsultaA_2024_v22.csv,36443
00017024,2024,1,LIMA,LIMA,JESUS MARIA,SANIDAD DEL EJERCITO DEL PERU,III-1,376,215,88,429,data\raw\Capacidad\ConsultaA_2024_v22.csv,36537
00005617,2024,1,LIMA,LIMA,SAN JUAN DE LURIGANCHO,MINSA,II-2,86,208,23,316,data\raw\Capacidad\ConsultaA_2024_v22.csv,36540
00006207,2024,1,LIMA,LIMA,LIMA,MINSA,III-1,618,602,211,479,data\raw\Capacidad\ConsultaA_2024_v22.csv,36591
00014718,2024,2,LIMA,LIMA,SAN MIGUEL,SANIDAD DE LA POLICIA NACIONAL DEL PERU,II-E,24,24,0,37,data\raw\Capacidad\ConsultaA_2024_v22.csv,36607
00005617,2024,2,LIMA,LIMA,SAN JUAN DE LURIGANCHO,MINSA,II-2,82,208,23,316,data\raw\Capacidad\ConsultaA_2024_v22.csv,36632
00007632,2024,2,LIMA,LIMA,PUENTE PIEDRA,MINSA,II-2,114,135,55,208,data\raw\Capacidad\ConsultaA_2024_v22.csv,36650
00023159,2024,2,LIMA,LIMA,VILLA EL SALVADOR,MINSA,II-2,260,460,35,481,data\raw\Capacidad\ConsultaA_2024_v22.csv,36711
00005948,2024,2,LIMA,LIMA,SANTA ANITA,MINSA,III-E,159,82,32,84,data\raw\Capacidad\ConsultaA_2024_v22.csv,36799
00010098,2024,1,LIMA,LIMA,CHORRILLOS,SANIDAD DEL EJERCITO DEL PERU,II-E,15,47,0,64,data\raw\Capacidad\ConsultaA_2024_v22.csv,36915
00013591,2024,1,LIMA,LIMA,JESUS MARIA,SANIDAD DE LA POLICIA NACIONAL DEL PERU,III-1,354,512,210,421,data\raw\Capacidad\ConsultaA_2024_v22.csv,37452
00009251,2024,2,LIMA,LIMA,LA VICTORIA,ESSALUD,III-2,1115,1176,0,1129,data\raw\Capacidad\ConsultaA_2024_v22.csv,37489
00008353,2024,1,LIMA,LIMA,ATE,ESSALUD,II-1,66,110,23,96,data\raw\Capacidad\ConsultaA_2024_v22.csv,37739
00007733,2024,1,LIMA,LIMA,SAN MARTIN DE PORRES,MINSA,III-2,91,123,45,72,data\raw\Capacidad\ConsultaA_2024_v22.csv,37793
00006216,2024,2,LIMA,LIMA,BREÑA,MINSA,III-2,400,344,69,630,data\raw\Capacidad\ConsultaA_2024_v22.csv,37814
00006216,2024,1,LIMA,LIMA,BREÑA,MINSA,III-2,368,333,49,625,data\raw\Capacidad\ConsultaA_2024_v22.csv,37896
00008489,2024,1,LIMA,LIMA,MIRAFLORES,ESSALUD,II-2,88,245,31,170,data\raw\Capacidad\ConsultaA_2024_v22.csv,37914
00016094,2024,2,LIMA,LIMA,RIMAC,SANIDAD DE LA POLICIA NACIONAL DEL PERU,II-1,21,12,0,63,data\raw\Capacidad\ConsultaA_2024_v22.csv,37926
00009188,2024,2,LIMA,LIMA,LIMA,ESSALUD,II-1,50,90,0,68,data\raw\Capacidad\ConsultaA_2024_v22.csv,38062
00006210,2024,1,LIMA,LIMA,SURQUILLO,MINSA,III-2,428,247,170,530,data\raw\Capacidad\ConsultaA_2024_v22.csv,38408
00007634,2024,1,LIMA,LIMA,COMAS,MINSA,III-1,289,288,114,241,data\raw\Capacidad\ConsultaA_2024_v22.csv,38420
00006206,2024,2,LIMA,LIMA,LIMA,MINSA,III-1,505,446,197,221,data\raw\Capacidad\ConsultaA_2024_v22.csv,38430
00006206,2024,1,LIMA,LIMA,LIMA,MINSA,III-1,510,450,210,221,data\raw\Capacidad\ConsultaA_2024_v22.csv,38513
00010751,2024,1,LIMA,LIMA,MIRAFLORES,SANIDAD DE LA FUERZA AEREA DEL PERU,III-1,247,223,25,251,data\raw\Capacidad\ConsultaA_2024_v22.csv,38660
00005987,2024,2,LIMA,LIMA,SAN JUAN DE MIRAFLORES,MINSA,III-1,348,257,197,535,data\raw\Capacidad\ConsultaA_2024_v22.csv,38689
00008317,2024,2,LIMA,LIMA,SAN JUAN DE LURIGANCHO,ESSALUD,II-1,43,215,11,99,data\raw\Capacidad\ConsultaA_2024_v22.csv,38717
00005947,2024,2,LIMA,LIMA,LURIGANCHO,MINSA,II-2,63,155,13,129,data\raw\Capacidad\ConsultaA_2024_v22.csv,38726
00018011,2024,2,LIMA,LIMA,JESUS MARIA,ESSALUD,III-E,115,176,40,274,data\raw\Capacidad\ConsultaA_2024_v22.csv,38785
00010135,2024,2,LIMA,LIMA,LA MOLINA,ESSALUD,II-1,54,161,10,109,data\raw\Capacidad\ConsultaA_2024_v22.csv,38830
00010751,2024,2,LIMA,LIMA,MIRAFLORES,SANIDAD DE LA FUERZA AEREA DEL PERU,III-1,247,223,25,251,data\raw\Capacidad\ConsultaA_2024_v22.csv,38835
00008317,2024,1,LIMA,LIMA,SAN JUAN DE LURIGANCHO,ESSALUD,II-1,43,205,11,97,data\raw\Capacidad\ConsultaA_2024_v22.csv,38866
00023159,2024,1,LIMA,LIMA,VILLA EL SALVADOR,MINSA,II-2,260,449,33,484,data\raw\Capacidad\ConsultaA_2024_v22.csv,38874
00009188,2024,1,LIMA,LIMA,LIMA,ESSALUD,II-1,50,90,0,68,data\raw\Capacidad\ConsultaA_2024_v22.csv,38875
00008720,2024,2,LIMA,LIMA,JESUS MARIA,ESSALUD,III-2,1537,1609,424,1665,data\raw\Capacidad\ConsultaA_2024_v22.csv,39058
00007633,2024,2,LIMA,LIMA,SAN MARTIN DE PORRES,MINSA,III-1,397,470,297,664,data\raw\Capacidad\ConsultaA_2024_v22.csv,39150
00006209,2024,2,LIMA,LIMA,LIMA,MINSA,III-2,132,96,42,130,data\raw\Capacidad\ConsultaA_2024_v22.csv,39152
00027565,2024,1,LIMA,LIMA,COMAS,ESSALUD,II-1,108,196,12,186,data\raw\Capacidad\ConsultaA_2024_v22.csv,39166
00006212,2024,1,LIMA,LIMA,LA VICTORIA,MINSA,III-E,56,146,11,140,data\raw\Capacidad\ConsultaA_2024_v22.csv,39168
00017024,2024,2,LIMA,LIMA,JESUS MARIA,SANIDAD DEL EJERCITO DEL PERU,III-1,376,219,91,392,data\raw\Capacidad\ConsultaA_2024_v22.csv,39202
00006215,2024,2,LIMA,LIMA,LIMA,MINSA,III-E,181,330,104,306,data\raw\Capacidad\ConsultaA_2024_v22.csv,39347
00008564,2024,1,LIMA,LIMA,SAN MIGUEL,ESSALUD,II-1,49,95,0,81,data\raw\Capacidad\ConsultaA_2024_v22.csv,39446
00007632,2024,1,LIMA,LIMA,PUENTE PIEDRA,MINSA,II-2,114,135,55,208,data\raw\Capacidad\ConsultaA_2024_v22.csv,39485
00010135,2024,1,LIMA,LIMA,LA MOLINA,ESSALUD,II-1,54,173,10,107,data\raw\Capacidad\ConsultaA_2024_v22.csv,39532
00005987,2024,1,LIMA,LIMA,SAN JUAN DE MIRAFLORES,MINSA,III-1,360,247,197,525,data\raw\Capacidad\ConsultaA_2024_v22.csv,39591
00008741,2024,2,LIMA,LIMA,VILLA EL SALVADOR,ESSALUD,II-1,72,98,3,85,data\raw\Capacidad\ConsultaA_2024_v22.csv,39645
00006207,2024,2,LIMA,LIMA,LIMA,MINSA,III-1,606,616,221,464,data\raw\Capacidad\ConsultaA_2024_v22.csv,39809
00006210,2024,2,LIMA,LIMA,SURQUILLO,MINSA,III-2,428,238,171,526,data\raw\Capacidad\ConsultaA_2024_v22.csv,39810
00006214,2024,1,LIMA,LIMA,MAGDALENA DEL MAR,MINSA,III-E,590,74,27,116,data\raw\Capacidad\ConsultaA_2024_v22.csv,39841
00007733,2024,2,LIMA,LIMA,SAN MARTIN DE PORRES,MINSA,III-2,91,122,45,72,data\raw\Capacidad\ConsultaA_2024_v22.csv,39855
00008353,2024,2,LIMA,LIMA,ATE,ESSALUD,II-1,66,110,23,96,data\raw\Capacidad\ConsultaA_2024_v22.csv,39881
00006211,2024,1,LIMA,LIMA,PUEBLO LIBRE,MINSA,III-1,136,266,50,289,data\raw\Capacidad\ConsultaA_2024_v22.csv,39934
00010098,2024,2,LIMA,LIMA,CHORRILLOS,SANIDAD DEL EJERCITO DEL PERU,II-E,15,47,0,65,data\raw\Capacidad\ConsultaA_2024_v22.csv,40155
00006214,2024,2,LIMA,LIMA,MAGDALENA DEL MAR,MINSA,III-E,590,72,27,113,data\raw\Capacidad\ConsultaA_2024_v22.csv,40304
00014718,2024,1,LIMA,LIMA,SAN MIGUEL,SANIDAD DE LA POLICIA NACIONAL DEL PERU,II-E,26,19,1,36,data\raw\Capacidad\ConsultaA_2024_v22.csv,40435
00006217,2024,1,LIMA,LIMA,LIMA,MINSA,III-2,7,89,18,79,data\raw\Capacidad\ConsultaA_2024_v22.csv,40587
00033381,2024,1,LIMA,LIMA,ATE,MINSA,III-E,252,306,54,436,data\raw\Capacidad\ConsultaA_2024_v22.csv,40608
00014718,2024,12,LIMA,LIMA,SAN MIGUEL,SANIDAD DE LA POLICIA NACIONAL DEL PERU,II-E,24,24,0,36,data\raw\Capacidad\ConsultaA_2024_v22.csv,40727
00005947,2024,1,LIMA,LIMA,LURIGANCHO,MINSA,II-2,63,152,12,129,data\raw\Capacidad\ConsultaA_2024_v22.csv,41015
00008318,2024,2,LIMA,LIMA,SANTA ANITA,ESSALUD,II-1,40,89,6,70,data\raw\Capacidad\ConsultaA_2024_v22.csv,41038
00007633,2024,9,LIMA,LIMA,SAN MARTIN DE PORRES,MINSA,III-1,384,466,297,657,data\raw\Capacidad\ConsultaA_2024_v22.csv,41157
00008564,2024,10,LIMA,LIMA,SAN MIGUEL,ESSALUD,II-1,46,120,0,95,data\raw\Capacidad\ConsultaA_2024_v22.csv,41377
00005617,2024,11,LIMA,LIMA,SAN JUAN DE LURIGANCHO,MINSA,II-2,82,223,23,312,data\raw\Capacidad\ConsultaA_2024_v22.csv,41573
00008564,2024,9,LIMA,LIMA,SAN MIGUEL,ESSALUD,II-1,46,123,0,93,data\raw\Capacidad\ConsultaA_2024_v22.csv,41586
00005948,2024,12,LIMA,LIMA,SANTA ANITA,MINSA,III-E,209,91,38,82,data\raw\Capacidad\ConsultaA_2024_v22.csv,41641
00006210,2024,11,LIMA,LIMA,SURQUILLO,MINSA,III-2,471,241,201,521,data\raw\Capacidad\ConsultaA_2024_v22.csv,41654
00009188,2024,11,LIMA,LIMA,LIMA,ESSALUD,II-1,50,90,0,87,data\raw\Capacidad\ConsultaA_2024_v22.csv,41744
00013914,2024,9,LIMA,LIMA,RIMAC,SANIDAD DEL EJERCITO DEL PERU,I-4,4,8,0,16,data\raw\Capacidad\ConsultaA_2024_v22.csv,41800
00007733,2024,12,LIMA,LIMA,SAN MARTIN DE PORRES,MINSA,III-2,90,111,54,72,data\raw\Capacidad\ConsultaA_2024_v22.csv,41881
00013914,2024,12,LIMA,LIMA,RIMAC,SANIDAD DEL EJERCITO DEL PERU,I-4,4,8,0,16,data\raw\Capacidad\ConsultaA_2024_v22.csv,41893
00007634,2024,9,LIMA,LIMA,COMAS,MINSA,III-1,291,247,77,271,data\raw\Capacidad\ConsultaA_2024_v22.csv,41948
00006217,2024,9,LIMA,LIMA,LIMA,MINSA,III-2,7,109,29,67,data\raw\Capacidad\ConsultaA_2024_v22.csv,41962
00008720,2024,12,LIMA,LIMA,JESUS MARIA,ESSALUD,III-2,1537,1581,413,1837,data\raw\Capacidad\ConsultaA_2024_v22.csv,42257
00008502,2024,10,LIMA,LIMA,LIMA,ESSALUD,II-2,168,398,79,291,data\raw\Capacidad\ConsultaA_2024_v22.csv,42262
00008318,2024,10,LIMA,LIMA,SANTA ANITA,ESSALUD,II-1,40,93,3,86,data\raw\Capacidad\ConsultaA_2024_v22.csv,42333
00006209,2024,9,LIMA,LIMA,LIMA,MINSA,III-2,130,108,41,131,data\raw\Capacidad\ConsultaA_2024_v22.csv,42502
00006214,2024,10,LIMA,LIMA,MAGDALENA DEL MAR,MINSA,III-E,590,89,27,112,data\raw\Capacidad\ConsultaA_2024_v22.csv,42508
00018011,2024,10,LIMA,LIMA,JESUS MARIA,ESSALUD,III-E,117,187,40,280,data\raw\Capacidad\ConsultaA_2024_v22.csv,42510
00014718,2024,11,LIMA,LIMA,SAN MIGUEL,SANIDAD DE LA POLICIA NACIONAL DEL PERU,II-E,24,24,0,36,data\raw\Capacidad\ConsultaA_2024_v22.csv,42822
00006216,2024,12,LIMA,LIMA,BREÑA,MINSA,III-2,391,320,6,572,data\raw\Capacidad\ConsultaA_2024_v22.csv,42867
00006207,2024,11,LIMA,LIMA,LIMA,MINSA,III-1,607,955,400,790,data\raw\Capacidad\ConsultaA_2024_v22.csv,43027
00012923,2024,11,LIMA,LIMA,PUENTE PIEDRA,SANIDAD DE LA POLICIA NACIONAL DEL PERU,I-2,0,5,0,0,data\raw\Capacidad\ConsultaA_2024_v22.csv,43150
00010434,2024,11,LIMA,LIMA,SANTA ANITA,ESSALUD,II-E,190,51,6,106,data\raw\Capacidad\ConsultaA_2024_v22.csv,43358
00016094,2024,10,LIMA,LIMA,RIMAC,SANIDAD DE LA POLICIA NACIONAL DEL PERU,II-1,76,28,0,68,data\raw\Capacidad\ConsultaA_2024_v22.csv,43372
00010098,2024,12,LIMA,LIMA,CHORRILLOS,SANIDAD DEL EJERCITO DEL PERU,II-E,15,49,0,67,data\raw\Capacidad\ConsultaA_2024_v22.csv,43460
00008318,2024,12,LIMA,LIMA,SANTA ANITA,ESSALUD,II-1,40,93,3,86,data\raw\Capacidad\ConsultaA_2024_v22.csv,43571
00007734,2024,11,LIMA,LIMA,CHORRILLOS,MINSA,III-E,39,97,19,53,data\raw\Capacidad\ConsultaA_2024_v22.csv,43736
00009251,2024,12,LIMA,LIMA,LA VICTORIA,ESSALUD,III-2,116,1238,336,1264,data\raw\Capacidad\ConsultaA_2024_v22.csv,43863
00027565,2024,12,LIMA,LIMA,COMAS,ESSALUD,II-1,108,210,12,197,data\raw\Capacidad\ConsultaA_2024_v22.csv,43865
00010135,2024,10,LIMA,LIMA,LA MOLINA,ESSALUD,II-1,43,148,11,125,data\raw\Capacidad\ConsultaA_2024_v22.csv,43885
00007632,2024,11,LIMA,LIMA,PUENTE PIEDRA,MINSA,II-2,111,136,55,217,data\raw\Capacidad\ConsultaA_2024_v22.csv,44067
00007634,2024,11,LIMA,LIMA,COMAS,MINSA,III-1,291,260,80,263,data\raw\Capacidad\ConsultaA_2024_v22.csv,44078
00006206,2024,9,LIMA,LIMA,LIMA,MINSA,III-1,416,459,213,210,data\raw\Capacidad\ConsultaA_2024_v22.csv,44104
00005946,2024,9,LIMA,LIMA,EL AGUSTINO,MINSA,III-1,595,532,260,658,data\raw\Capacidad\ConsultaA_2024_v22.csv,44290
00027565,2024,11,LIMA,LIMA,COMAS,ESSALUD,II-1,108,212,12,198,data\raw\Capacidad\ConsultaA_2024_v22.csv,44301
00007733,2024,10,LIMA,LIMA,SAN MARTIN DE PORRES,MINSA,III-2,90,95,35,69,data\raw\Capacidad\ConsultaA_2024_v22.csv,44591
00027565,2024,10,LIMA,LIMA,COMAS,ESSALUD,II-1,108,209,12,200,data\raw\Capacidad\ConsultaA_2024_v22.csv,44606
00023159,2024,12,LIMA,LIMA,VILLA EL SALVADOR,MINSA,II-2,260,475,39,482,data\raw\Capacidad\ConsultaA_2024_v22.csv,44671
00008564,2024,11,LIMA,LIMA,SAN MIGUEL,ESSALUD,II-1,46,120,0,90,data\raw\Capacidad\ConsultaA_2024_v22.csv,44842
00010135,2024,12,LIMA,LIMA,LA MOLINA,ESSALUD,II-1,48,187,10,132,data\raw\Capacidad\ConsultaA_2024_v22.csv,44846
00006213,2024,12,LIMA,LIMA,MIRAFLORES,MINSA,III-E,71,235,35,211,data\raw\Capacidad\ConsultaA_2024_v22.csv,44862
00008317,2024,11,LIMA,LIMA,SAN JUAN DE LURIGANCHO,ESSALUD,II-1,43,214,11,98,data\raw\Capacidad\ConsultaA_2024_v22.csv,44932
00006215,2024,9,LIMA,LIMA,LIMA,MINSA,III-E,177,338,113,301,data\raw\Capacidad\ConsultaA_2024_v22.csv,44985
00006217,2024,12,LIMA,LIMA,LIMA,MINSA,III-2,7,121,29,76,data\raw\Capacidad\ConsultaA_2024_v22.csv,45252
00007632,2024,12,LIMA,LIMA,PUENTE PIEDRA,MINSA,II-2,111,138,55,218,data\raw\Capacidad\ConsultaA_2024_v22.csv,45390
00005617,2024,12,LIMA,LIMA,SAN JUAN DE LURIGANCHO,MINSA,II-2,82,223,23,312,data\raw\Capacidad\ConsultaA_2024_v22.csv,45391
00007634,2024,10,LIMA,LIMA,COMAS,MINSA,III-1,291,243,77,263,data\raw\Capacidad\ConsultaA_2024_v22.csv,45420
00018011,2024,11,LIMA,LIMA,JESUS MARIA,ESSALUD,III-E,118,188,40,280,data\raw\Capacidad\ConsultaA_2024_v22.csv,45570
00016918,2024,12,LIMA,LIMA,SAN BORJA,MINSA,III-2,241,430,90,353,data\raw\Capacidad\ConsultaA_2024_v22.csv,45676
00007733,2024,11,LIMA,LIMA,SAN MARTIN DE PORRES,MINSA,III-2,90,90,35,70,data\raw\Capacidad\ConsultaA_2024_v22.csv,45730
00006215,2024,12,LIMA,LIMA,LIMA,MINSA,III-E,177,340,108,293,data\raw\Capacidad\ConsultaA_2024_v22.csv,45774
00008502,2024,11,LIMA,LIMA,LIMA,ESSALUD,II-2,170,403,79,276,data\raw\Capacidad\ConsultaA_2024_v22.csv,45887
00008489,2024,9,LIMA,LIMA,MIRAFLORES,ESSALUD,II-2,85,256,39,204,data\raw\Capacidad\ConsultaA_2024_v22.csv,46026
00006213,2024,6,LIMA,LIMA,MIRAFLORES,MINSA,III-E,70,231,35,214,data\raw\Capacidad\ConsultaA_2024_v22.csv,46110
00005617,2024,10,LIMA,LIMA,SAN JUAN DE LURIGANCHO,MINSA,II-2,82,223,23,310,data\raw\Capacidad\ConsultaA_2024_v22.csv,46112
00007734,2024,10,LIMA,LIMA,CHORRILLOS,MINSA,III-E,38,99,22,50,data\raw\Capacidad\ConsultaA_2024_v22.csv,46114
00013914,2024,10,LIMA,LIMA,RIMAC,SANIDAD DEL EJERCITO DEL PERU,I-4,4,8,0,16,data\raw\Capacidad\ConsultaA_2024_v22.csv,46115
00005947,2024,12,LIMA,LIMA,LURIGANCHO,MINSA,II-2,63,169,16,142,data\raw\Capacidad\ConsultaA_2024_v22.csv,46287
00008564,2024,12,LIMA,LIMA,SAN MIGUEL,ESSALUD,II-1,46,122,0,94,data\raw\Capacidad\ConsultaA_2024_v22.csv,46298
00006213,2024,4,LIMA,LIMA,MIRAFLORES,MINSA,III-E,70,227,34,211,data\raw\Capacidad\ConsultaA_2024_v22.csv,46364
00006213,2024,5,LIMA,LIMA,MIRAFLORES,MINSA,III-E,70,231,36,214,data\raw\Capacidad\ConsultaA_2024_v22.csv,46365
00006213,2024,7,LIMA,LIMA,MIRAFLORES,MINSA,III-E,70,231,35,212,data\raw\Capacidad\ConsultaA_2024_v22.csv,46367
00005947,2024,10,LIMA,LIMA,LURIGANCHO,MINSA,II-2,63,168,15,144,data\raw\Capacidad\ConsultaA_2024_v22.csv,46390
00006213,2024,8,LIMA,LIMA,MIRAFLORES,MINSA,III-E,71,241,35,212,data\raw\Capacidad\ConsultaA_2024_v22.csv,46452
00006212,2024,10,LIMA,LIMA,LA VICTORIA,MINSA,III-E,57,161,17,158,data\raw\Capacidad\ConsultaA_2024_v22.csv,46638
00008489,2024,11,LIMA,LIMA,MIRAFLORES,ESSALUD,II-2,85,259,30,204,data\raw\Capacidad\ConsultaA_2024_v22.csv,46654
00010751,2024,11,LIMA,LIMA,MIRAFLORES,SANIDAD DE LA FUERZA AEREA DEL PERU,III-1,227,223,25,251,data\raw\Capacidad\ConsultaA_2024_v22.csv,46658
00008720,2024,10,LIMA,LIMA,JESUS MARIA,ESSALUD,III-2,1527,1575,413,1781,data\raw\Capacidad\ConsultaA_2024_v22.csv,46688
00005987,2024,10,LIMA,LIMA,SAN JUAN DE MIRAFLORES,MINSA,III-1,372,328,146,534,data\raw\Capacidad\ConsultaA_2024_v22.csv,46805
00017024,2024,12,LIMA,LIMA,JESUS MARIA,SANIDAD DEL EJERCITO DEL PERU,III-1,376,225,71,391,data\raw\Capacidad\ConsultaA_2024_v22.csv,46863
00006208,2024,10,LIMA,LIMA,LIMA,MINSA,III-2,331,335,82,505,data\raw\Capacidad\ConsultaA_2024_v22.csv,46892
00006210,2024,10,LIMA,LIMA,SURQUILLO,MINSA,III-2,472,238,202,517,data\raw\Capacidad\ConsultaA_2024_v22.csv,46925
00006217,2024,10,LIMA,LIMA,LIMA,MINSA,III-2,7,117,29,76,data\raw\Capacidad\ConsultaA_2024_v22.csv,46940
00009188,2024,10,LIMA,LIMA,LIMA,ESSALUD,II-1,50,90,0,87,data\raw\Capacidad\ConsultaA_2024_v22.csv,46941
00033381,2024,12,LIMA,LIMA,ATE,MINSA,III-E,252,306,54,436,data\raw\Capacidad\ConsultaA_2024_v22.csv,47093
00010434,2024,12,LIMA,LIMA,SANTA ANITA,ESSALUD,II-E,187,45,6,106,data\raw\Capacidad\ConsultaA_2024_v22.csv,47095
00005947,2024,11,LIMA,LIMA,LURIGANCHO,MINSA,II-2,63,171,17,143,data\raw\Capacidad\ConsultaA_2024_v22.csv,47126
00006215,2024,10,LIMA,LIMA,LIMA,MINSA,III-E,176,332,97,304,data\raw\Capacidad\ConsultaA_2024_v22.csv,47194
00008317,2024,10,LIMA,LIMA,SAN JUAN DE LURIGANCHO,ESSALUD,II-1,43,206,11,98,data\raw\Capacidad\ConsultaA_2024_v22.csv,47202
00006206,2024,10,LIMA,LIMA,LIMA,MINSA,III-1,460,465,203,239,data\raw\Capacidad\ConsultaA_2024_v22.csv,47301
00009251,2024,11,LIMA,LIMA,LA VICTORIA,ESSALUD,III-2,1116,1194,336,1215,data\raw\Capacidad\ConsultaA_2024_v22.csv,47398
00006213,2024,9,LIMA,LIMA,MIRAFLORES,MINSA,III-E,71,241,35,212,data\raw\Capacidad\ConsultaA_2024_v22.csv,47436
00006213,2024,10,LIMA,LIMA,MIRAFLORES,MINSA,III-E,71,241,35,210,data\raw\Capacidad\ConsultaA_2024_v22.csv,47439
00006213,2024,11,LIMA,LIMA,MIRAFLORES,MINSA,III-E,71,241,35,210,data\raw\Capacidad\ConsultaA_2024_v22.csv,47440
00009188,2024,12,LIMA,LIMA,LIMA,ESSALUD,II-1,50,90,0,85,data\raw\Capacidad\ConsultaA_2024_v22.csv,47469
00005883,2024,11,LIMA,LIMA,ATE,MINSA,II-1,50,98,0,102,data\raw\Capacidad\ConsultaA_2024_v22.csv,47515
00006210,2024,12,LIMA,LIMA,SURQUILLO,MINSA,III-2,479,240,201,521,data\raw\Capacidad\ConsultaA_2024_v22.csv,47569
00033381,2024,11,LIMA,LIMA,ATE,MINSA,III-E,252,306,54,436,data\raw\Capacidad\ConsultaA_2024_v22.csv,47629
00016918,2024,11,LIMA,LIMA,SAN BORJA,MINSA,III-2,241,438,98,457,data\raw\Capacidad\ConsultaA_2024_v22.csv,47757
00006206,2024,11,LIMA,LIMA,LIMA,MINSA,III-1,459,467,198,242,data\raw\Capacidad\ConsultaA_2024_v22.csv,47768
00010135,2024,11,LIMA,LIMA,LA MOLINA,ESSALUD,II-1,47,165,10,126,data\raw\Capacidad\ConsultaA_2024_v22.csv,48050
00008353,2024,10,LIMA,LIMA,ATE,ESSALUD,II-1,66,111,14,109,data\raw\Capacidad\ConsultaA_2024_v22.csv,48105
00006208,2024,11,LIMA,LIMA,LIMA,MINSA,III-2,331,335,82,505,data\raw\Capacidad\ConsultaA_2024_v22.csv,48124
00023159,2024,11,LIMA,LIMA,VILLA EL SALVADOR,MINSA,II-2,260,489,29,469,data\raw\Capacidad\ConsultaA_2024_v22.csv,48125
00006216,2024,10,LIMA,LIMA,BREÑA,MINSA,III-2,391,310,165,520,data\raw\Capacidad\ConsultaA_2024_v22.csv,48215
00008741,2024,10,LIMA,LIMA,VILLA EL SALVADOR,ESSALUD,II-1,64,96,3,90,data\raw\Capacidad\ConsultaA_2024_v22.csv,48217
00006211,2024,11,LIMA,LIMA,PUEBLO LIBRE,MINSA,III-1,144,304,58,293,data\raw\Capacidad\ConsultaA_2024_v22.csv,48252
00010751,2024,12,LIMA,LIMA,MIRAFLORES,SANIDAD DE LA FUERZA AEREA DEL PERU,III-1,227,223,25,251,data\raw\Capacidad\ConsultaA_2024_v22.csv,48305
00005987,2024,9,LIMA,LIMA,SAN JUAN DE MIRAFLORES,MINSA,III-1,374,329,142,532,data\raw\Capacidad\ConsultaA_2024_v22.csv,48379
00006209,2024,10,LIMA,LIMA,LIMA,MINSA,III-2,128,101,41,142,data\raw\Capacidad\ConsultaA_2024_v22.csv,48439
00005883,2024,10,LIMA,LIMA,ATE,MINSA,II-1,50,94,0,98,data\raw\Capacidad\ConsultaA_2024_v22.csv,48616
00012923,2024,10,LIMA,LIMA,PUENTE PIEDRA,SANIDAD DE LA POLICIA NACIONAL DEL PERU,I-2,0,3,0,0,data\raw\Capacidad\ConsultaA_2024_v22.csv,48676
00005987,2024,11,LIMA,LIMA,SAN JUAN DE MIRAFLORES,MINSA,III-1,370,334,135,534,data\raw\Capacidad\ConsultaA_2024_v22.csv,48710
00005814,2025,3,LIMA,LIMA,ANCON,MINSA,I-4,5,11,0,17,data\raw\Capacidad\ConsultaA_2025_v22.csv,66
00010751,2025,4,LIMA,LIMA,MIRAFLORES,SANIDAD DE LA FUERZA AEREA DEL PERU,III-1,242,223,25,251,data\raw\Capacidad\ConsultaA_2025_v22.csv,161
00016918,2025,8,LIMA,LIMA,SAN BORJA,MINSA,III-2,241,449,103,495,data\raw\Capacidad\ConsultaA_2025_v22.csv,209
00006210,2025,9,LIMA,LIMA,SURQUILLO,MINSA,III-2,396,462,212,508,data\raw\Capacidad\ConsultaA_2025_v22.csv,235
00009251,2025,5,LIMA,LIMA,LA VICTORIA,ESSALUD,III-2,1021,1224,333,1249,data\raw\Capacidad\ConsultaA_2025_v22.csv,259
00005772,2025,6,LIMA,LIMA,COMAS,MINSA,I-4,8,31,0,32,data\raw\Capacidad\ConsultaA_2025_v22.csv,280
00005814,2025,7,LIMA,LIMA,ANCON,MINSA,I-4,5,12,0,14,data\raw\Capacidad\ConsultaA_2025_v22.csv,333
00005948,2025,7,LIMA,LIMA,SANTA ANITA,MINSA,III-E,209,79,25,101,data\raw\Capacidad\ConsultaA_2025_v22.csv,335
00005755,2025,5,LIMA,LIMA,COMAS,MINSA,I-4,0,23,0,32,data\raw\Capacidad\ConsultaA_2025_v22.csv,374
00009251,2025,9,LIMA,LIMA,LA VICTORIA,ESSALUD,III-2,1023,1265,349,1232,data\raw\Capacidad\ConsultaA_2025_v22.csv,477
00008709,2025,7,LIMA,LIMA,SANTIAGO DE SURCO,SANIDAD DE LA FUERZA AEREA DEL PERU,I-4,34,19,0,17,data\raw\Capacidad\ConsultaA_2025_v22.csv,568
00005755,2025,1,LIMA,LIMA,COMAS,MINSA,I-4,0,23,0,28,data\raw\Capacidad\ConsultaA_2025_v22.csv,688
00005735,2025,2,LIMA,LIMA,CARABAYLLO,MINSA,I-4,8,30,0,42,data\raw\Capacidad\ConsultaA_2025_v22.csv,716
00008318,2025,7,LIMA,LIMA,SANTA ANITA,ESSALUD,II-1,40,105,5,88,data\raw\Capacidad\ConsultaA_2025_v22.csv,892
00005817,2025,8,LIMA,LIMA,PUENTE PIEDRA,MINSA,I-4,6,20,0,25,data\raw\Capacidad\ConsultaA_2025_v22.csv,1041
00008564,2025,8,LIMA,LIMA,SAN MIGUEL,ESSALUD,II-1,46,123,0,92,data\raw\Capacidad\ConsultaA_2025_v22.csv,1045
00008318,2025,5,LIMA,LIMA,SANTA ANITA,ESSALUD,II-1,40,114,5,88,data\raw\Capacidad\ConsultaA_2025_v22.csv,1088
00008709,2025,8,LIMA,LIMA,SANTIAGO DE SURCO,SANIDAD DE LA FUERZA AEREA DEL PERU,I-4,34,19,0,17,data\raw\Capacidad\ConsultaA_2025_v22.csv,1112
00005842,2025,8,LIMA,LIMA,RIMAC,MINSA,I-4,0,17,0,24,data\raw\Capacidad\ConsultaA_2025_v22.csv,1257
00007734,2025,9,LIMA,LIMA,CHORRILLOS,MINSA,III-2,0,77,23,61,data\raw\Capacidad\ConsultaA_2025_v22.csv,1489
00005948,2025,8,LIMA,LIMA,SANTA ANITA,MINSA,III-E,209,67,25,72,data\raw\Capacidad\ConsultaA_2025_v22.csv,1713
00005991,2025,7,LIMA,LIMA,CHORRILLOS,MINSA,I-4,10,29,0,18,data\raw\Capacidad\ConsultaA_2025_v22.csv,1815
00009188,2025,6,LIMA,LIMA,LIMA,ESSALUD,II-1,60,90,0,87,data\raw\Capacidad\ConsultaA_2025_v22.csv,1978
00006216,2025,5,LIMA,LIMA,BRE?A,MINSA,III-2,392,496,149,618,data\raw\Capacidad\ConsultaA_2025_v22.csv,2275
00006206,2025,7,LIMA,LIMA,LIMA,MINSA,III-1,476,477,178,258,data\raw\Capacidad\ConsultaA_2025_v22.csv,2312
00010751,2025,2,LIMA,LIMA,MIRAFLORES,SANIDAD DE LA FUERZA AEREA DEL PERU,III-1,242,223,25,251,data\raw\Capacidad\ConsultaA_2025_v22.csv,2429
00018011,2025,2,LIMA,LIMA,JESUS MARIA,ESSALUD,III-E,120,230,40,278,data\raw\Capacidad\ConsultaA_2025_v22.csv,2452
00005742,2025,9,LIMA,LIMA,SAN MARTIN DE PORRES,MINSA,I-4,6,29,0,31,data\raw\Capacidad\ConsultaA_2025_v22.csv,2506
00005772,2025,9,LIMA,LIMA,COMAS,MINSA,I-4,8,32,0,29,data\raw\Capacidad\ConsultaA_2025_v22.csv,2507
00010434,2025,9,LIMA,LIMA,SANTA ANITA,ESSALUD,II-E,190,52,4,110,data\raw\Capacidad\ConsultaA_2025_v22.csv,2525
00008353,2025,6,LIMA,LIMA,ATE,ESSALUD,II-1,66,110,16,109,data\raw\Capacidad\ConsultaA_2025_v22.csv,2629
00008502,2025,3,LIMA,LIMA,LIMA,ESSALUD,II-2,180,430,79,284,data\raw\Capacidad\ConsultaA_2025_v22.csv,2806
00006208,2025,4,LIMA,LIMA,LIMA,MINSA,III-2,331,335,82,505,data\raw\Capacidad\ConsultaA_2025_v22.csv,2870
00005799,2025,9,LIMA,LIMA,LOS OLIVOS,MINSA,I-4,3,37,2,34,data\raw\Capacidad\ConsultaA_2025_v22.csv,2919
00008564,2025,5,LIMA,LIMA,SAN MIGUEL,ESSALUD,II-1,47,124,0,92,data\raw\Capacidad\ConsultaA_2025_v22.csv,2975
00005742,2025,6,LIMA,LIMA,SAN MARTIN DE PORRES,MINSA,I-4,6,28,1,28,data\raw\Capacidad\ConsultaA_2025_v22.csv,2978
00006211,2025,6,LIMA,LIMA,PUEBLO LIBRE,MINSA,III-1,143,305,40,293,data\raw\Capacidad\ConsultaA_2025_v22.csv,3110
00005799,2025,6,LIMA,LIMA,LOS OLIVOS,MINSA,I-4,7,74,1,36,data\raw\Capacidad\ConsultaA_2025_v22.csv,3111
00005817,2025,9,LIMA,LIMA,PUENTE PIEDRA,MINSA,I-4,6,20,0,25,data\raw\Capacidad\ConsultaA_2025_v22.csv,3287
00008564,2025,6,LIMA,LIMA,SAN MIGUEL,ESSALUD,II-1,47,124,0,93,data\raw\Capacidad\ConsultaA_2025_v22.csv,3401
00008720,2025,3,LIMA,LIMA,JESUS MARIA,ESSALUD,III-2,1535,1576,459,1915,data\raw\Capacidad\ConsultaA_2025_v22.csv,3948
00012923,2025,6,LIMA,LIMA,PUENTE PIEDRA,SANIDAD DE LA POLICIA NACIONAL DEL PERU,I-2,0,8,0,7,data\raw\Capacidad\ConsultaA_2025_v22.csv,3993
00009188,2025,4,LIMA,LIMA,LIMA,ESSALUD,II-1,60,90,0,87,data\raw\Capacidad\ConsultaA_2025_v22.csv,4027
00005816,2025,5,LIMA,LIMA,PUENTE PIEDRA,MINSA,I-4,12,22,0,33,data\raw\Capacidad\ConsultaA_2025_v22.csv,4042
00016918,2025,9,LIMA,LIMA,SAN BORJA,MINSA,III-2,241,436,100,493,data\raw\Capacidad\ConsultaA_2025_v22.csv,4112
00005742,2025,3,LIMA,LIMA,SAN MARTIN DE PORRES,MINSA,I-4,6,30,1,28,data\raw\Capacidad\ConsultaA_2025_v22.csv,4243
00010751,2025,6,LIMA,LIMA,MIRAFLORES,SANIDAD DE LA FUERZA AEREA DEL PERU,III-1,242,223,25,251,data\raw\Capacidad\ConsultaA_2025_v22.csv,4321
00006000,2025,7,LIMA,LIMA,CHORRILLOS,MINSA,I-4,16,21,0,22,data\raw\Capacidad\ConsultaA_2025_v22.csv,4390
00008564,2025,7,LIMA,LIMA,SAN MIGUEL,ESSALUD,II-1,47,124,0,93,data\raw\Capacidad\ConsultaA_2025_v22.csv,4393
00006084,2025,9,LIMA,LIMA,PUCUSANA,MINSA,I-4,4,8,0,4,data\raw\Capacidad\ConsultaA_2025_v22.csv,4414
00018011,2025,9,LIMA,LIMA,JESUS MARIA,ESSALUD,III-E,118,246,51,277,data\raw\Capacidad\ConsultaA_2025_v22.csv,4439
00006210,2025,4,LIMA,LIMA,SURQUILLO,MINSA,III-2,485,248,190,513,data\raw\Capacidad\ConsultaA_2025_v22.csv,4582
00008741,2025,4,LIMA,LIMA,VILLA EL SALVADOR,ESSALUD,II-1,64,114,1,102,data\raw\Capacidad\ConsultaA_2025_v22.csv,4679
00005791,2025,7,LIMA,LIMA,INDEPENDENCIA,MINSA,I-4,15,46,0,39,data\raw\Capacidad\ConsultaA_2025_v22.csv,4715
00008502,2025,6,LIMA,LIMA,LIMA,ESSALUD,II-2,180,417,79,292,data\raw\Capacidad\ConsultaA_2025_v22.csv,4732
00006213,2025,1,LIMA,LIMA,MIRAFLORES,MINSA,III-E,71,235,35,210,data\raw\Capacidad\ConsultaA_2025_v22.csv,4830
00008564,2025,2,LIMA,LIMA,SAN MIGUEL,ESSALUD,II-1,46,123,0,94,data\raw\Capacidad\ConsultaA_2025_v22.csv,4886
00006209,2025,6,LIMA,LIMA,LIMA,MINSA,III-2,131,108,40,138,data\raw\Capacidad\ConsultaA_2025_v22.csv,4934
00010135,2025,6,LIMA,LIMA,LA MOLINA,ESSALUD,II-2,51,203,10,128,data\raw\Capacidad\ConsultaA_2025_v22.csv,5006
00006212,2025,7,LIMA,LIMA,LA VICTORIA,MINSA,III-E,67,162,6,150,data\raw\Capacidad\ConsultaA_2025_v22.csv,5022
00008564,2025,9,LIMA,LIMA,SAN MIGUEL,ESSALUD,II-1,46,122,0,92,data\raw\Capacidad\ConsultaA_2025_v22.csv,5041
00016918,2025,3,LIMA,LIMA,SAN BORJA,MINSA,III-2,241,442,105,490,data\raw\Capacidad\ConsultaA_2025_v22.csv,5164
00008353,2025,7,LIMA,LIMA,ATE,ESSALUD,II-1,66,110,16,109,data\raw\Capacidad\ConsultaA_2025_v22.csv,5243
00006088,2025,6,LIMA,LIMA,SAN BARTOLO,MINSA,I-3,3,8,0,10,data\raw\Capacidad\ConsultaA_2025_v22.csv,5292
00009188,2025,7,LIMA,LIMA,LIMA,ESSALUD,II-1,60,92,0,89,data\raw\Capacidad\ConsultaA_2025_v22.csv,5347
00006151,2025,1,LIMA,LIMA,VILLA MARIA DEL TRIUNFO,MINSA,I-4,3,16,0,12,data\raw\Capacidad\ConsultaA_2025_v22.csv,5424
00008489,2025,1,LIMA,LIMA,MIRAFLORES,ESSALUD,II-2,85,262,30,216,data\raw\Capacidad\ConsultaA_2025_v22.csv,5455
00009188,2025,8,LIMA,LIMA,LIMA,ESSALUD,II-1,58,92,0,89,data\raw\Capacidad\ConsultaA_2025_v22.csv,5551
00014718,2025,7,LIMA,LIMA,SAN MIGUEL,SANIDAD DE LA POLICIA NACIONAL DEL PERU,II-E,22,25,0,37,data\raw\Capacidad\ConsultaA_2025_v22.csv,5595
00005987,2025,9,LIMA,LIMA,SAN JUAN DE MIRAFLORES,MINSA,III-1,409,521,241,532,data\raw\Capacidad\ConsultaA_2025_v22.csv,5637
00005987,2025,4,LIMA,LIMA,SAN JUAN DE MIRAFLORES,MINSA,III-1,381,483,185,532,data\raw\Capacidad\ConsultaA_2025_v22.csv,5901
00005987,2025,5,LIMA,LIMA,SAN JUAN DE MIRAFLORES,MINSA,III-1,381,487,195,532,data\raw\Capacidad\ConsultaA_2025_v22.csv,5902
00005883,2025,4,LIMA,LIMA,ATE,MINSA,II-1,50,110,0,99,data\raw\Capacidad\ConsultaA_2025_v22.csv,6054
00008489,2025,4,LIMA,LIMA,MIRAFLORES,ESSALUD,II-2,84,258,27,214,data\raw\Capacidad\ConsultaA_2025_v22.csv,6080
00005947,2025,3,LIMA,LIMA,LURIGANCHO,MINSA,II-2,63,161,15,139,data\raw\Capacidad\ConsultaA_2025_v22.csv,6367
00005883,2025,8,LIMA,LIMA,ATE,MINSA,II-1,50,110,0,98,data\raw\Capacidad\ConsultaA_2025_v22.csv,6456
00005791,2025,9,LIMA,LIMA,INDEPENDENCIA,MINSA,I-4,15,38,0,36,data\raw\Capacidad\ConsultaA_2025_v22.csv,6529
00006124,2025,9,LIMA,LIMA,VILLA EL SALVADOR,MINSA,I-4,9,22,4,29,data\raw\Capacidad\ConsultaA_2025_v22.csv,6544
00018011,2025,5,LIMA,LIMA,JESUS MARIA,ESSALUD,III-E,119,230,40,280,data\raw\Capacidad\ConsultaA_2025_v22.csv,6704
00008720,2025,8,LIMA,LIMA,JESUS MARIA,ESSALUD,III-2,1526,1585,459,1907,data\raw\Capacidad\ConsultaA_2025_v22.csv,6773
00006216,2025,4,LIMA,LIMA,BRE?A,MINSA,III-2,392,511,125,623,data\raw\Capacidad\ConsultaA_2025_v22.csv,6823
00008502,2025,4,LIMA,LIMA,LIMA,ESSALUD,II-2,180,422,79,296,data\raw\Capacidad\ConsultaA_2025_v22.csv,6923
00005617,2025,9,LIMA,LIMA,SAN JUAN DE LURIGANCHO,MINSA,II-2,109,229,23,317,data\raw\Capacidad\ConsultaA_2025_v22.csv,7219
00006211,2025,5,LIMA,LIMA,PUEBLO LIBRE,MINSA,III-1,144,298,58,292,data\raw\Capacidad\ConsultaA_2025_v22.csv,7316
00007634,2025,7,LIMA,LIMA,COMAS,MINSA,III-1,287,239,126,268,data\raw\Capacidad\ConsultaA_2025_v22.csv,7572
00017024,2025,9,LIMA,LIMA,JESUS MARIA,SANIDAD DEL EJERCITO DEL PERU,III-1,376,226,54,383,data\raw\Capacidad\ConsultaA_2025_v22.csv,8031
00005991,2025,9,LIMA,LIMA,CHORRILLOS,MINSA,I-4,10,29,0,18,data\raw\Capacidad\ConsultaA_2025_v22.csv,8066
00027565,2025,3,LIMA,LIMA,COMAS,ESSALUD,II-1,108,219,12,198,data\raw\Capacidad\ConsultaA_2025_v22.csv,8182
00006000,2025,3,LIMA,LIMA,CHORRILLOS,MINSA,I-4,16,25,0,20,data\raw\Capacidad\ConsultaA_2025_v22.csv,8185
00005816,2025,9,LIMA,LIMA,PUENTE PIEDRA,MINSA,I-4,12,22,0,31,data\raw\Capacidad\ConsultaA_2025_v22.csv,8239
00006000,2025,10,LIMA,LIMA,CHORRILLOS,MINSA,I-4,16,20,0,22,data\raw\Capacidad\ConsultaA_2025_v22.csv,8473
00005821,2025,9,LIMA,LIMA,PUENTE PIEDRA,MINSA,I-4,9,20,0,27,data\raw\Capacidad\ConsultaA_2025_v22.csv,8693
00005755,2025,9,LIMA,LIMA,COMAS,MINSA,I-4,0,24,0,35,data\raw\Capacidad\ConsultaA_2025_v22.csv,8694
00005735,2025,9,LIMA,LIMA,CARABAYLLO,MINSA,I-4,10,40,0,52,data\raw\Capacidad\ConsultaA_2025_v22.csv,8742
00005742,2025,10,LIMA,LIMA,SAN MARTIN DE PORRES,MINSA,I-4,6,29,0,29,data\raw\Capacidad\ConsultaA_2025_v22.csv,8747
00006164,2025,5,LIMA,LIMA,VILLA MARIA DEL TRIUNFO,MINSA,I-4,14,12,0,16,data\raw\Capacidad\ConsultaA_2025_v22.csv,8834
00012923,2025,7,LIMA,LIMA,PUENTE PIEDRA,SANIDAD DE LA POLICIA NACIONAL DEL PERU,I-2,0,8,0,7,data\raw\Capacidad\ConsultaA_2025_v22.csv,9049
00005987,2025,7,LIMA,LIMA,SAN JUAN DE MIRAFLORES,MINSA,III-1,382,494,199,532,data\raw\Capacidad\ConsultaA_2025_v22.csv,9136
00009188,2025,9,LIMA,LIMA,LIMA,ESSALUD,II-1,60,89,0,89,data\raw\Capacidad\ConsultaA_2025_v22.csv,9179
00005991,2025,2,LIMA,LIMA,CHORRILLOS,MINSA,I-4,10,31,0,21,data\raw\Capacidad\ConsultaA_2025_v22.csv,9322
00006000,2025,8,LIMA,LIMA,CHORRILLOS,MINSA,I-4,16,21,0,22,data\raw\Capacidad\ConsultaA_2025_v22.csv,9429
00006214,2025,8,LIMA,LIMA,MAGDALENA DEL MAR,MINSA,III-E,590,86,27,111,data\raw\Capacidad\ConsultaA_2025_v22.csv,9452
00005883,2025,9,LIMA,LIMA,ATE,MINSA,II-1,50,103,0,102,data\raw\Capacidad\ConsultaA_2025_v22.csv,9555
00008318,2025,10,LIMA,LIMA,SANTA ANITA,ESSALUD,II-1,40,105,5,88,data\raw\Capacidad\ConsultaA_2025_v22.csv,9597
00017024,2025,10,LIMA,LIMA,JESUS MARIA,SANIDAD DEL EJERCITO DEL PERU,III-1,376,226,54,383,data\raw\Capacidad\ConsultaA_2025_v22.csv,9601
00005991,2025,10,LIMA,LIMA,CHORRILLOS,MINSA,I-4,10,29,0,17,data\raw\Capacidad\ConsultaA_2025_v22.csv,9604
00006216,2025,1,LIMA,LIMA,BRE?A,MINSA,III-2,392,521,186,525,data\raw\Capacidad\ConsultaA_2025_v22.csv,9686
00007632,2025,1,LIMA,LIMA,PUENTE PIEDRA,MINSA,II-2,111,137,55,218,data\raw\Capacidad\ConsultaA_2025_v22.csv,9833
00007632,2025,2,LIMA,LIMA,PUENTE PIEDRA,MINSA,II-2,111,137,55,217,data\raw\Capacidad\ConsultaA_2025_v22.csv,9834
00005948,2025,9,LIMA,LIMA,SANTA ANITA,MINSA,III-E,209,74,33,73,data\raw\Capacidad\ConsultaA_2025_v22.csv,9896
00027565,2025,9,LIMA,LIMA,COMAS,ESSALUD,II-1,108,211,12,164,data\raw\Capacidad\ConsultaA_2025_v22.csv,9935
00005947,2025,5,LIMA,LIMA,LURIGANCHO,MINSA,II-2,63,159,13,135,data\raw\Capacidad\ConsultaA_2025_v22.csv,10186
00023159,2025,4,LIMA,LIMA,VILLA EL SALVADOR,MINSA,III-1,260,511,38,486,data\raw\Capacidad\ConsultaA_2025_v22.csv,10188
00023159,2025,5,LIMA,LIMA,VILLA EL SALVADOR,MINSA,III-1,260,503,38,485,data\raw\Capacidad\ConsultaA_2025_v22.csv,10189
00023159,2025,6,LIMA,LIMA,VILLA EL SALVADOR,MINSA,III-1,260,502,27,462,data\raw\Capacidad\ConsultaA_2025_v22.csv,10190
00008741,2025,10,LIMA,LIMA,VILLA EL SALVADOR,ESSALUD,II-1,64,114,1,91,data\raw\Capacidad\ConsultaA_2025_v22.csv,10303
00005791,2025,3,LIMA,LIMA,INDEPENDENCIA,MINSA,I-4,15,44,0,39,data\raw\Capacidad\ConsultaA_2025_v22.csv,10354
00005842,2025,7,LIMA,LIMA,RIMAC,MINSA,I-4,0,17,0,24,data\raw\Capacidad\ConsultaA_2025_v22.csv,10474
00009251,2025,4,LIMA,LIMA,LA VICTORIA,ESSALUD,III-2,1088,1225,333,1251,data\raw\Capacidad\ConsultaA_2025_v22.csv,10550
00007632,2025,8,LIMA,LIMA,PUENTE PIEDRA,MINSA,II-2,109,125,51,216,data\raw\Capacidad\ConsultaA_2025_v22.csv,10683
00005791,2025,5,LIMA,LIMA,INDEPENDENCIA,MINSA,I-4,15,46,0,39,data\raw\Capacidad\ConsultaA_2025_v22.csv,10731
00008317,2025,4,LIMA,LIMA,SAN JUAN DE LURIGANCHO,ESSALUD,II-1,43,206,11,100,data\raw\Capacidad\ConsultaA_2025_v22.csv,10821
00006213,2025,9,LIMA,LIMA,MIRAFLORES,MINSA,III-E,70,188,38,202,data\raw\Capacidad\ConsultaA_2025_v22.csv,11040
00014718,2025,10,LIMA,LIMA,SAN MIGUEL,SANIDAD DE LA POLICIA NACIONAL DEL PERU,II-E,21,27,0,34,data\raw\Capacidad\ConsultaA_2025_v22.csv,11097
00006208,2025,10,LIMA,LIMA,LIMA,MINSA,III-2,336,282,121,478,data\raw\Capacidad\ConsultaA_2025_v22.csv,11121
00005842,2025,10,LIMA,LIMA,RIMAC,MINSA,I-4,0,16,0,23,data\raw\Capacidad\ConsultaA_2025_v22.csv,11152
00008709,2025,10,LIMA,LIMA,SANTIAGO DE SURCO,SANIDAD DE LA FUERZA AEREA DEL PERU,I-4,34,20,0,23,data\raw\Capacidad\ConsultaA_2025_v22.csv,11153
00005772,2025,2,LIMA,LIMA,COMAS,MINSA,I-4,8,30,0,29,data\raw\Capacidad\ConsultaA_2025_v22.csv,11170
00010098,2025,4,LIMA,LIMA,CHORRILLOS,SANIDAD DEL EJERCITO DEL PERU,II-E,15,49,0,69,data\raw\Capacidad\ConsultaA_2025_v22.csv,11207
00008318,2025,6,LIMA,LIMA,SANTA ANITA,ESSALUD,II-1,40,105,5,88,data\raw\Capacidad\ConsultaA_2025_v22.csv,11253
00006208,2025,8,LIMA,LIMA,LIMA,MINSA,III-2,336,282,121,478,data\raw\Capacidad\ConsultaA_2025_v22.csv,11269
00006211,2025,1,LIMA,LIMA,PUEBLO LIBRE,MINSA,III-1,143,298,58,295,data\raw\Capacidad\ConsultaA_2025_v22.csv,11508
00010751,2025,1,LIMA,LIMA,MIRAFLORES,SANIDAD DE LA FUERZA AEREA DEL PERU,III-1,242,223,25,251,data\raw\Capacidad\ConsultaA_2025_v22.csv,11509
00007634,2025,1,LIMA,LIMA,COMAS,MINSA,III-1,291,276,127,261,data\raw\Capacidad\ConsultaA_2025_v22.csv,11510
00005817,2025,5,LIMA,LIMA,PUENTE PIEDRA,MINSA,I-4,8,20,0,23,data\raw\Capacidad\ConsultaA_2025_v22.csv,11673
00018011,2025,7,LIMA,LIMA,JESUS MARIA,ESSALUD,III-E,118,227,35,279,data\raw\Capacidad\ConsultaA_2025_v22.csv,11772
00006215,2025,6,LIMA,LIMA,LIMA,MINSA,III-E,188,332,100,286,data\raw\Capacidad\ConsultaA_2025_v22.csv,11901
00007634,2025,5,LIMA,LIMA,COMAS,MINSA,III-1,291,239,126,268,data\raw\Capacidad\ConsultaA_2025_v22.csv,11927
00005987,2025,1,LIMA,LIMA,SAN JUAN DE MIRAFLORES,MINSA,III-1,388,345,136,532,data\raw\Capacidad\ConsultaA_2025_v22.csv,11950
00006216,2025,9,LIMA,LIMA,BRE?A,MINSA,III-2,394,365,17,361,data\raw\Capacidad\ConsultaA_2025_v22.csv,12083
00008709,2025,9,LIMA,LIMA,SANTIAGO DE SURCO,SANIDAD DE LA FUERZA AEREA DEL PERU,I-4,34,19,0,17,data\raw\Capacidad\ConsultaA_2025_v22.csv,12102
00005791,2025,10,LIMA,LIMA,INDEPENDENCIA,MINSA,I-4,15,36,0,38,data\raw\Capacidad\ConsultaA_2025_v22.csv,12177
00008353,2025,10,LIMA,LIMA,ATE,ESSALUD,II-1,66,110,16,109,data\raw\Capacidad\ConsultaA_2025_v22.csv,12182
00007634,2025,6,LIMA,LIMA,COMAS,MINSA,III-1,287,237,126,268,data\raw\Capacidad\ConsultaA_2025_v22.csv,12331
00016094,2025,7,LIMA,LIMA,RIMAC,SANIDAD DE LA POLICIA NACIONAL DEL PERU,II-1,84,27,0,60,data\raw\Capacidad\ConsultaA_2025_v22.csv,12376
00007734,2025,10,LIMA,LIMA,CHORRILLOS,MINSA,III-2,0,81,21,63,data\raw\Capacidad\ConsultaA_2025_v22.csv,12442
00010098,2025,6,LIMA,LIMA,CHORRILLOS,SANIDAD DEL EJERCITO DEL PERU,II-E,15,51,0,71,data\raw\Capacidad\ConsultaA_2025_v22.csv,12642
00013591,2025,9,LIMA,LIMA,JESUS MARIA,SANIDAD DE LA POLICIA NACIONAL DEL PERU,III-1,380,548,156,440,data\raw\Capacidad\ConsultaA_2025_v22.csv,12725
00006213,2025,8,LIMA,LIMA,MIRAFLORES,MINSA,III-E,68,216,39,210,data\raw\Capacidad\ConsultaA_2025_v22.csv,12751
00009188,2025,10,LIMA,LIMA,LIMA,ESSALUD,II-1,61,89,0,89,data\raw\Capacidad\ConsultaA_2025_v22.csv,12781
00014718,2025,1,LIMA,LIMA,SAN MIGUEL,SANIDAD DE LA POLICIA NACIONAL DEL PERU,II-E,24,26,0,37,data\raw\Capacidad\ConsultaA_2025_v22.csv,12811
00006214,2025,1,LIMA,LIMA,MAGDALENA DEL MAR,MINSA,III-E,590,74,27,108,data\raw\Capacidad\ConsultaA_2025_v22.csv,12836
00013591,2025,1,LIMA,LIMA,JESUS MARIA,SANIDAD DE LA POLICIA NACIONAL DEL PERU,III-1,355,526,169,445,data\raw\Capacidad\ConsultaA_2025_v22.csv,12852
00016094,2025,2,LIMA,LIMA,RIMAC,SANIDAD DE LA POLICIA NACIONAL DEL PERU,II-1,76,28,0,58,data\raw\Capacidad\ConsultaA_2025_v22.csv,12855
00008502,2025,9,LIMA,LIMA,LIMA,ESSALUD,II-2,180,424,79,273,data\raw\Capacidad\ConsultaA_2025_v22.csv,13001
00006212,2025,9,LIMA,LIMA,LA VICTORIA,MINSA,III-E,64,168,15,152,data\raw\Capacidad\ConsultaA_2025_v22.csv,13016
00006151,2025,2,LIMA,LIMA,VILLA MARIA DEL TRIUNFO,MINSA,I-4,3,15,0,12,data\raw\Capacidad\ConsultaA_2025_v22.csv,13026
00006151,2025,3,LIMA,LIMA,VILLA MARIA DEL TRIUNFO,MINSA,I-4,3,14,0,12,data\raw\Capacidad\ConsultaA_2025_v22.csv,13027
00007734,2025,4,LIMA,LIMA,CHORRILLOS,MINSA,III-2,0,79,19,60,data\raw\Capacidad\ConsultaA_2025_v22.csv,13069
00006206,2025,3,LIMA,LIMA,LIMA,MINSA,III-1,465,473,196,261,data\raw\Capacidad\ConsultaA_2025_v22.csv,13230
00005842,2025,4,LIMA,LIMA,RIMAC,MINSA,I-4,0,16,0,24,data\raw\Capacidad\ConsultaA_2025_v22.csv,13293
00005991,2025,3,LIMA,LIMA,CHORRILLOS,MINSA,I-4,10,29,0,18,data\raw\Capacidad\ConsultaA_2025_v22.csv,13340
00007634,2025,2,LIMA,LIMA,COMAS,MINSA,III-1,291,273,127,259,data\raw\Capacidad\ConsultaA_2025_v22.csv,13532
00017024,2025,2,LIMA,LIMA,JESUS MARIA,SANIDAD DEL EJERCITO DEL PERU,III-1,376,226,54,392,data\raw\Capacidad\ConsultaA_2025_v22.csv,13533
00012923,2025,3,LIMA,LIMA,PUENTE PIEDRA,SANIDAD DE LA POLICIA NACIONAL DEL PERU,I-2,0,5,0,7,data\raw\Capacidad\ConsultaA_2025_v22.csv,13560
00005947,2025,9,LIMA,LIMA,LURIGANCHO,MINSA,II-2,63,161,16,136,data\raw\Capacidad\ConsultaA_2025_v22.csv,13635
00005814,2025,9,LIMA,LIMA,ANCON,MINSA,I-4,5,12,0,14,data\raw\Capacidad\ConsultaA_2025_v22.csv,13652
00006000,2025,5,LIMA,LIMA,CHORRILLOS,MINSA,I-4,16,16,0,22,data\raw\Capacidad\ConsultaA_2025_v22.csv,13768
00007634,2025,9,LIMA,LIMA,COMAS,MINSA,III-1,229,243,126,268,data\raw\Capacidad\ConsultaA_2025_v22.csv,13772
00016918,2025,5,LIMA,LIMA,SAN BORJA,MINSA,III-2,241,450,95,483,data\raw\Capacidad\ConsultaA_2025_v22.csv,13813
00027565,2025,6,LIMA,LIMA,COMAS,ESSALUD,II-1,108,219,12,201,data\raw\Capacidad\ConsultaA_2025_v22.csv,13834
00016918,2025,6,LIMA,LIMA,SAN BORJA,MINSA,III-2,241,398,80,483,data\raw\Capacidad\ConsultaA_2025_v22.csv,13842
00014718,2025,8,LIMA,LIMA,SAN MIGUEL,SANIDAD DE LA POLICIA NACIONAL DEL PERU,II-E,21,24,0,35,data\raw\Capacidad\ConsultaA_2025_v22.csv,13895
00010434,2025,3,LIMA,LIMA,SANTA ANITA,ESSALUD,II-E,190,50,6,107,data\raw\Capacidad\ConsultaA_2025_v22.csv,13952
00006088,2025,5,LIMA,LIMA,SAN BARTOLO,MINSA,I-3,3,8,0,10,data\raw\Capacidad\ConsultaA_2025_v22.csv,13979
00005816,2025,4,LIMA,LIMA,PUENTE PIEDRA,MINSA,I-4,12,22,0,33,data\raw\Capacidad\ConsultaA_2025_v22.csv,14050
00006079,2025,4,LIMA,LIMA,LURIN,MINSA,I-4,0,20,0,15,data\raw\Capacidad\ConsultaA_2025_v22.csv,14151
00006210,2025,1,LIMA,LIMA,SURQUILLO,MINSA,III-2,480,239,193,521,data\raw\Capacidad\ConsultaA_2025_v22.csv,14221
00007632,2025,3,LIMA,LIMA,PUENTE PIEDRA,MINSA,II-2,111,136,55,217,data\raw\Capacidad\ConsultaA_2025_v22.csv,14336
00005821,2025,4,LIMA,LIMA,PUENTE PIEDRA,MINSA,I-4,0,20,0,25,data\raw\Capacidad\ConsultaA_2025_v22.csv,14468
00016094,2025,5,LIMA,LIMA,RIMAC,SANIDAD DE LA POLICIA NACIONAL DEL PERU,II-1,73,35,0,63,data\raw\Capacidad\ConsultaA_2025_v22.csv,14872
00005742,2025,5,LIMA,LIMA,SAN MARTIN DE PORRES,MINSA,I-4,6,28,1,28,data\raw\Capacidad\ConsultaA_2025_v22.csv,14885
00006211,2025,3,LIMA,LIMA,PUEBLO LIBRE,MINSA,III-1,142,296,58,293,data\raw\Capacidad\ConsultaA_2025_v22.csv,15160
00005742,2025,4,LIMA,LIMA,SAN MARTIN DE PORRES,MINSA,I-4,6,30,1,28,data\raw\Capacidad\ConsultaA_2025_v22.csv,15191
00005814,2025,1,LIMA,LIMA,ANCON,MINSA,I-4,5,11,0,17,data\raw\Capacidad\ConsultaA_2025_v22.csv,15240
00005821,2025,1,LIMA,LIMA,PUENTE PIEDRA,MINSA,I-4,9,21,0,26,data\raw\Capacidad\ConsultaA_2025_v22.csv,15242
00006214,2025,3,LIMA,LIMA,MAGDALENA DEL MAR,MINSA,III-E,590,86,27,118,data\raw\Capacidad\ConsultaA_2025_v22.csv,15259
00006209,2025,3,LIMA,LIMA,LIMA,MINSA,III-2,119,107,41,139,data\raw\Capacidad\ConsultaA_2025_v22.csv,15404
00005735,2025,3,LIMA,LIMA,CARABAYLLO,MINSA,I-4,8,30,0,42,data\raw\Capacidad\ConsultaA_2025_v22.csv,15405
00006210,2025,3,LIMA,LIMA,SURQUILLO,MINSA,III-2,485,241,189,508,data\raw\Capacidad\ConsultaA_2025_v22.csv,15406
00005735,2025,4,LIMA,LIMA,CARABAYLLO,MINSA,I-4,8,30,0,42,data\raw\Capacidad\ConsultaA_2025_v22.csv,15579
00027565,2025,4,LIMA,LIMA,COMAS,ESSALUD,II-1,108,221,12,198,data\raw\Capacidad\ConsultaA_2025_v22.csv,15594
00005791,2025,4,LIMA,LIMA,INDEPENDENCIA,MINSA,I-4,15,44,0,39,data\raw\Capacidad\ConsultaA_2025_v22.csv,15611
00017024,2025,4,LIMA,LIMA,JESUS MARIA,SANIDAD DEL EJERCITO DEL PERU,III-1,376,221,54,393,data\raw\Capacidad\ConsultaA_2025_v22.csv,15637
00018011,2025,4,LIMA,LIMA,JESUS MARIA,ESSALUD,III-E,119,233,40,281,data\raw\Capacidad\ConsultaA_2025_v22.csv,15642
00010098,2025,3,LIMA,LIMA,CHORRILLOS,SANIDAD DEL EJERCITO DEL PERU,II-E,15,50,0,69,data\raw\Capacidad\ConsultaA_2025_v22.csv,15773
00013591,2025,3,LIMA,LIMA,JESUS MARIA,SANIDAD DE LA POLICIA NACIONAL DEL PERU,III-1,358,520,169,445,data\raw\Capacidad\ConsultaA_2025_v22.csv,15886
00006000,2025,4,LIMA,LIMA,CHORRILLOS,MINSA,I-4,16,20,0,22,data\raw\Capacidad\ConsultaA_2025_v22.csv,15964
00013914,2025,4,LIMA,LIMA,RIMAC,SANIDAD DEL EJERCITO DEL PERU,I-4,4,8,0,16,data\raw\Capacidad\ConsultaA_2025_v22.csv,15975
00008489,2025,3,LIMA,LIMA,MIRAFLORES,ESSALUD,II-2,85,266,33,214,data\raw\Capacidad\ConsultaA_2025_v22.csv,16057
00008353,2025,4,LIMA,LIMA,ATE,ESSALUD,II-1,66,110,16,109,data\raw\Capacidad\ConsultaA_2025_v22.csv,16165
00008564,2025,4,LIMA,LIMA,SAN MIGUEL,ESSALUD,II-1,46,124,0,92,data\raw\Capacidad\ConsultaA_2025_v22.csv,16289
00007634,2025,4,LIMA,LIMA,COMAS,MINSA,III-1,291,239,127,268,data\raw\Capacidad\ConsultaA_2025_v22.csv,16312
00010434,2025,4,LIMA,LIMA,SANTA ANITA,ESSALUD,II-E,190,51,6,108,data\raw\Capacidad\ConsultaA_2025_v22.csv,16385
00005817,2025,4,LIMA,LIMA,PUENTE PIEDRA,MINSA,I-4,8,20,0,24,data\raw\Capacidad\ConsultaA_2025_v22.csv,16478
00005755,2025,4,LIMA,LIMA,COMAS,MINSA,I-4,0,25,0,29,data\raw\Capacidad\ConsultaA_2025_v22.csv,16489
00006209,2025,2,LIMA,LIMA,LIMA,MINSA,III-2,127,108,41,142,data\raw\Capacidad\ConsultaA_2025_v22.csv,16522
00006212,2025,2,LIMA,LIMA,LA VICTORIA,MINSA,III-E,60,163,6,137,data\raw\Capacidad\ConsultaA_2025_v22.csv,16523
00006088,2025,4,LIMA,LIMA,SAN BARTOLO,MINSA,I-3,3,8,0,10,data\raw\Capacidad\ConsultaA_2025_v22.csv,16747
00005755,2025,3,LIMA,LIMA,COMAS,MINSA,I-4,0,25,0,31,data\raw\Capacidad\ConsultaA_2025_v22.csv,16955
00016918,2025,4,LIMA,LIMA,SAN BORJA,MINSA,III-2,241,435,97,513,data\raw\Capacidad\ConsultaA_2025_v22.csv,17029
00014718,2025,6,LIMA,LIMA,SAN MIGUEL,SANIDAD DE LA POLICIA NACIONAL DEL PERU,II-E,24,27,0,36,data\raw\Capacidad\ConsultaA_2025_v22.csv,17137
00006084,2025,6,LIMA,LIMA,PUCUSANA,MINSA,I-4,4,9,0,5,data\raw\Capacidad\ConsultaA_2025_v22.csv,17139
00006084,2025,4,LIMA,LIMA,PUCUSANA,MINSA,I-4,2,9,0,5,data\raw\Capacidad\ConsultaA_2025_v22.csv,17163
00009188,2025,3,LIMA,LIMA,LIMA,ESSALUD,II-1,53,90,0,87,data\raw\Capacidad\ConsultaA_2025_v22.csv,17228
00006208,2025,3,LIMA,LIMA,LIMA,MINSA,III-2,331,335,82,505,data\raw\Capacidad\ConsultaA_2025_v22.csv,17230
00008353,2025,3,LIMA,LIMA,ATE,ESSALUD,II-1,66,110,16,109,data\raw\Capacidad\ConsultaA_2025_v22.csv,17324
00010135,2025,3,LIMA,LIMA,LA MOLINA,ESSALUD,II-2,55,164,10,131,data\raw\Capacidad\ConsultaA_2025_v22.csv,17418
00006212,2025,3,LIMA,LIMA,LA VICTORIA,MINSA,III-E,59,167,5,150,data\raw\Capacidad\ConsultaA_2025_v22.csv,17421
00005883,2025,3,LIMA,LIMA,ATE,MINSA,II-1,50,110,0,101,data\raw\Capacidad\ConsultaA_2025_v22.csv,17424
00005617,2025,3,LIMA,LIMA,SAN JUAN DE LURIGANCHO,MINSA,II-2,109,224,23,309,data\raw\Capacidad\ConsultaA_2025_v22.csv,17530
00012923,2025,4,LIMA,LIMA,PUENTE PIEDRA,SANIDAD DE LA POLICIA NACIONAL DEL PERU,I-2,0,5,0,8,data\raw\Capacidad\ConsultaA_2025_v22.csv,17570
00006211,2025,2,LIMA,LIMA,PUEBLO LIBRE,MINSA,III-1,144,299,58,295,data\raw\Capacidad\ConsultaA_2025_v22.csv,17621
00008564,2025,3,LIMA,LIMA,SAN MIGUEL,ESSALUD,II-1,46,123,0,93,data\raw\Capacidad\ConsultaA_2025_v22.csv,17649
00005814,2025,4,LIMA,LIMA,ANCON,MINSA,I-4,5,11,0,17,data\raw\Capacidad\ConsultaA_2025_v22.csv,17703
00005991,2025,4,LIMA,LIMA,CHORRILLOS,MINSA,I-4,10,32,0,19,data\raw\Capacidad\ConsultaA_2025_v22.csv,17763
00008720,2025,4,LIMA,LIMA,JESUS MARIA,ESSALUD,III-2,1535,1579,459,1916,data\raw\Capacidad\ConsultaA_2025_v22.csv,17772
00006209,2025,4,LIMA,LIMA,LIMA,MINSA,III-2,125,109,40,138,data\raw\Capacidad\ConsultaA_2025_v22.csv,17786
00005816,2025,3,LIMA,LIMA,PUENTE PIEDRA,MINSA,I-4,12,22,0,33,data\raw\Capacidad\ConsultaA_2025_v22.csv,17820
00013591,2025,4,LIMA,LIMA,JESUS MARIA,SANIDAD DE LA POLICIA NACIONAL DEL PERU,III-1,348,516,170,457,data\raw\Capacidad\ConsultaA_2025_v22.csv,17852
00006213,2025,4,LIMA,LIMA,MIRAFLORES,MINSA,III-E,71,232,40,215,data\raw\Capacidad\ConsultaA_2025_v22.csv,18087
00012923,2025,5,LIMA,LIMA,PUENTE PIEDRA,SANIDAD DE LA POLICIA NACIONAL DEL PERU,I-2,0,7,0,7,data\raw\Capacidad\ConsultaA_2025_v22.csv,18529
00007634,2025,3,LIMA,LIMA,COMAS,MINSA,III-1,291,208,127,280,data\raw\Capacidad\ConsultaA_2025_v22.csv,18535
00008318,2025,4,LIMA,LIMA,SANTA ANITA,ESSALUD,II-1,40,93,3,86,data\raw\Capacidad\ConsultaA_2025_v22.csv,18545
00005991,2025,1,LIMA,LIMA,CHORRILLOS,MINSA,I-4,10,44,0,21,data\raw\Capacidad\ConsultaA_2025_v22.csv,18879
00006215,2025,3,LIMA,LIMA,LIMA,MINSA,III-E,371,341,102,306,data\raw\Capacidad\ConsultaA_2025_v22.csv,19018
00009251,2025,1,LIMA,LIMA,LA VICTORIA,ESSALUD,III-2,116,1233,334,1261,data\raw\Capacidad\ConsultaA_2025_v22.csv,19263
00007734,2025,3,LIMA,LIMA,CHORRILLOS,MINSA,III-2,0,80,21,55,data\raw\Capacidad\ConsultaA_2025_v22.csv,19434
00005817,2025,1,LIMA,LIMA,PUENTE PIEDRA,MINSA,I-4,8,23,0,21,data\raw\Capacidad\ConsultaA_2025_v22.csv,19562
00006216,2025,3,LIMA,LIMA,BRE?A,MINSA,III-2,392,494,149,617,data\raw\Capacidad\ConsultaA_2025_v22.csv,19735
00005791,2025,2,LIMA,LIMA,INDEPENDENCIA,MINSA,I-4,15,44,0,39,data\raw\Capacidad\ConsultaA_2025_v22.csv,19826
00006164,2025,1,LIMA,LIMA,VILLA MARIA DEL TRIUNFO,MINSA,I-4,4,12,0,13,data\raw\Capacidad\ConsultaA_2025_v22.csv,19920
00005735,2025,1,LIMA,LIMA,CARABAYLLO,MINSA,I-4,8,30,0,42,data\raw\Capacidad\ConsultaA_2025_v22.csv,19991
00008353,2025,2,LIMA,LIMA,ATE,ESSALUD,II-1,66,110,16,109,data\raw\Capacidad\ConsultaA_2025_v22.csv,20187
00009188,2025,2,LIMA,LIMA,LIMA,ESSALUD,II-1,50,90,0,89,data\raw\Capacidad\ConsultaA_2025_v22.csv,20237
00017024,2025,1,LIMA,LIMA,JESUS MARIA,SANIDAD DEL EJERCITO DEL PERU,III-1,376,216,54,403,data\raw\Capacidad\ConsultaA_2025_v22.csv,20300
00008317,2025,3,LIMA,LIMA,SAN JUAN DE LURIGANCHO,ESSALUD,II-1,43,206,11,101,data\raw\Capacidad\ConsultaA_2025_v22.csv,20351
00010434,2025,2,LIMA,LIMA,SANTA ANITA,ESSALUD,II-E,190,50,6,107,data\raw\Capacidad\ConsultaA_2025_v22.csv,20456
00005814,2025,2,LIMA,LIMA,ANCON,MINSA,I-4,5,11,0,17,data\raw\Capacidad\ConsultaA_2025_v22.csv,20473
00016918,2025,1,LIMA,LIMA,SAN BORJA,MINSA,III-2,241,436,96,420,data\raw\Capacidad\ConsultaA_2025_v22.csv,20511
00008564,2025,1,LIMA,LIMA,SAN MIGUEL,ESSALUD,II-1,46,122,0,95,data\raw\Capacidad\ConsultaA_2025_v22.csv,20512
00005816,2025,1,LIMA,LIMA,PUENTE PIEDRA,MINSA,I-4,12,21,0,33,data\raw\Capacidad\ConsultaA_2025_v22.csv,20529
00005842,2025,2,LIMA,LIMA,RIMAC,MINSA,I-4,0,17,0,24,data\raw\Capacidad\ConsultaA_2025_v22.csv,20548
00005948,2025,1,LIMA,LIMA,SANTA ANITA,MINSA,III-E,209,93,38,100,data\raw\Capacidad\ConsultaA_2025_v22.csv,20589
00008502,2025,1,LIMA,LIMA,LIMA,ESSALUD,II-2,180,411,79,293,data\raw\Capacidad\ConsultaA_2025_v22.csv,20602
00006210,2025,2,LIMA,LIMA,SURQUILLO,MINSA,III-2,480,238,190,513,data\raw\Capacidad\ConsultaA_2025_v22.csv,20864
00008318,2025,2,LIMA,LIMA,SANTA ANITA,ESSALUD,II-1,40,93,3,86,data\raw\Capacidad\ConsultaA_2025_v22.csv,20943
00008489,2025,2,LIMA,LIMA,MIRAFLORES,ESSALUD,II-2,85,263,33,214,data\raw\Capacidad\ConsultaA_2025_v22.csv,21075
00009188,2025,1,LIMA,LIMA,LIMA,ESSALUD,II-1,50,90,0,85,data\raw\Capacidad\ConsultaA_2025_v22.csv,21092
00010434,2025,1,LIMA,LIMA,SANTA ANITA,ESSALUD,II-E,190,50,6,107,data\raw\Capacidad\ConsultaA_2025_v22.csv,21156
00027565,2025,2,LIMA,LIMA,COMAS,ESSALUD,II-1,108,216,12,198,data\raw\Capacidad\ConsultaA_2025_v22.csv,21204
00008741,2025,1,LIMA,LIMA,VILLA EL SALVADOR,ESSALUD,II-1,64,114,1,90,data\raw\Capacidad\ConsultaA_2025_v22.csv,21310
00008318,2025,3,LIMA,LIMA,SANTA ANITA,ESSALUD,II-1,40,93,3,86,data\raw\Capacidad\ConsultaA_2025_v22.csv,21455
00006206,2025,2,LIMA,LIMA,LIMA,MINSA,III-1,421,474,206,261,data\raw\Capacidad\ConsultaA_2025_v22.csv,21482
00016094,2025,3,LIMA,LIMA,RIMAC,SANIDAD DE LA POLICIA NACIONAL DEL PERU,II-1,76,32,0,57,data\raw\Capacidad\ConsultaA_2025_v22.csv,21518
00005742,2025,1,LIMA,LIMA,SAN MARTIN DE PORRES,MINSA,I-4,6,32,1,28,data\raw\Capacidad\ConsultaA_2025_v22.csv,21653
00006000,2025,1,LIMA,LIMA,CHORRILLOS,MINSA,I-4,16,19,0,20,data\raw\Capacidad\ConsultaA_2025_v22.csv,21712
00006000,2025,2,LIMA,LIMA,CHORRILLOS,MINSA,I-4,122,20,0,21,data\raw\Capacidad\ConsultaA_2025_v22.csv,22097
00005821,2025,2,LIMA,LIMA,PUENTE PIEDRA,MINSA,I-4,9,21,0,26,data\raw\Capacidad\ConsultaA_2025_v22.csv,22101
00009251,2025,2,LIMA,LIMA,LA VICTORIA,ESSALUD,III-2,1116,1231,334,1259,data\raw\Capacidad\ConsultaA_2025_v22.csv,22375
00013591,2025,2,LIMA,LIMA,JESUS MARIA,SANIDAD DE LA POLICIA NACIONAL DEL PERU,III-1,386,524,171,457,data\raw\Capacidad\ConsultaA_2025_v22.csv,22394
00014718,2025,3,LIMA,LIMA,SAN MIGUEL,SANIDAD DE LA POLICIA NACIONAL DEL PERU,II-E,23,27,0,37,data\raw\Capacidad\ConsultaA_2025_v22.csv,22406
00005842,2025,3,LIMA,LIMA,RIMAC,MINSA,I-4,0,16,0,24,data\raw\Capacidad\ConsultaA_2025_v22.csv,22411
00006212,2025,1,LIMA,LIMA,LA VICTORIA,MINSA,III-E,61,164,5,147,data\raw\Capacidad\ConsultaA_2025_v22.csv,22527
00010098,2025,2,LIMA,LIMA,CHORRILLOS,SANIDAD DEL EJERCITO DEL PERU,II-E,15,51,0,67,data\raw\Capacidad\ConsultaA_2025_v22.csv,22896
00006216,2025,2,LIMA,LIMA,BRE?A,MINSA,III-2,392,504,149,594,data\raw\Capacidad\ConsultaA_2025_v22.csv,22910
00018011,2025,1,LIMA,LIMA,JESUS MARIA,ESSALUD,III-E,120,190,40,280,data\raw\Capacidad\ConsultaA_2025_v22.csv,22984
00016918,2025,2,LIMA,LIMA,SAN BORJA,MINSA,III-2,241,430,99,458,data\raw\Capacidad\ConsultaA_2025_v22.csv,22990
00010135,2025,1,LIMA,LIMA,LA MOLINA,ESSALUD,II-2,55,144,9,126,data\raw\Capacidad\ConsultaA_2025_v22.csv,23106
00005791,2025,1,LIMA,LIMA,INDEPENDENCIA,MINSA,I-4,15,44,0,39,data\raw\Capacidad\ConsultaA_2025_v22.csv,23258
00006215,2025,2,LIMA,LIMA,LIMA,MINSA,III-E,192,334,103,285,data\raw\Capacidad\ConsultaA_2025_v22.csv,23293
00006215,2025,1,LIMA,LIMA,LIMA,MINSA,III-E,189,333,103,292,data\raw\Capacidad\ConsultaA_2025_v22.csv,23336
00009251,2025,3,LIMA,LIMA,LA VICTORIA,ESSALUD,III-2,1120,1228,333,1255,data\raw\Capacidad\ConsultaA_2025_v22.csv,23568
00005772,2025,3,LIMA,LIMA,COMAS,MINSA,I-4,8,31,0,31,data\raw\Capacidad\ConsultaA_2025_v22.csv,23597
00005772,2025,1,LIMA,LIMA,COMAS,MINSA,I-4,8,27,0,33,data\raw\Capacidad\ConsultaA_2025_v22.csv,23691
00005842,2025,1,LIMA,LIMA,RIMAC,MINSA,I-4,0,16,0,22,data\raw\Capacidad\ConsultaA_2025_v22.csv,23813
00027565,2025,1,LIMA,LIMA,COMAS,ESSALUD,II-1,108,218,12,199,data\raw\Capacidad\ConsultaA_2025_v22.csv,23844
00014718,2025,2,LIMA,LIMA,SAN MIGUEL,SANIDAD DE LA POLICIA NACIONAL DEL PERU,II-E,23,27,0,35,data\raw\Capacidad\ConsultaA_2025_v22.csv,23896
00006084,2025,1,LIMA,LIMA,PUCUSANA,MINSA,I-4,6,9,0,6,data\raw\Capacidad\ConsultaA_2025_v22.csv,23930
00016094,2025,4,LIMA,LIMA,RIMAC,SANIDAD DE LA POLICIA NACIONAL DEL PERU,II-1,73,34,0,63,data\raw\Capacidad\ConsultaA_2025_v22.csv,24088
00007632,2025,6,LIMA,LIMA,PUENTE PIEDRA,MINSA,II-2,109,140,55,218,data\raw\Capacidad\ConsultaA_2025_v22.csv,24220
00005991,2025,5,LIMA,LIMA,CHORRILLOS,MINSA,I-4,10,30,0,19,data\raw\Capacidad\ConsultaA_2025_v22.csv,24443
00006164,2025,6,LIMA,LIMA,VILLA MARIA DEL TRIUNFO,MINSA,I-4,14,10,0,14,data\raw\Capacidad\ConsultaA_2025_v22.csv,24474
00005816,2025,6,LIMA,LIMA,PUENTE PIEDRA,MINSA,I-4,12,22,0,31,data\raw\Capacidad\ConsultaA_2025_v22.csv,24499
00006208,2025,5,LIMA,LIMA,LIMA,MINSA,III-2,331,335,82,505,data\raw\Capacidad\ConsultaA_2025_v22.csv,24582
00008720,2025,5,LIMA,LIMA,JESUS MARIA,ESSALUD,III-2,1535,1583,459,1915,data\raw\Capacidad\ConsultaA_2025_v22.csv,24594
00008709,2025,5,LIMA,LIMA,SANTIAGO DE SURCO,SANIDAD DE LA FUERZA AEREA DEL PERU,I-4,39,19,0,20,data\raw\Capacidad\ConsultaA_2025_v22.csv,24597
00005617,2025,6,LIMA,LIMA,SAN JUAN DE LURIGANCHO,MINSA,II-2,109,224,23,309,data\raw\Capacidad\ConsultaA_2025_v22.csv,24818
00006213,2025,2,LIMA,LIMA,MIRAFLORES,MINSA,III-E,71,232,39,199,data\raw\Capacidad\ConsultaA_2025_v22.csv,24993
00006214,2025,2,LIMA,LIMA,MAGDALENA DEL MAR,MINSA,III-E,590,74,27,114,data\raw\Capacidad\ConsultaA_2025_v22.csv,24994
00005799,2025,4,LIMA,LIMA,LOS OLIVOS,MINSA,I-4,3,36,1,34,data\raw\Capacidad\ConsultaA_2025_v22.csv,25115
00008317,2025,5,LIMA,LIMA,SAN JUAN DE LURIGANCHO,ESSALUD,II-1,43,205,11,101,data\raw\Capacidad\ConsultaA_2025_v22.csv,25116
00005799,2025,3,LIMA,LIMA,LOS OLIVOS,MINSA,I-4,3,36,1,34,data\raw\Capacidad\ConsultaA_2025_v22.csv,25199
00005883,2025,2,LIMA,LIMA,ATE,MINSA,II-1,50,109,0,94,data\raw\Capacidad\ConsultaA_2025_v22.csv,25289
00010434,2025,5,LIMA,LIMA,SANTA ANITA,ESSALUD,II-E,190,47,6,108,data\raw\Capacidad\ConsultaA_2025_v22.csv,25365
00005799,2025,1,LIMA,LIMA,LOS OLIVOS,MINSA,I-4,3,37,1,33,data\raw\Capacidad\ConsultaA_2025_v22.csv,25450
00016094,2025,6,LIMA,LIMA,RIMAC,SANIDAD DE LA POLICIA NACIONAL DEL PERU,II-1,73,36,0,64,data\raw\Capacidad\ConsultaA_2025_v22.csv,25458
00005755,2025,6,LIMA,LIMA,COMAS,MINSA,I-4,0,21,0,30,data\raw\Capacidad\ConsultaA_2025_v22.csv,25532
00005817,2025,2,LIMA,LIMA,PUENTE PIEDRA,MINSA,I-4,8,20,0,24,data\raw\Capacidad\ConsultaA_2025_v22.csv,25702
00005842,2025,6,LIMA,LIMA,RIMAC,MINSA,I-4,0,16,0,24,data\raw\Capacidad\ConsultaA_2025_v22.csv,25794
00005791,2025,6,LIMA,LIMA,INDEPENDENCIA,MINSA,I-4,15,46,0,39,data\raw\Capacidad\ConsultaA_2025_v22.csv,25796
00006079,2025,5,LIMA,LIMA,LURIN,MINSA,I-4,0,19,0,13,data\raw\Capacidad\ConsultaA_2025_v22.csv,25946
00005799,2025,2,LIMA,LIMA,LOS OLIVOS,MINSA,I-4,3,35,1,34,data\raw\Capacidad\ConsultaA_2025_v22.csv,26256
00005799,2025,5,LIMA,LIMA,LOS OLIVOS,MINSA,I-4,3,37,2,34,data\raw\Capacidad\ConsultaA_2025_v22.csv,26270
00010098,2025,5,LIMA,LIMA,CHORRILLOS,SANIDAD DEL EJERCITO DEL PERU,II-E,15,52,0,70,data\raw\Capacidad\ConsultaA_2025_v22.csv,26289
00006208,2025,6,LIMA,LIMA,LIMA,MINSA,III-2,331,335,82,505,data\raw\Capacidad\ConsultaA_2025_v22.csv,26527
00005772,2025,4,LIMA,LIMA,COMAS,MINSA,I-4,8,30,0,31,data\raw\Capacidad\ConsultaA_2025_v22.csv,26739
00006084,2025,5,LIMA,LIMA,PUCUSANA,MINSA,I-4,4,9,0,5,data\raw\Capacidad\ConsultaA_2025_v22.csv,26796
00008489,2025,5,LIMA,LIMA,MIRAFLORES,ESSALUD,II-2,85,257,31,215,data\raw\Capacidad\ConsultaA_2025_v22.csv,26823
00006212,2025,4,LIMA,LIMA,LA VICTORIA,MINSA,III-E,59,162,9,148,data\raw\Capacidad\ConsultaA_2025_v22.csv,26922
00005947,2025,6,LIMA,LIMA,LURIGANCHO,MINSA,II-2,63,156,13,136,data\raw\Capacidad\ConsultaA_2025_v22.csv,26938
00013591,2025,5,LIMA,LIMA,JESUS MARIA,SANIDAD DE LA POLICIA NACIONAL DEL PERU,III-1,373,515,170,441,data\raw\Capacidad\ConsultaA_2025_v22.csv,27072
00006206,2025,4,LIMA,LIMA,LIMA,MINSA,III-1,471,475,209,257,data\raw\Capacidad\ConsultaA_2025_v22.csv,27207
00006209,2025,5,LIMA,LIMA,LIMA,MINSA,III-2,130,93,40,130,data\raw\Capacidad\ConsultaA_2025_v22.csv,27208
00018011,2025,6,LIMA,LIMA,JESUS MARIA,ESSALUD,III-E,118,232,40,279,data\raw\Capacidad\ConsultaA_2025_v22.csv,27246
00006213,2025,6,LIMA,LIMA,MIRAFLORES,MINSA,III-E,71,232,40,215,data\raw\Capacidad\ConsultaA_2025_v22.csv,27247
00005735,2025,6,LIMA,LIMA,CARABAYLLO,MINSA,I-4,8,30,0,42,data\raw\Capacidad\ConsultaA_2025_v22.csv,27270
00005821,2025,6,LIMA,LIMA,PUENTE PIEDRA,MINSA,I-4,9,21,0,27,data\raw\Capacidad\ConsultaA_2025_v22.csv,27555
00008489,2025,6,LIMA,LIMA,MIRAFLORES,ESSALUD,II-2,85,256,39,215,data\raw\Capacidad\ConsultaA_2025_v22.csv,27682
00010751,2025,5,LIMA,LIMA,MIRAFLORES,SANIDAD DE LA FUERZA AEREA DEL PERU,III-1,242,223,25,251,data\raw\Capacidad\ConsultaA_2025_v22.csv,27719
00005772,2025,5,LIMA,LIMA,COMAS,MINSA,I-4,8,30,0,32,data\raw\Capacidad\ConsultaA_2025_v22.csv,27735
00008741,2025,6,LIMA,LIMA,VILLA EL SALVADOR,ESSALUD,II-1,64,114,1,92,data\raw\Capacidad\ConsultaA_2025_v22.csv,27768
00008317,2025,6,LIMA,LIMA,SAN JUAN DE LURIGANCHO,ESSALUD,II-1,43,198,11,100,data\raw\Capacidad\ConsultaA_2025_v22.csv,27918
00005948,2025,5,LIMA,LIMA,SANTA ANITA,MINSA,III-E,208,92,39,100,data\raw\Capacidad\ConsultaA_2025_v22.csv,28141
00006206,2025,5,LIMA,LIMA,LIMA,MINSA,III-1,470,479,195,258,data\raw\Capacidad\ConsultaA_2025_v22.csv,28156
00010135,2025,5,LIMA,LIMA,LA MOLINA,ESSALUD,II-2,52,195,10,130,data\raw\Capacidad\ConsultaA_2025_v22.csv,28288
00017024,2025,5,LIMA,LIMA,JESUS MARIA,SANIDAD DEL EJERCITO DEL PERU,III-1,376,226,54,383,data\raw\Capacidad\ConsultaA_2025_v22.csv,28323
00005742,2025,2,LIMA,LIMA,SAN MARTIN DE PORRES,MINSA,I-4,6,34,2,28,data\raw\Capacidad\ConsultaA_2025_v22.csv,28366
00007734,2025,2,LIMA,LIMA,CHORRILLOS,MINSA,III-2,0,80,19,59,data\raw\Capacidad\ConsultaA_2025_v22.csv,28375
00005948,2025,4,LIMA,LIMA,SANTA ANITA,MINSA,III-E,209,88,35,101,data\raw\Capacidad\ConsultaA_2025_v22.csv,28406
00005735,2025,5,LIMA,LIMA,CARABAYLLO,MINSA,I-4,8,30,0,42,data\raw\Capacidad\ConsultaA_2025_v22.csv,28452
00008353,2025,5,LIMA,LIMA,ATE,ESSALUD,II-1,66,110,16,109,data\raw\Capacidad\ConsultaA_2025_v22.csv,28549
00008502,2025,5,LIMA,LIMA,LIMA,ESSALUD,II-2,180,430,79,302,data\raw\Capacidad\ConsultaA_2025_v22.csv,28574
00005991,2025,6,LIMA,LIMA,CHORRILLOS,MINSA,I-4,10,30,0,18,data\raw\Capacidad\ConsultaA_2025_v22.csv,28590
00005821,2025,5,LIMA,LIMA,PUENTE PIEDRA,MINSA,I-4,0,20,0,24,data\raw\Capacidad\ConsultaA_2025_v22.csv,28683
00006213,2025,5,LIMA,LIMA,MIRAFLORES,MINSA,III-E,71,232,40,215,data\raw\Capacidad\ConsultaA_2025_v22.csv,28715
00013914,2025,5,LIMA,LIMA,RIMAC,SANIDAD DEL EJERCITO DEL PERU,I-4,4,8,0,16,data\raw\Capacidad\ConsultaA_2025_v22.csv,28759
00013914,2025,6,LIMA,LIMA,RIMAC,SANIDAD DEL EJERCITO DEL PERU,I-4,4,8,0,16,data\raw\Capacidad\ConsultaA_2025_v22.csv,28779
00005617,2025,5,LIMA,LIMA,SAN JUAN DE LURIGANCHO,MINSA,II-2,109,224,23,309,data\raw\Capacidad\ConsultaA_2025_v22.csv,29145
00017024,2025,6,LIMA,LIMA,JESUS MARIA,SANIDAD DEL EJERCITO DEL PERU,III-1,376,226,54,383,data\raw\Capacidad\ConsultaA_2025_v22.csv,29188
00006210,2025,6,LIMA,LIMA,SURQUILLO,MINSA,III-2,396,384,139,510,data\raw\Capacidad\ConsultaA_2025_v22.csv,29190
00010434,2025,6,LIMA,LIMA,SANTA ANITA,ESSALUD,II-E,190,51,4,108,data\raw\Capacidad\ConsultaA_2025_v22.csv,29462
00006215,2025,5,LIMA,LIMA,LIMA,MINSA,III-E,197,343,105,306,data\raw\Capacidad\ConsultaA_2025_v22.csv,29578
00010434,2025,7,LIMA,LIMA,SANTA ANITA,ESSALUD,II-E,190,48,1,109,data\raw\Capacidad\ConsultaA_2025_v22.csv,29681
00008317,2025,7,LIMA,LIMA,SAN JUAN DE LURIGANCHO,ESSALUD,II-1,43,190,8,100,data\raw\Capacidad\ConsultaA_2025_v22.csv,29731
00010434,2025,8,LIMA,LIMA,SANTA ANITA,ESSALUD,II-E,190,49,8,110,data\raw\Capacidad\ConsultaA_2025_v22.csv,29744
00012923,2025,1,LIMA,LIMA,PUENTE PIEDRA,SANIDAD DE LA POLICIA NACIONAL DEL PERU,I-2,0,0,0,0,data\raw\Capacidad\ConsultaA_2025_v22.csv,29806
00007734,2025,7,LIMA,LIMA,CHORRILLOS,MINSA,III-2,0,81,7,63,data\raw\Capacidad\ConsultaA_2025_v22.csv,30011
00016094,2025,8,LIMA,LIMA,RIMAC,SANIDAD DE LA POLICIA NACIONAL DEL PERU,II-1,84,30,0,63,data\raw\Capacidad\ConsultaA_2025_v22.csv,30062
00005991,2025,8,LIMA,LIMA,CHORRILLOS,MINSA,I-4,10,30,0,18,data\raw\Capacidad\ConsultaA_2025_v22.csv,30065
00006216,2025,6,LIMA,LIMA,BRE?A,MINSA,III-2,392,420,112,622,data\raw\Capacidad\ConsultaA_2025_v22.csv,30177
00005814,2025,6,LIMA,LIMA,ANCON,MINSA,I-4,5,11,0,17,data\raw\Capacidad\ConsultaA_2025_v22.csv,30204
00005947,2025,7,LIMA,LIMA,LURIGANCHO,MINSA,II-2,63,151,9,134,data\raw\Capacidad\ConsultaA_2025_v22.csv,30280
00006215,2025,7,LIMA,LIMA,LIMA,MINSA,III-E,189,329,98,302,data\raw\Capacidad\ConsultaA_2025_v22.csv,30411
00008318,2025,8,LIMA,LIMA,SANTA ANITA,ESSALUD,II-1,40,105,5,88,data\raw\Capacidad\ConsultaA_2025_v22.csv,30427
00005883,2025,1,LIMA,LIMA,ATE,MINSA,II-1,50,117,0,94,data\raw\Capacidad\ConsultaA_2025_v22.csv,30513
00006209,2025,1,LIMA,LIMA,LIMA,MINSA,III-2,130,94,42,135,data\raw\Capacidad\ConsultaA_2025_v22.csv,30520
00006206,2025,1,LIMA,LIMA,LIMA,MINSA,III-1,476,473,209,243,data\raw\Capacidad\ConsultaA_2025_v22.csv,30521
00006214,2025,7,LIMA,LIMA,MAGDALENA DEL MAR,MINSA,III-E,590,85,27,120,data\raw\Capacidad\ConsultaA_2025_v22.csv,30598
00006206,2025,6,LIMA,LIMA,LIMA,MINSA,III-1,476,473,200,258,data\raw\Capacidad\ConsultaA_2025_v22.csv,30661
00009188,2025,5,LIMA,LIMA,LIMA,ESSALUD,II-1,60,90,0,87,data\raw\Capacidad\ConsultaA_2025_v22.csv,30932
00005987,2025,6,LIMA,LIMA,SAN JUAN DE MIRAFLORES,MINSA,III-1,378,487,231,532,data\raw\Capacidad\ConsultaA_2025_v22.csv,31007
00005947,2025,1,LIMA,LIMA,LURIGANCHO,MINSA,II-2,63,160,14,139,data\raw\Capacidad\ConsultaA_2025_v22.csv,31109
00007734,2025,1,LIMA,LIMA,CHORRILLOS,MINSA,III-2,0,87,19,62,data\raw\Capacidad\ConsultaA_2025_v22.csv,31111
00005947,2025,2,LIMA,LIMA,LURIGANCHO,MINSA,II-2,63,160,14,138,data\raw\Capacidad\ConsultaA_2025_v22.csv,31135
00005816,2025,2,LIMA,LIMA,PUENTE PIEDRA,MINSA,I-4,12,22,0,33,data\raw\Capacidad\ConsultaA_2025_v22.csv,31148
00023159,2025,7,LIMA,LIMA,VILLA EL SALVADOR,MINSA,III-1,260,481,0,469,data\raw\Capacidad\ConsultaA_2025_v22.csv,31304
00009251,2025,8,LIMA,LIMA,LA VICTORIA,ESSALUD,III-2,1023,1130,233,1244,data\raw\Capacidad\ConsultaA_2025_v22.csv,31458
00008741,2025,8,LIMA,LIMA,VILLA EL SALVADOR,ESSALUD,II-1,64,114,1,92,data\raw\Capacidad\ConsultaA_2025_v22.csv,31460
00009251,2025,6,LIMA,LIMA,LA VICTORIA,ESSALUD,III-2,1020,1223,333,1247,data\raw\Capacidad\ConsultaA_2025_v22.csv,31486
00006214,2025,6,LIMA,LIMA,MAGDALENA DEL MAR,MINSA,III-E,590,87,27,115,data\raw\Capacidad\ConsultaA_2025_v22.csv,31488
00009251,2025,7,LIMA,LIMA,LA VICTORIA,ESSALUD,III-2,1022,1123,233,1243,data\raw\Capacidad\ConsultaA_2025_v22.csv,31617
00010751,2025,7,LIMA,LIMA,MIRAFLORES,SANIDAD DE LA FUERZA AEREA DEL PERU,III-1,256,223,25,251,data\raw\Capacidad\ConsultaA_2025_v22.csv,31620
00006210,2025,5,LIMA,LIMA,SURQUILLO,MINSA,III-2,474,246,189,516,data\raw\Capacidad\ConsultaA_2025_v22.csv,31671
00005755,2025,7,LIMA,LIMA,COMAS,MINSA,I-4,0,23,0,35,data\raw\Capacidad\ConsultaA_2025_v22.csv,31679
00005772,2025,8,LIMA,LIMA,COMAS,MINSA,I-4,8,30,0,27,data\raw\Capacidad\ConsultaA_2025_v22.csv,31750
00008502,2025,7,LIMA,LIMA,LIMA,ESSALUD,II-2,180,415,79,290,data\raw\Capacidad\ConsultaA_2025_v22.csv,31773
00017024,2025,8,LIMA,LIMA,JESUS MARIA,SANIDAD DEL EJERCITO DEL PERU,III-1,376,226,54,383,data\raw\Capacidad\ConsultaA_2025_v22.csv,31779
00013914,2025,8,LIMA,LIMA,RIMAC,SANIDAD DEL EJERCITO DEL PERU,I-4,4,8,0,16,data\raw\Capacidad\ConsultaA_2025_v22.csv,31797
00007734,2025,8,LIMA,LIMA,CHORRILLOS,MINSA,III-2,0,79,15,63,data\raw\Capacidad\ConsultaA_2025_v22.csv,31807
00006164,2025,8,LIMA,LIMA,VILLA MARIA DEL TRIUNFO,MINSA,I-4,14,10,0,13,data\raw\Capacidad\ConsultaA_2025_v22.csv,31813
00005617,2025,4,LIMA,LIMA,SAN JUAN DE LURIGANCHO,MINSA,II-2,109,224,23,309,data\raw\Capacidad\ConsultaA_2025_v22.csv,31880
00006000,2025,6,LIMA,LIMA,CHORRILLOS,MINSA,I-4,16,20,0,21,data\raw\Capacidad\ConsultaA_2025_v22.csv,31897
00017024,2025,7,LIMA,LIMA,JESUS MARIA,SANIDAD DEL EJERCITO DEL PERU,III-1,376,226,54,383,data\raw\Capacidad\ConsultaA_2025_v22.csv,31942
00006164,2025,7,LIMA,LIMA,VILLA MARIA DEL TRIUNFO,MINSA,I-4,14,12,0,14,data\raw\Capacidad\ConsultaA_2025_v22.csv,31950
00007632,2025,7,LIMA,LIMA,PUENTE PIEDRA,MINSA,II-2,109,141,55,217,data\raw\Capacidad\ConsultaA_2025_v22.csv,31970
00005742,2025,7,LIMA,LIMA,SAN MARTIN DE PORRES,MINSA,I-4,6,28,1,28,data\raw\Capacidad\ConsultaA_2025_v22.csv,32032
00005772,2025,7,LIMA,LIMA,COMAS,MINSA,I-4,8,32,0,32,data\raw\Capacidad\ConsultaA_2025_v22.csv,32357
00006124,2025,7,LIMA,LIMA,VILLA EL SALVADOR,MINSA,I-4,9,22,4,29,data\raw\Capacidad\ConsultaA_2025_v22.csv,32438
00012923,2025,8,LIMA,LIMA,PUENTE PIEDRA,SANIDAD DE LA POLICIA NACIONAL DEL PERU,I-2,0,8,0,7,data\raw\Capacidad\ConsultaA_2025_v22.csv,32695
00006208,2025,1,LIMA,LIMA,LIMA,MINSA,III-2,331,335,82,505,data\raw\Capacidad\ConsultaA_2025_v22.csv,32814
00012923,2025,2,LIMA,LIMA,PUENTE PIEDRA,SANIDAD DE LA POLICIA NACIONAL DEL PERU,I-2,0,5,0,8,data\raw\Capacidad\ConsultaA_2025_v22.csv,32858
00005755,2025,2,LIMA,LIMA,COMAS,MINSA,I-4,0,25,0,24,data\raw\Capacidad\ConsultaA_2025_v22.csv,32865
00006215,2025,4,LIMA,LIMA,LIMA,MINSA,III-E,195,337,99,289,data\raw\Capacidad\ConsultaA_2025_v22.csv,32897
00006212,2025,6,LIMA,LIMA,LA VICTORIA,MINSA,III-E,60,165,10,148,data\raw\Capacidad\ConsultaA_2025_v22.csv,32990
00005814,2025,5,LIMA,LIMA,ANCON,MINSA,I-4,5,11,0,17,data\raw\Capacidad\ConsultaA_2025_v22.csv,32992
00006084,2025,8,LIMA,LIMA,PUCUSANA,MINSA,I-4,4,8,0,5,data\raw\Capacidad\ConsultaA_2025_v22.csv,33129
00013591,2025,8,LIMA,LIMA,JESUS MARIA,SANIDAD DE LA POLICIA NACIONAL DEL PERU,III-1,342,512,160,387,data\raw\Capacidad\ConsultaA_2025_v22.csv,33169
00023159,2025,8,LIMA,LIMA,VILLA EL SALVADOR,MINSA,III-1,260,503,0,469,data\raw\Capacidad\ConsultaA_2025_v22.csv,33171
00006210,2025,8,LIMA,LIMA,SURQUILLO,MINSA,III-2,396,463,215,516,data\raw\Capacidad\ConsultaA_2025_v22.csv,33178
00010135,2025,7,LIMA,LIMA,LA MOLINA,ESSALUD,II-2,55,131,5,84,data\raw\Capacidad\ConsultaA_2025_v22.csv,33290
00005735,2025,7,LIMA,LIMA,CARABAYLLO,MINSA,I-4,8,30,0,42,data\raw\Capacidad\ConsultaA_2025_v22.csv,33299
00013591,2025,7,LIMA,LIMA,JESUS MARIA,SANIDAD DE LA POLICIA NACIONAL DEL PERU,III-1,360,503,155,372,data\raw\Capacidad\ConsultaA_2025_v22.csv,33311
00027565,2025,7,LIMA,LIMA,COMAS,ESSALUD,II-1,108,223,12,202,data\raw\Capacidad\ConsultaA_2025_v22.csv,33313
00006212,2025,5,LIMA,LIMA,LA VICTORIA,MINSA,III-E,60,162,9,148,data\raw\Capacidad\ConsultaA_2025_v22.csv,33375
00005821,2025,7,LIMA,LIMA,PUENTE PIEDRA,MINSA,I-4,9,22,0,27,data\raw\Capacidad\ConsultaA_2025_v22.csv,33454
00008502,2025,2,LIMA,LIMA,LIMA,ESSALUD,II-2,180,430,79,284,data\raw\Capacidad\ConsultaA_2025_v22.csv,33568
00006084,2025,7,LIMA,LIMA,PUCUSANA,MINSA,I-4,4,8,0,5,data\raw\Capacidad\ConsultaA_2025_v22.csv,33751
00006211,2025,7,LIMA,LIMA,PUEBLO LIBRE,MINSA,III-1,144,296,65,291,data\raw\Capacidad\ConsultaA_2025_v22.csv,33838
00006088,2025,7,LIMA,LIMA,SAN BARTOLO,MINSA,I-3,3,8,0,10,data\raw\Capacidad\ConsultaA_2025_v22.csv,33865
00006124,2025,8,LIMA,LIMA,VILLA EL SALVADOR,MINSA,I-4,9,22,4,29,data\raw\Capacidad\ConsultaA_2025_v22.csv,33869
00005617,2025,2,LIMA,LIMA,SAN JUAN DE LURIGANCHO,MINSA,II-2,109,223,23,313,data\raw\Capacidad\ConsultaA_2025_v22.csv,33938
00013914,2025,2,LIMA,LIMA,RIMAC,SANIDAD DEL EJERCITO DEL PERU,I-4,4,8,0,16,data\raw\Capacidad\ConsultaA_2025_v22.csv,33951
00005821,2025,3,LIMA,LIMA,PUENTE PIEDRA,MINSA,I-4,9,21,0,26,data\raw\Capacidad\ConsultaA_2025_v22.csv,33971
00006079,2025,7,LIMA,LIMA,LURIN,MINSA,I-4,0,19,0,14,data\raw\Capacidad\ConsultaA_2025_v22.csv,34236
00007734,2025,5,LIMA,LIMA,CHORRILLOS,MINSA,III-2,0,80,19,61,data\raw\Capacidad\ConsultaA_2025_v22.csv,34381
00005883,2025,6,LIMA,LIMA,ATE,MINSA,II-1,50,108,0,98,data\raw\Capacidad\ConsultaA_2025_v22.csv,34403
00005817,2025,7,LIMA,LIMA,PUENTE PIEDRA,MINSA,I-4,6,20,0,25,data\raw\Capacidad\ConsultaA_2025_v22.csv,34445
00008720,2025,7,LIMA,LIMA,JESUS MARIA,ESSALUD,III-2,1535,1576,459,1911,data\raw\Capacidad\ConsultaA_2025_v22.csv,34474
00013914,2025,7,LIMA,LIMA,RIMAC,SANIDAD DEL EJERCITO DEL PERU,I-4,4,8,0,16,data\raw\Capacidad\ConsultaA_2025_v22.csv,34486
00005987,2025,2,LIMA,LIMA,SAN JUAN DE MIRAFLORES,MINSA,III-1,390,348,128,532,data\raw\Capacidad\ConsultaA_2025_v22.csv,34513
00005987,2025,3,LIMA,LIMA,SAN JUAN DE MIRAFLORES,MINSA,III-1,390,474,135,532,data\raw\Capacidad\ConsultaA_2025_v22.csv,34514
00008720,2025,1,LIMA,LIMA,JESUS MARIA,ESSALUD,III-2,1534,1607,413,1896,data\raw\Capacidad\ConsultaA_2025_v22.csv,34571
00010098,2025,1,LIMA,LIMA,CHORRILLOS,SANIDAD DEL EJERCITO DEL PERU,II-E,15,51,0,68,data\raw\Capacidad\ConsultaA_2025_v22.csv,34575
00005799,2025,7,LIMA,LIMA,LOS OLIVOS,MINSA,I-4,3,37,2,34,data\raw\Capacidad\ConsultaA_2025_v22.csv,34800
00013914,2025,9,LIMA,LIMA,RIMAC,SANIDAD DEL EJERCITO DEL PERU,I-4,4,8,0,16,data\raw\Capacidad\ConsultaA_2025_v22.csv,34999
00008741,2025,3,LIMA,LIMA,VILLA EL SALVADOR,ESSALUD,II-1,64,114,1,102,data\raw\Capacidad\ConsultaA_2025_v22.csv,35108
00006213,2025,3,LIMA,LIMA,MIRAFLORES,MINSA,III-E,71,232,39,199,data\raw\Capacidad\ConsultaA_2025_v22.csv,35165
00023159,2025,9,LIMA,LIMA,VILLA EL SALVADOR,MINSA,III-1,260,479,7,440,data\raw\Capacidad\ConsultaA_2025_v22.csv,35573
00010098,2025,9,LIMA,LIMA,CHORRILLOS,SANIDAD DEL EJERCITO DEL PERU,II-E,15,52,0,71,data\raw\Capacidad\ConsultaA_2025_v22.csv,35580
00006208,2025,9,LIMA,LIMA,LIMA,MINSA,III-2,336,282,121,478,data\raw\Capacidad\ConsultaA_2025_v22.csv,35818
00006124,2025,1,LIMA,LIMA,VILLA EL SALVADOR,MINSA,I-4,9,22,3,26,data\raw\Capacidad\ConsultaA_2025_v22.csv,35947
00006124,2025,2,LIMA,LIMA,VILLA EL SALVADOR,MINSA,I-4,9,18,4,26,data\raw\Capacidad\ConsultaA_2025_v22.csv,35948
00006124,2025,3,LIMA,LIMA,VILLA EL SALVADOR,MINSA,I-4,9,19,4,26,data\raw\Capacidad\ConsultaA_2025_v22.csv,35949
00006124,2025,4,LIMA,LIMA,VILLA EL SALVADOR,MINSA,I-4,9,19,4,26,data\raw\Capacidad\ConsultaA_2025_v22.csv,35950
00006124,2025,5,LIMA,LIMA,VILLA EL SALVADOR,MINSA,I-4,9,19,4,28,data\raw\Capacidad\ConsultaA_2025_v22.csv,35951
00006124,2025,6,LIMA,LIMA,VILLA EL SALVADOR,MINSA,I-4,9,20,4,29,data\raw\Capacidad\ConsultaA_2025_v22.csv,35952
00013914,2025,1,LIMA,LIMA,RIMAC,SANIDAD DEL EJERCITO DEL PERU,I-4,4,8,0,16,data\raw\Capacidad\ConsultaA_2025_v22.csv,35973
00005816,2025,7,LIMA,LIMA,PUENTE PIEDRA,MINSA,I-4,12,22,0,31,data\raw\Capacidad\ConsultaA_2025_v22.csv,36031
00023159,2025,1,LIMA,LIMA,VILLA EL SALVADOR,MINSA,III-1,260,497,22,486,data\raw\Capacidad\ConsultaA_2025_v22.csv,36092
00007632,2025,9,LIMA,LIMA,PUENTE PIEDRA,MINSA,II-2,109,124,51,215,data\raw\Capacidad\ConsultaA_2025_v22.csv,36096
00008709,2025,6,LIMA,LIMA,SANTIAGO DE SURCO,SANIDAD DE LA FUERZA AEREA DEL PERU,I-4,32,17,0,17,data\raw\Capacidad\ConsultaA_2025_v22.csv,36281
00008720,2025,9,LIMA,LIMA,JESUS MARIA,ESSALUD,III-2,1525,1604,459,1899,data\raw\Capacidad\ConsultaA_2025_v22.csv,36477
00006206,2025,9,LIMA,LIMA,LIMA,MINSA,III-1,445,485,191,263,data\raw\Capacidad\ConsultaA_2025_v22.csv,36481
00007632,2025,4,LIMA,LIMA,PUENTE PIEDRA,MINSA,II-2,111,136,55,217,data\raw\Capacidad\ConsultaA_2025_v22.csv,36630
00023159,2025,2,LIMA,LIMA,VILLA EL SALVADOR,MINSA,III-1,260,511,19,488,data\raw\Capacidad\ConsultaA_2025_v22.csv,36644
00023159,2025,3,LIMA,LIMA,VILLA EL SALVADOR,MINSA,III-1,260,514,29,486,data\raw\Capacidad\ConsultaA_2025_v22.csv,36645
00005742,2025,8,LIMA,LIMA,SAN MARTIN DE PORRES,MINSA,I-4,6,28,0,31,data\raw\Capacidad\ConsultaA_2025_v22.csv,36661
00005617,2025,8,LIMA,LIMA,SAN JUAN DE LURIGANCHO,MINSA,II-2,122,269,23,316,data\raw\Capacidad\ConsultaA_2025_v22.csv,36683
00005816,2025,8,LIMA,LIMA,PUENTE PIEDRA,MINSA,I-4,12,22,0,31,data\raw\Capacidad\ConsultaA_2025_v22.csv,36700
00005821,2025,8,LIMA,LIMA,PUENTE PIEDRA,MINSA,I-4,9,20,0,24,data\raw\Capacidad\ConsultaA_2025_v22.csv,37027
00007632,2025,5,LIMA,LIMA,PUENTE PIEDRA,MINSA,II-2,111,138,55,217,data\raw\Capacidad\ConsultaA_2025_v22.csv,37064
00006164,2025,9,LIMA,LIMA,VILLA MARIA DEL TRIUNFO,MINSA,I-4,14,11,0,12,data\raw\Capacidad\ConsultaA_2025_v22.csv,37121
00006209,2025,9,LIMA,LIMA,LIMA,MINSA,III-2,131,100,40,135,data\raw\Capacidad\ConsultaA_2025_v22.csv,37138
00017024,2025,3,LIMA,LIMA,JESUS MARIA,SANIDAD DEL EJERCITO DEL PERU,III-1,376,216,54,403,data\raw\Capacidad\ConsultaA_2025_v22.csv,37158
00006079,2025,8,LIMA,LIMA,LURIN,MINSA,I-4,0,19,0,14,data\raw\Capacidad\ConsultaA_2025_v22.csv,37317
00005842,2025,5,LIMA,LIMA,RIMAC,MINSA,I-4,0,16,0,24,data\raw\Capacidad\ConsultaA_2025_v22.csv,37532
00006215,2025,9,LIMA,LIMA,LIMA,MINSA,III-E,186,335,108,292,data\raw\Capacidad\ConsultaA_2025_v22.csv,37678
00010751,2025,9,LIMA,LIMA,MIRAFLORES,SANIDAD DE LA FUERZA AEREA DEL PERU,III-1,256,223,20,227,data\raw\Capacidad\ConsultaA_2025_v22.csv,37715
00010098,2025,7,LIMA,LIMA,CHORRILLOS,SANIDAD DEL EJERCITO DEL PERU,II-E,15,54,0,71,data\raw\Capacidad\ConsultaA_2025_v22.csv,38016
00006151,2025,8,LIMA,LIMA,VILLA MARIA DEL TRIUNFO,MINSA,I-4,3,16,0,11,data\raw\Capacidad\ConsultaA_2025_v22.csv,38091
00005987,2025,8,LIMA,LIMA,SAN JUAN DE MIRAFLORES,MINSA,III-1,409,483,231,532,data\raw\Capacidad\ConsultaA_2025_v22.csv,38230
00008353,2025,1,LIMA,LIMA,ATE,ESSALUD,II-1,66,111,14,109,data\raw\Capacidad\ConsultaA_2025_v22.csv,38481
00008317,2025,9,LIMA,LIMA,SAN JUAN DE LURIGANCHO,ESSALUD,II-1,43,194,11,103,data\raw\Capacidad\ConsultaA_2025_v22.csv,38625
00005617,2025,7,LIMA,LIMA,SAN JUAN DE LURIGANCHO,MINSA,II-2,109,231,23,315,data\raw\Capacidad\ConsultaA_2025_v22.csv,38769
00008741,2025,5,LIMA,LIMA,VILLA EL SALVADOR,ESSALUD,II-1,64,114,1,102,data\raw\Capacidad\ConsultaA_2025_v22.csv,38793
00006164,2025,4,LIMA,LIMA,VILLA MARIA DEL TRIUNFO,MINSA,I-4,14,11,0,13,data\raw\Capacidad\ConsultaA_2025_v22.csv,38825
00005946,2025,9,LIMA,LIMA,EL AGUSTINO,MINSA,III-1,598,551,278,658,data\raw\Capacidad\ConsultaA_2025_v22.csv,38986
00008741,2025,9,LIMA,LIMA,VILLA EL SALVADOR,ESSALUD,II-1,64,114,1,92,data\raw\Capacidad\ConsultaA_2025_v22.csv,39033
00012923,2025,10,LIMA,LIMA,PUENTE PIEDRA,SANIDAD DE LA POLICIA NACIONAL DEL PERU,I-2,0,0,0,0,data\raw\Capacidad\ConsultaA_2025_v22.csv,39102
00005617,2025,1,LIMA,LIMA,SAN JUAN DE LURIGANCHO,MINSA,II-2,82,223,23,312,data\raw\Capacidad\ConsultaA_2025_v22.csv,39110
00008353,2025,9,LIMA,LIMA,ATE,ESSALUD,II-1,66,110,16,109,data\raw\Capacidad\ConsultaA_2025_v22.csv,39285
00008489,2025,9,LIMA,LIMA,MIRAFLORES,ESSALUD,II-2,85,258,51,216,data\raw\Capacidad\ConsultaA_2025_v22.csv,39339
00006151,2025,9,LIMA,LIMA,VILLA MARIA DEL TRIUNFO,MINSA,I-4,3,15,0,12,data\raw\Capacidad\ConsultaA_2025_v22.csv,39341
00006151,2025,4,LIMA,LIMA,VILLA MARIA DEL TRIUNFO,MINSA,I-4,3,16,0,12,data\raw\Capacidad\ConsultaA_2025_v22.csv,39343
00006151,2025,5,LIMA,LIMA,VILLA MARIA DEL TRIUNFO,MINSA,I-4,3,16,0,12,data\raw\Capacidad\ConsultaA_2025_v22.csv,39345
00006151,2025,6,LIMA,LIMA,VILLA MARIA DEL TRIUNFO,MINSA,I-4,3,15,0,12,data\raw\Capacidad\ConsultaA_2025_v22.csv,39346
00006151,2025,7,LIMA,LIMA,VILLA MARIA DEL TRIUNFO,MINSA,I-4,3,16,0,11,data\raw\Capacidad\ConsultaA_2025_v22.csv,39347
00008489,2025,7,LIMA,LIMA,MIRAFLORES,ESSALUD,II-2,84,258,34,215,data\raw\Capacidad\ConsultaA_2025_v22.csv,39405
00006211,2025,9,LIMA,LIMA,PUEBLO LIBRE,MINSA,III-1,137,303,61,293,data\raw\Capacidad\ConsultaA_2025_v22.csv,39406
00006211,2025,4,LIMA,LIMA,PUEBLO LIBRE,MINSA,III-1,144,297,58,294,data\raw\Capacidad\ConsultaA_2025_v22.csv,39515
00006088,2025,9,LIMA,LIMA,SAN BARTOLO,MINSA,I-3,3,8,0,10,data\raw\Capacidad\ConsultaA_2025_v22.csv,39664
00005947,2025,4,LIMA,LIMA,LURIGANCHO,MINSA,II-2,63,164,15,138,data\raw\Capacidad\ConsultaA_2025_v22.csv,39743
00005883,2025,5,LIMA,LIMA,ATE,MINSA,II-1,50,118,0,99,data\raw\Capacidad\ConsultaA_2025_v22.csv,39819
00008720,2025,6,LIMA,LIMA,JESUS MARIA,ESSALUD,III-2,1535,1588,459,1912,data\raw\Capacidad\ConsultaA_2025_v22.csv,39841
00005735,2025,8,LIMA,LIMA,CARABAYLLO,MINSA,I-4,8,30,0,42,data\raw\Capacidad\ConsultaA_2025_v22.csv,39882
00005817,2025,3,LIMA,LIMA,PUENTE PIEDRA,MINSA,I-4,8,20,0,24,data\raw\Capacidad\ConsultaA_2025_v22.csv,40240
00005948,2025,3,LIMA,LIMA,SANTA ANITA,MINSA,III-E,209,91,35,102,data\raw\Capacidad\ConsultaA_2025_v22.csv,40241
00018011,2025,8,LIMA,LIMA,JESUS MARIA,ESSALUD,III-E,116,244,51,278,data\raw\Capacidad\ConsultaA_2025_v22.csv,40311
00005755,2025,8,LIMA,LIMA,COMAS,MINSA,I-4,0,24,0,31,data\raw\Capacidad\ConsultaA_2025_v22.csv,40313
00013914,2025,3,LIMA,LIMA,RIMAC,SANIDAD DEL EJERCITO DEL PERU,I-4,4,8,0,16,data\raw\Capacidad\ConsultaA_2025_v22.csv,40400
00008317,2025,8,LIMA,LIMA,SAN JUAN DE LURIGANCHO,ESSALUD,II-1,43,183,11,100,data\raw\Capacidad\ConsultaA_2025_v22.csv,40442
00008741,2025,2,LIMA,LIMA,VILLA EL SALVADOR,ESSALUD,II-1,64,114,1,102,data\raw\Capacidad\ConsultaA_2025_v22.csv,40478
00008353,2025,8,LIMA,LIMA,ATE,ESSALUD,II-1,66,110,16,109,data\raw\Capacidad\ConsultaA_2025_v22.csv,40563
00006216,2025,7,LIMA,LIMA,BRE?A,MINSA,III-2,392,473,114,622,data\raw\Capacidad\ConsultaA_2025_v22.csv,40670
00006088,2025,8,LIMA,LIMA,SAN BARTOLO,MINSA,I-3,3,8,0,10,data\raw\Capacidad\ConsultaA_2025_v22.csv,40716
00005948,2025,6,LIMA,LIMA,SANTA ANITA,MINSA,III-E,209,79,25,101,data\raw\Capacidad\ConsultaA_2025_v22.csv,40731
00027565,2025,8,LIMA,LIMA,COMAS,ESSALUD,II-1,108,215,12,200,data\raw\Capacidad\ConsultaA_2025_v22.csv,40749
00010135,2025,8,LIMA,LIMA,LA MOLINA,ESSALUD,II-2,54,158,10,123,data\raw\Capacidad\ConsultaA_2025_v22.csv,40752
00006211,2025,8,LIMA,LIMA,PUEBLO LIBRE,MINSA,III-1,138,298,63,290,data\raw\Capacidad\ConsultaA_2025_v22.csv,40887
00005842,2025,9,LIMA,LIMA,RIMAC,MINSA,I-4,0,16,0,24,data\raw\Capacidad\ConsultaA_2025_v22.csv,41126
00008317,2025,2,LIMA,LIMA,SAN JUAN DE LURIGANCHO,ESSALUD,II-1,43,209,11,100,data\raw\Capacidad\ConsultaA_2025_v22.csv,41181
00005948,2025,2,LIMA,LIMA,SANTA ANITA,MINSA,III-E,209,88,34,100,data\raw\Capacidad\ConsultaA_2025_v22.csv,41186
00014718,2025,4,LIMA,LIMA,SAN MIGUEL,SANIDAD DE LA POLICIA NACIONAL DEL PERU,II-E,24,26,0,38,data\raw\Capacidad\ConsultaA_2025_v22.csv,41215
00014718,2025,9,LIMA,LIMA,SAN MIGUEL,SANIDAD DE LA POLICIA NACIONAL DEL PERU,II-E,21,22,1,32,data\raw\Capacidad\ConsultaA_2025_v22.csv,41464
00012923,2025,9,LIMA,LIMA,PUENTE PIEDRA,SANIDAD DE LA POLICIA NACIONAL DEL PERU,I-2,0,8,0,7,data\raw\Capacidad\ConsultaA_2025_v22.csv,41465
00008318,2025,9,LIMA,LIMA,SANTA ANITA,ESSALUD,II-1,40,105,5,88,data\raw\Capacidad\ConsultaA_2025_v22.csv,41468
00007734,2025,6,LIMA,LIMA,CHORRILLOS,MINSA,III-2,0,81,16,63,data\raw\Capacidad\ConsultaA_2025_v22.csv,41512
00013591,2025,6,LIMA,LIMA,JESUS MARIA,SANIDAD DE LA POLICIA NACIONAL DEL PERU,III-1,383,497,377,377,data\raw\Capacidad\ConsultaA_2025_v22.csv,41712
00006206,2025,8,LIMA,LIMA,LIMA,MINSA,III-1,473,473,196,267,data\raw\Capacidad\ConsultaA_2025_v22.csv,41724
00010751,2025,3,LIMA,LIMA,MIRAFLORES,SANIDAD DE LA FUERZA AEREA DEL PERU,III-1,242,223,25,251,data\raw\Capacidad\ConsultaA_2025_v22.csv,41745
00018011,2025,3,LIMA,LIMA,JESUS MARIA,ESSALUD,III-E,117,231,40,280,data\raw\Capacidad\ConsultaA_2025_v22.csv,41753
00008720,2025,2,LIMA,LIMA,JESUS MARIA,ESSALUD,III-2,1535,1589,459,1923,data\raw\Capacidad\ConsultaA_2025_v22.csv,41819
00006212,2025,8,LIMA,LIMA,LA VICTORIA,MINSA,III-E,64,155,8,165,data\raw\Capacidad\ConsultaA_2025_v22.csv,41925
00005814,2025,8,LIMA,LIMA,ANCON,MINSA,I-4,5,12,0,14,data\raw\Capacidad\ConsultaA_2025_v22.csv,41931
00006214,2025,5,LIMA,LIMA,MAGDALENA DEL MAR,MINSA,III-E,590,88,27,114,data\raw\Capacidad\ConsultaA_2025_v22.csv,42024
00008489,2025,8,LIMA,LIMA,MIRAFLORES,ESSALUD,II-2,81,256,58,215,data\raw\Capacidad\ConsultaA_2025_v22.csv,42261
00007634,2025,8,LIMA,LIMA,COMAS,MINSA,III-1,277,242,126,268,data\raw\Capacidad\ConsultaA_2025_v22.csv,42311
00010135,2025,4,LIMA,LIMA,LA MOLINA,ESSALUD,II-2,51,144,10,130,data\raw\Capacidad\ConsultaA_2025_v22.csv,42616
00005883,2025,7,LIMA,LIMA,ATE,MINSA,II-1,50,108,0,103,data\raw\Capacidad\ConsultaA_2025_v22.csv,42666
00027565,2025,5,LIMA,LIMA,COMAS,ESSALUD,II-1,108,219,12,198,data\raw\Capacidad\ConsultaA_2025_v22.csv,42754
00006213,2025,7,LIMA,LIMA,MIRAFLORES,MINSA,III-E,71,223,31,215,data\raw\Capacidad\ConsultaA_2025_v22.csv,42767
00010135,2025,9,LIMA,LIMA,LA MOLINA,ESSALUD,II-2,51,127,9,107,data\raw\Capacidad\ConsultaA_2025_v22.csv,42816
00006000,2025,9,LIMA,LIMA,CHORRILLOS,MINSA,I-4,16,21,0,22,data\raw\Capacidad\ConsultaA_2025_v22.csv,42868
00014718,2025,5,LIMA,LIMA,SAN MIGUEL,SANIDAD DE LA POLICIA NACIONAL DEL PERU,II-E,24,27,0,37,data\raw\Capacidad\ConsultaA_2025_v22.csv,42923
00006209,2025,8,LIMA,LIMA,LIMA,MINSA,III-2,130,98,41,132,data\raw\Capacidad\ConsultaA_2025_v22.csv,42974
00006216,2025,8,LIMA,LIMA,BRE?A,MINSA,III-2,394,347,44,423,data\raw\Capacidad\ConsultaA_2025_v22.csv,42976
00006215,2025,8,LIMA,LIMA,LIMA,MINSA,III-E,189,345,116,309,data\raw\Capacidad\ConsultaA_2025_v22.csv,42985
00005791,2025,8,LIMA,LIMA,INDEPENDENCIA,MINSA,I-4,15,44,0,35,data\raw\Capacidad\ConsultaA_2025_v22.csv,43005
00008317,2025,1,LIMA,LIMA,SAN JUAN DE LURIGANCHO,ESSALUD,II-1,43,212,11,99,data\raw\Capacidad\ConsultaA_2025_v22.csv,43317
00016918,2025,7,LIMA,LIMA,SAN BORJA,MINSA,III-2,241,413,80,461,data\raw\Capacidad\ConsultaA_2025_v22.csv,43758
00006208,2025,7,LIMA,LIMA,LIMA,MINSA,III-2,331,335,82,505,data\raw\Capacidad\ConsultaA_2025_v22.csv,43911
00006214,2025,4,LIMA,LIMA,MAGDALENA DEL MAR,MINSA,III-E,590,86,27,112,data\raw\Capacidad\ConsultaA_2025_v22.csv,43937
00010751,2025,8,LIMA,LIMA,MIRAFLORES,SANIDAD DE LA FUERZA AEREA DEL PERU,III-1,256,221,22,227,data\raw\Capacidad\ConsultaA_2025_v22.csv,43950
00005799,2025,8,LIMA,LIMA,LOS OLIVOS,MINSA,I-4,3,37,2,34,data\raw\Capacidad\ConsultaA_2025_v22.csv,43953
00008502,2025,8,LIMA,LIMA,LIMA,ESSALUD,II-2,180,409,79,289,data\raw\Capacidad\ConsultaA_2025_v22.csv,43961
00008318,2025,1,LIMA,LIMA,SANTA ANITA,ESSALUD,II-1,40,93,3,86,data\raw\Capacidad\ConsultaA_2025_v22.csv,44015
00006079,2025,6,LIMA,LIMA,LURIN,MINSA,I-4,0,20,0,13,data\raw\Capacidad\ConsultaA_2025_v22.csv,44225
00006210,2025,7,LIMA,LIMA,SURQUILLO,MINSA,III-2,396,388,141,514,data\raw\Capacidad\ConsultaA_2025_v22.csv,44315
00008741,2025,7,LIMA,LIMA,VILLA EL SALVADOR,ESSALUD,II-1,64,114,1,92,data\raw\Capacidad\ConsultaA_2025_v22.csv,44437
00005947,2025,8,LIMA,LIMA,LURIGANCHO,MINSA,II-2,63,158,16,136,data\raw\Capacidad\ConsultaA_2025_v22.csv,44439
00006214,2025,9,LIMA,LIMA,MAGDALENA DEL MAR,MINSA,III-E,590,86,27,95,data\raw\Capacidad\ConsultaA_2025_v22.csv,44530
00016094,2025,9,LIMA,LIMA,RIMAC,SANIDAD DE LA POLICIA NACIONAL DEL PERU,II-1,84,25,0,63,data\raw\Capacidad\ConsultaA_2025_v22.csv,44535
00010135,2025,2,LIMA,LIMA,LA MOLINA,ESSALUD,II-2,48,164,9,131,data\raw\Capacidad\ConsultaA_2025_v22.csv,44674
00010098,2025,8,LIMA,LIMA,CHORRILLOS,SANIDAD DEL EJERCITO DEL PERU,II-E,15,49,0,71,data\raw\Capacidad\ConsultaA_2025_v22.csv,44712
00005817,2025,6,LIMA,LIMA,PUENTE PIEDRA,MINSA,I-4,6,21,0,25,data\raw\Capacidad\ConsultaA_2025_v22.csv,45022
00006209,2025,7,LIMA,LIMA,LIMA,MINSA,III-2,130,110,39,139,data\raw\Capacidad\ConsultaA_2025_v22.csv,45068
00016094,2025,1,LIMA,LIMA,RIMAC,SANIDAD DE LA POLICIA NACIONAL DEL PERU,II-1,76,14,0,1,data\raw\Capacidad\ConsultaA_2025_v22.csv,45324
00006208,2025,2,LIMA,LIMA,LIMA,MINSA,III-2,331,335,82,505,data\raw\Capacidad\ConsultaA_2025_v22.csv,45407
00007633,2025,5,LIMA,LIMA,SAN MARTIN DE PORRES,MINSA,III-1,395,477,297,1338,data\raw\Capacidad\ConsultaA_2025_v22.csv,45431
00005987,2025,11,LIMA,LIMA,SAN JUAN DE MIRAFLORES,MINSA,III-1,409,510,241,532,data\raw\Capacidad\ConsultaA_2025_v22.csv,45492
00005816,2025,10,LIMA,LIMA,PUENTE PIEDRA,MINSA,I-4,12,22,0,29,data\raw\Capacidad\ConsultaA_2025_v22.csv,45613
00008489,2025,10,LIMA,LIMA,MIRAFLORES,ESSALUD,II-2,85,257,47,217,data\raw\Capacidad\ConsultaA_2025_v22.csv,45712
00006210,2025,11,LIMA,LIMA,SURQUILLO,MINSA,III-2,396,464,207,507,data\raw\Capacidad\ConsultaA_2025_v22.csv,45782
00009251,2025,10,LIMA,LIMA,LA VICTORIA,ESSALUD,III-2,1046,1250,338,1244,data\raw\Capacidad\ConsultaA_2025_v22.csv,45824
00005742,2025,11,LIMA,LIMA,SAN MARTIN DE PORRES,MINSA,I-4,6,29,0,29,data\raw\Capacidad\ConsultaA_2025_v22.csv,45932
00006164,2025,10,LIMA,LIMA,VILLA MARIA DEL TRIUNFO,MINSA,I-4,14,12,0,14,data\raw\Capacidad\ConsultaA_2025_v22.csv,46006
00006214,2025,10,LIMA,LIMA,MAGDALENA DEL MAR,MINSA,III-E,406,88,27,95,data\raw\Capacidad\ConsultaA_2025_v22.csv,46210
00005817,2025,11,LIMA,LIMA,PUENTE PIEDRA,MINSA,I-4,6,21,0,26,data\raw\Capacidad\ConsultaA_2025_v22.csv,46247
00008564,2025,10,LIMA,LIMA,SAN MIGUEL,ESSALUD,II-1,46,122,0,92,data\raw\Capacidad\ConsultaA_2025_v22.csv,46309
00005791,2025,11,LIMA,LIMA,INDEPENDENCIA,MINSA,I-4,15,42,0,41,data\raw\Capacidad\ConsultaA_2025_v22.csv,46331
00005814,2025,10,LIMA,LIMA,ANCON,MINSA,I-4,5,12,0,15,data\raw\Capacidad\ConsultaA_2025_v22.csv,46403
00005814,2025,11,LIMA,LIMA,ANCON,MINSA,I-4,5,12,0,15,data\raw\Capacidad\ConsultaA_2025_v22.csv,46427
00008502,2025,11,LIMA,LIMA,LIMA,ESSALUD,II-2,180,409,79,279,data\raw\Capacidad\ConsultaA_2025_v22.csv,46452
00005755,2025,11,LIMA,LIMA,COMAS,MINSA,I-4,0,23,0,30,data\raw\Capacidad\ConsultaA_2025_v22.csv,46460
00005735,2025,11,LIMA,LIMA,CARABAYLLO,MINSA,I-4,10,40,0,52,data\raw\Capacidad\ConsultaA_2025_v22.csv,46482
00006206,2025,11,LIMA,LIMA,LIMA,MINSA,III-1,470,498,195,258,data\raw\Capacidad\ConsultaA_2025_v22.csv,46564
00027565,2025,11,LIMA,LIMA,COMAS,ESSALUD,II-1,108,201,12,173,data\raw\Capacidad\ConsultaA_2025_v22.csv,46627
00005816,2025,11,LIMA,LIMA,PUENTE PIEDRA,MINSA,I-4,11,20,0,30,data\raw\Capacidad\ConsultaA_2025_v22.csv,46842
00005987,2025,10,LIMA,LIMA,SAN JUAN DE MIRAFLORES,MINSA,III-1,409,510,241,532,data\raw\Capacidad\ConsultaA_2025_v22.csv,47023
00007633,2025,4,LIMA,LIMA,SAN MARTIN DE PORRES,MINSA,III-1,396,451,297,1250,data\raw\Capacidad\ConsultaA_2025_v22.csv,47122
00018011,2025,10,LIMA,LIMA,JESUS MARIA,ESSALUD,III-E,117,240,46,277,data\raw\Capacidad\ConsultaA_2025_v22.csv,47126
00013914,2025,11,LIMA,LIMA,RIMAC,SANIDAD DEL EJERCITO DEL PERU,I-4,4,8,0,16,data\raw\Capacidad\ConsultaA_2025_v22.csv,47387
00017024,2025,11,LIMA,LIMA,JESUS MARIA,SANIDAD DEL EJERCITO DEL PERU,III-1,376,226,54,383,data\raw\Capacidad\ConsultaA_2025_v22.csv,47458
00007633,2025,11,LIMA,LIMA,SAN MARTIN DE PORRES,MINSA,III-1,378,450,297,618,data\raw\Capacidad\ConsultaA_2025_v22.csv,47468
00006124,2025,11,LIMA,LIMA,VILLA EL SALVADOR,MINSA,I-4,9,22,4,30,data\raw\Capacidad\ConsultaA_2025_v22.csv,47524
00006164,2025,11,LIMA,LIMA,VILLA MARIA DEL TRIUNFO,MINSA,I-4,14,11,0,13,data\raw\Capacidad\ConsultaA_2025_v22.csv,47539
00005821,2025,10,LIMA,LIMA,PUENTE PIEDRA,MINSA,I-4,9,20,0,27,data\raw\Capacidad\ConsultaA_2025_v22.csv,47719
00005948,2025,11,LIMA,LIMA,SANTA ANITA,MINSA,III-E,209,98,33,83,data\raw\Capacidad\ConsultaA_2025_v22.csv,47746
00007633,2025,3,LIMA,LIMA,SAN MARTIN DE PORRES,MINSA,III-1,400,492,297,669,data\raw\Capacidad\ConsultaA_2025_v22.csv,47811
00005817,2025,10,LIMA,LIMA,PUENTE PIEDRA,MINSA,I-4,6,18,0,22,data\raw\Capacidad\ConsultaA_2025_v22.csv,47813
00007633,2025,6,LIMA,LIMA,SAN MARTIN DE PORRES,MINSA,III-1,402,464,297,1245,data\raw\Capacidad\ConsultaA_2025_v22.csv,47823
00007633,2025,7,LIMA,LIMA,SAN MARTIN DE PORRES,MINSA,III-1,390,476,297,1334,data\raw\Capacidad\ConsultaA_2025_v22.csv,47827
00006212,2025,10,LIMA,LIMA,LA VICTORIA,MINSA,III-E,65,169,12,152,data\raw\Capacidad\ConsultaA_2025_v22.csv,47880
00009251,2025,11,LIMA,LIMA,LA VICTORIA,ESSALUD,III-2,1092,1248,338,1244,data\raw\Capacidad\ConsultaA_2025_v22.csv,47948
00006151,2025,10,LIMA,LIMA,VILLA MARIA DEL TRIUNFO,MINSA,I-4,3,15,0,12,data\raw\Capacidad\ConsultaA_2025_v22.csv,48190
00005946,2025,10,LIMA,LIMA,EL AGUSTINO,MINSA,III-1,597,554,278,658,data\raw\Capacidad\ConsultaA_2025_v22.csv,48199
00005948,2025,10,LIMA,LIMA,SANTA ANITA,MINSA,III-E,209,93,30,84,data\raw\Capacidad\ConsultaA_2025_v22.csv,48201
00010751,2025,11,LIMA,LIMA,MIRAFLORES,SANIDAD DE LA FUERZA AEREA DEL PERU,III-1,256,223,20,229,data\raw\Capacidad\ConsultaA_2025_v22.csv,48268
00005991,2025,11,LIMA,LIMA,CHORRILLOS,MINSA,I-4,10,29,0,18,data\raw\Capacidad\ConsultaA_2025_v22.csv,48423
00008317,2025,11,LIMA,LIMA,SAN JUAN DE LURIGANCHO,ESSALUD,II-1,43,165,10,101,data\raw\Capacidad\ConsultaA_2025_v22.csv,48707
00006210,2025,10,LIMA,LIMA,SURQUILLO,MINSA,III-2,396,455,207,528,data\raw\Capacidad\ConsultaA_2025_v22.csv,49054
00006209,2025,11,LIMA,LIMA,LIMA,MINSA,III-2,130,106,40,137,data\raw\Capacidad\ConsultaA_2025_v22.csv,49218
00005883,2025,10,LIMA,LIMA,ATE,MINSA,II-1,50,104,0,99,data\raw\Capacidad\ConsultaA_2025_v22.csv,49360
00005947,2025,11,LIMA,LIMA,LURIGANCHO,MINSA,II-2,62,164,17,132,data\raw\Capacidad\ConsultaA_2025_v22.csv,49521
00005735,2025,10,LIMA,LIMA,CARABAYLLO,MINSA,I-4,10,40,0,52,data\raw\Capacidad\ConsultaA_2025_v22.csv,49579
00013591,2025,10,LIMA,LIMA,JESUS MARIA,SANIDAD DE LA POLICIA NACIONAL DEL PERU,III-1,384,555,187,432,data\raw\Capacidad\ConsultaA_2025_v22.csv,49589
00008709,2025,11,LIMA,LIMA,SANTIAGO DE SURCO,SANIDAD DE LA FUERZA AEREA DEL PERU,I-4,34,19,0,17,data\raw\Capacidad\ConsultaA_2025_v22.csv,49824
00005772,2025,10,LIMA,LIMA,COMAS,MINSA,I-4,8,33,0,33,data\raw\Capacidad\ConsultaA_2025_v22.csv,49850
00007634,2025,10,LIMA,LIMA,COMAS,MINSA,III-1,280,247,125,268,data\raw\Capacidad\ConsultaA_2025_v22.csv,49861
00006088,2025,10,LIMA,LIMA,SAN BARTOLO,MINSA,I-3,3,8,0,10,data\raw\Capacidad\ConsultaA_2025_v22.csv,49910
00010098,2025,11,LIMA,LIMA,CHORRILLOS,SANIDAD DEL EJERCITO DEL PERU,II-E,15,49,0,72,data\raw\Capacidad\ConsultaA_2025_v22.csv,50009
00023159,2025,11,LIMA,LIMA,VILLA EL SALVADOR,MINSA,III-1,260,524,47,468,data\raw\Capacidad\ConsultaA_2025_v22.csv,50149
00006217,2025,1,LIMA,LIMA,LIMA,MINSA,III-2,7,125,29,75,data\raw\Capacidad\ConsultaA_2025_v22.csv,50165
00006217,2025,3,LIMA,LIMA,LIMA,MINSA,III-2,7,126,29,75,data\raw\Capacidad\ConsultaA_2025_v22.csv,50166
00006217,2025,2,LIMA,LIMA,LIMA,MINSA,III-2,7,123,29,77,data\raw\Capacidad\ConsultaA_2025_v22.csv,50167
00006217,2025,4,LIMA,LIMA,LIMA,MINSA,III-2,7,129,29,73,data\raw\Capacidad\ConsultaA_2025_v22.csv,50168
00006217,2025,5,LIMA,LIMA,LIMA,MINSA,III-2,7,128,29,73,data\raw\Capacidad\ConsultaA_2025_v22.csv,50169
00006217,2025,6,LIMA,LIMA,LIMA,MINSA,III-2,7,130,29,74,data\raw\Capacidad\ConsultaA_2025_v22.csv,50170
00006217,2025,7,LIMA,LIMA,LIMA,MINSA,III-2,7,122,22,75,data\raw\Capacidad\ConsultaA_2025_v22.csv,50171
00006217,2025,8,LIMA,LIMA,LIMA,MINSA,III-2,7,120,22,72,data\raw\Capacidad\ConsultaA_2025_v22.csv,50172
00006217,2025,9,LIMA,LIMA,LIMA,MINSA,III-2,7,131,29,72,data\raw\Capacidad\ConsultaA_2025_v22.csv,50173
00006217,2025,10,LIMA,LIMA,LIMA,MINSA,III-2,7,132,29,76,data\raw\Capacidad\ConsultaA_2025_v22.csv,50174
00006217,2025,11,LIMA,LIMA,LIMA,MINSA,III-2,7,126,33,76,data\raw\Capacidad\ConsultaA_2025_v22.csv,50175
00006217,2025,12,LIMA,LIMA,LIMA,MINSA,III-2,7,130,33,76,data\raw\Capacidad\ConsultaA_2025_v22.csv,50176
00010135,2025,11,LIMA,LIMA,LA MOLINA,ESSALUD,II-2,55,164,9,132,data\raw\Capacidad\ConsultaA_2025_v22.csv,50198
00005799,2025,11,LIMA,LIMA,LOS OLIVOS,MINSA,I-4,3,37,2,34,data\raw\Capacidad\ConsultaA_2025_v22.csv,50244
00007733,2025,8,LIMA,LIMA,SAN MARTIN DE PORRES,MINSA,III-2,90,113,54,63,data\raw\Capacidad\ConsultaA_2025_v22.csv,50255
00007632,2025,10,LIMA,LIMA,PUENTE PIEDRA,MINSA,II-2,109,124,54,214,data\raw\Capacidad\ConsultaA_2025_v22.csv,50324
00006210,2025,12,LIMA,LIMA,SURQUILLO,MINSA,III-2,396,466,205,516,data\raw\Capacidad\ConsultaA_2025_v22.csv,50334
00008709,2025,12,LIMA,LIMA,SANTIAGO DE SURCO,SANIDAD DE LA FUERZA AEREA DEL PERU,I-4,34,19,0,17,data\raw\Capacidad\ConsultaA_2025_v22.csv,50420
00006216,2025,11,LIMA,LIMA,BRE?A,MINSA,III-2,394,382,17,291,data\raw\Capacidad\ConsultaA_2025_v22.csv,50432
00027565,2025,10,LIMA,LIMA,COMAS,ESSALUD,II-1,108,208,12,164,data\raw\Capacidad\ConsultaA_2025_v22.csv,50471
00007733,2025,2,LIMA,LIMA,SAN MARTIN DE PORRES,MINSA,III-2,90,114,54,63,data\raw\Capacidad\ConsultaA_2025_v22.csv,50495
00007734,2025,11,LIMA,LIMA,CHORRILLOS,MINSA,III-2,0,84,19,63,data\raw\Capacidad\ConsultaA_2025_v22.csv,50507
00007733,2025,12,LIMA,LIMA,SAN MARTIN DE PORRES,MINSA,III-2,90,118,54,66,data\raw\Capacidad\ConsultaA_2025_v22.csv,50541
00005991,2025,12,LIMA,LIMA,CHORRILLOS,MINSA,I-4,10,30,0,19,data\raw\Capacidad\ConsultaA_2025_v22.csv,50575
00006124,2025,10,LIMA,LIMA,VILLA EL SALVADOR,MINSA,I-4,9,22,4,30,data\raw\Capacidad\ConsultaA_2025_v22.csv,50639
00008741,2025,12,LIMA,LIMA,VILLA EL SALVADOR,ESSALUD,II-1,64,114,1,91,data\raw\Capacidad\ConsultaA_2025_v22.csv,50661
00007633,2025,8,LIMA,LIMA,SAN MARTIN DE PORRES,MINSA,III-1,380,479,297,1330,data\raw\Capacidad\ConsultaA_2025_v22.csv,50666
00007633,2025,2,LIMA,LIMA,SAN MARTIN DE PORRES,MINSA,III-1,395,428,297,607,data\raw\Capacidad\ConsultaA_2025_v22.csv,50840
00006084,2025,12,LIMA,LIMA,PUCUSANA,MINSA,I-4,4,9,0,7,data\raw\Capacidad\ConsultaA_2025_v22.csv,51027
00023159,2025,10,LIMA,LIMA,VILLA EL SALVADOR,MINSA,III-1,260,511,46,484,data\raw\Capacidad\ConsultaA_2025_v22.csv,51063
00006212,2025,11,LIMA,LIMA,LA VICTORIA,MINSA,III-E,47,157,15,144,data\raw\Capacidad\ConsultaA_2025_v22.csv,51116
00005772,2025,12,LIMA,LIMA,COMAS,MINSA,I-4,8,32,0,32,data\raw\Capacidad\ConsultaA_2025_v22.csv,51185
00005821,2025,12,LIMA,LIMA,PUENTE PIEDRA,MINSA,I-4,9,20,0,26,data\raw\Capacidad\ConsultaA_2025_v22.csv,51328
00006151,2025,11,LIMA,LIMA,VILLA MARIA DEL TRIUNFO,MINSA,I-4,3,14,0,13,data\raw\Capacidad\ConsultaA_2025_v22.csv,51519
00006211,2025,11,LIMA,LIMA,PUEBLO LIBRE,MINSA,III-1,139,284,60,292,data\raw\Capacidad\ConsultaA_2025_v22.csv,51567
00005799,2025,10,LIMA,LIMA,LOS OLIVOS,MINSA,I-4,3,37,2,34,data\raw\Capacidad\ConsultaA_2025_v22.csv,51577
00012923,2025,12,LIMA,LIMA,PUENTE PIEDRA,SANIDAD DE LA POLICIA NACIONAL DEL PERU,I-2,0,8,0,7,data\raw\Capacidad\ConsultaA_2025_v22.csv,51628
00016918,2025,12,LIMA,LIMA,SAN BORJA,MINSA,III-2,241,418,94,485,data\raw\Capacidad\ConsultaA_2025_v22.csv,51640
00005814,2025,12,LIMA,LIMA,ANCON,MINSA,I-4,5,12,0,15,data\raw\Capacidad\ConsultaA_2025_v22.csv,51684
00006216,2025,10,LIMA,LIMA,BRE?A,MINSA,III-2,394,382,17,291,data\raw\Capacidad\ConsultaA_2025_v22.csv,51712
00006084,2025,10,LIMA,LIMA,PUCUSANA,MINSA,I-4,3,8,0,7,data\raw\Capacidad\ConsultaA_2025_v22.csv,51713
00008564,2025,11,LIMA,LIMA,SAN MIGUEL,ESSALUD,II-1,46,126,0,91,data\raw\Capacidad\ConsultaA_2025_v22.csv,51807
00008720,2025,11,LIMA,LIMA,JESUS MARIA,ESSALUD,III-2,1522,1583,459,1899,data\raw\Capacidad\ConsultaA_2025_v22.csv,51917
00005948,2025,12,LIMA,LIMA,SANTA ANITA,MINSA,III-E,209,88,36,90,data\raw\Capacidad\ConsultaA_2025_v22.csv,51939
00018011,2025,11,LIMA,LIMA,JESUS MARIA,ESSALUD,III-E,118,239,46,277,data\raw\Capacidad\ConsultaA_2025_v22.csv,51976
00005644,2025,6,LIMA,LIMA,RIMAC,MINSA,I-4,0,41,1,27,data\raw\Capacidad\ConsultaA_2025_v22.csv,51980
00005987,2025,12,LIMA,LIMA,SAN JUAN DE MIRAFLORES,MINSA,III-1,356,394,212,413,data\raw\Capacidad\ConsultaA_2025_v22.csv,51982
00010135,2025,10,LIMA,LIMA,LA MOLINA,ESSALUD,II-2,55,163,9,132,data\raw\Capacidad\ConsultaA_2025_v22.csv,51999
00005644,2025,5,LIMA,LIMA,RIMAC,MINSA,I-4,0,41,1,27,data\raw\Capacidad\ConsultaA_2025_v22.csv,52045
00005644,2025,7,LIMA,LIMA,RIMAC,MINSA,I-4,0,41,0,27,data\raw\Capacidad\ConsultaA_2025_v22.csv,52064
00005644,2025,10,LIMA,LIMA,RIMAC,MINSA,I-4,0,42,0,27,data\raw\Capacidad\ConsultaA_2025_v22.csv,52065
00007632,2025,12,LIMA,LIMA,PUENTE PIEDRA,MINSA,II-2,109,133,52,219,data\raw\Capacidad\ConsultaA_2025_v22.csv,52092
00008317,2025,10,LIMA,LIMA,SAN JUAN DE LURIGANCHO,ESSALUD,II-1,43,174,11,102,data\raw\Capacidad\ConsultaA_2025_v22.csv,52186
00016918,2025,10,LIMA,LIMA,SAN BORJA,MINSA,III-2,241,424,93,511,data\raw\Capacidad\ConsultaA_2025_v22.csv,52187
00005644,2025,8,LIMA,LIMA,RIMAC,MINSA,I-4,0,42,0,27,data\raw\Capacidad\ConsultaA_2025_v22.csv,52239
00005644,2025,9,LIMA,LIMA,RIMAC,MINSA,I-4,0,39,0,25,data\raw\Capacidad\ConsultaA_2025_v22.csv,52240
00005644,2025,11,LIMA,LIMA,RIMAC,MINSA,I-4,0,44,0,27,data\raw\Capacidad\ConsultaA_2025_v22.csv,52241
00005644,2025,12,LIMA,LIMA,RIMAC,MINSA,I-4,0,44,0,27,data\raw\Capacidad\ConsultaA_2025_v22.csv,52242
00005644,2025,2,LIMA,LIMA,RIMAC,MINSA,I-4,0,43,1,27,data\raw\Capacidad\ConsultaA_2025_v22.csv,52289
00005644,2025,3,LIMA,LIMA,RIMAC,MINSA,I-4,0,41,0,27,data\raw\Capacidad\ConsultaA_2025_v22.csv,52290
00005644,2025,4,LIMA,LIMA,RIMAC,MINSA,I-4,0,41,0,27,data\raw\Capacidad\ConsultaA_2025_v22.csv,52291
00006000,2025,11,LIMA,LIMA,CHORRILLOS,MINSA,I-4,16,21,0,22,data\raw\Capacidad\ConsultaA_2025_v22.csv,52331
00008720,2025,12,LIMA,LIMA,JESUS MARIA,ESSALUD,III-2,1522,1595,459,1921,data\raw\Capacidad\ConsultaA_2025_v22.csv,52359
00006088,2025,11,LIMA,LIMA,SAN BARTOLO,MINSA,I-3,3,8,0,10,data\raw\Capacidad\ConsultaA_2025_v22.csv,52471
00010434,2025,10,LIMA,LIMA,SANTA ANITA,ESSALUD,II-E,193,50,4,110,data\raw\Capacidad\ConsultaA_2025_v22.csv,52578
00006215,2025,10,LIMA,LIMA,LIMA,MINSA,III-E,184,340,106,306,data\raw\Capacidad\ConsultaA_2025_v22.csv,52701
00005947,2025,10,LIMA,LIMA,LURIGANCHO,MINSA,II-2,63,154,18,132,data\raw\Capacidad\ConsultaA_2025_v22.csv,52734
00006215,2025,12,LIMA,LIMA,LIMA,MINSA,III-E,189,354,108,312,data\raw\Capacidad\ConsultaA_2025_v22.csv,52770
00006207,2025,1,LIMA,LIMA,LIMA,MINSA,III-1,623,897,371,804,data\raw\Capacidad\ConsultaA_2025_v22.csv,52774
00006208,2025,12,LIMA,LIMA,LIMA,MINSA,III-2,336,282,121,478,data\raw\Capacidad\ConsultaA_2025_v22.csv,52786
00010135,2025,12,LIMA,LIMA,LA MOLINA,ESSALUD,II-2,50,167,9,134,data\raw\Capacidad\ConsultaA_2025_v22.csv,52805
00010751,2025,12,LIMA,LIMA,MIRAFLORES,SANIDAD DE LA FUERZA AEREA DEL PERU,III-1,247,235,20,229,data\raw\Capacidad\ConsultaA_2025_v22.csv,52883
00006208,2025,11,LIMA,LIMA,LIMA,MINSA,III-2,336,282,121,478,data\raw\Capacidad\ConsultaA_2025_v22.csv,52934
00008502,2025,12,LIMA,LIMA,LIMA,ESSALUD,II-2,180,413,79,300,data\raw\Capacidad\ConsultaA_2025_v22.csv,52964
00008564,2025,12,LIMA,LIMA,SAN MIGUEL,ESSALUD,II-1,46,125,0,94,data\raw\Capacidad\ConsultaA_2025_v22.csv,53033
00008741,2025,11,LIMA,LIMA,VILLA EL SALVADOR,ESSALUD,II-1,64,114,1,91,data\raw\Capacidad\ConsultaA_2025_v22.csv,53043
00005791,2025,12,LIMA,LIMA,INDEPENDENCIA,MINSA,I-4,15,43,0,40,data\raw\Capacidad\ConsultaA_2025_v22.csv,53050
00005742,2025,12,LIMA,LIMA,SAN MARTIN DE PORRES,MINSA,I-4,6,30,0,30,data\raw\Capacidad\ConsultaA_2025_v22.csv,53107
00005883,2025,12,LIMA,LIMA,ATE,MINSA,II-1,50,103,0,105,data\raw\Capacidad\ConsultaA_2025_v22.csv,53140
00005946,2025,1,LIMA,LIMA,EL AGUSTINO,MINSA,III-1,595,573,260,659,data\raw\Capacidad\ConsultaA_2025_v22.csv,53160
00033381,2025,1,LIMA,LIMA,ATE,MINSA,III-E,208,306,54,436,data\raw\Capacidad\ConsultaA_2025_v22.csv,53301
00033381,2025,2,LIMA,LIMA,ATE,MINSA,III-E,208,306,54,436,data\raw\Capacidad\ConsultaA_2025_v22.csv,53302
00033381,2025,3,LIMA,LIMA,ATE,MINSA,III-E,208,306,54,436,data\raw\Capacidad\ConsultaA_2025_v22.csv,53303
00033381,2025,4,LIMA,LIMA,ATE,MINSA,III-E,208,317,63,434,data\raw\Capacidad\ConsultaA_2025_v22.csv,53304
00033381,2025,5,LIMA,LIMA,ATE,MINSA,III-E,208,321,62,426,data\raw\Capacidad\ConsultaA_2025_v22.csv,53305
00033381,2025,6,LIMA,LIMA,ATE,MINSA,III-E,208,321,62,428,data\raw\Capacidad\ConsultaA_2025_v22.csv,53306
00033381,2025,7,LIMA,LIMA,ATE,MINSA,III-E,208,323,74,425,data\raw\Capacidad\ConsultaA_2025_v22.csv,53307
00033381,2025,8,LIMA,LIMA,ATE,MINSA,III-E,208,317,74,423,data\raw\Capacidad\ConsultaA_2025_v22.csv,53308
00033381,2025,9,LIMA,LIMA,ATE,MINSA,III-E,208,391,74,423,data\raw\Capacidad\ConsultaA_2025_v22.csv,53309
00033381,2025,10,LIMA,LIMA,ATE,MINSA,III-E,208,316,74,421,data\raw\Capacidad\ConsultaA_2025_v22.csv,53310
00033381,2025,11,LIMA,LIMA,ATE,MINSA,III-E,208,316,74,420,data\raw\Capacidad\ConsultaA_2025_v22.csv,53311
00006214,2025,11,LIMA,LIMA,MAGDALENA DEL MAR,MINSA,III-E,406,89,27,124,data\raw\Capacidad\ConsultaA_2025_v22.csv,53413
00006084,2025,11,LIMA,LIMA,PUCUSANA,MINSA,I-4,4,9,0,7,data\raw\Capacidad\ConsultaA_2025_v22.csv,53558
00006207,2025,11,LIMA,LIMA,LIMA,MINSA,III-1,622,962,402,804,data\raw\Capacidad\ConsultaA_2025_v22.csv,53630
00008353,2025,12,LIMA,LIMA,ATE,ESSALUD,II-1,66,110,16,109,data\raw\Capacidad\ConsultaA_2025_v22.csv,53681
00008317,2025,12,LIMA,LIMA,SAN JUAN DE LURIGANCHO,ESSALUD,II-1,43,172,10,100,data\raw\Capacidad\ConsultaA_2025_v22.csv,53719
00007733,2025,11,LIMA,LIMA,SAN MARTIN DE PORRES,MINSA,III-2,90,117,54,68,data\raw\Capacidad\ConsultaA_2025_v22.csv,53721
00007733,2025,9,LIMA,LIMA,SAN MARTIN DE PORRES,MINSA,III-2,90,102,50,73,data\raw\Capacidad\ConsultaA_2025_v22.csv,53722
00012923,2025,11,LIMA,LIMA,PUENTE PIEDRA,SANIDAD DE LA POLICIA NACIONAL DEL PERU,I-2,0,8,0,7,data\raw\Capacidad\ConsultaA_2025_v22.csv,53950
00005946,2025,2,LIMA,LIMA,EL AGUSTINO,MINSA,III-1,595,552,260,664,data\raw\Capacidad\ConsultaA_2025_v22.csv,54002
00005946,2025,3,LIMA,LIMA,EL AGUSTINO,MINSA,III-1,595,536,260,656,data\raw\Capacidad\ConsultaA_2025_v22.csv,54003
00005946,2025,4,LIMA,LIMA,EL AGUSTINO,MINSA,III-1,605,544,260,656,data\raw\Capacidad\ConsultaA_2025_v22.csv,54004
00005946,2025,5,LIMA,LIMA,EL AGUSTINO,MINSA,III-1,603,541,260,656,data\raw\Capacidad\ConsultaA_2025_v22.csv,54005
00005946,2025,6,LIMA,LIMA,EL AGUSTINO,MINSA,III-1,604,538,190,656,data\raw\Capacidad\ConsultaA_2025_v22.csv,54006
00005946,2025,7,LIMA,LIMA,EL AGUSTINO,MINSA,III-1,597,529,176,644,data\raw\Capacidad\ConsultaA_2025_v22.csv,54007
00006211,2025,10,LIMA,LIMA,PUEBLO LIBRE,MINSA,III-1,139,299,61,286,data\raw\Capacidad\ConsultaA_2025_v22.csv,54096
00013591,2025,12,LIMA,LIMA,JESUS MARIA,SANIDAD DE LA POLICIA NACIONAL DEL PERU,III-1,356,568,196,435,data\raw\Capacidad\ConsultaA_2025_v22.csv,54311
00006213,2025,10,LIMA,LIMA,MIRAFLORES,MINSA,III-E,69,188,38,202,data\raw\Capacidad\ConsultaA_2025_v22.csv,54356
00006164,2025,12,LIMA,LIMA,VILLA MARIA DEL TRIUNFO,MINSA,I-4,14,9,0,13,data\raw\Capacidad\ConsultaA_2025_v22.csv,54360
00006206,2025,10,LIMA,LIMA,LIMA,MINSA,III-1,473,496,195,257,data\raw\Capacidad\ConsultaA_2025_v22.csv,54540
00016094,2025,10,LIMA,LIMA,RIMAC,SANIDAD DE LA POLICIA NACIONAL DEL PERU,II-1,84,32,0,63,data\raw\Capacidad\ConsultaA_2025_v22.csv,54722
00005821,2025,11,LIMA,LIMA,PUENTE PIEDRA,MINSA,I-4,9,21,0,27,data\raw\Capacidad\ConsultaA_2025_v22.csv,54780
00007733,2025,10,LIMA,LIMA,SAN MARTIN DE PORRES,MINSA,III-2,90,107,54,69,data\raw\Capacidad\ConsultaA_2025_v22.csv,54855
00007733,2025,7,LIMA,LIMA,SAN MARTIN DE PORRES,MINSA,III-2,90,113,54,76,data\raw\Capacidad\ConsultaA_2025_v22.csv,54856
00007733,2025,6,LIMA,LIMA,SAN MARTIN DE PORRES,MINSA,III-2,90,113,54,71,data\raw\Capacidad\ConsultaA_2025_v22.csv,54857
00007733,2025,5,LIMA,LIMA,SAN MARTIN DE PORRES,MINSA,III-2,90,112,54,86,data\raw\Capacidad\ConsultaA_2025_v22.csv,54858
00007733,2025,4,LIMA,LIMA,SAN MARTIN DE PORRES,MINSA,III-2,90,113,54,72,data\raw\Capacidad\ConsultaA_2025_v22.csv,54859
00007733,2025,3,LIMA,LIMA,SAN MARTIN DE PORRES,MINSA,III-2,90,114,54,72,data\raw\Capacidad\ConsultaA_2025_v22.csv,54860
00007733,2025,1,LIMA,LIMA,SAN MARTIN DE PORRES,MINSA,III-2,90,111,54,66,data\raw\Capacidad\ConsultaA_2025_v22.csv,54861
00009188,2025,11,LIMA,LIMA,LIMA,ESSALUD,II-1,60,89,0,87,data\raw\Capacidad\ConsultaA_2025_v22.csv,54871
00023159,2025,12,LIMA,LIMA,VILLA EL SALVADOR,MINSA,III-1,260,538,47,505,data\raw\Capacidad\ConsultaA_2025_v22.csv,54874
00033381,2025,12,LIMA,LIMA,ATE,MINSA,III-E,208,316,74,420,data\raw\Capacidad\ConsultaA_2025_v22.csv,54878
00005644,2025,1,LIMA,LIMA,RIMAC,MINSA,I-4,0,43,0,27,data\raw\Capacidad\ConsultaA_2025_v22.csv,54888
00007632,2025,11,LIMA,LIMA,PUENTE PIEDRA,MINSA,II-2,109,133,54,219,data\raw\Capacidad\ConsultaA_2025_v22.csv,55001
00006211,2025,12,LIMA,LIMA,PUEBLO LIBRE,MINSA,III-1,136,286,60,299,data\raw\Capacidad\ConsultaA_2025_v22.csv,55046
00014718,2025,11,LIMA,LIMA,SAN MIGUEL,SANIDAD DE LA POLICIA NACIONAL DEL PERU,II-E,20,28,0,36,data\raw\Capacidad\ConsultaA_2025_v22.csv,55066
00005799,2025,12,LIMA,LIMA,LOS OLIVOS,MINSA,I-4,3,37,2,34,data\raw\Capacidad\ConsultaA_2025_v22.csv,55090
00010098,2025,12,LIMA,LIMA,CHORRILLOS,SANIDAD DEL EJERCITO DEL PERU,II-E,15,54,0,72,data\raw\Capacidad\ConsultaA_2025_v22.csv,55097
00013914,2025,12,LIMA,LIMA,RIMAC,SANIDAD DEL EJERCITO DEL PERU,I-4,4,8,0,16,data\raw\Capacidad\ConsultaA_2025_v22.csv,55100
00007633,2025,10,LIMA,LIMA,SAN MARTIN DE PORRES,MINSA,III-1,383,455,297,667,data\raw\Capacidad\ConsultaA_2025_v22.csv,55112
00007634,2025,12,LIMA,LIMA,COMAS,MINSA,III-1,281,246,126,268,data\raw\Capacidad\ConsultaA_2025_v22.csv,55194
00008489,2025,11,LIMA,LIMA,MIRAFLORES,ESSALUD,II-2,84,257,45,217,data\raw\Capacidad\ConsultaA_2025_v22.csv,55614
00008318,2025,11,LIMA,LIMA,SANTA ANITA,ESSALUD,II-1,40,105,5,88,data\raw\Capacidad\ConsultaA_2025_v22.csv,55670
00008720,2025,10,LIMA,LIMA,JESUS MARIA,ESSALUD,III-2,1525,1591,459,1894,data\raw\Capacidad\ConsultaA_2025_v22.csv,55809
00014718,2025,12,LIMA,LIMA,SAN MIGUEL,SANIDAD DE LA POLICIA NACIONAL DEL PERU,II-E,20,29,0,35,data\raw\Capacidad\ConsultaA_2025_v22.csv,55907
00005842,2025,11,LIMA,LIMA,RIMAC,MINSA,I-4,0,17,0,24,data\raw\Capacidad\ConsultaA_2025_v22.csv,55958
00006209,2025,10,LIMA,LIMA,LIMA,MINSA,III-2,129,106,40,139,data\raw\Capacidad\ConsultaA_2025_v22.csv,56195
00007633,2025,9,LIMA,LIMA,SAN MARTIN DE PORRES,MINSA,III-1,386,448,297,617,data\raw\Capacidad\ConsultaA_2025_v22.csv,56196
00006151,2025,12,LIMA,LIMA,VILLA MARIA DEL TRIUNFO,MINSA,I-4,3,15,0,15,data\raw\Capacidad\ConsultaA_2025_v22.csv,56219
00006212,2025,12,LIMA,LIMA,LA VICTORIA,MINSA,III-E,61,168,9,152,data\raw\Capacidad\ConsultaA_2025_v22.csv,56279
00005755,2025,10,LIMA,LIMA,COMAS,MINSA,I-4,0,23,0,33,data\raw\Capacidad\ConsultaA_2025_v22.csv,56280
00005947,2025,12,LIMA,LIMA,LURIGANCHO,MINSA,II-2,62,163,18,132,data\raw\Capacidad\ConsultaA_2025_v22.csv,56320
00007633,2025,12,LIMA,LIMA,SAN MARTIN DE PORRES,MINSA,III-1,386,455,297,646,data\raw\Capacidad\ConsultaA_2025_v22.csv,56461
00006213,2025,11,LIMA,LIMA,MIRAFLORES,MINSA,III-E,69,188,38,202,data\raw\Capacidad\ConsultaA_2025_v22.csv,56470
00013591,2025,11,LIMA,LIMA,JESUS MARIA,SANIDAD DE LA POLICIA NACIONAL DEL PERU,III-1,368,545,182,429,data\raw\Capacidad\ConsultaA_2025_v22.csv,56482
00027565,2025,12,LIMA,LIMA,COMAS,ESSALUD,II-1,108,198,12,173,data\raw\Capacidad\ConsultaA_2025_v22.csv,56591
00005735,2025,12,LIMA,LIMA,CARABAYLLO,MINSA,I-4,10,40,0,52,data\raw\Capacidad\ConsultaA_2025_v22.csv,56607
00016094,2025,12,LIMA,LIMA,RIMAC,SANIDAD DE LA POLICIA NACIONAL DEL PERU,II-1,83,19,0,56,data\raw\Capacidad\ConsultaA_2025_v22.csv,56610
00010434,2025,11,LIMA,LIMA,SANTA ANITA,ESSALUD,II-E,200,58,3,116,data\raw\Capacidad\ConsultaA_2025_v22.csv,56712
00005817,2025,12,LIMA,LIMA,PUENTE PIEDRA,MINSA,I-4,6,21,0,26,data\raw\Capacidad\ConsultaA_2025_v22.csv,56762
00006215,2025,11,LIMA,LIMA,LIMA,MINSA,III-E,186,339,110,296,data\raw\Capacidad\ConsultaA_2025_v22.csv,56794
00005946,2025,11,LIMA,LIMA,EL AGUSTINO,MINSA,III-1,597,552,262,673,data\raw\Capacidad\ConsultaA_2025_v22.csv,56907
00005946,2025,8,LIMA,LIMA,EL AGUSTINO,MINSA,III-1,598,551,278,656,data\raw\Capacidad\ConsultaA_2025_v22.csv,57028
00007633,2025,1,LIMA,LIMA,SAN MARTIN DE PORRES,MINSA,III-1,385,472,297,667,data\raw\Capacidad\ConsultaA_2025_v22.csv,57305
00005617,2025,11,LIMA,LIMA,SAN JUAN DE LURIGANCHO,MINSA,II-2,119,223,23,317,data\raw\Capacidad\ConsultaA_2025_v22.csv,57306
00016918,2025,11,LIMA,LIMA,SAN BORJA,MINSA,III-2,241,419,96,457,data\raw\Capacidad\ConsultaA_2025_v22.csv,57381
00005772,2025,11,LIMA,LIMA,COMAS,MINSA,I-4,8,30,0,30,data\raw\Capacidad\ConsultaA_2025_v22.csv,57545
00006164,2025,2,LIMA,LIMA,VILLA MARIA DEL TRIUNFO,MINSA,I-4,14,9,0,13,data\raw\Capacidad\ConsultaA_2025_v22.csv,57565
00010098,2025,10,LIMA,LIMA,CHORRILLOS,SANIDAD DEL EJERCITO DEL PERU,II-E,15,52,0,72,data\raw\Capacidad\ConsultaA_2025_v22.csv,57568
00006209,2025,12,LIMA,LIMA,LIMA,MINSA,III-2,123,110,40,131,data\raw\Capacidad\ConsultaA_2025_v22.csv,57591
00008353,2025,11,LIMA,LIMA,ATE,ESSALUD,II-1,66,110,16,109,data\raw\Capacidad\ConsultaA_2025_v22.csv,57637
00005617,2025,10,LIMA,LIMA,SAN JUAN DE LURIGANCHO,MINSA,II-2,119,229,23,317,data\raw\Capacidad\ConsultaA_2025_v22.csv,57651
00010434,2025,12,LIMA,LIMA,SANTA ANITA,ESSALUD,II-E,200,60,2,113,data\raw\Capacidad\ConsultaA_2025_v22.csv,57687
00016094,2025,11,LIMA,LIMA,RIMAC,SANIDAD DE LA POLICIA NACIONAL DEL PERU,II-1,83,21,0,62,data\raw\Capacidad\ConsultaA_2025_v22.csv,57689
00010751,2025,10,LIMA,LIMA,MIRAFLORES,SANIDAD DE LA FUERZA AEREA DEL PERU,III-1,256,223,20,227,data\raw\Capacidad\ConsultaA_2025_v22.csv,58031
00006206,2025,12,LIMA,LIMA,LIMA,MINSA,III-1,470,491,203,259,data\raw\Capacidad\ConsultaA_2025_v22.csv,58125
00009188,2025,12,LIMA,LIMA,LIMA,ESSALUD,II-1,59,95,0,89,data\raw\Capacidad\ConsultaA_2025_v22.csv,58143
00006207,2025,6,LIMA,LIMA,LIMA,MINSA,III-1,623,944,371,803,data\raw\Capacidad\ConsultaA_2025_v22.csv,58339
00006207,2025,7,LIMA,LIMA,LIMA,MINSA,III-1,623,820,259,809,data\raw\Capacidad\ConsultaA_2025_v22.csv,58340
00006207,2025,8,LIMA,LIMA,LIMA,MINSA,III-1,623,969,417,801,data\raw\Capacidad\ConsultaA_2025_v22.csv,58341
00006207,2025,2,LIMA,LIMA,LIMA,MINSA,III-1,623,909,382,776,data\raw\Capacidad\ConsultaA_2025_v22.csv,58365
00006207,2025,3,LIMA,LIMA,LIMA,MINSA,III-1,623,909,382,776,data\raw\Capacidad\ConsultaA_2025_v22.csv,58366
00006207,2025,4,LIMA,LIMA,LIMA,MINSA,III-1,623,795,379,838,data\raw\Capacidad\ConsultaA_2025_v22.csv,58367
00006207,2025,9,LIMA,LIMA,LIMA,MINSA,III-1,623,987,414,792,data\raw\Capacidad\ConsultaA_2025_v22.csv,58369
00006207,2025,10,LIMA,LIMA,LIMA,MINSA,III-1,623,962,413,816,data\raw\Capacidad\ConsultaA_2025_v22.csv,58370
00005816,2025,12,LIMA,LIMA,PUENTE PIEDRA,MINSA,I-4,12,22,0,29,data\raw\Capacidad\ConsultaA_2025_v22.csv,58378
00013914,2025,10,LIMA,LIMA,RIMAC,SANIDAD DEL EJERCITO DEL PERU,I-4,4,8,0,16,data\raw\Capacidad\ConsultaA_2025_v22.csv,58396
00006164,2025,3,LIMA,LIMA,VILLA MARIA DEL TRIUNFO,MINSA,I-4,14,12,0,13,data\raw\Capacidad\ConsultaA_2025_v22.csv,58525
00007634,2025,11,LIMA,LIMA,COMAS,MINSA,III-1,280,252,126,268,data\raw\Capacidad\ConsultaA_2025_v22.csv,58604
00007734,2025,12,LIMA,LIMA,CHORRILLOS,MINSA,III-2,0,83,17,62,data\raw\Capacidad\ConsultaA_2025_v22.csv,58626
00006000,2025,12,LIMA,LIMA,CHORRILLOS,MINSA,I-4,16,23,0,22,data\raw\Capacidad\ConsultaA_2025_v22.csv,58726
00008489,2025,12,LIMA,LIMA,MIRAFLORES,ESSALUD,II-2,84,257,48,217,data\raw\Capacidad\ConsultaA_2025_v22.csv,59007
00006088,2025,12,LIMA,LIMA,SAN BARTOLO,MINSA,I-3,3,8,0,10,data\raw\Capacidad\ConsultaA_2025_v22.csv,59008
00005617,2025,12,LIMA,LIMA,SAN JUAN DE LURIGANCHO,MINSA,II-2,122,223,23,317,data\raw\Capacidad\ConsultaA_2025_v22.csv,59037
00006214,2025,12,LIMA,LIMA,MAGDALENA DEL MAR,MINSA,III-E,406,93,27,125,data\raw\Capacidad\ConsultaA_2025_v22.csv,59049
00009251,2025,12,LIMA,LIMA,LA VICTORIA,ESSALUD,III-2,1067,1248,338,1270,data\raw\Capacidad\ConsultaA_2025_v22.csv,59145
00006207,2025,5,LIMA,LIMA,LIMA,MINSA,III-1,623,940,373,815,data\raw\Capacidad\ConsultaA_2025_v22.csv,59201
00018011,2025,12,LIMA,LIMA,JESUS MARIA,ESSALUD,III-E,113,242,46,277,data\raw\Capacidad\ConsultaA_2025_v22.csv,59303
00005755,2025,12,LIMA,LIMA,COMAS,MINSA,I-4,0,23,0,33,data\raw\Capacidad\ConsultaA_2025_v22.csv,59417
00005883,2025,11,LIMA,LIMA,ATE,MINSA,II-1,50,104,0,99,data\raw\Capacidad\ConsultaA_2025_v22.csv,59489
00005946,2025,12,LIMA,LIMA,EL AGUSTINO,MINSA,III-1,597,545,273,673,data\raw\Capacidad\ConsultaA_2025_v22.csv,59527
00005842,2025,12,LIMA,LIMA,RIMAC,MINSA,I-4,0,17,0,24,data\raw\Capacidad\ConsultaA_2025_v22.csv,59584
00008502,2025,10,LIMA,LIMA,LIMA,ESSALUD,II-2,180,412,79,297,data\raw\Capacidad\ConsultaA_2025_v22.csv,59658
00006216,2025,12,LIMA,LIMA,BRE?A,MINSA,III-2,394,374,17,265,data\raw\Capacidad\ConsultaA_2025_v22.csv,60109
00017024,2025,12,LIMA,LIMA,JESUS MARIA,SANIDAD DEL EJERCITO DEL PERU,III-1,376,226,54,383,data\raw\Capacidad\ConsultaA_2025_v22.csv,60173
00006207,2025,12,LIMA,LIMA,LIMA,MINSA,III-1,622,975,436,814,data\raw\Capacidad\ConsultaA_2025_v22.csv,60246
00008318,2025,12,LIMA,LIMA,SANTA ANITA,ESSALUD,II-1,40,105,5,88,data\raw\Capacidad\ConsultaA_2025_v22.csv,60282
00006213,2025,12,LIMA,LIMA,MIRAFLORES,MINSA,III-E,67,188,38,202,data\raw\Capacidad\ConsultaA_2025_v22.csv,60326
00006124,2025,12,LIMA,LIMA,VILLA EL SALVADOR,MINSA,I-4,9,22,4,30,data\raw\Capacidad\ConsultaA_2025_v22.csv,60355
00016094,2026,2,LIMA,LIMA,RIMAC,SANIDAD DE LA POLICIA NACIONAL DEL PERU,II-1,73,31,0,52,data\raw\Capacidad\ConsultaA_2026_v13.csv,106
00008353,2026,3,LIMA,LIMA,ATE,ESSALUD,II-1,66,110,16,109,data\raw\Capacidad\ConsultaA_2026_v13.csv,202
00005817,2026,4,LIMA,LIMA,PUENTE PIEDRA,MINSA,I-4,6,21,0,24,data\raw\Capacidad\ConsultaA_2026_v13.csv,276
00008502,2026,2,LIMA,LIMA,LIMA,ESSALUD,II-2,179,421,79,281,data\raw\Capacidad\ConsultaA_2026_v13.csv,297
00009188,2026,3,LIMA,LIMA,LIMA,ESSALUD,II-1,62,99,0,88,data\raw\Capacidad\ConsultaA_2026_v13.csv,345
00005991,2026,2,LIMA,LIMA,CHORRILLOS,MINSA,I-4,10,27,0,16,data\raw\Capacidad\ConsultaA_2026_v13.csv,393
00006217,2026,1,LIMA,LIMA,LIMA,MINSA,III-2,7,119,33,75,data\raw\Capacidad\ConsultaA_2026_v13.csv,509
00006217,2026,2,LIMA,LIMA,LIMA,MINSA,III-2,7,122,33,72,data\raw\Capacidad\ConsultaA_2026_v13.csv,510
00016094,2026,3,LIMA,LIMA,RIMAC,SANIDAD DE LA POLICIA NACIONAL DEL PERU,II-1,74,34,0,56,data\raw\Capacidad\ConsultaA_2026_v13.csv,640
00006208,2026,3,LIMA,LIMA,LIMA,MINSA,III-2,336,282,121,478,data\raw\Capacidad\ConsultaA_2026_v13.csv,704
00006151,2026,3,LIMA,LIMA,VILLA MARIA DEL TRIUNFO,MINSA,I-4,3,15,0,15,data\raw\Capacidad\ConsultaA_2026_v13.csv,728
00005791,2026,3,LIMA,LIMA,INDEPENDENCIA,MINSA,I-4,15,40,0,35,data\raw\Capacidad\ConsultaA_2026_v13.csv,874
00010135,2026,3,LIMA,LIMA,LA MOLINA,ESSALUD,II-2,55,166,9,132,data\raw\Capacidad\ConsultaA_2026_v13.csv,960
00005948,2026,3,LIMA,LIMA,SANTA ANITA,MINSA,III-E,231,104,35,77,data\raw\Capacidad\ConsultaA_2026_v13.csv,966
00006208,2026,4,LIMA,LIMA,LIMA,MINSA,III-2,336,282,121,478,data\raw\Capacidad\ConsultaA_2026_v13.csv,1258
00006164,2026,2,LIMA,LIMA,VILLA MARIA DEL TRIUNFO,MINSA,I-4,14,9,0,14,data\raw\Capacidad\ConsultaA_2026_v13.csv,1368
00005842,2026,3,LIMA,LIMA,RIMAC,MINSA,I-4,8,18,0,26,data\raw\Capacidad\ConsultaA_2026_v13.csv,1378
00007633,2026,3,LIMA,LIMA,SAN MARTIN DE PORRES,MINSA,III-1,384,452,297,663,data\raw\Capacidad\ConsultaA_2026_v13.csv,1407
00008489,2026,3,LIMA,LIMA,MIRAFLORES,ESSALUD,II-2,85,253,40,215,data\raw\Capacidad\ConsultaA_2026_v13.csv,1427
00017024,2026,1,LIMA,LIMA,JESUS MARIA,SANIDAD DEL EJERCITO DEL PERU,III-1,376,226,54,383,data\raw\Capacidad\ConsultaA_2026_v13.csv,1444
00008709,2026,2,LIMA,LIMA,SANTIAGO DE SURCO,SANIDAD DE LA FUERZA AEREA DEL PERU,I-4,34,21,0,22,data\raw\Capacidad\ConsultaA_2026_v13.csv,1463
00007733,2026,3,LIMA,LIMA,SAN MARTIN DE PORRES,MINSA,III-2,90,121,54,70,data\raw\Capacidad\ConsultaA_2026_v13.csv,1475
00007733,2026,4,LIMA,LIMA,SAN MARTIN DE PORRES,MINSA,III-2,90,115,50,69,data\raw\Capacidad\ConsultaA_2026_v13.csv,1591
00005742,2026,2,LIMA,LIMA,SAN MARTIN DE PORRES,MINSA,I-4,6,29,0,28,data\raw\Capacidad\ConsultaA_2026_v13.csv,1638
00006210,2026,3,LIMA,LIMA,SURQUILLO,MINSA,III-2,396,471,205,509,data\raw\Capacidad\ConsultaA_2026_v13.csv,1661
00009188,2026,2,LIMA,LIMA,LIMA,ESSALUD,II-1,59,100,0,88,data\raw\Capacidad\ConsultaA_2026_v13.csv,1693
00016918,2026,2,LIMA,LIMA,SAN BORJA,MINSA,III-2,241,411,92,365,data\raw\Capacidad\ConsultaA_2026_v13.csv,1700
00006211,2026,3,LIMA,LIMA,PUEBLO LIBRE,MINSA,III-1,141,284,60,315,data\raw\Capacidad\ConsultaA_2026_v13.csv,1770
00027565,2026,3,LIMA,LIMA,COMAS,ESSALUD,II-1,108,203,12,174,data\raw\Capacidad\ConsultaA_2026_v13.csv,1871
00005991,2026,3,LIMA,LIMA,CHORRILLOS,MINSA,I-4,10,28,2,19,data\raw\Capacidad\ConsultaA_2026_v13.csv,1948
00005821,2026,3,LIMA,LIMA,PUENTE PIEDRA,MINSA,I-4,9,18,0,26,data\raw\Capacidad\ConsultaA_2026_v13.csv,1953
00023159,2026,3,LIMA,LIMA,VILLA EL SALVADOR,MINSA,III-1,260,503,84,519,data\raw\Capacidad\ConsultaA_2026_v13.csv,1955
00010135,2026,2,LIMA,LIMA,LA MOLINA,ESSALUD,II-2,55,163,10,122,data\raw\Capacidad\ConsultaA_2026_v13.csv,2070
00006213,2026,2,LIMA,LIMA,MIRAFLORES,MINSA,III-E,68,205,39,232,data\raw\Capacidad\ConsultaA_2026_v13.csv,2258
00007634,2026,2,LIMA,LIMA,COMAS,MINSA,III-1,281,242,126,268,data\raw\Capacidad\ConsultaA_2026_v13.csv,2267
00005644,2026,1,LIMA,LIMA,RIMAC,MINSA,I-4,0,45,1,27,data\raw\Capacidad\ConsultaA_2026_v13.csv,2324
00008318,2026,2,LIMA,LIMA,SANTA ANITA,ESSALUD,II-1,40,105,5,88,data\raw\Capacidad\ConsultaA_2026_v13.csv,2334
00007632,2026,2,LIMA,LIMA,PUENTE PIEDRA,MINSA,II-2,109,129,52,221,data\raw\Capacidad\ConsultaA_2026_v13.csv,2364
00005814,2026,2,LIMA,LIMA,ANCON,MINSA,I-4,5,12,0,15,data\raw\Capacidad\ConsultaA_2026_v13.csv,2428
00005817,2026,2,LIMA,LIMA,PUENTE PIEDRA,MINSA,I-4,6,20,0,24,data\raw\Capacidad\ConsultaA_2026_v13.csv,2439
00008741,2026,3,LIMA,LIMA,VILLA EL SALVADOR,ESSALUD,II-1,64,115,1,90,data\raw\Capacidad\ConsultaA_2026_v13.csv,2506
00005735,2026,2,LIMA,LIMA,CARABAYLLO,MINSA,I-4,10,40,0,52,data\raw\Capacidad\ConsultaA_2026_v13.csv,2554
00006207,2026,3,LIMA,LIMA,LIMA,MINSA,III-1,617,945,394,815,data\raw\Capacidad\ConsultaA_2026_v13.csv,2585
00005644,2026,3,LIMA,LIMA,RIMAC,MINSA,I-4,0,45,0,28,data\raw\Capacidad\ConsultaA_2026_v13.csv,2760
00008502,2026,3,LIMA,LIMA,LIMA,ESSALUD,II-2,178,440,79,288,data\raw\Capacidad\ConsultaA_2026_v13.csv,2780
00006207,2026,2,LIMA,LIMA,LIMA,MINSA,III-1,618,803,404,760,data\raw\Capacidad\ConsultaA_2026_v13.csv,2829
00005821,2026,2,LIMA,LIMA,PUENTE PIEDRA,MINSA,I-4,9,16,0,26,data\raw\Capacidad\ConsultaA_2026_v13.csv,2995
00006208,2026,2,LIMA,LIMA,LIMA,MINSA,III-2,336,282,121,478,data\raw\Capacidad\ConsultaA_2026_v13.csv,3000
00005755,2026,3,LIMA,LIMA,COMAS,MINSA,I-4,0,27,0,33,data\raw\Capacidad\ConsultaA_2026_v13.csv,3195
00010098,2026,3,LIMA,LIMA,CHORRILLOS,SANIDAD DEL EJERCITO DEL PERU,II-E,15,54,0,74,data\raw\Capacidad\ConsultaA_2026_v13.csv,3301
00013591,2026,2,LIMA,LIMA,JESUS MARIA,SANIDAD DE LA POLICIA NACIONAL DEL PERU,III-1,373,576,196,436,data\raw\Capacidad\ConsultaA_2026_v13.csv,3353
00008317,2026,2,LIMA,LIMA,SAN JUAN DE LURIGANCHO,ESSALUD,II-1,43,184,10,101,data\raw\Capacidad\ConsultaA_2026_v13.csv,3622
00006210,2026,2,LIMA,LIMA,SURQUILLO,MINSA,III-2,396,464,205,502,data\raw\Capacidad\ConsultaA_2026_v13.csv,3808
00005814,2026,3,LIMA,LIMA,ANCON,MINSA,I-4,5,12,0,15,data\raw\Capacidad\ConsultaA_2026_v13.csv,4075
00007634,2026,3,LIMA,LIMA,COMAS,MINSA,III-1,281,241,126,268,data\raw\Capacidad\ConsultaA_2026_v13.csv,4103
00027565,2026,2,LIMA,LIMA,COMAS,ESSALUD,II-1,108,207,12,173,data\raw\Capacidad\ConsultaA_2026_v13.csv,4159
00005735,2026,3,LIMA,LIMA,CARABAYLLO,MINSA,I-4,8,32,0,41,data\raw\Capacidad\ConsultaA_2026_v13.csv,4271
00006124,2026,3,LIMA,LIMA,VILLA EL SALVADOR,MINSA,I-4,9,26,4,33,data\raw\Capacidad\ConsultaA_2026_v13.csv,4347
00017024,2026,3,LIMA,LIMA,JESUS MARIA,SANIDAD DEL EJERCITO DEL PERU,III-1,376,226,54,383,data\raw\Capacidad\ConsultaA_2026_v13.csv,4349
00006209,2026,3,LIMA,LIMA,LIMA,MINSA,III-2,121,113,39,132,data\raw\Capacidad\ConsultaA_2026_v13.csv,4350
00033381,2026,3,LIMA,LIMA,ATE,MINSA,III-E,208,334,74,418,data\raw\Capacidad\ConsultaA_2026_v13.csv,4352
00008353,2026,2,LIMA,LIMA,ATE,ESSALUD,II-1,66,110,16,109,data\raw\Capacidad\ConsultaA_2026_v13.csv,4393
00005791,2026,2,LIMA,LIMA,INDEPENDENCIA,MINSA,I-4,15,40,1,35,data\raw\Capacidad\ConsultaA_2026_v13.csv,4520
00018011,2026,3,LIMA,LIMA,JESUS MARIA,ESSALUD,III-E,120,238,46,277,data\raw\Capacidad\ConsultaA_2026_v13.csv,4608
00005883,2026,3,LIMA,LIMA,ATE,MINSA,II-1,50,103,0,106,data\raw\Capacidad\ConsultaA_2026_v13.csv,4693
00005883,2026,2,LIMA,LIMA,ATE,MINSA,II-1,50,106,0,101,data\raw\Capacidad\ConsultaA_2026_v13.csv,4755
00006151,2026,2,LIMA,LIMA,VILLA MARIA DEL TRIUNFO,MINSA,I-4,3,15,0,15,data\raw\Capacidad\ConsultaA_2026_v13.csv,5029
00009251,2026,3,LIMA,LIMA,LA VICTORIA,ESSALUD,III-2,1074,1256,336,1267,data\raw\Capacidad\ConsultaA_2026_v13.csv,5074
00006000,2026,3,LIMA,LIMA,CHORRILLOS,MINSA,I-4,16,24,0,17,data\raw\Capacidad\ConsultaA_2026_v13.csv,5174
00005617,2026,2,LIMA,LIMA,SAN JUAN DE LURIGANCHO,MINSA,II-2,123,296,28,323,data\raw\Capacidad\ConsultaA_2026_v13.csv,5435
00006213,2026,3,LIMA,LIMA,MIRAFLORES,MINSA,III-E,70,205,38,223,data\raw\Capacidad\ConsultaA_2026_v13.csv,5466
00006000,2026,4,LIMA,LIMA,CHORRILLOS,MINSA,I-4,16,23,0,19,data\raw\Capacidad\ConsultaA_2026_v13.csv,5485
00007733,2026,2,LIMA,LIMA,SAN MARTIN DE PORRES,MINSA,III-2,90,121,54,72,data\raw\Capacidad\ConsultaA_2026_v13.csv,5659
00006212,2026,2,LIMA,LIMA,LA VICTORIA,MINSA,III-E,60,165,11,137,data\raw\Capacidad\ConsultaA_2026_v13.csv,5677
00008720,2026,5,LIMA,LIMA,JESUS MARIA,ESSALUD,III-2,1536,1600,459,1891,data\raw\Capacidad\ConsultaA_2026_v13.csv,5788
00006124,2026,1,LIMA,LIMA,VILLA EL SALVADOR,MINSA,I-4,9,26,4,33,data\raw\Capacidad\ConsultaA_2026_v13.csv,6029
00005755,2026,7,LIMA,LIMA,COMAS,MINSA,I-4,0,26,0,39,data\raw\Capacidad\ConsultaA_2026_v13.csv,6056
00023159,2026,6,LIMA,LIMA,VILLA EL SALVADOR,MINSA,III-1,260,533,43,474,data\raw\Capacidad\ConsultaA_2026_v13.csv,6097
00005617,2026,1,LIMA,LIMA,SAN JUAN DE LURIGANCHO,MINSA,II-2,125,224,23,322,data\raw\Capacidad\ConsultaA_2026_v13.csv,6218
00005772,2026,7,LIMA,LIMA,COMAS,MINSA,I-4,8,28,0,39,data\raw\Capacidad\ConsultaA_2026_v13.csv,6261
00005948,2026,7,LIMA,LIMA,SANTA ANITA,MINSA,III-E,231,109,36,85,data\raw\Capacidad\ConsultaA_2026_v13.csv,6288
00012923,2026,4,LIMA,LIMA,PUENTE PIEDRA,SANIDAD DE LA POLICIA NACIONAL DEL PERU,I-2,0,7,0,7,data\raw\Capacidad\ConsultaA_2026_v13.csv,6305
00008353,2026,7,LIMA,LIMA,ATE,ESSALUD,II-1,66,99,25,108,data\raw\Capacidad\ConsultaA_2026_v13.csv,6364
00005883,2026,7,LIMA,LIMA,ATE,MINSA,II-1,50,114,0,111,data\raw\Capacidad\ConsultaA_2026_v13.csv,6463
00005755,2026,5,LIMA,LIMA,COMAS,MINSA,I-4,0,27,0,31,data\raw\Capacidad\ConsultaA_2026_v13.csv,6514
00007633,2026,5,LIMA,LIMA,SAN MARTIN DE PORRES,MINSA,III-1,376,461,297,664,data\raw\Capacidad\ConsultaA_2026_v13.csv,6529
00013914,2026,3,LIMA,LIMA,RIMAC,SANIDAD DEL EJERCITO DEL PERU,I-4,4,8,0,16,data\raw\Capacidad\ConsultaA_2026_v13.csv,6570
00006214,2026,3,LIMA,LIMA,MAGDALENA DEL MAR,MINSA,III-E,416,88,27,137,data\raw\Capacidad\ConsultaA_2026_v13.csv,6655
00013914,2026,4,LIMA,LIMA,RIMAC,SANIDAD DEL EJERCITO DEL PERU,I-4,4,8,0,16,data\raw\Capacidad\ConsultaA_2026_v13.csv,6742
00008489,2026,7,LIMA,LIMA,MIRAFLORES,ESSALUD,II-2,85,252,30,215,data\raw\Capacidad\ConsultaA_2026_v13.csv,6947
00006213,2026,7,LIMA,LIMA,MIRAFLORES,MINSA,III-E,70,222,38,223,data\raw\Capacidad\ConsultaA_2026_v13.csv,7094
00014718,2026,6,LIMA,LIMA,SAN MIGUEL,SANIDAD DE LA POLICIA NACIONAL DEL PERU,II-E,23,30,0,33,data\raw\Capacidad\ConsultaA_2026_v13.csv,7226
00006151,2026,6,LIMA,LIMA,VILLA MARIA DEL TRIUNFO,MINSA,I-4,3,15,0,15,data\raw\Capacidad\ConsultaA_2026_v13.csv,7252
00010434,2026,7,LIMA,LIMA,SANTA ANITA,ESSALUD,II-E,200,57,4,114,data\raw\Capacidad\ConsultaA_2026_v13.csv,7262
00005814,2026,6,LIMA,LIMA,ANCON,MINSA,I-4,5,13,0,15,data\raw\Capacidad\ConsultaA_2026_v13.csv,7418
00009251,2026,6,LIMA,LIMA,LA VICTORIA,ESSALUD,III-2,1078,1245,336,1283,data\raw\Capacidad\ConsultaA_2026_v13.csv,7419
00005755,2026,4,LIMA,LIMA,COMAS,MINSA,I-4,0,27,0,30,data\raw\Capacidad\ConsultaA_2026_v13.csv,7491
00005987,2026,7,LIMA,LIMA,SAN JUAN DE MIRAFLORES,MINSA,III-1,430,364,225,484,data\raw\Capacidad\ConsultaA_2026_v13.csv,7557
00007633,2026,7,LIMA,LIMA,SAN MARTIN DE PORRES,MINSA,III-1,389,459,297,622,data\raw\Capacidad\ConsultaA_2026_v13.csv,7583
00006214,2026,5,LIMA,LIMA,MAGDALENA DEL MAR,MINSA,III-E,416,87,27,134,data\raw\Capacidad\ConsultaA_2026_v13.csv,7948
00005791,2026,6,LIMA,LIMA,INDEPENDENCIA,MINSA,I-4,15,39,0,39,data\raw\Capacidad\ConsultaA_2026_v13.csv,8095
00008564,2026,7,LIMA,LIMA,SAN MIGUEL,ESSALUD,II-1,46,122,0,97,data\raw\Capacidad\ConsultaA_2026_v13.csv,8238
00033381,2026,6,LIMA,LIMA,ATE,MINSA,III-E,202,327,74,415,data\raw\Capacidad\ConsultaA_2026_v13.csv,8622
00008564,2026,6,LIMA,LIMA,SAN MIGUEL,ESSALUD,II-1,46,122,0,96,data\raw\Capacidad\ConsultaA_2026_v13.csv,8624
00006211,2026,7,LIMA,LIMA,PUEBLO LIBRE,MINSA,III-1,144,353,60,308,data\raw\Capacidad\ConsultaA_2026_v13.csv,8648
00005816,2026,2,LIMA,LIMA,PUENTE PIEDRA,MINSA,I-4,11,20,0,30,data\raw\Capacidad\ConsultaA_2026_v13.csv,9222
00008502,2026,7,LIMA,LIMA,LIMA,ESSALUD,II-2,178,420,79,302,data\raw\Capacidad\ConsultaA_2026_v13.csv,9470
00010098,2026,6,LIMA,LIMA,CHORRILLOS,SANIDAD DEL EJERCITO DEL PERU,II-E,15,51,0,73,data\raw\Capacidad\ConsultaA_2026_v13.csv,9681
00016094,2026,6,LIMA,LIMA,RIMAC,SANIDAD DE LA POLICIA NACIONAL DEL PERU,II-1,85,40,0,57,data\raw\Capacidad\ConsultaA_2026_v13.csv,9736
00035628,2026,7,LIMA,LIMA,SAN MARTIN DE PORRES,ESSALUD,II-E,36,44,0,49,data\raw\Capacidad\ConsultaA_2026_v13.csv,9756
00006215,2026,5,LIMA,LIMA,LIMA,MINSA,III-E,188,347,107,306,data\raw\Capacidad\ConsultaA_2026_v13.csv,9779
00006088,2026,4,LIMA,LIMA,SAN BARTOLO,MINSA,I-4,3,8,0,10,data\raw\Capacidad\ConsultaA_2026_v13.csv,9975
00009251,2026,1,LIMA,LIMA,LA VICTORIA,ESSALUD,III-2,1068,1234,337,1252,data\raw\Capacidad\ConsultaA_2026_v13.csv,9996
00005617,2026,7,LIMA,LIMA,SAN JUAN DE LURIGANCHO,MINSA,II-2,121,293,28,328,data\raw\Capacidad\ConsultaA_2026_v13.csv,10018
00010751,2026,6,LIMA,LIMA,MIRAFLORES,SANIDAD DE LA FUERZA AEREA DEL PERU,III-1,226,235,20,231,data\raw\Capacidad\ConsultaA_2026_v13.csv,10120
00005817,2026,5,LIMA,LIMA,PUENTE PIEDRA,MINSA,I-4,6,23,0,22,data\raw\Capacidad\ConsultaA_2026_v13.csv,10272
00008318,2026,1,LIMA,LIMA,SANTA ANITA,ESSALUD,II-1,40,105,5,88,data\raw\Capacidad\ConsultaA_2026_v13.csv,10274
00006209,2026,6,LIMA,LIMA,LIMA,MINSA,III-2,122,118,40,139,data\raw\Capacidad\ConsultaA_2026_v13.csv,10287
00007734,2026,7,LIMA,LIMA,CHORRILLOS,MINSA,III-2,0,87,13,61,data\raw\Capacidad\ConsultaA_2026_v13.csv,10325
00005842,2026,2,LIMA,LIMA,RIMAC,MINSA,I-4,8,18,0,26,data\raw\Capacidad\ConsultaA_2026_v13.csv,10421
00009251,2026,5,LIMA,LIMA,LA VICTORIA,ESSALUD,III-2,1079,1247,336,1266,data\raw\Capacidad\ConsultaA_2026_v13.csv,10634
00006088,2026,5,LIMA,LIMA,SAN BARTOLO,MINSA,I-4,3,8,0,10,data\raw\Capacidad\ConsultaA_2026_v13.csv,10793
00007734,2026,4,LIMA,LIMA,CHORRILLOS,MINSA,III-2,0,85,19,62,data\raw\Capacidad\ConsultaA_2026_v13.csv,10825
00005791,2026,4,LIMA,LIMA,INDEPENDENCIA,MINSA,I-4,15,40,0,34,data\raw\Capacidad\ConsultaA_2026_v13.csv,10837
00006207,2026,4,LIMA,LIMA,LIMA,MINSA,III-1,617,1015,398,832,data\raw\Capacidad\ConsultaA_2026_v13.csv,10935
00005948,2026,1,LIMA,LIMA,SANTA ANITA,MINSA,III-E,209,90,34,81,data\raw\Capacidad\ConsultaA_2026_v13.csv,11012
00006164,2026,5,LIMA,LIMA,VILLA MARIA DEL TRIUNFO,MINSA,I-4,14,11,0,12,data\raw\Capacidad\ConsultaA_2026_v13.csv,11071
00014718,2026,5,LIMA,LIMA,SAN MIGUEL,SANIDAD DE LA POLICIA NACIONAL DEL PERU,II-E,22,28,0,33,data\raw\Capacidad\ConsultaA_2026_v13.csv,11250
00005816,2026,5,LIMA,LIMA,PUENTE PIEDRA,MINSA,I-4,12,22,0,30,data\raw\Capacidad\ConsultaA_2026_v13.csv,11314
00010098,2026,4,LIMA,LIMA,CHORRILLOS,SANIDAD DEL EJERCITO DEL PERU,II-E,15,53,0,74,data\raw\Capacidad\ConsultaA_2026_v13.csv,11393
00009188,2026,5,LIMA,LIMA,LIMA,ESSALUD,II-1,59,100,0,93,data\raw\Capacidad\ConsultaA_2026_v13.csv,11502
00008318,2026,5,LIMA,LIMA,SANTA ANITA,ESSALUD,II-1,40,114,5,88,data\raw\Capacidad\ConsultaA_2026_v13.csv,11503
00016918,2026,4,LIMA,LIMA,SAN BORJA,MINSA,III-2,241,437,101,500,data\raw\Capacidad\ConsultaA_2026_v13.csv,11550
00023159,2026,5,LIMA,LIMA,VILLA EL SALVADOR,MINSA,III-1,260,555,46,517,data\raw\Capacidad\ConsultaA_2026_v13.csv,11679
00027565,2026,5,LIMA,LIMA,COMAS,ESSALUD,II-1,108,206,15,179,data\raw\Capacidad\ConsultaA_2026_v13.csv,11689
00010434,2026,5,LIMA,LIMA,SANTA ANITA,ESSALUD,II-E,200,53,2,114,data\raw\Capacidad\ConsultaA_2026_v13.csv,11862
00005883,2026,5,LIMA,LIMA,ATE,MINSA,II-1,50,111,0,112,data\raw\Capacidad\ConsultaA_2026_v13.csv,11885
00008720,2026,4,LIMA,LIMA,JESUS MARIA,ESSALUD,III-2,1536,1606,459,1902,data\raw\Capacidad\ConsultaA_2026_v13.csv,12011
00006215,2026,1,LIMA,LIMA,LIMA,MINSA,III-E,193,342,107,306,data\raw\Capacidad\ConsultaA_2026_v13.csv,12094
00008489,2026,1,LIMA,LIMA,MIRAFLORES,ESSALUD,II-2,85,253,42,216,data\raw\Capacidad\ConsultaA_2026_v13.csv,12103
00008720,2026,3,LIMA,LIMA,JESUS MARIA,ESSALUD,III-2,1536,1605,459,1913,data\raw\Capacidad\ConsultaA_2026_v13.csv,12105
00005987,2026,4,LIMA,LIMA,SAN JUAN DE MIRAFLORES,MINSA,III-1,428,318,218,422,data\raw\Capacidad\ConsultaA_2026_v13.csv,12158
00006124,2026,4,LIMA,LIMA,VILLA EL SALVADOR,MINSA,I-4,9,26,4,33,data\raw\Capacidad\ConsultaA_2026_v13.csv,12162
00010751,2026,4,LIMA,LIMA,MIRAFLORES,SANIDAD DE LA FUERZA AEREA DEL PERU,III-1,237,235,20,231,data\raw\Capacidad\ConsultaA_2026_v13.csv,12507
00033381,2026,4,LIMA,LIMA,ATE,MINSA,III-E,202,331,74,417,data\raw\Capacidad\ConsultaA_2026_v13.csv,12602
00006217,2026,4,LIMA,LIMA,LIMA,MINSA,III-2,7,118,33,74,data\raw\Capacidad\ConsultaA_2026_v13.csv,12739
00008502,2026,4,LIMA,LIMA,LIMA,ESSALUD,II-2,179,441,79,304,data\raw\Capacidad\ConsultaA_2026_v13.csv,12742
00006209,2026,5,LIMA,LIMA,LIMA,MINSA,III-2,121,113,39,141,data\raw\Capacidad\ConsultaA_2026_v13.csv,12802
00014718,2026,1,LIMA,LIMA,SAN MIGUEL,SANIDAD DE LA POLICIA NACIONAL DEL PERU,II-E,23,29,0,37,data\raw\Capacidad\ConsultaA_2026_v13.csv,12834
00005617,2026,5,LIMA,LIMA,SAN JUAN DE LURIGANCHO,MINSA,II-2,124,293,28,323,data\raw\Capacidad\ConsultaA_2026_v13.csv,13003
00018011,2026,5,LIMA,LIMA,JESUS MARIA,ESSALUD,III-E,122,239,46,279,data\raw\Capacidad\ConsultaA_2026_v13.csv,13098
00005821,2026,5,LIMA,LIMA,PUENTE PIEDRA,MINSA,I-4,9,19,0,23,data\raw\Capacidad\ConsultaA_2026_v13.csv,13099
00008489,2026,4,LIMA,LIMA,MIRAFLORES,ESSALUD,II-2,85,253,32,213,data\raw\Capacidad\ConsultaA_2026_v13.csv,13212
00016094,2026,5,LIMA,LIMA,RIMAC,SANIDAD DE LA POLICIA NACIONAL DEL PERU,II-1,74,39,0,59,data\raw\Capacidad\ConsultaA_2026_v13.csv,13245
00005948,2026,2,LIMA,LIMA,SANTA ANITA,MINSA,III-E,231,99,35,81,data\raw\Capacidad\ConsultaA_2026_v13.csv,13260
00006211,2026,2,LIMA,LIMA,PUEBLO LIBRE,MINSA,III-1,141,283,60,299,data\raw\Capacidad\ConsultaA_2026_v13.csv,13262
00013591,2026,4,LIMA,LIMA,JESUS MARIA,SANIDAD DE LA POLICIA NACIONAL DEL PERU,III-1,396,523,157,419,data\raw\Capacidad\ConsultaA_2026_v13.csv,13418
00008564,2026,5,LIMA,LIMA,SAN MIGUEL,ESSALUD,II-1,46,124,0,96,data\raw\Capacidad\ConsultaA_2026_v13.csv,13851
00006216,2026,4,LIMA,LIMA,BRE?A,MINSA,III-2,394,378,17,68,data\raw\Capacidad\ConsultaA_2026_v13.csv,13986
00006084,2026,5,LIMA,LIMA,PUCUSANA,MINSA,I-4,4,8,0,6,data\raw\Capacidad\ConsultaA_2026_v13.csv,14023
00013914,2026,5,LIMA,LIMA,RIMAC,SANIDAD DEL EJERCITO DEL PERU,I-4,4,8,0,16,data\raw\Capacidad\ConsultaA_2026_v13.csv,14035
00006000,2026,2,LIMA,LIMA,CHORRILLOS,MINSA,I-4,16,24,0,22,data\raw\Capacidad\ConsultaA_2026_v13.csv,14139
00006210,2026,4,LIMA,LIMA,SURQUILLO,MINSA,III-2,396,476,205,490,data\raw\Capacidad\ConsultaA_2026_v13.csv,14154
00033381,2026,5,LIMA,LIMA,ATE,MINSA,III-E,202,329,74,416,data\raw\Capacidad\ConsultaA_2026_v13.csv,14319
00007632,2026,5,LIMA,LIMA,PUENTE PIEDRA,MINSA,II-2,109,131,52,221,data\raw\Capacidad\ConsultaA_2026_v13.csv,14388
00006084,2026,2,LIMA,LIMA,PUCUSANA,MINSA,I-4,4,9,0,7,data\raw\Capacidad\ConsultaA_2026_v13.csv,14495
00006164,2026,4,LIMA,LIMA,VILLA MARIA DEL TRIUNFO,MINSA,I-4,14,10,0,15,data\raw\Capacidad\ConsultaA_2026_v13.csv,14538
00012923,2026,5,LIMA,LIMA,PUENTE PIEDRA,SANIDAD DE LA POLICIA NACIONAL DEL PERU,I-2,0,3,0,5,data\raw\Capacidad\ConsultaA_2026_v13.csv,14597
00005735,2026,4,LIMA,LIMA,CARABAYLLO,MINSA,I-4,8,32,0,41,data\raw\Capacidad\ConsultaA_2026_v13.csv,14876
00035628,2026,4,LIMA,LIMA,SAN MARTIN DE PORRES,ESSALUD,II-E,42,45,0,47,data\raw\Capacidad\ConsultaA_2026_v13.csv,14947
00008564,2026,4,LIMA,LIMA,SAN MIGUEL,ESSALUD,II-1,46,123,0,97,data\raw\Capacidad\ConsultaA_2026_v13.csv,15018
00006207,2026,1,LIMA,LIMA,LIMA,MINSA,III-1,618,968,429,795,data\raw\Capacidad\ConsultaA_2026_v13.csv,15080
00006214,2026,4,LIMA,LIMA,MAGDALENA DEL MAR,MINSA,III-E,416,87,27,136,data\raw\Capacidad\ConsultaA_2026_v13.csv,15264
00005842,2026,5,LIMA,LIMA,RIMAC,MINSA,I-4,8,19,0,23,data\raw\Capacidad\ConsultaA_2026_v13.csv,15305
00008317,2026,5,LIMA,LIMA,SAN JUAN DE LURIGANCHO,ESSALUD,II-1,43,185,10,101,data\raw\Capacidad\ConsultaA_2026_v13.csv,15368
00005755,2026,2,LIMA,LIMA,COMAS,MINSA,I-4,0,24,0,27,data\raw\Capacidad\ConsultaA_2026_v13.csv,15515
00005735,2026,5,LIMA,LIMA,CARABAYLLO,MINSA,I-4,8,32,0,41,data\raw\Capacidad\ConsultaA_2026_v13.csv,15591
00005987,2026,1,LIMA,LIMA,SAN JUAN DE MIRAFLORES,MINSA,III-1,411,379,245,427,data\raw\Capacidad\ConsultaA_2026_v13.csv,15617
00008741,2026,4,LIMA,LIMA,VILLA EL SALVADOR,ESSALUD,II-1,64,115,1,90,data\raw\Capacidad\ConsultaA_2026_v13.csv,15764
00006151,2026,4,LIMA,LIMA,VILLA MARIA DEL TRIUNFO,MINSA,I-4,3,15,0,15,data\raw\Capacidad\ConsultaA_2026_v13.csv,15794
00010135,2026,5,LIMA,LIMA,LA MOLINA,ESSALUD,II-2,52,170,9,140,data\raw\Capacidad\ConsultaA_2026_v13.csv,15802
00008317,2026,4,LIMA,LIMA,SAN JUAN DE LURIGANCHO,ESSALUD,II-1,43,187,10,98,data\raw\Capacidad\ConsultaA_2026_v13.csv,16020
00005814,2026,5,LIMA,LIMA,ANCON,MINSA,I-4,5,13,0,15,data\raw\Capacidad\ConsultaA_2026_v13.csv,16064
00008353,2026,4,LIMA,LIMA,ATE,ESSALUD,II-1,66,101,25,106,data\raw\Capacidad\ConsultaA_2026_v13.csv,16199
00009251,2026,7,LIMA,LIMA,LA VICTORIA,ESSALUD,III-2,1075,1242,332,1285,data\raw\Capacidad\ConsultaA_2026_v13.csv,16284
00005816,2026,7,LIMA,LIMA,PUENTE PIEDRA,MINSA,I-4,12,22,0,29,data\raw\Capacidad\ConsultaA_2026_v13.csv,16333
00013591,2026,7,LIMA,LIMA,JESUS MARIA,SANIDAD DE LA POLICIA NACIONAL DEL PERU,III-1,363,509,150,417,data\raw\Capacidad\ConsultaA_2026_v13.csv,16525
00006210,2026,6,LIMA,LIMA,SURQUILLO,MINSA,III-2,396,445,175,502,data\raw\Capacidad\ConsultaA_2026_v13.csv,16545
00010135,2026,7,LIMA,LIMA,LA MOLINA,ESSALUD,II-2,54,125,9,118,data\raw\Capacidad\ConsultaA_2026_v13.csv,16679
00006000,2026,7,LIMA,LIMA,CHORRILLOS,MINSA,I-4,16,22,0,23,data\raw\Capacidad\ConsultaA_2026_v13.csv,16686
00014718,2026,2,LIMA,LIMA,SAN MIGUEL,SANIDAD DE LA POLICIA NACIONAL DEL PERU,II-E,22,30,0,29,data\raw\Capacidad\ConsultaA_2026_v13.csv,16705
00005617,2026,6,LIMA,LIMA,SAN JUAN DE LURIGANCHO,MINSA,II-2,124,293,28,328,data\raw\Capacidad\ConsultaA_2026_v13.csv,16733
00005821,2026,6,LIMA,LIMA,PUENTE PIEDRA,MINSA,I-4,9,18,0,24,data\raw\Capacidad\ConsultaA_2026_v13.csv,16853
00012923,2026,7,LIMA,LIMA,PUENTE PIEDRA,SANIDAD DE LA POLICIA NACIONAL DEL PERU,I-2,0,6,0,10,data\raw\Capacidad\ConsultaA_2026_v13.csv,16887
00006216,2026,7,LIMA,LIMA,BRE?A,MINSA,III-2,394,390,15,691,data\raw\Capacidad\ConsultaA_2026_v13.csv,16940
00005987,2026,6,LIMA,LIMA,SAN JUAN DE MIRAFLORES,MINSA,III-1,430,318,218,422,data\raw\Capacidad\ConsultaA_2026_v13.csv,17249
00005735,2026,7,LIMA,LIMA,CARABAYLLO,MINSA,I-4,8,32,0,41,data\raw\Capacidad\ConsultaA_2026_v13.csv,17333
00008317,2026,7,LIMA,LIMA,SAN JUAN DE LURIGANCHO,ESSALUD,II-1,43,192,10,102,data\raw\Capacidad\ConsultaA_2026_v13.csv,17362
00005814,2026,7,LIMA,LIMA,ANCON,MINSA,I-4,5,13,0,15,data\raw\Capacidad\ConsultaA_2026_v13.csv,17469
00006216,2026,1,LIMA,LIMA,BRE?A,MINSA,III-2,394,358,17,158,data\raw\Capacidad\ConsultaA_2026_v13.csv,17490
00007634,2026,4,LIMA,LIMA,COMAS,MINSA,III-1,281,241,126,277,data\raw\Capacidad\ConsultaA_2026_v13.csv,17670
00006206,2026,1,LIMA,LIMA,LIMA,MINSA,III-1,475,497,200,308,data\raw\Capacidad\ConsultaA_2026_v13.csv,17769
00005799,2026,7,LIMA,LIMA,LOS OLIVOS,MINSA,I-4,3,39,0,37,data\raw\Capacidad\ConsultaA_2026_v13.csv,17823
00006215,2026,3,LIMA,LIMA,LIMA,MINSA,III-E,186,351,109,305,data\raw\Capacidad\ConsultaA_2026_v13.csv,17876
00005842,2026,1,LIMA,LIMA,RIMAC,MINSA,I-4,8,18,0,26,data\raw\Capacidad\ConsultaA_2026_v13.csv,18030
00005742,2026,6,LIMA,LIMA,SAN MARTIN DE PORRES,MINSA,I-4,6,35,1,48,data\raw\Capacidad\ConsultaA_2026_v13.csv,18163
00005799,2026,6,LIMA,LIMA,LOS OLIVOS,MINSA,I-4,3,39,0,37,data\raw\Capacidad\ConsultaA_2026_v13.csv,18301
00006212,2026,6,LIMA,LIMA,LA VICTORIA,MINSA,III-E,66,171,12,158,data\raw\Capacidad\ConsultaA_2026_v13.csv,18330
00005742,2026,7,LIMA,LIMA,SAN MARTIN DE PORRES,MINSA,I-4,6,38,1,47,data\raw\Capacidad\ConsultaA_2026_v13.csv,18359
00006124,2026,7,LIMA,LIMA,VILLA EL SALVADOR,MINSA,I-4,9,26,4,33,data\raw\Capacidad\ConsultaA_2026_v13.csv,18389
00017024,2026,7,LIMA,LIMA,JESUS MARIA,SANIDAD DEL EJERCITO DEL PERU,III-1,376,226,54,383,data\raw\Capacidad\ConsultaA_2026_v13.csv,18392
00005772,2026,6,LIMA,LIMA,COMAS,MINSA,I-4,8,30,0,37,data\raw\Capacidad\ConsultaA_2026_v13.csv,18453
00007733,2026,7,LIMA,LIMA,SAN MARTIN DE PORRES,MINSA,III-2,90,114,50,63,data\raw\Capacidad\ConsultaA_2026_v13.csv,18477
00006210,2026,7,LIMA,LIMA,SURQUILLO,MINSA,III-2,396,446,171,509,data\raw\Capacidad\ConsultaA_2026_v13.csv,18590
00007734,2026,6,LIMA,LIMA,CHORRILLOS,MINSA,III-2,0,82,21,61,data\raw\Capacidad\ConsultaA_2026_v13.csv,18627
00005755,2026,6,LIMA,LIMA,COMAS,MINSA,I-4,0,27,0,32,data\raw\Capacidad\ConsultaA_2026_v13.csv,18692
00016094,2026,7,LIMA,LIMA,RIMAC,SANIDAD DE LA POLICIA NACIONAL DEL PERU,II-1,74,41,0,57,data\raw\Capacidad\ConsultaA_2026_v13.csv,18747
00006000,2026,6,LIMA,LIMA,CHORRILLOS,MINSA,I-4,16,23,0,19,data\raw\Capacidad\ConsultaA_2026_v13.csv,18829
00006214,2026,6,LIMA,LIMA,MAGDALENA DEL MAR,MINSA,III-E,416,87,27,134,data\raw\Capacidad\ConsultaA_2026_v13.csv,18834
00008489,2026,6,LIMA,LIMA,MIRAFLORES,ESSALUD,II-2,85,254,31,216,data\raw\Capacidad\ConsultaA_2026_v13.csv,18921
00008502,2026,6,LIMA,LIMA,LIMA,ESSALUD,II-2,178,421,79,297,data\raw\Capacidad\ConsultaA_2026_v13.csv,18922
00005821,2026,7,LIMA,LIMA,PUENTE PIEDRA,MINSA,I-4,9,18,0,23,data\raw\Capacidad\ConsultaA_2026_v13.csv,18951
00005791,2026,7,LIMA,LIMA,INDEPENDENCIA,MINSA,I-4,15,39,0,39,data\raw\Capacidad\ConsultaA_2026_v13.csv,18956
00006207,2026,6,LIMA,LIMA,LIMA,MINSA,III-1,617,1032,399,846,data\raw\Capacidad\ConsultaA_2026_v13.csv,19203
00006151,2026,1,LIMA,LIMA,VILLA MARIA DEL TRIUNFO,MINSA,I-4,3,15,0,15,data\raw\Capacidad\ConsultaA_2026_v13.csv,19357
00005816,2026,6,LIMA,LIMA,PUENTE PIEDRA,MINSA,I-4,12,22,0,29,data\raw\Capacidad\ConsultaA_2026_v13.csv,19652
00008353,2026,6,LIMA,LIMA,ATE,ESSALUD,II-1,66,99,25,108,data\raw\Capacidad\ConsultaA_2026_v13.csv,19788
00007632,2026,6,LIMA,LIMA,PUENTE PIEDRA,MINSA,II-2,109,135,58,222,data\raw\Capacidad\ConsultaA_2026_v13.csv,19793
00008709,2026,5,LIMA,LIMA,SANTIAGO DE SURCO,SANIDAD DE LA FUERZA AEREA DEL PERU,I-4,34,19,0,21,data\raw\Capacidad\ConsultaA_2026_v13.csv,19805
00005842,2026,6,LIMA,LIMA,RIMAC,MINSA,I-4,5,16,0,23,data\raw\Capacidad\ConsultaA_2026_v13.csv,19823
00014718,2026,7,LIMA,LIMA,SAN MIGUEL,SANIDAD DE LA POLICIA NACIONAL DEL PERU,II-E,23,30,0,32,data\raw\Capacidad\ConsultaA_2026_v13.csv,19960
00005735,2026,6,LIMA,LIMA,CARABAYLLO,MINSA,I-4,8,32,0,41,data\raw\Capacidad\ConsultaA_2026_v13.csv,20005
00006206,2026,6,LIMA,LIMA,LIMA,MINSA,III-1,455,517,206,344,data\raw\Capacidad\ConsultaA_2026_v13.csv,20006
00007632,2026,7,LIMA,LIMA,PUENTE PIEDRA,MINSA,II-2,109,140,59,223,data\raw\Capacidad\ConsultaA_2026_v13.csv,20055
00010135,2026,4,LIMA,LIMA,LA MOLINA,ESSALUD,II-2,50,167,9,139,data\raw\Capacidad\ConsultaA_2026_v13.csv,20074
00017024,2026,6,LIMA,LIMA,JESUS MARIA,SANIDAD DEL EJERCITO DEL PERU,III-1,376,226,54,383,data\raw\Capacidad\ConsultaA_2026_v13.csv,20158
00006211,2026,6,LIMA,LIMA,PUEBLO LIBRE,MINSA,III-1,140,281,60,304,data\raw\Capacidad\ConsultaA_2026_v13.csv,20175
00018011,2026,6,LIMA,LIMA,JESUS MARIA,ESSALUD,III-E,126,239,46,278,data\raw\Capacidad\ConsultaA_2026_v13.csv,20203
00005617,2026,3,LIMA,LIMA,SAN JUAN DE LURIGANCHO,MINSA,II-2,125,293,28,323,data\raw\Capacidad\ConsultaA_2026_v13.csv,20257
00008720,2026,6,LIMA,LIMA,JESUS MARIA,ESSALUD,III-2,1536,1622,459,1947,data\raw\Capacidad\ConsultaA_2026_v13.csv,20322
00005991,2026,6,LIMA,LIMA,CHORRILLOS,MINSA,I-4,10,30,1,21,data\raw\Capacidad\ConsultaA_2026_v13.csv,20411
00027565,2026,4,LIMA,LIMA,COMAS,ESSALUD,II-1,108,204,12,163,data\raw\Capacidad\ConsultaA_2026_v13.csv,20457
00009188,2026,6,LIMA,LIMA,LIMA,ESSALUD,II-1,51,100,0,93,data\raw\Capacidad\ConsultaA_2026_v13.csv,20615
00006209,2026,4,LIMA,LIMA,LIMA,MINSA,III-2,121,115,39,143,data\raw\Capacidad\ConsultaA_2026_v13.csv,20771
00006124,2026,6,LIMA,LIMA,VILLA EL SALVADOR,MINSA,I-4,9,26,4,33,data\raw\Capacidad\ConsultaA_2026_v13.csv,20831
00005842,2026,7,LIMA,LIMA,RIMAC,MINSA,I-4,5,19,0,25,data\raw\Capacidad\ConsultaA_2026_v13.csv,20899
00006215,2026,7,LIMA,LIMA,LIMA,MINSA,III-E,172,354,109,312,data\raw\Capacidad\ConsultaA_2026_v13.csv,20951
00008318,2026,7,LIMA,LIMA,SANTA ANITA,ESSALUD,II-1,40,114,5,88,data\raw\Capacidad\ConsultaA_2026_v13.csv,21031
00005814,2026,4,LIMA,LIMA,ANCON,MINSA,I-4,5,12,0,15,data\raw\Capacidad\ConsultaA_2026_v13.csv,21135
00005817,2026,7,LIMA,LIMA,PUENTE PIEDRA,MINSA,I-4,6,23,0,24,data\raw\Capacidad\ConsultaA_2026_v13.csv,21309
00027565,2026,6,LIMA,LIMA,COMAS,ESSALUD,II-1,108,218,5,172,data\raw\Capacidad\ConsultaA_2026_v13.csv,21449
00006212,2026,3,LIMA,LIMA,LA VICTORIA,MINSA,III-E,6,167,11,151,data\raw\Capacidad\ConsultaA_2026_v13.csv,21518
00016918,2026,6,LIMA,LIMA,SAN BORJA,MINSA,III-2,241,454,111,545,data\raw\Capacidad\ConsultaA_2026_v13.csv,21535
00006215,2026,6,LIMA,LIMA,LIMA,MINSA,III-E,192,344,105,291,data\raw\Capacidad\ConsultaA_2026_v13.csv,21559
00010434,2026,6,LIMA,LIMA,SANTA ANITA,ESSALUD,II-E,200,56,4,114,data\raw\Capacidad\ConsultaA_2026_v13.csv,21595
00010135,2026,6,LIMA,LIMA,LA MOLINA,ESSALUD,II-2,54,148,9,111,data\raw\Capacidad\ConsultaA_2026_v13.csv,21688
00009188,2026,7,LIMA,LIMA,LIMA,ESSALUD,II-1,59,100,0,93,data\raw\Capacidad\ConsultaA_2026_v13.csv,22109
00005644,2026,2,LIMA,LIMA,RIMAC,MINSA,I-4,0,48,0,28,data\raw\Capacidad\ConsultaA_2026_v13.csv,22110
00007632,2026,4,LIMA,LIMA,PUENTE PIEDRA,MINSA,II-2,109,133,52,222,data\raw\Capacidad\ConsultaA_2026_v13.csv,22162
00006217,2026,3,LIMA,LIMA,LIMA,MINSA,III-2,7,122,33,76,data\raw\Capacidad\ConsultaA_2026_v13.csv,22354
00008317,2026,3,LIMA,LIMA,SAN JUAN DE LURIGANCHO,ESSALUD,II-1,43,190,10,99,data\raw\Capacidad\ConsultaA_2026_v13.csv,22580
00005821,2026,1,LIMA,LIMA,PUENTE PIEDRA,MINSA,I-4,9,18,0,25,data\raw\Capacidad\ConsultaA_2026_v13.csv,22758
00006217,2026,6,LIMA,LIMA,LIMA,MINSA,III-2,7,134,33,74,data\raw\Capacidad\ConsultaA_2026_v13.csv,22781
00005617,2026,4,LIMA,LIMA,SAN JUAN DE LURIGANCHO,MINSA,II-2,122,293,28,323,data\raw\Capacidad\ConsultaA_2026_v13.csv,22804
00007734,2026,3,LIMA,LIMA,CHORRILLOS,MINSA,III-2,0,88,15,61,data\raw\Capacidad\ConsultaA_2026_v13.csv,22899
00005772,2026,3,LIMA,LIMA,COMAS,MINSA,I-4,8,30,0,39,data\raw\Capacidad\ConsultaA_2026_v13.csv,22943
00005947,2026,1,LIMA,LIMA,LURIGANCHO,MINSA,II-2,62,159,17,132,data\raw\Capacidad\ConsultaA_2026_v13.csv,23076
00005947,2026,2,LIMA,LIMA,LURIGANCHO,MINSA,II-2,62,157,17,131,data\raw\Capacidad\ConsultaA_2026_v13.csv,23077
00005947,2026,3,LIMA,LIMA,LURIGANCHO,MINSA,II-2,62,157,17,139,data\raw\Capacidad\ConsultaA_2026_v13.csv,23078
00005947,2026,4,LIMA,LIMA,LURIGANCHO,MINSA,II-2,62,162,17,138,data\raw\Capacidad\ConsultaA_2026_v13.csv,23080
00006208,2026,5,LIMA,LIMA,LIMA,MINSA,III-2,336,282,121,478,data\raw\Capacidad\ConsultaA_2026_v13.csv,23156
00006206,2026,2,LIMA,LIMA,LIMA,MINSA,III-1,474,502,199,309,data\raw\Capacidad\ConsultaA_2026_v13.csv,23242
00006206,2026,3,LIMA,LIMA,LIMA,MINSA,III-1,457,511,211,329,data\raw\Capacidad\ConsultaA_2026_v13.csv,23243
00006206,2026,5,LIMA,LIMA,LIMA,MINSA,III-1,457,510,207,344,data\raw\Capacidad\ConsultaA_2026_v13.csv,23244
00017024,2026,4,LIMA,LIMA,JESUS MARIA,SANIDAD DEL EJERCITO DEL PERU,III-1,376,226,54,383,data\raw\Capacidad\ConsultaA_2026_v13.csv,23348
00008709,2026,4,LIMA,LIMA,SANTIAGO DE SURCO,SANIDAD DE LA FUERZA AEREA DEL PERU,I-4,34,19,0,21,data\raw\Capacidad\ConsultaA_2026_v13.csv,23368
00005946,2026,5,LIMA,LIMA,EL AGUSTINO,MINSA,III-1,591,558,259,677,data\raw\Capacidad\ConsultaA_2026_v13.csv,23375
00014718,2026,4,LIMA,LIMA,SAN MIGUEL,SANIDAD DE LA POLICIA NACIONAL DEL PERU,II-E,22,30,0,33,data\raw\Capacidad\ConsultaA_2026_v13.csv,23512
00013591,2026,6,LIMA,LIMA,JESUS MARIA,SANIDAD DE LA POLICIA NACIONAL DEL PERU,III-1,379,506,148,418,data\raw\Capacidad\ConsultaA_2026_v13.csv,23678
00008720,2026,7,LIMA,LIMA,JESUS MARIA,ESSALUD,III-2,1536,1614,459,1954,data\raw\Capacidad\ConsultaA_2026_v13.csv,23700
00006084,2026,7,LIMA,LIMA,PUCUSANA,MINSA,I-4,4,8,0,9,data\raw\Capacidad\ConsultaA_2026_v13.csv,23852
00005987,2026,5,LIMA,LIMA,SAN JUAN DE MIRAFLORES,MINSA,III-1,430,348,213,432,data\raw\Capacidad\ConsultaA_2026_v13.csv,23928
00008741,2026,5,LIMA,LIMA,VILLA EL SALVADOR,ESSALUD,II-1,64,116,1,90,data\raw\Capacidad\ConsultaA_2026_v13.csv,24009
00005946,2026,2,LIMA,LIMA,EL AGUSTINO,MINSA,III-1,591,559,259,674,data\raw\Capacidad\ConsultaA_2026_v13.csv,24066
00006124,2026,5,LIMA,LIMA,VILLA EL SALVADOR,MINSA,I-4,9,24,4,30,data\raw\Capacidad\ConsultaA_2026_v13.csv,24120
00005799,2026,2,LIMA,LIMA,LOS OLIVOS,MINSA,I-4,3,39,0,37,data\raw\Capacidad\ConsultaA_2026_v13.csv,24196
00016094,2026,4,LIMA,LIMA,RIMAC,SANIDAD DE LA POLICIA NACIONAL DEL PERU,II-1,74,41,0,60,data\raw\Capacidad\ConsultaA_2026_v13.csv,24211
00008741,2026,2,LIMA,LIMA,VILLA EL SALVADOR,ESSALUD,II-1,64,120,1,90,data\raw\Capacidad\ConsultaA_2026_v13.csv,24366
00009251,2026,4,LIMA,LIMA,LA VICTORIA,ESSALUD,III-2,1068,1250,336,1267,data\raw\Capacidad\ConsultaA_2026_v13.csv,24484
00005842,2026,4,LIMA,LIMA,RIMAC,MINSA,I-4,8,19,0,23,data\raw\Capacidad\ConsultaA_2026_v13.csv,24681
00006211,2026,4,LIMA,LIMA,PUEBLO LIBRE,MINSA,III-1,141,310,60,308,data\raw\Capacidad\ConsultaA_2026_v13.csv,24700
00005883,2026,4,LIMA,LIMA,ATE,MINSA,II-1,50,110,0,111,data\raw\Capacidad\ConsultaA_2026_v13.csv,24703
00013914,2026,2,LIMA,LIMA,RIMAC,SANIDAD DEL EJERCITO DEL PERU,I-4,4,8,0,16,data\raw\Capacidad\ConsultaA_2026_v13.csv,24743
00035628,2026,3,LIMA,LIMA,SAN MARTIN DE PORRES,ESSALUD,II-E,42,45,0,49,data\raw\Capacidad\ConsultaA_2026_v13.csv,24772
00023159,2026,2,LIMA,LIMA,VILLA EL SALVADOR,MINSA,III-1,260,526,43,473,data\raw\Capacidad\ConsultaA_2026_v13.csv,24842
00006207,2026,5,LIMA,LIMA,LIMA,MINSA,III-1,617,1003,396,834,data\raw\Capacidad\ConsultaA_2026_v13.csv,24860
00006212,2026,4,LIMA,LIMA,LA VICTORIA,MINSA,III-E,60,166,12,152,data\raw\Capacidad\ConsultaA_2026_v13.csv,25198
00007733,2026,5,LIMA,LIMA,SAN MARTIN DE PORRES,MINSA,III-2,90,114,50,66,data\raw\Capacidad\ConsultaA_2026_v13.csv,25333
00010098,2026,5,LIMA,LIMA,CHORRILLOS,SANIDAD DEL EJERCITO DEL PERU,II-E,15,53,0,74,data\raw\Capacidad\ConsultaA_2026_v13.csv,25335
00005947,2026,7,LIMA,LIMA,LURIGANCHO,MINSA,II-2,62,156,15,137,data\raw\Capacidad\ConsultaA_2026_v13.csv,25486
00005821,2026,4,LIMA,LIMA,PUENTE PIEDRA,MINSA,I-4,9,18,1,26,data\raw\Capacidad\ConsultaA_2026_v13.csv,25508
00005946,2026,4,LIMA,LIMA,EL AGUSTINO,MINSA,III-1,591,562,259,681,data\raw\Capacidad\ConsultaA_2026_v13.csv,25509
00017024,2026,5,LIMA,LIMA,JESUS MARIA,SANIDAD DEL EJERCITO DEL PERU,III-1,376,226,54,383,data\raw\Capacidad\ConsultaA_2026_v13.csv,25686
00005948,2026,6,LIMA,LIMA,SANTA ANITA,MINSA,III-E,231,97,35,80,data\raw\Capacidad\ConsultaA_2026_v13.csv,25830
00006212,2026,7,LIMA,LIMA,LA VICTORIA,MINSA,III-E,66,171,8,154,data\raw\Capacidad\ConsultaA_2026_v13.csv,25835
00005816,2026,4,LIMA,LIMA,PUENTE PIEDRA,MINSA,I-4,12,23,0,30,data\raw\Capacidad\ConsultaA_2026_v13.csv,26116
00005799,2026,3,LIMA,LIMA,LOS OLIVOS,MINSA,I-4,3,39,0,37,data\raw\Capacidad\ConsultaA_2026_v13.csv,26166
00005948,2026,5,LIMA,LIMA,SANTA ANITA,MINSA,III-E,231,97,36,81,data\raw\Capacidad\ConsultaA_2026_v13.csv,26427
00035628,2026,5,LIMA,LIMA,SAN MARTIN DE PORRES,ESSALUD,II-E,36,45,0,47,data\raw\Capacidad\ConsultaA_2026_v13.csv,26577
00027565,2026,7,LIMA,LIMA,COMAS,ESSALUD,II-1,107,224,12,175,data\raw\Capacidad\ConsultaA_2026_v13.csv,26643
00005735,2026,1,LIMA,LIMA,CARABAYLLO,MINSA,I-4,10,40,0,52,data\raw\Capacidad\ConsultaA_2026_v13.csv,26786
00018011,2026,1,LIMA,LIMA,JESUS MARIA,ESSALUD,III-E,118,238,46,276,data\raw\Capacidad\ConsultaA_2026_v13.csv,26982
00007633,2026,4,LIMA,LIMA,SAN MARTIN DE PORRES,MINSA,III-1,395,455,297,626,data\raw\Capacidad\ConsultaA_2026_v13.csv,27035
00006000,2026,5,LIMA,LIMA,CHORRILLOS,MINSA,I-4,16,23,0,19,data\raw\Capacidad\ConsultaA_2026_v13.csv,27039
00005742,2026,5,LIMA,LIMA,SAN MARTIN DE PORRES,MINSA,I-4,6,29,2,50,data\raw\Capacidad\ConsultaA_2026_v13.csv,27040
00005883,2026,6,LIMA,LIMA,ATE,MINSA,II-1,50,114,0,109,data\raw\Capacidad\ConsultaA_2026_v13.csv,27061
00006088,2026,2,LIMA,LIMA,SAN BARTOLO,MINSA,I-4,3,9,0,11,data\raw\Capacidad\ConsultaA_2026_v13.csv,27236
00005991,2026,4,LIMA,LIMA,CHORRILLOS,MINSA,I-4,10,31,1,19,data\raw\Capacidad\ConsultaA_2026_v13.csv,27391
00006213,2026,6,LIMA,LIMA,MIRAFLORES,MINSA,III-E,70,221,38,223,data\raw\Capacidad\ConsultaA_2026_v13.csv,27444
00008709,2026,7,LIMA,LIMA,SANTIAGO DE SURCO,SANIDAD DE LA FUERZA AEREA DEL PERU,I-4,34,19,0,22,data\raw\Capacidad\ConsultaA_2026_v13.csv,27450
00010751,2026,7,LIMA,LIMA,MIRAFLORES,SANIDAD DE LA FUERZA AEREA DEL PERU,III-1,212,235,20,231,data\raw\Capacidad\ConsultaA_2026_v13.csv,27467
00008353,2026,5,LIMA,LIMA,ATE,ESSALUD,II-1,66,99,25,108,data\raw\Capacidad\ConsultaA_2026_v13.csv,27570
00010098,2026,2,LIMA,LIMA,CHORRILLOS,SANIDAD DEL EJERCITO DEL PERU,II-E,15,53,0,74,data\raw\Capacidad\ConsultaA_2026_v13.csv,27803
00009188,2026,1,LIMA,LIMA,LIMA,ESSALUD,II-1,59,99,0,88,data\raw\Capacidad\ConsultaA_2026_v13.csv,27894
00007734,2026,2,LIMA,LIMA,CHORRILLOS,MINSA,III-2,0,83,13,63,data\raw\Capacidad\ConsultaA_2026_v13.csv,27951
00005772,2026,4,LIMA,LIMA,COMAS,MINSA,I-4,8,27,0,37,data\raw\Capacidad\ConsultaA_2026_v13.csv,27969
00014718,2026,3,LIMA,LIMA,SAN MIGUEL,SANIDAD DE LA POLICIA NACIONAL DEL PERU,II-E,22,29,0,34,data\raw\Capacidad\ConsultaA_2026_v13.csv,27981
00006216,2026,6,LIMA,LIMA,BRE?A,MINSA,III-2,394,380,17,667,data\raw\Capacidad\ConsultaA_2026_v13.csv,28042
00008709,2026,1,LIMA,LIMA,SANTIAGO DE SURCO,SANIDAD DE LA FUERZA AEREA DEL PERU,I-4,34,21,0,16,data\raw\Capacidad\ConsultaA_2026_v13.csv,28103
00016918,2026,7,LIMA,LIMA,SAN BORJA,MINSA,III-2,241,450,108,536,data\raw\Capacidad\ConsultaA_2026_v13.csv,28150
00005987,2026,2,LIMA,LIMA,SAN JUAN DE MIRAFLORES,MINSA,III-1,428,306,223,424,data\raw\Capacidad\ConsultaA_2026_v13.csv,28226
00006215,2026,2,LIMA,LIMA,LIMA,MINSA,III-E,188,352,106,294,data\raw\Capacidad\ConsultaA_2026_v13.csv,28263
00006212,2026,5,LIMA,LIMA,LA VICTORIA,MINSA,III-E,66,166,12,148,data\raw\Capacidad\ConsultaA_2026_v13.csv,28414
00010434,2026,3,LIMA,LIMA,SANTA ANITA,ESSALUD,II-E,200,53,2,114,data\raw\Capacidad\ConsultaA_2026_v13.csv,28441
00010751,2026,2,LIMA,LIMA,MIRAFLORES,SANIDAD DE LA FUERZA AEREA DEL PERU,III-1,239,235,20,231,data\raw\Capacidad\ConsultaA_2026_v13.csv,28689
00005799,2026,5,LIMA,LIMA,LOS OLIVOS,MINSA,I-4,3,39,0,37,data\raw\Capacidad\ConsultaA_2026_v13.csv,28719
00007733,2026,6,LIMA,LIMA,SAN MARTIN DE PORRES,MINSA,III-2,90,114,50,74,data\raw\Capacidad\ConsultaA_2026_v13.csv,28721
00008741,2026,6,LIMA,LIMA,VILLA EL SALVADOR,ESSALUD,II-1,64,115,1,90,data\raw\Capacidad\ConsultaA_2026_v13.csv,28906
00006208,2026,1,LIMA,LIMA,LIMA,MINSA,III-2,336,282,121,478,data\raw\Capacidad\ConsultaA_2026_v13.csv,28924
00007734,2026,5,LIMA,LIMA,CHORRILLOS,MINSA,III-2,0,84,20,61,data\raw\Capacidad\ConsultaA_2026_v13.csv,28961
00013591,2026,5,LIMA,LIMA,JESUS MARIA,SANIDAD DE LA POLICIA NACIONAL DEL PERU,III-1,396,497,156,418,data\raw\Capacidad\ConsultaA_2026_v13.csv,28962
00006210,2026,5,LIMA,LIMA,SURQUILLO,MINSA,III-2,396,475,204,505,data\raw\Capacidad\ConsultaA_2026_v13.csv,28963
00008489,2026,5,LIMA,LIMA,MIRAFLORES,ESSALUD,II-2,85,256,34,216,data\raw\Capacidad\ConsultaA_2026_v13.csv,28969
00005987,2026,3,LIMA,LIMA,SAN JUAN DE MIRAFLORES,MINSA,III-1,428,302,221,430,data\raw\Capacidad\ConsultaA_2026_v13.csv,29057
00023159,2026,4,LIMA,LIMA,VILLA EL SALVADOR,MINSA,III-1,260,530,47,484,data\raw\Capacidad\ConsultaA_2026_v13.csv,29083
00006216,2026,5,LIMA,LIMA,BRE?A,MINSA,III-2,394,371,17,641,data\raw\Capacidad\ConsultaA_2026_v13.csv,29114
00008318,2026,6,LIMA,LIMA,SANTA ANITA,ESSALUD,II-1,40,114,5,88,data\raw\Capacidad\ConsultaA_2026_v13.csv,29229
00006088,2026,6,LIMA,LIMA,SAN BARTOLO,MINSA,I-4,3,8,0,10,data\raw\Capacidad\ConsultaA_2026_v13.csv,29234
00006151,2026,5,LIMA,LIMA,VILLA MARIA DEL TRIUNFO,MINSA,I-4,3,15,0,15,data\raw\Capacidad\ConsultaA_2026_v13.csv,29272
00006211,2026,1,LIMA,LIMA,PUEBLO LIBRE,MINSA,III-1,139,283,60,301,data\raw\Capacidad\ConsultaA_2026_v13.csv,29509
00012923,2026,3,LIMA,LIMA,PUENTE PIEDRA,SANIDAD DE LA POLICIA NACIONAL DEL PERU,I-2,0,8,0,7,data\raw\Capacidad\ConsultaA_2026_v13.csv,29721
00013914,2026,6,LIMA,LIMA,RIMAC,SANIDAD DEL EJERCITO DEL PERU,I-4,4,8,0,16,data\raw\Capacidad\ConsultaA_2026_v13.csv,29793
00012923,2026,6,LIMA,LIMA,PUENTE PIEDRA,SANIDAD DE LA POLICIA NACIONAL DEL PERU,I-2,0,7,0,9,data\raw\Capacidad\ConsultaA_2026_v13.csv,30141
00005947,2026,5,LIMA,LIMA,LURIGANCHO,MINSA,II-2,62,159,15,137,data\raw\Capacidad\ConsultaA_2026_v13.csv,30530
00035628,2026,2,LIMA,LIMA,SAN MARTIN DE PORRES,ESSALUD,II-E,42,43,0,47,data\raw\Capacidad\ConsultaA_2026_v13.csv,30558
00008709,2026,3,LIMA,LIMA,SANTIAGO DE SURCO,SANIDAD DE LA FUERZA AEREA DEL PERU,I-4,34,19,0,21,data\raw\Capacidad\ConsultaA_2026_v13.csv,30636
00006215,2026,4,LIMA,LIMA,LIMA,MINSA,III-E,161,341,103,290,data\raw\Capacidad\ConsultaA_2026_v13.csv,30726
00006084,2026,3,LIMA,LIMA,PUCUSANA,MINSA,I-4,4,8,0,8,data\raw\Capacidad\ConsultaA_2026_v13.csv,30787
00016918,2026,3,LIMA,LIMA,SAN BORJA,MINSA,III-2,241,422,97,471,data\raw\Capacidad\ConsultaA_2026_v13.csv,30789
00006216,2026,2,LIMA,LIMA,BRE?A,MINSA,III-2,394,347,17,22,data\raw\Capacidad\ConsultaA_2026_v13.csv,30815
00013591,2026,3,LIMA,LIMA,JESUS MARIA,SANIDAD DE LA POLICIA NACIONAL DEL PERU,III-1,396,576,196,430,data\raw\Capacidad\ConsultaA_2026_v13.csv,30952
00005947,2026,6,LIMA,LIMA,LURIGANCHO,MINSA,II-2,62,157,14,137,data\raw\Capacidad\ConsultaA_2026_v13.csv,30954
00016918,2026,5,LIMA,LIMA,SAN BORJA,MINSA,III-2,241,442,106,551,data\raw\Capacidad\ConsultaA_2026_v13.csv,31041
00008502,2026,5,LIMA,LIMA,LIMA,ESSALUD,II-2,179,433,79,303,data\raw\Capacidad\ConsultaA_2026_v13.csv,31044
00005791,2026,5,LIMA,LIMA,INDEPENDENCIA,MINSA,I-4,15,40,0,36,data\raw\Capacidad\ConsultaA_2026_v13.csv,31282
00007633,2026,6,LIMA,LIMA,SAN MARTIN DE PORRES,MINSA,III-1,382,452,297,622,data\raw\Capacidad\ConsultaA_2026_v13.csv,31295
00006213,2026,4,LIMA,LIMA,MIRAFLORES,MINSA,III-E,69,221,38,223,data\raw\Capacidad\ConsultaA_2026_v13.csv,31651
00005946,2026,7,LIMA,LIMA,EL AGUSTINO,MINSA,III-1,591,565,260,682,data\raw\Capacidad\ConsultaA_2026_v13.csv,31671
00006206,2026,4,LIMA,LIMA,LIMA,MINSA,III-1,457,511,213,340,data\raw\Capacidad\ConsultaA_2026_v13.csv,31751
00010751,2026,3,LIMA,LIMA,MIRAFLORES,SANIDAD DE LA FUERZA AEREA DEL PERU,III-1,237,235,20,231,data\raw\Capacidad\ConsultaA_2026_v13.csv,31882
00006208,2026,7,LIMA,LIMA,LIMA,MINSA,III-2,336,282,121,478,data\raw\Capacidad\ConsultaA_2026_v13.csv,31942
00010098,2026,1,LIMA,LIMA,CHORRILLOS,SANIDAD DEL EJERCITO DEL PERU,II-E,15,55,0,73,data\raw\Capacidad\ConsultaA_2026_v13.csv,32134
00010434,2026,4,LIMA,LIMA,SANTA ANITA,ESSALUD,II-E,200,54,2,114,data\raw\Capacidad\ConsultaA_2026_v13.csv,32147
00008741,2026,7,LIMA,LIMA,VILLA EL SALVADOR,ESSALUD,II-1,64,116,1,93,data\raw\Capacidad\ConsultaA_2026_v13.csv,32250
00005644,2026,4,LIMA,LIMA,RIMAC,MINSA,I-4,0,44,0,27,data\raw\Capacidad\ConsultaA_2026_v13.csv,32345
00007632,2026,3,LIMA,LIMA,PUENTE PIEDRA,MINSA,II-2,109,129,52,220,data\raw\Capacidad\ConsultaA_2026_v13.csv,32456
00005644,2026,6,LIMA,LIMA,RIMAC,MINSA,I-4,0,44,0,28,data\raw\Capacidad\ConsultaA_2026_v13.csv,32522
00005948,2026,4,LIMA,LIMA,SANTA ANITA,MINSA,III-E,231,104,35,80,data\raw\Capacidad\ConsultaA_2026_v13.csv,32648
00006207,2026,7,LIMA,LIMA,LIMA,MINSA,III-1,617,1023,403,850,data\raw\Capacidad\ConsultaA_2026_v13.csv,32663
00006088,2026,1,LIMA,LIMA,SAN BARTOLO,MINSA,I-4,3,8,0,10,data\raw\Capacidad\ConsultaA_2026_v13.csv,32773
00005991,2026,5,LIMA,LIMA,CHORRILLOS,MINSA,I-4,10,30,1,19,data\raw\Capacidad\ConsultaA_2026_v13.csv,32836
00005791,2026,1,LIMA,LIMA,INDEPENDENCIA,MINSA,I-4,15,38,2,33,data\raw\Capacidad\ConsultaA_2026_v13.csv,32892
00006088,2026,3,LIMA,LIMA,SAN BARTOLO,MINSA,I-4,3,8,0,10,data\raw\Capacidad\ConsultaA_2026_v13.csv,32958
00008709,2026,6,LIMA,LIMA,SANTIAGO DE SURCO,SANIDAD DE LA FUERZA AEREA DEL PERU,I-4,34,19,0,21,data\raw\Capacidad\ConsultaA_2026_v13.csv,32974
00006206,2026,7,LIMA,LIMA,LIMA,MINSA,III-1,475,514,209,344,data\raw\Capacidad\ConsultaA_2026_v13.csv,33036
00018011,2026,4,LIMA,LIMA,JESUS MARIA,ESSALUD,III-E,120,235,46,278,data\raw\Capacidad\ConsultaA_2026_v13.csv,33140
00005814,2026,1,LIMA,LIMA,ANCON,MINSA,I-4,5,12,0,15,data\raw\Capacidad\ConsultaA_2026_v13.csv,33182
00007633,2026,2,LIMA,LIMA,SAN MARTIN DE PORRES,MINSA,III-1,387,433,297,593,data\raw\Capacidad\ConsultaA_2026_v13.csv,33239
00010751,2026,5,LIMA,LIMA,MIRAFLORES,SANIDAD DE LA FUERZA AEREA DEL PERU,III-1,237,235,20,231,data\raw\Capacidad\ConsultaA_2026_v13.csv,33253
00013591,2026,1,LIMA,LIMA,JESUS MARIA,SANIDAD DE LA POLICIA NACIONAL DEL PERU,III-1,356,564,196,430,data\raw\Capacidad\ConsultaA_2026_v13.csv,33334
00005772,2026,5,LIMA,LIMA,COMAS,MINSA,I-4,8,29,0,36,data\raw\Capacidad\ConsultaA_2026_v13.csv,33464
00018011,2026,7,LIMA,LIMA,JESUS MARIA,ESSALUD,III-E,125,236,43,278,data\raw\Capacidad\ConsultaA_2026_v13.csv,33478
00006209,2026,2,LIMA,LIMA,LIMA,MINSA,III-2,121,103,39,130,data\raw\Capacidad\ConsultaA_2026_v13.csv,33571
00008489,2026,2,LIMA,LIMA,MIRAFLORES,ESSALUD,II-2,85,257,36,216,data\raw\Capacidad\ConsultaA_2026_v13.csv,33633
00008564,2026,3,LIMA,LIMA,SAN MIGUEL,ESSALUD,II-1,46,122,0,95,data\raw\Capacidad\ConsultaA_2026_v13.csv,33643
00006216,2026,3,LIMA,LIMA,BRE?A,MINSA,III-2,394,359,17,76,data\raw\Capacidad\ConsultaA_2026_v13.csv,33696
00005946,2026,6,LIMA,LIMA,EL AGUSTINO,MINSA,III-1,591,562,267,680,data\raw\Capacidad\ConsultaA_2026_v13.csv,33792
00006208,2026,6,LIMA,LIMA,LIMA,MINSA,III-2,336,282,121,478,data\raw\Capacidad\ConsultaA_2026_v13.csv,33820
00007634,2026,6,LIMA,LIMA,COMAS,MINSA,III-1,281,246,126,410,data\raw\Capacidad\ConsultaA_2026_v13.csv,33869
00006214,2026,7,LIMA,LIMA,MAGDALENA DEL MAR,MINSA,III-E,416,88,27,134,data\raw\Capacidad\ConsultaA_2026_v13.csv,34022
00005742,2026,4,LIMA,LIMA,SAN MARTIN DE PORRES,MINSA,I-4,6,27,2,30,data\raw\Capacidad\ConsultaA_2026_v13.csv,34054
00005644,2026,5,LIMA,LIMA,RIMAC,MINSA,I-4,0,44,0,26,data\raw\Capacidad\ConsultaA_2026_v13.csv,34073
00007733,2026,1,LIMA,LIMA,SAN MARTIN DE PORRES,MINSA,III-2,90,112,54,64,data\raw\Capacidad\ConsultaA_2026_v13.csv,34141
00005742,2026,3,LIMA,LIMA,SAN MARTIN DE PORRES,MINSA,I-4,6,30,0,30,data\raw\Capacidad\ConsultaA_2026_v13.csv,34192
00005817,2026,3,LIMA,LIMA,PUENTE PIEDRA,MINSA,I-4,6,21,0,24,data\raw\Capacidad\ConsultaA_2026_v13.csv,34193
00006084,2026,4,LIMA,LIMA,PUCUSANA,MINSA,I-4,4,9,0,8,data\raw\Capacidad\ConsultaA_2026_v13.csv,34389
00005817,2026,6,LIMA,LIMA,PUENTE PIEDRA,MINSA,I-4,6,23,0,24,data\raw\Capacidad\ConsultaA_2026_v13.csv,34443
00008564,2026,2,LIMA,LIMA,SAN MIGUEL,ESSALUD,II-1,46,122,0,95,data\raw\Capacidad\ConsultaA_2026_v13.csv,34622
00008317,2026,6,LIMA,LIMA,SAN JUAN DE LURIGANCHO,ESSALUD,II-1,43,164,10,101,data\raw\Capacidad\ConsultaA_2026_v13.csv,34731
00008720,2026,2,LIMA,LIMA,JESUS MARIA,ESSALUD,III-2,1534,1595,459,1916,data\raw\Capacidad\ConsultaA_2026_v13.csv,34804
00006213,2026,5,LIMA,LIMA,MIRAFLORES,MINSA,III-E,69,221,38,223,data\raw\Capacidad\ConsultaA_2026_v13.csv,34831
00005816,2026,3,LIMA,LIMA,PUENTE PIEDRA,MINSA,I-4,11,20,0,30,data\raw\Capacidad\ConsultaA_2026_v13.csv,34952
00013914,2026,7,LIMA,LIMA,RIMAC,SANIDAD DEL EJERCITO DEL PERU,I-4,4,8,0,16,data\raw\Capacidad\ConsultaA_2026_v13.csv,35014
00027565,2026,1,LIMA,LIMA,COMAS,ESSALUD,II-1,108,202,12,175,data\raw\Capacidad\ConsultaA_2026_v13.csv,35022
00035628,2026,6,LIMA,LIMA,SAN MARTIN DE PORRES,ESSALUD,II-E,36,44,0,47,data\raw\Capacidad\ConsultaA_2026_v13.csv,35220
00005799,2026,4,LIMA,LIMA,LOS OLIVOS,MINSA,I-4,3,39,0,37,data\raw\Capacidad\ConsultaA_2026_v13.csv,35288
00008318,2026,3,LIMA,LIMA,SANTA ANITA,ESSALUD,II-1,40,114,5,88,data\raw\Capacidad\ConsultaA_2026_v13.csv,35346
00006164,2026,3,LIMA,LIMA,VILLA MARIA DEL TRIUNFO,MINSA,I-4,14,11,0,13,data\raw\Capacidad\ConsultaA_2026_v13.csv,35363
00035628,2026,1,LIMA,LIMA,SAN MARTIN DE PORRES,ESSALUD,II-E,56,44,0,47,data\raw\Capacidad\ConsultaA_2026_v13.csv,35588
00009188,2026,4,LIMA,LIMA,LIMA,ESSALUD,II-1,59,99,0,88,data\raw\Capacidad\ConsultaA_2026_v13.csv,35597
00007634,2026,5,LIMA,LIMA,COMAS,MINSA,III-1,281,241,126,277,data\raw\Capacidad\ConsultaA_2026_v13.csv,35634
00023159,2026,7,LIMA,LIMA,VILLA EL SALVADOR,MINSA,III-1,260,513,42,498,data\raw\Capacidad\ConsultaA_2026_v13.csv,35738
00010098,2026,7,LIMA,LIMA,CHORRILLOS,SANIDAD DEL EJERCITO DEL PERU,II-E,15,52,0,73,data\raw\Capacidad\ConsultaA_2026_v13.csv,35987
00006209,2026,7,LIMA,LIMA,LIMA,MINSA,III-2,120,117,37,138,data\raw\Capacidad\ConsultaA_2026_v13.csv,36113
00018011,2026,2,LIMA,LIMA,JESUS MARIA,ESSALUD,III-E,120,238,46,277,data\raw\Capacidad\ConsultaA_2026_v13.csv,36122
00009251,2026,2,LIMA,LIMA,LA VICTORIA,ESSALUD,III-2,178,1255,336,1267,data\raw\Capacidad\ConsultaA_2026_v13.csv,36276
00005816,2026,1,LIMA,LIMA,PUENTE PIEDRA,MINSA,I-4,11,20,0,30,data\raw\Capacidad\ConsultaA_2026_v13.csv,36467
00006164,2026,7,LIMA,LIMA,VILLA MARIA DEL TRIUNFO,MINSA,I-4,14,12,0,11,data\raw\Capacidad\ConsultaA_2026_v13.csv,36598
00033381,2026,2,LIMA,LIMA,ATE,MINSA,III-E,208,320,87,424,data\raw\Capacidad\ConsultaA_2026_v13.csv,36617
00005644,2026,7,LIMA,LIMA,RIMAC,MINSA,I-4,0,41,0,28,data\raw\Capacidad\ConsultaA_2026_v13.csv,36663
00033381,2026,7,LIMA,LIMA,ATE,MINSA,III-E,209,326,74,414,data\raw\Capacidad\ConsultaA_2026_v13.csv,36780
00006217,2026,7,LIMA,LIMA,LIMA,MINSA,III-2,7,136,32,81,data\raw\Capacidad\ConsultaA_2026_v13.csv,36790
00006084,2026,6,LIMA,LIMA,PUCUSANA,MINSA,I-4,4,8,0,9,data\raw\Capacidad\ConsultaA_2026_v13.csv,36834
00006217,2026,5,LIMA,LIMA,LIMA,MINSA,III-2,7,135,33,74,data\raw\Capacidad\ConsultaA_2026_v13.csv,37008
00008318,2026,4,LIMA,LIMA,SANTA ANITA,ESSALUD,II-1,40,114,5,88,data\raw\Capacidad\ConsultaA_2026_v13.csv,37192
00007634,2026,7,LIMA,LIMA,COMAS,MINSA,III-1,286,248,126,410,data\raw\Capacidad\ConsultaA_2026_v13.csv,37227
00006164,2026,6,LIMA,LIMA,VILLA MARIA DEL TRIUNFO,MINSA,I-4,14,12,0,11,data\raw\Capacidad\ConsultaA_2026_v13.csv,37441
00005991,2026,7,LIMA,LIMA,CHORRILLOS,MINSA,I-4,10,33,1,21,data\raw\Capacidad\ConsultaA_2026_v13.csv,37447
00005946,2026,3,LIMA,LIMA,EL AGUSTINO,MINSA,III-1,590,565,259,675,data\raw\Capacidad\ConsultaA_2026_v13.csv,37633
00033381,2026,1,LIMA,LIMA,ATE,MINSA,III-E,208,323,87,423,data\raw\Capacidad\ConsultaA_2026_v13.csv,37780
00006211,2026,5,LIMA,LIMA,PUEBLO LIBRE,MINSA,III-1,142,319,60,305,data\raw\Capacidad\ConsultaA_2026_v13.csv,37856
00005772,2026,1,LIMA,LIMA,COMAS,MINSA,I-4,8,31,0,37,data\raw\Capacidad\ConsultaA_2026_v13.csv,38080
00006210,2026,1,LIMA,LIMA,SURQUILLO,MINSA,III-2,396,467,205,507,data\raw\Capacidad\ConsultaA_2026_v13.csv,38326
00006214,2026,2,LIMA,LIMA,MAGDALENA DEL MAR,MINSA,III-E,416,87,27,130,data\raw\Capacidad\ConsultaA_2026_v13.csv,38433
00016918,2026,1,LIMA,LIMA,SAN BORJA,MINSA,III-2,241,423,97,429,data\raw\Capacidad\ConsultaA_2026_v13.csv,38475
00005817,2026,1,LIMA,LIMA,PUENTE PIEDRA,MINSA,I-4,6,21,0,26,data\raw\Capacidad\ConsultaA_2026_v13.csv,38650
00010434,2026,2,LIMA,LIMA,SANTA ANITA,ESSALUD,II-E,200,52,4,114,data\raw\Capacidad\ConsultaA_2026_v13.csv,38679
00008353,2026,1,LIMA,LIMA,ATE,ESSALUD,II-1,66,110,16,109,data\raw\Capacidad\ConsultaA_2026_v13.csv,38780
00006209,2026,1,LIMA,LIMA,LIMA,MINSA,III-2,121,111,39,126,data\raw\Capacidad\ConsultaA_2026_v13.csv,38793
00016094,2026,1,LIMA,LIMA,RIMAC,SANIDAD DE LA POLICIA NACIONAL DEL PERU,II-1,74,22,0,52,data\raw\Capacidad\ConsultaA_2026_v13.csv,38836
00005742,2026,1,LIMA,LIMA,SAN MARTIN DE PORRES,MINSA,I-4,6,30,0,30,data\raw\Capacidad\ConsultaA_2026_v13.csv,38893
00005991,2026,1,LIMA,LIMA,CHORRILLOS,MINSA,I-4,10,29,0,18,data\raw\Capacidad\ConsultaA_2026_v13.csv,38974
00007633,2026,1,LIMA,LIMA,SAN MARTIN DE PORRES,MINSA,III-1,388,382,297,569,data\raw\Capacidad\ConsultaA_2026_v13.csv,38975
00006084,2026,1,LIMA,LIMA,PUCUSANA,MINSA,I-4,4,9,0,8,data\raw\Capacidad\ConsultaA_2026_v13.csv,39032
00007632,2026,1,LIMA,LIMA,PUENTE PIEDRA,MINSA,II-2,109,130,52,223,data\raw\Capacidad\ConsultaA_2026_v13.csv,39046
00006124,2026,2,LIMA,LIMA,VILLA EL SALVADOR,MINSA,I-4,9,26,4,33,data\raw\Capacidad\ConsultaA_2026_v13.csv,39113
00010135,2026,1,LIMA,LIMA,LA MOLINA,ESSALUD,II-2,52,170,9,133,data\raw\Capacidad\ConsultaA_2026_v13.csv,39157
00006212,2026,1,LIMA,LIMA,LA VICTORIA,MINSA,III-E,61,168,9,142,data\raw\Capacidad\ConsultaA_2026_v13.csv,39158
00007734,2026,1,LIMA,LIMA,CHORRILLOS,MINSA,III-2,0,86,11,63,data\raw\Capacidad\ConsultaA_2026_v13.csv,39199
00012923,2026,1,LIMA,LIMA,PUENTE PIEDRA,SANIDAD DE LA POLICIA NACIONAL DEL PERU,I-2,0,8,0,7,data\raw\Capacidad\ConsultaA_2026_v13.csv,39223
00008741,2026,1,LIMA,LIMA,VILLA EL SALVADOR,ESSALUD,II-1,64,114,1,90,data\raw\Capacidad\ConsultaA_2026_v13.csv,39224
00005772,2026,2,LIMA,LIMA,COMAS,MINSA,I-4,8,30,0,36,data\raw\Capacidad\ConsultaA_2026_v13.csv,39377
00017024,2026,2,LIMA,LIMA,JESUS MARIA,SANIDAD DEL EJERCITO DEL PERU,III-1,376,226,54,383,data\raw\Capacidad\ConsultaA_2026_v13.csv,39379
00023159,2026,1,LIMA,LIMA,VILLA EL SALVADOR,MINSA,III-1,260,539,42,507,data\raw\Capacidad\ConsultaA_2026_v13.csv,39404
00005755,2026,1,LIMA,LIMA,COMAS,MINSA,I-4,0,25,0,35,data\raw\Capacidad\ConsultaA_2026_v13.csv,39506
00007634,2026,1,LIMA,LIMA,COMAS,MINSA,III-1,281,242,126,268,data\raw\Capacidad\ConsultaA_2026_v13.csv,39770
00010434,2026,1,LIMA,LIMA,SANTA ANITA,ESSALUD,II-E,200,55,2,114,data\raw\Capacidad\ConsultaA_2026_v13.csv,39807
00008564,2026,1,LIMA,LIMA,SAN MIGUEL,ESSALUD,II-1,46,122,0,95,data\raw\Capacidad\ConsultaA_2026_v13.csv,39910
00005883,2026,1,LIMA,LIMA,ATE,MINSA,II-1,50,107,0,101,data\raw\Capacidad\ConsultaA_2026_v13.csv,39917
00006164,2026,1,LIMA,LIMA,VILLA MARIA DEL TRIUNFO,MINSA,I-4,14,9,0,13,data\raw\Capacidad\ConsultaA_2026_v13.csv,40038
00008317,2026,1,LIMA,LIMA,SAN JUAN DE LURIGANCHO,ESSALUD,II-1,43,186,10,101,data\raw\Capacidad\ConsultaA_2026_v13.csv,40112
00006214,2026,1,LIMA,LIMA,MAGDALENA DEL MAR,MINSA,III-E,416,90,27,126,data\raw\Capacidad\ConsultaA_2026_v13.csv,40251
00008502,2026,1,LIMA,LIMA,LIMA,ESSALUD,II-2,180,427,79,304,data\raw\Capacidad\ConsultaA_2026_v13.csv,40504
00013914,2026,1,LIMA,LIMA,RIMAC,SANIDAD DEL EJERCITO DEL PERU,I-4,4,8,0,16,data\raw\Capacidad\ConsultaA_2026_v13.csv,40644
00005799,2026,1,LIMA,LIMA,LOS OLIVOS,MINSA,I-4,3,39,0,37,data\raw\Capacidad\ConsultaA_2026_v13.csv,40713
00006000,2026,1,LIMA,LIMA,CHORRILLOS,MINSA,I-4,16,23,0,17,data\raw\Capacidad\ConsultaA_2026_v13.csv,40714
00006213,2026,1,LIMA,LIMA,MIRAFLORES,MINSA,III-E,69,246,39,232,data\raw\Capacidad\ConsultaA_2026_v13.csv,40756
00008720,2026,1,LIMA,LIMA,JESUS MARIA,ESSALUD,III-2,1526,1584,459,1919,data\raw\Capacidad\ConsultaA_2026_v13.csv,40771
00005946,2026,1,LIMA,LIMA,EL AGUSTINO,MINSA,III-1,597,542,257,669,data\raw\Capacidad\ConsultaA_2026_v13.csv,40950
00012923,2026,2,LIMA,LIMA,PUENTE PIEDRA,SANIDAD DE LA POLICIA NACIONAL DEL PERU,I-2,0,8,0,7,data\raw\Capacidad\ConsultaA_2026_v13.csv,41072
00010751,2026,1,LIMA,LIMA,MIRAFLORES,SANIDAD DE LA FUERZA AEREA DEL PERU,III-1,246,235,20,229,data\raw\Capacidad\ConsultaA_2026_v13.csv,41105
00005946,2015,12,LIMA,LIMA,EL AGUSTINO,MINSA,III-1,648,254,236,384,data\raw\Capacidad\ConsultaA_Recurso_Salud_2015_v1.csv,67
00005946,2015,11,LIMA,LIMA,EL AGUSTINO,MINSA,III-1,648,269,236,400,data\raw\Capacidad\ConsultaA_Recurso_Salud_2015_v1.csv,68
00005946,2015,9,LIMA,LIMA,EL AGUSTINO,MINSA,III-1,648,302,217,485,data\raw\Capacidad\ConsultaA_Recurso_Salud_2015_v1.csv,69
00005946,2015,7,LIMA,LIMA,EL AGUSTINO,MINSA,III-1,648,226,179,402,data\raw\Capacidad\ConsultaA_Recurso_Salud_2015_v1.csv,70
00005946,2015,10,LIMA,LIMA,EL AGUSTINO,MINSA,III-1,648,254,217,396,data\raw\Capacidad\ConsultaA_Recurso_Salud_2015_v1.csv,71
00005946,2015,8,LIMA,LIMA,EL AGUSTINO,MINSA,III-1,648,273,115,405,data\raw\Capacidad\ConsultaA_Recurso_Salud_2015_v1.csv,72
00005946,2015,6,LIMA,LIMA,EL AGUSTINO,MINSA,III-1,648,252,156,402,data\raw\Capacidad\ConsultaA_Recurso_Salud_2015_v1.csv,73
00005946,2015,3,LIMA,LIMA,EL AGUSTINO,MINSA,III-1,648,259,169,406,data\raw\Capacidad\ConsultaA_Recurso_Salud_2015_v1.csv,74
00005946,2015,5,LIMA,LIMA,EL AGUSTINO,MINSA,III-1,648,269,200,403,data\raw\Capacidad\ConsultaA_Recurso_Salud_2015_v1.csv,75
00005946,2015,4,LIMA,LIMA,EL AGUSTINO,MINSA,III-1,648,258,170,405,data\raw\Capacidad\ConsultaA_Recurso_Salud_2015_v1.csv,76
00005947,2015,12,LIMA,LIMA,LURIGANCHO,MINSA,II-2,67,104,3,80,data\raw\Capacidad\ConsultaA_Recurso_Salud_2015_v1.csv,77
00005947,2015,10,LIMA,LIMA,LURIGANCHO,MINSA,II-2,67,103,3,81,data\raw\Capacidad\ConsultaA_Recurso_Salud_2015_v1.csv,78
00005947,2015,7,LIMA,LIMA,LURIGANCHO,MINSA,II-2,67,103,3,63,data\raw\Capacidad\ConsultaA_Recurso_Salud_2015_v1.csv,79
00005948,2015,12,LIMA,LIMA,SANTA ANITA,MINSA,III-1,213,75,37,68,data\raw\Capacidad\ConsultaA_Recurso_Salud_2015_v1.csv,80
00005948,2015,11,LIMA,LIMA,SANTA ANITA,MINSA,III-1,213,79,41,64,data\raw\Capacidad\ConsultaA_Recurso_Salud_2015_v1.csv,81
00005948,2015,10,LIMA,LIMA,SANTA ANITA,MINSA,III-1,213,80,41,69,data\raw\Capacidad\ConsultaA_Recurso_Salud_2015_v1.csv,82
00005948,2015,9,LIMA,LIMA,SANTA ANITA,MINSA,III-1,213,76,37,63,data\raw\Capacidad\ConsultaA_Recurso_Salud_2015_v1.csv,83
00005948,2015,8,LIMA,LIMA,SANTA ANITA,MINSA,III-1,230,82,43,68,data\raw\Capacidad\ConsultaA_Recurso_Salud_2015_v1.csv,84
00005948,2015,2,LIMA,LIMA,SANTA ANITA,MINSA,III-1,230,84,36,76,data\raw\Capacidad\ConsultaA_Recurso_Salud_2015_v1.csv,85
00005617,2015,12,LIMA,LIMA,SAN JUAN DE LURIGANCHO,MINSA,II-2,150,5,5,5,data\raw\Capacidad\ConsultaA_Recurso_Salud_2015_v1.csv,86
00005987,2015,2,LIMA,LIMA,SAN JUAN DE MIRAFLORES,MINSA,III-1,329,448,185,328,data\raw\Capacidad\ConsultaA_Recurso_Salud_2015_v1.csv,87
00005987,2015,11,LIMA,LIMA,SAN JUAN DE MIRAFLORES,MINSA,III-1,323,543,293,336,data\raw\Capacidad\ConsultaA_Recurso_Salud_2015_v1.csv,88
00005987,2015,12,LIMA,LIMA,SAN JUAN DE MIRAFLORES,MINSA,III-1,323,541,293,329,data\raw\Capacidad\ConsultaA_Recurso_Salud_2015_v1.csv,89
00005987,2015,5,LIMA,LIMA,SAN JUAN DE MIRAFLORES,MINSA,III-1,329,446,185,331,data\raw\Capacidad\ConsultaA_Recurso_Salud_2015_v1.csv,90
00005987,2015,4,LIMA,LIMA,SAN JUAN DE MIRAFLORES,MINSA,III-1,329,447,185,330,data\raw\Capacidad\ConsultaA_Recurso_Salud_2015_v1.csv,91
00005987,2015,6,LIMA,LIMA,SAN JUAN DE MIRAFLORES,MINSA,III-1,329,446,185,485,data\raw\Capacidad\ConsultaA_Recurso_Salud_2015_v1.csv,92
00005987,2015,7,LIMA,LIMA,SAN JUAN DE MIRAFLORES,MINSA,III-1,329,466,205,334,data\raw\Capacidad\ConsultaA_Recurso_Salud_2015_v1.csv,93
00005987,2015,8,LIMA,LIMA,SAN JUAN DE MIRAFLORES,MINSA,III-1,329,487,242,334,data\raw\Capacidad\ConsultaA_Recurso_Salud_2015_v1.csv,94
00005987,2015,9,LIMA,LIMA,SAN JUAN DE MIRAFLORES,MINSA,III-1,329,494,242,324,data\raw\Capacidad\ConsultaA_Recurso_Salud_2015_v1.csv,95
00005987,2015,10,LIMA,LIMA,SAN JUAN DE MIRAFLORES,MINSA,III-1,345,538,296,324,data\raw\Capacidad\ConsultaA_Recurso_Salud_2015_v1.csv,96
00005987,2015,1,LIMA,LIMA,SAN JUAN DE MIRAFLORES,MINSA,III-1,329,449,185,327,data\raw\Capacidad\ConsultaA_Recurso_Salud_2015_v1.csv,97
00005987,2015,3,LIMA,LIMA,SAN JUAN DE MIRAFLORES,MINSA,III-1,329,435,185,328,data\raw\Capacidad\ConsultaA_Recurso_Salud_2015_v1.csv,98
00005883,2015,12,LIMA,LIMA,ATE,MINSA,II-1,45,51,0,57,data\raw\Capacidad\ConsultaA_Recurso_Salud_2015_v1.csv,105
00006206,2015,12,LIMA,LIMA,LIMA,MINSA,III-1,644,279,134,296,data\raw\Capacidad\ConsultaA_Recurso_Salud_2015_v1.csv,106
00006206,2015,8,LIMA,LIMA,LIMA,MINSA,III-1,644,206,68,212,data\raw\Capacidad\ConsultaA_Recurso_Salud_2015_v1.csv,107
00006206,2015,7,LIMA,LIMA,LIMA,MINSA,III-1,641,171,150,150,data\raw\Capacidad\ConsultaA_Recurso_Salud_2015_v1.csv,108
00006206,2015,10,LIMA,LIMA,LIMA,MINSA,III-1,644,251,97,253,data\raw\Capacidad\ConsultaA_Recurso_Salud_2015_v1.csv,109
00006206,2015,9,LIMA,LIMA,LIMA,MINSA,III-1,644,245,66,233,data\raw\Capacidad\ConsultaA_Recurso_Salud_2015_v1.csv,110
00006206,2015,11,LIMA,LIMA,LIMA,MINSA,III-1,644,300,124,296,data\raw\Capacidad\ConsultaA_Recurso_Salud_2015_v1.csv,111
00006206,2015,6,LIMA,LIMA,LIMA,MINSA,III-1,641,62,150,150,data\raw\Capacidad\ConsultaA_Recurso_Salud_2015_v1.csv,112
00006207,2015,2,LIMA,LIMA,LIMA,MINSA,III-1,800,782,417,415,data\raw\Capacidad\ConsultaA_Recurso_Salud_2015_v1.csv,113
00006207,2015,12,LIMA,LIMA,LIMA,MINSA,III-1,793,782,365,599,data\raw\Capacidad\ConsultaA_Recurso_Salud_2015_v1.csv,114
00006207,2015,9,LIMA,LIMA,LIMA,MINSA,III-1,793,782,417,597,data\raw\Capacidad\ConsultaA_Recurso_Salud_2015_v1.csv,115
00006207,2015,8,LIMA,LIMA,LIMA,MINSA,III-1,802,782,417,415,data\raw\Capacidad\ConsultaA_Recurso_Salud_2015_v1.csv,116
00006207,2015,4,LIMA,LIMA,LIMA,MINSA,III-1,794,782,417,415,data\raw\Capacidad\ConsultaA_Recurso_Salud_2015_v1.csv,117
00006207,2015,3,LIMA,LIMA,LIMA,MINSA,III-1,800,782,417,415,data\raw\Capacidad\ConsultaA_Recurso_Salud_2015_v1.csv,118
00006207,2015,10,LIMA,LIMA,LIMA,MINSA,III-1,793,462,365,599,data\raw\Capacidad\ConsultaA_Recurso_Salud_2015_v1.csv,119
00006207,2015,5,LIMA,LIMA,LIMA,MINSA,III-1,793,782,417,415,data\raw\Capacidad\ConsultaA_Recurso_Salud_2015_v1.csv,120
00006208,2015,12,LIMA,LIMA,LIMA,MINSA,III-2,416,251,64,341,data\raw\Capacidad\ConsultaA_Recurso_Salud_2015_v1.csv,121
00006208,2015,11,LIMA,LIMA,LIMA,MINSA,III-2,416,279,64,340,data\raw\Capacidad\ConsultaA_Recurso_Salud_2015_v1.csv,122
00006208,2015,10,LIMA,LIMA,LIMA,MINSA,III-2,415,263,59,330,data\raw\Capacidad\ConsultaA_Recurso_Salud_2015_v1.csv,123
00006208,2015,8,LIMA,LIMA,LIMA,MINSA,III-2,368,286,59,293,data\raw\Capacidad\ConsultaA_Recurso_Salud_2015_v1.csv,124
00006208,2015,9,LIMA,LIMA,LIMA,MINSA,III-2,431,211,57,292,data\raw\Capacidad\ConsultaA_Recurso_Salud_2015_v1.csv,125
00006209,2015,11,LIMA,LIMA,LIMA,MINSA,III-2,187,67,36,99,data\raw\Capacidad\ConsultaA_Recurso_Salud_2015_v1.csv,126
00006209,2015,10,LIMA,LIMA,LIMA,MINSA,III-2,187,73,35,108,data\raw\Capacidad\ConsultaA_Recurso_Salud_2015_v1.csv,127
00006209,2015,9,LIMA,LIMA,LIMA,MINSA,III-2,188,78,35,92,data\raw\Capacidad\ConsultaA_Recurso_Salud_2015_v1.csv,128
00006209,2015,8,LIMA,LIMA,LIMA,MINSA,III-2,188,74,35,76,data\raw\Capacidad\ConsultaA_Recurso_Salud_2015_v1.csv,129
00006209,2015,7,LIMA,LIMA,LIMA,MINSA,III-2,188,65,34,79,data\raw\Capacidad\ConsultaA_Recurso_Salud_2015_v1.csv,130
00006209,2015,6,LIMA,LIMA,LIMA,MINSA,III-2,188,64,34,81,data\raw\Capacidad\ConsultaA_Recurso_Salud_2015_v1.csv,131
00006209,2015,5,LIMA,LIMA,LIMA,MINSA,III-2,192,64,34,78,data\raw\Capacidad\ConsultaA_Recurso_Salud_2015_v1.csv,132
00006209,2015,4,LIMA,LIMA,LIMA,MINSA,III-2,192,69,34,83,data\raw\Capacidad\ConsultaA_Recurso_Salud_2015_v1.csv,133
00006209,2015,3,LIMA,LIMA,LIMA,MINSA,III-2,188,71,34,77,data\raw\Capacidad\ConsultaA_Recurso_Salud_2015_v1.csv,134
00006209,2015,2,LIMA,LIMA,LIMA,MINSA,III-2,196,65,34,86,data\raw\Capacidad\ConsultaA_Recurso_Salud_2015_v1.csv,135
00006209,2015,1,LIMA,LIMA,LIMA,MINSA,III-2,196,71,34,86,data\raw\Capacidad\ConsultaA_Recurso_Salud_2015_v1.csv,136
00006209,2015,12,LIMA,LIMA,LIMA,MINSA,III-2,175,69,36,101,data\raw\Capacidad\ConsultaA_Recurso_Salud_2015_v1.csv,137
00006210,2015,12,LIMA,LIMA,SURQUILLO,MINSA,III-2,412,210,177,486,data\raw\Capacidad\ConsultaA_Recurso_Salud_2015_v1.csv,138
00006210,2015,9,LIMA,LIMA,SURQUILLO,MINSA,III-2,412,229,170,489,data\raw\Capacidad\ConsultaA_Recurso_Salud_2015_v1.csv,139
00006210,2015,11,LIMA,LIMA,SURQUILLO,MINSA,III-2,412,284,159,441,data\raw\Capacidad\ConsultaA_Recurso_Salud_2015_v1.csv,140
00006210,2015,11,LIMA,LIMA,SURQUILLO,MINSA,III-2,412,224,170,488,data\raw\Capacidad\ConsultaA_Recurso_Salud_2015_v1.csv,141
00006210,2015,11,LIMA,LIMA,SURQUILLO,MINSA,III-2,412,299,170,489,data\raw\Capacidad\ConsultaA_Recurso_Salud_2015_v1.csv,142
00006210,2015,8,LIMA,LIMA,SURQUILLO,MINSA,III-2,352,200,173,487,data\raw\Capacidad\ConsultaA_Recurso_Salud_2015_v1.csv,143
00006210,2015,7,LIMA,LIMA,SURQUILLO,MINSA,III-2,411,224,170,488,data\raw\Capacidad\ConsultaA_Recurso_Salud_2015_v1.csv,144
00006210,2015,2,LIMA,LIMA,SURQUILLO,MINSA,III-2,352,199,171,487,data\raw\Capacidad\ConsultaA_Recurso_Salud_2015_v1.csv,145
00006210,2015,1,LIMA,LIMA,SURQUILLO,MINSA,III-2,352,202,174,491,data\raw\Capacidad\ConsultaA_Recurso_Salud_2015_v1.csv,146
00006211,2015,12,LIMA,LIMA,PUEBLO LIBRE,MINSA,III-1,193,217,37,211,data\raw\Capacidad\ConsultaA_Recurso_Salud_2015_v1.csv,147
00006211,2015,8,LIMA,LIMA,PUEBLO LIBRE,MINSA,III-1,193,217,37,211,data\raw\Capacidad\ConsultaA_Recurso_Salud_2015_v1.csv,148
00006212,2015,12,LIMA,LIMA,LA VICTORIA,MINSA,III-E,51,108,12,110,data\raw\Capacidad\ConsultaA_Recurso_Salud_2015_v1.csv,149
00006212,2015,11,LIMA,LIMA,LA VICTORIA,MINSA,III-E,52,108,5,110,data\raw\Capacidad\ConsultaA_Recurso_Salud_2015_v1.csv,150
00006212,2015,6,LIMA,LIMA,LA VICTORIA,MINSA,III-E,52,80,5,64,data\raw\Capacidad\ConsultaA_Recurso_Salud_2015_v1.csv,151
00006213,2015,12,LIMA,LIMA,MIRAFLORES,MINSA,III-E,71,137,27,161,data\raw\Capacidad\ConsultaA_Recurso_Salud_2015_v1.csv,152
00006213,2015,10,LIMA,LIMA,MIRAFLORES,MINSA,III-E,71,134,19,164,data\raw\Capacidad\ConsultaA_Recurso_Salud_2015_v1.csv,153
00006213,2015,8,LIMA,LIMA,MIRAFLORES,MINSA,III-E,71,137,19,166,data\raw\Capacidad\ConsultaA_Recurso_Salud_2015_v1.csv,154
00006213,2015,9,LIMA,LIMA,MIRAFLORES,MINSA,III-E,71,138,19,165,data\raw\Capacidad\ConsultaA_Recurso_Salud_2015_v1.csv,155
00006213,2015,7,LIMA,LIMA,MIRAFLORES,MINSA,III-E,71,143,23,166,data\raw\Capacidad\ConsultaA_Recurso_Salud_2015_v1.csv,156
00006214,2015,11,LIMA,LIMA,MAGDALENA DEL MAR,MINSA,III-1,590,60,42,113,data\raw\Capacidad\ConsultaA_Recurso_Salud_2015_v1.csv,157
00006215,2015,12,LIMA,LIMA,LIMA,MINSA,III-1,174,289,87,265,data\raw\Capacidad\ConsultaA_Recurso_Salud_2015_v1.csv,158
00006215,2015,9,LIMA,LIMA,LIMA,MINSA,III-1,212,308,103,251,data\raw\Capacidad\ConsultaA_Recurso_Salud_2015_v1.csv,159
00006215,2015,8,LIMA,LIMA,LIMA,MINSA,III-1,232,304,101,257,data\raw\Capacidad\ConsultaA_Recurso_Salud_2015_v1.csv,160
00006215,2015,11,LIMA,LIMA,LIMA,MINSA,III-1,175,291,87,262,data\raw\Capacidad\ConsultaA_Recurso_Salud_2015_v1.csv,161
00006215,2015,10,LIMA,LIMA,LIMA,MINSA,III-1,202,291,86,262,data\raw\Capacidad\ConsultaA_Recurso_Salud_2015_v1.csv,162
00006217,2015,9,LIMA,LIMA,LIMA,MINSA,III-2,11,108,27,55,data\raw\Capacidad\ConsultaA_Recurso_Salud_2015_v1.csv,163
00007734,2015,1,LIMA,LIMA,CHORRILLOS,MINSA,III-2,36,41,34,17,data\raw\Capacidad\ConsultaA_Recurso_Salud_2015_v1.csv,175
00007734,2015,11,LIMA,LIMA,CHORRILLOS,MINSA,III-2,36,115,38,21,data\raw\Capacidad\ConsultaA_Recurso_Salud_2015_v1.csv,176
00007734,2015,9,LIMA,LIMA,CHORRILLOS,MINSA,III-2,36,111,37,20,data\raw\Capacidad\ConsultaA_Recurso_Salud_2015_v1.csv,177
00007734,2015,8,LIMA,LIMA,CHORRILLOS,MINSA,III-2,32,108,34,17,data\raw\Capacidad\ConsultaA_Recurso_Salud_2015_v1.csv,178
00007734,2015,12,LIMA,LIMA,CHORRILLOS,MINSA,III-2,36,108,31,20,data\raw\Capacidad\ConsultaA_Recurso_Salud_2015_v1.csv,179
00007734,2015,3,LIMA,LIMA,CHORRILLOS,MINSA,III-2,36,41,34,17,data\raw\Capacidad\ConsultaA_Recurso_Salud_2015_v1.csv,180
00007734,2015,4,LIMA,LIMA,CHORRILLOS,MINSA,III-2,36,41,34,17,data\raw\Capacidad\ConsultaA_Recurso_Salud_2015_v1.csv,181
00007734,2015,10,LIMA,LIMA,CHORRILLOS,MINSA,III-2,36,114,38,21,data\raw\Capacidad\ConsultaA_Recurso_Salud_2015_v1.csv,182
00007734,2015,7,LIMA,LIMA,CHORRILLOS,MINSA,III-2,36,41,34,17,data\raw\Capacidad\ConsultaA_Recurso_Salud_2015_v1.csv,183
00007734,2015,6,LIMA,LIMA,CHORRILLOS,MINSA,III-2,36,41,34,17,data\raw\Capacidad\ConsultaA_Recurso_Salud_2015_v1.csv,184
00007734,2015,5,LIMA,LIMA,CHORRILLOS,MINSA,III-2,36,41,34,17,data\raw\Capacidad\ConsultaA_Recurso_Salud_2015_v1.csv,185
00007734,2015,2,LIMA,LIMA,CHORRILLOS,MINSA,III-2,36,41,34,17,data\raw\Capacidad\ConsultaA_Recurso_Salud_2015_v1.csv,186
00007633,2015,12,LIMA,LIMA,SAN MARTIN DE PORRES,MINSA,III-1,358,713,332,472,data\raw\Capacidad\ConsultaA_Recurso_Salud_2015_v1.csv,196
00007633,2015,11,LIMA,LIMA,SAN MARTIN DE PORRES,MINSA,III-1,364,713,332,472,data\raw\Capacidad\ConsultaA_Recurso_Salud_2015_v1.csv,197
00007633,2015,10,LIMA,LIMA,SAN MARTIN DE PORRES,MINSA,III-1,382,713,332,472,data\raw\Capacidad\ConsultaA_Recurso_Salud_2015_v1.csv,198
00007633,2015,9,LIMA,LIMA,SAN MARTIN DE PORRES,MINSA,III-1,369,717,332,479,data\raw\Capacidad\ConsultaA_Recurso_Salud_2015_v1.csv,199
00007633,2015,7,LIMA,LIMA,SAN MARTIN DE PORRES,MINSA,III-1,394,295,0,491,data\raw\Capacidad\ConsultaA_Recurso_Salud_2015_v1.csv,200
00007633,2015,8,LIMA,LIMA,SAN MARTIN DE PORRES,MINSA,III-1,348,295,0,491,data\raw\Capacidad\ConsultaA_Recurso_Salud_2015_v1.csv,201
00007634,2015,11,LIMA,LIMA,COMAS,MINSA,III-1,335,287,99,183,data\raw\Capacidad\ConsultaA_Recurso_Salud_2015_v1.csv,202
00007634,2015,12,LIMA,LIMA,COMAS,MINSA,III-1,335,304,116,183,data\raw\Capacidad\ConsultaA_Recurso_Salud_2015_v1.csv,203
00007634,2015,10,LIMA,LIMA,COMAS,MINSA,III-1,335,286,99,184,data\raw\Capacidad\ConsultaA_Recurso_Salud_2015_v1.csv,204
00007634,2015,7,LIMA,LIMA,COMAS,MINSA,III-1,335,295,98,197,data\raw\Capacidad\ConsultaA_Recurso_Salud_2015_v1.csv,205
00007634,2015,9,LIMA,LIMA,COMAS,MINSA,III-1,335,296,99,197,data\raw\Capacidad\ConsultaA_Recurso_Salud_2015_v1.csv,206
00008502,2015,12,LIMA,LIMA,LIMA,ESSALUD,II-2,244,251,91,226,data\raw\Capacidad\ConsultaA_Recurso_Salud_2015_v1.csv,257
00008502,2015,11,LIMA,LIMA,LIMA,ESSALUD,II-2,246,235,91,225,data\raw\Capacidad\ConsultaA_Recurso_Salud_2015_v1.csv,258
00008502,2015,10,LIMA,LIMA,LIMA,ESSALUD,II-2,230,335,92,206,data\raw\Capacidad\ConsultaA_Recurso_Salud_2015_v1.csv,259
00008353,2015,1,LIMA,LIMA,ATE,ESSALUD,II-1,68,104,0,86,data\raw\Capacidad\ConsultaA_Recurso_Salud_2015_v1.csv,260
00008353,2015,11,LIMA,LIMA,ATE,ESSALUD,II-1,70,101,24,89,data\raw\Capacidad\ConsultaA_Recurso_Salud_2015_v1.csv,261
00008353,2015,12,LIMA,LIMA,ATE,ESSALUD,II-1,70,103,24,89,data\raw\Capacidad\ConsultaA_Recurso_Salud_2015_v1.csv,262
00008353,2015,7,LIMA,LIMA,ATE,ESSALUD,II-1,62,102,22,86,data\raw\Capacidad\ConsultaA_Recurso_Salud_2015_v1.csv,263
00008353,2015,6,LIMA,LIMA,ATE,ESSALUD,II-1,66,102,15,86,data\raw\Capacidad\ConsultaA_Recurso_Salud_2015_v1.csv,264
00008353,2015,4,LIMA,LIMA,ATE,ESSALUD,II-1,62,104,15,86,data\raw\Capacidad\ConsultaA_Recurso_Salud_2015_v1.csv,265
00008353,2015,3,LIMA,LIMA,ATE,ESSALUD,II-1,68,104,15,87,data\raw\Capacidad\ConsultaA_Recurso_Salud_2015_v1.csv,266
00008353,2015,9,LIMA,LIMA,ATE,ESSALUD,II-1,66,101,24,86,data\raw\Capacidad\ConsultaA_Recurso_Salud_2015_v1.csv,267
00008353,2015,2,LIMA,LIMA,ATE,ESSALUD,II-1,67,105,15,87,data\raw\Capacidad\ConsultaA_Recurso_Salud_2015_v1.csv,268
00008353,2015,10,LIMA,LIMA,ATE,ESSALUD,II-1,65,102,24,88,data\raw\Capacidad\ConsultaA_Recurso_Salud_2015_v1.csv,269
00008353,2015,8,LIMA,LIMA,ATE,ESSALUD,II-1,26,104,24,86,data\raw\Capacidad\ConsultaA_Recurso_Salud_2015_v1.csv,270
00009251,2015,11,LIMA,LIMA,LA VICTORIA,ESSALUD,III-2,953,1132,371,1039,data\raw\Capacidad\ConsultaA_Recurso_Salud_2015_v1.csv,271
00009251,2015,12,LIMA,LIMA,LA VICTORIA,ESSALUD,III-2,946,1154,372,1044,data\raw\Capacidad\ConsultaA_Recurso_Salud_2015_v1.csv,272
00009251,2015,9,LIMA,LIMA,LA VICTORIA,ESSALUD,III-2,793,904,371,1035,data\raw\Capacidad\ConsultaA_Recurso_Salud_2015_v1.csv,273
00009251,2015,8,LIMA,LIMA,LA VICTORIA,ESSALUD,III-2,816,746,371,1035,data\raw\Capacidad\ConsultaA_Recurso_Salud_2015_v1.csv,274
00009251,2015,7,LIMA,LIMA,LA VICTORIA,ESSALUD,III-2,815,1038,273,1028,data\raw\Capacidad\ConsultaA_Recurso_Salud_2015_v1.csv,275
00009251,2015,10,LIMA,LIMA,LA VICTORIA,ESSALUD,III-2,812,761,371,1044,data\raw\Capacidad\ConsultaA_Recurso_Salud_2015_v1.csv,276
00009251,2015,3,LIMA,LIMA,LA VICTORIA,ESSALUD,III-2,821,952,273,814,data\raw\Capacidad\ConsultaA_Recurso_Salud_2015_v1.csv,277
00008741,2015,11,LIMA,LIMA,VILLA EL SALVADOR,ESSALUD,II-1,43,70,2,71,data\raw\Capacidad\ConsultaA_Recurso_Salud_2015_v1.csv,278
00008741,2015,12,LIMA,LIMA,VILLA EL SALVADOR,ESSALUD,II-1,43,70,2,71,data\raw\Capacidad\ConsultaA_Recurso_Salud_2015_v1.csv,279
00008318,2015,12,LIMA,LIMA,SANTA ANITA,ESSALUD,II-1,58,82,0,65,data\raw\Capacidad\ConsultaA_Recurso_Salud_2015_v1.csv,282
00008318,2015,11,LIMA,LIMA,SANTA ANITA,ESSALUD,II-1,47,82,0,65,data\raw\Capacidad\ConsultaA_Recurso_Salud_2015_v1.csv,283
00008564,2015,12,LIMA,LIMA,SAN MIGUEL,ESSALUD,II-1,50,80,0,71,data\raw\Capacidad\ConsultaA_Recurso_Salud_2015_v1.csv,284
00008720,2015,10,LIMA,LIMA,JESUS MARIA,ESSALUD,III-2,1507,1685,476,1643,data\raw\Capacidad\ConsultaA_Recurso_Salud_2015_v1.csv,288
00008720,2015,9,LIMA,LIMA,JESUS MARIA,ESSALUD,III-2,1507,1672,475,1610,data\raw\Capacidad\ConsultaA_Recurso_Salud_2015_v1.csv,289
00008720,2015,8,LIMA,LIMA,JESUS MARIA,ESSALUD,III-2,1507,1666,470,1647,data\raw\Capacidad\ConsultaA_Recurso_Salud_2015_v1.csv,290
00008720,2015,12,LIMA,LIMA,JESUS MARIA,ESSALUD,III-2,1507,1691,475,1667,data\raw\Capacidad\ConsultaA_Recurso_Salud_2015_v1.csv,291
00008720,2015,11,LIMA,LIMA,JESUS MARIA,ESSALUD,III-2,1507,1684,475,1661,data\raw\Capacidad\ConsultaA_Recurso_Salud_2015_v1.csv,292
00008489,2015,12,LIMA,LIMA,MIRAFLORES,ESSALUD,II-2,88,222,2,157,data\raw\Capacidad\ConsultaA_Recurso_Salud_2015_v1.csv,303
00008489,2015,10,LIMA,LIMA,MIRAFLORES,ESSALUD,II-2,88,200,0,156,data\raw\Capacidad\ConsultaA_Recurso_Salud_2015_v1.csv,304
00009188,2015,12,LIMA,LIMA,LIMA,ESSALUD,II-1,49,88,4,56,data\raw\Capacidad\ConsultaA_Recurso_Salud_2015_v1.csv,319
00010751,2015,11,LIMA,LIMA,MIRAFLORES,SANIDAD DE LA FUERZA AEREA DEL PERU,III-1,283,272,32,240,data\raw\Capacidad\ConsultaA_Recurso_Salud_2015_v1.csv,377
00010751,2015,12,LIMA,LIMA,MIRAFLORES,SANIDAD DE LA FUERZA AEREA DEL PERU,III-1,283,272,32,240,data\raw\Capacidad\ConsultaA_Recurso_Salud_2015_v1.csv,378
00010751,2015,7,LIMA,LIMA,MIRAFLORES,SANIDAD DE LA FUERZA AEREA DEL PERU,III-1,283,284,34,247,data\raw\Capacidad\ConsultaA_Recurso_Salud_2015_v1.csv,379
00010751,2015,8,LIMA,LIMA,MIRAFLORES,SANIDAD DE LA FUERZA AEREA DEL PERU,III-1,283,273,31,240,data\raw\Capacidad\ConsultaA_Recurso_Salud_2015_v1.csv,380
00010751,2015,9,LIMA,LIMA,MIRAFLORES,SANIDAD DE LA FUERZA AEREA DEL PERU,III-1,283,266,31,225,data\raw\Capacidad\ConsultaA_Recurso_Salud_2015_v1.csv,381
00010751,2015,6,LIMA,LIMA,MIRAFLORES,SANIDAD DE LA FUERZA AEREA DEL PERU,III-1,283,250,34,247,data\raw\Capacidad\ConsultaA_Recurso_Salud_2015_v1.csv,382
00010751,2015,5,LIMA,LIMA,MIRAFLORES,SANIDAD DE LA FUERZA AEREA DEL PERU,III-1,261,284,34,247,data\raw\Capacidad\ConsultaA_Recurso_Salud_2015_v1.csv,383
00010434,2015,12,LIMA,LIMA,SANTA ANITA,ESSALUD,II-E,166,26,2,78,data\raw\Capacidad\ConsultaA_Recurso_Salud_2015_v1.csv,402
00010434,2015,11,LIMA,LIMA,SANTA ANITA,ESSALUD,II-E,166,26,2,78,data\raw\Capacidad\ConsultaA_Recurso_Salud_2015_v1.csv,403
00010434,2015,10,LIMA,LIMA,SANTA ANITA,ESSALUD,II-E,162,22,12,75,data\raw\Capacidad\ConsultaA_Recurso_Salud_2015_v1.csv,404
00014718,2015,11,LIMA,LIMA,SAN MIGUEL,SANIDAD DE LA POLICIA NACIONAL DEL PERU,II-E,46,27,3,37,data\raw\Capacidad\ConsultaA_Recurso_Salud_2015_v1.csv,468
00014718,2015,10,LIMA,LIMA,SAN MIGUEL,SANIDAD DE LA POLICIA NACIONAL DEL PERU,II-E,46,27,3,37,data\raw\Capacidad\ConsultaA_Recurso_Salud_2015_v1.csv,469
00014718,2015,9,LIMA,LIMA,SAN MIGUEL,SANIDAD DE LA POLICIA NACIONAL DEL PERU,II-E,44,28,3,36,data\raw\Capacidad\ConsultaA_Recurso_Salud_2015_v1.csv,470
00017024,2015,11,LIMA,LIMA,JESUS MARIA,SANIDAD DEL EJERCITO DEL PERU,III-1,697,231,115,505,data\raw\Capacidad\ConsultaA_Recurso_Salud_2015_v1.csv,486
00017024,2015,9,LIMA,LIMA,JESUS MARIA,SANIDAD DEL EJERCITO DEL PERU,III-1,697,185,115,487,data\raw\Capacidad\ConsultaA_Recurso_Salud_2015_v1.csv,487
00017024,2015,8,LIMA,LIMA,JESUS MARIA,SANIDAD DEL EJERCITO DEL PERU,III-1,697,135,119,440,data\raw\Capacidad\ConsultaA_Recurso_Salud_2015_v1.csv,488
00016918,2015,12,LIMA,LIMA,SAN BORJA,MINSA,III-2,253,208,0,336,data\raw\Capacidad\ConsultaA_Recurso_Salud_2015_v1.csv,518
00016918,2015,11,LIMA,LIMA,SAN BORJA,MINSA,III-2,253,208,0,336,data\raw\Capacidad\ConsultaA_Recurso_Salud_2015_v1.csv,519
00016918,2015,8,LIMA,LIMA,SAN BORJA,MINSA,III-2,253,188,0,351,data\raw\Capacidad\ConsultaA_Recurso_Salud_2015_v1.csv,520
00016918,2015,7,LIMA,LIMA,SAN BORJA,MINSA,III-2,253,186,0,344,data\raw\Capacidad\ConsultaA_Recurso_Salud_2015_v1.csv,521
00016918,2015,6,LIMA,LIMA,SAN BORJA,MINSA,III-2,253,156,0,307,data\raw\Capacidad\ConsultaA_Recurso_Salud_2015_v1.csv,522
00016918,2015,5,LIMA,LIMA,SAN BORJA,MINSA,III-2,253,174,0,264,data\raw\Capacidad\ConsultaA_Recurso_Salud_2015_v1.csv,523
00016918,2015,9,LIMA,LIMA,SAN BORJA,MINSA,III-2,253,217,0,349,data\raw\Capacidad\ConsultaA_Recurso_Salud_2015_v1.csv,524
00016918,2015,10,LIMA,LIMA,SAN BORJA,MINSA,III-2,253,206,0,336,data\raw\Capacidad\ConsultaA_Recurso_Salud_2015_v1.csv,525
00018011,2015,11,LIMA,LIMA,JESUS MARIA,ESSALUD,III-E,95,127,42,201,data\raw\Capacidad\ConsultaA_Recurso_Salud_2015_v1.csv,534
00018011,2015,12,LIMA,LIMA,JESUS MARIA,ESSALUD,III-E,94,127,42,201,data\raw\Capacidad\ConsultaA_Recurso_Salud_2015_v1.csv,535
00018011,2015,8,LIMA,LIMA,JESUS MARIA,ESSALUD,III-E,95,116,42,200,data\raw\Capacidad\ConsultaA_Recurso_Salud_2015_v1.csv,536
00018011,2015,10,LIMA,LIMA,JESUS MARIA,ESSALUD,III-E,95,121,42,200,data\raw\Capacidad\ConsultaA_Recurso_Salud_2015_v1.csv,537
00018011,2015,9,LIMA,LIMA,JESUS MARIA,ESSALUD,III-E,94,122,42,200,data\raw\Capacidad\ConsultaA_Recurso_Salud_2015_v1.csv,538
00018011,2015,7,LIMA,LIMA,JESUS MARIA,ESSALUD,III-E,97,111,26,202,data\raw\Capacidad\ConsultaA_Recurso_Salud_2015_v1.csv,539
00006216,2015,12,LIMA,LIMA,BREÑA,MINSA,III-2,383,482,108,563,data\raw\Capacidad\ConsultaA_Recurso_Salud_2015_v1.csv,550
00006216,2015,10,LIMA,LIMA,BREÑA,MINSA,III-2,379,471,106,534,data\raw\Capacidad\ConsultaA_Recurso_Salud_2015_v1.csv,551
00006216,2015,9,LIMA,LIMA,BREÑA,MINSA,III-2,379,468,108,534,data\raw\Capacidad\ConsultaA_Recurso_Salud_2015_v1.csv,552
00006216,2015,8,LIMA,LIMA,BREÑA,MINSA,III-2,379,473,110,553,data\raw\Capacidad\ConsultaA_Recurso_Salud_2015_v1.csv,553
00006216,2015,7,LIMA,LIMA,BREÑA,MINSA,III-2,379,525,159,553,data\raw\Capacidad\ConsultaA_Recurso_Salud_2015_v1.csv,554
00006216,2015,6,LIMA,LIMA,BREÑA,MINSA,III-2,379,533,159,555,data\raw\Capacidad\ConsultaA_Recurso_Salud_2015_v1.csv,555
00006216,2015,5,LIMA,LIMA,BREÑA,MINSA,III-2,379,535,159,556,data\raw\Capacidad\ConsultaA_Recurso_Salud_2015_v1.csv,556
00007733,2015,12,LIMA,LIMA,SAN MARTIN DE PORRES,MINSA,III-2,104,91,42,59,data\raw\Capacidad\ConsultaA_Recurso_Salud_2015_v1.csv,579
00007733,2015,11,LIMA,LIMA,SAN MARTIN DE PORRES,MINSA,III-2,104,92,42,59,data\raw\Capacidad\ConsultaA_Recurso_Salud_2015_v1.csv,580
00007733,2015,10,LIMA,LIMA,SAN MARTIN DE PORRES,MINSA,III-2,104,95,42,53,data\raw\Capacidad\ConsultaA_Recurso_Salud_2015_v1.csv,581
00007733,2015,8,LIMA,LIMA,SAN MARTIN DE PORRES,MINSA,III-2,104,95,42,67,data\raw\Capacidad\ConsultaA_Recurso_Salud_2015_v1.csv,582
00007733,2015,9,LIMA,LIMA,SAN MARTIN DE PORRES,MINSA,III-2,104,95,42,67,data\raw\Capacidad\ConsultaA_Recurso_Salud_2015_v1.csv,583
00007733,2015,7,LIMA,LIMA,SAN MARTIN DE PORRES,MINSA,III-2,104,86,42,59,data\raw\Capacidad\ConsultaA_Recurso_Salud_2015_v1.csv,584
00007733,2015,4,LIMA,LIMA,SAN MARTIN DE PORRES,MINSA,III-2,96,73,40,59,data\raw\Capacidad\ConsultaA_Recurso_Salud_2015_v1.csv,585
00007733,2015,6,LIMA,LIMA,SAN MARTIN DE PORRES,MINSA,III-2,96,80,40,59,data\raw\Capacidad\ConsultaA_Recurso_Salud_2015_v1.csv,586
00007733,2015,5,LIMA,LIMA,SAN MARTIN DE PORRES,MINSA,III-2,96,74,40,59,data\raw\Capacidad\ConsultaA_Recurso_Salud_2015_v1.csv,587
00007733,2015,3,LIMA,LIMA,SAN MARTIN DE PORRES,MINSA,III-2,96,77,40,59,data\raw\Capacidad\ConsultaA_Recurso_Salud_2015_v1.csv,588
00013591,2015,9,LIMA,LIMA,JESUS MARIA,SANIDAD DE LA POLICIA NACIONAL DEL PERU,III-1,488,558,203,394,data\raw\Capacidad\ConsultaA_Recurso_Salud_2015_v1.csv,599
00013591,2015,12,LIMA,LIMA,JESUS MARIA,SANIDAD DE LA POLICIA NACIONAL DEL PERU,III-1,489,552,229,391,data\raw\Capacidad\ConsultaA_Recurso_Salud_2015_v1.csv,600
00013591,2015,10,LIMA,LIMA,JESUS MARIA,SANIDAD DE LA POLICIA NACIONAL DEL PERU,III-1,490,556,228,394,data\raw\Capacidad\ConsultaA_Recurso_Salud_2015_v1.csv,601
00013591,2015,11,LIMA,LIMA,JESUS MARIA,SANIDAD DE LA POLICIA NACIONAL DEL PERU,III-1,490,555,229,392,data\raw\Capacidad\ConsultaA_Recurso_Salud_2015_v1.csv,602
00013591,2015,8,LIMA,LIMA,JESUS MARIA,SANIDAD DE LA POLICIA NACIONAL DEL PERU,III-1,489,426,318,394,data\raw\Capacidad\ConsultaA_Recurso_Salud_2015_v1.csv,603
00005945,2016,12,LIMA,LIMA,ATE,MINSA,II-1,78,135,41,107,data\raw\Capacidad\ConsultaA_Recurso_Salud_2016_v1.csv,964
00005945,2016,10,LIMA,LIMA,ATE,MINSA,II-1,78,134,34,108,data\raw\Capacidad\ConsultaA_Recurso_Salud_2016_v1.csv,965
00005945,2016,11,LIMA,LIMA,ATE,MINSA,II-1,78,135,39,108,data\raw\Capacidad\ConsultaA_Recurso_Salud_2016_v1.csv,966
00005945,2016,9,LIMA,LIMA,ATE,MINSA,II-1,78,135,34,109,data\raw\Capacidad\ConsultaA_Recurso_Salud_2016_v1.csv,967
00005945,2016,8,LIMA,LIMA,ATE,MINSA,II-1,78,135,34,109,data\raw\Capacidad\ConsultaA_Recurso_Salud_2016_v1.csv,968
00005945,2016,7,LIMA,LIMA,ATE,MINSA,II-1,78,137,27,109,data\raw\Capacidad\ConsultaA_Recurso_Salud_2016_v1.csv,969
00005945,2016,4,LIMA,LIMA,ATE,MINSA,II-1,78,140,27,110,data\raw\Capacidad\ConsultaA_Recurso_Salud_2016_v1.csv,970
00005945,2016,3,LIMA,LIMA,ATE,MINSA,II-1,78,143,27,110,data\raw\Capacidad\ConsultaA_Recurso_Salud_2016_v1.csv,971
00005945,2016,2,LIMA,LIMA,ATE,MINSA,II-1,78,142,27,110,data\raw\Capacidad\ConsultaA_Recurso_Salud_2016_v1.csv,972
00005945,2016,6,LIMA,LIMA,ATE,MINSA,II-1,78,138,27,109,data\raw\Capacidad\ConsultaA_Recurso_Salud_2016_v1.csv,973
00005945,2016,5,LIMA,LIMA,ATE,MINSA,II-1,78,138,27,110,data\raw\Capacidad\ConsultaA_Recurso_Salud_2016_v1.csv,974
00005945,2016,1,LIMA,LIMA,ATE,MINSA,II-1,78,142,27,109,data\raw\Capacidad\ConsultaA_Recurso_Salud_2016_v1.csv,975
00005946,2016,12,LIMA,LIMA,EL AGUSTINO,MINSA,III-1,648,262,236,380,data\raw\Capacidad\ConsultaA_Recurso_Salud_2016_v1.csv,976
00005946,2016,11,LIMA,LIMA,EL AGUSTINO,MINSA,III-1,648,262,236,380,data\raw\Capacidad\ConsultaA_Recurso_Salud_2016_v1.csv,977
00005946,2016,10,LIMA,LIMA,EL AGUSTINO,MINSA,III-1,648,296,235,437,data\raw\Capacidad\ConsultaA_Recurso_Salud_2016_v1.csv,978
00005946,2016,9,LIMA,LIMA,EL AGUSTINO,MINSA,III-1,648,256,128,379,data\raw\Capacidad\ConsultaA_Recurso_Salud_2016_v1.csv,979
00005946,2016,8,LIMA,LIMA,EL AGUSTINO,MINSA,III-1,652,290,172,380,data\raw\Capacidad\ConsultaA_Recurso_Salud_2016_v1.csv,980
00005946,2016,7,LIMA,LIMA,EL AGUSTINO,MINSA,III-1,652,294,172,441,data\raw\Capacidad\ConsultaA_Recurso_Salud_2016_v1.csv,981
00005946,2016,6,LIMA,LIMA,EL AGUSTINO,MINSA,III-1,648,286,238,438,data\raw\Capacidad\ConsultaA_Recurso_Salud_2016_v1.csv,982
00005946,2016,5,LIMA,LIMA,EL AGUSTINO,MINSA,III-1,648,273,238,444,data\raw\Capacidad\ConsultaA_Recurso_Salud_2016_v1.csv,983
00005946,2016,1,LIMA,LIMA,EL AGUSTINO,MINSA,III-1,648,264,238,458,data\raw\Capacidad\ConsultaA_Recurso_Salud_2016_v1.csv,984
00005946,2016,3,LIMA,LIMA,EL AGUSTINO,MINSA,III-1,648,264,238,441,data\raw\Capacidad\ConsultaA_Recurso_Salud_2016_v1.csv,985
00005946,2016,4,LIMA,LIMA,EL AGUSTINO,MINSA,III-1,648,264,238,441,data\raw\Capacidad\ConsultaA_Recurso_Salud_2016_v1.csv,986
00005947,2016,12,LIMA,LIMA,LURIGANCHO,MINSA,II-2,67,111,8,90,data\raw\Capacidad\ConsultaA_Recurso_Salud_2016_v1.csv,987
00005947,2016,11,LIMA,LIMA,LURIGANCHO,MINSA,II-2,67,111,8,90,data\raw\Capacidad\ConsultaA_Recurso_Salud_2016_v1.csv,988
00005947,2016,10,LIMA,LIMA,LURIGANCHO,MINSA,II-2,67,111,5,91,data\raw\Capacidad\ConsultaA_Recurso_Salud_2016_v1.csv,989
00005947,2016,8,LIMA,LIMA,LURIGANCHO,MINSA,II-2,67,111,5,91,data\raw\Capacidad\ConsultaA_Recurso_Salud_2016_v1.csv,990
00005947,2016,9,LIMA,LIMA,LURIGANCHO,MINSA,II-2,67,111,5,91,data\raw\Capacidad\ConsultaA_Recurso_Salud_2016_v1.csv,991
00005947,2016,7,LIMA,LIMA,LURIGANCHO,MINSA,II-2,67,111,5,91,data\raw\Capacidad\ConsultaA_Recurso_Salud_2016_v1.csv,992
00005947,2016,6,LIMA,LIMA,LURIGANCHO,MINSA,II-2,67,114,5,82,data\raw\Capacidad\ConsultaA_Recurso_Salud_2016_v1.csv,993
00005947,2016,5,LIMA,LIMA,LURIGANCHO,MINSA,II-2,67,114,5,82,data\raw\Capacidad\ConsultaA_Recurso_Salud_2016_v1.csv,994
00005947,2016,2,LIMA,LIMA,LURIGANCHO,MINSA,II-2,67,103,3,82,data\raw\Capacidad\ConsultaA_Recurso_Salud_2016_v1.csv,995
00005947,2016,1,LIMA,LIMA,LURIGANCHO,MINSA,II-2,67,111,3,83,data\raw\Capacidad\ConsultaA_Recurso_Salud_2016_v1.csv,996
00005947,2016,3,LIMA,LIMA,LURIGANCHO,MINSA,II-2,67,102,3,84,data\raw\Capacidad\ConsultaA_Recurso_Salud_2016_v1.csv,997
00005947,2016,4,LIMA,LIMA,LURIGANCHO,MINSA,II-2,67,102,3,84,data\raw\Capacidad\ConsultaA_Recurso_Salud_2016_v1.csv,998
00005948,2016,4,LIMA,LIMA,SANTA ANITA,MINSA,III-1,213,74,35,65,data\raw\Capacidad\ConsultaA_Recurso_Salud_2016_v1.csv,999
00005948,2016,2,LIMA,LIMA,SANTA ANITA,MINSA,III-1,213,78,39,65,data\raw\Capacidad\ConsultaA_Recurso_Salud_2016_v1.csv,1000
00005948,2016,6,LIMA,LIMA,SANTA ANITA,MINSA,III-1,213,73,34,64,data\raw\Capacidad\ConsultaA_Recurso_Salud_2016_v1.csv,1001
00005948,2016,5,LIMA,LIMA,SANTA ANITA,MINSA,III-1,213,74,37,67,data\raw\Capacidad\ConsultaA_Recurso_Salud_2016_v1.csv,1002
00005948,2016,3,LIMA,LIMA,SANTA ANITA,MINSA,III-1,213,79,39,67,data\raw\Capacidad\ConsultaA_Recurso_Salud_2016_v1.csv,1003
00005948,2016,1,LIMA,LIMA,SANTA ANITA,MINSA,III-1,213,71,34,67,data\raw\Capacidad\ConsultaA_Recurso_Salud_2016_v1.csv,1004
00005948,2016,10,LIMA,LIMA,SANTA ANITA,MINSA,III-1,213,77,38,75,data\raw\Capacidad\ConsultaA_Recurso_Salud_2016_v1.csv,1005
00005948,2016,8,LIMA,LIMA,SANTA ANITA,MINSA,III-1,213,78,40,67,data\raw\Capacidad\ConsultaA_Recurso_Salud_2016_v1.csv,1006
00005948,2016,12,LIMA,LIMA,SANTA ANITA,MINSA,III-1,213,79,40,71,data\raw\Capacidad\ConsultaA_Recurso_Salud_2016_v1.csv,1007
00005948,2016,11,LIMA,LIMA,SANTA ANITA,MINSA,III-1,213,79,40,67,data\raw\Capacidad\ConsultaA_Recurso_Salud_2016_v1.csv,1008
00005948,2016,9,LIMA,LIMA,SANTA ANITA,MINSA,III-1,213,79,41,63,data\raw\Capacidad\ConsultaA_Recurso_Salud_2016_v1.csv,1009
00005948,2016,7,LIMA,LIMA,SANTA ANITA,MINSA,III-1,213,95,57,68,data\raw\Capacidad\ConsultaA_Recurso_Salud_2016_v1.csv,1010
00005987,2016,12,LIMA,LIMA,SAN JUAN DE MIRAFLORES,MINSA,III-1,374,512,254,389,data\raw\Capacidad\ConsultaA_Recurso_Salud_2016_v1.csv,1023
00005987,2016,11,LIMA,LIMA,SAN JUAN DE MIRAFLORES,MINSA,III-1,374,524,260,379,data\raw\Capacidad\ConsultaA_Recurso_Salud_2016_v1.csv,1024
00005987,2016,10,LIMA,LIMA,SAN JUAN DE MIRAFLORES,MINSA,III-1,374,262,260,385,data\raw\Capacidad\ConsultaA_Recurso_Salud_2016_v1.csv,1025
00005987,2016,9,LIMA,LIMA,SAN JUAN DE MIRAFLORES,MINSA,III-1,374,262,263,445,data\raw\Capacidad\ConsultaA_Recurso_Salud_2016_v1.csv,1026
00005987,2016,7,LIMA,LIMA,SAN JUAN DE MIRAFLORES,MINSA,III-1,373,262,252,388,data\raw\Capacidad\ConsultaA_Recurso_Salud_2016_v1.csv,1027
00005987,2016,8,LIMA,LIMA,SAN JUAN DE MIRAFLORES,MINSA,III-1,373,264,258,385,data\raw\Capacidad\ConsultaA_Recurso_Salud_2016_v1.csv,1028
00005987,2016,6,LIMA,LIMA,SAN JUAN DE MIRAFLORES,MINSA,III-1,373,262,242,355,data\raw\Capacidad\ConsultaA_Recurso_Salud_2016_v1.csv,1029
00005987,2016,5,LIMA,LIMA,SAN JUAN DE MIRAFLORES,MINSA,III-1,373,258,243,360,data\raw\Capacidad\ConsultaA_Recurso_Salud_2016_v1.csv,1030
00005987,2016,2,LIMA,LIMA,SAN JUAN DE MIRAFLORES,MINSA,III-1,334,248,287,334,data\raw\Capacidad\ConsultaA_Recurso_Salud_2016_v1.csv,1031
00005987,2016,1,LIMA,LIMA,SAN JUAN DE MIRAFLORES,MINSA,III-1,323,249,290,328,data\raw\Capacidad\ConsultaA_Recurso_Salud_2016_v1.csv,1032
00005987,2016,3,LIMA,LIMA,SAN JUAN DE MIRAFLORES,MINSA,III-1,373,246,290,347,data\raw\Capacidad\ConsultaA_Recurso_Salud_2016_v1.csv,1033
00005987,2016,4,LIMA,LIMA,SAN JUAN DE MIRAFLORES,MINSA,III-1,373,249,280,274,data\raw\Capacidad\ConsultaA_Recurso_Salud_2016_v1.csv,1034
00005883,2016,12,LIMA,LIMA,ATE,MINSA,II-1,51,54,0,46,data\raw\Capacidad\ConsultaA_Recurso_Salud_2016_v1.csv,1047
00005883,2016,10,LIMA,LIMA,ATE,MINSA,II-1,51,53,0,46,data\raw\Capacidad\ConsultaA_Recurso_Salud_2016_v1.csv,1048
00005883,2016,9,LIMA,LIMA,ATE,MINSA,II-1,51,56,0,46,data\raw\Capacidad\ConsultaA_Recurso_Salud_2016_v1.csv,1049
00005883,2016,11,LIMA,LIMA,ATE,MINSA,II-1,51,55,0,46,data\raw\Capacidad\ConsultaA_Recurso_Salud_2016_v1.csv,1050
00005883,2016,7,LIMA,LIMA,ATE,MINSA,II-1,46,50,0,46,data\raw\Capacidad\ConsultaA_Recurso_Salud_2016_v1.csv,1051
00005883,2016,8,LIMA,LIMA,ATE,MINSA,II-1,46,56,0,46,data\raw\Capacidad\ConsultaA_Recurso_Salud_2016_v1.csv,1052
00005883,2016,5,LIMA,LIMA,ATE,MINSA,II-1,46,46,0,48,data\raw\Capacidad\ConsultaA_Recurso_Salud_2016_v1.csv,1053
00005883,2016,6,LIMA,LIMA,ATE,MINSA,II-1,46,52,0,46,data\raw\Capacidad\ConsultaA_Recurso_Salud_2016_v1.csv,1054
00005883,2016,3,LIMA,LIMA,ATE,MINSA,II-1,45,50,0,47,data\raw\Capacidad\ConsultaA_Recurso_Salud_2016_v1.csv,1055
00005883,2016,1,LIMA,LIMA,ATE,MINSA,II-1,45,42,0,44,data\raw\Capacidad\ConsultaA_Recurso_Salud_2016_v1.csv,1056
00005883,2016,4,LIMA,LIMA,ATE,MINSA,II-1,46,55,0,48,data\raw\Capacidad\ConsultaA_Recurso_Salud_2016_v1.csv,1057
00005883,2016,2,LIMA,LIMA,ATE,MINSA,II-1,45,48,0,46,data\raw\Capacidad\ConsultaA_Recurso_Salud_2016_v1.csv,1058
00006206,2016,3,LIMA,LIMA,LIMA,MINSA,III-1,626,315,165,287,data\raw\Capacidad\ConsultaA_Recurso_Salud_2016_v1.csv,1060
00006206,2016,12,LIMA,LIMA,LIMA,MINSA,III-1,614,338,157,292,data\raw\Capacidad\ConsultaA_Recurso_Salud_2016_v1.csv,1061
00006206,2016,2,LIMA,LIMA,LIMA,MINSA,III-1,602,313,178,289,data\raw\Capacidad\ConsultaA_Recurso_Salud_2016_v1.csv,1062
00006206,2016,6,LIMA,LIMA,LIMA,MINSA,III-1,651,337,167,282,data\raw\Capacidad\ConsultaA_Recurso_Salud_2016_v1.csv,1063
00006206,2016,10,LIMA,LIMA,LIMA,MINSA,III-1,594,332,160,284,data\raw\Capacidad\ConsultaA_Recurso_Salud_2016_v1.csv,1064
00006206,2016,8,LIMA,LIMA,LIMA,MINSA,III-1,602,339,175,290,data\raw\Capacidad\ConsultaA_Recurso_Salud_2016_v1.csv,1065
00006206,2016,9,LIMA,LIMA,LIMA,MINSA,III-1,648,344,170,298,data\raw\Capacidad\ConsultaA_Recurso_Salud_2016_v1.csv,1066
00006206,2016,7,LIMA,LIMA,LIMA,MINSA,III-1,614,335,150,297,data\raw\Capacidad\ConsultaA_Recurso_Salud_2016_v1.csv,1067
00006206,2016,4,LIMA,LIMA,LIMA,MINSA,III-1,629,310,147,293,data\raw\Capacidad\ConsultaA_Recurso_Salud_2016_v1.csv,1068
00006206,2016,1,LIMA,LIMA,LIMA,MINSA,III-1,602,308,150,286,data\raw\Capacidad\ConsultaA_Recurso_Salud_2016_v1.csv,1069
00006206,2016,11,LIMA,LIMA,LIMA,MINSA,III-1,612,361,172,292,data\raw\Capacidad\ConsultaA_Recurso_Salud_2016_v1.csv,1070
00006206,2016,5,LIMA,LIMA,LIMA,MINSA,III-1,578,308,157,265,data\raw\Capacidad\ConsultaA_Recurso_Salud_2016_v1.csv,1071
00006207,2016,12,LIMA,LIMA,LIMA,MINSA,III-1,763,407,206,427,data\raw\Capacidad\ConsultaA_Recurso_Salud_2016_v1.csv,1072
00006207,2016,11,LIMA,LIMA,LIMA,MINSA,III-1,762,420,215,425,data\raw\Capacidad\ConsultaA_Recurso_Salud_2016_v1.csv,1073
00006207,2016,10,LIMA,LIMA,LIMA,MINSA,III-1,762,416,225,422,data\raw\Capacidad\ConsultaA_Recurso_Salud_2016_v1.csv,1074
00006207,2016,9,LIMA,LIMA,LIMA,MINSA,III-1,759,408,222,408,data\raw\Capacidad\ConsultaA_Recurso_Salud_2016_v1.csv,1075
00006207,2016,8,LIMA,LIMA,LIMA,MINSA,III-1,759,396,215,422,data\raw\Capacidad\ConsultaA_Recurso_Salud_2016_v1.csv,1076
00006207,2016,7,LIMA,LIMA,LIMA,MINSA,III-1,759,394,229,415,data\raw\Capacidad\ConsultaA_Recurso_Salud_2016_v1.csv,1077
00006207,2016,5,LIMA,LIMA,LIMA,MINSA,III-1,815,393,180,408,data\raw\Capacidad\ConsultaA_Recurso_Salud_2016_v1.csv,1078
00006207,2016,6,LIMA,LIMA,LIMA,MINSA,III-1,815,401,199,427,data\raw\Capacidad\ConsultaA_Recurso_Salud_2016_v1.csv,1079
00006207,2016,4,LIMA,LIMA,LIMA,MINSA,III-1,815,422,244,423,data\raw\Capacidad\ConsultaA_Recurso_Salud_2016_v1.csv,1080
00006207,2016,3,LIMA,LIMA,LIMA,MINSA,III-1,815,378,218,419,data\raw\Capacidad\ConsultaA_Recurso_Salud_2016_v1.csv,1081
00006207,2016,1,LIMA,LIMA,LIMA,MINSA,III-1,808,430,244,453,data\raw\Capacidad\ConsultaA_Recurso_Salud_2016_v1.csv,1082
00006207,2016,2,LIMA,LIMA,LIMA,MINSA,III-1,815,244,227,395,data\raw\Capacidad\ConsultaA_Recurso_Salud_2016_v1.csv,1083
00006208,2016,12,LIMA,LIMA,LIMA,MINSA,III-2,429,262,68,352,data\raw\Capacidad\ConsultaA_Recurso_Salud_2016_v1.csv,1084
00006208,2016,10,LIMA,LIMA,LIMA,MINSA,III-2,429,246,59,354,data\raw\Capacidad\ConsultaA_Recurso_Salud_2016_v1.csv,1085
00006208,2016,11,LIMA,LIMA,LIMA,MINSA,III-2,429,257,68,352,data\raw\Capacidad\ConsultaA_Recurso_Salud_2016_v1.csv,1086
00006208,2016,9,LIMA,LIMA,LIMA,MINSA,III-2,429,245,64,350,data\raw\Capacidad\ConsultaA_Recurso_Salud_2016_v1.csv,1087
00006208,2016,8,LIMA,LIMA,LIMA,MINSA,III-2,429,245,64,350,data\raw\Capacidad\ConsultaA_Recurso_Salud_2016_v1.csv,1088
00006208,2016,7,LIMA,LIMA,LIMA,MINSA,III-2,429,245,64,350,data\raw\Capacidad\ConsultaA_Recurso_Salud_2016_v1.csv,1089
00006208,2016,6,LIMA,LIMA,LIMA,MINSA,III-2,398,245,64,350,data\raw\Capacidad\ConsultaA_Recurso_Salud_2016_v1.csv,1090
00006208,2016,5,LIMA,LIMA,LIMA,MINSA,III-2,398,244,64,331,data\raw\Capacidad\ConsultaA_Recurso_Salud_2016_v1.csv,1091
00006208,2016,2,LIMA,LIMA,LIMA,MINSA,III-2,398,255,64,332,data\raw\Capacidad\ConsultaA_Recurso_Salud_2016_v1.csv,1092
00006208,2016,3,LIMA,LIMA,LIMA,MINSA,III-2,398,247,64,333,data\raw\Capacidad\ConsultaA_Recurso_Salud_2016_v1.csv,1093
00006208,2016,1,LIMA,LIMA,LIMA,MINSA,III-2,398,254,64,332,data\raw\Capacidad\ConsultaA_Recurso_Salud_2016_v1.csv,1094
00006208,2016,4,LIMA,LIMA,LIMA,MINSA,III-2,398,245,64,331,data\raw\Capacidad\ConsultaA_Recurso_Salud_2016_v1.csv,1095
00006209,2016,10,LIMA,LIMA,LIMA,MINSA,III-2,147,71,39,105,data\raw\Capacidad\ConsultaA_Recurso_Salud_2016_v1.csv,1096
00006209,2016,8,LIMA,LIMA,LIMA,MINSA,III-2,178,71,39,104,data\raw\Capacidad\ConsultaA_Recurso_Salud_2016_v1.csv,1097
00006209,2016,2,LIMA,LIMA,LIMA,MINSA,III-2,176,70,39,96,data\raw\Capacidad\ConsultaA_Recurso_Salud_2016_v1.csv,1098
00006209,2016,7,LIMA,LIMA,LIMA,MINSA,III-2,178,71,39,103,data\raw\Capacidad\ConsultaA_Recurso_Salud_2016_v1.csv,1099
00006209,2016,6,LIMA,LIMA,LIMA,MINSA,III-2,178,69,39,103,data\raw\Capacidad\ConsultaA_Recurso_Salud_2016_v1.csv,1100
00006209,2016,4,LIMA,LIMA,LIMA,MINSA,III-2,163,73,39,103,data\raw\Capacidad\ConsultaA_Recurso_Salud_2016_v1.csv,1101
00006209,2016,3,LIMA,LIMA,LIMA,MINSA,III-2,48,74,39,105,data\raw\Capacidad\ConsultaA_Recurso_Salud_2016_v1.csv,1102
00006209,2016,5,LIMA,LIMA,LIMA,MINSA,III-2,177,72,39,103,data\raw\Capacidad\ConsultaA_Recurso_Salud_2016_v1.csv,1103
00006209,2016,12,LIMA,LIMA,LIMA,MINSA,III-2,148,79,34,115,data\raw\Capacidad\ConsultaA_Recurso_Salud_2016_v1.csv,1104
00006209,2016,9,LIMA,LIMA,LIMA,MINSA,III-2,178,70,39,101,data\raw\Capacidad\ConsultaA_Recurso_Salud_2016_v1.csv,1105
00006209,2016,11,LIMA,LIMA,LIMA,MINSA,III-2,148,79,34,115,data\raw\Capacidad\ConsultaA_Recurso_Salud_2016_v1.csv,1106
00006209,2016,1,LIMA,LIMA,LIMA,MINSA,III-2,171,67,40,101,data\raw\Capacidad\ConsultaA_Recurso_Salud_2016_v1.csv,1107
00006210,2016,12,LIMA,LIMA,SURQUILLO,MINSA,III-2,414,219,187,445,data\raw\Capacidad\ConsultaA_Recurso_Salud_2016_v1.csv,1108
00006210,2016,11,LIMA,LIMA,SURQUILLO,MINSA,III-2,414,216,187,447,data\raw\Capacidad\ConsultaA_Recurso_Salud_2016_v1.csv,1109
00006210,2016,10,LIMA,LIMA,SURQUILLO,MINSA,III-2,414,211,196,444,data\raw\Capacidad\ConsultaA_Recurso_Salud_2016_v1.csv,1110
00006210,2016,9,LIMA,LIMA,SURQUILLO,MINSA,III-2,414,211,198,466,data\raw\Capacidad\ConsultaA_Recurso_Salud_2016_v1.csv,1111
00006210,2016,8,LIMA,LIMA,SURQUILLO,MINSA,III-2,414,183,195,439,data\raw\Capacidad\ConsultaA_Recurso_Salud_2016_v1.csv,1112
00006210,2016,7,LIMA,LIMA,SURQUILLO,MINSA,III-2,414,188,232,442,data\raw\Capacidad\ConsultaA_Recurso_Salud_2016_v1.csv,1113
00006210,2016,6,LIMA,LIMA,SURQUILLO,MINSA,III-2,414,195,150,403,data\raw\Capacidad\ConsultaA_Recurso_Salud_2016_v1.csv,1114
00006210,2016,5,LIMA,LIMA,SURQUILLO,MINSA,III-2,414,205,159,425,data\raw\Capacidad\ConsultaA_Recurso_Salud_2016_v1.csv,1115
00006210,2016,1,LIMA,LIMA,SURQUILLO,MINSA,III-2,412,205,178,478,data\raw\Capacidad\ConsultaA_Recurso_Salud_2016_v1.csv,1116
00006210,2016,4,LIMA,LIMA,SURQUILLO,MINSA,III-2,414,206,164,452,data\raw\Capacidad\ConsultaA_Recurso_Salud_2016_v1.csv,1117
00006210,2016,3,LIMA,LIMA,SURQUILLO,MINSA,III-2,414,208,178,479,data\raw\Capacidad\ConsultaA_Recurso_Salud_2016_v1.csv,1118
00006210,2016,2,LIMA,LIMA,SURQUILLO,MINSA,III-2,412,386,178,479,data\raw\Capacidad\ConsultaA_Recurso_Salud_2016_v1.csv,1119
00006211,2016,12,LIMA,LIMA,PUEBLO LIBRE,MINSA,III-1,193,217,37,211,data\raw\Capacidad\ConsultaA_Recurso_Salud_2016_v1.csv,1120
00006211,2016,10,LIMA,LIMA,PUEBLO LIBRE,MINSA,III-1,193,217,37,211,data\raw\Capacidad\ConsultaA_Recurso_Salud_2016_v1.csv,1121
00006211,2016,11,LIMA,LIMA,PUEBLO LIBRE,MINSA,III-1,193,217,37,211,data\raw\Capacidad\ConsultaA_Recurso_Salud_2016_v1.csv,1122
00006211,2016,9,LIMA,LIMA,PUEBLO LIBRE,MINSA,III-1,193,217,37,211,data\raw\Capacidad\ConsultaA_Recurso_Salud_2016_v1.csv,1123
00006211,2016,7,LIMA,LIMA,PUEBLO LIBRE,MINSA,III-1,193,217,37,211,data\raw\Capacidad\ConsultaA_Recurso_Salud_2016_v1.csv,1124
00006211,2016,8,LIMA,LIMA,PUEBLO LIBRE,MINSA,III-1,193,217,37,211,data\raw\Capacidad\ConsultaA_Recurso_Salud_2016_v1.csv,1125
00006211,2016,5,LIMA,LIMA,PUEBLO LIBRE,MINSA,III-1,193,217,37,211,data\raw\Capacidad\ConsultaA_Recurso_Salud_2016_v1.csv,1126
00006211,2016,6,LIMA,LIMA,PUEBLO LIBRE,MINSA,III-1,193,217,37,211,data\raw\Capacidad\ConsultaA_Recurso_Salud_2016_v1.csv,1127
00006211,2016,4,LIMA,LIMA,PUEBLO LIBRE,MINSA,III-1,193,217,37,211,data\raw\Capacidad\ConsultaA_Recurso_Salud_2016_v1.csv,1128
00006212,2016,12,LIMA,LIMA,LA VICTORIA,MINSA,III-E,45,117,5,113,data\raw\Capacidad\ConsultaA_Recurso_Salud_2016_v1.csv,1129
00006212,2016,11,LIMA,LIMA,LA VICTORIA,MINSA,III-E,45,118,5,113,data\raw\Capacidad\ConsultaA_Recurso_Salud_2016_v1.csv,1130
00006212,2016,10,LIMA,LIMA,LA VICTORIA,MINSA,III-E,45,119,5,113,data\raw\Capacidad\ConsultaA_Recurso_Salud_2016_v1.csv,1131
00006212,2016,9,LIMA,LIMA,LA VICTORIA,MINSA,III-E,52,119,5,115,data\raw\Capacidad\ConsultaA_Recurso_Salud_2016_v1.csv,1132
00006212,2016,7,LIMA,LIMA,LA VICTORIA,MINSA,III-E,52,119,5,115,data\raw\Capacidad\ConsultaA_Recurso_Salud_2016_v1.csv,1133
00006212,2016,8,LIMA,LIMA,LA VICTORIA,MINSA,III-E,52,119,5,115,data\raw\Capacidad\ConsultaA_Recurso_Salud_2016_v1.csv,1134
00006212,2016,6,LIMA,LIMA,LA VICTORIA,MINSA,III-E,52,118,5,114,data\raw\Capacidad\ConsultaA_Recurso_Salud_2016_v1.csv,1135
00006212,2016,5,LIMA,LIMA,LA VICTORIA,MINSA,III-E,52,118,5,114,data\raw\Capacidad\ConsultaA_Recurso_Salud_2016_v1.csv,1136
00006212,2016,1,LIMA,LIMA,LA VICTORIA,MINSA,III-E,51,115,12,115,data\raw\Capacidad\ConsultaA_Recurso_Salud_2016_v1.csv,1137
00006212,2016,3,LIMA,LIMA,LA VICTORIA,MINSA,III-E,52,116,5,118,data\raw\Capacidad\ConsultaA_Recurso_Salud_2016_v1.csv,1138
00006212,2016,4,LIMA,LIMA,LA VICTORIA,MINSA,III-E,52,118,5,119,data\raw\Capacidad\ConsultaA_Recurso_Salud_2016_v1.csv,1139
00006213,2016,12,LIMA,LIMA,MIRAFLORES,MINSA,III-E,71,132,27,159,data\raw\Capacidad\ConsultaA_Recurso_Salud_2016_v1.csv,1140
00006213,2016,10,LIMA,LIMA,MIRAFLORES,MINSA,III-E,71,133,27,162,data\raw\Capacidad\ConsultaA_Recurso_Salud_2016_v1.csv,1141
00006213,2016,11,LIMA,LIMA,MIRAFLORES,MINSA,III-E,71,131,27,159,data\raw\Capacidad\ConsultaA_Recurso_Salud_2016_v1.csv,1142
00006213,2016,9,LIMA,LIMA,MIRAFLORES,MINSA,III-E,71,134,27,162,data\raw\Capacidad\ConsultaA_Recurso_Salud_2016_v1.csv,1143
00006213,2016,7,LIMA,LIMA,MIRAFLORES,MINSA,III-E,71,130,27,162,data\raw\Capacidad\ConsultaA_Recurso_Salud_2016_v1.csv,1144
00006213,2016,8,LIMA,LIMA,MIRAFLORES,MINSA,III-E,71,130,27,162,data\raw\Capacidad\ConsultaA_Recurso_Salud_2016_v1.csv,1145
00006213,2016,6,LIMA,LIMA,MIRAFLORES,MINSA,III-E,71,130,27,163,data\raw\Capacidad\ConsultaA_Recurso_Salud_2016_v1.csv,1146
00006213,2016,5,LIMA,LIMA,MIRAFLORES,MINSA,III-E,71,131,27,163,data\raw\Capacidad\ConsultaA_Recurso_Salud_2016_v1.csv,1147
00006213,2016,2,LIMA,LIMA,MIRAFLORES,MINSA,III-E,71,132,27,163,data\raw\Capacidad\ConsultaA_Recurso_Salud_2016_v1.csv,1148
00006213,2016,1,LIMA,LIMA,MIRAFLORES,MINSA,III-E,71,134,27,163,data\raw\Capacidad\ConsultaA_Recurso_Salud_2016_v1.csv,1149
00006213,2016,4,LIMA,LIMA,MIRAFLORES,MINSA,III-E,71,131,27,163,data\raw\Capacidad\ConsultaA_Recurso_Salud_2016_v1.csv,1150
00006213,2016,3,LIMA,LIMA,MIRAFLORES,MINSA,III-E,71,132,27,163,data\raw\Capacidad\ConsultaA_Recurso_Salud_2016_v1.csv,1151
00006214,2016,12,LIMA,LIMA,MAGDALENA DEL MAR,MINSA,III-1,590,96,30,124,data\raw\Capacidad\ConsultaA_Recurso_Salud_2016_v1.csv,1152
00006214,2016,11,LIMA,LIMA,MAGDALENA DEL MAR,MINSA,III-1,590,102,42,117,data\raw\Capacidad\ConsultaA_Recurso_Salud_2016_v1.csv,1153
00006214,2016,10,LIMA,LIMA,MAGDALENA DEL MAR,MINSA,III-1,590,88,40,97,data\raw\Capacidad\ConsultaA_Recurso_Salud_2016_v1.csv,1154
00006214,2016,9,LIMA,LIMA,MAGDALENA DEL MAR,MINSA,III-1,590,110,42,108,data\raw\Capacidad\ConsultaA_Recurso_Salud_2016_v1.csv,1155
00006214,2016,7,LIMA,LIMA,MAGDALENA DEL MAR,MINSA,III-1,590,57,42,120,data\raw\Capacidad\ConsultaA_Recurso_Salud_2016_v1.csv,1156
00006214,2016,8,LIMA,LIMA,MAGDALENA DEL MAR,MINSA,III-1,590,57,42,120,data\raw\Capacidad\ConsultaA_Recurso_Salud_2016_v1.csv,1157
00006214,2016,5,LIMA,LIMA,MAGDALENA DEL MAR,MINSA,III-1,590,92,42,121,data\raw\Capacidad\ConsultaA_Recurso_Salud_2016_v1.csv,1158
00006214,2016,6,LIMA,LIMA,MAGDALENA DEL MAR,MINSA,III-1,590,92,42,121,data\raw\Capacidad\ConsultaA_Recurso_Salud_2016_v1.csv,1159
00006214,2016,2,LIMA,LIMA,MAGDALENA DEL MAR,MINSA,III-1,590,82,42,123,data\raw\Capacidad\ConsultaA_Recurso_Salud_2016_v1.csv,1160
00006214,2016,3,LIMA,LIMA,MAGDALENA DEL MAR,MINSA,III-1,590,57,42,120,data\raw\Capacidad\ConsultaA_Recurso_Salud_2016_v1.csv,1161
00006214,2016,4,LIMA,LIMA,MAGDALENA DEL MAR,MINSA,III-1,590,57,42,120,data\raw\Capacidad\ConsultaA_Recurso_Salud_2016_v1.csv,1162
00006215,2016,2,LIMA,LIMA,LIMA,MINSA,III-1,177,322,109,279,data\raw\Capacidad\ConsultaA_Recurso_Salud_2016_v1.csv,1163
00006215,2016,3,LIMA,LIMA,LIMA,MINSA,III-1,222,303,108,260,data\raw\Capacidad\ConsultaA_Recurso_Salud_2016_v1.csv,1164
00006215,2016,12,LIMA,LIMA,LIMA,MINSA,III-1,209,298,110,274,data\raw\Capacidad\ConsultaA_Recurso_Salud_2016_v1.csv,1165
00006215,2016,8,LIMA,LIMA,LIMA,MINSA,III-1,216,297,108,263,data\raw\Capacidad\ConsultaA_Recurso_Salud_2016_v1.csv,1166
00006215,2016,7,LIMA,LIMA,LIMA,MINSA,III-1,203,296,108,262,data\raw\Capacidad\ConsultaA_Recurso_Salud_2016_v1.csv,1167
00006215,2016,4,LIMA,LIMA,LIMA,MINSA,III-1,218,285,94,257,data\raw\Capacidad\ConsultaA_Recurso_Salud_2016_v1.csv,1168
00006215,2016,10,LIMA,LIMA,LIMA,MINSA,III-1,228,302,110,273,data\raw\Capacidad\ConsultaA_Recurso_Salud_2016_v1.csv,1169
00006215,2016,9,LIMA,LIMA,LIMA,MINSA,III-1,231,301,110,273,data\raw\Capacidad\ConsultaA_Recurso_Salud_2016_v1.csv,1170
00006215,2016,11,LIMA,LIMA,LIMA,MINSA,III-1,211,299,111,275,data\raw\Capacidad\ConsultaA_Recurso_Salud_2016_v1.csv,1171
00006215,2016,5,LIMA,LIMA,LIMA,MINSA,III-1,203,283,94,262,data\raw\Capacidad\ConsultaA_Recurso_Salud_2016_v1.csv,1172
00006215,2016,1,LIMA,LIMA,LIMA,MINSA,III-1,175,321,108,271,data\raw\Capacidad\ConsultaA_Recurso_Salud_2016_v1.csv,1173
00006215,2016,6,LIMA,LIMA,LIMA,MINSA,III-1,201,279,94,261,data\raw\Capacidad\ConsultaA_Recurso_Salud_2016_v1.csv,1174
00006217,2016,12,LIMA,LIMA,LIMA,MINSA,III-2,11,108,27,55,data\raw\Capacidad\ConsultaA_Recurso_Salud_2016_v1.csv,1175
00006217,2016,11,LIMA,LIMA,LIMA,MINSA,III-2,11,108,27,55,data\raw\Capacidad\ConsultaA_Recurso_Salud_2016_v1.csv,1176
00006217,2016,10,LIMA,LIMA,LIMA,MINSA,III-2,11,108,27,55,data\raw\Capacidad\ConsultaA_Recurso_Salud_2016_v1.csv,1177
00006217,2016,9,LIMA,LIMA,LIMA,MINSA,III-2,11,108,27,55,data\raw\Capacidad\ConsultaA_Recurso_Salud_2016_v1.csv,1178
00006217,2016,8,LIMA,LIMA,LIMA,MINSA,III-2,11,108,27,55,data\raw\Capacidad\ConsultaA_Recurso_Salud_2016_v1.csv,1179
00006217,2016,7,LIMA,LIMA,LIMA,MINSA,III-2,11,108,27,55,data\raw\Capacidad\ConsultaA_Recurso_Salud_2016_v1.csv,1180
00006217,2016,5,LIMA,LIMA,LIMA,MINSA,III-2,11,107,27,55,data\raw\Capacidad\ConsultaA_Recurso_Salud_2016_v1.csv,1181
00006217,2016,6,LIMA,LIMA,LIMA,MINSA,III-2,11,108,27,55,data\raw\Capacidad\ConsultaA_Recurso_Salud_2016_v1.csv,1182
00006217,2016,2,LIMA,LIMA,LIMA,MINSA,III-2,11,107,27,55,data\raw\Capacidad\ConsultaA_Recurso_Salud_2016_v1.csv,1183
00006217,2016,4,LIMA,LIMA,LIMA,MINSA,III-2,11,107,27,55,data\raw\Capacidad\ConsultaA_Recurso_Salud_2016_v1.csv,1184
00007734,2016,4,LIMA,LIMA,CHORRILLOS,MINSA,III-2,36,116,42,21,data\raw\Capacidad\ConsultaA_Recurso_Salud_2016_v1.csv,1358
00007734,2016,1,LIMA,LIMA,CHORRILLOS,MINSA,III-2,36,116,44,20,data\raw\Capacidad\ConsultaA_Recurso_Salud_2016_v1.csv,1359
00007734,2016,8,LIMA,LIMA,CHORRILLOS,MINSA,III-2,36,115,45,21,data\raw\Capacidad\ConsultaA_Recurso_Salud_2016_v1.csv,1360
00007734,2016,6,LIMA,LIMA,CHORRILLOS,MINSA,III-2,36,110,40,20,data\raw\Capacidad\ConsultaA_Recurso_Salud_2016_v1.csv,1361
00007734,2016,7,LIMA,LIMA,CHORRILLOS,MINSA,III-2,36,105,36,20,data\raw\Capacidad\ConsultaA_Recurso_Salud_2016_v1.csv,1362
00007734,2016,11,LIMA,LIMA,CHORRILLOS,MINSA,III-2,36,99,33,21,data\raw\Capacidad\ConsultaA_Recurso_Salud_2016_v1.csv,1363
00007734,2016,12,LIMA,LIMA,CHORRILLOS,MINSA,III-2,36,97,32,21,data\raw\Capacidad\ConsultaA_Recurso_Salud_2016_v1.csv,1364
00007734,2016,10,LIMA,LIMA,CHORRILLOS,MINSA,III-2,36,112,42,20,data\raw\Capacidad\ConsultaA_Recurso_Salud_2016_v1.csv,1365
00007734,2016,9,LIMA,LIMA,CHORRILLOS,MINSA,III-2,36,112,42,20,data\raw\Capacidad\ConsultaA_Recurso_Salud_2016_v1.csv,1366
00007734,2016,5,LIMA,LIMA,CHORRILLOS,MINSA,III-2,36,117,44,21,data\raw\Capacidad\ConsultaA_Recurso_Salud_2016_v1.csv,1367
00007734,2016,3,LIMA,LIMA,CHORRILLOS,MINSA,III-2,36,118,44,21,data\raw\Capacidad\ConsultaA_Recurso_Salud_2016_v1.csv,1368
00007734,2016,2,LIMA,LIMA,CHORRILLOS,MINSA,III-2,36,103,31,20,data\raw\Capacidad\ConsultaA_Recurso_Salud_2016_v1.csv,1369
00007632,2016,12,LIMA,LIMA,PUENTE PIEDRA,MINSA,II-2,102,95,44,120,data\raw\Capacidad\ConsultaA_Recurso_Salud_2016_v1.csv,1427
00007632,2016,11,LIMA,LIMA,PUENTE PIEDRA,MINSA,II-2,102,96,44,113,data\raw\Capacidad\ConsultaA_Recurso_Salud_2016_v1.csv,1428
00007632,2016,10,LIMA,LIMA,PUENTE PIEDRA,MINSA,II-2,73,104,44,113,data\raw\Capacidad\ConsultaA_Recurso_Salud_2016_v1.csv,1429
00007632,2016,9,LIMA,LIMA,PUENTE PIEDRA,MINSA,II-2,108,126,44,113,data\raw\Capacidad\ConsultaA_Recurso_Salud_2016_v1.csv,1430
00007632,2016,8,LIMA,LIMA,PUENTE PIEDRA,MINSA,II-2,108,128,41,115,data\raw\Capacidad\ConsultaA_Recurso_Salud_2016_v1.csv,1431
00007632,2016,7,LIMA,LIMA,PUENTE PIEDRA,MINSA,II-2,110,125,39,115,data\raw\Capacidad\ConsultaA_Recurso_Salud_2016_v1.csv,1432
00007632,2016,5,LIMA,LIMA,PUENTE PIEDRA,MINSA,II-2,110,127,34,115,data\raw\Capacidad\ConsultaA_Recurso_Salud_2016_v1.csv,1433
00007632,2016,6,LIMA,LIMA,PUENTE PIEDRA,MINSA,II-2,110,125,34,113,data\raw\Capacidad\ConsultaA_Recurso_Salud_2016_v1.csv,1434
00007632,2016,1,LIMA,LIMA,PUENTE PIEDRA,MINSA,II-2,113,132,39,135,data\raw\Capacidad\ConsultaA_Recurso_Salud_2016_v1.csv,1435
00007632,2016,3,LIMA,LIMA,PUENTE PIEDRA,MINSA,II-2,113,125,39,115,data\raw\Capacidad\ConsultaA_Recurso_Salud_2016_v1.csv,1436
00007632,2016,4,LIMA,LIMA,PUENTE PIEDRA,MINSA,II-2,113,128,36,115,data\raw\Capacidad\ConsultaA_Recurso_Salud_2016_v1.csv,1437
00007632,2016,2,LIMA,LIMA,PUENTE PIEDRA,MINSA,II-2,113,128,39,120,data\raw\Capacidad\ConsultaA_Recurso_Salud_2016_v1.csv,1438
00007633,2016,6,LIMA,LIMA,SAN MARTIN DE PORRES,MINSA,III-1,326,781,393,443,data\raw\Capacidad\ConsultaA_Recurso_Salud_2016_v1.csv,1439
00007633,2016,3,LIMA,LIMA,SAN MARTIN DE PORRES,MINSA,III-1,360,777,334,457,data\raw\Capacidad\ConsultaA_Recurso_Salud_2016_v1.csv,1440
00007633,2016,12,LIMA,LIMA,SAN MARTIN DE PORRES,MINSA,III-1,329,748,386,432,data\raw\Capacidad\ConsultaA_Recurso_Salud_2016_v1.csv,1441
00007633,2016,11,LIMA,LIMA,SAN MARTIN DE PORRES,MINSA,III-1,327,738,376,520,data\raw\Capacidad\ConsultaA_Recurso_Salud_2016_v1.csv,1442
00007633,2016,10,LIMA,LIMA,SAN MARTIN DE PORRES,MINSA,III-1,329,739,374,433,data\raw\Capacidad\ConsultaA_Recurso_Salud_2016_v1.csv,1443
00007633,2016,9,LIMA,LIMA,SAN MARTIN DE PORRES,MINSA,III-1,328,741,374,437,data\raw\Capacidad\ConsultaA_Recurso_Salud_2016_v1.csv,1444
00007633,2016,7,LIMA,LIMA,SAN MARTIN DE PORRES,MINSA,III-1,327,768,396,443,data\raw\Capacidad\ConsultaA_Recurso_Salud_2016_v1.csv,1445
00007633,2016,8,LIMA,LIMA,SAN MARTIN DE PORRES,MINSA,III-1,327,751,380,435,data\raw\Capacidad\ConsultaA_Recurso_Salud_2016_v1.csv,1446
00007633,2016,5,LIMA,LIMA,SAN MARTIN DE PORRES,MINSA,III-1,327,783,396,455,data\raw\Capacidad\ConsultaA_Recurso_Salud_2016_v1.csv,1447
00007633,2016,2,LIMA,LIMA,SAN MARTIN DE PORRES,MINSA,III-1,362,759,384,468,data\raw\Capacidad\ConsultaA_Recurso_Salud_2016_v1.csv,1448
00007633,2016,1,LIMA,LIMA,SAN MARTIN DE PORRES,MINSA,III-1,362,759,384,468,data\raw\Capacidad\ConsultaA_Recurso_Salud_2016_v1.csv,1449
00007633,2016,4,LIMA,LIMA,SAN MARTIN DE PORRES,MINSA,III-1,361,780,396,454,data\raw\Capacidad\ConsultaA_Recurso_Salud_2016_v1.csv,1450
00007634,2016,12,LIMA,LIMA,COMAS,MINSA,III-1,330,304,117,190,data\raw\Capacidad\ConsultaA_Recurso_Salud_2016_v1.csv,1451
00007634,2016,11,LIMA,LIMA,COMAS,MINSA,III-1,330,304,117,190,data\raw\Capacidad\ConsultaA_Recurso_Salud_2016_v1.csv,1452
00007634,2016,10,LIMA,LIMA,COMAS,MINSA,III-1,330,304,117,190,data\raw\Capacidad\ConsultaA_Recurso_Salud_2016_v1.csv,1453
00007634,2016,8,LIMA,LIMA,COMAS,MINSA,III-1,330,304,117,190,data\raw\Capacidad\ConsultaA_Recurso_Salud_2016_v1.csv,1454
00007634,2016,9,LIMA,LIMA,COMAS,MINSA,III-1,330,304,117,190,data\raw\Capacidad\ConsultaA_Recurso_Salud_2016_v1.csv,1455
00007634,2016,7,LIMA,LIMA,COMAS,MINSA,III-1,335,304,117,190,data\raw\Capacidad\ConsultaA_Recurso_Salud_2016_v1.csv,1456
00007634,2016,6,LIMA,LIMA,COMAS,MINSA,III-1,335,309,117,190,data\raw\Capacidad\ConsultaA_Recurso_Salud_2016_v1.csv,1457
00007634,2016,5,LIMA,LIMA,COMAS,MINSA,III-1,340,310,117,190,data\raw\Capacidad\ConsultaA_Recurso_Salud_2016_v1.csv,1458
00007634,2016,1,LIMA,LIMA,COMAS,MINSA,III-1,330,311,117,193,data\raw\Capacidad\ConsultaA_Recurso_Salud_2016_v1.csv,1459
00007634,2016,2,LIMA,LIMA,COMAS,MINSA,III-1,340,309,117,193,data\raw\Capacidad\ConsultaA_Recurso_Salud_2016_v1.csv,1460
00007634,2016,4,LIMA,LIMA,COMAS,MINSA,III-1,330,311,117,191,data\raw\Capacidad\ConsultaA_Recurso_Salud_2016_v1.csv,1461
00007634,2016,3,LIMA,LIMA,COMAS,MINSA,III-1,340,311,117,192,data\raw\Capacidad\ConsultaA_Recurso_Salud_2016_v1.csv,1462
00008502,2016,12,LIMA,LIMA,LIMA,ESSALUD,II-2,226,341,91,204,data\raw\Capacidad\ConsultaA_Recurso_Salud_2016_v1.csv,1656
00008502,2016,11,LIMA,LIMA,LIMA,ESSALUD,II-2,226,341,91,206,data\raw\Capacidad\ConsultaA_Recurso_Salud_2016_v1.csv,1657
00008502,2016,10,LIMA,LIMA,LIMA,ESSALUD,II-2,244,340,91,205,data\raw\Capacidad\ConsultaA_Recurso_Salud_2016_v1.csv,1658
00008502,2016,8,LIMA,LIMA,LIMA,ESSALUD,II-2,244,338,94,216,data\raw\Capacidad\ConsultaA_Recurso_Salud_2016_v1.csv,1659
00008502,2016,9,LIMA,LIMA,LIMA,ESSALUD,II-2,245,333,91,209,data\raw\Capacidad\ConsultaA_Recurso_Salud_2016_v1.csv,1660
00008502,2016,7,LIMA,LIMA,LIMA,ESSALUD,II-2,244,340,94,205,data\raw\Capacidad\ConsultaA_Recurso_Salud_2016_v1.csv,1661
00008502,2016,6,LIMA,LIMA,LIMA,ESSALUD,II-2,245,335,92,206,data\raw\Capacidad\ConsultaA_Recurso_Salud_2016_v1.csv,1662
00008502,2016,5,LIMA,LIMA,LIMA,ESSALUD,II-2,245,342,91,224,data\raw\Capacidad\ConsultaA_Recurso_Salud_2016_v1.csv,1663
00008502,2016,1,LIMA,LIMA,LIMA,ESSALUD,II-2,245,343,91,226,data\raw\Capacidad\ConsultaA_Recurso_Salud_2016_v1.csv,1664
00008502,2016,3,LIMA,LIMA,LIMA,ESSALUD,II-2,246,341,91,224,data\raw\Capacidad\ConsultaA_Recurso_Salud_2016_v1.csv,1665
00008502,2016,2,LIMA,LIMA,LIMA,ESSALUD,II-2,247,250,91,223,data\raw\Capacidad\ConsultaA_Recurso_Salud_2016_v1.csv,1666
00008502,2016,4,LIMA,LIMA,LIMA,ESSALUD,II-2,245,338,91,223,data\raw\Capacidad\ConsultaA_Recurso_Salud_2016_v1.csv,1667
00008353,2016,12,LIMA,LIMA,ATE,ESSALUD,II-1,66,105,24,89,data\raw\Capacidad\ConsultaA_Recurso_Salud_2016_v1.csv,1668
00008353,2016,11,LIMA,LIMA,ATE,ESSALUD,II-1,66,105,24,89,data\raw\Capacidad\ConsultaA_Recurso_Salud_2016_v1.csv,1669
00008353,2016,10,LIMA,LIMA,ATE,ESSALUD,II-1,70,103,24,89,data\raw\Capacidad\ConsultaA_Recurso_Salud_2016_v1.csv,1670
00008353,2016,9,LIMA,LIMA,ATE,ESSALUD,II-1,70,102,24,88,data\raw\Capacidad\ConsultaA_Recurso_Salud_2016_v1.csv,1671
00008353,2016,8,LIMA,LIMA,ATE,ESSALUD,II-1,70,103,24,89,data\raw\Capacidad\ConsultaA_Recurso_Salud_2016_v1.csv,1672
00008353,2016,7,LIMA,LIMA,ATE,ESSALUD,II-1,70,101,24,89,data\raw\Capacidad\ConsultaA_Recurso_Salud_2016_v1.csv,1673
00008353,2016,6,LIMA,LIMA,ATE,ESSALUD,II-1,70,101,24,89,data\raw\Capacidad\ConsultaA_Recurso_Salud_2016_v1.csv,1674
00008353,2016,5,LIMA,LIMA,ATE,ESSALUD,II-1,70,101,24,89,data\raw\Capacidad\ConsultaA_Recurso_Salud_2016_v1.csv,1675
00008353,2016,2,LIMA,LIMA,ATE,ESSALUD,II-1,70,102,24,88,data\raw\Capacidad\ConsultaA_Recurso_Salud_2016_v1.csv,1676
00008353,2016,1,LIMA,LIMA,ATE,ESSALUD,II-1,70,102,24,88,data\raw\Capacidad\ConsultaA_Recurso_Salud_2016_v1.csv,1677
00008353,2016,4,LIMA,LIMA,ATE,ESSALUD,II-1,70,100,24,89,data\raw\Capacidad\ConsultaA_Recurso_Salud_2016_v1.csv,1678
00008353,2016,3,LIMA,LIMA,ATE,ESSALUD,II-1,70,102,24,89,data\raw\Capacidad\ConsultaA_Recurso_Salud_2016_v1.csv,1679
00009251,2016,9,LIMA,LIMA,LA VICTORIA,ESSALUD,III-2,952,1051,319,1046,data\raw\Capacidad\ConsultaA_Recurso_Salud_2016_v1.csv,1692
00009251,2016,7,LIMA,LIMA,LA VICTORIA,ESSALUD,III-2,959,1157,372,1044,data\raw\Capacidad\ConsultaA_Recurso_Salud_2016_v1.csv,1693
00009251,2016,6,LIMA,LIMA,LA VICTORIA,ESSALUD,III-2,963,1157,372,1038,data\raw\Capacidad\ConsultaA_Recurso_Salud_2016_v1.csv,1694
00009251,2016,12,LIMA,LIMA,LA VICTORIA,ESSALUD,III-2,952,1154,319,1050,data\raw\Capacidad\ConsultaA_Recurso_Salud_2016_v1.csv,1695
00009251,2016,11,LIMA,LIMA,LA VICTORIA,ESSALUD,III-2,952,749,319,1046,data\raw\Capacidad\ConsultaA_Recurso_Salud_2016_v1.csv,1696
00009251,2016,10,LIMA,LIMA,LA VICTORIA,ESSALUD,III-2,952,849,319,1046,data\raw\Capacidad\ConsultaA_Recurso_Salud_2016_v1.csv,1697
00009251,2016,8,LIMA,LIMA,LA VICTORIA,ESSALUD,III-2,959,1072,319,1046,data\raw\Capacidad\ConsultaA_Recurso_Salud_2016_v1.csv,1698
00009251,2016,5,LIMA,LIMA,LA VICTORIA,ESSALUD,III-2,956,1157,372,1030,data\raw\Capacidad\ConsultaA_Recurso_Salud_2016_v1.csv,1699
00009251,2016,1,LIMA,LIMA,LA VICTORIA,ESSALUD,III-2,960,1133,372,1003,data\raw\Capacidad\ConsultaA_Recurso_Salud_2016_v1.csv,1700
00009251,2016,4,LIMA,LIMA,LA VICTORIA,ESSALUD,III-2,956,1157,372,1030,data\raw\Capacidad\ConsultaA_Recurso_Salud_2016_v1.csv,1701
00009251,2016,2,LIMA,LIMA,LA VICTORIA,ESSALUD,III-2,963,1119,372,1036,data\raw\Capacidad\ConsultaA_Recurso_Salud_2016_v1.csv,1702
00009251,2016,3,LIMA,LIMA,LA VICTORIA,ESSALUD,III-2,953,1119,372,1037,data\raw\Capacidad\ConsultaA_Recurso_Salud_2016_v1.csv,1703
00008741,2016,12,LIMA,LIMA,VILLA EL SALVADOR,ESSALUD,II-1,54,78,3,72,data\raw\Capacidad\ConsultaA_Recurso_Salud_2016_v1.csv,1711
00008741,2016,10,LIMA,LIMA,VILLA EL SALVADOR,ESSALUD,II-1,54,77,3,69,data\raw\Capacidad\ConsultaA_Recurso_Salud_2016_v1.csv,1712
00008741,2016,9,LIMA,LIMA,VILLA EL SALVADOR,ESSALUD,II-1,54,75,1,70,data\raw\Capacidad\ConsultaA_Recurso_Salud_2016_v1.csv,1713
00008741,2016,8,LIMA,LIMA,VILLA EL SALVADOR,ESSALUD,II-1,54,75,1,70,data\raw\Capacidad\ConsultaA_Recurso_Salud_2016_v1.csv,1714
00008741,2016,7,LIMA,LIMA,VILLA EL SALVADOR,ESSALUD,II-1,54,75,1,70,data\raw\Capacidad\ConsultaA_Recurso_Salud_2016_v1.csv,1715
00008741,2016,6,LIMA,LIMA,VILLA EL SALVADOR,ESSALUD,II-1,54,75,1,71,data\raw\Capacidad\ConsultaA_Recurso_Salud_2016_v1.csv,1716
00008741,2016,5,LIMA,LIMA,VILLA EL SALVADOR,ESSALUD,II-1,54,75,1,71,data\raw\Capacidad\ConsultaA_Recurso_Salud_2016_v1.csv,1717
00008741,2016,4,LIMA,LIMA,VILLA EL SALVADOR,ESSALUD,II-1,54,75,1,71,data\raw\Capacidad\ConsultaA_Recurso_Salud_2016_v1.csv,1718
00008741,2016,3,LIMA,LIMA,VILLA EL SALVADOR,ESSALUD,II-1,54,75,1,71,data\raw\Capacidad\ConsultaA_Recurso_Salud_2016_v1.csv,1719
00008741,2016,2,LIMA,LIMA,VILLA EL SALVADOR,ESSALUD,II-1,54,75,1,71,data\raw\Capacidad\ConsultaA_Recurso_Salud_2016_v1.csv,1720
00008741,2016,1,LIMA,LIMA,VILLA EL SALVADOR,ESSALUD,II-1,54,75,1,71,data\raw\Capacidad\ConsultaA_Recurso_Salud_2016_v1.csv,1721
00008741,2016,11,LIMA,LIMA,VILLA EL SALVADOR,ESSALUD,II-1,54,77,3,69,data\raw\Capacidad\ConsultaA_Recurso_Salud_2016_v1.csv,1722
00008318,2016,12,LIMA,LIMA,SANTA ANITA,ESSALUD,II-1,57,88,1,66,data\raw\Capacidad\ConsultaA_Recurso_Salud_2016_v1.csv,1742
00008318,2016,11,LIMA,LIMA,SANTA ANITA,ESSALUD,II-1,58,87,1,66,data\raw\Capacidad\ConsultaA_Recurso_Salud_2016_v1.csv,1743
00008318,2016,10,LIMA,LIMA,SANTA ANITA,ESSALUD,II-1,46,68,1,66,data\raw\Capacidad\ConsultaA_Recurso_Salud_2016_v1.csv,1744
00008318,2016,9,LIMA,LIMA,SANTA ANITA,ESSALUD,II-1,57,95,1,66,data\raw\Capacidad\ConsultaA_Recurso_Salud_2016_v1.csv,1745
00008318,2016,8,LIMA,LIMA,SANTA ANITA,ESSALUD,II-1,58,87,3,66,data\raw\Capacidad\ConsultaA_Recurso_Salud_2016_v1.csv,1746
00008318,2016,7,LIMA,LIMA,SANTA ANITA,ESSALUD,II-1,58,83,1,66,data\raw\Capacidad\ConsultaA_Recurso_Salud_2016_v1.csv,1747
00008318,2016,6,LIMA,LIMA,SANTA ANITA,ESSALUD,II-1,58,82,2,66,data\raw\Capacidad\ConsultaA_Recurso_Salud_2016_v1.csv,1748
00008318,2016,5,LIMA,LIMA,SANTA ANITA,ESSALUD,II-1,59,84,2,66,data\raw\Capacidad\ConsultaA_Recurso_Salud_2016_v1.csv,1749
00008318,2016,1,LIMA,LIMA,SANTA ANITA,ESSALUD,II-1,47,84,0,66,data\raw\Capacidad\ConsultaA_Recurso_Salud_2016_v1.csv,1750
00008318,2016,4,LIMA,LIMA,SANTA ANITA,ESSALUD,II-1,59,84,2,66,data\raw\Capacidad\ConsultaA_Recurso_Salud_2016_v1.csv,1751
00008318,2016,2,LIMA,LIMA,SANTA ANITA,ESSALUD,II-1,58,82,0,66,data\raw\Capacidad\ConsultaA_Recurso_Salud_2016_v1.csv,1752
00008318,2016,3,LIMA,LIMA,SANTA ANITA,ESSALUD,II-1,59,84,2,66,data\raw\Capacidad\ConsultaA_Recurso_Salud_2016_v1.csv,1753
00008564,2016,12,LIMA,LIMA,SAN MIGUEL,ESSALUD,II-1,49,74,0,74,data\raw\Capacidad\ConsultaA_Recurso_Salud_2016_v1.csv,1770
00008564,2016,4,LIMA,LIMA,SAN MIGUEL,ESSALUD,II-1,49,74,0,73,data\raw\Capacidad\ConsultaA_Recurso_Salud_2016_v1.csv,1771
00008564,2016,11,LIMA,LIMA,SAN MIGUEL,ESSALUD,II-1,49,74,0,74,data\raw\Capacidad\ConsultaA_Recurso_Salud_2016_v1.csv,1772
00008564,2016,10,LIMA,LIMA,SAN MIGUEL,ESSALUD,II-1,49,74,0,74,data\raw\Capacidad\ConsultaA_Recurso_Salud_2016_v1.csv,1773
00008564,2016,8,LIMA,LIMA,SAN MIGUEL,ESSALUD,II-1,49,74,0,74,data\raw\Capacidad\ConsultaA_Recurso_Salud_2016_v1.csv,1774
00008564,2016,9,LIMA,LIMA,SAN MIGUEL,ESSALUD,II-1,49,74,0,74,data\raw\Capacidad\ConsultaA_Recurso_Salud_2016_v1.csv,1775
00008564,2016,7,LIMA,LIMA,SAN MIGUEL,ESSALUD,II-1,49,74,0,73,data\raw\Capacidad\ConsultaA_Recurso_Salud_2016_v1.csv,1776
00008564,2016,6,LIMA,LIMA,SAN MIGUEL,ESSALUD,II-1,49,74,0,73,data\raw\Capacidad\ConsultaA_Recurso_Salud_2016_v1.csv,1777
00008564,2016,5,LIMA,LIMA,SAN MIGUEL,ESSALUD,II-1,49,75,0,73,data\raw\Capacidad\ConsultaA_Recurso_Salud_2016_v1.csv,1778
00008564,2016,1,LIMA,LIMA,SAN MIGUEL,ESSALUD,II-1,50,77,0,72,data\raw\Capacidad\ConsultaA_Recurso_Salud_2016_v1.csv,1779
00008564,2016,2,LIMA,LIMA,SAN MIGUEL,ESSALUD,II-1,48,77,0,73,data\raw\Capacidad\ConsultaA_Recurso_Salud_2016_v1.csv,1780
00008564,2016,3,LIMA,LIMA,SAN MIGUEL,ESSALUD,II-1,48,77,0,75,data\raw\Capacidad\ConsultaA_Recurso_Salud_2016_v1.csv,1781
00008720,2016,12,LIMA,LIMA,JESUS MARIA,ESSALUD,III-2,1511,1817,511,1672,data\raw\Capacidad\ConsultaA_Recurso_Salud_2016_v1.csv,1810
00008720,2016,11,LIMA,LIMA,JESUS MARIA,ESSALUD,III-2,1511,1813,511,1675,data\raw\Capacidad\ConsultaA_Recurso_Salud_2016_v1.csv,1811
00008720,2016,10,LIMA,LIMA,JESUS MARIA,ESSALUD,III-2,1507,1787,510,1661,data\raw\Capacidad\ConsultaA_Recurso_Salud_2016_v1.csv,1812
00008720,2016,9,LIMA,LIMA,JESUS MARIA,ESSALUD,III-2,1507,1788,505,1677,data\raw\Capacidad\ConsultaA_Recurso_Salud_2016_v1.csv,1813
00008720,2016,7,LIMA,LIMA,JESUS MARIA,ESSALUD,III-2,1507,1614,341,1684,data\raw\Capacidad\ConsultaA_Recurso_Salud_2016_v1.csv,1814
00008720,2016,8,LIMA,LIMA,JESUS MARIA,ESSALUD,III-2,1507,1594,339,1676,data\raw\Capacidad\ConsultaA_Recurso_Salud_2016_v1.csv,1815
00008720,2016,5,LIMA,LIMA,JESUS MARIA,ESSALUD,III-2,1507,1763,474,1690,data\raw\Capacidad\ConsultaA_Recurso_Salud_2016_v1.csv,1816
00008720,2016,6,LIMA,LIMA,JESUS MARIA,ESSALUD,III-2,1507,1769,473,1683,data\raw\Capacidad\ConsultaA_Recurso_Salud_2016_v1.csv,1817
00008720,2016,1,LIMA,LIMA,JESUS MARIA,ESSALUD,III-2,1507,1684,475,1660,data\raw\Capacidad\ConsultaA_Recurso_Salud_2016_v1.csv,1818
00008720,2016,2,LIMA,LIMA,JESUS MARIA,ESSALUD,III-2,1507,1747,474,1696,data\raw\Capacidad\ConsultaA_Recurso_Salud_2016_v1.csv,1819
00008720,2016,3,LIMA,LIMA,JESUS MARIA,ESSALUD,III-2,1507,1742,474,1695,data\raw\Capacidad\ConsultaA_Recurso_Salud_2016_v1.csv,1820
00008720,2016,4,LIMA,LIMA,JESUS MARIA,ESSALUD,III-2,1507,1739,475,1690,data\raw\Capacidad\ConsultaA_Recurso_Salud_2016_v1.csv,1821
00008489,2016,1,LIMA,LIMA,MIRAFLORES,ESSALUD,II-2,87,222,2,157,data\raw\Capacidad\ConsultaA_Recurso_Salud_2016_v1.csv,1844
00008489,2016,12,LIMA,LIMA,MIRAFLORES,ESSALUD,II-2,88,207,3,140,data\raw\Capacidad\ConsultaA_Recurso_Salud_2016_v1.csv,1845
00008489,2016,2,LIMA,LIMA,MIRAFLORES,ESSALUD,II-2,87,217,2,159,data\raw\Capacidad\ConsultaA_Recurso_Salud_2016_v1.csv,1846
00008489,2016,10,LIMA,LIMA,MIRAFLORES,ESSALUD,II-2,88,193,2,141,data\raw\Capacidad\ConsultaA_Recurso_Salud_2016_v1.csv,1847
00008489,2016,9,LIMA,LIMA,MIRAFLORES,ESSALUD,II-2,88,198,3,143,data\raw\Capacidad\ConsultaA_Recurso_Salud_2016_v1.csv,1848
00008489,2016,8,LIMA,LIMA,MIRAFLORES,ESSALUD,II-2,88,196,2,139,data\raw\Capacidad\ConsultaA_Recurso_Salud_2016_v1.csv,1849
00008489,2016,6,LIMA,LIMA,MIRAFLORES,ESSALUD,II-2,87,217,2,159,data\raw\Capacidad\ConsultaA_Recurso_Salud_2016_v1.csv,1850
00008489,2016,4,LIMA,LIMA,MIRAFLORES,ESSALUD,II-2,87,214,2,156,data\raw\Capacidad\ConsultaA_Recurso_Salud_2016_v1.csv,1851
00008489,2016,5,LIMA,LIMA,MIRAFLORES,ESSALUD,II-2,87,214,2,159,data\raw\Capacidad\ConsultaA_Recurso_Salud_2016_v1.csv,1852
00008489,2016,3,LIMA,LIMA,MIRAFLORES,ESSALUD,II-2,86,215,2,159,data\raw\Capacidad\ConsultaA_Recurso_Salud_2016_v1.csv,1853
00008489,2016,7,LIMA,LIMA,MIRAFLORES,ESSALUD,II-2,87,198,2,139,data\raw\Capacidad\ConsultaA_Recurso_Salud_2016_v1.csv,1854
00008489,2016,11,LIMA,LIMA,MIRAFLORES,ESSALUD,II-2,88,201,2,141,data\raw\Capacidad\ConsultaA_Recurso_Salud_2016_v1.csv,1855
00008671,2016,12,LIMA,LIMA,COMAS,ESSALUD,II-1,105,135,0,114,data\raw\Capacidad\ConsultaA_Recurso_Salud_2016_v1.csv,1912
00008671,2016,11,LIMA,LIMA,COMAS,ESSALUD,II-1,105,135,0,114,data\raw\Capacidad\ConsultaA_Recurso_Salud_2016_v1.csv,1913
00008671,2016,10,LIMA,LIMA,COMAS,ESSALUD,II-1,105,135,0,114,data\raw\Capacidad\ConsultaA_Recurso_Salud_2016_v1.csv,1914
00008671,2016,9,LIMA,LIMA,COMAS,ESSALUD,II-1,107,135,0,114,data\raw\Capacidad\ConsultaA_Recurso_Salud_2016_v1.csv,1915
00008671,2016,8,LIMA,LIMA,COMAS,ESSALUD,II-1,104,120,0,111,data\raw\Capacidad\ConsultaA_Recurso_Salud_2016_v1.csv,1916
00008671,2016,7,LIMA,LIMA,COMAS,ESSALUD,II-1,106,130,0,111,data\raw\Capacidad\ConsultaA_Recurso_Salud_2016_v1.csv,1917
00008671,2016,5,LIMA,LIMA,COMAS,ESSALUD,II-1,105,130,0,11,data\raw\Capacidad\ConsultaA_Recurso_Salud_2016_v1.csv,1918
00008671,2016,6,LIMA,LIMA,COMAS,ESSALUD,II-1,105,130,0,111,data\raw\Capacidad\ConsultaA_Recurso_Salud_2016_v1.csv,1919
00008671,2016,3,LIMA,LIMA,COMAS,ESSALUD,II-1,106,130,0,111,data\raw\Capacidad\ConsultaA_Recurso_Salud_2016_v1.csv,1920
00008671,2016,1,LIMA,LIMA,COMAS,ESSALUD,II-1,108,127,0,106,data\raw\Capacidad\ConsultaA_Recurso_Salud_2016_v1.csv,1921
00008671,2016,2,LIMA,LIMA,COMAS,ESSALUD,II-1,105,127,0,106,data\raw\Capacidad\ConsultaA_Recurso_Salud_2016_v1.csv,1922
00008671,2016,4,LIMA,LIMA,COMAS,ESSALUD,II-1,106,130,0,11,data\raw\Capacidad\ConsultaA_Recurso_Salud_2016_v1.csv,1923
00009188,2016,12,LIMA,LIMA,LIMA,ESSALUD,II-1,49,89,4,56,data\raw\Capacidad\ConsultaA_Recurso_Salud_2016_v1.csv,1986
00009188,2016,11,LIMA,LIMA,LIMA,ESSALUD,II-1,49,89,4,56,data\raw\Capacidad\ConsultaA_Recurso_Salud_2016_v1.csv,1987
00009188,2016,10,LIMA,LIMA,LIMA,ESSALUD,II-1,49,89,4,56,data\raw\Capacidad\ConsultaA_Recurso_Salud_2016_v1.csv,1988
00009188,2016,9,LIMA,LIMA,LIMA,ESSALUD,II-1,49,86,4,56,data\raw\Capacidad\ConsultaA_Recurso_Salud_2016_v1.csv,1989
00009188,2016,8,LIMA,LIMA,LIMA,ESSALUD,II-1,49,86,4,56,data\raw\Capacidad\ConsultaA_Recurso_Salud_2016_v1.csv,1990
00009188,2016,7,LIMA,LIMA,LIMA,ESSALUD,II-1,49,82,4,58,data\raw\Capacidad\ConsultaA_Recurso_Salud_2016_v1.csv,1991
00009188,2016,5,LIMA,LIMA,LIMA,ESSALUD,II-1,49,86,4,56,data\raw\Capacidad\ConsultaA_Recurso_Salud_2016_v1.csv,1992
00009188,2016,6,LIMA,LIMA,LIMA,ESSALUD,II-1,49,86,4,56,data\raw\Capacidad\ConsultaA_Recurso_Salud_2016_v1.csv,1993
00009188,2016,3,LIMA,LIMA,LIMA,ESSALUD,II-1,49,86,4,56,data\raw\Capacidad\ConsultaA_Recurso_Salud_2016_v1.csv,1994
00009188,2016,4,LIMA,LIMA,LIMA,ESSALUD,II-1,49,86,4,56,data\raw\Capacidad\ConsultaA_Recurso_Salud_2016_v1.csv,1995
00010098,2016,10,LIMA,LIMA,CHORRILLOS,SANIDAD DEL EJERCITO DEL PERU,II-E,20,37,0,57,data\raw\Capacidad\ConsultaA_Recurso_Salud_2016_v1.csv,2259
00010098,2016,9,LIMA,LIMA,CHORRILLOS,SANIDAD DEL EJERCITO DEL PERU,II-E,20,36,0,57,data\raw\Capacidad\ConsultaA_Recurso_Salud_2016_v1.csv,2260
00010098,2016,8,LIMA,LIMA,CHORRILLOS,SANIDAD DEL EJERCITO DEL PERU,II-E,20,33,0,58,data\raw\Capacidad\ConsultaA_Recurso_Salud_2016_v1.csv,2261
00010098,2016,7,LIMA,LIMA,CHORRILLOS,SANIDAD DEL EJERCITO DEL PERU,II-E,20,30,0,58,data\raw\Capacidad\ConsultaA_Recurso_Salud_2016_v1.csv,2262
00010098,2016,6,LIMA,LIMA,CHORRILLOS,SANIDAD DEL EJERCITO DEL PERU,II-E,20,35,2,58,data\raw\Capacidad\ConsultaA_Recurso_Salud_2016_v1.csv,2263
00010098,2016,5,LIMA,LIMA,CHORRILLOS,SANIDAD DEL EJERCITO DEL PERU,II-E,20,34,3,59,data\raw\Capacidad\ConsultaA_Recurso_Salud_2016_v1.csv,2264
00010098,2016,12,LIMA,LIMA,CHORRILLOS,SANIDAD DEL EJERCITO DEL PERU,II-E,20,39,0,59,data\raw\Capacidad\ConsultaA_Recurso_Salud_2016_v1.csv,2265
00010098,2016,11,LIMA,LIMA,CHORRILLOS,SANIDAD DEL EJERCITO DEL PERU,II-E,20,38,0,57,data\raw\Capacidad\ConsultaA_Recurso_Salud_2016_v1.csv,2266
00010135,2016,12,LIMA,LIMA,LA MOLINA,ESSALUD,II-1,50,107,2,67,data\raw\Capacidad\ConsultaA_Recurso_Salud_2016_v1.csv,2405
00010135,2016,10,LIMA,LIMA,LA MOLINA,ESSALUD,II-1,50,99,4,67,data\raw\Capacidad\ConsultaA_Recurso_Salud_2016_v1.csv,2406
00010135,2016,11,LIMA,LIMA,LA MOLINA,ESSALUD,II-1,50,106,2,65,data\raw\Capacidad\ConsultaA_Recurso_Salud_2016_v1.csv,2407
00010135,2016,8,LIMA,LIMA,LA MOLINA,ESSALUD,II-1,50,99,2,61,data\raw\Capacidad\ConsultaA_Recurso_Salud_2016_v1.csv,2408
00010135,2016,9,LIMA,LIMA,LA MOLINA,ESSALUD,II-1,50,102,1,65,data\raw\Capacidad\ConsultaA_Recurso_Salud_2016_v1.csv,2409
00010135,2016,7,LIMA,LIMA,LA MOLINA,ESSALUD,II-1,50,94,2,66,data\raw\Capacidad\ConsultaA_Recurso_Salud_2016_v1.csv,2410
00010135,2016,5,LIMA,LIMA,LA MOLINA,ESSALUD,II-1,50,105,2,72,data\raw\Capacidad\ConsultaA_Recurso_Salud_2016_v1.csv,2411
00010135,2016,6,LIMA,LIMA,LA MOLINA,ESSALUD,II-1,50,106,2,72,data\raw\Capacidad\ConsultaA_Recurso_Salud_2016_v1.csv,2412
00010135,2016,1,LIMA,LIMA,LA MOLINA,ESSALUD,II-1,50,108,2,73,data\raw\Capacidad\ConsultaA_Recurso_Salud_2016_v1.csv,2413
00010135,2016,4,LIMA,LIMA,LA MOLINA,ESSALUD,II-1,50,105,2,72,data\raw\Capacidad\ConsultaA_Recurso_Salud_2016_v1.csv,2414
00010135,2016,3,LIMA,LIMA,LA MOLINA,ESSALUD,II-1,50,108,2,73,data\raw\Capacidad\ConsultaA_Recurso_Salud_2016_v1.csv,2415
00010135,2016,2,LIMA,LIMA,LA MOLINA,ESSALUD,II-1,50,108,2,73,data\raw\Capacidad\ConsultaA_Recurso_Salud_2016_v1.csv,2416
00010751,2016,12,LIMA,LIMA,MIRAFLORES,SANIDAD DE LA FUERZA AEREA DEL PERU,III-1,283,273,18,234,data\raw\Capacidad\ConsultaA_Recurso_Salud_2016_v1.csv,2437
00010751,2016,11,LIMA,LIMA,MIRAFLORES,SANIDAD DE LA FUERZA AEREA DEL PERU,III-1,283,273,18,234,data\raw\Capacidad\ConsultaA_Recurso_Salud_2016_v1.csv,2438
00010751,2016,10,LIMA,LIMA,MIRAFLORES,SANIDAD DE LA FUERZA AEREA DEL PERU,III-1,283,273,18,234,data\raw\Capacidad\ConsultaA_Recurso_Salud_2016_v1.csv,2439
00010751,2016,9,LIMA,LIMA,MIRAFLORES,SANIDAD DE LA FUERZA AEREA DEL PERU,III-1,283,273,18,234,data\raw\Capacidad\ConsultaA_Recurso_Salud_2016_v1.csv,2440
00010751,2016,7,LIMA,LIMA,MIRAFLORES,SANIDAD DE LA FUERZA AEREA DEL PERU,III-1,283,279,25,213,data\raw\Capacidad\ConsultaA_Recurso_Salud_2016_v1.csv,2441
00010751,2016,8,LIMA,LIMA,MIRAFLORES,SANIDAD DE LA FUERZA AEREA DEL PERU,III-1,283,273,18,234,data\raw\Capacidad\ConsultaA_Recurso_Salud_2016_v1.csv,2442
00010751,2016,5,LIMA,LIMA,MIRAFLORES,SANIDAD DE LA FUERZA AEREA DEL PERU,III-1,283,282,29,213,data\raw\Capacidad\ConsultaA_Recurso_Salud_2016_v1.csv,2443
00010751,2016,6,LIMA,LIMA,MIRAFLORES,SANIDAD DE LA FUERZA AEREA DEL PERU,III-1,283,279,29,213,data\raw\Capacidad\ConsultaA_Recurso_Salud_2016_v1.csv,2444
00010751,2016,3,LIMA,LIMA,MIRAFLORES,SANIDAD DE LA FUERZA AEREA DEL PERU,III-1,283,282,29,213,data\raw\Capacidad\ConsultaA_Recurso_Salud_2016_v1.csv,2445
00010751,2016,1,LIMA,LIMA,MIRAFLORES,SANIDAD DE LA FUERZA AEREA DEL PERU,III-1,283,272,32,240,data\raw\Capacidad\ConsultaA_Recurso_Salud_2016_v1.csv,2446
00010751,2016,4,LIMA,LIMA,MIRAFLORES,SANIDAD DE LA FUERZA AEREA DEL PERU,III-1,283,282,29,213,data\raw\Capacidad\ConsultaA_Recurso_Salud_2016_v1.csv,2447
00010751,2016,2,LIMA,LIMA,MIRAFLORES,SANIDAD DE LA FUERZA AEREA DEL PERU,III-1,283,282,32,237,data\raw\Capacidad\ConsultaA_Recurso_Salud_2016_v1.csv,2448
00010434,2016,12,LIMA,LIMA,SANTA ANITA,ESSALUD,II-E,148,37,15,79,data\raw\Capacidad\ConsultaA_Recurso_Salud_2016_v1.csv,2799
00010434,2016,11,LIMA,LIMA,SANTA ANITA,ESSALUD,II-E,148,38,15,78,data\raw\Capacidad\ConsultaA_Recurso_Salud_2016_v1.csv,2800
00010434,2016,10,LIMA,LIMA,SANTA ANITA,ESSALUD,II-E,148,38,15,78,data\raw\Capacidad\ConsultaA_Recurso_Salud_2016_v1.csv,2801
00010434,2016,9,LIMA,LIMA,SANTA ANITA,ESSALUD,II-E,148,35,15,76,data\raw\Capacidad\ConsultaA_Recurso_Salud_2016_v1.csv,2802
00010434,2016,7,LIMA,LIMA,SANTA ANITA,ESSALUD,II-E,149,36,15,76,data\raw\Capacidad\ConsultaA_Recurso_Salud_2016_v1.csv,2803
00010434,2016,8,LIMA,LIMA,SANTA ANITA,ESSALUD,II-E,148,35,15,76,data\raw\Capacidad\ConsultaA_Recurso_Salud_2016_v1.csv,2804
00010434,2016,6,LIMA,LIMA,SANTA ANITA,ESSALUD,II-E,166,26,5,76,data\raw\Capacidad\ConsultaA_Recurso_Salud_2016_v1.csv,2805
00010434,2016,5,LIMA,LIMA,SANTA ANITA,ESSALUD,II-E,166,28,7,77,data\raw\Capacidad\ConsultaA_Recurso_Salud_2016_v1.csv,2806
00010434,2016,1,LIMA,LIMA,SANTA ANITA,ESSALUD,II-E,166,28,5,77,data\raw\Capacidad\ConsultaA_Recurso_Salud_2016_v1.csv,2807
00010434,2016,3,LIMA,LIMA,SANTA ANITA,ESSALUD,II-E,166,25,3,77,data\raw\Capacidad\ConsultaA_Recurso_Salud_2016_v1.csv,2808
00010434,2016,4,LIMA,LIMA,SANTA ANITA,ESSALUD,II-E,166,23,2,77,data\raw\Capacidad\ConsultaA_Recurso_Salud_2016_v1.csv,2809
00010434,2016,2,LIMA,LIMA,SANTA ANITA,ESSALUD,II-E,166,27,4,77,data\raw\Capacidad\ConsultaA_Recurso_Salud_2016_v1.csv,2810
00012923,2016,12,LIMA,LIMA,PUENTE PIEDRA,SANIDAD DE LA POLICIA NACIONAL DEL PERU,I-2,0,4,0,6,data\raw\Capacidad\ConsultaA_Recurso_Salud_2016_v1.csv,3064
00012923,2016,11,LIMA,LIMA,PUENTE PIEDRA,SANIDAD DE LA POLICIA NACIONAL DEL PERU,I-2,0,7,0,6,data\raw\Capacidad\ConsultaA_Recurso_Salud_2016_v1.csv,3065
00012923,2016,10,LIMA,LIMA,PUENTE PIEDRA,SANIDAD DE LA POLICIA NACIONAL DEL PERU,I-2,0,6,0,8,data\raw\Capacidad\ConsultaA_Recurso_Salud_2016_v1.csv,3066
00012923,2016,9,LIMA,LIMA,PUENTE PIEDRA,SANIDAD DE LA POLICIA NACIONAL DEL PERU,I-2,0,6,0,8,data\raw\Capacidad\ConsultaA_Recurso_Salud_2016_v1.csv,3067
00012923,2016,8,LIMA,LIMA,PUENTE PIEDRA,SANIDAD DE LA POLICIA NACIONAL DEL PERU,I-2,0,6,0,7,data\raw\Capacidad\ConsultaA_Recurso_Salud_2016_v1.csv,3068
00016094,2016,12,LIMA,LIMA,RIMAC,SANIDAD DE LA POLICIA NACIONAL DEL PERU,0,83,39,0,46,data\raw\Capacidad\ConsultaA_Recurso_Salud_2016_v1.csv,3306
00016094,2016,11,LIMA,LIMA,RIMAC,SANIDAD DE LA POLICIA NACIONAL DEL PERU,0,83,42,0,44,data\raw\Capacidad\ConsultaA_Recurso_Salud_2016_v1.csv,3307
00016094,2016,9,LIMA,LIMA,RIMAC,SANIDAD DE LA POLICIA NACIONAL DEL PERU,0,83,52,0,36,data\raw\Capacidad\ConsultaA_Recurso_Salud_2016_v1.csv,3308
00016094,2016,10,LIMA,LIMA,RIMAC,SANIDAD DE LA POLICIA NACIONAL DEL PERU,0,83,45,0,44,data\raw\Capacidad\ConsultaA_Recurso_Salud_2016_v1.csv,3309
00016094,2016,8,LIMA,LIMA,RIMAC,SANIDAD DE LA POLICIA NACIONAL DEL PERU,0,83,50,0,47,data\raw\Capacidad\ConsultaA_Recurso_Salud_2016_v1.csv,3310
00016094,2016,6,LIMA,LIMA,RIMAC,SANIDAD DE LA POLICIA NACIONAL DEL PERU,0,83,54,0,45,data\raw\Capacidad\ConsultaA_Recurso_Salud_2016_v1.csv,3311
00016094,2016,5,LIMA,LIMA,RIMAC,SANIDAD DE LA POLICIA NACIONAL DEL PERU,0,83,53,0,42,data\raw\Capacidad\ConsultaA_Recurso_Salud_2016_v1.csv,3312
00014718,2016,10,LIMA,LIMA,SAN MIGUEL,SANIDAD DE LA POLICIA NACIONAL DEL PERU,II-E,45,21,1,29,data\raw\Capacidad\ConsultaA_Recurso_Salud_2016_v1.csv,3499
00014718,2016,12,LIMA,LIMA,SAN MIGUEL,SANIDAD DE LA POLICIA NACIONAL DEL PERU,II-E,43,24,1,32,data\raw\Capacidad\ConsultaA_Recurso_Salud_2016_v1.csv,3500
00014718,2016,11,LIMA,LIMA,SAN MIGUEL,SANIDAD DE LA POLICIA NACIONAL DEL PERU,II-E,43,27,1,32,data\raw\Capacidad\ConsultaA_Recurso_Salud_2016_v1.csv,3501
00014718,2016,7,LIMA,LIMA,SAN MIGUEL,SANIDAD DE LA POLICIA NACIONAL DEL PERU,II-E,45,27,3,22,data\raw\Capacidad\ConsultaA_Recurso_Salud_2016_v1.csv,3502
00014718,2016,6,LIMA,LIMA,SAN MIGUEL,SANIDAD DE LA POLICIA NACIONAL DEL PERU,II-E,43,36,1,37,data\raw\Capacidad\ConsultaA_Recurso_Salud_2016_v1.csv,3503
00014718,2016,5,LIMA,LIMA,SAN MIGUEL,SANIDAD DE LA POLICIA NACIONAL DEL PERU,II-E,43,34,2,33,data\raw\Capacidad\ConsultaA_Recurso_Salud_2016_v1.csv,3504
00014718,2016,3,LIMA,LIMA,SAN MIGUEL,SANIDAD DE LA POLICIA NACIONAL DEL PERU,II-E,46,31,2,26,data\raw\Capacidad\ConsultaA_Recurso_Salud_2016_v1.csv,3505
00014718,2016,2,LIMA,LIMA,SAN MIGUEL,SANIDAD DE LA POLICIA NACIONAL DEL PERU,II-E,46,24,1,26,data\raw\Capacidad\ConsultaA_Recurso_Salud_2016_v1.csv,3506
00014718,2016,4,LIMA,LIMA,SAN MIGUEL,SANIDAD DE LA POLICIA NACIONAL DEL PERU,II-E,46,34,1,33,data\raw\Capacidad\ConsultaA_Recurso_Salud_2016_v1.csv,3507
00014718,2016,1,LIMA,LIMA,SAN MIGUEL,SANIDAD DE LA POLICIA NACIONAL DEL PERU,II-E,46,22,0,30,data\raw\Capacidad\ConsultaA_Recurso_Salud_2016_v1.csv,3508
00014718,2016,9,LIMA,LIMA,SAN MIGUEL,SANIDAD DE LA POLICIA NACIONAL DEL PERU,II-E,45,20,0,29,data\raw\Capacidad\ConsultaA_Recurso_Salud_2016_v1.csv,3509
00014718,2016,8,LIMA,LIMA,SAN MIGUEL,SANIDAD DE LA POLICIA NACIONAL DEL PERU,II-E,46,25,2,29,data\raw\Capacidad\ConsultaA_Recurso_Salud_2016_v1.csv,3510
00018580,2016,12,LIMA,LIMA,VILLA MARIA DEL TRIUNFO,ESSALUD,II-2,199,404,0,375,data\raw\Capacidad\ConsultaA_Recurso_Salud_2016_v1.csv,3553
00018580,2016,11,LIMA,LIMA,VILLA MARIA DEL TRIUNFO,ESSALUD,II-2,199,409,0,372,data\raw\Capacidad\ConsultaA_Recurso_Salud_2016_v1.csv,3554
00018580,2016,10,LIMA,LIMA,VILLA MARIA DEL TRIUNFO,ESSALUD,II-2,199,387,0,366,data\raw\Capacidad\ConsultaA_Recurso_Salud_2016_v1.csv,3555
00018580,2016,9,LIMA,LIMA,VILLA MARIA DEL TRIUNFO,ESSALUD,II-2,200,387,0,366,data\raw\Capacidad\ConsultaA_Recurso_Salud_2016_v1.csv,3556
00018580,2016,7,LIMA,LIMA,VILLA MARIA DEL TRIUNFO,ESSALUD,II-2,199,369,0,350,data\raw\Capacidad\ConsultaA_Recurso_Salud_2016_v1.csv,3557
00018580,2016,8,LIMA,LIMA,VILLA MARIA DEL TRIUNFO,ESSALUD,II-2,200,376,0,363,data\raw\Capacidad\ConsultaA_Recurso_Salud_2016_v1.csv,3558
00018580,2016,3,LIMA,LIMA,VILLA MARIA DEL TRIUNFO,ESSALUD,II-2,199,354,0,346,data\raw\Capacidad\ConsultaA_Recurso_Salud_2016_v1.csv,3559
00018580,2016,2,LIMA,LIMA,VILLA MARIA DEL TRIUNFO,ESSALUD,II-2,201,352,0,339,data\raw\Capacidad\ConsultaA_Recurso_Salud_2016_v1.csv,3560
00018580,2016,1,LIMA,LIMA,VILLA MARIA DEL TRIUNFO,ESSALUD,II-2,201,345,0,339,data\raw\Capacidad\ConsultaA_Recurso_Salud_2016_v1.csv,3561
00018580,2016,4,LIMA,LIMA,VILLA MARIA DEL TRIUNFO,ESSALUD,II-2,199,359,0,347,data\raw\Capacidad\ConsultaA_Recurso_Salud_2016_v1.csv,3562
00018580,2016,6,LIMA,LIMA,VILLA MARIA DEL TRIUNFO,ESSALUD,II-2,199,354,0,346,data\raw\Capacidad\ConsultaA_Recurso_Salud_2016_v1.csv,3563
00018580,2016,5,LIMA,LIMA,VILLA MARIA DEL TRIUNFO,ESSALUD,II-2,199,357,0,346,data\raw\Capacidad\ConsultaA_Recurso_Salud_2016_v1.csv,3564
00017024,2016,12,LIMA,LIMA,JESUS MARIA,SANIDAD DEL EJERCITO DEL PERU,III-1,658,236,106,498,data\raw\Capacidad\ConsultaA_Recurso_Salud_2016_v1.csv,3745
00017024,2016,11,LIMA,LIMA,JESUS MARIA,SANIDAD DEL EJERCITO DEL PERU,III-1,658,236,106,498,data\raw\Capacidad\ConsultaA_Recurso_Salud_2016_v1.csv,3746
00017024,2016,10,LIMA,LIMA,JESUS MARIA,SANIDAD DEL EJERCITO DEL PERU,III-1,658,238,106,498,data\raw\Capacidad\ConsultaA_Recurso_Salud_2016_v1.csv,3747
00017024,2016,9,LIMA,LIMA,JESUS MARIA,SANIDAD DEL EJERCITO DEL PERU,III-1,658,240,107,496,data\raw\Capacidad\ConsultaA_Recurso_Salud_2016_v1.csv,3748
00017024,2016,7,LIMA,LIMA,JESUS MARIA,SANIDAD DEL EJERCITO DEL PERU,III-1,658,236,108,498,data\raw\Capacidad\ConsultaA_Recurso_Salud_2016_v1.csv,3749
00017024,2016,8,LIMA,LIMA,JESUS MARIA,SANIDAD DEL EJERCITO DEL PERU,III-1,658,269,108,498,data\raw\Capacidad\ConsultaA_Recurso_Salud_2016_v1.csv,3750
00017024,2016,6,LIMA,LIMA,JESUS MARIA,SANIDAD DEL EJERCITO DEL PERU,III-1,658,234,145,490,data\raw\Capacidad\ConsultaA_Recurso_Salud_2016_v1.csv,3751
00017024,2016,5,LIMA,LIMA,JESUS MARIA,SANIDAD DEL EJERCITO DEL PERU,III-1,658,236,126,501,data\raw\Capacidad\ConsultaA_Recurso_Salud_2016_v1.csv,3752
00017024,2016,1,LIMA,LIMA,JESUS MARIA,SANIDAD DEL EJERCITO DEL PERU,III-1,658,215,22,439,data\raw\Capacidad\ConsultaA_Recurso_Salud_2016_v1.csv,3753
00017024,2016,3,LIMA,LIMA,JESUS MARIA,SANIDAD DEL EJERCITO DEL PERU,III-1,658,219,115,498,data\raw\Capacidad\ConsultaA_Recurso_Salud_2016_v1.csv,3754
00017024,2016,2,LIMA,LIMA,JESUS MARIA,SANIDAD DEL EJERCITO DEL PERU,III-1,658,264,115,439,data\raw\Capacidad\ConsultaA_Recurso_Salud_2016_v1.csv,3755
00017024,2016,4,LIMA,LIMA,JESUS MARIA,SANIDAD DEL EJERCITO DEL PERU,III-1,658,236,115,498,data\raw\Capacidad\ConsultaA_Recurso_Salud_2016_v1.csv,3756
00016918,2016,12,LIMA,LIMA,SAN BORJA,MINSA,III-2,253,222,23,474,data\raw\Capacidad\ConsultaA_Recurso_Salud_2016_v1.csv,3966
00016918,2016,11,LIMA,LIMA,SAN BORJA,MINSA,III-2,253,222,21,474,data\raw\Capacidad\ConsultaA_Recurso_Salud_2016_v1.csv,3967
00016918,2016,10,LIMA,LIMA,SAN BORJA,MINSA,III-2,253,222,21,474,data\raw\Capacidad\ConsultaA_Recurso_Salud_2016_v1.csv,3968
00016918,2016,8,LIMA,LIMA,SAN BORJA,MINSA,III-2,253,208,21,469,data\raw\Capacidad\ConsultaA_Recurso_Salud_2016_v1.csv,3969
00016918,2016,9,LIMA,LIMA,SAN BORJA,MINSA,III-2,253,222,21,474,data\raw\Capacidad\ConsultaA_Recurso_Salud_2016_v1.csv,3970
00016918,2016,7,LIMA,LIMA,SAN BORJA,MINSA,III-2,253,208,21,377,data\raw\Capacidad\ConsultaA_Recurso_Salud_2016_v1.csv,3971
00016918,2016,5,LIMA,LIMA,SAN BORJA,MINSA,III-2,253,208,21,377,data\raw\Capacidad\ConsultaA_Recurso_Salud_2016_v1.csv,3972
00016918,2016,6,LIMA,LIMA,SAN BORJA,MINSA,III-2,253,208,21,377,data\raw\Capacidad\ConsultaA_Recurso_Salud_2016_v1.csv,3973
00016918,2016,2,LIMA,LIMA,SAN BORJA,MINSA,III-2,253,208,21,377,data\raw\Capacidad\ConsultaA_Recurso_Salud_2016_v1.csv,3974
00016918,2016,1,LIMA,LIMA,SAN BORJA,MINSA,III-2,253,208,21,377,data\raw\Capacidad\ConsultaA_Recurso_Salud_2016_v1.csv,3975
00016918,2016,4,LIMA,LIMA,SAN BORJA,MINSA,III-2,253,208,21,377,data\raw\Capacidad\ConsultaA_Recurso_Salud_2016_v1.csv,3976
00016918,2016,3,LIMA,LIMA,SAN BORJA,MINSA,III-2,253,208,21,377,data\raw\Capacidad\ConsultaA_Recurso_Salud_2016_v1.csv,3977
00018011,2016,4,LIMA,LIMA,JESUS MARIA,ESSALUD,III-E,88,125,42,203,data\raw\Capacidad\ConsultaA_Recurso_Salud_2016_v1.csv,4047
00018011,2016,5,LIMA,LIMA,JESUS MARIA,ESSALUD,III-E,91,124,42,203,data\raw\Capacidad\ConsultaA_Recurso_Salud_2016_v1.csv,4048
00018011,2016,11,LIMA,LIMA,JESUS MARIA,ESSALUD,III-E,97,123,43,205,data\raw\Capacidad\ConsultaA_Recurso_Salud_2016_v1.csv,4049
00018011,2016,12,LIMA,LIMA,JESUS MARIA,ESSALUD,III-E,97,124,43,205,data\raw\Capacidad\ConsultaA_Recurso_Salud_2016_v1.csv,4050
00018011,2016,10,LIMA,LIMA,JESUS MARIA,ESSALUD,III-E,93,121,43,205,data\raw\Capacidad\ConsultaA_Recurso_Salud_2016_v1.csv,4051
00018011,2016,8,LIMA,LIMA,JESUS MARIA,ESSALUD,III-E,90,120,43,203,data\raw\Capacidad\ConsultaA_Recurso_Salud_2016_v1.csv,4052
00018011,2016,9,LIMA,LIMA,JESUS MARIA,ESSALUD,III-E,94,120,43,205,data\raw\Capacidad\ConsultaA_Recurso_Salud_2016_v1.csv,4053
00018011,2016,7,LIMA,LIMA,JESUS MARIA,ESSALUD,III-E,89,120,28,203,data\raw\Capacidad\ConsultaA_Recurso_Salud_2016_v1.csv,4054
00018011,2016,6,LIMA,LIMA,JESUS MARIA,ESSALUD,III-E,91,122,42,204,data\raw\Capacidad\ConsultaA_Recurso_Salud_2016_v1.csv,4055
00018011,2016,2,LIMA,LIMA,JESUS MARIA,ESSALUD,III-E,97,127,42,206,data\raw\Capacidad\ConsultaA_Recurso_Salud_2016_v1.csv,4056
00018011,2016,3,LIMA,LIMA,JESUS MARIA,ESSALUD,III-E,90,126,42,203,data\raw\Capacidad\ConsultaA_Recurso_Salud_2016_v1.csv,4057
00018011,2016,1,LIMA,LIMA,JESUS MARIA,ESSALUD,III-E,95,126,42,206,data\raw\Capacidad\ConsultaA_Recurso_Salud_2016_v1.csv,4058
00008317,2016,3,LIMA,LIMA,SAN JUAN DE LURIGANCHO,ESSALUD,II-1,56,100,12,75,data\raw\Capacidad\ConsultaA_Recurso_Salud_2016_v1.csv,4078
00008317,2016,4,LIMA,LIMA,SAN JUAN DE LURIGANCHO,ESSALUD,II-1,56,97,12,75,data\raw\Capacidad\ConsultaA_Recurso_Salud_2016_v1.csv,4079
00008317,2016,12,LIMA,LIMA,SAN JUAN DE LURIGANCHO,ESSALUD,II-1,55,100,12,75,data\raw\Capacidad\ConsultaA_Recurso_Salud_2016_v1.csv,4080
00008317,2016,8,LIMA,LIMA,SAN JUAN DE LURIGANCHO,ESSALUD,II-1,56,102,12,75,data\raw\Capacidad\ConsultaA_Recurso_Salud_2016_v1.csv,4081
00008317,2016,7,LIMA,LIMA,SAN JUAN DE LURIGANCHO,ESSALUD,II-1,56,100,10,75,data\raw\Capacidad\ConsultaA_Recurso_Salud_2016_v1.csv,4082
00008317,2016,6,LIMA,LIMA,SAN JUAN DE LURIGANCHO,ESSALUD,II-1,56,101,12,75,data\raw\Capacidad\ConsultaA_Recurso_Salud_2016_v1.csv,4083
00008317,2016,5,LIMA,LIMA,SAN JUAN DE LURIGANCHO,ESSALUD,II-1,56,98,12,75,data\raw\Capacidad\ConsultaA_Recurso_Salud_2016_v1.csv,4084
00008317,2016,2,LIMA,LIMA,SAN JUAN DE LURIGANCHO,ESSALUD,II-1,56,97,12,75,data\raw\Capacidad\ConsultaA_Recurso_Salud_2016_v1.csv,4085
00008317,2016,1,LIMA,LIMA,SAN JUAN DE LURIGANCHO,ESSALUD,II-1,56,100,12,75,data\raw\Capacidad\ConsultaA_Recurso_Salud_2016_v1.csv,4086
00008317,2016,9,LIMA,LIMA,SAN JUAN DE LURIGANCHO,ESSALUD,II-1,56,104,12,75,data\raw\Capacidad\ConsultaA_Recurso_Salud_2016_v1.csv,4087
00008317,2016,11,LIMA,LIMA,SAN JUAN DE LURIGANCHO,ESSALUD,II-1,54,100,12,75,data\raw\Capacidad\ConsultaA_Recurso_Salud_2016_v1.csv,4088
00008317,2016,10,LIMA,LIMA,SAN JUAN DE LURIGANCHO,ESSALUD,II-1,51,116,12,75,data\raw\Capacidad\ConsultaA_Recurso_Salud_2016_v1.csv,4089
00006216,2016,12,LIMA,LIMA,BREÑA,MINSA,III-2,392,368,88,585,data\raw\Capacidad\ConsultaA_Recurso_Salud_2016_v1.csv,4343
00006216,2016,10,LIMA,LIMA,BREÑA,MINSA,III-2,413,357,75,546,data\raw\Capacidad\ConsultaA_Recurso_Salud_2016_v1.csv,4344
00006216,2016,11,LIMA,LIMA,BREÑA,MINSA,III-2,384,357,73,548,data\raw\Capacidad\ConsultaA_Recurso_Salud_2016_v1.csv,4345
00006216,2016,9,LIMA,LIMA,BREÑA,MINSA,III-2,409,358,80,546,data\raw\Capacidad\ConsultaA_Recurso_Salud_2016_v1.csv,4346
00006216,2016,8,LIMA,LIMA,BREÑA,MINSA,III-2,398,357,74,547,data\raw\Capacidad\ConsultaA_Recurso_Salud_2016_v1.csv,4347
00006216,2016,7,LIMA,LIMA,BREÑA,MINSA,III-2,404,358,77,554,data\raw\Capacidad\ConsultaA_Recurso_Salud_2016_v1.csv,4348
00006216,2016,6,LIMA,LIMA,BREÑA,MINSA,III-2,400,363,83,557,data\raw\Capacidad\ConsultaA_Recurso_Salud_2016_v1.csv,4349
00006216,2016,5,LIMA,LIMA,BREÑA,MINSA,III-2,390,361,95,554,data\raw\Capacidad\ConsultaA_Recurso_Salud_2016_v1.csv,4350
00006216,2016,1,LIMA,LIMA,BREÑA,MINSA,III-2,388,419,114,660,data\raw\Capacidad\ConsultaA_Recurso_Salud_2016_v1.csv,4351
00006216,2016,4,LIMA,LIMA,BREÑA,MINSA,III-2,390,361,100,552,data\raw\Capacidad\ConsultaA_Recurso_Salud_2016_v1.csv,4352
00006216,2016,3,LIMA,LIMA,BREÑA,MINSA,III-2,392,393,114,558,data\raw\Capacidad\ConsultaA_Recurso_Salud_2016_v1.csv,4353
00006216,2016,2,LIMA,LIMA,BREÑA,MINSA,III-2,388,391,114,552,data\raw\Capacidad\ConsultaA_Recurso_Salud_2016_v1.csv,4354
00007733,2016,12,LIMA,LIMA,SAN MARTIN DE PORRES,MINSA,III-2,99,95,44,61,data\raw\Capacidad\ConsultaA_Recurso_Salud_2016_v1.csv,4433
00007733,2016,10,LIMA,LIMA,SAN MARTIN DE PORRES,MINSA,III-2,107,118,44,55,data\raw\Capacidad\ConsultaA_Recurso_Salud_2016_v1.csv,4434
00007733,2016,11,LIMA,LIMA,SAN MARTIN DE PORRES,MINSA,III-2,104,107,44,58,data\raw\Capacidad\ConsultaA_Recurso_Salud_2016_v1.csv,4435
00007733,2016,9,LIMA,LIMA,SAN MARTIN DE PORRES,MINSA,III-2,107,110,44,60,data\raw\Capacidad\ConsultaA_Recurso_Salud_2016_v1.csv,4436
00007733,2016,8,LIMA,LIMA,SAN MARTIN DE PORRES,MINSA,III-2,107,117,44,58,data\raw\Capacidad\ConsultaA_Recurso_Salud_2016_v1.csv,4437
00007733,2016,7,LIMA,LIMA,SAN MARTIN DE PORRES,MINSA,III-2,107,115,44,56,data\raw\Capacidad\ConsultaA_Recurso_Salud_2016_v1.csv,4438
00007733,2016,6,LIMA,LIMA,SAN MARTIN DE PORRES,MINSA,III-2,107,109,44,68,data\raw\Capacidad\ConsultaA_Recurso_Salud_2016_v1.csv,4439
00007733,2016,5,LIMA,LIMA,SAN MARTIN DE PORRES,MINSA,III-2,107,109,44,69,data\raw\Capacidad\ConsultaA_Recurso_Salud_2016_v1.csv,4440
00007733,2016,1,LIMA,LIMA,SAN MARTIN DE PORRES,MINSA,III-2,107,91,44,54,data\raw\Capacidad\ConsultaA_Recurso_Salud_2016_v1.csv,4441
00007733,2016,3,LIMA,LIMA,SAN MARTIN DE PORRES,MINSA,III-2,107,106,44,53,data\raw\Capacidad\ConsultaA_Recurso_Salud_2016_v1.csv,4442
00007733,2016,2,LIMA,LIMA,SAN MARTIN DE PORRES,MINSA,III-2,107,95,44,55,data\raw\Capacidad\ConsultaA_Recurso_Salud_2016_v1.csv,4443
00007733,2016,4,LIMA,LIMA,SAN MARTIN DE PORRES,MINSA,III-2,107,97,44,58,data\raw\Capacidad\ConsultaA_Recurso_Salud_2016_v1.csv,4444
00013591,2016,10,LIMA,LIMA,JESUS MARIA,SANIDAD DE LA POLICIA NACIONAL DEL PERU,III-1,368,530,235,398,data\raw\Capacidad\ConsultaA_Recurso_Salud_2016_v1.csv,4571
00013591,2016,9,LIMA,LIMA,JESUS MARIA,SANIDAD DE LA POLICIA NACIONAL DEL PERU,III-1,366,360,210,398,data\raw\Capacidad\ConsultaA_Recurso_Salud_2016_v1.csv,4572
00013591,2016,5,LIMA,LIMA,JESUS MARIA,SANIDAD DE LA POLICIA NACIONAL DEL PERU,III-1,388,453,122,398,data\raw\Capacidad\ConsultaA_Recurso_Salud_2016_v1.csv,4573
00013591,2016,11,LIMA,LIMA,JESUS MARIA,SANIDAD DE LA POLICIA NACIONAL DEL PERU,III-1,376,293,235,418,data\raw\Capacidad\ConsultaA_Recurso_Salud_2016_v1.csv,4574
00013591,2016,7,LIMA,LIMA,JESUS MARIA,SANIDAD DE LA POLICIA NACIONAL DEL PERU,III-1,363,334,200,404,data\raw\Capacidad\ConsultaA_Recurso_Salud_2016_v1.csv,4575
00013591,2016,8,LIMA,LIMA,JESUS MARIA,SANIDAD DE LA POLICIA NACIONAL DEL PERU,III-1,367,324,207,401,data\raw\Capacidad\ConsultaA_Recurso_Salud_2016_v1.csv,4576
00013591,2016,4,LIMA,LIMA,JESUS MARIA,SANIDAD DE LA POLICIA NACIONAL DEL PERU,III-1,490,305,220,415,data\raw\Capacidad\ConsultaA_Recurso_Salud_2016_v1.csv,4577
00013591,2016,1,LIMA,LIMA,JESUS MARIA,SANIDAD DE LA POLICIA NACIONAL DEL PERU,III-1,489,528,227,376,data\raw\Capacidad\ConsultaA_Recurso_Salud_2016_v1.csv,4578
00013591,2016,12,LIMA,LIMA,JESUS MARIA,SANIDAD DE LA POLICIA NACIONAL DEL PERU,III-1,371,520,235,414,data\raw\Capacidad\ConsultaA_Recurso_Salud_2016_v1.csv,4579
00013591,2016,3,LIMA,LIMA,JESUS MARIA,SANIDAD DE LA POLICIA NACIONAL DEL PERU,III-1,489,407,122,410,data\raw\Capacidad\ConsultaA_Recurso_Salud_2016_v1.csv,4580
00013591,2016,2,LIMA,LIMA,JESUS MARIA,SANIDAD DE LA POLICIA NACIONAL DEL PERU,III-1,485,532,226,398,data\raw\Capacidad\ConsultaA_Recurso_Salud_2016_v1.csv,4581
00013591,2016,6,LIMA,LIMA,JESUS MARIA,SANIDAD DE LA POLICIA NACIONAL DEL PERU,III-1,372,530,122,400,data\raw\Capacidad\ConsultaA_Recurso_Salud_2016_v1.csv,4582
00005945,2017,11,LIMA,LIMA,ATE,MINSA,II-1,78,166,44,115,data\raw\Capacidad\ConsultaA_Recurso_Salud_2017_v1.csv,2541
00005945,2017,9,LIMA,LIMA,ATE,MINSA,II-1,78,133,51,106,data\raw\Capacidad\ConsultaA_Recurso_Salud_2017_v1.csv,2542
00005945,2017,12,LIMA,LIMA,ATE,MINSA,II-1,78,183,44,115,data\raw\Capacidad\ConsultaA_Recurso_Salud_2017_v1.csv,2543
00005945,2017,10,LIMA,LIMA,ATE,MINSA,II-1,78,133,44,107,data\raw\Capacidad\ConsultaA_Recurso_Salud_2017_v1.csv,2544
00005945,2017,8,LIMA,LIMA,ATE,MINSA,II-1,78,132,51,106,data\raw\Capacidad\ConsultaA_Recurso_Salud_2017_v1.csv,2545
00005945,2017,7,LIMA,LIMA,ATE,MINSA,II-1,78,133,27,160,data\raw\Capacidad\ConsultaA_Recurso_Salud_2017_v1.csv,2546
00005945,2017,6,LIMA,LIMA,ATE,MINSA,II-1,78,138,27,109,data\raw\Capacidad\ConsultaA_Recurso_Salud_2017_v1.csv,2547
00005945,2017,5,LIMA,LIMA,ATE,MINSA,II-1,78,134,27,107,data\raw\Capacidad\ConsultaA_Recurso_Salud_2017_v1.csv,2548
00005945,2017,4,LIMA,LIMA,ATE,MINSA,II-1,78,134,27,107,data\raw\Capacidad\ConsultaA_Recurso_Salud_2017_v1.csv,2549
00005945,2017,3,LIMA,LIMA,ATE,MINSA,II-1,78,134,27,107,data\raw\Capacidad\ConsultaA_Recurso_Salud_2017_v1.csv,2550
00005945,2017,1,LIMA,LIMA,ATE,MINSA,II-1,78,135,41,107,data\raw\Capacidad\ConsultaA_Recurso_Salud_2017_v1.csv,2551
00005945,2017,2,LIMA,LIMA,ATE,MINSA,II-1,78,134,40,107,data\raw\Capacidad\ConsultaA_Recurso_Salud_2017_v1.csv,2552
00005946,2017,12,LIMA,LIMA,EL AGUSTINO,MINSA,III-1,637,343,226,498,data\raw\Capacidad\ConsultaA_Recurso_Salud_2017_v1.csv,2553
00005946,2017,10,LIMA,LIMA,EL AGUSTINO,MINSA,III-1,637,342,233,462,data\raw\Capacidad\ConsultaA_Recurso_Salud_2017_v1.csv,2554
00005946,2017,11,LIMA,LIMA,EL AGUSTINO,MINSA,III-1,637,340,233,460,data\raw\Capacidad\ConsultaA_Recurso_Salud_2017_v1.csv,2555
00005946,2017,9,LIMA,LIMA,EL AGUSTINO,MINSA,III-1,637,335,233,476,data\raw\Capacidad\ConsultaA_Recurso_Salud_2017_v1.csv,2556
00005946,2017,8,LIMA,LIMA,EL AGUSTINO,MINSA,III-1,637,335,233,476,data\raw\Capacidad\ConsultaA_Recurso_Salud_2017_v1.csv,2557
00005946,2017,7,LIMA,LIMA,EL AGUSTINO,MINSA,III-1,637,318,233,485,data\raw\Capacidad\ConsultaA_Recurso_Salud_2017_v1.csv,2558
00005946,2017,6,LIMA,LIMA,EL AGUSTINO,MINSA,III-1,637,311,233,466,data\raw\Capacidad\ConsultaA_Recurso_Salud_2017_v1.csv,2559
00005946,2017,5,LIMA,LIMA,EL AGUSTINO,MINSA,III-1,637,264,233,378,data\raw\Capacidad\ConsultaA_Recurso_Salud_2017_v1.csv,2560
00005946,2017,4,LIMA,LIMA,EL AGUSTINO,MINSA,III-1,632,265,233,378,data\raw\Capacidad\ConsultaA_Recurso_Salud_2017_v1.csv,2561
00005946,2017,3,LIMA,LIMA,EL AGUSTINO,MINSA,III-1,632,265,233,378,data\raw\Capacidad\ConsultaA_Recurso_Salud_2017_v1.csv,2562
00005946,2017,2,LIMA,LIMA,EL AGUSTINO,MINSA,III-1,632,265,233,378,data\raw\Capacidad\ConsultaA_Recurso_Salud_2017_v1.csv,2563
00005946,2017,1,LIMA,LIMA,EL AGUSTINO,MINSA,III-1,632,306,233,437,data\raw\Capacidad\ConsultaA_Recurso_Salud_2017_v1.csv,2564
00005947,2017,10,LIMA,LIMA,LURIGANCHO,MINSA,II-2,67,124,18,87,data\raw\Capacidad\ConsultaA_Recurso_Salud_2017_v1.csv,2565
00005947,2017,12,LIMA,LIMA,LURIGANCHO,MINSA,II-2,67,124,18,84,data\raw\Capacidad\ConsultaA_Recurso_Salud_2017_v1.csv,2566
00005947,2017,11,LIMA,LIMA,LURIGANCHO,MINSA,II-2,67,124,18,84,data\raw\Capacidad\ConsultaA_Recurso_Salud_2017_v1.csv,2567
00005947,2017,4,LIMA,LIMA,LURIGANCHO,MINSA,II-2,67,124,18,87,data\raw\Capacidad\ConsultaA_Recurso_Salud_2017_v1.csv,2568
00005947,2017,9,LIMA,LIMA,LURIGANCHO,MINSA,II-2,67,99,18,85,data\raw\Capacidad\ConsultaA_Recurso_Salud_2017_v1.csv,2569
00005947,2017,8,LIMA,LIMA,LURIGANCHO,MINSA,II-2,67,112,7,79,data\raw\Capacidad\ConsultaA_Recurso_Salud_2017_v1.csv,2570
00005947,2017,7,LIMA,LIMA,LURIGANCHO,MINSA,II-2,67,112,7,79,data\raw\Capacidad\ConsultaA_Recurso_Salud_2017_v1.csv,2571
00005947,2017,6,LIMA,LIMA,LURIGANCHO,MINSA,II-2,67,112,7,79,data\raw\Capacidad\ConsultaA_Recurso_Salud_2017_v1.csv,2572
00005947,2017,5,LIMA,LIMA,LURIGANCHO,MINSA,II-2,67,112,7,87,data\raw\Capacidad\ConsultaA_Recurso_Salud_2017_v1.csv,2573
00005947,2017,3,LIMA,LIMA,LURIGANCHO,MINSA,II-2,67,112,7,87,data\raw\Capacidad\ConsultaA_Recurso_Salud_2017_v1.csv,2574
00005947,2017,2,LIMA,LIMA,LURIGANCHO,MINSA,II-2,67,111,8,90,data\raw\Capacidad\ConsultaA_Recurso_Salud_2017_v1.csv,2575
00005947,2017,1,LIMA,LIMA,LURIGANCHO,MINSA,II-2,67,0,0,0,data\raw\Capacidad\ConsultaA_Recurso_Salud_2017_v1.csv,2576
00005948,2017,9,LIMA,LIMA,SANTA ANITA,MINSA,III-1,211,45,36,67,data\raw\Capacidad\ConsultaA_Recurso_Salud_2017_v1.csv,2577
00005948,2017,8,LIMA,LIMA,SANTA ANITA,MINSA,III-1,211,75,40,71,data\raw\Capacidad\ConsultaA_Recurso_Salud_2017_v1.csv,2578
00005948,2017,11,LIMA,LIMA,SANTA ANITA,MINSA,III-1,211,43,36,84,data\raw\Capacidad\ConsultaA_Recurso_Salud_2017_v1.csv,2579
00005948,2017,10,LIMA,LIMA,SANTA ANITA,MINSA,III-1,211,76,41,71,data\raw\Capacidad\ConsultaA_Recurso_Salud_2017_v1.csv,2580
00005948,2017,7,LIMA,LIMA,SANTA ANITA,MINSA,III-1,213,76,40,71,data\raw\Capacidad\ConsultaA_Recurso_Salud_2017_v1.csv,2581
00005948,2017,6,LIMA,LIMA,SANTA ANITA,MINSA,III-1,213,75,39,65,data\raw\Capacidad\ConsultaA_Recurso_Salud_2017_v1.csv,2582
00005948,2017,5,LIMA,LIMA,SANTA ANITA,MINSA,III-1,213,74,38,71,data\raw\Capacidad\ConsultaA_Recurso_Salud_2017_v1.csv,2583
00005948,2017,1,LIMA,LIMA,SANTA ANITA,MINSA,III-1,213,80,41,71,data\raw\Capacidad\ConsultaA_Recurso_Salud_2017_v1.csv,2584
00005948,2017,12,LIMA,LIMA,SANTA ANITA,MINSA,III-1,211,43,36,84,data\raw\Capacidad\ConsultaA_Recurso_Salud_2017_v1.csv,2585
00005948,2017,3,LIMA,LIMA,SANTA ANITA,MINSA,III-1,213,79,39,71,data\raw\Capacidad\ConsultaA_Recurso_Salud_2017_v1.csv,2586
00005948,2017,4,LIMA,LIMA,SANTA ANITA,MINSA,III-1,213,73,35,69,data\raw\Capacidad\ConsultaA_Recurso_Salud_2017_v1.csv,2587
00005948,2017,2,LIMA,LIMA,SANTA ANITA,MINSA,III-1,213,71,33,66,data\raw\Capacidad\ConsultaA_Recurso_Salud_2017_v1.csv,2588
00005987,2017,12,LIMA,LIMA,SAN JUAN DE MIRAFLORES,MINSA,III-1,366,429,190,264,data\raw\Capacidad\ConsultaA_Recurso_Salud_2017_v1.csv,2601
00005987,2017,10,LIMA,LIMA,SAN JUAN DE MIRAFLORES,MINSA,III-1,366,452,196,257,data\raw\Capacidad\ConsultaA_Recurso_Salud_2017_v1.csv,2602
00005987,2017,11,LIMA,LIMA,SAN JUAN DE MIRAFLORES,MINSA,III-1,366,432,188,262,data\raw\Capacidad\ConsultaA_Recurso_Salud_2017_v1.csv,2603
00005987,2017,9,LIMA,LIMA,SAN JUAN DE MIRAFLORES,MINSA,III-1,374,462,223,245,data\raw\Capacidad\ConsultaA_Recurso_Salud_2017_v1.csv,2604
00005987,2017,8,LIMA,LIMA,SAN JUAN DE MIRAFLORES,MINSA,III-1,374,436,199,232,data\raw\Capacidad\ConsultaA_Recurso_Salud_2017_v1.csv,2605
00005987,2017,7,LIMA,LIMA,SAN JUAN DE MIRAFLORES,MINSA,III-1,374,432,200,234,data\raw\Capacidad\ConsultaA_Recurso_Salud_2017_v1.csv,2606
00005987,2017,6,LIMA,LIMA,SAN JUAN DE MIRAFLORES,MINSA,III-1,374,456,182,262,data\raw\Capacidad\ConsultaA_Recurso_Salud_2017_v1.csv,2607
00005987,2017,5,LIMA,LIMA,SAN JUAN DE MIRAFLORES,MINSA,III-1,374,454,204,274,data\raw\Capacidad\ConsultaA_Recurso_Salud_2017_v1.csv,2608
00005987,2017,4,LIMA,LIMA,SAN JUAN DE MIRAFLORES,MINSA,III-1,376,444,200,372,data\raw\Capacidad\ConsultaA_Recurso_Salud_2017_v1.csv,2609
00005987,2017,3,LIMA,LIMA,SAN JUAN DE MIRAFLORES,MINSA,III-1,377,436,215,271,data\raw\Capacidad\ConsultaA_Recurso_Salud_2017_v1.csv,2610
00005987,2017,1,LIMA,LIMA,SAN JUAN DE MIRAFLORES,MINSA,III-1,374,496,249,390,data\raw\Capacidad\ConsultaA_Recurso_Salud_2017_v1.csv,2611
00005987,2017,2,LIMA,LIMA,SAN JUAN DE MIRAFLORES,MINSA,III-1,374,453,240,353,data\raw\Capacidad\ConsultaA_Recurso_Salud_2017_v1.csv,2612
00005883,2017,10,LIMA,LIMA,ATE,MINSA,II-1,51,64,0,53,data\raw\Capacidad\ConsultaA_Recurso_Salud_2017_v1.csv,2639
00005883,2017,11,LIMA,LIMA,ATE,MINSA,II-1,51,63,0,55,data\raw\Capacidad\ConsultaA_Recurso_Salud_2017_v1.csv,2640
00005883,2017,12,LIMA,LIMA,ATE,MINSA,II-1,51,67,0,55,data\raw\Capacidad\ConsultaA_Recurso_Salud_2017_v1.csv,2641
00005883,2017,8,LIMA,LIMA,ATE,MINSA,II-1,51,59,0,53,data\raw\Capacidad\ConsultaA_Recurso_Salud_2017_v1.csv,2642
00005883,2017,9,LIMA,LIMA,ATE,MINSA,II-1,51,59,0,53,data\raw\Capacidad\ConsultaA_Recurso_Salud_2017_v1.csv,2643
00005883,2017,7,LIMA,LIMA,ATE,MINSA,II-1,51,60,0,53,data\raw\Capacidad\ConsultaA_Recurso_Salud_2017_v1.csv,2644
00005883,2017,6,LIMA,LIMA,ATE,MINSA,II-1,51,61,0,54,data\raw\Capacidad\ConsultaA_Recurso_Salud_2017_v1.csv,2645
00005883,2017,5,LIMA,LIMA,ATE,MINSA,II-1,51,59,0,53,data\raw\Capacidad\ConsultaA_Recurso_Salud_2017_v1.csv,2646
00005883,2017,4,LIMA,LIMA,ATE,MINSA,II-1,51,59,0,53,data\raw\Capacidad\ConsultaA_Recurso_Salud_2017_v1.csv,2647
00005883,2017,3,LIMA,LIMA,ATE,MINSA,II-1,51,55,0,51,data\raw\Capacidad\ConsultaA_Recurso_Salud_2017_v1.csv,2648
00005883,2017,2,LIMA,LIMA,ATE,MINSA,II-1,51,55,0,53,data\raw\Capacidad\ConsultaA_Recurso_Salud_2017_v1.csv,2649
00005883,2017,1,LIMA,LIMA,ATE,MINSA,II-1,51,54,0,46,data\raw\Capacidad\ConsultaA_Recurso_Salud_2017_v1.csv,2650
00006206,2017,12,LIMA,LIMA,LIMA,MINSA,III-1,615,359,150,301,data\raw\Capacidad\ConsultaA_Recurso_Salud_2017_v1.csv,2676
00006206,2017,11,LIMA,LIMA,LIMA,MINSA,III-1,640,363,153,307,data\raw\Capacidad\ConsultaA_Recurso_Salud_2017_v1.csv,2677
00006206,2017,10,LIMA,LIMA,LIMA,MINSA,III-1,621,356,155,299,data\raw\Capacidad\ConsultaA_Recurso_Salud_2017_v1.csv,2678
00006206,2017,8,LIMA,LIMA,LIMA,MINSA,III-1,594,341,143,268,data\raw\Capacidad\ConsultaA_Recurso_Salud_2017_v1.csv,2679
00006206,2017,9,LIMA,LIMA,LIMA,MINSA,III-1,640,363,164,298,data\raw\Capacidad\ConsultaA_Recurso_Salud_2017_v1.csv,2680
00006206,2017,1,LIMA,LIMA,LIMA,MINSA,III-1,634,349,157,299,data\raw\Capacidad\ConsultaA_Recurso_Salud_2017_v1.csv,2681
00006206,2017,2,LIMA,LIMA,LIMA,MINSA,III-1,644,352,162,297,data\raw\Capacidad\ConsultaA_Recurso_Salud_2017_v1.csv,2682
00006206,2017,6,LIMA,LIMA,LIMA,MINSA,III-1,642,361,154,298,data\raw\Capacidad\ConsultaA_Recurso_Salud_2017_v1.csv,2683
00006206,2017,7,LIMA,LIMA,LIMA,MINSA,III-1,634,358,160,298,data\raw\Capacidad\ConsultaA_Recurso_Salud_2017_v1.csv,2684
00006206,2017,5,LIMA,LIMA,LIMA,MINSA,III-1,641,360,158,298,data\raw\Capacidad\ConsultaA_Recurso_Salud_2017_v1.csv,2685
00006206,2017,4,LIMA,LIMA,LIMA,MINSA,III-1,646,358,134,293,data\raw\Capacidad\ConsultaA_Recurso_Salud_2017_v1.csv,2686
00006206,2017,3,LIMA,LIMA,LIMA,MINSA,III-1,640,340,158,297,data\raw\Capacidad\ConsultaA_Recurso_Salud_2017_v1.csv,2687
00006207,2017,12,LIMA,LIMA,LIMA,MINSA,III-1,662,426,218,486,data\raw\Capacidad\ConsultaA_Recurso_Salud_2017_v1.csv,2688
00006207,2017,10,LIMA,LIMA,LIMA,MINSA,III-1,662,421,229,419,data\raw\Capacidad\ConsultaA_Recurso_Salud_2017_v1.csv,2689
00006207,2017,11,LIMA,LIMA,LIMA,MINSA,III-1,662,422,223,486,data\raw\Capacidad\ConsultaA_Recurso_Salud_2017_v1.csv,2690
00006207,2017,8,LIMA,LIMA,LIMA,MINSA,III-1,662,386,217,401,data\raw\Capacidad\ConsultaA_Recurso_Salud_2017_v1.csv,2691
00006207,2017,9,LIMA,LIMA,LIMA,MINSA,III-1,662,422,221,424,data\raw\Capacidad\ConsultaA_Recurso_Salud_2017_v1.csv,2692
00006207,2017,6,LIMA,LIMA,LIMA,MINSA,III-1,662,408,166,425,data\raw\Capacidad\ConsultaA_Recurso_Salud_2017_v1.csv,2693
00006207,2017,7,LIMA,LIMA,LIMA,MINSA,III-1,662,394,223,415,data\raw\Capacidad\ConsultaA_Recurso_Salud_2017_v1.csv,2694
00006207,2017,5,LIMA,LIMA,LIMA,MINSA,III-1,688,393,218,430,data\raw\Capacidad\ConsultaA_Recurso_Salud_2017_v1.csv,2695
00006207,2017,4,LIMA,LIMA,LIMA,MINSA,III-1,693,412,225,420,data\raw\Capacidad\ConsultaA_Recurso_Salud_2017_v1.csv,2696
00006207,2017,3,LIMA,LIMA,LIMA,MINSA,III-1,693,406,217,414,data\raw\Capacidad\ConsultaA_Recurso_Salud_2017_v1.csv,2697
00006207,2017,2,LIMA,LIMA,LIMA,MINSA,III-1,699,375,220,403,data\raw\Capacidad\ConsultaA_Recurso_Salud_2017_v1.csv,2698
00006207,2017,1,LIMA,LIMA,LIMA,MINSA,III-1,691,402,211,410,data\raw\Capacidad\ConsultaA_Recurso_Salud_2017_v1.csv,2699
00006208,2017,10,LIMA,LIMA,LIMA,MINSA,III-2,433,256,74,348,data\raw\Capacidad\ConsultaA_Recurso_Salud_2017_v1.csv,2700
00006208,2017,11,LIMA,LIMA,LIMA,MINSA,III-2,433,258,72,349,data\raw\Capacidad\ConsultaA_Recurso_Salud_2017_v1.csv,2701
00006208,2017,12,LIMA,LIMA,LIMA,MINSA,III-2,433,267,74,380,data\raw\Capacidad\ConsultaA_Recurso_Salud_2017_v1.csv,2702
00006208,2017,9,LIMA,LIMA,LIMA,MINSA,III-2,433,255,73,343,data\raw\Capacidad\ConsultaA_Recurso_Salud_2017_v1.csv,2703
00006208,2017,8,LIMA,LIMA,LIMA,MINSA,III-2,433,256,70,346,data\raw\Capacidad\ConsultaA_Recurso_Salud_2017_v1.csv,2704
00006208,2017,7,LIMA,LIMA,LIMA,MINSA,III-2,433,255,70,347,data\raw\Capacidad\ConsultaA_Recurso_Salud_2017_v1.csv,2705
00006208,2017,6,LIMA,LIMA,LIMA,MINSA,III-2,433,255,68,347,data\raw\Capacidad\ConsultaA_Recurso_Salud_2017_v1.csv,2706
00006208,2017,5,LIMA,LIMA,LIMA,MINSA,III-2,433,254,68,351,data\raw\Capacidad\ConsultaA_Recurso_Salud_2017_v1.csv,2707
00006208,2017,4,LIMA,LIMA,LIMA,MINSA,III-2,433,254,68,349,data\raw\Capacidad\ConsultaA_Recurso_Salud_2017_v1.csv,2708
00006208,2017,3,LIMA,LIMA,LIMA,MINSA,III-2,433,257,68,350,data\raw\Capacidad\ConsultaA_Recurso_Salud_2017_v1.csv,2709
00006208,2017,1,LIMA,LIMA,LIMA,MINSA,III-2,429,249,43,351,data\raw\Capacidad\ConsultaA_Recurso_Salud_2017_v1.csv,2710
00006208,2017,2,LIMA,LIMA,LIMA,MINSA,III-2,433,259,68,350,data\raw\Capacidad\ConsultaA_Recurso_Salud_2017_v1.csv,2711
00006209,2017,4,LIMA,LIMA,LIMA,MINSA,III-2,154,79,34,115,data\raw\Capacidad\ConsultaA_Recurso_Salud_2017_v1.csv,2712
00006209,2017,1,LIMA,LIMA,LIMA,MINSA,III-2,148,79,34,115,data\raw\Capacidad\ConsultaA_Recurso_Salud_2017_v1.csv,2713
00006209,2017,3,LIMA,LIMA,LIMA,MINSA,III-2,161,79,34,115,data\raw\Capacidad\ConsultaA_Recurso_Salud_2017_v1.csv,2714
00006209,2017,12,LIMA,LIMA,LIMA,MINSA,III-2,157,79,21,117,data\raw\Capacidad\ConsultaA_Recurso_Salud_2017_v1.csv,2715
00006209,2017,11,LIMA,LIMA,LIMA,MINSA,III-2,155,79,21,117,data\raw\Capacidad\ConsultaA_Recurso_Salud_2017_v1.csv,2716
00006209,2017,9,LIMA,LIMA,LIMA,MINSA,III-2,244,78,21,115,data\raw\Capacidad\ConsultaA_Recurso_Salud_2017_v1.csv,2717
00006209,2017,8,LIMA,LIMA,LIMA,MINSA,III-2,162,78,21,115,data\raw\Capacidad\ConsultaA_Recurso_Salud_2017_v1.csv,2718
00006209,2017,10,LIMA,LIMA,LIMA,MINSA,III-2,143,78,21,117,data\raw\Capacidad\ConsultaA_Recurso_Salud_2017_v1.csv,2719
00006209,2017,7,LIMA,LIMA,LIMA,MINSA,III-2,162,79,21,115,data\raw\Capacidad\ConsultaA_Recurso_Salud_2017_v1.csv,2720
00006209,2017,6,LIMA,LIMA,LIMA,MINSA,III-2,162,79,34,115,data\raw\Capacidad\ConsultaA_Recurso_Salud_2017_v1.csv,2721
00006209,2017,5,LIMA,LIMA,LIMA,MINSA,III-2,162,79,34,115,data\raw\Capacidad\ConsultaA_Recurso_Salud_2017_v1.csv,2722
00006209,2017,2,LIMA,LIMA,LIMA,MINSA,III-2,163,79,34,115,data\raw\Capacidad\ConsultaA_Recurso_Salud_2017_v1.csv,2723
00006210,2017,12,LIMA,LIMA,SURQUILLO,MINSA,III-2,424,234,186,446,data\raw\Capacidad\ConsultaA_Recurso_Salud_2017_v1.csv,2724
00006210,2017,11,LIMA,LIMA,SURQUILLO,MINSA,III-2,424,230,186,441,data\raw\Capacidad\ConsultaA_Recurso_Salud_2017_v1.csv,2725
00006210,2017,10,LIMA,LIMA,SURQUILLO,MINSA,III-2,456,229,186,437,data\raw\Capacidad\ConsultaA_Recurso_Salud_2017_v1.csv,2726
00006210,2017,9,LIMA,LIMA,SURQUILLO,MINSA,III-2,426,220,188,461,data\raw\Capacidad\ConsultaA_Recurso_Salud_2017_v1.csv,2727
00006210,2017,8,LIMA,LIMA,SURQUILLO,MINSA,III-2,426,217,180,453,data\raw\Capacidad\ConsultaA_Recurso_Salud_2017_v1.csv,2728
00006210,2017,6,LIMA,LIMA,SURQUILLO,MINSA,III-2,424,216,191,446,data\raw\Capacidad\ConsultaA_Recurso_Salud_2017_v1.csv,2729
00006210,2017,7,LIMA,LIMA,SURQUILLO,MINSA,III-2,424,215,182,451,data\raw\Capacidad\ConsultaA_Recurso_Salud_2017_v1.csv,2730
00006210,2017,5,LIMA,LIMA,SURQUILLO,MINSA,III-2,424,216,187,447,data\raw\Capacidad\ConsultaA_Recurso_Salud_2017_v1.csv,2731
00006210,2017,4,LIMA,LIMA,SURQUILLO,MINSA,III-2,414,213,187,442,data\raw\Capacidad\ConsultaA_Recurso_Salud_2017_v1.csv,2732
00006210,2017,3,LIMA,LIMA,SURQUILLO,MINSA,III-2,414,214,187,444,data\raw\Capacidad\ConsultaA_Recurso_Salud_2017_v1.csv,2733
00006210,2017,2,LIMA,LIMA,SURQUILLO,MINSA,III-2,414,215,187,438,data\raw\Capacidad\ConsultaA_Recurso_Salud_2017_v1.csv,2734
00006210,2017,1,LIMA,LIMA,SURQUILLO,MINSA,III-2,414,215,187,444,data\raw\Capacidad\ConsultaA_Recurso_Salud_2017_v1.csv,2735
00006211,2017,10,LIMA,LIMA,PUEBLO LIBRE,MINSA,III-1,193,219,43,211,data\raw\Capacidad\ConsultaA_Recurso_Salud_2017_v1.csv,2736
00006211,2017,12,LIMA,LIMA,PUEBLO LIBRE,MINSA,III-1,193,193,48,212,data\raw\Capacidad\ConsultaA_Recurso_Salud_2017_v1.csv,2737
00006211,2017,11,LIMA,LIMA,PUEBLO LIBRE,MINSA,III-1,193,219,43,211,data\raw\Capacidad\ConsultaA_Recurso_Salud_2017_v1.csv,2738
00006211,2017,9,LIMA,LIMA,PUEBLO LIBRE,MINSA,III-1,193,219,43,211,data\raw\Capacidad\ConsultaA_Recurso_Salud_2017_v1.csv,2739
00006211,2017,8,LIMA,LIMA,PUEBLO LIBRE,MINSA,III-1,193,219,43,211,data\raw\Capacidad\ConsultaA_Recurso_Salud_2017_v1.csv,2740
00006211,2017,7,LIMA,LIMA,PUEBLO LIBRE,MINSA,III-1,193,217,37,211,data\raw\Capacidad\ConsultaA_Recurso_Salud_2017_v1.csv,2741
00006211,2017,6,LIMA,LIMA,PUEBLO LIBRE,MINSA,III-1,193,217,37,211,data\raw\Capacidad\ConsultaA_Recurso_Salud_2017_v1.csv,2742
00006211,2017,5,LIMA,LIMA,PUEBLO LIBRE,MINSA,III-1,193,217,37,211,data\raw\Capacidad\ConsultaA_Recurso_Salud_2017_v1.csv,2743
00006211,2017,4,LIMA,LIMA,PUEBLO LIBRE,MINSA,III-1,193,217,37,211,data\raw\Capacidad\ConsultaA_Recurso_Salud_2017_v1.csv,2744
00006211,2017,3,LIMA,LIMA,PUEBLO LIBRE,MINSA,III-1,193,217,37,211,data\raw\Capacidad\ConsultaA_Recurso_Salud_2017_v1.csv,2745
00006211,2017,1,LIMA,LIMA,PUEBLO LIBRE,MINSA,III-1,193,164,43,178,data\raw\Capacidad\ConsultaA_Recurso_Salud_2017_v1.csv,2746
00006211,2017,2,LIMA,LIMA,PUEBLO LIBRE,MINSA,III-1,193,217,37,211,data\raw\Capacidad\ConsultaA_Recurso_Salud_2017_v1.csv,2747
00006212,2017,12,LIMA,LIMA,LA VICTORIA,MINSA,III-E,46,118,5,119,data\raw\Capacidad\ConsultaA_Recurso_Salud_2017_v1.csv,2748
00006212,2017,10,LIMA,LIMA,LA VICTORIA,MINSA,III-E,52,119,5,115,data\raw\Capacidad\ConsultaA_Recurso_Salud_2017_v1.csv,2749
00006212,2017,11,LIMA,LIMA,LA VICTORIA,MINSA,III-E,52,118,5,118,data\raw\Capacidad\ConsultaA_Recurso_Salud_2017_v1.csv,2750
00006212,2017,9,LIMA,LIMA,LA VICTORIA,MINSA,III-E,52,119,5,118,data\raw\Capacidad\ConsultaA_Recurso_Salud_2017_v1.csv,2751
00006212,2017,8,LIMA,LIMA,LA VICTORIA,MINSA,III-E,52,116,5,121,data\raw\Capacidad\ConsultaA_Recurso_Salud_2017_v1.csv,2752
00006212,2017,7,LIMA,LIMA,LA VICTORIA,MINSA,III-E,50,112,5,115,data\raw\Capacidad\ConsultaA_Recurso_Salud_2017_v1.csv,2753
00006212,2017,5,LIMA,LIMA,LA VICTORIA,MINSA,III-E,52,117,4,114,data\raw\Capacidad\ConsultaA_Recurso_Salud_2017_v1.csv,2754
00006212,2017,6,LIMA,LIMA,LA VICTORIA,MINSA,III-E,52,115,5,114,data\raw\Capacidad\ConsultaA_Recurso_Salud_2017_v1.csv,2755
00006212,2017,4,LIMA,LIMA,LA VICTORIA,MINSA,III-E,52,119,5,110,data\raw\Capacidad\ConsultaA_Recurso_Salud_2017_v1.csv,2756
00006212,2017,3,LIMA,LIMA,LA VICTORIA,MINSA,III-E,52,118,5,115,data\raw\Capacidad\ConsultaA_Recurso_Salud_2017_v1.csv,2757
00006212,2017,2,LIMA,LIMA,LA VICTORIA,MINSA,III-E,51,110,5,114,data\raw\Capacidad\ConsultaA_Recurso_Salud_2017_v1.csv,2758
00006212,2017,1,LIMA,LIMA,LA VICTORIA,MINSA,III-E,49,117,5,114,data\raw\Capacidad\ConsultaA_Recurso_Salud_2017_v1.csv,2759
00006213,2017,12,LIMA,LIMA,MIRAFLORES,MINSA,III-E,71,148,28,158,data\raw\Capacidad\ConsultaA_Recurso_Salud_2017_v1.csv,2760
00006213,2017,11,LIMA,LIMA,MIRAFLORES,MINSA,III-E,71,135,28,160,data\raw\Capacidad\ConsultaA_Recurso_Salud_2017_v1.csv,2761
00006213,2017,9,LIMA,LIMA,MIRAFLORES,MINSA,III-E,71,135,28,160,data\raw\Capacidad\ConsultaA_Recurso_Salud_2017_v1.csv,2762
00006213,2017,10,LIMA,LIMA,MIRAFLORES,MINSA,III-E,71,135,28,160,data\raw\Capacidad\ConsultaA_Recurso_Salud_2017_v1.csv,2763
00006213,2017,8,LIMA,LIMA,MIRAFLORES,MINSA,III-E,71,132,28,160,data\raw\Capacidad\ConsultaA_Recurso_Salud_2017_v1.csv,2764
00006213,2017,7,LIMA,LIMA,MIRAFLORES,MINSA,III-E,71,133,29,160,data\raw\Capacidad\ConsultaA_Recurso_Salud_2017_v1.csv,2765
00006213,2017,6,LIMA,LIMA,MIRAFLORES,MINSA,III-E,71,128,27,157,data\raw\Capacidad\ConsultaA_Recurso_Salud_2017_v1.csv,2766
00006213,2017,5,LIMA,LIMA,MIRAFLORES,MINSA,III-E,71,129,27,157,data\raw\Capacidad\ConsultaA_Recurso_Salud_2017_v1.csv,2767
00006213,2017,4,LIMA,LIMA,MIRAFLORES,MINSA,III-E,82,132,27,157,data\raw\Capacidad\ConsultaA_Recurso_Salud_2017_v1.csv,2768
00006213,2017,3,LIMA,LIMA,MIRAFLORES,MINSA,III-E,71,132,27,159,data\raw\Capacidad\ConsultaA_Recurso_Salud_2017_v1.csv,2769
00006213,2017,2,LIMA,LIMA,MIRAFLORES,MINSA,III-E,71,132,27,159,data\raw\Capacidad\ConsultaA_Recurso_Salud_2017_v1.csv,2770
00006213,2017,1,LIMA,LIMA,MIRAFLORES,MINSA,III-E,71,132,27,159,data\raw\Capacidad\ConsultaA_Recurso_Salud_2017_v1.csv,2771
00006214,2017,12,LIMA,LIMA,MAGDALENA DEL MAR,MINSA,III-1,590,105,43,128,data\raw\Capacidad\ConsultaA_Recurso_Salud_2017_v1.csv,2778
00006214,2017,10,LIMA,LIMA,MAGDALENA DEL MAR,MINSA,III-1,590,104,43,124,data\raw\Capacidad\ConsultaA_Recurso_Salud_2017_v1.csv,2779
00006214,2017,9,LIMA,LIMA,MAGDALENA DEL MAR,MINSA,III-1,590,104,43,124,data\raw\Capacidad\ConsultaA_Recurso_Salud_2017_v1.csv,2780
00006214,2017,8,LIMA,LIMA,MAGDALENA DEL MAR,MINSA,III-1,590,104,41,124,data\raw\Capacidad\ConsultaA_Recurso_Salud_2017_v1.csv,2781
00006214,2017,7,LIMA,LIMA,MAGDALENA DEL MAR,MINSA,III-1,590,104,41,124,data\raw\Capacidad\ConsultaA_Recurso_Salud_2017_v1.csv,2782
00006214,2017,5,LIMA,LIMA,MAGDALENA DEL MAR,MINSA,III-1,590,96,29,124,data\raw\Capacidad\ConsultaA_Recurso_Salud_2017_v1.csv,2783
00006214,2017,6,LIMA,LIMA,MAGDALENA DEL MAR,MINSA,III-1,590,96,41,124,data\raw\Capacidad\ConsultaA_Recurso_Salud_2017_v1.csv,2784
00006214,2017,4,LIMA,LIMA,MAGDALENA DEL MAR,MINSA,III-1,590,98,42,112,data\raw\Capacidad\ConsultaA_Recurso_Salud_2017_v1.csv,2785
00006214,2017,3,LIMA,LIMA,MAGDALENA DEL MAR,MINSA,III-1,590,96,30,124,data\raw\Capacidad\ConsultaA_Recurso_Salud_2017_v1.csv,2786
00006214,2017,2,LIMA,LIMA,MAGDALENA DEL MAR,MINSA,III-1,590,96,30,124,data\raw\Capacidad\ConsultaA_Recurso_Salud_2017_v1.csv,2787
00006214,2017,1,LIMA,LIMA,MAGDALENA DEL MAR,MINSA,III-1,590,96,30,124,data\raw\Capacidad\ConsultaA_Recurso_Salud_2017_v1.csv,2788
00006214,2017,11,LIMA,LIMA,MAGDALENA DEL MAR,MINSA,III-1,590,105,43,129,data\raw\Capacidad\ConsultaA_Recurso_Salud_2017_v1.csv,2789
00006215,2017,9,LIMA,LIMA,LIMA,MINSA,III-1,183,254,74,274,data\raw\Capacidad\ConsultaA_Recurso_Salud_2017_v1.csv,2790
00006215,2017,12,LIMA,LIMA,LIMA,MINSA,III-1,200,259,76,273,data\raw\Capacidad\ConsultaA_Recurso_Salud_2017_v1.csv,2791
00006215,2017,11,LIMA,LIMA,LIMA,MINSA,III-1,206,257,75,273,data\raw\Capacidad\ConsultaA_Recurso_Salud_2017_v1.csv,2792
00006215,2017,10,LIMA,LIMA,LIMA,MINSA,III-1,203,260,76,274,data\raw\Capacidad\ConsultaA_Recurso_Salud_2017_v1.csv,2793
00006215,2017,8,LIMA,LIMA,LIMA,MINSA,III-1,221,264,75,273,data\raw\Capacidad\ConsultaA_Recurso_Salud_2017_v1.csv,2794
00006215,2017,2,LIMA,LIMA,LIMA,MINSA,III-1,222,293,109,271,data\raw\Capacidad\ConsultaA_Recurso_Salud_2017_v1.csv,2795
00006215,2017,7,LIMA,LIMA,LIMA,MINSA,III-1,224,259,75,270,data\raw\Capacidad\ConsultaA_Recurso_Salud_2017_v1.csv,2796
00006215,2017,6,LIMA,LIMA,LIMA,MINSA,III-1,235,291,110,271,data\raw\Capacidad\ConsultaA_Recurso_Salud_2017_v1.csv,2797
00006215,2017,5,LIMA,LIMA,LIMA,MINSA,III-1,226,293,110,271,data\raw\Capacidad\ConsultaA_Recurso_Salud_2017_v1.csv,2798
00006215,2017,4,LIMA,LIMA,LIMA,MINSA,III-1,222,291,108,271,data\raw\Capacidad\ConsultaA_Recurso_Salud_2017_v1.csv,2799
00006215,2017,3,LIMA,LIMA,LIMA,MINSA,III-1,218,293,109,221,data\raw\Capacidad\ConsultaA_Recurso_Salud_2017_v1.csv,2800
00006215,2017,1,LIMA,LIMA,LIMA,MINSA,III-1,213,296,109,272,data\raw\Capacidad\ConsultaA_Recurso_Salud_2017_v1.csv,2801
00006217,2017,10,LIMA,LIMA,LIMA,MINSA,III-2,11,108,27,55,data\raw\Capacidad\ConsultaA_Recurso_Salud_2017_v1.csv,2802
00006217,2017,11,LIMA,LIMA,LIMA,MINSA,III-2,11,108,27,55,data\raw\Capacidad\ConsultaA_Recurso_Salud_2017_v1.csv,2803
00006217,2017,12,LIMA,LIMA,LIMA,MINSA,III-2,11,108,27,55,data\raw\Capacidad\ConsultaA_Recurso_Salud_2017_v1.csv,2804
00006217,2017,9,LIMA,LIMA,LIMA,MINSA,III-2,11,108,27,55,data\raw\Capacidad\ConsultaA_Recurso_Salud_2017_v1.csv,2805
00006217,2017,8,LIMA,LIMA,LIMA,MINSA,III-2,11,108,27,55,data\raw\Capacidad\ConsultaA_Recurso_Salud_2017_v1.csv,2806
00006217,2017,7,LIMA,LIMA,LIMA,MINSA,III-2,11,100,26,60,data\raw\Capacidad\ConsultaA_Recurso_Salud_2017_v1.csv,2807
00006217,2017,6,LIMA,LIMA,LIMA,MINSA,III-2,11,100,26,60,data\raw\Capacidad\ConsultaA_Recurso_Salud_2017_v1.csv,2808
00006217,2017,5,LIMA,LIMA,LIMA,MINSA,III-2,11,100,26,60,data\raw\Capacidad\ConsultaA_Recurso_Salud_2017_v1.csv,2809
00006217,2017,4,LIMA,LIMA,LIMA,MINSA,III-2,11,100,26,60,data\raw\Capacidad\ConsultaA_Recurso_Salud_2017_v1.csv,2810
00006217,2017,3,LIMA,LIMA,LIMA,MINSA,III-2,11,100,26,60,data\raw\Capacidad\ConsultaA_Recurso_Salud_2017_v1.csv,2811
00006217,2017,2,LIMA,LIMA,LIMA,MINSA,III-2,11,100,26,60,data\raw\Capacidad\ConsultaA_Recurso_Salud_2017_v1.csv,2812
00006217,2017,1,LIMA,LIMA,LIMA,MINSA,III-2,11,100,26,60,data\raw\Capacidad\ConsultaA_Recurso_Salud_2017_v1.csv,2813
00007734,2017,7,LIMA,LIMA,CHORRILLOS,MINSA,III-2,36,93,30,21,data\raw\Capacidad\ConsultaA_Recurso_Salud_2017_v1.csv,3442
00007734,2017,4,LIMA,LIMA,CHORRILLOS,MINSA,III-2,36,93,31,20,data\raw\Capacidad\ConsultaA_Recurso_Salud_2017_v1.csv,3443
00007734,2017,12,LIMA,LIMA,CHORRILLOS,MINSA,III-2,36,92,24,23,data\raw\Capacidad\ConsultaA_Recurso_Salud_2017_v1.csv,3444
00007734,2017,11,LIMA,LIMA,CHORRILLOS,MINSA,III-2,36,103,34,23,data\raw\Capacidad\ConsultaA_Recurso_Salud_2017_v1.csv,3445
00007734,2017,1,LIMA,LIMA,CHORRILLOS,MINSA,III-2,36,99,34,21,data\raw\Capacidad\ConsultaA_Recurso_Salud_2017_v1.csv,3446
00007734,2017,3,LIMA,LIMA,CHORRILLOS,MINSA,III-2,36,104,38,21,data\raw\Capacidad\ConsultaA_Recurso_Salud_2017_v1.csv,3447
00007734,2017,10,LIMA,LIMA,CHORRILLOS,MINSA,III-2,36,97,30,24,data\raw\Capacidad\ConsultaA_Recurso_Salud_2017_v1.csv,3448
00007734,2017,9,LIMA,LIMA,CHORRILLOS,MINSA,III-2,36,98,34,19,data\raw\Capacidad\ConsultaA_Recurso_Salud_2017_v1.csv,3449
00007734,2017,8,LIMA,LIMA,CHORRILLOS,MINSA,III-2,36,104,39,21,data\raw\Capacidad\ConsultaA_Recurso_Salud_2017_v1.csv,3450
00007734,2017,6,LIMA,LIMA,CHORRILLOS,MINSA,III-2,36,95,32,21,data\raw\Capacidad\ConsultaA_Recurso_Salud_2017_v1.csv,3451
00007734,2017,2,LIMA,LIMA,CHORRILLOS,MINSA,III-2,36,97,31,21,data\raw\Capacidad\ConsultaA_Recurso_Salud_2017_v1.csv,3452
00007734,2017,5,LIMA,LIMA,CHORRILLOS,MINSA,III-2,36,96,32,21,data\raw\Capacidad\ConsultaA_Recurso_Salud_2017_v1.csv,3453
00007632,2017,11,LIMA,LIMA,PUENTE PIEDRA,MINSA,II-2,102,127,39,145,data\raw\Capacidad\ConsultaA_Recurso_Salud_2017_v1.csv,3617
00007632,2017,12,LIMA,LIMA,PUENTE PIEDRA,MINSA,II-2,108,132,37,150,data\raw\Capacidad\ConsultaA_Recurso_Salud_2017_v1.csv,3618
00007632,2017,9,LIMA,LIMA,PUENTE PIEDRA,MINSA,II-2,102,123,39,137,data\raw\Capacidad\ConsultaA_Recurso_Salud_2017_v1.csv,3619
00007632,2017,10,LIMA,LIMA,PUENTE PIEDRA,MINSA,II-2,102,125,39,139,data\raw\Capacidad\ConsultaA_Recurso_Salud_2017_v1.csv,3620
00007632,2017,8,LIMA,LIMA,PUENTE PIEDRA,MINSA,II-2,102,121,34,133,data\raw\Capacidad\ConsultaA_Recurso_Salud_2017_v1.csv,3621
00007632,2017,7,LIMA,LIMA,PUENTE PIEDRA,MINSA,II-2,102,90,34,133,data\raw\Capacidad\ConsultaA_Recurso_Salud_2017_v1.csv,3622
00007632,2017,6,LIMA,LIMA,PUENTE PIEDRA,MINSA,II-2,102,92,33,133,data\raw\Capacidad\ConsultaA_Recurso_Salud_2017_v1.csv,3623
00007632,2017,5,LIMA,LIMA,PUENTE PIEDRA,MINSA,II-2,102,93,44,133,data\raw\Capacidad\ConsultaA_Recurso_Salud_2017_v1.csv,3624
00007632,2017,4,LIMA,LIMA,PUENTE PIEDRA,MINSA,II-2,102,94,44,135,data\raw\Capacidad\ConsultaA_Recurso_Salud_2017_v1.csv,3625
00007632,2017,3,LIMA,LIMA,PUENTE PIEDRA,MINSA,II-2,102,110,44,130,data\raw\Capacidad\ConsultaA_Recurso_Salud_2017_v1.csv,3626
00007632,2017,1,LIMA,LIMA,PUENTE PIEDRA,MINSA,II-2,102,105,44,120,data\raw\Capacidad\ConsultaA_Recurso_Salud_2017_v1.csv,3627
00007632,2017,2,LIMA,LIMA,PUENTE PIEDRA,MINSA,II-2,102,108,44,130,data\raw\Capacidad\ConsultaA_Recurso_Salud_2017_v1.csv,3628
00007633,2017,12,LIMA,LIMA,SAN MARTIN DE PORRES,MINSA,III-1,374,688,351,419,data\raw\Capacidad\ConsultaA_Recurso_Salud_2017_v1.csv,3629
00007633,2017,11,LIMA,LIMA,SAN MARTIN DE PORRES,MINSA,III-1,375,693,351,421,data\raw\Capacidad\ConsultaA_Recurso_Salud_2017_v1.csv,3630
00007633,2017,10,LIMA,LIMA,SAN MARTIN DE PORRES,MINSA,III-1,374,721,381,427,data\raw\Capacidad\ConsultaA_Recurso_Salud_2017_v1.csv,3631
00007633,2017,9,LIMA,LIMA,SAN MARTIN DE PORRES,MINSA,III-1,373,661,320,419,data\raw\Capacidad\ConsultaA_Recurso_Salud_2017_v1.csv,3632
00007633,2017,8,LIMA,LIMA,SAN MARTIN DE PORRES,MINSA,III-1,374,641,297,422,data\raw\Capacidad\ConsultaA_Recurso_Salud_2017_v1.csv,3633
00007633,2017,7,LIMA,LIMA,SAN MARTIN DE PORRES,MINSA,III-1,376,661,314,422,data\raw\Capacidad\ConsultaA_Recurso_Salud_2017_v1.csv,3634
00007633,2017,6,LIMA,LIMA,SAN MARTIN DE PORRES,MINSA,III-1,373,732,381,422,data\raw\Capacidad\ConsultaA_Recurso_Salud_2017_v1.csv,3635
00007633,2017,5,LIMA,LIMA,SAN MARTIN DE PORRES,MINSA,III-1,367,734,381,423,data\raw\Capacidad\ConsultaA_Recurso_Salud_2017_v1.csv,3636
00007633,2017,4,LIMA,LIMA,SAN MARTIN DE PORRES,MINSA,III-1,353,739,381,425,data\raw\Capacidad\ConsultaA_Recurso_Salud_2017_v1.csv,3637
00007633,2017,3,LIMA,LIMA,SAN MARTIN DE PORRES,MINSA,III-1,354,740,381,425,data\raw\Capacidad\ConsultaA_Recurso_Salud_2017_v1.csv,3638
00007633,2017,1,LIMA,LIMA,SAN MARTIN DE PORRES,MINSA,III-1,333,745,385,431,data\raw\Capacidad\ConsultaA_Recurso_Salud_2017_v1.csv,3639
00007633,2017,2,LIMA,LIMA,SAN MARTIN DE PORRES,MINSA,III-1,358,745,385,427,data\raw\Capacidad\ConsultaA_Recurso_Salud_2017_v1.csv,3640
00007634,2017,10,LIMA,LIMA,COMAS,MINSA,III-1,348,294,117,188,data\raw\Capacidad\ConsultaA_Recurso_Salud_2017_v1.csv,3641
00007634,2017,12,LIMA,LIMA,COMAS,MINSA,III-1,339,293,117,187,data\raw\Capacidad\ConsultaA_Recurso_Salud_2017_v1.csv,3642
00007634,2017,11,LIMA,LIMA,COMAS,MINSA,III-1,341,293,117,188,data\raw\Capacidad\ConsultaA_Recurso_Salud_2017_v1.csv,3643
00007634,2017,9,LIMA,LIMA,COMAS,MINSA,III-1,353,295,117,188,data\raw\Capacidad\ConsultaA_Recurso_Salud_2017_v1.csv,3644
00007634,2017,8,LIMA,LIMA,COMAS,MINSA,III-1,353,298,117,188,data\raw\Capacidad\ConsultaA_Recurso_Salud_2017_v1.csv,3645
00007634,2017,7,LIMA,LIMA,COMAS,MINSA,III-1,353,298,117,188,data\raw\Capacidad\ConsultaA_Recurso_Salud_2017_v1.csv,3646
00007634,2017,6,LIMA,LIMA,COMAS,MINSA,III-1,330,299,117,188,data\raw\Capacidad\ConsultaA_Recurso_Salud_2017_v1.csv,3647
00007634,2017,5,LIMA,LIMA,COMAS,MINSA,III-1,330,301,117,188,data\raw\Capacidad\ConsultaA_Recurso_Salud_2017_v1.csv,3648
00007634,2017,4,LIMA,LIMA,COMAS,MINSA,III-1,330,301,117,188,data\raw\Capacidad\ConsultaA_Recurso_Salud_2017_v1.csv,3649
00007634,2017,3,LIMA,LIMA,COMAS,MINSA,III-1,330,301,117,188,data\raw\Capacidad\ConsultaA_Recurso_Salud_2017_v1.csv,3650
00007634,2017,2,LIMA,LIMA,COMAS,MINSA,III-1,330,302,117,189,data\raw\Capacidad\ConsultaA_Recurso_Salud_2017_v1.csv,3651
00007634,2017,1,LIMA,LIMA,COMAS,MINSA,III-1,330,302,117,190,data\raw\Capacidad\ConsultaA_Recurso_Salud_2017_v1.csv,3652
00008502,2017,11,LIMA,LIMA,LIMA,ESSALUD,II-2,231,346,103,211,data\raw\Capacidad\ConsultaA_Recurso_Salud_2017_v1.csv,3960
00008502,2017,12,LIMA,LIMA,LIMA,ESSALUD,II-2,231,330,90,204,data\raw\Capacidad\ConsultaA_Recurso_Salud_2017_v1.csv,3961
00008502,2017,9,LIMA,LIMA,LIMA,ESSALUD,II-2,230,331,89,206,data\raw\Capacidad\ConsultaA_Recurso_Salud_2017_v1.csv,3962
00008502,2017,10,LIMA,LIMA,LIMA,ESSALUD,II-2,228,348,102,206,data\raw\Capacidad\ConsultaA_Recurso_Salud_2017_v1.csv,3963
00008502,2017,8,LIMA,LIMA,LIMA,ESSALUD,II-2,231,336,90,206,data\raw\Capacidad\ConsultaA_Recurso_Salud_2017_v1.csv,3964
00008502,2017,7,LIMA,LIMA,LIMA,ESSALUD,II-2,233,338,89,205,data\raw\Capacidad\ConsultaA_Recurso_Salud_2017_v1.csv,3965
00008502,2017,6,LIMA,LIMA,LIMA,ESSALUD,II-2,230,334,91,208,data\raw\Capacidad\ConsultaA_Recurso_Salud_2017_v1.csv,3966
00008502,2017,5,LIMA,LIMA,LIMA,ESSALUD,II-2,234,337,91,204,data\raw\Capacidad\ConsultaA_Recurso_Salud_2017_v1.csv,3967
00008502,2017,4,LIMA,LIMA,LIMA,ESSALUD,II-2,234,337,91,211,data\raw\Capacidad\ConsultaA_Recurso_Salud_2017_v1.csv,3968
00008502,2017,3,LIMA,LIMA,LIMA,ESSALUD,II-2,233,343,91,211,data\raw\Capacidad\ConsultaA_Recurso_Salud_2017_v1.csv,3969
00008502,2017,2,LIMA,LIMA,LIMA,ESSALUD,II-2,232,341,91,209,data\raw\Capacidad\ConsultaA_Recurso_Salud_2017_v1.csv,3970
00008502,2017,1,LIMA,LIMA,LIMA,ESSALUD,II-2,240,340,91,207,data\raw\Capacidad\ConsultaA_Recurso_Salud_2017_v1.csv,3971
00008353,2017,11,LIMA,LIMA,ATE,ESSALUD,II-1,68,106,24,90,data\raw\Capacidad\ConsultaA_Recurso_Salud_2017_v1.csv,3972
00008353,2017,12,LIMA,LIMA,ATE,ESSALUD,II-1,68,106,24,90,data\raw\Capacidad\ConsultaA_Recurso_Salud_2017_v1.csv,3973
00008353,2017,10,LIMA,LIMA,ATE,ESSALUD,II-1,68,1006,24,90,data\raw\Capacidad\ConsultaA_Recurso_Salud_2017_v1.csv,3974
00008353,2017,9,LIMA,LIMA,ATE,ESSALUD,II-1,68,106,24,90,data\raw\Capacidad\ConsultaA_Recurso_Salud_2017_v1.csv,3975
00008353,2017,8,LIMA,LIMA,ATE,ESSALUD,II-1,68,105,24,90,data\raw\Capacidad\ConsultaA_Recurso_Salud_2017_v1.csv,3976
00008353,2017,6,LIMA,LIMA,ATE,ESSALUD,II-1,68,105,24,90,data\raw\Capacidad\ConsultaA_Recurso_Salud_2017_v1.csv,3977
00008353,2017,7,LIMA,LIMA,ATE,ESSALUD,II-1,68,105,22,91,data\raw\Capacidad\ConsultaA_Recurso_Salud_2017_v1.csv,3978
00008353,2017,4,LIMA,LIMA,ATE,ESSALUD,II-1,66,104,24,89,data\raw\Capacidad\ConsultaA_Recurso_Salud_2017_v1.csv,3979
00008353,2017,5,LIMA,LIMA,ATE,ESSALUD,II-1,66,105,24,89,data\raw\Capacidad\ConsultaA_Recurso_Salud_2017_v1.csv,3980
00008353,2017,3,LIMA,LIMA,ATE,ESSALUD,II-1,66,104,24,89,data\raw\Capacidad\ConsultaA_Recurso_Salud_2017_v1.csv,3981
00008353,2017,1,LIMA,LIMA,ATE,ESSALUD,II-1,66,105,24,88,data\raw\Capacidad\ConsultaA_Recurso_Salud_2017_v1.csv,3982
00008353,2017,2,LIMA,LIMA,ATE,ESSALUD,II-1,66,105,24,88,data\raw\Capacidad\ConsultaA_Recurso_Salud_2017_v1.csv,3983
00009251,2017,12,LIMA,LIMA,LA VICTORIA,ESSALUD,III-2,947,1234,415,1062,data\raw\Capacidad\ConsultaA_Recurso_Salud_2017_v1.csv,3999
00009251,2017,11,LIMA,LIMA,LA VICTORIA,ESSALUD,III-2,947,1229,391,1062,data\raw\Capacidad\ConsultaA_Recurso_Salud_2017_v1.csv,4000
00009251,2017,9,LIMA,LIMA,LA VICTORIA,ESSALUD,III-2,939,1197,391,1061,data\raw\Capacidad\ConsultaA_Recurso_Salud_2017_v1.csv,4001
00009251,2017,10,LIMA,LIMA,LA VICTORIA,ESSALUD,III-2,954,1197,391,1064,data\raw\Capacidad\ConsultaA_Recurso_Salud_2017_v1.csv,4002
00009251,2017,8,LIMA,LIMA,LA VICTORIA,ESSALUD,III-2,939,1163,391,1061,data\raw\Capacidad\ConsultaA_Recurso_Salud_2017_v1.csv,4003
00009251,2017,7,LIMA,LIMA,LA VICTORIA,ESSALUD,III-2,939,1254,399,1062,data\raw\Capacidad\ConsultaA_Recurso_Salud_2017_v1.csv,4004
00009251,2017,5,LIMA,LIMA,LA VICTORIA,ESSALUD,III-2,946,1237,399,1055,data\raw\Capacidad\ConsultaA_Recurso_Salud_2017_v1.csv,4005
00009251,2017,6,LIMA,LIMA,LA VICTORIA,ESSALUD,III-2,938,1254,399,1062,data\raw\Capacidad\ConsultaA_Recurso_Salud_2017_v1.csv,4006
00009251,2017,4,LIMA,LIMA,LA VICTORIA,ESSALUD,III-2,950,1243,399,1054,data\raw\Capacidad\ConsultaA_Recurso_Salud_2017_v1.csv,4007
00009251,2017,3,LIMA,LIMA,LA VICTORIA,ESSALUD,III-2,952,1245,399,1070,data\raw\Capacidad\ConsultaA_Recurso_Salud_2017_v1.csv,4008
00009251,2017,2,LIMA,LIMA,LA VICTORIA,ESSALUD,III-2,953,1245,399,1070,data\raw\Capacidad\ConsultaA_Recurso_Salud_2017_v1.csv,4009
00009251,2017,1,LIMA,LIMA,LA VICTORIA,ESSALUD,III-2,952,1250,399,1072,data\raw\Capacidad\ConsultaA_Recurso_Salud_2017_v1.csv,4010
00008741,2017,11,LIMA,LIMA,VILLA EL SALVADOR,ESSALUD,II-1,54,78,3,73,data\raw\Capacidad\ConsultaA_Recurso_Salud_2017_v1.csv,4035
00008741,2017,12,LIMA,LIMA,VILLA EL SALVADOR,ESSALUD,II-1,54,77,3,71,data\raw\Capacidad\ConsultaA_Recurso_Salud_2017_v1.csv,4036
00008741,2017,9,LIMA,LIMA,VILLA EL SALVADOR,ESSALUD,II-1,54,78,3,73,data\raw\Capacidad\ConsultaA_Recurso_Salud_2017_v1.csv,4037
00008741,2017,10,LIMA,LIMA,VILLA EL SALVADOR,ESSALUD,II-1,54,78,3,73,data\raw\Capacidad\ConsultaA_Recurso_Salud_2017_v1.csv,4038
00008741,2017,8,LIMA,LIMA,VILLA EL SALVADOR,ESSALUD,II-1,54,78,3,73,data\raw\Capacidad\ConsultaA_Recurso_Salud_2017_v1.csv,4039
00008741,2017,6,LIMA,LIMA,VILLA EL SALVADOR,ESSALUD,II-1,54,78,3,73,data\raw\Capacidad\ConsultaA_Recurso_Salud_2017_v1.csv,4040
00008741,2017,7,LIMA,LIMA,VILLA EL SALVADOR,ESSALUD,II-1,54,78,3,73,data\raw\Capacidad\ConsultaA_Recurso_Salud_2017_v1.csv,4041
00008741,2017,5,LIMA,LIMA,VILLA EL SALVADOR,ESSALUD,II-1,54,78,3,72,data\raw\Capacidad\ConsultaA_Recurso_Salud_2017_v1.csv,4042
00008741,2017,4,LIMA,LIMA,VILLA EL SALVADOR,ESSALUD,II-1,54,78,3,72,data\raw\Capacidad\ConsultaA_Recurso_Salud_2017_v1.csv,4043
00008741,2017,3,LIMA,LIMA,VILLA EL SALVADOR,ESSALUD,II-1,54,78,3,72,data\raw\Capacidad\ConsultaA_Recurso_Salud_2017_v1.csv,4044
00008741,2017,1,LIMA,LIMA,VILLA EL SALVADOR,ESSALUD,II-1,54,78,3,72,data\raw\Capacidad\ConsultaA_Recurso_Salud_2017_v1.csv,4045
00008741,2017,2,LIMA,LIMA,VILLA EL SALVADOR,ESSALUD,II-1,54,78,3,72,data\raw\Capacidad\ConsultaA_Recurso_Salud_2017_v1.csv,4046
00008318,2017,11,LIMA,LIMA,SANTA ANITA,ESSALUD,II-1,56,91,4,67,data\raw\Capacidad\ConsultaA_Recurso_Salud_2017_v1.csv,4074
00008318,2017,12,LIMA,LIMA,SANTA ANITA,ESSALUD,II-1,54,91,4,67,data\raw\Capacidad\ConsultaA_Recurso_Salud_2017_v1.csv,4075
00008318,2017,10,LIMA,LIMA,SANTA ANITA,ESSALUD,II-1,56,89,3,67,data\raw\Capacidad\ConsultaA_Recurso_Salud_2017_v1.csv,4076
00008318,2017,8,LIMA,LIMA,SANTA ANITA,ESSALUD,II-1,57,88,1,66,data\raw\Capacidad\ConsultaA_Recurso_Salud_2017_v1.csv,4077
00008318,2017,9,LIMA,LIMA,SANTA ANITA,ESSALUD,II-1,56,91,3,67,data\raw\Capacidad\ConsultaA_Recurso_Salud_2017_v1.csv,4078
00008318,2017,7,LIMA,LIMA,SANTA ANITA,ESSALUD,II-1,56,91,2,67,data\raw\Capacidad\ConsultaA_Recurso_Salud_2017_v1.csv,4079
00008318,2017,6,LIMA,LIMA,SANTA ANITA,ESSALUD,II-1,57,88,1,66,data\raw\Capacidad\ConsultaA_Recurso_Salud_2017_v1.csv,4080
00008318,2017,4,LIMA,LIMA,SANTA ANITA,ESSALUD,II-1,55,88,2,66,data\raw\Capacidad\ConsultaA_Recurso_Salud_2017_v1.csv,4081
00008318,2017,5,LIMA,LIMA,SANTA ANITA,ESSALUD,II-1,57,88,1,66,data\raw\Capacidad\ConsultaA_Recurso_Salud_2017_v1.csv,4082
00008318,2017,3,LIMA,LIMA,SANTA ANITA,ESSALUD,II-1,55,88,2,66,data\raw\Capacidad\ConsultaA_Recurso_Salud_2017_v1.csv,4083
00008318,2017,2,LIMA,LIMA,SANTA ANITA,ESSALUD,II-1,57,88,2,66,data\raw\Capacidad\ConsultaA_Recurso_Salud_2017_v1.csv,4084
00008318,2017,1,LIMA,LIMA,SANTA ANITA,ESSALUD,II-1,57,90,3,66,data\raw\Capacidad\ConsultaA_Recurso_Salud_2017_v1.csv,4085
00008564,2017,12,LIMA,LIMA,SAN MIGUEL,ESSALUD,II-1,44,79,0,74,data\raw\Capacidad\ConsultaA_Recurso_Salud_2017_v1.csv,4122
00008564,2017,11,LIMA,LIMA,SAN MIGUEL,ESSALUD,II-1,44,79,0,74,data\raw\Capacidad\ConsultaA_Recurso_Salud_2017_v1.csv,4123
00008564,2017,10,LIMA,LIMA,SAN MIGUEL,ESSALUD,II-1,48,80,0,74,data\raw\Capacidad\ConsultaA_Recurso_Salud_2017_v1.csv,4124
00008564,2017,9,LIMA,LIMA,SAN MIGUEL,ESSALUD,II-1,48,80,0,74,data\raw\Capacidad\ConsultaA_Recurso_Salud_2017_v1.csv,4125
00008564,2017,8,LIMA,LIMA,SAN MIGUEL,ESSALUD,II-1,49,80,1,73,data\raw\Capacidad\ConsultaA_Recurso_Salud_2017_v1.csv,4126
00008564,2017,7,LIMA,LIMA,SAN MIGUEL,ESSALUD,II-1,49,80,0,73,data\raw\Capacidad\ConsultaA_Recurso_Salud_2017_v1.csv,4127
00008564,2017,6,LIMA,LIMA,SAN MIGUEL,ESSALUD,II-1,49,78,0,75,data\raw\Capacidad\ConsultaA_Recurso_Salud_2017_v1.csv,4128
00008564,2017,4,LIMA,LIMA,SAN MIGUEL,ESSALUD,II-1,49,79,0,75,data\raw\Capacidad\ConsultaA_Recurso_Salud_2017_v1.csv,4129
00008564,2017,5,LIMA,LIMA,SAN MIGUEL,ESSALUD,II-1,49,78,0,75,data\raw\Capacidad\ConsultaA_Recurso_Salud_2017_v1.csv,4130
00008564,2017,3,LIMA,LIMA,SAN MIGUEL,ESSALUD,II-1,49,80,0,75,data\raw\Capacidad\ConsultaA_Recurso_Salud_2017_v1.csv,4131
00008564,2017,1,LIMA,LIMA,SAN MIGUEL,ESSALUD,II-1,49,80,0,76,data\raw\Capacidad\ConsultaA_Recurso_Salud_2017_v1.csv,4132
00008564,2017,2,LIMA,LIMA,SAN MIGUEL,ESSALUD,II-1,49,80,0,75,data\raw\Capacidad\ConsultaA_Recurso_Salud_2017_v1.csv,4133
00008720,2017,10,LIMA,LIMA,JESUS MARIA,ESSALUD,III-2,1505,1859,517,1684,data\raw\Capacidad\ConsultaA_Recurso_Salud_2017_v1.csv,4168
00008720,2017,11,LIMA,LIMA,JESUS MARIA,ESSALUD,III-2,1505,1854,517,1685,data\raw\Capacidad\ConsultaA_Recurso_Salud_2017_v1.csv,4169
00008720,2017,12,LIMA,LIMA,JESUS MARIA,ESSALUD,III-2,1505,1863,517,1682,data\raw\Capacidad\ConsultaA_Recurso_Salud_2017_v1.csv,4170
00008720,2017,9,LIMA,LIMA,JESUS MARIA,ESSALUD,III-2,1505,1729,510,1689,data\raw\Capacidad\ConsultaA_Recurso_Salud_2017_v1.csv,4171
00008720,2017,8,LIMA,LIMA,JESUS MARIA,ESSALUD,III-2,1505,1702,392,1693,data\raw\Capacidad\ConsultaA_Recurso_Salud_2017_v1.csv,4172
00008720,2017,6,LIMA,LIMA,JESUS MARIA,ESSALUD,III-2,1508,1827,510,1677,data\raw\Capacidad\ConsultaA_Recurso_Salud_2017_v1.csv,4173
00008720,2017,7,LIMA,LIMA,JESUS MARIA,ESSALUD,III-2,1505,1657,347,1671,data\raw\Capacidad\ConsultaA_Recurso_Salud_2017_v1.csv,4174
00008720,2017,5,LIMA,LIMA,JESUS MARIA,ESSALUD,III-2,1511,1814,510,1676,data\raw\Capacidad\ConsultaA_Recurso_Salud_2017_v1.csv,4175
00008720,2017,4,LIMA,LIMA,JESUS MARIA,ESSALUD,III-2,1511,1819,510,1694,data\raw\Capacidad\ConsultaA_Recurso_Salud_2017_v1.csv,4176
00008720,2017,3,LIMA,LIMA,JESUS MARIA,ESSALUD,III-2,1511,1823,510,1684,data\raw\Capacidad\ConsultaA_Recurso_Salud_2017_v1.csv,4177
00008720,2017,1,LIMA,LIMA,JESUS MARIA,ESSALUD,III-2,1511,1816,510,1690,data\raw\Capacidad\ConsultaA_Recurso_Salud_2017_v1.csv,4178
00008720,2017,2,LIMA,LIMA,JESUS MARIA,ESSALUD,III-2,1511,1798,510,1685,data\raw\Capacidad\ConsultaA_Recurso_Salud_2017_v1.csv,4179
00008489,2017,12,LIMA,LIMA,MIRAFLORES,ESSALUD,II-2,86,198,3,140,data\raw\Capacidad\ConsultaA_Recurso_Salud_2017_v1.csv,4249
00008489,2017,11,LIMA,LIMA,MIRAFLORES,ESSALUD,II-2,88,197,3,140,data\raw\Capacidad\ConsultaA_Recurso_Salud_2017_v1.csv,4250
00008489,2017,10,LIMA,LIMA,MIRAFLORES,ESSALUD,II-2,88,186,3,137,data\raw\Capacidad\ConsultaA_Recurso_Salud_2017_v1.csv,4251
00008489,2017,9,LIMA,LIMA,MIRAFLORES,ESSALUD,II-2,86,197,3,141,data\raw\Capacidad\ConsultaA_Recurso_Salud_2017_v1.csv,4252
00008489,2017,8,LIMA,LIMA,MIRAFLORES,ESSALUD,II-2,84,196,3,141,data\raw\Capacidad\ConsultaA_Recurso_Salud_2017_v1.csv,4253
00008489,2017,7,LIMA,LIMA,MIRAFLORES,ESSALUD,II-2,85,200,2,145,data\raw\Capacidad\ConsultaA_Recurso_Salud_2017_v1.csv,4254
00008489,2017,6,LIMA,LIMA,MIRAFLORES,ESSALUD,II-2,88,207,3,143,data\raw\Capacidad\ConsultaA_Recurso_Salud_2017_v1.csv,4255
00008489,2017,5,LIMA,LIMA,MIRAFLORES,ESSALUD,II-2,87,206,3,147,data\raw\Capacidad\ConsultaA_Recurso_Salud_2017_v1.csv,4256
00008489,2017,4,LIMA,LIMA,MIRAFLORES,ESSALUD,II-2,86,210,3,147,data\raw\Capacidad\ConsultaA_Recurso_Salud_2017_v1.csv,4257
00008489,2017,3,LIMA,LIMA,MIRAFLORES,ESSALUD,II-2,87,204,2,148,data\raw\Capacidad\ConsultaA_Recurso_Salud_2017_v1.csv,4258
00008489,2017,2,LIMA,LIMA,MIRAFLORES,ESSALUD,II-2,88,193,1,145,data\raw\Capacidad\ConsultaA_Recurso_Salud_2017_v1.csv,4259
00008489,2017,1,LIMA,LIMA,MIRAFLORES,ESSALUD,II-2,88,204,2,144,data\raw\Capacidad\ConsultaA_Recurso_Salud_2017_v1.csv,4260
00008671,2017,12,LIMA,LIMA,COMAS,ESSALUD,II-1,142,123,0,60,data\raw\Capacidad\ConsultaA_Recurso_Salud_2017_v1.csv,4363
00008671,2017,11,LIMA,LIMA,COMAS,ESSALUD,II-1,105,132,0,116,data\raw\Capacidad\ConsultaA_Recurso_Salud_2017_v1.csv,4364
00008671,2017,10,LIMA,LIMA,COMAS,ESSALUD,II-1,105,132,0,116,data\raw\Capacidad\ConsultaA_Recurso_Salud_2017_v1.csv,4365
00008671,2017,9,LIMA,LIMA,COMAS,ESSALUD,II-1,106,132,0,116,data\raw\Capacidad\ConsultaA_Recurso_Salud_2017_v1.csv,4366
00008671,2017,8,LIMA,LIMA,COMAS,ESSALUD,II-1,106,132,0,116,data\raw\Capacidad\ConsultaA_Recurso_Salud_2017_v1.csv,4367
00008671,2017,7,LIMA,LIMA,COMAS,ESSALUD,II-1,106,132,0,116,data\raw\Capacidad\ConsultaA_Recurso_Salud_2017_v1.csv,4368
00008671,2017,6,LIMA,LIMA,COMAS,ESSALUD,II-1,106,135,0,116,data\raw\Capacidad\ConsultaA_Recurso_Salud_2017_v1.csv,4369
00008671,2017,5,LIMA,LIMA,COMAS,ESSALUD,II-1,105,135,0,116,data\raw\Capacidad\ConsultaA_Recurso_Salud_2017_v1.csv,4370
00008671,2017,4,LIMA,LIMA,COMAS,ESSALUD,II-1,105,135,0,115,data\raw\Capacidad\ConsultaA_Recurso_Salud_2017_v1.csv,4371
00008671,2017,1,LIMA,LIMA,COMAS,ESSALUD,II-1,102,135,0,111,data\raw\Capacidad\ConsultaA_Recurso_Salud_2017_v1.csv,4372
00008671,2017,2,LIMA,LIMA,COMAS,ESSALUD,II-1,105,135,0,115,data\raw\Capacidad\ConsultaA_Recurso_Salud_2017_v1.csv,4373
00009188,2017,11,LIMA,LIMA,LIMA,ESSALUD,II-1,49,89,4,56,data\raw\Capacidad\ConsultaA_Recurso_Salud_2017_v1.csv,4449
00009188,2017,10,LIMA,LIMA,LIMA,ESSALUD,II-1,49,89,4,56,data\raw\Capacidad\ConsultaA_Recurso_Salud_2017_v1.csv,4450
00009188,2017,12,LIMA,LIMA,LIMA,ESSALUD,II-1,49,89,4,56,data\raw\Capacidad\ConsultaA_Recurso_Salud_2017_v1.csv,4451
00009188,2017,8,LIMA,LIMA,LIMA,ESSALUD,II-1,49,89,4,56,data\raw\Capacidad\ConsultaA_Recurso_Salud_2017_v1.csv,4452
00009188,2017,9,LIMA,LIMA,LIMA,ESSALUD,II-1,49,89,4,56,data\raw\Capacidad\ConsultaA_Recurso_Salud_2017_v1.csv,4453
00009188,2017,7,LIMA,LIMA,LIMA,ESSALUD,II-1,49,89,4,56,data\raw\Capacidad\ConsultaA_Recurso_Salud_2017_v1.csv,4454
00009188,2017,5,LIMA,LIMA,LIMA,ESSALUD,II-1,49,89,4,56,data\raw\Capacidad\ConsultaA_Recurso_Salud_2017_v1.csv,4455
00009188,2017,6,LIMA,LIMA,LIMA,ESSALUD,II-1,49,89,4,56,data\raw\Capacidad\ConsultaA_Recurso_Salud_2017_v1.csv,4456
00009188,2017,4,LIMA,LIMA,LIMA,ESSALUD,II-1,49,89,4,56,data\raw\Capacidad\ConsultaA_Recurso_Salud_2017_v1.csv,4457
00009188,2017,3,LIMA,LIMA,LIMA,ESSALUD,II-1,49,89,4,56,data\raw\Capacidad\ConsultaA_Recurso_Salud_2017_v1.csv,4458
00009188,2017,1,LIMA,LIMA,LIMA,ESSALUD,II-1,49,89,4,56,data\raw\Capacidad\ConsultaA_Recurso_Salud_2017_v1.csv,4459
00009188,2017,2,LIMA,LIMA,LIMA,ESSALUD,II-1,49,89,4,56,data\raw\Capacidad\ConsultaA_Recurso_Salud_2017_v1.csv,4460
00010098,2017,12,LIMA,LIMA,CHORRILLOS,SANIDAD DEL EJERCITO DEL PERU,II-E,20,41,0,57,data\raw\Capacidad\ConsultaA_Recurso_Salud_2017_v1.csv,4978
00010098,2017,11,LIMA,LIMA,CHORRILLOS,SANIDAD DEL EJERCITO DEL PERU,II-E,20,38,0,57,data\raw\Capacidad\ConsultaA_Recurso_Salud_2017_v1.csv,4979
00010098,2017,10,LIMA,LIMA,CHORRILLOS,SANIDAD DEL EJERCITO DEL PERU,II-E,20,38,0,59,data\raw\Capacidad\ConsultaA_Recurso_Salud_2017_v1.csv,4980
00010098,2017,8,LIMA,LIMA,CHORRILLOS,SANIDAD DEL EJERCITO DEL PERU,II-E,20,37,0,60,data\raw\Capacidad\ConsultaA_Recurso_Salud_2017_v1.csv,4981
00010098,2017,9,LIMA,LIMA,CHORRILLOS,SANIDAD DEL EJERCITO DEL PERU,II-E,20,38,0,60,data\raw\Capacidad\ConsultaA_Recurso_Salud_2017_v1.csv,4982
00010098,2017,7,LIMA,LIMA,CHORRILLOS,SANIDAD DEL EJERCITO DEL PERU,II-E,20,34,0,57,data\raw\Capacidad\ConsultaA_Recurso_Salud_2017_v1.csv,4983
00010098,2017,6,LIMA,LIMA,CHORRILLOS,SANIDAD DEL EJERCITO DEL PERU,II-E,20,35,0,60,data\raw\Capacidad\ConsultaA_Recurso_Salud_2017_v1.csv,4984
00010098,2017,5,LIMA,LIMA,CHORRILLOS,SANIDAD DEL EJERCITO DEL PERU,II-E,20,38,0,57,data\raw\Capacidad\ConsultaA_Recurso_Salud_2017_v1.csv,4985
00010098,2017,4,LIMA,LIMA,CHORRILLOS,SANIDAD DEL EJERCITO DEL PERU,II-E,20,40,0,57,data\raw\Capacidad\ConsultaA_Recurso_Salud_2017_v1.csv,4986
00010098,2017,3,LIMA,LIMA,CHORRILLOS,SANIDAD DEL EJERCITO DEL PERU,II-E,20,35,0,56,data\raw\Capacidad\ConsultaA_Recurso_Salud_2017_v1.csv,4987
00010098,2017,2,LIMA,LIMA,CHORRILLOS,SANIDAD DEL EJERCITO DEL PERU,II-E,20,37,0,58,data\raw\Capacidad\ConsultaA_Recurso_Salud_2017_v1.csv,4988
00010098,2017,1,LIMA,LIMA,CHORRILLOS,SANIDAD DEL EJERCITO DEL PERU,II-E,20,38,0,58,data\raw\Capacidad\ConsultaA_Recurso_Salud_2017_v1.csv,4989
00010135,2017,11,LIMA,LIMA,LA MOLINA,ESSALUD,II-1,50,107,7,67,data\raw\Capacidad\ConsultaA_Recurso_Salud_2017_v1.csv,5198
00010135,2017,12,LIMA,LIMA,LA MOLINA,ESSALUD,II-1,50,108,7,66,data\raw\Capacidad\ConsultaA_Recurso_Salud_2017_v1.csv,5199
00010135,2017,10,LIMA,LIMA,LA MOLINA,ESSALUD,II-1,50,105,7,62,data\raw\Capacidad\ConsultaA_Recurso_Salud_2017_v1.csv,5200
00010135,2017,8,LIMA,LIMA,LA MOLINA,ESSALUD,II-1,50,105,7,63,data\raw\Capacidad\ConsultaA_Recurso_Salud_2017_v1.csv,5201
00010135,2017,9,LIMA,LIMA,LA MOLINA,ESSALUD,II-1,50,105,7,62,data\raw\Capacidad\ConsultaA_Recurso_Salud_2017_v1.csv,5202
00010135,2017,7,LIMA,LIMA,LA MOLINA,ESSALUD,II-1,50,109,6,67,data\raw\Capacidad\ConsultaA_Recurso_Salud_2017_v1.csv,5203
00010135,2017,5,LIMA,LIMA,LA MOLINA,ESSALUD,II-1,50,107,4,66,data\raw\Capacidad\ConsultaA_Recurso_Salud_2017_v1.csv,5204
00010135,2017,6,LIMA,LIMA,LA MOLINA,ESSALUD,II-1,50,105,5,67,data\raw\Capacidad\ConsultaA_Recurso_Salud_2017_v1.csv,5205
00010135,2017,4,LIMA,LIMA,LA MOLINA,ESSALUD,II-1,50,107,4,64,data\raw\Capacidad\ConsultaA_Recurso_Salud_2017_v1.csv,5206
00010135,2017,3,LIMA,LIMA,LA MOLINA,ESSALUD,II-1,50,107,5,67,data\raw\Capacidad\ConsultaA_Recurso_Salud_2017_v1.csv,5207
00010135,2017,1,LIMA,LIMA,LA MOLINA,ESSALUD,II-1,50,108,2,64,data\raw\Capacidad\ConsultaA_Recurso_Salud_2017_v1.csv,5208
00010135,2017,2,LIMA,LIMA,LA MOLINA,ESSALUD,II-1,50,99,4,62,data\raw\Capacidad\ConsultaA_Recurso_Salud_2017_v1.csv,5209
00010751,2017,12,LIMA,LIMA,MIRAFLORES,SANIDAD DE LA FUERZA AEREA DEL PERU,III-1,283,289,23,243,data\raw\Capacidad\ConsultaA_Recurso_Salud_2017_v1.csv,5248
00010751,2017,10,LIMA,LIMA,MIRAFLORES,SANIDAD DE LA FUERZA AEREA DEL PERU,III-1,283,289,23,243,data\raw\Capacidad\ConsultaA_Recurso_Salud_2017_v1.csv,5249
00010751,2017,11,LIMA,LIMA,MIRAFLORES,SANIDAD DE LA FUERZA AEREA DEL PERU,III-1,283,289,23,243,data\raw\Capacidad\ConsultaA_Recurso_Salud_2017_v1.csv,5250
00010751,2017,9,LIMA,LIMA,MIRAFLORES,SANIDAD DE LA FUERZA AEREA DEL PERU,III-1,283,289,23,243,data\raw\Capacidad\ConsultaA_Recurso_Salud_2017_v1.csv,5251
00010751,2017,8,LIMA,LIMA,MIRAFLORES,SANIDAD DE LA FUERZA AEREA DEL PERU,III-1,283,289,23,243,data\raw\Capacidad\ConsultaA_Recurso_Salud_2017_v1.csv,5252
00010751,2017,6,LIMA,LIMA,MIRAFLORES,SANIDAD DE LA FUERZA AEREA DEL PERU,III-1,283,273,18,234,data\raw\Capacidad\ConsultaA_Recurso_Salud_2017_v1.csv,5253
00010751,2017,7,LIMA,LIMA,MIRAFLORES,SANIDAD DE LA FUERZA AEREA DEL PERU,III-1,283,289,23,243,data\raw\Capacidad\ConsultaA_Recurso_Salud_2017_v1.csv,5254
00010751,2017,5,LIMA,LIMA,MIRAFLORES,SANIDAD DE LA FUERZA AEREA DEL PERU,III-1,283,273,18,234,data\raw\Capacidad\ConsultaA_Recurso_Salud_2017_v1.csv,5255
00010751,2017,4,LIMA,LIMA,MIRAFLORES,SANIDAD DE LA FUERZA AEREA DEL PERU,III-1,283,273,18,234,data\raw\Capacidad\ConsultaA_Recurso_Salud_2017_v1.csv,5256
00010751,2017,3,LIMA,LIMA,MIRAFLORES,SANIDAD DE LA FUERZA AEREA DEL PERU,III-1,283,276,18,234,data\raw\Capacidad\ConsultaA_Recurso_Salud_2017_v1.csv,5257
00010751,2017,2,LIMA,LIMA,MIRAFLORES,SANIDAD DE LA FUERZA AEREA DEL PERU,III-1,283,273,18,234,data\raw\Capacidad\ConsultaA_Recurso_Salud_2017_v1.csv,5258
00010751,2017,1,LIMA,LIMA,MIRAFLORES,SANIDAD DE LA FUERZA AEREA DEL PERU,III-1,283,273,18,234,data\raw\Capacidad\ConsultaA_Recurso_Salud_2017_v1.csv,5259
00010434,2017,10,LIMA,LIMA,SANTA ANITA,ESSALUD,II-E,164,37,15,77,data\raw\Capacidad\ConsultaA_Recurso_Salud_2017_v1.csv,5902
00010434,2017,11,LIMA,LIMA,SANTA ANITA,ESSALUD,II-E,164,37,15,77,data\raw\Capacidad\ConsultaA_Recurso_Salud_2017_v1.csv,5903
00010434,2017,12,LIMA,LIMA,SANTA ANITA,ESSALUD,II-E,164,37,15,77,data\raw\Capacidad\ConsultaA_Recurso_Salud_2017_v1.csv,5904
00010434,2017,6,LIMA,LIMA,SANTA ANITA,ESSALUD,II-E,148,36,15,78,data\raw\Capacidad\ConsultaA_Recurso_Salud_2017_v1.csv,5905
00010434,2017,5,LIMA,LIMA,SANTA ANITA,ESSALUD,II-E,164,36,15,78,data\raw\Capacidad\ConsultaA_Recurso_Salud_2017_v1.csv,5906
00010434,2017,3,LIMA,LIMA,SANTA ANITA,ESSALUD,II-E,164,37,15,78,data\raw\Capacidad\ConsultaA_Recurso_Salud_2017_v1.csv,5907
00010434,2017,9,LIMA,LIMA,SANTA ANITA,ESSALUD,II-E,164,37,15,77,data\raw\Capacidad\ConsultaA_Recurso_Salud_2017_v1.csv,5908
00010434,2017,8,LIMA,LIMA,SANTA ANITA,ESSALUD,II-E,164,37,15,77,data\raw\Capacidad\ConsultaA_Recurso_Salud_2017_v1.csv,5909
00010434,2017,7,LIMA,LIMA,SANTA ANITA,ESSALUD,II-E,164,37,15,77,data\raw\Capacidad\ConsultaA_Recurso_Salud_2017_v1.csv,5910
00010434,2017,1,LIMA,LIMA,SANTA ANITA,ESSALUD,II-E,148,37,15,78,data\raw\Capacidad\ConsultaA_Recurso_Salud_2017_v1.csv,5911
00010434,2017,2,LIMA,LIMA,SANTA ANITA,ESSALUD,II-E,148,37,15,78,data\raw\Capacidad\ConsultaA_Recurso_Salud_2017_v1.csv,5912
00010434,2017,4,LIMA,LIMA,SANTA ANITA,ESSALUD,II-E,164,36,15,78,data\raw\Capacidad\ConsultaA_Recurso_Salud_2017_v1.csv,5913
00012923,2017,12,LIMA,LIMA,PUENTE PIEDRA,SANIDAD DE LA POLICIA NACIONAL DEL PERU,I-2,0,4,0,6,data\raw\Capacidad\ConsultaA_Recurso_Salud_2017_v1.csv,6536
00012923,2017,10,LIMA,LIMA,PUENTE PIEDRA,SANIDAD DE LA POLICIA NACIONAL DEL PERU,I-2,0,3,0,7,data\raw\Capacidad\ConsultaA_Recurso_Salud_2017_v1.csv,6537
00012923,2017,9,LIMA,LIMA,PUENTE PIEDRA,SANIDAD DE LA POLICIA NACIONAL DEL PERU,I-2,0,3,0,7,data\raw\Capacidad\ConsultaA_Recurso_Salud_2017_v1.csv,6538
00012923,2017,8,LIMA,LIMA,PUENTE PIEDRA,SANIDAD DE LA POLICIA NACIONAL DEL PERU,I-2,0,3,0,7,data\raw\Capacidad\ConsultaA_Recurso_Salud_2017_v1.csv,6539
00012923,2017,7,LIMA,LIMA,PUENTE PIEDRA,SANIDAD DE LA POLICIA NACIONAL DEL PERU,I-2,0,4,0,7,data\raw\Capacidad\ConsultaA_Recurso_Salud_2017_v1.csv,6540
00012923,2017,6,LIMA,LIMA,PUENTE PIEDRA,SANIDAD DE LA POLICIA NACIONAL DEL PERU,I-2,0,6,0,7,data\raw\Capacidad\ConsultaA_Recurso_Salud_2017_v1.csv,6541
00012923,2017,5,LIMA,LIMA,PUENTE PIEDRA,SANIDAD DE LA POLICIA NACIONAL DEL PERU,I-2,0,9,0,6,data\raw\Capacidad\ConsultaA_Recurso_Salud_2017_v1.csv,6542
00012923,2017,4,LIMA,LIMA,PUENTE PIEDRA,SANIDAD DE LA POLICIA NACIONAL DEL PERU,I-2,0,6,0,6,data\raw\Capacidad\ConsultaA_Recurso_Salud_2017_v1.csv,6543
00012923,2017,3,LIMA,LIMA,PUENTE PIEDRA,SANIDAD DE LA POLICIA NACIONAL DEL PERU,I-2,0,6,0,6,data\raw\Capacidad\ConsultaA_Recurso_Salud_2017_v1.csv,6544
00012923,2017,2,LIMA,LIMA,PUENTE PIEDRA,SANIDAD DE LA POLICIA NACIONAL DEL PERU,I-2,0,7,0,5,data\raw\Capacidad\ConsultaA_Recurso_Salud_2017_v1.csv,6545
00012923,2017,1,LIMA,LIMA,PUENTE PIEDRA,SANIDAD DE LA POLICIA NACIONAL DEL PERU,I-2,0,4,0,5,data\raw\Capacidad\ConsultaA_Recurso_Salud_2017_v1.csv,6546
00012923,2017,11,LIMA,LIMA,PUENTE PIEDRA,SANIDAD DE LA POLICIA NACIONAL DEL PERU,I-2,0,4,0,6,data\raw\Capacidad\ConsultaA_Recurso_Salud_2017_v1.csv,6547
00016094,2017,11,LIMA,LIMA,RIMAC,SANIDAD DE LA POLICIA NACIONAL DEL PERU,0,83,28,0,5,data\raw\Capacidad\ConsultaA_Recurso_Salud_2017_v1.csv,7140
00016094,2017,10,LIMA,LIMA,RIMAC,SANIDAD DE LA POLICIA NACIONAL DEL PERU,0,83,35,0,40,data\raw\Capacidad\ConsultaA_Recurso_Salud_2017_v1.csv,7141
00016094,2017,12,LIMA,LIMA,RIMAC,SANIDAD DE LA POLICIA NACIONAL DEL PERU,0,83,28,0,39,data\raw\Capacidad\ConsultaA_Recurso_Salud_2017_v1.csv,7142
00016094,2017,9,LIMA,LIMA,RIMAC,SANIDAD DE LA POLICIA NACIONAL DEL PERU,0,83,34,0,39,data\raw\Capacidad\ConsultaA_Recurso_Salud_2017_v1.csv,7143
00016094,2017,8,LIMA,LIMA,RIMAC,SANIDAD DE LA POLICIA NACIONAL DEL PERU,0,83,31,0,33,data\raw\Capacidad\ConsultaA_Recurso_Salud_2017_v1.csv,7144
00016094,2017,7,LIMA,LIMA,RIMAC,SANIDAD DE LA POLICIA NACIONAL DEL PERU,0,83,39,0,39,data\raw\Capacidad\ConsultaA_Recurso_Salud_2017_v1.csv,7145
00016094,2017,6,LIMA,LIMA,RIMAC,SANIDAD DE LA POLICIA NACIONAL DEL PERU,0,83,27,0,38,data\raw\Capacidad\ConsultaA_Recurso_Salud_2017_v1.csv,7146
00016094,2017,4,LIMA,LIMA,RIMAC,SANIDAD DE LA POLICIA NACIONAL DEL PERU,0,83,39,0,43,data\raw\Capacidad\ConsultaA_Recurso_Salud_2017_v1.csv,7147
00016094,2017,5,LIMA,LIMA,RIMAC,SANIDAD DE LA POLICIA NACIONAL DEL PERU,0,83,40,0,46,data\raw\Capacidad\ConsultaA_Recurso_Salud_2017_v1.csv,7148
00016094,2017,3,LIMA,LIMA,RIMAC,SANIDAD DE LA POLICIA NACIONAL DEL PERU,0,83,33,0,41,data\raw\Capacidad\ConsultaA_Recurso_Salud_2017_v1.csv,7149
00016094,2017,1,LIMA,LIMA,RIMAC,SANIDAD DE LA POLICIA NACIONAL DEL PERU,0,83,38,0,44,data\raw\Capacidad\ConsultaA_Recurso_Salud_2017_v1.csv,7150
00016094,2017,2,LIMA,LIMA,RIMAC,SANIDAD DE LA POLICIA NACIONAL DEL PERU,0,83,38,0,44,data\raw\Capacidad\ConsultaA_Recurso_Salud_2017_v1.csv,7151
00014718,2017,11,LIMA,LIMA,SAN MIGUEL,SANIDAD DE LA POLICIA NACIONAL DEL PERU,II-E,46,23,2,31,data\raw\Capacidad\ConsultaA_Recurso_Salud_2017_v1.csv,7508
00014718,2017,10,LIMA,LIMA,SAN MIGUEL,SANIDAD DE LA POLICIA NACIONAL DEL PERU,II-E,40,25,0,32,data\raw\Capacidad\ConsultaA_Recurso_Salud_2017_v1.csv,7509
00014718,2017,12,LIMA,LIMA,SAN MIGUEL,SANIDAD DE LA POLICIA NACIONAL DEL PERU,II-E,35,23,1,31,data\raw\Capacidad\ConsultaA_Recurso_Salud_2017_v1.csv,7510
00014718,2017,9,LIMA,LIMA,SAN MIGUEL,SANIDAD DE LA POLICIA NACIONAL DEL PERU,II-E,39,20,2,31,data\raw\Capacidad\ConsultaA_Recurso_Salud_2017_v1.csv,7511
00014718,2017,8,LIMA,LIMA,SAN MIGUEL,SANIDAD DE LA POLICIA NACIONAL DEL PERU,II-E,40,19,4,30,data\raw\Capacidad\ConsultaA_Recurso_Salud_2017_v1.csv,7512
00014718,2017,7,LIMA,LIMA,SAN MIGUEL,SANIDAD DE LA POLICIA NACIONAL DEL PERU,II-E,40,24,2,31,data\raw\Capacidad\ConsultaA_Recurso_Salud_2017_v1.csv,7513
00014718,2017,6,LIMA,LIMA,SAN MIGUEL,SANIDAD DE LA POLICIA NACIONAL DEL PERU,II-E,40,21,0,32,data\raw\Capacidad\ConsultaA_Recurso_Salud_2017_v1.csv,7514
00014718,2017,5,LIMA,LIMA,SAN MIGUEL,SANIDAD DE LA POLICIA NACIONAL DEL PERU,II-E,40,23,0,32,data\raw\Capacidad\ConsultaA_Recurso_Salud_2017_v1.csv,7515
00014718,2017,3,LIMA,LIMA,SAN MIGUEL,SANIDAD DE LA POLICIA NACIONAL DEL PERU,II-E,43,22,0,29,data\raw\Capacidad\ConsultaA_Recurso_Salud_2017_v1.csv,7516
00014718,2017,4,LIMA,LIMA,SAN MIGUEL,SANIDAD DE LA POLICIA NACIONAL DEL PERU,II-E,43,22,0,31,data\raw\Capacidad\ConsultaA_Recurso_Salud_2017_v1.csv,7517
00014718,2017,1,LIMA,LIMA,SAN MIGUEL,SANIDAD DE LA POLICIA NACIONAL DEL PERU,II-E,43,23,1,30,data\raw\Capacidad\ConsultaA_Recurso_Salud_2017_v1.csv,7518
00014718,2017,2,LIMA,LIMA,SAN MIGUEL,SANIDAD DE LA POLICIA NACIONAL DEL PERU,II-E,43,24,1,30,data\raw\Capacidad\ConsultaA_Recurso_Salud_2017_v1.csv,7519
00018580,2017,12,LIMA,LIMA,VILLA MARIA DEL TRIUNFO,ESSALUD,II-2,199,381,0,364,data\raw\Capacidad\ConsultaA_Recurso_Salud_2017_v1.csv,7593
00018580,2017,10,LIMA,LIMA,VILLA MARIA DEL TRIUNFO,ESSALUD,II-2,199,381,0,364,data\raw\Capacidad\ConsultaA_Recurso_Salud_2017_v1.csv,7594
00018580,2017,11,LIMA,LIMA,VILLA MARIA DEL TRIUNFO,ESSALUD,II-2,199,381,0,364,data\raw\Capacidad\ConsultaA_Recurso_Salud_2017_v1.csv,7595
00018580,2017,9,LIMA,LIMA,VILLA MARIA DEL TRIUNFO,ESSALUD,II-2,199,385,0,362,data\raw\Capacidad\ConsultaA_Recurso_Salud_2017_v1.csv,7596
00018580,2017,8,LIMA,LIMA,VILLA MARIA DEL TRIUNFO,ESSALUD,II-2,199,426,0,378,data\raw\Capacidad\ConsultaA_Recurso_Salud_2017_v1.csv,7597
00018580,2017,6,LIMA,LIMA,VILLA MARIA DEL TRIUNFO,ESSALUD,II-2,199,381,0,366,data\raw\Capacidad\ConsultaA_Recurso_Salud_2017_v1.csv,7598
00018580,2017,7,LIMA,LIMA,VILLA MARIA DEL TRIUNFO,ESSALUD,II-2,199,385,0,365,data\raw\Capacidad\ConsultaA_Recurso_Salud_2017_v1.csv,7599
00018580,2017,5,LIMA,LIMA,VILLA MARIA DEL TRIUNFO,ESSALUD,II-2,199,381,0,364,data\raw\Capacidad\ConsultaA_Recurso_Salud_2017_v1.csv,7600
00018580,2017,4,LIMA,LIMA,VILLA MARIA DEL TRIUNFO,ESSALUD,II-2,199,372,0,358,data\raw\Capacidad\ConsultaA_Recurso_Salud_2017_v1.csv,7601
00018580,2017,3,LIMA,LIMA,VILLA MARIA DEL TRIUNFO,ESSALUD,II-2,199,371,0,359,data\raw\Capacidad\ConsultaA_Recurso_Salud_2017_v1.csv,7602
00018580,2017,2,LIMA,LIMA,VILLA MARIA DEL TRIUNFO,ESSALUD,II-2,199,378,0,361,data\raw\Capacidad\ConsultaA_Recurso_Salud_2017_v1.csv,7603
00018580,2017,1,LIMA,LIMA,VILLA MARIA DEL TRIUNFO,ESSALUD,II-2,199,378,0,361,data\raw\Capacidad\ConsultaA_Recurso_Salud_2017_v1.csv,7604
00017024,2017,11,LIMA,LIMA,JESUS MARIA,SANIDAD DEL EJERCITO DEL PERU,III-1,691,265,97,512,data\raw\Capacidad\ConsultaA_Recurso_Salud_2017_v1.csv,7883
00017024,2017,12,LIMA,LIMA,JESUS MARIA,SANIDAD DEL EJERCITO DEL PERU,III-1,691,265,97,512,data\raw\Capacidad\ConsultaA_Recurso_Salud_2017_v1.csv,7884
00017024,2017,10,LIMA,LIMA,JESUS MARIA,SANIDAD DEL EJERCITO DEL PERU,III-1,691,265,106,512,data\raw\Capacidad\ConsultaA_Recurso_Salud_2017_v1.csv,7885
00017024,2017,9,LIMA,LIMA,JESUS MARIA,SANIDAD DEL EJERCITO DEL PERU,III-1,691,265,97,512,data\raw\Capacidad\ConsultaA_Recurso_Salud_2017_v1.csv,7886
00017024,2017,8,LIMA,LIMA,JESUS MARIA,SANIDAD DEL EJERCITO DEL PERU,III-1,691,265,106,512,data\raw\Capacidad\ConsultaA_Recurso_Salud_2017_v1.csv,7887
00017024,2017,7,LIMA,LIMA,JESUS MARIA,SANIDAD DEL EJERCITO DEL PERU,III-1,691,265,106,512,data\raw\Capacidad\ConsultaA_Recurso_Salud_2017_v1.csv,7888
00017024,2017,6,LIMA,LIMA,JESUS MARIA,SANIDAD DEL EJERCITO DEL PERU,III-1,691,265,106,512,data\raw\Capacidad\ConsultaA_Recurso_Salud_2017_v1.csv,7889
00017024,2017,5,LIMA,LIMA,JESUS MARIA,SANIDAD DEL EJERCITO DEL PERU,III-1,691,261,22,507,data\raw\Capacidad\ConsultaA_Recurso_Salud_2017_v1.csv,7890
00017024,2017,4,LIMA,LIMA,JESUS MARIA,SANIDAD DEL EJERCITO DEL PERU,III-1,691,261,22,507,data\raw\Capacidad\ConsultaA_Recurso_Salud_2017_v1.csv,7891
00017024,2017,3,LIMA,LIMA,JESUS MARIA,SANIDAD DEL EJERCITO DEL PERU,III-1,691,261,22,507,data\raw\Capacidad\ConsultaA_Recurso_Salud_2017_v1.csv,7892
00017024,2017,1,LIMA,LIMA,JESUS MARIA,SANIDAD DEL EJERCITO DEL PERU,III-1,691,261,22,507,data\raw\Capacidad\ConsultaA_Recurso_Salud_2017_v1.csv,7893
00017024,2017,2,LIMA,LIMA,JESUS MARIA,SANIDAD DEL EJERCITO DEL PERU,III-1,691,261,22,507,data\raw\Capacidad\ConsultaA_Recurso_Salud_2017_v1.csv,7894
00023159,2017,11,LIMA,LIMA,VILLA EL SALVADOR,MINSA,II-E,122,142,0,189,data\raw\Capacidad\ConsultaA_Recurso_Salud_2017_v1.csv,8093
00023159,2017,10,LIMA,LIMA,VILLA EL SALVADOR,MINSA,II-E,112,138,0,174,data\raw\Capacidad\ConsultaA_Recurso_Salud_2017_v1.csv,8094
00023159,2017,8,LIMA,LIMA,VILLA EL SALVADOR,MINSA,II-E,112,124,0,164,data\raw\Capacidad\ConsultaA_Recurso_Salud_2017_v1.csv,8095
00023159,2017,7,LIMA,LIMA,VILLA EL SALVADOR,MINSA,II-E,88,123,0,163,data\raw\Capacidad\ConsultaA_Recurso_Salud_2017_v1.csv,8096
00023159,2017,9,LIMA,LIMA,VILLA EL SALVADOR,MINSA,II-E,112,128,0,164,data\raw\Capacidad\ConsultaA_Recurso_Salud_2017_v1.csv,8097
00023159,2017,6,LIMA,LIMA,VILLA EL SALVADOR,MINSA,II-E,88,122,0,157,data\raw\Capacidad\ConsultaA_Recurso_Salud_2017_v1.csv,8098
00023159,2017,5,LIMA,LIMA,VILLA EL SALVADOR,MINSA,II-E,79,120,0,165,data\raw\Capacidad\ConsultaA_Recurso_Salud_2017_v1.csv,8099
00023159,2017,12,LIMA,LIMA,VILLA EL SALVADOR,MINSA,II-E,122,144,0,148,data\raw\Capacidad\ConsultaA_Recurso_Salud_2017_v1.csv,8100
00016918,2017,11,LIMA,LIMA,SAN BORJA,MINSA,III-2,196,336,46,474,data\raw\Capacidad\ConsultaA_Recurso_Salud_2017_v1.csv,8444
00016918,2017,12,LIMA,LIMA,SAN BORJA,MINSA,III-2,222,333,49,474,data\raw\Capacidad\ConsultaA_Recurso_Salud_2017_v1.csv,8445
00016918,2017,10,LIMA,LIMA,SAN BORJA,MINSA,III-2,189,336,46,474,data\raw\Capacidad\ConsultaA_Recurso_Salud_2017_v1.csv,8446
00016918,2017,9,LIMA,LIMA,SAN BORJA,MINSA,III-2,189,336,46,474,data\raw\Capacidad\ConsultaA_Recurso_Salud_2017_v1.csv,8447
00016918,2017,8,LIMA,LIMA,SAN BORJA,MINSA,III-2,189,323,36,474,data\raw\Capacidad\ConsultaA_Recurso_Salud_2017_v1.csv,8448
00016918,2017,7,LIMA,LIMA,SAN BORJA,MINSA,III-2,189,311,36,474,data\raw\Capacidad\ConsultaA_Recurso_Salud_2017_v1.csv,8449
00016918,2017,6,LIMA,LIMA,SAN BORJA,MINSA,III-2,189,315,30,474,data\raw\Capacidad\ConsultaA_Recurso_Salud_2017_v1.csv,8450
00016918,2017,5,LIMA,LIMA,SAN BORJA,MINSA,III-2,189,312,30,474,data\raw\Capacidad\ConsultaA_Recurso_Salud_2017_v1.csv,8451
00016918,2017,4,LIMA,LIMA,SAN BORJA,MINSA,III-2,154,328,27,474,data\raw\Capacidad\ConsultaA_Recurso_Salud_2017_v1.csv,8452
00016918,2017,3,LIMA,LIMA,SAN BORJA,MINSA,III-2,253,309,26,474,data\raw\Capacidad\ConsultaA_Recurso_Salud_2017_v1.csv,8453
00016918,2017,1,LIMA,LIMA,SAN BORJA,MINSA,III-2,253,284,23,474,data\raw\Capacidad\ConsultaA_Recurso_Salud_2017_v1.csv,8454
00016918,2017,2,LIMA,LIMA,SAN BORJA,MINSA,III-2,253,292,25,474,data\raw\Capacidad\ConsultaA_Recurso_Salud_2017_v1.csv,8455
00018011,2017,11,LIMA,LIMA,JESUS MARIA,ESSALUD,III-E,107,134,44,221,data\raw\Capacidad\ConsultaA_Recurso_Salud_2017_v1.csv,8526
00018011,2017,10,LIMA,LIMA,JESUS MARIA,ESSALUD,III-E,110,136,44,220,data\raw\Capacidad\ConsultaA_Recurso_Salud_2017_v1.csv,8527
00018011,2017,12,LIMA,LIMA,JESUS MARIA,ESSALUD,III-E,105,138,44,223,data\raw\Capacidad\ConsultaA_Recurso_Salud_2017_v1.csv,8528
00018011,2017,9,LIMA,LIMA,JESUS MARIA,ESSALUD,III-E,109,136,44,221,data\raw\Capacidad\ConsultaA_Recurso_Salud_2017_v1.csv,8529
00018011,2017,8,LIMA,LIMA,JESUS MARIA,ESSALUD,III-E,96,122,44,206,data\raw\Capacidad\ConsultaA_Recurso_Salud_2017_v1.csv,8530
00018011,2017,7,LIMA,LIMA,JESUS MARIA,ESSALUD,III-E,96,122,28,206,data\raw\Capacidad\ConsultaA_Recurso_Salud_2017_v1.csv,8531
00018011,2017,6,LIMA,LIMA,JESUS MARIA,ESSALUD,III-E,96,124,43,206,data\raw\Capacidad\ConsultaA_Recurso_Salud_2017_v1.csv,8532
00018011,2017,5,LIMA,LIMA,JESUS MARIA,ESSALUD,III-E,96,120,43,205,data\raw\Capacidad\ConsultaA_Recurso_Salud_2017_v1.csv,8533
00018011,2017,4,LIMA,LIMA,JESUS MARIA,ESSALUD,III-E,98,121,43,205,data\raw\Capacidad\ConsultaA_Recurso_Salud_2017_v1.csv,8534
00018011,2017,3,LIMA,LIMA,JESUS MARIA,ESSALUD,III-E,97,123,43,204,data\raw\Capacidad\ConsultaA_Recurso_Salud_2017_v1.csv,8535
00018011,2017,1,LIMA,LIMA,JESUS MARIA,ESSALUD,III-E,96,125,43,205,data\raw\Capacidad\ConsultaA_Recurso_Salud_2017_v1.csv,8536
00018011,2017,2,LIMA,LIMA,JESUS MARIA,ESSALUD,III-E,100,124,43,205,data\raw\Capacidad\ConsultaA_Recurso_Salud_2017_v1.csv,8537
00008317,2017,12,LIMA,LIMA,SAN JUAN DE LURIGANCHO,ESSALUD,II-1,54,105,12,74,data\raw\Capacidad\ConsultaA_Recurso_Salud_2017_v1.csv,8593
00008317,2017,11,LIMA,LIMA,SAN JUAN DE LURIGANCHO,ESSALUD,II-1,54,113,12,74,data\raw\Capacidad\ConsultaA_Recurso_Salud_2017_v1.csv,8594
00008317,2017,10,LIMA,LIMA,SAN JUAN DE LURIGANCHO,ESSALUD,II-1,54,104,12,74,data\raw\Capacidad\ConsultaA_Recurso_Salud_2017_v1.csv,8595
00008317,2017,9,LIMA,LIMA,SAN JUAN DE LURIGANCHO,ESSALUD,II-1,54,104,12,74,data\raw\Capacidad\ConsultaA_Recurso_Salud_2017_v1.csv,8596
00008317,2017,8,LIMA,LIMA,SAN JUAN DE LURIGANCHO,ESSALUD,II-1,54,102,12,74,data\raw\Capacidad\ConsultaA_Recurso_Salud_2017_v1.csv,8597
00008317,2017,6,LIMA,LIMA,SAN JUAN DE LURIGANCHO,ESSALUD,II-1,54,94,12,75,data\raw\Capacidad\ConsultaA_Recurso_Salud_2017_v1.csv,8598
00008317,2017,7,LIMA,LIMA,SAN JUAN DE LURIGANCHO,ESSALUD,II-1,54,99,10,75,data\raw\Capacidad\ConsultaA_Recurso_Salud_2017_v1.csv,8599
00008317,2017,5,LIMA,LIMA,SAN JUAN DE LURIGANCHO,ESSALUD,II-1,54,94,12,75,data\raw\Capacidad\ConsultaA_Recurso_Salud_2017_v1.csv,8600
00008317,2017,4,LIMA,LIMA,SAN JUAN DE LURIGANCHO,ESSALUD,II-1,54,96,12,75,data\raw\Capacidad\ConsultaA_Recurso_Salud_2017_v1.csv,8601
00008317,2017,3,LIMA,LIMA,SAN JUAN DE LURIGANCHO,ESSALUD,II-1,54,100,12,75,data\raw\Capacidad\ConsultaA_Recurso_Salud_2017_v1.csv,8602
00008317,2017,2,LIMA,LIMA,SAN JUAN DE LURIGANCHO,ESSALUD,II-1,54,95,12,75,data\raw\Capacidad\ConsultaA_Recurso_Salud_2017_v1.csv,8603
00008317,2017,1,LIMA,LIMA,SAN JUAN DE LURIGANCHO,ESSALUD,II-1,55,102,12,75,data\raw\Capacidad\ConsultaA_Recurso_Salud_2017_v1.csv,8604
00006216,2017,12,LIMA,LIMA,BREÑA,MINSA,III-2,379,371,13,555,data\raw\Capacidad\ConsultaA_Recurso_Salud_2017_v1.csv,9232
00006216,2017,11,LIMA,LIMA,BREÑA,MINSA,III-2,385,367,32,546,data\raw\Capacidad\ConsultaA_Recurso_Salud_2017_v1.csv,9233
00006216,2017,10,LIMA,LIMA,BREÑA,MINSA,III-2,367,354,18,564,data\raw\Capacidad\ConsultaA_Recurso_Salud_2017_v1.csv,9234
00006216,2017,9,LIMA,LIMA,BREÑA,MINSA,III-2,359,349,14,546,data\raw\Capacidad\ConsultaA_Recurso_Salud_2017_v1.csv,9235
00006216,2017,8,LIMA,LIMA,BREÑA,MINSA,III-2,364,355,78,551,data\raw\Capacidad\ConsultaA_Recurso_Salud_2017_v1.csv,9236
00006216,2017,7,LIMA,LIMA,BREÑA,MINSA,III-2,364,355,78,552,data\raw\Capacidad\ConsultaA_Recurso_Salud_2017_v1.csv,9237
00006216,2017,6,LIMA,LIMA,BREÑA,MINSA,III-2,386,351,83,554,data\raw\Capacidad\ConsultaA_Recurso_Salud_2017_v1.csv,9238
00006216,2017,5,LIMA,LIMA,BREÑA,MINSA,III-2,386,353,84,551,data\raw\Capacidad\ConsultaA_Recurso_Salud_2017_v1.csv,9239
00006216,2017,4,LIMA,LIMA,BREÑA,MINSA,III-2,392,354,86,558,data\raw\Capacidad\ConsultaA_Recurso_Salud_2017_v1.csv,9240
00006216,2017,3,LIMA,LIMA,BREÑA,MINSA,III-2,392,360,98,557,data\raw\Capacidad\ConsultaA_Recurso_Salud_2017_v1.csv,9241
00006216,2017,1,LIMA,LIMA,BREÑA,MINSA,III-2,387,347,77,546,data\raw\Capacidad\ConsultaA_Recurso_Salud_2017_v1.csv,9242
00006216,2017,2,LIMA,LIMA,BREÑA,MINSA,III-2,385,357,90,562,data\raw\Capacidad\ConsultaA_Recurso_Salud_2017_v1.csv,9243
00007733,2017,4,LIMA,LIMA,SAN MARTIN DE PORRES,MINSA,III-2,94,98,44,63,data\raw\Capacidad\ConsultaA_Recurso_Salud_2017_v1.csv,9410
00007733,2017,12,LIMA,LIMA,SAN MARTIN DE PORRES,MINSA,III-2,79,97,44,61,data\raw\Capacidad\ConsultaA_Recurso_Salud_2017_v1.csv,9411
00007733,2017,11,LIMA,LIMA,SAN MARTIN DE PORRES,MINSA,III-2,92,98,44,65,data\raw\Capacidad\ConsultaA_Recurso_Salud_2017_v1.csv,9412
00007733,2017,10,LIMA,LIMA,SAN MARTIN DE PORRES,MINSA,III-2,96,99,44,61,data\raw\Capacidad\ConsultaA_Recurso_Salud_2017_v1.csv,9413
00007733,2017,9,LIMA,LIMA,SAN MARTIN DE PORRES,MINSA,III-2,95,96,44,62,data\raw\Capacidad\ConsultaA_Recurso_Salud_2017_v1.csv,9414
00007733,2017,8,LIMA,LIMA,SAN MARTIN DE PORRES,MINSA,III-2,94,97,44,69,data\raw\Capacidad\ConsultaA_Recurso_Salud_2017_v1.csv,9415
00007733,2017,7,LIMA,LIMA,SAN MARTIN DE PORRES,MINSA,III-2,94,97,44,57,data\raw\Capacidad\ConsultaA_Recurso_Salud_2017_v1.csv,9416
00007733,2017,6,LIMA,LIMA,SAN MARTIN DE PORRES,MINSA,III-2,94,94,44,64,data\raw\Capacidad\ConsultaA_Recurso_Salud_2017_v1.csv,9417
00007733,2017,5,LIMA,LIMA,SAN MARTIN DE PORRES,MINSA,III-2,94,100,44,61,data\raw\Capacidad\ConsultaA_Recurso_Salud_2017_v1.csv,9418
00007733,2017,3,LIMA,LIMA,SAN MARTIN DE PORRES,MINSA,III-2,94,98,44,64,data\raw\Capacidad\ConsultaA_Recurso_Salud_2017_v1.csv,9419
00007733,2017,2,LIMA,LIMA,SAN MARTIN DE PORRES,MINSA,III-2,94,93,44,61,data\raw\Capacidad\ConsultaA_Recurso_Salud_2017_v1.csv,9420
00007733,2017,1,LIMA,LIMA,SAN MARTIN DE PORRES,MINSA,III-2,97,96,44,61,data\raw\Capacidad\ConsultaA_Recurso_Salud_2017_v1.csv,9421
00013591,2017,3,LIMA,LIMA,JESUS MARIA,SANIDAD DE LA POLICIA NACIONAL DEL PERU,III-1,308,454,229,368,data\raw\Capacidad\ConsultaA_Recurso_Salud_2017_v1.csv,9706
00013591,2017,8,LIMA,LIMA,JESUS MARIA,SANIDAD DE LA POLICIA NACIONAL DEL PERU,III-1,267,489,243,317,data\raw\Capacidad\ConsultaA_Recurso_Salud_2017_v1.csv,9707
00013591,2017,5,LIMA,LIMA,JESUS MARIA,SANIDAD DE LA POLICIA NACIONAL DEL PERU,III-1,288,487,223,392,data\raw\Capacidad\ConsultaA_Recurso_Salud_2017_v1.csv,9708
00013591,2017,12,LIMA,LIMA,JESUS MARIA,SANIDAD DE LA POLICIA NACIONAL DEL PERU,III-1,287,515,232,379,data\raw\Capacidad\ConsultaA_Recurso_Salud_2017_v1.csv,9709
00013591,2017,10,LIMA,LIMA,JESUS MARIA,SANIDAD DE LA POLICIA NACIONAL DEL PERU,III-1,276,489,225,380,data\raw\Capacidad\ConsultaA_Recurso_Salud_2017_v1.csv,9710
00013591,2017,11,LIMA,LIMA,JESUS MARIA,SANIDAD DE LA POLICIA NACIONAL DEL PERU,III-1,286,511,227,380,data\raw\Capacidad\ConsultaA_Recurso_Salud_2017_v1.csv,9711
00013591,2017,6,LIMA,LIMA,JESUS MARIA,SANIDAD DE LA POLICIA NACIONAL DEL PERU,III-1,295,545,235,364,data\raw\Capacidad\ConsultaA_Recurso_Salud_2017_v1.csv,9712
00013591,2017,1,LIMA,LIMA,JESUS MARIA,SANIDAD DE LA POLICIA NACIONAL DEL PERU,III-1,369,519,232,412,data\raw\Capacidad\ConsultaA_Recurso_Salud_2017_v1.csv,9713
00013591,2017,9,LIMA,LIMA,JESUS MARIA,SANIDAD DE LA POLICIA NACIONAL DEL PERU,III-1,273,513,238,371,data\raw\Capacidad\ConsultaA_Recurso_Salud_2017_v1.csv,9714
00013591,2017,2,LIMA,LIMA,JESUS MARIA,SANIDAD DE LA POLICIA NACIONAL DEL PERU,III-1,341,482,234,408,data\raw\Capacidad\ConsultaA_Recurso_Salud_2017_v1.csv,9715
00013591,2017,7,LIMA,LIMA,JESUS MARIA,SANIDAD DE LA POLICIA NACIONAL DEL PERU,III-1,289,500,237,336,data\raw\Capacidad\ConsultaA_Recurso_Salud_2017_v1.csv,9716
00013591,2017,4,LIMA,LIMA,JESUS MARIA,SANIDAD DE LA POLICIA NACIONAL DEL PERU,III-1,294,487,226,392,data\raw\Capacidad\ConsultaA_Recurso_Salud_2017_v1.csv,9717
00006209,2018,3,LIMA,LIMA,LIMA,MINSA,III-2,144,80,21,125,data\raw\Capacidad\ConsultaA_Recurso_Salud_2018_v2.csv,25
00006209,2018,4,LIMA,LIMA,LIMA,MINSA,III-2,160,80,21,123,data\raw\Capacidad\ConsultaA_Recurso_Salud_2018_v2.csv,26
00006209,2018,5,LIMA,LIMA,LIMA,MINSA,III-2,153,80,21,122,data\raw\Capacidad\ConsultaA_Recurso_Salud_2018_v2.csv,27
00006209,2018,6,LIMA,LIMA,LIMA,MINSA,III-2,144,80,21,122,data\raw\Capacidad\ConsultaA_Recurso_Salud_2018_v2.csv,28
00006209,2018,7,LIMA,LIMA,LIMA,MINSA,III-2,143,80,18,122,data\raw\Capacidad\ConsultaA_Recurso_Salud_2018_v2.csv,29
00014718,2018,1,LIMA,LIMA,SAN MIGUEL,SANIDAD DE LA POLICIA NACIONAL DEL PERU,II-E,40,24,0,31,data\raw\Capacidad\ConsultaA_Recurso_Salud_2018_v2.csv,118
00006209,2018,1,LIMA,LIMA,LIMA,MINSA,III-2,157,80,21,126,data\raw\Capacidad\ConsultaA_Recurso_Salud_2018_v2.csv,144
00005617,2018,12,LIMA,LIMA,SAN JUAN DE LURIGANCHO,MINSA,II-2,148,151,3,66,data\raw\Capacidad\ConsultaA_Recurso_Salud_2018_v2.csv,208
00008353,2018,12,LIMA,LIMA,ATE,ESSALUD,II-1,68,105,24,89,data\raw\Capacidad\ConsultaA_Recurso_Salud_2018_v2.csv,214
00012923,2018,12,LIMA,LIMA,PUENTE PIEDRA,SANIDAD DE LA POLICIA NACIONAL DEL PERU,I-2,0,3,0,9,data\raw\Capacidad\ConsultaA_Recurso_Salud_2018_v2.csv,238
00005946,2018,12,LIMA,LIMA,EL AGUSTINO,MINSA,III-1,654,387,215,558,data\raw\Capacidad\ConsultaA_Recurso_Salud_2018_v2.csv,269
00005987,2018,5,LIMA,LIMA,SAN JUAN DE MIRAFLORES,MINSA,III-1,366,494,186,346,data\raw\Capacidad\ConsultaA_Recurso_Salud_2018_v2.csv,366
00005987,2018,3,LIMA,LIMA,SAN JUAN DE MIRAFLORES,MINSA,III-1,366,483,190,347,data\raw\Capacidad\ConsultaA_Recurso_Salud_2018_v2.csv,473
00009188,2018,2,LIMA,LIMA,LIMA,ESSALUD,II-1,49,89,4,56,data\raw\Capacidad\ConsultaA_Recurso_Salud_2018_v2.csv,537
00009188,2018,5,LIMA,LIMA,LIMA,ESSALUD,II-1,49,89,4,56,data\raw\Capacidad\ConsultaA_Recurso_Salud_2018_v2.csv,561
00008564,2018,2,LIMA,LIMA,SAN MIGUEL,ESSALUD,II-1,45,90,0,74,data\raw\Capacidad\ConsultaA_Recurso_Salud_2018_v2.csv,622
00007633,2018,3,LIMA,LIMA,SAN MARTIN DE PORRES,MINSA,III-1,370,693,354,418,data\raw\Capacidad\ConsultaA_Recurso_Salud_2018_v2.csv,643
00006210,2018,3,LIMA,LIMA,SURQUILLO,MINSA,III-2,418,225,188,487,data\raw\Capacidad\ConsultaA_Recurso_Salud_2018_v2.csv,645
00007634,2018,3,LIMA,LIMA,COMAS,MINSA,III-1,341,207,114,239,data\raw\Capacidad\ConsultaA_Recurso_Salud_2018_v2.csv,646
00007632,2018,2,LIMA,LIMA,PUENTE PIEDRA,MINSA,II-2,102,140,37,155,data\raw\Capacidad\ConsultaA_Recurso_Salud_2018_v2.csv,730
00008720,2018,1,LIMA,LIMA,JESUS MARIA,ESSALUD,III-2,1505,1883,517,1707,data\raw\Capacidad\ConsultaA_Recurso_Salud_2018_v2.csv,781
00006212,2018,1,LIMA,LIMA,LA VICTORIA,MINSA,III-E,48,120,6,128,data\raw\Capacidad\ConsultaA_Recurso_Salud_2018_v2.csv,861
00010135,2018,1,LIMA,LIMA,LA MOLINA,ESSALUD,II-1,50,99,7,65,data\raw\Capacidad\ConsultaA_Recurso_Salud_2018_v2.csv,863
00008741,2018,4,LIMA,LIMA,VILLA EL SALVADOR,ESSALUD,II-1,63,83,6,71,data\raw\Capacidad\ConsultaA_Recurso_Salud_2018_v2.csv,930
00014718,2018,6,LIMA,LIMA,SAN MIGUEL,SANIDAD DE LA POLICIA NACIONAL DEL PERU,II-E,38,24,1,31,data\raw\Capacidad\ConsultaA_Recurso_Salud_2018_v2.csv,953
00005945,2018,1,LIMA,LIMA,ATE,MINSA,II-1,78,182,44,125,data\raw\Capacidad\ConsultaA_Recurso_Salud_2018_v2.csv,988
00008741,2018,2,LIMA,LIMA,VILLA EL SALVADOR,ESSALUD,II-1,54,77,3,71,data\raw\Capacidad\ConsultaA_Recurso_Salud_2018_v2.csv,1026
00005946,2018,4,LIMA,LIMA,EL AGUSTINO,MINSA,III-1,660,336,216,532,data\raw\Capacidad\ConsultaA_Recurso_Salud_2018_v2.csv,1092
00012923,2018,1,LIMA,LIMA,PUENTE PIEDRA,SANIDAD DE LA POLICIA NACIONAL DEL PERU,I-2,0,4,0,6,data\raw\Capacidad\ConsultaA_Recurso_Salud_2018_v2.csv,1124
00008671,2018,2,LIMA,LIMA,COMAS,ESSALUD,II-1,105,123,0,115,data\raw\Capacidad\ConsultaA_Recurso_Salud_2018_v2.csv,1149
00010751,2018,3,LIMA,LIMA,MIRAFLORES,SANIDAD DE LA FUERZA AEREA DEL PERU,III-1,283,273,18,234,data\raw\Capacidad\ConsultaA_Recurso_Salud_2018_v2.csv,1190
00005883,2018,3,LIMA,LIMA,ATE,MINSA,II-1,51,67,0,58,data\raw\Capacidad\ConsultaA_Recurso_Salud_2018_v2.csv,1308
00007634,2018,1,LIMA,LIMA,COMAS,MINSA,III-1,339,293,117,187,data\raw\Capacidad\ConsultaA_Recurso_Salud_2018_v2.csv,1424
00007734,2018,2,LIMA,LIMA,CHORRILLOS,MINSA,III-2,36,102,28,23,data\raw\Capacidad\ConsultaA_Recurso_Salud_2018_v2.csv,1458
00006207,2018,2,LIMA,LIMA,LIMA,MINSA,III-1,561,370,224,474,data\raw\Capacidad\ConsultaA_Recurso_Salud_2018_v2.csv,1461
00006212,2018,4,LIMA,LIMA,LA VICTORIA,MINSA,III-E,38,122,2,125,data\raw\Capacidad\ConsultaA_Recurso_Salud_2018_v2.csv,1475
00006212,2018,3,LIMA,LIMA,LA VICTORIA,MINSA,III-E,41,122,11,128,data\raw\Capacidad\ConsultaA_Recurso_Salud_2018_v2.csv,1495
00023159,2018,2,LIMA,LIMA,VILLA EL SALVADOR,MINSA,II-E,126,212,0,269,data\raw\Capacidad\ConsultaA_Recurso_Salud_2018_v2.csv,1512
00005987,2018,4,LIMA,LIMA,SAN JUAN DE MIRAFLORES,MINSA,III-1,366,474,193,341,data\raw\Capacidad\ConsultaA_Recurso_Salud_2018_v2.csv,1514
00014718,2018,2,LIMA,LIMA,SAN MIGUEL,SANIDAD DE LA POLICIA NACIONAL DEL PERU,II-E,40,27,0,33,data\raw\Capacidad\ConsultaA_Recurso_Salud_2018_v2.csv,1603
00010098,2018,5,LIMA,LIMA,CHORRILLOS,SANIDAD DEL EJERCITO DEL PERU,II-E,20,38,1,59,data\raw\Capacidad\ConsultaA_Recurso_Salud_2018_v2.csv,1714
00008317,2018,3,LIMA,LIMA,SAN JUAN DE LURIGANCHO,ESSALUD,II-1,52,118,12,74,data\raw\Capacidad\ConsultaA_Recurso_Salud_2018_v2.csv,1735
00008317,2018,4,LIMA,LIMA,SAN JUAN DE LURIGANCHO,ESSALUD,II-1,52,107,12,74,data\raw\Capacidad\ConsultaA_Recurso_Salud_2018_v2.csv,1739
00010434,2018,5,LIMA,LIMA,SANTA ANITA,ESSALUD,II-E,142,38,15,77,data\raw\Capacidad\ConsultaA_Recurso_Salud_2018_v2.csv,1785
00008318,2018,5,LIMA,LIMA,SANTA ANITA,ESSALUD,II-1,46,86,4,66,data\raw\Capacidad\ConsultaA_Recurso_Salud_2018_v2.csv,1801
00017024,2018,3,LIMA,LIMA,JESUS MARIA,SANIDAD DEL EJERCITO DEL PERU,III-1,573,256,90,429,data\raw\Capacidad\ConsultaA_Recurso_Salud_2018_v2.csv,1849
00008318,2018,3,LIMA,LIMA,SANTA ANITA,ESSALUD,II-1,55,86,0,66,data\raw\Capacidad\ConsultaA_Recurso_Salud_2018_v2.csv,1884
00006210,2018,4,LIMA,LIMA,SURQUILLO,MINSA,III-2,418,228,171,505,data\raw\Capacidad\ConsultaA_Recurso_Salud_2018_v2.csv,1957
00008671,2018,5,LIMA,LIMA,COMAS,ESSALUD,II-1,111,133,0,115,data\raw\Capacidad\ConsultaA_Recurso_Salud_2018_v2.csv,1965
00007733,2018,5,LIMA,LIMA,SAN MARTIN DE PORRES,MINSA,III-2,96,102,44,66,data\raw\Capacidad\ConsultaA_Recurso_Salud_2018_v2.csv,1966
00005947,2018,5,LIMA,LIMA,LURIGANCHO,MINSA,II-2,67,129,9,103,data\raw\Capacidad\ConsultaA_Recurso_Salud_2018_v2.csv,1982
00008502,2018,5,LIMA,LIMA,LIMA,ESSALUD,II-2,228,343,92,207,data\raw\Capacidad\ConsultaA_Recurso_Salud_2018_v2.csv,2009
00010751,2018,4,LIMA,LIMA,MIRAFLORES,SANIDAD DE LA FUERZA AEREA DEL PERU,III-1,283,273,18,234,data\raw\Capacidad\ConsultaA_Recurso_Salud_2018_v2.csv,2066
00007632,2018,4,LIMA,LIMA,PUENTE PIEDRA,MINSA,II-2,102,140,37,155,data\raw\Capacidad\ConsultaA_Recurso_Salud_2018_v2.csv,2210
00006213,2018,4,LIMA,LIMA,MIRAFLORES,MINSA,III-E,71,133,28,171,data\raw\Capacidad\ConsultaA_Recurso_Salud_2018_v2.csv,2211
00008720,2018,6,LIMA,LIMA,JESUS MARIA,ESSALUD,III-2,1505,1850,514,1712,data\raw\Capacidad\ConsultaA_Recurso_Salud_2018_v2.csv,2305
00023159,2018,1,LIMA,LIMA,VILLA EL SALVADOR,MINSA,II-E,126,217,0,242,data\raw\Capacidad\ConsultaA_Recurso_Salud_2018_v2.csv,2362
00008353,2018,3,LIMA,LIMA,ATE,ESSALUD,II-1,68,106,24,89,data\raw\Capacidad\ConsultaA_Recurso_Salud_2018_v2.csv,2417
00008502,2018,3,LIMA,LIMA,LIMA,ESSALUD,II-2,229,340,91,203,data\raw\Capacidad\ConsultaA_Recurso_Salud_2018_v2.csv,2418
00016094,2018,5,LIMA,LIMA,RIMAC,SANIDAD DE LA POLICIA NACIONAL DEL PERU,0,83,34,0,37,data\raw\Capacidad\ConsultaA_Recurso_Salud_2018_v2.csv,2440
00016918,2018,5,LIMA,LIMA,SAN BORJA,MINSA,III-2,236,364,68,474,data\raw\Capacidad\ConsultaA_Recurso_Salud_2018_v2.csv,2450
00010098,2018,2,LIMA,LIMA,CHORRILLOS,SANIDAD DEL EJERCITO DEL PERU,II-E,20,38,1,58,data\raw\Capacidad\ConsultaA_Recurso_Salud_2018_v2.csv,2488
00008564,2018,5,LIMA,LIMA,SAN MIGUEL,ESSALUD,II-1,47,89,0,75,data\raw\Capacidad\ConsultaA_Recurso_Salud_2018_v2.csv,2547
00006216,2018,4,LIMA,LIMA,BREÑA,MINSA,III-2,379,368,30,569,data\raw\Capacidad\ConsultaA_Recurso_Salud_2018_v2.csv,2567
00013591,2018,5,LIMA,LIMA,JESUS MARIA,SANIDAD DE LA POLICIA NACIONAL DEL PERU,III-1,340,470,221,372,data\raw\Capacidad\ConsultaA_Recurso_Salud_2018_v2.csv,2591
00005945,2018,5,LIMA,LIMA,ATE,MINSA,II-1,78,175,44,135,data\raw\Capacidad\ConsultaA_Recurso_Salud_2018_v2.csv,2599
00012923,2018,4,LIMA,LIMA,PUENTE PIEDRA,SANIDAD DE LA POLICIA NACIONAL DEL PERU,I-2,0,5,0,6,data\raw\Capacidad\ConsultaA_Recurso_Salud_2018_v2.csv,2678
00008489,2018,4,LIMA,LIMA,MIRAFLORES,ESSALUD,II-2,86,199,0,145,data\raw\Capacidad\ConsultaA_Recurso_Salud_2018_v2.csv,2684
00018011,2018,1,LIMA,LIMA,JESUS MARIA,ESSALUD,III-E,110,137,44,224,data\raw\Capacidad\ConsultaA_Recurso_Salud_2018_v2.csv,2708
00008489,2018,1,LIMA,LIMA,MIRAFLORES,ESSALUD,II-2,87,188,3,141,data\raw\Capacidad\ConsultaA_Recurso_Salud_2018_v2.csv,2714
00006207,2018,3,LIMA,LIMA,LIMA,MINSA,III-1,561,420,217,489,data\raw\Capacidad\ConsultaA_Recurso_Salud_2018_v2.csv,2733
00016918,2018,1,LIMA,LIMA,SAN BORJA,MINSA,III-2,222,327,43,474,data\raw\Capacidad\ConsultaA_Recurso_Salud_2018_v2.csv,2797
00008671,2018,1,LIMA,LIMA,COMAS,ESSALUD,II-1,105,123,0,115,data\raw\Capacidad\ConsultaA_Recurso_Salud_2018_v2.csv,2817
00008564,2018,3,LIMA,LIMA,SAN MIGUEL,ESSALUD,II-1,42,93,0,74,data\raw\Capacidad\ConsultaA_Recurso_Salud_2018_v2.csv,2830
00010098,2018,1,LIMA,LIMA,CHORRILLOS,SANIDAD DEL EJERCITO DEL PERU,II-E,20,40,0,56,data\raw\Capacidad\ConsultaA_Recurso_Salud_2018_v2.csv,2890
00010434,2018,2,LIMA,LIMA,SANTA ANITA,ESSALUD,II-E,164,38,15,77,data\raw\Capacidad\ConsultaA_Recurso_Salud_2018_v2.csv,2911
00005945,2018,2,LIMA,LIMA,ATE,MINSA,II-1,78,181,44,136,data\raw\Capacidad\ConsultaA_Recurso_Salud_2018_v2.csv,3035
00007632,2018,3,LIMA,LIMA,PUENTE PIEDRA,MINSA,II-2,102,140,37,155,data\raw\Capacidad\ConsultaA_Recurso_Salud_2018_v2.csv,3046
00008720,2018,5,LIMA,LIMA,JESUS MARIA,ESSALUD,III-2,1505,1848,515,1711,data\raw\Capacidad\ConsultaA_Recurso_Salud_2018_v2.csv,3249
00006213,2018,1,LIMA,LIMA,MIRAFLORES,MINSA,III-E,71,148,28,158,data\raw\Capacidad\ConsultaA_Recurso_Salud_2018_v2.csv,3261
00007634,2018,5,LIMA,LIMA,COMAS,MINSA,III-1,271,207,114,239,data\raw\Capacidad\ConsultaA_Recurso_Salud_2018_v2.csv,3332
00008564,2018,1,LIMA,LIMA,SAN MIGUEL,ESSALUD,II-1,45,86,0,74,data\raw\Capacidad\ConsultaA_Recurso_Salud_2018_v2.csv,3419
00008741,2018,1,LIMA,LIMA,VILLA EL SALVADOR,ESSALUD,II-1,54,77,3,71,data\raw\Capacidad\ConsultaA_Recurso_Salud_2018_v2.csv,3420
00008317,2018,2,LIMA,LIMA,SAN JUAN DE LURIGANCHO,ESSALUD,II-1,53,108,12,74,data\raw\Capacidad\ConsultaA_Recurso_Salud_2018_v2.csv,3446
00008318,2018,2,LIMA,LIMA,SANTA ANITA,ESSALUD,II-1,55,90,4,66,data\raw\Capacidad\ConsultaA_Recurso_Salud_2018_v2.csv,3455
00010135,2018,4,LIMA,LIMA,LA MOLINA,ESSALUD,II-1,50,109,7,70,data\raw\Capacidad\ConsultaA_Recurso_Salud_2018_v2.csv,3516
00010135,2018,2,LIMA,LIMA,LA MOLINA,ESSALUD,II-1,50,106,7,65,data\raw\Capacidad\ConsultaA_Recurso_Salud_2018_v2.csv,3571
00006206,2018,2,LIMA,LIMA,LIMA,MINSA,III-1,656,376,161,308,data\raw\Capacidad\ConsultaA_Recurso_Salud_2018_v2.csv,3574
00007632,2018,5,LIMA,LIMA,PUENTE PIEDRA,MINSA,II-2,102,137,37,157,data\raw\Capacidad\ConsultaA_Recurso_Salud_2018_v2.csv,3633
00007733,2018,1,LIMA,LIMA,SAN MARTIN DE PORRES,MINSA,III-2,79,97,44,58,data\raw\Capacidad\ConsultaA_Recurso_Salud_2018_v2.csv,3739
00010434,2018,4,LIMA,LIMA,SANTA ANITA,ESSALUD,II-E,142,38,15,77,data\raw\Capacidad\ConsultaA_Recurso_Salud_2018_v2.csv,3860
00008502,2018,4,LIMA,LIMA,LIMA,ESSALUD,II-2,228,340,92,210,data\raw\Capacidad\ConsultaA_Recurso_Salud_2018_v2.csv,3866
00018011,2018,5,LIMA,LIMA,JESUS MARIA,ESSALUD,III-E,111,142,44,223,data\raw\Capacidad\ConsultaA_Recurso_Salud_2018_v2.csv,3927
00006216,2018,1,LIMA,LIMA,BREÑA,MINSA,III-2,386,373,26,574,data\raw\Capacidad\ConsultaA_Recurso_Salud_2018_v2.csv,4020
00008502,2018,1,LIMA,LIMA,LIMA,ESSALUD,II-2,230,340,90,203,data\raw\Capacidad\ConsultaA_Recurso_Salud_2018_v2.csv,4026
00007734,2018,1,LIMA,LIMA,CHORRILLOS,MINSA,III-2,36,101,23,23,data\raw\Capacidad\ConsultaA_Recurso_Salud_2018_v2.csv,4028
00006206,2018,3,LIMA,LIMA,LIMA,MINSA,III-1,649,381,158,308,data\raw\Capacidad\ConsultaA_Recurso_Salud_2018_v2.csv,4141
00006207,2018,4,LIMA,LIMA,LIMA,MINSA,III-1,657,410,226,487,data\raw\Capacidad\ConsultaA_Recurso_Salud_2018_v2.csv,4154
00006212,2018,2,LIMA,LIMA,LA VICTORIA,MINSA,III-E,42,119,4,128,data\raw\Capacidad\ConsultaA_Recurso_Salud_2018_v2.csv,4216
00010751,2018,2,LIMA,LIMA,MIRAFLORES,SANIDAD DE LA FUERZA AEREA DEL PERU,III-1,283,273,18,234,data\raw\Capacidad\ConsultaA_Recurso_Salud_2018_v2.csv,4218
00023159,2018,5,LIMA,LIMA,VILLA EL SALVADOR,MINSA,II-E,126,236,0,169,data\raw\Capacidad\ConsultaA_Recurso_Salud_2018_v2.csv,4258
00012923,2018,6,LIMA,LIMA,PUENTE PIEDRA,SANIDAD DE LA POLICIA NACIONAL DEL PERU,I-2,0,5,0,10,data\raw\Capacidad\ConsultaA_Recurso_Salud_2018_v2.csv,4262
00017024,2018,5,LIMA,LIMA,JESUS MARIA,SANIDAD DEL EJERCITO DEL PERU,III-1,573,260,90,433,data\raw\Capacidad\ConsultaA_Recurso_Salud_2018_v2.csv,4263
00016094,2018,4,LIMA,LIMA,RIMAC,SANIDAD DE LA POLICIA NACIONAL DEL PERU,0,83,26,0,29,data\raw\Capacidad\ConsultaA_Recurso_Salud_2018_v2.csv,4298
00008720,2018,3,LIMA,LIMA,JESUS MARIA,ESSALUD,III-2,1505,1858,516,1711,data\raw\Capacidad\ConsultaA_Recurso_Salud_2018_v2.csv,4366
00006208,2018,2,LIMA,LIMA,LIMA,MINSA,III-2,403,266,68,382,data\raw\Capacidad\ConsultaA_Recurso_Salud_2018_v2.csv,4478
00016918,2018,3,LIMA,LIMA,SAN BORJA,MINSA,III-2,222,366,54,474,data\raw\Capacidad\ConsultaA_Recurso_Salud_2018_v2.csv,4488
00006217,2018,3,LIMA,LIMA,LIMA,MINSA,III-2,11,108,27,55,data\raw\Capacidad\ConsultaA_Recurso_Salud_2018_v2.csv,4509
00007633,2018,2,LIMA,LIMA,SAN MARTIN DE PORRES,MINSA,III-1,376,693,354,418,data\raw\Capacidad\ConsultaA_Recurso_Salud_2018_v2.csv,4601
00006208,2018,4,LIMA,LIMA,LIMA,MINSA,III-2,398,264,68,377,data\raw\Capacidad\ConsultaA_Recurso_Salud_2018_v2.csv,4636
00008318,2018,4,LIMA,LIMA,SANTA ANITA,ESSALUD,II-1,46,90,3,66,data\raw\Capacidad\ConsultaA_Recurso_Salud_2018_v2.csv,4645
00008564,2018,4,LIMA,LIMA,SAN MIGUEL,ESSALUD,II-1,43,93,0,75,data\raw\Capacidad\ConsultaA_Recurso_Salud_2018_v2.csv,4697
00008720,2018,4,LIMA,LIMA,JESUS MARIA,ESSALUD,III-2,1505,1857,515,1709,data\raw\Capacidad\ConsultaA_Recurso_Salud_2018_v2.csv,4791
00008317,2018,5,LIMA,LIMA,SAN JUAN DE LURIGANCHO,ESSALUD,II-1,52,106,12,74,data\raw\Capacidad\ConsultaA_Recurso_Salud_2018_v2.csv,4801
00007634,2018,2,LIMA,LIMA,COMAS,MINSA,III-1,341,207,114,239,data\raw\Capacidad\ConsultaA_Recurso_Salud_2018_v2.csv,4824
00010434,2018,1,LIMA,LIMA,SANTA ANITA,ESSALUD,II-E,164,37,15,77,data\raw\Capacidad\ConsultaA_Recurso_Salud_2018_v2.csv,4866
00006206,2018,4,LIMA,LIMA,LIMA,MINSA,III-1,668,388,156,303,data\raw\Capacidad\ConsultaA_Recurso_Salud_2018_v2.csv,4888
00018011,2018,4,LIMA,LIMA,JESUS MARIA,ESSALUD,III-E,110,142,44,224,data\raw\Capacidad\ConsultaA_Recurso_Salud_2018_v2.csv,4890
00016094,2018,1,LIMA,LIMA,RIMAC,SANIDAD DE LA POLICIA NACIONAL DEL PERU,0,83,36,0,27,data\raw\Capacidad\ConsultaA_Recurso_Salud_2018_v2.csv,4917
00009188,2018,1,LIMA,LIMA,LIMA,ESSALUD,II-1,49,89,4,56,data\raw\Capacidad\ConsultaA_Recurso_Salud_2018_v2.csv,4926
00007733,2018,2,LIMA,LIMA,SAN MARTIN DE PORRES,MINSA,III-2,79,94,44,59,data\raw\Capacidad\ConsultaA_Recurso_Salud_2018_v2.csv,5014
00008720,2018,2,LIMA,LIMA,JESUS MARIA,ESSALUD,III-2,1505,1887,516,1706,data\raw\Capacidad\ConsultaA_Recurso_Salud_2018_v2.csv,5035
00013591,2018,3,LIMA,LIMA,JESUS MARIA,SANIDAD DE LA POLICIA NACIONAL DEL PERU,III-1,334,467,212,374,data\raw\Capacidad\ConsultaA_Recurso_Salud_2018_v2.csv,5133
00012923,2018,2,LIMA,LIMA,PUENTE PIEDRA,SANIDAD DE LA POLICIA NACIONAL DEL PERU,I-2,0,8,0,7,data\raw\Capacidad\ConsultaA_Recurso_Salud_2018_v2.csv,5160
00012923,2018,3,LIMA,LIMA,PUENTE PIEDRA,SANIDAD DE LA POLICIA NACIONAL DEL PERU,I-2,0,5,0,6,data\raw\Capacidad\ConsultaA_Recurso_Salud_2018_v2.csv,5195
00005945,2018,3,LIMA,LIMA,ATE,MINSA,II-1,78,179,44,136,data\raw\Capacidad\ConsultaA_Recurso_Salud_2018_v2.csv,5200
00009251,2018,4,LIMA,LIMA,LA VICTORIA,ESSALUD,III-2,955,1307,414,1100,data\raw\Capacidad\ConsultaA_Recurso_Salud_2018_v2.csv,5339
00006208,2018,5,LIMA,LIMA,LIMA,MINSA,III-2,398,267,68,387,data\raw\Capacidad\ConsultaA_Recurso_Salud_2018_v2.csv,5341
00007633,2018,5,LIMA,LIMA,SAN MARTIN DE PORRES,MINSA,III-1,370,689,354,418,data\raw\Capacidad\ConsultaA_Recurso_Salud_2018_v2.csv,5342
00017024,2018,1,LIMA,LIMA,JESUS MARIA,SANIDAD DEL EJERCITO DEL PERU,III-1,573,247,90,437,data\raw\Capacidad\ConsultaA_Recurso_Salud_2018_v2.csv,5394
00006217,2018,2,LIMA,LIMA,LIMA,MINSA,III-2,11,108,27,55,data\raw\Capacidad\ConsultaA_Recurso_Salud_2018_v2.csv,5465
00008671,2018,3,LIMA,LIMA,COMAS,ESSALUD,II-1,105,133,0,115,data\raw\Capacidad\ConsultaA_Recurso_Salud_2018_v2.csv,5469
00006208,2018,3,LIMA,LIMA,LIMA,MINSA,III-2,398,265,68,381,data\raw\Capacidad\ConsultaA_Recurso_Salud_2018_v2.csv,5474
00005946,2018,1,LIMA,LIMA,EL AGUSTINO,MINSA,III-1,640,343,263,412,data\raw\Capacidad\ConsultaA_Recurso_Salud_2018_v2.csv,5534
00006216,2018,5,LIMA,LIMA,BREÑA,MINSA,III-2,388,367,27,569,data\raw\Capacidad\ConsultaA_Recurso_Salud_2018_v2.csv,5635
00006217,2018,1,LIMA,LIMA,LIMA,MINSA,III-2,11,108,27,55,data\raw\Capacidad\ConsultaA_Recurso_Salud_2018_v2.csv,5677
00006206,2018,1,LIMA,LIMA,LIMA,MINSA,III-1,653,370,165,306,data\raw\Capacidad\ConsultaA_Recurso_Salud_2018_v2.csv,5682
00005946,2018,5,LIMA,LIMA,EL AGUSTINO,MINSA,III-1,660,339,216,538,data\raw\Capacidad\ConsultaA_Recurso_Salud_2018_v2.csv,5728
00005947,2018,1,LIMA,LIMA,LURIGANCHO,MINSA,II-2,67,124,18,84,data\raw\Capacidad\ConsultaA_Recurso_Salud_2018_v2.csv,5753
00005883,2018,1,LIMA,LIMA,ATE,MINSA,II-1,51,67,0,50,data\raw\Capacidad\ConsultaA_Recurso_Salud_2018_v2.csv,5754
00005883,2018,5,LIMA,LIMA,ATE,MINSA,II-1,51,71,0,56,data\raw\Capacidad\ConsultaA_Recurso_Salud_2018_v2.csv,5804
00010135,2018,5,LIMA,LIMA,LA MOLINA,ESSALUD,II-1,50,104,7,67,data\raw\Capacidad\ConsultaA_Recurso_Salud_2018_v2.csv,5805
00005946,2018,3,LIMA,LIMA,EL AGUSTINO,MINSA,III-1,660,337,217,502,data\raw\Capacidad\ConsultaA_Recurso_Salud_2018_v2.csv,5839
00006214,2018,5,LIMA,LIMA,MAGDALENA DEL MAR,MINSA,III-1,590,115,43,132,data\raw\Capacidad\ConsultaA_Recurso_Salud_2018_v2.csv,5868
00006216,2018,2,LIMA,LIMA,BREÑA,MINSA,III-2,386,471,29,575,data\raw\Capacidad\ConsultaA_Recurso_Salud_2018_v2.csv,5957
00006206,2018,5,LIMA,LIMA,LIMA,MINSA,III-1,633,383,152,304,data\raw\Capacidad\ConsultaA_Recurso_Salud_2018_v2.csv,6003
00017024,2018,4,LIMA,LIMA,JESUS MARIA,SANIDAD DEL EJERCITO DEL PERU,III-1,573,262,90,433,data\raw\Capacidad\ConsultaA_Recurso_Salud_2018_v2.csv,6076
00010751,2018,1,LIMA,LIMA,MIRAFLORES,SANIDAD DE LA FUERZA AEREA DEL PERU,III-1,283,273,18,234,data\raw\Capacidad\ConsultaA_Recurso_Salud_2018_v2.csv,6090
00008318,2018,1,LIMA,LIMA,SANTA ANITA,ESSALUD,II-1,55,92,4,66,data\raw\Capacidad\ConsultaA_Recurso_Salud_2018_v2.csv,6097
00014718,2018,4,LIMA,LIMA,SAN MIGUEL,SANIDAD DE LA POLICIA NACIONAL DEL PERU,II-E,38,22,2,31,data\raw\Capacidad\ConsultaA_Recurso_Salud_2018_v2.csv,6156
00013591,2018,2,LIMA,LIMA,JESUS MARIA,SANIDAD DE LA POLICIA NACIONAL DEL PERU,III-1,332,464,213,370,data\raw\Capacidad\ConsultaA_Recurso_Salud_2018_v2.csv,6284
00010135,2018,3,LIMA,LIMA,LA MOLINA,ESSALUD,II-1,50,96,7,68,data\raw\Capacidad\ConsultaA_Recurso_Salud_2018_v2.csv,6317
00006208,2018,1,LIMA,LIMA,LIMA,MINSA,III-2,403,272,74,381,data\raw\Capacidad\ConsultaA_Recurso_Salud_2018_v2.csv,6361
00006213,2018,3,LIMA,LIMA,MIRAFLORES,MINSA,III-E,71,133,28,171,data\raw\Capacidad\ConsultaA_Recurso_Salud_2018_v2.csv,6389
00023159,2018,3,LIMA,LIMA,VILLA EL SALVADOR,MINSA,II-E,126,236,0,164,data\raw\Capacidad\ConsultaA_Recurso_Salud_2018_v2.csv,6427
00006207,2018,5,LIMA,LIMA,LIMA,MINSA,III-1,561,387,178,470,data\raw\Capacidad\ConsultaA_Recurso_Salud_2018_v2.csv,6435
00008318,2018,6,LIMA,LIMA,SANTA ANITA,ESSALUD,II-1,46,86,4,66,data\raw\Capacidad\ConsultaA_Recurso_Salud_2018_v2.csv,6479
00009251,2018,1,LIMA,LIMA,LA VICTORIA,ESSALUD,III-2,950,1322,415,1060,data\raw\Capacidad\ConsultaA_Recurso_Salud_2018_v2.csv,6505
00008353,2018,4,LIMA,LIMA,ATE,ESSALUD,II-1,68,106,24,89,data\raw\Capacidad\ConsultaA_Recurso_Salud_2018_v2.csv,6519
00016094,2018,6,LIMA,LIMA,RIMAC,SANIDAD DE LA POLICIA NACIONAL DEL PERU,0,83,34,0,33,data\raw\Capacidad\ConsultaA_Recurso_Salud_2018_v2.csv,6560
00010098,2018,3,LIMA,LIMA,CHORRILLOS,SANIDAD DEL EJERCITO DEL PERU,II-E,20,37,1,58,data\raw\Capacidad\ConsultaA_Recurso_Salud_2018_v2.csv,6592
00006217,2018,5,LIMA,LIMA,LIMA,MINSA,III-2,11,108,27,55,data\raw\Capacidad\ConsultaA_Recurso_Salud_2018_v2.csv,6697
00016094,2018,2,LIMA,LIMA,RIMAC,SANIDAD DE LA POLICIA NACIONAL DEL PERU,0,83,26,0,23,data\raw\Capacidad\ConsultaA_Recurso_Salud_2018_v2.csv,6749
00017024,2018,2,LIMA,LIMA,JESUS MARIA,SANIDAD DEL EJERCITO DEL PERU,III-1,573,247,90,437,data\raw\Capacidad\ConsultaA_Recurso_Salud_2018_v2.csv,6751
00010098,2018,4,LIMA,LIMA,CHORRILLOS,SANIDAD DEL EJERCITO DEL PERU,II-E,20,38,1,59,data\raw\Capacidad\ConsultaA_Recurso_Salud_2018_v2.csv,6780
00009188,2018,4,LIMA,LIMA,LIMA,ESSALUD,II-1,49,89,4,56,data\raw\Capacidad\ConsultaA_Recurso_Salud_2018_v2.csv,6782
00005947,2018,4,LIMA,LIMA,LURIGANCHO,MINSA,II-2,67,125,18,84,data\raw\Capacidad\ConsultaA_Recurso_Salud_2018_v2.csv,6803
00005883,2018,4,LIMA,LIMA,ATE,MINSA,II-1,51,83,0,57,data\raw\Capacidad\ConsultaA_Recurso_Salud_2018_v2.csv,6806
00006210,2018,1,LIMA,LIMA,SURQUILLO,MINSA,III-2,418,222,190,476,data\raw\Capacidad\ConsultaA_Recurso_Salud_2018_v2.csv,6845
00006212,2018,5,LIMA,LIMA,LA VICTORIA,MINSA,III-E,52,124,11,124,data\raw\Capacidad\ConsultaA_Recurso_Salud_2018_v2.csv,6879
00008671,2018,6,LIMA,LIMA,COMAS,ESSALUD,II-1,114,134,0,116,data\raw\Capacidad\ConsultaA_Recurso_Salud_2018_v2.csv,6956
00007734,2018,3,LIMA,LIMA,CHORRILLOS,MINSA,III-2,36,102,25,23,data\raw\Capacidad\ConsultaA_Recurso_Salud_2018_v2.csv,6998
00016094,2018,3,LIMA,LIMA,RIMAC,SANIDAD DE LA POLICIA NACIONAL DEL PERU,0,83,28,0,34,data\raw\Capacidad\ConsultaA_Recurso_Salud_2018_v2.csv,6999
00008671,2018,4,LIMA,LIMA,COMAS,ESSALUD,II-1,105,122,0,115,data\raw\Capacidad\ConsultaA_Recurso_Salud_2018_v2.csv,7003
00009251,2018,2,LIMA,LIMA,LA VICTORIA,ESSALUD,III-2,969,1327,414,1072,data\raw\Capacidad\ConsultaA_Recurso_Salud_2018_v2.csv,7075
00009188,2018,3,LIMA,LIMA,LIMA,ESSALUD,II-1,49,89,4,56,data\raw\Capacidad\ConsultaA_Recurso_Salud_2018_v2.csv,7084
00006213,2018,5,LIMA,LIMA,MIRAFLORES,MINSA,III-E,71,133,28,171,data\raw\Capacidad\ConsultaA_Recurso_Salud_2018_v2.csv,7095
00014718,2018,5,LIMA,LIMA,SAN MIGUEL,SANIDAD DE LA POLICIA NACIONAL DEL PERU,II-E,38,25,2,31,data\raw\Capacidad\ConsultaA_Recurso_Salud_2018_v2.csv,7156
00009251,2018,5,LIMA,LIMA,LA VICTORIA,ESSALUD,III-2,957,1308,414,1100,data\raw\Capacidad\ConsultaA_Recurso_Salud_2018_v2.csv,7157
00008353,2018,6,LIMA,LIMA,ATE,ESSALUD,II-1,68,106,24,89,data\raw\Capacidad\ConsultaA_Recurso_Salud_2018_v2.csv,7168
00008564,2018,6,LIMA,LIMA,SAN MIGUEL,ESSALUD,II-1,46,98,0,75,data\raw\Capacidad\ConsultaA_Recurso_Salud_2018_v2.csv,7169
00006206,2018,12,LIMA,LIMA,LIMA,MINSA,III-1,614,398,173,308,data\raw\Capacidad\ConsultaA_Recurso_Salud_2018_v2.csv,7217
00010751,2018,5,LIMA,LIMA,MIRAFLORES,SANIDAD DE LA FUERZA AEREA DEL PERU,III-1,283,273,18,234,data\raw\Capacidad\ConsultaA_Recurso_Salud_2018_v2.csv,7244
00005947,2018,2,LIMA,LIMA,LURIGANCHO,MINSA,II-2,67,125,18,84,data\raw\Capacidad\ConsultaA_Recurso_Salud_2018_v2.csv,7260
00008489,2018,3,LIMA,LIMA,MIRAFLORES,ESSALUD,II-2,87,186,1,144,data\raw\Capacidad\ConsultaA_Recurso_Salud_2018_v2.csv,7262
00010434,2018,6,LIMA,LIMA,SANTA ANITA,ESSALUD,II-E,142,38,15,77,data\raw\Capacidad\ConsultaA_Recurso_Salud_2018_v2.csv,7338
00006210,2018,2,LIMA,LIMA,SURQUILLO,MINSA,III-2,418,222,188,480,data\raw\Capacidad\ConsultaA_Recurso_Salud_2018_v2.csv,7378
00007734,2018,5,LIMA,LIMA,CHORRILLOS,MINSA,III-2,36,96,32,23,data\raw\Capacidad\ConsultaA_Recurso_Salud_2018_v2.csv,7406
00017024,2018,6,LIMA,LIMA,JESUS MARIA,SANIDAD DEL EJERCITO DEL PERU,III-1,671,269,78,433,data\raw\Capacidad\ConsultaA_Recurso_Salud_2018_v2.csv,7420
00007733,2018,6,LIMA,LIMA,SAN MARTIN DE PORRES,MINSA,III-2,96,101,44,63,data\raw\Capacidad\ConsultaA_Recurso_Salud_2018_v2.csv,7427
00013591,2018,1,LIMA,LIMA,JESUS MARIA,SANIDAD DE LA POLICIA NACIONAL DEL PERU,III-1,287,515,232,379,data\raw\Capacidad\ConsultaA_Recurso_Salud_2018_v2.csv,7458
00008502,2018,2,LIMA,LIMA,LIMA,ESSALUD,II-2,229,331,91,199,data\raw\Capacidad\ConsultaA_Recurso_Salud_2018_v2.csv,7507
00008353,2018,5,LIMA,LIMA,ATE,ESSALUD,II-1,68,106,24,89,data\raw\Capacidad\ConsultaA_Recurso_Salud_2018_v2.csv,7621
00016918,2018,4,LIMA,LIMA,SAN BORJA,MINSA,III-2,230,366,70,474,data\raw\Capacidad\ConsultaA_Recurso_Salud_2018_v2.csv,7728
00007632,2018,1,LIMA,LIMA,PUENTE PIEDRA,MINSA,II-2,108,135,37,155,data\raw\Capacidad\ConsultaA_Recurso_Salud_2018_v2.csv,7819
00006217,2018,4,LIMA,LIMA,LIMA,MINSA,III-2,11,108,27,55,data\raw\Capacidad\ConsultaA_Recurso_Salud_2018_v2.csv,7839
00016918,2018,2,LIMA,LIMA,SAN BORJA,MINSA,III-2,222,341,57,474,data\raw\Capacidad\ConsultaA_Recurso_Salud_2018_v2.csv,7886
00006210,2018,5,LIMA,LIMA,SURQUILLO,MINSA,III-2,419,229,171,498,data\raw\Capacidad\ConsultaA_Recurso_Salud_2018_v2.csv,7898
00005947,2018,6,LIMA,LIMA,LURIGANCHO,MINSA,II-2,67,135,9,103,data\raw\Capacidad\ConsultaA_Recurso_Salud_2018_v2.csv,7924
00008489,2018,2,LIMA,LIMA,MIRAFLORES,ESSALUD,II-2,87,186,3,140,data\raw\Capacidad\ConsultaA_Recurso_Salud_2018_v2.csv,7931
00023159,2018,4,LIMA,LIMA,VILLA EL SALVADOR,MINSA,II-E,126,236,0,164,data\raw\Capacidad\ConsultaA_Recurso_Salud_2018_v2.csv,7976
00008489,2018,5,LIMA,LIMA,MIRAFLORES,ESSALUD,II-2,84,204,2,145,data\raw\Capacidad\ConsultaA_Recurso_Salud_2018_v2.csv,8002
00009188,2018,6,LIMA,LIMA,LIMA,ESSALUD,II-1,49,89,4,56,data\raw\Capacidad\ConsultaA_Recurso_Salud_2018_v2.csv,8039
00013591,2018,4,LIMA,LIMA,JESUS MARIA,SANIDAD DE LA POLICIA NACIONAL DEL PERU,III-1,373,469,217,375,data\raw\Capacidad\ConsultaA_Recurso_Salud_2018_v2.csv,8110
00012923,2018,5,LIMA,LIMA,PUENTE PIEDRA,SANIDAD DE LA POLICIA NACIONAL DEL PERU,I-2,0,8,0,7,data\raw\Capacidad\ConsultaA_Recurso_Salud_2018_v2.csv,8124
00006216,2018,3,LIMA,LIMA,BREÑA,MINSA,III-2,384,367,23,573,data\raw\Capacidad\ConsultaA_Recurso_Salud_2018_v2.csv,8221
00005987,2018,2,LIMA,LIMA,SAN JUAN DE MIRAFLORES,MINSA,III-1,366,470,196,334,data\raw\Capacidad\ConsultaA_Recurso_Salud_2018_v2.csv,8229
00005945,2018,4,LIMA,LIMA,ATE,MINSA,II-1,78,176,44,135,data\raw\Capacidad\ConsultaA_Recurso_Salud_2018_v2.csv,8271
00005987,2018,1,LIMA,LIMA,SAN JUAN DE MIRAFLORES,MINSA,III-1,366,429,184,281,data\raw\Capacidad\ConsultaA_Recurso_Salud_2018_v2.csv,8331
00018011,2018,2,LIMA,LIMA,JESUS MARIA,ESSALUD,III-E,110,141,44,223,data\raw\Capacidad\ConsultaA_Recurso_Salud_2018_v2.csv,8432
00005946,2018,6,LIMA,LIMA,EL AGUSTINO,MINSA,III-1,660,339,216,538,data\raw\Capacidad\ConsultaA_Recurso_Salud_2018_v2.csv,8481
00006207,2018,1,LIMA,LIMA,LIMA,MINSA,III-1,662,399,210,482,data\raw\Capacidad\ConsultaA_Recurso_Salud_2018_v2.csv,8485
00018011,2018,3,LIMA,LIMA,JESUS MARIA,ESSALUD,III-E,110,141,44,224,data\raw\Capacidad\ConsultaA_Recurso_Salud_2018_v2.csv,8526
00005946,2018,2,LIMA,LIMA,EL AGUSTINO,MINSA,III-1,640,337,218,502,data\raw\Capacidad\ConsultaA_Recurso_Salud_2018_v2.csv,8544
00007734,2018,4,LIMA,LIMA,CHORRILLOS,MINSA,III-2,36,101,31,23,data\raw\Capacidad\ConsultaA_Recurso_Salud_2018_v2.csv,8561
00009251,2018,6,LIMA,LIMA,LA VICTORIA,ESSALUD,III-2,956,1303,414,1095,data\raw\Capacidad\ConsultaA_Recurso_Salud_2018_v2.csv,8599
00007634,2018,4,LIMA,LIMA,COMAS,MINSA,III-1,341,207,114,239,data\raw\Capacidad\ConsultaA_Recurso_Salud_2018_v2.csv,8627
00008741,2018,5,LIMA,LIMA,VILLA EL SALVADOR,ESSALUD,II-1,63,83,6,71,data\raw\Capacidad\ConsultaA_Recurso_Salud_2018_v2.csv,8637
00014718,2018,3,LIMA,LIMA,SAN MIGUEL,SANIDAD DE LA POLICIA NACIONAL DEL PERU,II-E,36,28,1,31,data\raw\Capacidad\ConsultaA_Recurso_Salud_2018_v2.csv,8745
00005947,2018,3,LIMA,LIMA,LURIGANCHO,MINSA,II-2,67,125,18,84,data\raw\Capacidad\ConsultaA_Recurso_Salud_2018_v2.csv,8748
00007733,2018,3,LIMA,LIMA,SAN MARTIN DE PORRES,MINSA,III-2,88,97,44,64,data\raw\Capacidad\ConsultaA_Recurso_Salud_2018_v2.csv,8749
00008353,2018,2,LIMA,LIMA,ATE,ESSALUD,II-1,68,106,24,89,data\raw\Capacidad\ConsultaA_Recurso_Salud_2018_v2.csv,8798
00007633,2018,4,LIMA,LIMA,SAN MARTIN DE PORRES,MINSA,III-1,371,692,354,420,data\raw\Capacidad\ConsultaA_Recurso_Salud_2018_v2.csv,8814
00008353,2018,1,LIMA,LIMA,ATE,ESSALUD,II-1,68,106,24,89,data\raw\Capacidad\ConsultaA_Recurso_Salud_2018_v2.csv,8848
00005883,2018,2,LIMA,LIMA,ATE,MINSA,II-1,51,64,0,55,data\raw\Capacidad\ConsultaA_Recurso_Salud_2018_v2.csv,8882
00007633,2018,1,LIMA,LIMA,SAN MARTIN DE PORRES,MINSA,III-1,376,691,351,417,data\raw\Capacidad\ConsultaA_Recurso_Salud_2018_v2.csv,8988
00008489,2018,6,LIMA,LIMA,MIRAFLORES,ESSALUD,II-2,84,197,2,143,data\raw\Capacidad\ConsultaA_Recurso_Salud_2018_v2.csv,9038
00006213,2018,2,LIMA,LIMA,MIRAFLORES,MINSA,III-E,71,135,28,169,data\raw\Capacidad\ConsultaA_Recurso_Salud_2018_v2.csv,9150
00010434,2018,3,LIMA,LIMA,SANTA ANITA,ESSALUD,II-E,142,38,15,77,data\raw\Capacidad\ConsultaA_Recurso_Salud_2018_v2.csv,9158
00008317,2018,1,LIMA,LIMA,SAN JUAN DE LURIGANCHO,ESSALUD,II-1,53,111,12,74,data\raw\Capacidad\ConsultaA_Recurso_Salud_2018_v2.csv,9191
00006212,2018,6,LIMA,LIMA,LA VICTORIA,MINSA,III-E,52,124,11,128,data\raw\Capacidad\ConsultaA_Recurso_Salud_2018_v2.csv,9299
00009251,2018,3,LIMA,LIMA,LA VICTORIA,ESSALUD,III-2,946,1307,414,1102,data\raw\Capacidad\ConsultaA_Recurso_Salud_2018_v2.csv,9335
00008741,2018,3,LIMA,LIMA,VILLA EL SALVADOR,ESSALUD,II-1,63,77,3,71,data\raw\Capacidad\ConsultaA_Recurso_Salud_2018_v2.csv,9341
00005945,2018,7,LIMA,LIMA,ATE,MINSA,II-1,78,135,61,135,data\raw\Capacidad\ConsultaA_Recurso_Salud_2018_v2.csv,9359
00007734,2018,7,LIMA,LIMA,CHORRILLOS,MINSA,III-2,36,117,47,18,data\raw\Capacidad\ConsultaA_Recurso_Salud_2018_v2.csv,9360
00010434,2018,7,LIMA,LIMA,SANTA ANITA,ESSALUD,II-E,142,38,15,76,data\raw\Capacidad\ConsultaA_Recurso_Salud_2018_v2.csv,9582
00008318,2018,7,LIMA,LIMA,SANTA ANITA,ESSALUD,II-1,46,86,4,66,data\raw\Capacidad\ConsultaA_Recurso_Salud_2018_v2.csv,9681
00005883,2018,8,LIMA,LIMA,ATE,MINSA,II-1,51,73,0,75,data\raw\Capacidad\ConsultaA_Recurso_Salud_2018_v2.csv,9903
00008564,2018,8,LIMA,LIMA,SAN MIGUEL,ESSALUD,II-1,47,98,0,73,data\raw\Capacidad\ConsultaA_Recurso_Salud_2018_v2.csv,10089
00016094,2018,10,LIMA,LIMA,RIMAC,SANIDAD DE LA POLICIA NACIONAL DEL PERU,0,83,44,0,34,data\raw\Capacidad\ConsultaA_Recurso_Salud_2018_v2.csv,10140
00007632,2018,9,LIMA,LIMA,PUENTE PIEDRA,MINSA,II-2,102,144,42,155,data\raw\Capacidad\ConsultaA_Recurso_Salud_2018_v2.csv,10263
00008353,2018,10,LIMA,LIMA,ATE,ESSALUD,II-1,68,105,24,89,data\raw\Capacidad\ConsultaA_Recurso_Salud_2018_v2.csv,10276
00009188,2018,9,LIMA,LIMA,LIMA,ESSALUD,II-1,47,89,4,56,data\raw\Capacidad\ConsultaA_Recurso_Salud_2018_v2.csv,10387
00008564,2018,7,LIMA,LIMA,SAN MIGUEL,ESSALUD,II-1,47,96,0,75,data\raw\Capacidad\ConsultaA_Recurso_Salud_2018_v2.csv,10444
00016094,2018,8,LIMA,LIMA,RIMAC,SANIDAD DE LA POLICIA NACIONAL DEL PERU,0,83,39,0,32,data\raw\Capacidad\ConsultaA_Recurso_Salud_2018_v2.csv,10453
00006217,2018,9,LIMA,LIMA,LIMA,MINSA,III-2,11,108,27,55,data\raw\Capacidad\ConsultaA_Recurso_Salud_2018_v2.csv,10528
00005987,2018,6,LIMA,LIMA,SAN JUAN DE MIRAFLORES,MINSA,III-1,366,490,157,340,data\raw\Capacidad\ConsultaA_Recurso_Salud_2018_v2.csv,10620
00010135,2018,7,LIMA,LIMA,LA MOLINA,ESSALUD,II-1,50,98,6,66,data\raw\Capacidad\ConsultaA_Recurso_Salud_2018_v2.csv,10654
00014718,2018,8,LIMA,LIMA,SAN MIGUEL,SANIDAD DE LA POLICIA NACIONAL DEL PERU,II-E,38,31,0,31,data\raw\Capacidad\ConsultaA_Recurso_Salud_2018_v2.csv,10743
00008720,2018,8,LIMA,LIMA,JESUS MARIA,ESSALUD,III-2,1505,1785,503,1711,data\raw\Capacidad\ConsultaA_Recurso_Salud_2018_v2.csv,10841
00007733,2018,9,LIMA,LIMA,SAN MARTIN DE PORRES,MINSA,III-2,81,113,45,78,data\raw\Capacidad\ConsultaA_Recurso_Salud_2018_v2.csv,10908
00012923,2018,7,LIMA,LIMA,PUENTE PIEDRA,SANIDAD DE LA POLICIA NACIONAL DEL PERU,I-2,0,5,0,9,data\raw\Capacidad\ConsultaA_Recurso_Salud_2018_v2.csv,10944
00010098,2018,8,LIMA,LIMA,CHORRILLOS,SANIDAD DEL EJERCITO DEL PERU,II-E,20,41,0,58,data\raw\Capacidad\ConsultaA_Recurso_Salud_2018_v2.csv,10957
00006217,2018,6,LIMA,LIMA,LIMA,MINSA,III-2,11,108,27,55,data\raw\Capacidad\ConsultaA_Recurso_Salud_2018_v2.csv,11029
00008671,2018,9,LIMA,LIMA,COMAS,ESSALUD,II-1,115,137,0,116,data\raw\Capacidad\ConsultaA_Recurso_Salud_2018_v2.csv,11088
00008502,2018,7,LIMA,LIMA,LIMA,ESSALUD,II-2,228,339,92,209,data\raw\Capacidad\ConsultaA_Recurso_Salud_2018_v2.csv,11134
00005947,2018,8,LIMA,LIMA,LURIGANCHO,MINSA,II-2,67,141,9,107,data\raw\Capacidad\ConsultaA_Recurso_Salud_2018_v2.csv,11377
00008671,2018,8,LIMA,LIMA,COMAS,ESSALUD,II-1,114,134,0,116,data\raw\Capacidad\ConsultaA_Recurso_Salud_2018_v2.csv,11382
00006213,2018,10,LIMA,LIMA,MIRAFLORES,MINSA,III-E,71,152,34,179,data\raw\Capacidad\ConsultaA_Recurso_Salud_2018_v2.csv,11420
00005945,2018,6,LIMA,LIMA,ATE,MINSA,II-1,78,175,44,135,data\raw\Capacidad\ConsultaA_Recurso_Salud_2018_v2.csv,11449
00007632,2018,7,LIMA,LIMA,PUENTE PIEDRA,MINSA,II-2,102,144,42,155,data\raw\Capacidad\ConsultaA_Recurso_Salud_2018_v2.csv,11460
00005883,2018,9,LIMA,LIMA,ATE,MINSA,II-1,51,71,0,75,data\raw\Capacidad\ConsultaA_Recurso_Salud_2018_v2.csv,11732
00007734,2018,6,LIMA,LIMA,CHORRILLOS,MINSA,III-2,36,109,40,17,data\raw\Capacidad\ConsultaA_Recurso_Salud_2018_v2.csv,11757
00009188,2018,8,LIMA,LIMA,LIMA,ESSALUD,II-1,47,89,4,56,data\raw\Capacidad\ConsultaA_Recurso_Salud_2018_v2.csv,11805
00005946,2018,9,LIMA,LIMA,EL AGUSTINO,MINSA,III-1,660,367,215,542,data\raw\Capacidad\ConsultaA_Recurso_Salud_2018_v2.csv,11835
00006216,2018,10,LIMA,LIMA,BREÑA,MINSA,III-2,381,358,33,570,data\raw\Capacidad\ConsultaA_Recurso_Salud_2018_v2.csv,11945
00006216,2018,9,LIMA,LIMA,BREÑA,MINSA,III-2,379,362,32,571,data\raw\Capacidad\ConsultaA_Recurso_Salud_2018_v2.csv,12123
00018011,2018,9,LIMA,LIMA,JESUS MARIA,ESSALUD,III-E,116,146,45,223,data\raw\Capacidad\ConsultaA_Recurso_Salud_2018_v2.csv,12133
00005945,2018,9,LIMA,LIMA,ATE,MINSA,II-1,78,173,57,135,data\raw\Capacidad\ConsultaA_Recurso_Salud_2018_v2.csv,12214
00016918,2018,7,LIMA,LIMA,SAN BORJA,MINSA,III-2,236,342,46,474,data\raw\Capacidad\ConsultaA_Recurso_Salud_2018_v2.csv,12292
00010135,2018,8,LIMA,LIMA,LA MOLINA,ESSALUD,II-1,50,96,6,61,data\raw\Capacidad\ConsultaA_Recurso_Salud_2018_v2.csv,12436
00007734,2018,10,LIMA,LIMA,CHORRILLOS,MINSA,III-2,36,117,47,17,data\raw\Capacidad\ConsultaA_Recurso_Salud_2018_v2.csv,12651
00023159,2018,8,LIMA,LIMA,VILLA EL SALVADOR,MINSA,II-E,140,264,0,311,data\raw\Capacidad\ConsultaA_Recurso_Salud_2018_v2.csv,12882
00007733,2018,10,LIMA,LIMA,SAN MARTIN DE PORRES,MINSA,III-2,81,113,46,80,data\raw\Capacidad\ConsultaA_Recurso_Salud_2018_v2.csv,13114
00010098,2018,6,LIMA,LIMA,CHORRILLOS,SANIDAD DEL EJERCITO DEL PERU,II-E,20,40,0,59,data\raw\Capacidad\ConsultaA_Recurso_Salud_2018_v2.csv,13140
00007632,2018,6,LIMA,LIMA,PUENTE PIEDRA,MINSA,II-2,102,142,27,156,data\raw\Capacidad\ConsultaA_Recurso_Salud_2018_v2.csv,13151
00008489,2018,8,LIMA,LIMA,MIRAFLORES,ESSALUD,II-2,87,194,0,146,data\raw\Capacidad\ConsultaA_Recurso_Salud_2018_v2.csv,13220
00006206,2018,6,LIMA,LIMA,LIMA,MINSA,III-1,629,366,149,305,data\raw\Capacidad\ConsultaA_Recurso_Salud_2018_v2.csv,13253
00008502,2018,8,LIMA,LIMA,LIMA,ESSALUD,II-2,228,337,92,203,data\raw\Capacidad\ConsultaA_Recurso_Salud_2018_v2.csv,13434
00006217,2018,7,LIMA,LIMA,LIMA,MINSA,III-2,11,108,27,55,data\raw\Capacidad\ConsultaA_Recurso_Salud_2018_v2.csv,13455
00006216,2018,7,LIMA,LIMA,BREÑA,MINSA,III-2,387,365,23,573,data\raw\Capacidad\ConsultaA_Recurso_Salud_2018_v2.csv,13467
00007634,2018,10,LIMA,LIMA,COMAS,MINSA,III-1,253,211,114,241,data\raw\Capacidad\ConsultaA_Recurso_Salud_2018_v2.csv,13541
00010751,2018,9,LIMA,LIMA,MIRAFLORES,SANIDAD DE LA FUERZA AEREA DEL PERU,III-1,283,289,23,243,data\raw\Capacidad\ConsultaA_Recurso_Salud_2018_v2.csv,13628
00008502,2018,9,LIMA,LIMA,LIMA,ESSALUD,II-2,229,333,92,208,data\raw\Capacidad\ConsultaA_Recurso_Salud_2018_v2.csv,13681
00008353,2018,9,LIMA,LIMA,ATE,ESSALUD,II-1,68,105,24,89,data\raw\Capacidad\ConsultaA_Recurso_Salud_2018_v2.csv,13838
00008317,2018,6,LIMA,LIMA,SAN JUAN DE LURIGANCHO,ESSALUD,II-1,52,105,12,74,data\raw\Capacidad\ConsultaA_Recurso_Salud_2018_v2.csv,13957
00006214,2018,10,LIMA,LIMA,MAGDALENA DEL MAR,MINSA,III-1,590,116,43,122,data\raw\Capacidad\ConsultaA_Recurso_Salud_2018_v2.csv,14130
00005946,2018,10,LIMA,LIMA,EL AGUSTINO,MINSA,III-1,654,366,215,536,data\raw\Capacidad\ConsultaA_Recurso_Salud_2018_v2.csv,14147
00006217,2018,10,LIMA,LIMA,LIMA,MINSA,III-2,11,108,27,55,data\raw\Capacidad\ConsultaA_Recurso_Salud_2018_v2.csv,14167
00017024,2018,8,LIMA,LIMA,JESUS MARIA,SANIDAD DEL EJERCITO DEL PERU,III-1,649,268,78,431,data\raw\Capacidad\ConsultaA_Recurso_Salud_2018_v2.csv,14209
00007634,2018,8,LIMA,LIMA,COMAS,MINSA,III-1,271,203,114,237,data\raw\Capacidad\ConsultaA_Recurso_Salud_2018_v2.csv,14212
00006213,2018,8,LIMA,LIMA,MIRAFLORES,MINSA,III-E,71,149,28,174,data\raw\Capacidad\ConsultaA_Recurso_Salud_2018_v2.csv,14307
00005883,2018,6,LIMA,LIMA,ATE,MINSA,II-1,51,71,0,56,data\raw\Capacidad\ConsultaA_Recurso_Salud_2018_v2.csv,14379
00006217,2018,8,LIMA,LIMA,LIMA,MINSA,III-2,11,108,27,55,data\raw\Capacidad\ConsultaA_Recurso_Salud_2018_v2.csv,14445
00006210,2018,6,LIMA,LIMA,SURQUILLO,MINSA,III-2,420,229,220,500,data\raw\Capacidad\ConsultaA_Recurso_Salud_2018_v2.csv,14488
00008564,2018,10,LIMA,LIMA,SAN MIGUEL,ESSALUD,II-1,47,98,0,69,data\raw\Capacidad\ConsultaA_Recurso_Salud_2018_v2.csv,14560
00005945,2018,8,LIMA,LIMA,ATE,MINSA,II-1,78,174,57,135,data\raw\Capacidad\ConsultaA_Recurso_Salud_2018_v2.csv,14650
00009251,2018,7,LIMA,LIMA,LA VICTORIA,ESSALUD,III-2,956,1291,419,1093,data\raw\Capacidad\ConsultaA_Recurso_Salud_2018_v2.csv,14753
00005987,2018,10,LIMA,LIMA,SAN JUAN DE MIRAFLORES,MINSA,III-1,387,509,191,342,data\raw\Capacidad\ConsultaA_Recurso_Salud_2018_v2.csv,14878
00010434,2018,10,LIMA,LIMA,SANTA ANITA,ESSALUD,II-E,164,37,15,75,data\raw\Capacidad\ConsultaA_Recurso_Salud_2018_v2.csv,14900
00013591,2018,10,LIMA,LIMA,JESUS MARIA,SANIDAD DE LA POLICIA NACIONAL DEL PERU,III-1,345,462,179,368,data\raw\Capacidad\ConsultaA_Recurso_Salud_2018_v2.csv,14901
00009188,2018,7,LIMA,LIMA,LIMA,ESSALUD,II-1,49,89,4,56,data\raw\Capacidad\ConsultaA_Recurso_Salud_2018_v2.csv,15047
00007632,2018,8,LIMA,LIMA,PUENTE PIEDRA,MINSA,II-2,102,144,42,155,data\raw\Capacidad\ConsultaA_Recurso_Salud_2018_v2.csv,15099
00014718,2018,7,LIMA,LIMA,SAN MIGUEL,SANIDAD DE LA POLICIA NACIONAL DEL PERU,II-E,38,30,1,31,data\raw\Capacidad\ConsultaA_Recurso_Salud_2018_v2.csv,15151
00008489,2018,9,LIMA,LIMA,MIRAFLORES,ESSALUD,II-2,86,194,0,141,data\raw\Capacidad\ConsultaA_Recurso_Salud_2018_v2.csv,15201
00006207,2018,9,LIMA,LIMA,LIMA,MINSA,III-1,561,426,208,487,data\raw\Capacidad\ConsultaA_Recurso_Salud_2018_v2.csv,15204
00005947,2018,9,LIMA,LIMA,LURIGANCHO,MINSA,II-2,67,141,9,107,data\raw\Capacidad\ConsultaA_Recurso_Salud_2018_v2.csv,15388
00005987,2018,9,LIMA,LIMA,SAN JUAN DE MIRAFLORES,MINSA,III-1,376,496,191,335,data\raw\Capacidad\ConsultaA_Recurso_Salud_2018_v2.csv,15418
00008720,2018,9,LIMA,LIMA,JESUS MARIA,ESSALUD,III-2,1505,1800,508,1706,data\raw\Capacidad\ConsultaA_Recurso_Salud_2018_v2.csv,15420
00008317,2018,9,LIMA,LIMA,SAN JUAN DE LURIGANCHO,ESSALUD,II-1,53,102,12,78,data\raw\Capacidad\ConsultaA_Recurso_Salud_2018_v2.csv,15467
00006208,2018,9,LIMA,LIMA,LIMA,MINSA,III-2,398,275,68,396,data\raw\Capacidad\ConsultaA_Recurso_Salud_2018_v2.csv,15478
00005947,2018,10,LIMA,LIMA,LURIGANCHO,MINSA,II-2,67,141,9,107,data\raw\Capacidad\ConsultaA_Recurso_Salud_2018_v2.csv,15511
00006208,2018,10,LIMA,LIMA,LIMA,MINSA,III-2,398,256,68,364,data\raw\Capacidad\ConsultaA_Recurso_Salud_2018_v2.csv,15515
00006213,2018,6,LIMA,LIMA,MIRAFLORES,MINSA,III-E,71,149,28,176,data\raw\Capacidad\ConsultaA_Recurso_Salud_2018_v2.csv,15541
00007733,2018,8,LIMA,LIMA,SAN MARTIN DE PORRES,MINSA,III-2,81,103,44,60,data\raw\Capacidad\ConsultaA_Recurso_Salud_2018_v2.csv,15564
00008741,2018,8,LIMA,LIMA,VILLA EL SALVADOR,ESSALUD,II-1,76,75,6,58,data\raw\Capacidad\ConsultaA_Recurso_Salud_2018_v2.csv,15611
00006208,2018,8,LIMA,LIMA,LIMA,MINSA,III-2,398,264,68,393,data\raw\Capacidad\ConsultaA_Recurso_Salud_2018_v2.csv,15666
00008353,2018,7,LIMA,LIMA,ATE,ESSALUD,II-1,68,106,24,89,data\raw\Capacidad\ConsultaA_Recurso_Salud_2018_v2.csv,15749
00010751,2018,8,LIMA,LIMA,MIRAFLORES,SANIDAD DE LA FUERZA AEREA DEL PERU,III-1,283,289,23,243,data\raw\Capacidad\ConsultaA_Recurso_Salud_2018_v2.csv,15885
00006206,2018,7,LIMA,LIMA,LIMA,MINSA,III-1,637,391,168,308,data\raw\Capacidad\ConsultaA_Recurso_Salud_2018_v2.csv,16022
00007633,2018,8,LIMA,LIMA,SAN MARTIN DE PORRES,MINSA,III-1,373,659,380,580,data\raw\Capacidad\ConsultaA_Recurso_Salud_2018_v2.csv,16056
00008741,2018,9,LIMA,LIMA,VILLA EL SALVADOR,ESSALUD,II-1,76,76,6,58,data\raw\Capacidad\ConsultaA_Recurso_Salud_2018_v2.csv,16321
00008317,2018,10,LIMA,LIMA,SAN JUAN DE LURIGANCHO,ESSALUD,II-1,53,100,12,78,data\raw\Capacidad\ConsultaA_Recurso_Salud_2018_v2.csv,16356
00007634,2018,6,LIMA,LIMA,COMAS,MINSA,III-1,271,207,114,239,data\raw\Capacidad\ConsultaA_Recurso_Salud_2018_v2.csv,16369
00008502,2018,6,LIMA,LIMA,LIMA,ESSALUD,II-2,228,341,92,207,data\raw\Capacidad\ConsultaA_Recurso_Salud_2018_v2.csv,16371
00010751,2018,7,LIMA,LIMA,MIRAFLORES,SANIDAD DE LA FUERZA AEREA DEL PERU,III-1,283,289,23,243,data\raw\Capacidad\ConsultaA_Recurso_Salud_2018_v2.csv,16390
00006208,2018,7,LIMA,LIMA,LIMA,MINSA,III-2,398,264,68,394,data\raw\Capacidad\ConsultaA_Recurso_Salud_2018_v2.csv,16409
00006212,2018,9,LIMA,LIMA,LA VICTORIA,MINSA,III-E,51,129,11,132,data\raw\Capacidad\ConsultaA_Recurso_Salud_2018_v2.csv,16520
00010098,2018,9,LIMA,LIMA,CHORRILLOS,SANIDAD DEL EJERCITO DEL PERU,II-E,20,41,0,58,data\raw\Capacidad\ConsultaA_Recurso_Salud_2018_v2.csv,16523
00005883,2018,7,LIMA,LIMA,ATE,MINSA,II-1,51,72,0,76,data\raw\Capacidad\ConsultaA_Recurso_Salud_2018_v2.csv,16603
00007633,2018,7,LIMA,LIMA,SAN MARTIN DE PORRES,MINSA,III-1,375,685,285,462,data\raw\Capacidad\ConsultaA_Recurso_Salud_2018_v2.csv,16680
00008318,2018,9,LIMA,LIMA,SANTA ANITA,ESSALUD,II-1,46,85,3,66,data\raw\Capacidad\ConsultaA_Recurso_Salud_2018_v2.csv,16690
00005946,2018,7,LIMA,LIMA,EL AGUSTINO,MINSA,III-1,660,362,216,537,data\raw\Capacidad\ConsultaA_Recurso_Salud_2018_v2.csv,16781
00010098,2018,7,LIMA,LIMA,CHORRILLOS,SANIDAD DEL EJERCITO DEL PERU,II-E,20,40,0,59,data\raw\Capacidad\ConsultaA_Recurso_Salud_2018_v2.csv,16796
00017024,2018,7,LIMA,LIMA,JESUS MARIA,SANIDAD DEL EJERCITO DEL PERU,III-1,671,262,78,433,data\raw\Capacidad\ConsultaA_Recurso_Salud_2018_v2.csv,16912
00006210,2018,7,LIMA,LIMA,SURQUILLO,MINSA,III-2,420,227,182,494,data\raw\Capacidad\ConsultaA_Recurso_Salud_2018_v2.csv,17152
00016094,2018,9,LIMA,LIMA,RIMAC,SANIDAD DE LA POLICIA NACIONAL DEL PERU,0,83,32,0,36,data\raw\Capacidad\ConsultaA_Recurso_Salud_2018_v2.csv,17158
00007634,2018,7,LIMA,LIMA,COMAS,MINSA,III-1,273,205,114,238,data\raw\Capacidad\ConsultaA_Recurso_Salud_2018_v2.csv,17161
00013591,2018,6,LIMA,LIMA,JESUS MARIA,SANIDAD DE LA POLICIA NACIONAL DEL PERU,III-1,322,504,185,378,data\raw\Capacidad\ConsultaA_Recurso_Salud_2018_v2.csv,17210
00007733,2018,7,LIMA,LIMA,SAN MARTIN DE PORRES,MINSA,III-2,96,102,44,59,data\raw\Capacidad\ConsultaA_Recurso_Salud_2018_v2.csv,17225
00013591,2018,7,LIMA,LIMA,JESUS MARIA,SANIDAD DE LA POLICIA NACIONAL DEL PERU,III-1,330,492,184,373,data\raw\Capacidad\ConsultaA_Recurso_Salud_2018_v2.csv,17229
00008489,2018,7,LIMA,LIMA,MIRAFLORES,ESSALUD,II-2,88,194,0,145,data\raw\Capacidad\ConsultaA_Recurso_Salud_2018_v2.csv,17233
00023159,2018,7,LIMA,LIMA,VILLA EL SALVADOR,MINSA,II-E,140,243,0,313,data\raw\Capacidad\ConsultaA_Recurso_Salud_2018_v2.csv,17246
00005946,2018,8,LIMA,LIMA,EL AGUSTINO,MINSA,III-1,660,362,216,537,data\raw\Capacidad\ConsultaA_Recurso_Salud_2018_v2.csv,17249
00012923,2018,8,LIMA,LIMA,PUENTE PIEDRA,SANIDAD DE LA POLICIA NACIONAL DEL PERU,I-2,0,4,0,9,data\raw\Capacidad\ConsultaA_Recurso_Salud_2018_v2.csv,17422
00010434,2018,8,LIMA,LIMA,SANTA ANITA,ESSALUD,II-E,142,38,15,75,data\raw\Capacidad\ConsultaA_Recurso_Salud_2018_v2.csv,17447
00023159,2018,9,LIMA,LIMA,VILLA EL SALVADOR,MINSA,II-E,194,252,0,311,data\raw\Capacidad\ConsultaA_Recurso_Salud_2018_v2.csv,17484
00010135,2018,6,LIMA,LIMA,LA MOLINA,ESSALUD,II-1,50,102,7,66,data\raw\Capacidad\ConsultaA_Recurso_Salud_2018_v2.csv,17508
00006213,2018,7,LIMA,LIMA,MIRAFLORES,MINSA,III-E,71,149,28,176,data\raw\Capacidad\ConsultaA_Recurso_Salud_2018_v2.csv,17512
00016094,2018,7,LIMA,LIMA,RIMAC,SANIDAD DE LA POLICIA NACIONAL DEL PERU,0,83,42,0,32,data\raw\Capacidad\ConsultaA_Recurso_Salud_2018_v2.csv,17630
00018011,2018,7,LIMA,LIMA,JESUS MARIA,ESSALUD,III-E,110,143,45,222,data\raw\Capacidad\ConsultaA_Recurso_Salud_2018_v2.csv,17631
00006207,2018,8,LIMA,LIMA,LIMA,MINSA,III-1,561,437,209,484,data\raw\Capacidad\ConsultaA_Recurso_Salud_2018_v2.csv,17932
00006212,2018,8,LIMA,LIMA,LA VICTORIA,MINSA,III-E,50,129,11,132,data\raw\Capacidad\ConsultaA_Recurso_Salud_2018_v2.csv,18066
00006213,2018,9,LIMA,LIMA,MIRAFLORES,MINSA,III-E,71,152,39,179,data\raw\Capacidad\ConsultaA_Recurso_Salud_2018_v2.csv,18092
00018011,2018,10,LIMA,LIMA,JESUS MARIA,ESSALUD,III-E,116,148,45,223,data\raw\Capacidad\ConsultaA_Recurso_Salud_2018_v2.csv,18094
00006216,2018,6,LIMA,LIMA,BREÑA,MINSA,III-2,386,366,29,570,data\raw\Capacidad\ConsultaA_Recurso_Salud_2018_v2.csv,18137
00014718,2018,9,LIMA,LIMA,SAN MIGUEL,SANIDAD DE LA POLICIA NACIONAL DEL PERU,II-E,38,30,0,30,data\raw\Capacidad\ConsultaA_Recurso_Salud_2018_v2.csv,18179
00007734,2018,9,LIMA,LIMA,CHORRILLOS,MINSA,III-2,36,117,47,17,data\raw\Capacidad\ConsultaA_Recurso_Salud_2018_v2.csv,18203
00012923,2018,10,LIMA,LIMA,PUENTE PIEDRA,SANIDAD DE LA POLICIA NACIONAL DEL PERU,I-2,0,4,0,9,data\raw\Capacidad\ConsultaA_Recurso_Salud_2018_v2.csv,18328
00007633,2018,6,LIMA,LIMA,SAN MARTIN DE PORRES,MINSA,III-1,373,685,354,416,data\raw\Capacidad\ConsultaA_Recurso_Salud_2018_v2.csv,18657
00023159,2018,6,LIMA,LIMA,VILLA EL SALVADOR,MINSA,II-E,126,256,0,261,data\raw\Capacidad\ConsultaA_Recurso_Salud_2018_v2.csv,18660
00008318,2018,10,LIMA,LIMA,SANTA ANITA,ESSALUD,II-1,46,85,5,66,data\raw\Capacidad\ConsultaA_Recurso_Salud_2018_v2.csv,18844
00009251,2018,10,LIMA,LIMA,LA VICTORIA,ESSALUD,III-2,955,1307,419,1100,data\raw\Capacidad\ConsultaA_Recurso_Salud_2018_v2.csv,18927
00007634,2018,9,LIMA,LIMA,COMAS,MINSA,III-1,271,203,114,237,data\raw\Capacidad\ConsultaA_Recurso_Salud_2018_v2.csv,19135
00008671,2018,10,LIMA,LIMA,COMAS,ESSALUD,II-1,115,137,0,116,data\raw\Capacidad\ConsultaA_Recurso_Salud_2018_v2.csv,19240
00010751,2018,6,LIMA,LIMA,MIRAFLORES,SANIDAD DE LA FUERZA AEREA DEL PERU,III-1,283,273,18,234,data\raw\Capacidad\ConsultaA_Recurso_Salud_2018_v2.csv,19391
00008741,2018,6,LIMA,LIMA,VILLA EL SALVADOR,ESSALUD,II-1,63,83,6,71,data\raw\Capacidad\ConsultaA_Recurso_Salud_2018_v2.csv,19404
00008317,2018,7,LIMA,LIMA,SAN JUAN DE LURIGANCHO,ESSALUD,II-1,52,103,12,78,data\raw\Capacidad\ConsultaA_Recurso_Salud_2018_v2.csv,19452
00006216,2018,8,LIMA,LIMA,BREÑA,MINSA,III-2,383,362,53,569,data\raw\Capacidad\ConsultaA_Recurso_Salud_2018_v2.csv,19524
00006208,2018,6,LIMA,LIMA,LIMA,MINSA,III-2,398,268,68,388,data\raw\Capacidad\ConsultaA_Recurso_Salud_2018_v2.csv,19782
00009251,2018,9,LIMA,LIMA,LA VICTORIA,ESSALUD,III-2,958,1297,419,1100,data\raw\Capacidad\ConsultaA_Recurso_Salud_2018_v2.csv,19859
00016918,2018,9,LIMA,LIMA,SAN BORJA,MINSA,III-2,236,353,58,474,data\raw\Capacidad\ConsultaA_Recurso_Salud_2018_v2.csv,19880
00008318,2018,8,LIMA,LIMA,SANTA ANITA,ESSALUD,II-1,46,88,3,66,data\raw\Capacidad\ConsultaA_Recurso_Salud_2018_v2.csv,19950
00005987,2018,8,LIMA,LIMA,SAN JUAN DE MIRAFLORES,MINSA,III-1,366,500,199,334,data\raw\Capacidad\ConsultaA_Recurso_Salud_2018_v2.csv,19970
00017024,2018,9,LIMA,LIMA,JESUS MARIA,SANIDAD DEL EJERCITO DEL PERU,III-1,649,268,78,431,data\raw\Capacidad\ConsultaA_Recurso_Salud_2018_v2.csv,19974
00007633,2018,9,LIMA,LIMA,SAN MARTIN DE PORRES,MINSA,III-1,370,656,376,580,data\raw\Capacidad\ConsultaA_Recurso_Salud_2018_v2.csv,19999
00006206,2018,8,LIMA,LIMA,LIMA,MINSA,III-1,631,394,167,312,data\raw\Capacidad\ConsultaA_Recurso_Salud_2018_v2.csv,20033
00017024,2018,10,LIMA,LIMA,JESUS MARIA,SANIDAD DEL EJERCITO DEL PERU,III-1,649,268,78,431,data\raw\Capacidad\ConsultaA_Recurso_Salud_2018_v2.csv,20067
00008720,2018,7,LIMA,LIMA,JESUS MARIA,ESSALUD,III-2,1504,1687,347,1722,data\raw\Capacidad\ConsultaA_Recurso_Salud_2018_v2.csv,20226
00006210,2018,9,LIMA,LIMA,SURQUILLO,MINSA,III-2,420,232,179,526,data\raw\Capacidad\ConsultaA_Recurso_Salud_2018_v2.csv,20262
00014718,2018,10,LIMA,LIMA,SAN MIGUEL,SANIDAD DE LA POLICIA NACIONAL DEL PERU,II-E,38,28,0,31,data\raw\Capacidad\ConsultaA_Recurso_Salud_2018_v2.csv,20276
00009188,2018,10,LIMA,LIMA,LIMA,ESSALUD,II-1,47,89,4,56,data\raw\Capacidad\ConsultaA_Recurso_Salud_2018_v2.csv,20288
00005947,2018,7,LIMA,LIMA,LURIGANCHO,MINSA,II-2,67,135,9,103,data\raw\Capacidad\ConsultaA_Recurso_Salud_2018_v2.csv,20346
00008564,2018,9,LIMA,LIMA,SAN MIGUEL,ESSALUD,II-1,47,97,0,66,data\raw\Capacidad\ConsultaA_Recurso_Salud_2018_v2.csv,20365
00018011,2018,6,LIMA,LIMA,JESUS MARIA,ESSALUD,III-E,109,142,44,223,data\raw\Capacidad\ConsultaA_Recurso_Salud_2018_v2.csv,20528
00006212,2018,7,LIMA,LIMA,LA VICTORIA,MINSA,III-E,50,127,11,132,data\raw\Capacidad\ConsultaA_Recurso_Salud_2018_v2.csv,20756
00008353,2018,8,LIMA,LIMA,ATE,ESSALUD,II-1,68,105,24,89,data\raw\Capacidad\ConsultaA_Recurso_Salud_2018_v2.csv,20788
00008671,2018,7,LIMA,LIMA,COMAS,ESSALUD,II-1,114,134,0,116,data\raw\Capacidad\ConsultaA_Recurso_Salud_2018_v2.csv,20833
00006210,2018,8,LIMA,LIMA,SURQUILLO,MINSA,III-2,420,230,182,523,data\raw\Capacidad\ConsultaA_Recurso_Salud_2018_v2.csv,20858
00008741,2018,7,LIMA,LIMA,VILLA EL SALVADOR,ESSALUD,II-1,63,75,6,68,data\raw\Capacidad\ConsultaA_Recurso_Salud_2018_v2.csv,20964
00006207,2018,7,LIMA,LIMA,LIMA,MINSA,III-1,561,409,202,487,data\raw\Capacidad\ConsultaA_Recurso_Salud_2018_v2.csv,21040
00005987,2018,7,LIMA,LIMA,SAN JUAN DE MIRAFLORES,MINSA,III-1,366,521,214,346,data\raw\Capacidad\ConsultaA_Recurso_Salud_2018_v2.csv,21168
00008317,2018,8,LIMA,LIMA,SAN JUAN DE LURIGANCHO,ESSALUD,II-1,52,105,12,79,data\raw\Capacidad\ConsultaA_Recurso_Salud_2018_v2.csv,21194
00018011,2018,8,LIMA,LIMA,JESUS MARIA,ESSALUD,III-E,109,145,45,222,data\raw\Capacidad\ConsultaA_Recurso_Salud_2018_v2.csv,21274
00006206,2018,9,LIMA,LIMA,LIMA,MINSA,III-1,627,388,168,306,data\raw\Capacidad\ConsultaA_Recurso_Salud_2018_v2.csv,21330
00010135,2018,9,LIMA,LIMA,LA MOLINA,ESSALUD,II-1,50,102,6,64,data\raw\Capacidad\ConsultaA_Recurso_Salud_2018_v2.csv,21334
00016918,2018,6,LIMA,LIMA,SAN BORJA,MINSA,III-2,236,358,62,474,data\raw\Capacidad\ConsultaA_Recurso_Salud_2018_v2.csv,21441
00007734,2018,8,LIMA,LIMA,CHORRILLOS,MINSA,III-2,36,117,47,18,data\raw\Capacidad\ConsultaA_Recurso_Salud_2018_v2.csv,21478
00012923,2018,9,LIMA,LIMA,PUENTE PIEDRA,SANIDAD DE LA POLICIA NACIONAL DEL PERU,I-2,0,4,0,9,data\raw\Capacidad\ConsultaA_Recurso_Salud_2018_v2.csv,21577
00009251,2018,8,LIMA,LIMA,LA VICTORIA,ESSALUD,III-2,954,1296,419,1102,data\raw\Capacidad\ConsultaA_Recurso_Salud_2018_v2.csv,21690
00006207,2018,6,LIMA,LIMA,LIMA,MINSA,III-1,561,421,207,493,data\raw\Capacidad\ConsultaA_Recurso_Salud_2018_v2.csv,21750
00010434,2018,9,LIMA,LIMA,SANTA ANITA,ESSALUD,II-E,142,38,15,74,data\raw\Capacidad\ConsultaA_Recurso_Salud_2018_v2.csv,22117
00016918,2018,8,LIMA,LIMA,SAN BORJA,MINSA,III-2,236,342,41,474,data\raw\Capacidad\ConsultaA_Recurso_Salud_2018_v2.csv,22282
00023159,2018,10,LIMA,LIMA,VILLA EL SALVADOR,MINSA,II-E,194,227,0,311,data\raw\Capacidad\ConsultaA_Recurso_Salud_2018_v2.csv,22465
00007733,2018,11,LIMA,LIMA,SAN MARTIN DE PORRES,MINSA,III-2,81,113,45,82,data\raw\Capacidad\ConsultaA_Recurso_Salud_2018_v2.csv,22518
00007632,2018,12,LIMA,LIMA,PUENTE PIEDRA,MINSA,II-2,102,144,42,157,data\raw\Capacidad\ConsultaA_Recurso_Salud_2018_v2.csv,22556
00016094,2018,11,LIMA,LIMA,RIMAC,SANIDAD DE LA POLICIA NACIONAL DEL PERU,0,83,44,0,23,data\raw\Capacidad\ConsultaA_Recurso_Salud_2018_v2.csv,22562
00005987,2018,12,LIMA,LIMA,SAN JUAN DE MIRAFLORES,MINSA,III-1,366,527,203,366,data\raw\Capacidad\ConsultaA_Recurso_Salud_2018_v2.csv,22635
00006211,2018,2,LIMA,LIMA,PUEBLO LIBRE,MINSA,III-1,176,193,48,212,data\raw\Capacidad\ConsultaA_Recurso_Salud_2018_v2.csv,22772
00007634,2018,12,LIMA,LIMA,COMAS,MINSA,III-1,272,211,114,241,data\raw\Capacidad\ConsultaA_Recurso_Salud_2018_v2.csv,22829
00006208,2018,11,LIMA,LIMA,LIMA,MINSA,III-2,398,295,67,431,data\raw\Capacidad\ConsultaA_Recurso_Salud_2018_v2.csv,22865
00008489,2018,12,LIMA,LIMA,MIRAFLORES,ESSALUD,II-2,88,201,0,149,data\raw\Capacidad\ConsultaA_Recurso_Salud_2018_v2.csv,22906
00006211,2018,7,LIMA,LIMA,PUEBLO LIBRE,MINSA,III-1,176,193,48,212,data\raw\Capacidad\ConsultaA_Recurso_Salud_2018_v2.csv,22909
00006211,2018,1,LIMA,LIMA,PUEBLO LIBRE,MINSA,III-1,176,193,48,212,data\raw\Capacidad\ConsultaA_Recurso_Salud_2018_v2.csv,22911
00005617,2018,7,LIMA,LIMA,SAN JUAN DE LURIGANCHO,MINSA,II-2,148,187,3,442,data\raw\Capacidad\ConsultaA_Recurso_Salud_2018_v2.csv,22912
00010751,2018,10,LIMA,LIMA,MIRAFLORES,SANIDAD DE LA FUERZA AEREA DEL PERU,III-1,283,289,23,243,data\raw\Capacidad\ConsultaA_Recurso_Salud_2018_v2.csv,22916
00012923,2018,11,LIMA,LIMA,PUENTE PIEDRA,SANIDAD DE LA POLICIA NACIONAL DEL PERU,I-2,0,3,0,9,data\raw\Capacidad\ConsultaA_Recurso_Salud_2018_v2.csv,23022
00008489,2018,10,LIMA,LIMA,MIRAFLORES,ESSALUD,II-2,88,191,0,144,data\raw\Capacidad\ConsultaA_Recurso_Salud_2018_v2.csv,23147
00007633,2018,12,LIMA,LIMA,SAN MARTIN DE PORRES,MINSA,III-1,372,640,325,580,data\raw\Capacidad\ConsultaA_Recurso_Salud_2018_v2.csv,23174
00006211,2018,5,LIMA,LIMA,PUEBLO LIBRE,MINSA,III-1,176,193,48,212,data\raw\Capacidad\ConsultaA_Recurso_Salud_2018_v2.csv,23176
00006211,2018,4,LIMA,LIMA,PUEBLO LIBRE,MINSA,III-1,176,193,48,212,data\raw\Capacidad\ConsultaA_Recurso_Salud_2018_v2.csv,23177
00009188,2018,11,LIMA,LIMA,LIMA,ESSALUD,II-1,47,89,4,56,data\raw\Capacidad\ConsultaA_Recurso_Salud_2018_v2.csv,23203
00006211,2018,11,LIMA,LIMA,PUEBLO LIBRE,MINSA,III-1,176,245,50,270,data\raw\Capacidad\ConsultaA_Recurso_Salud_2018_v2.csv,23249
00007632,2018,10,LIMA,LIMA,PUENTE PIEDRA,MINSA,II-2,102,144,32,155,data\raw\Capacidad\ConsultaA_Recurso_Salud_2018_v2.csv,23394
00016918,2018,10,LIMA,LIMA,SAN BORJA,MINSA,III-2,236,392,58,474,data\raw\Capacidad\ConsultaA_Recurso_Salud_2018_v2.csv,23561
00006207,2018,12,LIMA,LIMA,LIMA,MINSA,III-1,561,429,216,484,data\raw\Capacidad\ConsultaA_Recurso_Salud_2018_v2.csv,23593
00018011,2018,11,LIMA,LIMA,JESUS MARIA,ESSALUD,III-E,113,147,45,224,data\raw\Capacidad\ConsultaA_Recurso_Salud_2018_v2.csv,23630
00006216,2018,11,LIMA,LIMA,BREÑA,MINSA,III-2,379,363,70,596,data\raw\Capacidad\ConsultaA_Recurso_Salud_2018_v2.csv,23824
00005617,2018,9,LIMA,LIMA,SAN JUAN DE LURIGANCHO,MINSA,II-2,148,165,3,452,data\raw\Capacidad\ConsultaA_Recurso_Salud_2018_v2.csv,23832
00008720,2018,11,LIMA,LIMA,JESUS MARIA,ESSALUD,III-2,1505,1899,509,1805,data\raw\Capacidad\ConsultaA_Recurso_Salud_2018_v2.csv,23890
00023159,2018,11,LIMA,LIMA,VILLA EL SALVADOR,MINSA,II-E,194,248,0,328,data\raw\Capacidad\ConsultaA_Recurso_Salud_2018_v2.csv,24011
00006207,2018,11,LIMA,LIMA,LIMA,MINSA,III-1,561,433,219,464,data\raw\Capacidad\ConsultaA_Recurso_Salud_2018_v2.csv,24012
00007733,2018,4,LIMA,LIMA,SAN MARTIN DE PORRES,MINSA,III-2,94,105,44,64,data\raw\Capacidad\ConsultaA_Recurso_Salud_2018_v2.csv,24034
00008564,2018,11,LIMA,LIMA,SAN MIGUEL,ESSALUD,II-1,47,96,0,69,data\raw\Capacidad\ConsultaA_Recurso_Salud_2018_v2.csv,24185
00010098,2018,11,LIMA,LIMA,CHORRILLOS,SANIDAD DEL EJERCITO DEL PERU,II-E,21,41,0,59,data\raw\Capacidad\ConsultaA_Recurso_Salud_2018_v2.csv,24447
00006210,2018,11,LIMA,LIMA,SURQUILLO,MINSA,III-2,414,230,162,529,data\raw\Capacidad\ConsultaA_Recurso_Salud_2018_v2.csv,24471
00006211,2018,9,LIMA,LIMA,PUEBLO LIBRE,MINSA,III-1,176,245,50,270,data\raw\Capacidad\ConsultaA_Recurso_Salud_2018_v2.csv,24587
00017024,2018,12,LIMA,LIMA,JESUS MARIA,SANIDAD DEL EJERCITO DEL PERU,III-1,647,268,78,431,data\raw\Capacidad\ConsultaA_Recurso_Salud_2018_v2.csv,24633
00008318,2018,12,LIMA,LIMA,SANTA ANITA,ESSALUD,II-1,57,89,5,66,data\raw\Capacidad\ConsultaA_Recurso_Salud_2018_v2.csv,24758
00009251,2018,11,LIMA,LIMA,LA VICTORIA,ESSALUD,III-2,965,1311,421,1097,data\raw\Capacidad\ConsultaA_Recurso_Salud_2018_v2.csv,24844
00006214,2018,9,LIMA,LIMA,MAGDALENA DEL MAR,MINSA,III-1,590,119,43,125,data\raw\Capacidad\ConsultaA_Recurso_Salud_2018_v2.csv,24846
00006208,2018,12,LIMA,LIMA,LIMA,MINSA,III-2,398,274,67,397,data\raw\Capacidad\ConsultaA_Recurso_Salud_2018_v2.csv,24850
00017024,2018,11,LIMA,LIMA,JESUS MARIA,SANIDAD DEL EJERCITO DEL PERU,III-1,649,268,78,431,data\raw\Capacidad\ConsultaA_Recurso_Salud_2018_v2.csv,25028
00005947,2018,12,LIMA,LIMA,LURIGANCHO,MINSA,II-2,67,141,9,107,data\raw\Capacidad\ConsultaA_Recurso_Salud_2018_v2.csv,25032
00006214,2018,7,LIMA,LIMA,MAGDALENA DEL MAR,MINSA,III-1,590,119,44,128,data\raw\Capacidad\ConsultaA_Recurso_Salud_2018_v2.csv,25095
00008317,2018,11,LIMA,LIMA,SAN JUAN DE LURIGANCHO,ESSALUD,II-1,53,99,12,76,data\raw\Capacidad\ConsultaA_Recurso_Salud_2018_v2.csv,25172
00006213,2018,11,LIMA,LIMA,MIRAFLORES,MINSA,III-E,71,152,34,179,data\raw\Capacidad\ConsultaA_Recurso_Salud_2018_v2.csv,25173
00016918,2018,11,LIMA,LIMA,SAN BORJA,MINSA,III-2,236,391,57,474,data\raw\Capacidad\ConsultaA_Recurso_Salud_2018_v2.csv,25177
00018011,2018,12,LIMA,LIMA,JESUS MARIA,ESSALUD,III-E,110,147,45,227,data\raw\Capacidad\ConsultaA_Recurso_Salud_2018_v2.csv,25186
00005987,2018,11,LIMA,LIMA,SAN JUAN DE MIRAFLORES,MINSA,III-1,366,484,211,360,data\raw\Capacidad\ConsultaA_Recurso_Salud_2018_v2.csv,25228
00006212,2018,11,LIMA,LIMA,LA VICTORIA,MINSA,III-E,51,128,10,132,data\raw\Capacidad\ConsultaA_Recurso_Salud_2018_v2.csv,25295
00006214,2018,8,LIMA,LIMA,MAGDALENA DEL MAR,MINSA,III-1,590,121,44,122,data\raw\Capacidad\ConsultaA_Recurso_Salud_2018_v2.csv,25352
00013591,2018,12,LIMA,LIMA,JESUS MARIA,SANIDAD DE LA POLICIA NACIONAL DEL PERU,III-1,484,428,179,333,data\raw\Capacidad\ConsultaA_Recurso_Salud_2018_v2.csv,25412
00007734,2018,11,LIMA,LIMA,CHORRILLOS,MINSA,III-2,36,117,47,17,data\raw\Capacidad\ConsultaA_Recurso_Salud_2018_v2.csv,25433
00005946,2018,11,LIMA,LIMA,EL AGUSTINO,MINSA,III-1,654,428,215,573,data\raw\Capacidad\ConsultaA_Recurso_Salud_2018_v2.csv,25434
00006209,2018,11,LIMA,LIMA,LIMA,MINSA,III-2,159,78,14,109,data\raw\Capacidad\ConsultaA_Recurso_Salud_2018_v2.csv,25439
00006214,2018,6,LIMA,LIMA,MAGDALENA DEL MAR,MINSA,III-1,590,118,43,130,data\raw\Capacidad\ConsultaA_Recurso_Salud_2018_v2.csv,25679
00005883,2018,10,LIMA,LIMA,ATE,MINSA,II-1,51,71,0,75,data\raw\Capacidad\ConsultaA_Recurso_Salud_2018_v2.csv,25716
00010135,2018,11,LIMA,LIMA,LA MOLINA,ESSALUD,II-1,50,108,6,66,data\raw\Capacidad\ConsultaA_Recurso_Salud_2018_v2.csv,25739
00005617,2018,6,LIMA,LIMA,SAN JUAN DE LURIGANCHO,MINSA,II-2,148,187,3,442,data\raw\Capacidad\ConsultaA_Recurso_Salud_2018_v2.csv,25758
00006214,2018,3,LIMA,LIMA,MAGDALENA DEL MAR,MINSA,III-1,590,121,43,126,data\raw\Capacidad\ConsultaA_Recurso_Salud_2018_v2.csv,25805
00008741,2018,12,LIMA,LIMA,VILLA EL SALVADOR,ESSALUD,II-1,76,78,6,63,data\raw\Capacidad\ConsultaA_Recurso_Salud_2018_v2.csv,25812
00010434,2018,12,LIMA,LIMA,SANTA ANITA,ESSALUD,II-E,164,37,15,75,data\raw\Capacidad\ConsultaA_Recurso_Salud_2018_v2.csv,25860
00005945,2018,11,LIMA,LIMA,ATE,MINSA,II-1,78,173,57,135,data\raw\Capacidad\ConsultaA_Recurso_Salud_2018_v2.csv,26051
00010098,2018,10,LIMA,LIMA,CHORRILLOS,SANIDAD DEL EJERCITO DEL PERU,II-E,20,41,0,59,data\raw\Capacidad\ConsultaA_Recurso_Salud_2018_v2.csv,26157
00013591,2018,9,LIMA,LIMA,JESUS MARIA,SANIDAD DE LA POLICIA NACIONAL DEL PERU,III-1,484,493,183,367,data\raw\Capacidad\ConsultaA_Recurso_Salud_2018_v2.csv,26214
00006211,2018,12,LIMA,LIMA,PUEBLO LIBRE,MINSA,III-1,176,245,50,270,data\raw\Capacidad\ConsultaA_Recurso_Salud_2018_v2.csv,26299
00006214,2018,1,LIMA,LIMA,MAGDALENA DEL MAR,MINSA,III-1,590,118,43,122,data\raw\Capacidad\ConsultaA_Recurso_Salud_2018_v2.csv,26398
00008741,2018,10,LIMA,LIMA,VILLA EL SALVADOR,ESSALUD,II-1,76,76,6,64,data\raw\Capacidad\ConsultaA_Recurso_Salud_2018_v2.csv,26479
00008502,2018,10,LIMA,LIMA,LIMA,ESSALUD,II-2,228,339,92,209,data\raw\Capacidad\ConsultaA_Recurso_Salud_2018_v2.csv,26520
00008564,2018,12,LIMA,LIMA,SAN MIGUEL,ESSALUD,II-1,46,97,0,71,data\raw\Capacidad\ConsultaA_Recurso_Salud_2018_v2.csv,26522
00006212,2018,12,LIMA,LIMA,LA VICTORIA,MINSA,III-E,51,129,9,134,data\raw\Capacidad\ConsultaA_Recurso_Salud_2018_v2.csv,26564
00006214,2018,4,LIMA,LIMA,MAGDALENA DEL MAR,MINSA,III-1,590,111,43,129,data\raw\Capacidad\ConsultaA_Recurso_Salud_2018_v2.csv,26610
00005948,2018,12,LIMA,LIMA,SANTA ANITA,MINSA,III-1,211,94,38,78,data\raw\Capacidad\ConsultaA_Recurso_Salud_2018_v2.csv,26656
00010098,2018,12,LIMA,LIMA,CHORRILLOS,SANIDAD DEL EJERCITO DEL PERU,II-E,21,41,0,58,data\raw\Capacidad\ConsultaA_Recurso_Salud_2018_v2.csv,26696
00007634,2018,11,LIMA,LIMA,COMAS,MINSA,III-1,272,211,114,241,data\raw\Capacidad\ConsultaA_Recurso_Salud_2018_v2.csv,26739
00006215,2018,1,LIMA,LIMA,LIMA,MINSA,III-1,220,296,100,261,data\raw\Capacidad\ConsultaA_Recurso_Salud_2018_v2.csv,26741
00006215,2018,2,LIMA,LIMA,LIMA,MINSA,III-1,220,293,103,254,data\raw\Capacidad\ConsultaA_Recurso_Salud_2018_v2.csv,26742
00006215,2018,3,LIMA,LIMA,LIMA,MINSA,III-1,220,297,101,261,data\raw\Capacidad\ConsultaA_Recurso_Salud_2018_v2.csv,26743
00006215,2018,4,LIMA,LIMA,LIMA,MINSA,III-1,220,290,97,258,data\raw\Capacidad\ConsultaA_Recurso_Salud_2018_v2.csv,26744
00006215,2018,5,LIMA,LIMA,LIMA,MINSA,III-1,220,293,96,267,data\raw\Capacidad\ConsultaA_Recurso_Salud_2018_v2.csv,26745
00006215,2018,6,LIMA,LIMA,LIMA,MINSA,III-1,220,291,101,259,data\raw\Capacidad\ConsultaA_Recurso_Salud_2018_v2.csv,26746
00006210,2018,12,LIMA,LIMA,SURQUILLO,MINSA,III-2,402,233,160,554,data\raw\Capacidad\ConsultaA_Recurso_Salud_2018_v2.csv,26760
00005617,2018,10,LIMA,LIMA,SAN JUAN DE LURIGANCHO,MINSA,II-2,148,151,3,463,data\raw\Capacidad\ConsultaA_Recurso_Salud_2018_v2.csv,26858
00008720,2018,10,LIMA,LIMA,JESUS MARIA,ESSALUD,III-2,1505,1858,509,1748,data\raw\Capacidad\ConsultaA_Recurso_Salud_2018_v2.csv,26860
00009188,2018,12,LIMA,LIMA,LIMA,ESSALUD,II-1,47,89,4,56,data\raw\Capacidad\ConsultaA_Recurso_Salud_2018_v2.csv,26946
00006215,2018,12,LIMA,LIMA,LIMA,MINSA,III-1,217,300,98,265,data\raw\Capacidad\ConsultaA_Recurso_Salud_2018_v2.csv,26947
00006213,2018,12,LIMA,LIMA,MIRAFLORES,MINSA,III-E,71,151,33,179,data\raw\Capacidad\ConsultaA_Recurso_Salud_2018_v2.csv,27077
00023159,2018,12,LIMA,LIMA,VILLA EL SALVADOR,MINSA,II-E,194,212,0,181,data\raw\Capacidad\ConsultaA_Recurso_Salud_2018_v2.csv,27098
00013591,2018,11,LIMA,LIMA,JESUS MARIA,SANIDAD DE LA POLICIA NACIONAL DEL PERU,III-1,484,470,179,368,data\raw\Capacidad\ConsultaA_Recurso_Salud_2018_v2.csv,27107
00006211,2018,6,LIMA,LIMA,PUEBLO LIBRE,MINSA,III-1,176,193,48,212,data\raw\Capacidad\ConsultaA_Recurso_Salud_2018_v2.csv,27208
00006209,2018,12,LIMA,LIMA,LIMA,MINSA,III-2,158,77,14,104,data\raw\Capacidad\ConsultaA_Recurso_Salud_2018_v2.csv,27219
00008317,2018,12,LIMA,LIMA,SAN JUAN DE LURIGANCHO,ESSALUD,II-1,53,108,11,75,data\raw\Capacidad\ConsultaA_Recurso_Salud_2018_v2.csv,27221
00005947,2018,11,LIMA,LIMA,LURIGANCHO,MINSA,II-2,67,141,9,107,data\raw\Capacidad\ConsultaA_Recurso_Salud_2018_v2.csv,27254
00006211,2018,3,LIMA,LIMA,PUEBLO LIBRE,MINSA,III-1,176,193,48,212,data\raw\Capacidad\ConsultaA_Recurso_Salud_2018_v2.csv,27262
00007633,2018,11,LIMA,LIMA,SAN MARTIN DE PORRES,MINSA,III-1,372,633,325,580,data\raw\Capacidad\ConsultaA_Recurso_Salud_2018_v2.csv,27329
00005883,2018,11,LIMA,LIMA,ATE,MINSA,II-1,51,78,0,74,data\raw\Capacidad\ConsultaA_Recurso_Salud_2018_v2.csv,27330
00006217,2018,12,LIMA,LIMA,LIMA,MINSA,III-2,11,108,27,55,data\raw\Capacidad\ConsultaA_Recurso_Salud_2018_v2.csv,27387
00010751,2018,12,LIMA,LIMA,MIRAFLORES,SANIDAD DE LA FUERZA AEREA DEL PERU,III-1,283,289,23,243,data\raw\Capacidad\ConsultaA_Recurso_Salud_2018_v2.csv,27415
00008720,2018,12,LIMA,LIMA,JESUS MARIA,ESSALUD,III-2,1505,1911,509,1787,data\raw\Capacidad\ConsultaA_Recurso_Salud_2018_v2.csv,27417
00006211,2018,8,LIMA,LIMA,PUEBLO LIBRE,MINSA,III-1,176,245,50,270,data\raw\Capacidad\ConsultaA_Recurso_Salud_2018_v2.csv,27543
00010135,2018,12,LIMA,LIMA,LA MOLINA,ESSALUD,II-1,50,113,6,65,data\raw\Capacidad\ConsultaA_Recurso_Salud_2018_v2.csv,27560
00008671,2018,11,LIMA,LIMA,COMAS,ESSALUD,II-1,115,137,0,116,data\raw\Capacidad\ConsultaA_Recurso_Salud_2018_v2.csv,27575
00006206,2018,11,LIMA,LIMA,LIMA,MINSA,III-1,635,399,176,307,data\raw\Capacidad\ConsultaA_Recurso_Salud_2018_v2.csv,27576
00016918,2018,12,LIMA,LIMA,SAN BORJA,MINSA,III-2,236,391,56,474,data\raw\Capacidad\ConsultaA_Recurso_Salud_2018_v2.csv,27600
00008502,2018,12,LIMA,LIMA,LIMA,ESSALUD,II-2,228,343,92,218,data\raw\Capacidad\ConsultaA_Recurso_Salud_2018_v2.csv,27602
00005883,2018,12,LIMA,LIMA,ATE,MINSA,II-1,51,69,0,77,data\raw\Capacidad\ConsultaA_Recurso_Salud_2018_v2.csv,27659
00008741,2018,11,LIMA,LIMA,VILLA EL SALVADOR,ESSALUD,II-1,76,78,6,62,data\raw\Capacidad\ConsultaA_Recurso_Salud_2018_v2.csv,27738
00008502,2018,11,LIMA,LIMA,LIMA,ESSALUD,II-2,228,340,92,209,data\raw\Capacidad\ConsultaA_Recurso_Salud_2018_v2.csv,27856
00016094,2018,12,LIMA,LIMA,RIMAC,SANIDAD DE LA POLICIA NACIONAL DEL PERU,0,83,48,0,14,data\raw\Capacidad\ConsultaA_Recurso_Salud_2018_v2.csv,27877
00014718,2018,12,LIMA,LIMA,SAN MIGUEL,SANIDAD DE LA POLICIA NACIONAL DEL PERU,II-E,38,24,5,31,data\raw\Capacidad\ConsultaA_Recurso_Salud_2018_v2.csv,28006
00014718,2018,11,LIMA,LIMA,SAN MIGUEL,SANIDAD DE LA POLICIA NACIONAL DEL PERU,II-E,38,25,6,31,data\raw\Capacidad\ConsultaA_Recurso_Salud_2018_v2.csv,28042
00008353,2018,11,LIMA,LIMA,ATE,ESSALUD,II-1,68,105,24,89,data\raw\Capacidad\ConsultaA_Recurso_Salud_2018_v2.csv,28060
00010751,2018,11,LIMA,LIMA,MIRAFLORES,SANIDAD DE LA FUERZA AEREA DEL PERU,III-1,283,289,23,243,data\raw\Capacidad\ConsultaA_Recurso_Salud_2018_v2.csv,28076
00008489,2018,11,LIMA,LIMA,MIRAFLORES,ESSALUD,II-2,88,191,0,145,data\raw\Capacidad\ConsultaA_Recurso_Salud_2018_v2.csv,28077
00005948,2018,11,LIMA,LIMA,SANTA ANITA,MINSA,III-1,211,89,37,67,data\raw\Capacidad\ConsultaA_Recurso_Salud_2018_v2.csv,28080
00010135,2018,10,LIMA,LIMA,LA MOLINA,ESSALUD,II-1,50,103,6,66,data\raw\Capacidad\ConsultaA_Recurso_Salud_2018_v2.csv,28201
00007633,2018,10,LIMA,LIMA,SAN MARTIN DE PORRES,MINSA,III-1,370,654,371,580,data\raw\Capacidad\ConsultaA_Recurso_Salud_2018_v2.csv,28362
00006210,2018,10,LIMA,LIMA,SURQUILLO,MINSA,III-2,420,231,161,523,data\raw\Capacidad\ConsultaA_Recurso_Salud_2018_v2.csv,28363
00005945,2018,10,LIMA,LIMA,ATE,MINSA,II-1,78,173,57,135,data\raw\Capacidad\ConsultaA_Recurso_Salud_2018_v2.csv,28612
00006211,2018,10,LIMA,LIMA,PUEBLO LIBRE,MINSA,III-1,176,245,50,270,data\raw\Capacidad\ConsultaA_Recurso_Salud_2018_v2.csv,28626
00006212,2018,10,LIMA,LIMA,LA VICTORIA,MINSA,III-E,51,130,11,133,data\raw\Capacidad\ConsultaA_Recurso_Salud_2018_v2.csv,28633
00008318,2018,11,LIMA,LIMA,SANTA ANITA,ESSALUD,II-1,46,85,5,66,data\raw\Capacidad\ConsultaA_Recurso_Salud_2018_v2.csv,28656
00006214,2018,11,LIMA,LIMA,MAGDALENA DEL MAR,MINSA,III-1,590,120,43,122,data\raw\Capacidad\ConsultaA_Recurso_Salud_2018_v2.csv,28658
00007632,2018,11,LIMA,LIMA,PUENTE PIEDRA,MINSA,II-2,102,144,32,157,data\raw\Capacidad\ConsultaA_Recurso_Salud_2018_v2.csv,28663
00006215,2018,7,LIMA,LIMA,LIMA,MINSA,III-1,220,305,108,272,data\raw\Capacidad\ConsultaA_Recurso_Salud_2018_v2.csv,28672
00006215,2018,9,LIMA,LIMA,LIMA,MINSA,III-1,220,298,106,260,data\raw\Capacidad\ConsultaA_Recurso_Salud_2018_v2.csv,28673
00005948,2018,1,LIMA,LIMA,SANTA ANITA,MINSA,III-1,211,96,37,62,data\raw\Capacidad\ConsultaA_Recurso_Salud_2018_v2.csv,28844
00009251,2018,12,LIMA,LIMA,LA VICTORIA,ESSALUD,III-2,952,1325,421,1097,data\raw\Capacidad\ConsultaA_Recurso_Salud_2018_v2.csv,28853
00006214,2018,12,LIMA,LIMA,MAGDALENA DEL MAR,MINSA,III-1,590,103,43,124,data\raw\Capacidad\ConsultaA_Recurso_Salud_2018_v2.csv,28873
00007733,2018,12,LIMA,LIMA,SAN MARTIN DE PORRES,MINSA,III-2,81,113,46,81,data\raw\Capacidad\ConsultaA_Recurso_Salud_2018_v2.csv,29110
00005948,2018,2,LIMA,LIMA,SANTA ANITA,MINSA,III-1,211,97,38,79,data\raw\Capacidad\ConsultaA_Recurso_Salud_2018_v2.csv,29173
00005948,2018,3,LIMA,LIMA,SANTA ANITA,MINSA,III-1,211,99,35,85,data\raw\Capacidad\ConsultaA_Recurso_Salud_2018_v2.csv,29174
00005948,2018,5,LIMA,LIMA,SANTA ANITA,MINSA,III-1,211,99,37,85,data\raw\Capacidad\ConsultaA_Recurso_Salud_2018_v2.csv,29175
00005948,2018,6,LIMA,LIMA,SANTA ANITA,MINSA,III-1,211,95,33,76,data\raw\Capacidad\ConsultaA_Recurso_Salud_2018_v2.csv,29176
00005948,2018,7,LIMA,LIMA,SANTA ANITA,MINSA,III-1,211,101,38,88,data\raw\Capacidad\ConsultaA_Recurso_Salud_2018_v2.csv,29177
00005948,2018,8,LIMA,LIMA,SANTA ANITA,MINSA,III-1,211,99,37,83,data\raw\Capacidad\ConsultaA_Recurso_Salud_2018_v2.csv,29178
00005948,2018,9,LIMA,LIMA,SANTA ANITA,MINSA,III-1,211,100,37,74,data\raw\Capacidad\ConsultaA_Recurso_Salud_2018_v2.csv,29179
00005948,2018,10,LIMA,LIMA,SANTA ANITA,MINSA,III-1,211,102,38,79,data\raw\Capacidad\ConsultaA_Recurso_Salud_2018_v2.csv,29180
00005948,2018,4,LIMA,LIMA,SANTA ANITA,MINSA,III-1,211,98,37,80,data\raw\Capacidad\ConsultaA_Recurso_Salud_2018_v2.csv,29181
00005617,2018,11,LIMA,LIMA,SAN JUAN DE LURIGANCHO,MINSA,II-2,148,205,3,452,data\raw\Capacidad\ConsultaA_Recurso_Salud_2018_v2.csv,29182
00007734,2018,12,LIMA,LIMA,CHORRILLOS,MINSA,III-2,36,117,47,17,data\raw\Capacidad\ConsultaA_Recurso_Salud_2018_v2.csv,29192
00006216,2018,12,LIMA,LIMA,BREÑA,MINSA,III-2,383,362,56,578,data\raw\Capacidad\ConsultaA_Recurso_Salud_2018_v2.csv,29200
00006215,2018,11,LIMA,LIMA,LIMA,MINSA,III-1,183,303,102,258,data\raw\Capacidad\ConsultaA_Recurso_Salud_2018_v2.csv,29365
00010434,2018,11,LIMA,LIMA,SANTA ANITA,ESSALUD,II-E,164,37,15,75,data\raw\Capacidad\ConsultaA_Recurso_Salud_2018_v2.csv,29373
00013591,2018,8,LIMA,LIMA,JESUS MARIA,SANIDAD DE LA POLICIA NACIONAL DEL PERU,III-1,390,473,182,337,data\raw\Capacidad\ConsultaA_Recurso_Salud_2018_v2.csv,29381
00006215,2018,8,LIMA,LIMA,LIMA,MINSA,III-1,220,297,106,265,data\raw\Capacidad\ConsultaA_Recurso_Salud_2018_v2.csv,29439
00006215,2018,10,LIMA,LIMA,LIMA,MINSA,III-1,220,311,101,275,data\raw\Capacidad\ConsultaA_Recurso_Salud_2018_v2.csv,29440
00006209,2018,9,LIMA,LIMA,LIMA,MINSA,III-2,140,80,18,121,data\raw\Capacidad\ConsultaA_Recurso_Salud_2018_v2.csv,29510
00006209,2018,8,LIMA,LIMA,LIMA,MINSA,III-2,145,80,18,122,data\raw\Capacidad\ConsultaA_Recurso_Salud_2018_v2.csv,29512
00006209,2018,10,LIMA,LIMA,LIMA,MINSA,III-2,150,78,18,109,data\raw\Capacidad\ConsultaA_Recurso_Salud_2018_v2.csv,29513
00006217,2018,11,LIMA,LIMA,LIMA,MINSA,III-2,11,108,27,55,data\raw\Capacidad\ConsultaA_Recurso_Salud_2018_v2.csv,29618
00006209,2018,2,LIMA,LIMA,LIMA,MINSA,III-2,146,80,21,125,data\raw\Capacidad\ConsultaA_Recurso_Salud_2018_v2.csv,29631
00008671,2018,12,LIMA,LIMA,COMAS,ESSALUD,II-1,115,139,0,116,data\raw\Capacidad\ConsultaA_Recurso_Salud_2018_v2.csv,29632
00005945,2018,12,LIMA,LIMA,ATE,MINSA,II-1,78,175,41,135,data\raw\Capacidad\ConsultaA_Recurso_Salud_2018_v2.csv,29665
00006206,2018,10,LIMA,LIMA,LIMA,MINSA,III-1,645,395,167,306,data\raw\Capacidad\ConsultaA_Recurso_Salud_2018_v2.csv,29738
00006207,2018,10,LIMA,LIMA,LIMA,MINSA,III-1,561,438,229,484,data\raw\Capacidad\ConsultaA_Recurso_Salud_2018_v2.csv,29751
00006214,2018,2,LIMA,LIMA,MAGDALENA DEL MAR,MINSA,III-1,590,119,43,121,data\raw\Capacidad\ConsultaA_Recurso_Salud_2018_v2.csv,29782
00005617,2018,8,LIMA,LIMA,SAN JUAN DE LURIGANCHO,MINSA,II-2,148,165,3,452,data\raw\Capacidad\ConsultaA_Recurso_Salud_2018_v2.csv,29837
00016094,2019,1,LIMA,LIMA,RIMAC,SANIDAD DE LA POLICIA NACIONAL DEL PERU,0,83,3,0,2,data\raw\Capacidad\ConsultaA_Recurso_Salud_2019_v7.csv,125
00006207,2019,1,LIMA,LIMA,LIMA,MINSA,III-1,561,407,214,474,data\raw\Capacidad\ConsultaA_Recurso_Salud_2019_v7.csv,203
00006217,2019,1,LIMA,LIMA,LIMA,MINSA,III-2,11,108,27,55,data\raw\Capacidad\ConsultaA_Recurso_Salud_2019_v7.csv,218
00016094,2019,2,LIMA,LIMA,RIMAC,SANIDAD DE LA POLICIA NACIONAL DEL PERU,0,83,44,0,51,data\raw\Capacidad\ConsultaA_Recurso_Salud_2019_v7.csv,238
00023159,2019,1,LIMA,LIMA,VILLA EL SALVADOR,MINSA,II-2,194,272,0,323,data\raw\Capacidad\ConsultaA_Recurso_Salud_2019_v7.csv,269
00010098,2019,2,LIMA,LIMA,CHORRILLOS,SANIDAD DEL EJERCITO DEL PERU,II-E,21,42,0,59,data\raw\Capacidad\ConsultaA_Recurso_Salud_2019_v7.csv,301
00007634,2019,1,LIMA,LIMA,COMAS,MINSA,III-1,330,211,114,241,data\raw\Capacidad\ConsultaA_Recurso_Salud_2019_v7.csv,343
00010135,2019,2,LIMA,LIMA,LA MOLINA,ESSALUD,II-1,50,118,6,66,data\raw\Capacidad\ConsultaA_Recurso_Salud_2019_v7.csv,401
00008720,2019,2,LIMA,LIMA,JESUS MARIA,ESSALUD,III-2,1467,1898,480,1736,data\raw\Capacidad\ConsultaA_Recurso_Salud_2019_v7.csv,404
00008671,2019,1,LIMA,LIMA,COMAS,ESSALUD,II-1,116,137,0,116,data\raw\Capacidad\ConsultaA_Recurso_Salud_2019_v7.csv,411
00006208,2019,2,LIMA,LIMA,LIMA,MINSA,III-2,403,290,63,419,data\raw\Capacidad\ConsultaA_Recurso_Salud_2019_v7.csv,492
00013591,2019,1,LIMA,LIMA,JESUS MARIA,SANIDAD DE LA POLICIA NACIONAL DEL PERU,III-1,484,420,179,365,data\raw\Capacidad\ConsultaA_Recurso_Salud_2019_v7.csv,512
00010098,2019,1,LIMA,LIMA,CHORRILLOS,SANIDAD DEL EJERCITO DEL PERU,II-E,21,43,0,59,data\raw\Capacidad\ConsultaA_Recurso_Salud_2019_v7.csv,547
00012923,2019,2,LIMA,LIMA,PUENTE PIEDRA,SANIDAD DE LA POLICIA NACIONAL DEL PERU,I-2,0,3,0,9,data\raw\Capacidad\ConsultaA_Recurso_Salud_2019_v7.csv,581
00006213,2019,1,LIMA,LIMA,MIRAFLORES,MINSA,III-E,71,151,33,198,data\raw\Capacidad\ConsultaA_Recurso_Salud_2019_v7.csv,667
00005946,2019,1,LIMA,LIMA,EL AGUSTINO,MINSA,III-1,666,385,215,558,data\raw\Capacidad\ConsultaA_Recurso_Salud_2019_v7.csv,672
00008317,2019,2,LIMA,LIMA,SAN JUAN DE LURIGANCHO,ESSALUD,II-1,54,104,11,76,data\raw\Capacidad\ConsultaA_Recurso_Salud_2019_v7.csv,798
00006211,2019,2,LIMA,LIMA,PUEBLO LIBRE,MINSA,III-1,176,259,34,248,data\raw\Capacidad\ConsultaA_Recurso_Salud_2019_v7.csv,800
00010434,2019,2,LIMA,LIMA,SANTA ANITA,ESSALUD,II-E,162,37,15,75,data\raw\Capacidad\ConsultaA_Recurso_Salud_2019_v7.csv,892
00005987,2019,2,LIMA,LIMA,SAN JUAN DE MIRAFLORES,MINSA,III-1,366,320,170,393,data\raw\Capacidad\ConsultaA_Recurso_Salud_2019_v7.csv,920
00018011,2019,2,LIMA,LIMA,JESUS MARIA,ESSALUD,III-E,110,147,45,227,data\raw\Capacidad\ConsultaA_Recurso_Salud_2019_v7.csv,929
00005945,2019,2,LIMA,LIMA,ATE,MINSA,II-1,78,175,43,135,data\raw\Capacidad\ConsultaA_Recurso_Salud_2019_v7.csv,939
00006213,2019,2,LIMA,LIMA,MIRAFLORES,MINSA,III-E,71,151,33,198,data\raw\Capacidad\ConsultaA_Recurso_Salud_2019_v7.csv,944
00009251,2019,2,LIMA,LIMA,LA VICTORIA,ESSALUD,III-2,962,1327,421,1100,data\raw\Capacidad\ConsultaA_Recurso_Salud_2019_v7.csv,975
00014718,2019,2,LIMA,LIMA,SAN MIGUEL,SANIDAD DE LA POLICIA NACIONAL DEL PERU,II-E,39,26,4,30,data\raw\Capacidad\ConsultaA_Recurso_Salud_2019_v7.csv,1012
00006209,2019,2,LIMA,LIMA,LIMA,MINSA,III-2,159,82,14,99,data\raw\Capacidad\ConsultaA_Recurso_Salud_2019_v7.csv,1040
00008318,2019,2,LIMA,LIMA,SANTA ANITA,ESSALUD,II-1,46,88,5,66,data\raw\Capacidad\ConsultaA_Recurso_Salud_2019_v7.csv,1050
00005946,2019,2,LIMA,LIMA,EL AGUSTINO,MINSA,III-1,666,391,198,563,data\raw\Capacidad\ConsultaA_Recurso_Salud_2019_v7.csv,1261
00007734,2019,1,LIMA,LIMA,CHORRILLOS,MINSA,III-2,36,110,40,17,data\raw\Capacidad\ConsultaA_Recurso_Salud_2019_v7.csv,1271
00006212,2019,2,LIMA,LIMA,LA VICTORIA,MINSA,III-E,41,129,10,134,data\raw\Capacidad\ConsultaA_Recurso_Salud_2019_v7.csv,1324
00007733,2019,2,LIMA,LIMA,SAN MARTIN DE PORRES,MINSA,III-2,81,136,46,74,data\raw\Capacidad\ConsultaA_Recurso_Salud_2019_v7.csv,1391
00010434,2019,1,LIMA,LIMA,SANTA ANITA,ESSALUD,II-E,164,37,15,75,data\raw\Capacidad\ConsultaA_Recurso_Salud_2019_v7.csv,1622
00008317,2019,1,LIMA,LIMA,SAN JUAN DE LURIGANCHO,ESSALUD,II-1,55,102,11,75,data\raw\Capacidad\ConsultaA_Recurso_Salud_2019_v7.csv,1624
00008741,2019,1,LIMA,LIMA,VILLA EL SALVADOR,ESSALUD,II-1,54,78,3,59,data\raw\Capacidad\ConsultaA_Recurso_Salud_2019_v7.csv,1702
00006211,2019,1,LIMA,LIMA,PUEBLO LIBRE,MINSA,III-1,176,266,34,252,data\raw\Capacidad\ConsultaA_Recurso_Salud_2019_v7.csv,1708
00012923,2019,1,LIMA,LIMA,PUENTE PIEDRA,SANIDAD DE LA POLICIA NACIONAL DEL PERU,I-2,0,3,0,9,data\raw\Capacidad\ConsultaA_Recurso_Salud_2019_v7.csv,1776
00008353,2019,2,LIMA,LIMA,ATE,ESSALUD,II-1,68,105,24,89,data\raw\Capacidad\ConsultaA_Recurso_Salud_2019_v7.csv,1799
00008318,2019,1,LIMA,LIMA,SANTA ANITA,ESSALUD,II-1,46,89,5,66,data\raw\Capacidad\ConsultaA_Recurso_Salud_2019_v7.csv,2186
00018011,2019,1,LIMA,LIMA,JESUS MARIA,ESSALUD,III-E,110,147,45,227,data\raw\Capacidad\ConsultaA_Recurso_Salud_2019_v7.csv,2188
00006208,2019,1,LIMA,LIMA,LIMA,MINSA,III-2,403,292,63,419,data\raw\Capacidad\ConsultaA_Recurso_Salud_2019_v7.csv,2235
00008564,2019,2,LIMA,LIMA,SAN MIGUEL,ESSALUD,II-1,46,98,0,73,data\raw\Capacidad\ConsultaA_Recurso_Salud_2019_v7.csv,2268
00008671,2019,2,LIMA,LIMA,COMAS,ESSALUD,II-1,116,116,0,116,data\raw\Capacidad\ConsultaA_Recurso_Salud_2019_v7.csv,2271
00006206,2019,2,LIMA,LIMA,LIMA,MINSA,III-1,598,402,158,306,data\raw\Capacidad\ConsultaA_Recurso_Salud_2019_v7.csv,2355
00008489,2019,1,LIMA,LIMA,MIRAFLORES,ESSALUD,II-2,88,191,0,147,data\raw\Capacidad\ConsultaA_Recurso_Salud_2019_v7.csv,2631
00005617,2019,1,LIMA,LIMA,SAN JUAN DE LURIGANCHO,MINSA,II-2,148,152,17,203,data\raw\Capacidad\ConsultaA_Recurso_Salud_2019_v7.csv,2756
00006214,2019,1,LIMA,LIMA,MAGDALENA DEL MAR,MINSA,III-1,590,119,43,124,data\raw\Capacidad\ConsultaA_Recurso_Salud_2019_v7.csv,2771
00010751,2019,1,LIMA,LIMA,MIRAFLORES,SANIDAD DE LA FUERZA AEREA DEL PERU,III-1,283,289,23,243,data\raw\Capacidad\ConsultaA_Recurso_Salud_2019_v7.csv,2797
00005948,2019,1,LIMA,LIMA,SANTA ANITA,MINSA,III-1,211,90,37,77,data\raw\Capacidad\ConsultaA_Recurso_Salud_2019_v7.csv,2864
00012923,2019,3,LIMA,LIMA,PUENTE PIEDRA,SANIDAD DE LA POLICIA NACIONAL DEL PERU,I-2,0,2,0,9,data\raw\Capacidad\ConsultaA_Recurso_Salud_2019_v7.csv,2886
00007633,2019,2,LIMA,LIMA,SAN MARTIN DE PORRES,MINSA,III-1,346,648,322,580,data\raw\Capacidad\ConsultaA_Recurso_Salud_2019_v7.csv,3022
00005948,2019,2,LIMA,LIMA,SANTA ANITA,MINSA,III-1,211,85,34,74,data\raw\Capacidad\ConsultaA_Recurso_Salud_2019_v7.csv,3031
00005987,2019,1,LIMA,LIMA,SAN JUAN DE MIRAFLORES,MINSA,III-1,366,325,165,401,data\raw\Capacidad\ConsultaA_Recurso_Salud_2019_v7.csv,3103
00006210,2019,1,LIMA,LIMA,SURQUILLO,MINSA,III-2,410,231,154,557,data\raw\Capacidad\ConsultaA_Recurso_Salud_2019_v7.csv,3104
00008741,2019,2,LIMA,LIMA,VILLA EL SALVADOR,ESSALUD,II-1,54,78,3,71,data\raw\Capacidad\ConsultaA_Recurso_Salud_2019_v7.csv,3139
00008720,2019,1,LIMA,LIMA,JESUS MARIA,ESSALUD,III-2,1497,1836,481,1727,data\raw\Capacidad\ConsultaA_Recurso_Salud_2019_v7.csv,3162
00007734,2019,2,LIMA,LIMA,CHORRILLOS,MINSA,III-2,36,110,40,17,data\raw\Capacidad\ConsultaA_Recurso_Salud_2019_v7.csv,3178
00005617,2019,2,LIMA,LIMA,SAN JUAN DE LURIGANCHO,MINSA,II-2,169,206,17,193,data\raw\Capacidad\ConsultaA_Recurso_Salud_2019_v7.csv,3181
00006215,2019,2,LIMA,LIMA,LIMA,MINSA,III-1,201,288,93,256,data\raw\Capacidad\ConsultaA_Recurso_Salud_2019_v7.csv,3320
00008564,2019,1,LIMA,LIMA,SAN MIGUEL,ESSALUD,II-1,47,99,0,72,data\raw\Capacidad\ConsultaA_Recurso_Salud_2019_v7.csv,3568
00005883,2019,1,LIMA,LIMA,ATE,MINSA,II-1,51,71,0,75,data\raw\Capacidad\ConsultaA_Recurso_Salud_2019_v7.csv,3644
00007632,2019,2,LIMA,LIMA,PUENTE PIEDRA,MINSA,II-2,102,145,42,154,data\raw\Capacidad\ConsultaA_Recurso_Salud_2019_v7.csv,3658
00016918,2019,3,LIMA,LIMA,SAN BORJA,MINSA,III-2,236,399,64,474,data\raw\Capacidad\ConsultaA_Recurso_Salud_2019_v7.csv,3974
00006211,2019,3,LIMA,LIMA,PUEBLO LIBRE,MINSA,III-1,176,262,83,249,data\raw\Capacidad\ConsultaA_Recurso_Salud_2019_v7.csv,3986
00014718,2019,1,LIMA,LIMA,SAN MIGUEL,SANIDAD DE LA POLICIA NACIONAL DEL PERU,II-E,39,29,4,32,data\raw\Capacidad\ConsultaA_Recurso_Salud_2019_v7.csv,4140
00009188,2019,1,LIMA,LIMA,LIMA,ESSALUD,II-1,49,89,4,56,data\raw\Capacidad\ConsultaA_Recurso_Salud_2019_v7.csv,4142
00023159,2019,2,LIMA,LIMA,VILLA EL SALVADOR,MINSA,II-2,194,320,0,317,data\raw\Capacidad\ConsultaA_Recurso_Salud_2019_v7.csv,4173
00006216,2019,2,LIMA,LIMA,BREÑA,MINSA,III-2,380,346,64,575,data\raw\Capacidad\ConsultaA_Recurso_Salud_2019_v7.csv,4211
00006210,2019,3,LIMA,LIMA,SURQUILLO,MINSA,III-2,413,233,153,555,data\raw\Capacidad\ConsultaA_Recurso_Salud_2019_v7.csv,4232
00008720,2019,3,LIMA,LIMA,JESUS MARIA,ESSALUD,III-2,1484,1883,480,1776,data\raw\Capacidad\ConsultaA_Recurso_Salud_2019_v7.csv,4250
00007633,2019,3,LIMA,LIMA,SAN MARTIN DE PORRES,MINSA,III-1,356,634,319,580,data\raw\Capacidad\ConsultaA_Recurso_Salud_2019_v7.csv,4258
00007632,2019,1,LIMA,LIMA,PUENTE PIEDRA,MINSA,II-2,102,146,42,154,data\raw\Capacidad\ConsultaA_Recurso_Salud_2019_v7.csv,4278
00006217,2019,2,LIMA,LIMA,LIMA,MINSA,III-2,11,108,27,55,data\raw\Capacidad\ConsultaA_Recurso_Salud_2019_v7.csv,4370
00008353,2019,1,LIMA,LIMA,ATE,ESSALUD,II-1,68,105,24,89,data\raw\Capacidad\ConsultaA_Recurso_Salud_2019_v7.csv,4464
00007733,2019,1,LIMA,LIMA,SAN MARTIN DE PORRES,MINSA,III-2,81,138,46,73,data\raw\Capacidad\ConsultaA_Recurso_Salud_2019_v7.csv,4526
00010135,2019,1,LIMA,LIMA,LA MOLINA,ESSALUD,II-1,50,113,6,62,data\raw\Capacidad\ConsultaA_Recurso_Salud_2019_v7.csv,4601
00006206,2019,1,LIMA,LIMA,LIMA,MINSA,III-1,604,409,157,307,data\raw\Capacidad\ConsultaA_Recurso_Salud_2019_v7.csv,4831
00016918,2019,1,LIMA,LIMA,SAN BORJA,MINSA,III-2,236,391,56,474,data\raw\Capacidad\ConsultaA_Recurso_Salud_2019_v7.csv,4832
00006214,2019,2,LIMA,LIMA,MAGDALENA DEL MAR,MINSA,III-1,590,119,43,123,data\raw\Capacidad\ConsultaA_Recurso_Salud_2019_v7.csv,4869
00017024,2019,1,LIMA,LIMA,JESUS MARIA,SANIDAD DEL EJERCITO DEL PERU,III-1,634,267,78,425,data\raw\Capacidad\ConsultaA_Recurso_Salud_2019_v7.csv,4963
00017024,2019,2,LIMA,LIMA,JESUS MARIA,SANIDAD DEL EJERCITO DEL PERU,III-1,633,267,78,426,data\raw\Capacidad\ConsultaA_Recurso_Salud_2019_v7.csv,4977
00007634,2019,2,LIMA,LIMA,COMAS,MINSA,III-1,330,211,114,241,data\raw\Capacidad\ConsultaA_Recurso_Salud_2019_v7.csv,5049
00006209,2019,1,LIMA,LIMA,LIMA,MINSA,III-2,158,91,14,122,data\raw\Capacidad\ConsultaA_Recurso_Salud_2019_v7.csv,5062
00006215,2019,1,LIMA,LIMA,LIMA,MINSA,III-1,210,300,94,267,data\raw\Capacidad\ConsultaA_Recurso_Salud_2019_v7.csv,5271
00017024,2019,3,LIMA,LIMA,JESUS MARIA,SANIDAD DEL EJERCITO DEL PERU,III-1,626,265,78,427,data\raw\Capacidad\ConsultaA_Recurso_Salud_2019_v7.csv,5325
00009251,2019,1,LIMA,LIMA,LA VICTORIA,ESSALUD,III-2,958,1331,421,1098,data\raw\Capacidad\ConsultaA_Recurso_Salud_2019_v7.csv,5459
00010751,2019,2,LIMA,LIMA,MIRAFLORES,SANIDAD DE LA FUERZA AEREA DEL PERU,III-1,283,273,18,234,data\raw\Capacidad\ConsultaA_Recurso_Salud_2019_v7.csv,5673
00008318,2019,3,LIMA,LIMA,SANTA ANITA,ESSALUD,II-1,57,88,4,65,data\raw\Capacidad\ConsultaA_Recurso_Salud_2019_v7.csv,5717
00006216,2019,1,LIMA,LIMA,BREÑA,MINSA,III-2,382,346,56,578,data\raw\Capacidad\ConsultaA_Recurso_Salud_2019_v7.csv,5756
00007633,2019,1,LIMA,LIMA,SAN MARTIN DE PORRES,MINSA,III-1,347,648,322,580,data\raw\Capacidad\ConsultaA_Recurso_Salud_2019_v7.csv,5772
00005947,2019,1,LIMA,LIMA,LURIGANCHO,MINSA,II-2,67,139,12,110,data\raw\Capacidad\ConsultaA_Recurso_Salud_2019_v7.csv,5774
00005987,2019,3,LIMA,LIMA,SAN JUAN DE MIRAFLORES,MINSA,III-1,366,350,168,352,data\raw\Capacidad\ConsultaA_Recurso_Salud_2019_v7.csv,5842
00016918,2019,2,LIMA,LIMA,SAN BORJA,MINSA,III-2,236,393,58,474,data\raw\Capacidad\ConsultaA_Recurso_Salud_2019_v7.csv,5909
00009251,2019,4,LIMA,LIMA,LA VICTORIA,ESSALUD,III-2,969,1321,421,1098,data\raw\Capacidad\ConsultaA_Recurso_Salud_2019_v7.csv,5937
00005617,2019,4,LIMA,LIMA,SAN JUAN DE LURIGANCHO,MINSA,II-2,169,196,17,197,data\raw\Capacidad\ConsultaA_Recurso_Salud_2019_v7.csv,5940
00008741,2019,6,LIMA,LIMA,VILLA EL SALVADOR,ESSALUD,II-1,54,78,3,74,data\raw\Capacidad\ConsultaA_Recurso_Salud_2019_v7.csv,5980
00006210,2019,6,LIMA,LIMA,SURQUILLO,MINSA,III-2,430,231,207,560,data\raw\Capacidad\ConsultaA_Recurso_Salud_2019_v7.csv,5984
00010135,2019,5,LIMA,LIMA,LA MOLINA,ESSALUD,II-1,50,126,6,68,data\raw\Capacidad\ConsultaA_Recurso_Salud_2019_v7.csv,6069
00018011,2019,5,LIMA,LIMA,JESUS MARIA,ESSALUD,III-E,110,147,45,231,data\raw\Capacidad\ConsultaA_Recurso_Salud_2019_v7.csv,6076
00010098,2019,6,LIMA,LIMA,CHORRILLOS,SANIDAD DEL EJERCITO DEL PERU,II-E,21,41,0,60,data\raw\Capacidad\ConsultaA_Recurso_Salud_2019_v7.csv,6093
00009251,2019,6,LIMA,LIMA,LA VICTORIA,ESSALUD,III-2,964,1315,421,1084,data\raw\Capacidad\ConsultaA_Recurso_Salud_2019_v7.csv,6094
00010751,2019,6,LIMA,LIMA,MIRAFLORES,SANIDAD DE LA FUERZA AEREA DEL PERU,III-1,283,273,18,234,data\raw\Capacidad\ConsultaA_Recurso_Salud_2019_v7.csv,6109
00005617,2019,3,LIMA,LIMA,SAN JUAN DE LURIGANCHO,MINSA,II-2,169,222,17,197,data\raw\Capacidad\ConsultaA_Recurso_Salud_2019_v7.csv,6165
00007632,2019,4,LIMA,LIMA,PUENTE PIEDRA,MINSA,II-2,100,143,39,152,data\raw\Capacidad\ConsultaA_Recurso_Salud_2019_v7.csv,6177
00008502,2019,2,LIMA,LIMA,LIMA,ESSALUD,II-2,228,337,92,199,data\raw\Capacidad\ConsultaA_Recurso_Salud_2019_v7.csv,6330
00006208,2019,4,LIMA,LIMA,LIMA,MINSA,III-2,397,286,62,397,data\raw\Capacidad\ConsultaA_Recurso_Salud_2019_v7.csv,6353
00008671,2019,6,LIMA,LIMA,COMAS,ESSALUD,II-1,117,162,0,116,data\raw\Capacidad\ConsultaA_Recurso_Salud_2019_v7.csv,6378
00023159,2019,5,LIMA,LIMA,VILLA EL SALVADOR,MINSA,II-2,203,307,0,329,data\raw\Capacidad\ConsultaA_Recurso_Salud_2019_v7.csv,6478
00007634,2019,3,LIMA,LIMA,COMAS,MINSA,III-1,330,211,114,241,data\raw\Capacidad\ConsultaA_Recurso_Salud_2019_v7.csv,6596
00016094,2019,7,LIMA,LIMA,RIMAC,SANIDAD DE LA POLICIA NACIONAL DEL PERU,0,83,44,0,27,data\raw\Capacidad\ConsultaA_Recurso_Salud_2019_v7.csv,6665
00005946,2019,7,LIMA,LIMA,EL AGUSTINO,MINSA,III-1,666,408,208,577,data\raw\Capacidad\ConsultaA_Recurso_Salud_2019_v7.csv,6685
00006214,2019,7,LIMA,LIMA,MAGDALENA DEL MAR,MINSA,III-1,590,115,38,123,data\raw\Capacidad\ConsultaA_Recurso_Salud_2019_v7.csv,6781
00009251,2019,7,LIMA,LIMA,LA VICTORIA,ESSALUD,III-2,961,1320,421,1078,data\raw\Capacidad\ConsultaA_Recurso_Salud_2019_v7.csv,6786
00005946,2019,4,LIMA,LIMA,EL AGUSTINO,MINSA,III-1,666,391,198,570,data\raw\Capacidad\ConsultaA_Recurso_Salud_2019_v7.csv,6813
00016918,2019,4,LIMA,LIMA,SAN BORJA,MINSA,III-2,236,399,64,474,data\raw\Capacidad\ConsultaA_Recurso_Salud_2019_v7.csv,6818
00005883,2019,5,LIMA,LIMA,ATE,MINSA,II-1,51,75,0,79,data\raw\Capacidad\ConsultaA_Recurso_Salud_2019_v7.csv,6946
00006213,2019,6,LIMA,LIMA,MIRAFLORES,MINSA,III-E,71,162,40,198,data\raw\Capacidad\ConsultaA_Recurso_Salud_2019_v7.csv,7043
00008671,2019,3,LIMA,LIMA,COMAS,ESSALUD,II-1,116,137,0,116,data\raw\Capacidad\ConsultaA_Recurso_Salud_2019_v7.csv,7096
00005883,2019,4,LIMA,LIMA,ATE,MINSA,II-1,51,76,0,84,data\raw\Capacidad\ConsultaA_Recurso_Salud_2019_v7.csv,7144
00006215,2019,3,LIMA,LIMA,LIMA,MINSA,III-1,199,291,90,264,data\raw\Capacidad\ConsultaA_Recurso_Salud_2019_v7.csv,7191
00008318,2019,4,LIMA,LIMA,SANTA ANITA,ESSALUD,II-1,57,84,4,65,data\raw\Capacidad\ConsultaA_Recurso_Salud_2019_v7.csv,7204
00006216,2019,4,LIMA,LIMA,BREÑA,MINSA,III-2,384,345,62,576,data\raw\Capacidad\ConsultaA_Recurso_Salud_2019_v7.csv,7216
00006207,2019,6,LIMA,LIMA,LIMA,MINSA,III-1,603,435,191,489,data\raw\Capacidad\ConsultaA_Recurso_Salud_2019_v7.csv,7282
00006215,2019,4,LIMA,LIMA,LIMA,MINSA,III-1,189,307,98,265,data\raw\Capacidad\ConsultaA_Recurso_Salud_2019_v7.csv,7298
00006212,2019,4,LIMA,LIMA,LA VICTORIA,MINSA,III-E,51,130,10,136,data\raw\Capacidad\ConsultaA_Recurso_Salud_2019_v7.csv,7316
00008564,2019,6,LIMA,LIMA,SAN MIGUEL,ESSALUD,II-1,47,114,0,75,data\raw\Capacidad\ConsultaA_Recurso_Salud_2019_v7.csv,7423
00005617,2019,7,LIMA,LIMA,SAN JUAN DE LURIGANCHO,MINSA,II-2,145,196,8,197,data\raw\Capacidad\ConsultaA_Recurso_Salud_2019_v7.csv,7467
00005883,2019,3,LIMA,LIMA,ATE,MINSA,II-1,51,73,0,60,data\raw\Capacidad\ConsultaA_Recurso_Salud_2019_v7.csv,7538
00006214,2019,5,LIMA,LIMA,MAGDALENA DEL MAR,MINSA,III-1,590,119,43,124,data\raw\Capacidad\ConsultaA_Recurso_Salud_2019_v7.csv,7590
00006206,2019,5,LIMA,LIMA,LIMA,MINSA,III-1,604,406,148,319,data\raw\Capacidad\ConsultaA_Recurso_Salud_2019_v7.csv,7674
00008671,2019,4,LIMA,LIMA,COMAS,ESSALUD,II-1,116,162,0,116,data\raw\Capacidad\ConsultaA_Recurso_Salud_2019_v7.csv,7845
00007634,2019,4,LIMA,LIMA,COMAS,MINSA,III-1,330,211,114,241,data\raw\Capacidad\ConsultaA_Recurso_Salud_2019_v7.csv,7855
00006208,2019,7,LIMA,LIMA,LIMA,MINSA,III-2,397,277,64,405,data\raw\Capacidad\ConsultaA_Recurso_Salud_2019_v7.csv,7917
00005987,2019,6,LIMA,LIMA,SAN JUAN DE MIRAFLORES,MINSA,III-1,372,323,158,348,data\raw\Capacidad\ConsultaA_Recurso_Salud_2019_v7.csv,7979
00006209,2019,4,LIMA,LIMA,LIMA,MINSA,III-2,157,90,14,108,data\raw\Capacidad\ConsultaA_Recurso_Salud_2019_v7.csv,8060
00018011,2019,3,LIMA,LIMA,JESUS MARIA,ESSALUD,III-E,108,147,45,228,data\raw\Capacidad\ConsultaA_Recurso_Salud_2019_v7.csv,8138
00006214,2019,6,LIMA,LIMA,MAGDALENA DEL MAR,MINSA,III-1,590,121,38,127,data\raw\Capacidad\ConsultaA_Recurso_Salud_2019_v7.csv,8162
00012923,2019,7,LIMA,LIMA,PUENTE PIEDRA,SANIDAD DE LA POLICIA NACIONAL DEL PERU,I-2,0,4,0,7,data\raw\Capacidad\ConsultaA_Recurso_Salud_2019_v7.csv,8197
00014718,2019,4,LIMA,LIMA,SAN MIGUEL,SANIDAD DE LA POLICIA NACIONAL DEL PERU,II-E,39,28,2,32,data\raw\Capacidad\ConsultaA_Recurso_Salud_2019_v7.csv,8241
00007734,2019,5,LIMA,LIMA,CHORRILLOS,MINSA,III-2,36,112,40,17,data\raw\Capacidad\ConsultaA_Recurso_Salud_2019_v7.csv,8253
00006217,2019,6,LIMA,LIMA,LIMA,MINSA,III-2,11,108,27,55,data\raw\Capacidad\ConsultaA_Recurso_Salud_2019_v7.csv,8274
00008489,2019,3,LIMA,LIMA,MIRAFLORES,ESSALUD,II-2,88,202,0,150,data\raw\Capacidad\ConsultaA_Recurso_Salud_2019_v7.csv,8316
00006212,2019,6,LIMA,LIMA,LA VICTORIA,MINSA,III-E,51,130,8,136,data\raw\Capacidad\ConsultaA_Recurso_Salud_2019_v7.csv,8385
00008353,2019,4,LIMA,LIMA,ATE,ESSALUD,II-1,68,106,24,90,data\raw\Capacidad\ConsultaA_Recurso_Salud_2019_v7.csv,8589
00007733,2019,6,LIMA,LIMA,SAN MARTIN DE PORRES,MINSA,III-2,81,126,36,75,data\raw\Capacidad\ConsultaA_Recurso_Salud_2019_v7.csv,8843
00008318,2019,6,LIMA,LIMA,SANTA ANITA,ESSALUD,II-1,58,84,4,65,data\raw\Capacidad\ConsultaA_Recurso_Salud_2019_v7.csv,8870
00005987,2019,5,LIMA,LIMA,SAN JUAN DE MIRAFLORES,MINSA,III-1,372,327,184,391,data\raw\Capacidad\ConsultaA_Recurso_Salud_2019_v7.csv,8986
00014718,2019,7,LIMA,LIMA,SAN MIGUEL,SANIDAD DE LA POLICIA NACIONAL DEL PERU,II-E,37,28,5,29,data\raw\Capacidad\ConsultaA_Recurso_Salud_2019_v7.csv,9094
00008318,2019,7,LIMA,LIMA,SANTA ANITA,ESSALUD,II-1,57,85,5,64,data\raw\Capacidad\ConsultaA_Recurso_Salud_2019_v7.csv,9095
00006217,2019,5,LIMA,LIMA,LIMA,MINSA,III-2,11,108,27,55,data\raw\Capacidad\ConsultaA_Recurso_Salud_2019_v7.csv,9198
00005948,2019,6,LIMA,LIMA,SANTA ANITA,MINSA,III-1,211,86,33,78,data\raw\Capacidad\ConsultaA_Recurso_Salud_2019_v7.csv,9249
00006215,2019,7,LIMA,LIMA,LIMA,MINSA,III-1,206,308,103,269,data\raw\Capacidad\ConsultaA_Recurso_Salud_2019_v7.csv,9268
00008671,2019,5,LIMA,LIMA,COMAS,ESSALUD,II-1,116,159,0,116,data\raw\Capacidad\ConsultaA_Recurso_Salud_2019_v7.csv,9349
00023159,2019,6,LIMA,LIMA,VILLA EL SALVADOR,MINSA,II-2,203,322,0,339,data\raw\Capacidad\ConsultaA_Recurso_Salud_2019_v7.csv,9445
00007633,2019,6,LIMA,LIMA,SAN MARTIN DE PORRES,MINSA,III-1,354,610,316,580,data\raw\Capacidad\ConsultaA_Recurso_Salud_2019_v7.csv,9468
00006213,2019,7,LIMA,LIMA,MIRAFLORES,MINSA,III-E,71,162,40,204,data\raw\Capacidad\ConsultaA_Recurso_Salud_2019_v7.csv,9484
00008353,2019,5,LIMA,LIMA,ATE,ESSALUD,II-1,68,106,24,90,data\raw\Capacidad\ConsultaA_Recurso_Salud_2019_v7.csv,9543
00009188,2019,5,LIMA,LIMA,LIMA,ESSALUD,II-1,43,89,0,57,data\raw\Capacidad\ConsultaA_Recurso_Salud_2019_v7.csv,9545
00009251,2019,5,LIMA,LIMA,LA VICTORIA,ESSALUD,III-2,967,1320,421,1096,data\raw\Capacidad\ConsultaA_Recurso_Salud_2019_v7.csv,9554
00005945,2019,5,LIMA,LIMA,ATE,MINSA,II-1,78,175,40,135,data\raw\Capacidad\ConsultaA_Recurso_Salud_2019_v7.csv,9561
00005617,2019,6,LIMA,LIMA,SAN JUAN DE LURIGANCHO,MINSA,II-2,169,204,11,197,data\raw\Capacidad\ConsultaA_Recurso_Salud_2019_v7.csv,9570
00007632,2019,6,LIMA,LIMA,PUENTE PIEDRA,MINSA,II-2,100,143,39,151,data\raw\Capacidad\ConsultaA_Recurso_Salud_2019_v7.csv,9586
00006213,2019,5,LIMA,LIMA,MIRAFLORES,MINSA,III-E,71,162,32,198,data\raw\Capacidad\ConsultaA_Recurso_Salud_2019_v7.csv,9598
00005987,2019,4,LIMA,LIMA,SAN JUAN DE MIRAFLORES,MINSA,III-1,366,340,180,386,data\raw\Capacidad\ConsultaA_Recurso_Salud_2019_v7.csv,9623
00010751,2019,7,LIMA,LIMA,MIRAFLORES,SANIDAD DE LA FUERZA AEREA DEL PERU,III-1,283,289,23,243,data\raw\Capacidad\ConsultaA_Recurso_Salud_2019_v7.csv,9657
00006217,2019,4,LIMA,LIMA,LIMA,MINSA,III-2,11,108,27,55,data\raw\Capacidad\ConsultaA_Recurso_Salud_2019_v7.csv,9705
00008720,2019,5,LIMA,LIMA,JESUS MARIA,ESSALUD,III-2,1481,1852,480,1743,data\raw\Capacidad\ConsultaA_Recurso_Salud_2019_v7.csv,9740
00008317,2019,3,LIMA,LIMA,SAN JUAN DE LURIGANCHO,ESSALUD,II-1,53,107,11,76,data\raw\Capacidad\ConsultaA_Recurso_Salud_2019_v7.csv,9799
00010135,2019,4,LIMA,LIMA,LA MOLINA,ESSALUD,II-1,50,125,6,69,data\raw\Capacidad\ConsultaA_Recurso_Salud_2019_v7.csv,9811
00010751,2019,5,LIMA,LIMA,MIRAFLORES,SANIDAD DE LA FUERZA AEREA DEL PERU,III-1,283,255,18,234,data\raw\Capacidad\ConsultaA_Recurso_Salud_2019_v7.csv,9824
00016918,2019,6,LIMA,LIMA,SAN BORJA,MINSA,III-2,236,392,66,474,data\raw\Capacidad\ConsultaA_Recurso_Salud_2019_v7.csv,9831
00006216,2019,7,LIMA,LIMA,BREÑA,MINSA,III-2,381,341,50,575,data\raw\Capacidad\ConsultaA_Recurso_Salud_2019_v7.csv,9967
00006210,2019,4,LIMA,LIMA,SURQUILLO,MINSA,III-2,413,235,153,560,data\raw\Capacidad\ConsultaA_Recurso_Salud_2019_v7.csv,10007
00012923,2019,5,LIMA,LIMA,PUENTE PIEDRA,SANIDAD DE LA POLICIA NACIONAL DEL PERU,I-2,0,4,0,10,data\raw\Capacidad\ConsultaA_Recurso_Salud_2019_v7.csv,10017
00006211,2019,6,LIMA,LIMA,PUEBLO LIBRE,MINSA,III-1,176,268,34,245,data\raw\Capacidad\ConsultaA_Recurso_Salud_2019_v7.csv,10030
00008317,2019,7,LIMA,LIMA,SAN JUAN DE LURIGANCHO,ESSALUD,II-1,55,110,11,76,data\raw\Capacidad\ConsultaA_Recurso_Salud_2019_v7.csv,10036
00007634,2019,7,LIMA,LIMA,COMAS,MINSA,III-1,330,211,114,241,data\raw\Capacidad\ConsultaA_Recurso_Salud_2019_v7.csv,10082
00007734,2019,4,LIMA,LIMA,CHORRILLOS,MINSA,III-2,36,112,40,17,data\raw\Capacidad\ConsultaA_Recurso_Salud_2019_v7.csv,10133
00006211,2019,4,LIMA,LIMA,PUEBLO LIBRE,MINSA,III-1,176,268,34,245,data\raw\Capacidad\ConsultaA_Recurso_Salud_2019_v7.csv,10195
00008720,2019,4,LIMA,LIMA,JESUS MARIA,ESSALUD,III-2,1484,1852,480,1743,data\raw\Capacidad\ConsultaA_Recurso_Salud_2019_v7.csv,10199
00016094,2019,6,LIMA,LIMA,RIMAC,SANIDAD DE LA POLICIA NACIONAL DEL PERU,0,83,46,0,44,data\raw\Capacidad\ConsultaA_Recurso_Salud_2019_v7.csv,10233
00005948,2019,3,LIMA,LIMA,SANTA ANITA,MINSA,III-1,211,93,39,78,data\raw\Capacidad\ConsultaA_Recurso_Salud_2019_v7.csv,10337
00007734,2019,3,LIMA,LIMA,CHORRILLOS,MINSA,III-2,36,114,40,17,data\raw\Capacidad\ConsultaA_Recurso_Salud_2019_v7.csv,10459
00008741,2019,3,LIMA,LIMA,VILLA EL SALVADOR,ESSALUD,II-1,54,78,3,72,data\raw\Capacidad\ConsultaA_Recurso_Salud_2019_v7.csv,10463
00006209,2019,7,LIMA,LIMA,LIMA,MINSA,III-2,157,86,20,101,data\raw\Capacidad\ConsultaA_Recurso_Salud_2019_v7.csv,10595
00007633,2019,4,LIMA,LIMA,SAN MARTIN DE PORRES,MINSA,III-1,355,626,318,580,data\raw\Capacidad\ConsultaA_Recurso_Salud_2019_v7.csv,10696
00006216,2019,5,LIMA,LIMA,BREÑA,MINSA,III-2,382,342,50,575,data\raw\Capacidad\ConsultaA_Recurso_Salud_2019_v7.csv,10710
00017024,2019,6,LIMA,LIMA,JESUS MARIA,SANIDAD DEL EJERCITO DEL PERU,III-1,626,145,78,398,data\raw\Capacidad\ConsultaA_Recurso_Salud_2019_v7.csv,10742
00007633,2019,5,LIMA,LIMA,SAN MARTIN DE PORRES,MINSA,III-1,351,625,317,580,data\raw\Capacidad\ConsultaA_Recurso_Salud_2019_v7.csv,10790
00005945,2019,3,LIMA,LIMA,ATE,MINSA,II-1,78,175,40,135,data\raw\Capacidad\ConsultaA_Recurso_Salud_2019_v7.csv,10881
00008720,2019,6,LIMA,LIMA,JESUS MARIA,ESSALUD,III-2,1511,1891,480,1757,data\raw\Capacidad\ConsultaA_Recurso_Salud_2019_v7.csv,10938
00005946,2019,6,LIMA,LIMA,EL AGUSTINO,MINSA,III-1,666,395,198,576,data\raw\Capacidad\ConsultaA_Recurso_Salud_2019_v7.csv,11001
00007733,2019,7,LIMA,LIMA,SAN MARTIN DE PORRES,MINSA,III-2,81,134,44,80,data\raw\Capacidad\ConsultaA_Recurso_Salud_2019_v7.csv,11032
00014718,2019,3,LIMA,LIMA,SAN MIGUEL,SANIDAD DE LA POLICIA NACIONAL DEL PERU,II-E,39,26,4,32,data\raw\Capacidad\ConsultaA_Recurso_Salud_2019_v7.csv,11047
00006214,2019,3,LIMA,LIMA,MAGDALENA DEL MAR,MINSA,III-1,590,119,43,128,data\raw\Capacidad\ConsultaA_Recurso_Salud_2019_v7.csv,11048
00006216,2019,6,LIMA,LIMA,BREÑA,MINSA,III-2,380,337,54,573,data\raw\Capacidad\ConsultaA_Recurso_Salud_2019_v7.csv,11180
00013591,2019,3,LIMA,LIMA,JESUS MARIA,SANIDAD DE LA POLICIA NACIONAL DEL PERU,III-1,484,435,179,354,data\raw\Capacidad\ConsultaA_Recurso_Salud_2019_v7.csv,11622
00008489,2019,6,LIMA,LIMA,MIRAFLORES,ESSALUD,II-2,86,210,0,144,data\raw\Capacidad\ConsultaA_Recurso_Salud_2019_v7.csv,11713
00018011,2019,6,LIMA,LIMA,JESUS MARIA,ESSALUD,III-E,108,149,45,231,data\raw\Capacidad\ConsultaA_Recurso_Salud_2019_v7.csv,11714
00009188,2019,7,LIMA,LIMA,LIMA,ESSALUD,II-1,40,89,4,57,data\raw\Capacidad\ConsultaA_Recurso_Salud_2019_v7.csv,11785
00007733,2019,4,LIMA,LIMA,SAN MARTIN DE PORRES,MINSA,III-2,81,138,46,76,data\raw\Capacidad\ConsultaA_Recurso_Salud_2019_v7.csv,11892
00005945,2019,4,LIMA,LIMA,ATE,MINSA,II-1,78,174,40,135,data\raw\Capacidad\ConsultaA_Recurso_Salud_2019_v7.csv,11916
00008502,2019,3,LIMA,LIMA,LIMA,ESSALUD,II-2,230,342,89,196,data\raw\Capacidad\ConsultaA_Recurso_Salud_2019_v7.csv,12049
00006214,2019,4,LIMA,LIMA,MAGDALENA DEL MAR,MINSA,III-1,590,121,43,130,data\raw\Capacidad\ConsultaA_Recurso_Salud_2019_v7.csv,12060
00006216,2019,3,LIMA,LIMA,BREÑA,MINSA,III-2,379,345,41,576,data\raw\Capacidad\ConsultaA_Recurso_Salud_2019_v7.csv,12128
00006207,2019,5,LIMA,LIMA,LIMA,MINSA,III-1,603,428,222,484,data\raw\Capacidad\ConsultaA_Recurso_Salud_2019_v7.csv,12215
00007734,2019,7,LIMA,LIMA,CHORRILLOS,MINSA,III-2,36,111,40,17,data\raw\Capacidad\ConsultaA_Recurso_Salud_2019_v7.csv,12429
00006211,2019,7,LIMA,LIMA,PUEBLO LIBRE,MINSA,III-1,176,268,34,245,data\raw\Capacidad\ConsultaA_Recurso_Salud_2019_v7.csv,12441
00023159,2019,3,LIMA,LIMA,VILLA EL SALVADOR,MINSA,II-2,224,322,0,325,data\raw\Capacidad\ConsultaA_Recurso_Salud_2019_v7.csv,12471
00006206,2019,4,LIMA,LIMA,LIMA,MINSA,III-1,586,409,159,320,data\raw\Capacidad\ConsultaA_Recurso_Salud_2019_v7.csv,12491
00006206,2019,6,LIMA,LIMA,LIMA,MINSA,III-1,600,404,138,310,data\raw\Capacidad\ConsultaA_Recurso_Salud_2019_v7.csv,12549
00007634,2019,6,LIMA,LIMA,COMAS,MINSA,III-1,330,211,114,241,data\raw\Capacidad\ConsultaA_Recurso_Salud_2019_v7.csv,12553
00013591,2019,4,LIMA,LIMA,JESUS MARIA,SANIDAD DE LA POLICIA NACIONAL DEL PERU,III-1,484,430,179,360,data\raw\Capacidad\ConsultaA_Recurso_Salud_2019_v7.csv,12593
00010434,2019,4,LIMA,LIMA,SANTA ANITA,ESSALUD,II-E,162,37,15,75,data\raw\Capacidad\ConsultaA_Recurso_Salud_2019_v7.csv,12602
00008741,2019,5,LIMA,LIMA,VILLA EL SALVADOR,ESSALUD,II-1,54,78,3,72,data\raw\Capacidad\ConsultaA_Recurso_Salud_2019_v7.csv,12627
00006208,2019,5,LIMA,LIMA,LIMA,MINSA,III-2,397,274,62,401,data\raw\Capacidad\ConsultaA_Recurso_Salud_2019_v7.csv,12638
00010434,2019,6,LIMA,LIMA,SANTA ANITA,ESSALUD,II-E,162,37,15,75,data\raw\Capacidad\ConsultaA_Recurso_Salud_2019_v7.csv,12731
00006212,2019,3,LIMA,LIMA,LA VICTORIA,MINSA,III-E,52,130,10,136,data\raw\Capacidad\ConsultaA_Recurso_Salud_2019_v7.csv,12755
00005883,2019,2,LIMA,LIMA,ATE,MINSA,II-1,51,75,0,62,data\raw\Capacidad\ConsultaA_Recurso_Salud_2019_v7.csv,12960
00009188,2019,4,LIMA,LIMA,LIMA,ESSALUD,II-1,43,85,0,57,data\raw\Capacidad\ConsultaA_Recurso_Salud_2019_v7.csv,13042
00006215,2019,5,LIMA,LIMA,LIMA,MINSA,III-1,211,304,95,283,data\raw\Capacidad\ConsultaA_Recurso_Salud_2019_v7.csv,13066
00005945,2019,7,LIMA,LIMA,ATE,MINSA,II-1,78,172,50,135,data\raw\Capacidad\ConsultaA_Recurso_Salud_2019_v7.csv,13096
00007632,2019,7,LIMA,LIMA,PUENTE PIEDRA,MINSA,II-2,100,141,48,151,data\raw\Capacidad\ConsultaA_Recurso_Salud_2019_v7.csv,13099
00010751,2019,3,LIMA,LIMA,MIRAFLORES,SANIDAD DE LA FUERZA AEREA DEL PERU,III-1,283,289,23,243,data\raw\Capacidad\ConsultaA_Recurso_Salud_2019_v7.csv,13178
00005948,2019,4,LIMA,LIMA,SANTA ANITA,MINSA,III-1,211,85,36,80,data\raw\Capacidad\ConsultaA_Recurso_Salud_2019_v7.csv,13196
00005946,2019,3,LIMA,LIMA,EL AGUSTINO,MINSA,III-1,666,390,198,564,data\raw\Capacidad\ConsultaA_Recurso_Salud_2019_v7.csv,13199
00008317,2019,6,LIMA,LIMA,SAN JUAN DE LURIGANCHO,ESSALUD,II-1,56,108,11,77,data\raw\Capacidad\ConsultaA_Recurso_Salud_2019_v7.csv,13333
00005947,2019,6,LIMA,LIMA,LURIGANCHO,MINSA,II-2,67,127,12,112,data\raw\Capacidad\ConsultaA_Recurso_Salud_2019_v7.csv,13338
00006217,2019,3,LIMA,LIMA,LIMA,MINSA,III-2,11,108,27,55,data\raw\Capacidad\ConsultaA_Recurso_Salud_2019_v7.csv,13374
00016094,2019,4,LIMA,LIMA,RIMAC,SANIDAD DE LA POLICIA NACIONAL DEL PERU,0,83,40,0,46,data\raw\Capacidad\ConsultaA_Recurso_Salud_2019_v7.csv,13387
00010098,2019,7,LIMA,LIMA,CHORRILLOS,SANIDAD DEL EJERCITO DEL PERU,II-E,21,42,0,60,data\raw\Capacidad\ConsultaA_Recurso_Salud_2019_v7.csv,13573
00007632,2019,3,LIMA,LIMA,PUENTE PIEDRA,MINSA,II-2,102,145,41,153,data\raw\Capacidad\ConsultaA_Recurso_Salud_2019_v7.csv,13582
00006206,2019,3,LIMA,LIMA,LIMA,MINSA,III-1,598,405,156,305,data\raw\Capacidad\ConsultaA_Recurso_Salud_2019_v7.csv,13641
00006212,2019,5,LIMA,LIMA,LA VICTORIA,MINSA,III-E,51,130,8,136,data\raw\Capacidad\ConsultaA_Recurso_Salud_2019_v7.csv,13662
00008489,2019,5,LIMA,LIMA,MIRAFLORES,ESSALUD,II-2,86,208,0,146,data\raw\Capacidad\ConsultaA_Recurso_Salud_2019_v7.csv,13666
00017024,2019,5,LIMA,LIMA,JESUS MARIA,SANIDAD DEL EJERCITO DEL PERU,III-1,629,140,78,400,data\raw\Capacidad\ConsultaA_Recurso_Salud_2019_v7.csv,13667
00007634,2019,5,LIMA,LIMA,COMAS,MINSA,III-1,330,211,114,241,data\raw\Capacidad\ConsultaA_Recurso_Salud_2019_v7.csv,13668
00008671,2019,7,LIMA,LIMA,COMAS,ESSALUD,II-1,112,162,0,116,data\raw\Capacidad\ConsultaA_Recurso_Salud_2019_v7.csv,13738
00007632,2019,5,LIMA,LIMA,PUENTE PIEDRA,MINSA,II-2,100,145,39,152,data\raw\Capacidad\ConsultaA_Recurso_Salud_2019_v7.csv,13833
00008353,2019,6,LIMA,LIMA,ATE,ESSALUD,II-1,68,106,24,90,data\raw\Capacidad\ConsultaA_Recurso_Salud_2019_v7.csv,13936
00009188,2019,2,LIMA,LIMA,LIMA,ESSALUD,II-1,49,89,4,56,data\raw\Capacidad\ConsultaA_Recurso_Salud_2019_v7.csv,13945
00005883,2019,6,LIMA,LIMA,ATE,MINSA,II-1,51,77,0,78,data\raw\Capacidad\ConsultaA_Recurso_Salud_2019_v7.csv,14032
00008353,2019,7,LIMA,LIMA,ATE,ESSALUD,II-1,68,106,24,90,data\raw\Capacidad\ConsultaA_Recurso_Salud_2019_v7.csv,14132
00006207,2019,4,LIMA,LIMA,LIMA,MINSA,III-1,603,440,229,500,data\raw\Capacidad\ConsultaA_Recurso_Salud_2019_v7.csv,14174
00023159,2019,4,LIMA,LIMA,VILLA EL SALVADOR,MINSA,II-2,224,301,0,335,data\raw\Capacidad\ConsultaA_Recurso_Salud_2019_v7.csv,14254
00008502,2019,5,LIMA,LIMA,LIMA,ESSALUD,II-2,230,342,89,203,data\raw\Capacidad\ConsultaA_Recurso_Salud_2019_v7.csv,14290
00005948,2019,5,LIMA,LIMA,SANTA ANITA,MINSA,III-1,211,88,37,82,data\raw\Capacidad\ConsultaA_Recurso_Salud_2019_v7.csv,14295
00018011,2019,4,LIMA,LIMA,JESUS MARIA,ESSALUD,III-E,109,147,45,227,data\raw\Capacidad\ConsultaA_Recurso_Salud_2019_v7.csv,14375
00005617,2019,5,LIMA,LIMA,SAN JUAN DE LURIGANCHO,MINSA,II-2,169,204,17,197,data\raw\Capacidad\ConsultaA_Recurso_Salud_2019_v7.csv,14387
00008564,2019,5,LIMA,LIMA,SAN MIGUEL,ESSALUD,II-1,47,107,0,72,data\raw\Capacidad\ConsultaA_Recurso_Salud_2019_v7.csv,14398
00010135,2019,3,LIMA,LIMA,LA MOLINA,ESSALUD,II-1,50,121,6,66,data\raw\Capacidad\ConsultaA_Recurso_Salud_2019_v7.csv,14486
00009188,2019,3,LIMA,LIMA,LIMA,ESSALUD,II-1,43,85,0,57,data\raw\Capacidad\ConsultaA_Recurso_Salud_2019_v7.csv,14504
00010098,2019,3,LIMA,LIMA,CHORRILLOS,SANIDAD DEL EJERCITO DEL PERU,II-E,21,42,0,58,data\raw\Capacidad\ConsultaA_Recurso_Salud_2019_v7.csv,14511
00016094,2019,3,LIMA,LIMA,RIMAC,SANIDAD DE LA POLICIA NACIONAL DEL PERU,0,83,40,0,46,data\raw\Capacidad\ConsultaA_Recurso_Salud_2019_v7.csv,14512
00013591,2019,2,LIMA,LIMA,JESUS MARIA,SANIDAD DE LA POLICIA NACIONAL DEL PERU,III-1,484,420,179,365,data\raw\Capacidad\ConsultaA_Recurso_Salud_2019_v7.csv,14535
00010751,2019,4,LIMA,LIMA,MIRAFLORES,SANIDAD DE LA FUERZA AEREA DEL PERU,III-1,283,273,18,234,data\raw\Capacidad\ConsultaA_Recurso_Salud_2019_v7.csv,14558
00008564,2019,4,LIMA,LIMA,SAN MIGUEL,ESSALUD,II-1,47,112,0,72,data\raw\Capacidad\ConsultaA_Recurso_Salud_2019_v7.csv,14559
00006208,2019,6,LIMA,LIMA,LIMA,MINSA,III-2,397,274,62,401,data\raw\Capacidad\ConsultaA_Recurso_Salud_2019_v7.csv,14630
00008318,2019,5,LIMA,LIMA,SANTA ANITA,ESSALUD,II-1,57,84,5,65,data\raw\Capacidad\ConsultaA_Recurso_Salud_2019_v7.csv,14813
00006207,2019,2,LIMA,LIMA,LIMA,MINSA,III-1,606,384,220,482,data\raw\Capacidad\ConsultaA_Recurso_Salud_2019_v7.csv,14896
00008741,2019,4,LIMA,LIMA,VILLA EL SALVADOR,ESSALUD,II-1,54,78,3,72,data\raw\Capacidad\ConsultaA_Recurso_Salud_2019_v7.csv,14907
00016094,2019,5,LIMA,LIMA,RIMAC,SANIDAD DE LA POLICIA NACIONAL DEL PERU,0,83,45,0,42,data\raw\Capacidad\ConsultaA_Recurso_Salud_2019_v7.csv,15001
00006212,2019,7,LIMA,LIMA,LA VICTORIA,MINSA,III-E,51,134,8,136,data\raw\Capacidad\ConsultaA_Recurso_Salud_2019_v7.csv,15043
00006210,2019,7,LIMA,LIMA,SURQUILLO,MINSA,III-2,430,231,208,578,data\raw\Capacidad\ConsultaA_Recurso_Salud_2019_v7.csv,15056
00006208,2019,3,LIMA,LIMA,LIMA,MINSA,III-2,403,292,63,419,data\raw\Capacidad\ConsultaA_Recurso_Salud_2019_v7.csv,15183
00007733,2019,3,LIMA,LIMA,SAN MARTIN DE PORRES,MINSA,III-2,81,136,45,75,data\raw\Capacidad\ConsultaA_Recurso_Salud_2019_v7.csv,15252
00008489,2019,4,LIMA,LIMA,MIRAFLORES,ESSALUD,II-2,88,208,0,152,data\raw\Capacidad\ConsultaA_Recurso_Salud_2019_v7.csv,15371
00005947,2019,5,LIMA,LIMA,LURIGANCHO,MINSA,II-2,67,125,8,110,data\raw\Capacidad\ConsultaA_Recurso_Salud_2019_v7.csv,15390
00008741,2019,7,LIMA,LIMA,VILLA EL SALVADOR,ESSALUD,II-1,54,78,3,72,data\raw\Capacidad\ConsultaA_Recurso_Salud_2019_v7.csv,15412
00016918,2019,7,LIMA,LIMA,SAN BORJA,MINSA,III-2,236,381,50,474,data\raw\Capacidad\ConsultaA_Recurso_Salud_2019_v7.csv,15424
00006210,2019,2,LIMA,LIMA,SURQUILLO,MINSA,III-2,413,231,153,553,data\raw\Capacidad\ConsultaA_Recurso_Salud_2019_v7.csv,15561
00008502,2019,4,LIMA,LIMA,LIMA,ESSALUD,II-2,229,345,89,208,data\raw\Capacidad\ConsultaA_Recurso_Salud_2019_v7.csv,15598
00008489,2019,2,LIMA,LIMA,MIRAFLORES,ESSALUD,II-2,88,195,0,152,data\raw\Capacidad\ConsultaA_Recurso_Salud_2019_v7.csv,15610
00006212,2019,1,LIMA,LIMA,LA VICTORIA,MINSA,III-E,48,132,10,125,data\raw\Capacidad\ConsultaA_Recurso_Salud_2019_v7.csv,15649
00008502,2019,1,LIMA,LIMA,LIMA,ESSALUD,II-2,228,337,92,211,data\raw\Capacidad\ConsultaA_Recurso_Salud_2019_v7.csv,15651
00009251,2019,3,LIMA,LIMA,LA VICTORIA,ESSALUD,III-2,960,1324,421,1100,data\raw\Capacidad\ConsultaA_Recurso_Salud_2019_v7.csv,15667
00008317,2019,4,LIMA,LIMA,SAN JUAN DE LURIGANCHO,ESSALUD,II-1,56,102,11,74,data\raw\Capacidad\ConsultaA_Recurso_Salud_2019_v7.csv,15687
00017024,2019,4,LIMA,LIMA,JESUS MARIA,SANIDAD DEL EJERCITO DEL PERU,III-1,631,266,78,427,data\raw\Capacidad\ConsultaA_Recurso_Salud_2019_v7.csv,15756
00014718,2019,5,LIMA,LIMA,SAN MIGUEL,SANIDAD DE LA POLICIA NACIONAL DEL PERU,II-E,37,29,4,31,data\raw\Capacidad\ConsultaA_Recurso_Salud_2019_v7.csv,15771
00006217,2019,7,LIMA,LIMA,LIMA,MINSA,III-2,11,108,27,55,data\raw\Capacidad\ConsultaA_Recurso_Salud_2019_v7.csv,15807
00008564,2019,7,LIMA,LIMA,SAN MIGUEL,ESSALUD,II-1,47,114,0,75,data\raw\Capacidad\ConsultaA_Recurso_Salud_2019_v7.csv,15839
00007733,2019,5,LIMA,LIMA,SAN MARTIN DE PORRES,MINSA,III-2,81,137,46,70,data\raw\Capacidad\ConsultaA_Recurso_Salud_2019_v7.csv,15878
00005946,2019,5,LIMA,LIMA,EL AGUSTINO,MINSA,III-1,666,381,198,576,data\raw\Capacidad\ConsultaA_Recurso_Salud_2019_v7.csv,15879
00013591,2019,6,LIMA,LIMA,JESUS MARIA,SANIDAD DE LA POLICIA NACIONAL DEL PERU,III-1,411,423,181,365,data\raw\Capacidad\ConsultaA_Recurso_Salud_2019_v7.csv,15892
00010135,2019,6,LIMA,LIMA,LA MOLINA,ESSALUD,II-1,50,127,6,68,data\raw\Capacidad\ConsultaA_Recurso_Salud_2019_v7.csv,15950
00006215,2019,6,LIMA,LIMA,LIMA,MINSA,III-1,218,302,95,272,data\raw\Capacidad\ConsultaA_Recurso_Salud_2019_v7.csv,16029
00006213,2019,3,LIMA,LIMA,MIRAFLORES,MINSA,III-E,71,162,32,198,data\raw\Capacidad\ConsultaA_Recurso_Salud_2019_v7.csv,16100
00005947,2019,3,LIMA,LIMA,LURIGANCHO,MINSA,II-2,68,130,8,111,data\raw\Capacidad\ConsultaA_Recurso_Salud_2019_v7.csv,16165
00012923,2019,4,LIMA,LIMA,PUENTE PIEDRA,SANIDAD DE LA POLICIA NACIONAL DEL PERU,I-2,0,0,0,0,data\raw\Capacidad\ConsultaA_Recurso_Salud_2019_v7.csv,16173
00006207,2019,3,LIMA,LIMA,LIMA,MINSA,III-1,606,413,228,488,data\raw\Capacidad\ConsultaA_Recurso_Salud_2019_v7.csv,16176
00010098,2019,4,LIMA,LIMA,CHORRILLOS,SANIDAD DEL EJERCITO DEL PERU,II-E,21,41,0,59,data\raw\Capacidad\ConsultaA_Recurso_Salud_2019_v7.csv,16279
00016918,2019,5,LIMA,LIMA,SAN BORJA,MINSA,III-2,236,411,70,474,data\raw\Capacidad\ConsultaA_Recurso_Salud_2019_v7.csv,16323
00023159,2019,7,LIMA,LIMA,VILLA EL SALVADOR,MINSA,II-2,203,322,0,339,data\raw\Capacidad\ConsultaA_Recurso_Salud_2019_v7.csv,16325
00008720,2019,7,LIMA,LIMA,JESUS MARIA,ESSALUD,III-2,1512,1742,339,1783,data\raw\Capacidad\ConsultaA_Recurso_Salud_2019_v7.csv,16336
00006209,2019,5,LIMA,LIMA,LIMA,MINSA,III-2,155,90,14,102,data\raw\Capacidad\ConsultaA_Recurso_Salud_2019_v7.csv,16446
00007734,2019,6,LIMA,LIMA,CHORRILLOS,MINSA,III-2,36,112,40,17,data\raw\Capacidad\ConsultaA_Recurso_Salud_2019_v7.csv,16597
00005945,2019,6,LIMA,LIMA,ATE,MINSA,II-1,78,173,37,135,data\raw\Capacidad\ConsultaA_Recurso_Salud_2019_v7.csv,16603
00005947,2019,7,LIMA,LIMA,LURIGANCHO,MINSA,II-2,67,138,8,114,data\raw\Capacidad\ConsultaA_Recurso_Salud_2019_v7.csv,16726
00010434,2019,3,LIMA,LIMA,SANTA ANITA,ESSALUD,II-E,162,37,15,75,data\raw\Capacidad\ConsultaA_Recurso_Salud_2019_v7.csv,16753
00010098,2019,5,LIMA,LIMA,CHORRILLOS,SANIDAD DEL EJERCITO DEL PERU,II-E,21,41,0,60,data\raw\Capacidad\ConsultaA_Recurso_Salud_2019_v7.csv,16785
00009188,2019,6,LIMA,LIMA,LIMA,ESSALUD,II-1,40,89,4,57,data\raw\Capacidad\ConsultaA_Recurso_Salud_2019_v7.csv,16811
00006213,2019,4,LIMA,LIMA,MIRAFLORES,MINSA,III-E,71,162,32,198,data\raw\Capacidad\ConsultaA_Recurso_Salud_2019_v7.csv,16874
00013591,2019,7,LIMA,LIMA,JESUS MARIA,SANIDAD DE LA POLICIA NACIONAL DEL PERU,III-1,411,440,181,350,data\raw\Capacidad\ConsultaA_Recurso_Salud_2019_v7.csv,16912
00005883,2019,7,LIMA,LIMA,ATE,MINSA,II-1,51,77,0,76,data\raw\Capacidad\ConsultaA_Recurso_Salud_2019_v7.csv,16938
00010434,2019,5,LIMA,LIMA,SANTA ANITA,ESSALUD,II-E,162,37,15,75,data\raw\Capacidad\ConsultaA_Recurso_Salud_2019_v7.csv,17013
00006211,2019,5,LIMA,LIMA,PUEBLO LIBRE,MINSA,III-1,176,268,34,245,data\raw\Capacidad\ConsultaA_Recurso_Salud_2019_v7.csv,17307
00005987,2019,7,LIMA,LIMA,SAN JUAN DE MIRAFLORES,MINSA,III-1,372,330,193,397,data\raw\Capacidad\ConsultaA_Recurso_Salud_2019_v7.csv,17363
00008317,2019,5,LIMA,LIMA,SAN JUAN DE LURIGANCHO,ESSALUD,II-1,56,106,11,77,data\raw\Capacidad\ConsultaA_Recurso_Salud_2019_v7.csv,17410
00017024,2019,7,LIMA,LIMA,JESUS MARIA,SANIDAD DEL EJERCITO DEL PERU,III-1,629,156,65,396,data\raw\Capacidad\ConsultaA_Recurso_Salud_2019_v7.csv,17654
00005945,2019,1,LIMA,LIMA,ATE,MINSA,II-1,78,176,43,135,data\raw\Capacidad\ConsultaA_Recurso_Salud_2019_v7.csv,17675
00006210,2019,5,LIMA,LIMA,SURQUILLO,MINSA,III-2,430,233,153,560,data\raw\Capacidad\ConsultaA_Recurso_Salud_2019_v7.csv,17761
00006209,2019,6,LIMA,LIMA,LIMA,MINSA,III-2,156,86,20,106,data\raw\Capacidad\ConsultaA_Recurso_Salud_2019_v7.csv,17773
00005947,2019,4,LIMA,LIMA,LURIGANCHO,MINSA,II-2,67,127,12,110,data\raw\Capacidad\ConsultaA_Recurso_Salud_2019_v7.csv,17792
00006209,2019,3,LIMA,LIMA,LIMA,MINSA,III-2,158,91,14,104,data\raw\Capacidad\ConsultaA_Recurso_Salud_2019_v7.csv,17894
00012923,2019,6,LIMA,LIMA,PUENTE PIEDRA,SANIDAD DE LA POLICIA NACIONAL DEL PERU,I-2,0,4,0,7,data\raw\Capacidad\ConsultaA_Recurso_Salud_2019_v7.csv,17957
00008502,2019,6,LIMA,LIMA,LIMA,ESSALUD,II-2,230,336,91,202,data\raw\Capacidad\ConsultaA_Recurso_Salud_2019_v7.csv,17968
00008564,2019,3,LIMA,LIMA,SAN MIGUEL,ESSALUD,II-1,47,100,0,71,data\raw\Capacidad\ConsultaA_Recurso_Salud_2019_v7.csv,18062
00008353,2019,3,LIMA,LIMA,ATE,ESSALUD,II-1,68,105,24,89,data\raw\Capacidad\ConsultaA_Recurso_Salud_2019_v7.csv,18064
00010434,2019,7,LIMA,LIMA,SANTA ANITA,ESSALUD,II-E,163,37,15,75,data\raw\Capacidad\ConsultaA_Recurso_Salud_2019_v7.csv,18125
00005947,2019,2,LIMA,LIMA,LURIGANCHO,MINSA,II-2,67,132,8,115,data\raw\Capacidad\ConsultaA_Recurso_Salud_2019_v7.csv,18250
00013591,2019,5,LIMA,LIMA,JESUS MARIA,SANIDAD DE LA POLICIA NACIONAL DEL PERU,III-1,484,433,180,352,data\raw\Capacidad\ConsultaA_Recurso_Salud_2019_v7.csv,18328
00007633,2019,7,LIMA,LIMA,SAN MARTIN DE PORRES,MINSA,III-1,350,618,272,580,data\raw\Capacidad\ConsultaA_Recurso_Salud_2019_v7.csv,18393
00018011,2019,7,LIMA,LIMA,JESUS MARIA,ESSALUD,III-E,108,148,45,231,data\raw\Capacidad\ConsultaA_Recurso_Salud_2019_v7.csv,18449
00005948,2019,7,LIMA,LIMA,SANTA ANITA,MINSA,III-1,211,88,36,81,data\raw\Capacidad\ConsultaA_Recurso_Salud_2019_v7.csv,18516
00008502,2019,7,LIMA,LIMA,LIMA,ESSALUD,II-2,230,340,91,196,data\raw\Capacidad\ConsultaA_Recurso_Salud_2019_v7.csv,18600
00006207,2019,7,LIMA,LIMA,LIMA,MINSA,III-1,603,435,231,482,data\raw\Capacidad\ConsultaA_Recurso_Salud_2019_v7.csv,18711
00010135,2019,7,LIMA,LIMA,LA MOLINA,ESSALUD,II-1,50,124,6,65,data\raw\Capacidad\ConsultaA_Recurso_Salud_2019_v7.csv,18737
00006206,2019,7,LIMA,LIMA,LIMA,MINSA,III-1,600,406,166,318,data\raw\Capacidad\ConsultaA_Recurso_Salud_2019_v7.csv,18840
00008489,2019,7,LIMA,LIMA,MIRAFLORES,ESSALUD,II-2,86,211,0,156,data\raw\Capacidad\ConsultaA_Recurso_Salud_2019_v7.csv,18908
00006209,2019,8,LIMA,LIMA,LIMA,MINSA,III-2,157,88,20,104,data\raw\Capacidad\ConsultaA_Recurso_Salud_2019_v7.csv,18989
00005617,2019,8,LIMA,LIMA,SAN JUAN DE LURIGANCHO,MINSA,II-2,145,205,8,196,data\raw\Capacidad\ConsultaA_Recurso_Salud_2019_v7.csv,19119
00016094,2019,8,LIMA,LIMA,RIMAC,SANIDAD DE LA POLICIA NACIONAL DEL PERU,0,83,41,0,48,data\raw\Capacidad\ConsultaA_Recurso_Salud_2019_v7.csv,19318
00008317,2019,8,LIMA,LIMA,SAN JUAN DE LURIGANCHO,ESSALUD,II-1,56,106,11,77,data\raw\Capacidad\ConsultaA_Recurso_Salud_2019_v7.csv,19356
00005946,2019,8,LIMA,LIMA,EL AGUSTINO,MINSA,III-1,666,408,210,575,data\raw\Capacidad\ConsultaA_Recurso_Salud_2019_v7.csv,19389
00006215,2019,8,LIMA,LIMA,LIMA,MINSA,III-1,206,307,102,269,data\raw\Capacidad\ConsultaA_Recurso_Salud_2019_v7.csv,19512
00014718,2019,8,LIMA,LIMA,SAN MIGUEL,SANIDAD DE LA POLICIA NACIONAL DEL PERU,II-E,37,31,3,30,data\raw\Capacidad\ConsultaA_Recurso_Salud_2019_v7.csv,19553
00008671,2019,9,LIMA,LIMA,COMAS,ESSALUD,II-1,115,163,0,120,data\raw\Capacidad\ConsultaA_Recurso_Salud_2019_v7.csv,19597
00006215,2019,9,LIMA,LIMA,LIMA,MINSA,III-1,206,298,96,264,data\raw\Capacidad\ConsultaA_Recurso_Salud_2019_v7.csv,19599
00008671,2019,8,LIMA,LIMA,COMAS,ESSALUD,II-1,115,170,0,120,data\raw\Capacidad\ConsultaA_Recurso_Salud_2019_v7.csv,19678
00006208,2019,8,LIMA,LIMA,LIMA,MINSA,III-2,397,280,71,412,data\raw\Capacidad\ConsultaA_Recurso_Salud_2019_v7.csv,19689
00005987,2019,9,LIMA,LIMA,SAN JUAN DE MIRAFLORES,MINSA,III-1,372,332,187,395,data\raw\Capacidad\ConsultaA_Recurso_Salud_2019_v7.csv,19720
00006206,2019,9,LIMA,LIMA,LIMA,MINSA,III-1,601,411,173,309,data\raw\Capacidad\ConsultaA_Recurso_Salud_2019_v7.csv,19737
00023159,2019,8,LIMA,LIMA,VILLA EL SALVADOR,MINSA,II-2,200,332,0,338,data\raw\Capacidad\ConsultaA_Recurso_Salud_2019_v7.csv,19781
00006212,2019,8,LIMA,LIMA,LA VICTORIA,MINSA,III-E,51,133,8,136,data\raw\Capacidad\ConsultaA_Recurso_Salud_2019_v7.csv,19783
00017024,2019,9,LIMA,LIMA,JESUS MARIA,SANIDAD DEL EJERCITO DEL PERU,III-1,635,153,65,395,data\raw\Capacidad\ConsultaA_Recurso_Salud_2019_v7.csv,19813
00014718,2019,9,LIMA,LIMA,SAN MIGUEL,SANIDAD DE LA POLICIA NACIONAL DEL PERU,II-E,37,35,4,31,data\raw\Capacidad\ConsultaA_Recurso_Salud_2019_v7.csv,19889
00010135,2019,9,LIMA,LIMA,LA MOLINA,ESSALUD,II-1,50,122,6,66,data\raw\Capacidad\ConsultaA_Recurso_Salud_2019_v7.csv,19903
00006215,2019,10,LIMA,LIMA,LIMA,MINSA,III-1,208,298,97,270,data\raw\Capacidad\ConsultaA_Recurso_Salud_2019_v7.csv,19909
00008502,2019,12,LIMA,LIMA,LIMA,ESSALUD,II-2,230,357,88,207,data\raw\Capacidad\ConsultaA_Recurso_Salud_2019_v7.csv,19934
00008720,2019,10,LIMA,LIMA,JESUS MARIA,ESSALUD,III-2,1514,1900,498,1779,data\raw\Capacidad\ConsultaA_Recurso_Salud_2019_v7.csv,19952
00009188,2019,8,LIMA,LIMA,LIMA,ESSALUD,II-1,35,92,4,57,data\raw\Capacidad\ConsultaA_Recurso_Salud_2019_v7.csv,19971
00006216,2019,9,LIMA,LIMA,BREÑA,MINSA,III-2,367,345,26,572,data\raw\Capacidad\ConsultaA_Recurso_Salud_2019_v7.csv,20005
00010751,2019,9,LIMA,LIMA,MIRAFLORES,SANIDAD DE LA FUERZA AEREA DEL PERU,III-1,283,289,23,243,data\raw\Capacidad\ConsultaA_Recurso_Salud_2019_v7.csv,20015
00010098,2019,9,LIMA,LIMA,CHORRILLOS,SANIDAD DEL EJERCITO DEL PERU,II-E,21,43,0,60,data\raw\Capacidad\ConsultaA_Recurso_Salud_2019_v7.csv,20026
00005947,2019,10,LIMA,LIMA,LURIGANCHO,MINSA,II-2,67,137,8,118,data\raw\Capacidad\ConsultaA_Recurso_Salud_2019_v7.csv,20070
00010434,2019,10,LIMA,LIMA,SANTA ANITA,ESSALUD,II-E,166,39,15,75,data\raw\Capacidad\ConsultaA_Recurso_Salud_2019_v7.csv,20158
00008720,2019,8,LIMA,LIMA,JESUS MARIA,ESSALUD,III-2,1512,1886,498,1774,data\raw\Capacidad\ConsultaA_Recurso_Salud_2019_v7.csv,20183
00005948,2019,8,LIMA,LIMA,SANTA ANITA,MINSA,III-1,211,90,36,77,data\raw\Capacidad\ConsultaA_Recurso_Salud_2019_v7.csv,20211
00018011,2019,8,LIMA,LIMA,JESUS MARIA,ESSALUD,III-E,108,150,44,262,data\raw\Capacidad\ConsultaA_Recurso_Salud_2019_v7.csv,20221
00008564,2019,9,LIMA,LIMA,SAN MIGUEL,ESSALUD,II-1,47,128,0,78,data\raw\Capacidad\ConsultaA_Recurso_Salud_2019_v7.csv,20265
00010434,2019,9,LIMA,LIMA,SANTA ANITA,ESSALUD,II-E,163,38,15,75,data\raw\Capacidad\ConsultaA_Recurso_Salud_2019_v7.csv,20433
00008564,2019,10,LIMA,LIMA,SAN MIGUEL,ESSALUD,II-1,47,127,0,78,data\raw\Capacidad\ConsultaA_Recurso_Salud_2019_v7.csv,20451
00005946,2019,10,LIMA,LIMA,EL AGUSTINO,MINSA,III-1,666,417,210,610,data\raw\Capacidad\ConsultaA_Recurso_Salud_2019_v7.csv,20536
00007633,2019,8,LIMA,LIMA,SAN MARTIN DE PORRES,MINSA,III-1,344,353,358,580,data\raw\Capacidad\ConsultaA_Recurso_Salud_2019_v7.csv,20674
00010434,2019,8,LIMA,LIMA,SANTA ANITA,ESSALUD,II-E,163,38,15,75,data\raw\Capacidad\ConsultaA_Recurso_Salud_2019_v7.csv,20675
00008502,2019,8,LIMA,LIMA,LIMA,ESSALUD,II-2,231,340,91,200,data\raw\Capacidad\ConsultaA_Recurso_Salud_2019_v7.csv,20796
00009251,2019,9,LIMA,LIMA,LA VICTORIA,ESSALUD,III-2,957,1237,421,1093,data\raw\Capacidad\ConsultaA_Recurso_Salud_2019_v7.csv,20810
00005947,2019,8,LIMA,LIMA,LURIGANCHO,MINSA,II-2,67,137,8,116,data\raw\Capacidad\ConsultaA_Recurso_Salud_2019_v7.csv,20859
00008741,2019,9,LIMA,LIMA,VILLA EL SALVADOR,ESSALUD,II-1,54,79,3,72,data\raw\Capacidad\ConsultaA_Recurso_Salud_2019_v7.csv,21115
00016918,2019,9,LIMA,LIMA,SAN BORJA,MINSA,III-2,236,387,46,474,data\raw\Capacidad\ConsultaA_Recurso_Salud_2019_v7.csv,21125
00009251,2019,8,LIMA,LIMA,LA VICTORIA,ESSALUD,III-2,963,1231,421,1081,data\raw\Capacidad\ConsultaA_Recurso_Salud_2019_v7.csv,21205
00006207,2019,8,LIMA,LIMA,LIMA,MINSA,III-1,603,413,214,478,data\raw\Capacidad\ConsultaA_Recurso_Salud_2019_v7.csv,21207
00007634,2019,9,LIMA,LIMA,COMAS,MINSA,III-1,338,211,114,241,data\raw\Capacidad\ConsultaA_Recurso_Salud_2019_v7.csv,21241
00008671,2019,10,LIMA,LIMA,COMAS,ESSALUD,II-1,113,163,0,120,data\raw\Capacidad\ConsultaA_Recurso_Salud_2019_v7.csv,21361
00009188,2019,12,LIMA,LIMA,LIMA,ESSALUD,II-1,45,88,4,56,data\raw\Capacidad\ConsultaA_Recurso_Salud_2019_v7.csv,21423
00017024,2019,10,LIMA,LIMA,JESUS MARIA,SANIDAD DEL EJERCITO DEL PERU,III-1,635,154,65,392,data\raw\Capacidad\ConsultaA_Recurso_Salud_2019_v7.csv,21435
00006213,2019,10,LIMA,LIMA,MIRAFLORES,MINSA,III-E,71,162,40,204,data\raw\Capacidad\ConsultaA_Recurso_Salud_2019_v7.csv,21448
00005883,2019,10,LIMA,LIMA,ATE,MINSA,II-1,51,81,0,86,data\raw\Capacidad\ConsultaA_Recurso_Salud_2019_v7.csv,21450
00009251,2019,12,LIMA,LIMA,LA VICTORIA,ESSALUD,III-2,964,1241,421,1064,data\raw\Capacidad\ConsultaA_Recurso_Salud_2019_v7.csv,21460
00009251,2019,12,LIMA,LIMA,LA VICTORIA,ESSALUD,III-2,964,1241,421,1064,data\raw\Capacidad\ConsultaA_Recurso_Salud_2019_v7.csv,21461
00005948,2019,9,LIMA,LIMA,SANTA ANITA,MINSA,III-1,211,88,33,78,data\raw\Capacidad\ConsultaA_Recurso_Salud_2019_v7.csv,21512
00006217,2019,10,LIMA,LIMA,LIMA,MINSA,III-2,11,108,27,55,data\raw\Capacidad\ConsultaA_Recurso_Salud_2019_v7.csv,21628
00006214,2019,10,LIMA,LIMA,MAGDALENA DEL MAR,MINSA,III-1,590,117,38,126,data\raw\Capacidad\ConsultaA_Recurso_Salud_2019_v7.csv,21643
00016094,2019,9,LIMA,LIMA,RIMAC,SANIDAD DE LA POLICIA NACIONAL DEL PERU,0,83,52,0,36,data\raw\Capacidad\ConsultaA_Recurso_Salud_2019_v7.csv,21697
00009188,2019,9,LIMA,LIMA,LIMA,ESSALUD,II-1,27,88,4,56,data\raw\Capacidad\ConsultaA_Recurso_Salud_2019_v7.csv,21762
00007734,2019,8,LIMA,LIMA,CHORRILLOS,MINSA,III-2,36,111,40,17,data\raw\Capacidad\ConsultaA_Recurso_Salud_2019_v7.csv,21783
00005945,2019,8,LIMA,LIMA,ATE,MINSA,II-1,78,172,48,135,data\raw\Capacidad\ConsultaA_Recurso_Salud_2019_v7.csv,21896
00005947,2019,9,LIMA,LIMA,LURIGANCHO,MINSA,II-2,67,138,8,115,data\raw\Capacidad\ConsultaA_Recurso_Salud_2019_v7.csv,21924
00012923,2019,9,LIMA,LIMA,PUENTE PIEDRA,SANIDAD DE LA POLICIA NACIONAL DEL PERU,I-2,0,7,0,7,data\raw\Capacidad\ConsultaA_Recurso_Salud_2019_v7.csv,22008
00008720,2019,9,LIMA,LIMA,JESUS MARIA,ESSALUD,III-2,1514,1885,498,1771,data\raw\Capacidad\ConsultaA_Recurso_Salud_2019_v7.csv,22022
00007633,2019,9,LIMA,LIMA,SAN MARTIN DE PORRES,MINSA,III-1,347,619,351,580,data\raw\Capacidad\ConsultaA_Recurso_Salud_2019_v7.csv,22189
00008489,2019,9,LIMA,LIMA,MIRAFLORES,ESSALUD,II-2,88,210,0,147,data\raw\Capacidad\ConsultaA_Recurso_Salud_2019_v7.csv,22337
00006210,2019,9,LIMA,LIMA,SURQUILLO,MINSA,III-2,430,234,154,591,data\raw\Capacidad\ConsultaA_Recurso_Salud_2019_v7.csv,22348
00018011,2019,9,LIMA,LIMA,JESUS MARIA,ESSALUD,III-E,107,153,44,267,data\raw\Capacidad\ConsultaA_Recurso_Salud_2019_v7.csv,22355
00008741,2019,8,LIMA,LIMA,VILLA EL SALVADOR,ESSALUD,II-1,54,79,3,72,data\raw\Capacidad\ConsultaA_Recurso_Salud_2019_v7.csv,22376
00016918,2019,8,LIMA,LIMA,SAN BORJA,MINSA,III-2,236,386,45,474,data\raw\Capacidad\ConsultaA_Recurso_Salud_2019_v7.csv,22382
00016094,2019,10,LIMA,LIMA,RIMAC,SANIDAD DE LA POLICIA NACIONAL DEL PERU,0,83,52,0,31,data\raw\Capacidad\ConsultaA_Recurso_Salud_2019_v7.csv,22407
00006210,2019,8,LIMA,LIMA,SURQUILLO,MINSA,III-2,430,233,157,592,data\raw\Capacidad\ConsultaA_Recurso_Salud_2019_v7.csv,22472
00006212,2019,10,LIMA,LIMA,LA VICTORIA,MINSA,III-E,51,135,7,136,data\raw\Capacidad\ConsultaA_Recurso_Salud_2019_v7.csv,22540
00008353,2019,10,LIMA,LIMA,ATE,ESSALUD,II-1,68,109,24,89,data\raw\Capacidad\ConsultaA_Recurso_Salud_2019_v7.csv,22544
00006211,2019,9,LIMA,LIMA,PUEBLO LIBRE,MINSA,III-1,176,268,34,245,data\raw\Capacidad\ConsultaA_Recurso_Salud_2019_v7.csv,22652
00008353,2019,9,LIMA,LIMA,ATE,ESSALUD,II-1,68,107,24,89,data\raw\Capacidad\ConsultaA_Recurso_Salud_2019_v7.csv,22731
00006212,2019,9,LIMA,LIMA,LA VICTORIA,MINSA,III-E,51,134,7,136,data\raw\Capacidad\ConsultaA_Recurso_Salud_2019_v7.csv,22733
00007733,2019,9,LIMA,LIMA,SAN MARTIN DE PORRES,MINSA,III-2,81,135,47,75,data\raw\Capacidad\ConsultaA_Recurso_Salud_2019_v7.csv,22790
00013591,2019,12,LIMA,LIMA,JESUS MARIA,SANIDAD DE LA POLICIA NACIONAL DEL PERU,III-1,411,490,173,364,data\raw\Capacidad\ConsultaA_Recurso_Salud_2019_v7.csv,23017
00006208,2019,12,LIMA,LIMA,LIMA,MINSA,III-2,397,284,70,419,data\raw\Capacidad\ConsultaA_Recurso_Salud_2019_v7.csv,23024
00007634,2019,12,LIMA,LIMA,COMAS,MINSA,III-1,338,211,114,241,data\raw\Capacidad\ConsultaA_Recurso_Salud_2019_v7.csv,23037
00005947,2019,11,LIMA,LIMA,LURIGANCHO,MINSA,II-2,67,139,8,118,data\raw\Capacidad\ConsultaA_Recurso_Salud_2019_v7.csv,23139
00023159,2019,12,LIMA,LIMA,VILLA EL SALVADOR,MINSA,II-2,200,343,0,351,data\raw\Capacidad\ConsultaA_Recurso_Salud_2019_v7.csv,23199
00006217,2019,12,LIMA,LIMA,LIMA,MINSA,III-2,11,108,27,55,data\raw\Capacidad\ConsultaA_Recurso_Salud_2019_v7.csv,23204
00017024,2019,8,LIMA,LIMA,JESUS MARIA,SANIDAD DEL EJERCITO DEL PERU,III-1,629,154,65,396,data\raw\Capacidad\ConsultaA_Recurso_Salud_2019_v7.csv,23247
00008353,2019,8,LIMA,LIMA,ATE,ESSALUD,II-1,68,107,24,89,data\raw\Capacidad\ConsultaA_Recurso_Salud_2019_v7.csv,23254
00008317,2019,9,LIMA,LIMA,SAN JUAN DE LURIGANCHO,ESSALUD,II-1,56,108,11,77,data\raw\Capacidad\ConsultaA_Recurso_Salud_2019_v7.csv,23300
00010751,2019,12,LIMA,LIMA,MIRAFLORES,SANIDAD DE LA FUERZA AEREA DEL PERU,III-1,283,289,23,243,data\raw\Capacidad\ConsultaA_Recurso_Salud_2019_v7.csv,23539
00005946,2019,9,LIMA,LIMA,EL AGUSTINO,MINSA,III-1,666,417,210,588,data\raw\Capacidad\ConsultaA_Recurso_Salud_2019_v7.csv,23614
00018011,2019,10,LIMA,LIMA,JESUS MARIA,ESSALUD,III-E,109,152,44,265,data\raw\Capacidad\ConsultaA_Recurso_Salud_2019_v7.csv,23688
00006217,2019,11,LIMA,LIMA,LIMA,MINSA,III-2,11,108,27,55,data\raw\Capacidad\ConsultaA_Recurso_Salud_2019_v7.csv,23690
00010135,2019,11,LIMA,LIMA,LA MOLINA,ESSALUD,II-1,50,125,6,59,data\raw\Capacidad\ConsultaA_Recurso_Salud_2019_v7.csv,23693
00012923,2019,8,LIMA,LIMA,PUENTE PIEDRA,SANIDAD DE LA POLICIA NACIONAL DEL PERU,I-2,0,5,0,7,data\raw\Capacidad\ConsultaA_Recurso_Salud_2019_v7.csv,23726
00005883,2019,8,LIMA,LIMA,ATE,MINSA,II-1,51,80,0,79,data\raw\Capacidad\ConsultaA_Recurso_Salud_2019_v7.csv,23764
00008318,2019,11,LIMA,LIMA,SANTA ANITA,ESSALUD,II-1,60,86,5,63,data\raw\Capacidad\ConsultaA_Recurso_Salud_2019_v7.csv,23854
00006207,2019,11,LIMA,LIMA,LIMA,MINSA,III-1,633,420,225,478,data\raw\Capacidad\ConsultaA_Recurso_Salud_2019_v7.csv,23980
00008564,2019,8,LIMA,LIMA,SAN MIGUEL,ESSALUD,II-1,47,128,0,75,data\raw\Capacidad\ConsultaA_Recurso_Salud_2019_v7.csv,24097
00010135,2019,8,LIMA,LIMA,LA MOLINA,ESSALUD,II-1,50,122,6,59,data\raw\Capacidad\ConsultaA_Recurso_Salud_2019_v7.csv,24100
00008671,2019,11,LIMA,LIMA,COMAS,ESSALUD,II-1,113,166,0,120,data\raw\Capacidad\ConsultaA_Recurso_Salud_2019_v7.csv,24195
00008318,2019,12,LIMA,LIMA,SANTA ANITA,ESSALUD,II-1,59,86,5,63,data\raw\Capacidad\ConsultaA_Recurso_Salud_2019_v7.csv,24238
00006213,2019,12,LIMA,LIMA,MIRAFLORES,MINSA,III-E,71,190,40,195,data\raw\Capacidad\ConsultaA_Recurso_Salud_2019_v7.csv,24250
00006210,2019,12,LIMA,LIMA,SURQUILLO,MINSA,III-2,428,235,134,547,data\raw\Capacidad\ConsultaA_Recurso_Salud_2019_v7.csv,24260
00006213,2019,8,LIMA,LIMA,MIRAFLORES,MINSA,III-E,71,162,40,204,data\raw\Capacidad\ConsultaA_Recurso_Salud_2019_v7.csv,24291
00007733,2019,12,LIMA,LIMA,SAN MARTIN DE PORRES,MINSA,III-2,81,135,47,80,data\raw\Capacidad\ConsultaA_Recurso_Salud_2019_v7.csv,24370
00007632,2019,8,LIMA,LIMA,PUENTE PIEDRA,MINSA,II-2,100,140,48,151,data\raw\Capacidad\ConsultaA_Recurso_Salud_2019_v7.csv,24429
00010434,2019,11,LIMA,LIMA,SANTA ANITA,ESSALUD,II-E,166,39,15,75,data\raw\Capacidad\ConsultaA_Recurso_Salud_2019_v7.csv,24451
00023159,2019,11,LIMA,LIMA,VILLA EL SALVADOR,MINSA,II-2,200,339,0,347,data\raw\Capacidad\ConsultaA_Recurso_Salud_2019_v7.csv,24492
00008489,2019,10,LIMA,LIMA,MIRAFLORES,ESSALUD,II-2,87,212,0,142,data\raw\Capacidad\ConsultaA_Recurso_Salud_2019_v7.csv,24711
00006215,2019,12,LIMA,LIMA,LIMA,MINSA,III-1,184,306,99,270,data\raw\Capacidad\ConsultaA_Recurso_Salud_2019_v7.csv,24740
00005945,2019,10,LIMA,LIMA,ATE,MINSA,II-1,78,208,36,140,data\raw\Capacidad\ConsultaA_Recurso_Salud_2019_v7.csv,24825
00005946,2019,12,LIMA,LIMA,EL AGUSTINO,MINSA,III-1,666,426,210,624,data\raw\Capacidad\ConsultaA_Recurso_Salud_2019_v7.csv,24856
00016918,2019,10,LIMA,LIMA,SAN BORJA,MINSA,III-2,236,388,47,474,data\raw\Capacidad\ConsultaA_Recurso_Salud_2019_v7.csv,24868
00006209,2019,12,LIMA,LIMA,LIMA,MINSA,III-2,140,90,20,119,data\raw\Capacidad\ConsultaA_Recurso_Salud_2019_v7.csv,24878
00006211,2019,8,LIMA,LIMA,PUEBLO LIBRE,MINSA,III-1,176,268,34,245,data\raw\Capacidad\ConsultaA_Recurso_Salud_2019_v7.csv,24920
00006214,2019,8,LIMA,LIMA,MAGDALENA DEL MAR,MINSA,III-1,590,115,38,127,data\raw\Capacidad\ConsultaA_Recurso_Salud_2019_v7.csv,24967
00008489,2019,12,LIMA,LIMA,MIRAFLORES,ESSALUD,II-2,93,214,0,135,data\raw\Capacidad\ConsultaA_Recurso_Salud_2019_v7.csv,24978
00006215,2019,11,LIMA,LIMA,LIMA,MINSA,III-1,203,301,102,262,data\raw\Capacidad\ConsultaA_Recurso_Salud_2019_v7.csv,24993
00008317,2019,12,LIMA,LIMA,SAN JUAN DE LURIGANCHO,ESSALUD,II-1,55,111,11,77,data\raw\Capacidad\ConsultaA_Recurso_Salud_2019_v7.csv,25019
00005948,2019,12,LIMA,LIMA,SANTA ANITA,MINSA,III-1,211,86,31,81,data\raw\Capacidad\ConsultaA_Recurso_Salud_2019_v7.csv,25045
00007632,2019,9,LIMA,LIMA,PUENTE PIEDRA,MINSA,II-2,100,141,48,150,data\raw\Capacidad\ConsultaA_Recurso_Salud_2019_v7.csv,25046
00014718,2019,6,LIMA,LIMA,SAN MIGUEL,SANIDAD DE LA POLICIA NACIONAL DEL PERU,II-E,37,30,4,31,data\raw\Capacidad\ConsultaA_Recurso_Salud_2019_v7.csv,25163
00007632,2019,12,LIMA,LIMA,PUENTE PIEDRA,MINSA,II-2,111,145,47,162,data\raw\Capacidad\ConsultaA_Recurso_Salud_2019_v7.csv,25318
00006216,2019,12,LIMA,LIMA,BREÑA,MINSA,III-2,363,346,54,571,data\raw\Capacidad\ConsultaA_Recurso_Salud_2019_v7.csv,25328
00007634,2019,8,LIMA,LIMA,COMAS,MINSA,III-1,330,211,114,241,data\raw\Capacidad\ConsultaA_Recurso_Salud_2019_v7.csv,25344
00006208,2019,9,LIMA,LIMA,LIMA,MINSA,III-2,397,290,76,410,data\raw\Capacidad\ConsultaA_Recurso_Salud_2019_v7.csv,25371
00016918,2019,11,LIMA,LIMA,SAN BORJA,MINSA,III-2,236,393,52,474,data\raw\Capacidad\ConsultaA_Recurso_Salud_2019_v7.csv,25477
00006212,2019,12,LIMA,LIMA,LA VICTORIA,MINSA,III-E,39,135,6,136,data\raw\Capacidad\ConsultaA_Recurso_Salud_2019_v7.csv,25596
00008720,2019,11,LIMA,LIMA,JESUS MARIA,ESSALUD,III-2,1514,1894,498,1769,data\raw\Capacidad\ConsultaA_Recurso_Salud_2019_v7.csv,25667
00008671,2019,12,LIMA,LIMA,COMAS,ESSALUD,II-1,113,175,0,120,data\raw\Capacidad\ConsultaA_Recurso_Salud_2019_v7.csv,25770
00006206,2019,11,LIMA,LIMA,LIMA,MINSA,III-1,597,406,205,258,data\raw\Capacidad\ConsultaA_Recurso_Salud_2019_v7.csv,25839
00006206,2019,10,LIMA,LIMA,LIMA,MINSA,III-1,601,402,177,306,data\raw\Capacidad\ConsultaA_Recurso_Salud_2019_v7.csv,25957
00009188,2019,11,LIMA,LIMA,LIMA,ESSALUD,II-1,35,88,4,56,data\raw\Capacidad\ConsultaA_Recurso_Salud_2019_v7.csv,25987
00006207,2019,9,LIMA,LIMA,LIMA,MINSA,III-1,603,433,207,459,data\raw\Capacidad\ConsultaA_Recurso_Salud_2019_v7.csv,26107
00010098,2019,10,LIMA,LIMA,CHORRILLOS,SANIDAD DEL EJERCITO DEL PERU,II-E,21,43,0,60,data\raw\Capacidad\ConsultaA_Recurso_Salud_2019_v7.csv,26248
00008502,2019,10,LIMA,LIMA,LIMA,ESSALUD,II-2,231,346,88,206,data\raw\Capacidad\ConsultaA_Recurso_Salud_2019_v7.csv,26252
00005617,2019,11,LIMA,LIMA,SAN JUAN DE LURIGANCHO,MINSA,II-2,145,205,8,197,data\raw\Capacidad\ConsultaA_Recurso_Salud_2019_v7.csv,26340
00007634,2019,11,LIMA,LIMA,COMAS,MINSA,III-1,338,211,114,241,data\raw\Capacidad\ConsultaA_Recurso_Salud_2019_v7.csv,26341
00006207,2019,12,LIMA,LIMA,LIMA,MINSA,III-1,633,416,218,478,data\raw\Capacidad\ConsultaA_Recurso_Salud_2019_v7.csv,26546
00010135,2019,10,LIMA,LIMA,LA MOLINA,ESSALUD,II-1,50,124,6,64,data\raw\Capacidad\ConsultaA_Recurso_Salud_2019_v7.csv,26553
00007733,2019,10,LIMA,LIMA,SAN MARTIN DE PORRES,MINSA,III-2,81,135,47,78,data\raw\Capacidad\ConsultaA_Recurso_Salud_2019_v7.csv,26586
00013591,2019,8,LIMA,LIMA,JESUS MARIA,SANIDAD DE LA POLICIA NACIONAL DEL PERU,III-1,488,430,177,350,data\raw\Capacidad\ConsultaA_Recurso_Salud_2019_v7.csv,26605
00006217,2019,9,LIMA,LIMA,LIMA,MINSA,III-2,11,108,27,55,data\raw\Capacidad\ConsultaA_Recurso_Salud_2019_v7.csv,26630
00006211,2019,10,LIMA,LIMA,PUEBLO LIBRE,MINSA,III-1,176,268,34,245,data\raw\Capacidad\ConsultaA_Recurso_Salud_2019_v7.csv,26650
00006207,2019,10,LIMA,LIMA,LIMA,MINSA,III-1,603,419,218,477,data\raw\Capacidad\ConsultaA_Recurso_Salud_2019_v7.csv,26717
00007734,2019,10,LIMA,LIMA,CHORRILLOS,MINSA,III-2,36,112,40,17,data\raw\Capacidad\ConsultaA_Recurso_Salud_2019_v7.csv,26833
00007633,2019,10,LIMA,LIMA,SAN MARTIN DE PORRES,MINSA,III-1,349,625,351,580,data\raw\Capacidad\ConsultaA_Recurso_Salud_2019_v7.csv,26857
00005948,2019,11,LIMA,LIMA,SANTA ANITA,MINSA,III-1,211,86,33,79,data\raw\Capacidad\ConsultaA_Recurso_Salud_2019_v7.csv,26905
00016094,2019,12,LIMA,LIMA,RIMAC,SANIDAD DE LA POLICIA NACIONAL DEL PERU,0,83,54,0,43,data\raw\Capacidad\ConsultaA_Recurso_Salud_2019_v7.csv,26951
00006214,2019,12,LIMA,LIMA,MAGDALENA DEL MAR,MINSA,III-1,590,114,38,125,data\raw\Capacidad\ConsultaA_Recurso_Salud_2019_v7.csv,26958
00005987,2019,11,LIMA,LIMA,SAN JUAN DE MIRAFLORES,MINSA,III-1,372,331,171,400,data\raw\Capacidad\ConsultaA_Recurso_Salud_2019_v7.csv,27024
00005945,2019,9,LIMA,LIMA,ATE,MINSA,II-1,78,172,48,135,data\raw\Capacidad\ConsultaA_Recurso_Salud_2019_v7.csv,27145
00005946,2019,11,LIMA,LIMA,EL AGUSTINO,MINSA,III-1,666,428,210,625,data\raw\Capacidad\ConsultaA_Recurso_Salud_2019_v7.csv,27161
00006213,2019,11,LIMA,LIMA,MIRAFLORES,MINSA,III-E,71,190,40,195,data\raw\Capacidad\ConsultaA_Recurso_Salud_2019_v7.csv,27396
00007633,2019,12,LIMA,LIMA,SAN MARTIN DE PORRES,MINSA,III-1,339,605,317,580,data\raw\Capacidad\ConsultaA_Recurso_Salud_2019_v7.csv,27495
00017024,2019,12,LIMA,LIMA,JESUS MARIA,SANIDAD DEL EJERCITO DEL PERU,III-1,635,156,65,392,data\raw\Capacidad\ConsultaA_Recurso_Salud_2019_v7.csv,27618
00005947,2019,12,LIMA,LIMA,LURIGANCHO,MINSA,II-2,67,139,8,122,data\raw\Capacidad\ConsultaA_Recurso_Salud_2019_v7.csv,27627
00008318,2019,8,LIMA,LIMA,SANTA ANITA,ESSALUD,II-1,57,85,5,64,data\raw\Capacidad\ConsultaA_Recurso_Salud_2019_v7.csv,27637
00005987,2019,8,LIMA,LIMA,SAN JUAN DE MIRAFLORES,MINSA,III-1,372,337,184,393,data\raw\Capacidad\ConsultaA_Recurso_Salud_2019_v7.csv,27640
00010098,2019,8,LIMA,LIMA,CHORRILLOS,SANIDAD DEL EJERCITO DEL PERU,II-E,21,42,0,60,data\raw\Capacidad\ConsultaA_Recurso_Salud_2019_v7.csv,27644
00023159,2019,10,LIMA,LIMA,VILLA EL SALVADOR,MINSA,II-2,200,344,0,340,data\raw\Capacidad\ConsultaA_Recurso_Salud_2019_v7.csv,27820
00005945,2019,12,LIMA,LIMA,ATE,MINSA,II-1,78,207,36,140,data\raw\Capacidad\ConsultaA_Recurso_Salud_2019_v7.csv,27872
00018011,2019,11,LIMA,LIMA,JESUS MARIA,ESSALUD,III-E,106,153,44,266,data\raw\Capacidad\ConsultaA_Recurso_Salud_2019_v7.csv,27964
00006216,2019,8,LIMA,LIMA,BREÑA,MINSA,III-2,364,337,36,571,data\raw\Capacidad\ConsultaA_Recurso_Salud_2019_v7.csv,27989
00007634,2019,10,LIMA,LIMA,COMAS,MINSA,III-1,338,211,114,241,data\raw\Capacidad\ConsultaA_Recurso_Salud_2019_v7.csv,28048
00006212,2019,11,LIMA,LIMA,LA VICTORIA,MINSA,III-E,40,135,8,136,data\raw\Capacidad\ConsultaA_Recurso_Salud_2019_v7.csv,28175
00005987,2019,10,LIMA,LIMA,SAN JUAN DE MIRAFLORES,MINSA,III-1,372,332,187,346,data\raw\Capacidad\ConsultaA_Recurso_Salud_2019_v7.csv,28323
00008353,2019,12,LIMA,LIMA,ATE,ESSALUD,II-1,68,109,24,89,data\raw\Capacidad\ConsultaA_Recurso_Salud_2019_v7.csv,28383
00010434,2019,12,LIMA,LIMA,SANTA ANITA,ESSALUD,II-E,166,39,15,75,data\raw\Capacidad\ConsultaA_Recurso_Salud_2019_v7.csv,28411
00006210,2019,10,LIMA,LIMA,SURQUILLO,MINSA,III-2,430,237,149,604,data\raw\Capacidad\ConsultaA_Recurso_Salud_2019_v7.csv,28655
00008502,2019,11,LIMA,LIMA,LIMA,ESSALUD,II-2,230,338,88,203,data\raw\Capacidad\ConsultaA_Recurso_Salud_2019_v7.csv,28713
00008564,2019,12,LIMA,LIMA,SAN MIGUEL,ESSALUD,II-1,47,127,0,83,data\raw\Capacidad\ConsultaA_Recurso_Salud_2019_v7.csv,28928
00007734,2019,11,LIMA,LIMA,CHORRILLOS,MINSA,III-2,36,112,40,17,data\raw\Capacidad\ConsultaA_Recurso_Salud_2019_v7.csv,29006
00010751,2019,11,LIMA,LIMA,MIRAFLORES,SANIDAD DE LA FUERZA AEREA DEL PERU,III-1,283,289,23,243,data\raw\Capacidad\ConsultaA_Recurso_Salud_2019_v7.csv,29092
00006209,2019,9,LIMA,LIMA,LIMA,MINSA,III-2,156,89,20,119,data\raw\Capacidad\ConsultaA_Recurso_Salud_2019_v7.csv,29141
00014718,2019,10,LIMA,LIMA,SAN MIGUEL,SANIDAD DE LA POLICIA NACIONAL DEL PERU,II-E,26,38,3,32,data\raw\Capacidad\ConsultaA_Recurso_Salud_2019_v7.csv,29149
00008489,2019,11,LIMA,LIMA,MIRAFLORES,ESSALUD,II-2,83,208,0,106,data\raw\Capacidad\ConsultaA_Recurso_Salud_2019_v7.csv,29187
00007633,2019,11,LIMA,LIMA,SAN MARTIN DE PORRES,MINSA,III-1,350,605,348,580,data\raw\Capacidad\ConsultaA_Recurso_Salud_2019_v7.csv,29284
00009251,2019,12,LIMA,LIMA,LA VICTORIA,ESSALUD,III-2,964,1241,421,1064,data\raw\Capacidad\ConsultaA_Recurso_Salud_2019_v7.csv,29326
00012923,2019,12,LIMA,LIMA,PUENTE PIEDRA,SANIDAD DE LA POLICIA NACIONAL DEL PERU,I-2,0,7,0,7,data\raw\Capacidad\ConsultaA_Recurso_Salud_2019_v7.csv,29361
00016094,2019,11,LIMA,LIMA,RIMAC,SANIDAD DE LA POLICIA NACIONAL DEL PERU,0,83,54,0,49,data\raw\Capacidad\ConsultaA_Recurso_Salud_2019_v7.csv,29401
00005617,2019,12,LIMA,LIMA,SAN JUAN DE LURIGANCHO,MINSA,II-2,145,205,8,198,data\raw\Capacidad\ConsultaA_Recurso_Salud_2019_v7.csv,29558
00018011,2019,12,LIMA,LIMA,JESUS MARIA,ESSALUD,III-E,104,154,44,267,data\raw\Capacidad\ConsultaA_Recurso_Salud_2019_v7.csv,29615
00006206,2019,12,LIMA,LIMA,LIMA,MINSA,III-1,597,412,186,273,data\raw\Capacidad\ConsultaA_Recurso_Salud_2019_v7.csv,29843
00007733,2019,8,LIMA,LIMA,SAN MARTIN DE PORRES,MINSA,III-2,81,131,42,77,data\raw\Capacidad\ConsultaA_Recurso_Salud_2019_v7.csv,29853
00007632,2019,11,LIMA,LIMA,PUENTE PIEDRA,MINSA,II-2,111,142,48,151,data\raw\Capacidad\ConsultaA_Recurso_Salud_2019_v7.csv,30052
00014718,2019,11,LIMA,LIMA,SAN MIGUEL,SANIDAD DE LA POLICIA NACIONAL DEL PERU,II-E,39,37,2,32,data\raw\Capacidad\ConsultaA_Recurso_Salud_2019_v7.csv,30128
00008720,2019,12,LIMA,LIMA,JESUS MARIA,ESSALUD,III-2,1504,1866,498,1758,data\raw\Capacidad\ConsultaA_Recurso_Salud_2019_v7.csv,30136
00005883,2019,12,LIMA,LIMA,ATE,MINSA,II-1,51,89,0,86,data\raw\Capacidad\ConsultaA_Recurso_Salud_2019_v7.csv,30142
00016918,2019,12,LIMA,LIMA,SAN BORJA,MINSA,III-2,236,393,42,474,data\raw\Capacidad\ConsultaA_Recurso_Salud_2019_v7.csv,30155
00014718,2019,12,LIMA,LIMA,SAN MIGUEL,SANIDAD DE LA POLICIA NACIONAL DEL PERU,II-E,39,35,1,31,data\raw\Capacidad\ConsultaA_Recurso_Salud_2019_v7.csv,30235
00007632,2019,10,LIMA,LIMA,PUENTE PIEDRA,MINSA,II-2,111,143,48,149,data\raw\Capacidad\ConsultaA_Recurso_Salud_2019_v7.csv,30294
00010098,2019,12,LIMA,LIMA,CHORRILLOS,SANIDAD DEL EJERCITO DEL PERU,II-E,21,43,0,60,data\raw\Capacidad\ConsultaA_Recurso_Salud_2019_v7.csv,30351
00006213,2019,9,LIMA,LIMA,MIRAFLORES,MINSA,III-E,71,190,40,195,data\raw\Capacidad\ConsultaA_Recurso_Salud_2019_v7.csv,30400
00007734,2019,9,LIMA,LIMA,CHORRILLOS,MINSA,III-2,36,111,40,17,data\raw\Capacidad\ConsultaA_Recurso_Salud_2019_v7.csv,30403
00006210,2019,11,LIMA,LIMA,SURQUILLO,MINSA,III-2,428,237,132,546,data\raw\Capacidad\ConsultaA_Recurso_Salud_2019_v7.csv,30514
00005987,2019,12,LIMA,LIMA,SAN JUAN DE MIRAFLORES,MINSA,III-1,372,331,163,396,data\raw\Capacidad\ConsultaA_Recurso_Salud_2019_v7.csv,30536
00005617,2019,9,LIMA,LIMA,SAN JUAN DE LURIGANCHO,MINSA,II-2,145,205,8,196,data\raw\Capacidad\ConsultaA_Recurso_Salud_2019_v7.csv,30706
00008353,2019,11,LIMA,LIMA,ATE,ESSALUD,II-1,68,109,24,89,data\raw\Capacidad\ConsultaA_Recurso_Salud_2019_v7.csv,30761
00006216,2019,11,LIMA,LIMA,BREÑA,MINSA,III-2,368,342,72,571,data\raw\Capacidad\ConsultaA_Recurso_Salud_2019_v7.csv,30765
00006211,2019,12,LIMA,LIMA,PUEBLO LIBRE,MINSA,III-1,176,268,34,245,data\raw\Capacidad\ConsultaA_Recurso_Salud_2019_v7.csv,30832
00006208,2019,11,LIMA,LIMA,LIMA,MINSA,III-2,397,284,70,424,data\raw\Capacidad\ConsultaA_Recurso_Salud_2019_v7.csv,30968
00005883,2019,11,LIMA,LIMA,ATE,MINSA,II-1,51,81,0,86,data\raw\Capacidad\ConsultaA_Recurso_Salud_2019_v7.csv,31273
00008741,2019,12,LIMA,LIMA,VILLA EL SALVADOR,ESSALUD,II-1,54,79,3,72,data\raw\Capacidad\ConsultaA_Recurso_Salud_2019_v7.csv,31317
00010751,2019,8,LIMA,LIMA,MIRAFLORES,SANIDAD DE LA FUERZA AEREA DEL PERU,III-1,283,289,23,243,data\raw\Capacidad\ConsultaA_Recurso_Salud_2019_v7.csv,31331
00005948,2019,10,LIMA,LIMA,SANTA ANITA,MINSA,III-1,211,92,36,82,data\raw\Capacidad\ConsultaA_Recurso_Salud_2019_v7.csv,31423
00017024,2019,11,LIMA,LIMA,JESUS MARIA,SANIDAD DEL EJERCITO DEL PERU,III-1,635,156,65,392,data\raw\Capacidad\ConsultaA_Recurso_Salud_2019_v7.csv,31443
00009188,2019,10,LIMA,LIMA,LIMA,ESSALUD,II-1,27,88,4,56,data\raw\Capacidad\ConsultaA_Recurso_Salud_2019_v7.csv,31564
00008489,2019,8,LIMA,LIMA,MIRAFLORES,ESSALUD,II-2,87,210,0,147,data\raw\Capacidad\ConsultaA_Recurso_Salud_2019_v7.csv,31626
00006209,2019,11,LIMA,LIMA,LIMA,MINSA,III-2,148,90,20,119,data\raw\Capacidad\ConsultaA_Recurso_Salud_2019_v7.csv,31701
00009251,2019,11,LIMA,LIMA,LA VICTORIA,ESSALUD,III-2,957,1244,421,1081,data\raw\Capacidad\ConsultaA_Recurso_Salud_2019_v7.csv,31711
00010751,2019,10,LIMA,LIMA,MIRAFLORES,SANIDAD DE LA FUERZA AEREA DEL PERU,III-1,283,289,23,243,data\raw\Capacidad\ConsultaA_Recurso_Salud_2019_v7.csv,31771
00006216,2019,10,LIMA,LIMA,BREÑA,MINSA,III-2,368,340,28,571,data\raw\Capacidad\ConsultaA_Recurso_Salud_2019_v7.csv,31775
00006211,2019,11,LIMA,LIMA,PUEBLO LIBRE,MINSA,III-1,176,268,34,245,data\raw\Capacidad\ConsultaA_Recurso_Salud_2019_v7.csv,31809
00009251,2019,10,LIMA,LIMA,LA VICTORIA,ESSALUD,III-2,953,1241,421,1082,data\raw\Capacidad\ConsultaA_Recurso_Salud_2019_v7.csv,31984
00012923,2019,10,LIMA,LIMA,PUENTE PIEDRA,SANIDAD DE LA POLICIA NACIONAL DEL PERU,I-2,0,5,0,7,data\raw\Capacidad\ConsultaA_Recurso_Salud_2019_v7.csv,32085
00008318,2019,9,LIMA,LIMA,SANTA ANITA,ESSALUD,II-1,57,85,5,64,data\raw\Capacidad\ConsultaA_Recurso_Salud_2019_v7.csv,32091
00013591,2019,9,LIMA,LIMA,JESUS MARIA,SANIDAD DE LA POLICIA NACIONAL DEL PERU,III-1,488,470,175,360,data\raw\Capacidad\ConsultaA_Recurso_Salud_2019_v7.csv,32092
00006209,2019,10,LIMA,LIMA,LIMA,MINSA,III-2,153,90,20,119,data\raw\Capacidad\ConsultaA_Recurso_Salud_2019_v7.csv,32096
00008317,2019,10,LIMA,LIMA,SAN JUAN DE LURIGANCHO,ESSALUD,II-1,56,107,11,78,data\raw\Capacidad\ConsultaA_Recurso_Salud_2019_v7.csv,32101
00008741,2019,11,LIMA,LIMA,VILLA EL SALVADOR,ESSALUD,II-1,54,80,3,72,data\raw\Capacidad\ConsultaA_Recurso_Salud_2019_v7.csv,32124
00005617,2019,10,LIMA,LIMA,SAN JUAN DE LURIGANCHO,MINSA,II-2,145,205,8,199,data\raw\Capacidad\ConsultaA_Recurso_Salud_2019_v7.csv,32189
00012923,2019,11,LIMA,LIMA,PUENTE PIEDRA,SANIDAD DE LA POLICIA NACIONAL DEL PERU,I-2,0,7,0,6,data\raw\Capacidad\ConsultaA_Recurso_Salud_2019_v7.csv,32404
00010098,2019,11,LIMA,LIMA,CHORRILLOS,SANIDAD DEL EJERCITO DEL PERU,II-E,21,43,0,60,data\raw\Capacidad\ConsultaA_Recurso_Salud_2019_v7.csv,32421
00013591,2019,11,LIMA,LIMA,JESUS MARIA,SANIDAD DE LA POLICIA NACIONAL DEL PERU,III-1,411,490,173,364,data\raw\Capacidad\ConsultaA_Recurso_Salud_2019_v7.csv,32423
00006217,2019,8,LIMA,LIMA,LIMA,MINSA,III-2,11,108,27,55,data\raw\Capacidad\ConsultaA_Recurso_Salud_2019_v7.csv,32475
00005883,2019,9,LIMA,LIMA,ATE,MINSA,II-1,51,81,0,85,data\raw\Capacidad\ConsultaA_Recurso_Salud_2019_v7.csv,32485
00008564,2019,11,LIMA,LIMA,SAN MIGUEL,ESSALUD,II-1,47,121,0,77,data\raw\Capacidad\ConsultaA_Recurso_Salud_2019_v7.csv,32539
00010135,2019,12,LIMA,LIMA,LA MOLINA,ESSALUD,II-1,50,125,6,67,data\raw\Capacidad\ConsultaA_Recurso_Salud_2019_v7.csv,32616
00008318,2019,10,LIMA,LIMA,SANTA ANITA,ESSALUD,II-1,60,86,5,63,data\raw\Capacidad\ConsultaA_Recurso_Salud_2019_v7.csv,32683
00005945,2019,11,LIMA,LIMA,ATE,MINSA,II-1,78,208,36,140,data\raw\Capacidad\ConsultaA_Recurso_Salud_2019_v7.csv,32718
00006206,2019,8,LIMA,LIMA,LIMA,MINSA,III-1,636,411,166,315,data\raw\Capacidad\ConsultaA_Recurso_Salud_2019_v7.csv,32933
00006214,2019,9,LIMA,LIMA,MAGDALENA DEL MAR,MINSA,III-1,590,116,38,126,data\raw\Capacidad\ConsultaA_Recurso_Salud_2019_v7.csv,32940
00008317,2019,11,LIMA,LIMA,SAN JUAN DE LURIGANCHO,ESSALUD,II-1,55,110,11,75,data\raw\Capacidad\ConsultaA_Recurso_Salud_2019_v7.csv,32987
00006208,2019,10,LIMA,LIMA,LIMA,MINSA,III-2,397,286,69,417,data\raw\Capacidad\ConsultaA_Recurso_Salud_2019_v7.csv,33024
00008741,2019,10,LIMA,LIMA,VILLA EL SALVADOR,ESSALUD,II-1,54,80,3,72,data\raw\Capacidad\ConsultaA_Recurso_Salud_2019_v7.csv,33029
00023159,2019,9,LIMA,LIMA,VILLA EL SALVADOR,MINSA,II-2,200,335,0,340,data\raw\Capacidad\ConsultaA_Recurso_Salud_2019_v7.csv,33117
00013591,2019,10,LIMA,LIMA,JESUS MARIA,SANIDAD DE LA POLICIA NACIONAL DEL PERU,III-1,411,470,172,360,data\raw\Capacidad\ConsultaA_Recurso_Salud_2019_v7.csv,33125
00007733,2019,11,LIMA,LIMA,SAN MARTIN DE PORRES,MINSA,III-2,81,136,47,82,data\raw\Capacidad\ConsultaA_Recurso_Salud_2019_v7.csv,33176
00006214,2019,11,LIMA,LIMA,MAGDALENA DEL MAR,MINSA,III-1,590,117,38,127,data\raw\Capacidad\ConsultaA_Recurso_Salud_2019_v7.csv,33179
00008502,2019,9,LIMA,LIMA,LIMA,ESSALUD,II-2,229,337,88,201,data\raw\Capacidad\ConsultaA_Recurso_Salud_2019_v7.csv,33299
00007734,2019,12,LIMA,LIMA,CHORRILLOS,MINSA,III-2,37,112,40,17,data\raw\Capacidad\ConsultaA_Recurso_Salud_2019_v7.csv,33788
00006206,2020,3,LIMA,LIMA,LIMA,MINSA,III-1,582,414,139,309,data\raw\Capacidad\ConsultaA_Recursos_Salud_2020_v7.csv,11
00008564,2020,1,LIMA,LIMA,SAN MIGUEL,ESSALUD,II-1,45,124,0,75,data\raw\Capacidad\ConsultaA_Recursos_Salud_2020_v7.csv,157
00008318,2020,1,LIMA,LIMA,SANTA ANITA,ESSALUD,II-1,59,84,5,63,data\raw\Capacidad\ConsultaA_Recursos_Salud_2020_v7.csv,400
00014718,2020,1,LIMA,LIMA,SAN MIGUEL,SANIDAD DE LA POLICIA NACIONAL DEL PERU,II-E,35,32,3,29,data\raw\Capacidad\ConsultaA_Recursos_Salud_2020_v7.csv,432
00008671,2020,1,LIMA,LIMA,COMAS,ESSALUD,II-1,114,169,1,134,data\raw\Capacidad\ConsultaA_Recursos_Salud_2020_v7.csv,613
00012923,2020,1,LIMA,LIMA,PUENTE PIEDRA,SANIDAD DE LA POLICIA NACIONAL DEL PERU,I-2,0,8,0,5,data\raw\Capacidad\ConsultaA_Recursos_Salud_2020_v7.csv,783
00016094,2020,1,LIMA,LIMA,RIMAC,SANIDAD DE LA POLICIA NACIONAL DEL PERU,II-1,83,33,0,35,data\raw\Capacidad\ConsultaA_Recursos_Salud_2020_v7.csv,887
00010434,2020,1,LIMA,LIMA,SANTA ANITA,ESSALUD,II-E,166,39,15,76,data\raw\Capacidad\ConsultaA_Recursos_Salud_2020_v7.csv,942
00005946,2020,1,LIMA,LIMA,EL AGUSTINO,MINSA,III-1,666,424,210,635,data\raw\Capacidad\ConsultaA_Recursos_Salud_2020_v7.csv,1121
00005617,2020,1,LIMA,LIMA,SAN JUAN DE LURIGANCHO,MINSA,II-2,145,219,18,201,data\raw\Capacidad\ConsultaA_Recursos_Salud_2020_v7.csv,1586
00006212,2020,1,LIMA,LIMA,LA VICTORIA,MINSA,III-E,50,135,5,137,data\raw\Capacidad\ConsultaA_Recursos_Salud_2020_v7.csv,1680
00006213,2020,1,LIMA,LIMA,MIRAFLORES,MINSA,III-E,71,190,40,198,data\raw\Capacidad\ConsultaA_Recursos_Salud_2020_v7.csv,1778
00006207,2020,1,LIMA,LIMA,LIMA,MINSA,III-1,633,392,212,462,data\raw\Capacidad\ConsultaA_Recursos_Salud_2020_v7.csv,1788
00008353,2020,1,LIMA,LIMA,ATE,ESSALUD,II-1,68,107,24,89,data\raw\Capacidad\ConsultaA_Recursos_Salud_2020_v7.csv,1967
00005617,2020,3,LIMA,LIMA,SAN JUAN DE LURIGANCHO,MINSA,II-2,145,218,18,199,data\raw\Capacidad\ConsultaA_Recursos_Salud_2020_v7.csv,2065
00007733,2020,1,LIMA,LIMA,SAN MARTIN DE PORRES,MINSA,III-2,81,125,41,77,data\raw\Capacidad\ConsultaA_Recursos_Salud_2020_v7.csv,2266
00012923,2020,3,LIMA,LIMA,PUENTE PIEDRA,SANIDAD DE LA POLICIA NACIONAL DEL PERU,I-2,0,8,0,5,data\raw\Capacidad\ConsultaA_Recursos_Salud_2020_v7.csv,2414
00007633,2020,1,LIMA,LIMA,SAN MARTIN DE PORRES,MINSA,III-1,348,624,315,580,data\raw\Capacidad\ConsultaA_Recursos_Salud_2020_v7.csv,2672
00016094,2020,3,LIMA,LIMA,RIMAC,SANIDAD DE LA POLICIA NACIONAL DEL PERU,II-1,83,43,0,36,data\raw\Capacidad\ConsultaA_Recursos_Salud_2020_v7.csv,2692
00009188,2020,3,LIMA,LIMA,LIMA,ESSALUD,II-1,44,81,0,56,data\raw\Capacidad\ConsultaA_Recursos_Salud_2020_v7.csv,2725
00008720,2020,3,LIMA,LIMA,JESUS MARIA,ESSALUD,III-2,1449,1950,506,1759,data\raw\Capacidad\ConsultaA_Recursos_Salud_2020_v7.csv,2727
00006210,2020,1,LIMA,LIMA,SURQUILLO,MINSA,III-2,428,247,150,608,data\raw\Capacidad\ConsultaA_Recursos_Salud_2020_v7.csv,2753
00006214,2020,1,LIMA,LIMA,MAGDALENA DEL MAR,MINSA,III-1,590,114,38,130,data\raw\Capacidad\ConsultaA_Recursos_Salud_2020_v7.csv,2840
00008489,2020,1,LIMA,LIMA,MIRAFLORES,ESSALUD,II-2,96,212,0,134,data\raw\Capacidad\ConsultaA_Recursos_Salud_2020_v7.csv,2942
00006207,2020,2,LIMA,LIMA,LIMA,MINSA,III-1,633,415,224,465,data\raw\Capacidad\ConsultaA_Recursos_Salud_2020_v7.csv,2946
00006206,2020,1,LIMA,LIMA,LIMA,MINSA,III-1,579,407,143,312,data\raw\Capacidad\ConsultaA_Recursos_Salud_2020_v7.csv,3034
00008317,2020,1,LIMA,LIMA,SAN JUAN DE LURIGANCHO,ESSALUD,II-1,55,105,11,74,data\raw\Capacidad\ConsultaA_Recursos_Salud_2020_v7.csv,3167
00008564,2020,2,LIMA,LIMA,SAN MIGUEL,ESSALUD,II-1,45,121,0,76,data\raw\Capacidad\ConsultaA_Recursos_Salud_2020_v7.csv,3188
00008317,2020,3,LIMA,LIMA,SAN JUAN DE LURIGANCHO,ESSALUD,II-1,55,107,11,80,data\raw\Capacidad\ConsultaA_Recursos_Salud_2020_v7.csv,3209
00008741,2020,1,LIMA,LIMA,VILLA EL SALVADOR,ESSALUD,II-1,54,79,2,72,data\raw\Capacidad\ConsultaA_Recursos_Salud_2020_v7.csv,3269
00005945,2020,2,LIMA,LIMA,ATE,MINSA,II-1,90,207,36,140,data\raw\Capacidad\ConsultaA_Recursos_Salud_2020_v7.csv,3281
00005947,2020,1,LIMA,LIMA,LURIGANCHO,MINSA,II-2,67,139,8,120,data\raw\Capacidad\ConsultaA_Recursos_Salud_2020_v7.csv,3424
00007733,2020,2,LIMA,LIMA,SAN MARTIN DE PORRES,MINSA,III-2,81,130,47,77,data\raw\Capacidad\ConsultaA_Recursos_Salud_2020_v7.csv,3458
00016918,2020,1,LIMA,LIMA,SAN BORJA,MINSA,III-2,236,388,48,474,data\raw\Capacidad\ConsultaA_Recursos_Salud_2020_v7.csv,3626
00005945,2020,1,LIMA,LIMA,ATE,MINSA,II-1,78,207,36,140,data\raw\Capacidad\ConsultaA_Recursos_Salud_2020_v7.csv,3627
00008317,2020,2,LIMA,LIMA,SAN JUAN DE LURIGANCHO,ESSALUD,II-1,55,108,11,76,data\raw\Capacidad\ConsultaA_Recursos_Salud_2020_v7.csv,3737
00008489,2020,2,LIMA,LIMA,MIRAFLORES,ESSALUD,II-2,96,207,0,141,data\raw\Capacidad\ConsultaA_Recursos_Salud_2020_v7.csv,3738
00005946,2020,2,LIMA,LIMA,EL AGUSTINO,MINSA,III-1,648,421,209,635,data\raw\Capacidad\ConsultaA_Recursos_Salud_2020_v7.csv,3919
00008502,2020,3,LIMA,LIMA,LIMA,ESSALUD,II-2,230,353,88,217,data\raw\Capacidad\ConsultaA_Recursos_Salud_2020_v7.csv,3928
00008720,2020,1,LIMA,LIMA,JESUS MARIA,ESSALUD,III-2,1496,1874,498,1737,data\raw\Capacidad\ConsultaA_Recursos_Salud_2020_v7.csv,4068
00005945,2020,4,LIMA,LIMA,ATE,MINSA,II-1,55,217,51,133,data\raw\Capacidad\ConsultaA_Recursos_Salud_2020_v7.csv,4129
00005947,2020,4,LIMA,LIMA,LURIGANCHO,MINSA,II-2,45,120,8,117,data\raw\Capacidad\ConsultaA_Recursos_Salud_2020_v7.csv,4138
00009188,2020,4,LIMA,LIMA,LIMA,ESSALUD,II-1,44,87,0,56,data\raw\Capacidad\ConsultaA_Recursos_Salud_2020_v7.csv,4157
00005947,2020,3,LIMA,LIMA,LURIGANCHO,MINSA,II-2,67,141,1,118,data\raw\Capacidad\ConsultaA_Recursos_Salud_2020_v7.csv,4251
00010434,2020,2,LIMA,LIMA,SANTA ANITA,ESSALUD,II-E,166,39,15,76,data\raw\Capacidad\ConsultaA_Recursos_Salud_2020_v7.csv,4276
00010751,2020,2,LIMA,LIMA,MIRAFLORES,SANIDAD DE LA FUERZA AEREA DEL PERU,III-1,283,289,23,243,data\raw\Capacidad\ConsultaA_Recursos_Salud_2020_v7.csv,4425
00005948,2020,2,LIMA,LIMA,SANTA ANITA,MINSA,III-1,211,94,37,79,data\raw\Capacidad\ConsultaA_Recursos_Salud_2020_v7.csv,4435
00008502,2020,4,LIMA,LIMA,LIMA,ESSALUD,II-2,187,349,88,221,data\raw\Capacidad\ConsultaA_Recursos_Salud_2020_v7.csv,4504
00006214,2020,2,LIMA,LIMA,MAGDALENA DEL MAR,MINSA,III-1,590,118,38,127,data\raw\Capacidad\ConsultaA_Recursos_Salud_2020_v7.csv,4618
00010434,2020,3,LIMA,LIMA,SANTA ANITA,ESSALUD,II-E,166,39,15,76,data\raw\Capacidad\ConsultaA_Recursos_Salud_2020_v7.csv,5062
00006216,2020,3,LIMA,LIMA,BREÑA,MINSA,III-2,377,337,47,573,data\raw\Capacidad\ConsultaA_Recursos_Salud_2020_v7.csv,5172
00006216,2020,2,LIMA,LIMA,BREÑA,MINSA,III-2,377,345,54,569,data\raw\Capacidad\ConsultaA_Recursos_Salud_2020_v7.csv,5211
00010098,2020,3,LIMA,LIMA,CHORRILLOS,SANIDAD DEL EJERCITO DEL PERU,II-E,21,47,0,60,data\raw\Capacidad\ConsultaA_Recursos_Salud_2020_v7.csv,5268
00006215,2020,1,LIMA,LIMA,LIMA,MINSA,III-1,180,301,94,268,data\raw\Capacidad\ConsultaA_Recursos_Salud_2020_v7.csv,5278
00007634,2020,2,LIMA,LIMA,COMAS,MINSA,III-1,330,211,114,241,data\raw\Capacidad\ConsultaA_Recursos_Salud_2020_v7.csv,5458
00005987,2020,1,LIMA,LIMA,SAN JUAN DE MIRAFLORES,MINSA,III-1,366,345,160,399,data\raw\Capacidad\ConsultaA_Recursos_Salud_2020_v7.csv,5574
00007634,2020,3,LIMA,LIMA,COMAS,MINSA,III-1,330,211,114,241,data\raw\Capacidad\ConsultaA_Recursos_Salud_2020_v7.csv,5653
00008502,2020,2,LIMA,LIMA,LIMA,ESSALUD,II-2,230,346,88,211,data\raw\Capacidad\ConsultaA_Recursos_Salud_2020_v7.csv,5966
00006216,2020,1,LIMA,LIMA,BREÑA,MINSA,III-2,370,343,55,570,data\raw\Capacidad\ConsultaA_Recursos_Salud_2020_v7.csv,6073
00010098,2020,2,LIMA,LIMA,CHORRILLOS,SANIDAD DEL EJERCITO DEL PERU,II-E,21,46,0,61,data\raw\Capacidad\ConsultaA_Recursos_Salud_2020_v7.csv,6081
00010751,2020,1,LIMA,LIMA,MIRAFLORES,SANIDAD DE LA FUERZA AEREA DEL PERU,III-1,283,289,23,243,data\raw\Capacidad\ConsultaA_Recursos_Salud_2020_v7.csv,6178
00006211,2020,1,LIMA,LIMA,PUEBLO LIBRE,MINSA,III-1,176,268,34,245,data\raw\Capacidad\ConsultaA_Recursos_Salud_2020_v7.csv,6188
00008353,2020,3,LIMA,LIMA,ATE,ESSALUD,II-1,68,107,24,89,data\raw\Capacidad\ConsultaA_Recursos_Salud_2020_v7.csv,6260
00006215,2020,2,LIMA,LIMA,LIMA,MINSA,III-1,184,298,99,252,data\raw\Capacidad\ConsultaA_Recursos_Salud_2020_v7.csv,6286
00013591,2020,2,LIMA,LIMA,JESUS MARIA,SANIDAD DE LA POLICIA NACIONAL DEL PERU,III-1,486,477,173,362,data\raw\Capacidad\ConsultaA_Recursos_Salud_2020_v7.csv,6351
00005883,2020,1,LIMA,LIMA,ATE,MINSA,II-1,51,84,0,85,data\raw\Capacidad\ConsultaA_Recursos_Salud_2020_v7.csv,6391
00008671,2020,4,LIMA,LIMA,COMAS,ESSALUD,II-1,69,171,0,135,data\raw\Capacidad\ConsultaA_Recursos_Salud_2020_v7.csv,6481
00005945,2020,3,LIMA,LIMA,ATE,MINSA,II-1,90,207,36,140,data\raw\Capacidad\ConsultaA_Recursos_Salud_2020_v7.csv,6655
00013591,2020,1,LIMA,LIMA,JESUS MARIA,SANIDAD DE LA POLICIA NACIONAL DEL PERU,III-1,411,490,173,364,data\raw\Capacidad\ConsultaA_Recursos_Salud_2020_v7.csv,6799
00010135,2020,2,LIMA,LIMA,LA MOLINA,ESSALUD,II-1,50,125,6,75,data\raw\Capacidad\ConsultaA_Recursos_Salud_2020_v7.csv,6837
00005617,2020,2,LIMA,LIMA,SAN JUAN DE LURIGANCHO,MINSA,II-2,145,218,18,199,data\raw\Capacidad\ConsultaA_Recursos_Salud_2020_v7.csv,6910
00007632,2020,1,LIMA,LIMA,PUENTE PIEDRA,MINSA,II-2,111,147,46,162,data\raw\Capacidad\ConsultaA_Recursos_Salud_2020_v7.csv,7093
00010098,2020,1,LIMA,LIMA,CHORRILLOS,SANIDAD DEL EJERCITO DEL PERU,II-E,21,42,0,61,data\raw\Capacidad\ConsultaA_Recursos_Salud_2020_v7.csv,7117
00006208,2020,1,LIMA,LIMA,LIMA,MINSA,III-2,397,279,70,419,data\raw\Capacidad\ConsultaA_Recursos_Salud_2020_v7.csv,7118
00008671,2020,3,LIMA,LIMA,COMAS,ESSALUD,II-1,114,163,0,163,data\raw\Capacidad\ConsultaA_Recursos_Salud_2020_v7.csv,7207
00007634,2020,1,LIMA,LIMA,COMAS,MINSA,III-1,330,211,114,241,data\raw\Capacidad\ConsultaA_Recursos_Salud_2020_v7.csv,7300
00009251,2020,2,LIMA,LIMA,LA VICTORIA,ESSALUD,III-2,966,1341,427,1101,data\raw\Capacidad\ConsultaA_Recursos_Salud_2020_v7.csv,7685
00010434,2020,4,LIMA,LIMA,SANTA ANITA,ESSALUD,II-E,126,76,15,120,data\raw\Capacidad\ConsultaA_Recursos_Salud_2020_v7.csv,7732
00006211,2020,4,LIMA,LIMA,PUEBLO LIBRE,MINSA,III-1,176,268,34,245,data\raw\Capacidad\ConsultaA_Recursos_Salud_2020_v7.csv,7734
00007634,2020,4,LIMA,LIMA,COMAS,MINSA,III-1,330,211,114,241,data\raw\Capacidad\ConsultaA_Recursos_Salud_2020_v7.csv,7846
00008502,2020,1,LIMA,LIMA,LIMA,ESSALUD,II-2,230,357,88,207,data\raw\Capacidad\ConsultaA_Recursos_Salud_2020_v7.csv,7969
00008353,2020,2,LIMA,LIMA,ATE,ESSALUD,II-1,68,107,24,89,data\raw\Capacidad\ConsultaA_Recursos_Salud_2020_v7.csv,7999
00010135,2020,1,LIMA,LIMA,LA MOLINA,ESSALUD,II-1,50,123,6,73,data\raw\Capacidad\ConsultaA_Recursos_Salud_2020_v7.csv,8045
00005947,2020,2,LIMA,LIMA,LURIGANCHO,MINSA,II-2,67,139,8,119,data\raw\Capacidad\ConsultaA_Recursos_Salud_2020_v7.csv,8132
00010098,2020,4,LIMA,LIMA,CHORRILLOS,SANIDAD DEL EJERCITO DEL PERU,II-E,21,47,0,60,data\raw\Capacidad\ConsultaA_Recursos_Salud_2020_v7.csv,8197
00017024,2020,1,LIMA,LIMA,JESUS MARIA,SANIDAD DEL EJERCITO DEL PERU,III-1,635,155,65,392,data\raw\Capacidad\ConsultaA_Recursos_Salud_2020_v7.csv,8240
00006215,2020,4,LIMA,LIMA,LIMA,MINSA,III-1,179,288,100,266,data\raw\Capacidad\ConsultaA_Recursos_Salud_2020_v7.csv,8428
00018011,2020,3,LIMA,LIMA,JESUS MARIA,ESSALUD,III-E,99,161,44,266,data\raw\Capacidad\ConsultaA_Recursos_Salud_2020_v7.csv,8529
00017024,2020,2,LIMA,LIMA,JESUS MARIA,SANIDAD DEL EJERCITO DEL PERU,III-1,635,157,65,393,data\raw\Capacidad\ConsultaA_Recursos_Salud_2020_v7.csv,8549
00008564,2020,3,LIMA,LIMA,SAN MIGUEL,ESSALUD,II-1,45,131,0,83,data\raw\Capacidad\ConsultaA_Recursos_Salud_2020_v7.csv,8679
00006211,2020,2,LIMA,LIMA,PUEBLO LIBRE,MINSA,III-1,176,268,34,245,data\raw\Capacidad\ConsultaA_Recursos_Salud_2020_v7.csv,8726
00006217,2020,1,LIMA,LIMA,LIMA,MINSA,III-2,11,108,27,55,data\raw\Capacidad\ConsultaA_Recursos_Salud_2020_v7.csv,8816
00017024,2020,4,LIMA,LIMA,JESUS MARIA,SANIDAD DEL EJERCITO DEL PERU,III-1,589,46,15,0,data\raw\Capacidad\ConsultaA_Recursos_Salud_2020_v7.csv,8896
00006212,2020,4,LIMA,LIMA,LA VICTORIA,MINSA,III-E,44,119,0,118,data\raw\Capacidad\ConsultaA_Recursos_Salud_2020_v7.csv,8946
00005946,2020,3,LIMA,LIMA,EL AGUSTINO,MINSA,III-1,666,421,209,638,data\raw\Capacidad\ConsultaA_Recursos_Salud_2020_v7.csv,9044
00008317,2020,4,LIMA,LIMA,SAN JUAN DE LURIGANCHO,ESSALUD,II-1,51,113,11,77,data\raw\Capacidad\ConsultaA_Recursos_Salud_2020_v7.csv,9275
00006206,2020,4,LIMA,LIMA,LIMA,MINSA,III-1,529,380,122,307,data\raw\Capacidad\ConsultaA_Recursos_Salud_2020_v7.csv,9383
00008353,2020,4,LIMA,LIMA,ATE,ESSALUD,II-1,68,106,24,89,data\raw\Capacidad\ConsultaA_Recursos_Salud_2020_v7.csv,9504
00016918,2020,2,LIMA,LIMA,SAN BORJA,MINSA,III-2,236,392,52,474,data\raw\Capacidad\ConsultaA_Recursos_Salud_2020_v7.csv,9574
00008318,2020,4,LIMA,LIMA,SANTA ANITA,ESSALUD,II-1,59,84,5,63,data\raw\Capacidad\ConsultaA_Recursos_Salud_2020_v7.csv,9727
00018011,2020,4,LIMA,LIMA,JESUS MARIA,ESSALUD,III-E,64,161,44,266,data\raw\Capacidad\ConsultaA_Recursos_Salud_2020_v7.csv,9852
00005617,2020,4,LIMA,LIMA,SAN JUAN DE LURIGANCHO,MINSA,II-2,145,218,18,199,data\raw\Capacidad\ConsultaA_Recursos_Salud_2020_v7.csv,9853
00023159,2020,1,LIMA,LIMA,VILLA EL SALVADOR,MINSA,II-2,209,343,0,351,data\raw\Capacidad\ConsultaA_Recursos_Salud_2020_v7.csv,9915
00014718,2020,4,LIMA,LIMA,SAN MIGUEL,SANIDAD DE LA POLICIA NACIONAL DEL PERU,II-E,38,24,2,22,data\raw\Capacidad\ConsultaA_Recursos_Salud_2020_v7.csv,10200
00006210,2020,2,LIMA,LIMA,SURQUILLO,MINSA,III-2,428,247,150,608,data\raw\Capacidad\ConsultaA_Recursos_Salud_2020_v7.csv,10416
00007633,2020,2,LIMA,LIMA,SAN MARTIN DE PORRES,MINSA,III-1,348,616,315,580,data\raw\Capacidad\ConsultaA_Recursos_Salud_2020_v7.csv,10417
00007632,2020,2,LIMA,LIMA,PUENTE PIEDRA,MINSA,II-2,111,148,46,161,data\raw\Capacidad\ConsultaA_Recursos_Salud_2020_v7.csv,10512
00005987,2020,2,LIMA,LIMA,SAN JUAN DE MIRAFLORES,MINSA,III-1,372,350,172,401,data\raw\Capacidad\ConsultaA_Recursos_Salud_2020_v7.csv,10575
00014718,2020,2,LIMA,LIMA,SAN MIGUEL,SANIDAD DE LA POLICIA NACIONAL DEL PERU,II-E,32,36,3,29,data\raw\Capacidad\ConsultaA_Recursos_Salud_2020_v7.csv,10707
00006217,2020,2,LIMA,LIMA,LIMA,MINSA,III-2,11,108,27,55,data\raw\Capacidad\ConsultaA_Recursos_Salud_2020_v7.csv,10711
00009188,2020,2,LIMA,LIMA,LIMA,ESSALUD,II-1,44,93,0,56,data\raw\Capacidad\ConsultaA_Recursos_Salud_2020_v7.csv,10892
00008489,2020,3,LIMA,LIMA,MIRAFLORES,ESSALUD,II-2,90,216,0,140,data\raw\Capacidad\ConsultaA_Recursos_Salud_2020_v7.csv,11010
00006215,2020,3,LIMA,LIMA,LIMA,MINSA,III-1,179,300,98,277,data\raw\Capacidad\ConsultaA_Recursos_Salud_2020_v7.csv,11126
00023159,2020,2,LIMA,LIMA,VILLA EL SALVADOR,MINSA,II-2,209,350,0,354,data\raw\Capacidad\ConsultaA_Recursos_Salud_2020_v7.csv,11276
00008671,2020,2,LIMA,LIMA,COMAS,ESSALUD,II-1,114,169,0,134,data\raw\Capacidad\ConsultaA_Recursos_Salud_2020_v7.csv,11277
00006211,2020,3,LIMA,LIMA,PUEBLO LIBRE,MINSA,III-1,176,268,34,245,data\raw\Capacidad\ConsultaA_Recursos_Salud_2020_v7.csv,11377
00007734,2020,1,LIMA,LIMA,CHORRILLOS,MINSA,III-2,41,112,40,17,data\raw\Capacidad\ConsultaA_Recursos_Salud_2020_v7.csv,11447
00006206,2020,2,LIMA,LIMA,LIMA,MINSA,III-1,607,410,149,491,data\raw\Capacidad\ConsultaA_Recursos_Salud_2020_v7.csv,11457
00006213,2020,2,LIMA,LIMA,MIRAFLORES,MINSA,III-E,71,190,40,198,data\raw\Capacidad\ConsultaA_Recursos_Salud_2020_v7.csv,11458
00006212,2020,2,LIMA,LIMA,LA VICTORIA,MINSA,III-E,50,136,6,136,data\raw\Capacidad\ConsultaA_Recursos_Salud_2020_v7.csv,11483
00006210,2020,3,LIMA,LIMA,SURQUILLO,MINSA,III-2,423,247,150,606,data\raw\Capacidad\ConsultaA_Recursos_Salud_2020_v7.csv,11588
00006208,2020,2,LIMA,LIMA,LIMA,MINSA,III-2,397,290,70,420,data\raw\Capacidad\ConsultaA_Recursos_Salud_2020_v7.csv,11639
00006208,2020,3,LIMA,LIMA,LIMA,MINSA,III-2,397,290,70,420,data\raw\Capacidad\ConsultaA_Recursos_Salud_2020_v7.csv,11705
00008741,2020,2,LIMA,LIMA,VILLA EL SALVADOR,ESSALUD,II-1,54,80,2,72,data\raw\Capacidad\ConsultaA_Recursos_Salud_2020_v7.csv,11760
00007734,2020,2,LIMA,LIMA,CHORRILLOS,MINSA,III-2,43,112,40,17,data\raw\Capacidad\ConsultaA_Recursos_Salud_2020_v7.csv,11761
00018011,2020,2,LIMA,LIMA,JESUS MARIA,ESSALUD,III-E,103,161,44,267,data\raw\Capacidad\ConsultaA_Recursos_Salud_2020_v7.csv,11863
00008720,2020,4,LIMA,LIMA,JESUS MARIA,ESSALUD,III-2,1134,1949,505,1838,data\raw\Capacidad\ConsultaA_Recursos_Salud_2020_v7.csv,12226
00006209,2020,2,LIMA,LIMA,LIMA,MINSA,III-2,153,97,20,125,data\raw\Capacidad\ConsultaA_Recursos_Salud_2020_v7.csv,12332
00006216,2020,4,LIMA,LIMA,BREÑA,MINSA,III-2,385,341,36,570,data\raw\Capacidad\ConsultaA_Recursos_Salud_2020_v7.csv,12419
00006209,2020,4,LIMA,LIMA,LIMA,MINSA,III-2,82,94,20,125,data\raw\Capacidad\ConsultaA_Recursos_Salud_2020_v7.csv,12516
00006208,2020,4,LIMA,LIMA,LIMA,MINSA,III-2,397,290,70,420,data\raw\Capacidad\ConsultaA_Recursos_Salud_2020_v7.csv,12517
00006209,2020,1,LIMA,LIMA,LIMA,MINSA,III-2,150,95,20,120,data\raw\Capacidad\ConsultaA_Recursos_Salud_2020_v7.csv,12626
00009188,2020,1,LIMA,LIMA,LIMA,ESSALUD,II-1,45,88,4,56,data\raw\Capacidad\ConsultaA_Recursos_Salud_2020_v7.csv,12640
00009251,2020,1,LIMA,LIMA,LA VICTORIA,ESSALUD,III-2,969,1336,429,1101,data\raw\Capacidad\ConsultaA_Recursos_Salud_2020_v7.csv,12647
00016094,2020,2,LIMA,LIMA,RIMAC,SANIDAD DE LA POLICIA NACIONAL DEL PERU,II-1,83,34,0,37,data\raw\Capacidad\ConsultaA_Recursos_Salud_2020_v7.csv,12835
00014718,2020,3,LIMA,LIMA,SAN MIGUEL,SANIDAD DE LA POLICIA NACIONAL DEL PERU,II-E,33,39,3,30,data\raw\Capacidad\ConsultaA_Recursos_Salud_2020_v7.csv,12927
00013591,2020,3,LIMA,LIMA,JESUS MARIA,SANIDAD DE LA POLICIA NACIONAL DEL PERU,III-1,486,483,171,348,data\raw\Capacidad\ConsultaA_Recursos_Salud_2020_v7.csv,12982
00008720,2020,2,LIMA,LIMA,JESUS MARIA,ESSALUD,III-2,1449,1877,504,1726,data\raw\Capacidad\ConsultaA_Recursos_Salud_2020_v7.csv,13468
00005883,2020,2,LIMA,LIMA,ATE,MINSA,II-1,51,82,0,85,data\raw\Capacidad\ConsultaA_Recursos_Salud_2020_v7.csv,13533
00005948,2020,1,LIMA,LIMA,SANTA ANITA,MINSA,III-1,211,90,36,83,data\raw\Capacidad\ConsultaA_Recursos_Salud_2020_v7.csv,13561
00018011,2020,1,LIMA,LIMA,JESUS MARIA,ESSALUD,III-E,103,161,44,268,data\raw\Capacidad\ConsultaA_Recursos_Salud_2020_v7.csv,13563
00012923,2020,2,LIMA,LIMA,PUENTE PIEDRA,SANIDAD DE LA POLICIA NACIONAL DEL PERU,I-2,0,8,0,4,data\raw\Capacidad\ConsultaA_Recursos_Salud_2020_v7.csv,13579
00008318,2020,2,LIMA,LIMA,SANTA ANITA,ESSALUD,II-1,59,86,5,63,data\raw\Capacidad\ConsultaA_Recursos_Salud_2020_v7.csv,13589
00017024,2020,3,LIMA,LIMA,JESUS MARIA,SANIDAD DEL EJERCITO DEL PERU,III-1,589,161,65,393,data\raw\Capacidad\ConsultaA_Recursos_Salud_2020_v7.csv,13633
00006209,2020,3,LIMA,LIMA,LIMA,MINSA,III-2,133,97,20,125,data\raw\Capacidad\ConsultaA_Recursos_Salud_2020_v7.csv,13803
00009188,2020,5,LIMA,LIMA,LIMA,ESSALUD,II-1,44,87,0,56,data\raw\Capacidad\ConsultaA_Recursos_Salud_2020_v7.csv,13952
00005947,2020,6,LIMA,LIMA,LURIGANCHO,MINSA,II-2,38,120,8,117,data\raw\Capacidad\ConsultaA_Recursos_Salud_2020_v7.csv,14077
00006211,2020,5,LIMA,LIMA,PUEBLO LIBRE,MINSA,III-1,102,268,34,245,data\raw\Capacidad\ConsultaA_Recursos_Salud_2020_v7.csv,14138
00016094,2020,9,LIMA,LIMA,RIMAC,SANIDAD DE LA POLICIA NACIONAL DEL PERU,II-1,83,57,0,45,data\raw\Capacidad\ConsultaA_Recursos_Salud_2020_v7.csv,14223
00008502,2020,7,LIMA,LIMA,LIMA,ESSALUD,II-2,97,284,58,173,data\raw\Capacidad\ConsultaA_Recursos_Salud_2020_v7.csv,14519
00018011,2020,5,LIMA,LIMA,JESUS MARIA,ESSALUD,III-E,64,161,44,266,data\raw\Capacidad\ConsultaA_Recursos_Salud_2020_v7.csv,14547
00007733,2020,7,LIMA,LIMA,SAN MARTIN DE PORRES,MINSA,III-2,25,132,46,81,data\raw\Capacidad\ConsultaA_Recursos_Salud_2020_v7.csv,14550
00023159,2020,3,LIMA,LIMA,VILLA EL SALVADOR,MINSA,II-2,232,338,0,330,data\raw\Capacidad\ConsultaA_Recursos_Salud_2020_v7.csv,14570
00008489,2020,7,LIMA,LIMA,MIRAFLORES,ESSALUD,II-2,68,206,0,136,data\raw\Capacidad\ConsultaA_Recursos_Salud_2020_v7.csv,14591
00008317,2020,8,LIMA,LIMA,SAN JUAN DE LURIGANCHO,ESSALUD,II-1,114,136,7,150,data\raw\Capacidad\ConsultaA_Recursos_Salud_2020_v7.csv,14593
00008318,2020,3,LIMA,LIMA,SANTA ANITA,ESSALUD,II-1,59,84,5,63,data\raw\Capacidad\ConsultaA_Recursos_Salud_2020_v7.csv,14696
00007633,2020,7,LIMA,LIMA,SAN MARTIN DE PORRES,MINSA,III-1,361,412,316,497,data\raw\Capacidad\ConsultaA_Recursos_Salud_2020_v7.csv,14736
00017024,2020,8,LIMA,LIMA,JESUS MARIA,SANIDAD DEL EJERCITO DEL PERU,III-1,589,156,65,393,data\raw\Capacidad\ConsultaA_Recursos_Salud_2020_v7.csv,14738
00006213,2020,3,LIMA,LIMA,MIRAFLORES,MINSA,III-E,71,139,17,188,data\raw\Capacidad\ConsultaA_Recursos_Salud_2020_v7.csv,14861
00008720,2020,8,LIMA,LIMA,JESUS MARIA,ESSALUD,III-2,1309,1956,505,1804,data\raw\Capacidad\ConsultaA_Recursos_Salud_2020_v7.csv,14930
00006214,2020,3,LIMA,LIMA,MAGDALENA DEL MAR,MINSA,III-1,590,116,38,130,data\raw\Capacidad\ConsultaA_Recursos_Salud_2020_v7.csv,14944
00006211,2020,8,LIMA,LIMA,PUEBLO LIBRE,MINSA,III-1,102,268,34,245,data\raw\Capacidad\ConsultaA_Recursos_Salud_2020_v7.csv,15134
00006217,2020,8,LIMA,LIMA,LIMA,MINSA,III-2,11,108,27,55,data\raw\Capacidad\ConsultaA_Recursos_Salud_2020_v7.csv,15138
00008317,2020,6,LIMA,LIMA,SAN JUAN DE LURIGANCHO,ESSALUD,II-1,53,66,7,82,data\raw\Capacidad\ConsultaA_Recursos_Salud_2020_v7.csv,15361
00005617,2020,8,LIMA,LIMA,SAN JUAN DE LURIGANCHO,MINSA,II-2,145,148,18,239,data\raw\Capacidad\ConsultaA_Recursos_Salud_2020_v7.csv,15451
00013591,2020,6,LIMA,LIMA,JESUS MARIA,SANIDAD DE LA POLICIA NACIONAL DEL PERU,III-1,411,470,130,345,data\raw\Capacidad\ConsultaA_Recursos_Salud_2020_v7.csv,15515
00005947,2020,8,LIMA,LIMA,LURIGANCHO,MINSA,II-2,38,119,8,117,data\raw\Capacidad\ConsultaA_Recursos_Salud_2020_v7.csv,15585
00006217,2020,7,LIMA,LIMA,LIMA,MINSA,III-2,11,108,27,55,data\raw\Capacidad\ConsultaA_Recursos_Salud_2020_v7.csv,15756
00006210,2020,6,LIMA,LIMA,SURQUILLO,MINSA,III-2,429,299,138,622,data\raw\Capacidad\ConsultaA_Recursos_Salud_2020_v7.csv,15832
00008564,2020,6,LIMA,LIMA,SAN MIGUEL,ESSALUD,II-1,45,303,0,75,data\raw\Capacidad\ConsultaA_Recursos_Salud_2020_v7.csv,15833
00023159,2020,6,LIMA,LIMA,VILLA EL SALVADOR,MINSA,II-2,272,388,0,259,data\raw\Capacidad\ConsultaA_Recursos_Salud_2020_v7.csv,15858
00023159,2020,7,LIMA,LIMA,VILLA EL SALVADOR,MINSA,II-2,353,381,0,264,data\raw\Capacidad\ConsultaA_Recursos_Salud_2020_v7.csv,15859
00006206,2020,8,LIMA,LIMA,LIMA,MINSA,III-1,325,394,157,232,data\raw\Capacidad\ConsultaA_Recursos_Salud_2020_v7.csv,15951
00023159,2020,5,LIMA,LIMA,VILLA EL SALVADOR,MINSA,II-2,238,351,0,200,data\raw\Capacidad\ConsultaA_Recursos_Salud_2020_v7.csv,15956
00018011,2020,7,LIMA,LIMA,JESUS MARIA,ESSALUD,III-E,69,162,29,266,data\raw\Capacidad\ConsultaA_Recursos_Salud_2020_v7.csv,16189
00010434,2020,5,LIMA,LIMA,SANTA ANITA,ESSALUD,II-E,230,75,15,139,data\raw\Capacidad\ConsultaA_Recursos_Salud_2020_v7.csv,16224
00007733,2020,8,LIMA,LIMA,SAN MARTIN DE PORRES,MINSA,III-2,19,131,45,83,data\raw\Capacidad\ConsultaA_Recursos_Salud_2020_v7.csv,16236
00007633,2020,8,LIMA,LIMA,SAN MARTIN DE PORRES,MINSA,III-1,387,413,316,512,data\raw\Capacidad\ConsultaA_Recursos_Salud_2020_v7.csv,16238
00005946,2020,7,LIMA,LIMA,EL AGUSTINO,MINSA,III-1,528,344,145,469,data\raw\Capacidad\ConsultaA_Recursos_Salud_2020_v7.csv,16343
00005945,2020,7,LIMA,LIMA,ATE,MINSA,II-1,55,217,51,133,data\raw\Capacidad\ConsultaA_Recursos_Salud_2020_v7.csv,16513
00016094,2020,5,LIMA,LIMA,RIMAC,SANIDAD DE LA POLICIA NACIONAL DEL PERU,II-1,83,45,0,27,data\raw\Capacidad\ConsultaA_Recursos_Salud_2020_v7.csv,16534
00010098,2020,9,LIMA,LIMA,CHORRILLOS,SANIDAD DEL EJERCITO DEL PERU,II-E,21,44,0,62,data\raw\Capacidad\ConsultaA_Recursos_Salud_2020_v7.csv,16659
00006207,2020,7,LIMA,LIMA,LIMA,MINSA,III-1,616,425,242,521,data\raw\Capacidad\ConsultaA_Recursos_Salud_2020_v7.csv,16695
00006215,2020,9,LIMA,LIMA,LIMA,MINSA,III-1,186,289,71,310,data\raw\Capacidad\ConsultaA_Recursos_Salud_2020_v7.csv,16706
00008720,2020,7,LIMA,LIMA,JESUS MARIA,ESSALUD,III-2,1270,1970,505,1804,data\raw\Capacidad\ConsultaA_Recursos_Salud_2020_v7.csv,16839
00008318,2020,7,LIMA,LIMA,SANTA ANITA,ESSALUD,II-1,30,97,5,66,data\raw\Capacidad\ConsultaA_Recursos_Salud_2020_v7.csv,16844
00006211,2020,7,LIMA,LIMA,PUEBLO LIBRE,MINSA,III-1,102,268,34,245,data\raw\Capacidad\ConsultaA_Recursos_Salud_2020_v7.csv,16847
00005946,2020,5,LIMA,LIMA,EL AGUSTINO,MINSA,III-1,666,404,207,629,data\raw\Capacidad\ConsultaA_Recursos_Salud_2020_v7.csv,16943
00006210,2020,4,LIMA,LIMA,SURQUILLO,MINSA,III-2,423,266,149,617,data\raw\Capacidad\ConsultaA_Recursos_Salud_2020_v7.csv,17034
00006213,2020,6,LIMA,LIMA,MIRAFLORES,MINSA,III-E,71,95,31,128,data\raw\Capacidad\ConsultaA_Recursos_Salud_2020_v7.csv,17070
00008317,2020,7,LIMA,LIMA,SAN JUAN DE LURIGANCHO,ESSALUD,II-1,69,108,7,112,data\raw\Capacidad\ConsultaA_Recursos_Salud_2020_v7.csv,17079
00008489,2020,8,LIMA,LIMA,MIRAFLORES,ESSALUD,II-2,64,209,0,136,data\raw\Capacidad\ConsultaA_Recursos_Salud_2020_v7.csv,17114
00008720,2020,9,LIMA,LIMA,JESUS MARIA,ESSALUD,III-2,1363,2048,505,1837,data\raw\Capacidad\ConsultaA_Recursos_Salud_2020_v7.csv,17183
00008489,2020,5,LIMA,LIMA,MIRAFLORES,ESSALUD,II-2,84,204,0,125,data\raw\Capacidad\ConsultaA_Recursos_Salud_2020_v7.csv,17214
00006210,2020,5,LIMA,LIMA,SURQUILLO,MINSA,III-2,423,280,148,633,data\raw\Capacidad\ConsultaA_Recursos_Salud_2020_v7.csv,17240
00012923,2020,7,LIMA,LIMA,PUENTE PIEDRA,SANIDAD DE LA POLICIA NACIONAL DEL PERU,I-2,144,12,0,1,data\raw\Capacidad\ConsultaA_Recursos_Salud_2020_v7.csv,17411
00013591,2020,8,LIMA,LIMA,JESUS MARIA,SANIDAD DE LA POLICIA NACIONAL DEL PERU,III-1,411,470,130,345,data\raw\Capacidad\ConsultaA_Recursos_Salud_2020_v7.csv,17487
00013591,2020,4,LIMA,LIMA,JESUS MARIA,SANIDAD DE LA POLICIA NACIONAL DEL PERU,III-1,486,470,130,345,data\raw\Capacidad\ConsultaA_Recursos_Salud_2020_v7.csv,17517
00010098,2020,8,LIMA,LIMA,CHORRILLOS,SANIDAD DEL EJERCITO DEL PERU,II-E,21,43,0,61,data\raw\Capacidad\ConsultaA_Recursos_Salud_2020_v7.csv,17519
00007633,2020,5,LIMA,LIMA,SAN MARTIN DE PORRES,MINSA,III-1,360,445,317,467,data\raw\Capacidad\ConsultaA_Recursos_Salud_2020_v7.csv,17560
00007633,2020,3,LIMA,LIMA,SAN MARTIN DE PORRES,MINSA,III-1,321,487,318,468,data\raw\Capacidad\ConsultaA_Recursos_Salud_2020_v7.csv,17724
00014718,2020,7,LIMA,LIMA,SAN MIGUEL,SANIDAD DE LA POLICIA NACIONAL DEL PERU,II-E,28,22,2,23,data\raw\Capacidad\ConsultaA_Recursos_Salud_2020_v7.csv,17730
00008353,2020,6,LIMA,LIMA,ATE,ESSALUD,II-1,68,116,19,100,data\raw\Capacidad\ConsultaA_Recursos_Salud_2020_v7.csv,17949
00007633,2020,6,LIMA,LIMA,SAN MARTIN DE PORRES,MINSA,III-1,311,404,316,482,data\raw\Capacidad\ConsultaA_Recursos_Salud_2020_v7.csv,17974
00007733,2020,9,LIMA,LIMA,SAN MARTIN DE PORRES,MINSA,III-2,22,132,46,84,data\raw\Capacidad\ConsultaA_Recursos_Salud_2020_v7.csv,17999
00005945,2020,9,LIMA,LIMA,ATE,MINSA,II-1,55,217,51,133,data\raw\Capacidad\ConsultaA_Recursos_Salud_2020_v7.csv,18003
00008671,2020,8,LIMA,LIMA,COMAS,ESSALUD,II-1,122,193,0,166,data\raw\Capacidad\ConsultaA_Recursos_Salud_2020_v7.csv,18112
00023159,2020,4,LIMA,LIMA,VILLA EL SALVADOR,MINSA,II-2,231,315,0,208,data\raw\Capacidad\ConsultaA_Recursos_Salud_2020_v7.csv,18208
00017024,2020,7,LIMA,LIMA,JESUS MARIA,SANIDAD DEL EJERCITO DEL PERU,III-1,589,159,65,393,data\raw\Capacidad\ConsultaA_Recursos_Salud_2020_v7.csv,18396
00005945,2020,8,LIMA,LIMA,ATE,MINSA,II-1,55,217,51,133,data\raw\Capacidad\ConsultaA_Recursos_Salud_2020_v7.csv,18437
00006210,2020,7,LIMA,LIMA,SURQUILLO,MINSA,III-2,431,293,131,624,data\raw\Capacidad\ConsultaA_Recursos_Salud_2020_v7.csv,18471
00018011,2020,6,LIMA,LIMA,JESUS MARIA,ESSALUD,III-E,56,163,36,266,data\raw\Capacidad\ConsultaA_Recursos_Salud_2020_v7.csv,18574
00017024,2020,5,LIMA,LIMA,JESUS MARIA,SANIDAD DEL EJERCITO DEL PERU,III-1,589,162,65,393,data\raw\Capacidad\ConsultaA_Recursos_Salud_2020_v7.csv,18732
00016094,2020,6,LIMA,LIMA,RIMAC,SANIDAD DE LA POLICIA NACIONAL DEL PERU,II-1,83,65,0,43,data\raw\Capacidad\ConsultaA_Recursos_Salud_2020_v7.csv,18734
00006208,2020,5,LIMA,LIMA,LIMA,MINSA,III-2,397,256,70,402,data\raw\Capacidad\ConsultaA_Recursos_Salud_2020_v7.csv,18736
00014718,2020,9,LIMA,LIMA,SAN MIGUEL,SANIDAD DE LA POLICIA NACIONAL DEL PERU,II-E,28,13,1,26,data\raw\Capacidad\ConsultaA_Recursos_Salud_2020_v7.csv,18785
00006216,2020,8,LIMA,LIMA,BREÑA,MINSA,III-2,371,359,51,606,data\raw\Capacidad\ConsultaA_Recursos_Salud_2020_v7.csv,18909
00012923,2020,9,LIMA,LIMA,PUENTE PIEDRA,SANIDAD DE LA POLICIA NACIONAL DEL PERU,I-2,144,12,0,3,data\raw\Capacidad\ConsultaA_Recursos_Salud_2020_v7.csv,18985
00008318,2020,9,LIMA,LIMA,SANTA ANITA,ESSALUD,II-1,37,97,5,66,data\raw\Capacidad\ConsultaA_Recursos_Salud_2020_v7.csv,19025
00010434,2020,9,LIMA,LIMA,SANTA ANITA,ESSALUD,II-E,206,97,11,144,data\raw\Capacidad\ConsultaA_Recursos_Salud_2020_v7.csv,19091
00005945,2020,6,LIMA,LIMA,ATE,MINSA,II-1,55,217,51,133,data\raw\Capacidad\ConsultaA_Recursos_Salud_2020_v7.csv,19256
00006216,2020,5,LIMA,LIMA,BREÑA,MINSA,III-2,365,336,41,571,data\raw\Capacidad\ConsultaA_Recursos_Salud_2020_v7.csv,19339
00008353,2020,5,LIMA,LIMA,ATE,ESSALUD,II-1,68,106,24,89,data\raw\Capacidad\ConsultaA_Recursos_Salud_2020_v7.csv,19341
00008318,2020,5,LIMA,LIMA,SANTA ANITA,ESSALUD,II-1,59,84,5,63,data\raw\Capacidad\ConsultaA_Recursos_Salud_2020_v7.csv,19433
00008353,2020,9,LIMA,LIMA,ATE,ESSALUD,II-1,50,117,19,100,data\raw\Capacidad\ConsultaA_Recursos_Salud_2020_v7.csv,19522
00006207,2020,4,LIMA,LIMA,LIMA,MINSA,III-1,633,440,236,489,data\raw\Capacidad\ConsultaA_Recursos_Salud_2020_v7.csv,19581
00006208,2020,8,LIMA,LIMA,LIMA,MINSA,III-2,397,216,49,349,data\raw\Capacidad\ConsultaA_Recursos_Salud_2020_v7.csv,19582
00006210,2020,8,LIMA,LIMA,SURQUILLO,MINSA,III-2,303,291,128,626,data\raw\Capacidad\ConsultaA_Recursos_Salud_2020_v7.csv,19671
00005947,2020,9,LIMA,LIMA,LURIGANCHO,MINSA,II-2,38,119,8,117,data\raw\Capacidad\ConsultaA_Recursos_Salud_2020_v7.csv,19738
00006215,2020,7,LIMA,LIMA,LIMA,MINSA,III-1,176,284,71,290,data\raw\Capacidad\ConsultaA_Recursos_Salud_2020_v7.csv,20116
00005947,2020,7,LIMA,LIMA,LURIGANCHO,MINSA,II-2,38,120,8,117,data\raw\Capacidad\ConsultaA_Recursos_Salud_2020_v7.csv,20476
00007634,2020,7,LIMA,LIMA,COMAS,MINSA,III-1,347,211,114,241,data\raw\Capacidad\ConsultaA_Recursos_Salud_2020_v7.csv,20479
00006207,2020,3,LIMA,LIMA,LIMA,MINSA,III-1,633,428,229,486,data\raw\Capacidad\ConsultaA_Recursos_Salud_2020_v7.csv,20498
00005617,2020,7,LIMA,LIMA,SAN JUAN DE LURIGANCHO,MINSA,II-2,145,152,18,242,data\raw\Capacidad\ConsultaA_Recursos_Salud_2020_v7.csv,20499
00007633,2020,4,LIMA,LIMA,SAN MARTIN DE PORRES,MINSA,III-1,320,458,317,452,data\raw\Capacidad\ConsultaA_Recursos_Salud_2020_v7.csv,20502
00008564,2020,4,LIMA,LIMA,SAN MIGUEL,ESSALUD,II-1,45,104,0,73,data\raw\Capacidad\ConsultaA_Recursos_Salud_2020_v7.csv,20552
00008489,2020,4,LIMA,LIMA,MIRAFLORES,ESSALUD,II-2,91,233,0,156,data\raw\Capacidad\ConsultaA_Recursos_Salud_2020_v7.csv,20556
00008502,2020,5,LIMA,LIMA,LIMA,ESSALUD,II-2,117,337,88,206,data\raw\Capacidad\ConsultaA_Recursos_Salud_2020_v7.csv,20753
00006217,2020,5,LIMA,LIMA,LIMA,MINSA,III-2,11,108,27,55,data\raw\Capacidad\ConsultaA_Recursos_Salud_2020_v7.csv,20786
00008720,2020,5,LIMA,LIMA,JESUS MARIA,ESSALUD,III-2,1389,1923,505,1838,data\raw\Capacidad\ConsultaA_Recursos_Salud_2020_v7.csv,20788
00006213,2020,4,LIMA,LIMA,MIRAFLORES,MINSA,III-E,71,139,17,188,data\raw\Capacidad\ConsultaA_Recursos_Salud_2020_v7.csv,20895
00006213,2020,5,LIMA,LIMA,MIRAFLORES,MINSA,III-E,71,93,15,137,data\raw\Capacidad\ConsultaA_Recursos_Salud_2020_v7.csv,20906
00014718,2020,6,LIMA,LIMA,SAN MIGUEL,SANIDAD DE LA POLICIA NACIONAL DEL PERU,II-E,28,20,1,21,data\raw\Capacidad\ConsultaA_Recursos_Salud_2020_v7.csv,21124
00006209,2020,5,LIMA,LIMA,LIMA,MINSA,III-2,102,84,20,78,data\raw\Capacidad\ConsultaA_Recursos_Salud_2020_v7.csv,21199
00008489,2020,6,LIMA,LIMA,MIRAFLORES,ESSALUD,II-2,67,210,0,108,data\raw\Capacidad\ConsultaA_Recursos_Salud_2020_v7.csv,21242
00008502,2020,6,LIMA,LIMA,LIMA,ESSALUD,II-2,67,343,88,215,data\raw\Capacidad\ConsultaA_Recursos_Salud_2020_v7.csv,21285
00006215,2020,6,LIMA,LIMA,LIMA,MINSA,III-1,153,308,96,269,data\raw\Capacidad\ConsultaA_Recursos_Salud_2020_v7.csv,21467
00006216,2020,6,LIMA,LIMA,BREÑA,MINSA,III-2,371,359,35,608,data\raw\Capacidad\ConsultaA_Recursos_Salud_2020_v7.csv,21491
00007634,2020,5,LIMA,LIMA,COMAS,MINSA,III-1,330,211,114,241,data\raw\Capacidad\ConsultaA_Recursos_Salud_2020_v7.csv,21595
00006207,2020,5,LIMA,LIMA,LIMA,MINSA,III-1,633,426,237,521,data\raw\Capacidad\ConsultaA_Recursos_Salud_2020_v7.csv,21650
00006206,2020,6,LIMA,LIMA,LIMA,MINSA,III-1,346,367,141,213,data\raw\Capacidad\ConsultaA_Recursos_Salud_2020_v7.csv,21866
00005617,2020,5,LIMA,LIMA,SAN JUAN DE LURIGANCHO,MINSA,II-2,145,156,18,232,data\raw\Capacidad\ConsultaA_Recursos_Salud_2020_v7.csv,21896
00016094,2020,4,LIMA,LIMA,RIMAC,SANIDAD DE LA POLICIA NACIONAL DEL PERU,II-1,83,47,0,22,data\raw\Capacidad\ConsultaA_Recursos_Salud_2020_v7.csv,21923
00014718,2020,8,LIMA,LIMA,SAN MIGUEL,SANIDAD DE LA POLICIA NACIONAL DEL PERU,II-E,28,9,2,23,data\raw\Capacidad\ConsultaA_Recursos_Salud_2020_v7.csv,21939
00005617,2020,6,LIMA,LIMA,SAN JUAN DE LURIGANCHO,MINSA,II-2,145,158,18,246,data\raw\Capacidad\ConsultaA_Recursos_Salud_2020_v7.csv,22227
00007733,2020,6,LIMA,LIMA,SAN MARTIN DE PORRES,MINSA,III-2,26,135,47,80,data\raw\Capacidad\ConsultaA_Recursos_Salud_2020_v7.csv,22252
00010098,2020,5,LIMA,LIMA,CHORRILLOS,SANIDAD DEL EJERCITO DEL PERU,II-E,21,47,0,60,data\raw\Capacidad\ConsultaA_Recursos_Salud_2020_v7.csv,22282
00013591,2020,5,LIMA,LIMA,JESUS MARIA,SANIDAD DE LA POLICIA NACIONAL DEL PERU,III-1,486,470,130,345,data\raw\Capacidad\ConsultaA_Recursos_Salud_2020_v7.csv,22283
00006209,2020,7,LIMA,LIMA,LIMA,MINSA,III-2,108,72,19,87,data\raw\Capacidad\ConsultaA_Recursos_Salud_2020_v7.csv,22315
00007733,2020,3,LIMA,LIMA,SAN MARTIN DE PORRES,MINSA,III-2,81,135,47,77,data\raw\Capacidad\ConsultaA_Recursos_Salud_2020_v7.csv,22520
00007733,2020,5,LIMA,LIMA,SAN MARTIN DE PORRES,MINSA,III-2,27,135,47,84,data\raw\Capacidad\ConsultaA_Recursos_Salud_2020_v7.csv,22521
00007733,2020,4,LIMA,LIMA,SAN MARTIN DE PORRES,MINSA,III-2,59,135,47,84,data\raw\Capacidad\ConsultaA_Recursos_Salud_2020_v7.csv,22522
00010098,2020,7,LIMA,LIMA,CHORRILLOS,SANIDAD DEL EJERCITO DEL PERU,II-E,21,42,0,61,data\raw\Capacidad\ConsultaA_Recursos_Salud_2020_v7.csv,22545
00006208,2020,7,LIMA,LIMA,LIMA,MINSA,III-2,397,222,70,352,data\raw\Capacidad\ConsultaA_Recursos_Salud_2020_v7.csv,22983
00008564,2020,7,LIMA,LIMA,SAN MIGUEL,ESSALUD,II-1,45,346,0,74,data\raw\Capacidad\ConsultaA_Recursos_Salud_2020_v7.csv,23103
00006215,2020,5,LIMA,LIMA,LIMA,MINSA,III-1,162,304,104,256,data\raw\Capacidad\ConsultaA_Recursos_Salud_2020_v7.csv,23175
00008318,2020,6,LIMA,LIMA,SANTA ANITA,ESSALUD,II-1,59,84,5,63,data\raw\Capacidad\ConsultaA_Recursos_Salud_2020_v7.csv,23188
00016094,2020,8,LIMA,LIMA,RIMAC,SANIDAD DE LA POLICIA NACIONAL DEL PERU,II-1,83,63,0,40,data\raw\Capacidad\ConsultaA_Recursos_Salud_2020_v7.csv,23241
00008318,2020,8,LIMA,LIMA,SANTA ANITA,ESSALUD,II-1,30,97,5,66,data\raw\Capacidad\ConsultaA_Recursos_Salud_2020_v7.csv,23295
00008502,2020,8,LIMA,LIMA,LIMA,ESSALUD,II-2,88,293,58,168,data\raw\Capacidad\ConsultaA_Recursos_Salud_2020_v7.csv,23366
00006206,2020,7,LIMA,LIMA,LIMA,MINSA,III-1,300,386,151,234,data\raw\Capacidad\ConsultaA_Recursos_Salud_2020_v7.csv,23441
00008671,2020,7,LIMA,LIMA,COMAS,ESSALUD,II-1,122,190,0,166,data\raw\Capacidad\ConsultaA_Recursos_Salud_2020_v7.csv,23727
00017024,2020,6,LIMA,LIMA,JESUS MARIA,SANIDAD DEL EJERCITO DEL PERU,III-1,589,161,65,393,data\raw\Capacidad\ConsultaA_Recursos_Salud_2020_v7.csv,23921
00005945,2020,5,LIMA,LIMA,ATE,MINSA,II-1,55,217,51,133,data\raw\Capacidad\ConsultaA_Recursos_Salud_2020_v7.csv,24025
00006215,2020,8,LIMA,LIMA,LIMA,MINSA,III-1,185,289,67,296,data\raw\Capacidad\ConsultaA_Recursos_Salud_2020_v7.csv,24057
00007634,2020,8,LIMA,LIMA,COMAS,MINSA,III-1,347,211,114,241,data\raw\Capacidad\ConsultaA_Recursos_Salud_2020_v7.csv,24058
00008720,2020,6,LIMA,LIMA,JESUS MARIA,ESSALUD,III-2,1382,2003,505,1804,data\raw\Capacidad\ConsultaA_Recursos_Salud_2020_v7.csv,24103
00005946,2020,8,LIMA,LIMA,EL AGUSTINO,MINSA,III-1,393,329,145,465,data\raw\Capacidad\ConsultaA_Recursos_Salud_2020_v7.csv,24172
00008317,2020,5,LIMA,LIMA,SAN JUAN DE LURIGANCHO,ESSALUD,II-1,58,102,11,82,data\raw\Capacidad\ConsultaA_Recursos_Salud_2020_v7.csv,24215
00005946,2020,4,LIMA,LIMA,EL AGUSTINO,MINSA,III-1,666,303,207,639,data\raw\Capacidad\ConsultaA_Recursos_Salud_2020_v7.csv,24394
00006217,2020,4,LIMA,LIMA,LIMA,MINSA,III-2,11,108,27,55,data\raw\Capacidad\ConsultaA_Recursos_Salud_2020_v7.csv,24416
00008564,2020,5,LIMA,LIMA,SAN MIGUEL,ESSALUD,II-1,45,113,0,65,data\raw\Capacidad\ConsultaA_Recursos_Salud_2020_v7.csv,24493
00006216,2020,7,LIMA,LIMA,BREÑA,MINSA,III-2,371,360,44,608,data\raw\Capacidad\ConsultaA_Recursos_Salud_2020_v7.csv,24540
00005947,2020,5,LIMA,LIMA,LURIGANCHO,MINSA,II-2,45,120,8,117,data\raw\Capacidad\ConsultaA_Recursos_Salud_2020_v7.csv,24642
00010098,2020,6,LIMA,LIMA,CHORRILLOS,SANIDAD DEL EJERCITO DEL PERU,II-E,21,44,0,60,data\raw\Capacidad\ConsultaA_Recursos_Salud_2020_v7.csv,24712
00008353,2020,7,LIMA,LIMA,ATE,ESSALUD,II-1,68,116,19,100,data\raw\Capacidad\ConsultaA_Recursos_Salud_2020_v7.csv,24968
00012923,2020,8,LIMA,LIMA,PUENTE PIEDRA,SANIDAD DE LA POLICIA NACIONAL DEL PERU,I-2,144,12,0,3,data\raw\Capacidad\ConsultaA_Recursos_Salud_2020_v7.csv,24995
00012923,2020,5,LIMA,LIMA,PUENTE PIEDRA,SANIDAD DE LA POLICIA NACIONAL DEL PERU,I-2,0,4,0,2,data\raw\Capacidad\ConsultaA_Recursos_Salud_2020_v7.csv,25378
00006213,2020,7,LIMA,LIMA,MIRAFLORES,MINSA,III-E,71,95,31,128,data\raw\Capacidad\ConsultaA_Recursos_Salud_2020_v7.csv,25379
00012923,2020,6,LIMA,LIMA,PUENTE PIEDRA,SANIDAD DE LA POLICIA NACIONAL DEL PERU,I-2,144,10,0,1,data\raw\Capacidad\ConsultaA_Recursos_Salud_2020_v7.csv,25380
00005946,2020,6,LIMA,LIMA,EL AGUSTINO,MINSA,III-1,519,336,207,480,data\raw\Capacidad\ConsultaA_Recursos_Salud_2020_v7.csv,25420
00006208,2020,6,LIMA,LIMA,LIMA,MINSA,III-2,397,255,70,393,data\raw\Capacidad\ConsultaA_Recursos_Salud_2020_v7.csv,25432
00010434,2020,7,LIMA,LIMA,SANTA ANITA,ESSALUD,II-E,241,106,12,159,data\raw\Capacidad\ConsultaA_Recursos_Salud_2020_v7.csv,25543
00008353,2020,8,LIMA,LIMA,ATE,ESSALUD,II-1,43,117,19,100,data\raw\Capacidad\ConsultaA_Recursos_Salud_2020_v7.csv,25602
00010434,2020,8,LIMA,LIMA,SANTA ANITA,ESSALUD,II-E,241,100,11,148,data\raw\Capacidad\ConsultaA_Recursos_Salud_2020_v7.csv,25604
00010434,2020,6,LIMA,LIMA,SANTA ANITA,ESSALUD,II-E,235,84,12,155,data\raw\Capacidad\ConsultaA_Recursos_Salud_2020_v7.csv,25692
00008671,2020,6,LIMA,LIMA,COMAS,ESSALUD,II-1,113,182,0,164,data\raw\Capacidad\ConsultaA_Recursos_Salud_2020_v7.csv,25985
00016094,2020,7,LIMA,LIMA,RIMAC,SANIDAD DE LA POLICIA NACIONAL DEL PERU,II-1,83,74,0,40,data\raw\Capacidad\ConsultaA_Recursos_Salud_2020_v7.csv,26000
00007634,2020,6,LIMA,LIMA,COMAS,MINSA,III-1,330,211,114,241,data\raw\Capacidad\ConsultaA_Recursos_Salud_2020_v7.csv,26055
00014718,2020,5,LIMA,LIMA,SAN MIGUEL,SANIDAD DE LA POLICIA NACIONAL DEL PERU,II-E,28,22,1,22,data\raw\Capacidad\ConsultaA_Recursos_Salud_2020_v7.csv,26058
00009188,2020,6,LIMA,LIMA,LIMA,ESSALUD,II-1,45,81,0,56,data\raw\Capacidad\ConsultaA_Recursos_Salud_2020_v7.csv,26061
00006207,2020,6,LIMA,LIMA,LIMA,MINSA,III-1,616,435,233,524,data\raw\Capacidad\ConsultaA_Recursos_Salud_2020_v7.csv,26211
00008671,2020,5,LIMA,LIMA,COMAS,ESSALUD,II-1,111,165,0,157,data\raw\Capacidad\ConsultaA_Recursos_Salud_2020_v7.csv,26326
00006211,2020,6,LIMA,LIMA,PUEBLO LIBRE,MINSA,III-1,102,268,34,245,data\raw\Capacidad\ConsultaA_Recursos_Salud_2020_v7.csv,26352
00013591,2020,7,LIMA,LIMA,JESUS MARIA,SANIDAD DE LA POLICIA NACIONAL DEL PERU,III-1,411,470,130,345,data\raw\Capacidad\ConsultaA_Recursos_Salud_2020_v7.csv,26407
00006217,2020,6,LIMA,LIMA,LIMA,MINSA,III-2,11,108,27,55,data\raw\Capacidad\ConsultaA_Recursos_Salud_2020_v7.csv,26483
00008318,2020,11,LIMA,LIMA,SANTA ANITA,ESSALUD,II-1,46,95,4,66,data\raw\Capacidad\ConsultaA_Recursos_Salud_2020_v7.csv,26638
00017024,2020,12,LIMA,LIMA,JESUS MARIA,SANIDAD DEL EJERCITO DEL PERU,III-1,595,123,65,393,data\raw\Capacidad\ConsultaA_Recursos_Salud_2020_v7.csv,26681
00007634,2020,11,LIMA,LIMA,COMAS,MINSA,III-1,347,211,114,241,data\raw\Capacidad\ConsultaA_Recursos_Salud_2020_v7.csv,26791
00006210,2020,11,LIMA,LIMA,SURQUILLO,MINSA,III-2,392,291,167,616,data\raw\Capacidad\ConsultaA_Recursos_Salud_2020_v7.csv,26793
00006208,2020,12,LIMA,LIMA,LIMA,MINSA,III-2,397,215,49,348,data\raw\Capacidad\ConsultaA_Recursos_Salud_2020_v7.csv,26813
00006214,2020,8,LIMA,LIMA,MAGDALENA DEL MAR,MINSA,III-1,590,36,0,91,data\raw\Capacidad\ConsultaA_Recursos_Salud_2020_v7.csv,26822
00009251,2020,4,LIMA,LIMA,LA VICTORIA,ESSALUD,III-2,961,1246,427,1099,data\raw\Capacidad\ConsultaA_Recursos_Salud_2020_v7.csv,26991
00009251,2020,5,LIMA,LIMA,LA VICTORIA,ESSALUD,III-2,961,1272,427,1191,data\raw\Capacidad\ConsultaA_Recursos_Salud_2020_v7.csv,26992
00009188,2020,7,LIMA,LIMA,LIMA,ESSALUD,II-1,45,85,0,56,data\raw\Capacidad\ConsultaA_Recursos_Salud_2020_v7.csv,27008
00006210,2020,10,LIMA,LIMA,SURQUILLO,MINSA,III-2,392,287,120,615,data\raw\Capacidad\ConsultaA_Recursos_Salud_2020_v7.csv,27084
00005948,2020,5,LIMA,LIMA,SANTA ANITA,MINSA,III-1,211,70,26,66,data\raw\Capacidad\ConsultaA_Recursos_Salud_2020_v7.csv,27245
00005948,2020,6,LIMA,LIMA,SANTA ANITA,MINSA,III-1,211,67,26,68,data\raw\Capacidad\ConsultaA_Recursos_Salud_2020_v7.csv,27246
00005948,2020,7,LIMA,LIMA,SANTA ANITA,MINSA,III-1,211,69,26,67,data\raw\Capacidad\ConsultaA_Recursos_Salud_2020_v7.csv,27247
00008317,2020,11,LIMA,LIMA,SAN JUAN DE LURIGANCHO,ESSALUD,II-1,96,136,7,135,data\raw\Capacidad\ConsultaA_Recursos_Salud_2020_v7.csv,27248
00008564,2020,11,LIMA,LIMA,SAN MIGUEL,ESSALUD,II-1,366,382,0,282,data\raw\Capacidad\ConsultaA_Recursos_Salud_2020_v7.csv,27395
00006212,2020,11,LIMA,LIMA,LA VICTORIA,MINSA,III-E,50,126,0,128,data\raw\Capacidad\ConsultaA_Recursos_Salud_2020_v7.csv,27397
00016918,2020,11,LIMA,LIMA,SAN BORJA,MINSA,III-2,236,344,12,474,data\raw\Capacidad\ConsultaA_Recursos_Salud_2020_v7.csv,27481
00005987,2020,6,LIMA,LIMA,SAN JUAN DE MIRAFLORES,MINSA,III-1,373,303,111,293,data\raw\Capacidad\ConsultaA_Recursos_Salud_2020_v7.csv,27520
00008720,2020,11,LIMA,LIMA,JESUS MARIA,ESSALUD,III-2,1342,2002,505,1962,data\raw\Capacidad\ConsultaA_Recursos_Salud_2020_v7.csv,27576
00009251,2020,6,LIMA,LIMA,LA VICTORIA,ESSALUD,III-2,926,1233,384,1185,data\raw\Capacidad\ConsultaA_Recursos_Salud_2020_v7.csv,27692
00009251,2020,7,LIMA,LIMA,LA VICTORIA,ESSALUD,III-2,943,1280,289,1314,data\raw\Capacidad\ConsultaA_Recursos_Salud_2020_v7.csv,27694
00005987,2020,3,LIMA,LIMA,SAN JUAN DE MIRAFLORES,MINSA,III-1,373,293,120,341,data\raw\Capacidad\ConsultaA_Recursos_Salud_2020_v7.csv,27757
00006206,2020,11,LIMA,LIMA,LIMA,MINSA,III-1,307,362,136,244,data\raw\Capacidad\ConsultaA_Recursos_Salud_2020_v7.csv,27787
00005948,2020,10,LIMA,LIMA,SANTA ANITA,MINSA,III-1,211,69,26,67,data\raw\Capacidad\ConsultaA_Recursos_Salud_2020_v7.csv,27827
00008741,2020,9,LIMA,LIMA,VILLA EL SALVADOR,ESSALUD,II-1,39,104,2,92,data\raw\Capacidad\ConsultaA_Recursos_Salud_2020_v7.csv,27947
00008489,2020,9,LIMA,LIMA,MIRAFLORES,ESSALUD,II-2,63,234,0,143,data\raw\Capacidad\ConsultaA_Recursos_Salud_2020_v7.csv,27951
00006214,2020,4,LIMA,LIMA,MAGDALENA DEL MAR,MINSA,III-1,590,40,0,80,data\raw\Capacidad\ConsultaA_Recursos_Salud_2020_v7.csv,28110
00006217,2020,3,LIMA,LIMA,LIMA,MINSA,III-2,11,108,27,55,data\raw\Capacidad\ConsultaA_Recursos_Salud_2020_v7.csv,28133
00005948,2020,4,LIMA,LIMA,SANTA ANITA,MINSA,III-1,211,66,22,78,data\raw\Capacidad\ConsultaA_Recursos_Salud_2020_v7.csv,28165
00007733,2020,11,LIMA,LIMA,SAN MARTIN DE PORRES,MINSA,III-2,22,132,46,82,data\raw\Capacidad\ConsultaA_Recursos_Salud_2020_v7.csv,28172
00006217,2020,11,LIMA,LIMA,LIMA,MINSA,III-2,11,108,27,55,data\raw\Capacidad\ConsultaA_Recursos_Salud_2020_v7.csv,28187
00005946,2020,9,LIMA,LIMA,EL AGUSTINO,MINSA,III-1,462,455,145,633,data\raw\Capacidad\ConsultaA_Recursos_Salud_2020_v7.csv,28226
00006211,2020,9,LIMA,LIMA,PUEBLO LIBRE,MINSA,III-1,102,268,34,245,data\raw\Capacidad\ConsultaA_Recursos_Salud_2020_v7.csv,28338
00008318,2020,10,LIMA,LIMA,SANTA ANITA,ESSALUD,II-1,37,95,4,66,data\raw\Capacidad\ConsultaA_Recursos_Salud_2020_v7.csv,28370
00010434,2020,10,LIMA,LIMA,SANTA ANITA,ESSALUD,II-E,134,88,10,131,data\raw\Capacidad\ConsultaA_Recursos_Salud_2020_v7.csv,28386
00006209,2020,8,LIMA,LIMA,LIMA,MINSA,III-2,111,86,19,106,data\raw\Capacidad\ConsultaA_Recursos_Salud_2020_v7.csv,28531
00006207,2020,10,LIMA,LIMA,LIMA,MINSA,III-1,616,434,231,505,data\raw\Capacidad\ConsultaA_Recursos_Salud_2020_v7.csv,28601
00006207,2020,8,LIMA,LIMA,LIMA,MINSA,III-1,616,428,238,524,data\raw\Capacidad\ConsultaA_Recursos_Salud_2020_v7.csv,28645
00017024,2020,9,LIMA,LIMA,JESUS MARIA,SANIDAD DEL EJERCITO DEL PERU,III-1,589,155,65,393,data\raw\Capacidad\ConsultaA_Recursos_Salud_2020_v7.csv,28752
00006215,2020,10,LIMA,LIMA,LIMA,MINSA,III-1,182,285,71,302,data\raw\Capacidad\ConsultaA_Recursos_Salud_2020_v7.csv,28856
00008671,2020,11,LIMA,LIMA,COMAS,ESSALUD,II-1,94,181,0,164,data\raw\Capacidad\ConsultaA_Recursos_Salud_2020_v7.csv,28859
00014718,2020,11,LIMA,LIMA,SAN MIGUEL,SANIDAD DE LA POLICIA NACIONAL DEL PERU,II-E,28,16,2,29,data\raw\Capacidad\ConsultaA_Recursos_Salud_2020_v7.csv,28860
00016094,2020,11,LIMA,LIMA,RIMAC,SANIDAD DE LA POLICIA NACIONAL DEL PERU,II-1,83,26,0,53,data\raw\Capacidad\ConsultaA_Recursos_Salud_2020_v7.csv,28861
00010434,2020,11,LIMA,LIMA,SANTA ANITA,ESSALUD,II-E,136,93,10,134,data\raw\Capacidad\ConsultaA_Recursos_Salud_2020_v7.csv,29194
00018011,2020,10,LIMA,LIMA,JESUS MARIA,ESSALUD,III-E,94,158,29,264,data\raw\Capacidad\ConsultaA_Recursos_Salud_2020_v7.csv,29213
00007634,2020,9,LIMA,LIMA,COMAS,MINSA,III-1,347,211,114,241,data\raw\Capacidad\ConsultaA_Recursos_Salud_2020_v7.csv,29351
00008489,2020,11,LIMA,LIMA,MIRAFLORES,ESSALUD,II-2,70,239,0,169,data\raw\Capacidad\ConsultaA_Recursos_Salud_2020_v7.csv,29383
00005946,2020,12,LIMA,LIMA,EL AGUSTINO,MINSA,III-1,523,440,145,622,data\raw\Capacidad\ConsultaA_Recursos_Salud_2020_v7.csv,29495
00006214,2020,5,LIMA,LIMA,MAGDALENA DEL MAR,MINSA,III-1,590,37,0,77,data\raw\Capacidad\ConsultaA_Recursos_Salud_2020_v7.csv,29582
00012923,2020,11,LIMA,LIMA,PUENTE PIEDRA,SANIDAD DE LA POLICIA NACIONAL DEL PERU,I-2,144,5,0,3,data\raw\Capacidad\ConsultaA_Recursos_Salud_2020_v7.csv,29588
00008502,2020,11,LIMA,LIMA,LIMA,ESSALUD,II-2,125,304,58,220,data\raw\Capacidad\ConsultaA_Recursos_Salud_2020_v7.csv,29684
00006216,2020,9,LIMA,LIMA,BREÑA,MINSA,III-2,371,354,48,604,data\raw\Capacidad\ConsultaA_Recursos_Salud_2020_v7.csv,29744
00007734,2020,5,LIMA,LIMA,CHORRILLOS,MINSA,III-2,26,116,44,17,data\raw\Capacidad\ConsultaA_Recursos_Salud_2020_v7.csv,29797
00005946,2020,10,LIMA,LIMA,EL AGUSTINO,MINSA,III-1,539,451,145,635,data\raw\Capacidad\ConsultaA_Recursos_Salud_2020_v7.csv,29911
00005947,2020,10,LIMA,LIMA,LURIGANCHO,MINSA,II-2,38,121,8,117,data\raw\Capacidad\ConsultaA_Recursos_Salud_2020_v7.csv,29967
00018011,2020,9,LIMA,LIMA,JESUS MARIA,ESSALUD,III-E,81,160,29,265,data\raw\Capacidad\ConsultaA_Recursos_Salud_2020_v7.csv,30049
00007634,2020,10,LIMA,LIMA,COMAS,MINSA,III-1,347,211,114,241,data\raw\Capacidad\ConsultaA_Recursos_Salud_2020_v7.csv,30081
00013591,2020,10,LIMA,LIMA,JESUS MARIA,SANIDAD DE LA POLICIA NACIONAL DEL PERU,III-1,411,308,74,326,data\raw\Capacidad\ConsultaA_Recursos_Salud_2020_v7.csv,30158
00006208,2020,10,LIMA,LIMA,LIMA,MINSA,III-2,397,215,49,348,data\raw\Capacidad\ConsultaA_Recursos_Salud_2020_v7.csv,30264
00008564,2020,10,LIMA,LIMA,SAN MIGUEL,ESSALUD,II-1,488,305,0,295,data\raw\Capacidad\ConsultaA_Recursos_Salud_2020_v7.csv,30326
00012923,2020,10,LIMA,LIMA,PUENTE PIEDRA,SANIDAD DE LA POLICIA NACIONAL DEL PERU,I-2,144,13,0,3,data\raw\Capacidad\ConsultaA_Recursos_Salud_2020_v7.csv,30407
00008489,2020,10,LIMA,LIMA,MIRAFLORES,ESSALUD,II-2,73,239,0,156,data\raw\Capacidad\ConsultaA_Recursos_Salud_2020_v7.csv,30426
00010135,2020,5,LIMA,LIMA,LA MOLINA,ESSALUD,II-1,50,96,5,71,data\raw\Capacidad\ConsultaA_Recursos_Salud_2020_v7.csv,30649
00010135,2020,6,LIMA,LIMA,LA MOLINA,ESSALUD,II-1,37,109,5,71,data\raw\Capacidad\ConsultaA_Recursos_Salud_2020_v7.csv,30650
00010135,2020,7,LIMA,LIMA,LA MOLINA,ESSALUD,II-1,37,115,5,71,data\raw\Capacidad\ConsultaA_Recursos_Salud_2020_v7.csv,30654
00010135,2020,8,LIMA,LIMA,LA MOLINA,ESSALUD,II-1,33,119,5,102,data\raw\Capacidad\ConsultaA_Recursos_Salud_2020_v7.csv,30656
00010135,2020,9,LIMA,LIMA,LA MOLINA,ESSALUD,II-1,33,119,5,102,data\raw\Capacidad\ConsultaA_Recursos_Salud_2020_v7.csv,30658
00005617,2020,9,LIMA,LIMA,SAN JUAN DE LURIGANCHO,MINSA,II-2,145,153,18,241,data\raw\Capacidad\ConsultaA_Recursos_Salud_2020_v7.csv,30659
00007733,2020,10,LIMA,LIMA,SAN MARTIN DE PORRES,MINSA,III-2,22,132,46,79,data\raw\Capacidad\ConsultaA_Recursos_Salud_2020_v7.csv,30672
00007733,2020,12,LIMA,LIMA,SAN MARTIN DE PORRES,MINSA,III-2,22,130,46,80,data\raw\Capacidad\ConsultaA_Recursos_Salud_2020_v7.csv,30746
00013591,2020,11,LIMA,LIMA,JESUS MARIA,SANIDAD DE LA POLICIA NACIONAL DEL PERU,III-1,411,485,162,338,data\raw\Capacidad\ConsultaA_Recursos_Salud_2020_v7.csv,30801
00007633,2020,10,LIMA,LIMA,SAN MARTIN DE PORRES,MINSA,III-1,388,438,236,523,data\raw\Capacidad\ConsultaA_Recursos_Salud_2020_v7.csv,30876
00006214,2020,10,LIMA,LIMA,MAGDALENA DEL MAR,MINSA,III-1,590,38,0,90,data\raw\Capacidad\ConsultaA_Recursos_Salud_2020_v7.csv,30880
00005987,2020,4,LIMA,LIMA,SAN JUAN DE MIRAFLORES,MINSA,III-1,373,292,108,319,data\raw\Capacidad\ConsultaA_Recursos_Salud_2020_v7.csv,30896
00005987,2020,5,LIMA,LIMA,SAN JUAN DE MIRAFLORES,MINSA,III-1,373,316,111,300,data\raw\Capacidad\ConsultaA_Recursos_Salud_2020_v7.csv,30897
00008564,2020,9,LIMA,LIMA,SAN MIGUEL,ESSALUD,II-1,859,391,0,323,data\raw\Capacidad\ConsultaA_Recursos_Salud_2020_v7.csv,30983
00005947,2020,11,LIMA,LIMA,LURIGANCHO,MINSA,II-2,38,121,8,117,data\raw\Capacidad\ConsultaA_Recursos_Salud_2020_v7.csv,31020
00006211,2020,11,LIMA,LIMA,PUEBLO LIBRE,MINSA,III-1,102,268,34,245,data\raw\Capacidad\ConsultaA_Recursos_Salud_2020_v7.csv,31023
00014718,2020,10,LIMA,LIMA,SAN MIGUEL,SANIDAD DE LA POLICIA NACIONAL DEL PERU,II-E,28,14,1,29,data\raw\Capacidad\ConsultaA_Recursos_Salud_2020_v7.csv,31068
00023159,2020,10,LIMA,LIMA,VILLA EL SALVADOR,MINSA,II-2,385,370,0,375,data\raw\Capacidad\ConsultaA_Recursos_Salud_2020_v7.csv,31071
00005945,2020,10,LIMA,LIMA,ATE,MINSA,II-1,55,217,51,133,data\raw\Capacidad\ConsultaA_Recursos_Salud_2020_v7.csv,31193
00016918,2020,4,LIMA,LIMA,SAN BORJA,MINSA,III-2,236,336,14,474,data\raw\Capacidad\ConsultaA_Recursos_Salud_2020_v7.csv,31260
00016918,2020,5,LIMA,LIMA,SAN BORJA,MINSA,III-2,236,321,14,474,data\raw\Capacidad\ConsultaA_Recursos_Salud_2020_v7.csv,31261
00016918,2020,6,LIMA,LIMA,SAN BORJA,MINSA,III-2,236,321,14,474,data\raw\Capacidad\ConsultaA_Recursos_Salud_2020_v7.csv,31262
00006206,2020,10,LIMA,LIMA,LIMA,MINSA,III-1,275,363,129,208,data\raw\Capacidad\ConsultaA_Recursos_Salud_2020_v7.csv,31268
00007734,2020,6,LIMA,LIMA,CHORRILLOS,MINSA,III-2,9,117,44,17,data\raw\Capacidad\ConsultaA_Recursos_Salud_2020_v7.csv,31383
00005883,2020,7,LIMA,LIMA,ATE,MINSA,II-1,59,77,0,67,data\raw\Capacidad\ConsultaA_Recursos_Salud_2020_v7.csv,31421
00005883,2020,5,LIMA,LIMA,ATE,MINSA,II-1,57,69,0,89,data\raw\Capacidad\ConsultaA_Recursos_Salud_2020_v7.csv,31430
00008741,2020,3,LIMA,LIMA,VILLA EL SALVADOR,ESSALUD,II-1,54,75,2,72,data\raw\Capacidad\ConsultaA_Recursos_Salud_2020_v7.csv,31431
00006211,2020,12,LIMA,LIMA,PUEBLO LIBRE,MINSA,III-1,100,268,34,245,data\raw\Capacidad\ConsultaA_Recursos_Salud_2020_v7.csv,31531
00008317,2020,12,LIMA,LIMA,SAN JUAN DE LURIGANCHO,ESSALUD,II-1,106,129,13,135,data\raw\Capacidad\ConsultaA_Recursos_Salud_2020_v7.csv,31559
00013591,2020,12,LIMA,LIMA,JESUS MARIA,SANIDAD DE LA POLICIA NACIONAL DEL PERU,III-1,411,485,162,338,data\raw\Capacidad\ConsultaA_Recursos_Salud_2020_v7.csv,31564
00005948,2020,8,LIMA,LIMA,SANTA ANITA,MINSA,III-1,211,69,26,67,data\raw\Capacidad\ConsultaA_Recursos_Salud_2020_v7.csv,31709
00006213,2020,10,LIMA,LIMA,MIRAFLORES,MINSA,III-E,71,101,31,312,data\raw\Capacidad\ConsultaA_Recursos_Salud_2020_v7.csv,31739
00006214,2020,7,LIMA,LIMA,MAGDALENA DEL MAR,MINSA,III-1,590,39,0,97,data\raw\Capacidad\ConsultaA_Recursos_Salud_2020_v7.csv,32126
00006209,2020,9,LIMA,LIMA,LIMA,MINSA,III-2,105,91,19,106,data\raw\Capacidad\ConsultaA_Recursos_Salud_2020_v7.csv,32174
00006207,2020,9,LIMA,LIMA,LIMA,MINSA,III-1,616,430,240,520,data\raw\Capacidad\ConsultaA_Recursos_Salud_2020_v7.csv,32292
00006212,2020,6,LIMA,LIMA,LA VICTORIA,MINSA,III-E,48,104,8,117,data\raw\Capacidad\ConsultaA_Recursos_Salud_2020_v7.csv,32337
00006212,2020,8,LIMA,LIMA,LA VICTORIA,MINSA,III-E,53,124,0,116,data\raw\Capacidad\ConsultaA_Recursos_Salud_2020_v7.csv,32552
00006214,2020,9,LIMA,LIMA,MAGDALENA DEL MAR,MINSA,III-1,590,36,0,92,data\raw\Capacidad\ConsultaA_Recursos_Salud_2020_v7.csv,32672
00005948,2020,3,LIMA,LIMA,SANTA ANITA,MINSA,III-1,211,67,24,83,data\raw\Capacidad\ConsultaA_Recursos_Salud_2020_v7.csv,32786
00005883,2020,3,LIMA,LIMA,ATE,MINSA,II-1,51,82,0,67,data\raw\Capacidad\ConsultaA_Recursos_Salud_2020_v7.csv,32828
00006210,2020,9,LIMA,LIMA,SURQUILLO,MINSA,III-2,341,293,126,619,data\raw\Capacidad\ConsultaA_Recursos_Salud_2020_v7.csv,32863
00023159,2020,8,LIMA,LIMA,VILLA EL SALVADOR,MINSA,II-2,323,384,0,394,data\raw\Capacidad\ConsultaA_Recursos_Salud_2020_v7.csv,33269
00006216,2020,11,LIMA,LIMA,BREÑA,MINSA,III-2,371,364,53,624,data\raw\Capacidad\ConsultaA_Recursos_Salud_2020_v7.csv,33348
00006208,2020,11,LIMA,LIMA,LIMA,MINSA,III-2,397,215,49,348,data\raw\Capacidad\ConsultaA_Recursos_Salud_2020_v7.csv,33436
00016918,2020,10,LIMA,LIMA,SAN BORJA,MINSA,III-2,236,354,14,474,data\raw\Capacidad\ConsultaA_Recursos_Salud_2020_v7.csv,33604
00005987,2020,11,LIMA,LIMA,SAN JUAN DE MIRAFLORES,MINSA,III-1,373,359,111,384,data\raw\Capacidad\ConsultaA_Recursos_Salud_2020_v7.csv,33633
00006214,2020,11,LIMA,LIMA,MAGDALENA DEL MAR,MINSA,III-1,590,37,0,89,data\raw\Capacidad\ConsultaA_Recursos_Salud_2020_v7.csv,33653
00008671,2020,12,LIMA,LIMA,COMAS,ESSALUD,II-1,94,179,0,162,data\raw\Capacidad\ConsultaA_Recursos_Salud_2020_v7.csv,33667
00006217,2020,10,LIMA,LIMA,LIMA,MINSA,III-2,11,108,27,55,data\raw\Capacidad\ConsultaA_Recursos_Salud_2020_v7.csv,33800
00006215,2020,11,LIMA,LIMA,LIMA,MINSA,III-1,190,289,70,302,data\raw\Capacidad\ConsultaA_Recursos_Salud_2020_v7.csv,33822
00017024,2020,11,LIMA,LIMA,JESUS MARIA,SANIDAD DEL EJERCITO DEL PERU,III-1,595,127,65,393,data\raw\Capacidad\ConsultaA_Recursos_Salud_2020_v7.csv,33832
00005948,2020,11,LIMA,LIMA,SANTA ANITA,MINSA,III-1,211,70,22,77,data\raw\Capacidad\ConsultaA_Recursos_Salud_2020_v7.csv,33858
00010135,2020,11,LIMA,LIMA,LA MOLINA,ESSALUD,II-1,35,132,6,80,data\raw\Capacidad\ConsultaA_Recursos_Salud_2020_v7.csv,33876
00006212,2020,5,LIMA,LIMA,LA VICTORIA,MINSA,III-E,53,104,0,111,data\raw\Capacidad\ConsultaA_Recursos_Salud_2020_v7.csv,33954
00008741,2020,8,LIMA,LIMA,VILLA EL SALVADOR,ESSALUD,II-1,40,105,2,91,data\raw\Capacidad\ConsultaA_Recursos_Salud_2020_v7.csv,33959
00005883,2020,9,LIMA,LIMA,ATE,MINSA,II-1,51,81,0,66,data\raw\Capacidad\ConsultaA_Recursos_Salud_2020_v7.csv,33968
00008741,2020,11,LIMA,LIMA,VILLA EL SALVADOR,ESSALUD,II-1,39,104,2,90,data\raw\Capacidad\ConsultaA_Recursos_Salud_2020_v7.csv,34046
00006216,2020,10,LIMA,LIMA,BREÑA,MINSA,III-2,371,363,52,625,data\raw\Capacidad\ConsultaA_Recursos_Salud_2020_v7.csv,34217
00006206,2020,5,LIMA,LIMA,LIMA,MINSA,III-1,496,366,122,231,data\raw\Capacidad\ConsultaA_Recursos_Salud_2020_v7.csv,34579
00009251,2020,3,LIMA,LIMA,LA VICTORIA,ESSALUD,III-2,961,1238,427,1067,data\raw\Capacidad\ConsultaA_Recursos_Salud_2020_v7.csv,34589
00016918,2020,8,LIMA,LIMA,SAN BORJA,MINSA,III-2,236,318,14,474,data\raw\Capacidad\ConsultaA_Recursos_Salud_2020_v7.csv,34995
00016918,2020,7,LIMA,LIMA,SAN BORJA,MINSA,III-2,236,318,14,474,data\raw\Capacidad\ConsultaA_Recursos_Salud_2020_v7.csv,34996
00016918,2020,9,LIMA,LIMA,SAN BORJA,MINSA,III-2,236,326,14,474,data\raw\Capacidad\ConsultaA_Recursos_Salud_2020_v7.csv,35004
00008317,2020,10,LIMA,LIMA,SAN JUAN DE LURIGANCHO,ESSALUD,II-1,87,141,7,151,data\raw\Capacidad\ConsultaA_Recursos_Salud_2020_v7.csv,35021
00005948,2020,9,LIMA,LIMA,SANTA ANITA,MINSA,III-1,211,62,20,64,data\raw\Capacidad\ConsultaA_Recursos_Salud_2020_v7.csv,35024
00018011,2020,8,LIMA,LIMA,JESUS MARIA,ESSALUD,III-E,80,162,29,265,data\raw\Capacidad\ConsultaA_Recursos_Salud_2020_v7.csv,35100
00008564,2020,8,LIMA,LIMA,SAN MIGUEL,ESSALUD,II-1,859,380,0,345,data\raw\Capacidad\ConsultaA_Recursos_Salud_2020_v7.csv,35116
00014718,2020,12,LIMA,LIMA,SAN MIGUEL,SANIDAD DE LA POLICIA NACIONAL DEL PERU,II-E,28,26,6,30,data\raw\Capacidad\ConsultaA_Recursos_Salud_2020_v7.csv,35361
00016918,2020,3,LIMA,LIMA,SAN BORJA,MINSA,III-2,236,367,14,474,data\raw\Capacidad\ConsultaA_Recursos_Salud_2020_v7.csv,35514
00013591,2020,9,LIMA,LIMA,JESUS MARIA,SANIDAD DE LA POLICIA NACIONAL DEL PERU,III-1,411,308,74,326,data\raw\Capacidad\ConsultaA_Recursos_Salud_2020_v7.csv,35530
00006213,2020,9,LIMA,LIMA,MIRAFLORES,MINSA,III-E,71,111,31,141,data\raw\Capacidad\ConsultaA_Recursos_Salud_2020_v7.csv,35667
00006213,2020,8,LIMA,LIMA,MIRAFLORES,MINSA,III-E,71,95,31,137,data\raw\Capacidad\ConsultaA_Recursos_Salud_2020_v7.csv,35668
00005945,2020,12,LIMA,LIMA,ATE,MINSA,II-1,55,217,51,133,data\raw\Capacidad\ConsultaA_Recursos_Salud_2020_v7.csv,35756
00008502,2020,9,LIMA,LIMA,LIMA,ESSALUD,II-2,99,299,58,176,data\raw\Capacidad\ConsultaA_Recursos_Salud_2020_v7.csv,35764
00006206,2020,9,LIMA,LIMA,LIMA,MINSA,III-1,303,364,141,230,data\raw\Capacidad\ConsultaA_Recursos_Salud_2020_v7.csv,35769
00023159,2020,11,LIMA,LIMA,VILLA EL SALVADOR,MINSA,II-2,387,353,0,371,data\raw\Capacidad\ConsultaA_Recursos_Salud_2020_v7.csv,35967
00016094,2020,12,LIMA,LIMA,RIMAC,SANIDAD DE LA POLICIA NACIONAL DEL PERU,II-1,83,12,0,55,data\raw\Capacidad\ConsultaA_Recursos_Salud_2020_v7.csv,36007
00018011,2020,11,LIMA,LIMA,JESUS MARIA,ESSALUD,III-E,97,164,29,262,data\raw\Capacidad\ConsultaA_Recursos_Salud_2020_v7.csv,36075
00006212,2020,3,LIMA,LIMA,LA VICTORIA,MINSA,III-E,46,137,0,137,data\raw\Capacidad\ConsultaA_Recursos_Salud_2020_v7.csv,36077
00010098,2020,12,LIMA,LIMA,CHORRILLOS,SANIDAD DEL EJERCITO DEL PERU,II-E,21,40,0,60,data\raw\Capacidad\ConsultaA_Recursos_Salud_2020_v7.csv,36104
00006209,2020,12,LIMA,LIMA,LIMA,MINSA,III-2,118,93,30,114,data\raw\Capacidad\ConsultaA_Recursos_Salud_2020_v7.csv,36116
00007633,2020,9,LIMA,LIMA,SAN MARTIN DE PORRES,MINSA,III-1,390,439,235,518,data\raw\Capacidad\ConsultaA_Recursos_Salud_2020_v7.csv,36181
00006212,2020,7,LIMA,LIMA,LA VICTORIA,MINSA,III-E,48,114,0,117,data\raw\Capacidad\ConsultaA_Recursos_Salud_2020_v7.csv,36217
00007734,2020,7,LIMA,LIMA,CHORRILLOS,MINSA,III-2,9,117,44,17,data\raw\Capacidad\ConsultaA_Recursos_Salud_2020_v7.csv,36239
00023159,2020,9,LIMA,LIMA,VILLA EL SALVADOR,MINSA,II-2,398,381,0,389,data\raw\Capacidad\ConsultaA_Recursos_Salud_2020_v7.csv,36275
00008317,2020,9,LIMA,LIMA,SAN JUAN DE LURIGANCHO,ESSALUD,II-1,120,136,7,151,data\raw\Capacidad\ConsultaA_Recursos_Salud_2020_v7.csv,36277
00006211,2020,10,LIMA,LIMA,PUEBLO LIBRE,MINSA,III-1,102,268,34,245,data\raw\Capacidad\ConsultaA_Recursos_Salud_2020_v7.csv,36407
00010135,2020,10,LIMA,LIMA,LA MOLINA,ESSALUD,II-1,36,132,5,70,data\raw\Capacidad\ConsultaA_Recursos_Salud_2020_v7.csv,36653
00005945,2020,11,LIMA,LIMA,ATE,MINSA,II-1,55,217,51,133,data\raw\Capacidad\ConsultaA_Recursos_Salud_2020_v7.csv,36694
00005617,2020,12,LIMA,LIMA,SAN JUAN DE LURIGANCHO,MINSA,II-2,145,159,18,246,data\raw\Capacidad\ConsultaA_Recursos_Salud_2020_v7.csv,36788
00006212,2020,9,LIMA,LIMA,LA VICTORIA,MINSA,III-E,49,124,1,122,data\raw\Capacidad\ConsultaA_Recursos_Salud_2020_v7.csv,36899
00005946,2020,11,LIMA,LIMA,EL AGUSTINO,MINSA,III-1,525,442,145,634,data\raw\Capacidad\ConsultaA_Recursos_Salud_2020_v7.csv,37031
00006212,2020,10,LIMA,LIMA,LA VICTORIA,MINSA,III-E,48,123,1,122,data\raw\Capacidad\ConsultaA_Recursos_Salud_2020_v7.csv,37061
00007734,2020,4,LIMA,LIMA,CHORRILLOS,MINSA,III-2,48,118,44,17,data\raw\Capacidad\ConsultaA_Recursos_Salud_2020_v7.csv,37105
00010098,2020,11,LIMA,LIMA,CHORRILLOS,SANIDAD DEL EJERCITO DEL PERU,II-E,21,41,0,61,data\raw\Capacidad\ConsultaA_Recursos_Salud_2020_v7.csv,37201
00008671,2020,9,LIMA,LIMA,COMAS,ESSALUD,II-1,143,193,0,166,data\raw\Capacidad\ConsultaA_Recursos_Salud_2020_v7.csv,37215
00007633,2020,11,LIMA,LIMA,SAN MARTIN DE PORRES,MINSA,III-1,357,437,231,525,data\raw\Capacidad\ConsultaA_Recursos_Salud_2020_v7.csv,37246
00008318,2020,12,LIMA,LIMA,SANTA ANITA,ESSALUD,II-1,38,95,4,66,data\raw\Capacidad\ConsultaA_Recursos_Salud_2020_v7.csv,37302
00005883,2020,6,LIMA,LIMA,ATE,MINSA,II-1,57,75,0,66,data\raw\Capacidad\ConsultaA_Recursos_Salud_2020_v7.csv,37579
00008720,2020,12,LIMA,LIMA,JESUS MARIA,ESSALUD,III-2,1340,1991,505,2017,data\raw\Capacidad\ConsultaA_Recursos_Salud_2020_v7.csv,37688
00005883,2020,8,LIMA,LIMA,ATE,MINSA,II-1,59,79,0,64,data\raw\Capacidad\ConsultaA_Recursos_Salud_2020_v7.csv,37810
00008720,2020,10,LIMA,LIMA,JESUS MARIA,ESSALUD,III-2,1332,2017,505,1836,data\raw\Capacidad\ConsultaA_Recursos_Salud_2020_v7.csv,37843
00008502,2020,10,LIMA,LIMA,LIMA,ESSALUD,II-2,124,312,58,217,data\raw\Capacidad\ConsultaA_Recursos_Salud_2020_v7.csv,37856
00008353,2020,10,LIMA,LIMA,ATE,ESSALUD,II-1,50,117,19,100,data\raw\Capacidad\ConsultaA_Recursos_Salud_2020_v7.csv,37857
00010135,2020,3,LIMA,LIMA,LA MOLINA,ESSALUD,II-1,35,124,5,75,data\raw\Capacidad\ConsultaA_Recursos_Salud_2020_v7.csv,37958
00010135,2020,4,LIMA,LIMA,LA MOLINA,ESSALUD,II-1,37,116,5,61,data\raw\Capacidad\ConsultaA_Recursos_Salud_2020_v7.csv,37959
00005617,2020,10,LIMA,LIMA,SAN JUAN DE LURIGANCHO,MINSA,II-2,145,154,18,241,data\raw\Capacidad\ConsultaA_Recursos_Salud_2020_v7.csv,38142
00006207,2020,11,LIMA,LIMA,LIMA,MINSA,III-1,616,433,233,488,data\raw\Capacidad\ConsultaA_Recursos_Salud_2020_v7.csv,38187
00005883,2020,4,LIMA,LIMA,ATE,MINSA,II-1,51,76,0,91,data\raw\Capacidad\ConsultaA_Recursos_Salud_2020_v7.csv,38293
00005883,2020,10,LIMA,LIMA,ATE,MINSA,II-1,59,79,0,65,data\raw\Capacidad\ConsultaA_Recursos_Salud_2020_v7.csv,38309
00008741,2020,10,LIMA,LIMA,VILLA EL SALVADOR,ESSALUD,II-1,40,104,2,90,data\raw\Capacidad\ConsultaA_Recursos_Salud_2020_v7.csv,38311
00009251,2020,11,LIMA,LIMA,LA VICTORIA,ESSALUD,III-2,1263,1286,287,1361,data\raw\Capacidad\ConsultaA_Recursos_Salud_2020_v7.csv,38356
00023159,2020,12,LIMA,LIMA,VILLA EL SALVADOR,MINSA,II-2,387,327,0,371,data\raw\Capacidad\ConsultaA_Recursos_Salud_2020_v7.csv,38401
00010098,2020,10,LIMA,LIMA,CHORRILLOS,SANIDAD DEL EJERCITO DEL PERU,II-E,21,41,0,61,data\raw\Capacidad\ConsultaA_Recursos_Salud_2020_v7.csv,38488
00017024,2020,10,LIMA,LIMA,JESUS MARIA,SANIDAD DEL EJERCITO DEL PERU,III-1,595,139,65,393,data\raw\Capacidad\ConsultaA_Recursos_Salud_2020_v7.csv,38506
00005987,2020,7,LIMA,LIMA,SAN JUAN DE MIRAFLORES,MINSA,III-1,373,333,111,336,data\raw\Capacidad\ConsultaA_Recursos_Salud_2020_v7.csv,38694
00005987,2020,8,LIMA,LIMA,SAN JUAN DE MIRAFLORES,MINSA,III-1,373,342,111,352,data\raw\Capacidad\ConsultaA_Recursos_Salud_2020_v7.csv,38696
00005987,2020,9,LIMA,LIMA,SAN JUAN DE MIRAFLORES,MINSA,III-1,373,347,111,352,data\raw\Capacidad\ConsultaA_Recursos_Salud_2020_v7.csv,38706
00005987,2020,10,LIMA,LIMA,SAN JUAN DE MIRAFLORES,MINSA,III-1,373,356,111,385,data\raw\Capacidad\ConsultaA_Recursos_Salud_2020_v7.csv,38707
00008671,2020,10,LIMA,LIMA,COMAS,ESSALUD,II-1,116,185,0,165,data\raw\Capacidad\ConsultaA_Recursos_Salud_2020_v7.csv,38744
00006214,2020,6,LIMA,LIMA,MAGDALENA DEL MAR,MINSA,III-1,590,40,0,91,data\raw\Capacidad\ConsultaA_Recursos_Salud_2020_v7.csv,38768
00006213,2020,11,LIMA,LIMA,MIRAFLORES,MINSA,III-E,71,108,31,313,data\raw\Capacidad\ConsultaA_Recursos_Salud_2020_v7.csv,38791
00009188,2020,11,LIMA,LIMA,LIMA,ESSALUD,II-1,45,84,0,68,data\raw\Capacidad\ConsultaA_Recursos_Salud_2020_v7.csv,38793
00006208,2020,9,LIMA,LIMA,LIMA,MINSA,III-2,397,264,49,347,data\raw\Capacidad\ConsultaA_Recursos_Salud_2020_v7.csv,38846
00006217,2020,9,LIMA,LIMA,LIMA,MINSA,III-2,11,108,27,55,data\raw\Capacidad\ConsultaA_Recursos_Salud_2020_v7.csv,38989
00016094,2020,10,LIMA,LIMA,RIMAC,SANIDAD DE LA POLICIA NACIONAL DEL PERU,II-1,83,43,0,32,data\raw\Capacidad\ConsultaA_Recursos_Salud_2020_v7.csv,39016
00008353,2020,11,LIMA,LIMA,ATE,ESSALUD,II-1,50,117,19,100,data\raw\Capacidad\ConsultaA_Recursos_Salud_2020_v7.csv,39043
00007734,2020,3,LIMA,LIMA,CHORRILLOS,MINSA,III-2,44,118,44,17,data\raw\Capacidad\ConsultaA_Recursos_Salud_2020_v7.csv,39044
00005617,2020,11,LIMA,LIMA,SAN JUAN DE LURIGANCHO,MINSA,II-2,145,154,18,241,data\raw\Capacidad\ConsultaA_Recursos_Salud_2020_v7.csv,39074
00005883,2020,11,LIMA,LIMA,ATE,MINSA,II-1,59,79,0,61,data\raw\Capacidad\ConsultaA_Recursos_Salud_2020_v7.csv,39112
00012923,2020,12,LIMA,LIMA,PUENTE PIEDRA,SANIDAD DE LA POLICIA NACIONAL DEL PERU,I-2,144,4,0,2,data\raw\Capacidad\ConsultaA_Recursos_Salud_2020_v7.csv,39133
00008353,2020,12,LIMA,LIMA,ATE,ESSALUD,II-1,50,117,19,100,data\raw\Capacidad\ConsultaA_Recursos_Salud_2020_v7.csv,39152
00008489,2020,12,LIMA,LIMA,MIRAFLORES,ESSALUD,II-2,69,239,0,161,data\raw\Capacidad\ConsultaA_Recursos_Salud_2020_v7.csv,39164
00008502,2020,12,LIMA,LIMA,LIMA,ESSALUD,II-2,132,316,58,224,data\raw\Capacidad\ConsultaA_Recursos_Salud_2020_v7.csv,39171
00006214,2020,12,LIMA,LIMA,MAGDALENA DEL MAR,MINSA,III-1,590,37,0,92,data\raw\Capacidad\ConsultaA_Recursos_Salud_2020_v7.csv,39296
00006217,2020,12,LIMA,LIMA,LIMA,MINSA,III-2,11,108,27,55,data\raw\Capacidad\ConsultaA_Recursos_Salud_2020_v7.csv,39309
00009251,2020,12,LIMA,LIMA,LA VICTORIA,ESSALUD,III-2,1143,1257,286,1309,data\raw\Capacidad\ConsultaA_Recursos_Salud_2020_v7.csv,39340
00005947,2020,12,LIMA,LIMA,LURIGANCHO,MINSA,II-2,38,121,8,117,data\raw\Capacidad\ConsultaA_Recursos_Salud_2020_v7.csv,39344
00009251,2020,8,LIMA,LIMA,LA VICTORIA,ESSALUD,III-2,1290,1381,289,1355,data\raw\Capacidad\ConsultaA_Recursos_Salud_2020_v7.csv,39370
00006216,2020,12,LIMA,LIMA,BREÑA,MINSA,III-2,371,366,50,625,data\raw\Capacidad\ConsultaA_Recursos_Salud_2020_v7.csv,39378
00018011,2020,12,LIMA,LIMA,JESUS MARIA,ESSALUD,III-E,98,166,42,262,data\raw\Capacidad\ConsultaA_Recursos_Salud_2020_v7.csv,39397
00006209,2020,11,LIMA,LIMA,LIMA,MINSA,III-2,124,94,19,106,data\raw\Capacidad\ConsultaA_Recursos_Salud_2020_v7.csv,39432
00009188,2020,8,LIMA,LIMA,LIMA,ESSALUD,II-1,45,85,0,56,data\raw\Capacidad\ConsultaA_Recursos_Salud_2020_v7.csv,39477
00009251,2020,9,LIMA,LIMA,LA VICTORIA,ESSALUD,III-2,1289,1380,287,1372,data\raw\Capacidad\ConsultaA_Recursos_Salud_2020_v7.csv,39504
00009188,2020,10,LIMA,LIMA,LIMA,ESSALUD,II-1,45,85,0,56,data\raw\Capacidad\ConsultaA_Recursos_Salud_2020_v7.csv,39620
00010135,2020,12,LIMA,LIMA,LA MOLINA,ESSALUD,II-1,35,133,5,88,data\raw\Capacidad\ConsultaA_Recursos_Salud_2020_v7.csv,39655
00005883,2020,12,LIMA,LIMA,ATE,MINSA,II-1,59,80,0,71,data\raw\Capacidad\ConsultaA_Recursos_Salud_2020_v7.csv,39723
00007634,2020,12,LIMA,LIMA,COMAS,MINSA,III-1,347,211,114,241,data\raw\Capacidad\ConsultaA_Recursos_Salud_2020_v7.csv,39862
00007734,2020,9,LIMA,LIMA,CHORRILLOS,MINSA,III-2,48,137,44,39,data\raw\Capacidad\ConsultaA_Recursos_Salud_2020_v7.csv,39867
00007734,2020,10,LIMA,LIMA,CHORRILLOS,MINSA,III-2,48,137,44,39,data\raw\Capacidad\ConsultaA_Recursos_Salud_2020_v7.csv,39869
00008741,2020,12,LIMA,LIMA,VILLA EL SALVADOR,ESSALUD,II-1,32,101,2,90,data\raw\Capacidad\ConsultaA_Recursos_Salud_2020_v7.csv,39924
00006207,2020,12,LIMA,LIMA,LIMA,MINSA,III-1,616,416,223,480,data\raw\Capacidad\ConsultaA_Recursos_Salud_2020_v7.csv,39994
00008564,2020,12,LIMA,LIMA,SAN MIGUEL,ESSALUD,II-1,366,199,0,201,data\raw\Capacidad\ConsultaA_Recursos_Salud_2020_v7.csv,40002
00006215,2020,12,LIMA,LIMA,LIMA,MINSA,III-1,189,303,88,304,data\raw\Capacidad\ConsultaA_Recursos_Salud_2020_v7.csv,40028
00008741,2020,4,LIMA,LIMA,VILLA EL SALVADOR,ESSALUD,II-1,37,75,2,72,data\raw\Capacidad\ConsultaA_Recursos_Salud_2020_v7.csv,40182
00008741,2020,5,LIMA,LIMA,VILLA EL SALVADOR,ESSALUD,II-1,37,75,2,72,data\raw\Capacidad\ConsultaA_Recursos_Salud_2020_v7.csv,40183
00010434,2020,12,LIMA,LIMA,SANTA ANITA,ESSALUD,II-E,146,93,10,134,data\raw\Capacidad\ConsultaA_Recursos_Salud_2020_v7.csv,40206
00006206,2020,12,LIMA,LIMA,LIMA,MINSA,III-1,291,401,166,244,data\raw\Capacidad\ConsultaA_Recursos_Salud_2020_v7.csv,40299
00016918,2020,12,LIMA,LIMA,SAN BORJA,MINSA,III-2,236,341,12,474,data\raw\Capacidad\ConsultaA_Recursos_Salud_2020_v7.csv,40304
00006209,2020,6,LIMA,LIMA,LIMA,MINSA,III-2,97,75,20,77,data\raw\Capacidad\ConsultaA_Recursos_Salud_2020_v7.csv,40306
00006209,2020,10,LIMA,LIMA,LIMA,MINSA,III-2,105,92,19,111,data\raw\Capacidad\ConsultaA_Recursos_Salud_2020_v7.csv,40307
00007633,2020,12,LIMA,LIMA,SAN MARTIN DE PORRES,MINSA,III-1,376,434,231,525,data\raw\Capacidad\ConsultaA_Recursos_Salud_2020_v7.csv,40427
00005948,2020,12,LIMA,LIMA,SANTA ANITA,MINSA,III-1,211,70,22,77,data\raw\Capacidad\ConsultaA_Recursos_Salud_2020_v7.csv,40673
00006210,2020,12,LIMA,LIMA,SURQUILLO,MINSA,III-2,392,274,156,614,data\raw\Capacidad\ConsultaA_Recursos_Salud_2020_v7.csv,40724
00009188,2020,9,LIMA,LIMA,LIMA,ESSALUD,II-1,45,85,0,56,data\raw\Capacidad\ConsultaA_Recursos_Salud_2020_v7.csv,40736
00007632,2020,12,LIMA,LIMA,PUENTE PIEDRA,MINSA,II-2,NE_0002,NE_0002,NE_0002,NE_0002,data\raw\Capacidad\ConsultaA_Recursos_Salud_2020_v7.csv,40747
00009251,2020,10,LIMA,LIMA,LA VICTORIA,ESSALUD,III-2,1257,1377,287,1389,data\raw\Capacidad\ConsultaA_Recursos_Salud_2020_v7.csv,40767
00007734,2020,8,LIMA,LIMA,CHORRILLOS,MINSA,III-2,48,127,44,30,data\raw\Capacidad\ConsultaA_Recursos_Salud_2020_v7.csv,40830
00018011,2021,2,LIMA,LIMA,JESUS MARIA,ESSALUD,III-E,97,165,42,263,data\raw\Capacidad\ConsultaA_Recursos_Salud_2021_v19.csv,15
00008502,2021,3,LIMA,LIMA,LIMA,ESSALUD,II-2,146,356,90,265,data\raw\Capacidad\ConsultaA_Recursos_Salud_2021_v19.csv,53
00006209,2021,2,LIMA,LIMA,LIMA,MINSA,III-2,118,72,30,102,data\raw\Capacidad\ConsultaA_Recursos_Salud_2021_v19.csv,135
00010098,2021,1,LIMA,LIMA,CHORRILLOS,SANIDAD DEL EJERCITO DEL PERU,II-E,21,39,0,61,data\raw\Capacidad\ConsultaA_Recursos_Salud_2021_v19.csv,183
00023159,2021,2,LIMA,LIMA,VILLA EL SALVADOR,MINSA,II-2,325,368,0,383,data\raw\Capacidad\ConsultaA_Recursos_Salud_2021_v19.csv,275
00008671,2021,2,LIMA,LIMA,COMAS,ESSALUD,II-1,105,176,0,163,data\raw\Capacidad\ConsultaA_Recursos_Salud_2021_v19.csv,282
00018011,2021,3,LIMA,LIMA,JESUS MARIA,ESSALUD,III-E,100,164,42,262,data\raw\Capacidad\ConsultaA_Recursos_Salud_2021_v19.csv,520
00014718,2021,4,LIMA,LIMA,SAN MIGUEL,SANIDAD DE LA POLICIA NACIONAL DEL PERU,II-E,28,30,6,2,data\raw\Capacidad\ConsultaA_Recursos_Salud_2021_v19.csv,618
00006213,2021,2,LIMA,LIMA,MIRAFLORES,MINSA,III-E,71,111,31,313,data\raw\Capacidad\ConsultaA_Recursos_Salud_2021_v19.csv,763
00005947,2021,2,LIMA,LIMA,LURIGANCHO,MINSA,II-2,67,139,8,120,data\raw\Capacidad\ConsultaA_Recursos_Salud_2021_v19.csv,881
00007634,2021,1,LIMA,LIMA,COMAS,MINSA,III-1,347,211,114,241,data\raw\Capacidad\ConsultaA_Recursos_Salud_2021_v19.csv,922
00006212,2021,2,LIMA,LIMA,LA VICTORIA,MINSA,III-E,48,128,4,129,data\raw\Capacidad\ConsultaA_Recursos_Salud_2021_v19.csv,1105
00006217,2021,4,LIMA,LIMA,LIMA,MINSA,III-2,11,108,27,55,data\raw\Capacidad\ConsultaA_Recursos_Salud_2021_v19.csv,1114
00006206,2021,1,LIMA,LIMA,LIMA,MINSA,III-1,276,364,172,244,data\raw\Capacidad\ConsultaA_Recursos_Salud_2021_v19.csv,1239
00005948,2021,2,LIMA,LIMA,SANTA ANITA,MINSA,III-1,211,70,22,77,data\raw\Capacidad\ConsultaA_Recursos_Salud_2021_v19.csv,1244
00006215,2021,2,LIMA,LIMA,LIMA,MINSA,III-1,183,312,97,289,data\raw\Capacidad\ConsultaA_Recursos_Salud_2021_v19.csv,1245
00017024,2021,3,LIMA,LIMA,JESUS MARIA,SANIDAD DEL EJERCITO DEL PERU,III-1,595,130,65,393,data\raw\Capacidad\ConsultaA_Recursos_Salud_2021_v19.csv,1266
00005946,2021,1,LIMA,LIMA,EL AGUSTINO,MINSA,III-1,523,436,142,609,data\raw\Capacidad\ConsultaA_Recursos_Salud_2021_v19.csv,1301
00016094,2021,1,LIMA,LIMA,RIMAC,SANIDAD DE LA POLICIA NACIONAL DEL PERU,0,63,31,0,37,data\raw\Capacidad\ConsultaA_Recursos_Salud_2021_v19.csv,1307
00008720,2021,1,LIMA,LIMA,JESUS MARIA,ESSALUD,III-2,1376,1981,505,1997,data\raw\Capacidad\ConsultaA_Recursos_Salud_2021_v19.csv,1308
00008502,2021,2,LIMA,LIMA,LIMA,ESSALUD,II-2,145,356,90,255,data\raw\Capacidad\ConsultaA_Recursos_Salud_2021_v19.csv,1325
00008318,2021,1,LIMA,LIMA,SANTA ANITA,ESSALUD,II-1,38,95,5,66,data\raw\Capacidad\ConsultaA_Recursos_Salud_2021_v19.csv,1369
00006216,2021,2,LIMA,LIMA,BREÑA,MINSA,III-2,371,350,44,614,data\raw\Capacidad\ConsultaA_Recursos_Salud_2021_v19.csv,1401
00006216,2021,4,LIMA,LIMA,BREÑA,MINSA,III-2,371,350,81,612,data\raw\Capacidad\ConsultaA_Recursos_Salud_2021_v19.csv,1532
00007633,2021,2,LIMA,LIMA,SAN MARTIN DE PORRES,MINSA,III-1,428,490,330,545,data\raw\Capacidad\ConsultaA_Recursos_Salud_2021_v19.csv,1613
00008489,2021,3,LIMA,LIMA,MIRAFLORES,ESSALUD,II-2,64,269,0,219,data\raw\Capacidad\ConsultaA_Recursos_Salud_2021_v19.csv,1622
00016094,2021,4,LIMA,LIMA,RIMAC,SANIDAD DE LA POLICIA NACIONAL DEL PERU,0,63,35,0,55,data\raw\Capacidad\ConsultaA_Recursos_Salud_2021_v19.csv,1651
00008741,2021,4,LIMA,LIMA,VILLA EL SALVADOR,ESSALUD,II-1,53,107,3,87,data\raw\Capacidad\ConsultaA_Recursos_Salud_2021_v19.csv,1654
00005883,2021,4,LIMA,LIMA,ATE,MINSA,II-1,53,86,0,77,data\raw\Capacidad\ConsultaA_Recursos_Salud_2021_v19.csv,1676
00007634,2021,4,LIMA,LIMA,COMAS,MINSA,III-1,215,211,114,241,data\raw\Capacidad\ConsultaA_Recursos_Salud_2021_v19.csv,1687
00005948,2021,4,LIMA,LIMA,SANTA ANITA,MINSA,III-1,211,70,22,77,data\raw\Capacidad\ConsultaA_Recursos_Salud_2021_v19.csv,1700
00005945,2021,4,LIMA,LIMA,ATE,MINSA,II-1,55,217,51,133,data\raw\Capacidad\ConsultaA_Recursos_Salud_2021_v19.csv,1701
00018011,2021,4,LIMA,LIMA,JESUS MARIA,ESSALUD,III-E,108,167,41,260,data\raw\Capacidad\ConsultaA_Recursos_Salud_2021_v19.csv,1725
00006212,2021,3,LIMA,LIMA,LA VICTORIA,MINSA,III-E,48,146,4,129,data\raw\Capacidad\ConsultaA_Recursos_Salud_2021_v19.csv,1779
00006211,2021,4,LIMA,LIMA,PUEBLO LIBRE,MINSA,III-1,114,264,44,266,data\raw\Capacidad\ConsultaA_Recursos_Salud_2021_v19.csv,1790
00005617,2021,3,LIMA,LIMA,SAN JUAN DE LURIGANCHO,MINSA,II-2,145,188,22,274,data\raw\Capacidad\ConsultaA_Recursos_Salud_2021_v19.csv,1835
00006208,2021,3,LIMA,LIMA,LIMA,MINSA,III-2,397,206,74,336,data\raw\Capacidad\ConsultaA_Recursos_Salud_2021_v19.csv,1838
00005947,2021,1,LIMA,LIMA,LURIGANCHO,MINSA,II-2,67,139,8,120,data\raw\Capacidad\ConsultaA_Recursos_Salud_2021_v19.csv,2058
00008564,2021,2,LIMA,LIMA,SAN MIGUEL,ESSALUD,II-1,397,232,0,221,data\raw\Capacidad\ConsultaA_Recursos_Salud_2021_v19.csv,2070
00016094,2021,3,LIMA,LIMA,RIMAC,SANIDAD DE LA POLICIA NACIONAL DEL PERU,0,63,33,0,61,data\raw\Capacidad\ConsultaA_Recursos_Salud_2021_v19.csv,2264
00006215,2021,3,LIMA,LIMA,LIMA,MINSA,III-1,206,303,92,286,data\raw\Capacidad\ConsultaA_Recursos_Salud_2021_v19.csv,2272
00008318,2021,4,LIMA,LIMA,SANTA ANITA,ESSALUD,II-1,38,105,5,68,data\raw\Capacidad\ConsultaA_Recursos_Salud_2021_v19.csv,2281
00008741,2021,3,LIMA,LIMA,VILLA EL SALVADOR,ESSALUD,II-1,53,104,1,87,data\raw\Capacidad\ConsultaA_Recursos_Salud_2021_v19.csv,2345
00010434,2021,4,LIMA,LIMA,SANTA ANITA,ESSALUD,II-E,213,105,10,166,data\raw\Capacidad\ConsultaA_Recursos_Salud_2021_v19.csv,2419
00014718,2021,1,LIMA,LIMA,SAN MIGUEL,SANIDAD DE LA POLICIA NACIONAL DEL PERU,II-E,28,22,5,27,data\raw\Capacidad\ConsultaA_Recursos_Salud_2021_v19.csv,2426
00005987,2021,2,LIMA,LIMA,SAN JUAN DE MIRAFLORES,MINSA,III-1,397,309,174,420,data\raw\Capacidad\ConsultaA_Recursos_Salud_2021_v19.csv,2557
00006217,2021,2,LIMA,LIMA,LIMA,MINSA,III-2,11,108,27,55,data\raw\Capacidad\ConsultaA_Recursos_Salud_2021_v19.csv,2564
00005947,2021,3,LIMA,LIMA,LURIGANCHO,MINSA,II-2,67,139,8,120,data\raw\Capacidad\ConsultaA_Recursos_Salud_2021_v19.csv,2629
00006209,2021,4,LIMA,LIMA,LIMA,MINSA,III-2,119,91,30,98,data\raw\Capacidad\ConsultaA_Recursos_Salud_2021_v19.csv,2635
00008317,2021,4,LIMA,LIMA,SAN JUAN DE LURIGANCHO,ESSALUD,II-1,98,129,13,146,data\raw\Capacidad\ConsultaA_Recursos_Salud_2021_v19.csv,2640
00023159,2021,4,LIMA,LIMA,VILLA EL SALVADOR,MINSA,II-2,339,384,0,419,data\raw\Capacidad\ConsultaA_Recursos_Salud_2021_v19.csv,2741
00010135,2021,4,LIMA,LIMA,LA MOLINA,ESSALUD,II-1,36,162,5,117,data\raw\Capacidad\ConsultaA_Recursos_Salud_2021_v19.csv,2745
00013591,2021,1,LIMA,LIMA,JESUS MARIA,SANIDAD DE LA POLICIA NACIONAL DEL PERU,III-1,411,471,177,338,data\raw\Capacidad\ConsultaA_Recursos_Salud_2021_v19.csv,2758
00005883,2021,2,LIMA,LIMA,ATE,MINSA,II-1,53,80,0,72,data\raw\Capacidad\ConsultaA_Recursos_Salud_2021_v19.csv,2795
00008318,2021,2,LIMA,LIMA,SANTA ANITA,ESSALUD,II-1,38,105,4,68,data\raw\Capacidad\ConsultaA_Recursos_Salud_2021_v19.csv,2848
00008353,2021,4,LIMA,LIMA,ATE,ESSALUD,II-1,72,138,20,100,data\raw\Capacidad\ConsultaA_Recursos_Salud_2021_v19.csv,2971
00005617,2021,2,LIMA,LIMA,SAN JUAN DE LURIGANCHO,MINSA,II-2,145,87,22,274,data\raw\Capacidad\ConsultaA_Recursos_Salud_2021_v19.csv,3078
00012923,2021,4,LIMA,LIMA,PUENTE PIEDRA,SANIDAD DE LA POLICIA NACIONAL DEL PERU,I-2,144,2,0,3,data\raw\Capacidad\ConsultaA_Recursos_Salud_2021_v19.csv,3161
00012923,2021,1,LIMA,LIMA,PUENTE PIEDRA,SANIDAD DE LA POLICIA NACIONAL DEL PERU,I-2,144,3,0,1,data\raw\Capacidad\ConsultaA_Recursos_Salud_2021_v19.csv,3493
00007632,2021,1,LIMA,LIMA,PUENTE PIEDRA,MINSA,II-2,157,114,47,255,data\raw\Capacidad\ConsultaA_Recursos_Salud_2021_v19.csv,3499
00013591,2021,3,LIMA,LIMA,JESUS MARIA,SANIDAD DE LA POLICIA NACIONAL DEL PERU,III-1,411,471,177,338,data\raw\Capacidad\ConsultaA_Recursos_Salud_2021_v19.csv,3535
00013591,2021,4,LIMA,LIMA,JESUS MARIA,SANIDAD DE LA POLICIA NACIONAL DEL PERU,III-1,411,471,177,338,data\raw\Capacidad\ConsultaA_Recursos_Salud_2021_v19.csv,3540
00007733,2021,1,LIMA,LIMA,SAN MARTIN DE PORRES,MINSA,III-2,22,130,46,81,data\raw\Capacidad\ConsultaA_Recursos_Salud_2021_v19.csv,3678
00016918,2021,1,LIMA,LIMA,SAN BORJA,MINSA,III-2,236,361,30,474,data\raw\Capacidad\ConsultaA_Recursos_Salud_2021_v19.csv,3767
00007633,2021,1,LIMA,LIMA,SAN MARTIN DE PORRES,MINSA,III-1,385,4392,330,535,data\raw\Capacidad\ConsultaA_Recursos_Salud_2021_v19.csv,3768
00006211,2021,1,LIMA,LIMA,PUEBLO LIBRE,MINSA,III-1,106,265,44,271,data\raw\Capacidad\ConsultaA_Recursos_Salud_2021_v19.csv,3899
00008317,2021,2,LIMA,LIMA,SAN JUAN DE LURIGANCHO,ESSALUD,II-1,118,122,13,146,data\raw\Capacidad\ConsultaA_Recursos_Salud_2021_v19.csv,4047
00008741,2021,2,LIMA,LIMA,VILLA EL SALVADOR,ESSALUD,II-1,53,104,1,87,data\raw\Capacidad\ConsultaA_Recursos_Salud_2021_v19.csv,4179
00012923,2021,2,LIMA,LIMA,PUENTE PIEDRA,SANIDAD DE LA POLICIA NACIONAL DEL PERU,I-2,144,3,0,3,data\raw\Capacidad\ConsultaA_Recursos_Salud_2021_v19.csv,4591
00008489,2021,2,LIMA,LIMA,MIRAFLORES,ESSALUD,II-2,64,256,0,220,data\raw\Capacidad\ConsultaA_Recursos_Salud_2021_v19.csv,4709
00009188,2021,2,LIMA,LIMA,LIMA,ESSALUD,II-1,53,83,0,58,data\raw\Capacidad\ConsultaA_Recursos_Salud_2021_v19.csv,4894
00008564,2021,1,LIMA,LIMA,SAN MIGUEL,ESSALUD,II-1,356,204,0,202,data\raw\Capacidad\ConsultaA_Recursos_Salud_2021_v19.csv,4982
00016094,2021,2,LIMA,LIMA,RIMAC,SANIDAD DE LA POLICIA NACIONAL DEL PERU,0,63,25,0,56,data\raw\Capacidad\ConsultaA_Recursos_Salud_2021_v19.csv,5001
00008317,2021,1,LIMA,LIMA,SAN JUAN DE LURIGANCHO,ESSALUD,II-1,110,131,13,142,data\raw\Capacidad\ConsultaA_Recursos_Salud_2021_v19.csv,5029
00005617,2021,4,LIMA,LIMA,SAN JUAN DE LURIGANCHO,MINSA,II-2,145,187,22,274,data\raw\Capacidad\ConsultaA_Recursos_Salud_2021_v19.csv,5042
00005883,2021,3,LIMA,LIMA,ATE,MINSA,II-1,53,81,0,72,data\raw\Capacidad\ConsultaA_Recursos_Salud_2021_v19.csv,5184
00005945,2021,3,LIMA,LIMA,ATE,MINSA,II-1,55,217,51,133,data\raw\Capacidad\ConsultaA_Recursos_Salud_2021_v19.csv,5185
00008720,2021,4,LIMA,LIMA,JESUS MARIA,ESSALUD,III-2,1373,2078,505,2279,data\raw\Capacidad\ConsultaA_Recursos_Salud_2021_v19.csv,5200
00005987,2021,1,LIMA,LIMA,SAN JUAN DE MIRAFLORES,MINSA,III-1,373,320,177,347,data\raw\Capacidad\ConsultaA_Recursos_Salud_2021_v19.csv,5462
00005987,2021,3,LIMA,LIMA,SAN JUAN DE MIRAFLORES,MINSA,III-1,370,273,173,355,data\raw\Capacidad\ConsultaA_Recursos_Salud_2021_v19.csv,5598
00007734,2021,1,LIMA,LIMA,CHORRILLOS,MINSA,III-2,29,83,39,27,data\raw\Capacidad\ConsultaA_Recursos_Salud_2021_v19.csv,5734
00007633,2021,3,LIMA,LIMA,SAN MARTIN DE PORRES,MINSA,III-1,470,595,330,555,data\raw\Capacidad\ConsultaA_Recursos_Salud_2021_v19.csv,5751
00010434,2021,1,LIMA,LIMA,SANTA ANITA,ESSALUD,II-E,169,100,10,131,data\raw\Capacidad\ConsultaA_Recursos_Salud_2021_v19.csv,5797
00006208,2021,2,LIMA,LIMA,LIMA,MINSA,III-2,397,280,74,343,data\raw\Capacidad\ConsultaA_Recursos_Salud_2021_v19.csv,5857
00017024,2021,1,LIMA,LIMA,JESUS MARIA,SANIDAD DEL EJERCITO DEL PERU,III-1,595,127,65,393,data\raw\Capacidad\ConsultaA_Recursos_Salud_2021_v19.csv,5917
00006216,2021,3,LIMA,LIMA,BREÑA,MINSA,III-2,371,349,65,614,data\raw\Capacidad\ConsultaA_Recursos_Salud_2021_v19.csv,5981
00006211,2021,2,LIMA,LIMA,PUEBLO LIBRE,MINSA,III-1,106,265,44,271,data\raw\Capacidad\ConsultaA_Recursos_Salud_2021_v19.csv,6055
00014718,2021,2,LIMA,LIMA,SAN MIGUEL,SANIDAD DE LA POLICIA NACIONAL DEL PERU,II-E,28,23,6,30,data\raw\Capacidad\ConsultaA_Recursos_Salud_2021_v19.csv,6056
00010434,2021,2,LIMA,LIMA,SANTA ANITA,ESSALUD,II-E,202,99,10,156,data\raw\Capacidad\ConsultaA_Recursos_Salud_2021_v19.csv,6140
00008720,2021,2,LIMA,LIMA,JESUS MARIA,ESSALUD,III-2,1362,2087,505,2094,data\raw\Capacidad\ConsultaA_Recursos_Salud_2021_v19.csv,6142
00005883,2021,1,LIMA,LIMA,ATE,MINSA,II-1,60,79,0,68,data\raw\Capacidad\ConsultaA_Recursos_Salud_2021_v19.csv,6300
00008489,2021,1,LIMA,LIMA,MIRAFLORES,ESSALUD,II-2,69,253,0,169,data\raw\Capacidad\ConsultaA_Recursos_Salud_2021_v19.csv,6332
00005948,2021,1,LIMA,LIMA,SANTA ANITA,MINSA,III-1,211,70,22,77,data\raw\Capacidad\ConsultaA_Recursos_Salud_2021_v19.csv,6374
00010098,2021,2,LIMA,LIMA,CHORRILLOS,SANIDAD DEL EJERCITO DEL PERU,II-E,21,38,0,61,data\raw\Capacidad\ConsultaA_Recursos_Salud_2021_v19.csv,6484
00010434,2021,3,LIMA,LIMA,SANTA ANITA,ESSALUD,II-E,202,101,10,159,data\raw\Capacidad\ConsultaA_Recursos_Salud_2021_v19.csv,6507
00006212,2021,1,LIMA,LIMA,LA VICTORIA,MINSA,III-E,48,128,4,128,data\raw\Capacidad\ConsultaA_Recursos_Salud_2021_v19.csv,6667
00006206,2021,2,LIMA,LIMA,LIMA,MINSA,III-1,269,361,169,240,data\raw\Capacidad\ConsultaA_Recursos_Salud_2021_v19.csv,6696
00006206,2021,3,LIMA,LIMA,LIMA,MINSA,III-1,288,370,181,244,data\raw\Capacidad\ConsultaA_Recursos_Salud_2021_v19.csv,6754
00010135,2021,3,LIMA,LIMA,LA MOLINA,ESSALUD,II-1,36,163,5,111,data\raw\Capacidad\ConsultaA_Recursos_Salud_2021_v19.csv,6760
00006216,2021,1,LIMA,LIMA,BREÑA,MINSA,III-2,371,355,55,618,data\raw\Capacidad\ConsultaA_Recursos_Salud_2021_v19.csv,6837
00009188,2021,1,LIMA,LIMA,LIMA,ESSALUD,II-1,45,81,0,59,data\raw\Capacidad\ConsultaA_Recursos_Salud_2021_v19.csv,6838
00008502,2021,1,LIMA,LIMA,LIMA,ESSALUD,II-2,143,350,90,217,data\raw\Capacidad\ConsultaA_Recursos_Salud_2021_v19.csv,6839
00006215,2021,4,LIMA,LIMA,LIMA,MINSA,III-1,207,300,88,296,data\raw\Capacidad\ConsultaA_Recursos_Salud_2021_v19.csv,6869
00010135,2021,1,LIMA,LIMA,LA MOLINA,ESSALUD,II-1,36,161,5,88,data\raw\Capacidad\ConsultaA_Recursos_Salud_2021_v19.csv,6901
00017024,2021,2,LIMA,LIMA,JESUS MARIA,SANIDAD DEL EJERCITO DEL PERU,III-1,595,125,65,393,data\raw\Capacidad\ConsultaA_Recursos_Salud_2021_v19.csv,6912
00006210,2021,1,LIMA,LIMA,SURQUILLO,MINSA,III-2,392,275,157,617,data\raw\Capacidad\ConsultaA_Recursos_Salud_2021_v19.csv,7019
00006215,2021,1,LIMA,LIMA,LIMA,MINSA,III-1,189,310,98,293,data\raw\Capacidad\ConsultaA_Recursos_Salud_2021_v19.csv,7022
00008564,2021,3,LIMA,LIMA,SAN MIGUEL,ESSALUD,II-1,451,283,0,205,data\raw\Capacidad\ConsultaA_Recursos_Salud_2021_v19.csv,7258
00016918,2021,2,LIMA,LIMA,SAN BORJA,MINSA,III-2,236,372,30,474,data\raw\Capacidad\ConsultaA_Recursos_Salud_2021_v19.csv,7322
00006210,2021,2,LIMA,LIMA,SURQUILLO,MINSA,III-2,391,277,148,612,data\raw\Capacidad\ConsultaA_Recursos_Salud_2021_v19.csv,7332
00010135,2021,2,LIMA,LIMA,LA MOLINA,ESSALUD,II-1,36,176,5,98,data\raw\Capacidad\ConsultaA_Recursos_Salud_2021_v19.csv,7361
00005948,2021,3,LIMA,LIMA,SANTA ANITA,MINSA,III-1,211,70,22,77,data\raw\Capacidad\ConsultaA_Recursos_Salud_2021_v19.csv,7385
00008720,2021,3,LIMA,LIMA,JESUS MARIA,ESSALUD,III-2,1375,2084,505,2094,data\raw\Capacidad\ConsultaA_Recursos_Salud_2021_v19.csv,7519
00023159,2021,1,LIMA,LIMA,VILLA EL SALVADOR,MINSA,II-2,325,368,0,342,data\raw\Capacidad\ConsultaA_Recursos_Salud_2021_v19.csv,7747
00013591,2021,2,LIMA,LIMA,JESUS MARIA,SANIDAD DE LA POLICIA NACIONAL DEL PERU,III-1,411,471,177,338,data\raw\Capacidad\ConsultaA_Recursos_Salud_2021_v19.csv,7758
00007733,2021,3,LIMA,LIMA,SAN MARTIN DE PORRES,MINSA,III-2,22,129,46,80,data\raw\Capacidad\ConsultaA_Recursos_Salud_2021_v19.csv,7913
00008353,2021,1,LIMA,LIMA,ATE,ESSALUD,II-1,61,122,19,88,data\raw\Capacidad\ConsultaA_Recursos_Salud_2021_v19.csv,8004
00005617,2021,1,LIMA,LIMA,SAN JUAN DE LURIGANCHO,MINSA,II-2,145,87,22,274,data\raw\Capacidad\ConsultaA_Recursos_Salud_2021_v19.csv,8010
00006210,2021,3,LIMA,LIMA,SURQUILLO,MINSA,III-2,391,275,147,599,data\raw\Capacidad\ConsultaA_Recursos_Salud_2021_v19.csv,8214
00009251,2021,2,LIMA,LIMA,LA VICTORIA,ESSALUD,III-2,1397,1410,381,1344,data\raw\Capacidad\ConsultaA_Recursos_Salud_2021_v19.csv,8379
00008671,2021,4,LIMA,LIMA,COMAS,ESSALUD,II-1,109,190,0,176,data\raw\Capacidad\ConsultaA_Recursos_Salud_2021_v19.csv,8455
00006208,2021,1,LIMA,LIMA,LIMA,MINSA,III-2,383,209,74,344,data\raw\Capacidad\ConsultaA_Recursos_Salud_2021_v19.csv,8460
00018011,2021,1,LIMA,LIMA,JESUS MARIA,ESSALUD,III-E,95,166,42,264,data\raw\Capacidad\ConsultaA_Recursos_Salud_2021_v19.csv,8716
00009188,2021,3,LIMA,LIMA,LIMA,ESSALUD,II-1,51,83,0,58,data\raw\Capacidad\ConsultaA_Recursos_Salud_2021_v19.csv,8776
00009251,2021,1,LIMA,LIMA,LA VICTORIA,ESSALUD,III-2,1340,1339,374,1294,data\raw\Capacidad\ConsultaA_Recursos_Salud_2021_v19.csv,8795
00008741,2021,1,LIMA,LIMA,VILLA EL SALVADOR,ESSALUD,II-1,53,104,1,90,data\raw\Capacidad\ConsultaA_Recursos_Salud_2021_v19.csv,8903
00006213,2021,1,LIMA,LIMA,MIRAFLORES,MINSA,III-E,71,115,31,313,data\raw\Capacidad\ConsultaA_Recursos_Salud_2021_v19.csv,8950
00007634,2021,2,LIMA,LIMA,COMAS,MINSA,III-1,347,211,114,241,data\raw\Capacidad\ConsultaA_Recursos_Salud_2021_v19.csv,8980
00006209,2021,1,LIMA,LIMA,LIMA,MINSA,III-2,118,72,30,110,data\raw\Capacidad\ConsultaA_Recursos_Salud_2021_v19.csv,9161
00005945,2021,1,LIMA,LIMA,ATE,MINSA,II-1,55,217,51,133,data\raw\Capacidad\ConsultaA_Recursos_Salud_2021_v19.csv,9164
00012923,2021,3,LIMA,LIMA,PUENTE PIEDRA,SANIDAD DE LA POLICIA NACIONAL DEL PERU,I-2,144,1,0,3,data\raw\Capacidad\ConsultaA_Recursos_Salud_2021_v19.csv,9191
00008353,2021,3,LIMA,LIMA,ATE,ESSALUD,II-1,61,138,20,100,data\raw\Capacidad\ConsultaA_Recursos_Salud_2021_v19.csv,9210
00006209,2021,3,LIMA,LIMA,LIMA,MINSA,III-2,119,87,30,100,data\raw\Capacidad\ConsultaA_Recursos_Salud_2021_v19.csv,9283
00006217,2021,1,LIMA,LIMA,LIMA,MINSA,III-2,11,108,27,55,data\raw\Capacidad\ConsultaA_Recursos_Salud_2021_v19.csv,9352
00005946,2021,3,LIMA,LIMA,EL AGUSTINO,MINSA,III-1,690,439,204,652,data\raw\Capacidad\ConsultaA_Recursos_Salud_2021_v19.csv,9414
00007733,2021,2,LIMA,LIMA,SAN MARTIN DE PORRES,MINSA,III-2,22,129,46,77,data\raw\Capacidad\ConsultaA_Recursos_Salud_2021_v19.csv,9564
00014718,2021,3,LIMA,LIMA,SAN MIGUEL,SANIDAD DE LA POLICIA NACIONAL DEL PERU,II-E,28,28,6,30,data\raw\Capacidad\ConsultaA_Recursos_Salud_2021_v19.csv,9577
00009251,2021,3,LIMA,LIMA,LA VICTORIA,ESSALUD,III-2,1265,1416,386,1392,data\raw\Capacidad\ConsultaA_Recursos_Salud_2021_v19.csv,9678
00006217,2021,3,LIMA,LIMA,LIMA,MINSA,III-2,11,108,27,55,data\raw\Capacidad\ConsultaA_Recursos_Salud_2021_v19.csv,9703
00008318,2021,3,LIMA,LIMA,SANTA ANITA,ESSALUD,II-1,38,105,5,68,data\raw\Capacidad\ConsultaA_Recursos_Salud_2021_v19.csv,9923
00008353,2021,2,LIMA,LIMA,ATE,ESSALUD,II-1,68,138,20,100,data\raw\Capacidad\ConsultaA_Recursos_Salud_2021_v19.csv,10054
00008317,2021,3,LIMA,LIMA,SAN JUAN DE LURIGANCHO,ESSALUD,II-1,98,125,13,146,data\raw\Capacidad\ConsultaA_Recursos_Salud_2021_v19.csv,10063
00006211,2021,3,LIMA,LIMA,PUEBLO LIBRE,MINSA,III-1,106,210,44,269,data\raw\Capacidad\ConsultaA_Recursos_Salud_2021_v19.csv,10158
00016918,2021,3,LIMA,LIMA,SAN BORJA,MINSA,III-2,236,393,51,474,data\raw\Capacidad\ConsultaA_Recursos_Salud_2021_v19.csv,10160
00023159,2021,3,LIMA,LIMA,VILLA EL SALVADOR,MINSA,II-2,339,384,0,419,data\raw\Capacidad\ConsultaA_Recursos_Salud_2021_v19.csv,10167
00007634,2021,3,LIMA,LIMA,COMAS,MINSA,III-1,215,211,114,241,data\raw\Capacidad\ConsultaA_Recursos_Salud_2021_v19.csv,10172
00007734,2021,2,LIMA,LIMA,CHORRILLOS,MINSA,III-2,29,82,39,27,data\raw\Capacidad\ConsultaA_Recursos_Salud_2021_v19.csv,10182
00005946,2021,2,LIMA,LIMA,EL AGUSTINO,MINSA,III-1,540,433,205,611,data\raw\Capacidad\ConsultaA_Recursos_Salud_2021_v19.csv,10221
00008671,2021,3,LIMA,LIMA,COMAS,ESSALUD,II-1,109,194,0,177,data\raw\Capacidad\ConsultaA_Recursos_Salud_2021_v19.csv,10274
00010098,2021,3,LIMA,LIMA,CHORRILLOS,SANIDAD DEL EJERCITO DEL PERU,II-E,21,41,0,61,data\raw\Capacidad\ConsultaA_Recursos_Salud_2021_v19.csv,10277
00008671,2021,1,LIMA,LIMA,COMAS,ESSALUD,II-1,106,174,0,163,data\raw\Capacidad\ConsultaA_Recursos_Salud_2021_v19.csv,10314
00016918,2021,5,LIMA,LIMA,SAN BORJA,MINSA,III-2,236,441,75,474,data\raw\Capacidad\ConsultaA_Recursos_Salud_2021_v19.csv,10456
00006209,2021,5,LIMA,LIMA,LIMA,MINSA,III-2,118,90,30,97,data\raw\Capacidad\ConsultaA_Recursos_Salud_2021_v19.csv,10461
00005947,2021,5,LIMA,LIMA,LURIGANCHO,MINSA,II-2,67,139,8,120,data\raw\Capacidad\ConsultaA_Recursos_Salud_2021_v19.csv,10474
00005987,2021,5,LIMA,LIMA,SAN JUAN DE MIRAFLORES,MINSA,III-1,363,272,148,420,data\raw\Capacidad\ConsultaA_Recursos_Salud_2021_v19.csv,10483
00005946,2021,6,LIMA,LIMA,EL AGUSTINO,MINSA,III-1,567,448,155,659,data\raw\Capacidad\ConsultaA_Recursos_Salud_2021_v19.csv,10519
00006212,2021,6,LIMA,LIMA,LA VICTORIA,MINSA,III-E,46,130,3,130,data\raw\Capacidad\ConsultaA_Recursos_Salud_2021_v19.csv,10542
00006206,2021,6,LIMA,LIMA,LIMA,MINSA,III-1,323,335,176,246,data\raw\Capacidad\ConsultaA_Recursos_Salud_2021_v19.csv,10599
00006208,2021,4,LIMA,LIMA,LIMA,MINSA,III-2,397,206,74,336,data\raw\Capacidad\ConsultaA_Recursos_Salud_2021_v19.csv,10645
00006208,2021,6,LIMA,LIMA,LIMA,MINSA,III-2,397,269,70,340,data\raw\Capacidad\ConsultaA_Recursos_Salud_2021_v19.csv,10689
00007734,2021,4,LIMA,LIMA,CHORRILLOS,MINSA,III-2,29,79,29,26,data\raw\Capacidad\ConsultaA_Recursos_Salud_2021_v19.csv,10746
00017024,2021,4,LIMA,LIMA,JESUS MARIA,SANIDAD DEL EJERCITO DEL PERU,III-1,595,133,65,393,data\raw\Capacidad\ConsultaA_Recursos_Salud_2021_v19.csv,10851
00008502,2021,6,LIMA,LIMA,LIMA,ESSALUD,II-2,145,345,89,315,data\raw\Capacidad\ConsultaA_Recursos_Salud_2021_v19.csv,10933
00005946,2021,7,LIMA,LIMA,EL AGUSTINO,MINSA,III-1,492,464,155,659,data\raw\Capacidad\ConsultaA_Recursos_Salud_2021_v19.csv,10947
00006211,2021,5,LIMA,LIMA,PUEBLO LIBRE,MINSA,III-1,116,261,44,270,data\raw\Capacidad\ConsultaA_Recursos_Salud_2021_v19.csv,10962
00005948,2021,6,LIMA,LIMA,SANTA ANITA,MINSA,III-1,211,82,38,81,data\raw\Capacidad\ConsultaA_Recursos_Salud_2021_v19.csv,11004
00007733,2021,7,LIMA,LIMA,SAN MARTIN DE PORRES,MINSA,III-2,26,125,46,76,data\raw\Capacidad\ConsultaA_Recursos_Salud_2021_v19.csv,11049
00017024,2021,7,LIMA,LIMA,JESUS MARIA,SANIDAD DEL EJERCITO DEL PERU,III-1,595,136,65,393,data\raw\Capacidad\ConsultaA_Recursos_Salud_2021_v19.csv,11050
00008317,2021,7,LIMA,LIMA,SAN JUAN DE LURIGANCHO,ESSALUD,II-1,108,142,13,146,data\raw\Capacidad\ConsultaA_Recursos_Salud_2021_v19.csv,11051
00006213,2021,6,LIMA,LIMA,MIRAFLORES,MINSA,III-E,71,110,31,312,data\raw\Capacidad\ConsultaA_Recursos_Salud_2021_v19.csv,11252
00007634,2021,7,LIMA,LIMA,COMAS,MINSA,III-1,215,211,114,241,data\raw\Capacidad\ConsultaA_Recursos_Salud_2021_v19.csv,11329
00008741,2021,6,LIMA,LIMA,VILLA EL SALVADOR,ESSALUD,II-1,45,103,3,97,data\raw\Capacidad\ConsultaA_Recursos_Salud_2021_v19.csv,11393
00012923,2021,5,LIMA,LIMA,PUENTE PIEDRA,SANIDAD DE LA POLICIA NACIONAL DEL PERU,I-2,144,2,0,2,data\raw\Capacidad\ConsultaA_Recursos_Salud_2021_v19.csv,11988
00008502,2021,5,LIMA,LIMA,LIMA,ESSALUD,II-2,149,346,89,318,data\raw\Capacidad\ConsultaA_Recursos_Salud_2021_v19.csv,12020
00023159,2021,5,LIMA,LIMA,VILLA EL SALVADOR,MINSA,II-2,298,375,0,399,data\raw\Capacidad\ConsultaA_Recursos_Salud_2021_v19.csv,12074
00008720,2021,6,LIMA,LIMA,JESUS MARIA,ESSALUD,III-2,1411,2093,505,2286,data\raw\Capacidad\ConsultaA_Recursos_Salud_2021_v19.csv,12228
00008318,2021,7,LIMA,LIMA,SANTA ANITA,ESSALUD,II-1,38,103,5,68,data\raw\Capacidad\ConsultaA_Recursos_Salud_2021_v19.csv,12234
00006217,2021,7,LIMA,LIMA,LIMA,MINSA,III-2,11,108,27,55,data\raw\Capacidad\ConsultaA_Recursos_Salud_2021_v19.csv,12254
00005883,2021,5,LIMA,LIMA,ATE,MINSA,II-1,60,84,0,70,data\raw\Capacidad\ConsultaA_Recursos_Salud_2021_v19.csv,12295
00018011,2021,5,LIMA,LIMA,JESUS MARIA,ESSALUD,III-E,106,180,41,286,data\raw\Capacidad\ConsultaA_Recursos_Salud_2021_v19.csv,12307
00010751,2021,4,LIMA,LIMA,MIRAFLORES,SANIDAD DE LA FUERZA AEREA DEL PERU,III-1,242,251,20,251,data\raw\Capacidad\ConsultaA_Recursos_Salud_2021_v19.csv,12345
00016094,2021,6,LIMA,LIMA,RIMAC,SANIDAD DE LA POLICIA NACIONAL DEL PERU,0,63,19,0,49,data\raw\Capacidad\ConsultaA_Recursos_Salud_2021_v19.csv,12393
00007632,2021,6,LIMA,LIMA,PUENTE PIEDRA,MINSA,II-2,157,113,47,255,data\raw\Capacidad\ConsultaA_Recursos_Salud_2021_v19.csv,12395
00007734,2021,6,LIMA,LIMA,CHORRILLOS,MINSA,III-2,21,76,45,27,data\raw\Capacidad\ConsultaA_Recursos_Salud_2021_v19.csv,12447
00023159,2021,6,LIMA,LIMA,VILLA EL SALVADOR,MINSA,II-2,296,361,0,451,data\raw\Capacidad\ConsultaA_Recursos_Salud_2021_v19.csv,12455
00008489,2021,6,LIMA,LIMA,MIRAFLORES,ESSALUD,II-2,71,292,0,171,data\raw\Capacidad\ConsultaA_Recursos_Salud_2021_v19.csv,12491
00010434,2021,5,LIMA,LIMA,SANTA ANITA,ESSALUD,II-E,213,118,14,232,data\raw\Capacidad\ConsultaA_Recursos_Salud_2021_v19.csv,12645
00017024,2021,5,LIMA,LIMA,JESUS MARIA,SANIDAD DEL EJERCITO DEL PERU,III-1,595,130,65,393,data\raw\Capacidad\ConsultaA_Recursos_Salud_2021_v19.csv,12691
00006211,2021,7,LIMA,LIMA,PUEBLO LIBRE,MINSA,III-1,116,264,44,272,data\raw\Capacidad\ConsultaA_Recursos_Salud_2021_v19.csv,12732
00007734,2021,7,LIMA,LIMA,CHORRILLOS,MINSA,III-2,23,120,45,26,data\raw\Capacidad\ConsultaA_Recursos_Salud_2021_v19.csv,12746
00005617,2021,7,LIMA,LIMA,SAN JUAN DE LURIGANCHO,MINSA,II-2,145,196,22,252,data\raw\Capacidad\ConsultaA_Recursos_Salud_2021_v19.csv,12748
00006206,2021,7,LIMA,LIMA,LIMA,MINSA,III-1,363,339,199,238,data\raw\Capacidad\ConsultaA_Recursos_Salud_2021_v19.csv,12775
00005947,2021,7,LIMA,LIMA,LURIGANCHO,MINSA,II-2,67,114,0,94,data\raw\Capacidad\ConsultaA_Recursos_Salud_2021_v19.csv,12868
00006213,2021,3,LIMA,LIMA,MIRAFLORES,MINSA,III-E,71,110,31,313,data\raw\Capacidad\ConsultaA_Recursos_Salud_2021_v19.csv,12882
00016094,2021,5,LIMA,LIMA,RIMAC,SANIDAD DE LA POLICIA NACIONAL DEL PERU,0,63,31,0,46,data\raw\Capacidad\ConsultaA_Recursos_Salud_2021_v19.csv,12989
00007634,2021,5,LIMA,LIMA,COMAS,MINSA,III-1,215,211,114,241,data\raw\Capacidad\ConsultaA_Recursos_Salud_2021_v19.csv,13027
00006217,2021,6,LIMA,LIMA,LIMA,MINSA,III-2,11,108,27,55,data\raw\Capacidad\ConsultaA_Recursos_Salud_2021_v19.csv,13231
00008489,2021,7,LIMA,LIMA,MIRAFLORES,ESSALUD,II-2,71,294,0,175,data\raw\Capacidad\ConsultaA_Recursos_Salud_2021_v19.csv,13472
00010098,2021,6,LIMA,LIMA,CHORRILLOS,SANIDAD DEL EJERCITO DEL PERU,II-E,21,42,0,61,data\raw\Capacidad\ConsultaA_Recursos_Salud_2021_v19.csv,13778
00010098,2021,4,LIMA,LIMA,CHORRILLOS,SANIDAD DEL EJERCITO DEL PERU,II-E,21,40,0,61,data\raw\Capacidad\ConsultaA_Recursos_Salud_2021_v19.csv,13779
00008671,2021,7,LIMA,LIMA,COMAS,ESSALUD,II-1,114,181,0,173,data\raw\Capacidad\ConsultaA_Recursos_Salud_2021_v19.csv,13879
00010751,2021,5,LIMA,LIMA,MIRAFLORES,SANIDAD DE LA FUERZA AEREA DEL PERU,III-1,242,251,19,251,data\raw\Capacidad\ConsultaA_Recursos_Salud_2021_v19.csv,14011
00005987,2021,4,LIMA,LIMA,SAN JUAN DE MIRAFLORES,MINSA,III-1,363,261,169,362,data\raw\Capacidad\ConsultaA_Recursos_Salud_2021_v19.csv,14082
00005945,2021,5,LIMA,LIMA,ATE,MINSA,II-1,55,217,51,133,data\raw\Capacidad\ConsultaA_Recursos_Salud_2021_v19.csv,14170
00006207,2021,5,LIMA,LIMA,LIMA,MINSA,III-1,624,412,210,500,data\raw\Capacidad\ConsultaA_Recursos_Salud_2021_v19.csv,14171
00006213,2021,7,LIMA,LIMA,MIRAFLORES,MINSA,III-E,71,125,31,321,data\raw\Capacidad\ConsultaA_Recursos_Salud_2021_v19.csv,14228
00005617,2021,5,LIMA,LIMA,SAN JUAN DE LURIGANCHO,MINSA,II-2,145,194,22,274,data\raw\Capacidad\ConsultaA_Recursos_Salud_2021_v19.csv,14336
00008671,2021,5,LIMA,LIMA,COMAS,ESSALUD,II-1,111,185,0,172,data\raw\Capacidad\ConsultaA_Recursos_Salud_2021_v19.csv,14596
00008317,2021,5,LIMA,LIMA,SAN JUAN DE LURIGANCHO,ESSALUD,II-1,108,126,13,146,data\raw\Capacidad\ConsultaA_Recursos_Salud_2021_v19.csv,14809
00012923,2021,6,LIMA,LIMA,PUENTE PIEDRA,SANIDAD DE LA POLICIA NACIONAL DEL PERU,I-2,2,2,0,2,data\raw\Capacidad\ConsultaA_Recursos_Salud_2021_v19.csv,14833
00008318,2021,6,LIMA,LIMA,SANTA ANITA,ESSALUD,II-1,38,105,5,68,data\raw\Capacidad\ConsultaA_Recursos_Salud_2021_v19.csv,14852
00007632,2021,8,LIMA,LIMA,PUENTE PIEDRA,MINSA,II-2,157,116,56,265,data\raw\Capacidad\ConsultaA_Recursos_Salud_2021_v19.csv,15065
00008671,2021,8,LIMA,LIMA,COMAS,ESSALUD,II-1,114,182,0,172,data\raw\Capacidad\ConsultaA_Recursos_Salud_2021_v19.csv,15092
00005946,2021,5,LIMA,LIMA,EL AGUSTINO,MINSA,III-1,613,454,204,668,data\raw\Capacidad\ConsultaA_Recursos_Salud_2021_v19.csv,15252
00013591,2021,6,LIMA,LIMA,JESUS MARIA,SANIDAD DE LA POLICIA NACIONAL DEL PERU,III-1,411,321,206,327,data\raw\Capacidad\ConsultaA_Recursos_Salud_2021_v19.csv,15274
00009251,2021,4,LIMA,LIMA,LA VICTORIA,ESSALUD,III-2,1265,1416,386,1372,data\raw\Capacidad\ConsultaA_Recursos_Salud_2021_v19.csv,15293
00016918,2021,7,LIMA,LIMA,SAN BORJA,MINSA,III-2,236,404,52,474,data\raw\Capacidad\ConsultaA_Recursos_Salud_2021_v19.csv,15339
00006215,2021,6,LIMA,LIMA,LIMA,MINSA,III-1,209,300,89,281,data\raw\Capacidad\ConsultaA_Recursos_Salud_2021_v19.csv,15510
00010434,2021,7,LIMA,LIMA,SANTA ANITA,ESSALUD,II-E,250,99,14,234,data\raw\Capacidad\ConsultaA_Recursos_Salud_2021_v19.csv,15600
00014718,2021,7,LIMA,LIMA,SAN MIGUEL,SANIDAD DE LA POLICIA NACIONAL DEL PERU,II-E,28,23,4,28,data\raw\Capacidad\ConsultaA_Recursos_Salud_2021_v19.csv,15688
00010135,2021,5,LIMA,LIMA,LA MOLINA,ESSALUD,II-1,36,170,5,93,data\raw\Capacidad\ConsultaA_Recursos_Salud_2021_v19.csv,15716
00008353,2021,5,LIMA,LIMA,ATE,ESSALUD,II-1,66,129,20,110,data\raw\Capacidad\ConsultaA_Recursos_Salud_2021_v19.csv,15739
00006216,2021,7,LIMA,LIMA,BREÑA,MINSA,III-2,371,357,49,619,data\raw\Capacidad\ConsultaA_Recursos_Salud_2021_v19.csv,15784
00008741,2021,7,LIMA,LIMA,VILLA EL SALVADOR,ESSALUD,II-1,69,103,3,97,data\raw\Capacidad\ConsultaA_Recursos_Salud_2021_v19.csv,15792
00008671,2021,6,LIMA,LIMA,COMAS,ESSALUD,II-1,114,181,0,173,data\raw\Capacidad\ConsultaA_Recursos_Salud_2021_v19.csv,15858
00005945,2021,6,LIMA,LIMA,ATE,MINSA,II-1,55,217,51,133,data\raw\Capacidad\ConsultaA_Recursos_Salud_2021_v19.csv,15861
00012923,2021,8,LIMA,LIMA,PUENTE PIEDRA,SANIDAD DE LA POLICIA NACIONAL DEL PERU,I-2,0,3,0,4,data\raw\Capacidad\ConsultaA_Recursos_Salud_2021_v19.csv,15905
00016918,2021,4,LIMA,LIMA,SAN BORJA,MINSA,III-2,236,399,59,474,data\raw\Capacidad\ConsultaA_Recursos_Salud_2021_v19.csv,15926
00009188,2021,4,LIMA,LIMA,LIMA,ESSALUD,II-1,66,78,0,51,data\raw\Capacidad\ConsultaA_Recursos_Salud_2021_v19.csv,15929
00008564,2021,4,LIMA,LIMA,SAN MIGUEL,ESSALUD,II-1,540,303,0,275,data\raw\Capacidad\ConsultaA_Recursos_Salud_2021_v19.csv,15938
00008489,2021,4,LIMA,LIMA,MIRAFLORES,ESSALUD,II-2,68,279,0,187,data\raw\Capacidad\ConsultaA_Recursos_Salud_2021_v19.csv,15939
00008353,2021,6,LIMA,LIMA,ATE,ESSALUD,II-1,53,129,20,109,data\raw\Capacidad\ConsultaA_Recursos_Salud_2021_v19.csv,16033
00006216,2021,5,LIMA,LIMA,BREÑA,MINSA,III-2,371,350,55,613,data\raw\Capacidad\ConsultaA_Recursos_Salud_2021_v19.csv,16216
00006213,2021,4,LIMA,LIMA,MIRAFLORES,MINSA,III-E,71,110,31,313,data\raw\Capacidad\ConsultaA_Recursos_Salud_2021_v19.csv,16218
00014718,2021,8,LIMA,LIMA,SAN MIGUEL,SANIDAD DE LA POLICIA NACIONAL DEL PERU,II-E,23,23,2,28,data\raw\Capacidad\ConsultaA_Recursos_Salud_2021_v19.csv,16265
00010098,2021,7,LIMA,LIMA,CHORRILLOS,SANIDAD DEL EJERCITO DEL PERU,II-E,21,39,0,60,data\raw\Capacidad\ConsultaA_Recursos_Salud_2021_v19.csv,16406
00008564,2021,5,LIMA,LIMA,SAN MIGUEL,ESSALUD,II-1,541,294,0,299,data\raw\Capacidad\ConsultaA_Recursos_Salud_2021_v19.csv,16565
00005947,2021,6,LIMA,LIMA,LURIGANCHO,MINSA,II-2,67,139,8,120,data\raw\Capacidad\ConsultaA_Recursos_Salud_2021_v19.csv,16597
00017024,2021,6,LIMA,LIMA,JESUS MARIA,SANIDAD DEL EJERCITO DEL PERU,III-1,595,133,65,393,data\raw\Capacidad\ConsultaA_Recursos_Salud_2021_v19.csv,16601
00007633,2021,5,LIMA,LIMA,SAN MARTIN DE PORRES,MINSA,III-1,416,496,326,566,data\raw\Capacidad\ConsultaA_Recursos_Salud_2021_v19.csv,16627
00005617,2021,6,LIMA,LIMA,SAN JUAN DE LURIGANCHO,MINSA,II-2,145,196,22,223,data\raw\Capacidad\ConsultaA_Recursos_Salud_2021_v19.csv,16671
00005987,2021,6,LIMA,LIMA,SAN JUAN DE MIRAFLORES,MINSA,III-1,408,266,166,369,data\raw\Capacidad\ConsultaA_Recursos_Salud_2021_v19.csv,16681
00009188,2021,8,LIMA,LIMA,LIMA,ESSALUD,II-1,76,106,0,114,data\raw\Capacidad\ConsultaA_Recursos_Salud_2021_v19.csv,16735
00005883,2021,8,LIMA,LIMA,ATE,MINSA,II-1,56,79,0,77,data\raw\Capacidad\ConsultaA_Recursos_Salud_2021_v19.csv,16779
00009251,2021,6,LIMA,LIMA,LA VICTORIA,ESSALUD,III-2,996,1406,385,1384,data\raw\Capacidad\ConsultaA_Recursos_Salud_2021_v19.csv,16850
00008489,2021,5,LIMA,LIMA,MIRAFLORES,ESSALUD,II-2,69,295,0,175,data\raw\Capacidad\ConsultaA_Recursos_Salud_2021_v19.csv,17064
00008318,2021,5,LIMA,LIMA,SANTA ANITA,ESSALUD,II-1,38,105,4,68,data\raw\Capacidad\ConsultaA_Recursos_Salud_2021_v19.csv,17112
00006211,2021,8,LIMA,LIMA,PUEBLO LIBRE,MINSA,III-1,134,263,46,277,data\raw\Capacidad\ConsultaA_Recursos_Salud_2021_v19.csv,17190
00006207,2021,6,LIMA,LIMA,LIMA,MINSA,III-1,602,415,192,476,data\raw\Capacidad\ConsultaA_Recursos_Salud_2021_v19.csv,17235
00007733,2021,4,LIMA,LIMA,SAN MARTIN DE PORRES,MINSA,III-2,23,129,46,77,data\raw\Capacidad\ConsultaA_Recursos_Salud_2021_v19.csv,17407
00006212,2021,5,LIMA,LIMA,LA VICTORIA,MINSA,III-E,46,126,5,128,data\raw\Capacidad\ConsultaA_Recursos_Salud_2021_v19.csv,17457
00006213,2021,5,LIMA,LIMA,MIRAFLORES,MINSA,III-E,71,109,31,312,data\raw\Capacidad\ConsultaA_Recursos_Salud_2021_v19.csv,17540
00007633,2021,4,LIMA,LIMA,SAN MARTIN DE PORRES,MINSA,III-1,477,494,330,563,data\raw\Capacidad\ConsultaA_Recursos_Salud_2021_v19.csv,17608
00009188,2021,6,LIMA,LIMA,LIMA,ESSALUD,II-1,76,78,0,51,data\raw\Capacidad\ConsultaA_Recursos_Salud_2021_v19.csv,17622
00006209,2021,8,LIMA,LIMA,LIMA,MINSA,III-2,117,84,40,101,data\raw\Capacidad\ConsultaA_Recursos_Salud_2021_v19.csv,17766
00006212,2021,4,LIMA,LIMA,LA VICTORIA,MINSA,III-E,47,129,4,128,data\raw\Capacidad\ConsultaA_Recursos_Salud_2021_v19.csv,17800
00006209,2021,7,LIMA,LIMA,LIMA,MINSA,III-2,117,90,40,93,data\raw\Capacidad\ConsultaA_Recursos_Salud_2021_v19.csv,17960
00016094,2021,7,LIMA,LIMA,RIMAC,SANIDAD DE LA POLICIA NACIONAL DEL PERU,0,36,17,0,33,data\raw\Capacidad\ConsultaA_Recursos_Salud_2021_v19.csv,18078
00009251,2021,7,LIMA,LIMA,LA VICTORIA,ESSALUD,III-2,990,1258,243,1406,data\raw\Capacidad\ConsultaA_Recursos_Salud_2021_v19.csv,18079
00010098,2021,5,LIMA,LIMA,CHORRILLOS,SANIDAD DEL EJERCITO DEL PERU,II-E,21,42,0,61,data\raw\Capacidad\ConsultaA_Recursos_Salud_2021_v19.csv,18102
00007734,2021,5,LIMA,LIMA,CHORRILLOS,MINSA,III-2,29,81,39,28,data\raw\Capacidad\ConsultaA_Recursos_Salud_2021_v19.csv,18103
00006215,2021,8,LIMA,LIMA,LIMA,MINSA,III-1,207,316,99,290,data\raw\Capacidad\ConsultaA_Recursos_Salud_2021_v19.csv,18154
00013591,2021,5,LIMA,LIMA,JESUS MARIA,SANIDAD DE LA POLICIA NACIONAL DEL PERU,III-1,411,471,177,338,data\raw\Capacidad\ConsultaA_Recursos_Salud_2021_v19.csv,18232
00007733,2021,5,LIMA,LIMA,SAN MARTIN DE PORRES,MINSA,III-2,24,128,46,76,data\raw\Capacidad\ConsultaA_Recursos_Salud_2021_v19.csv,18246
00018011,2021,6,LIMA,LIMA,JESUS MARIA,ESSALUD,III-E,104,181,41,292,data\raw\Capacidad\ConsultaA_Recursos_Salud_2021_v19.csv,18290
00008317,2021,6,LIMA,LIMA,SAN JUAN DE LURIGANCHO,ESSALUD,II-1,108,129,13,146,data\raw\Capacidad\ConsultaA_Recursos_Salud_2021_v19.csv,18311
00007632,2021,4,LIMA,LIMA,PUENTE PIEDRA,MINSA,II-2,157,113,47,257,data\raw\Capacidad\ConsultaA_Recursos_Salud_2021_v19.csv,18421
00007632,2021,2,LIMA,LIMA,PUENTE PIEDRA,MINSA,II-2,157,112,47,255,data\raw\Capacidad\ConsultaA_Recursos_Salud_2021_v19.csv,18422
00009251,2021,5,LIMA,LIMA,LA VICTORIA,ESSALUD,III-2,1204,1398,385,1375,data\raw\Capacidad\ConsultaA_Recursos_Salud_2021_v19.csv,18525
00010751,2021,3,LIMA,LIMA,MIRAFLORES,SANIDAD DE LA FUERZA AEREA DEL PERU,III-1,242,231,20,251,data\raw\Capacidad\ConsultaA_Recursos_Salud_2021_v19.csv,18539
00006215,2021,5,LIMA,LIMA,LIMA,MINSA,III-1,198,298,85,292,data\raw\Capacidad\ConsultaA_Recursos_Salud_2021_v19.csv,18824
00006207,2021,8,LIMA,LIMA,LIMA,MINSA,III-1,573,410,236,474,data\raw\Capacidad\ConsultaA_Recursos_Salud_2021_v19.csv,18980
00006206,2021,4,LIMA,LIMA,LIMA,MINSA,III-1,306,336,163,249,data\raw\Capacidad\ConsultaA_Recursos_Salud_2021_v19.csv,18997
00005883,2021,6,LIMA,LIMA,ATE,MINSA,II-1,61,81,0,74,data\raw\Capacidad\ConsultaA_Recursos_Salud_2021_v19.csv,19119
00007632,2021,3,LIMA,LIMA,PUENTE PIEDRA,MINSA,II-2,157,113,47,257,data\raw\Capacidad\ConsultaA_Recursos_Salud_2021_v19.csv,19301
00008353,2021,8,LIMA,LIMA,ATE,ESSALUD,II-1,53,129,20,109,data\raw\Capacidad\ConsultaA_Recursos_Salud_2021_v19.csv,19363
00006208,2021,8,LIMA,LIMA,LIMA,MINSA,III-2,397,267,76,358,data\raw\Capacidad\ConsultaA_Recursos_Salud_2021_v19.csv,19371
00008502,2021,8,LIMA,LIMA,LIMA,ESSALUD,II-2,145,354,89,300,data\raw\Capacidad\ConsultaA_Recursos_Salud_2021_v19.csv,19384
00009251,2021,8,LIMA,LIMA,LA VICTORIA,ESSALUD,III-2,952,1261,243,1406,data\raw\Capacidad\ConsultaA_Recursos_Salud_2021_v19.csv,19396
00008502,2021,4,LIMA,LIMA,LIMA,ESSALUD,II-2,144,358,90,289,data\raw\Capacidad\ConsultaA_Recursos_Salud_2021_v19.csv,19402
00007734,2021,8,LIMA,LIMA,CHORRILLOS,MINSA,III-2,24,121,45,26,data\raw\Capacidad\ConsultaA_Recursos_Salud_2021_v19.csv,19463
00005987,2021,8,LIMA,LIMA,SAN JUAN DE MIRAFLORES,MINSA,III-1,406,281,218,411,data\raw\Capacidad\ConsultaA_Recursos_Salud_2021_v19.csv,19486
00007634,2021,8,LIMA,LIMA,COMAS,MINSA,III-1,215,211,114,241,data\raw\Capacidad\ConsultaA_Recursos_Salud_2021_v19.csv,19493
00007634,2021,6,LIMA,LIMA,COMAS,MINSA,III-1,215,211,114,241,data\raw\Capacidad\ConsultaA_Recursos_Salud_2021_v19.csv,19655
00005987,2021,7,LIMA,LIMA,SAN JUAN DE MIRAFLORES,MINSA,III-1,408,280,95,367,data\raw\Capacidad\ConsultaA_Recursos_Salud_2021_v19.csv,19688
00008564,2021,7,LIMA,LIMA,SAN MIGUEL,ESSALUD,II-1,560,312,0,327,data\raw\Capacidad\ConsultaA_Recursos_Salud_2021_v19.csv,19848
00006210,2021,8,LIMA,LIMA,SURQUILLO,MINSA,III-2,401,301,164,524,data\raw\Capacidad\ConsultaA_Recursos_Salud_2021_v19.csv,19894
00013591,2021,8,LIMA,LIMA,JESUS MARIA,SANIDAD DE LA POLICIA NACIONAL DEL PERU,III-1,411,505,200,324,data\raw\Capacidad\ConsultaA_Recursos_Salud_2021_v19.csv,19895
00008564,2021,6,LIMA,LIMA,SAN MIGUEL,ESSALUD,II-1,561,322,0,279,data\raw\Capacidad\ConsultaA_Recursos_Salud_2021_v19.csv,19924
00010751,2021,7,LIMA,LIMA,MIRAFLORES,SANIDAD DE LA FUERZA AEREA DEL PERU,III-1,242,235,16,251,data\raw\Capacidad\ConsultaA_Recursos_Salud_2021_v19.csv,19938
00006208,2021,7,LIMA,LIMA,LIMA,MINSA,III-2,397,258,72,350,data\raw\Capacidad\ConsultaA_Recursos_Salud_2021_v19.csv,19944
00005948,2021,7,LIMA,LIMA,SANTA ANITA,MINSA,III-1,211,82,38,81,data\raw\Capacidad\ConsultaA_Recursos_Salud_2021_v19.csv,19945
00010135,2021,6,LIMA,LIMA,LA MOLINA,ESSALUD,II-1,36,171,5,92,data\raw\Capacidad\ConsultaA_Recursos_Salud_2021_v19.csv,20171
00014718,2021,5,LIMA,LIMA,SAN MIGUEL,SANIDAD DE LA POLICIA NACIONAL DEL PERU,II-E,28,21,6,29,data\raw\Capacidad\ConsultaA_Recursos_Salud_2021_v19.csv,20197
00006207,2021,7,LIMA,LIMA,LIMA,MINSA,III-1,645,411,241,488,data\raw\Capacidad\ConsultaA_Recursos_Salud_2021_v19.csv,20276
00005948,2021,5,LIMA,LIMA,SANTA ANITA,MINSA,III-1,211,70,22,77,data\raw\Capacidad\ConsultaA_Recursos_Salud_2021_v19.csv,20302
00008353,2021,7,LIMA,LIMA,ATE,ESSALUD,II-1,53,129,20,109,data\raw\Capacidad\ConsultaA_Recursos_Salud_2021_v19.csv,20464
00023159,2021,7,LIMA,LIMA,VILLA EL SALVADOR,MINSA,II-2,286,372,0,451,data\raw\Capacidad\ConsultaA_Recursos_Salud_2021_v19.csv,20476
00006216,2021,6,LIMA,LIMA,BREÑA,MINSA,III-2,371,345,60,611,data\raw\Capacidad\ConsultaA_Recursos_Salud_2021_v19.csv,20551
00005883,2021,7,LIMA,LIMA,ATE,MINSA,II-1,61,79,0,70,data\raw\Capacidad\ConsultaA_Recursos_Salud_2021_v19.csv,20573
00008720,2021,7,LIMA,LIMA,JESUS MARIA,ESSALUD,III-2,1434,2035,505,2285,data\raw\Capacidad\ConsultaA_Recursos_Salud_2021_v19.csv,20575
00005947,2021,8,LIMA,LIMA,LURIGANCHO,MINSA,II-2,67,118,0,94,data\raw\Capacidad\ConsultaA_Recursos_Salud_2021_v19.csv,20640
00007633,2021,7,LIMA,LIMA,SAN MARTIN DE PORRES,MINSA,III-1,388,529,321,582,data\raw\Capacidad\ConsultaA_Recursos_Salud_2021_v19.csv,20727
00010135,2021,8,LIMA,LIMA,LA MOLINA,ESSALUD,II-1,36,162,5,92,data\raw\Capacidad\ConsultaA_Recursos_Salud_2021_v19.csv,20741
00009188,2021,7,LIMA,LIMA,LIMA,ESSALUD,II-1,76,106,0,114,data\raw\Capacidad\ConsultaA_Recursos_Salud_2021_v19.csv,20871
00010135,2021,7,LIMA,LIMA,LA MOLINA,ESSALUD,II-1,36,161,5,92,data\raw\Capacidad\ConsultaA_Recursos_Salud_2021_v19.csv,20872
00018011,2021,7,LIMA,LIMA,JESUS MARIA,ESSALUD,III-E,101,194,26,292,data\raw\Capacidad\ConsultaA_Recursos_Salud_2021_v19.csv,20917
00009188,2021,5,LIMA,LIMA,LIMA,ESSALUD,II-1,76,78,0,51,data\raw\Capacidad\ConsultaA_Recursos_Salud_2021_v19.csv,21106
00005945,2021,7,LIMA,LIMA,ATE,MINSA,II-1,55,217,51,133,data\raw\Capacidad\ConsultaA_Recursos_Salud_2021_v19.csv,21140
00008317,2021,8,LIMA,LIMA,SAN JUAN DE LURIGANCHO,ESSALUD,II-1,108,141,14,147,data\raw\Capacidad\ConsultaA_Recursos_Salud_2021_v19.csv,21155
00006208,2021,5,LIMA,LIMA,LIMA,MINSA,III-2,397,277,71,339,data\raw\Capacidad\ConsultaA_Recursos_Salud_2021_v19.csv,21235
00006210,2021,6,LIMA,LIMA,SURQUILLO,MINSA,III-2,391,299,205,523,data\raw\Capacidad\ConsultaA_Recursos_Salud_2021_v19.csv,21265
00006217,2021,5,LIMA,LIMA,LIMA,MINSA,III-2,11,108,27,55,data\raw\Capacidad\ConsultaA_Recursos_Salud_2021_v19.csv,21306
00007632,2021,5,LIMA,LIMA,PUENTE PIEDRA,MINSA,II-2,157,114,47,256,data\raw\Capacidad\ConsultaA_Recursos_Salud_2021_v19.csv,21379
00007733,2021,6,LIMA,LIMA,SAN MARTIN DE PORRES,MINSA,III-2,25,127,44,76,data\raw\Capacidad\ConsultaA_Recursos_Salud_2021_v19.csv,21384
00010751,2021,6,LIMA,LIMA,MIRAFLORES,SANIDAD DE LA FUERZA AEREA DEL PERU,III-1,242,222,19,237,data\raw\Capacidad\ConsultaA_Recursos_Salud_2021_v19.csv,21565
00013591,2021,7,LIMA,LIMA,JESUS MARIA,SANIDAD DE LA POLICIA NACIONAL DEL PERU,III-1,411,321,206,327,data\raw\Capacidad\ConsultaA_Recursos_Salud_2021_v19.csv,21581
00008741,2021,5,LIMA,LIMA,VILLA EL SALVADOR,ESSALUD,II-1,53,105,3,97,data\raw\Capacidad\ConsultaA_Recursos_Salud_2021_v19.csv,21632
00016918,2021,8,LIMA,LIMA,SAN BORJA,MINSA,III-2,236,408,64,474,data\raw\Capacidad\ConsultaA_Recursos_Salud_2021_v19.csv,21694
00005947,2021,4,LIMA,LIMA,LURIGANCHO,MINSA,II-2,67,139,8,120,data\raw\Capacidad\ConsultaA_Recursos_Salud_2021_v19.csv,21729
00006211,2021,6,LIMA,LIMA,PUEBLO LIBRE,MINSA,III-1,116,264,44,272,data\raw\Capacidad\ConsultaA_Recursos_Salud_2021_v19.csv,21836
00006210,2021,7,LIMA,LIMA,SURQUILLO,MINSA,III-2,401,300,164,521,data\raw\Capacidad\ConsultaA_Recursos_Salud_2021_v19.csv,21857
00006206,2021,5,LIMA,LIMA,LIMA,MINSA,III-1,287,349,166,246,data\raw\Capacidad\ConsultaA_Recursos_Salud_2021_v19.csv,22025
00007632,2021,7,LIMA,LIMA,PUENTE PIEDRA,MINSA,II-2,157,113,56,259,data\raw\Capacidad\ConsultaA_Recursos_Salud_2021_v19.csv,22099
00006210,2021,4,LIMA,LIMA,SURQUILLO,MINSA,III-2,391,288,140,548,data\raw\Capacidad\ConsultaA_Recursos_Salud_2021_v19.csv,22159
00008502,2021,7,LIMA,LIMA,LIMA,ESSALUD,II-2,146,350,89,315,data\raw\Capacidad\ConsultaA_Recursos_Salud_2021_v19.csv,22211
00008720,2021,5,LIMA,LIMA,JESUS MARIA,ESSALUD,III-2,1405,2104,505,2289,data\raw\Capacidad\ConsultaA_Recursos_Salud_2021_v19.csv,22233
00010434,2021,6,LIMA,LIMA,SANTA ANITA,ESSALUD,II-E,250,115,14,227,data\raw\Capacidad\ConsultaA_Recursos_Salud_2021_v19.csv,22423
00005946,2021,4,LIMA,LIMA,EL AGUSTINO,MINSA,III-1,647,443,204,657,data\raw\Capacidad\ConsultaA_Recursos_Salud_2021_v19.csv,22535
00005617,2021,8,LIMA,LIMA,SAN JUAN DE LURIGANCHO,MINSA,II-2,145,191,22,246,data\raw\Capacidad\ConsultaA_Recursos_Salud_2021_v19.csv,22593
00008318,2021,8,LIMA,LIMA,SANTA ANITA,ESSALUD,II-1,38,103,5,68,data\raw\Capacidad\ConsultaA_Recursos_Salud_2021_v19.csv,22642
00006207,2021,1,LIMA,LIMA,LIMA,MINSA,III-1,546,395,214,520,data\raw\Capacidad\ConsultaA_Recursos_Salud_2021_v19.csv,22682
00006207,2021,3,LIMA,LIMA,LIMA,MINSA,III-1,546,430,231,522,data\raw\Capacidad\ConsultaA_Recursos_Salud_2021_v19.csv,22714
00006207,2021,4,LIMA,LIMA,LIMA,MINSA,III-1,546,405,223,504,data\raw\Capacidad\ConsultaA_Recursos_Salud_2021_v19.csv,22716
00006210,2021,5,LIMA,LIMA,SURQUILLO,MINSA,III-2,391,299,139,531,data\raw\Capacidad\ConsultaA_Recursos_Salud_2021_v19.csv,22748
00007734,2021,3,LIMA,LIMA,CHORRILLOS,MINSA,III-2,29,82,39,27,data\raw\Capacidad\ConsultaA_Recursos_Salud_2021_v19.csv,22760
00016918,2021,6,LIMA,LIMA,SAN BORJA,MINSA,III-2,236,408,71,474,data\raw\Capacidad\ConsultaA_Recursos_Salud_2021_v19.csv,22766
00006215,2021,7,LIMA,LIMA,LIMA,MINSA,III-1,209,336,122,293,data\raw\Capacidad\ConsultaA_Recursos_Salud_2021_v19.csv,22817
00014718,2021,6,LIMA,LIMA,SAN MIGUEL,SANIDAD DE LA POLICIA NACIONAL DEL PERU,II-E,28,26,5,28,data\raw\Capacidad\ConsultaA_Recursos_Salud_2021_v19.csv,22843
00012923,2021,7,LIMA,LIMA,PUENTE PIEDRA,SANIDAD DE LA POLICIA NACIONAL DEL PERU,I-2,0,3,0,4,data\raw\Capacidad\ConsultaA_Recursos_Salud_2021_v19.csv,22883
00005948,2021,8,LIMA,LIMA,SANTA ANITA,MINSA,III-1,211,88,38,92,data\raw\Capacidad\ConsultaA_Recursos_Salud_2021_v19.csv,22936
00007633,2021,6,LIMA,LIMA,SAN MARTIN DE PORRES,MINSA,III-1,388,492,326,566,data\raw\Capacidad\ConsultaA_Recursos_Salud_2021_v19.csv,23020
00006212,2021,7,LIMA,LIMA,LA VICTORIA,MINSA,III-E,46,127,5,130,data\raw\Capacidad\ConsultaA_Recursos_Salud_2021_v19.csv,23034
00008671,2021,11,LIMA,LIMA,COMAS,ESSALUD,II-1,104,186,0,166,data\raw\Capacidad\ConsultaA_Recursos_Salud_2021_v19.csv,23063
00009188,2021,11,LIMA,LIMA,LIMA,ESSALUD,II-1,64,106,0,114,data\raw\Capacidad\ConsultaA_Recursos_Salud_2021_v19.csv,23067
00006214,2021,3,LIMA,LIMA,MAGDALENA DEL MAR,MINSA,III-1,590,74,23,95,data\raw\Capacidad\ConsultaA_Recursos_Salud_2021_v19.csv,23118
00005883,2021,9,LIMA,LIMA,ATE,MINSA,II-1,56,81,0,75,data\raw\Capacidad\ConsultaA_Recursos_Salud_2021_v19.csv,23183
00010135,2021,9,LIMA,LIMA,LA MOLINA,ESSALUD,II-1,36,163,5,91,data\raw\Capacidad\ConsultaA_Recursos_Salud_2021_v19.csv,23196
00007733,2021,10,LIMA,LIMA,SAN MARTIN DE PORRES,MINSA,III-2,26,125,55,67,data\raw\Capacidad\ConsultaA_Recursos_Salud_2021_v19.csv,23209
00006210,2021,10,LIMA,LIMA,SURQUILLO,MINSA,III-2,406,305,165,535,data\raw\Capacidad\ConsultaA_Recursos_Salud_2021_v19.csv,23248
00005617,2021,11,LIMA,LIMA,SAN JUAN DE LURIGANCHO,MINSA,II-2,145,195,22,244,data\raw\Capacidad\ConsultaA_Recursos_Salud_2021_v19.csv,23249
00007734,2021,12,LIMA,LIMA,CHORRILLOS,MINSA,III-2,28,138,46,27,data\raw\Capacidad\ConsultaA_Recursos_Salud_2021_v19.csv,23535
00008353,2021,9,LIMA,LIMA,ATE,ESSALUD,II-1,51,125,20,113,data\raw\Capacidad\ConsultaA_Recursos_Salud_2021_v19.csv,23545
00007734,2021,9,LIMA,LIMA,CHORRILLOS,MINSA,III-2,24,137,51,38,data\raw\Capacidad\ConsultaA_Recursos_Salud_2021_v19.csv,23694
00014718,2021,12,LIMA,LIMA,SAN MIGUEL,SANIDAD DE LA POLICIA NACIONAL DEL PERU,II-E,26,30,1,31,data\raw\Capacidad\ConsultaA_Recursos_Salud_2021_v19.csv,23831
00005883,2021,10,LIMA,LIMA,ATE,MINSA,II-1,56,94,0,75,data\raw\Capacidad\ConsultaA_Recursos_Salud_2021_v19.csv,23999
00007733,2021,12,LIMA,LIMA,SAN MARTIN DE PORRES,MINSA,III-2,26,133,55,69,data\raw\Capacidad\ConsultaA_Recursos_Salud_2021_v19.csv,24228
00006206,2021,9,LIMA,LIMA,LIMA,MINSA,III-1,314,373,196,230,data\raw\Capacidad\ConsultaA_Recursos_Salud_2021_v19.csv,24285
00005617,2021,10,LIMA,LIMA,SAN JUAN DE LURIGANCHO,MINSA,II-2,145,198,22,239,data\raw\Capacidad\ConsultaA_Recursos_Salud_2021_v19.csv,24312
00005948,2021,11,LIMA,LIMA,SANTA ANITA,MINSA,III-1,211,91,14,80,data\raw\Capacidad\ConsultaA_Recursos_Salud_2021_v19.csv,24382
00006215,2021,11,LIMA,LIMA,LIMA,MINSA,III-1,201,343,102,302,data\raw\Capacidad\ConsultaA_Recursos_Salud_2021_v19.csv,24383
00008353,2021,11,LIMA,LIMA,ATE,ESSALUD,II-1,51,125,20,113,data\raw\Capacidad\ConsultaA_Recursos_Salud_2021_v19.csv,24435
00008489,2021,8,LIMA,LIMA,MIRAFLORES,ESSALUD,II-2,72,283,20,184,data\raw\Capacidad\ConsultaA_Recursos_Salud_2021_v19.csv,24441
00017024,2021,12,LIMA,LIMA,JESUS MARIA,SANIDAD DEL EJERCITO DEL PERU,III-1,595,134,65,393,data\raw\Capacidad\ConsultaA_Recursos_Salud_2021_v19.csv,24526
00013591,2021,11,LIMA,LIMA,JESUS MARIA,SANIDAD DE LA POLICIA NACIONAL DEL PERU,III-1,411,510,200,317,data\raw\Capacidad\ConsultaA_Recursos_Salud_2021_v19.csv,24566
00005617,2021,12,LIMA,LIMA,SAN JUAN DE LURIGANCHO,MINSA,II-2,145,195,22,253,data\raw\Capacidad\ConsultaA_Recursos_Salud_2021_v19.csv,24588
00017024,2021,10,LIMA,LIMA,JESUS MARIA,SANIDAD DEL EJERCITO DEL PERU,III-1,595,135,65,393,data\raw\Capacidad\ConsultaA_Recursos_Salud_2021_v19.csv,24673
00016094,2021,10,LIMA,LIMA,RIMAC,SANIDAD DE LA POLICIA NACIONAL DEL PERU,0,65,19,0,45,data\raw\Capacidad\ConsultaA_Recursos_Salud_2021_v19.csv,24787
00008564,2021,10,LIMA,LIMA,SAN MIGUEL,ESSALUD,II-1,544,227,0,387,data\raw\Capacidad\ConsultaA_Recursos_Salud_2021_v19.csv,24793
00005945,2021,10,LIMA,LIMA,ATE,MINSA,II-1,55,217,51,133,data\raw\Capacidad\ConsultaA_Recursos_Salud_2021_v19.csv,24980
00006208,2021,12,LIMA,LIMA,LIMA,MINSA,III-2,397,366,76,353,data\raw\Capacidad\ConsultaA_Recursos_Salud_2021_v19.csv,25013
00006206,2021,12,LIMA,LIMA,LIMA,MINSA,III-1,359,401,213,261,data\raw\Capacidad\ConsultaA_Recursos_Salud_2021_v19.csv,25031
00006212,2021,9,LIMA,LIMA,LA VICTORIA,MINSA,III-E,47,125,5,130,data\raw\Capacidad\ConsultaA_Recursos_Salud_2021_v19.csv,25159
00005948,2021,10,LIMA,LIMA,SANTA ANITA,MINSA,III-1,211,80,17,86,data\raw\Capacidad\ConsultaA_Recursos_Salud_2021_v19.csv,25184
00007634,2021,11,LIMA,LIMA,COMAS,MINSA,III-1,215,211,114,241,data\raw\Capacidad\ConsultaA_Recursos_Salud_2021_v19.csv,25219
00005948,2021,9,LIMA,LIMA,SANTA ANITA,MINSA,III-1,211,88,38,92,data\raw\Capacidad\ConsultaA_Recursos_Salud_2021_v19.csv,25367
00006207,2021,9,LIMA,LIMA,LIMA,MINSA,III-1,573,405,234,423,data\raw\Capacidad\ConsultaA_Recursos_Salud_2021_v19.csv,25406
00008317,2021,10,LIMA,LIMA,SAN JUAN DE LURIGANCHO,ESSALUD,II-1,108,162,14,131,data\raw\Capacidad\ConsultaA_Recursos_Salud_2021_v19.csv,25425
00006207,2021,10,LIMA,LIMA,LIMA,MINSA,III-1,573,415,231,448,data\raw\Capacidad\ConsultaA_Recursos_Salud_2021_v19.csv,25434
00016094,2021,8,LIMA,LIMA,RIMAC,SANIDAD DE LA POLICIA NACIONAL DEL PERU,0,65,9,0,35,data\raw\Capacidad\ConsultaA_Recursos_Salud_2021_v19.csv,25459
00012923,2021,10,LIMA,LIMA,PUENTE PIEDRA,SANIDAD DE LA POLICIA NACIONAL DEL PERU,I-2,0,1,0,2,data\raw\Capacidad\ConsultaA_Recursos_Salud_2021_v19.csv,25517
00010751,2021,11,LIMA,LIMA,MIRAFLORES,SANIDAD DE LA FUERZA AEREA DEL PERU,III-1,250,223,25,251,data\raw\Capacidad\ConsultaA_Recursos_Salud_2021_v19.csv,25591
00016094,2021,12,LIMA,LIMA,RIMAC,SANIDAD DE LA POLICIA NACIONAL DEL PERU,0,64,16,0,46,data\raw\Capacidad\ConsultaA_Recursos_Salud_2021_v19.csv,25746
00005945,2021,9,LIMA,LIMA,ATE,MINSA,II-1,55,217,51,133,data\raw\Capacidad\ConsultaA_Recursos_Salud_2021_v19.csv,25890
00008671,2021,10,LIMA,LIMA,COMAS,ESSALUD,II-1,104,186,0,169,data\raw\Capacidad\ConsultaA_Recursos_Salud_2021_v19.csv,25910
00008502,2021,11,LIMA,LIMA,LIMA,ESSALUD,II-2,145,367,95,284,data\raw\Capacidad\ConsultaA_Recursos_Salud_2021_v19.csv,25934
00005883,2021,11,LIMA,LIMA,ATE,MINSA,II-1,56,89,0,84,data\raw\Capacidad\ConsultaA_Recursos_Salud_2021_v19.csv,26003
00006209,2021,9,LIMA,LIMA,LIMA,MINSA,III-2,116,83,40,104,data\raw\Capacidad\ConsultaA_Recursos_Salud_2021_v19.csv,26135
00016918,2021,11,LIMA,LIMA,SAN BORJA,MINSA,III-2,236,405,69,474,data\raw\Capacidad\ConsultaA_Recursos_Salud_2021_v19.csv,26223
00006215,2021,10,LIMA,LIMA,LIMA,MINSA,III-1,199,351,102,296,data\raw\Capacidad\ConsultaA_Recursos_Salud_2021_v19.csv,26312
00007733,2021,9,LIMA,LIMA,SAN MARTIN DE PORRES,MINSA,III-2,26,136,54,79,data\raw\Capacidad\ConsultaA_Recursos_Salud_2021_v19.csv,26385
00006210,2021,11,LIMA,LIMA,SURQUILLO,MINSA,III-2,406,303,163,537,data\raw\Capacidad\ConsultaA_Recursos_Salud_2021_v19.csv,26395
00005947,2021,11,LIMA,LIMA,LURIGANCHO,MINSA,II-2,67,137,0,92,data\raw\Capacidad\ConsultaA_Recursos_Salud_2021_v19.csv,26397
00008564,2021,12,LIMA,LIMA,SAN MIGUEL,ESSALUD,II-1,500,320,0,341,data\raw\Capacidad\ConsultaA_Recursos_Salud_2021_v19.csv,26462
00010751,2021,8,LIMA,LIMA,MIRAFLORES,SANIDAD DE LA FUERZA AEREA DEL PERU,III-1,250,226,25,251,data\raw\Capacidad\ConsultaA_Recursos_Salud_2021_v19.csv,26475
00005945,2021,8,LIMA,LIMA,ATE,MINSA,II-1,55,217,51,133,data\raw\Capacidad\ConsultaA_Recursos_Salud_2021_v19.csv,26477
00008671,2021,9,LIMA,LIMA,COMAS,ESSALUD,II-1,115,187,0,170,data\raw\Capacidad\ConsultaA_Recursos_Salud_2021_v19.csv,26494
00006207,2021,2,LIMA,LIMA,LIMA,MINSA,III-1,546,433,240,519,data\raw\Capacidad\ConsultaA_Recursos_Salud_2021_v19.csv,26755
00010098,2021,11,LIMA,LIMA,CHORRILLOS,SANIDAD DEL EJERCITO DEL PERU,II-E,21,40,0,60,data\raw\Capacidad\ConsultaA_Recursos_Salud_2021_v19.csv,26802
00017024,2021,9,LIMA,LIMA,JESUS MARIA,SANIDAD DEL EJERCITO DEL PERU,III-1,595,134,65,393,data\raw\Capacidad\ConsultaA_Recursos_Salud_2021_v19.csv,26971
00009188,2021,9,LIMA,LIMA,LIMA,ESSALUD,II-1,64,106,0,114,data\raw\Capacidad\ConsultaA_Recursos_Salud_2021_v19.csv,27182
00008317,2021,9,LIMA,LIMA,SAN JUAN DE LURIGANCHO,ESSALUD,II-1,108,158,14,148,data\raw\Capacidad\ConsultaA_Recursos_Salud_2021_v19.csv,27209
00006217,2021,9,LIMA,LIMA,LIMA,MINSA,III-2,7,108,27,55,data\raw\Capacidad\ConsultaA_Recursos_Salud_2021_v19.csv,27214
00008318,2021,10,LIMA,LIMA,SANTA ANITA,ESSALUD,II-1,38,103,5,68,data\raw\Capacidad\ConsultaA_Recursos_Salud_2021_v19.csv,27233
00006213,2021,10,LIMA,LIMA,MIRAFLORES,MINSA,III-E,71,154,31,263,data\raw\Capacidad\ConsultaA_Recursos_Salud_2021_v19.csv,27256
00010098,2021,8,LIMA,LIMA,CHORRILLOS,SANIDAD DEL EJERCITO DEL PERU,II-E,21,39,0,61,data\raw\Capacidad\ConsultaA_Recursos_Salud_2021_v19.csv,27285
00009251,2021,10,LIMA,LIMA,LA VICTORIA,ESSALUD,III-2,1040,1378,316,1394,data\raw\Capacidad\ConsultaA_Recursos_Salud_2021_v19.csv,27418
00008741,2021,11,LIMA,LIMA,VILLA EL SALVADOR,ESSALUD,II-1,72,96,3,100,data\raw\Capacidad\ConsultaA_Recursos_Salud_2021_v19.csv,27436
00008741,2021,10,LIMA,LIMA,VILLA EL SALVADOR,ESSALUD,II-1,72,94,3,100,data\raw\Capacidad\ConsultaA_Recursos_Salud_2021_v19.csv,27524
00010434,2021,11,LIMA,LIMA,SANTA ANITA,ESSALUD,II-E,140,99,9,205,data\raw\Capacidad\ConsultaA_Recursos_Salud_2021_v19.csv,27656
00005946,2021,8,LIMA,LIMA,EL AGUSTINO,MINSA,III-1,500,456,145,645,data\raw\Capacidad\ConsultaA_Recursos_Salud_2021_v19.csv,27739
00010135,2021,11,LIMA,LIMA,LA MOLINA,ESSALUD,II-1,41,163,5,91,data\raw\Capacidad\ConsultaA_Recursos_Salud_2021_v19.csv,27981
00014718,2021,11,LIMA,LIMA,SAN MIGUEL,SANIDAD DE LA POLICIA NACIONAL DEL PERU,II-E,23,31,1,29,data\raw\Capacidad\ConsultaA_Recursos_Salud_2021_v19.csv,28268
00012923,2021,11,LIMA,LIMA,PUENTE PIEDRA,SANIDAD DE LA POLICIA NACIONAL DEL PERU,I-2,0,3,0,3,data\raw\Capacidad\ConsultaA_Recursos_Salud_2021_v19.csv,28313
00006215,2021,12,LIMA,LIMA,LIMA,MINSA,III-1,205,349,101,305,data\raw\Capacidad\ConsultaA_Recursos_Salud_2021_v19.csv,28390
00008317,2021,12,LIMA,LIMA,SAN JUAN DE LURIGANCHO,ESSALUD,II-1,98,155,14,130,data\raw\Capacidad\ConsultaA_Recursos_Salud_2021_v19.csv,28426
00012923,2021,9,LIMA,LIMA,PUENTE PIEDRA,SANIDAD DE LA POLICIA NACIONAL DEL PERU,I-2,0,3,0,4,data\raw\Capacidad\ConsultaA_Recursos_Salud_2021_v19.csv,28501
00006215,2021,9,LIMA,LIMA,LIMA,MINSA,III-1,201,315,101,291,data\raw\Capacidad\ConsultaA_Recursos_Salud_2021_v19.csv,28505
00023159,2021,8,LIMA,LIMA,VILLA EL SALVADOR,MINSA,II-2,279,367,0,451,data\raw\Capacidad\ConsultaA_Recursos_Salud_2021_v19.csv,28718
00006206,2021,8,LIMA,LIMA,LIMA,MINSA,III-1,370,374,206,237,data\raw\Capacidad\ConsultaA_Recursos_Salud_2021_v19.csv,28723
00016094,2021,9,LIMA,LIMA,RIMAC,SANIDAD DE LA POLICIA NACIONAL DEL PERU,0,65,9,0,37,data\raw\Capacidad\ConsultaA_Recursos_Salud_2021_v19.csv,28746
00006209,2021,10,LIMA,LIMA,LIMA,MINSA,III-2,117,102,40,98,data\raw\Capacidad\ConsultaA_Recursos_Salud_2021_v19.csv,28779
00008353,2021,10,LIMA,LIMA,ATE,ESSALUD,II-1,51,125,20,113,data\raw\Capacidad\ConsultaA_Recursos_Salud_2021_v19.csv,28823
00006217,2021,11,LIMA,LIMA,LIMA,MINSA,III-2,7,108,18,55,data\raw\Capacidad\ConsultaA_Recursos_Salud_2021_v19.csv,28832
00008741,2021,12,LIMA,LIMA,VILLA EL SALVADOR,ESSALUD,II-1,72,96,3,100,data\raw\Capacidad\ConsultaA_Recursos_Salud_2021_v19.csv,29105
00006216,2021,8,LIMA,LIMA,BREÑA,MINSA,III-2,371,350,44,619,data\raw\Capacidad\ConsultaA_Recursos_Salud_2021_v19.csv,29113
00005946,2021,12,LIMA,LIMA,EL AGUSTINO,MINSA,III-1,578,490,218,768,data\raw\Capacidad\ConsultaA_Recursos_Salud_2021_v19.csv,29264
00005987,2021,9,LIMA,LIMA,SAN JUAN DE MIRAFLORES,MINSA,III-1,393,284,219,413,data\raw\Capacidad\ConsultaA_Recursos_Salud_2021_v19.csv,29332
00007632,2021,10,LIMA,LIMA,PUENTE PIEDRA,MINSA,II-2,157,112,56,264,data\raw\Capacidad\ConsultaA_Recursos_Salud_2021_v19.csv,29501
00008564,2021,9,LIMA,LIMA,SAN MIGUEL,ESSALUD,II-1,485,238,0,385,data\raw\Capacidad\ConsultaA_Recursos_Salud_2021_v19.csv,29534
00006206,2021,10,LIMA,LIMA,LIMA,MINSA,III-1,329,406,202,250,data\raw\Capacidad\ConsultaA_Recursos_Salud_2021_v19.csv,29565
00006213,2021,8,LIMA,LIMA,MIRAFLORES,MINSA,III-E,71,142,31,312,data\raw\Capacidad\ConsultaA_Recursos_Salud_2021_v19.csv,29620
00008741,2021,8,LIMA,LIMA,VILLA EL SALVADOR,ESSALUD,II-1,72,94,3,97,data\raw\Capacidad\ConsultaA_Recursos_Salud_2021_v19.csv,29622
00008720,2021,9,LIMA,LIMA,JESUS MARIA,ESSALUD,III-2,1457,2071,505,2272,data\raw\Capacidad\ConsultaA_Recursos_Salud_2021_v19.csv,29658
00008741,2021,9,LIMA,LIMA,VILLA EL SALVADOR,ESSALUD,II-1,72,94,3,100,data\raw\Capacidad\ConsultaA_Recursos_Salud_2021_v19.csv,29660
00006206,2021,11,LIMA,LIMA,LIMA,MINSA,III-1,339,415,208,247,data\raw\Capacidad\ConsultaA_Recursos_Salud_2021_v19.csv,29701
00006213,2021,11,LIMA,LIMA,MIRAFLORES,MINSA,III-E,71,216,31,264,data\raw\Capacidad\ConsultaA_Recursos_Salud_2021_v19.csv,29797
00010751,2021,1,LIMA,LIMA,MIRAFLORES,SANIDAD DE LA FUERZA AEREA DEL PERU,III-1,250,220,21,238,data\raw\Capacidad\ConsultaA_Recursos_Salud_2021_v19.csv,29819
00007633,2021,9,LIMA,LIMA,SAN MARTIN DE PORRES,MINSA,III-1,342,532,323,550,data\raw\Capacidad\ConsultaA_Recursos_Salud_2021_v19.csv,29931
00016918,2021,10,LIMA,LIMA,SAN BORJA,MINSA,III-2,236,431,64,474,data\raw\Capacidad\ConsultaA_Recursos_Salud_2021_v19.csv,29968
00006211,2021,9,LIMA,LIMA,PUEBLO LIBRE,MINSA,III-1,134,266,46,279,data\raw\Capacidad\ConsultaA_Recursos_Salud_2021_v19.csv,30071
00018011,2021,8,LIMA,LIMA,JESUS MARIA,ESSALUD,III-E,98,189,26,290,data\raw\Capacidad\ConsultaA_Recursos_Salud_2021_v19.csv,30238
00013591,2021,10,LIMA,LIMA,JESUS MARIA,SANIDAD DE LA POLICIA NACIONAL DEL PERU,III-1,411,510,200,317,data\raw\Capacidad\ConsultaA_Recursos_Salud_2021_v19.csv,30275
00006210,2021,12,LIMA,LIMA,SURQUILLO,MINSA,III-2,406,301,161,524,data\raw\Capacidad\ConsultaA_Recursos_Salud_2021_v19.csv,30414
00006208,2021,9,LIMA,LIMA,LIMA,MINSA,III-2,397,271,76,361,data\raw\Capacidad\ConsultaA_Recursos_Salud_2021_v19.csv,30538
00005947,2021,9,LIMA,LIMA,LURIGANCHO,MINSA,II-2,67,118,0,97,data\raw\Capacidad\ConsultaA_Recursos_Salud_2021_v19.csv,30539
00009188,2021,10,LIMA,LIMA,LIMA,ESSALUD,II-1,64,106,0,114,data\raw\Capacidad\ConsultaA_Recursos_Salud_2021_v19.csv,30600
00016094,2021,11,LIMA,LIMA,RIMAC,SANIDAD DE LA POLICIA NACIONAL DEL PERU,0,64,22,0,46,data\raw\Capacidad\ConsultaA_Recursos_Salud_2021_v19.csv,30635
00023159,2021,9,LIMA,LIMA,VILLA EL SALVADOR,MINSA,II-2,257,372,0,465,data\raw\Capacidad\ConsultaA_Recursos_Salud_2021_v19.csv,30636
00006216,2021,11,LIMA,LIMA,BREÑA,MINSA,III-2,371,359,0,624,data\raw\Capacidad\ConsultaA_Recursos_Salud_2021_v19.csv,30684
00005987,2021,11,LIMA,LIMA,SAN JUAN DE MIRAFLORES,MINSA,III-1,407,256,187,334,data\raw\Capacidad\ConsultaA_Recursos_Salud_2021_v19.csv,30698
00006212,2021,11,LIMA,LIMA,LA VICTORIA,MINSA,III-E,46,123,6,129,data\raw\Capacidad\ConsultaA_Recursos_Salud_2021_v19.csv,30699
00008489,2021,11,LIMA,LIMA,MIRAFLORES,ESSALUD,II-2,74,275,19,186,data\raw\Capacidad\ConsultaA_Recursos_Salud_2021_v19.csv,30703
00014718,2021,10,LIMA,LIMA,SAN MIGUEL,SANIDAD DE LA POLICIA NACIONAL DEL PERU,II-E,23,31,2,30,data\raw\Capacidad\ConsultaA_Recursos_Salud_2021_v19.csv,30748
00008564,2021,11,LIMA,LIMA,SAN MIGUEL,ESSALUD,II-1,541,239,0,372,data\raw\Capacidad\ConsultaA_Recursos_Salud_2021_v19.csv,30766
00006214,2021,1,LIMA,LIMA,MAGDALENA DEL MAR,MINSA,III-1,590,82,23,76,data\raw\Capacidad\ConsultaA_Recursos_Salud_2021_v19.csv,30809
00006214,2021,2,LIMA,LIMA,MAGDALENA DEL MAR,MINSA,III-1,590,81,23,90,data\raw\Capacidad\ConsultaA_Recursos_Salud_2021_v19.csv,30810
00005987,2021,12,LIMA,LIMA,SAN JUAN DE MIRAFLORES,MINSA,III-1,407,228,182,343,data\raw\Capacidad\ConsultaA_Recursos_Salud_2021_v19.csv,30819
00006209,2021,6,LIMA,LIMA,LIMA,MINSA,III-2,116,87,30,100,data\raw\Capacidad\ConsultaA_Recursos_Salud_2021_v19.csv,30880
00008502,2021,9,LIMA,LIMA,LIMA,ESSALUD,II-2,144,350,95,283,data\raw\Capacidad\ConsultaA_Recursos_Salud_2021_v19.csv,30946
00008720,2021,11,LIMA,LIMA,JESUS MARIA,ESSALUD,III-2,1462,2077,505,2201,data\raw\Capacidad\ConsultaA_Recursos_Salud_2021_v19.csv,30978
00008318,2021,9,LIMA,LIMA,SANTA ANITA,ESSALUD,II-1,38,103,5,69,data\raw\Capacidad\ConsultaA_Recursos_Salud_2021_v19.csv,31052
00005947,2021,10,LIMA,LIMA,LURIGANCHO,MINSA,II-2,67,134,0,95,data\raw\Capacidad\ConsultaA_Recursos_Salud_2021_v19.csv,31077
00010098,2021,12,LIMA,LIMA,CHORRILLOS,SANIDAD DEL EJERCITO DEL PERU,II-E,21,40,0,60,data\raw\Capacidad\ConsultaA_Recursos_Salud_2021_v19.csv,31205
00016918,2021,12,LIMA,LIMA,SAN BORJA,MINSA,III-2,236,403,72,474,data\raw\Capacidad\ConsultaA_Recursos_Salud_2021_v19.csv,31206
00008720,2021,8,LIMA,LIMA,JESUS MARIA,ESSALUD,III-2,1435,2093,505,2272,data\raw\Capacidad\ConsultaA_Recursos_Salud_2021_v19.csv,31242
00008564,2021,8,LIMA,LIMA,SAN MIGUEL,ESSALUD,II-1,496,295,0,351,data\raw\Capacidad\ConsultaA_Recursos_Salud_2021_v19.csv,31243
00006210,2021,9,LIMA,LIMA,SURQUILLO,MINSA,III-2,401,297,165,530,data\raw\Capacidad\ConsultaA_Recursos_Salud_2021_v19.csv,31263
00007733,2021,11,LIMA,LIMA,SAN MARTIN DE PORRES,MINSA,III-2,26,132,55,68,data\raw\Capacidad\ConsultaA_Recursos_Salud_2021_v19.csv,31313
00005946,2021,9,LIMA,LIMA,EL AGUSTINO,MINSA,III-1,509,454,220,643,data\raw\Capacidad\ConsultaA_Recursos_Salud_2021_v19.csv,31346
00010434,2021,9,LIMA,LIMA,SANTA ANITA,ESSALUD,II-E,132,94,10,225,data\raw\Capacidad\ConsultaA_Recursos_Salud_2021_v19.csv,31359
00005946,2021,10,LIMA,LIMA,EL AGUSTINO,MINSA,III-1,570,508,217,656,data\raw\Capacidad\ConsultaA_Recursos_Salud_2021_v19.csv,31387
00005945,2021,11,LIMA,LIMA,ATE,MINSA,II-1,55,217,51,133,data\raw\Capacidad\ConsultaA_Recursos_Salud_2021_v19.csv,31515
00006216,2021,9,LIMA,LIMA,BREÑA,MINSA,III-2,371,347,86,618,data\raw\Capacidad\ConsultaA_Recursos_Salud_2021_v19.csv,31549
00008489,2021,10,LIMA,LIMA,MIRAFLORES,ESSALUD,II-2,74,268,18,189,data\raw\Capacidad\ConsultaA_Recursos_Salud_2021_v19.csv,31599
00016918,2021,9,LIMA,LIMA,SAN BORJA,MINSA,III-2,236,419,64,474,data\raw\Capacidad\ConsultaA_Recursos_Salud_2021_v19.csv,31693
00006211,2021,10,LIMA,LIMA,PUEBLO LIBRE,MINSA,III-1,134,266,46,279,data\raw\Capacidad\ConsultaA_Recursos_Salud_2021_v19.csv,31709
00006211,2021,11,LIMA,LIMA,PUEBLO LIBRE,MINSA,III-1,134,266,46,279,data\raw\Capacidad\ConsultaA_Recursos_Salud_2021_v19.csv,31723
00018011,2021,11,LIMA,LIMA,JESUS MARIA,ESSALUD,III-E,100,171,39,276,data\raw\Capacidad\ConsultaA_Recursos_Salud_2021_v19.csv,31737
00012923,2021,12,LIMA,LIMA,PUENTE PIEDRA,SANIDAD DE LA POLICIA NACIONAL DEL PERU,I-2,0,5,0,2,data\raw\Capacidad\ConsultaA_Recursos_Salud_2021_v19.csv,31746
00008720,2021,10,LIMA,LIMA,JESUS MARIA,ESSALUD,III-2,1459,2081,505,2272,data\raw\Capacidad\ConsultaA_Recursos_Salud_2021_v19.csv,31779
00008318,2021,11,LIMA,LIMA,SANTA ANITA,ESSALUD,II-1,38,103,5,68,data\raw\Capacidad\ConsultaA_Recursos_Salud_2021_v19.csv,31790
00006214,2021,12,LIMA,LIMA,MAGDALENA DEL MAR,MINSA,III-1,590,74,21,96,data\raw\Capacidad\ConsultaA_Recursos_Salud_2021_v19.csv,31846
00007632,2021,9,LIMA,LIMA,PUENTE PIEDRA,MINSA,II-2,157,112,56,262,data\raw\Capacidad\ConsultaA_Recursos_Salud_2021_v19.csv,31893
00005617,2021,9,LIMA,LIMA,SAN JUAN DE LURIGANCHO,MINSA,II-2,145,195,22,253,data\raw\Capacidad\ConsultaA_Recursos_Salud_2021_v19.csv,32060
00006208,2021,11,LIMA,LIMA,LIMA,MINSA,III-2,397,349,76,361,data\raw\Capacidad\ConsultaA_Recursos_Salud_2021_v19.csv,32100
00008318,2021,12,LIMA,LIMA,SANTA ANITA,ESSALUD,II-1,38,103,5,68,data\raw\Capacidad\ConsultaA_Recursos_Salud_2021_v19.csv,32134
00006217,2021,12,LIMA,LIMA,LIMA,MINSA,III-2,7,108,18,55,data\raw\Capacidad\ConsultaA_Recursos_Salud_2021_v19.csv,32141
00005948,2021,12,LIMA,LIMA,SANTA ANITA,MINSA,III-1,211,96,24,87,data\raw\Capacidad\ConsultaA_Recursos_Salud_2021_v19.csv,32142
00006212,2021,8,LIMA,LIMA,LA VICTORIA,MINSA,III-E,44,133,5,131,data\raw\Capacidad\ConsultaA_Recursos_Salud_2021_v19.csv,32281
00013591,2021,9,LIMA,LIMA,JESUS MARIA,SANIDAD DE LA POLICIA NACIONAL DEL PERU,III-1,411,471,177,338,data\raw\Capacidad\ConsultaA_Recursos_Salud_2021_v19.csv,32292
00018011,2021,9,LIMA,LIMA,JESUS MARIA,ESSALUD,III-E,99,171,39,282,data\raw\Capacidad\ConsultaA_Recursos_Salud_2021_v19.csv,32293
00006209,2021,11,LIMA,LIMA,LIMA,MINSA,III-2,123,103,40,101,data\raw\Capacidad\ConsultaA_Recursos_Salud_2021_v19.csv,32389
00006209,2021,12,LIMA,LIMA,LIMA,MINSA,III-2,123,105,40,105,data\raw\Capacidad\ConsultaA_Recursos_Salud_2021_v19.csv,32421
00013591,2021,12,LIMA,LIMA,JESUS MARIA,SANIDAD DE LA POLICIA NACIONAL DEL PERU,III-1,411,307,197,301,data\raw\Capacidad\ConsultaA_Recursos_Salud_2021_v19.csv,32424
00006213,2021,9,LIMA,LIMA,MIRAFLORES,MINSA,III-E,71,154,31,283,data\raw\Capacidad\ConsultaA_Recursos_Salud_2021_v19.csv,32580
00008671,2021,12,LIMA,LIMA,COMAS,ESSALUD,II-1,104,182,0,166,data\raw\Capacidad\ConsultaA_Recursos_Salud_2021_v19.csv,32752
00006211,2021,12,LIMA,LIMA,PUEBLO LIBRE,MINSA,III-1,134,266,46,279,data\raw\Capacidad\ConsultaA_Recursos_Salud_2021_v19.csv,32753
00008317,2021,11,LIMA,LIMA,SAN JUAN DE LURIGANCHO,ESSALUD,II-1,98,152,14,130,data\raw\Capacidad\ConsultaA_Recursos_Salud_2021_v19.csv,32830
00005987,2021,10,LIMA,LIMA,SAN JUAN DE MIRAFLORES,MINSA,III-1,393,255,187,321,data\raw\Capacidad\ConsultaA_Recursos_Salud_2021_v19.csv,33027
00007633,2021,10,LIMA,LIMA,SAN MARTIN DE PORRES,MINSA,III-1,357,533,356,571,data\raw\Capacidad\ConsultaA_Recursos_Salud_2021_v19.csv,33037
00007633,2021,8,LIMA,LIMA,SAN MARTIN DE PORRES,MINSA,III-1,350,528,294,550,data\raw\Capacidad\ConsultaA_Recursos_Salud_2021_v19.csv,33117
00010434,2021,8,LIMA,LIMA,SANTA ANITA,ESSALUD,II-E,211,99,14,234,data\raw\Capacidad\ConsultaA_Recursos_Salud_2021_v19.csv,33292
00009251,2021,9,LIMA,LIMA,LA VICTORIA,ESSALUD,III-2,998,1381,318,1391,data\raw\Capacidad\ConsultaA_Recursos_Salud_2021_v19.csv,33303
00008502,2021,10,LIMA,LIMA,LIMA,ESSALUD,II-2,141,359,95,290,data\raw\Capacidad\ConsultaA_Recursos_Salud_2021_v19.csv,33358
00010135,2021,10,LIMA,LIMA,LA MOLINA,ESSALUD,II-1,41,164,5,91,data\raw\Capacidad\ConsultaA_Recursos_Salud_2021_v19.csv,33374
00018011,2021,10,LIMA,LIMA,JESUS MARIA,ESSALUD,III-E,100,172,39,276,data\raw\Capacidad\ConsultaA_Recursos_Salud_2021_v19.csv,33407
00006217,2021,10,LIMA,LIMA,LIMA,MINSA,III-2,7,108,18,55,data\raw\Capacidad\ConsultaA_Recursos_Salud_2021_v19.csv,33506
00005946,2021,11,LIMA,LIMA,EL AGUSTINO,MINSA,III-1,570,485,218,648,data\raw\Capacidad\ConsultaA_Recursos_Salud_2021_v19.csv,33560
00005947,2021,12,LIMA,LIMA,LURIGANCHO,MINSA,II-2,67,137,0,92,data\raw\Capacidad\ConsultaA_Recursos_Salud_2021_v19.csv,33639
00006216,2021,12,LIMA,LIMA,BREÑA,MINSA,III-2,371,363,80,627,data\raw\Capacidad\ConsultaA_Recursos_Salud_2021_v19.csv,33653
00007632,2021,11,LIMA,LIMA,PUENTE PIEDRA,MINSA,II-2,157,115,56,273,data\raw\Capacidad\ConsultaA_Recursos_Salud_2021_v19.csv,33830
00014718,2021,9,LIMA,LIMA,SAN MIGUEL,SANIDAD DE LA POLICIA NACIONAL DEL PERU,II-E,23,34,2,30,data\raw\Capacidad\ConsultaA_Recursos_Salud_2021_v19.csv,33938
00006216,2021,10,LIMA,LIMA,BREÑA,MINSA,III-2,371,349,60,625,data\raw\Capacidad\ConsultaA_Recursos_Salud_2021_v19.csv,33980
00010751,2021,9,LIMA,LIMA,MIRAFLORES,SANIDAD DE LA FUERZA AEREA DEL PERU,III-1,250,226,25,251,data\raw\Capacidad\ConsultaA_Recursos_Salud_2021_v19.csv,34008
00010434,2021,10,LIMA,LIMA,SANTA ANITA,ESSALUD,II-E,134,96,10,224,data\raw\Capacidad\ConsultaA_Recursos_Salud_2021_v19.csv,34043
00010751,2021,10,LIMA,LIMA,MIRAFLORES,SANIDAD DE LA FUERZA AEREA DEL PERU,III-1,250,223,25,251,data\raw\Capacidad\ConsultaA_Recursos_Salud_2021_v19.csv,34242
00023159,2021,11,LIMA,LIMA,VILLA EL SALVADOR,MINSA,II-2,249,348,0,458,data\raw\Capacidad\ConsultaA_Recursos_Salud_2021_v19.csv,34355
00006207,2021,11,LIMA,LIMA,LIMA,MINSA,III-1,573,412,234,449,data\raw\Capacidad\ConsultaA_Recursos_Salud_2021_v19.csv,34489
00017024,2021,8,LIMA,LIMA,JESUS MARIA,SANIDAD DEL EJERCITO DEL PERU,III-1,595,137,65,393,data\raw\Capacidad\ConsultaA_Recursos_Salud_2021_v19.csv,34506
00006217,2021,8,LIMA,LIMA,LIMA,MINSA,III-2,7,108,27,55,data\raw\Capacidad\ConsultaA_Recursos_Salud_2021_v19.csv,34536
00009251,2021,11,LIMA,LIMA,LA VICTORIA,ESSALUD,III-2,1039,1367,315,1386,data\raw\Capacidad\ConsultaA_Recursos_Salud_2021_v19.csv,34593
00007634,2021,9,LIMA,LIMA,COMAS,MINSA,III-1,215,211,114,241,data\raw\Capacidad\ConsultaA_Recursos_Salud_2021_v19.csv,34639
00006212,2021,10,LIMA,LIMA,LA VICTORIA,MINSA,III-E,47,137,6,130,data\raw\Capacidad\ConsultaA_Recursos_Salud_2021_v19.csv,34757
00007633,2021,11,LIMA,LIMA,SAN MARTIN DE PORRES,MINSA,III-1,395,534,352,571,data\raw\Capacidad\ConsultaA_Recursos_Salud_2021_v19.csv,34772
00006214,2021,9,LIMA,LIMA,MAGDALENA DEL MAR,MINSA,III-1,590,75,21,96,data\raw\Capacidad\ConsultaA_Recursos_Salud_2021_v19.csv,34806
00007634,2021,10,LIMA,LIMA,COMAS,MINSA,III-1,215,211,114,241,data\raw\Capacidad\ConsultaA_Recursos_Salud_2021_v19.csv,34841
00017024,2021,11,LIMA,LIMA,JESUS MARIA,SANIDAD DEL EJERCITO DEL PERU,III-1,595,134,65,393,data\raw\Capacidad\ConsultaA_Recursos_Salud_2021_v19.csv,34869
00010098,2021,10,LIMA,LIMA,CHORRILLOS,SANIDAD DEL EJERCITO DEL PERU,II-E,21,41,0,61,data\raw\Capacidad\ConsultaA_Recursos_Salud_2021_v19.csv,35044
00023159,2021,10,LIMA,LIMA,VILLA EL SALVADOR,MINSA,II-2,258,357,0,462,data\raw\Capacidad\ConsultaA_Recursos_Salud_2021_v19.csv,35054
00007734,2021,11,LIMA,LIMA,CHORRILLOS,MINSA,III-2,25,133,45,26,data\raw\Capacidad\ConsultaA_Recursos_Salud_2021_v19.csv,35093
00008489,2021,9,LIMA,LIMA,MIRAFLORES,ESSALUD,II-2,73,252,17,182,data\raw\Capacidad\ConsultaA_Recursos_Salud_2021_v19.csv,35388
00007733,2021,8,LIMA,LIMA,SAN MARTIN DE PORRES,MINSA,III-2,26,136,54,75,data\raw\Capacidad\ConsultaA_Recursos_Salud_2021_v19.csv,35498
00006208,2021,10,LIMA,LIMA,LIMA,MINSA,III-2,397,349,76,362,data\raw\Capacidad\ConsultaA_Recursos_Salud_2021_v19.csv,35596
00007734,2021,10,LIMA,LIMA,CHORRILLOS,MINSA,III-2,24,133,51,26,data\raw\Capacidad\ConsultaA_Recursos_Salud_2021_v19.csv,35597
00010098,2021,9,LIMA,LIMA,CHORRILLOS,SANIDAD DEL EJERCITO DEL PERU,II-E,21,38,0,61,data\raw\Capacidad\ConsultaA_Recursos_Salud_2021_v19.csv,35607
00010751,2021,2,LIMA,LIMA,MIRAFLORES,SANIDAD DE LA FUERZA AEREA DEL PERU,III-1,242,218,20,238,data\raw\Capacidad\ConsultaA_Recursos_Salud_2021_v19.csv,35658
00008489,2021,12,LIMA,LIMA,MIRAFLORES,ESSALUD,II-2,79,275,19,174,data\raw\Capacidad\ConsultaA_Recursos_Salud_2021_v19.csv,35858
00006212,2021,12,LIMA,LIMA,LA VICTORIA,MINSA,III-E,45,131,6,129,data\raw\Capacidad\ConsultaA_Recursos_Salud_2021_v19.csv,35859
00005883,2021,12,LIMA,LIMA,ATE,MINSA,II-1,56,88,0,72,data\raw\Capacidad\ConsultaA_Recursos_Salud_2021_v19.csv,35870
00018011,2021,12,LIMA,LIMA,JESUS MARIA,ESSALUD,III-E,100,172,39,276,data\raw\Capacidad\ConsultaA_Recursos_Salud_2021_v19.csv,35887
00008353,2021,12,LIMA,LIMA,ATE,ESSALUD,II-1,51,125,20,113,data\raw\Capacidad\ConsultaA_Recursos_Salud_2021_v19.csv,35915
00006214,2021,10,LIMA,LIMA,MAGDALENA DEL MAR,MINSA,III-1,590,75,21,96,data\raw\Capacidad\ConsultaA_Recursos_Salud_2021_v19.csv,35933
00010434,2021,12,LIMA,LIMA,SANTA ANITA,ESSALUD,II-E,141,98,9,208,data\raw\Capacidad\ConsultaA_Recursos_Salud_2021_v19.csv,36179
00009188,2021,12,LIMA,LIMA,LIMA,ESSALUD,II-1,64,106,0,114,data\raw\Capacidad\ConsultaA_Recursos_Salud_2021_v19.csv,36190
00007632,2021,12,LIMA,LIMA,PUENTE PIEDRA,MINSA,II-2,157,121,56,279,data\raw\Capacidad\ConsultaA_Recursos_Salud_2021_v19.csv,36234
00008720,2021,12,LIMA,LIMA,JESUS MARIA,ESSALUD,III-2,1475,2119,505,2194,data\raw\Capacidad\ConsultaA_Recursos_Salud_2021_v19.csv,36236
00010135,2021,12,LIMA,LIMA,LA MOLINA,ESSALUD,II-1,41,155,5,91,data\raw\Capacidad\ConsultaA_Recursos_Salud_2021_v19.csv,36371
00009251,2021,12,LIMA,LIMA,LA VICTORIA,ESSALUD,III-2,1021,1365,315,1385,data\raw\Capacidad\ConsultaA_Recursos_Salud_2021_v19.csv,36405
00008502,2021,12,LIMA,LIMA,LIMA,ESSALUD,II-2,145,368,95,296,data\raw\Capacidad\ConsultaA_Recursos_Salud_2021_v19.csv,36653
00006213,2021,12,LIMA,LIMA,MIRAFLORES,MINSA,III-E,71,216,31,264,data\raw\Capacidad\ConsultaA_Recursos_Salud_2021_v19.csv,36807
00007634,2021,12,LIMA,LIMA,COMAS,MINSA,III-1,215,211,114,241,data\raw\Capacidad\ConsultaA_Recursos_Salud_2021_v19.csv,36929
00006214,2021,4,LIMA,LIMA,MAGDALENA DEL MAR,MINSA,III-1,590,76,23,99,data\raw\Capacidad\ConsultaA_Recursos_Salud_2021_v19.csv,37355
00006214,2021,5,LIMA,LIMA,MAGDALENA DEL MAR,MINSA,III-1,590,76,23,92,data\raw\Capacidad\ConsultaA_Recursos_Salud_2021_v19.csv,37356
00006214,2021,6,LIMA,LIMA,MAGDALENA DEL MAR,MINSA,III-1,590,74,21,97,data\raw\Capacidad\ConsultaA_Recursos_Salud_2021_v19.csv,37357
00006214,2021,7,LIMA,LIMA,MAGDALENA DEL MAR,MINSA,III-1,590,72,21,99,data\raw\Capacidad\ConsultaA_Recursos_Salud_2021_v19.csv,37358
00006214,2021,8,LIMA,LIMA,MAGDALENA DEL MAR,MINSA,III-1,590,72,21,99,data\raw\Capacidad\ConsultaA_Recursos_Salud_2021_v19.csv,37359
00006214,2021,11,LIMA,LIMA,MAGDALENA DEL MAR,MINSA,III-1,590,75,21,92,data\raw\Capacidad\ConsultaA_Recursos_Salud_2021_v19.csv,37360
00010751,2021,12,LIMA,LIMA,MIRAFLORES,SANIDAD DE LA FUERZA AEREA DEL PERU,III-1,250,223,25,251,data\raw\Capacidad\ConsultaA_Recursos_Salud_2021_v19.csv,37402
00007633,2021,12,LIMA,LIMA,SAN MARTIN DE PORRES,MINSA,III-1,369,537,352,571,data\raw\Capacidad\ConsultaA_Recursos_Salud_2021_v19.csv,37472
00006207,2021,12,LIMA,LIMA,LIMA,MINSA,III-1,601,396,226,452,data\raw\Capacidad\ConsultaA_Recursos_Salud_2021_v19.csv,37482
00023159,2021,12,LIMA,LIMA,VILLA EL SALVADOR,MINSA,II-2,245,343,0,453,data\raw\Capacidad\ConsultaA_Recursos_Salud_2021_v19.csv,37505
00005945,2021,12,LIMA,LIMA,ATE,MINSA,II-1,55,217,51,133,data\raw\Capacidad\ConsultaA_Recursos_Salud_2021_v19.csv,37598
00008741,2022,4,LIMA,LIMA,VILLA EL SALVADOR,ESSALUD,II-1,72,94,2,91,data\raw\Capacidad\ConsultaA_Recursos_Salud_2022_v24.csv,174
00006213,2022,4,LIMA,LIMA,MIRAFLORES,MINSA,III-E,71,222,31,192,data\raw\Capacidad\ConsultaA_Recursos_Salud_2022_v24.csv,190
00008741,2022,1,LIMA,LIMA,VILLA EL SALVADOR,ESSALUD,II-1,72,96,3,100,data\raw\Capacidad\ConsultaA_Recursos_Salud_2022_v24.csv,271
00006213,2022,1,LIMA,LIMA,MIRAFLORES,MINSA,III-E,71,189,31,234,data\raw\Capacidad\ConsultaA_Recursos_Salud_2022_v24.csv,340
00009251,2022,2,LIMA,LIMA,LA VICTORIA,ESSALUD,III-2,1045,1385,315,1375,data\raw\Capacidad\ConsultaA_Recursos_Salud_2022_v24.csv,367
00008489,2022,2,LIMA,LIMA,MIRAFLORES,ESSALUD,II-2,78,284,20,171,data\raw\Capacidad\ConsultaA_Recursos_Salud_2022_v24.csv,398
00006214,2022,3,LIMA,LIMA,MAGDALENA DEL MAR,MINSA,III-1,590,80,21,107,data\raw\Capacidad\ConsultaA_Recursos_Salud_2022_v24.csv,415
00005947,2022,4,LIMA,LIMA,LURIGANCHO,MINSA,II-2,67,143,13,100,data\raw\Capacidad\ConsultaA_Recursos_Salud_2022_v24.csv,435
00008720,2022,4,LIMA,LIMA,JESUS MARIA,ESSALUD,III-2,1498,2055,505,1679,data\raw\Capacidad\ConsultaA_Recursos_Salud_2022_v24.csv,436
00010135,2022,4,LIMA,LIMA,LA MOLINA,ESSALUD,II-1,41,178,5,91,data\raw\Capacidad\ConsultaA_Recursos_Salud_2022_v24.csv,451
00013591,2022,4,LIMA,LIMA,JESUS MARIA,SANIDAD DE LA POLICIA NACIONAL DEL PERU,III-1,411,313,203,308,data\raw\Capacidad\ConsultaA_Recursos_Salud_2022_v24.csv,452
00010135,2022,1,LIMA,LIMA,LA MOLINA,ESSALUD,II-1,41,165,5,90,data\raw\Capacidad\ConsultaA_Recursos_Salud_2022_v24.csv,464
00005946,2022,2,LIMA,LIMA,EL AGUSTINO,MINSA,III-1,622,488,214,649,data\raw\Capacidad\ConsultaA_Recursos_Salud_2022_v24.csv,486
00017024,2022,2,LIMA,LIMA,JESUS MARIA,SANIDAD DEL EJERCITO DEL PERU,III-1,595,135,65,393,data\raw\Capacidad\ConsultaA_Recursos_Salud_2022_v24.csv,487
00008317,2022,2,LIMA,LIMA,SAN JUAN DE LURIGANCHO,ESSALUD,II-1,76,170,14,130,data\raw\Capacidad\ConsultaA_Recursos_Salud_2022_v24.csv,583
00005945,2022,3,LIMA,LIMA,ATE,MINSA,II-1,55,217,51,133,data\raw\Capacidad\ConsultaA_Recursos_Salud_2022_v24.csv,635
00014718,2022,3,LIMA,LIMA,SAN MIGUEL,SANIDAD DE LA POLICIA NACIONAL DEL PERU,II-E,21,19,2,27,data\raw\Capacidad\ConsultaA_Recursos_Salud_2022_v24.csv,737
00010135,2022,2,LIMA,LIMA,LA MOLINA,ESSALUD,II-1,41,165,5,89,data\raw\Capacidad\ConsultaA_Recursos_Salud_2022_v24.csv,782
00006208,2022,1,LIMA,LIMA,LIMA,MINSA,III-2,397,287,76,353,data\raw\Capacidad\ConsultaA_Recursos_Salud_2022_v24.csv,846
00007734,2022,1,LIMA,LIMA,CHORRILLOS,MINSA,III-E,19,126,45,26,data\raw\Capacidad\ConsultaA_Recursos_Salud_2022_v24.csv,849
00006215,2022,2,LIMA,LIMA,LIMA,MINSA,III-E,207,332,97,290,data\raw\Capacidad\ConsultaA_Recursos_Salud_2022_v24.csv,898
00006207,2022,2,LIMA,LIMA,LIMA,MINSA,III-1,662,426,234,480,data\raw\Capacidad\ConsultaA_Recursos_Salud_2022_v24.csv,943
00008353,2022,3,LIMA,LIMA,ATE,ESSALUD,II-1,51,125,20,113,data\raw\Capacidad\ConsultaA_Recursos_Salud_2022_v24.csv,1053
00006212,2022,4,LIMA,LIMA,LA VICTORIA,MINSA,III-E,56,122,4,133,data\raw\Capacidad\ConsultaA_Recursos_Salud_2022_v24.csv,1152
00008318,2022,3,LIMA,LIMA,SANTA ANITA,ESSALUD,II-1,40,88,5,68,data\raw\Capacidad\ConsultaA_Recursos_Salud_2022_v24.csv,1408
00016918,2022,2,LIMA,LIMA,SAN BORJA,MINSA,III-2,236,439,88,474,data\raw\Capacidad\ConsultaA_Recursos_Salud_2022_v24.csv,1550
00010751,2022,1,LIMA,LIMA,MIRAFLORES,SANIDAD DE LA FUERZA AEREA DEL PERU,III-1,250,223,25,251,data\raw\Capacidad\ConsultaA_Recursos_Salud_2022_v24.csv,1646
00005987,2022,1,LIMA,LIMA,SAN JUAN DE MIRAFLORES,MINSA,III-1,467,238,182,354,data\raw\Capacidad\ConsultaA_Recursos_Salud_2022_v24.csv,1654
00006212,2022,1,LIMA,LIMA,LA VICTORIA,MINSA,III-E,46,123,6,123,data\raw\Capacidad\ConsultaA_Recursos_Salud_2022_v24.csv,1751
00006214,2022,2,LIMA,LIMA,MAGDALENA DEL MAR,MINSA,III-1,590,82,21,90,data\raw\Capacidad\ConsultaA_Recursos_Salud_2022_v24.csv,1762
00016094,2022,3,LIMA,LIMA,RIMAC,SANIDAD DE LA POLICIA NACIONAL DEL PERU,II-1,69,4,0,37,data\raw\Capacidad\ConsultaA_Recursos_Salud_2022_v24.csv,1883
00006206,2022,3,LIMA,LIMA,LIMA,MINSA,III-1,334,394,331,268,data\raw\Capacidad\ConsultaA_Recursos_Salud_2022_v24.csv,1926
00010098,2022,4,LIMA,LIMA,CHORRILLOS,SANIDAD DEL EJERCITO DEL PERU,II-E,9,45,0,59,data\raw\Capacidad\ConsultaA_Recursos_Salud_2022_v24.csv,1957
00008317,2022,4,LIMA,LIMA,SAN JUAN DE LURIGANCHO,ESSALUD,II-1,48,138,14,118,data\raw\Capacidad\ConsultaA_Recursos_Salud_2022_v24.csv,1958
00009188,2022,4,LIMA,LIMA,LIMA,ESSALUD,II-1,73,106,0,114,data\raw\Capacidad\ConsultaA_Recursos_Salud_2022_v24.csv,1975
00005883,2022,2,LIMA,LIMA,ATE,MINSA,II-1,59,86,0,72,data\raw\Capacidad\ConsultaA_Recursos_Salud_2022_v24.csv,1991
00008741,2022,2,LIMA,LIMA,VILLA EL SALVADOR,ESSALUD,II-1,72,96,2,100,data\raw\Capacidad\ConsultaA_Recursos_Salud_2022_v24.csv,1992
00005987,2022,3,LIMA,LIMA,SAN JUAN DE MIRAFLORES,MINSA,III-1,467,248,175,339,data\raw\Capacidad\ConsultaA_Recursos_Salud_2022_v24.csv,1997
00006209,2022,3,LIMA,LIMA,LIMA,MINSA,III-2,132,75,40,94,data\raw\Capacidad\ConsultaA_Recursos_Salud_2022_v24.csv,1998
00007734,2022,4,LIMA,LIMA,CHORRILLOS,MINSA,III-E,28,91,14,26,data\raw\Capacidad\ConsultaA_Recursos_Salud_2022_v24.csv,2128
00012923,2022,3,LIMA,LIMA,PUENTE PIEDRA,SANIDAD DE LA POLICIA NACIONAL DEL PERU,I-2,0,1,0,2,data\raw\Capacidad\ConsultaA_Recursos_Salud_2022_v24.csv,2221
00013591,2022,3,LIMA,LIMA,JESUS MARIA,SANIDAD DE LA POLICIA NACIONAL DEL PERU,III-1,411,313,203,308,data\raw\Capacidad\ConsultaA_Recursos_Salud_2022_v24.csv,2269
00016918,2022,3,LIMA,LIMA,SAN BORJA,MINSA,III-2,236,450,88,474,data\raw\Capacidad\ConsultaA_Recursos_Salud_2022_v24.csv,2272
00008720,2022,2,LIMA,LIMA,JESUS MARIA,ESSALUD,III-2,1487,2116,505,2025,data\raw\Capacidad\ConsultaA_Recursos_Salud_2022_v24.csv,2545
00023159,2022,1,LIMA,LIMA,VILLA EL SALVADOR,MINSA,II-2,286,398,0,524,data\raw\Capacidad\ConsultaA_Recursos_Salud_2022_v24.csv,2597
00006206,2022,2,LIMA,LIMA,LIMA,MINSA,III-1,333,414,196,267,data\raw\Capacidad\ConsultaA_Recursos_Salud_2022_v24.csv,2623
00009251,2022,3,LIMA,LIMA,LA VICTORIA,ESSALUD,III-2,863,1372,314,1377,data\raw\Capacidad\ConsultaA_Recursos_Salud_2022_v24.csv,2633
00016918,2022,1,LIMA,LIMA,SAN BORJA,MINSA,III-2,236,429,82,474,data\raw\Capacidad\ConsultaA_Recursos_Salud_2022_v24.csv,2713
00010098,2022,2,LIMA,LIMA,CHORRILLOS,SANIDAD DEL EJERCITO DEL PERU,II-E,9,44,0,59,data\raw\Capacidad\ConsultaA_Recursos_Salud_2022_v24.csv,2726
00005946,2022,1,LIMA,LIMA,EL AGUSTINO,MINSA,III-1,614,508,156,626,data\raw\Capacidad\ConsultaA_Recursos_Salud_2022_v24.csv,2747
00006208,2022,3,LIMA,LIMA,LIMA,MINSA,III-2,397,272,76,364,data\raw\Capacidad\ConsultaA_Recursos_Salud_2022_v24.csv,2791
00008318,2022,4,LIMA,LIMA,SANTA ANITA,ESSALUD,II-1,40,88,5,68,data\raw\Capacidad\ConsultaA_Recursos_Salud_2022_v24.csv,2878
00006209,2022,1,LIMA,LIMA,LIMA,MINSA,III-2,122,86,40,106,data\raw\Capacidad\ConsultaA_Recursos_Salud_2022_v24.csv,2938
00008318,2022,2,LIMA,LIMA,SANTA ANITA,ESSALUD,II-1,38,89,5,68,data\raw\Capacidad\ConsultaA_Recursos_Salud_2022_v24.csv,3059
00006208,2022,4,LIMA,LIMA,LIMA,MINSA,III-2,397,276,76,375,data\raw\Capacidad\ConsultaA_Recursos_Salud_2022_v24.csv,3402
00007633,2022,3,LIMA,LIMA,SAN MARTIN DE PORRES,MINSA,III-1,366,524,346,571,data\raw\Capacidad\ConsultaA_Recursos_Salud_2022_v24.csv,3472
00006213,2022,3,LIMA,LIMA,MIRAFLORES,MINSA,III-E,71,187,31,238,data\raw\Capacidad\ConsultaA_Recursos_Salud_2022_v24.csv,3565
00006211,2022,3,LIMA,LIMA,PUEBLO LIBRE,MINSA,III-1,140,258,44,284,data\raw\Capacidad\ConsultaA_Recursos_Salud_2022_v24.csv,3668
00006212,2022,3,LIMA,LIMA,LA VICTORIA,MINSA,III-E,57,118,8,132,data\raw\Capacidad\ConsultaA_Recursos_Salud_2022_v24.csv,3698
00005617,2022,1,LIMA,LIMA,SAN JUAN DE LURIGANCHO,MINSA,II-2,145,186,22,262,data\raw\Capacidad\ConsultaA_Recursos_Salud_2022_v24.csv,3723
00006206,2022,1,LIMA,LIMA,LIMA,MINSA,III-1,331,409,207,268,data\raw\Capacidad\ConsultaA_Recursos_Salud_2022_v24.csv,3791
00007633,2022,2,LIMA,LIMA,SAN MARTIN DE PORRES,MINSA,III-1,421,526,347,571,data\raw\Capacidad\ConsultaA_Recursos_Salud_2022_v24.csv,3794
00006206,2022,4,LIMA,LIMA,LIMA,MINSA,III-1,334,424,181,274,data\raw\Capacidad\ConsultaA_Recursos_Salud_2022_v24.csv,3817
00007632,2022,3,LIMA,LIMA,PUENTE PIEDRA,MINSA,II-2,157,177,56,359,data\raw\Capacidad\ConsultaA_Recursos_Salud_2022_v24.csv,3917
00005948,2022,3,LIMA,LIMA,SANTA ANITA,MINSA,III-1,211,85,37,85,data\raw\Capacidad\ConsultaA_Recursos_Salud_2022_v24.csv,4049
00008671,2022,2,LIMA,LIMA,COMAS,ESSALUD,II-1,109,182,0,166,data\raw\Capacidad\ConsultaA_Recursos_Salud_2022_v24.csv,4185
00018011,2022,2,LIMA,LIMA,JESUS MARIA,ESSALUD,III-E,100,168,39,276,data\raw\Capacidad\ConsultaA_Recursos_Salud_2022_v24.csv,4327
00027565,2022,2,LIMA,LIMA,COMAS,ESSALUD,II-1,109,182,0,166,data\raw\Capacidad\ConsultaA_Recursos_Salud_2022_v24.csv,4367
00027565,2022,1,LIMA,LIMA,COMAS,ESSALUD,II-1,104,192,0,168,data\raw\Capacidad\ConsultaA_Recursos_Salud_2022_v24.csv,4373
00007633,2022,1,LIMA,LIMA,SAN MARTIN DE PORRES,MINSA,III-1,460,523,349,571,data\raw\Capacidad\ConsultaA_Recursos_Salud_2022_v24.csv,4589
00009188,2022,3,LIMA,LIMA,LIMA,ESSALUD,II-1,73,106,0,114,data\raw\Capacidad\ConsultaA_Recursos_Salud_2022_v24.csv,4634
00018011,2022,3,LIMA,LIMA,JESUS MARIA,ESSALUD,III-E,95,161,39,266,data\raw\Capacidad\ConsultaA_Recursos_Salud_2022_v24.csv,4863
00007633,2022,4,LIMA,LIMA,SAN MARTIN DE PORRES,MINSA,III-1,361,527,346,571,data\raw\Capacidad\ConsultaA_Recursos_Salud_2022_v24.csv,4899
00006211,2022,1,LIMA,LIMA,PUEBLO LIBRE,MINSA,III-1,140,258,44,284,data\raw\Capacidad\ConsultaA_Recursos_Salud_2022_v24.csv,5105
00006217,2022,1,LIMA,LIMA,LIMA,MINSA,III-2,7,108,18,55,data\raw\Capacidad\ConsultaA_Recursos_Salud_2022_v24.csv,5191
00005617,2022,2,LIMA,LIMA,SAN JUAN DE LURIGANCHO,MINSA,II-2,145,189,22,231,data\raw\Capacidad\ConsultaA_Recursos_Salud_2022_v24.csv,5244
00005987,2022,4,LIMA,LIMA,SAN JUAN DE MIRAFLORES,MINSA,III-1,467,250,170,344,data\raw\Capacidad\ConsultaA_Recursos_Salud_2022_v24.csv,5299
00006210,2022,1,LIMA,LIMA,SURQUILLO,MINSA,III-2,413,286,159,506,data\raw\Capacidad\ConsultaA_Recursos_Salud_2022_v24.csv,5426
00010135,2022,3,LIMA,LIMA,LA MOLINA,ESSALUD,II-1,41,163,5,91,data\raw\Capacidad\ConsultaA_Recursos_Salud_2022_v24.csv,5467
00006210,2022,2,LIMA,LIMA,SURQUILLO,MINSA,III-2,413,283,155,517,data\raw\Capacidad\ConsultaA_Recursos_Salud_2022_v24.csv,5635
00006208,2022,2,LIMA,LIMA,LIMA,MINSA,III-2,397,268,76,367,data\raw\Capacidad\ConsultaA_Recursos_Salud_2022_v24.csv,5638
00006216,2022,1,LIMA,LIMA,BREÑA,MINSA,III-2,371,358,59,621,data\raw\Capacidad\ConsultaA_Recursos_Salud_2022_v24.csv,5697
00012923,2022,2,LIMA,LIMA,PUENTE PIEDRA,SANIDAD DE LA POLICIA NACIONAL DEL PERU,I-2,0,3,0,0,data\raw\Capacidad\ConsultaA_Recursos_Salud_2022_v24.csv,5828
00007634,2022,2,LIMA,LIMA,COMAS,MINSA,III-1,215,211,114,241,data\raw\Capacidad\ConsultaA_Recursos_Salud_2022_v24.csv,5895
00006213,2022,2,LIMA,LIMA,MIRAFLORES,MINSA,III-E,71,189,31,238,data\raw\Capacidad\ConsultaA_Recursos_Salud_2022_v24.csv,5904
00007734,2022,3,LIMA,LIMA,CHORRILLOS,MINSA,III-E,23,93,16,26,data\raw\Capacidad\ConsultaA_Recursos_Salud_2022_v24.csv,5946
00006215,2022,4,LIMA,LIMA,LIMA,MINSA,III-E,206,343,101,304,data\raw\Capacidad\ConsultaA_Recursos_Salud_2022_v24.csv,6045
00005946,2022,4,LIMA,LIMA,EL AGUSTINO,MINSA,III-1,511,488,222,642,data\raw\Capacidad\ConsultaA_Recursos_Salud_2022_v24.csv,6055
00008489,2022,1,LIMA,LIMA,MIRAFLORES,ESSALUD,II-2,78,284,18,169,data\raw\Capacidad\ConsultaA_Recursos_Salud_2022_v24.csv,6247
00005945,2022,1,LIMA,LIMA,ATE,MINSA,II-1,55,217,51,133,data\raw\Capacidad\ConsultaA_Recursos_Salud_2022_v24.csv,6308
00005948,2022,1,LIMA,LIMA,SANTA ANITA,MINSA,III-1,211,96,42,85,data\raw\Capacidad\ConsultaA_Recursos_Salud_2022_v24.csv,6391
00005945,2022,2,LIMA,LIMA,ATE,MINSA,II-1,55,217,51,133,data\raw\Capacidad\ConsultaA_Recursos_Salud_2022_v24.csv,6414
00005947,2022,2,LIMA,LIMA,LURIGANCHO,MINSA,II-2,67,140,13,105,data\raw\Capacidad\ConsultaA_Recursos_Salud_2022_v24.csv,6415
00014718,2022,2,LIMA,LIMA,SAN MIGUEL,SANIDAD DE LA POLICIA NACIONAL DEL PERU,II-E,26,26,3,28,data\raw\Capacidad\ConsultaA_Recursos_Salud_2022_v24.csv,6538
00006216,2022,2,LIMA,LIMA,BREÑA,MINSA,III-2,371,355,57,623,data\raw\Capacidad\ConsultaA_Recursos_Salud_2022_v24.csv,6593
00017024,2022,3,LIMA,LIMA,JESUS MARIA,SANIDAD DEL EJERCITO DEL PERU,III-1,595,131,65,393,data\raw\Capacidad\ConsultaA_Recursos_Salud_2022_v24.csv,6765
00006211,2022,2,LIMA,LIMA,PUEBLO LIBRE,MINSA,III-1,140,258,44,284,data\raw\Capacidad\ConsultaA_Recursos_Salud_2022_v24.csv,6956
00023159,2022,2,LIMA,LIMA,VILLA EL SALVADOR,MINSA,II-2,286,398,0,524,data\raw\Capacidad\ConsultaA_Recursos_Salud_2022_v24.csv,7229
00010751,2022,3,LIMA,LIMA,MIRAFLORES,SANIDAD DE LA FUERZA AEREA DEL PERU,III-1,250,223,25,251,data\raw\Capacidad\ConsultaA_Recursos_Salud_2022_v24.csv,7667
00006215,2022,3,LIMA,LIMA,LIMA,MINSA,III-E,208,351,100,299,data\raw\Capacidad\ConsultaA_Recursos_Salud_2022_v24.csv,7750
00008318,2022,1,LIMA,LIMA,SANTA ANITA,ESSALUD,II-1,38,89,5,68,data\raw\Capacidad\ConsultaA_Recursos_Salud_2022_v24.csv,7829
00027565,2022,3,LIMA,LIMA,COMAS,ESSALUD,II-1,106,181,0,169,data\raw\Capacidad\ConsultaA_Recursos_Salud_2022_v24.csv,7846
00010098,2022,3,LIMA,LIMA,CHORRILLOS,SANIDAD DEL EJERCITO DEL PERU,II-E,9,44,0,59,data\raw\Capacidad\ConsultaA_Recursos_Salud_2022_v24.csv,7847
00013591,2022,1,LIMA,LIMA,JESUS MARIA,SANIDAD DE LA POLICIA NACIONAL DEL PERU,III-1,411,301,203,298,data\raw\Capacidad\ConsultaA_Recursos_Salud_2022_v24.csv,7889
00008317,2022,3,LIMA,LIMA,SAN JUAN DE LURIGANCHO,ESSALUD,II-1,48,143,14,123,data\raw\Capacidad\ConsultaA_Recursos_Salud_2022_v24.csv,7939
00023159,2022,3,LIMA,LIMA,VILLA EL SALVADOR,MINSA,II-2,231,400,0,467,data\raw\Capacidad\ConsultaA_Recursos_Salud_2022_v24.csv,8002
00012923,2022,4,LIMA,LIMA,PUENTE PIEDRA,SANIDAD DE LA POLICIA NACIONAL DEL PERU,I-2,0,3,0,2,data\raw\Capacidad\ConsultaA_Recursos_Salud_2022_v24.csv,8022
00016094,2022,4,LIMA,LIMA,RIMAC,SANIDAD DE LA POLICIA NACIONAL DEL PERU,II-1,69,16,0,47,data\raw\Capacidad\ConsultaA_Recursos_Salud_2022_v24.csv,8033
00006214,2022,4,LIMA,LIMA,MAGDALENA DEL MAR,MINSA,III-1,590,83,21,112,data\raw\Capacidad\ConsultaA_Recursos_Salud_2022_v24.csv,8034
00005617,2022,4,LIMA,LIMA,SAN JUAN DE LURIGANCHO,MINSA,II-2,145,192,22,298,data\raw\Capacidad\ConsultaA_Recursos_Salud_2022_v24.csv,8038
00007634,2022,1,LIMA,LIMA,COMAS,MINSA,III-1,215,211,114,241,data\raw\Capacidad\ConsultaA_Recursos_Salud_2022_v24.csv,8043
00006212,2022,2,LIMA,LIMA,LA VICTORIA,MINSA,III-E,52,121,5,124,data\raw\Capacidad\ConsultaA_Recursos_Salud_2022_v24.csv,8052
00005987,2022,2,LIMA,LIMA,SAN JUAN DE MIRAFLORES,MINSA,III-1,467,255,182,340,data\raw\Capacidad\ConsultaA_Recursos_Salud_2022_v24.csv,8164
00006207,2022,3,LIMA,LIMA,LIMA,MINSA,III-1,598,417,227,478,data\raw\Capacidad\ConsultaA_Recursos_Salud_2022_v24.csv,8202
00008317,2022,1,LIMA,LIMA,SAN JUAN DE LURIGANCHO,ESSALUD,II-1,76,157,14,130,data\raw\Capacidad\ConsultaA_Recursos_Salud_2022_v24.csv,8231
00005883,2022,1,LIMA,LIMA,ATE,MINSA,II-1,56,88,0,72,data\raw\Capacidad\ConsultaA_Recursos_Salud_2022_v24.csv,8258
00008720,2022,1,LIMA,LIMA,JESUS MARIA,ESSALUD,III-2,1463,2094,505,2194,data\raw\Capacidad\ConsultaA_Recursos_Salud_2022_v24.csv,8260
00006209,2022,2,LIMA,LIMA,LIMA,MINSA,III-2,121,69,40,115,data\raw\Capacidad\ConsultaA_Recursos_Salud_2022_v24.csv,8267
00008353,2022,2,LIMA,LIMA,ATE,ESSALUD,II-1,51,125,20,113,data\raw\Capacidad\ConsultaA_Recursos_Salud_2022_v24.csv,8271
00006210,2022,3,LIMA,LIMA,SURQUILLO,MINSA,III-2,413,279,155,519,data\raw\Capacidad\ConsultaA_Recursos_Salud_2022_v24.csv,8315
00005947,2022,3,LIMA,LIMA,LURIGANCHO,MINSA,II-2,67,138,13,103,data\raw\Capacidad\ConsultaA_Recursos_Salud_2022_v24.csv,8321
00009188,2022,1,LIMA,LIMA,LIMA,ESSALUD,II-1,64,106,0,114,data\raw\Capacidad\ConsultaA_Recursos_Salud_2022_v24.csv,8327
00008564,2022,2,LIMA,LIMA,SAN MIGUEL,ESSALUD,II-1,245,229,0,291,data\raw\Capacidad\ConsultaA_Recursos_Salud_2022_v24.csv,8355
00005883,2022,3,LIMA,LIMA,ATE,MINSA,II-1,57,85,0,90,data\raw\Capacidad\ConsultaA_Recursos_Salud_2022_v24.csv,8383
00007733,2022,3,LIMA,LIMA,SAN MARTIN DE PORRES,MINSA,III-2,44,117,55,72,data\raw\Capacidad\ConsultaA_Recursos_Salud_2022_v24.csv,8385
00017024,2022,1,LIMA,LIMA,JESUS MARIA,SANIDAD DEL EJERCITO DEL PERU,III-1,595,134,65,393,data\raw\Capacidad\ConsultaA_Recursos_Salud_2022_v24.csv,8430
00007632,2022,2,LIMA,LIMA,PUENTE PIEDRA,MINSA,II-2,157,179,56,362,data\raw\Capacidad\ConsultaA_Recursos_Salud_2022_v24.csv,8452
00005617,2022,3,LIMA,LIMA,SAN JUAN DE LURIGANCHO,MINSA,II-2,145,189,22,264,data\raw\Capacidad\ConsultaA_Recursos_Salud_2022_v24.csv,8469
00010434,2022,3,LIMA,LIMA,SANTA ANITA,ESSALUD,II-E,194,92,9,190,data\raw\Capacidad\ConsultaA_Recursos_Salud_2022_v24.csv,8477
00009251,2022,4,LIMA,LIMA,LA VICTORIA,ESSALUD,III-2,1043,1344,313,1315,data\raw\Capacidad\ConsultaA_Recursos_Salud_2022_v24.csv,8513
00006211,2022,4,LIMA,LIMA,PUEBLO LIBRE,MINSA,III-1,140,258,44,284,data\raw\Capacidad\ConsultaA_Recursos_Salud_2022_v24.csv,8514
00010434,2022,4,LIMA,LIMA,SANTA ANITA,ESSALUD,II-E,184,88,9,181,data\raw\Capacidad\ConsultaA_Recursos_Salud_2022_v24.csv,8515
00018011,2022,4,LIMA,LIMA,JESUS MARIA,ESSALUD,III-E,97,162,39,265,data\raw\Capacidad\ConsultaA_Recursos_Salud_2022_v24.csv,8520
00017024,2022,4,LIMA,LIMA,JESUS MARIA,SANIDAD DEL EJERCITO DEL PERU,III-1,595,130,65,393,data\raw\Capacidad\ConsultaA_Recursos_Salud_2022_v24.csv,8543
00007634,2022,3,LIMA,LIMA,COMAS,MINSA,III-1,215,211,114,241,data\raw\Capacidad\ConsultaA_Recursos_Salud_2022_v24.csv,8691
00005947,2022,1,LIMA,LIMA,LURIGANCHO,MINSA,II-2,67,122,13,99,data\raw\Capacidad\ConsultaA_Recursos_Salud_2022_v24.csv,8737
00005948,2022,2,LIMA,LIMA,SANTA ANITA,MINSA,III-1,186,87,35,81,data\raw\Capacidad\ConsultaA_Recursos_Salud_2022_v24.csv,8769
00006207,2022,4,LIMA,LIMA,LIMA,MINSA,III-1,665,412,305,500,data\raw\Capacidad\ConsultaA_Recursos_Salud_2022_v24.csv,8833
00006210,2022,4,LIMA,LIMA,SURQUILLO,MINSA,III-2,413,277,155,517,data\raw\Capacidad\ConsultaA_Recursos_Salud_2022_v24.csv,8835
00023159,2022,4,LIMA,LIMA,VILLA EL SALVADOR,MINSA,II-2,337,389,0,464,data\raw\Capacidad\ConsultaA_Recursos_Salud_2022_v24.csv,8861
00007733,2022,4,LIMA,LIMA,SAN MARTIN DE PORRES,MINSA,III-2,52,116,55,74,data\raw\Capacidad\ConsultaA_Recursos_Salud_2022_v24.csv,8963
00007733,2022,2,LIMA,LIMA,SAN MARTIN DE PORRES,MINSA,III-2,32,117,55,66,data\raw\Capacidad\ConsultaA_Recursos_Salud_2022_v24.csv,8969
00008741,2022,3,LIMA,LIMA,VILLA EL SALVADOR,ESSALUD,II-1,72,96,2,97,data\raw\Capacidad\ConsultaA_Recursos_Salud_2022_v24.csv,9007
00005946,2022,3,LIMA,LIMA,EL AGUSTINO,MINSA,III-1,536,486,223,642,data\raw\Capacidad\ConsultaA_Recursos_Salud_2022_v24.csv,9066
00006216,2022,3,LIMA,LIMA,BREÑA,MINSA,III-2,371,356,43,624,data\raw\Capacidad\ConsultaA_Recursos_Salud_2022_v24.csv,9199
00008353,2022,1,LIMA,LIMA,ATE,ESSALUD,II-1,51,125,20,113,data\raw\Capacidad\ConsultaA_Recursos_Salud_2022_v24.csv,9306
00007733,2022,1,LIMA,LIMA,SAN MARTIN DE PORRES,MINSA,III-2,26,117,55,72,data\raw\Capacidad\ConsultaA_Recursos_Salud_2022_v24.csv,9307
00008502,2022,3,LIMA,LIMA,LIMA,ESSALUD,II-2,145,353,90,288,data\raw\Capacidad\ConsultaA_Recursos_Salud_2022_v24.csv,9321
00008720,2022,3,LIMA,LIMA,JESUS MARIA,ESSALUD,III-2,1470,2076,505,1797,data\raw\Capacidad\ConsultaA_Recursos_Salud_2022_v24.csv,9322
00008564,2022,3,LIMA,LIMA,SAN MIGUEL,ESSALUD,II-1,117,150,0,131,data\raw\Capacidad\ConsultaA_Recursos_Salud_2022_v24.csv,9343
00006217,2022,3,LIMA,LIMA,LIMA,MINSA,III-2,7,108,18,55,data\raw\Capacidad\ConsultaA_Recursos_Salud_2022_v24.csv,9347
00010751,2022,4,LIMA,LIMA,MIRAFLORES,SANIDAD DE LA FUERZA AEREA DEL PERU,III-1,250,223,25,251,data\raw\Capacidad\ConsultaA_Recursos_Salud_2022_v24.csv,9432
00006216,2022,4,LIMA,LIMA,BREÑA,MINSA,III-2,303,352,63,621,data\raw\Capacidad\ConsultaA_Recursos_Salud_2022_v24.csv,9459
00016918,2022,4,LIMA,LIMA,SAN BORJA,MINSA,III-2,236,443,92,474,data\raw\Capacidad\ConsultaA_Recursos_Salud_2022_v24.csv,9487
00007634,2022,4,LIMA,LIMA,COMAS,MINSA,III-1,215,211,114,241,data\raw\Capacidad\ConsultaA_Recursos_Salud_2022_v24.csv,9552
00008489,2022,3,LIMA,LIMA,MIRAFLORES,ESSALUD,II-2,73,284,17,168,data\raw\Capacidad\ConsultaA_Recursos_Salud_2022_v24.csv,9602
00014718,2022,4,LIMA,LIMA,SAN MIGUEL,SANIDAD DE LA POLICIA NACIONAL DEL PERU,II-E,21,21,1,28,data\raw\Capacidad\ConsultaA_Recursos_Salud_2022_v24.csv,9632
00009251,2022,1,LIMA,LIMA,LA VICTORIA,ESSALUD,III-2,1045,1382,315,1378,data\raw\Capacidad\ConsultaA_Recursos_Salud_2022_v24.csv,9657
00013591,2022,2,LIMA,LIMA,JESUS MARIA,SANIDAD DE LA POLICIA NACIONAL DEL PERU,III-1,411,313,203,308,data\raw\Capacidad\ConsultaA_Recursos_Salud_2022_v24.csv,9761
00010098,2022,1,LIMA,LIMA,CHORRILLOS,SANIDAD DEL EJERCITO DEL PERU,II-E,9,43,0,59,data\raw\Capacidad\ConsultaA_Recursos_Salud_2022_v24.csv,9763
00007632,2022,4,LIMA,LIMA,PUENTE PIEDRA,MINSA,II-2,157,174,56,352,data\raw\Capacidad\ConsultaA_Recursos_Salud_2022_v24.csv,9823
00012923,2022,1,LIMA,LIMA,PUENTE PIEDRA,SANIDAD DE LA POLICIA NACIONAL DEL PERU,I-2,0,3,0,1,data\raw\Capacidad\ConsultaA_Recursos_Salud_2022_v24.csv,9859
00016094,2022,2,LIMA,LIMA,RIMAC,SANIDAD DE LA POLICIA NACIONAL DEL PERU,II-1,69,12,0,37,data\raw\Capacidad\ConsultaA_Recursos_Salud_2022_v24.csv,9965
00008671,2022,1,LIMA,LIMA,COMAS,ESSALUD,II-1,104,192,0,168,data\raw\Capacidad\ConsultaA_Recursos_Salud_2022_v24.csv,10139
00007632,2022,1,LIMA,LIMA,PUENTE PIEDRA,MINSA,II-2,157,181,56,359,data\raw\Capacidad\ConsultaA_Recursos_Salud_2022_v24.csv,10155
00006214,2022,1,LIMA,LIMA,MAGDALENA DEL MAR,MINSA,III-1,590,81,21,88,data\raw\Capacidad\ConsultaA_Recursos_Salud_2022_v24.csv,10242
00008564,2022,1,LIMA,LIMA,SAN MIGUEL,ESSALUD,II-1,248,219,0,6,data\raw\Capacidad\ConsultaA_Recursos_Salud_2022_v24.csv,10288
00006207,2022,1,LIMA,LIMA,LIMA,MINSA,III-1,647,400,214,466,data\raw\Capacidad\ConsultaA_Recursos_Salud_2022_v24.csv,10300
00010751,2022,2,LIMA,LIMA,MIRAFLORES,SANIDAD DE LA FUERZA AEREA DEL PERU,III-1,250,223,25,251,data\raw\Capacidad\ConsultaA_Recursos_Salud_2022_v24.csv,10338
00007734,2022,2,LIMA,LIMA,CHORRILLOS,MINSA,III-E,17,123,45,26,data\raw\Capacidad\ConsultaA_Recursos_Salud_2022_v24.csv,10384
00008502,2022,2,LIMA,LIMA,LIMA,ESSALUD,II-2,145,353,90,288,data\raw\Capacidad\ConsultaA_Recursos_Salud_2022_v24.csv,10392
00016094,2022,1,LIMA,LIMA,RIMAC,SANIDAD DE LA POLICIA NACIONAL DEL PERU,II-1,51,15,0,37,data\raw\Capacidad\ConsultaA_Recursos_Salud_2022_v24.csv,10415
00006215,2022,1,LIMA,LIMA,LIMA,MINSA,III-E,207,340,97,297,data\raw\Capacidad\ConsultaA_Recursos_Salud_2022_v24.csv,10418
00014718,2022,1,LIMA,LIMA,SAN MIGUEL,SANIDAD DE LA POLICIA NACIONAL DEL PERU,II-E,26,27,4,30,data\raw\Capacidad\ConsultaA_Recursos_Salud_2022_v24.csv,10475
00010434,2022,1,LIMA,LIMA,SANTA ANITA,ESSALUD,II-E,220,96,9,200,data\raw\Capacidad\ConsultaA_Recursos_Salud_2022_v24.csv,10478
00009188,2022,2,LIMA,LIMA,LIMA,ESSALUD,II-1,63,106,0,114,data\raw\Capacidad\ConsultaA_Recursos_Salud_2022_v24.csv,10524
00010434,2022,2,LIMA,LIMA,SANTA ANITA,ESSALUD,II-E,196,94,9,196,data\raw\Capacidad\ConsultaA_Recursos_Salud_2022_v24.csv,10578
00006217,2022,2,LIMA,LIMA,LIMA,MINSA,III-2,7,108,18,55,data\raw\Capacidad\ConsultaA_Recursos_Salud_2022_v24.csv,10726
00008502,2022,1,LIMA,LIMA,LIMA,ESSALUD,II-2,147,354,90,290,data\raw\Capacidad\ConsultaA_Recursos_Salud_2022_v24.csv,10825
00018011,2022,1,LIMA,LIMA,JESUS MARIA,ESSALUD,III-E,98,169,39,277,data\raw\Capacidad\ConsultaA_Recursos_Salud_2022_v24.csv,10861
00006213,2022,5,LIMA,LIMA,MIRAFLORES,MINSA,III-E,71,211,31,192,data\raw\Capacidad\ConsultaA_Recursos_Salud_2022_v24.csv,10885
00008318,2022,6,LIMA,LIMA,SANTA ANITA,ESSALUD,II-1,40,87,5,68,data\raw\Capacidad\ConsultaA_Recursos_Salud_2022_v24.csv,10892
00006213,2022,6,LIMA,LIMA,MIRAFLORES,MINSA,III-E,71,212,31,192,data\raw\Capacidad\ConsultaA_Recursos_Salud_2022_v24.csv,10899
00009188,2022,6,LIMA,LIMA,LIMA,ESSALUD,II-1,63,106,0,114,data\raw\Capacidad\ConsultaA_Recursos_Salud_2022_v24.csv,10901
00008720,2022,8,LIMA,LIMA,JESUS MARIA,ESSALUD,III-2,1505,2005,505,1819,data\raw\Capacidad\ConsultaA_Recursos_Salud_2022_v24.csv,10948
00005946,2022,8,LIMA,LIMA,EL AGUSTINO,MINSA,III-1,545,444,151,627,data\raw\Capacidad\ConsultaA_Recursos_Salud_2022_v24.csv,11073
00005947,2022,8,LIMA,LIMA,LURIGANCHO,MINSA,II-2,67,145,11,112,data\raw\Capacidad\ConsultaA_Recursos_Salud_2022_v24.csv,11075
00006209,2022,4,LIMA,LIMA,LIMA,MINSA,III-2,116,72,40,118,data\raw\Capacidad\ConsultaA_Recursos_Salud_2022_v24.csv,11082
00008502,2022,4,LIMA,LIMA,LIMA,ESSALUD,II-2,145,376,90,289,data\raw\Capacidad\ConsultaA_Recursos_Salud_2022_v24.csv,11086
00009188,2022,5,LIMA,LIMA,LIMA,ESSALUD,II-1,65,106,0,114,data\raw\Capacidad\ConsultaA_Recursos_Salud_2022_v24.csv,11294
00014718,2022,7,LIMA,LIMA,SAN MIGUEL,SANIDAD DE LA POLICIA NACIONAL DEL PERU,II-E,21,26,1,33,data\raw\Capacidad\ConsultaA_Recursos_Salud_2022_v24.csv,11390
00006216,2022,7,LIMA,LIMA,BREÑA,MINSA,III-2,322,351,65,624,data\raw\Capacidad\ConsultaA_Recursos_Salud_2022_v24.csv,11392
00005946,2022,7,LIMA,LIMA,EL AGUSTINO,MINSA,III-1,530,522,151,637,data\raw\Capacidad\ConsultaA_Recursos_Salud_2022_v24.csv,11426
00018011,2022,8,LIMA,LIMA,JESUS MARIA,ESSALUD,III-E,96,160,42,265,data\raw\Capacidad\ConsultaA_Recursos_Salud_2022_v24.csv,11461
00008564,2022,8,LIMA,LIMA,SAN MIGUEL,ESSALUD,II-1,20,91,0,67,data\raw\Capacidad\ConsultaA_Recursos_Salud_2022_v24.csv,11470
00006209,2022,5,LIMA,LIMA,LIMA,MINSA,III-2,120,65,40,115,data\raw\Capacidad\ConsultaA_Recursos_Salud_2022_v24.csv,11512
00006209,2022,6,LIMA,LIMA,LIMA,MINSA,III-2,128,77,40,126,data\raw\Capacidad\ConsultaA_Recursos_Salud_2022_v24.csv,11648
00006210,2022,5,LIMA,LIMA,SURQUILLO,MINSA,III-2,420,277,155,510,data\raw\Capacidad\ConsultaA_Recursos_Salud_2022_v24.csv,11700
00010098,2022,5,LIMA,LIMA,CHORRILLOS,SANIDAD DEL EJERCITO DEL PERU,II-E,9,46,0,58,data\raw\Capacidad\ConsultaA_Recursos_Salud_2022_v24.csv,11817
00012923,2022,6,LIMA,LIMA,PUENTE PIEDRA,SANIDAD DE LA POLICIA NACIONAL DEL PERU,I-2,0,2,0,0,data\raw\Capacidad\ConsultaA_Recursos_Salud_2022_v24.csv,11821
00008564,2022,6,LIMA,LIMA,SAN MIGUEL,ESSALUD,II-1,23,93,0,63,data\raw\Capacidad\ConsultaA_Recursos_Salud_2022_v24.csv,11963
00008318,2022,7,LIMA,LIMA,SANTA ANITA,ESSALUD,II-1,40,87,2,68,data\raw\Capacidad\ConsultaA_Recursos_Salud_2022_v24.csv,12173
00005948,2022,6,LIMA,LIMA,SANTA ANITA,MINSA,III-1,89,83,30,77,data\raw\Capacidad\ConsultaA_Recursos_Salud_2022_v24.csv,12258
00018011,2022,7,LIMA,LIMA,JESUS MARIA,ESSALUD,III-E,98,160,40,263,data\raw\Capacidad\ConsultaA_Recursos_Salud_2022_v24.csv,12272
00013591,2022,7,LIMA,LIMA,JESUS MARIA,SANIDAD DE LA POLICIA NACIONAL DEL PERU,III-1,411,531,414,414,data\raw\Capacidad\ConsultaA_Recursos_Salud_2022_v24.csv,12295
00010751,2022,6,LIMA,LIMA,MIRAFLORES,SANIDAD DE LA FUERZA AEREA DEL PERU,III-1,250,223,25,251,data\raw\Capacidad\ConsultaA_Recursos_Salud_2022_v24.csv,12520
00006207,2022,7,LIMA,LIMA,LIMA,MINSA,III-1,594,413,292,483,data\raw\Capacidad\ConsultaA_Recursos_Salud_2022_v24.csv,12547
00007632,2022,7,LIMA,LIMA,PUENTE PIEDRA,MINSA,II-2,108,162,55,342,data\raw\Capacidad\ConsultaA_Recursos_Salud_2022_v24.csv,12552
00023159,2022,5,LIMA,LIMA,VILLA EL SALVADOR,MINSA,II-2,358,400,0,464,data\raw\Capacidad\ConsultaA_Recursos_Salud_2022_v24.csv,12614
00006212,2022,5,LIMA,LIMA,LA VICTORIA,MINSA,III-E,51,120,6,141,data\raw\Capacidad\ConsultaA_Recursos_Salud_2022_v24.csv,12619
00005948,2022,4,LIMA,LIMA,SANTA ANITA,MINSA,III-1,89,88,35,80,data\raw\Capacidad\ConsultaA_Recursos_Salud_2022_v24.csv,12691
00008489,2022,4,LIMA,LIMA,MIRAFLORES,ESSALUD,II-2,77,266,18,173,data\raw\Capacidad\ConsultaA_Recursos_Salud_2022_v24.csv,12723
00006214,2022,6,LIMA,LIMA,MAGDALENA DEL MAR,MINSA,III-1,590,83,21,115,data\raw\Capacidad\ConsultaA_Recursos_Salud_2022_v24.csv,12836
00005987,2022,6,LIMA,LIMA,SAN JUAN DE MIRAFLORES,MINSA,III-1,467,262,182,390,data\raw\Capacidad\ConsultaA_Recursos_Salud_2022_v24.csv,12837
00010098,2022,6,LIMA,LIMA,CHORRILLOS,SANIDAD DEL EJERCITO DEL PERU,II-E,9,45,0,58,data\raw\Capacidad\ConsultaA_Recursos_Salud_2022_v24.csv,12868
00006217,2022,6,LIMA,LIMA,LIMA,MINSA,III-2,7,108,18,55,data\raw\Capacidad\ConsultaA_Recursos_Salud_2022_v24.csv,12874
00008502,2022,5,LIMA,LIMA,LIMA,ESSALUD,II-2,145,368,90,279,data\raw\Capacidad\ConsultaA_Recursos_Salud_2022_v24.csv,12915
00017024,2022,6,LIMA,LIMA,JESUS MARIA,SANIDAD DEL EJERCITO DEL PERU,III-1,595,144,65,393,data\raw\Capacidad\ConsultaA_Recursos_Salud_2022_v24.csv,12941
00008353,2022,7,LIMA,LIMA,ATE,ESSALUD,II-1,51,103,20,88,data\raw\Capacidad\ConsultaA_Recursos_Salud_2022_v24.csv,13031
00006213,2022,7,LIMA,LIMA,MIRAFLORES,MINSA,III-E,71,215,31,192,data\raw\Capacidad\ConsultaA_Recursos_Salud_2022_v24.csv,13050
00027565,2022,7,LIMA,LIMA,COMAS,ESSALUD,II-1,111,196,0,191,data\raw\Capacidad\ConsultaA_Recursos_Salud_2022_v24.csv,13052
00007633,2022,7,LIMA,LIMA,SAN MARTIN DE PORRES,MINSA,III-1,377,567,346,571,data\raw\Capacidad\ConsultaA_Recursos_Salud_2022_v24.csv,13056
00010751,2022,5,LIMA,LIMA,MIRAFLORES,SANIDAD DE LA FUERZA AEREA DEL PERU,III-1,250,223,25,251,data\raw\Capacidad\ConsultaA_Recursos_Salud_2022_v24.csv,13154
00009251,2022,6,LIMA,LIMA,LA VICTORIA,ESSALUD,III-2,1048,1265,313,1226,data\raw\Capacidad\ConsultaA_Recursos_Salud_2022_v24.csv,13190
00010434,2022,7,LIMA,LIMA,SANTA ANITA,ESSALUD,II-E,188,52,9,136,data\raw\Capacidad\ConsultaA_Recursos_Salud_2022_v24.csv,13543
00017024,2022,5,LIMA,LIMA,JESUS MARIA,SANIDAD DEL EJERCITO DEL PERU,III-1,595,130,65,393,data\raw\Capacidad\ConsultaA_Recursos_Salud_2022_v24.csv,13558
00005883,2022,5,LIMA,LIMA,ATE,MINSA,II-1,57,90,0,74,data\raw\Capacidad\ConsultaA_Recursos_Salud_2022_v24.csv,13573
00008564,2022,7,LIMA,LIMA,SAN MIGUEL,ESSALUD,II-1,20,92,0,67,data\raw\Capacidad\ConsultaA_Recursos_Salud_2022_v24.csv,13693
00016094,2022,6,LIMA,LIMA,RIMAC,SANIDAD DE LA POLICIA NACIONAL DEL PERU,II-1,67,9,0,59,data\raw\Capacidad\ConsultaA_Recursos_Salud_2022_v24.csv,13877
00010751,2022,7,LIMA,LIMA,MIRAFLORES,SANIDAD DE LA FUERZA AEREA DEL PERU,III-1,250,223,25,251,data\raw\Capacidad\ConsultaA_Recursos_Salud_2022_v24.csv,14017
00005883,2022,4,LIMA,LIMA,ATE,MINSA,II-1,57,86,0,74,data\raw\Capacidad\ConsultaA_Recursos_Salud_2022_v24.csv,14042
00005617,2022,7,LIMA,LIMA,SAN JUAN DE LURIGANCHO,MINSA,II-2,145,176,20,248,data\raw\Capacidad\ConsultaA_Recursos_Salud_2022_v24.csv,14140
00008353,2022,5,LIMA,LIMA,ATE,ESSALUD,II-1,51,102,20,88,data\raw\Capacidad\ConsultaA_Recursos_Salud_2022_v24.csv,14487
00010135,2022,7,LIMA,LIMA,LA MOLINA,ESSALUD,II-1,39,160,5,94,data\raw\Capacidad\ConsultaA_Recursos_Salud_2022_v24.csv,14533
00009188,2022,8,LIMA,LIMA,LIMA,ESSALUD,II-1,50,135,0,81,data\raw\Capacidad\ConsultaA_Recursos_Salud_2022_v24.csv,14637
00008489,2022,8,LIMA,LIMA,MIRAFLORES,ESSALUD,II-2,83,240,20,174,data\raw\Capacidad\ConsultaA_Recursos_Salud_2022_v24.csv,14641
00014718,2022,5,LIMA,LIMA,SAN MIGUEL,SANIDAD DE LA POLICIA NACIONAL DEL PERU,II-E,21,28,4,37,data\raw\Capacidad\ConsultaA_Recursos_Salud_2022_v24.csv,14755
00006206,2022,5,LIMA,LIMA,LIMA,MINSA,III-1,422,430,192,270,data\raw\Capacidad\ConsultaA_Recursos_Salud_2022_v24.csv,14992
00008489,2022,7,LIMA,LIMA,MIRAFLORES,ESSALUD,II-2,83,270,20,173,data\raw\Capacidad\ConsultaA_Recursos_Salud_2022_v24.csv,15012
00027565,2022,4,LIMA,LIMA,COMAS,ESSALUD,II-1,107,169,0,163,data\raw\Capacidad\ConsultaA_Recursos_Salud_2022_v24.csv,15044
00013591,2022,6,LIMA,LIMA,JESUS MARIA,SANIDAD DE LA POLICIA NACIONAL DEL PERU,III-1,411,567,208,429,data\raw\Capacidad\ConsultaA_Recursos_Salud_2022_v24.csv,15367
00008489,2022,6,LIMA,LIMA,MIRAFLORES,ESSALUD,II-2,83,277,17,169,data\raw\Capacidad\ConsultaA_Recursos_Salud_2022_v24.csv,15371
00007633,2022,8,LIMA,LIMA,SAN MARTIN DE PORRES,MINSA,III-1,383,596,255,550,data\raw\Capacidad\ConsultaA_Recursos_Salud_2022_v24.csv,15389
00005883,2022,8,LIMA,LIMA,ATE,MINSA,II-1,61,88,0,85,data\raw\Capacidad\ConsultaA_Recursos_Salud_2022_v24.csv,15401
00009251,2022,8,LIMA,LIMA,LA VICTORIA,ESSALUD,III-2,1062,1217,274,1174,data\raw\Capacidad\ConsultaA_Recursos_Salud_2022_v24.csv,15422
00005947,2022,6,LIMA,LIMA,LURIGANCHO,MINSA,II-2,67,139,9,112,data\raw\Capacidad\ConsultaA_Recursos_Salud_2022_v24.csv,15543
00006206,2022,6,LIMA,LIMA,LIMA,MINSA,III-1,410,418,169,204,data\raw\Capacidad\ConsultaA_Recursos_Salud_2022_v24.csv,15574
00007634,2022,7,LIMA,LIMA,COMAS,MINSA,III-1,215,211,114,241,data\raw\Capacidad\ConsultaA_Recursos_Salud_2022_v24.csv,15600
00006217,2022,5,LIMA,LIMA,LIMA,MINSA,III-2,7,108,18,55,data\raw\Capacidad\ConsultaA_Recursos_Salud_2022_v24.csv,15678
00007734,2022,6,LIMA,LIMA,CHORRILLOS,MINSA,III-E,27,86,8,25,data\raw\Capacidad\ConsultaA_Recursos_Salud_2022_v24.csv,15713
00016094,2022,5,LIMA,LIMA,RIMAC,SANIDAD DE LA POLICIA NACIONAL DEL PERU,II-1,67,19,0,68,data\raw\Capacidad\ConsultaA_Recursos_Salud_2022_v24.csv,15749
00008353,2022,6,LIMA,LIMA,ATE,ESSALUD,II-1,51,102,20,88,data\raw\Capacidad\ConsultaA_Recursos_Salud_2022_v24.csv,15776
00006211,2022,6,LIMA,LIMA,PUEBLO LIBRE,MINSA,III-1,140,258,44,284,data\raw\Capacidad\ConsultaA_Recursos_Salud_2022_v24.csv,15903
00008317,2022,5,LIMA,LIMA,SAN JUAN DE LURIGANCHO,ESSALUD,II-1,48,144,14,117,data\raw\Capacidad\ConsultaA_Recursos_Salud_2022_v24.csv,15958
00008741,2022,5,LIMA,LIMA,VILLA EL SALVADOR,ESSALUD,II-1,74,94,2,89,data\raw\Capacidad\ConsultaA_Recursos_Salud_2022_v24.csv,15960
00005883,2022,6,LIMA,LIMA,ATE,MINSA,II-1,57,89,0,75,data\raw\Capacidad\ConsultaA_Recursos_Salud_2022_v24.csv,15982
00007733,2022,7,LIMA,LIMA,SAN MARTIN DE PORRES,MINSA,III-2,55,117,55,63,data\raw\Capacidad\ConsultaA_Recursos_Salud_2022_v24.csv,15991
00006214,2022,5,LIMA,LIMA,MAGDALENA DEL MAR,MINSA,III-1,590,83,21,106,data\raw\Capacidad\ConsultaA_Recursos_Salud_2022_v24.csv,16286
00006207,2022,6,LIMA,LIMA,LIMA,MINSA,III-1,598,418,272,469,data\raw\Capacidad\ConsultaA_Recursos_Salud_2022_v24.csv,16358
00007734,2022,7,LIMA,LIMA,CHORRILLOS,MINSA,III-E,28,97,19,25,data\raw\Capacidad\ConsultaA_Recursos_Salud_2022_v24.csv,16608
00005948,2022,5,LIMA,LIMA,SANTA ANITA,MINSA,III-1,89,89,37,84,data\raw\Capacidad\ConsultaA_Recursos_Salud_2022_v24.csv,16708
00008564,2022,5,LIMA,LIMA,SAN MIGUEL,ESSALUD,II-1,33,100,0,65,data\raw\Capacidad\ConsultaA_Recursos_Salud_2022_v24.csv,16746
00008317,2022,6,LIMA,LIMA,SAN JUAN DE LURIGANCHO,ESSALUD,II-1,48,141,14,108,data\raw\Capacidad\ConsultaA_Recursos_Salud_2022_v24.csv,16765
00005945,2022,8,LIMA,LIMA,ATE,MINSA,II-1,55,217,51,133,data\raw\Capacidad\ConsultaA_Recursos_Salud_2022_v24.csv,16839
00012923,2022,7,LIMA,LIMA,PUENTE PIEDRA,SANIDAD DE LA POLICIA NACIONAL DEL PERU,I-2,0,0,0,0,data\raw\Capacidad\ConsultaA_Recursos_Salud_2022_v24.csv,16861
00017024,2022,7,LIMA,LIMA,JESUS MARIA,SANIDAD DEL EJERCITO DEL PERU,III-1,595,179,0,11,data\raw\Capacidad\ConsultaA_Recursos_Salud_2022_v24.csv,16923
00005617,2022,5,LIMA,LIMA,SAN JUAN DE LURIGANCHO,MINSA,II-2,145,190,22,259,data\raw\Capacidad\ConsultaA_Recursos_Salud_2022_v24.csv,16975
00006215,2022,6,LIMA,LIMA,LIMA,MINSA,III-E,203,333,96,290,data\raw\Capacidad\ConsultaA_Recursos_Salud_2022_v24.csv,17046
00016918,2022,6,LIMA,LIMA,SAN BORJA,MINSA,III-2,236,467,93,474,data\raw\Capacidad\ConsultaA_Recursos_Salud_2022_v24.csv,17053
00005987,2022,7,LIMA,LIMA,SAN JUAN DE MIRAFLORES,MINSA,III-1,467,251,185,376,data\raw\Capacidad\ConsultaA_Recursos_Salud_2022_v24.csv,17069
00006211,2022,7,LIMA,LIMA,PUEBLO LIBRE,MINSA,III-1,119,258,44,284,data\raw\Capacidad\ConsultaA_Recursos_Salud_2022_v24.csv,17072
00008720,2022,7,LIMA,LIMA,JESUS MARIA,ESSALUD,III-2,1506,2014,505,1760,data\raw\Capacidad\ConsultaA_Recursos_Salud_2022_v24.csv,17076
00006206,2022,7,LIMA,LIMA,LIMA,MINSA,III-1,410,440,180,207,data\raw\Capacidad\ConsultaA_Recursos_Salud_2022_v24.csv,17078
00007634,2022,6,LIMA,LIMA,COMAS,MINSA,III-1,215,211,114,241,data\raw\Capacidad\ConsultaA_Recursos_Salud_2022_v24.csv,17165
00005945,2022,5,LIMA,LIMA,ATE,MINSA,II-1,55,217,51,133,data\raw\Capacidad\ConsultaA_Recursos_Salud_2022_v24.csv,17362
00006210,2022,6,LIMA,LIMA,SURQUILLO,MINSA,III-2,420,279,104,505,data\raw\Capacidad\ConsultaA_Recursos_Salud_2022_v24.csv,17382
00014718,2022,8,LIMA,LIMA,SAN MIGUEL,SANIDAD DE LA POLICIA NACIONAL DEL PERU,II-E,21,23,2,34,data\raw\Capacidad\ConsultaA_Recursos_Salud_2022_v24.csv,17517
00013591,2022,8,LIMA,LIMA,JESUS MARIA,SANIDAD DE LA POLICIA NACIONAL DEL PERU,III-1,411,533,205,407,data\raw\Capacidad\ConsultaA_Recursos_Salud_2022_v24.csv,17543
00005945,2022,7,LIMA,LIMA,ATE,MINSA,II-1,55,217,51,133,data\raw\Capacidad\ConsultaA_Recursos_Salud_2022_v24.csv,17619
00009188,2022,7,LIMA,LIMA,LIMA,ESSALUD,II-1,50,135,0,81,data\raw\Capacidad\ConsultaA_Recursos_Salud_2022_v24.csv,17621
00006209,2022,7,LIMA,LIMA,LIMA,MINSA,III-2,139,74,44,111,data\raw\Capacidad\ConsultaA_Recursos_Salud_2022_v24.csv,17751
00006211,2022,8,LIMA,LIMA,PUEBLO LIBRE,MINSA,III-1,122,258,44,284,data\raw\Capacidad\ConsultaA_Recursos_Salud_2022_v24.csv,17828
00008317,2022,8,LIMA,LIMA,SAN JUAN DE LURIGANCHO,ESSALUD,II-1,48,146,13,93,data\raw\Capacidad\ConsultaA_Recursos_Salud_2022_v24.csv,17842
00007632,2022,6,LIMA,LIMA,PUENTE PIEDRA,MINSA,II-2,108,167,56,347,data\raw\Capacidad\ConsultaA_Recursos_Salud_2022_v24.csv,17870
00005987,2022,5,LIMA,LIMA,SAN JUAN DE MIRAFLORES,MINSA,III-1,467,265,182,385,data\raw\Capacidad\ConsultaA_Recursos_Salud_2022_v24.csv,17970
00018011,2022,5,LIMA,LIMA,JESUS MARIA,ESSALUD,III-E,100,166,39,264,data\raw\Capacidad\ConsultaA_Recursos_Salud_2022_v24.csv,17971
00016918,2022,5,LIMA,LIMA,SAN BORJA,MINSA,III-2,236,445,93,474,data\raw\Capacidad\ConsultaA_Recursos_Salud_2022_v24.csv,17973
00006211,2022,5,LIMA,LIMA,PUEBLO LIBRE,MINSA,III-1,140,258,44,284,data\raw\Capacidad\ConsultaA_Recursos_Salud_2022_v24.csv,18205
00006217,2022,8,LIMA,LIMA,LIMA,MINSA,III-2,7,108,18,55,data\raw\Capacidad\ConsultaA_Recursos_Salud_2022_v24.csv,18347
00008741,2022,8,LIMA,LIMA,VILLA EL SALVADOR,ESSALUD,II-1,68,88,3,88,data\raw\Capacidad\ConsultaA_Recursos_Salud_2022_v24.csv,18350
00005946,2022,5,LIMA,LIMA,EL AGUSTINO,MINSA,III-1,502,484,221,639,data\raw\Capacidad\ConsultaA_Recursos_Salud_2022_v24.csv,18362
00008489,2022,5,LIMA,LIMA,MIRAFLORES,ESSALUD,II-2,82,263,12,169,data\raw\Capacidad\ConsultaA_Recursos_Salud_2022_v24.csv,18375
00006216,2022,8,LIMA,LIMA,BREÑA,MINSA,III-2,330,346,64,615,data\raw\Capacidad\ConsultaA_Recursos_Salud_2022_v24.csv,18514
00006214,2022,8,LIMA,LIMA,MAGDALENA DEL MAR,MINSA,III-1,590,84,27,110,data\raw\Capacidad\ConsultaA_Recursos_Salud_2022_v24.csv,18545
00007733,2022,5,LIMA,LIMA,SAN MARTIN DE PORRES,MINSA,III-2,53,115,55,75,data\raw\Capacidad\ConsultaA_Recursos_Salud_2022_v24.csv,18653
00016094,2022,7,LIMA,LIMA,RIMAC,SANIDAD DE LA POLICIA NACIONAL DEL PERU,II-1,67,17,0,59,data\raw\Capacidad\ConsultaA_Recursos_Salud_2022_v24.csv,18815
00006214,2022,7,LIMA,LIMA,MAGDALENA DEL MAR,MINSA,III-1,590,85,27,112,data\raw\Capacidad\ConsultaA_Recursos_Salud_2022_v24.csv,18986
00018011,2022,6,LIMA,LIMA,JESUS MARIA,ESSALUD,III-E,100,165,39,263,data\raw\Capacidad\ConsultaA_Recursos_Salud_2022_v24.csv,19280
00005948,2022,7,LIMA,LIMA,SANTA ANITA,MINSA,III-1,127,88,35,84,data\raw\Capacidad\ConsultaA_Recursos_Salud_2022_v24.csv,19332
00006216,2022,6,LIMA,LIMA,BREÑA,MINSA,III-2,320,347,65,618,data\raw\Capacidad\ConsultaA_Recursos_Salud_2022_v24.csv,19365
00006215,2022,7,LIMA,LIMA,LIMA,MINSA,III-E,185,346,112,296,data\raw\Capacidad\ConsultaA_Recursos_Salud_2022_v24.csv,19382
00008741,2022,7,LIMA,LIMA,VILLA EL SALVADOR,ESSALUD,II-1,68,94,3,88,data\raw\Capacidad\ConsultaA_Recursos_Salud_2022_v24.csv,19384
00027565,2022,8,LIMA,LIMA,COMAS,ESSALUD,II-1,111,194,0,189,data\raw\Capacidad\ConsultaA_Recursos_Salud_2022_v24.csv,19433
00007633,2022,6,LIMA,LIMA,SAN MARTIN DE PORRES,MINSA,III-1,352,557,346,571,data\raw\Capacidad\ConsultaA_Recursos_Salud_2022_v24.csv,19497
00009251,2022,7,LIMA,LIMA,LA VICTORIA,ESSALUD,III-2,1068,1126,184,1179,data\raw\Capacidad\ConsultaA_Recursos_Salud_2022_v24.csv,19519
00006212,2022,7,LIMA,LIMA,LA VICTORIA,MINSA,III-E,48,127,9,138,data\raw\Capacidad\ConsultaA_Recursos_Salud_2022_v24.csv,19522
00005945,2022,6,LIMA,LIMA,ATE,MINSA,II-1,55,217,51,133,data\raw\Capacidad\ConsultaA_Recursos_Salud_2022_v24.csv,19573
00007632,2022,8,LIMA,LIMA,PUENTE PIEDRA,MINSA,II-2,108,167,55,181,data\raw\Capacidad\ConsultaA_Recursos_Salud_2022_v24.csv,19613
00007733,2022,8,LIMA,LIMA,SAN MARTIN DE PORRES,MINSA,III-2,56,117,55,66,data\raw\Capacidad\ConsultaA_Recursos_Salud_2022_v24.csv,19619
00006208,2022,8,LIMA,LIMA,LIMA,MINSA,III-2,397,277,76,370,data\raw\Capacidad\ConsultaA_Recursos_Salud_2022_v24.csv,19673
00012923,2022,8,LIMA,LIMA,PUENTE PIEDRA,SANIDAD DE LA POLICIA NACIONAL DEL PERU,I-2,0,1,0,5,data\raw\Capacidad\ConsultaA_Recursos_Salud_2022_v24.csv,19715
00007632,2022,5,LIMA,LIMA,PUENTE PIEDRA,MINSA,II-2,108,159,56,314,data\raw\Capacidad\ConsultaA_Recursos_Salud_2022_v24.csv,19765
00008318,2022,8,LIMA,LIMA,SANTA ANITA,ESSALUD,II-1,40,87,2,68,data\raw\Capacidad\ConsultaA_Recursos_Salud_2022_v24.csv,19905
00006216,2022,5,LIMA,LIMA,BREÑA,MINSA,III-2,320,350,64,622,data\raw\Capacidad\ConsultaA_Recursos_Salud_2022_v24.csv,20293
00008741,2022,6,LIMA,LIMA,VILLA EL SALVADOR,ESSALUD,II-1,74,94,2,88,data\raw\Capacidad\ConsultaA_Recursos_Salud_2022_v24.csv,20369
00007734,2022,8,LIMA,LIMA,CHORRILLOS,MINSA,III-E,27,94,16,24,data\raw\Capacidad\ConsultaA_Recursos_Salud_2022_v24.csv,20437
00023159,2022,8,LIMA,LIMA,VILLA EL SALVADOR,MINSA,II-2,358,448,13,454,data\raw\Capacidad\ConsultaA_Recursos_Salud_2022_v24.csv,20538
00006210,2022,8,LIMA,LIMA,SURQUILLO,MINSA,III-2,432,297,169,531,data\raw\Capacidad\ConsultaA_Recursos_Salud_2022_v24.csv,20604
00010434,2022,8,LIMA,LIMA,SANTA ANITA,ESSALUD,II-E,198,53,9,135,data\raw\Capacidad\ConsultaA_Recursos_Salud_2022_v24.csv,20635
00008318,2022,5,LIMA,LIMA,SANTA ANITA,ESSALUD,II-1,40,88,5,68,data\raw\Capacidad\ConsultaA_Recursos_Salud_2022_v24.csv,20664
00006215,2022,5,LIMA,LIMA,LIMA,MINSA,III-E,203,346,98,302,data\raw\Capacidad\ConsultaA_Recursos_Salud_2022_v24.csv,20675
00006212,2022,6,LIMA,LIMA,LA VICTORIA,MINSA,III-E,46,126,8,142,data\raw\Capacidad\ConsultaA_Recursos_Salud_2022_v24.csv,20708
00008353,2022,4,LIMA,LIMA,ATE,ESSALUD,II-1,51,125,20,113,data\raw\Capacidad\ConsultaA_Recursos_Salud_2022_v24.csv,20746
00012923,2022,5,LIMA,LIMA,PUENTE PIEDRA,SANIDAD DE LA POLICIA NACIONAL DEL PERU,I-2,0,2,0,0,data\raw\Capacidad\ConsultaA_Recursos_Salud_2022_v24.csv,20758
00027565,2022,5,LIMA,LIMA,COMAS,ESSALUD,II-1,111,205,0,193,data\raw\Capacidad\ConsultaA_Recursos_Salud_2022_v24.csv,20759
00008317,2022,7,LIMA,LIMA,SAN JUAN DE LURIGANCHO,ESSALUD,II-1,48,148,15,111,data\raw\Capacidad\ConsultaA_Recursos_Salud_2022_v24.csv,20806
00008353,2022,8,LIMA,LIMA,ATE,ESSALUD,II-1,51,103,20,88,data\raw\Capacidad\ConsultaA_Recursos_Salud_2022_v24.csv,20826
00005617,2022,8,LIMA,LIMA,SAN JUAN DE LURIGANCHO,MINSA,II-2,145,184,20,245,data\raw\Capacidad\ConsultaA_Recursos_Salud_2022_v24.csv,20830
00008502,2022,7,LIMA,LIMA,LIMA,ESSALUD,II-2,151,353,90,252,data\raw\Capacidad\ConsultaA_Recursos_Salud_2022_v24.csv,20918
00007634,2022,5,LIMA,LIMA,COMAS,MINSA,III-1,215,211,114,241,data\raw\Capacidad\ConsultaA_Recursos_Salud_2022_v24.csv,20995
00010098,2022,7,LIMA,LIMA,CHORRILLOS,SANIDAD DEL EJERCITO DEL PERU,II-E,12,44,0,58,data\raw\Capacidad\ConsultaA_Recursos_Salud_2022_v24.csv,21034
00010098,2022,8,LIMA,LIMA,CHORRILLOS,SANIDAD DEL EJERCITO DEL PERU,II-E,12,44,0,58,data\raw\Capacidad\ConsultaA_Recursos_Salud_2022_v24.csv,21042
00006207,2022,8,LIMA,LIMA,LIMA,MINSA,III-1,607,428,280,454,data\raw\Capacidad\ConsultaA_Recursos_Salud_2022_v24.csv,21134
00006207,2022,5,LIMA,LIMA,LIMA,MINSA,III-1,565,412,305,500,data\raw\Capacidad\ConsultaA_Recursos_Salud_2022_v24.csv,21177
00006208,2022,5,LIMA,LIMA,LIMA,MINSA,III-2,397,231,76,347,data\raw\Capacidad\ConsultaA_Recursos_Salud_2022_v24.csv,21249
00006212,2022,8,LIMA,LIMA,LA VICTORIA,MINSA,III-E,50,130,10,141,data\raw\Capacidad\ConsultaA_Recursos_Salud_2022_v24.csv,21309
00006206,2022,8,LIMA,LIMA,LIMA,MINSA,III-1,409,441,202,194,data\raw\Capacidad\ConsultaA_Recursos_Salud_2022_v24.csv,21322
00007634,2022,8,LIMA,LIMA,COMAS,MINSA,III-1,215,211,114,241,data\raw\Capacidad\ConsultaA_Recursos_Salud_2022_v24.csv,21448
00013591,2022,5,LIMA,LIMA,JESUS MARIA,SANIDAD DE LA POLICIA NACIONAL DEL PERU,III-1,298,530,198,437,data\raw\Capacidad\ConsultaA_Recursos_Salud_2022_v24.csv,21461
00008720,2022,6,LIMA,LIMA,JESUS MARIA,ESSALUD,III-2,1510,2046,505,1774,data\raw\Capacidad\ConsultaA_Recursos_Salud_2022_v24.csv,21493
00016094,2022,8,LIMA,LIMA,RIMAC,SANIDAD DE LA POLICIA NACIONAL DEL PERU,II-1,65,9,0,58,data\raw\Capacidad\ConsultaA_Recursos_Salud_2022_v24.csv,21538
00008564,2022,4,LIMA,LIMA,SAN MIGUEL,ESSALUD,II-1,33,106,0,65,data\raw\Capacidad\ConsultaA_Recursos_Salud_2022_v24.csv,21571
00007733,2022,6,LIMA,LIMA,SAN MARTIN DE PORRES,MINSA,III-2,55,116,55,68,data\raw\Capacidad\ConsultaA_Recursos_Salud_2022_v24.csv,21599
00010135,2022,8,LIMA,LIMA,LA MOLINA,ESSALUD,II-1,39,168,5,94,data\raw\Capacidad\ConsultaA_Recursos_Salud_2022_v24.csv,21800
00006213,2022,8,LIMA,LIMA,MIRAFLORES,MINSA,III-E,71,213,31,191,data\raw\Capacidad\ConsultaA_Recursos_Salud_2022_v24.csv,21846
00008502,2022,8,LIMA,LIMA,LIMA,ESSALUD,II-2,152,364,91,264,data\raw\Capacidad\ConsultaA_Recursos_Salud_2022_v24.csv,21853
00005947,2022,7,LIMA,LIMA,LURIGANCHO,MINSA,II-2,67,143,12,114,data\raw\Capacidad\ConsultaA_Recursos_Salud_2022_v24.csv,21892
00016918,2022,8,LIMA,LIMA,SAN BORJA,MINSA,III-2,236,380,69,474,data\raw\Capacidad\ConsultaA_Recursos_Salud_2022_v24.csv,21951
00005948,2022,8,LIMA,LIMA,SANTA ANITA,MINSA,III-1,127,89,36,84,data\raw\Capacidad\ConsultaA_Recursos_Salud_2022_v24.csv,21952
00006208,2022,6,LIMA,LIMA,LIMA,MINSA,III-2,397,277,76,370,data\raw\Capacidad\ConsultaA_Recursos_Salud_2022_v24.csv,22096
00010434,2022,6,LIMA,LIMA,SANTA ANITA,ESSALUD,II-E,179,55,9,136,data\raw\Capacidad\ConsultaA_Recursos_Salud_2022_v24.csv,22107
00027565,2022,6,LIMA,LIMA,COMAS,ESSALUD,II-1,111,196,0,189,data\raw\Capacidad\ConsultaA_Recursos_Salud_2022_v24.csv,22218
00005883,2022,7,LIMA,LIMA,ATE,MINSA,II-1,61,88,0,85,data\raw\Capacidad\ConsultaA_Recursos_Salud_2022_v24.csv,22256
00005617,2022,6,LIMA,LIMA,SAN JUAN DE LURIGANCHO,MINSA,II-2,145,178,0,260,data\raw\Capacidad\ConsultaA_Recursos_Salud_2022_v24.csv,22303
00023159,2022,7,LIMA,LIMA,VILLA EL SALVADOR,MINSA,II-2,358,431,0,450,data\raw\Capacidad\ConsultaA_Recursos_Salud_2022_v24.csv,22339
00023159,2022,6,LIMA,LIMA,VILLA EL SALVADOR,MINSA,II-2,358,395,0,447,data\raw\Capacidad\ConsultaA_Recursos_Salud_2022_v24.csv,22443
00006217,2022,7,LIMA,LIMA,LIMA,MINSA,III-2,7,108,18,55,data\raw\Capacidad\ConsultaA_Recursos_Salud_2022_v24.csv,22535
00006217,2022,4,LIMA,LIMA,LIMA,MINSA,III-2,7,108,18,55,data\raw\Capacidad\ConsultaA_Recursos_Salud_2022_v24.csv,22581
00005947,2022,5,LIMA,LIMA,LURIGANCHO,MINSA,II-2,67,145,15,111,data\raw\Capacidad\ConsultaA_Recursos_Salud_2022_v24.csv,22633
00010135,2022,5,LIMA,LIMA,LA MOLINA,ESSALUD,II-1,41,168,5,93,data\raw\Capacidad\ConsultaA_Recursos_Salud_2022_v24.csv,22699
00010135,2022,6,LIMA,LIMA,LA MOLINA,ESSALUD,II-1,41,160,8,94,data\raw\Capacidad\ConsultaA_Recursos_Salud_2022_v24.csv,22730
00006208,2022,7,LIMA,LIMA,LIMA,MINSA,III-2,397,277,76,370,data\raw\Capacidad\ConsultaA_Recursos_Salud_2022_v24.csv,22739
00006215,2022,8,LIMA,LIMA,LIMA,MINSA,III-E,187,322,93,286,data\raw\Capacidad\ConsultaA_Recursos_Salud_2022_v24.csv,22763
00016918,2022,7,LIMA,LIMA,SAN BORJA,MINSA,III-2,236,385,69,474,data\raw\Capacidad\ConsultaA_Recursos_Salud_2022_v24.csv,22908
00006209,2022,8,LIMA,LIMA,LIMA,MINSA,III-2,128,59,44,117,data\raw\Capacidad\ConsultaA_Recursos_Salud_2022_v24.csv,22929
00005987,2022,8,LIMA,LIMA,SAN JUAN DE MIRAFLORES,MINSA,III-1,467,259,187,358,data\raw\Capacidad\ConsultaA_Recursos_Salud_2022_v24.csv,22943
00010751,2022,8,LIMA,LIMA,MIRAFLORES,SANIDAD DE LA FUERZA AEREA DEL PERU,III-1,250,223,25,251,data\raw\Capacidad\ConsultaA_Recursos_Salud_2022_v24.csv,22974
00007734,2022,5,LIMA,LIMA,CHORRILLOS,MINSA,III-E,0,86,9,25,data\raw\Capacidad\ConsultaA_Recursos_Salud_2022_v24.csv,23017
00010434,2022,5,LIMA,LIMA,SANTA ANITA,ESSALUD,II-E,172,55,9,146,data\raw\Capacidad\ConsultaA_Recursos_Salud_2022_v24.csv,23040
00009251,2022,5,LIMA,LIMA,LA VICTORIA,ESSALUD,III-2,1011,1298,313,1267,data\raw\Capacidad\ConsultaA_Recursos_Salud_2022_v24.csv,23052
00005945,2022,4,LIMA,LIMA,ATE,MINSA,II-1,55,217,51,133,data\raw\Capacidad\ConsultaA_Recursos_Salud_2022_v24.csv,23171
00007633,2022,5,LIMA,LIMA,SAN MARTIN DE PORRES,MINSA,III-1,343,535,346,571,data\raw\Capacidad\ConsultaA_Recursos_Salud_2022_v24.csv,23228
00006210,2022,7,LIMA,LIMA,SURQUILLO,MINSA,III-2,425,268,152,503,data\raw\Capacidad\ConsultaA_Recursos_Salud_2022_v24.csv,23334
00008720,2022,5,LIMA,LIMA,JESUS MARIA,ESSALUD,III-2,1500,2045,505,1778,data\raw\Capacidad\ConsultaA_Recursos_Salud_2022_v24.csv,23405
00014718,2022,6,LIMA,LIMA,SAN MIGUEL,SANIDAD DE LA POLICIA NACIONAL DEL PERU,II-E,21,23,0,34,data\raw\Capacidad\ConsultaA_Recursos_Salud_2022_v24.csv,23426
00005946,2022,6,LIMA,LIMA,EL AGUSTINO,MINSA,III-1,513,477,221,638,data\raw\Capacidad\ConsultaA_Recursos_Salud_2022_v24.csv,23430
00008502,2022,6,LIMA,LIMA,LIMA,ESSALUD,II-2,146,356,90,260,data\raw\Capacidad\ConsultaA_Recursos_Salud_2022_v24.csv,23474
00014718,2022,9,LIMA,LIMA,SAN MIGUEL,SANIDAD DE LA POLICIA NACIONAL DEL PERU,II-E,21,22,2,30,data\raw\Capacidad\ConsultaA_Recursos_Salud_2022_v24.csv,23536
00018011,2022,11,LIMA,LIMA,JESUS MARIA,ESSALUD,III-E,103,167,44,263,data\raw\Capacidad\ConsultaA_Recursos_Salud_2022_v24.csv,23571
00007633,2022,11,LIMA,LIMA,SAN MARTIN DE PORRES,MINSA,III-1,360,635,367,550,data\raw\Capacidad\ConsultaA_Recursos_Salud_2022_v24.csv,23573
00017024,2022,9,LIMA,LIMA,JESUS MARIA,SANIDAD DEL EJERCITO DEL PERU,III-1,595,149,0,7,data\raw\Capacidad\ConsultaA_Recursos_Salud_2022_v24.csv,23657
00006211,2022,9,LIMA,LIMA,PUEBLO LIBRE,MINSA,III-1,122,258,44,284,data\raw\Capacidad\ConsultaA_Recursos_Salud_2022_v24.csv,23802
00018011,2022,10,LIMA,LIMA,JESUS MARIA,ESSALUD,III-E,103,162,44,263,data\raw\Capacidad\ConsultaA_Recursos_Salud_2022_v24.csv,23839
00008720,2022,9,LIMA,LIMA,JESUS MARIA,ESSALUD,III-2,1506,1994,505,1805,data\raw\Capacidad\ConsultaA_Recursos_Salud_2022_v24.csv,23907
00017024,2022,11,LIMA,LIMA,JESUS MARIA,SANIDAD DEL EJERCITO DEL PERU,III-1,595,145,0,6,data\raw\Capacidad\ConsultaA_Recursos_Salud_2022_v24.csv,23984
00005945,2022,9,LIMA,LIMA,ATE,MINSA,II-1,55,217,51,133,data\raw\Capacidad\ConsultaA_Recursos_Salud_2022_v24.csv,24000
00006217,2022,10,LIMA,LIMA,LIMA,MINSA,III-2,7,108,18,55,data\raw\Capacidad\ConsultaA_Recursos_Salud_2022_v24.csv,24015
00006213,2022,11,LIMA,LIMA,MIRAFLORES,MINSA,III-E,71,209,31,202,data\raw\Capacidad\ConsultaA_Recursos_Salud_2022_v24.csv,24258
00027565,2022,11,LIMA,LIMA,COMAS,ESSALUD,II-1,112,195,0,195,data\raw\Capacidad\ConsultaA_Recursos_Salud_2022_v24.csv,24259
00027565,2022,10,LIMA,LIMA,COMAS,ESSALUD,II-1,111,193,0,198,data\raw\Capacidad\ConsultaA_Recursos_Salud_2022_v24.csv,24303
00013591,2022,11,LIMA,LIMA,JESUS MARIA,SANIDAD DE LA POLICIA NACIONAL DEL PERU,III-1,411,533,205,407,data\raw\Capacidad\ConsultaA_Recursos_Salud_2022_v24.csv,24314
00006213,2022,10,LIMA,LIMA,MIRAFLORES,MINSA,III-E,71,212,31,205,data\raw\Capacidad\ConsultaA_Recursos_Salud_2022_v24.csv,24390
00010751,2022,9,LIMA,LIMA,MIRAFLORES,SANIDAD DE LA FUERZA AEREA DEL PERU,III-1,250,223,25,251,data\raw\Capacidad\ConsultaA_Recursos_Salud_2022_v24.csv,24514
00008564,2022,11,LIMA,LIMA,SAN MIGUEL,ESSALUD,II-1,24,89,0,68,data\raw\Capacidad\ConsultaA_Recursos_Salud_2022_v24.csv,24527
00016094,2022,12,LIMA,LIMA,RIMAC,SANIDAD DE LA POLICIA NACIONAL DEL PERU,II-1,63,17,0,70,data\raw\Capacidad\ConsultaA_Recursos_Salud_2022_v24.csv,24543
00013591,2022,12,LIMA,LIMA,JESUS MARIA,SANIDAD DE LA POLICIA NACIONAL DEL PERU,III-1,411,541,210,448,data\raw\Capacidad\ConsultaA_Recursos_Salud_2022_v24.csv,24562
00006209,2022,12,LIMA,LIMA,LIMA,MINSA,III-2,129,76,44,133,data\raw\Capacidad\ConsultaA_Recursos_Salud_2022_v24.csv,24647
00005617,2022,9,LIMA,LIMA,SAN JUAN DE LURIGANCHO,MINSA,II-2,145,184,20,251,data\raw\Capacidad\ConsultaA_Recursos_Salud_2022_v24.csv,24730
00008317,2022,9,LIMA,LIMA,SAN JUAN DE LURIGANCHO,ESSALUD,II-1,48,160,13,95,data\raw\Capacidad\ConsultaA_Recursos_Salud_2022_v24.csv,24893
00008564,2022,9,LIMA,LIMA,SAN MIGUEL,ESSALUD,II-1,20,89,0,63,data\raw\Capacidad\ConsultaA_Recursos_Salud_2022_v24.csv,24907
00006207,2022,10,LIMA,LIMA,LIMA,MINSA,III-1,621,415,293,448,data\raw\Capacidad\ConsultaA_Recursos_Salud_2022_v24.csv,24958
00016918,2022,11,LIMA,LIMA,SAN BORJA,MINSA,III-2,241,395,86,474,data\raw\Capacidad\ConsultaA_Recursos_Salud_2022_v24.csv,24961
00008564,2022,12,LIMA,LIMA,SAN MIGUEL,ESSALUD,II-1,24,102,0,82,data\raw\Capacidad\ConsultaA_Recursos_Salud_2022_v24.csv,25069
00005948,2022,12,LIMA,LIMA,SANTA ANITA,MINSA,III-1,127,93,38,87,data\raw\Capacidad\ConsultaA_Recursos_Salud_2022_v24.csv,25076
00006216,2022,9,LIMA,LIMA,BREÑA,MINSA,III-2,330,348,58,614,data\raw\Capacidad\ConsultaA_Recursos_Salud_2022_v24.csv,25104
00012923,2022,9,LIMA,LIMA,PUENTE PIEDRA,SANIDAD DE LA POLICIA NACIONAL DEL PERU,I-2,0,4,0,5,data\raw\Capacidad\ConsultaA_Recursos_Salud_2022_v24.csv,25429
00006207,2022,9,LIMA,LIMA,LIMA,MINSA,III-1,606,430,281,481,data\raw\Capacidad\ConsultaA_Recursos_Salud_2022_v24.csv,25635
00008318,2022,9,LIMA,LIMA,SANTA ANITA,ESSALUD,II-1,48,87,2,67,data\raw\Capacidad\ConsultaA_Recursos_Salud_2022_v24.csv,25703
00007632,2022,9,LIMA,LIMA,PUENTE PIEDRA,MINSA,II-2,108,138,56,181,data\raw\Capacidad\ConsultaA_Recursos_Salud_2022_v24.csv,25731
00005945,2022,10,LIMA,LIMA,ATE,MINSA,II-1,55,217,51,133,data\raw\Capacidad\ConsultaA_Recursos_Salud_2022_v24.csv,25855
00009188,2022,10,LIMA,LIMA,LIMA,ESSALUD,II-1,50,100,0,70,data\raw\Capacidad\ConsultaA_Recursos_Salud_2022_v24.csv,25958
00006212,2022,11,LIMA,LIMA,LA VICTORIA,MINSA,III-E,54,137,13,145,data\raw\Capacidad\ConsultaA_Recursos_Salud_2022_v24.csv,25978
00008317,2022,12,LIMA,LIMA,SAN JUAN DE LURIGANCHO,ESSALUD,II-1,43,163,13,103,data\raw\Capacidad\ConsultaA_Recursos_Salud_2022_v24.csv,26041
00007734,2022,9,LIMA,LIMA,CHORRILLOS,MINSA,III-E,28,95,15,26,data\raw\Capacidad\ConsultaA_Recursos_Salud_2022_v24.csv,26139
00005946,2022,9,LIMA,LIMA,EL AGUSTINO,MINSA,III-1,568,510,231,635,data\raw\Capacidad\ConsultaA_Recursos_Salud_2022_v24.csv,26140
00006215,2022,9,LIMA,LIMA,LIMA,MINSA,III-E,192,317,90,284,data\raw\Capacidad\ConsultaA_Recursos_Salud_2022_v24.csv,26264
00006210,2022,10,LIMA,LIMA,SURQUILLO,MINSA,III-2,445,277,167,518,data\raw\Capacidad\ConsultaA_Recursos_Salud_2022_v24.csv,26280
00006217,2022,9,LIMA,LIMA,LIMA,MINSA,III-2,7,108,18,55,data\raw\Capacidad\ConsultaA_Recursos_Salud_2022_v24.csv,26427
00023159,2022,11,LIMA,LIMA,VILLA EL SALVADOR,MINSA,II-2,354,437,26,437,data\raw\Capacidad\ConsultaA_Recursos_Salud_2022_v24.csv,26445
00005883,2022,12,LIMA,LIMA,ATE,MINSA,II-1,63,88,0,93,data\raw\Capacidad\ConsultaA_Recursos_Salud_2022_v24.csv,26609
00008720,2022,12,LIMA,LIMA,JESUS MARIA,ESSALUD,III-2,1523,2022,505,1735,data\raw\Capacidad\ConsultaA_Recursos_Salud_2022_v24.csv,26611
00008502,2022,10,LIMA,LIMA,LIMA,ESSALUD,II-2,163,372,91,257,data\raw\Capacidad\ConsultaA_Recursos_Salud_2022_v24.csv,26673
00007734,2022,11,LIMA,LIMA,CHORRILLOS,MINSA,III-E,20,94,15,27,data\raw\Capacidad\ConsultaA_Recursos_Salud_2022_v24.csv,26694
00014718,2022,11,LIMA,LIMA,SAN MIGUEL,SANIDAD DE LA POLICIA NACIONAL DEL PERU,II-E,21,25,4,34,data\raw\Capacidad\ConsultaA_Recursos_Salud_2022_v24.csv,26700
00006213,2022,9,LIMA,LIMA,MIRAFLORES,MINSA,III-E,71,212,31,205,data\raw\Capacidad\ConsultaA_Recursos_Salud_2022_v24.csv,26826
00005948,2022,9,LIMA,LIMA,SANTA ANITA,MINSA,III-1,127,90,36,79,data\raw\Capacidad\ConsultaA_Recursos_Salud_2022_v24.csv,26842
00014718,2022,10,LIMA,LIMA,SAN MIGUEL,SANIDAD DE LA POLICIA NACIONAL DEL PERU,II-E,21,22,1,41,data\raw\Capacidad\ConsultaA_Recursos_Salud_2022_v24.csv,26845
00008720,2022,10,LIMA,LIMA,JESUS MARIA,ESSALUD,III-2,1518,2029,505,1805,data\raw\Capacidad\ConsultaA_Recursos_Salud_2022_v24.csv,26847
00006209,2022,11,LIMA,LIMA,LIMA,MINSA,III-2,130,75,44,133,data\raw\Capacidad\ConsultaA_Recursos_Salud_2022_v24.csv,26867
00010135,2022,10,LIMA,LIMA,LA MOLINA,ESSALUD,II-1,41,158,8,118,data\raw\Capacidad\ConsultaA_Recursos_Salud_2022_v24.csv,26907
00008741,2022,10,LIMA,LIMA,VILLA EL SALVADOR,ESSALUD,II-1,64,94,3,89,data\raw\Capacidad\ConsultaA_Recursos_Salud_2022_v24.csv,26913
00007632,2022,11,LIMA,LIMA,PUENTE PIEDRA,MINSA,II-2,108,138,55,185,data\raw\Capacidad\ConsultaA_Recursos_Salud_2022_v24.csv,26925
00005946,2022,12,LIMA,LIMA,EL AGUSTINO,MINSA,III-1,565,511,226,647,data\raw\Capacidad\ConsultaA_Recursos_Salud_2022_v24.csv,26961
00006211,2022,10,LIMA,LIMA,PUEBLO LIBRE,MINSA,III-1,122,258,44,284,data\raw\Capacidad\ConsultaA_Recursos_Salud_2022_v24.csv,27092
00016094,2022,9,LIMA,LIMA,RIMAC,SANIDAD DE LA POLICIA NACIONAL DEL PERU,II-1,65,13,0,58,data\raw\Capacidad\ConsultaA_Recursos_Salud_2022_v24.csv,27107
00027565,2022,9,LIMA,LIMA,COMAS,ESSALUD,II-1,111,193,0,195,data\raw\Capacidad\ConsultaA_Recursos_Salud_2022_v24.csv,27115
00005947,2022,12,LIMA,LIMA,LURIGANCHO,MINSA,II-2,67,141,10,111,data\raw\Capacidad\ConsultaA_Recursos_Salud_2022_v24.csv,27268
00008489,2022,11,LIMA,LIMA,MIRAFLORES,ESSALUD,II-2,83,238,22,173,data\raw\Capacidad\ConsultaA_Recursos_Salud_2022_v24.csv,27333
00005945,2022,12,LIMA,LIMA,ATE,MINSA,II-1,55,217,51,133,data\raw\Capacidad\ConsultaA_Recursos_Salud_2022_v24.csv,27337
00009251,2022,12,LIMA,LIMA,LA VICTORIA,ESSALUD,III-2,972,1235,295,1157,data\raw\Capacidad\ConsultaA_Recursos_Salud_2022_v24.csv,27359
00005987,2022,10,LIMA,LIMA,SAN JUAN DE MIRAFLORES,MINSA,III-1,467,283,189,349,data\raw\Capacidad\ConsultaA_Recursos_Salud_2022_v24.csv,27445
00007633,2022,12,LIMA,LIMA,SAN MARTIN DE PORRES,MINSA,III-1,359,639,365,550,data\raw\Capacidad\ConsultaA_Recursos_Salud_2022_v24.csv,27809
00006217,2022,11,LIMA,LIMA,LIMA,MINSA,III-2,7,108,18,55,data\raw\Capacidad\ConsultaA_Recursos_Salud_2022_v24.csv,27858
00008317,2022,11,LIMA,LIMA,SAN JUAN DE LURIGANCHO,ESSALUD,II-1,43,175,13,93,data\raw\Capacidad\ConsultaA_Recursos_Salud_2022_v24.csv,27878
00008353,2022,11,LIMA,LIMA,ATE,ESSALUD,II-1,51,101,20,88,data\raw\Capacidad\ConsultaA_Recursos_Salud_2022_v24.csv,27975
00007633,2022,9,LIMA,LIMA,SAN MARTIN DE PORRES,MINSA,III-1,373,592,369,550,data\raw\Capacidad\ConsultaA_Recursos_Salud_2022_v24.csv,28124
00006214,2022,10,LIMA,LIMA,MAGDALENA DEL MAR,MINSA,III-1,590,88,27,110,data\raw\Capacidad\ConsultaA_Recursos_Salud_2022_v24.csv,28126
00005947,2022,10,LIMA,LIMA,LURIGANCHO,MINSA,II-2,67,145,13,112,data\raw\Capacidad\ConsultaA_Recursos_Salud_2022_v24.csv,28135
00006208,2022,9,LIMA,LIMA,LIMA,MINSA,III-2,397,277,76,370,data\raw\Capacidad\ConsultaA_Recursos_Salud_2022_v24.csv,28237
00007734,2022,10,LIMA,LIMA,CHORRILLOS,MINSA,III-E,20,101,21,24,data\raw\Capacidad\ConsultaA_Recursos_Salud_2022_v24.csv,28249
00010751,2022,11,LIMA,LIMA,MIRAFLORES,SANIDAD DE LA FUERZA AEREA DEL PERU,III-1,264,223,25,251,data\raw\Capacidad\ConsultaA_Recursos_Salud_2022_v24.csv,28266
00006212,2022,10,LIMA,LIMA,LA VICTORIA,MINSA,III-E,55,134,14,141,data\raw\Capacidad\ConsultaA_Recursos_Salud_2022_v24.csv,28546
00008318,2022,11,LIMA,LIMA,SANTA ANITA,ESSALUD,II-1,48,87,2,67,data\raw\Capacidad\ConsultaA_Recursos_Salud_2022_v24.csv,28572
00007733,2022,11,LIMA,LIMA,SAN MARTIN DE PORRES,MINSA,III-2,64,114,55,71,data\raw\Capacidad\ConsultaA_Recursos_Salud_2022_v24.csv,28658
00009188,2022,9,LIMA,LIMA,LIMA,ESSALUD,II-1,50,100,0,70,data\raw\Capacidad\ConsultaA_Recursos_Salud_2022_v24.csv,28774
00010135,2022,9,LIMA,LIMA,LA MOLINA,ESSALUD,II-1,41,171,5,94,data\raw\Capacidad\ConsultaA_Recursos_Salud_2022_v24.csv,28918
00006206,2022,11,LIMA,LIMA,LIMA,MINSA,III-1,428,434,168,188,data\raw\Capacidad\ConsultaA_Recursos_Salud_2022_v24.csv,28933
00009188,2022,11,LIMA,LIMA,LIMA,ESSALUD,II-1,50,100,0,70,data\raw\Capacidad\ConsultaA_Recursos_Salud_2022_v24.csv,28934
00012923,2022,12,LIMA,LIMA,PUENTE PIEDRA,SANIDAD DE LA POLICIA NACIONAL DEL PERU,I-2,0,3,0,7,data\raw\Capacidad\ConsultaA_Recursos_Salud_2022_v24.csv,28967
00010751,2022,12,LIMA,LIMA,MIRAFLORES,SANIDAD DE LA FUERZA AEREA DEL PERU,III-1,264,223,25,251,data\raw\Capacidad\ConsultaA_Recursos_Salud_2022_v24.csv,29109
00013591,2022,10,LIMA,LIMA,JESUS MARIA,SANIDAD DE LA POLICIA NACIONAL DEL PERU,III-1,411,533,205,407,data\raw\Capacidad\ConsultaA_Recursos_Salud_2022_v24.csv,29169
00008489,2022,9,LIMA,LIMA,MIRAFLORES,ESSALUD,II-2,83,237,21,173,data\raw\Capacidad\ConsultaA_Recursos_Salud_2022_v24.csv,29269
00007632,2022,12,LIMA,LIMA,PUENTE PIEDRA,MINSA,II-2,108,136,55,185,data\raw\Capacidad\ConsultaA_Recursos_Salud_2022_v24.csv,29393
00008353,2022,9,LIMA,LIMA,ATE,ESSALUD,II-1,51,103,20,88,data\raw\Capacidad\ConsultaA_Recursos_Salud_2022_v24.csv,29538
00027565,2022,12,LIMA,LIMA,COMAS,ESSALUD,II-1,112,209,0,185,data\raw\Capacidad\ConsultaA_Recursos_Salud_2022_v24.csv,29612
00009251,2022,9,LIMA,LIMA,LA VICTORIA,ESSALUD,III-2,1021,1249,300,1184,data\raw\Capacidad\ConsultaA_Recursos_Salud_2022_v24.csv,29616
00007734,2022,12,LIMA,LIMA,CHORRILLOS,MINSA,III-E,20,106,24,29,data\raw\Capacidad\ConsultaA_Recursos_Salud_2022_v24.csv,29656
00006215,2022,11,LIMA,LIMA,LIMA,MINSA,III-E,222,315,93,290,data\raw\Capacidad\ConsultaA_Recursos_Salud_2022_v24.csv,29734
00006210,2022,9,LIMA,LIMA,SURQUILLO,MINSA,III-2,441,281,167,524,data\raw\Capacidad\ConsultaA_Recursos_Salud_2022_v24.csv,29825
00006206,2022,9,LIMA,LIMA,LIMA,MINSA,III-1,406,441,201,193,data\raw\Capacidad\ConsultaA_Recursos_Salud_2022_v24.csv,29826
00005883,2022,9,LIMA,LIMA,ATE,MINSA,II-1,61,83,0,71,data\raw\Capacidad\ConsultaA_Recursos_Salud_2022_v24.csv,29913
00007633,2022,10,LIMA,LIMA,SAN MARTIN DE PORRES,MINSA,III-1,378,602,368,550,data\raw\Capacidad\ConsultaA_Recursos_Salud_2022_v24.csv,29933
00006211,2022,12,LIMA,LIMA,PUEBLO LIBRE,MINSA,III-1,125,279,48,275,data\raw\Capacidad\ConsultaA_Recursos_Salud_2022_v24.csv,30047
00005883,2022,11,LIMA,LIMA,ATE,MINSA,II-1,61,84,0,89,data\raw\Capacidad\ConsultaA_Recursos_Salud_2022_v24.csv,30082
00009188,2022,12,LIMA,LIMA,LIMA,ESSALUD,II-1,50,100,0,70,data\raw\Capacidad\ConsultaA_Recursos_Salud_2022_v24.csv,30215
00008720,2022,11,LIMA,LIMA,JESUS MARIA,ESSALUD,III-2,1518,2015,505,1794,data\raw\Capacidad\ConsultaA_Recursos_Salud_2022_v24.csv,30242
00005946,2022,11,LIMA,LIMA,EL AGUSTINO,MINSA,III-1,581,501,228,644,data\raw\Capacidad\ConsultaA_Recursos_Salud_2022_v24.csv,30289
00006214,2022,9,LIMA,LIMA,MAGDALENA DEL MAR,MINSA,III-1,590,88,27,110,data\raw\Capacidad\ConsultaA_Recursos_Salud_2022_v24.csv,30362
00006209,2022,10,LIMA,LIMA,LIMA,MINSA,III-2,130,67,44,120,data\raw\Capacidad\ConsultaA_Recursos_Salud_2022_v24.csv,30380
00012923,2022,10,LIMA,LIMA,PUENTE PIEDRA,SANIDAD DE LA POLICIA NACIONAL DEL PERU,I-2,0,5,0,6,data\raw\Capacidad\ConsultaA_Recursos_Salud_2022_v24.csv,30538
00008318,2022,10,LIMA,LIMA,SANTA ANITA,ESSALUD,II-1,48,87,2,67,data\raw\Capacidad\ConsultaA_Recursos_Salud_2022_v24.csv,30580
00007733,2022,9,LIMA,LIMA,SAN MARTIN DE PORRES,MINSA,III-2,56,117,55,74,data\raw\Capacidad\ConsultaA_Recursos_Salud_2022_v24.csv,30767
00010434,2022,12,LIMA,LIMA,SANTA ANITA,ESSALUD,II-E,190,46,8,120,data\raw\Capacidad\ConsultaA_Recursos_Salud_2022_v24.csv,30875
00010434,2022,9,LIMA,LIMA,SANTA ANITA,ESSALUD,II-E,171,52,9,134,data\raw\Capacidad\ConsultaA_Recursos_Salud_2022_v24.csv,30916
00006206,2022,10,LIMA,LIMA,LIMA,MINSA,III-1,408,441,201,182,data\raw\Capacidad\ConsultaA_Recursos_Salud_2022_v24.csv,30924
00023159,2022,10,LIMA,LIMA,VILLA EL SALVADOR,MINSA,II-2,354,438,13,432,data\raw\Capacidad\ConsultaA_Recursos_Salud_2022_v24.csv,30926
00023159,2022,9,LIMA,LIMA,VILLA EL SALVADOR,MINSA,II-2,354,438,13,432,data\raw\Capacidad\ConsultaA_Recursos_Salud_2022_v24.csv,30987
00007634,2022,11,LIMA,LIMA,COMAS,MINSA,III-1,215,211,114,241,data\raw\Capacidad\ConsultaA_Recursos_Salud_2022_v24.csv,31007
00018011,2022,12,LIMA,LIMA,JESUS MARIA,ESSALUD,III-E,110,181,39,263,data\raw\Capacidad\ConsultaA_Recursos_Salud_2022_v24.csv,31054
00010135,2022,11,LIMA,LIMA,LA MOLINA,ESSALUD,II-1,37,168,8,97,data\raw\Capacidad\ConsultaA_Recursos_Salud_2022_v24.csv,31138
00006212,2022,12,LIMA,LIMA,LA VICTORIA,MINSA,III-E,53,137,9,138,data\raw\Capacidad\ConsultaA_Recursos_Salud_2022_v24.csv,31166
00016918,2022,9,LIMA,LIMA,SAN BORJA,MINSA,III-2,241,400,77,474,data\raw\Capacidad\ConsultaA_Recursos_Salud_2022_v24.csv,31170
00016918,2022,10,LIMA,LIMA,SAN BORJA,MINSA,III-2,241,396,87,474,data\raw\Capacidad\ConsultaA_Recursos_Salud_2022_v24.csv,31203
00006215,2022,10,LIMA,LIMA,LIMA,MINSA,III-E,204,310,89,291,data\raw\Capacidad\ConsultaA_Recursos_Salud_2022_v24.csv,31285
00016094,2022,11,LIMA,LIMA,RIMAC,SANIDAD DE LA POLICIA NACIONAL DEL PERU,II-1,65,14,0,70,data\raw\Capacidad\ConsultaA_Recursos_Salud_2022_v24.csv,31310
00005947,2022,11,LIMA,LIMA,LURIGANCHO,MINSA,II-2,67,139,11,109,data\raw\Capacidad\ConsultaA_Recursos_Salud_2022_v24.csv,31315
00008741,2022,9,LIMA,LIMA,VILLA EL SALVADOR,ESSALUD,II-1,67,93,3,90,data\raw\Capacidad\ConsultaA_Recursos_Salud_2022_v24.csv,31341
00017024,2022,10,LIMA,LIMA,JESUS MARIA,SANIDAD DEL EJERCITO DEL PERU,III-1,595,112,0,5,data\raw\Capacidad\ConsultaA_Recursos_Salud_2022_v24.csv,31435
00010098,2022,11,LIMA,LIMA,CHORRILLOS,SANIDAD DEL EJERCITO DEL PERU,II-E,14,43,0,59,data\raw\Capacidad\ConsultaA_Recursos_Salud_2022_v24.csv,31463
00005883,2022,10,LIMA,LIMA,ATE,MINSA,II-1,61,83,0,71,data\raw\Capacidad\ConsultaA_Recursos_Salud_2022_v24.csv,31731
00006208,2022,10,LIMA,LIMA,LIMA,MINSA,III-2,397,278,76,378,data\raw\Capacidad\ConsultaA_Recursos_Salud_2022_v24.csv,31747
00010434,2022,11,LIMA,LIMA,SANTA ANITA,ESSALUD,II-E,196,54,8,120,data\raw\Capacidad\ConsultaA_Recursos_Salud_2022_v24.csv,31777
00005617,2022,12,LIMA,LIMA,SAN JUAN DE LURIGANCHO,MINSA,II-2,145,180,20,251,data\raw\Capacidad\ConsultaA_Recursos_Salud_2022_v24.csv,31901
00006206,2022,12,LIMA,LIMA,LIMA,MINSA,III-1,412,434,204,194,data\raw\Capacidad\ConsultaA_Recursos_Salud_2022_v24.csv,31913
00010751,2022,10,LIMA,LIMA,MIRAFLORES,SANIDAD DE LA FUERZA AEREA DEL PERU,III-1,250,223,25,251,data\raw\Capacidad\ConsultaA_Recursos_Salud_2022_v24.csv,31921
00008353,2022,10,LIMA,LIMA,ATE,ESSALUD,II-1,51,101,20,88,data\raw\Capacidad\ConsultaA_Recursos_Salud_2022_v24.csv,31927
00005948,2022,10,LIMA,LIMA,SANTA ANITA,MINSA,III-1,127,91,37,87,data\raw\Capacidad\ConsultaA_Recursos_Salud_2022_v24.csv,31928
00006216,2022,12,LIMA,LIMA,BREÑA,MINSA,III-2,318,351,93,638,data\raw\Capacidad\ConsultaA_Recursos_Salud_2022_v24.csv,32109
00010434,2022,10,LIMA,LIMA,SANTA ANITA,ESSALUD,II-E,187,52,9,134,data\raw\Capacidad\ConsultaA_Recursos_Salud_2022_v24.csv,32121
00017024,2022,12,LIMA,LIMA,JESUS MARIA,SANIDAD DEL EJERCITO DEL PERU,III-1,722,205,121,7,data\raw\Capacidad\ConsultaA_Recursos_Salud_2022_v24.csv,32147
00007733,2022,12,LIMA,LIMA,SAN MARTIN DE PORRES,MINSA,III-2,75,111,55,73,data\raw\Capacidad\ConsultaA_Recursos_Salud_2022_v24.csv,32260
00005947,2022,9,LIMA,LIMA,LURIGANCHO,MINSA,II-2,67,145,11,113,data\raw\Capacidad\ConsultaA_Recursos_Salud_2022_v24.csv,32369
00005617,2022,10,LIMA,LIMA,SAN JUAN DE LURIGANCHO,MINSA,II-2,145,184,20,263,data\raw\Capacidad\ConsultaA_Recursos_Salud_2022_v24.csv,32847
00009251,2022,10,LIMA,LIMA,LA VICTORIA,ESSALUD,III-2,1007,1249,300,1184,data\raw\Capacidad\ConsultaA_Recursos_Salud_2022_v24.csv,32887
00006207,2022,11,LIMA,LIMA,LIMA,MINSA,III-1,622,415,292,451,data\raw\Capacidad\ConsultaA_Recursos_Salud_2022_v24.csv,32898
00010098,2022,10,LIMA,LIMA,CHORRILLOS,SANIDAD DEL EJERCITO DEL PERU,II-E,12,44,0,59,data\raw\Capacidad\ConsultaA_Recursos_Salud_2022_v24.csv,32934
00006211,2022,11,LIMA,LIMA,PUEBLO LIBRE,MINSA,III-1,122,258,44,284,data\raw\Capacidad\ConsultaA_Recursos_Salud_2022_v24.csv,33006
00005945,2022,11,LIMA,LIMA,ATE,MINSA,II-1,55,217,51,133,data\raw\Capacidad\ConsultaA_Recursos_Salud_2022_v24.csv,33202
00010098,2022,12,LIMA,LIMA,CHORRILLOS,SANIDAD DEL EJERCITO DEL PERU,II-E,14,41,0,59,data\raw\Capacidad\ConsultaA_Recursos_Salud_2022_v24.csv,33328
00006216,2022,10,LIMA,LIMA,BREÑA,MINSA,III-2,329,346,90,615,data\raw\Capacidad\ConsultaA_Recursos_Salud_2022_v24.csv,33482
00007733,2022,10,LIMA,LIMA,SAN MARTIN DE PORRES,MINSA,III-2,57,114,55,69,data\raw\Capacidad\ConsultaA_Recursos_Salud_2022_v24.csv,33483
00008502,2022,11,LIMA,LIMA,LIMA,ESSALUD,II-2,164,372,91,275,data\raw\Capacidad\ConsultaA_Recursos_Salud_2022_v24.csv,33561
00006208,2022,12,LIMA,LIMA,LIMA,MINSA,III-2,397,319,72,459,data\raw\Capacidad\ConsultaA_Recursos_Salud_2022_v24.csv,33611
00010135,2022,12,LIMA,LIMA,LA MOLINA,ESSALUD,II-1,38,156,8,90,data\raw\Capacidad\ConsultaA_Recursos_Salud_2022_v24.csv,34022
00023159,2022,12,LIMA,LIMA,VILLA EL SALVADOR,MINSA,II-2,357,433,41,447,data\raw\Capacidad\ConsultaA_Recursos_Salud_2022_v24.csv,34106
00016918,2022,12,LIMA,LIMA,SAN BORJA,MINSA,III-2,241,368,59,474,data\raw\Capacidad\ConsultaA_Recursos_Salud_2022_v24.csv,34107
00008741,2022,11,LIMA,LIMA,VILLA EL SALVADOR,ESSALUD,II-1,67,93,3,88,data\raw\Capacidad\ConsultaA_Recursos_Salud_2022_v24.csv,34287
00006215,2022,12,LIMA,LIMA,LIMA,MINSA,III-E,221,326,95,306,data\raw\Capacidad\ConsultaA_Recursos_Salud_2022_v24.csv,34292
00007634,2022,9,LIMA,LIMA,COMAS,MINSA,III-1,215,211,114,241,data\raw\Capacidad\ConsultaA_Recursos_Salud_2022_v24.csv,34433
00006217,2022,12,LIMA,LIMA,LIMA,MINSA,III-2,7,73,18,55,data\raw\Capacidad\ConsultaA_Recursos_Salud_2022_v24.csv,34449
00006216,2022,11,LIMA,LIMA,BREÑA,MINSA,III-2,349,352,95,642,data\raw\Capacidad\ConsultaA_Recursos_Salud_2022_v24.csv,34540
00008502,2022,12,LIMA,LIMA,LIMA,ESSALUD,II-2,166,370,91,257,data\raw\Capacidad\ConsultaA_Recursos_Salud_2022_v24.csv,34544
00016094,2022,10,LIMA,LIMA,RIMAC,SANIDAD DE LA POLICIA NACIONAL DEL PERU,II-1,65,18,0,69,data\raw\Capacidad\ConsultaA_Recursos_Salud_2022_v24.csv,34586
00006214,2022,11,LIMA,LIMA,MAGDALENA DEL MAR,MINSA,III-1,590,91,27,113,data\raw\Capacidad\ConsultaA_Recursos_Salud_2022_v24.csv,34720
00006214,2022,12,LIMA,LIMA,MAGDALENA DEL MAR,MINSA,III-1,590,91,27,110,data\raw\Capacidad\ConsultaA_Recursos_Salud_2022_v24.csv,34931
00006209,2022,9,LIMA,LIMA,LIMA,MINSA,III-2,129,56,44,113,data\raw\Capacidad\ConsultaA_Recursos_Salud_2022_v24.csv,35026
00013591,2022,9,LIMA,LIMA,JESUS MARIA,SANIDAD DE LA POLICIA NACIONAL DEL PERU,III-1,411,529,206,407,data\raw\Capacidad\ConsultaA_Recursos_Salud_2022_v24.csv,35027
00009251,2022,11,LIMA,LIMA,LA VICTORIA,ESSALUD,III-2,1009,1240,300,1158,data\raw\Capacidad\ConsultaA_Recursos_Salud_2022_v24.csv,35145
00006213,2022,12,LIMA,LIMA,MIRAFLORES,MINSA,III-E,23,209,31,202,data\raw\Capacidad\ConsultaA_Recursos_Salud_2022_v24.csv,35268
00008741,2022,12,LIMA,LIMA,VILLA EL SALVADOR,ESSALUD,II-1,67,93,3,90,data\raw\Capacidad\ConsultaA_Recursos_Salud_2022_v24.csv,35269
00017024,2022,8,LIMA,LIMA,JESUS MARIA,SANIDAD DEL EJERCITO DEL PERU,III-1,595,157,0,12,data\raw\Capacidad\ConsultaA_Recursos_Salud_2022_v24.csv,35419
00018011,2022,9,LIMA,LIMA,JESUS MARIA,ESSALUD,III-E,96,164,44,265,data\raw\Capacidad\ConsultaA_Recursos_Salud_2022_v24.csv,35431
00005946,2022,10,LIMA,LIMA,EL AGUSTINO,MINSA,III-1,584,501,231,614,data\raw\Capacidad\ConsultaA_Recursos_Salud_2022_v24.csv,35496
00008353,2022,12,LIMA,LIMA,ATE,ESSALUD,II-1,51,106,20,92,data\raw\Capacidad\ConsultaA_Recursos_Salud_2022_v24.csv,35503
00007632,2022,10,LIMA,LIMA,PUENTE PIEDRA,MINSA,II-2,108,135,56,182,data\raw\Capacidad\ConsultaA_Recursos_Salud_2022_v24.csv,35538
00006210,2022,11,LIMA,LIMA,SURQUILLO,MINSA,III-2,445,276,166,528,data\raw\Capacidad\ConsultaA_Recursos_Salud_2022_v24.csv,35727
00007634,2022,12,LIMA,LIMA,COMAS,MINSA,III-1,215,211,114,241,data\raw\Capacidad\ConsultaA_Recursos_Salud_2022_v24.csv,35780
00006212,2022,9,LIMA,LIMA,LA VICTORIA,MINSA,III-E,62,132,13,141,data\raw\Capacidad\ConsultaA_Recursos_Salud_2022_v24.csv,35784
00008502,2022,9,LIMA,LIMA,LIMA,ESSALUD,II-2,152,366,91,257,data\raw\Capacidad\ConsultaA_Recursos_Salud_2022_v24.csv,35865
00008489,2022,10,LIMA,LIMA,MIRAFLORES,ESSALUD,II-2,83,235,19,174,data\raw\Capacidad\ConsultaA_Recursos_Salud_2022_v24.csv,35941
00006208,2022,11,LIMA,LIMA,LIMA,MINSA,III-2,397,280,76,377,data\raw\Capacidad\ConsultaA_Recursos_Salud_2022_v24.csv,35995
00008489,2022,12,LIMA,LIMA,MIRAFLORES,ESSALUD,II-2,76,214,20,173,data\raw\Capacidad\ConsultaA_Recursos_Salud_2022_v24.csv,36013
00005987,2022,11,LIMA,LIMA,SAN JUAN DE MIRAFLORES,MINSA,III-1,467,280,184,355,data\raw\Capacidad\ConsultaA_Recursos_Salud_2022_v24.csv,36060
00006210,2022,12,LIMA,LIMA,SURQUILLO,MINSA,III-2,445,249,163,534,data\raw\Capacidad\ConsultaA_Recursos_Salud_2022_v24.csv,36067
00008564,2022,10,LIMA,LIMA,SAN MIGUEL,ESSALUD,II-1,20,89,0,71,data\raw\Capacidad\ConsultaA_Recursos_Salud_2022_v24.csv,36324
00005948,2022,11,LIMA,LIMA,SANTA ANITA,MINSA,III-1,127,92,37,82,data\raw\Capacidad\ConsultaA_Recursos_Salud_2022_v24.csv,36364
00005987,2022,12,LIMA,LIMA,SAN JUAN DE MIRAFLORES,MINSA,III-1,467,236,179,337,data\raw\Capacidad\ConsultaA_Recursos_Salud_2022_v24.csv,36424
00007634,2022,10,LIMA,LIMA,COMAS,MINSA,III-1,215,211,114,241,data\raw\Capacidad\ConsultaA_Recursos_Salud_2022_v24.csv,36504
00014718,2022,12,LIMA,LIMA,SAN MIGUEL,SANIDAD DE LA POLICIA NACIONAL DEL PERU,II-E,21,25,3,39,data\raw\Capacidad\ConsultaA_Recursos_Salud_2022_v24.csv,36537
00008317,2022,10,LIMA,LIMA,SAN JUAN DE LURIGANCHO,ESSALUD,II-1,43,162,13,96,data\raw\Capacidad\ConsultaA_Recursos_Salud_2022_v24.csv,36842
00006207,2022,12,LIMA,LIMA,LIMA,MINSA,III-1,623,404,289,459,data\raw\Capacidad\ConsultaA_Recursos_Salud_2022_v24.csv,36962
00008318,2022,12,LIMA,LIMA,SANTA ANITA,ESSALUD,II-1,48,87,2,67,data\raw\Capacidad\ConsultaA_Recursos_Salud_2022_v24.csv,37053
00005987,2022,9,LIMA,LIMA,SAN JUAN DE MIRAFLORES,MINSA,III-1,467,266,186,363,data\raw\Capacidad\ConsultaA_Recursos_Salud_2022_v24.csv,37253
00010098,2022,9,LIMA,LIMA,CHORRILLOS,SANIDAD DEL EJERCITO DEL PERU,II-E,12,44,0,58,data\raw\Capacidad\ConsultaA_Recursos_Salud_2022_v24.csv,37435
00005617,2022,11,LIMA,LIMA,SAN JUAN DE LURIGANCHO,MINSA,II-2,145,180,20,258,data\raw\Capacidad\ConsultaA_Recursos_Salud_2022_v24.csv,37436
00012923,2022,11,LIMA,LIMA,PUENTE PIEDRA,SANIDAD DE LA POLICIA NACIONAL DEL PERU,I-2,0,3,0,7,data\raw\Capacidad\ConsultaA_Recursos_Salud_2022_v24.csv,37510
00028025,2022,8,LIMA,LIMA,ATE,MINSA,II-E,122,123,0,283,data\raw\Capacidad\ConsultaA_Recursos_Salud_2022_v24.csv,37844
00028025,2022,10,LIMA,LIMA,ATE,MINSA,II-E,122,123,0,283,data\raw\Capacidad\ConsultaA_Recursos_Salud_2022_v24.csv,37847
00028025,2022,12,LIMA,LIMA,ATE,MINSA,II-E,122,123,0,283,data\raw\Capacidad\ConsultaA_Recursos_Salud_2022_v24.csv,37848
00028025,2022,7,LIMA,LIMA,ATE,MINSA,II-E,122,123,0,283,data\raw\Capacidad\ConsultaA_Recursos_Salud_2022_v24.csv,37856
00028025,2022,11,LIMA,LIMA,ATE,MINSA,II-E,122,123,0,283,data\raw\Capacidad\ConsultaA_Recursos_Salud_2022_v24.csv,37857
00028025,2022,4,LIMA,LIMA,ATE,MINSA,II-E,122,150,0,276,data\raw\Capacidad\ConsultaA_Recursos_Salud_2022_v24.csv,37872
00028025,2022,5,LIMA,LIMA,ATE,MINSA,II-E,122,150,0,276,data\raw\Capacidad\ConsultaA_Recursos_Salud_2022_v24.csv,37873
00028025,2022,6,LIMA,LIMA,ATE,MINSA,II-E,122,150,0,276,data\raw\Capacidad\ConsultaA_Recursos_Salud_2022_v24.csv,37874
00028025,2022,1,LIMA,LIMA,ATE,MINSA,II-E,122,123,0,283,data\raw\Capacidad\ConsultaA_Recursos_Salud_2022_v24.csv,37913
00028025,2022,2,LIMA,LIMA,ATE,MINSA,II-E,122,150,0,276,data\raw\Capacidad\ConsultaA_Recursos_Salud_2022_v24.csv,37914
00028025,2022,3,LIMA,LIMA,ATE,MINSA,II-E,122,150,0,276,data\raw\Capacidad\ConsultaA_Recursos_Salud_2022_v24.csv,37915
00028025,2022,9,LIMA,LIMA,ATE,MINSA,II-E,122,123,0,283,data\raw\Capacidad\ConsultaA_Recursos_Salud_2022_v24.csv,37921
00012923,2023,1,LIMA,LIMA,PUENTE PIEDRA,SANIDAD DE LA POLICIA NACIONAL DEL PERU,I-2,0,3,0,8,data\raw\Capacidad\ConsultaA_Recursos_Salud_2023_v24.csv,3
00008318,2023,2,LIMA,LIMA,SANTA ANITA,ESSALUD,II-1,38,89,5,68,data\raw\Capacidad\ConsultaA_Recursos_Salud_2023_v24.csv,36
00005947,2023,2,LIMA,LIMA,LURIGANCHO,MINSA,II-2,67,138,13,110,data\raw\Capacidad\ConsultaA_Recursos_Salud_2023_v24.csv,47
00005945,2023,1,LIMA,LIMA,ATE,MINSA,II-1,152,217,51,133,data\raw\Capacidad\ConsultaA_Recursos_Salud_2023_v24.csv,101
00016094,2023,4,LIMA,LIMA,RIMAC,SANIDAD DE LA POLICIA NACIONAL DEL PERU,II-1,64,18,0,73,data\raw\Capacidad\ConsultaA_Recursos_Salud_2023_v24.csv,197
00006214,2023,3,LIMA,LIMA,MAGDALENA DEL MAR,MINSA,III-1,590,83,27,118,data\raw\Capacidad\ConsultaA_Recursos_Salud_2023_v24.csv,303
00005948,2023,3,LIMA,LIMA,SANTA ANITA,MINSA,III-1,159,99,35,87,data\raw\Capacidad\ConsultaA_Recursos_Salud_2023_v24.csv,331
00005987,2023,3,LIMA,LIMA,SAN JUAN DE MIRAFLORES,MINSA,III-1,409,283,166,529,data\raw\Capacidad\ConsultaA_Recursos_Salud_2023_v24.csv,346
00006208,2023,3,LIMA,LIMA,LIMA,MINSA,III-2,397,319,72,459,data\raw\Capacidad\ConsultaA_Recursos_Salud_2023_v24.csv,434
00016918,2023,2,LIMA,LIMA,SAN BORJA,MINSA,III-2,241,398,95,474,data\raw\Capacidad\ConsultaA_Recursos_Salud_2023_v24.csv,501
00008564,2023,1,LIMA,LIMA,SAN MIGUEL,ESSALUD,II-1,30,95,0,81,data\raw\Capacidad\ConsultaA_Recursos_Salud_2023_v24.csv,694
00013591,2023,1,LIMA,LIMA,JESUS MARIA,SANIDAD DE LA POLICIA NACIONAL DEL PERU,III-1,406,518,210,434,data\raw\Capacidad\ConsultaA_Recursos_Salud_2023_v24.csv,698
00005987,2023,1,LIMA,LIMA,SAN JUAN DE MIRAFLORES,MINSA,III-1,375,281,170,453,data\raw\Capacidad\ConsultaA_Recursos_Salud_2023_v24.csv,699
00007733,2023,1,LIMA,LIMA,SAN MARTIN DE PORRES,MINSA,III-2,81,107,46,76,data\raw\Capacidad\ConsultaA_Recursos_Salud_2023_v24.csv,701
00006210,2023,2,LIMA,LIMA,SURQUILLO,MINSA,III-2,443,230,161,528,data\raw\Capacidad\ConsultaA_Recursos_Salud_2023_v24.csv,836
00008317,2023,3,LIMA,LIMA,SAN JUAN DE LURIGANCHO,ESSALUD,II-1,43,178,13,94,data\raw\Capacidad\ConsultaA_Recursos_Salud_2023_v24.csv,890
00013591,2023,3,LIMA,LIMA,JESUS MARIA,SANIDAD DE LA POLICIA NACIONAL DEL PERU,III-1,384,526,209,433,data\raw\Capacidad\ConsultaA_Recursos_Salud_2023_v24.csv,898
00006207,2023,2,LIMA,LIMA,LIMA,MINSA,III-1,586,595,216,460,data\raw\Capacidad\ConsultaA_Recursos_Salud_2023_v24.csv,932
00005945,2023,4,LIMA,LIMA,ATE,MINSA,II-1,152,230,46,141,data\raw\Capacidad\ConsultaA_Recursos_Salud_2023_v24.csv,1040
00023159,2023,2,LIMA,LIMA,VILLA EL SALVADOR,MINSA,II-2,297,405,26,449,data\raw\Capacidad\ConsultaA_Recursos_Salud_2023_v24.csv,1042
00013591,2023,2,LIMA,LIMA,JESUS MARIA,SANIDAD DE LA POLICIA NACIONAL DEL PERU,III-1,341,526,209,433,data\raw\Capacidad\ConsultaA_Recursos_Salud_2023_v24.csv,1115
00009188,2023,2,LIMA,LIMA,LIMA,ESSALUD,II-1,50,91,0,68,data\raw\Capacidad\ConsultaA_Recursos_Salud_2023_v24.csv,1121
00005947,2023,4,LIMA,LIMA,LURIGANCHO,MINSA,II-2,67,136,12,113,data\raw\Capacidad\ConsultaA_Recursos_Salud_2023_v24.csv,1170
00013591,2023,4,LIMA,LIMA,JESUS MARIA,SANIDAD DE LA POLICIA NACIONAL DEL PERU,III-1,318,526,209,433,data\raw\Capacidad\ConsultaA_Recursos_Salud_2023_v24.csv,1181
00006216,2023,4,LIMA,LIMA,BREÑA,MINSA,III-2,409,345,85,627,data\raw\Capacidad\ConsultaA_Recursos_Salud_2023_v24.csv,1183
00017024,2023,4,LIMA,LIMA,JESUS MARIA,SANIDAD DEL EJERCITO DEL PERU,III-1,376,208,85,406,data\raw\Capacidad\ConsultaA_Recursos_Salud_2023_v24.csv,1321
00008564,2023,3,LIMA,LIMA,SAN MIGUEL,ESSALUD,II-1,46,96,0,81,data\raw\Capacidad\ConsultaA_Recursos_Salud_2023_v24.csv,1443
00009188,2023,3,LIMA,LIMA,LIMA,ESSALUD,II-1,50,91,0,68,data\raw\Capacidad\ConsultaA_Recursos_Salud_2023_v24.csv,1445
00007734,2023,3,LIMA,LIMA,CHORRILLOS,MINSA,III-E,24,104,25,27,data\raw\Capacidad\ConsultaA_Recursos_Salud_2023_v24.csv,1592
00010751,2023,3,LIMA,LIMA,MIRAFLORES,SANIDAD DE LA FUERZA AEREA DEL PERU,III-1,264,223,25,251,data\raw\Capacidad\ConsultaA_Recursos_Salud_2023_v24.csv,1607
00006212,2023,3,LIMA,LIMA,LA VICTORIA,MINSA,III-E,51,144,11,141,data\raw\Capacidad\ConsultaA_Recursos_Salud_2023_v24.csv,1695
00007634,2023,3,LIMA,LIMA,COMAS,MINSA,III-1,311,288,114,241,data\raw\Capacidad\ConsultaA_Recursos_Salud_2023_v24.csv,1749
00005946,2023,4,LIMA,LIMA,EL AGUSTINO,MINSA,III-1,593,515,228,647,data\raw\Capacidad\ConsultaA_Recursos_Salud_2023_v24.csv,1777
00027565,2023,4,LIMA,LIMA,COMAS,ESSALUD,II-1,112,197,6,203,data\raw\Capacidad\ConsultaA_Recursos_Salud_2023_v24.csv,1804
00010434,2023,4,LIMA,LIMA,SANTA ANITA,ESSALUD,II-E,200,44,8,104,data\raw\Capacidad\ConsultaA_Recursos_Salud_2023_v24.csv,1805
00010434,2023,1,LIMA,LIMA,SANTA ANITA,ESSALUD,II-E,167,37,8,116,data\raw\Capacidad\ConsultaA_Recursos_Salud_2023_v24.csv,1859
00005948,2023,2,LIMA,LIMA,SANTA ANITA,MINSA,III-1,159,90,32,83,data\raw\Capacidad\ConsultaA_Recursos_Salud_2023_v24.csv,2045
00006210,2023,4,LIMA,LIMA,SURQUILLO,MINSA,III-2,444,225,158,527,data\raw\Capacidad\ConsultaA_Recursos_Salud_2023_v24.csv,2159
00010434,2023,3,LIMA,LIMA,SANTA ANITA,ESSALUD,II-E,200,26,8,89,data\raw\Capacidad\ConsultaA_Recursos_Salud_2023_v24.csv,2192
00006216,2023,3,LIMA,LIMA,BREÑA,MINSA,III-2,397,345,60,626,data\raw\Capacidad\ConsultaA_Recursos_Salud_2023_v24.csv,2193
00006210,2023,3,LIMA,LIMA,SURQUILLO,MINSA,III-2,443,230,158,530,data\raw\Capacidad\ConsultaA_Recursos_Salud_2023_v24.csv,2294
00008318,2023,3,LIMA,LIMA,SANTA ANITA,ESSALUD,II-1,38,89,5,68,data\raw\Capacidad\ConsultaA_Recursos_Salud_2023_v24.csv,2407
00008353,2023,1,LIMA,LIMA,ATE,ESSALUD,II-1,66,105,20,95,data\raw\Capacidad\ConsultaA_Recursos_Salud_2023_v24.csv,2528
00005883,2023,2,LIMA,LIMA,ATE,MINSA,II-1,64,78,0,78,data\raw\Capacidad\ConsultaA_Recursos_Salud_2023_v24.csv,2741
00009251,2023,3,LIMA,LIMA,LA VICTORIA,ESSALUD,III-2,1041,1149,293,1120,data\raw\Capacidad\ConsultaA_Recursos_Salud_2023_v24.csv,2755
00016918,2023,3,LIMA,LIMA,SAN BORJA,MINSA,III-2,241,399,90,474,data\raw\Capacidad\ConsultaA_Recursos_Salud_2023_v24.csv,2788
00010098,2023,4,LIMA,LIMA,CHORRILLOS,SANIDAD DEL EJERCITO DEL PERU,II-E,15,44,0,63,data\raw\Capacidad\ConsultaA_Recursos_Salud_2023_v24.csv,2807
00006209,2023,4,LIMA,LIMA,LIMA,MINSA,III-2,130,109,44,147,data\raw\Capacidad\ConsultaA_Recursos_Salud_2023_v24.csv,2831
00018011,2023,3,LIMA,LIMA,JESUS MARIA,ESSALUD,III-E,111,177,38,261,data\raw\Capacidad\ConsultaA_Recursos_Salud_2023_v24.csv,2917
00005947,2023,1,LIMA,LIMA,LURIGANCHO,MINSA,II-2,67,136,12,110,data\raw\Capacidad\ConsultaA_Recursos_Salud_2023_v24.csv,2953
00008489,2023,1,LIMA,LIMA,MIRAFLORES,ESSALUD,II-2,84,214,21,175,data\raw\Capacidad\ConsultaA_Recursos_Salud_2023_v24.csv,2963
00006217,2023,1,LIMA,LIMA,LIMA,MINSA,III-2,7,89,18,55,data\raw\Capacidad\ConsultaA_Recursos_Salud_2023_v24.csv,3067
00007634,2023,2,LIMA,LIMA,COMAS,MINSA,III-1,311,288,114,241,data\raw\Capacidad\ConsultaA_Recursos_Salud_2023_v24.csv,3087
00008353,2023,3,LIMA,LIMA,ATE,ESSALUD,II-1,66,105,20,95,data\raw\Capacidad\ConsultaA_Recursos_Salud_2023_v24.csv,3143
00006217,2023,3,LIMA,LIMA,LIMA,MINSA,III-2,7,89,18,55,data\raw\Capacidad\ConsultaA_Recursos_Salud_2023_v24.csv,3146
00016094,2023,1,LIMA,LIMA,RIMAC,SANIDAD DE LA POLICIA NACIONAL DEL PERU,II-1,60,18,0,0,data\raw\Capacidad\ConsultaA_Recursos_Salud_2023_v24.csv,3180
00007633,2023,3,LIMA,LIMA,SAN MARTIN DE PORRES,MINSA,III-1,366,676,363,550,data\raw\Capacidad\ConsultaA_Recursos_Salud_2023_v24.csv,3261
00008353,2023,2,LIMA,LIMA,ATE,ESSALUD,II-1,66,105,20,95,data\raw\Capacidad\ConsultaA_Recursos_Salud_2023_v24.csv,3291
00006216,2023,1,LIMA,LIMA,BREÑA,MINSA,III-2,371,345,81,626,data\raw\Capacidad\ConsultaA_Recursos_Salud_2023_v24.csv,3348
00008720,2023,1,LIMA,LIMA,JESUS MARIA,ESSALUD,III-2,1533,1921,388,1806,data\raw\Capacidad\ConsultaA_Recursos_Salud_2023_v24.csv,3349
00007633,2023,1,LIMA,LIMA,SAN MARTIN DE PORRES,MINSA,III-1,358,671,363,550,data\raw\Capacidad\ConsultaA_Recursos_Salud_2023_v24.csv,3363
00008741,2023,1,LIMA,LIMA,VILLA EL SALVADOR,ESSALUD,II-1,65,93,3,92,data\raw\Capacidad\ConsultaA_Recursos_Salud_2023_v24.csv,3472
00006209,2023,3,LIMA,LIMA,LIMA,MINSA,III-2,130,103,44,139,data\raw\Capacidad\ConsultaA_Recursos_Salud_2023_v24.csv,3514
00008489,2023,4,LIMA,LIMA,MIRAFLORES,ESSALUD,II-2,88,237,44,173,data\raw\Capacidad\ConsultaA_Recursos_Salud_2023_v24.csv,3731
00006212,2023,4,LIMA,LIMA,LA VICTORIA,MINSA,III-E,52,144,10,142,data\raw\Capacidad\ConsultaA_Recursos_Salud_2023_v24.csv,3747
00008317,2023,2,LIMA,LIMA,SAN JUAN DE LURIGANCHO,ESSALUD,II-1,43,156,13,91,data\raw\Capacidad\ConsultaA_Recursos_Salud_2023_v24.csv,4067
00007733,2023,3,LIMA,LIMA,SAN MARTIN DE PORRES,MINSA,III-2,88,115,50,74,data\raw\Capacidad\ConsultaA_Recursos_Salud_2023_v24.csv,4093
00010751,2023,4,LIMA,LIMA,MIRAFLORES,SANIDAD DE LA FUERZA AEREA DEL PERU,III-1,264,223,25,251,data\raw\Capacidad\ConsultaA_Recursos_Salud_2023_v24.csv,4201
00014718,2023,3,LIMA,LIMA,SAN MIGUEL,SANIDAD DE LA POLICIA NACIONAL DEL PERU,II-E,21,29,1,41,data\raw\Capacidad\ConsultaA_Recursos_Salud_2023_v24.csv,4455
00016094,2023,2,LIMA,LIMA,RIMAC,SANIDAD DE LA POLICIA NACIONAL DEL PERU,II-1,74,20,0,71,data\raw\Capacidad\ConsultaA_Recursos_Salud_2023_v24.csv,4505
00008489,2023,3,LIMA,LIMA,MIRAFLORES,ESSALUD,II-2,87,232,44,176,data\raw\Capacidad\ConsultaA_Recursos_Salud_2023_v24.csv,4599
00027565,2023,3,LIMA,LIMA,COMAS,ESSALUD,II-1,112,206,6,203,data\raw\Capacidad\ConsultaA_Recursos_Salud_2023_v24.csv,4693
00006211,2023,3,LIMA,LIMA,PUEBLO LIBRE,MINSA,III-1,128,272,42,287,data\raw\Capacidad\ConsultaA_Recursos_Salud_2023_v24.csv,4733
00006211,2023,1,LIMA,LIMA,PUEBLO LIBRE,MINSA,III-1,128,276,48,287,data\raw\Capacidad\ConsultaA_Recursos_Salud_2023_v24.csv,4817
00007632,2023,1,LIMA,LIMA,PUENTE PIEDRA,MINSA,II-2,108,138,55,185,data\raw\Capacidad\ConsultaA_Recursos_Salud_2023_v24.csv,4819
00006206,2023,3,LIMA,LIMA,LIMA,MINSA,III-1,443,519,200,210,data\raw\Capacidad\ConsultaA_Recursos_Salud_2023_v24.csv,4926
00008741,2023,3,LIMA,LIMA,VILLA EL SALVADOR,ESSALUD,II-1,64,102,3,87,data\raw\Capacidad\ConsultaA_Recursos_Salud_2023_v24.csv,4944
00010135,2023,3,LIMA,LIMA,LA MOLINA,ESSALUD,II-1,37,166,7,106,data\raw\Capacidad\ConsultaA_Recursos_Salud_2023_v24.csv,4959
00017024,2023,1,LIMA,LIMA,JESUS MARIA,SANIDAD DEL EJERCITO DEL PERU,III-1,681,207,127,406,data\raw\Capacidad\ConsultaA_Recursos_Salud_2023_v24.csv,5038
00012923,2023,4,LIMA,LIMA,PUENTE PIEDRA,SANIDAD DE LA POLICIA NACIONAL DEL PERU,I-2,0,0,0,6,data\raw\Capacidad\ConsultaA_Recursos_Salud_2023_v24.csv,5301
00005947,2023,3,LIMA,LIMA,LURIGANCHO,MINSA,II-2,67,139,12,113,data\raw\Capacidad\ConsultaA_Recursos_Salud_2023_v24.csv,5355
00008318,2023,4,LIMA,LIMA,SANTA ANITA,ESSALUD,II-1,38,89,5,68,data\raw\Capacidad\ConsultaA_Recursos_Salud_2023_v24.csv,5585
00007632,2023,3,LIMA,LIMA,PUENTE PIEDRA,MINSA,II-2,108,136,55,183,data\raw\Capacidad\ConsultaA_Recursos_Salud_2023_v24.csv,5676
00007734,2023,1,LIMA,LIMA,CHORRILLOS,MINSA,III-E,21,94,15,27,data\raw\Capacidad\ConsultaA_Recursos_Salud_2023_v24.csv,5741
00014718,2023,1,LIMA,LIMA,SAN MIGUEL,SANIDAD DE LA POLICIA NACIONAL DEL PERU,II-E,21,25,0,40,data\raw\Capacidad\ConsultaA_Recursos_Salud_2023_v24.csv,5745
00008720,2023,3,LIMA,LIMA,JESUS MARIA,ESSALUD,III-2,1532,1913,386,2037,data\raw\Capacidad\ConsultaA_Recursos_Salud_2023_v24.csv,5824
00010751,2023,2,LIMA,LIMA,MIRAFLORES,SANIDAD DE LA FUERZA AEREA DEL PERU,III-1,264,223,25,251,data\raw\Capacidad\ConsultaA_Recursos_Salud_2023_v24.csv,6101
00008741,2023,2,LIMA,LIMA,VILLA EL SALVADOR,ESSALUD,II-1,64,101,3,91,data\raw\Capacidad\ConsultaA_Recursos_Salud_2023_v24.csv,6220
00007734,2023,4,LIMA,LIMA,CHORRILLOS,MINSA,III-E,24,104,27,27,data\raw\Capacidad\ConsultaA_Recursos_Salud_2023_v24.csv,6284
00008502,2023,3,LIMA,LIMA,LIMA,ESSALUD,II-2,179,366,88,256,data\raw\Capacidad\ConsultaA_Recursos_Salud_2023_v24.csv,6406
00006215,2023,3,LIMA,LIMA,LIMA,MINSA,III-E,217,320,89,302,data\raw\Capacidad\ConsultaA_Recursos_Salud_2023_v24.csv,6533
00010098,2023,1,LIMA,LIMA,CHORRILLOS,SANIDAD DEL EJERCITO DEL PERU,II-E,15,45,0,59,data\raw\Capacidad\ConsultaA_Recursos_Salud_2023_v24.csv,6592
00005945,2023,3,LIMA,LIMA,ATE,MINSA,II-1,152,230,46,141,data\raw\Capacidad\ConsultaA_Recursos_Salud_2023_v24.csv,6671
00008317,2023,4,LIMA,LIMA,SAN JUAN DE LURIGANCHO,ESSALUD,II-1,43,182,13,98,data\raw\Capacidad\ConsultaA_Recursos_Salud_2023_v24.csv,6684
00006215,2023,4,LIMA,LIMA,LIMA,MINSA,III-E,219,319,88,295,data\raw\Capacidad\ConsultaA_Recursos_Salud_2023_v24.csv,6691
00009251,2023,4,LIMA,LIMA,LA VICTORIA,ESSALUD,III-2,1073,1147,293,1112,data\raw\Capacidad\ConsultaA_Recursos_Salud_2023_v24.csv,6703
00005883,2023,3,LIMA,LIMA,ATE,MINSA,II-1,64,79,0,86,data\raw\Capacidad\ConsultaA_Recursos_Salud_2023_v24.csv,7075
00006213,2023,3,LIMA,LIMA,MIRAFLORES,MINSA,III-E,23,211,31,201,data\raw\Capacidad\ConsultaA_Recursos_Salud_2023_v24.csv,7076
00014718,2023,4,LIMA,LIMA,SAN MIGUEL,SANIDAD DE LA POLICIA NACIONAL DEL PERU,II-E,26,28,0,36,data\raw\Capacidad\ConsultaA_Recursos_Salud_2023_v24.csv,7107
00005617,2023,4,LIMA,LIMA,SAN JUAN DE LURIGANCHO,MINSA,II-2,145,203,25,261,data\raw\Capacidad\ConsultaA_Recursos_Salud_2023_v24.csv,7125
00006207,2023,3,LIMA,LIMA,LIMA,MINSA,III-1,586,641,227,478,data\raw\Capacidad\ConsultaA_Recursos_Salud_2023_v24.csv,7277
00023159,2023,4,LIMA,LIMA,VILLA EL SALVADOR,MINSA,II-2,297,429,26,461,data\raw\Capacidad\ConsultaA_Recursos_Salud_2023_v24.csv,7407
00008502,2023,2,LIMA,LIMA,LIMA,ESSALUD,II-2,179,369,88,249,data\raw\Capacidad\ConsultaA_Recursos_Salud_2023_v24.csv,7503
00005946,2023,3,LIMA,LIMA,EL AGUSTINO,MINSA,III-1,592,513,227,642,data\raw\Capacidad\ConsultaA_Recursos_Salud_2023_v24.csv,7519
00007734,2023,2,LIMA,LIMA,CHORRILLOS,MINSA,III-E,24,97,19,27,data\raw\Capacidad\ConsultaA_Recursos_Salud_2023_v24.csv,7546
00007632,2023,2,LIMA,LIMA,PUENTE PIEDRA,MINSA,II-2,108,137,55,185,data\raw\Capacidad\ConsultaA_Recursos_Salud_2023_v24.csv,7548
00005617,2023,2,LIMA,LIMA,SAN JUAN DE LURIGANCHO,MINSA,II-2,145,201,20,253,data\raw\Capacidad\ConsultaA_Recursos_Salud_2023_v24.csv,7829
00010098,2023,3,LIMA,LIMA,CHORRILLOS,SANIDAD DEL EJERCITO DEL PERU,II-E,15,44,0,62,data\raw\Capacidad\ConsultaA_Recursos_Salud_2023_v24.csv,7840
00006214,2023,4,LIMA,LIMA,MAGDALENA DEL MAR,MINSA,III-1,590,83,27,121,data\raw\Capacidad\ConsultaA_Recursos_Salud_2023_v24.csv,7885
00023159,2023,1,LIMA,LIMA,VILLA EL SALVADOR,MINSA,II-2,297,432,28,452,data\raw\Capacidad\ConsultaA_Recursos_Salud_2023_v24.csv,7888
00023159,2023,3,LIMA,LIMA,VILLA EL SALVADOR,MINSA,II-2,297,412,24,456,data\raw\Capacidad\ConsultaA_Recursos_Salud_2023_v24.csv,7889
00007634,2023,1,LIMA,LIMA,COMAS,MINSA,III-1,311,288,114,241,data\raw\Capacidad\ConsultaA_Recursos_Salud_2023_v24.csv,7912
00006209,2023,1,LIMA,LIMA,LIMA,MINSA,III-2,129,77,44,127,data\raw\Capacidad\ConsultaA_Recursos_Salud_2023_v24.csv,7915
00007733,2023,2,LIMA,LIMA,SAN MARTIN DE PORRES,MINSA,III-2,86,109,50,68,data\raw\Capacidad\ConsultaA_Recursos_Salud_2023_v24.csv,7998
00005946,2023,2,LIMA,LIMA,EL AGUSTINO,MINSA,III-1,595,488,228,643,data\raw\Capacidad\ConsultaA_Recursos_Salud_2023_v24.csv,8004
00009188,2023,1,LIMA,LIMA,LIMA,ESSALUD,II-1,50,91,0,68,data\raw\Capacidad\ConsultaA_Recursos_Salud_2023_v24.csv,8060
00006215,2023,2,LIMA,LIMA,LIMA,MINSA,III-E,224,305,84,278,data\raw\Capacidad\ConsultaA_Recursos_Salud_2023_v24.csv,8149
00005946,2023,1,LIMA,LIMA,EL AGUSTINO,MINSA,III-1,600,491,218,637,data\raw\Capacidad\ConsultaA_Recursos_Salud_2023_v24.csv,8260
00005617,2023,1,LIMA,LIMA,SAN JUAN DE LURIGANCHO,MINSA,II-2,145,195,20,253,data\raw\Capacidad\ConsultaA_Recursos_Salud_2023_v24.csv,8271
00006210,2023,1,LIMA,LIMA,SURQUILLO,MINSA,III-2,443,240,161,528,data\raw\Capacidad\ConsultaA_Recursos_Salud_2023_v24.csv,8367
00008317,2023,1,LIMA,LIMA,SAN JUAN DE LURIGANCHO,ESSALUD,II-1,43,136,13,93,data\raw\Capacidad\ConsultaA_Recursos_Salud_2023_v24.csv,8405
00006215,2023,1,LIMA,LIMA,LIMA,MINSA,III-E,225,303,83,284,data\raw\Capacidad\ConsultaA_Recursos_Salud_2023_v24.csv,8472
00006207,2023,1,LIMA,LIMA,LIMA,MINSA,III-1,586,595,216,460,data\raw\Capacidad\ConsultaA_Recursos_Salud_2023_v24.csv,8571
00008502,2023,1,LIMA,LIMA,LIMA,ESSALUD,II-2,179,368,88,254,data\raw\Capacidad\ConsultaA_Recursos_Salud_2023_v24.csv,8574
00006217,2023,2,LIMA,LIMA,LIMA,MINSA,III-2,7,89,18,55,data\raw\Capacidad\ConsultaA_Recursos_Salud_2023_v24.csv,8586
00010135,2023,1,LIMA,LIMA,LA MOLINA,ESSALUD,II-1,37,140,8,98,data\raw\Capacidad\ConsultaA_Recursos_Salud_2023_v24.csv,8757
00014718,2023,2,LIMA,LIMA,SAN MIGUEL,SANIDAD DE LA POLICIA NACIONAL DEL PERU,II-E,21,26,0,41,data\raw\Capacidad\ConsultaA_Recursos_Salud_2023_v24.csv,8975
00010434,2023,2,LIMA,LIMA,SANTA ANITA,ESSALUD,II-E,175,37,8,113,data\raw\Capacidad\ConsultaA_Recursos_Salud_2023_v24.csv,8990
00006211,2023,2,LIMA,LIMA,PUEBLO LIBRE,MINSA,III-1,128,272,42,287,data\raw\Capacidad\ConsultaA_Recursos_Salud_2023_v24.csv,9003
00006213,2023,2,LIMA,LIMA,MIRAFLORES,MINSA,III-E,23,212,31,202,data\raw\Capacidad\ConsultaA_Recursos_Salud_2023_v24.csv,9050
00005617,2023,3,LIMA,LIMA,SAN JUAN DE LURIGANCHO,MINSA,II-2,145,200,20,260,data\raw\Capacidad\ConsultaA_Recursos_Salud_2023_v24.csv,9079
00017024,2023,3,LIMA,LIMA,JESUS MARIA,SANIDAD DEL EJERCITO DEL PERU,III-1,376,207,127,406,data\raw\Capacidad\ConsultaA_Recursos_Salud_2023_v24.csv,9080
00005987,2023,2,LIMA,LIMA,SAN JUAN DE MIRAFLORES,MINSA,III-1,386,280,164,453,data\raw\Capacidad\ConsultaA_Recursos_Salud_2023_v24.csv,9182
00010098,2023,2,LIMA,LIMA,CHORRILLOS,SANIDAD DEL EJERCITO DEL PERU,II-E,15,44,0,61,data\raw\Capacidad\ConsultaA_Recursos_Salud_2023_v24.csv,9184
00006208,2023,2,LIMA,LIMA,LIMA,MINSA,III-2,397,319,72,459,data\raw\Capacidad\ConsultaA_Recursos_Salud_2023_v24.csv,9185
00009251,2023,1,LIMA,LIMA,LA VICTORIA,ESSALUD,III-2,1006,1341,293,1077,data\raw\Capacidad\ConsultaA_Recursos_Salud_2023_v24.csv,9288
00005945,2023,2,LIMA,LIMA,ATE,MINSA,II-1,152,230,46,141,data\raw\Capacidad\ConsultaA_Recursos_Salud_2023_v24.csv,9303
00008318,2023,1,LIMA,LIMA,SANTA ANITA,ESSALUD,II-1,38,89,5,68,data\raw\Capacidad\ConsultaA_Recursos_Salud_2023_v24.csv,9408
00008720,2023,2,LIMA,LIMA,JESUS MARIA,ESSALUD,III-2,1505,1893,388,1759,data\raw\Capacidad\ConsultaA_Recursos_Salud_2023_v24.csv,9461
00010751,2023,1,LIMA,LIMA,MIRAFLORES,SANIDAD DE LA FUERZA AEREA DEL PERU,III-1,264,223,25,251,data\raw\Capacidad\ConsultaA_Recursos_Salud_2023_v24.csv,9501
00027565,2023,1,LIMA,LIMA,COMAS,ESSALUD,II-1,112,192,6,197,data\raw\Capacidad\ConsultaA_Recursos_Salud_2023_v24.csv,9507
00009251,2023,2,LIMA,LIMA,LA VICTORIA,ESSALUD,III-2,1044,1222,293,1137,data\raw\Capacidad\ConsultaA_Recursos_Salud_2023_v24.csv,9606
00006214,2023,2,LIMA,LIMA,MAGDALENA DEL MAR,MINSA,III-1,590,82,27,118,data\raw\Capacidad\ConsultaA_Recursos_Salud_2023_v24.csv,9625
00008564,2023,2,LIMA,LIMA,SAN MIGUEL,ESSALUD,II-1,44,96,0,81,data\raw\Capacidad\ConsultaA_Recursos_Salud_2023_v24.csv,9651
00007633,2023,2,LIMA,LIMA,SAN MARTIN DE PORRES,MINSA,III-1,363,669,363,550,data\raw\Capacidad\ConsultaA_Recursos_Salud_2023_v24.csv,9709
00006214,2023,1,LIMA,LIMA,MAGDALENA DEL MAR,MINSA,III-1,590,86,27,117,data\raw\Capacidad\ConsultaA_Recursos_Salud_2023_v24.csv,9741
00006213,2023,1,LIMA,LIMA,MIRAFLORES,MINSA,III-E,23,210,31,202,data\raw\Capacidad\ConsultaA_Recursos_Salud_2023_v24.csv,9756
00006208,2023,1,LIMA,LIMA,LIMA,MINSA,III-2,397,319,72,459,data\raw\Capacidad\ConsultaA_Recursos_Salud_2023_v24.csv,9759
00018011,2023,2,LIMA,LIMA,JESUS MARIA,ESSALUD,III-E,110,176,38,262,data\raw\Capacidad\ConsultaA_Recursos_Salud_2023_v24.csv,9888
00006212,2023,2,LIMA,LIMA,LA VICTORIA,MINSA,III-E,54,145,10,136,data\raw\Capacidad\ConsultaA_Recursos_Salud_2023_v24.csv,9898
00006206,2023,1,LIMA,LIMA,LIMA,MINSA,III-1,397,411,215,199,data\raw\Capacidad\ConsultaA_Recursos_Salud_2023_v24.csv,10093
00012923,2023,2,LIMA,LIMA,PUENTE PIEDRA,SANIDAD DE LA POLICIA NACIONAL DEL PERU,I-2,0,2,0,9,data\raw\Capacidad\ConsultaA_Recursos_Salud_2023_v24.csv,10103
00027565,2023,2,LIMA,LIMA,COMAS,ESSALUD,II-1,112,192,6,187,data\raw\Capacidad\ConsultaA_Recursos_Salud_2023_v24.csv,10240
00005883,2023,1,LIMA,LIMA,ATE,MINSA,II-1,61,79,0,82,data\raw\Capacidad\ConsultaA_Recursos_Salud_2023_v24.csv,10309
00016918,2023,1,LIMA,LIMA,SAN BORJA,MINSA,III-2,241,398,89,474,data\raw\Capacidad\ConsultaA_Recursos_Salud_2023_v24.csv,10312
00016094,2023,3,LIMA,LIMA,RIMAC,SANIDAD DE LA POLICIA NACIONAL DEL PERU,II-1,58,18,0,73,data\raw\Capacidad\ConsultaA_Recursos_Salud_2023_v24.csv,10415
00006212,2023,1,LIMA,LIMA,LA VICTORIA,MINSA,III-E,53,144,11,146,data\raw\Capacidad\ConsultaA_Recursos_Salud_2023_v24.csv,10552
00005948,2023,1,LIMA,LIMA,SANTA ANITA,MINSA,III-1,159,90,34,88,data\raw\Capacidad\ConsultaA_Recursos_Salud_2023_v24.csv,10703
00006216,2023,2,LIMA,LIMA,BREÑA,MINSA,III-2,346,346,89,625,data\raw\Capacidad\ConsultaA_Recursos_Salud_2023_v24.csv,10750
00017024,2023,2,LIMA,LIMA,JESUS MARIA,SANIDAD DEL EJERCITO DEL PERU,III-1,376,207,127,406,data\raw\Capacidad\ConsultaA_Recursos_Salud_2023_v24.csv,10752
00010135,2023,2,LIMA,LIMA,LA MOLINA,ESSALUD,II-1,38,151,10,96,data\raw\Capacidad\ConsultaA_Recursos_Salud_2023_v24.csv,10754
00006206,2023,2,LIMA,LIMA,LIMA,MINSA,III-1,448,431,217,211,data\raw\Capacidad\ConsultaA_Recursos_Salud_2023_v24.csv,10829
00012923,2023,3,LIMA,LIMA,PUENTE PIEDRA,SANIDAD DE LA POLICIA NACIONAL DEL PERU,I-2,0,2,0,9,data\raw\Capacidad\ConsultaA_Recursos_Salud_2023_v24.csv,10841
00018011,2023,1,LIMA,LIMA,JESUS MARIA,ESSALUD,III-E,110,177,38,262,data\raw\Capacidad\ConsultaA_Recursos_Salud_2023_v24.csv,10847
00006209,2023,2,LIMA,LIMA,LIMA,MINSA,III-2,130,70,44,147,data\raw\Capacidad\ConsultaA_Recursos_Salud_2023_v24.csv,10853
00008489,2023,2,LIMA,LIMA,MIRAFLORES,ESSALUD,II-2,86,211,20,175,data\raw\Capacidad\ConsultaA_Recursos_Salud_2023_v24.csv,11030
00008502,2023,6,LIMA,LIMA,LIMA,ESSALUD,II-2,179,372,88,247,data\raw\Capacidad\ConsultaA_Recursos_Salud_2023_v24.csv,11169
00008353,2023,7,LIMA,LIMA,ATE,ESSALUD,II-1,66,104,20,94,data\raw\Capacidad\ConsultaA_Recursos_Salud_2023_v24.csv,11224
00007632,2023,5,LIMA,LIMA,PUENTE PIEDRA,MINSA,II-2,114,135,55,180,data\raw\Capacidad\ConsultaA_Recursos_Salud_2023_v24.csv,11249
00013591,2023,6,LIMA,LIMA,JESUS MARIA,SANIDAD DE LA POLICIA NACIONAL DEL PERU,III-1,331,515,210,426,data\raw\Capacidad\ConsultaA_Recursos_Salud_2023_v24.csv,11269
00010135,2023,4,LIMA,LIMA,LA MOLINA,ESSALUD,II-1,38,163,7,106,data\raw\Capacidad\ConsultaA_Recursos_Salud_2023_v24.csv,11333
00006208,2023,4,LIMA,LIMA,LIMA,MINSA,III-2,397,319,72,459,data\raw\Capacidad\ConsultaA_Recursos_Salud_2023_v24.csv,11339
00009188,2023,4,LIMA,LIMA,LIMA,ESSALUD,II-1,50,91,0,68,data\raw\Capacidad\ConsultaA_Recursos_Salud_2023_v24.csv,11510
00010434,2023,5,LIMA,LIMA,SANTA ANITA,ESSALUD,II-E,200,44,8,104,data\raw\Capacidad\ConsultaA_Recursos_Salud_2023_v24.csv,11519
00007633,2023,5,LIMA,LIMA,SAN MARTIN DE PORRES,MINSA,III-1,370,688,362,622,data\raw\Capacidad\ConsultaA_Recursos_Salud_2023_v24.csv,11622
00016918,2023,6,LIMA,LIMA,SAN BORJA,MINSA,III-2,241,431,116,474,data\raw\Capacidad\ConsultaA_Recursos_Salud_2023_v24.csv,11649
00005948,2023,5,LIMA,LIMA,SANTA ANITA,MINSA,III-1,159,93,33,88,data\raw\Capacidad\ConsultaA_Recursos_Salud_2023_v24.csv,11727
00007733,2023,5,LIMA,LIMA,SAN MARTIN DE PORRES,MINSA,III-2,88,114,50,78,data\raw\Capacidad\ConsultaA_Recursos_Salud_2023_v24.csv,11729
00008317,2023,5,LIMA,LIMA,SAN JUAN DE LURIGANCHO,ESSALUD,II-1,43,170,13,93,data\raw\Capacidad\ConsultaA_Recursos_Salud_2023_v24.csv,11801
00008720,2023,4,LIMA,LIMA,JESUS MARIA,ESSALUD,III-2,1532,1956,386,2037,data\raw\Capacidad\ConsultaA_Recursos_Salud_2023_v24.csv,11876
00007733,2023,4,LIMA,LIMA,SAN MARTIN DE PORRES,MINSA,III-2,88,115,50,76,data\raw\Capacidad\ConsultaA_Recursos_Salud_2023_v24.csv,11884
00006210,2023,5,LIMA,LIMA,SURQUILLO,MINSA,III-2,444,223,158,536,data\raw\Capacidad\ConsultaA_Recursos_Salud_2023_v24.csv,11977
00006207,2023,4,LIMA,LIMA,LIMA,MINSA,III-1,586,726,294,485,data\raw\Capacidad\ConsultaA_Recursos_Salud_2023_v24.csv,12072
00007734,2023,5,LIMA,LIMA,CHORRILLOS,MINSA,III-E,24,103,28,27,data\raw\Capacidad\ConsultaA_Recursos_Salud_2023_v24.csv,12088
00005883,2023,5,LIMA,LIMA,ATE,MINSA,II-1,50,85,0,87,data\raw\Capacidad\ConsultaA_Recursos_Salud_2023_v24.csv,12107
00007633,2023,7,LIMA,LIMA,SAN MARTIN DE PORRES,MINSA,III-1,369,664,347,640,data\raw\Capacidad\ConsultaA_Recursos_Salud_2023_v24.csv,12158
00008502,2023,7,LIMA,LIMA,LIMA,ESSALUD,II-2,179,377,88,260,data\raw\Capacidad\ConsultaA_Recursos_Salud_2023_v24.csv,12159
00013591,2023,5,LIMA,LIMA,JESUS MARIA,SANIDAD DE LA POLICIA NACIONAL DEL PERU,III-1,331,526,209,433,data\raw\Capacidad\ConsultaA_Recursos_Salud_2023_v24.csv,12374
00008353,2023,4,LIMA,LIMA,ATE,ESSALUD,II-1,66,105,20,95,data\raw\Capacidad\ConsultaA_Recursos_Salud_2023_v24.csv,12469
00013914,2023,5,LIMA,LIMA,RIMAC,SANIDAD DEL EJERCITO DEL PERU,I-4,4,9,0,14,data\raw\Capacidad\ConsultaA_Recursos_Salud_2023_v24.csv,12477
00006206,2023,5,LIMA,LIMA,LIMA,MINSA,III-1,435,446,187,210,data\raw\Capacidad\ConsultaA_Recursos_Salud_2023_v24.csv,12480
00005883,2023,7,LIMA,LIMA,ATE,MINSA,II-1,50,94,0,92,data\raw\Capacidad\ConsultaA_Recursos_Salud_2023_v24.csv,12544
00005948,2023,6,LIMA,LIMA,SANTA ANITA,MINSA,III-1,211,94,32,84,data\raw\Capacidad\ConsultaA_Recursos_Salud_2023_v24.csv,12898
00023159,2023,7,LIMA,LIMA,VILLA EL SALVADOR,MINSA,II-2,297,420,26,465,data\raw\Capacidad\ConsultaA_Recursos_Salud_2023_v24.csv,12928
00006208,2023,6,LIMA,LIMA,LIMA,MINSA,III-2,397,319,72,459,data\raw\Capacidad\ConsultaA_Recursos_Salud_2023_v24.csv,12983
00008502,2023,4,LIMA,LIMA,LIMA,ESSALUD,II-2,179,367,88,260,data\raw\Capacidad\ConsultaA_Recursos_Salud_2023_v24.csv,13242
00007632,2023,8,LIMA,LIMA,PUENTE PIEDRA,MINSA,II-2,114,138,55,190,data\raw\Capacidad\ConsultaA_Recursos_Salud_2023_v24.csv,13331
00016094,2023,6,LIMA,LIMA,RIMAC,SANIDAD DE LA POLICIA NACIONAL DEL PERU,II-1,61,15,0,68,data\raw\Capacidad\ConsultaA_Recursos_Salud_2023_v24.csv,13361
00008318,2023,6,LIMA,LIMA,SANTA ANITA,ESSALUD,II-1,38,89,5,68,data\raw\Capacidad\ConsultaA_Recursos_Salud_2023_v24.csv,13675
00006207,2023,7,LIMA,LIMA,LIMA,MINSA,III-1,618,707,284,487,data\raw\Capacidad\ConsultaA_Recursos_Salud_2023_v24.csv,13706
00007634,2023,6,LIMA,LIMA,COMAS,MINSA,III-1,293,288,114,241,data\raw\Capacidad\ConsultaA_Recursos_Salud_2023_v24.csv,13763
00006206,2023,6,LIMA,LIMA,LIMA,MINSA,III-1,479,433,202,213,data\raw\Capacidad\ConsultaA_Recursos_Salud_2023_v24.csv,13777
00007733,2023,7,LIMA,LIMA,SAN MARTIN DE PORRES,MINSA,III-2,88,114,50,74,data\raw\Capacidad\ConsultaA_Recursos_Salud_2023_v24.csv,13804
00010098,2023,7,LIMA,LIMA,CHORRILLOS,SANIDAD DEL EJERCITO DEL PERU,II-E,15,45,0,63,data\raw\Capacidad\ConsultaA_Recursos_Salud_2023_v24.csv,13829
00006216,2023,6,LIMA,LIMA,BREÑA,MINSA,III-2,399,343,85,628,data\raw\Capacidad\ConsultaA_Recursos_Salud_2023_v24.csv,13941
00007633,2023,6,LIMA,LIMA,SAN MARTIN DE PORRES,MINSA,III-1,371,722,363,622,data\raw\Capacidad\ConsultaA_Recursos_Salud_2023_v24.csv,13961
00010434,2023,6,LIMA,LIMA,SANTA ANITA,ESSALUD,II-E,200,42,8,105,data\raw\Capacidad\ConsultaA_Recursos_Salud_2023_v24.csv,13989
00027565,2023,6,LIMA,LIMA,COMAS,ESSALUD,II-1,102,189,6,189,data\raw\Capacidad\ConsultaA_Recursos_Salud_2023_v24.csv,14116
00008564,2023,6,LIMA,LIMA,SAN MIGUEL,ESSALUD,II-1,62,95,0,82,data\raw\Capacidad\ConsultaA_Recursos_Salud_2023_v24.csv,14180
00014718,2023,7,LIMA,LIMA,SAN MIGUEL,SANIDAD DE LA POLICIA NACIONAL DEL PERU,II-E,26,18,0,40,data\raw\Capacidad\ConsultaA_Recursos_Salud_2023_v24.csv,14201
00006206,2023,7,LIMA,LIMA,LIMA,MINSA,III-1,472,447,183,221,data\raw\Capacidad\ConsultaA_Recursos_Salud_2023_v24.csv,14230
00006217,2023,6,LIMA,LIMA,LIMA,MINSA,III-2,7,89,18,55,data\raw\Capacidad\ConsultaA_Recursos_Salud_2023_v24.csv,14296
00018011,2023,5,LIMA,LIMA,JESUS MARIA,ESSALUD,III-E,111,171,38,260,data\raw\Capacidad\ConsultaA_Recursos_Salud_2023_v24.csv,14375
00006213,2023,5,LIMA,LIMA,MIRAFLORES,MINSA,III-E,23,207,31,201,data\raw\Capacidad\ConsultaA_Recursos_Salud_2023_v24.csv,14455
00009188,2023,5,LIMA,LIMA,LIMA,ESSALUD,II-1,52,89,0,70,data\raw\Capacidad\ConsultaA_Recursos_Salud_2023_v24.csv,14472
00006217,2023,5,LIMA,LIMA,LIMA,MINSA,III-2,7,89,18,55,data\raw\Capacidad\ConsultaA_Recursos_Salud_2023_v24.csv,14698
00008741,2023,5,LIMA,LIMA,VILLA EL SALVADOR,ESSALUD,II-1,64,103,3,87,data\raw\Capacidad\ConsultaA_Recursos_Salud_2023_v24.csv,14751
00007632,2023,6,LIMA,LIMA,PUENTE PIEDRA,MINSA,II-2,114,138,55,187,data\raw\Capacidad\ConsultaA_Recursos_Salud_2023_v24.csv,14812
00007634,2023,7,LIMA,LIMA,COMAS,MINSA,III-1,289,288,114,241,data\raw\Capacidad\ConsultaA_Recursos_Salud_2023_v24.csv,15021
00005945,2023,7,LIMA,LIMA,ATE,MINSA,II-1,55,156,37,136,data\raw\Capacidad\ConsultaA_Recursos_Salud_2023_v24.csv,15031
00006215,2023,5,LIMA,LIMA,LIMA,MINSA,III-E,219,303,82,280,data\raw\Capacidad\ConsultaA_Recursos_Salud_2023_v24.csv,15074
00012923,2023,7,LIMA,LIMA,PUENTE PIEDRA,SANIDAD DE LA POLICIA NACIONAL DEL PERU,I-2,0,4,0,10,data\raw\Capacidad\ConsultaA_Recursos_Salud_2023_v24.csv,15105
00027565,2023,7,LIMA,LIMA,COMAS,ESSALUD,II-1,108,193,6,187,data\raw\Capacidad\ConsultaA_Recursos_Salud_2023_v24.csv,15288
00006211,2023,7,LIMA,LIMA,PUEBLO LIBRE,MINSA,III-1,148,278,42,297,data\raw\Capacidad\ConsultaA_Recursos_Salud_2023_v24.csv,15299
00006210,2023,6,LIMA,LIMA,SURQUILLO,MINSA,III-2,445,226,158,532,data\raw\Capacidad\ConsultaA_Recursos_Salud_2023_v24.csv,15413
00008741,2023,6,LIMA,LIMA,VILLA EL SALVADOR,ESSALUD,II-1,64,103,3,87,data\raw\Capacidad\ConsultaA_Recursos_Salud_2023_v24.csv,15425
00009251,2023,5,LIMA,LIMA,LA VICTORIA,ESSALUD,III-2,1097,1146,293,1113,data\raw\Capacidad\ConsultaA_Recursos_Salud_2023_v24.csv,15473
00005987,2023,6,LIMA,LIMA,SAN JUAN DE MIRAFLORES,MINSA,III-1,399,286,172,531,data\raw\Capacidad\ConsultaA_Recursos_Salud_2023_v24.csv,15512
00005617,2023,7,LIMA,LIMA,SAN JUAN DE LURIGANCHO,MINSA,II-2,145,208,25,275,data\raw\Capacidad\ConsultaA_Recursos_Salud_2023_v24.csv,15519
00009251,2023,6,LIMA,LIMA,LA VICTORIA,ESSALUD,III-2,1098,1152,293,1111,data\raw\Capacidad\ConsultaA_Recursos_Salud_2023_v24.csv,15590
00005617,2023,6,LIMA,LIMA,SAN JUAN DE LURIGANCHO,MINSA,II-2,145,208,25,274,data\raw\Capacidad\ConsultaA_Recursos_Salud_2023_v24.csv,15656
00006209,2023,6,LIMA,LIMA,LIMA,MINSA,III-2,131,108,44,147,data\raw\Capacidad\ConsultaA_Recursos_Salud_2023_v24.csv,15685
00008318,2023,5,LIMA,LIMA,SANTA ANITA,ESSALUD,II-1,38,89,5,68,data\raw\Capacidad\ConsultaA_Recursos_Salud_2023_v24.csv,15755
00010098,2023,5,LIMA,LIMA,CHORRILLOS,SANIDAD DEL EJERCITO DEL PERU,II-E,15,43,0,63,data\raw\Capacidad\ConsultaA_Recursos_Salud_2023_v24.csv,15857
00006209,2023,7,LIMA,LIMA,LIMA,MINSA,III-2,131,90,40,140,data\raw\Capacidad\ConsultaA_Recursos_Salud_2023_v24.csv,15901
00008741,2023,7,LIMA,LIMA,VILLA EL SALVADOR,ESSALUD,II-1,71,103,3,87,data\raw\Capacidad\ConsultaA_Recursos_Salud_2023_v24.csv,15912
00008564,2023,7,LIMA,LIMA,SAN MIGUEL,ESSALUD,II-1,63,95,0,82,data\raw\Capacidad\ConsultaA_Recursos_Salud_2023_v24.csv,15914
00005948,2023,7,LIMA,LIMA,SANTA ANITA,MINSA,III-1,159,93,33,86,data\raw\Capacidad\ConsultaA_Recursos_Salud_2023_v24.csv,15915
00005945,2023,5,LIMA,LIMA,ATE,MINSA,II-1,152,230,46,141,data\raw\Capacidad\ConsultaA_Recursos_Salud_2023_v24.csv,16060
00006212,2023,5,LIMA,LIMA,LA VICTORIA,MINSA,III-E,53,139,13,0,data\raw\Capacidad\ConsultaA_Recursos_Salud_2023_v24.csv,16080
00007634,2023,5,LIMA,LIMA,COMAS,MINSA,III-1,311,288,114,241,data\raw\Capacidad\ConsultaA_Recursos_Salud_2023_v24.csv,16155
00014718,2023,6,LIMA,LIMA,SAN MIGUEL,SANIDAD DE LA POLICIA NACIONAL DEL PERU,II-E,26,20,0,40,data\raw\Capacidad\ConsultaA_Recursos_Salud_2023_v24.csv,16173
00007633,2023,4,LIMA,LIMA,SAN MARTIN DE PORRES,MINSA,III-1,361,670,363,550,data\raw\Capacidad\ConsultaA_Recursos_Salud_2023_v24.csv,16237
00005947,2023,5,LIMA,LIMA,LURIGANCHO,MINSA,II-2,67,135,10,110,data\raw\Capacidad\ConsultaA_Recursos_Salud_2023_v24.csv,16266
00010751,2023,5,LIMA,LIMA,MIRAFLORES,SANIDAD DE LA FUERZA AEREA DEL PERU,III-1,264,223,25,251,data\raw\Capacidad\ConsultaA_Recursos_Salud_2023_v24.csv,16466
00016918,2023,7,LIMA,LIMA,SAN BORJA,MINSA,III-2,241,426,111,474,data\raw\Capacidad\ConsultaA_Recursos_Salud_2023_v24.csv,16552
00006206,2023,4,LIMA,LIMA,LIMA,MINSA,III-1,441,444,197,210,data\raw\Capacidad\ConsultaA_Recursos_Salud_2023_v24.csv,16634
00010135,2023,5,LIMA,LIMA,LA MOLINA,ESSALUD,II-1,39,165,7,104,data\raw\Capacidad\ConsultaA_Recursos_Salud_2023_v24.csv,16765
00009188,2023,6,LIMA,LIMA,LIMA,ESSALUD,II-1,52,89,0,70,data\raw\Capacidad\ConsultaA_Recursos_Salud_2023_v24.csv,16823
00008502,2023,5,LIMA,LIMA,LIMA,ESSALUD,II-2,179,371,88,258,data\raw\Capacidad\ConsultaA_Recursos_Salud_2023_v24.csv,17070
00005947,2023,7,LIMA,LIMA,LURIGANCHO,MINSA,II-2,67,135,11,111,data\raw\Capacidad\ConsultaA_Recursos_Salud_2023_v24.csv,17092
00008720,2023,7,LIMA,LIMA,JESUS MARIA,ESSALUD,III-2,1534,1920,386,1741,data\raw\Capacidad\ConsultaA_Recursos_Salud_2023_v24.csv,17102
00006212,2023,7,LIMA,LIMA,LA VICTORIA,MINSA,III-E,55,139,15,143,data\raw\Capacidad\ConsultaA_Recursos_Salud_2023_v24.csv,17109
00008317,2023,7,LIMA,LIMA,SAN JUAN DE LURIGANCHO,ESSALUD,II-1,43,167,13,89,data\raw\Capacidad\ConsultaA_Recursos_Salud_2023_v24.csv,17211
00006216,2023,7,LIMA,LIMA,BREÑA,MINSA,III-2,398,356,76,637,data\raw\Capacidad\ConsultaA_Recursos_Salud_2023_v24.csv,17407
00006208,2023,7,LIMA,LIMA,LIMA,MINSA,III-2,397,319,72,459,data\raw\Capacidad\ConsultaA_Recursos_Salud_2023_v24.csv,17414
00018011,2023,6,LIMA,LIMA,JESUS MARIA,ESSALUD,III-E,111,171,32,264,data\raw\Capacidad\ConsultaA_Recursos_Salud_2023_v24.csv,17535
00010098,2023,6,LIMA,LIMA,CHORRILLOS,SANIDAD DEL EJERCITO DEL PERU,II-E,15,44,0,63,data\raw\Capacidad\ConsultaA_Recursos_Salud_2023_v24.csv,17539
00006214,2023,5,LIMA,LIMA,MAGDALENA DEL MAR,MINSA,III-1,590,83,27,118,data\raw\Capacidad\ConsultaA_Recursos_Salud_2023_v24.csv,17773
00016918,2023,5,LIMA,LIMA,SAN BORJA,MINSA,III-2,241,428,119,474,data\raw\Capacidad\ConsultaA_Recursos_Salud_2023_v24.csv,17883
00008489,2023,6,LIMA,LIMA,MIRAFLORES,ESSALUD,II-2,88,250,20,176,data\raw\Capacidad\ConsultaA_Recursos_Salud_2023_v24.csv,17888
00005883,2023,6,LIMA,LIMA,ATE,MINSA,II-1,50,82,0,73,data\raw\Capacidad\ConsultaA_Recursos_Salud_2023_v24.csv,17900
00016094,2023,5,LIMA,LIMA,RIMAC,SANIDAD DE LA POLICIA NACIONAL DEL PERU,II-1,80,15,0,70,data\raw\Capacidad\ConsultaA_Recursos_Salud_2023_v24.csv,18152
00005945,2023,6,LIMA,LIMA,ATE,MINSA,II-1,152,230,46,141,data\raw\Capacidad\ConsultaA_Recursos_Salud_2023_v24.csv,18213
00006212,2023,6,LIMA,LIMA,LA VICTORIA,MINSA,III-E,56,139,12,143,data\raw\Capacidad\ConsultaA_Recursos_Salud_2023_v24.csv,18224
00005947,2023,6,LIMA,LIMA,LURIGANCHO,MINSA,II-2,67,136,10,110,data\raw\Capacidad\ConsultaA_Recursos_Salud_2023_v24.csv,18471
00009188,2023,7,LIMA,LIMA,LIMA,ESSALUD,II-1,53,89,0,70,data\raw\Capacidad\ConsultaA_Recursos_Salud_2023_v24.csv,18502
00008353,2023,5,LIMA,LIMA,ATE,ESSALUD,II-1,66,104,20,94,data\raw\Capacidad\ConsultaA_Recursos_Salud_2023_v24.csv,18561
00006214,2023,7,LIMA,LIMA,MAGDALENA DEL MAR,MINSA,III-1,590,82,27,115,data\raw\Capacidad\ConsultaA_Recursos_Salud_2023_v24.csv,18636
00006208,2023,5,LIMA,LIMA,LIMA,MINSA,III-2,397,319,72,459,data\raw\Capacidad\ConsultaA_Recursos_Salud_2023_v24.csv,18774
00010751,2023,6,LIMA,LIMA,MIRAFLORES,SANIDAD DE LA FUERZA AEREA DEL PERU,III-1,264,223,25,251,data\raw\Capacidad\ConsultaA_Recursos_Salud_2023_v24.csv,18799
00006213,2023,6,LIMA,LIMA,MIRAFLORES,MINSA,III-E,23,214,31,211,data\raw\Capacidad\ConsultaA_Recursos_Salud_2023_v24.csv,18836
00007734,2023,7,LIMA,LIMA,CHORRILLOS,MINSA,III-E,24,92,21,27,data\raw\Capacidad\ConsultaA_Recursos_Salud_2023_v24.csv,18920
00008489,2023,5,LIMA,LIMA,MIRAFLORES,ESSALUD,II-2,88,255,22,171,data\raw\Capacidad\ConsultaA_Recursos_Salud_2023_v24.csv,19158
00006217,2023,4,LIMA,LIMA,LIMA,MINSA,III-2,7,89,18,55,data\raw\Capacidad\ConsultaA_Recursos_Salud_2023_v24.csv,19355
00006211,2023,6,LIMA,LIMA,PUEBLO LIBRE,MINSA,III-1,151,283,40,303,data\raw\Capacidad\ConsultaA_Recursos_Salud_2023_v24.csv,19481
00008353,2023,6,LIMA,LIMA,ATE,ESSALUD,II-1,66,104,20,94,data\raw\Capacidad\ConsultaA_Recursos_Salud_2023_v24.csv,19482
00017024,2023,8,LIMA,LIMA,JESUS MARIA,SANIDAD DEL EJERCITO DEL PERU,III-1,376,197,87,410,data\raw\Capacidad\ConsultaA_Recursos_Salud_2023_v24.csv,19534
00008317,2023,8,LIMA,LIMA,SAN JUAN DE LURIGANCHO,ESSALUD,II-1,43,164,13,89,data\raw\Capacidad\ConsultaA_Recursos_Salud_2023_v24.csv,19539
00006211,2023,4,LIMA,LIMA,PUEBLO LIBRE,MINSA,III-1,128,276,42,296,data\raw\Capacidad\ConsultaA_Recursos_Salud_2023_v24.csv,19556
00023159,2023,5,LIMA,LIMA,VILLA EL SALVADOR,MINSA,II-2,297,422,26,464,data\raw\Capacidad\ConsultaA_Recursos_Salud_2023_v24.csv,19596
00016094,2023,7,LIMA,LIMA,RIMAC,SANIDAD DE LA POLICIA NACIONAL DEL PERU,II-1,80,14,0,66,data\raw\Capacidad\ConsultaA_Recursos_Salud_2023_v24.csv,19675
00005987,2023,7,LIMA,LIMA,SAN JUAN DE MIRAFLORES,MINSA,III-1,388,285,170,531,data\raw\Capacidad\ConsultaA_Recursos_Salud_2023_v24.csv,19719
00005987,2023,4,LIMA,LIMA,SAN JUAN DE MIRAFLORES,MINSA,III-1,423,296,160,529,data\raw\Capacidad\ConsultaA_Recursos_Salud_2023_v24.csv,19752
00007634,2023,4,LIMA,LIMA,COMAS,MINSA,III-1,311,288,114,241,data\raw\Capacidad\ConsultaA_Recursos_Salud_2023_v24.csv,19755
00005946,2023,7,LIMA,LIMA,EL AGUSTINO,MINSA,III-1,603,502,220,656,data\raw\Capacidad\ConsultaA_Recursos_Salud_2023_v24.csv,19780
00006215,2023,7,LIMA,LIMA,LIMA,MINSA,III-E,198,311,76,305,data\raw\Capacidad\ConsultaA_Recursos_Salud_2023_v24.csv,19782
00006210,2023,7,LIMA,LIMA,SURQUILLO,MINSA,III-2,445,226,158,531,data\raw\Capacidad\ConsultaA_Recursos_Salud_2023_v24.csv,19784
00006217,2023,7,LIMA,LIMA,LIMA,MINSA,III-2,7,89,18,55,data\raw\Capacidad\ConsultaA_Recursos_Salud_2023_v24.csv,19917
00005948,2023,4,LIMA,LIMA,SANTA ANITA,MINSA,III-1,159,92,33,83,data\raw\Capacidad\ConsultaA_Recursos_Salud_2023_v24.csv,19958
00027565,2023,5,LIMA,LIMA,COMAS,ESSALUD,II-1,102,194,6,185,data\raw\Capacidad\ConsultaA_Recursos_Salud_2023_v24.csv,19974
00013914,2023,6,LIMA,LIMA,RIMAC,SANIDAD DEL EJERCITO DEL PERU,I-4,4,9,0,14,data\raw\Capacidad\ConsultaA_Recursos_Salud_2023_v24.csv,20019
00005946,2023,6,LIMA,LIMA,EL AGUSTINO,MINSA,III-1,605,503,220,662,data\raw\Capacidad\ConsultaA_Recursos_Salud_2023_v24.csv,20079
00008564,2023,4,LIMA,LIMA,SAN MIGUEL,ESSALUD,II-1,47,96,0,82,data\raw\Capacidad\ConsultaA_Recursos_Salud_2023_v24.csv,20181
00008318,2023,8,LIMA,LIMA,SANTA ANITA,ESSALUD,II-1,38,89,5,68,data\raw\Capacidad\ConsultaA_Recursos_Salud_2023_v24.csv,20251
00018011,2023,4,LIMA,LIMA,JESUS MARIA,ESSALUD,III-E,112,173,38,262,data\raw\Capacidad\ConsultaA_Recursos_Salud_2023_v24.csv,20367
00006216,2023,5,LIMA,LIMA,BREÑA,MINSA,III-2,400,344,84,629,data\raw\Capacidad\ConsultaA_Recursos_Salud_2023_v24.csv,20589
00006214,2023,8,LIMA,LIMA,MAGDALENA DEL MAR,MINSA,III-1,590,82,27,109,data\raw\Capacidad\ConsultaA_Recursos_Salud_2023_v24.csv,20660
00016918,2023,4,LIMA,LIMA,SAN BORJA,MINSA,III-2,241,404,95,474,data\raw\Capacidad\ConsultaA_Recursos_Salud_2023_v24.csv,20785
00005883,2023,4,LIMA,LIMA,ATE,MINSA,II-1,64,83,0,93,data\raw\Capacidad\ConsultaA_Recursos_Salud_2023_v24.csv,21015
00008564,2023,5,LIMA,LIMA,SAN MIGUEL,ESSALUD,II-1,59,96,0,82,data\raw\Capacidad\ConsultaA_Recursos_Salud_2023_v24.csv,21088
00005987,2023,5,LIMA,LIMA,SAN JUAN DE MIRAFLORES,MINSA,III-1,425,291,164,531,data\raw\Capacidad\ConsultaA_Recursos_Salud_2023_v24.csv,21090
00017024,2023,7,LIMA,LIMA,JESUS MARIA,SANIDAD DEL EJERCITO DEL PERU,III-1,376,211,92,406,data\raw\Capacidad\ConsultaA_Recursos_Salud_2023_v24.csv,21151
00006213,2023,4,LIMA,LIMA,MIRAFLORES,MINSA,III-E,23,208,31,201,data\raw\Capacidad\ConsultaA_Recursos_Salud_2023_v24.csv,21187
00005617,2023,5,LIMA,LIMA,SAN JUAN DE LURIGANCHO,MINSA,II-2,145,195,25,257,data\raw\Capacidad\ConsultaA_Recursos_Salud_2023_v24.csv,21196
00010751,2023,7,LIMA,LIMA,MIRAFLORES,SANIDAD DE LA FUERZA AEREA DEL PERU,III-1,264,223,25,251,data\raw\Capacidad\ConsultaA_Recursos_Salud_2023_v24.csv,21238
00008489,2023,7,LIMA,LIMA,MIRAFLORES,ESSALUD,II-2,88,251,46,175,data\raw\Capacidad\ConsultaA_Recursos_Salud_2023_v24.csv,21281
00012923,2023,6,LIMA,LIMA,PUENTE PIEDRA,SANIDAD DE LA POLICIA NACIONAL DEL PERU,I-2,0,4,0,10,data\raw\Capacidad\ConsultaA_Recursos_Salud_2023_v24.csv,21286
00008318,2023,7,LIMA,LIMA,SANTA ANITA,ESSALUD,II-1,38,89,5,68,data\raw\Capacidad\ConsultaA_Recursos_Salud_2023_v24.csv,21331
00014718,2023,5,LIMA,LIMA,SAN MIGUEL,SANIDAD DE LA POLICIA NACIONAL DEL PERU,II-E,26,21,0,38,data\raw\Capacidad\ConsultaA_Recursos_Salud_2023_v24.csv,21380
00007733,2023,8,LIMA,LIMA,SAN MARTIN DE PORRES,MINSA,III-2,90,115,50,74,data\raw\Capacidad\ConsultaA_Recursos_Salud_2023_v24.csv,21405
00005617,2023,8,LIMA,LIMA,SAN JUAN DE LURIGANCHO,MINSA,II-2,145,208,25,275,data\raw\Capacidad\ConsultaA_Recursos_Salud_2023_v24.csv,21463
00008720,2023,6,LIMA,LIMA,JESUS MARIA,ESSALUD,III-2,1536,1906,386,1833,data\raw\Capacidad\ConsultaA_Recursos_Salud_2023_v24.csv,21606
00006213,2023,7,LIMA,LIMA,MIRAFLORES,MINSA,III-E,23,218,30,212,data\raw\Capacidad\ConsultaA_Recursos_Salud_2023_v24.csv,21625
00013914,2023,7,LIMA,LIMA,RIMAC,SANIDAD DEL EJERCITO DEL PERU,I-4,4,9,0,14,data\raw\Capacidad\ConsultaA_Recursos_Salud_2023_v24.csv,21675
00008720,2023,5,LIMA,LIMA,JESUS MARIA,ESSALUD,III-2,1532,1910,386,1770,data\raw\Capacidad\ConsultaA_Recursos_Salud_2023_v24.csv,21690
00005946,2023,5,LIMA,LIMA,EL AGUSTINO,MINSA,III-1,612,510,228,649,data\raw\Capacidad\ConsultaA_Recursos_Salud_2023_v24.csv,21801
00008317,2023,6,LIMA,LIMA,SAN JUAN DE LURIGANCHO,ESSALUD,II-1,43,153,13,91,data\raw\Capacidad\ConsultaA_Recursos_Salud_2023_v24.csv,21815
00014718,2023,8,LIMA,LIMA,SAN MIGUEL,SANIDAD DE LA POLICIA NACIONAL DEL PERU,II-E,26,20,0,42,data\raw\Capacidad\ConsultaA_Recursos_Salud_2023_v24.csv,21916
00010434,2023,7,LIMA,LIMA,SANTA ANITA,ESSALUD,II-E,200,46,8,105,data\raw\Capacidad\ConsultaA_Recursos_Salud_2023_v24.csv,22084
00006209,2023,5,LIMA,LIMA,LIMA,MINSA,III-2,131,108,44,147,data\raw\Capacidad\ConsultaA_Recursos_Salud_2023_v24.csv,22116
00009251,2023,7,LIMA,LIMA,LA VICTORIA,ESSALUD,III-2,1107,1135,282,1111,data\raw\Capacidad\ConsultaA_Recursos_Salud_2023_v24.csv,22173
00012923,2023,5,LIMA,LIMA,PUENTE PIEDRA,SANIDAD DE LA POLICIA NACIONAL DEL PERU,I-2,0,0,0,6,data\raw\Capacidad\ConsultaA_Recursos_Salud_2023_v24.csv,22202
00010135,2023,7,LIMA,LIMA,LA MOLINA,ESSALUD,II-1,41,183,8,108,data\raw\Capacidad\ConsultaA_Recursos_Salud_2023_v24.csv,22286
00018011,2023,7,LIMA,LIMA,JESUS MARIA,ESSALUD,III-E,111,170,32,266,data\raw\Capacidad\ConsultaA_Recursos_Salud_2023_v24.csv,22287
00007734,2023,6,LIMA,LIMA,CHORRILLOS,MINSA,III-E,24,94,20,27,data\raw\Capacidad\ConsultaA_Recursos_Salud_2023_v24.csv,22333
00006207,2023,6,LIMA,LIMA,LIMA,MINSA,III-1,593,721,288,475,data\raw\Capacidad\ConsultaA_Recursos_Salud_2023_v24.csv,22341
00016094,2023,8,LIMA,LIMA,RIMAC,SANIDAD DE LA POLICIA NACIONAL DEL PERU,II-1,80,14,0,69,data\raw\Capacidad\ConsultaA_Recursos_Salud_2023_v24.csv,22462
00017024,2023,6,LIMA,LIMA,JESUS MARIA,SANIDAD DEL EJERCITO DEL PERU,III-1,376,208,92,406,data\raw\Capacidad\ConsultaA_Recursos_Salud_2023_v24.csv,22503
00006215,2023,6,LIMA,LIMA,LIMA,MINSA,III-E,198,300,83,269,data\raw\Capacidad\ConsultaA_Recursos_Salud_2023_v24.csv,22510
00013591,2023,7,LIMA,LIMA,JESUS MARIA,SANIDAD DE LA POLICIA NACIONAL DEL PERU,III-1,331,515,210,426,data\raw\Capacidad\ConsultaA_Recursos_Salud_2023_v24.csv,22525
00010135,2023,6,LIMA,LIMA,LA MOLINA,ESSALUD,II-1,41,169,8,108,data\raw\Capacidad\ConsultaA_Recursos_Salud_2023_v24.csv,22737
00007734,2023,8,LIMA,LIMA,CHORRILLOS,MINSA,III-E,24,96,21,27,data\raw\Capacidad\ConsultaA_Recursos_Salud_2023_v24.csv,22816
00012923,2023,8,LIMA,LIMA,PUENTE PIEDRA,SANIDAD DE LA POLICIA NACIONAL DEL PERU,I-2,0,4,0,10,data\raw\Capacidad\ConsultaA_Recursos_Salud_2023_v24.csv,22818
00007632,2023,7,LIMA,LIMA,PUENTE PIEDRA,MINSA,II-2,114,139,55,191,data\raw\Capacidad\ConsultaA_Recursos_Salud_2023_v24.csv,22917
00006207,2023,5,LIMA,LIMA,LIMA,MINSA,III-1,586,705,285,477,data\raw\Capacidad\ConsultaA_Recursos_Salud_2023_v24.csv,22959
00006211,2023,8,LIMA,LIMA,PUEBLO LIBRE,MINSA,III-1,142,279,42,291,data\raw\Capacidad\ConsultaA_Recursos_Salud_2023_v24.csv,23026
00006214,2023,6,LIMA,LIMA,MAGDALENA DEL MAR,MINSA,III-1,590,82,27,119,data\raw\Capacidad\ConsultaA_Recursos_Salud_2023_v24.csv,23080
00007733,2023,6,LIMA,LIMA,SAN MARTIN DE PORRES,MINSA,III-2,88,114,50,75,data\raw\Capacidad\ConsultaA_Recursos_Salud_2023_v24.csv,23086
00017024,2023,5,LIMA,LIMA,JESUS MARIA,SANIDAD DEL EJERCITO DEL PERU,III-1,376,208,95,406,data\raw\Capacidad\ConsultaA_Recursos_Salud_2023_v24.csv,23244
00023159,2023,6,LIMA,LIMA,VILLA EL SALVADOR,MINSA,II-2,297,415,24,474,data\raw\Capacidad\ConsultaA_Recursos_Salud_2023_v24.csv,23295
00007632,2023,4,LIMA,LIMA,PUENTE PIEDRA,MINSA,II-2,114,135,55,181,data\raw\Capacidad\ConsultaA_Recursos_Salud_2023_v24.csv,23304
00008741,2023,4,LIMA,LIMA,VILLA EL SALVADOR,ESSALUD,II-1,64,101,3,87,data\raw\Capacidad\ConsultaA_Recursos_Salud_2023_v24.csv,23493
00006211,2023,5,LIMA,LIMA,PUEBLO LIBRE,MINSA,III-1,148,283,40,303,data\raw\Capacidad\ConsultaA_Recursos_Salud_2023_v24.csv,23538
00005987,2023,10,LIMA,LIMA,SAN JUAN DE MIRAFLORES,MINSA,III-1,364,277,181,535,data\raw\Capacidad\ConsultaA_Recursos_Salud_2023_v24.csv,23631
00010098,2023,11,LIMA,LIMA,CHORRILLOS,SANIDAD DEL EJERCITO DEL PERU,II-E,15,42,0,64,data\raw\Capacidad\ConsultaA_Recursos_Salud_2023_v24.csv,23665
00006215,2023,11,LIMA,LIMA,LIMA,MINSA,III-E,198,344,121,307,data\raw\Capacidad\ConsultaA_Recursos_Salud_2023_v24.csv,23667
00013914,2023,9,LIMA,LIMA,RIMAC,SANIDAD DEL EJERCITO DEL PERU,I-4,4,10,0,14,data\raw\Capacidad\ConsultaA_Recursos_Salud_2023_v24.csv,23714
00005948,2023,10,LIMA,LIMA,SANTA ANITA,MINSA,III-1,159,100,43,85,data\raw\Capacidad\ConsultaA_Recursos_Salud_2023_v24.csv,23781
00007634,2023,8,LIMA,LIMA,COMAS,MINSA,III-1,289,288,114,241,data\raw\Capacidad\ConsultaA_Recursos_Salud_2023_v24.csv,23812
00006208,2023,9,LIMA,LIMA,LIMA,MINSA,III-2,397,319,72,459,data\raw\Capacidad\ConsultaA_Recursos_Salud_2023_v24.csv,23916
00010751,2023,11,LIMA,LIMA,MIRAFLORES,SANIDAD DE LA FUERZA AEREA DEL PERU,III-1,264,223,25,251,data\raw\Capacidad\ConsultaA_Recursos_Salud_2023_v24.csv,23945
00005617,2023,11,LIMA,LIMA,SAN JUAN DE LURIGANCHO,MINSA,II-2,89,206,25,318,data\raw\Capacidad\ConsultaA_Recursos_Salud_2023_v24.csv,24043
00006217,2023,11,LIMA,LIMA,LIMA,MINSA,III-2,7,89,26,79,data\raw\Capacidad\ConsultaA_Recursos_Salud_2023_v24.csv,24058
00008489,2023,11,LIMA,LIMA,MIRAFLORES,ESSALUD,II-2,89,256,62,170,data\raw\Capacidad\ConsultaA_Recursos_Salud_2023_v24.csv,24075
00018011,2023,11,LIMA,LIMA,JESUS MARIA,ESSALUD,III-E,99,187,40,278,data\raw\Capacidad\ConsultaA_Recursos_Salud_2023_v24.csv,24077
00009188,2023,10,LIMA,LIMA,LIMA,ESSALUD,II-1,53,89,0,71,data\raw\Capacidad\ConsultaA_Recursos_Salud_2023_v24.csv,24178
00007734,2023,11,LIMA,LIMA,CHORRILLOS,MINSA,III-E,37,96,27,27,data\raw\Capacidad\ConsultaA_Recursos_Salud_2023_v24.csv,24192
00028025,2023,11,LIMA,LIMA,ATE,MINSA,II-E,100,150,0,276,data\raw\Capacidad\ConsultaA_Recursos_Salud_2023_v24.csv,24199
00006212,2023,11,LIMA,LIMA,LA VICTORIA,MINSA,III-E,56,143,17,149,data\raw\Capacidad\ConsultaA_Recursos_Salud_2023_v24.csv,24298
00008318,2023,9,LIMA,LIMA,SANTA ANITA,ESSALUD,II-1,38,89,5,68,data\raw\Capacidad\ConsultaA_Recursos_Salud_2023_v24.csv,24314
00008353,2023,9,LIMA,LIMA,ATE,ESSALUD,II-1,66,106,20,96,data\raw\Capacidad\ConsultaA_Recursos_Salud_2023_v24.csv,24356
00005617,2023,10,LIMA,LIMA,SAN JUAN DE LURIGANCHO,MINSA,II-2,119,206,25,239,data\raw\Capacidad\ConsultaA_Recursos_Salud_2023_v24.csv,24458
00010751,2023,10,LIMA,LIMA,MIRAFLORES,SANIDAD DE LA FUERZA AEREA DEL PERU,III-1,264,223,25,251,data\raw\Capacidad\ConsultaA_Recursos_Salud_2023_v24.csv,24459
00010135,2023,10,LIMA,LIMA,LA MOLINA,ESSALUD,II-1,42,161,12,108,data\raw\Capacidad\ConsultaA_Recursos_Salud_2023_v24.csv,24460
00007634,2023,10,LIMA,LIMA,COMAS,MINSA,III-1,289,288,114,241,data\raw\Capacidad\ConsultaA_Recursos_Salud_2023_v24.csv,24465
00010434,2023,9,LIMA,LIMA,SANTA ANITA,ESSALUD,II-E,200,46,8,105,data\raw\Capacidad\ConsultaA_Recursos_Salud_2023_v24.csv,24618
00006217,2023,8,LIMA,LIMA,LIMA,MINSA,III-2,7,89,18,55,data\raw\Capacidad\ConsultaA_Recursos_Salud_2023_v24.csv,24821
00023159,2023,10,LIMA,LIMA,VILLA EL SALVADOR,MINSA,II-2,260,433,35,464,data\raw\Capacidad\ConsultaA_Recursos_Salud_2023_v24.csv,25005
00023159,2023,8,LIMA,LIMA,VILLA EL SALVADOR,MINSA,II-2,297,426,26,468,data\raw\Capacidad\ConsultaA_Recursos_Salud_2023_v24.csv,25009
00006208,2023,8,LIMA,LIMA,LIMA,MINSA,III-2,397,319,72,459,data\raw\Capacidad\ConsultaA_Recursos_Salud_2023_v24.csv,25119
00014718,2023,10,LIMA,LIMA,SAN MIGUEL,SANIDAD DE LA POLICIA NACIONAL DEL PERU,II-E,26,17,0,42,data\raw\Capacidad\ConsultaA_Recursos_Salud_2023_v24.csv,25165
00008720,2023,9,LIMA,LIMA,JESUS MARIA,ESSALUD,III-2,1539,1915,386,1762,data\raw\Capacidad\ConsultaA_Recursos_Salud_2023_v24.csv,25246
00005945,2023,9,LIMA,LIMA,ATE,MINSA,II-1,152,156,37,136,data\raw\Capacidad\ConsultaA_Recursos_Salud_2023_v24.csv,25454
00028025,2023,8,LIMA,LIMA,ATE,MINSA,II-E,100,150,0,276,data\raw\Capacidad\ConsultaA_Recursos_Salud_2023_v24.csv,25482
00006209,2023,10,LIMA,LIMA,LIMA,MINSA,III-2,135,102,40,130,data\raw\Capacidad\ConsultaA_Recursos_Salud_2023_v24.csv,25487
00008317,2023,11,LIMA,LIMA,SAN JUAN DE LURIGANCHO,ESSALUD,II-1,43,203,17,90,data\raw\Capacidad\ConsultaA_Recursos_Salud_2023_v24.csv,25518
00008353,2023,11,LIMA,LIMA,ATE,ESSALUD,II-1,66,106,20,96,data\raw\Capacidad\ConsultaA_Recursos_Salud_2023_v24.csv,25707
00006210,2023,9,LIMA,LIMA,SURQUILLO,MINSA,III-2,440,228,145,519,data\raw\Capacidad\ConsultaA_Recursos_Salud_2023_v24.csv,25720
00010751,2023,9,LIMA,LIMA,MIRAFLORES,SANIDAD DE LA FUERZA AEREA DEL PERU,III-1,264,223,25,251,data\raw\Capacidad\ConsultaA_Recursos_Salud_2023_v24.csv,25816
00005945,2023,10,LIMA,LIMA,ATE,MINSA,II-1,152,156,37,136,data\raw\Capacidad\ConsultaA_Recursos_Salud_2023_v24.csv,25827
00028025,2023,7,LIMA,LIMA,ATE,MINSA,II-E,100,150,0,276,data\raw\Capacidad\ConsultaA_Recursos_Salud_2023_v24.csv,25828
00016918,2023,9,LIMA,LIMA,SAN BORJA,MINSA,III-2,241,408,120,474,data\raw\Capacidad\ConsultaA_Recursos_Salud_2023_v24.csv,25966
00008564,2023,9,LIMA,LIMA,SAN MIGUEL,ESSALUD,II-1,42,94,0,81,data\raw\Capacidad\ConsultaA_Recursos_Salud_2023_v24.csv,25968
00009188,2023,9,LIMA,LIMA,LIMA,ESSALUD,II-1,53,89,0,71,data\raw\Capacidad\ConsultaA_Recursos_Salud_2023_v24.csv,26051
00008489,2023,10,LIMA,LIMA,MIRAFLORES,ESSALUD,II-2,88,230,62,171,data\raw\Capacidad\ConsultaA_Recursos_Salud_2023_v24.csv,26060
00007634,2023,11,LIMA,LIMA,COMAS,MINSA,III-1,289,288,114,241,data\raw\Capacidad\ConsultaA_Recursos_Salud_2023_v24.csv,26071
00007633,2023,11,LIMA,LIMA,SAN MARTIN DE PORRES,MINSA,III-1,378,482,297,669,data\raw\Capacidad\ConsultaA_Recursos_Salud_2023_v24.csv,26072
00012923,2023,10,LIMA,LIMA,PUENTE PIEDRA,SANIDAD DE LA POLICIA NACIONAL DEL PERU,I-2,0,7,0,10,data\raw\Capacidad\ConsultaA_Recursos_Salud_2023_v24.csv,26138
00018011,2023,10,LIMA,LIMA,JESUS MARIA,ESSALUD,III-E,108,186,47,281,data\raw\Capacidad\ConsultaA_Recursos_Salud_2023_v24.csv,26145
00006214,2023,11,LIMA,LIMA,MAGDALENA DEL MAR,MINSA,III-1,590,76,27,111,data\raw\Capacidad\ConsultaA_Recursos_Salud_2023_v24.csv,26161
00005948,2023,9,LIMA,LIMA,SANTA ANITA,MINSA,III-1,159,85,28,78,data\raw\Capacidad\ConsultaA_Recursos_Salud_2023_v24.csv,26341
00005945,2023,8,LIMA,LIMA,ATE,MINSA,II-1,55,156,37,136,data\raw\Capacidad\ConsultaA_Recursos_Salud_2023_v24.csv,26422
00008489,2023,8,LIMA,LIMA,MIRAFLORES,ESSALUD,II-2,88,247,46,175,data\raw\Capacidad\ConsultaA_Recursos_Salud_2023_v24.csv,26424
00027565,2023,10,LIMA,LIMA,COMAS,ESSALUD,II-1,108,198,6,187,data\raw\Capacidad\ConsultaA_Recursos_Salud_2023_v24.csv,26454
00007733,2023,10,LIMA,LIMA,SAN MARTIN DE PORRES,MINSA,III-2,91,110,45,67,data\raw\Capacidad\ConsultaA_Recursos_Salud_2023_v24.csv,26535
00008353,2023,10,LIMA,LIMA,ATE,ESSALUD,II-1,66,106,20,96,data\raw\Capacidad\ConsultaA_Recursos_Salud_2023_v24.csv,26544
00008353,2023,8,LIMA,LIMA,ATE,ESSALUD,II-1,66,106,20,96,data\raw\Capacidad\ConsultaA_Recursos_Salud_2023_v24.csv,26615
00005617,2023,9,LIMA,LIMA,SAN JUAN DE LURIGANCHO,MINSA,II-2,119,206,25,256,data\raw\Capacidad\ConsultaA_Recursos_Salud_2023_v24.csv,26636
00006206,2023,10,LIMA,LIMA,LIMA,MINSA,III-1,498,456,214,221,data\raw\Capacidad\ConsultaA_Recursos_Salud_2023_v24.csv,26688
00007734,2023,9,LIMA,LIMA,CHORRILLOS,MINSA,III-E,30,94,20,27,data\raw\Capacidad\ConsultaA_Recursos_Salud_2023_v24.csv,26847
00006211,2023,10,LIMA,LIMA,PUEBLO LIBRE,MINSA,III-1,136,279,42,291,data\raw\Capacidad\ConsultaA_Recursos_Salud_2023_v24.csv,26888
00008317,2023,10,LIMA,LIMA,SAN JUAN DE LURIGANCHO,ESSALUD,II-1,43,206,17,90,data\raw\Capacidad\ConsultaA_Recursos_Salud_2023_v24.csv,27041
00006207,2023,10,LIMA,LIMA,LIMA,MINSA,III-1,616,682,270,492,data\raw\Capacidad\ConsultaA_Recursos_Salud_2023_v24.csv,27046
00005946,2023,10,LIMA,LIMA,EL AGUSTINO,MINSA,III-1,633,510,217,663,data\raw\Capacidad\ConsultaA_Recursos_Salud_2023_v24.csv,27188
00006215,2023,8,LIMA,LIMA,LIMA,MINSA,III-E,196,317,84,293,data\raw\Capacidad\ConsultaA_Recursos_Salud_2023_v24.csv,27225
00005883,2023,8,LIMA,LIMA,ATE,MINSA,II-1,50,90,0,87,data\raw\Capacidad\ConsultaA_Recursos_Salud_2023_v24.csv,27339
00006214,2023,10,LIMA,LIMA,MAGDALENA DEL MAR,MINSA,III-1,590,75,27,113,data\raw\Capacidad\ConsultaA_Recursos_Salud_2023_v24.csv,27372
00008741,2023,8,LIMA,LIMA,VILLA EL SALVADOR,ESSALUD,II-1,65,103,3,86,data\raw\Capacidad\ConsultaA_Recursos_Salud_2023_v24.csv,27433
00016918,2023,8,LIMA,LIMA,SAN BORJA,MINSA,III-2,241,434,125,474,data\raw\Capacidad\ConsultaA_Recursos_Salud_2023_v24.csv,27435
00023159,2023,11,LIMA,LIMA,VILLA EL SALVADOR,MINSA,II-2,260,442,36,480,data\raw\Capacidad\ConsultaA_Recursos_Salud_2023_v24.csv,27592
00028025,2023,9,LIMA,LIMA,ATE,MINSA,II-E,100,150,0,276,data\raw\Capacidad\ConsultaA_Recursos_Salud_2023_v24.csv,27659
00007733,2023,9,LIMA,LIMA,SAN MARTIN DE PORRES,MINSA,III-2,91,110,45,74,data\raw\Capacidad\ConsultaA_Recursos_Salud_2023_v24.csv,27750
00010135,2023,9,LIMA,LIMA,LA MOLINA,ESSALUD,II-1,41,174,8,107,data\raw\Capacidad\ConsultaA_Recursos_Salud_2023_v24.csv,27955
00006207,2023,8,LIMA,LIMA,LIMA,MINSA,III-1,618,673,263,469,data\raw\Capacidad\ConsultaA_Recursos_Salud_2023_v24.csv,28024
00010135,2023,8,LIMA,LIMA,LA MOLINA,ESSALUD,II-1,41,184,7,107,data\raw\Capacidad\ConsultaA_Recursos_Salud_2023_v24.csv,28025
00006208,2023,10,LIMA,LIMA,LIMA,MINSA,III-2,397,319,72,459,data\raw\Capacidad\ConsultaA_Recursos_Salud_2023_v24.csv,28067
00013591,2023,11,LIMA,LIMA,JESUS MARIA,SANIDAD DE LA POLICIA NACIONAL DEL PERU,III-1,337,515,210,426,data\raw\Capacidad\ConsultaA_Recursos_Salud_2023_v24.csv,28110
00005946,2023,11,LIMA,LIMA,EL AGUSTINO,MINSA,III-1,606,486,230,655,data\raw\Capacidad\ConsultaA_Recursos_Salud_2023_v24.csv,28112
00013914,2023,11,LIMA,LIMA,RIMAC,SANIDAD DEL EJERCITO DEL PERU,I-4,4,10,0,14,data\raw\Capacidad\ConsultaA_Recursos_Salud_2023_v24.csv,28184
00008741,2023,9,LIMA,LIMA,VILLA EL SALVADOR,ESSALUD,II-1,65,104,3,86,data\raw\Capacidad\ConsultaA_Recursos_Salud_2023_v24.csv,28263
00007733,2023,11,LIMA,LIMA,SAN MARTIN DE PORRES,MINSA,III-2,91,109,45,71,data\raw\Capacidad\ConsultaA_Recursos_Salud_2023_v24.csv,28368
00028025,2023,1,LIMA,LIMA,ATE,MINSA,II-E,100,150,0,276,data\raw\Capacidad\ConsultaA_Recursos_Salud_2023_v24.csv,28484
00006217,2023,10,LIMA,LIMA,LIMA,MINSA,III-2,7,89,26,79,data\raw\Capacidad\ConsultaA_Recursos_Salud_2023_v24.csv,28494
00005883,2023,10,LIMA,LIMA,ATE,MINSA,II-1,50,89,0,94,data\raw\Capacidad\ConsultaA_Recursos_Salud_2023_v24.csv,28495
00010098,2023,8,LIMA,LIMA,CHORRILLOS,SANIDAD DEL EJERCITO DEL PERU,II-E,15,45,0,64,data\raw\Capacidad\ConsultaA_Recursos_Salud_2023_v24.csv,28536
00005946,2023,8,LIMA,LIMA,EL AGUSTINO,MINSA,III-1,648,503,220,654,data\raw\Capacidad\ConsultaA_Recursos_Salud_2023_v24.csv,28741
00006207,2023,11,LIMA,LIMA,LIMA,MINSA,III-1,626,699,272,498,data\raw\Capacidad\ConsultaA_Recursos_Salud_2023_v24.csv,28916
00006209,2023,11,LIMA,LIMA,LIMA,MINSA,III-2,135,104,53,128,data\raw\Capacidad\ConsultaA_Recursos_Salud_2023_v24.csv,28917
00006206,2023,8,LIMA,LIMA,LIMA,MINSA,III-1,479,451,174,226,data\raw\Capacidad\ConsultaA_Recursos_Salud_2023_v24.csv,28943
00006210,2023,11,LIMA,LIMA,SURQUILLO,MINSA,III-2,431,229,201,520,data\raw\Capacidad\ConsultaA_Recursos_Salud_2023_v24.csv,29010
00010434,2023,8,LIMA,LIMA,SANTA ANITA,ESSALUD,II-E,200,46,8,105,data\raw\Capacidad\ConsultaA_Recursos_Salud_2023_v24.csv,29345
00007632,2023,9,LIMA,LIMA,PUENTE PIEDRA,MINSA,II-2,114,138,55,190,data\raw\Capacidad\ConsultaA_Recursos_Salud_2023_v24.csv,29477
00014718,2023,9,LIMA,LIMA,SAN MIGUEL,SANIDAD DE LA POLICIA NACIONAL DEL PERU,II-E,26,20,0,42,data\raw\Capacidad\ConsultaA_Recursos_Salud_2023_v24.csv,29656
00010434,2023,11,LIMA,LIMA,SANTA ANITA,ESSALUD,II-E,200,48,13,110,data\raw\Capacidad\ConsultaA_Recursos_Salud_2023_v24.csv,29724
00010135,2023,11,LIMA,LIMA,LA MOLINA,ESSALUD,II-1,42,172,12,108,data\raw\Capacidad\ConsultaA_Recursos_Salud_2023_v24.csv,29731
00005883,2023,11,LIMA,LIMA,ATE,MINSA,II-1,50,82,0,102,data\raw\Capacidad\ConsultaA_Recursos_Salud_2023_v24.csv,29736
00006212,2023,8,LIMA,LIMA,LA VICTORIA,MINSA,III-E,56,138,14,139,data\raw\Capacidad\ConsultaA_Recursos_Salud_2023_v24.csv,29755
00016094,2023,10,LIMA,LIMA,RIMAC,SANIDAD DE LA POLICIA NACIONAL DEL PERU,II-1,80,10,0,70,data\raw\Capacidad\ConsultaA_Recursos_Salud_2023_v24.csv,29862
00008564,2023,10,LIMA,LIMA,SAN MIGUEL,ESSALUD,II-1,44,94,0,81,data\raw\Capacidad\ConsultaA_Recursos_Salud_2023_v24.csv,29897
00006216,2023,11,LIMA,LIMA,BREÑA,MINSA,III-2,398,352,0,624,data\raw\Capacidad\ConsultaA_Recursos_Salud_2023_v24.csv,29925
00006212,2023,9,LIMA,LIMA,LA VICTORIA,MINSA,III-E,55,141,13,143,data\raw\Capacidad\ConsultaA_Recursos_Salud_2023_v24.csv,30059
00013591,2023,9,LIMA,LIMA,JESUS MARIA,SANIDAD DE LA POLICIA NACIONAL DEL PERU,III-1,313,571,288,510,data\raw\Capacidad\ConsultaA_Recursos_Salud_2023_v24.csv,30164
00028025,2023,10,LIMA,LIMA,ATE,MINSA,II-E,100,150,0,276,data\raw\Capacidad\ConsultaA_Recursos_Salud_2023_v24.csv,30178
00006213,2023,11,LIMA,LIMA,MIRAFLORES,MINSA,III-E,23,232,44,211,data\raw\Capacidad\ConsultaA_Recursos_Salud_2023_v24.csv,30401
00006209,2023,8,LIMA,LIMA,LIMA,MINSA,III-2,134,104,40,128,data\raw\Capacidad\ConsultaA_Recursos_Salud_2023_v24.csv,30440
00006206,2023,9,LIMA,LIMA,LIMA,MINSA,III-1,494,456,175,219,data\raw\Capacidad\ConsultaA_Recursos_Salud_2023_v24.csv,30548
00006213,2023,10,LIMA,LIMA,MIRAFLORES,MINSA,III-E,23,232,44,211,data\raw\Capacidad\ConsultaA_Recursos_Salud_2023_v24.csv,30613
00005947,2023,8,LIMA,LIMA,LURIGANCHO,MINSA,II-2,67,138,11,110,data\raw\Capacidad\ConsultaA_Recursos_Salud_2023_v24.csv,30742
00010098,2023,10,LIMA,LIMA,CHORRILLOS,SANIDAD DEL EJERCITO DEL PERU,II-E,15,42,0,64,data\raw\Capacidad\ConsultaA_Recursos_Salud_2023_v24.csv,30826
00006209,2023,9,LIMA,LIMA,LIMA,MINSA,III-2,134,92,40,125,data\raw\Capacidad\ConsultaA_Recursos_Salud_2023_v24.csv,30872
00006214,2023,9,LIMA,LIMA,MAGDALENA DEL MAR,MINSA,III-1,590,79,27,109,data\raw\Capacidad\ConsultaA_Recursos_Salud_2023_v24.csv,30873
00005945,2023,11,LIMA,LIMA,ATE,MINSA,II-1,152,156,37,136,data\raw\Capacidad\ConsultaA_Recursos_Salud_2023_v24.csv,30930
00005987,2023,11,LIMA,LIMA,SAN JUAN DE MIRAFLORES,MINSA,III-1,359,260,201,535,data\raw\Capacidad\ConsultaA_Recursos_Salud_2023_v24.csv,31026
00013591,2023,8,LIMA,LIMA,JESUS MARIA,SANIDAD DE LA POLICIA NACIONAL DEL PERU,III-1,327,515,210,426,data\raw\Capacidad\ConsultaA_Recursos_Salud_2023_v24.csv,31061
00013914,2023,10,LIMA,LIMA,RIMAC,SANIDAD DEL EJERCITO DEL PERU,I-4,4,10,0,14,data\raw\Capacidad\ConsultaA_Recursos_Salud_2023_v24.csv,31098
00006216,2023,10,LIMA,LIMA,BREÑA,MINSA,III-2,398,356,71,625,data\raw\Capacidad\ConsultaA_Recursos_Salud_2023_v24.csv,31193
00010434,2023,10,LIMA,LIMA,SANTA ANITA,ESSALUD,II-E,200,47,13,110,data\raw\Capacidad\ConsultaA_Recursos_Salud_2023_v24.csv,31196
00005948,2023,11,LIMA,LIMA,SANTA ANITA,MINSA,III-1,159,87,29,79,data\raw\Capacidad\ConsultaA_Recursos_Salud_2023_v24.csv,31228
00008502,2023,8,LIMA,LIMA,LIMA,ESSALUD,II-2,164,380,88,254,data\raw\Capacidad\ConsultaA_Recursos_Salud_2023_v24.csv,31351
00007634,2023,9,LIMA,LIMA,COMAS,MINSA,III-1,289,288,114,241,data\raw\Capacidad\ConsultaA_Recursos_Salud_2023_v24.csv,31362
00018011,2023,9,LIMA,LIMA,JESUS MARIA,ESSALUD,III-E,110,186,32,282,data\raw\Capacidad\ConsultaA_Recursos_Salud_2023_v24.csv,31365
00017024,2023,10,LIMA,LIMA,JESUS MARIA,SANIDAD DEL EJERCITO DEL PERU,III-1,376,194,96,400,data\raw\Capacidad\ConsultaA_Recursos_Salud_2023_v24.csv,31390
00006210,2023,10,LIMA,LIMA,SURQUILLO,MINSA,III-2,431,231,201,520,data\raw\Capacidad\ConsultaA_Recursos_Salud_2023_v24.csv,31407
00009188,2023,11,LIMA,LIMA,LIMA,ESSALUD,II-1,53,89,0,71,data\raw\Capacidad\ConsultaA_Recursos_Salud_2023_v24.csv,31535
00006216,2023,8,LIMA,LIMA,BREÑA,MINSA,III-2,395,351,64,628,data\raw\Capacidad\ConsultaA_Recursos_Salud_2023_v24.csv,31550
00005947,2023,10,LIMA,LIMA,LURIGANCHO,MINSA,II-2,67,148,13,113,data\raw\Capacidad\ConsultaA_Recursos_Salud_2023_v24.csv,31597
00006206,2023,11,LIMA,LIMA,LIMA,MINSA,III-1,502,440,220,211,data\raw\Capacidad\ConsultaA_Recursos_Salud_2023_v24.csv,31650
00014718,2023,11,LIMA,LIMA,SAN MIGUEL,SANIDAD DE LA POLICIA NACIONAL DEL PERU,II-E,26,18,2,40,data\raw\Capacidad\ConsultaA_Recursos_Salud_2023_v24.csv,31679
00013591,2023,10,LIMA,LIMA,JESUS MARIA,SANIDAD DE LA POLICIA NACIONAL DEL PERU,III-1,321,515,210,426,data\raw\Capacidad\ConsultaA_Recursos_Salud_2023_v24.csv,31769
00016918,2023,10,LIMA,LIMA,SAN BORJA,MINSA,III-2,241,408,104,474,data\raw\Capacidad\ConsultaA_Recursos_Salud_2023_v24.csv,31772
00007633,2023,8,LIMA,LIMA,SAN MARTIN DE PORRES,MINSA,III-1,356,667,302,640,data\raw\Capacidad\ConsultaA_Recursos_Salud_2023_v24.csv,31867
00027565,2023,11,LIMA,LIMA,COMAS,ESSALUD,II-1,108,198,6,186,data\raw\Capacidad\ConsultaA_Recursos_Salud_2023_v24.csv,31915
00006215,2023,9,LIMA,LIMA,LIMA,MINSA,III-E,202,320,85,297,data\raw\Capacidad\ConsultaA_Recursos_Salud_2023_v24.csv,32001
00010098,2023,9,LIMA,LIMA,CHORRILLOS,SANIDAD DEL EJERCITO DEL PERU,II-E,15,42,0,64,data\raw\Capacidad\ConsultaA_Recursos_Salud_2023_v24.csv,32004
00016094,2023,11,LIMA,LIMA,RIMAC,SANIDAD DE LA POLICIA NACIONAL DEL PERU,II-1,55,10,0,48,data\raw\Capacidad\ConsultaA_Recursos_Salud_2023_v24.csv,32045
00008741,2023,10,LIMA,LIMA,VILLA EL SALVADOR,ESSALUD,II-1,72,105,3,86,data\raw\Capacidad\ConsultaA_Recursos_Salud_2023_v24.csv,32082
00006217,2023,9,LIMA,LIMA,LIMA,MINSA,III-2,7,89,26,79,data\raw\Capacidad\ConsultaA_Recursos_Salud_2023_v24.csv,32285
00007632,2023,11,LIMA,LIMA,PUENTE PIEDRA,MINSA,II-2,114,135,55,205,data\raw\Capacidad\ConsultaA_Recursos_Salud_2023_v24.csv,32420
00006208,2023,11,LIMA,LIMA,LIMA,MINSA,III-2,397,319,72,459,data\raw\Capacidad\ConsultaA_Recursos_Salud_2023_v24.csv,32424
00027565,2023,8,LIMA,LIMA,COMAS,ESSALUD,II-1,108,189,6,190,data\raw\Capacidad\ConsultaA_Recursos_Salud_2023_v24.csv,32446
00006215,2023,10,LIMA,LIMA,LIMA,MINSA,III-E,200,350,126,308,data\raw\Capacidad\ConsultaA_Recursos_Salud_2023_v24.csv,32467
00006211,2023,11,LIMA,LIMA,PUEBLO LIBRE,MINSA,III-1,131,297,61,302,data\raw\Capacidad\ConsultaA_Recursos_Salud_2023_v24.csv,32518
00012923,2023,9,LIMA,LIMA,PUENTE PIEDRA,SANIDAD DE LA POLICIA NACIONAL DEL PERU,I-2,0,5,0,10,data\raw\Capacidad\ConsultaA_Recursos_Salud_2023_v24.csv,32562
00008502,2023,9,LIMA,LIMA,LIMA,ESSALUD,II-2,166,381,88,251,data\raw\Capacidad\ConsultaA_Recursos_Salud_2023_v24.csv,32572
00017024,2023,11,LIMA,LIMA,JESUS MARIA,SANIDAD DEL EJERCITO DEL PERU,III-1,376,207,88,407,data\raw\Capacidad\ConsultaA_Recursos_Salud_2023_v24.csv,32926
00008317,2023,9,LIMA,LIMA,SAN JUAN DE LURIGANCHO,ESSALUD,II-1,43,216,13,101,data\raw\Capacidad\ConsultaA_Recursos_Salud_2023_v24.csv,32964
00006210,2023,8,LIMA,LIMA,SURQUILLO,MINSA,III-2,439,226,145,530,data\raw\Capacidad\ConsultaA_Recursos_Salud_2023_v24.csv,33367
00008564,2023,8,LIMA,LIMA,SAN MIGUEL,ESSALUD,II-1,55,94,0,82,data\raw\Capacidad\ConsultaA_Recursos_Salud_2023_v24.csv,33572
00006212,2023,10,LIMA,LIMA,LA VICTORIA,MINSA,III-E,55,138,18,140,data\raw\Capacidad\ConsultaA_Recursos_Salud_2023_v24.csv,33701
00008489,2023,9,LIMA,LIMA,MIRAFLORES,ESSALUD,II-2,88,276,46,170,data\raw\Capacidad\ConsultaA_Recursos_Salud_2023_v24.csv,33779
00008720,2023,11,LIMA,LIMA,JESUS MARIA,ESSALUD,III-2,1537,1886,340,1764,data\raw\Capacidad\ConsultaA_Recursos_Salud_2023_v24.csv,33818
00023159,2023,9,LIMA,LIMA,VILLA EL SALVADOR,MINSA,II-2,309,432,25,463,data\raw\Capacidad\ConsultaA_Recursos_Salud_2023_v24.csv,33863
00008318,2023,10,LIMA,LIMA,SANTA ANITA,ESSALUD,II-1,38,89,5,68,data\raw\Capacidad\ConsultaA_Recursos_Salud_2023_v24.csv,34004
00008318,2023,11,LIMA,LIMA,SANTA ANITA,ESSALUD,II-1,40,87,6,70,data\raw\Capacidad\ConsultaA_Recursos_Salud_2023_v24.csv,34034
00012923,2023,12,LIMA,LIMA,PUENTE PIEDRA,SANIDAD DE LA POLICIA NACIONAL DEL PERU,I-2,0,7,0,9,data\raw\Capacidad\ConsultaA_Recursos_Salud_2023_v24.csv,34136
00006213,2023,9,LIMA,LIMA,MIRAFLORES,MINSA,III-E,23,218,30,212,data\raw\Capacidad\ConsultaA_Recursos_Salud_2023_v24.csv,34201
00008564,2023,11,LIMA,LIMA,SAN MIGUEL,ESSALUD,II-1,49,94,0,81,data\raw\Capacidad\ConsultaA_Recursos_Salud_2023_v24.csv,34226
00008741,2023,11,LIMA,LIMA,VILLA EL SALVADOR,ESSALUD,II-1,72,105,4,85,data\raw\Capacidad\ConsultaA_Recursos_Salud_2023_v24.csv,34233
00009251,2023,11,LIMA,LIMA,LA VICTORIA,ESSALUD,III-2,1125,1252,395,1125,data\raw\Capacidad\ConsultaA_Recursos_Salud_2023_v24.csv,34249
00007632,2023,10,LIMA,LIMA,PUENTE PIEDRA,MINSA,II-2,114,135,55,189,data\raw\Capacidad\ConsultaA_Recursos_Salud_2023_v24.csv,34293
00010751,2023,8,LIMA,LIMA,MIRAFLORES,SANIDAD DE LA FUERZA AEREA DEL PERU,III-1,264,223,25,251,data\raw\Capacidad\ConsultaA_Recursos_Salud_2023_v24.csv,34366
00016918,2023,11,LIMA,LIMA,SAN BORJA,MINSA,III-2,241,387,97,474,data\raw\Capacidad\ConsultaA_Recursos_Salud_2023_v24.csv,34430
00008720,2023,8,LIMA,LIMA,JESUS MARIA,ESSALUD,III-2,1537,1907,386,1778,data\raw\Capacidad\ConsultaA_Recursos_Salud_2023_v24.csv,34567
00016094,2023,9,LIMA,LIMA,RIMAC,SANIDAD DE LA POLICIA NACIONAL DEL PERU,II-1,80,13,0,69,data\raw\Capacidad\ConsultaA_Recursos_Salud_2023_v24.csv,34576
00007633,2023,9,LIMA,LIMA,SAN MARTIN DE PORRES,MINSA,III-1,376,729,297,649,data\raw\Capacidad\ConsultaA_Recursos_Salud_2023_v24.csv,34640
00007734,2023,10,LIMA,LIMA,CHORRILLOS,MINSA,III-E,0,98,28,27,data\raw\Capacidad\ConsultaA_Recursos_Salud_2023_v24.csv,34643
00006213,2023,8,LIMA,LIMA,MIRAFLORES,MINSA,III-E,23,218,30,212,data\raw\Capacidad\ConsultaA_Recursos_Salud_2023_v24.csv,34778
00005987,2023,9,LIMA,LIMA,SAN JUAN DE MIRAFLORES,MINSA,III-1,377,288,170,535,data\raw\Capacidad\ConsultaA_Recursos_Salud_2023_v24.csv,34808
00028025,2023,2,LIMA,LIMA,ATE,MINSA,II-E,100,150,0,276,data\raw\Capacidad\ConsultaA_Recursos_Salud_2023_v24.csv,34810
00028025,2023,3,LIMA,LIMA,ATE,MINSA,II-E,100,150,0,276,data\raw\Capacidad\ConsultaA_Recursos_Salud_2023_v24.csv,34811
00008502,2023,10,LIMA,LIMA,LIMA,ESSALUD,II-2,166,372,88,255,data\raw\Capacidad\ConsultaA_Recursos_Salud_2023_v24.csv,34827
00009251,2023,10,LIMA,LIMA,LA VICTORIA,ESSALUD,III-2,1115,1141,282,1125,data\raw\Capacidad\ConsultaA_Recursos_Salud_2023_v24.csv,34897
00009251,2023,9,LIMA,LIMA,LA VICTORIA,ESSALUD,III-2,1107,1140,0,1114,data\raw\Capacidad\ConsultaA_Recursos_Salud_2023_v24.csv,35008
00005947,2023,9,LIMA,LIMA,LURIGANCHO,MINSA,II-2,67,144,10,109,data\raw\Capacidad\ConsultaA_Recursos_Salud_2023_v24.csv,35009
00008720,2023,10,LIMA,LIMA,JESUS MARIA,ESSALUD,III-2,1545,1946,386,1760,data\raw\Capacidad\ConsultaA_Recursos_Salud_2023_v24.csv,35069
00005948,2023,8,LIMA,LIMA,SANTA ANITA,MINSA,III-1,159,91,33,86,data\raw\Capacidad\ConsultaA_Recursos_Salud_2023_v24.csv,35077
00018011,2023,8,LIMA,LIMA,JESUS MARIA,ESSALUD,III-E,111,172,32,266,data\raw\Capacidad\ConsultaA_Recursos_Salud_2023_v24.csv,35078
00028025,2023,4,LIMA,LIMA,ATE,MINSA,II-E,100,150,0,276,data\raw\Capacidad\ConsultaA_Recursos_Salud_2023_v24.csv,35082
00028025,2023,5,LIMA,LIMA,ATE,MINSA,II-E,100,150,0,276,data\raw\Capacidad\ConsultaA_Recursos_Salud_2023_v24.csv,35083
00028025,2023,6,LIMA,LIMA,ATE,MINSA,II-E,100,150,0,276,data\raw\Capacidad\ConsultaA_Recursos_Salud_2023_v24.csv,35084
00012923,2023,11,LIMA,LIMA,PUENTE PIEDRA,SANIDAD DE LA POLICIA NACIONAL DEL PERU,I-2,0,8,0,9,data\raw\Capacidad\ConsultaA_Recursos_Salud_2023_v24.csv,35133
00006207,2023,9,LIMA,LIMA,LIMA,MINSA,III-1,627,714,286,475,data\raw\Capacidad\ConsultaA_Recursos_Salud_2023_v24.csv,35192
00005946,2023,9,LIMA,LIMA,EL AGUSTINO,MINSA,III-1,648,507,220,663,data\raw\Capacidad\ConsultaA_Recursos_Salud_2023_v24.csv,35302
00007633,2023,10,LIMA,LIMA,SAN MARTIN DE PORRES,MINSA,III-1,386,448,297,671,data\raw\Capacidad\ConsultaA_Recursos_Salud_2023_v24.csv,35323
00005883,2023,9,LIMA,LIMA,ATE,MINSA,II-1,50,90,0,95,data\raw\Capacidad\ConsultaA_Recursos_Salud_2023_v24.csv,35506
00006216,2023,9,LIMA,LIMA,BREÑA,MINSA,III-2,395,348,71,626,data\raw\Capacidad\ConsultaA_Recursos_Salud_2023_v24.csv,35522
00005947,2023,11,LIMA,LIMA,LURIGANCHO,MINSA,II-2,67,146,12,115,data\raw\Capacidad\ConsultaA_Recursos_Salud_2023_v24.csv,35610
00009188,2023,8,LIMA,LIMA,LIMA,ESSALUD,II-1,53,89,0,71,data\raw\Capacidad\ConsultaA_Recursos_Salud_2023_v24.csv,35666
00027565,2023,9,LIMA,LIMA,COMAS,ESSALUD,II-1,108,198,6,187,data\raw\Capacidad\ConsultaA_Recursos_Salud_2023_v24.csv,35723
00008502,2023,11,LIMA,LIMA,LIMA,ESSALUD,II-2,156,369,88,249,data\raw\Capacidad\ConsultaA_Recursos_Salud_2023_v24.csv,35752
00009251,2023,8,LIMA,LIMA,LA VICTORIA,ESSALUD,III-2,1113,1132,282,1122,data\raw\Capacidad\ConsultaA_Recursos_Salud_2023_v24.csv,35763
00006211,2023,9,LIMA,LIMA,PUEBLO LIBRE,MINSA,III-1,134,279,42,290,data\raw\Capacidad\ConsultaA_Recursos_Salud_2023_v24.csv,35886
00017024,2023,9,LIMA,LIMA,JESUS MARIA,SANIDAD DEL EJERCITO DEL PERU,III-1,376,230,85,405,data\raw\Capacidad\ConsultaA_Recursos_Salud_2023_v24.csv,35887
00005987,2023,8,LIMA,LIMA,SAN JUAN DE MIRAFLORES,MINSA,III-1,382,284,172,531,data\raw\Capacidad\ConsultaA_Recursos_Salud_2023_v24.csv,36071
00013914,2023,8,LIMA,LIMA,RIMAC,SANIDAD DEL EJERCITO DEL PERU,I-4,4,10,0,14,data\raw\Capacidad\ConsultaA_Recursos_Salud_2023_v24.csv,36161
00005948,2023,12,LIMA,LIMA,SANTA ANITA,MINSA,III-1,159,83,29,81,data\raw\Capacidad\ConsultaA_Recursos_Salud_2023_v24.csv,36307
00006206,2023,12,LIMA,LIMA,LIMA,MINSA,III-1,301,455,208,212,data\raw\Capacidad\ConsultaA_Recursos_Salud_2023_v24.csv,36348
00008720,2023,12,LIMA,LIMA,JESUS MARIA,ESSALUD,III-2,1535,1562,413,1745,data\raw\Capacidad\ConsultaA_Recursos_Salud_2023_v24.csv,36532
00009251,2023,12,LIMA,LIMA,LA VICTORIA,ESSALUD,III-2,1115,1160,306,1123,data\raw\Capacidad\ConsultaA_Recursos_Salud_2023_v24.csv,36578
00008318,2023,12,LIMA,LIMA,SANTA ANITA,ESSALUD,II-1,40,89,6,70,data\raw\Capacidad\ConsultaA_Recursos_Salud_2023_v24.csv,36584
00017024,2023,12,LIMA,LIMA,JESUS MARIA,SANIDAD DEL EJERCITO DEL PERU,III-1,376,212,89,407,data\raw\Capacidad\ConsultaA_Recursos_Salud_2023_v24.csv,36894
00007632,2023,12,LIMA,LIMA,PUENTE PIEDRA,MINSA,II-2,114,135,56,205,data\raw\Capacidad\ConsultaA_Recursos_Salud_2023_v24.csv,36917
00010098,2023,12,LIMA,LIMA,CHORRILLOS,SANIDAD DEL EJERCITO DEL PERU,II-E,15,45,0,64,data\raw\Capacidad\ConsultaA_Recursos_Salud_2023_v24.csv,36942
00005947,2023,12,LIMA,LIMA,LURIGANCHO,MINSA,II-2,67,157,11,127,data\raw\Capacidad\ConsultaA_Recursos_Salud_2023_v24.csv,36943
00008317,2023,12,LIMA,LIMA,SAN JUAN DE LURIGANCHO,ESSALUD,II-1,43,204,11,89,data\raw\Capacidad\ConsultaA_Recursos_Salud_2023_v24.csv,36990
00008741,2023,12,LIMA,LIMA,VILLA EL SALVADOR,ESSALUD,II-1,72,105,4,85,data\raw\Capacidad\ConsultaA_Recursos_Salud_2023_v24.csv,37013
00007633,2023,12,LIMA,LIMA,SAN MARTIN DE PORRES,MINSA,III-1,379,431,297,668,data\raw\Capacidad\ConsultaA_Recursos_Salud_2023_v24.csv,37022
00006210,2023,12,LIMA,LIMA,SURQUILLO,MINSA,III-2,428,245,172,526,data\raw\Capacidad\ConsultaA_Recursos_Salud_2023_v24.csv,37209
00005883,2023,12,LIMA,LIMA,ATE,MINSA,II-1,50,94,0,94,data\raw\Capacidad\ConsultaA_Recursos_Salud_2023_v24.csv,37302
00006207,2023,12,LIMA,LIMA,LIMA,MINSA,III-1,626,691,282,483,data\raw\Capacidad\ConsultaA_Recursos_Salud_2023_v24.csv,37597
00013591,2023,12,LIMA,LIMA,JESUS MARIA,SANIDAD DE LA POLICIA NACIONAL DEL PERU,III-1,354,512,210,421,data\raw\Capacidad\ConsultaA_Recursos_Salud_2023_v24.csv,37889
00014718,2023,12,LIMA,LIMA,SAN MIGUEL,SANIDAD DE LA POLICIA NACIONAL DEL PERU,II-E,26,19,2,41,data\raw\Capacidad\ConsultaA_Recursos_Salud_2023_v24.csv,37921
00010751,2023,12,LIMA,LIMA,MIRAFLORES,SANIDAD DE LA FUERZA AEREA DEL PERU,III-1,264,223,25,251,data\raw\Capacidad\ConsultaA_Recursos_Salud_2023_v24.csv,38075
00005945,2023,12,LIMA,LIMA,ATE,MINSA,II-1,152,156,37,136,data\raw\Capacidad\ConsultaA_Recursos_Salud_2023_v24.csv,38091
00013914,2023,12,LIMA,LIMA,RIMAC,SANIDAD DEL EJERCITO DEL PERU,I-4,4,10,0,14,data\raw\Capacidad\ConsultaA_Recursos_Salud_2023_v24.csv,38104
00006211,2023,12,LIMA,LIMA,PUEBLO LIBRE,MINSA,III-1,138,291,50,300,data\raw\Capacidad\ConsultaA_Recursos_Salud_2023_v24.csv,38366
00006213,2023,12,LIMA,LIMA,MIRAFLORES,MINSA,III-E,23,232,44,211,data\raw\Capacidad\ConsultaA_Recursos_Salud_2023_v24.csv,38445
00006217,2023,12,LIMA,LIMA,LIMA,MINSA,III-2,7,89,18,79,data\raw\Capacidad\ConsultaA_Recursos_Salud_2023_v24.csv,38546
00008502,2023,12,LIMA,LIMA,LIMA,ESSALUD,II-2,162,373,88,249,data\raw\Capacidad\ConsultaA_Recursos_Salud_2023_v24.csv,38791
00010135,2023,12,LIMA,LIMA,LA MOLINA,ESSALUD,II-1,50,156,11,90,data\raw\Capacidad\ConsultaA_Recursos_Salud_2023_v24.csv,38868
00007634,2023,12,LIMA,LIMA,COMAS,MINSA,III-1,289,288,114,241,data\raw\Capacidad\ConsultaA_Recursos_Salud_2023_v24.csv,38954
00007733,2023,12,LIMA,LIMA,SAN MARTIN DE PORRES,MINSA,III-2,91,123,45,68,data\raw\Capacidad\ConsultaA_Recursos_Salud_2023_v24.csv,39012
00008353,2023,12,LIMA,LIMA,ATE,ESSALUD,II-1,66,110,23,96,data\raw\Capacidad\ConsultaA_Recursos_Salud_2023_v24.csv,39051
00006208,2023,12,LIMA,LIMA,LIMA,MINSA,III-2,397,319,72,459,data\raw\Capacidad\ConsultaA_Recursos_Salud_2023_v24.csv,39056
00006209,2023,12,LIMA,LIMA,LIMA,MINSA,III-2,129,99,42,135,data\raw\Capacidad\ConsultaA_Recursos_Salud_2023_v24.csv,39076
00016094,2023,12,LIMA,LIMA,RIMAC,SANIDAD DE LA POLICIA NACIONAL DEL PERU,II-1,55,11,0,69,data\raw\Capacidad\ConsultaA_Recursos_Salud_2023_v24.csv,39110
00006215,2023,12,LIMA,LIMA,LIMA,MINSA,III-E,198,344,120,300,data\raw\Capacidad\ConsultaA_Recursos_Salud_2023_v24.csv,39249
00005987,2023,12,LIMA,LIMA,SAN JUAN DE MIRAFLORES,MINSA,III-1,357,257,199,535,data\raw\Capacidad\ConsultaA_Recursos_Salud_2023_v24.csv,39296
00023159,2023,12,LIMA,LIMA,VILLA EL SALVADOR,MINSA,II-2,260,432,28,487,data\raw\Capacidad\ConsultaA_Recursos_Salud_2023_v24.csv,39297
00006214,2023,12,LIMA,LIMA,MAGDALENA DEL MAR,MINSA,III-1,590,76,27,108,data\raw\Capacidad\ConsultaA_Recursos_Salud_2023_v24.csv,39312
00005946,2023,12,LIMA,LIMA,EL AGUSTINO,MINSA,III-1,606,516,239,659,data\raw\Capacidad\ConsultaA_Recursos_Salud_2023_v24.csv,39618
00016918,2023,12,LIMA,LIMA,SAN BORJA,MINSA,III-2,241,387,61,474,data\raw\Capacidad\ConsultaA_Recursos_Salud_2023_v24.csv,39632
00027565,2023,12,LIMA,LIMA,COMAS,ESSALUD,II-1,108,196,6,186,data\raw\Capacidad\ConsultaA_Recursos_Salud_2023_v24.csv,39797
00028025,2023,12,LIMA,LIMA,ATE,MINSA,II-E,100,150,0,276,data\raw\Capacidad\ConsultaA_Recursos_Salud_2023_v24.csv,39827
00008564,2023,12,LIMA,LIMA,SAN MIGUEL,ESSALUD,II-1,49,94,0,81,data\raw\Capacidad\ConsultaA_Recursos_Salud_2023_v24.csv,39855
00008489,2023,12,LIMA,LIMA,MIRAFLORES,ESSALUD,II-2,89,272,66,171,data\raw\Capacidad\ConsultaA_Recursos_Salud_2023_v24.csv,40055
00006216,2023,12,LIMA,LIMA,BREÑA,MINSA,III-2,398,352,76,626,data\raw\Capacidad\ConsultaA_Recursos_Salud_2023_v24.csv,40158
00018011,2023,12,LIMA,LIMA,JESUS MARIA,ESSALUD,III-E,92,178,40,274,data\raw\Capacidad\ConsultaA_Recursos_Salud_2023_v24.csv,40312
00006212,2023,12,LIMA,LIMA,LA VICTORIA,MINSA,III-E,56,148,11,140,data\raw\Capacidad\ConsultaA_Recursos_Salud_2023_v24.csv,40517
00010434,2023,12,LIMA,LIMA,SANTA ANITA,ESSALUD,II-E,200,48,13,110,data\raw\Capacidad\ConsultaA_Recursos_Salud_2023_v24.csv,40653
00005617,2023,12,LIMA,LIMA,SAN JUAN DE LURIGANCHO,MINSA,II-2,89,208,23,316,data\raw\Capacidad\ConsultaA_Recursos_Salud_2023_v24.csv,40768
00007734,2023,12,LIMA,LIMA,CHORRILLOS,MINSA,III-E,0,101,26,27,data\raw\Capacidad\ConsultaA_Recursos_Salud_2023_v24.csv,40769
00009188,2023,12,LIMA,LIMA,LIMA,ESSALUD,II-1,53,90,0,68,data\raw\Capacidad\ConsultaA_Recursos_Salud_2023_v24.csv,40773
