archivo,fila_csv_aproximada,regla,severidad,descripcion,anio,mes,codigo_ipress,nombre_ipress,servicio_hospitalizacion,valores_relevantes,en_alcance_modelo,estado_revision
ConsultaD1_Hospitalizaciones_Especialidad_2015_v1.csv,950,Q05,REVISAR,Cero camas con actividad hospitalaria,2015,11,00005947,HOSPITAL DE MEDIANA COMPLEJIDAD JOSE AGURTO TELLO,HOSPITALIZACIÓN QUIRÚRGICA CIRUGÍA OFTALMOLÓGICA ,"{""NRO_TOTAL_CAMAS"": ""0"", ""NRO_TOTAL_HOSPIT_ING"": ""4"", ""NRO_TOTAL_HOSPIT_EGR"": ""4"", ""NRO_TOTAL_PACIENTES_CAMAS"": ""4"", ""NRO_TOTAL_ESTANCIAS"": ""4""}",True,PENDIENTE_VALIDACION_NO_USAR_ENTRENAMIENTO
ConsultaD1_Hospitalizaciones_Especialidad_2015_v1.csv,955,Q05,REVISAR,Cero camas con actividad hospitalaria,2015,10,00005947,HOSPITAL DE MEDIANA COMPLEJIDAD JOSE AGURTO TELLO,HOSPITALIZACIÓN QUIRÚRGICA CIRUGÍA OFTALMOLÓGICA ,"{""NRO_TOTAL_CAMAS"": ""0"", ""NRO_TOTAL_HOSPIT_ING"": ""2"", ""NRO_TOTAL_HOSPIT_EGR"": ""2"", ""NRO_TOTAL_PACIENTES_CAMAS"": ""2"", ""NRO_TOTAL_ESTANCIAS"": ""2""}",True,PENDIENTE_VALIDACION_NO_USAR_ENTRENAMIENTO
ConsultaD1_Hospitalizaciones_Especialidad_2015_v1.csv,4725,Q05,REVISAR,Cero camas con actividad hospitalaria,2015,08,00017024,HOSPITAL  MILITAR LUIS ARIAS SCHEREIBER,HOSPITALIZACIÓN DE MEDICINA MEDICINA GENERAL ,"{""NRO_TOTAL_CAMAS"": ""0"", ""NRO_TOTAL_HOSPIT_ING"": ""3"", ""NRO_TOTAL_HOSPIT_EGR"": ""10"", ""NRO_TOTAL_PACIENTES_CAMAS"": ""0"", ""NRO_TOTAL_ESTANCIAS"": ""127""}",True,PENDIENTE_VALIDACION_NO_USAR_ENTRENAMIENTO
ConsultaD1_Hospitalizaciones_Especialidad_2015_v1.csv,1199,Q07,REVISAR,"Camas = pacientes-día × días del mes: posible desplazamiento, no confirmado",2015,08,00006206,NACIONAL  DOS DE MAYO,EMERGENCIA SHOCKTRAUMA / PRIORIDAD 1 ,"{""NRO_TOTAL_PACIENTES_CAMAS"": ""3"", ""NRO_TOTAL_CAMAS"": ""93"", ""ANHO"": ""2015"", ""MES"": ""08"", ""dias_mes"": 31.0}",True,PENDIENTE_VALIDACION_NO_USAR_ENTRENAMIENTO
ConsultaD1_Hospitalizaciones_Especialidad_2015_v1.csv,1200,Q07,REVISAR,"Camas = pacientes-día × días del mes: posible desplazamiento, no confirmado",2015,08,00006206,NACIONAL  DOS DE MAYO,HOSPIT. EN UNIDAD DE CUID.INTEN.-UNIDAD DE TRAUMA SHOCK-,"{""NRO_TOTAL_PACIENTES_CAMAS"": ""6"", ""NRO_TOTAL_CAMAS"": ""186"", ""ANHO"": ""2015"", ""MES"": ""08"", ""dias_mes"": 31.0}",True,PENDIENTE_VALIDACION_NO_USAR_ENTRENAMIENTO
ConsultaD1_Hospitalizaciones_Especialidad_2015_v1.csv,1201,Q07,REVISAR,"Camas = pacientes-día × días del mes: posible desplazamiento, no confirmado",2015,08,00006206,NACIONAL  DOS DE MAYO,UNIDAD DE CUIDADOS CRITICOS UNIDAD DE CUIDADOS INTERMEDIOS GENERAL  (UCIN) ,"{""NRO_TOTAL_PACIENTES_CAMAS"": ""6"", ""NRO_TOTAL_CAMAS"": ""186"", ""ANHO"": ""2015"", ""MES"": ""08"", ""dias_mes"": 31.0}",True,PENDIENTE_VALIDACION_NO_USAR_ENTRENAMIENTO
ConsultaD1_Hospitalizaciones_Especialidad_2015_v1.csv,1202,Q07,REVISAR,"Camas = pacientes-día × días del mes: posible desplazamiento, no confirmado",2015,08,00006206,NACIONAL  DOS DE MAYO,UNIDAD DE CUIDADOS CRITICOS UNIDAD  DE CUIDADOS INTENSIVOS GENERALES (UCI) ,"{""NRO_TOTAL_PACIENTES_CAMAS"": ""6"", ""NRO_TOTAL_CAMAS"": ""186"", ""ANHO"": ""2015"", ""MES"": ""08"", ""dias_mes"": 31.0}",True,PENDIENTE_VALIDACION_NO_USAR_ENTRENAMIENTO
ConsultaD1_Hospitalizaciones_Especialidad_2015_v1.csv,1217,Q07,REVISAR,"Camas = pacientes-día × días del mes: posible desplazamiento, no confirmado",2015,09,00006206,NACIONAL  DOS DE MAYO,EMERGENCIA SHOCKTRAUMA / PRIORIDAD 1 ,"{""NRO_TOTAL_PACIENTES_CAMAS"": ""3"", ""NRO_TOTAL_CAMAS"": ""90"", ""ANHO"": ""2015"", ""MES"": ""09"", ""dias_mes"": 30.0}",True,PENDIENTE_VALIDACION_NO_USAR_ENTRENAMIENTO
ConsultaD1_Hospitalizaciones_Especialidad_2015_v1.csv,1218,Q07,REVISAR,"Camas = pacientes-día × días del mes: posible desplazamiento, no confirmado",2015,09,00006206,NACIONAL  DOS DE MAYO,HOSPIT. EN UNIDAD DE CUID.INTEN.-UNIDAD DE TRAUMA SHOCK-,"{""NRO_TOTAL_PACIENTES_CAMAS"": ""6"", ""NRO_TOTAL_CAMAS"": ""180"", ""ANHO"": ""2015"", ""MES"": ""09"", ""dias_mes"": 30.0}",True,PENDIENTE_VALIDACION_NO_USAR_ENTRENAMIENTO
ConsultaD1_Hospitalizaciones_Especialidad_2015_v1.csv,1219,Q07,REVISAR,"Camas = pacientes-día × días del mes: posible desplazamiento, no confirmado",2015,09,00006206,NACIONAL  DOS DE MAYO,UNIDAD DE CUIDADOS CRITICOS UNIDAD DE CUIDADOS INTERMEDIOS GENERAL  (UCIN) ,"{""NRO_TOTAL_PACIENTES_CAMAS"": ""6"", ""NRO_TOTAL_CAMAS"": ""180"", ""ANHO"": ""2015"", ""MES"": ""09"", ""dias_mes"": 30.0}",True,PENDIENTE_VALIDACION_NO_USAR_ENTRENAMIENTO
ConsultaD1_Hospitalizaciones_Especialidad_2015_v1.csv,1220,Q07,REVISAR,"Camas = pacientes-día × días del mes: posible desplazamiento, no confirmado",2015,09,00006206,NACIONAL  DOS DE MAYO,UNIDAD DE CUIDADOS CRITICOS UNIDAD  DE CUIDADOS INTENSIVOS GENERALES (UCI) ,"{""NRO_TOTAL_PACIENTES_CAMAS"": ""6"", ""NRO_TOTAL_CAMAS"": ""180"", ""ANHO"": ""2015"", ""MES"": ""09"", ""dias_mes"": 30.0}",True,PENDIENTE_VALIDACION_NO_USAR_ENTRENAMIENTO
ConsultaD1_Hospitalizaciones_Especialidad_2015_v1.csv,1221,Q07,REVISAR,"Camas = pacientes-día × días del mes: posible desplazamiento, no confirmado",2015,09,00006206,NACIONAL  DOS DE MAYO,HOSPITALIZACIÓN DE PEDIATRÍA  PEDIATRÍA  GENERAL ,"{""NRO_TOTAL_PACIENTES_CAMAS"": ""47"", ""NRO_TOTAL_CAMAS"": ""1410"", ""ANHO"": ""2015"", ""MES"": ""09"", ""dias_mes"": 30.0}",True,PENDIENTE_VALIDACION_NO_USAR_ENTRENAMIENTO
ConsultaD1_Hospitalizaciones_Especialidad_2015_v1.csv,1222,Q07,REVISAR,"Camas = pacientes-día × días del mes: posible desplazamiento, no confirmado",2015,09,00006206,NACIONAL  DOS DE MAYO,HOSPITALIZACIÓN QUIRÚRGICA GINECO - OBSTETRICIA ,"{""NRO_TOTAL_PACIENTES_CAMAS"": ""52"", ""NRO_TOTAL_CAMAS"": ""1560"", ""ANHO"": ""2015"", ""MES"": ""09"", ""dias_mes"": 30.0}",True,PENDIENTE_VALIDACION_NO_USAR_ENTRENAMIENTO
ConsultaD1_Hospitalizaciones_Especialidad_2015_v1.csv,1223,Q07,REVISAR,"Camas = pacientes-día × días del mes: posible desplazamiento, no confirmado",2015,09,00006206,NACIONAL  DOS DE MAYO,HOSPITALIZACIÓN QUIRÚRGICA CIRUGÍA DE TÓRAX Y CARDIOVASCULAR ,"{""NRO_TOTAL_PACIENTES_CAMAS"": ""14"", ""NRO_TOTAL_CAMAS"": ""420"", ""ANHO"": ""2015"", ""MES"": ""09"", ""dias_mes"": 30.0}",True,PENDIENTE_VALIDACION_NO_USAR_ENTRENAMIENTO
ConsultaD1_Hospitalizaciones_Especialidad_2015_v1.csv,1224,Q07,REVISAR,"Camas = pacientes-día × días del mes: posible desplazamiento, no confirmado",2015,09,00006206,NACIONAL  DOS DE MAYO,HOSPITALIZACIÓN QUIRÚRGICA CIRUGÍA PLÁSTICA/RECONSTRUCTIVA/ REPARADORA ,"{""NRO_TOTAL_PACIENTES_CAMAS"": ""8"", ""NRO_TOTAL_CAMAS"": ""240"", ""ANHO"": ""2015"", ""MES"": ""09"", ""dias_mes"": 30.0}",True,PENDIENTE_VALIDACION_NO_USAR_ENTRENAMIENTO
ConsultaD1_Hospitalizaciones_Especialidad_2015_v1.csv,1225,Q07,REVISAR,"Camas = pacientes-día × días del mes: posible desplazamiento, no confirmado",2015,09,00006206,NACIONAL  DOS DE MAYO,HOSPITALIZACIÓN QUIRÚRGICA CIRUGÍA DE CABEZA Y CUELLO / MÁXILO FACIAL ,"{""NRO_TOTAL_PACIENTES_CAMAS"": ""12"", ""NRO_TOTAL_CAMAS"": ""360"", ""ANHO"": ""2015"", ""MES"": ""09"", ""dias_mes"": 30.0}",True,PENDIENTE_VALIDACION_NO_USAR_ENTRENAMIENTO
ConsultaD1_Hospitalizaciones_Especialidad_2015_v1.csv,1226,Q07,REVISAR,"Camas = pacientes-día × días del mes: posible desplazamiento, no confirmado",2015,09,00006206,NACIONAL  DOS DE MAYO,HOSPITALIZACIÓN QUIRÚRGICA CIRUGÍA PEDIÁTRICA ,"{""NRO_TOTAL_PACIENTES_CAMAS"": ""6"", ""NRO_TOTAL_CAMAS"": ""180"", ""ANHO"": ""2015"", ""MES"": ""09"", ""dias_mes"": 30.0}",True,PENDIENTE_VALIDACION_NO_USAR_ENTRENAMIENTO
ConsultaD1_Hospitalizaciones_Especialidad_2015_v1.csv,1227,Q07,REVISAR,"Camas = pacientes-día × días del mes: posible desplazamiento, no confirmado",2015,09,00006206,NACIONAL  DOS DE MAYO,HOSPITALIZACIÓN QUIRÚRGICA OTORRINOLARINGOLOGÍA  ,"{""NRO_TOTAL_PACIENTES_CAMAS"": ""3"", ""NRO_TOTAL_CAMAS"": ""90"", ""ANHO"": ""2015"", ""MES"": ""09"", ""dias_mes"": 30.0}",True,PENDIENTE_VALIDACION_NO_USAR_ENTRENAMIENTO
ConsultaD1_Hospitalizaciones_Especialidad_2015_v1.csv,1228,Q07,REVISAR,"Camas = pacientes-día × días del mes: posible desplazamiento, no confirmado",2015,09,00006206,NACIONAL  DOS DE MAYO,HOSPITALIZACIÓN QUIRÚRGICA NEUROCIRUGÍA ,"{""NRO_TOTAL_PACIENTES_CAMAS"": ""20"", ""NRO_TOTAL_CAMAS"": ""600"", ""ANHO"": ""2015"", ""MES"": ""09"", ""dias_mes"": 30.0}",True,PENDIENTE_VALIDACION_NO_USAR_ENTRENAMIENTO
ConsultaD1_Hospitalizaciones_Especialidad_2015_v1.csv,1229,Q07,REVISAR,"Camas = pacientes-día × días del mes: posible desplazamiento, no confirmado",2015,09,00006206,NACIONAL  DOS DE MAYO,HOSPITALIZACIÓN QUIRÚRGICA UROLOGÍA  ,"{""NRO_TOTAL_PACIENTES_CAMAS"": ""40"", ""NRO_TOTAL_CAMAS"": ""1200"", ""ANHO"": ""2015"", ""MES"": ""09"", ""dias_mes"": 30.0}",True,PENDIENTE_VALIDACION_NO_USAR_ENTRENAMIENTO
ConsultaD1_Hospitalizaciones_Especialidad_2015_v1.csv,1230,Q07,REVISAR,"Camas = pacientes-día × días del mes: posible desplazamiento, no confirmado",2015,09,00006206,NACIONAL  DOS DE MAYO,HOSPITALIZACIÓN QUIRÚRGICA TRAUMATOLOGÍA Y ORTOPEDIA ,"{""NRO_TOTAL_PACIENTES_CAMAS"": ""40"", ""NRO_TOTAL_CAMAS"": ""1200"", ""ANHO"": ""2015"", ""MES"": ""09"", ""dias_mes"": 30.0}",True,PENDIENTE_VALIDACION_NO_USAR_ENTRENAMIENTO
ConsultaD1_Hospitalizaciones_Especialidad_2015_v1.csv,1231,Q07,REVISAR,"Camas = pacientes-día × días del mes: posible desplazamiento, no confirmado",2015,09,00006206,NACIONAL  DOS DE MAYO,HOSPITALIZACIÓN QUIRÚRGICA CIRUGÍA GENERAL ,"{""NRO_TOTAL_PACIENTES_CAMAS"": ""97"", ""NRO_TOTAL_CAMAS"": ""2910"", ""ANHO"": ""2015"", ""MES"": ""09"", ""dias_mes"": 30.0}",True,PENDIENTE_VALIDACION_NO_USAR_ENTRENAMIENTO
ConsultaD1_Hospitalizaciones_Especialidad_2015_v1.csv,1232,Q07,REVISAR,"Camas = pacientes-día × días del mes: posible desplazamiento, no confirmado",2015,09,00006206,NACIONAL  DOS DE MAYO,HOSPITALIZACIÓN DE PEDIATRÍA PEDIATRIA NEUROLOGÍA PEDIÁTRICA,"{""NRO_TOTAL_PACIENTES_CAMAS"": ""28"", ""NRO_TOTAL_CAMAS"": ""840"", ""ANHO"": ""2015"", ""MES"": ""09"", ""dias_mes"": 30.0}",True,PENDIENTE_VALIDACION_NO_USAR_ENTRENAMIENTO
ConsultaD1_Hospitalizaciones_Especialidad_2015_v1.csv,1233,Q07,REVISAR,"Camas = pacientes-día × días del mes: posible desplazamiento, no confirmado",2015,09,00006206,NACIONAL  DOS DE MAYO,HOSPITALIZACIÓN DE MEDICINA MEDICINA TROPICAL E INFECCIOSAS ,"{""NRO_TOTAL_PACIENTES_CAMAS"": ""20"", ""NRO_TOTAL_CAMAS"": ""600"", ""ANHO"": ""2015"", ""MES"": ""09"", ""dias_mes"": 30.0}",True,PENDIENTE_VALIDACION_NO_USAR_ENTRENAMIENTO
ConsultaD1_Hospitalizaciones_Especialidad_2015_v1.csv,1234,Q07,REVISAR,"Camas = pacientes-día × días del mes: posible desplazamiento, no confirmado",2015,09,00006206,NACIONAL  DOS DE MAYO,HOSPITALIZACIÓN DE MEDICINA MEDICINA GENERAL ,"{""NRO_TOTAL_PACIENTES_CAMAS"": ""252"", ""NRO_TOTAL_CAMAS"": ""7560"", ""ANHO"": ""2015"", ""MES"": ""09"", ""dias_mes"": 30.0}",True,PENDIENTE_VALIDACION_NO_USAR_ENTRENAMIENTO
ConsultaD1_Hospitalizaciones_Especialidad_2016_v1.csv,221,Q05,REVISAR,Cero camas con actividad hospitalaria,2016,02,00005947,HOSPITAL DE MEDIANA COMPLEJIDAD JOSE AGURTO TELLO,HOSPITALIZACIÓN QUIRÚRGICA CIRUGÍA PLÁSTICA/RECONSTRUCTIVA/ REPARADORA ,"{""NRO_TOTAL_CAMAS"": ""0"", ""NRO_TOTAL_HOSPIT_ING"": ""4"", ""NRO_TOTAL_HOSPIT_EGR"": ""5"", ""NRO_TOTAL_PACIENTES_CAMAS"": ""34"", ""NRO_TOTAL_ESTANCIAS"": ""69""}",True,PENDIENTE_VALIDACION_NO_USAR_ENTRENAMIENTO
ConsultaD1_Hospitalizaciones_Especialidad_2016_v1.csv,723,Q05,REVISAR,Cero camas con actividad hospitalaria,2016,02,00007632,HOSPITAL CARLOS LANFRANCO LA HOZ,HOSPITALIZACIÓN DE MEDICINA MEDICINA GENERAL ,"{""NRO_TOTAL_CAMAS"": ""0"", ""NRO_TOTAL_HOSPIT_ING"": ""4"", ""NRO_TOTAL_HOSPIT_EGR"": ""4"", ""NRO_TOTAL_PACIENTES_CAMAS"": ""4"", ""NRO_TOTAL_ESTANCIAS"": ""4""}",True,PENDIENTE_VALIDACION_NO_USAR_ENTRENAMIENTO
ConsultaD1_Hospitalizaciones_Especialidad_2016_v1.csv,2021,Q05,REVISAR,Cero camas con actividad hospitalaria,2016,01,00007632,HOSPITAL CARLOS LANFRANCO LA HOZ,HOSPITALIZACIÓN DE MEDICINA MEDICINA GENERAL ,"{""NRO_TOTAL_CAMAS"": ""0"", ""NRO_TOTAL_HOSPIT_ING"": ""8"", ""NRO_TOTAL_HOSPIT_EGR"": ""8"", ""NRO_TOTAL_PACIENTES_CAMAS"": ""8"", ""NRO_TOTAL_ESTANCIAS"": ""8""}",True,PENDIENTE_VALIDACION_NO_USAR_ENTRENAMIENTO
ConsultaD1_Hospitalizaciones_Especialidad_2016_v1.csv,2406,Q05,REVISAR,Cero camas con actividad hospitalaria,2016,03,00007632,HOSPITAL CARLOS LANFRANCO LA HOZ,HOSPITALIZACIÓN DE MEDICINA MEDICINA GENERAL ,"{""NRO_TOTAL_CAMAS"": ""0"", ""NRO_TOTAL_HOSPIT_ING"": ""5"", ""NRO_TOTAL_HOSPIT_EGR"": ""5"", ""NRO_TOTAL_PACIENTES_CAMAS"": ""5"", ""NRO_TOTAL_ESTANCIAS"": ""5""}",True,PENDIENTE_VALIDACION_NO_USAR_ENTRENAMIENTO
ConsultaD1_Hospitalizaciones_Especialidad_2016_v1.csv,3691,Q05,REVISAR,Cero camas con actividad hospitalaria,2016,03,00005947,HOSPITAL DE MEDIANA COMPLEJIDAD JOSE AGURTO TELLO,HOSPITALIZACIÓN QUIRÚRGICA CIRUGÍA PLÁSTICA/RECONSTRUCTIVA/ REPARADORA ,"{""NRO_TOTAL_CAMAS"": ""0"", ""NRO_TOTAL_HOSPIT_ING"": ""5"", ""NRO_TOTAL_HOSPIT_EGR"": ""5"", ""NRO_TOTAL_PACIENTES_CAMAS"": ""39"", ""NRO_TOTAL_ESTANCIAS"": ""39""}",True,PENDIENTE_VALIDACION_NO_USAR_ENTRENAMIENTO
ConsultaD1_Hospitalizaciones_Especialidad_2016_v1.csv,4108,Q05,REVISAR,Cero camas con actividad hospitalaria,2016,04,00007632,HOSPITAL CARLOS LANFRANCO LA HOZ,HOSPITALIZACIÓN DE MEDICINA MEDICINA GENERAL ,"{""NRO_TOTAL_CAMAS"": ""0"", ""NRO_TOTAL_HOSPIT_ING"": ""2"", ""NRO_TOTAL_HOSPIT_EGR"": ""2"", ""NRO_TOTAL_PACIENTES_CAMAS"": ""2"", ""NRO_TOTAL_ESTANCIAS"": ""2""}",True,PENDIENTE_VALIDACION_NO_USAR_ENTRENAMIENTO
ConsultaD1_Hospitalizaciones_Especialidad_2016_v1.csv,4359,Q05,REVISAR,Cero camas con actividad hospitalaria,2016,04,00005947,HOSPITAL DE MEDIANA COMPLEJIDAD JOSE AGURTO TELLO,HOSPITALIZACIÓN QUIRÚRGICA CIRUGÍA PLÁSTICA/RECONSTRUCTIVA/ REPARADORA ,"{""NRO_TOTAL_CAMAS"": ""0"", ""NRO_TOTAL_HOSPIT_ING"": ""5"", ""NRO_TOTAL_HOSPIT_EGR"": ""5"", ""NRO_TOTAL_PACIENTES_CAMAS"": ""39"", ""NRO_TOTAL_ESTANCIAS"": ""39""}",True,PENDIENTE_VALIDACION_NO_USAR_ENTRENAMIENTO
ConsultaD1_Hospitalizaciones_Especialidad_2016_v1.csv,5903,Q05,REVISAR,Cero camas con actividad hospitalaria,2016,11,00005947,HOSPITAL DE MEDIANA COMPLEJIDAD JOSE AGURTO TELLO,HOSPITALIZACIÓN QUIRÚRGICA CIRUGÍA PLÁSTICA/RECONSTRUCTIVA/ REPARADORA ,"{""NRO_TOTAL_CAMAS"": ""0"", ""NRO_TOTAL_HOSPIT_ING"": ""2"", ""NRO_TOTAL_HOSPIT_EGR"": ""1"", ""NRO_TOTAL_PACIENTES_CAMAS"": ""18"", ""NRO_TOTAL_ESTANCIAS"": ""21""}",True,PENDIENTE_VALIDACION_NO_USAR_ENTRENAMIENTO
ConsultaD1_Hospitalizaciones_Especialidad_2016_v1.csv,5904,Q05,REVISAR,Cero camas con actividad hospitalaria,2016,11,00005947,HOSPITAL DE MEDIANA COMPLEJIDAD JOSE AGURTO TELLO,HOSPITALIZACIÓN DE PEDIATRÍA  PEDIATRÍA  GENERAL ,"{""NRO_TOTAL_CAMAS"": ""0"", ""NRO_TOTAL_HOSPIT_ING"": ""44"", ""NRO_TOTAL_HOSPIT_EGR"": ""50"", ""NRO_TOTAL_PACIENTES_CAMAS"": ""249"", ""NRO_TOTAL_ESTANCIAS"": ""263""}",True,PENDIENTE_VALIDACION_NO_USAR_ENTRENAMIENTO
ConsultaD1_Hospitalizaciones_Especialidad_2016_v1.csv,6827,Q05,REVISAR,Cero camas con actividad hospitalaria,2016,02,00018580,GUILLERMO KAELIN DE LA FUENTE,HOSPITALIZACIÓN QUIRÚRGICA OBSTETRICIA   ,"{""NRO_TOTAL_CAMAS"": ""0"", ""NRO_TOTAL_HOSPIT_ING"": ""194"", ""NRO_TOTAL_HOSPIT_EGR"": ""192"", ""NRO_TOTAL_PACIENTES_CAMAS"": ""0"", ""NRO_TOTAL_ESTANCIAS"": ""162""}",True,PENDIENTE_VALIDACION_NO_USAR_ENTRENAMIENTO
ConsultaD1_Hospitalizaciones_Especialidad_2016_v1.csv,6829,Q05,REVISAR,Cero camas con actividad hospitalaria,2016,02,00018580,GUILLERMO KAELIN DE LA FUENTE,HOSPITALIZACIÓN QUIRÚRGICA UROLOGÍA  ,"{""NRO_TOTAL_CAMAS"": ""0"", ""NRO_TOTAL_HOSPIT_ING"": ""55"", ""NRO_TOTAL_HOSPIT_EGR"": ""52"", ""NRO_TOTAL_PACIENTES_CAMAS"": ""0"", ""NRO_TOTAL_ESTANCIAS"": ""221""}",True,PENDIENTE_VALIDACION_NO_USAR_ENTRENAMIENTO
ConsultaD1_Hospitalizaciones_Especialidad_2016_v1.csv,6830,Q05,REVISAR,Cero camas con actividad hospitalaria,2016,02,00018580,GUILLERMO KAELIN DE LA FUENTE,HOSPITALIZACIÓN QUIRÚRGICA OTORRINOLARINGOLOGÍA  ,"{""NRO_TOTAL_CAMAS"": ""0"", ""NRO_TOTAL_HOSPIT_ING"": ""67"", ""NRO_TOTAL_HOSPIT_EGR"": ""66"", ""NRO_TOTAL_PACIENTES_CAMAS"": ""0"", ""NRO_TOTAL_ESTANCIAS"": ""25""}",True,PENDIENTE_VALIDACION_NO_USAR_ENTRENAMIENTO
ConsultaD1_Hospitalizaciones_Especialidad_2016_v1.csv,6831,Q05,REVISAR,Cero camas con actividad hospitalaria,2016,02,00018580,GUILLERMO KAELIN DE LA FUENTE,HOSPITALIZACIÓN QUIRÚRGICA TRAUMATOLOGÍA Y ORTOPEDIA ,"{""NRO_TOTAL_CAMAS"": ""0"", ""NRO_TOTAL_HOSPIT_ING"": ""112"", ""NRO_TOTAL_HOSPIT_EGR"": ""114"", ""NRO_TOTAL_PACIENTES_CAMAS"": ""0"", ""NRO_TOTAL_ESTANCIAS"": ""295""}",True,PENDIENTE_VALIDACION_NO_USAR_ENTRENAMIENTO
ConsultaD1_Hospitalizaciones_Especialidad_2016_v1.csv,6832,Q05,REVISAR,Cero camas con actividad hospitalaria,2016,02,00018580,GUILLERMO KAELIN DE LA FUENTE,HOSPITALIZACIÓN QUIRÚRGICA CIRUGÍA OFTALMOLÓGICA ,"{""NRO_TOTAL_CAMAS"": ""0"", ""NRO_TOTAL_HOSPIT_ING"": ""148"", ""NRO_TOTAL_HOSPIT_EGR"": ""148"", ""NRO_TOTAL_PACIENTES_CAMAS"": ""0"", ""NRO_TOTAL_ESTANCIAS"": ""18""}",True,PENDIENTE_VALIDACION_NO_USAR_ENTRENAMIENTO
ConsultaD1_Hospitalizaciones_Especialidad_2016_v1.csv,6833,Q05,REVISAR,Cero camas con actividad hospitalaria,2016,02,00018580,GUILLERMO KAELIN DE LA FUENTE,HOSPITALIZACIÓN QUIRÚRGICA NEUROCIRUGÍA ,"{""NRO_TOTAL_CAMAS"": ""0"", ""NRO_TOTAL_HOSPIT_ING"": ""8"", ""NRO_TOTAL_HOSPIT_EGR"": ""10"", ""NRO_TOTAL_PACIENTES_CAMAS"": ""0"", ""NRO_TOTAL_ESTANCIAS"": ""30""}",True,PENDIENTE_VALIDACION_NO_USAR_ENTRENAMIENTO
ConsultaD1_Hospitalizaciones_Especialidad_2016_v1.csv,6836,Q05,REVISAR,Cero camas con actividad hospitalaria,2016,02,00018580,GUILLERMO KAELIN DE LA FUENTE,HOSPITALIZACIÓN DE MEDICINA MEDICINA INTERNA ,"{""NRO_TOTAL_CAMAS"": ""0"", ""NRO_TOTAL_HOSPIT_ING"": ""6"", ""NRO_TOTAL_HOSPIT_EGR"": ""5"", ""NRO_TOTAL_PACIENTES_CAMAS"": ""0"", ""NRO_TOTAL_ESTANCIAS"": ""4""}",True,PENDIENTE_VALIDACION_NO_USAR_ENTRENAMIENTO
ConsultaD1_Hospitalizaciones_Especialidad_2016_v1.csv,6838,Q05,REVISAR,Cero camas con actividad hospitalaria,2016,02,00018580,GUILLERMO KAELIN DE LA FUENTE,HOSPITALIZACIÓN DE MEDICINA MEDICINA GENERAL ,"{""NRO_TOTAL_CAMAS"": ""0"", ""NRO_TOTAL_HOSPIT_ING"": ""1"", ""NRO_TOTAL_HOSPIT_EGR"": ""0"", ""NRO_TOTAL_PACIENTES_CAMAS"": ""0"", ""NRO_TOTAL_ESTANCIAS"": ""0""}",True,PENDIENTE_VALIDACION_NO_USAR_ENTRENAMIENTO
ConsultaD1_Hospitalizaciones_Especialidad_2016_v1.csv,6839,Q05,REVISAR,Cero camas con actividad hospitalaria,2016,02,00018580,GUILLERMO KAELIN DE LA FUENTE,HOSPITALIZACIÓN,"{""NRO_TOTAL_CAMAS"": ""0"", ""NRO_TOTAL_HOSPIT_ING"": ""42"", ""NRO_TOTAL_HOSPIT_EGR"": ""43"", ""NRO_TOTAL_PACIENTES_CAMAS"": ""0"", ""NRO_TOTAL_ESTANCIAS"": ""72""}",True,PENDIENTE_VALIDACION_NO_USAR_ENTRENAMIENTO
ConsultaD1_Hospitalizaciones_Especialidad_2016_v1.csv,9678,Q05,REVISAR,Cero camas con actividad hospitalaria,2016,05,00005947,HOSPITAL DE MEDIANA COMPLEJIDAD JOSE AGURTO TELLO,HOSPITALIZACIÓN QUIRÚRGICA CIRUGÍA PLÁSTICA/RECONSTRUCTIVA/ REPARADORA ,"{""NRO_TOTAL_CAMAS"": ""0"", ""NRO_TOTAL_HOSPIT_ING"": ""4"", ""NRO_TOTAL_HOSPIT_EGR"": ""5"", ""NRO_TOTAL_PACIENTES_CAMAS"": ""37"", ""NRO_TOTAL_ESTANCIAS"": ""42""}",True,PENDIENTE_VALIDACION_NO_USAR_ENTRENAMIENTO
ConsultaD1_Hospitalizaciones_Especialidad_2016_v1.csv,9936,Q05,REVISAR,Cero camas con actividad hospitalaria,2016,06,00005947,HOSPITAL DE MEDIANA COMPLEJIDAD JOSE AGURTO TELLO,HOSPITALIZACIÓN QUIRÚRGICA UROLOGÍA  ,"{""NRO_TOTAL_CAMAS"": ""0"", ""NRO_TOTAL_HOSPIT_ING"": ""2"", ""NRO_TOTAL_HOSPIT_EGR"": ""2"", ""NRO_TOTAL_PACIENTES_CAMAS"": ""2"", ""NRO_TOTAL_ESTANCIAS"": ""2""}",True,PENDIENTE_VALIDACION_NO_USAR_ENTRENAMIENTO
ConsultaD1_Hospitalizaciones_Especialidad_2016_v1.csv,9938,Q05,REVISAR,Cero camas con actividad hospitalaria,2016,06,00005947,HOSPITAL DE MEDIANA COMPLEJIDAD JOSE AGURTO TELLO,HOSPITALIZACIÓN QUIRÚRGICA CIRUGÍA PLÁSTICA/RECONSTRUCTIVA/ REPARADORA ,"{""NRO_TOTAL_CAMAS"": ""0"", ""NRO_TOTAL_HOSPIT_ING"": ""3"", ""NRO_TOTAL_HOSPIT_EGR"": ""3"", ""NRO_TOTAL_PACIENTES_CAMAS"": ""10"", ""NRO_TOTAL_ESTANCIAS"": ""10""}",True,PENDIENTE_VALIDACION_NO_USAR_ENTRENAMIENTO
ConsultaD1_Hospitalizaciones_Especialidad_2016_v1.csv,10630,Q05,REVISAR,Cero camas con actividad hospitalaria,2016,10,00005945,HOSPITAL VITARTE,HOSPITALIZACIÓN DE MEDICINA MEDICINA INTERNA ,"{""NRO_TOTAL_CAMAS"": ""0"", ""NRO_TOTAL_HOSPIT_ING"": ""65"", ""NRO_TOTAL_HOSPIT_EGR"": ""72"", ""NRO_TOTAL_PACIENTES_CAMAS"": ""0"", ""NRO_TOTAL_ESTANCIAS"": ""252""}",True,PENDIENTE_VALIDACION_NO_USAR_ENTRENAMIENTO
ConsultaD1_Hospitalizaciones_Especialidad_2016_v1.csv,10631,Q05,REVISAR,Cero camas con actividad hospitalaria,2016,10,00005945,HOSPITAL VITARTE,HOSPITALIZACIÓN DE PEDIATRÍA  PEDIATRÍA  GENERAL ,"{""NRO_TOTAL_CAMAS"": ""0"", ""NRO_TOTAL_HOSPIT_ING"": ""83"", ""NRO_TOTAL_HOSPIT_EGR"": ""102"", ""NRO_TOTAL_PACIENTES_CAMAS"": ""0"", ""NRO_TOTAL_ESTANCIAS"": ""477""}",True,PENDIENTE_VALIDACION_NO_USAR_ENTRENAMIENTO
ConsultaD1_Hospitalizaciones_Especialidad_2016_v1.csv,10632,Q05,REVISAR,Cero camas con actividad hospitalaria,2016,10,00005945,HOSPITAL VITARTE,HOSPITALIZACIÓN DE PEDIATRÍA PEDIATRIA NEONATOLOGÍA,"{""NRO_TOTAL_CAMAS"": ""0"", ""NRO_TOTAL_HOSPIT_ING"": ""49"", ""NRO_TOTAL_HOSPIT_EGR"": ""54"", ""NRO_TOTAL_PACIENTES_CAMAS"": ""0"", ""NRO_TOTAL_ESTANCIAS"": ""179""}",True,PENDIENTE_VALIDACION_NO_USAR_ENTRENAMIENTO
ConsultaD1_Hospitalizaciones_Especialidad_2016_v1.csv,10633,Q05,REVISAR,Cero camas con actividad hospitalaria,2016,10,00005945,HOSPITAL VITARTE,HOSPITALIZACIÓN QUIRÚRGICA GINECOLOGÍA  ,"{""NRO_TOTAL_CAMAS"": ""0"", ""NRO_TOTAL_HOSPIT_ING"": ""28"", ""NRO_TOTAL_HOSPIT_EGR"": ""33"", ""NRO_TOTAL_PACIENTES_CAMAS"": ""0"", ""NRO_TOTAL_ESTANCIAS"": ""91""}",True,PENDIENTE_VALIDACION_NO_USAR_ENTRENAMIENTO
ConsultaD1_Hospitalizaciones_Especialidad_2016_v1.csv,10634,Q05,REVISAR,Cero camas con actividad hospitalaria,2016,10,00005945,HOSPITAL VITARTE,HOSPITALIZACIÓN QUIRÚRGICA OBSTETRICIA   ,"{""NRO_TOTAL_CAMAS"": ""0"", ""NRO_TOTAL_HOSPIT_ING"": ""369"", ""NRO_TOTAL_HOSPIT_EGR"": ""393"", ""NRO_TOTAL_PACIENTES_CAMAS"": ""0"", ""NRO_TOTAL_ESTANCIAS"": ""756""}",True,PENDIENTE_VALIDACION_NO_USAR_ENTRENAMIENTO
ConsultaD1_Hospitalizaciones_Especialidad_2016_v1.csv,10635,Q05,REVISAR,Cero camas con actividad hospitalaria,2016,10,00005945,HOSPITAL VITARTE,HOSPITALIZACIÓN QUIRÚRGICA CIRUGÍA GENERAL ,"{""NRO_TOTAL_CAMAS"": ""0"", ""NRO_TOTAL_HOSPIT_ING"": ""106"", ""NRO_TOTAL_HOSPIT_EGR"": ""120"", ""NRO_TOTAL_PACIENTES_CAMAS"": ""0"", ""NRO_TOTAL_ESTANCIAS"": ""323""}",True,PENDIENTE_VALIDACION_NO_USAR_ENTRENAMIENTO
ConsultaD1_Hospitalizaciones_Especialidad_2016_v1.csv,10636,Q05,REVISAR,Cero camas con actividad hospitalaria,2016,10,00005945,HOSPITAL VITARTE,HOSPITALIZACIÓN QUIRÚRGICA TRAUMATOLOGÍA Y ORTOPEDIA ,"{""NRO_TOTAL_CAMAS"": ""0"", ""NRO_TOTAL_HOSPIT_ING"": ""16"", ""NRO_TOTAL_HOSPIT_EGR"": ""19"", ""NRO_TOTAL_PACIENTES_CAMAS"": ""0"", ""NRO_TOTAL_ESTANCIAS"": ""91""}",True,PENDIENTE_VALIDACION_NO_USAR_ENTRENAMIENTO
ConsultaD1_Hospitalizaciones_Especialidad_2016_v1.csv,10637,Q05,REVISAR,Cero camas con actividad hospitalaria,2016,10,00005945,HOSPITAL VITARTE,HOSPITALIZACIÓN QUIRÚRGICA OTORRINOLARINGOLOGÍA  ,"{""NRO_TOTAL_CAMAS"": ""0"", ""NRO_TOTAL_HOSPIT_ING"": ""1"", ""NRO_TOTAL_HOSPIT_EGR"": ""1"", ""NRO_TOTAL_PACIENTES_CAMAS"": ""0"", ""NRO_TOTAL_ESTANCIAS"": ""1""}",True,PENDIENTE_VALIDACION_NO_USAR_ENTRENAMIENTO
ConsultaD1_Hospitalizaciones_Especialidad_2016_v1.csv,10638,Q05,REVISAR,Cero camas con actividad hospitalaria,2016,10,00005945,HOSPITAL VITARTE,HOSPITALIZACIÓN QUIRÚRGICA UROLOGÍA  ,"{""NRO_TOTAL_CAMAS"": ""0"", ""NRO_TOTAL_HOSPIT_ING"": ""5"", ""NRO_TOTAL_HOSPIT_EGR"": ""5"", ""NRO_TOTAL_PACIENTES_CAMAS"": ""0"", ""NRO_TOTAL_ESTANCIAS"": ""14""}",True,PENDIENTE_VALIDACION_NO_USAR_ENTRENAMIENTO
ConsultaD1_Hospitalizaciones_Especialidad_2016_v1.csv,11088,Q05,REVISAR,Cero camas con actividad hospitalaria,2016,08,00005947,HOSPITAL DE MEDIANA COMPLEJIDAD JOSE AGURTO TELLO,HOSPITALIZACIÓN QUIRÚRGICA UROLOGÍA  ,"{""NRO_TOTAL_CAMAS"": ""0"", ""NRO_TOTAL_HOSPIT_ING"": ""4"", ""NRO_TOTAL_HOSPIT_EGR"": ""4"", ""NRO_TOTAL_PACIENTES_CAMAS"": ""4"", ""NRO_TOTAL_ESTANCIAS"": ""4""}",True,PENDIENTE_VALIDACION_NO_USAR_ENTRENAMIENTO
ConsultaD1_Hospitalizaciones_Especialidad_2016_v1.csv,11090,Q05,REVISAR,Cero camas con actividad hospitalaria,2016,08,00005947,HOSPITAL DE MEDIANA COMPLEJIDAD JOSE AGURTO TELLO,HOSPITALIZACIÓN QUIRÚRGICA CIRUGÍA PLÁSTICA/RECONSTRUCTIVA/ REPARADORA ,"{""NRO_TOTAL_CAMAS"": ""0"", ""NRO_TOTAL_HOSPIT_ING"": ""1"", ""NRO_TOTAL_HOSPIT_EGR"": ""0"", ""NRO_TOTAL_PACIENTES_CAMAS"": ""2"", ""NRO_TOTAL_ESTANCIAS"": ""0""}",True,PENDIENTE_VALIDACION_NO_USAR_ENTRENAMIENTO
ConsultaD1_Hospitalizaciones_Especialidad_2016_v1.csv,11646,Q05,REVISAR,Cero camas con actividad hospitalaria,2016,06,00016094,UNIDAD EJECUTORA 020: SANIDAD DE LA PNP,HOSPITALIZACIÓN DE MEDICINA MEDICINA INTERNA ,"{""NRO_TOTAL_CAMAS"": ""0"", ""NRO_TOTAL_HOSPIT_ING"": ""13"", ""NRO_TOTAL_HOSPIT_EGR"": ""11"", ""NRO_TOTAL_PACIENTES_CAMAS"": ""0"", ""NRO_TOTAL_ESTANCIAS"": ""97""}",True,PENDIENTE_VALIDACION_NO_USAR_ENTRENAMIENTO
ConsultaD1_Hospitalizaciones_Especialidad_2016_v1.csv,11647,Q05,REVISAR,Cero camas con actividad hospitalaria,2016,06,00016094,UNIDAD EJECUTORA 020: SANIDAD DE LA PNP,HOSPITALIZACIÓN DE MEDICINA MEDICINA INTERNA ,"{""NRO_TOTAL_CAMAS"": ""0"", ""NRO_TOTAL_HOSPIT_ING"": ""7"", ""NRO_TOTAL_HOSPIT_EGR"": ""2"", ""NRO_TOTAL_PACIENTES_CAMAS"": ""0"", ""NRO_TOTAL_ESTANCIAS"": ""42""}",True,PENDIENTE_VALIDACION_NO_USAR_ENTRENAMIENTO
ConsultaD1_Hospitalizaciones_Especialidad_2016_v1.csv,11648,Q05,REVISAR,Cero camas con actividad hospitalaria,2016,06,00016094,UNIDAD EJECUTORA 020: SANIDAD DE LA PNP,HOSPITALIZACIÓN DE MEDICINA MEDICINA INTERNA ,"{""NRO_TOTAL_CAMAS"": ""0"", ""NRO_TOTAL_HOSPIT_ING"": ""1"", ""NRO_TOTAL_HOSPIT_EGR"": ""1"", ""NRO_TOTAL_PACIENTES_CAMAS"": ""0"", ""NRO_TOTAL_ESTANCIAS"": ""2""}",True,PENDIENTE_VALIDACION_NO_USAR_ENTRENAMIENTO
ConsultaD1_Hospitalizaciones_Especialidad_2016_v1.csv,11650,Q05,REVISAR,Cero camas con actividad hospitalaria,2016,06,00016094,UNIDAD EJECUTORA 020: SANIDAD DE LA PNP,HOSPITALIZACIÓN QUIRÚRGICA OTORRINOLARINGOLOGÍA  ,"{""NRO_TOTAL_CAMAS"": ""0"", ""NRO_TOTAL_HOSPIT_ING"": ""2"", ""NRO_TOTAL_HOSPIT_EGR"": ""2"", ""NRO_TOTAL_PACIENTES_CAMAS"": ""0"", ""NRO_TOTAL_ESTANCIAS"": ""6""}",True,PENDIENTE_VALIDACION_NO_USAR_ENTRENAMIENTO
ConsultaD1_Hospitalizaciones_Especialidad_2016_v1.csv,11651,Q05,REVISAR,Cero camas con actividad hospitalaria,2016,06,00016094,UNIDAD EJECUTORA 020: SANIDAD DE LA PNP,HOSPITALIZACIÓN QUIRÚRGICA UROLOGÍA  ,"{""NRO_TOTAL_CAMAS"": ""0"", ""NRO_TOTAL_HOSPIT_ING"": ""1"", ""NRO_TOTAL_HOSPIT_EGR"": ""1"", ""NRO_TOTAL_PACIENTES_CAMAS"": ""0"", ""NRO_TOTAL_ESTANCIAS"": ""9""}",True,PENDIENTE_VALIDACION_NO_USAR_ENTRENAMIENTO
ConsultaD1_Hospitalizaciones_Especialidad_2016_v1.csv,11652,Q05,REVISAR,Cero camas con actividad hospitalaria,2016,06,00016094,UNIDAD EJECUTORA 020: SANIDAD DE LA PNP,HOSPITALIZACIÓN DE MEDICINA MEDICINA INTERNA ,"{""NRO_TOTAL_CAMAS"": ""0"", ""NRO_TOTAL_HOSPIT_ING"": ""32"", ""NRO_TOTAL_HOSPIT_EGR"": ""28"", ""NRO_TOTAL_PACIENTES_CAMAS"": ""0"", ""NRO_TOTAL_ESTANCIAS"": ""299""}",True,PENDIENTE_VALIDACION_NO_USAR_ENTRENAMIENTO
ConsultaD1_Hospitalizaciones_Especialidad_2016_v1.csv,11653,Q05,REVISAR,Cero camas con actividad hospitalaria,2016,06,00016094,UNIDAD EJECUTORA 020: SANIDAD DE LA PNP,HOSPITALIZACIÓN QUIRÚRGICA GINECO - OBSTETRICIA ,"{""NRO_TOTAL_CAMAS"": ""0"", ""NRO_TOTAL_HOSPIT_ING"": ""1"", ""NRO_TOTAL_HOSPIT_EGR"": ""1"", ""NRO_TOTAL_PACIENTES_CAMAS"": ""0"", ""NRO_TOTAL_ESTANCIAS"": ""5""}",True,PENDIENTE_VALIDACION_NO_USAR_ENTRENAMIENTO
ConsultaD1_Hospitalizaciones_Especialidad_2016_v1.csv,13337,Q05,REVISAR,Cero camas con actividad hospitalaria,2016,08,00016094,UNIDAD EJECUTORA 020: SANIDAD DE LA PNP,HOSPITALIZACIÓN DE MEDICINA MEDICINA INTERNA ,"{""NRO_TOTAL_CAMAS"": ""0"", ""NRO_TOTAL_HOSPIT_ING"": ""1"", ""NRO_TOTAL_HOSPIT_EGR"": ""1"", ""NRO_TOTAL_PACIENTES_CAMAS"": ""0"", ""NRO_TOTAL_ESTANCIAS"": ""14""}",True,PENDIENTE_VALIDACION_NO_USAR_ENTRENAMIENTO
ConsultaD1_Hospitalizaciones_Especialidad_2016_v1.csv,13338,Q05,REVISAR,Cero camas con actividad hospitalaria,2016,08,00016094,UNIDAD EJECUTORA 020: SANIDAD DE LA PNP,HOSPITALIZACIÓN DE MEDICINA MEDICINA INTERNA ,"{""NRO_TOTAL_CAMAS"": ""0"", ""NRO_TOTAL_HOSPIT_ING"": ""6"", ""NRO_TOTAL_HOSPIT_EGR"": ""6"", ""NRO_TOTAL_PACIENTES_CAMAS"": ""0"", ""NRO_TOTAL_ESTANCIAS"": ""111""}",True,PENDIENTE_VALIDACION_NO_USAR_ENTRENAMIENTO
ConsultaD1_Hospitalizaciones_Especialidad_2016_v1.csv,14757,Q05,REVISAR,Cero camas con actividad hospitalaria,2016,07,00008353,ESSALUD - HOSPITAL II VITARTE,HOSPITALIZACIÓN QUIRÚRGICA UROLOGÍA  ,"{""NRO_TOTAL_CAMAS"": ""0"", ""NRO_TOTAL_HOSPIT_ING"": ""1"", ""NRO_TOTAL_HOSPIT_EGR"": ""0"", ""NRO_TOTAL_PACIENTES_CAMAS"": ""0"", ""NRO_TOTAL_ESTANCIAS"": ""0""}",True,PENDIENTE_VALIDACION_NO_USAR_ENTRENAMIENTO
ConsultaD1_Hospitalizaciones_Especialidad_2016_v1.csv,17105,Q05,REVISAR,Cero camas con actividad hospitalaria,2016,12,00018580,GUILLERMO KAELIN DE LA FUENTE,HOSPITALIZACIÓN DE MEDICINA MEDICINA INTERNA ,"{""NRO_TOTAL_CAMAS"": ""0"", ""NRO_TOTAL_HOSPIT_ING"": ""217"", ""NRO_TOTAL_HOSPIT_EGR"": ""221"", ""NRO_TOTAL_PACIENTES_CAMAS"": ""0"", ""NRO_TOTAL_ESTANCIAS"": ""2161""}",True,PENDIENTE_VALIDACION_NO_USAR_ENTRENAMIENTO
ConsultaD1_Hospitalizaciones_Especialidad_2016_v1.csv,17106,Q05,REVISAR,Cero camas con actividad hospitalaria,2016,12,00018580,GUILLERMO KAELIN DE LA FUENTE,HOSPITALIZACIÓN DE MEDICINA MEDICINA INTERNA ,"{""NRO_TOTAL_CAMAS"": ""0"", ""NRO_TOTAL_HOSPIT_ING"": ""42"", ""NRO_TOTAL_HOSPIT_EGR"": ""43"", ""NRO_TOTAL_PACIENTES_CAMAS"": ""0"", ""NRO_TOTAL_ESTANCIAS"": ""494""}",True,PENDIENTE_VALIDACION_NO_USAR_ENTRENAMIENTO
ConsultaD1_Hospitalizaciones_Especialidad_2016_v1.csv,17107,Q05,REVISAR,Cero camas con actividad hospitalaria,2016,12,00018580,GUILLERMO KAELIN DE LA FUENTE,HOSPITALIZACIÓN QUIRÚRGICA CIRUGÍA GENERAL ,"{""NRO_TOTAL_CAMAS"": ""0"", ""NRO_TOTAL_HOSPIT_ING"": ""518"", ""NRO_TOTAL_HOSPIT_EGR"": ""531"", ""NRO_TOTAL_PACIENTES_CAMAS"": ""0"", ""NRO_TOTAL_ESTANCIAS"": ""1218""}",True,PENDIENTE_VALIDACION_NO_USAR_ENTRENAMIENTO
ConsultaD1_Hospitalizaciones_Especialidad_2016_v1.csv,17108,Q05,REVISAR,Cero camas con actividad hospitalaria,2016,12,00018580,GUILLERMO KAELIN DE LA FUENTE,HOSPITALIZACIÓN QUIRÚRGICA GINECO - OBSTETRICIA ,"{""NRO_TOTAL_CAMAS"": ""0"", ""NRO_TOTAL_HOSPIT_ING"": ""438"", ""NRO_TOTAL_HOSPIT_EGR"": ""447"", ""NRO_TOTAL_PACIENTES_CAMAS"": ""0"", ""NRO_TOTAL_ESTANCIAS"": ""997""}",True,PENDIENTE_VALIDACION_NO_USAR_ENTRENAMIENTO
ConsultaD1_Hospitalizaciones_Especialidad_2016_v1.csv,17109,Q05,REVISAR,Cero camas con actividad hospitalaria,2016,12,00018580,GUILLERMO KAELIN DE LA FUENTE,HOSPITALIZACIÓN DE PEDIATRÍA  PEDIATRÍA  GENERAL ,"{""NRO_TOTAL_CAMAS"": ""0"", ""NRO_TOTAL_HOSPIT_ING"": ""111"", ""NRO_TOTAL_HOSPIT_EGR"": ""119"", ""NRO_TOTAL_PACIENTES_CAMAS"": ""0"", ""NRO_TOTAL_ESTANCIAS"": ""443""}",True,PENDIENTE_VALIDACION_NO_USAR_ENTRENAMIENTO
ConsultaD1_Hospitalizaciones_Especialidad_2016_v1.csv,17110,Q05,REVISAR,Cero camas con actividad hospitalaria,2016,12,00018580,GUILLERMO KAELIN DE LA FUENTE,HOSPITALIZACIÓN DE PEDIATRÍA PEDIATRIA NEONATOLOGÍA,"{""NRO_TOTAL_CAMAS"": ""0"", ""NRO_TOTAL_HOSPIT_ING"": ""275"", ""NRO_TOTAL_HOSPIT_EGR"": ""274"", ""NRO_TOTAL_PACIENTES_CAMAS"": ""0"", ""NRO_TOTAL_ESTANCIAS"": ""613""}",True,PENDIENTE_VALIDACION_NO_USAR_ENTRENAMIENTO
ConsultaD1_Hospitalizaciones_Especialidad_2016_v1.csv,17383,Q05,REVISAR,Cero camas con actividad hospitalaria,2016,07,00005947,HOSPITAL DE MEDIANA COMPLEJIDAD JOSE AGURTO TELLO,HOSPITALIZACIÓN QUIRÚRGICA UROLOGÍA  ,"{""NRO_TOTAL_CAMAS"": ""0"", ""NRO_TOTAL_HOSPIT_ING"": ""4"", ""NRO_TOTAL_HOSPIT_EGR"": ""4"", ""NRO_TOTAL_PACIENTES_CAMAS"": ""4"", ""NRO_TOTAL_ESTANCIAS"": ""4""}",True,PENDIENTE_VALIDACION_NO_USAR_ENTRENAMIENTO
ConsultaD1_Hospitalizaciones_Especialidad_2016_v1.csv,17385,Q05,REVISAR,Cero camas con actividad hospitalaria,2016,07,00005947,HOSPITAL DE MEDIANA COMPLEJIDAD JOSE AGURTO TELLO,HOSPITALIZACIÓN QUIRÚRGICA CIRUGÍA PLÁSTICA/RECONSTRUCTIVA/ REPARADORA ,"{""NRO_TOTAL_CAMAS"": ""0"", ""NRO_TOTAL_HOSPIT_ING"": ""1"", ""NRO_TOTAL_HOSPIT_EGR"": ""0"", ""NRO_TOTAL_PACIENTES_CAMAS"": ""2"", ""NRO_TOTAL_ESTANCIAS"": ""0""}",True,PENDIENTE_VALIDACION_NO_USAR_ENTRENAMIENTO
ConsultaD1_Hospitalizaciones_Especialidad_2016_v1.csv,17561,Q05,REVISAR,Cero camas con actividad hospitalaria,2016,12,00005947,HOSPITAL DE MEDIANA COMPLEJIDAD JOSE AGURTO TELLO,HOSPITALIZACIÓN QUIRÚRGICA CIRUGÍA PLÁSTICA/RECONSTRUCTIVA/ REPARADORA ,"{""NRO_TOTAL_CAMAS"": ""0"", ""NRO_TOTAL_HOSPIT_ING"": ""1"", ""NRO_TOTAL_HOSPIT_EGR"": ""2"", ""NRO_TOTAL_PACIENTES_CAMAS"": ""19"", ""NRO_TOTAL_ESTANCIAS"": ""23""}",True,PENDIENTE_VALIDACION_NO_USAR_ENTRENAMIENTO
ConsultaD1_Hospitalizaciones_Especialidad_2016_v1.csv,17562,Q05,REVISAR,Cero camas con actividad hospitalaria,2016,12,00005947,HOSPITAL DE MEDIANA COMPLEJIDAD JOSE AGURTO TELLO,HOSPITALIZACIÓN DE PEDIATRÍA  PEDIATRÍA  GENERAL ,"{""NRO_TOTAL_CAMAS"": ""0"", ""NRO_TOTAL_HOSPIT_ING"": ""57"", ""NRO_TOTAL_HOSPIT_EGR"": ""55"", ""NRO_TOTAL_PACIENTES_CAMAS"": ""259"", ""NRO_TOTAL_ESTANCIAS"": ""263""}",True,PENDIENTE_VALIDACION_NO_USAR_ENTRENAMIENTO
ConsultaD1_Hospitalizaciones_Especialidad_2016_v1.csv,18438,Q05,REVISAR,Cero camas con actividad hospitalaria,2016,10,00005947,HOSPITAL DE MEDIANA COMPLEJIDAD JOSE AGURTO TELLO,HOSPITALIZACIÓN QUIRÚRGICA UROLOGÍA  ,"{""NRO_TOTAL_CAMAS"": ""0"", ""NRO_TOTAL_HOSPIT_ING"": ""2"", ""NRO_TOTAL_HOSPIT_EGR"": ""2"", ""NRO_TOTAL_PACIENTES_CAMAS"": ""3"", ""NRO_TOTAL_ESTANCIAS"": ""3""}",True,PENDIENTE_VALIDACION_NO_USAR_ENTRENAMIENTO
ConsultaD1_Hospitalizaciones_Especialidad_2016_v1.csv,18440,Q05,REVISAR,Cero camas con actividad hospitalaria,2016,10,00005947,HOSPITAL DE MEDIANA COMPLEJIDAD JOSE AGURTO TELLO,HOSPITALIZACIÓN QUIRÚRGICA CIRUGÍA PLÁSTICA/RECONSTRUCTIVA/ REPARADORA ,"{""NRO_TOTAL_CAMAS"": ""0"", ""NRO_TOTAL_HOSPIT_ING"": ""6"", ""NRO_TOTAL_HOSPIT_EGR"": ""7"", ""NRO_TOTAL_PACIENTES_CAMAS"": ""81"", ""NRO_TOTAL_ESTANCIAS"": ""71""}",True,PENDIENTE_VALIDACION_NO_USAR_ENTRENAMIENTO
ConsultaD1_Hospitalizaciones_Especialidad_2016_v1.csv,18441,Q05,REVISAR,Cero camas con actividad hospitalaria,2016,10,00005947,HOSPITAL DE MEDIANA COMPLEJIDAD JOSE AGURTO TELLO,HOSPITALIZACIÓN DE PEDIATRÍA  PEDIATRÍA  GENERAL ,"{""NRO_TOTAL_CAMAS"": ""0"", ""NRO_TOTAL_HOSPIT_ING"": ""47"", ""NRO_TOTAL_HOSPIT_EGR"": ""42"", ""NRO_TOTAL_PACIENTES_CAMAS"": ""222"", ""NRO_TOTAL_ESTANCIAS"": ""206""}",True,PENDIENTE_VALIDACION_NO_USAR_ENTRENAMIENTO
ConsultaD1_Hospitalizaciones_Especialidad_2016_v1.csv,19509,Q05,REVISAR,Cero camas con actividad hospitalaria,2016,03,00018580,GUILLERMO KAELIN DE LA FUENTE,HOSPITALIZACIÓN,"{""NRO_TOTAL_CAMAS"": ""0"", ""NRO_TOTAL_HOSPIT_ING"": ""60"", ""NRO_TOTAL_HOSPIT_EGR"": ""60"", ""NRO_TOTAL_PACIENTES_CAMAS"": ""0"", ""NRO_TOTAL_ESTANCIAS"": ""74""}",True,PENDIENTE_VALIDACION_NO_USAR_ENTRENAMIENTO
ConsultaD1_Hospitalizaciones_Especialidad_2016_v1.csv,19510,Q05,REVISAR,Cero camas con actividad hospitalaria,2016,03,00018580,GUILLERMO KAELIN DE LA FUENTE,HOSPITALIZACIÓN DE MEDICINA MEDICINA GENERAL ,"{""NRO_TOTAL_CAMAS"": ""0"", ""NRO_TOTAL_HOSPIT_ING"": ""1"", ""NRO_TOTAL_HOSPIT_EGR"": ""2"", ""NRO_TOTAL_PACIENTES_CAMAS"": ""0"", ""NRO_TOTAL_ESTANCIAS"": ""25""}",True,PENDIENTE_VALIDACION_NO_USAR_ENTRENAMIENTO
ConsultaD1_Hospitalizaciones_Especialidad_2016_v1.csv,19511,Q05,REVISAR,Cero camas con actividad hospitalaria,2016,03,00018580,GUILLERMO KAELIN DE LA FUENTE,UNIDAD DE CUIDADOS CRITICOS UNIDAD  DE CUIDADOS INTENSIVOS  (UCI) NEONATOLOGÍA,"{""NRO_TOTAL_CAMAS"": ""0"", ""NRO_TOTAL_HOSPIT_ING"": ""1"", ""NRO_TOTAL_HOSPIT_EGR"": ""1"", ""NRO_TOTAL_PACIENTES_CAMAS"": ""0"", ""NRO_TOTAL_ESTANCIAS"": ""1""}",True,PENDIENTE_VALIDACION_NO_USAR_ENTRENAMIENTO
ConsultaD1_Hospitalizaciones_Especialidad_2016_v1.csv,19513,Q05,REVISAR,Cero camas con actividad hospitalaria,2016,03,00018580,GUILLERMO KAELIN DE LA FUENTE,HOSPITALIZACIÓN DE MEDICINA MEDICINA INTERNA ,"{""NRO_TOTAL_CAMAS"": ""0"", ""NRO_TOTAL_HOSPIT_ING"": ""9"", ""NRO_TOTAL_HOSPIT_EGR"": ""10"", ""NRO_TOTAL_PACIENTES_CAMAS"": ""0"", ""NRO_TOTAL_ESTANCIAS"": ""34""}",True,PENDIENTE_VALIDACION_NO_USAR_ENTRENAMIENTO
ConsultaD1_Hospitalizaciones_Especialidad_2016_v1.csv,19516,Q05,REVISAR,Cero camas con actividad hospitalaria,2016,03,00018580,GUILLERMO KAELIN DE LA FUENTE,HOSPITALIZACIÓN QUIRÚRGICA NEUROCIRUGÍA ,"{""NRO_TOTAL_CAMAS"": ""0"", ""NRO_TOTAL_HOSPIT_ING"": ""2"", ""NRO_TOTAL_HOSPIT_EGR"": ""2"", ""NRO_TOTAL_PACIENTES_CAMAS"": ""0"", ""NRO_TOTAL_ESTANCIAS"": ""3""}",True,PENDIENTE_VALIDACION_NO_USAR_ENTRENAMIENTO
ConsultaD1_Hospitalizaciones_Especialidad_2016_v1.csv,19517,Q05,REVISAR,Cero camas con actividad hospitalaria,2016,03,00018580,GUILLERMO KAELIN DE LA FUENTE,HOSPITALIZACIÓN QUIRÚRGICA CIRUGÍA OFTALMOLÓGICA ,"{""NRO_TOTAL_CAMAS"": ""0"", ""NRO_TOTAL_HOSPIT_ING"": ""138"", ""NRO_TOTAL_HOSPIT_EGR"": ""138"", ""NRO_TOTAL_PACIENTES_CAMAS"": ""0"", ""NRO_TOTAL_ESTANCIAS"": ""15""}",True,PENDIENTE_VALIDACION_NO_USAR_ENTRENAMIENTO
ConsultaD1_Hospitalizaciones_Especialidad_2016_v1.csv,19518,Q05,REVISAR,Cero camas con actividad hospitalaria,2016,03,00018580,GUILLERMO KAELIN DE LA FUENTE,HOSPITALIZACIÓN QUIRÚRGICA TRAUMATOLOGÍA Y ORTOPEDIA ,"{""NRO_TOTAL_CAMAS"": ""0"", ""NRO_TOTAL_HOSPIT_ING"": ""106"", ""NRO_TOTAL_HOSPIT_EGR"": ""107"", ""NRO_TOTAL_PACIENTES_CAMAS"": ""0"", ""NRO_TOTAL_ESTANCIAS"": ""250""}",True,PENDIENTE_VALIDACION_NO_USAR_ENTRENAMIENTO
ConsultaD1_Hospitalizaciones_Especialidad_2016_v1.csv,19519,Q05,REVISAR,Cero camas con actividad hospitalaria,2016,03,00018580,GUILLERMO KAELIN DE LA FUENTE,HOSPITALIZACIÓN QUIRÚRGICA OTORRINOLARINGOLOGÍA  ,"{""NRO_TOTAL_CAMAS"": ""0"", ""NRO_TOTAL_HOSPIT_ING"": ""67"", ""NRO_TOTAL_HOSPIT_EGR"": ""68"", ""NRO_TOTAL_PACIENTES_CAMAS"": ""0"", ""NRO_TOTAL_ESTANCIAS"": ""23""}",True,PENDIENTE_VALIDACION_NO_USAR_ENTRENAMIENTO
ConsultaD1_Hospitalizaciones_Especialidad_2016_v1.csv,19520,Q05,REVISAR,Cero camas con actividad hospitalaria,2016,03,00018580,GUILLERMO KAELIN DE LA FUENTE,HOSPITALIZACIÓN QUIRÚRGICA UROLOGÍA  ,"{""NRO_TOTAL_CAMAS"": ""0"", ""NRO_TOTAL_HOSPIT_ING"": ""58"", ""NRO_TOTAL_HOSPIT_EGR"": ""55"", ""NRO_TOTAL_PACIENTES_CAMAS"": ""0"", ""NRO_TOTAL_ESTANCIAS"": ""159""}",True,PENDIENTE_VALIDACION_NO_USAR_ENTRENAMIENTO
ConsultaD1_Hospitalizaciones_Especialidad_2016_v1.csv,19522,Q05,REVISAR,Cero camas con actividad hospitalaria,2016,03,00018580,GUILLERMO KAELIN DE LA FUENTE,HOSPITALIZACIÓN QUIRÚRGICA OBSTETRICIA   ,"{""NRO_TOTAL_CAMAS"": ""0"", ""NRO_TOTAL_HOSPIT_ING"": ""213"", ""NRO_TOTAL_HOSPIT_EGR"": ""211"", ""NRO_TOTAL_PACIENTES_CAMAS"": ""0"", ""NRO_TOTAL_ESTANCIAS"": ""177""}",True,PENDIENTE_VALIDACION_NO_USAR_ENTRENAMIENTO
ConsultaD1_Hospitalizaciones_Especialidad_2016_v1.csv,19524,Q05,REVISAR,Cero camas con actividad hospitalaria,2016,03,00018580,GUILLERMO KAELIN DE LA FUENTE,HOSPITALIZACIÓN DE PEDIATRÍA PEDIATRIA NEONATOLOGÍA,"{""NRO_TOTAL_CAMAS"": ""0"", ""NRO_TOTAL_HOSPIT_ING"": ""302"", ""NRO_TOTAL_HOSPIT_EGR"": ""298"", ""NRO_TOTAL_PACIENTES_CAMAS"": ""0"", ""NRO_TOTAL_ESTANCIAS"": ""426""}",True,PENDIENTE_VALIDACION_NO_USAR_ENTRENAMIENTO
ConsultaD1_Hospitalizaciones_Especialidad_2016_v1.csv,20056,Q05,REVISAR,Cero camas con actividad hospitalaria,2016,07,00007632,HOSPITAL CARLOS LANFRANCO LA HOZ,HOSPITALIZACIÓN QUIRÚRGICA UROLOGÍA  ,"{""NRO_TOTAL_CAMAS"": ""0"", ""NRO_TOTAL_HOSPIT_ING"": ""7"", ""NRO_TOTAL_HOSPIT_EGR"": ""7"", ""NRO_TOTAL_PACIENTES_CAMAS"": ""20"", ""NRO_TOTAL_ESTANCIAS"": ""20""}",True,PENDIENTE_VALIDACION_NO_USAR_ENTRENAMIENTO
ConsultaD1_Hospitalizaciones_Especialidad_2016_v1.csv,20519,Q05,REVISAR,Cero camas con actividad hospitalaria,2016,09,00005947,HOSPITAL DE MEDIANA COMPLEJIDAD JOSE AGURTO TELLO,HOSPITALIZACIÓN QUIRÚRGICA UROLOGÍA  ,"{""NRO_TOTAL_CAMAS"": ""0"", ""NRO_TOTAL_HOSPIT_ING"": ""3"", ""NRO_TOTAL_HOSPIT_EGR"": ""3"", ""NRO_TOTAL_PACIENTES_CAMAS"": ""10"", ""NRO_TOTAL_ESTANCIAS"": ""10""}",True,PENDIENTE_VALIDACION_NO_USAR_ENTRENAMIENTO
ConsultaD1_Hospitalizaciones_Especialidad_2016_v1.csv,20521,Q05,REVISAR,Cero camas con actividad hospitalaria,2016,09,00005947,HOSPITAL DE MEDIANA COMPLEJIDAD JOSE AGURTO TELLO,HOSPITALIZACIÓN QUIRÚRGICA CIRUGÍA PLÁSTICA/RECONSTRUCTIVA/ REPARADORA ,"{""NRO_TOTAL_CAMAS"": ""0"", ""NRO_TOTAL_HOSPIT_ING"": ""2"", ""NRO_TOTAL_HOSPIT_EGR"": ""2"", ""NRO_TOTAL_PACIENTES_CAMAS"": ""6"", ""NRO_TOTAL_ESTANCIAS"": ""6""}",True,PENDIENTE_VALIDACION_NO_USAR_ENTRENAMIENTO
ConsultaD1_Hospitalizaciones_Especialidad_2016_v1.csv,20663,Q05,REVISAR,Cero camas con actividad hospitalaria,2016,04,00018580,GUILLERMO KAELIN DE LA FUENTE,HOSPITALIZACIÓN QUIRÚRGICA OBSTETRICIA   ,"{""NRO_TOTAL_CAMAS"": ""0"", ""NRO_TOTAL_HOSPIT_ING"": ""221"", ""NRO_TOTAL_HOSPIT_EGR"": ""213"", ""NRO_TOTAL_PACIENTES_CAMAS"": ""0"", ""NRO_TOTAL_ESTANCIAS"": ""182""}",True,PENDIENTE_VALIDACION_NO_USAR_ENTRENAMIENTO
ConsultaD1_Hospitalizaciones_Especialidad_2016_v1.csv,20665,Q05,REVISAR,Cero camas con actividad hospitalaria,2016,04,00018580,GUILLERMO KAELIN DE LA FUENTE,HOSPITALIZACIÓN QUIRÚRGICA UROLOGÍA  ,"{""NRO_TOTAL_CAMAS"": ""0"", ""NRO_TOTAL_HOSPIT_ING"": ""53"", ""NRO_TOTAL_HOSPIT_EGR"": ""53"", ""NRO_TOTAL_PACIENTES_CAMAS"": ""0"", ""NRO_TOTAL_ESTANCIAS"": ""219""}",True,PENDIENTE_VALIDACION_NO_USAR_ENTRENAMIENTO
ConsultaD1_Hospitalizaciones_Especialidad_2016_v1.csv,20666,Q05,REVISAR,Cero camas con actividad hospitalaria,2016,04,00018580,GUILLERMO KAELIN DE LA FUENTE,HOSPITALIZACIÓN QUIRÚRGICA OTORRINOLARINGOLOGÍA  ,"{""NRO_TOTAL_CAMAS"": ""0"", ""NRO_TOTAL_HOSPIT_ING"": ""65"", ""NRO_TOTAL_HOSPIT_EGR"": ""63"", ""NRO_TOTAL_PACIENTES_CAMAS"": ""0"", ""NRO_TOTAL_ESTANCIAS"": ""18""}",True,PENDIENTE_VALIDACION_NO_USAR_ENTRENAMIENTO
ConsultaD1_Hospitalizaciones_Especialidad_2016_v1.csv,20667,Q05,REVISAR,Cero camas con actividad hospitalaria,2016,04,00018580,GUILLERMO KAELIN DE LA FUENTE,HOSPITALIZACIÓN QUIRÚRGICA TRAUMATOLOGÍA Y ORTOPEDIA ,"{""NRO_TOTAL_CAMAS"": ""0"", ""NRO_TOTAL_HOSPIT_ING"": ""122"", ""NRO_TOTAL_HOSPIT_EGR"": ""121"", ""NRO_TOTAL_PACIENTES_CAMAS"": ""0"", ""NRO_TOTAL_ESTANCIAS"": ""193""}",True,PENDIENTE_VALIDACION_NO_USAR_ENTRENAMIENTO
ConsultaD1_Hospitalizaciones_Especialidad_2016_v1.csv,20668,Q05,REVISAR,Cero camas con actividad hospitalaria,2016,04,00018580,GUILLERMO KAELIN DE LA FUENTE,HOSPITALIZACIÓN QUIRÚRGICA CIRUGÍA OFTALMOLÓGICA ,"{""NRO_TOTAL_CAMAS"": ""0"", ""NRO_TOTAL_HOSPIT_ING"": ""156"", ""NRO_TOTAL_HOSPIT_EGR"": ""156"", ""NRO_TOTAL_PACIENTES_CAMAS"": ""0"", ""NRO_TOTAL_ESTANCIAS"": ""17""}",True,PENDIENTE_VALIDACION_NO_USAR_ENTRENAMIENTO
ConsultaD1_Hospitalizaciones_Especialidad_2016_v1.csv,20669,Q05,REVISAR,Cero camas con actividad hospitalaria,2016,04,00018580,GUILLERMO KAELIN DE LA FUENTE,HOSPITALIZACIÓN QUIRÚRGICA NEUROCIRUGÍA ,"{""NRO_TOTAL_CAMAS"": ""0"", ""NRO_TOTAL_HOSPIT_ING"": ""6"", ""NRO_TOTAL_HOSPIT_EGR"": ""5"", ""NRO_TOTAL_PACIENTES_CAMAS"": ""0"", ""NRO_TOTAL_ESTANCIAS"": ""9""}",True,PENDIENTE_VALIDACION_NO_USAR_ENTRENAMIENTO
ConsultaD1_Hospitalizaciones_Especialidad_2016_v1.csv,20672,Q05,REVISAR,Cero camas con actividad hospitalaria,2016,04,00018580,GUILLERMO KAELIN DE LA FUENTE,HOSPITALIZACIÓN DE MEDICINA MEDICINA INTERNA ,"{""NRO_TOTAL_CAMAS"": ""0"", ""NRO_TOTAL_HOSPIT_ING"": ""5"", ""NRO_TOTAL_HOSPIT_EGR"": ""5"", ""NRO_TOTAL_PACIENTES_CAMAS"": ""0"", ""NRO_TOTAL_ESTANCIAS"": ""4""}",True,PENDIENTE_VALIDACION_NO_USAR_ENTRENAMIENTO
ConsultaD1_Hospitalizaciones_Especialidad_2016_v1.csv,20674,Q05,REVISAR,Cero camas con actividad hospitalaria,2016,04,00018580,GUILLERMO KAELIN DE LA FUENTE,UNIDAD DE CUIDADOS CRITICOS UNIDAD  DE CUIDADOS INTENSIVOS  (UCI) NEONATOLOGÍA,"{""NRO_TOTAL_CAMAS"": ""0"", ""NRO_TOTAL_HOSPIT_ING"": ""1"", ""NRO_TOTAL_HOSPIT_EGR"": ""1"", ""NRO_TOTAL_PACIENTES_CAMAS"": ""0"", ""NRO_TOTAL_ESTANCIAS"": ""3""}",True,PENDIENTE_VALIDACION_NO_USAR_ENTRENAMIENTO
ConsultaD1_Hospitalizaciones_Especialidad_2016_v1.csv,20675,Q05,REVISAR,Cero camas con actividad hospitalaria,2016,04,00018580,GUILLERMO KAELIN DE LA FUENTE,HOSPITALIZACIÓN,"{""NRO_TOTAL_CAMAS"": ""0"", ""NRO_TOTAL_HOSPIT_ING"": ""40"", ""NRO_TOTAL_HOSPIT_EGR"": ""40"", ""NRO_TOTAL_PACIENTES_CAMAS"": ""0"", ""NRO_TOTAL_ESTANCIAS"": ""50""}",True,PENDIENTE_VALIDACION_NO_USAR_ENTRENAMIENTO
ConsultaD1_Hospitalizaciones_Especialidad_2016_v1.csv,20856,Q05,REVISAR,Cero camas con actividad hospitalaria,2016,01,00018580,GUILLERMO KAELIN DE LA FUENTE,HOSPITALIZACIÓN,"{""NRO_TOTAL_CAMAS"": ""0"", ""NRO_TOTAL_HOSPIT_ING"": ""36"", ""NRO_TOTAL_HOSPIT_EGR"": ""36"", ""NRO_TOTAL_PACIENTES_CAMAS"": ""0"", ""NRO_TOTAL_ESTANCIAS"": ""95""}",True,PENDIENTE_VALIDACION_NO_USAR_ENTRENAMIENTO
ConsultaD1_Hospitalizaciones_Especialidad_2016_v1.csv,20857,Q05,REVISAR,Cero camas con actividad hospitalaria,2016,01,00018580,GUILLERMO KAELIN DE LA FUENTE,HOSPITALIZACIÓN DE MEDICINA MEDICINA GENERAL ,"{""NRO_TOTAL_CAMAS"": ""0"", ""NRO_TOTAL_HOSPIT_ING"": ""1"", ""NRO_TOTAL_HOSPIT_EGR"": ""1"", ""NRO_TOTAL_PACIENTES_CAMAS"": ""0"", ""NRO_TOTAL_ESTANCIAS"": ""3""}",True,PENDIENTE_VALIDACION_NO_USAR_ENTRENAMIENTO
ConsultaD1_Hospitalizaciones_Especialidad_2016_v1.csv,20859,Q05,REVISAR,Cero camas con actividad hospitalaria,2016,01,00018580,GUILLERMO KAELIN DE LA FUENTE,HOSPITALIZACIÓN DE MEDICINA MEDICINA INTERNA ,"{""NRO_TOTAL_CAMAS"": ""0"", ""NRO_TOTAL_HOSPIT_ING"": ""14"", ""NRO_TOTAL_HOSPIT_EGR"": ""14"", ""NRO_TOTAL_PACIENTES_CAMAS"": ""0"", ""NRO_TOTAL_ESTANCIAS"": ""11""}",True,PENDIENTE_VALIDACION_NO_USAR_ENTRENAMIENTO
ConsultaD1_Hospitalizaciones_Especialidad_2016_v1.csv,20860,Q05,REVISAR,Cero camas con actividad hospitalaria,2016,01,00018580,GUILLERMO KAELIN DE LA FUENTE,HOSPITALIZACIÓN DE MEDICINA MEDICINA INTERNA ,"{""NRO_TOTAL_CAMAS"": ""0"", ""NRO_TOTAL_HOSPIT_ING"": ""1"", ""NRO_TOTAL_HOSPIT_EGR"": ""1"", ""NRO_TOTAL_PACIENTES_CAMAS"": ""0"", ""NRO_TOTAL_ESTANCIAS"": ""5""}",True,PENDIENTE_VALIDACION_NO_USAR_ENTRENAMIENTO
ConsultaD1_Hospitalizaciones_Especialidad_2016_v1.csv,20863,Q05,REVISAR,Cero camas con actividad hospitalaria,2016,01,00018580,GUILLERMO KAELIN DE LA FUENTE,HOSPITALIZACIÓN QUIRÚRGICA NEUROCIRUGÍA ,"{""NRO_TOTAL_CAMAS"": ""0"", ""NRO_TOTAL_HOSPIT_ING"": ""11"", ""NRO_TOTAL_HOSPIT_EGR"": ""9"", ""NRO_TOTAL_PACIENTES_CAMAS"": ""0"", ""NRO_TOTAL_ESTANCIAS"": ""12""}",True,PENDIENTE_VALIDACION_NO_USAR_ENTRENAMIENTO
ConsultaD1_Hospitalizaciones_Especialidad_2016_v1.csv,20864,Q05,REVISAR,Cero camas con actividad hospitalaria,2016,01,00018580,GUILLERMO KAELIN DE LA FUENTE,HOSPITALIZACIÓN QUIRÚRGICA CIRUGÍA OFTALMOLÓGICA ,"{""NRO_TOTAL_CAMAS"": ""0"", ""NRO_TOTAL_HOSPIT_ING"": ""114"", ""NRO_TOTAL_HOSPIT_EGR"": ""114"", ""NRO_TOTAL_PACIENTES_CAMAS"": ""0"", ""NRO_TOTAL_ESTANCIAS"": ""13""}",True,PENDIENTE_VALIDACION_NO_USAR_ENTRENAMIENTO
ConsultaD1_Hospitalizaciones_Especialidad_2016_v1.csv,20865,Q05,REVISAR,Cero camas con actividad hospitalaria,2016,01,00018580,GUILLERMO KAELIN DE LA FUENTE,HOSPITALIZACIÓN QUIRÚRGICA TRAUMATOLOGÍA Y ORTOPEDIA ,"{""NRO_TOTAL_CAMAS"": ""0"", ""NRO_TOTAL_HOSPIT_ING"": ""114"", ""NRO_TOTAL_HOSPIT_EGR"": ""114"", ""NRO_TOTAL_PACIENTES_CAMAS"": ""0"", ""NRO_TOTAL_ESTANCIAS"": ""266""}",True,PENDIENTE_VALIDACION_NO_USAR_ENTRENAMIENTO
ConsultaD1_Hospitalizaciones_Especialidad_2016_v1.csv,20866,Q05,REVISAR,Cero camas con actividad hospitalaria,2016,01,00018580,GUILLERMO KAELIN DE LA FUENTE,HOSPITALIZACIÓN QUIRÚRGICA OTORRINOLARINGOLOGÍA  ,"{""NRO_TOTAL_CAMAS"": ""0"", ""NRO_TOTAL_HOSPIT_ING"": ""51"", ""NRO_TOTAL_HOSPIT_EGR"": ""52"", ""NRO_TOTAL_PACIENTES_CAMAS"": ""0"", ""NRO_TOTAL_ESTANCIAS"": ""19""}",True,PENDIENTE_VALIDACION_NO_USAR_ENTRENAMIENTO
ConsultaD1_Hospitalizaciones_Especialidad_2016_v1.csv,20867,Q05,REVISAR,Cero camas con actividad hospitalaria,2016,01,00018580,GUILLERMO KAELIN DE LA FUENTE,HOSPITALIZACIÓN QUIRÚRGICA UROLOGÍA  ,"{""NRO_TOTAL_CAMAS"": ""0"", ""NRO_TOTAL_HOSPIT_ING"": ""57"", ""NRO_TOTAL_HOSPIT_EGR"": ""55"", ""NRO_TOTAL_PACIENTES_CAMAS"": ""0"", ""NRO_TOTAL_ESTANCIAS"": ""186""}",True,PENDIENTE_VALIDACION_NO_USAR_ENTRENAMIENTO
ConsultaD1_Hospitalizaciones_Especialidad_2016_v1.csv,20869,Q05,REVISAR,Cero camas con actividad hospitalaria,2016,01,00018580,GUILLERMO KAELIN DE LA FUENTE,HOSPITALIZACIÓN QUIRÚRGICA OBSTETRICIA   ,"{""NRO_TOTAL_CAMAS"": ""0"", ""NRO_TOTAL_HOSPIT_ING"": ""186"", ""NRO_TOTAL_HOSPIT_EGR"": ""180"", ""NRO_TOTAL_PACIENTES_CAMAS"": ""0"", ""NRO_TOTAL_ESTANCIAS"": ""170""}",True,PENDIENTE_VALIDACION_NO_USAR_ENTRENAMIENTO
ConsultaD1_Hospitalizaciones_Especialidad_2016_v1.csv,21057,Q05,REVISAR,Cero camas con actividad hospitalaria,2016,05,00016094,UNIDAD EJECUTORA 020: SANIDAD DE LA PNP,HOSPITALIZACIÓN DE MEDICINA MEDICINA GENERAL ,"{""NRO_TOTAL_CAMAS"": ""0"", ""NRO_TOTAL_HOSPIT_ING"": ""2"", ""NRO_TOTAL_HOSPIT_EGR"": ""2"", ""NRO_TOTAL_PACIENTES_CAMAS"": ""0"", ""NRO_TOTAL_ESTANCIAS"": ""11""}",True,PENDIENTE_VALIDACION_NO_USAR_ENTRENAMIENTO
ConsultaD1_Hospitalizaciones_Especialidad_2016_v1.csv,21059,Q05,REVISAR,Cero camas con actividad hospitalaria,2016,05,00016094,UNIDAD EJECUTORA 020: SANIDAD DE LA PNP,HOSPITALIZACIÓN DE MEDICINA MEDICINA INTERNA ,"{""NRO_TOTAL_CAMAS"": ""0"", ""NRO_TOTAL_HOSPIT_ING"": ""2"", ""NRO_TOTAL_HOSPIT_EGR"": ""1"", ""NRO_TOTAL_PACIENTES_CAMAS"": ""0"", ""NRO_TOTAL_ESTANCIAS"": ""5""}",True,PENDIENTE_VALIDACION_NO_USAR_ENTRENAMIENTO
ConsultaD1_Hospitalizaciones_Especialidad_2016_v1.csv,21060,Q05,REVISAR,Cero camas con actividad hospitalaria,2016,05,00016094,UNIDAD EJECUTORA 020: SANIDAD DE LA PNP,HOSPITALIZACIÓN QUIRÚRGICA CIRUGÍA GENERAL ,"{""NRO_TOTAL_CAMAS"": ""0"", ""NRO_TOTAL_HOSPIT_ING"": ""33"", ""NRO_TOTAL_HOSPIT_EGR"": ""33"", ""NRO_TOTAL_PACIENTES_CAMAS"": ""0"", ""NRO_TOTAL_ESTANCIAS"": ""87""}",True,PENDIENTE_VALIDACION_NO_USAR_ENTRENAMIENTO
ConsultaD1_Hospitalizaciones_Especialidad_2016_v1.csv,21061,Q05,REVISAR,Cero camas con actividad hospitalaria,2016,05,00016094,UNIDAD EJECUTORA 020: SANIDAD DE LA PNP,HOSPITALIZACIÓN QUIRÚRGICA TRAUMATOLOGÍA Y ORTOPEDIA ,"{""NRO_TOTAL_CAMAS"": ""0"", ""NRO_TOTAL_HOSPIT_ING"": ""3"", ""NRO_TOTAL_HOSPIT_EGR"": ""3"", ""NRO_TOTAL_PACIENTES_CAMAS"": ""0"", ""NRO_TOTAL_ESTANCIAS"": ""11""}",True,PENDIENTE_VALIDACION_NO_USAR_ENTRENAMIENTO
ConsultaD1_Hospitalizaciones_Especialidad_2016_v1.csv,21062,Q05,REVISAR,Cero camas con actividad hospitalaria,2016,05,00016094,UNIDAD EJECUTORA 020: SANIDAD DE LA PNP,HOSPITALIZACIÓN QUIRÚRGICA UROLOGÍA  ,"{""NRO_TOTAL_CAMAS"": ""0"", ""NRO_TOTAL_HOSPIT_ING"": ""4"", ""NRO_TOTAL_HOSPIT_EGR"": ""4"", ""NRO_TOTAL_PACIENTES_CAMAS"": ""0"", ""NRO_TOTAL_ESTANCIAS"": ""18""}",True,PENDIENTE_VALIDACION_NO_USAR_ENTRENAMIENTO
ConsultaD1_Hospitalizaciones_Especialidad_2016_v1.csv,21063,Q05,REVISAR,Cero camas con actividad hospitalaria,2016,05,00016094,UNIDAD EJECUTORA 020: SANIDAD DE LA PNP,HOSPITALIZACIÓN DE MEDICINA MEDICINA INTERNA ,"{""NRO_TOTAL_CAMAS"": ""0"", ""NRO_TOTAL_HOSPIT_ING"": ""36"", ""NRO_TOTAL_HOSPIT_EGR"": ""30"", ""NRO_TOTAL_PACIENTES_CAMAS"": ""0"", ""NRO_TOTAL_ESTANCIAS"": ""257""}",True,PENDIENTE_VALIDACION_NO_USAR_ENTRENAMIENTO
ConsultaD1_Hospitalizaciones_Especialidad_2016_v1.csv,723,Q06,ERROR,Pacientes-día positivos con cero días-cama disponibles,2016,02,00007632,HOSPITAL CARLOS LANFRANCO LA HOZ,HOSPITALIZACIÓN DE MEDICINA MEDICINA GENERAL ,"{""NRO_TOTAL_PACIENTES_CAMAS"": ""4"", ""NRO_TOTAL_CAMAS_DISPONIB"": ""0""}",True,PENDIENTE_VALIDACION_NO_USAR_ENTRENAMIENTO
ConsultaD1_Hospitalizaciones_Especialidad_2016_v1.csv,2021,Q06,ERROR,Pacientes-día positivos con cero días-cama disponibles,2016,01,00007632,HOSPITAL CARLOS LANFRANCO LA HOZ,HOSPITALIZACIÓN DE MEDICINA MEDICINA GENERAL ,"{""NRO_TOTAL_PACIENTES_CAMAS"": ""8"", ""NRO_TOTAL_CAMAS_DISPONIB"": ""0""}",True,PENDIENTE_VALIDACION_NO_USAR_ENTRENAMIENTO
ConsultaD1_Hospitalizaciones_Especialidad_2016_v1.csv,2406,Q06,ERROR,Pacientes-día positivos con cero días-cama disponibles,2016,03,00007632,HOSPITAL CARLOS LANFRANCO LA HOZ,HOSPITALIZACIÓN DE MEDICINA MEDICINA GENERAL ,"{""NRO_TOTAL_PACIENTES_CAMAS"": ""5"", ""NRO_TOTAL_CAMAS_DISPONIB"": ""0""}",True,PENDIENTE_VALIDACION_NO_USAR_ENTRENAMIENTO
ConsultaD1_Hospitalizaciones_Especialidad_2016_v1.csv,4108,Q06,ERROR,Pacientes-día positivos con cero días-cama disponibles,2016,04,00007632,HOSPITAL CARLOS LANFRANCO LA HOZ,HOSPITALIZACIÓN DE MEDICINA MEDICINA GENERAL ,"{""NRO_TOTAL_PACIENTES_CAMAS"": ""2"", ""NRO_TOTAL_CAMAS_DISPONIB"": ""0""}",True,PENDIENTE_VALIDACION_NO_USAR_ENTRENAMIENTO
ConsultaD1_Hospitalizaciones_Especialidad_2016_v1.csv,9936,Q06,ERROR,Pacientes-día positivos con cero días-cama disponibles,2016,06,00005947,HOSPITAL DE MEDIANA COMPLEJIDAD JOSE AGURTO TELLO,HOSPITALIZACIÓN QUIRÚRGICA UROLOGÍA  ,"{""NRO_TOTAL_PACIENTES_CAMAS"": ""2"", ""NRO_TOTAL_CAMAS_DISPONIB"": ""0""}",True,PENDIENTE_VALIDACION_NO_USAR_ENTRENAMIENTO
ConsultaD1_Hospitalizaciones_Especialidad_2016_v1.csv,18438,Q06,ERROR,Pacientes-día positivos con cero días-cama disponibles,2016,10,00005947,HOSPITAL DE MEDIANA COMPLEJIDAD JOSE AGURTO TELLO,HOSPITALIZACIÓN QUIRÚRGICA UROLOGÍA  ,"{""NRO_TOTAL_PACIENTES_CAMAS"": ""3"", ""NRO_TOTAL_CAMAS_DISPONIB"": ""0""}",True,PENDIENTE_VALIDACION_NO_USAR_ENTRENAMIENTO
ConsultaD1_Hospitalizaciones_Especialidad_2016_v1.csv,20056,Q06,ERROR,Pacientes-día positivos con cero días-cama disponibles,2016,07,00007632,HOSPITAL CARLOS LANFRANCO LA HOZ,HOSPITALIZACIÓN QUIRÚRGICA UROLOGÍA  ,"{""NRO_TOTAL_PACIENTES_CAMAS"": ""20"", ""NRO_TOTAL_CAMAS_DISPONIB"": ""0""}",True,PENDIENTE_VALIDACION_NO_USAR_ENTRENAMIENTO
ConsultaD1_Hospitalizaciones_Especialidad_2016_v1.csv,20519,Q06,ERROR,Pacientes-día positivos con cero días-cama disponibles,2016,09,00005947,HOSPITAL DE MEDIANA COMPLEJIDAD JOSE AGURTO TELLO,HOSPITALIZACIÓN QUIRÚRGICA UROLOGÍA  ,"{""NRO_TOTAL_PACIENTES_CAMAS"": ""10"", ""NRO_TOTAL_CAMAS_DISPONIB"": ""0""}",True,PENDIENTE_VALIDACION_NO_USAR_ENTRENAMIENTO
ConsultaD1_Hospitalizaciones_Especialidad_2016_v1.csv,16973,Q07,REVISAR,"Camas = pacientes-día × días del mes: posible desplazamiento, no confirmado",2016,12,00008671,HOSPITAL I MARINO MOLINA SCIPPA,HOSPITALIZACIÓN DE MEDICINA MEDICINA INTERNA ,"{""NRO_TOTAL_PACIENTES_CAMAS"": ""36"", ""NRO_TOTAL_CAMAS"": ""1116"", ""ANHO"": ""2016"", ""MES"": ""12"", ""dias_mes"": 31.0}",True,PENDIENTE_VALIDACION_NO_USAR_ENTRENAMIENTO
ConsultaD1_Hospitalizaciones_Especialidad_2016_v1.csv,16974,Q07,REVISAR,"Camas = pacientes-día × días del mes: posible desplazamiento, no confirmado",2016,12,00008671,HOSPITAL I MARINO MOLINA SCIPPA,HOSPITALIZACIÓN QUIRÚRGICA CIRUGÍA GENERAL ,"{""NRO_TOTAL_PACIENTES_CAMAS"": ""12"", ""NRO_TOTAL_CAMAS"": ""372"", ""ANHO"": ""2016"", ""MES"": ""12"", ""dias_mes"": 31.0}",True,PENDIENTE_VALIDACION_NO_USAR_ENTRENAMIENTO
ConsultaD1_Hospitalizaciones_Especialidad_2016_v1.csv,16975,Q07,REVISAR,"Camas = pacientes-día × días del mes: posible desplazamiento, no confirmado",2016,12,00008671,HOSPITAL I MARINO MOLINA SCIPPA,HOSPITALIZACIÓN QUIRÚRGICA GINECO - OBSTETRICIA ,"{""NRO_TOTAL_PACIENTES_CAMAS"": ""3"", ""NRO_TOTAL_CAMAS"": ""93"", ""ANHO"": ""2016"", ""MES"": ""12"", ""dias_mes"": 31.0}",True,PENDIENTE_VALIDACION_NO_USAR_ENTRENAMIENTO
ConsultaD1_Hospitalizaciones_Especialidad_2016_v1.csv,16976,Q07,REVISAR,"Camas = pacientes-día × días del mes: posible desplazamiento, no confirmado",2016,12,00008671,HOSPITAL I MARINO MOLINA SCIPPA,HOSPITALIZACIÓN QUIRÚRGICA OBSTETRICIA   ,"{""NRO_TOTAL_PACIENTES_CAMAS"": ""32"", ""NRO_TOTAL_CAMAS"": ""992"", ""ANHO"": ""2016"", ""MES"": ""12"", ""dias_mes"": 31.0}",True,PENDIENTE_VALIDACION_NO_USAR_ENTRENAMIENTO
ConsultaD1_Hospitalizaciones_Especialidad_2016_v1.csv,16977,Q07,REVISAR,"Camas = pacientes-día × días del mes: posible desplazamiento, no confirmado",2016,12,00008671,HOSPITAL I MARINO MOLINA SCIPPA,HOSPITALIZACIÓN DE PEDIATRÍA PEDIATRIA NEONATOLOGÍA,"{""NRO_TOTAL_PACIENTES_CAMAS"": ""8"", ""NRO_TOTAL_CAMAS"": ""248"", ""ANHO"": ""2016"", ""MES"": ""12"", ""dias_mes"": 31.0}",True,PENDIENTE_VALIDACION_NO_USAR_ENTRENAMIENTO
ConsultaD1_Hospitalizaciones_Especialidad_2016_v1.csv,16978,Q07,REVISAR,"Camas = pacientes-día × días del mes: posible desplazamiento, no confirmado",2016,12,00008671,HOSPITAL I MARINO MOLINA SCIPPA,HOSPITALIZACIÓN DE PEDIATRÍA  PEDIATRÍA  GENERAL ,"{""NRO_TOTAL_PACIENTES_CAMAS"": ""14"", ""NRO_TOTAL_CAMAS"": ""434"", ""ANHO"": ""2016"", ""MES"": ""12"", ""dias_mes"": 31.0}",True,PENDIENTE_VALIDACION_NO_USAR_ENTRENAMIENTO
ConsultaD1_Hospitalizaciones_Especialidad_2017_v1.csv,4794,Q05,REVISAR,Cero camas con actividad hospitalaria,2017,03,00005947,HOSPITAL DE MEDIANA COMPLEJIDAD JOSE AGURTO TELLO,CONSULTA EXTERNA-CIRUGÍA PLÁSTICA,"{""NRO_TOTAL_CAMAS"": ""0"", ""NRO_TOTAL_HOSPIT_ING"": ""1"", ""NRO_TOTAL_HOSPIT_EGR"": ""1"", ""NRO_TOTAL_PACIENTES_CAMAS"": ""5"", ""NRO_TOTAL_ESTANCIAS"": ""5""}",True,PENDIENTE_VALIDACION_NO_USAR_ENTRENAMIENTO
ConsultaD1_Hospitalizaciones_Especialidad_2017_v1.csv,7013,Q05,REVISAR,Cero camas con actividad hospitalaria,2017,01,00005947,HOSPITAL DE MEDIANA COMPLEJIDAD JOSE AGURTO TELLO,HOSPITALIZACIÓN QUIRÚRGICA CIRUGÍA PLÁSTICA/RECONSTRUCTIVA/ REPARADORA ,"{""NRO_TOTAL_CAMAS"": ""0"", ""NRO_TOTAL_HOSPIT_ING"": ""5"", ""NRO_TOTAL_HOSPIT_EGR"": ""5"", ""NRO_TOTAL_PACIENTES_CAMAS"": ""29"", ""NRO_TOTAL_ESTANCIAS"": ""40""}",True,PENDIENTE_VALIDACION_NO_USAR_ENTRENAMIENTO
ConsultaD1_Hospitalizaciones_Especialidad_2017_v1.csv,8801,Q05,REVISAR,Cero camas con actividad hospitalaria,2017,03,00005946,HOSPITAL NACIONAL HIPOLITO UNANUE,HOSPITALIZACIÓN DE MEDICINA MEDICINA TROPICAL E INFECCIOSAS ,"{""NRO_TOTAL_CAMAS"": ""0"", ""NRO_TOTAL_HOSPIT_ING"": ""32"", ""NRO_TOTAL_HOSPIT_EGR"": ""27"", ""NRO_TOTAL_PACIENTES_CAMAS"": ""0"", ""NRO_TOTAL_ESTANCIAS"": ""522""}",True,PENDIENTE_VALIDACION_NO_USAR_ENTRENAMIENTO
ConsultaD1_Hospitalizaciones_Especialidad_2017_v1.csv,8802,Q05,REVISAR,Cero camas con actividad hospitalaria,2017,03,00005946,HOSPITAL NACIONAL HIPOLITO UNANUE,HOSPITALIZACIÓN DE PEDIATRÍA PEDIATRIA NEONATOLOGÍA,"{""NRO_TOTAL_CAMAS"": ""0"", ""NRO_TOTAL_HOSPIT_ING"": ""117"", ""NRO_TOTAL_HOSPIT_EGR"": ""123"", ""NRO_TOTAL_PACIENTES_CAMAS"": ""0"", ""NRO_TOTAL_ESTANCIAS"": ""1192""}",True,PENDIENTE_VALIDACION_NO_USAR_ENTRENAMIENTO
ConsultaD1_Hospitalizaciones_Especialidad_2017_v1.csv,8803,Q05,REVISAR,Cero camas con actividad hospitalaria,2017,03,00005946,HOSPITAL NACIONAL HIPOLITO UNANUE,HOSPITALIZACIÓN QUIRÚRGICA CIRUGÍA DE CABEZA Y CUELLO / MÁXILO FACIAL ,"{""NRO_TOTAL_CAMAS"": ""0"", ""NRO_TOTAL_HOSPIT_ING"": ""25"", ""NRO_TOTAL_HOSPIT_EGR"": ""29"", ""NRO_TOTAL_PACIENTES_CAMAS"": ""0"", ""NRO_TOTAL_ESTANCIAS"": ""242""}",True,PENDIENTE_VALIDACION_NO_USAR_ENTRENAMIENTO
ConsultaD1_Hospitalizaciones_Especialidad_2017_v1.csv,8804,Q05,REVISAR,Cero camas con actividad hospitalaria,2017,03,00005946,HOSPITAL NACIONAL HIPOLITO UNANUE,HOSPITALIZACIÓN QUIRÚRGICA OBSTETRICIA   ,"{""NRO_TOTAL_CAMAS"": ""0"", ""NRO_TOTAL_HOSPIT_ING"": ""738"", ""NRO_TOTAL_HOSPIT_EGR"": ""801"", ""NRO_TOTAL_PACIENTES_CAMAS"": ""0"", ""NRO_TOTAL_ESTANCIAS"": ""1858""}",True,PENDIENTE_VALIDACION_NO_USAR_ENTRENAMIENTO
ConsultaD1_Hospitalizaciones_Especialidad_2017_v1.csv,8805,Q05,REVISAR,Cero camas con actividad hospitalaria,2017,03,00005946,HOSPITAL NACIONAL HIPOLITO UNANUE,HOSPITALIZACIÓN QUIRÚRGICA NEUROCIRUGÍA ,"{""NRO_TOTAL_CAMAS"": ""0"", ""NRO_TOTAL_HOSPIT_ING"": ""39"", ""NRO_TOTAL_HOSPIT_EGR"": ""35"", ""NRO_TOTAL_PACIENTES_CAMAS"": ""0"", ""NRO_TOTAL_ESTANCIAS"": ""481""}",True,PENDIENTE_VALIDACION_NO_USAR_ENTRENAMIENTO
ConsultaD1_Hospitalizaciones_Especialidad_2017_v1.csv,8806,Q05,REVISAR,Cero camas con actividad hospitalaria,2017,03,00005946,HOSPITAL NACIONAL HIPOLITO UNANUE,HOSPITALIZACIÓN QUIRÚRGICA CIRUGÍA GENERAL ,"{""NRO_TOTAL_CAMAS"": ""0"", ""NRO_TOTAL_HOSPIT_ING"": ""240"", ""NRO_TOTAL_HOSPIT_EGR"": ""221"", ""NRO_TOTAL_PACIENTES_CAMAS"": ""0"", ""NRO_TOTAL_ESTANCIAS"": ""2241""}",True,PENDIENTE_VALIDACION_NO_USAR_ENTRENAMIENTO
ConsultaD1_Hospitalizaciones_Especialidad_2017_v1.csv,8807,Q05,REVISAR,Cero camas con actividad hospitalaria,2017,03,00005946,HOSPITAL NACIONAL HIPOLITO UNANUE,HOSPITALIZACIÓN QUIRÚRGICA CIRUGÍA PEDIÁTRICA ,"{""NRO_TOTAL_CAMAS"": ""0"", ""NRO_TOTAL_HOSPIT_ING"": ""48"", ""NRO_TOTAL_HOSPIT_EGR"": ""46"", ""NRO_TOTAL_PACIENTES_CAMAS"": ""0"", ""NRO_TOTAL_ESTANCIAS"": ""204""}",True,PENDIENTE_VALIDACION_NO_USAR_ENTRENAMIENTO
ConsultaD1_Hospitalizaciones_Especialidad_2017_v1.csv,8808,Q05,REVISAR,Cero camas con actividad hospitalaria,2017,03,00005946,HOSPITAL NACIONAL HIPOLITO UNANUE,HOSPITALIZACIÓN QUIRÚRGICA OTORRINOLARINGOLOGÍA  ,"{""NRO_TOTAL_CAMAS"": ""0"", ""NRO_TOTAL_HOSPIT_ING"": ""16"", ""NRO_TOTAL_HOSPIT_EGR"": ""17"", ""NRO_TOTAL_PACIENTES_CAMAS"": ""0"", ""NRO_TOTAL_ESTANCIAS"": ""87""}",True,PENDIENTE_VALIDACION_NO_USAR_ENTRENAMIENTO
ConsultaD1_Hospitalizaciones_Especialidad_2017_v1.csv,8809,Q05,REVISAR,Cero camas con actividad hospitalaria,2017,03,00005946,HOSPITAL NACIONAL HIPOLITO UNANUE,HOSPITALIZACIÓN QUIRÚRGICA CIRUGÍA DE TÓRAX Y CARDIOVASCULAR ,"{""NRO_TOTAL_CAMAS"": ""0"", ""NRO_TOTAL_HOSPIT_ING"": ""123"", ""NRO_TOTAL_HOSPIT_EGR"": ""139"", ""NRO_TOTAL_PACIENTES_CAMAS"": ""0"", ""NRO_TOTAL_ESTANCIAS"": ""3052""}",True,PENDIENTE_VALIDACION_NO_USAR_ENTRENAMIENTO
ConsultaD1_Hospitalizaciones_Especialidad_2017_v1.csv,8810,Q05,REVISAR,Cero camas con actividad hospitalaria,2017,03,00005946,HOSPITAL NACIONAL HIPOLITO UNANUE,HOSPITALIZACIÓN DE MEDICINA MEDICINA GENERAL ,"{""NRO_TOTAL_CAMAS"": ""0"", ""NRO_TOTAL_HOSPIT_ING"": ""260"", ""NRO_TOTAL_HOSPIT_EGR"": ""228"", ""NRO_TOTAL_PACIENTES_CAMAS"": ""0"", ""NRO_TOTAL_ESTANCIAS"": ""2645""}",True,PENDIENTE_VALIDACION_NO_USAR_ENTRENAMIENTO
ConsultaD1_Hospitalizaciones_Especialidad_2017_v1.csv,8811,Q05,REVISAR,Cero camas con actividad hospitalaria,2017,03,00005946,HOSPITAL NACIONAL HIPOLITO UNANUE,HOSPITALIZACIÓN-PEDIATRÍA GENERAL-,"{""NRO_TOTAL_CAMAS"": ""0"", ""NRO_TOTAL_HOSPIT_ING"": ""123"", ""NRO_TOTAL_HOSPIT_EGR"": ""88"", ""NRO_TOTAL_PACIENTES_CAMAS"": ""0"", ""NRO_TOTAL_ESTANCIAS"": ""467""}",True,PENDIENTE_VALIDACION_NO_USAR_ENTRENAMIENTO
ConsultaD1_Hospitalizaciones_Especialidad_2017_v1.csv,8812,Q05,REVISAR,Cero camas con actividad hospitalaria,2017,03,00005946,HOSPITAL NACIONAL HIPOLITO UNANUE,HOSPITALIZACIÓN QUIRÚRGICA CIRUGÍA PLÁSTICA/RECONSTRUCTIVA/ REPARADORA ,"{""NRO_TOTAL_CAMAS"": ""0"", ""NRO_TOTAL_HOSPIT_ING"": ""12"", ""NRO_TOTAL_HOSPIT_EGR"": ""15"", ""NRO_TOTAL_PACIENTES_CAMAS"": ""0"", ""NRO_TOTAL_ESTANCIAS"": ""249""}",True,PENDIENTE_VALIDACION_NO_USAR_ENTRENAMIENTO
ConsultaD1_Hospitalizaciones_Especialidad_2017_v1.csv,8813,Q05,REVISAR,Cero camas con actividad hospitalaria,2017,03,00005946,HOSPITAL NACIONAL HIPOLITO UNANUE,HOSPITALIZACIÓN QUIRÚRGICA CIRUGÍA DIGESTIVA ,"{""NRO_TOTAL_CAMAS"": ""0"", ""NRO_TOTAL_HOSPIT_ING"": ""7"", ""NRO_TOTAL_HOSPIT_EGR"": ""18"", ""NRO_TOTAL_PACIENTES_CAMAS"": ""0"", ""NRO_TOTAL_ESTANCIAS"": ""322""}",True,PENDIENTE_VALIDACION_NO_USAR_ENTRENAMIENTO
ConsultaD1_Hospitalizaciones_Especialidad_2017_v1.csv,8814,Q05,REVISAR,Cero camas con actividad hospitalaria,2017,03,00005946,HOSPITAL NACIONAL HIPOLITO UNANUE,HOSPITALIZACIÓN QUIRÚRGICA TRAUMATOLOGÍA Y ORTOPEDIA ,"{""NRO_TOTAL_CAMAS"": ""0"", ""NRO_TOTAL_HOSPIT_ING"": ""69"", ""NRO_TOTAL_HOSPIT_EGR"": ""61"", ""NRO_TOTAL_PACIENTES_CAMAS"": ""0"", ""NRO_TOTAL_ESTANCIAS"": ""1102""}",True,PENDIENTE_VALIDACION_NO_USAR_ENTRENAMIENTO
ConsultaD1_Hospitalizaciones_Especialidad_2017_v1.csv,8815,Q05,REVISAR,Cero camas con actividad hospitalaria,2017,03,00005946,HOSPITAL NACIONAL HIPOLITO UNANUE,HOSPITALIZACIÓN QUIRÚRGICA GINECOLOGÍA  ,"{""NRO_TOTAL_CAMAS"": ""0"", ""NRO_TOTAL_HOSPIT_ING"": ""167"", ""NRO_TOTAL_HOSPIT_EGR"": ""92"", ""NRO_TOTAL_PACIENTES_CAMAS"": ""0"", ""NRO_TOTAL_ESTANCIAS"": ""481""}",True,PENDIENTE_VALIDACION_NO_USAR_ENTRENAMIENTO
ConsultaD1_Hospitalizaciones_Especialidad_2017_v1.csv,8816,Q05,REVISAR,Cero camas con actividad hospitalaria,2017,03,00005946,HOSPITAL NACIONAL HIPOLITO UNANUE,HOSPITALIZACIÓN QUIRÚRGICA UROLOGÍA  ,"{""NRO_TOTAL_CAMAS"": ""0"", ""NRO_TOTAL_HOSPIT_ING"": ""24"", ""NRO_TOTAL_HOSPIT_EGR"": ""19"", ""NRO_TOTAL_PACIENTES_CAMAS"": ""0"", ""NRO_TOTAL_ESTANCIAS"": ""240""}",True,PENDIENTE_VALIDACION_NO_USAR_ENTRENAMIENTO
ConsultaD1_Hospitalizaciones_Especialidad_2017_v1.csv,8817,Q05,REVISAR,Cero camas con actividad hospitalaria,2017,03,00005946,HOSPITAL NACIONAL HIPOLITO UNANUE,UNIDAD DE CUIDADOS CRITICOS UNIDAD  DE CUIDADOS INTENSIVOS GENERALES (UCI) ,"{""NRO_TOTAL_CAMAS"": ""0"", ""NRO_TOTAL_HOSPIT_ING"": ""19"", ""NRO_TOTAL_HOSPIT_EGR"": ""7"", ""NRO_TOTAL_PACIENTES_CAMAS"": ""0"", ""NRO_TOTAL_ESTANCIAS"": ""90""}",True,PENDIENTE_VALIDACION_NO_USAR_ENTRENAMIENTO
ConsultaD1_Hospitalizaciones_Especialidad_2017_v1.csv,8818,Q05,REVISAR,Cero camas con actividad hospitalaria,2017,03,00005946,HOSPITAL NACIONAL HIPOLITO UNANUE,HOSPITALIZACIÓN DE MEDICINA PSIQUIATRÍA ,"{""NRO_TOTAL_CAMAS"": ""0"", ""NRO_TOTAL_HOSPIT_ING"": ""9"", ""NRO_TOTAL_HOSPIT_EGR"": ""10"", ""NRO_TOTAL_PACIENTES_CAMAS"": ""0"", ""NRO_TOTAL_ESTANCIAS"": ""147""}",True,PENDIENTE_VALIDACION_NO_USAR_ENTRENAMIENTO
ConsultaD1_Hospitalizaciones_Especialidad_2017_v1.csv,12247,Q05,REVISAR,Cero camas con actividad hospitalaria,2017,09,00005946,HOSPITAL NACIONAL HIPOLITO UNANUE,HOSPITALIZACIÓN QUIRÚRGICA CIRUGÍA OFTALMOLÓGICA ,"{""NRO_TOTAL_CAMAS"": ""0"", ""NRO_TOTAL_HOSPIT_ING"": ""1"", ""NRO_TOTAL_HOSPIT_EGR"": ""1"", ""NRO_TOTAL_PACIENTES_CAMAS"": ""3"", ""NRO_TOTAL_ESTANCIAS"": ""3""}",True,PENDIENTE_VALIDACION_NO_USAR_ENTRENAMIENTO
ConsultaD1_Hospitalizaciones_Especialidad_2017_v1.csv,12330,Q05,REVISAR,Cero camas con actividad hospitalaria,2017,10,00005946,HOSPITAL NACIONAL HIPOLITO UNANUE,HOSPITALIZACIÓN QUIRÚRGICA CIRUGÍA OFTALMOLÓGICA ,"{""NRO_TOTAL_CAMAS"": ""0"", ""NRO_TOTAL_HOSPIT_ING"": ""1"", ""NRO_TOTAL_HOSPIT_EGR"": ""1"", ""NRO_TOTAL_PACIENTES_CAMAS"": ""8"", ""NRO_TOTAL_ESTANCIAS"": ""8""}",True,PENDIENTE_VALIDACION_NO_USAR_ENTRENAMIENTO
ConsultaD1_Hospitalizaciones_Especialidad_2017_v1.csv,14156,Q05,REVISAR,Cero camas con actividad hospitalaria,2017,04,00005945,HOSPITAL VITARTE,HOSPITALIZACIÓN QUIRÚRGICA OTORRINOLARINGOLOGÍA  ,"{""NRO_TOTAL_CAMAS"": ""0"", ""NRO_TOTAL_HOSPIT_ING"": ""1"", ""NRO_TOTAL_HOSPIT_EGR"": ""1"", ""NRO_TOTAL_PACIENTES_CAMAS"": ""1"", ""NRO_TOTAL_ESTANCIAS"": ""1""}",True,PENDIENTE_VALIDACION_NO_USAR_ENTRENAMIENTO
ConsultaD1_Hospitalizaciones_Especialidad_2017_v1.csv,18043,Q05,REVISAR,Cero camas con actividad hospitalaria,2017,11,00005946,HOSPITAL NACIONAL HIPOLITO UNANUE,HOSPITALIZACIÓN QUIRÚRGICA CIRUGÍA OFTALMOLÓGICA ,"{""NRO_TOTAL_CAMAS"": ""0"", ""NRO_TOTAL_HOSPIT_ING"": ""1"", ""NRO_TOTAL_HOSPIT_EGR"": ""1"", ""NRO_TOTAL_PACIENTES_CAMAS"": ""2"", ""NRO_TOTAL_ESTANCIAS"": ""2""}",True,PENDIENTE_VALIDACION_NO_USAR_ENTRENAMIENTO
ConsultaD1_Hospitalizaciones_Especialidad_2017_v1.csv,20995,Q05,REVISAR,Cero camas con actividad hospitalaria,2017,09,00016094,UNIDAD EJECUTORA 020: SANIDAD DE LA PNP,HOSPITALIZACIÓN QUIRÚRGICA GINECOLOGÍA  ,"{""NRO_TOTAL_CAMAS"": ""0"", ""NRO_TOTAL_HOSPIT_ING"": ""16"", ""NRO_TOTAL_HOSPIT_EGR"": ""17"", ""NRO_TOTAL_PACIENTES_CAMAS"": ""0"", ""NRO_TOTAL_ESTANCIAS"": ""84""}",True,PENDIENTE_VALIDACION_NO_USAR_ENTRENAMIENTO
ConsultaD1_Hospitalizaciones_Especialidad_2017_v1.csv,12247,Q06,ERROR,Pacientes-día positivos con cero días-cama disponibles,2017,09,00005946,HOSPITAL NACIONAL HIPOLITO UNANUE,HOSPITALIZACIÓN QUIRÚRGICA CIRUGÍA OFTALMOLÓGICA ,"{""NRO_TOTAL_PACIENTES_CAMAS"": ""3"", ""NRO_TOTAL_CAMAS_DISPONIB"": ""0""}",True,PENDIENTE_VALIDACION_NO_USAR_ENTRENAMIENTO
ConsultaD1_Hospitalizaciones_Especialidad_2017_v1.csv,12330,Q06,ERROR,Pacientes-día positivos con cero días-cama disponibles,2017,10,00005946,HOSPITAL NACIONAL HIPOLITO UNANUE,HOSPITALIZACIÓN QUIRÚRGICA CIRUGÍA OFTALMOLÓGICA ,"{""NRO_TOTAL_PACIENTES_CAMAS"": ""8"", ""NRO_TOTAL_CAMAS_DISPONIB"": ""0""}",True,PENDIENTE_VALIDACION_NO_USAR_ENTRENAMIENTO
ConsultaD1_Hospitalizaciones_Especialidad_2017_v1.csv,14156,Q06,ERROR,Pacientes-día positivos con cero días-cama disponibles,2017,04,00005945,HOSPITAL VITARTE,HOSPITALIZACIÓN QUIRÚRGICA OTORRINOLARINGOLOGÍA  ,"{""NRO_TOTAL_PACIENTES_CAMAS"": ""1"", ""NRO_TOTAL_CAMAS_DISPONIB"": ""0""}",True,PENDIENTE_VALIDACION_NO_USAR_ENTRENAMIENTO
ConsultaD1_Hospitalizaciones_Especialidad_2017_v1.csv,18043,Q06,ERROR,Pacientes-día positivos con cero días-cama disponibles,2017,11,00005946,HOSPITAL NACIONAL HIPOLITO UNANUE,HOSPITALIZACIÓN QUIRÚRGICA CIRUGÍA OFTALMOLÓGICA ,"{""NRO_TOTAL_PACIENTES_CAMAS"": ""2"", ""NRO_TOTAL_CAMAS_DISPONIB"": ""0""}",True,PENDIENTE_VALIDACION_NO_USAR_ENTRENAMIENTO
ConsultaD1_Hospitalizaciones_Especialidad_2018_v2.csv,538,Q05,REVISAR,Cero camas con actividad hospitalaria,2018,03,00007634,NACIONAL SERGIO E. BERNALES,UNIDAD DE CUIDADOS CRITICOS UNIDAD  DE CUIDADOS INTENSIVOS GENERALES (UCI) ,"{""NRO_TOTAL_CAMAS"": ""0"", ""NRO_TOTAL_HOSPIT_ING"": ""1"", ""NRO_TOTAL_HOSPIT_EGR"": ""0"", ""NRO_TOTAL_PACIENTES_CAMAS"": ""0"", ""NRO_TOTAL_ESTANCIAS"": ""0""}",True,PENDIENTE_VALIDACION_NO_USAR_ENTRENAMIENTO
ConsultaD1_Hospitalizaciones_Especialidad_2018_v2.csv,1442,Q05,REVISAR,Cero camas con actividad hospitalaria,2018,08,00005617,HOSPITAL SAN JUAN DE LURIGANCHO,HOSPITALIZACIÓN QUIRÚRGICA OBSTETRICIA   ,"{""NRO_TOTAL_CAMAS"": ""0"", ""NRO_TOTAL_HOSPIT_ING"": ""504"", ""NRO_TOTAL_HOSPIT_EGR"": ""509"", ""NRO_TOTAL_PACIENTES_CAMAS"": ""1041"", ""NRO_TOTAL_ESTANCIAS"": ""962""}",True,PENDIENTE_VALIDACION_NO_USAR_ENTRENAMIENTO
ConsultaD1_Hospitalizaciones_Especialidad_2018_v2.csv,1443,Q05,REVISAR,Cero camas con actividad hospitalaria,2018,08,00005617,HOSPITAL SAN JUAN DE LURIGANCHO,HOSPITALIZACIÓN QUIRÚRGICA CIRUGÍA GENERAL ,"{""NRO_TOTAL_CAMAS"": ""0"", ""NRO_TOTAL_HOSPIT_ING"": ""186"", ""NRO_TOTAL_HOSPIT_EGR"": ""174"", ""NRO_TOTAL_PACIENTES_CAMAS"": ""466"", ""NRO_TOTAL_ESTANCIAS"": ""446""}",True,PENDIENTE_VALIDACION_NO_USAR_ENTRENAMIENTO
ConsultaD1_Hospitalizaciones_Especialidad_2018_v2.csv,1444,Q05,REVISAR,Cero camas con actividad hospitalaria,2018,08,00005617,HOSPITAL SAN JUAN DE LURIGANCHO,HOSPITALIZACIÓN QUIRÚRGICA GINECOLOGÍA  ,"{""NRO_TOTAL_CAMAS"": ""0"", ""NRO_TOTAL_HOSPIT_ING"": ""47"", ""NRO_TOTAL_HOSPIT_EGR"": ""49"", ""NRO_TOTAL_PACIENTES_CAMAS"": ""441"", ""NRO_TOTAL_ESTANCIAS"": ""206""}",True,PENDIENTE_VALIDACION_NO_USAR_ENTRENAMIENTO
ConsultaD1_Hospitalizaciones_Especialidad_2018_v2.csv,1445,Q05,REVISAR,Cero camas con actividad hospitalaria,2018,08,00005617,HOSPITAL SAN JUAN DE LURIGANCHO,HOSPITALIZACIÓN DE PEDIATRÍA PEDIATRIA NEONATOLOGÍA,"{""NRO_TOTAL_CAMAS"": ""0"", ""NRO_TOTAL_HOSPIT_ING"": ""22"", ""NRO_TOTAL_HOSPIT_EGR"": ""24"", ""NRO_TOTAL_PACIENTES_CAMAS"": ""99"", ""NRO_TOTAL_ESTANCIAS"": ""86""}",True,PENDIENTE_VALIDACION_NO_USAR_ENTRENAMIENTO
ConsultaD1_Hospitalizaciones_Especialidad_2018_v2.csv,1446,Q05,REVISAR,Cero camas con actividad hospitalaria,2018,08,00005617,HOSPITAL SAN JUAN DE LURIGANCHO,HOSPITALIZACIÓN-PEDIATRÍA GENERAL-,"{""NRO_TOTAL_CAMAS"": ""0"", ""NRO_TOTAL_HOSPIT_ING"": ""74"", ""NRO_TOTAL_HOSPIT_EGR"": ""68"", ""NRO_TOTAL_PACIENTES_CAMAS"": ""314"", ""NRO_TOTAL_ESTANCIAS"": ""284""}",True,PENDIENTE_VALIDACION_NO_USAR_ENTRENAMIENTO
ConsultaD1_Hospitalizaciones_Especialidad_2018_v2.csv,1447,Q05,REVISAR,Cero camas con actividad hospitalaria,2018,08,00005617,HOSPITAL SAN JUAN DE LURIGANCHO,HOSPITALIZACIÓN DE MEDICINA MEDICINA GENERAL ,"{""NRO_TOTAL_CAMAS"": ""0"", ""NRO_TOTAL_HOSPIT_ING"": ""78"", ""NRO_TOTAL_HOSPIT_EGR"": ""82"", ""NRO_TOTAL_PACIENTES_CAMAS"": ""552"", ""NRO_TOTAL_ESTANCIAS"": ""432""}",True,PENDIENTE_VALIDACION_NO_USAR_ENTRENAMIENTO
ConsultaD1_Hospitalizaciones_Especialidad_2018_v2.csv,8297,Q05,REVISAR,Cero camas con actividad hospitalaria,2018,06,00016094,UNIDAD EJECUTORA 020: SANIDAD DE LA PNP,EMERGENCIA,"{""NRO_TOTAL_CAMAS"": ""0"", ""NRO_TOTAL_HOSPIT_ING"": ""0"", ""NRO_TOTAL_HOSPIT_EGR"": ""1"", ""NRO_TOTAL_PACIENTES_CAMAS"": ""0"", ""NRO_TOTAL_ESTANCIAS"": ""13""}",True,PENDIENTE_VALIDACION_NO_USAR_ENTRENAMIENTO
ConsultaD1_Hospitalizaciones_Especialidad_2018_v2.csv,8435,Q05,REVISAR,Cero camas con actividad hospitalaria,2018,06,00023159,HOSPITAL DE EMERGENCIAS VILLA EL SALVADOR,UNIDAD DE CUIDADOS CRITICOS UNIDAD DE CUIDADOS INTERMEDIOS  (UCIN) PEDIÁTRICOS,"{""NRO_TOTAL_CAMAS"": ""0"", ""NRO_TOTAL_HOSPIT_ING"": ""0"", ""NRO_TOTAL_HOSPIT_EGR"": ""0"", ""NRO_TOTAL_PACIENTES_CAMAS"": ""3"", ""NRO_TOTAL_ESTANCIAS"": ""0""}",True,PENDIENTE_VALIDACION_NO_USAR_ENTRENAMIENTO
ConsultaD1_Hospitalizaciones_Especialidad_2018_v2.csv,22491,Q05,REVISAR,Cero camas con actividad hospitalaria,2018,07,00017024,HOSPITAL  MILITAR LUIS ARIAS SCHEREIBER,HOSPITALIZACIÓN QUIRÚRGICA CIRUGÍA OFTALMOLÓGICA ,"{""NRO_TOTAL_CAMAS"": ""0"", ""NRO_TOTAL_HOSPIT_ING"": ""4"", ""NRO_TOTAL_HOSPIT_EGR"": ""0"", ""NRO_TOTAL_PACIENTES_CAMAS"": ""0"", ""NRO_TOTAL_ESTANCIAS"": ""0""}",True,PENDIENTE_VALIDACION_NO_USAR_ENTRENAMIENTO
ConsultaD1_Hospitalizaciones_Especialidad_2018_v2.csv,37063,Q05,REVISAR,Cero camas con actividad hospitalaria,2018,08,00017024,HOSPITAL  MILITAR LUIS ARIAS SCHEREIBER,HOSPITALIZACIÓN QUIRÚRGICA CIRUGÍA OFTALMOLÓGICA ,"{""NRO_TOTAL_CAMAS"": ""0"", ""NRO_TOTAL_HOSPIT_ING"": ""1"", ""NRO_TOTAL_HOSPIT_EGR"": ""0"", ""NRO_TOTAL_PACIENTES_CAMAS"": ""0"", ""NRO_TOTAL_ESTANCIAS"": ""0""}",True,PENDIENTE_VALIDACION_NO_USAR_ENTRENAMIENTO
ConsultaD1_Hospitalizaciones_Especialidad_2018_v2.csv,41309,Q05,REVISAR,Cero camas con actividad hospitalaria,2018,12,00005617,HOSPITAL SAN JUAN DE LURIGANCHO,HOSPITALIZACIÓN QUIRÚRGICA OBSTETRICIA   ,"{""NRO_TOTAL_CAMAS"": ""0"", ""NRO_TOTAL_HOSPIT_ING"": ""514"", ""NRO_TOTAL_HOSPIT_EGR"": ""535"", ""NRO_TOTAL_PACIENTES_CAMAS"": ""1016"", ""NRO_TOTAL_ESTANCIAS"": ""996""}",True,PENDIENTE_VALIDACION_NO_USAR_ENTRENAMIENTO
ConsultaD1_Hospitalizaciones_Especialidad_2018_v2.csv,41312,Q05,REVISAR,Cero camas con actividad hospitalaria,2018,12,00005617,HOSPITAL SAN JUAN DE LURIGANCHO,HOSPITALIZACIÓN QUIRÚRGICA CIRUGÍA GENERAL ,"{""NRO_TOTAL_CAMAS"": ""0"", ""NRO_TOTAL_HOSPIT_ING"": ""128"", ""NRO_TOTAL_HOSPIT_EGR"": ""138"", ""NRO_TOTAL_PACIENTES_CAMAS"": ""549"", ""NRO_TOTAL_ESTANCIAS"": ""493""}",True,PENDIENTE_VALIDACION_NO_USAR_ENTRENAMIENTO
ConsultaD1_Hospitalizaciones_Especialidad_2018_v2.csv,41313,Q05,REVISAR,Cero camas con actividad hospitalaria,2018,12,00005617,HOSPITAL SAN JUAN DE LURIGANCHO,HOSPITALIZACIÓN QUIRÚRGICA GINECOLOGÍA  ,"{""NRO_TOTAL_CAMAS"": ""0"", ""NRO_TOTAL_HOSPIT_ING"": ""50"", ""NRO_TOTAL_HOSPIT_EGR"": ""57"", ""NRO_TOTAL_PACIENTES_CAMAS"": ""236"", ""NRO_TOTAL_ESTANCIAS"": ""213""}",True,PENDIENTE_VALIDACION_NO_USAR_ENTRENAMIENTO
ConsultaD1_Hospitalizaciones_Especialidad_2018_v2.csv,41314,Q05,REVISAR,Cero camas con actividad hospitalaria,2018,12,00005617,HOSPITAL SAN JUAN DE LURIGANCHO,HOSPITALIZACIÓN DE PEDIATRÍA PEDIATRIA NEONATOLOGÍA,"{""NRO_TOTAL_CAMAS"": ""0"", ""NRO_TOTAL_HOSPIT_ING"": ""19"", ""NRO_TOTAL_HOSPIT_EGR"": ""23"", ""NRO_TOTAL_PACIENTES_CAMAS"": ""117"", ""NRO_TOTAL_ESTANCIAS"": ""109""}",True,PENDIENTE_VALIDACION_NO_USAR_ENTRENAMIENTO
ConsultaD1_Hospitalizaciones_Especialidad_2018_v2.csv,41315,Q05,REVISAR,Cero camas con actividad hospitalaria,2018,12,00005617,HOSPITAL SAN JUAN DE LURIGANCHO,HOSPITALIZACIÓN-PEDIATRÍA GENERAL-,"{""NRO_TOTAL_CAMAS"": ""0"", ""NRO_TOTAL_HOSPIT_ING"": ""81"", ""NRO_TOTAL_HOSPIT_EGR"": ""95"", ""NRO_TOTAL_PACIENTES_CAMAS"": ""351"", ""NRO_TOTAL_ESTANCIAS"": ""311""}",True,PENDIENTE_VALIDACION_NO_USAR_ENTRENAMIENTO
ConsultaD1_Hospitalizaciones_Especialidad_2018_v2.csv,41316,Q05,REVISAR,Cero camas con actividad hospitalaria,2018,12,00005617,HOSPITAL SAN JUAN DE LURIGANCHO,HOSPITALIZACIÓN DE MEDICINA MEDICINA GENERAL ,"{""NRO_TOTAL_CAMAS"": ""0"", ""NRO_TOTAL_HOSPIT_ING"": ""71"", ""NRO_TOTAL_HOSPIT_EGR"": ""85"", ""NRO_TOTAL_PACIENTES_CAMAS"": ""507"", ""NRO_TOTAL_ESTANCIAS"": ""417""}",True,PENDIENTE_VALIDACION_NO_USAR_ENTRENAMIENTO
ConsultaD1_Hospitalizaciones_Especialidad_2018_v2.csv,46795,Q05,REVISAR,Cero camas con actividad hospitalaria,2018,02,00005617,HOSPITAL SAN JUAN DE LURIGANCHO,HOSPITALIZACIÓN QUIRÚRGICA OBSTETRICIA   ,"{""NRO_TOTAL_CAMAS"": ""0"", ""NRO_TOTAL_HOSPIT_ING"": ""538"", ""NRO_TOTAL_HOSPIT_EGR"": ""541"", ""NRO_TOTAL_PACIENTES_CAMAS"": ""1064"", ""NRO_TOTAL_ESTANCIAS"": ""1021""}",True,PENDIENTE_VALIDACION_NO_USAR_ENTRENAMIENTO
ConsultaD1_Hospitalizaciones_Especialidad_2018_v2.csv,46796,Q05,REVISAR,Cero camas con actividad hospitalaria,2018,02,00005617,HOSPITAL SAN JUAN DE LURIGANCHO,HOSPITALIZACIÓN QUIRÚRGICA CIRUGÍA GENERAL ,"{""NRO_TOTAL_CAMAS"": ""0"", ""NRO_TOTAL_HOSPIT_ING"": ""149"", ""NRO_TOTAL_HOSPIT_EGR"": ""142"", ""NRO_TOTAL_PACIENTES_CAMAS"": ""431"", ""NRO_TOTAL_ESTANCIAS"": ""416""}",True,PENDIENTE_VALIDACION_NO_USAR_ENTRENAMIENTO
ConsultaD1_Hospitalizaciones_Especialidad_2018_v2.csv,46797,Q05,REVISAR,Cero camas con actividad hospitalaria,2018,02,00005617,HOSPITAL SAN JUAN DE LURIGANCHO,HOSPITALIZACIÓN QUIRÚRGICA GINECOLOGÍA  ,"{""NRO_TOTAL_CAMAS"": ""0"", ""NRO_TOTAL_HOSPIT_ING"": ""64"", ""NRO_TOTAL_HOSPIT_EGR"": ""62"", ""NRO_TOTAL_PACIENTES_CAMAS"": ""180"", ""NRO_TOTAL_ESTANCIAS"": ""171""}",True,PENDIENTE_VALIDACION_NO_USAR_ENTRENAMIENTO
ConsultaD1_Hospitalizaciones_Especialidad_2018_v2.csv,46798,Q05,REVISAR,Cero camas con actividad hospitalaria,2018,02,00005617,HOSPITAL SAN JUAN DE LURIGANCHO,HOSPITALIZACIÓN DE PEDIATRÍA PEDIATRIA NEONATOLOGÍA,"{""NRO_TOTAL_CAMAS"": ""0"", ""NRO_TOTAL_HOSPIT_ING"": ""17"", ""NRO_TOTAL_HOSPIT_EGR"": ""16"", ""NRO_TOTAL_PACIENTES_CAMAS"": ""87"", ""NRO_TOTAL_ESTANCIAS"": ""71""}",True,PENDIENTE_VALIDACION_NO_USAR_ENTRENAMIENTO
ConsultaD1_Hospitalizaciones_Especialidad_2018_v2.csv,46799,Q05,REVISAR,Cero camas con actividad hospitalaria,2018,02,00005617,HOSPITAL SAN JUAN DE LURIGANCHO,HOSPITALIZACIÓN-PEDIATRÍA GENERAL-,"{""NRO_TOTAL_CAMAS"": ""0"", ""NRO_TOTAL_HOSPIT_ING"": ""79"", ""NRO_TOTAL_HOSPIT_EGR"": ""75"", ""NRO_TOTAL_PACIENTES_CAMAS"": ""339"", ""NRO_TOTAL_ESTANCIAS"": ""311""}",True,PENDIENTE_VALIDACION_NO_USAR_ENTRENAMIENTO
ConsultaD1_Hospitalizaciones_Especialidad_2018_v2.csv,46800,Q05,REVISAR,Cero camas con actividad hospitalaria,2018,02,00005617,HOSPITAL SAN JUAN DE LURIGANCHO,HOSPITALIZACIÓN DE MEDICINA MEDICINA GENERAL ,"{""NRO_TOTAL_CAMAS"": ""0"", ""NRO_TOTAL_HOSPIT_ING"": ""35"", ""NRO_TOTAL_HOSPIT_EGR"": ""35"", ""NRO_TOTAL_PACIENTES_CAMAS"": ""218"", ""NRO_TOTAL_ESTANCIAS"": ""181""}",True,PENDIENTE_VALIDACION_NO_USAR_ENTRENAMIENTO
ConsultaD1_Hospitalizaciones_Especialidad_2018_v2.csv,46801,Q05,REVISAR,Cero camas con actividad hospitalaria,2018,02,00005617,HOSPITAL SAN JUAN DE LURIGANCHO,HOSPITALIZACIÓN DE PEDIATRÍA PEDIATRIA NEONATOLOGÍA,"{""NRO_TOTAL_CAMAS"": ""0"", ""NRO_TOTAL_HOSPIT_ING"": ""2"", ""NRO_TOTAL_HOSPIT_EGR"": ""2"", ""NRO_TOTAL_PACIENTES_CAMAS"": ""22"", ""NRO_TOTAL_ESTANCIAS"": ""22""}",True,PENDIENTE_VALIDACION_NO_USAR_ENTRENAMIENTO
ConsultaD1_Hospitalizaciones_Especialidad_2018_v2.csv,50589,Q05,REVISAR,Cero camas con actividad hospitalaria,2018,06,00005617,HOSPITAL SAN JUAN DE LURIGANCHO,HOSPITALIZACIÓN QUIRÚRGICA OBSTETRICIA   ,"{""NRO_TOTAL_CAMAS"": ""0"", ""NRO_TOTAL_HOSPIT_ING"": ""500"", ""NRO_TOTAL_HOSPIT_EGR"": ""491"", ""NRO_TOTAL_PACIENTES_CAMAS"": ""932"", ""NRO_TOTAL_ESTANCIAS"": ""915""}",True,PENDIENTE_VALIDACION_NO_USAR_ENTRENAMIENTO
ConsultaD1_Hospitalizaciones_Especialidad_2018_v2.csv,50590,Q05,REVISAR,Cero camas con actividad hospitalaria,2018,06,00005617,HOSPITAL SAN JUAN DE LURIGANCHO,HOSPITALIZACIÓN QUIRÚRGICA CIRUGÍA GENERAL ,"{""NRO_TOTAL_CAMAS"": ""0"", ""NRO_TOTAL_HOSPIT_ING"": ""175"", ""NRO_TOTAL_HOSPIT_EGR"": ""175"", ""NRO_TOTAL_PACIENTES_CAMAS"": ""521"", ""NRO_TOTAL_ESTANCIAS"": ""480""}",True,PENDIENTE_VALIDACION_NO_USAR_ENTRENAMIENTO
ConsultaD1_Hospitalizaciones_Especialidad_2018_v2.csv,50591,Q05,REVISAR,Cero camas con actividad hospitalaria,2018,06,00005617,HOSPITAL SAN JUAN DE LURIGANCHO,HOSPITALIZACIÓN QUIRÚRGICA GINECOLOGÍA  ,"{""NRO_TOTAL_CAMAS"": ""0"", ""NRO_TOTAL_HOSPIT_ING"": ""58"", ""NRO_TOTAL_HOSPIT_EGR"": ""59"", ""NRO_TOTAL_PACIENTES_CAMAS"": ""189"", ""NRO_TOTAL_ESTANCIAS"": ""165""}",True,PENDIENTE_VALIDACION_NO_USAR_ENTRENAMIENTO
ConsultaD1_Hospitalizaciones_Especialidad_2018_v2.csv,50592,Q05,REVISAR,Cero camas con actividad hospitalaria,2018,06,00005617,HOSPITAL SAN JUAN DE LURIGANCHO,HOSPITALIZACIÓN DE PEDIATRÍA PEDIATRIA NEONATOLOGÍA,"{""NRO_TOTAL_CAMAS"": ""0"", ""NRO_TOTAL_HOSPIT_ING"": ""6"", ""NRO_TOTAL_HOSPIT_EGR"": ""14"", ""NRO_TOTAL_PACIENTES_CAMAS"": ""76"", ""NRO_TOTAL_ESTANCIAS"": ""56""}",True,PENDIENTE_VALIDACION_NO_USAR_ENTRENAMIENTO
ConsultaD1_Hospitalizaciones_Especialidad_2018_v2.csv,50593,Q05,REVISAR,Cero camas con actividad hospitalaria,2018,06,00005617,HOSPITAL SAN JUAN DE LURIGANCHO,HOSPITALIZACIÓN-PEDIATRÍA GENERAL-,"{""NRO_TOTAL_CAMAS"": ""0"", ""NRO_TOTAL_HOSPIT_ING"": ""80"", ""NRO_TOTAL_HOSPIT_EGR"": ""86"", ""NRO_TOTAL_PACIENTES_CAMAS"": ""414"", ""NRO_TOTAL_ESTANCIAS"": ""359""}",True,PENDIENTE_VALIDACION_NO_USAR_ENTRENAMIENTO
ConsultaD1_Hospitalizaciones_Especialidad_2018_v2.csv,50594,Q05,REVISAR,Cero camas con actividad hospitalaria,2018,06,00005617,HOSPITAL SAN JUAN DE LURIGANCHO,HOSPITALIZACIÓN DE MEDICINA MEDICINA GENERAL ,"{""NRO_TOTAL_CAMAS"": ""0"", ""NRO_TOTAL_HOSPIT_ING"": ""66"", ""NRO_TOTAL_HOSPIT_EGR"": ""68"", ""NRO_TOTAL_PACIENTES_CAMAS"": ""568"", ""NRO_TOTAL_ESTANCIAS"": ""399""}",True,PENDIENTE_VALIDACION_NO_USAR_ENTRENAMIENTO
ConsultaD1_Hospitalizaciones_Especialidad_2018_v2.csv,50595,Q05,REVISAR,Cero camas con actividad hospitalaria,2018,06,00005617,HOSPITAL SAN JUAN DE LURIGANCHO,HOSPITALIZACIÓN DE PEDIATRÍA PEDIATRIA NEONATOLOGÍA,"{""NRO_TOTAL_CAMAS"": ""0"", ""NRO_TOTAL_HOSPIT_ING"": ""2"", ""NRO_TOTAL_HOSPIT_EGR"": ""2"", ""NRO_TOTAL_PACIENTES_CAMAS"": ""13"", ""NRO_TOTAL_ESTANCIAS"": ""13""}",True,PENDIENTE_VALIDACION_NO_USAR_ENTRENAMIENTO
ConsultaD1_Hospitalizaciones_Especialidad_2018_v2.csv,51210,Q05,REVISAR,Cero camas con actividad hospitalaria,2018,07,00005617,HOSPITAL SAN JUAN DE LURIGANCHO,HOSPITALIZACIÓN QUIRÚRGICA OBSTETRICIA   ,"{""NRO_TOTAL_CAMAS"": ""0"", ""NRO_TOTAL_HOSPIT_ING"": ""554"", ""NRO_TOTAL_HOSPIT_EGR"": ""558"", ""NRO_TOTAL_PACIENTES_CAMAS"": ""1168"", ""NRO_TOTAL_ESTANCIAS"": ""1124""}",True,PENDIENTE_VALIDACION_NO_USAR_ENTRENAMIENTO
ConsultaD1_Hospitalizaciones_Especialidad_2018_v2.csv,51211,Q05,REVISAR,Cero camas con actividad hospitalaria,2018,07,00005617,HOSPITAL SAN JUAN DE LURIGANCHO,HOSPITALIZACIÓN QUIRÚRGICA CIRUGÍA GENERAL ,"{""NRO_TOTAL_CAMAS"": ""0"", ""NRO_TOTAL_HOSPIT_ING"": ""171"", ""NRO_TOTAL_HOSPIT_EGR"": ""179"", ""NRO_TOTAL_PACIENTES_CAMAS"": ""543"", ""NRO_TOTAL_ESTANCIAS"": ""489""}",True,PENDIENTE_VALIDACION_NO_USAR_ENTRENAMIENTO
ConsultaD1_Hospitalizaciones_Especialidad_2018_v2.csv,51212,Q05,REVISAR,Cero camas con actividad hospitalaria,2018,07,00005617,HOSPITAL SAN JUAN DE LURIGANCHO,HOSPITALIZACIÓN QUIRÚRGICA GINECOLOGÍA  ,"{""NRO_TOTAL_CAMAS"": ""0"", ""NRO_TOTAL_HOSPIT_ING"": ""61"", ""NRO_TOTAL_HOSPIT_EGR"": ""60"", ""NRO_TOTAL_PACIENTES_CAMAS"": ""218"", ""NRO_TOTAL_ESTANCIAS"": ""200""}",True,PENDIENTE_VALIDACION_NO_USAR_ENTRENAMIENTO
ConsultaD1_Hospitalizaciones_Especialidad_2018_v2.csv,51213,Q05,REVISAR,Cero camas con actividad hospitalaria,2018,07,00005617,HOSPITAL SAN JUAN DE LURIGANCHO,HOSPITALIZACIÓN DE PEDIATRÍA PEDIATRIA NEONATOLOGÍA,"{""NRO_TOTAL_CAMAS"": ""0"", ""NRO_TOTAL_HOSPIT_ING"": ""14"", ""NRO_TOTAL_HOSPIT_EGR"": ""10"", ""NRO_TOTAL_PACIENTES_CAMAS"": ""35"", ""NRO_TOTAL_ESTANCIAS"": ""35""}",True,PENDIENTE_VALIDACION_NO_USAR_ENTRENAMIENTO
ConsultaD1_Hospitalizaciones_Especialidad_2018_v2.csv,51214,Q05,REVISAR,Cero camas con actividad hospitalaria,2018,07,00005617,HOSPITAL SAN JUAN DE LURIGANCHO,HOSPITALIZACIÓN-PEDIATRÍA GENERAL-,"{""NRO_TOTAL_CAMAS"": ""0"", ""NRO_TOTAL_HOSPIT_ING"": ""68"", ""NRO_TOTAL_HOSPIT_EGR"": ""65"", ""NRO_TOTAL_PACIENTES_CAMAS"": ""295"", ""NRO_TOTAL_ESTANCIAS"": ""289""}",True,PENDIENTE_VALIDACION_NO_USAR_ENTRENAMIENTO
ConsultaD1_Hospitalizaciones_Especialidad_2018_v2.csv,51215,Q05,REVISAR,Cero camas con actividad hospitalaria,2018,07,00005617,HOSPITAL SAN JUAN DE LURIGANCHO,HOSPITALIZACIÓN DE MEDICINA MEDICINA GENERAL ,"{""NRO_TOTAL_CAMAS"": ""0"", ""NRO_TOTAL_HOSPIT_ING"": ""78"", ""NRO_TOTAL_HOSPIT_EGR"": ""74"", ""NRO_TOTAL_PACIENTES_CAMAS"": ""425"", ""NRO_TOTAL_ESTANCIAS"": ""380""}",True,PENDIENTE_VALIDACION_NO_USAR_ENTRENAMIENTO
ConsultaD1_Hospitalizaciones_Especialidad_2018_v2.csv,51216,Q05,REVISAR,Cero camas con actividad hospitalaria,2018,10,00005617,HOSPITAL SAN JUAN DE LURIGANCHO,HOSPITALIZACIÓN QUIRÚRGICA OBSTETRICIA   ,"{""NRO_TOTAL_CAMAS"": ""0"", ""NRO_TOTAL_HOSPIT_ING"": ""541"", ""NRO_TOTAL_HOSPIT_EGR"": ""542"", ""NRO_TOTAL_PACIENTES_CAMAS"": ""1127"", ""NRO_TOTAL_ESTANCIAS"": ""1095""}",True,PENDIENTE_VALIDACION_NO_USAR_ENTRENAMIENTO
ConsultaD1_Hospitalizaciones_Especialidad_2018_v2.csv,51217,Q05,REVISAR,Cero camas con actividad hospitalaria,2018,10,00005617,HOSPITAL SAN JUAN DE LURIGANCHO,HOSPITALIZACIÓN QUIRÚRGICA CIRUGÍA GENERAL ,"{""NRO_TOTAL_CAMAS"": ""0"", ""NRO_TOTAL_HOSPIT_ING"": ""153"", ""NRO_TOTAL_HOSPIT_EGR"": ""163"", ""NRO_TOTAL_PACIENTES_CAMAS"": ""581"", ""NRO_TOTAL_ESTANCIAS"": ""470""}",True,PENDIENTE_VALIDACION_NO_USAR_ENTRENAMIENTO
ConsultaD1_Hospitalizaciones_Especialidad_2018_v2.csv,51218,Q05,REVISAR,Cero camas con actividad hospitalaria,2018,10,00005617,HOSPITAL SAN JUAN DE LURIGANCHO,HOSPITALIZACIÓN QUIRÚRGICA GINECOLOGÍA  ,"{""NRO_TOTAL_CAMAS"": ""0"", ""NRO_TOTAL_HOSPIT_ING"": ""66"", ""NRO_TOTAL_HOSPIT_EGR"": ""62"", ""NRO_TOTAL_PACIENTES_CAMAS"": ""189"", ""NRO_TOTAL_ESTANCIAS"": ""186""}",True,PENDIENTE_VALIDACION_NO_USAR_ENTRENAMIENTO
ConsultaD1_Hospitalizaciones_Especialidad_2018_v2.csv,51219,Q05,REVISAR,Cero camas con actividad hospitalaria,2018,10,00005617,HOSPITAL SAN JUAN DE LURIGANCHO,HOSPITALIZACIÓN DE PEDIATRÍA PEDIATRIA NEONATOLOGÍA,"{""NRO_TOTAL_CAMAS"": ""0"", ""NRO_TOTAL_HOSPIT_ING"": ""19"", ""NRO_TOTAL_HOSPIT_EGR"": ""16"", ""NRO_TOTAL_PACIENTES_CAMAS"": ""63"", ""NRO_TOTAL_ESTANCIAS"": ""62""}",True,PENDIENTE_VALIDACION_NO_USAR_ENTRENAMIENTO
ConsultaD1_Hospitalizaciones_Especialidad_2018_v2.csv,51220,Q05,REVISAR,Cero camas con actividad hospitalaria,2018,10,00005617,HOSPITAL SAN JUAN DE LURIGANCHO,HOSPITALIZACIÓN-PEDIATRÍA GENERAL-,"{""NRO_TOTAL_CAMAS"": ""0"", ""NRO_TOTAL_HOSPIT_ING"": ""91"", ""NRO_TOTAL_HOSPIT_EGR"": ""91"", ""NRO_TOTAL_PACIENTES_CAMAS"": ""541"", ""NRO_TOTAL_ESTANCIAS"": ""379""}",True,PENDIENTE_VALIDACION_NO_USAR_ENTRENAMIENTO
ConsultaD1_Hospitalizaciones_Especialidad_2018_v2.csv,51221,Q05,REVISAR,Cero camas con actividad hospitalaria,2018,10,00005617,HOSPITAL SAN JUAN DE LURIGANCHO,HOSPITALIZACIÓN DE MEDICINA MEDICINA GENERAL ,"{""NRO_TOTAL_CAMAS"": ""0"", ""NRO_TOTAL_HOSPIT_ING"": ""78"", ""NRO_TOTAL_HOSPIT_EGR"": ""79"", ""NRO_TOTAL_PACIENTES_CAMAS"": ""504"", ""NRO_TOTAL_ESTANCIAS"": ""388""}",True,PENDIENTE_VALIDACION_NO_USAR_ENTRENAMIENTO
ConsultaD1_Hospitalizaciones_Especialidad_2018_v2.csv,52735,Q05,REVISAR,Cero camas con actividad hospitalaria,2018,09,00005617,HOSPITAL SAN JUAN DE LURIGANCHO,HOSPITALIZACIÓN QUIRÚRGICA OBSTETRICIA   ,"{""NRO_TOTAL_CAMAS"": ""0"", ""NRO_TOTAL_HOSPIT_ING"": ""557"", ""NRO_TOTAL_HOSPIT_EGR"": ""557"", ""NRO_TOTAL_PACIENTES_CAMAS"": ""1104"", ""NRO_TOTAL_ESTANCIAS"": ""1077""}",True,PENDIENTE_VALIDACION_NO_USAR_ENTRENAMIENTO
ConsultaD1_Hospitalizaciones_Especialidad_2018_v2.csv,52736,Q05,REVISAR,Cero camas con actividad hospitalaria,2018,09,00005617,HOSPITAL SAN JUAN DE LURIGANCHO,HOSPITALIZACIÓN QUIRÚRGICA CIRUGÍA GENERAL ,"{""NRO_TOTAL_CAMAS"": ""0"", ""NRO_TOTAL_HOSPIT_ING"": ""167"", ""NRO_TOTAL_HOSPIT_EGR"": ""169"", ""NRO_TOTAL_PACIENTES_CAMAS"": ""516"", ""NRO_TOTAL_ESTANCIAS"": ""464""}",True,PENDIENTE_VALIDACION_NO_USAR_ENTRENAMIENTO
ConsultaD1_Hospitalizaciones_Especialidad_2018_v2.csv,52737,Q05,REVISAR,Cero camas con actividad hospitalaria,2018,09,00005617,HOSPITAL SAN JUAN DE LURIGANCHO,HOSPITALIZACIÓN QUIRÚRGICA GINECOLOGÍA  ,"{""NRO_TOTAL_CAMAS"": ""0"", ""NRO_TOTAL_HOSPIT_ING"": ""59"", ""NRO_TOTAL_HOSPIT_EGR"": ""61"", ""NRO_TOTAL_PACIENTES_CAMAS"": ""185"", ""NRO_TOTAL_ESTANCIAS"": ""170""}",True,PENDIENTE_VALIDACION_NO_USAR_ENTRENAMIENTO
ConsultaD1_Hospitalizaciones_Especialidad_2018_v2.csv,52738,Q05,REVISAR,Cero camas con actividad hospitalaria,2018,09,00005617,HOSPITAL SAN JUAN DE LURIGANCHO,HOSPITALIZACIÓN DE PEDIATRÍA PEDIATRIA NEONATOLOGÍA,"{""NRO_TOTAL_CAMAS"": ""0"", ""NRO_TOTAL_HOSPIT_ING"": ""18"", ""NRO_TOTAL_HOSPIT_EGR"": ""19"", ""NRO_TOTAL_PACIENTES_CAMAS"": ""107"", ""NRO_TOTAL_ESTANCIAS"": ""106""}",True,PENDIENTE_VALIDACION_NO_USAR_ENTRENAMIENTO
ConsultaD1_Hospitalizaciones_Especialidad_2018_v2.csv,52739,Q05,REVISAR,Cero camas con actividad hospitalaria,2018,09,00005617,HOSPITAL SAN JUAN DE LURIGANCHO,HOSPITALIZACIÓN-PEDIATRÍA GENERAL-,"{""NRO_TOTAL_CAMAS"": ""0"", ""NRO_TOTAL_HOSPIT_ING"": ""86"", ""NRO_TOTAL_HOSPIT_EGR"": ""91"", ""NRO_TOTAL_PACIENTES_CAMAS"": ""429"", ""NRO_TOTAL_ESTANCIAS"": ""387""}",True,PENDIENTE_VALIDACION_NO_USAR_ENTRENAMIENTO
ConsultaD1_Hospitalizaciones_Especialidad_2018_v2.csv,52740,Q05,REVISAR,Cero camas con actividad hospitalaria,2018,09,00005617,HOSPITAL SAN JUAN DE LURIGANCHO,HOSPITALIZACIÓN DE MEDICINA MEDICINA GENERAL ,"{""NRO_TOTAL_CAMAS"": ""0"", ""NRO_TOTAL_HOSPIT_ING"": ""63"", ""NRO_TOTAL_HOSPIT_EGR"": ""57"", ""NRO_TOTAL_PACIENTES_CAMAS"": ""383"", ""NRO_TOTAL_ESTANCIAS"": ""336""}",True,PENDIENTE_VALIDACION_NO_USAR_ENTRENAMIENTO
ConsultaD1_Hospitalizaciones_Especialidad_2018_v2.csv,52741,Q05,REVISAR,Cero camas con actividad hospitalaria,2018,09,00005617,HOSPITAL SAN JUAN DE LURIGANCHO,HOSPITALIZACIÓN DE PEDIATRÍA PEDIATRIA NEONATOLOGÍA,"{""NRO_TOTAL_CAMAS"": ""0"", ""NRO_TOTAL_HOSPIT_ING"": ""1"", ""NRO_TOTAL_HOSPIT_EGR"": ""1"", ""NRO_TOTAL_PACIENTES_CAMAS"": ""2"", ""NRO_TOTAL_ESTANCIAS"": ""2""}",True,PENDIENTE_VALIDACION_NO_USAR_ENTRENAMIENTO
ConsultaD1_Hospitalizaciones_Especialidad_2018_v2.csv,1442,Q06,ERROR,Pacientes-día positivos con cero días-cama disponibles,2018,08,00005617,HOSPITAL SAN JUAN DE LURIGANCHO,HOSPITALIZACIÓN QUIRÚRGICA OBSTETRICIA   ,"{""NRO_TOTAL_PACIENTES_CAMAS"": ""1041"", ""NRO_TOTAL_CAMAS_DISPONIB"": ""0""}",True,PENDIENTE_VALIDACION_NO_USAR_ENTRENAMIENTO
ConsultaD1_Hospitalizaciones_Especialidad_2018_v2.csv,1443,Q06,ERROR,Pacientes-día positivos con cero días-cama disponibles,2018,08,00005617,HOSPITAL SAN JUAN DE LURIGANCHO,HOSPITALIZACIÓN QUIRÚRGICA CIRUGÍA GENERAL ,"{""NRO_TOTAL_PACIENTES_CAMAS"": ""466"", ""NRO_TOTAL_CAMAS_DISPONIB"": ""0""}",True,PENDIENTE_VALIDACION_NO_USAR_ENTRENAMIENTO
ConsultaD1_Hospitalizaciones_Especialidad_2018_v2.csv,1444,Q06,ERROR,Pacientes-día positivos con cero días-cama disponibles,2018,08,00005617,HOSPITAL SAN JUAN DE LURIGANCHO,HOSPITALIZACIÓN QUIRÚRGICA GINECOLOGÍA  ,"{""NRO_TOTAL_PACIENTES_CAMAS"": ""441"", ""NRO_TOTAL_CAMAS_DISPONIB"": ""0""}",True,PENDIENTE_VALIDACION_NO_USAR_ENTRENAMIENTO
ConsultaD1_Hospitalizaciones_Especialidad_2018_v2.csv,1445,Q06,ERROR,Pacientes-día positivos con cero días-cama disponibles,2018,08,00005617,HOSPITAL SAN JUAN DE LURIGANCHO,HOSPITALIZACIÓN DE PEDIATRÍA PEDIATRIA NEONATOLOGÍA,"{""NRO_TOTAL_PACIENTES_CAMAS"": ""99"", ""NRO_TOTAL_CAMAS_DISPONIB"": ""0""}",True,PENDIENTE_VALIDACION_NO_USAR_ENTRENAMIENTO
ConsultaD1_Hospitalizaciones_Especialidad_2018_v2.csv,1446,Q06,ERROR,Pacientes-día positivos con cero días-cama disponibles,2018,08,00005617,HOSPITAL SAN JUAN DE LURIGANCHO,HOSPITALIZACIÓN-PEDIATRÍA GENERAL-,"{""NRO_TOTAL_PACIENTES_CAMAS"": ""314"", ""NRO_TOTAL_CAMAS_DISPONIB"": ""0""}",True,PENDIENTE_VALIDACION_NO_USAR_ENTRENAMIENTO
ConsultaD1_Hospitalizaciones_Especialidad_2018_v2.csv,1447,Q06,ERROR,Pacientes-día positivos con cero días-cama disponibles,2018,08,00005617,HOSPITAL SAN JUAN DE LURIGANCHO,HOSPITALIZACIÓN DE MEDICINA MEDICINA GENERAL ,"{""NRO_TOTAL_PACIENTES_CAMAS"": ""552"", ""NRO_TOTAL_CAMAS_DISPONIB"": ""0""}",True,PENDIENTE_VALIDACION_NO_USAR_ENTRENAMIENTO
ConsultaD1_Hospitalizaciones_Especialidad_2018_v2.csv,8435,Q06,ERROR,Pacientes-día positivos con cero días-cama disponibles,2018,06,00023159,HOSPITAL DE EMERGENCIAS VILLA EL SALVADOR,UNIDAD DE CUIDADOS CRITICOS UNIDAD DE CUIDADOS INTERMEDIOS  (UCIN) PEDIÁTRICOS,"{""NRO_TOTAL_PACIENTES_CAMAS"": ""3"", ""NRO_TOTAL_CAMAS_DISPONIB"": ""0""}",True,PENDIENTE_VALIDACION_NO_USAR_ENTRENAMIENTO
ConsultaD1_Hospitalizaciones_Especialidad_2018_v2.csv,41309,Q06,ERROR,Pacientes-día positivos con cero días-cama disponibles,2018,12,00005617,HOSPITAL SAN JUAN DE LURIGANCHO,HOSPITALIZACIÓN QUIRÚRGICA OBSTETRICIA   ,"{""NRO_TOTAL_PACIENTES_CAMAS"": ""1016"", ""NRO_TOTAL_CAMAS_DISPONIB"": ""0""}",True,PENDIENTE_VALIDACION_NO_USAR_ENTRENAMIENTO
ConsultaD1_Hospitalizaciones_Especialidad_2018_v2.csv,41312,Q06,ERROR,Pacientes-día positivos con cero días-cama disponibles,2018,12,00005617,HOSPITAL SAN JUAN DE LURIGANCHO,HOSPITALIZACIÓN QUIRÚRGICA CIRUGÍA GENERAL ,"{""NRO_TOTAL_PACIENTES_CAMAS"": ""549"", ""NRO_TOTAL_CAMAS_DISPONIB"": ""0""}",True,PENDIENTE_VALIDACION_NO_USAR_ENTRENAMIENTO
ConsultaD1_Hospitalizaciones_Especialidad_2018_v2.csv,41313,Q06,ERROR,Pacientes-día positivos con cero días-cama disponibles,2018,12,00005617,HOSPITAL SAN JUAN DE LURIGANCHO,HOSPITALIZACIÓN QUIRÚRGICA GINECOLOGÍA  ,"{""NRO_TOTAL_PACIENTES_CAMAS"": ""236"", ""NRO_TOTAL_CAMAS_DISPONIB"": ""0""}",True,PENDIENTE_VALIDACION_NO_USAR_ENTRENAMIENTO
ConsultaD1_Hospitalizaciones_Especialidad_2018_v2.csv,41314,Q06,ERROR,Pacientes-día positivos con cero días-cama disponibles,2018,12,00005617,HOSPITAL SAN JUAN DE LURIGANCHO,HOSPITALIZACIÓN DE PEDIATRÍA PEDIATRIA NEONATOLOGÍA,"{""NRO_TOTAL_PACIENTES_CAMAS"": ""117"", ""NRO_TOTAL_CAMAS_DISPONIB"": ""0""}",True,PENDIENTE_VALIDACION_NO_USAR_ENTRENAMIENTO
ConsultaD1_Hospitalizaciones_Especialidad_2018_v2.csv,41315,Q06,ERROR,Pacientes-día positivos con cero días-cama disponibles,2018,12,00005617,HOSPITAL SAN JUAN DE LURIGANCHO,HOSPITALIZACIÓN-PEDIATRÍA GENERAL-,"{""NRO_TOTAL_PACIENTES_CAMAS"": ""351"", ""NRO_TOTAL_CAMAS_DISPONIB"": ""0""}",True,PENDIENTE_VALIDACION_NO_USAR_ENTRENAMIENTO
ConsultaD1_Hospitalizaciones_Especialidad_2018_v2.csv,41316,Q06,ERROR,Pacientes-día positivos con cero días-cama disponibles,2018,12,00005617,HOSPITAL SAN JUAN DE LURIGANCHO,HOSPITALIZACIÓN DE MEDICINA MEDICINA GENERAL ,"{""NRO_TOTAL_PACIENTES_CAMAS"": ""507"", ""NRO_TOTAL_CAMAS_DISPONIB"": ""0""}",True,PENDIENTE_VALIDACION_NO_USAR_ENTRENAMIENTO
ConsultaD1_Hospitalizaciones_Especialidad_2018_v2.csv,46795,Q06,ERROR,Pacientes-día positivos con cero días-cama disponibles,2018,02,00005617,HOSPITAL SAN JUAN DE LURIGANCHO,HOSPITALIZACIÓN QUIRÚRGICA OBSTETRICIA   ,"{""NRO_TOTAL_PACIENTES_CAMAS"": ""1064"", ""NRO_TOTAL_CAMAS_DISPONIB"": ""0""}",True,PENDIENTE_VALIDACION_NO_USAR_ENTRENAMIENTO
ConsultaD1_Hospitalizaciones_Especialidad_2018_v2.csv,46796,Q06,ERROR,Pacientes-día positivos con cero días-cama disponibles,2018,02,00005617,HOSPITAL SAN JUAN DE LURIGANCHO,HOSPITALIZACIÓN QUIRÚRGICA CIRUGÍA GENERAL ,"{""NRO_TOTAL_PACIENTES_CAMAS"": ""431"", ""NRO_TOTAL_CAMAS_DISPONIB"": ""0""}",True,PENDIENTE_VALIDACION_NO_USAR_ENTRENAMIENTO
ConsultaD1_Hospitalizaciones_Especialidad_2018_v2.csv,46797,Q06,ERROR,Pacientes-día positivos con cero días-cama disponibles,2018,02,00005617,HOSPITAL SAN JUAN DE LURIGANCHO,HOSPITALIZACIÓN QUIRÚRGICA GINECOLOGÍA  ,"{""NRO_TOTAL_PACIENTES_CAMAS"": ""180"", ""NRO_TOTAL_CAMAS_DISPONIB"": ""0""}",True,PENDIENTE_VALIDACION_NO_USAR_ENTRENAMIENTO
ConsultaD1_Hospitalizaciones_Especialidad_2018_v2.csv,46798,Q06,ERROR,Pacientes-día positivos con cero días-cama disponibles,2018,02,00005617,HOSPITAL SAN JUAN DE LURIGANCHO,HOSPITALIZACIÓN DE PEDIATRÍA PEDIATRIA NEONATOLOGÍA,"{""NRO_TOTAL_PACIENTES_CAMAS"": ""87"", ""NRO_TOTAL_CAMAS_DISPONIB"": ""0""}",True,PENDIENTE_VALIDACION_NO_USAR_ENTRENAMIENTO
ConsultaD1_Hospitalizaciones_Especialidad_2018_v2.csv,46799,Q06,ERROR,Pacientes-día positivos con cero días-cama disponibles,2018,02,00005617,HOSPITAL SAN JUAN DE LURIGANCHO,HOSPITALIZACIÓN-PEDIATRÍA GENERAL-,"{""NRO_TOTAL_PACIENTES_CAMAS"": ""339"", ""NRO_TOTAL_CAMAS_DISPONIB"": ""0""}",True,PENDIENTE_VALIDACION_NO_USAR_ENTRENAMIENTO
ConsultaD1_Hospitalizaciones_Especialidad_2018_v2.csv,46800,Q06,ERROR,Pacientes-día positivos con cero días-cama disponibles,2018,02,00005617,HOSPITAL SAN JUAN DE LURIGANCHO,HOSPITALIZACIÓN DE MEDICINA MEDICINA GENERAL ,"{""NRO_TOTAL_PACIENTES_CAMAS"": ""218"", ""NRO_TOTAL_CAMAS_DISPONIB"": ""0""}",True,PENDIENTE_VALIDACION_NO_USAR_ENTRENAMIENTO
ConsultaD1_Hospitalizaciones_Especialidad_2018_v2.csv,46801,Q06,ERROR,Pacientes-día positivos con cero días-cama disponibles,2018,02,00005617,HOSPITAL SAN JUAN DE LURIGANCHO,HOSPITALIZACIÓN DE PEDIATRÍA PEDIATRIA NEONATOLOGÍA,"{""NRO_TOTAL_PACIENTES_CAMAS"": ""22"", ""NRO_TOTAL_CAMAS_DISPONIB"": ""0""}",True,PENDIENTE_VALIDACION_NO_USAR_ENTRENAMIENTO
ConsultaD1_Hospitalizaciones_Especialidad_2018_v2.csv,50589,Q06,ERROR,Pacientes-día positivos con cero días-cama disponibles,2018,06,00005617,HOSPITAL SAN JUAN DE LURIGANCHO,HOSPITALIZACIÓN QUIRÚRGICA OBSTETRICIA   ,"{""NRO_TOTAL_PACIENTES_CAMAS"": ""932"", ""NRO_TOTAL_CAMAS_DISPONIB"": ""0""}",True,PENDIENTE_VALIDACION_NO_USAR_ENTRENAMIENTO
ConsultaD1_Hospitalizaciones_Especialidad_2018_v2.csv,50590,Q06,ERROR,Pacientes-día positivos con cero días-cama disponibles,2018,06,00005617,HOSPITAL SAN JUAN DE LURIGANCHO,HOSPITALIZACIÓN QUIRÚRGICA CIRUGÍA GENERAL ,"{""NRO_TOTAL_PACIENTES_CAMAS"": ""521"", ""NRO_TOTAL_CAMAS_DISPONIB"": ""0""}",True,PENDIENTE_VALIDACION_NO_USAR_ENTRENAMIENTO
ConsultaD1_Hospitalizaciones_Especialidad_2018_v2.csv,50591,Q06,ERROR,Pacientes-día positivos con cero días-cama disponibles,2018,06,00005617,HOSPITAL SAN JUAN DE LURIGANCHO,HOSPITALIZACIÓN QUIRÚRGICA GINECOLOGÍA  ,"{""NRO_TOTAL_PACIENTES_CAMAS"": ""189"", ""NRO_TOTAL_CAMAS_DISPONIB"": ""0""}",True,PENDIENTE_VALIDACION_NO_USAR_ENTRENAMIENTO
ConsultaD1_Hospitalizaciones_Especialidad_2018_v2.csv,50592,Q06,ERROR,Pacientes-día positivos con cero días-cama disponibles,2018,06,00005617,HOSPITAL SAN JUAN DE LURIGANCHO,HOSPITALIZACIÓN DE PEDIATRÍA PEDIATRIA NEONATOLOGÍA,"{""NRO_TOTAL_PACIENTES_CAMAS"": ""76"", ""NRO_TOTAL_CAMAS_DISPONIB"": ""0""}",True,PENDIENTE_VALIDACION_NO_USAR_ENTRENAMIENTO
ConsultaD1_Hospitalizaciones_Especialidad_2018_v2.csv,50593,Q06,ERROR,Pacientes-día positivos con cero días-cama disponibles,2018,06,00005617,HOSPITAL SAN JUAN DE LURIGANCHO,HOSPITALIZACIÓN-PEDIATRÍA GENERAL-,"{""NRO_TOTAL_PACIENTES_CAMAS"": ""414"", ""NRO_TOTAL_CAMAS_DISPONIB"": ""0""}",True,PENDIENTE_VALIDACION_NO_USAR_ENTRENAMIENTO
ConsultaD1_Hospitalizaciones_Especialidad_2018_v2.csv,50594,Q06,ERROR,Pacientes-día positivos con cero días-cama disponibles,2018,06,00005617,HOSPITAL SAN JUAN DE LURIGANCHO,HOSPITALIZACIÓN DE MEDICINA MEDICINA GENERAL ,"{""NRO_TOTAL_PACIENTES_CAMAS"": ""568"", ""NRO_TOTAL_CAMAS_DISPONIB"": ""0""}",True,PENDIENTE_VALIDACION_NO_USAR_ENTRENAMIENTO
ConsultaD1_Hospitalizaciones_Especialidad_2018_v2.csv,50595,Q06,ERROR,Pacientes-día positivos con cero días-cama disponibles,2018,06,00005617,HOSPITAL SAN JUAN DE LURIGANCHO,HOSPITALIZACIÓN DE PEDIATRÍA PEDIATRIA NEONATOLOGÍA,"{""NRO_TOTAL_PACIENTES_CAMAS"": ""13"", ""NRO_TOTAL_CAMAS_DISPONIB"": ""0""}",True,PENDIENTE_VALIDACION_NO_USAR_ENTRENAMIENTO
ConsultaD1_Hospitalizaciones_Especialidad_2018_v2.csv,51210,Q06,ERROR,Pacientes-día positivos con cero días-cama disponibles,2018,07,00005617,HOSPITAL SAN JUAN DE LURIGANCHO,HOSPITALIZACIÓN QUIRÚRGICA OBSTETRICIA   ,"{""NRO_TOTAL_PACIENTES_CAMAS"": ""1168"", ""NRO_TOTAL_CAMAS_DISPONIB"": ""0""}",True,PENDIENTE_VALIDACION_NO_USAR_ENTRENAMIENTO
ConsultaD1_Hospitalizaciones_Especialidad_2018_v2.csv,51211,Q06,ERROR,Pacientes-día positivos con cero días-cama disponibles,2018,07,00005617,HOSPITAL SAN JUAN DE LURIGANCHO,HOSPITALIZACIÓN QUIRÚRGICA CIRUGÍA GENERAL ,"{""NRO_TOTAL_PACIENTES_CAMAS"": ""543"", ""NRO_TOTAL_CAMAS_DISPONIB"": ""0""}",True,PENDIENTE_VALIDACION_NO_USAR_ENTRENAMIENTO
ConsultaD1_Hospitalizaciones_Especialidad_2018_v2.csv,51212,Q06,ERROR,Pacientes-día positivos con cero días-cama disponibles,2018,07,00005617,HOSPITAL SAN JUAN DE LURIGANCHO,HOSPITALIZACIÓN QUIRÚRGICA GINECOLOGÍA  ,"{""NRO_TOTAL_PACIENTES_CAMAS"": ""218"", ""NRO_TOTAL_CAMAS_DISPONIB"": ""0""}",True,PENDIENTE_VALIDACION_NO_USAR_ENTRENAMIENTO
ConsultaD1_Hospitalizaciones_Especialidad_2018_v2.csv,51213,Q06,ERROR,Pacientes-día positivos con cero días-cama disponibles,2018,07,00005617,HOSPITAL SAN JUAN DE LURIGANCHO,HOSPITALIZACIÓN DE PEDIATRÍA PEDIATRIA NEONATOLOGÍA,"{""NRO_TOTAL_PACIENTES_CAMAS"": ""35"", ""NRO_TOTAL_CAMAS_DISPONIB"": ""0""}",True,PENDIENTE_VALIDACION_NO_USAR_ENTRENAMIENTO
ConsultaD1_Hospitalizaciones_Especialidad_2018_v2.csv,51214,Q06,ERROR,Pacientes-día positivos con cero días-cama disponibles,2018,07,00005617,HOSPITAL SAN JUAN DE LURIGANCHO,HOSPITALIZACIÓN-PEDIATRÍA GENERAL-,"{""NRO_TOTAL_PACIENTES_CAMAS"": ""295"", ""NRO_TOTAL_CAMAS_DISPONIB"": ""0""}",True,PENDIENTE_VALIDACION_NO_USAR_ENTRENAMIENTO
ConsultaD1_Hospitalizaciones_Especialidad_2018_v2.csv,51215,Q06,ERROR,Pacientes-día positivos con cero días-cama disponibles,2018,07,00005617,HOSPITAL SAN JUAN DE LURIGANCHO,HOSPITALIZACIÓN DE MEDICINA MEDICINA GENERAL ,"{""NRO_TOTAL_PACIENTES_CAMAS"": ""425"", ""NRO_TOTAL_CAMAS_DISPONIB"": ""0""}",True,PENDIENTE_VALIDACION_NO_USAR_ENTRENAMIENTO
ConsultaD1_Hospitalizaciones_Especialidad_2018_v2.csv,51216,Q06,ERROR,Pacientes-día positivos con cero días-cama disponibles,2018,10,00005617,HOSPITAL SAN JUAN DE LURIGANCHO,HOSPITALIZACIÓN QUIRÚRGICA OBSTETRICIA   ,"{""NRO_TOTAL_PACIENTES_CAMAS"": ""1127"", ""NRO_TOTAL_CAMAS_DISPONIB"": ""0""}",True,PENDIENTE_VALIDACION_NO_USAR_ENTRENAMIENTO
ConsultaD1_Hospitalizaciones_Especialidad_2018_v2.csv,51217,Q06,ERROR,Pacientes-día positivos con cero días-cama disponibles,2018,10,00005617,HOSPITAL SAN JUAN DE LURIGANCHO,HOSPITALIZACIÓN QUIRÚRGICA CIRUGÍA GENERAL ,"{""NRO_TOTAL_PACIENTES_CAMAS"": ""581"", ""NRO_TOTAL_CAMAS_DISPONIB"": ""0""}",True,PENDIENTE_VALIDACION_NO_USAR_ENTRENAMIENTO
ConsultaD1_Hospitalizaciones_Especialidad_2018_v2.csv,51218,Q06,ERROR,Pacientes-día positivos con cero días-cama disponibles,2018,10,00005617,HOSPITAL SAN JUAN DE LURIGANCHO,HOSPITALIZACIÓN QUIRÚRGICA GINECOLOGÍA  ,"{""NRO_TOTAL_PACIENTES_CAMAS"": ""189"", ""NRO_TOTAL_CAMAS_DISPONIB"": ""0""}",True,PENDIENTE_VALIDACION_NO_USAR_ENTRENAMIENTO
ConsultaD1_Hospitalizaciones_Especialidad_2018_v2.csv,51219,Q06,ERROR,Pacientes-día positivos con cero días-cama disponibles,2018,10,00005617,HOSPITAL SAN JUAN DE LURIGANCHO,HOSPITALIZACIÓN DE PEDIATRÍA PEDIATRIA NEONATOLOGÍA,"{""NRO_TOTAL_PACIENTES_CAMAS"": ""63"", ""NRO_TOTAL_CAMAS_DISPONIB"": ""0""}",True,PENDIENTE_VALIDACION_NO_USAR_ENTRENAMIENTO
ConsultaD1_Hospitalizaciones_Especialidad_2018_v2.csv,51220,Q06,ERROR,Pacientes-día positivos con cero días-cama disponibles,2018,10,00005617,HOSPITAL SAN JUAN DE LURIGANCHO,HOSPITALIZACIÓN-PEDIATRÍA GENERAL-,"{""NRO_TOTAL_PACIENTES_CAMAS"": ""541"", ""NRO_TOTAL_CAMAS_DISPONIB"": ""0""}",True,PENDIENTE_VALIDACION_NO_USAR_ENTRENAMIENTO
ConsultaD1_Hospitalizaciones_Especialidad_2018_v2.csv,51221,Q06,ERROR,Pacientes-día positivos con cero días-cama disponibles,2018,10,00005617,HOSPITAL SAN JUAN DE LURIGANCHO,HOSPITALIZACIÓN DE MEDICINA MEDICINA GENERAL ,"{""NRO_TOTAL_PACIENTES_CAMAS"": ""504"", ""NRO_TOTAL_CAMAS_DISPONIB"": ""0""}",True,PENDIENTE_VALIDACION_NO_USAR_ENTRENAMIENTO
ConsultaD1_Hospitalizaciones_Especialidad_2018_v2.csv,52735,Q06,ERROR,Pacientes-día positivos con cero días-cama disponibles,2018,09,00005617,HOSPITAL SAN JUAN DE LURIGANCHO,HOSPITALIZACIÓN QUIRÚRGICA OBSTETRICIA   ,"{""NRO_TOTAL_PACIENTES_CAMAS"": ""1104"", ""NRO_TOTAL_CAMAS_DISPONIB"": ""0""}",True,PENDIENTE_VALIDACION_NO_USAR_ENTRENAMIENTO
ConsultaD1_Hospitalizaciones_Especialidad_2018_v2.csv,52736,Q06,ERROR,Pacientes-día positivos con cero días-cama disponibles,2018,09,00005617,HOSPITAL SAN JUAN DE LURIGANCHO,HOSPITALIZACIÓN QUIRÚRGICA CIRUGÍA GENERAL ,"{""NRO_TOTAL_PACIENTES_CAMAS"": ""516"", ""NRO_TOTAL_CAMAS_DISPONIB"": ""0""}",True,PENDIENTE_VALIDACION_NO_USAR_ENTRENAMIENTO
ConsultaD1_Hospitalizaciones_Especialidad_2018_v2.csv,52737,Q06,ERROR,Pacientes-día positivos con cero días-cama disponibles,2018,09,00005617,HOSPITAL SAN JUAN DE LURIGANCHO,HOSPITALIZACIÓN QUIRÚRGICA GINECOLOGÍA  ,"{""NRO_TOTAL_PACIENTES_CAMAS"": ""185"", ""NRO_TOTAL_CAMAS_DISPONIB"": ""0""}",True,PENDIENTE_VALIDACION_NO_USAR_ENTRENAMIENTO
ConsultaD1_Hospitalizaciones_Especialidad_2018_v2.csv,52738,Q06,ERROR,Pacientes-día positivos con cero días-cama disponibles,2018,09,00005617,HOSPITAL SAN JUAN DE LURIGANCHO,HOSPITALIZACIÓN DE PEDIATRÍA PEDIATRIA NEONATOLOGÍA,"{""NRO_TOTAL_PACIENTES_CAMAS"": ""107"", ""NRO_TOTAL_CAMAS_DISPONIB"": ""0""}",True,PENDIENTE_VALIDACION_NO_USAR_ENTRENAMIENTO
ConsultaD1_Hospitalizaciones_Especialidad_2018_v2.csv,52739,Q06,ERROR,Pacientes-día positivos con cero días-cama disponibles,2018,09,00005617,HOSPITAL SAN JUAN DE LURIGANCHO,HOSPITALIZACIÓN-PEDIATRÍA GENERAL-,"{""NRO_TOTAL_PACIENTES_CAMAS"": ""429"", ""NRO_TOTAL_CAMAS_DISPONIB"": ""0""}",True,PENDIENTE_VALIDACION_NO_USAR_ENTRENAMIENTO
ConsultaD1_Hospitalizaciones_Especialidad_2018_v2.csv,52740,Q06,ERROR,Pacientes-día positivos con cero días-cama disponibles,2018,09,00005617,HOSPITAL SAN JUAN DE LURIGANCHO,HOSPITALIZACIÓN DE MEDICINA MEDICINA GENERAL ,"{""NRO_TOTAL_PACIENTES_CAMAS"": ""383"", ""NRO_TOTAL_CAMAS_DISPONIB"": ""0""}",True,PENDIENTE_VALIDACION_NO_USAR_ENTRENAMIENTO
ConsultaD1_Hospitalizaciones_Especialidad_2018_v2.csv,52741,Q06,ERROR,Pacientes-día positivos con cero días-cama disponibles,2018,09,00005617,HOSPITAL SAN JUAN DE LURIGANCHO,HOSPITALIZACIÓN DE PEDIATRÍA PEDIATRIA NEONATOLOGÍA,"{""NRO_TOTAL_PACIENTES_CAMAS"": ""2"", ""NRO_TOTAL_CAMAS_DISPONIB"": ""0""}",True,PENDIENTE_VALIDACION_NO_USAR_ENTRENAMIENTO
ConsultaD1_Hospitalizaciones_Especialidad_2018_v2.csv,53253,Q06,ERROR,Pacientes-día positivos con cero días-cama disponibles,2018,12,00008318,ESSALUD - HOSPITAL I JORGE VOTO BERNALES CORPANCHO,HOSPITALIZACIÓN QUIRÚRGICA CIRUGÍA PLÁSTICA/RECONSTRUCTIVA/ REPARADORA QUEMADOS,"{""NRO_TOTAL_PACIENTES_CAMAS"": ""59"", ""NRO_TOTAL_CAMAS_DISPONIB"": ""0""}",True,PENDIENTE_VALIDACION_NO_USAR_ENTRENAMIENTO
